0.000000 0.000000 1.000000 0.100000 0.000000
0.050847 0.000000 1.356753 0.000000 0.000000
0.101695 0.000000 1.137609 0.000000 0.000000
0.152542 0.000000 1.204234 0.000000 0.000000
0.203390 0.000000 1.153110 0.000000 0.000000
0.254237 0.000000 1.162363 0.000000 0.000000
0.305085 0.000000 1.151202 0.000000 0.000000
0.355932 0.000000 1.150743 0.000000 0.000000
0.406780 0.000000 1.147369 0.000000 0.000000
0.457627 0.000000 1.145928 0.000000 0.000000
0.508475 0.000000 1.144493 0.000000 0.000000
0.559322 0.000000 1.143755 0.000000 0.000000
0.610169 0.000000 1.143492 0.000000 0.000000
0.661017 0.000000 1.143776 0.000000 0.000000
0.711864 0.000000 1.144481 0.000000 0.000000
0.762712 0.000000 1.145574 0.000000 0.000000
0.813559 0.000000 1.146524 0.000000 0.000000
0.864407 0.000000 1.147646 0.000000 0.000000
0.915254 0.000000 1.145246 0.000000 0.000000
0.966102 0.000000 1.000000 0.000000 0.000000
1.016949 0.000000
1.067797 0.000000
1.118644 0.000000
1.169492 0.000000
1.220339 0.000000
1.271186 0.000000
1.322034 0.000000
1.372881 0.000000
1.423729 0.000000
1.474576 0.000000
1.525424 0.000000
1.576271 0.000000
1.627119 0.000000
1.677966 0.000000
1.728814 0.000000
1.779661 0.000000
1.830508 0.000000
1.881356 0.000000
1.932203 0.000000
1.983051 0.000000
2.033898 0.000000 1.000103 0.000000 0.000000
2.084746 0.000000 1.000107 -0.000012 -0.000226
2.135593 0.000000 1.000099 -0.000019 -0.000426
2.186441 0.000000 1.000089 -0.000022 -0.000600
2.237288 0.000000 1.000078 -0.000022 -0.000746
2.288136 0.000000 1.000070 -0.000018 -0.000867
2.338983 0.000000 1.000063 -0.000013 -0.000962
2.389831 0.000000 1.000060 -0.000005 -0.001032
2.440678 0.000000 1.000061 0.000004 -0.001078
2.491525 0.000000 1.000065 0.000013 -0.001101
2.542373 0.000000 1.000072 0.000022 -0.001100
2.593220 0.000000 1.000081 0.000030 -0.001076
2.644068 0.000000 1.000093 0.000036 -0.001030
2.694915 0.000000 1.000107 0.000041 -0.000960
2.745763 0.000000 1.000122 0.000043 -0.000867
2.796610 0.000000 1.000137 0.000042 -0.000749
2.847458 0.000000 1.000152 0.000038 -0.000604
2.898305 0.000000 1.000165 0.000030 -0.000432
2.949153 0.000000 1.000174 0.000018 -0.000230
3.000000 0.000000 1.000170 0.000000 0.000000

0.000000 0.050847 1.000000 0.100000 0.000000
0.050847 0.050847 1.572686 0.047838 0.009087
0.101695 0.050847 1.213516 0.056030 0.006888
0.152542 0.050847 1.296216 0.040163 0.005890
0.203390 0.050847 1.203529 0.036883 0.004053
0.254237 0.050847 1.205650 0.029546 0.002945
0.305085 0.050847 1.177922 0.025470 0.002019
0.355932 0.050847 1.170788 0.021130 0.001394
0.406780 0.050847 1.160723 0.017804 0.000930
0.457627 0.050847 1.155738 0.014756 0.000584
0.508475 0.050847 1.151636 0.012141 0.000313
0.559322 0.050847 1.149268 0.009804 0.000087
0.610169 0.050847 1.147827 0.007747 -0.000112
0.661017 0.050847 1.147176 0.005942 -0.000298
0.711864 0.050847 1.147154 0.004402 -0.000475
0.762712 0.050847 1.147256 0.003117 -0.000652
0.813559 0.050847 1.147939 0.002128 -0.000792
0.864407 0.050847 1.147371 0.001346 -0.000900
0.915254 0.050847 1.148238 0.000789 -0.000797
0.966102 0.050847 1.144898 0.000000 0.000000
1.016949 0.050847
1.067797 0.050847
1.118644 0.050847
1.169492 0.050847
1.220339 0.050847
1.271186 0.050847
1.322034 0.050847
1.372881 0.050847
1.423729 0.050847
1.474576 0.050847
1.525424 0.050847
1.576271 0.050847
1.627119 0.050847
1.677966 0.050847
1.728814 0.050847
1.779661 0.050847
1.830508 0.050847
1.881356 0.050847
1.932203 0.050847
1.983051 0.050847
2.033898 0.050847 1.000103 0.000000 0.000000
2.084746 0.050847 1.000107 -0.000012 -0.000226
2.135593 0.050847 1.000099 -0.000019 -0.000426
2.186441 0.050847 1.000089 -0.000022 -0.000600
2.237288 0.050847 1.000078 -0.000022 -0.000746
2.288136 0.050847 1.000070 -0.000018 -0.000867
2.338983 0.050847 1.000063 -0.000013 -0.000962
2.389831 0.050847 1.000060 -0.000005 -0.001032
2.440678 0.050847 1.000061 0.000004 -0.001078
2.491525 0.050847 1.000065 0.000013 -0.001101
2.542373 0.050847 1.000072 0.000022 -0.001100
2.593220 0.050847 1.000081 0.000030 -0.001076
2.644068 0.050847 1.000093 0.000036 -0.001030
2.694915 0.050847 1.000107 0.000041 -0.000960
2.745763 0.050847 1.000122 0.000043 -0.000867
2.796610 0.050847 1.000137 0.000042 -0.000749
2.847458 0.050847 1.000152 0.000038 -0.000604
2.898305 0.050847 1.000165 0.000030 -0.000432
2.949153 0.050847 1.000174 0.000018 -0.000230
3.000000 0.050847 1.000170 0.000000 0.000000

0.000000 0.101695 1.000000 0.100000 0.000000
0.050847 0.101695 1.359516 0.067361 0.022719
0.101695 0.101695 1.160208 0.074418 0.017559
0.152542 0.101695 1.219369 0.061310 0.016416
0.203390 0.101695 1.171716 0.056690 0.011900
0.254237 0.101695 1.177535 0.048573 0.009520
0.305085 0.101695 1.164826 0.042729 0.007151
0.355932 0.101695 1.162658 0.036736 0.005637
0.406780 0.101695 1.157917 0.031574 0.004405
0.457627 0.101695 1.155421 0.026744 0.003493
0.508475 0.101695 1.153035 0.022370 0.002739
0.559322 0.101695 1.151478 0.018354 0.002096
0.610169 0.101695 1.150408 0.014712 0.001506
0.661017 0.101695 1.149927 0.011447 0.000938
0.711864 0.101695 1.149780 0.008572 0.000379
0.762712 0.101695 1.150204 0.006129 -0.000185
0.813559 0.101695 1.150267 0.004091 -0.000684
0.864407 0.101695 1.151362 0.002502 -0.001082
0.915254 0.101695 1.150367 0.001178 -0.000990
0.966102 0.101695 1.151528 0.000000 0.000000
1.016949 0.101695
1.067797 0.101695
1.118644 0.101695
1.169492 0.101695
1.220339 0.101695
1.271186 0.101695
1.322034 0.101695
1.372881 0.101695
1.423729 0.101695
1.474576 0.101695
1.525424 0.101695
1.576271 0.101695
1.627119 0.101695
1.677966 0.101695
1.728814 0.101695
1.779661 0.101695
1.830508 0.101695
1.881356 0.101695
1.932203 0.101695
1.983051 0.101695
2.033898 0.101695 1.000175 0.000000 0.000000
2.084746 0.101695 1.000198 -0.000019 -0.000238
2.135593 0.101695 1.000209 -0.000029 -0.000445
2.186441 0.101695 1.000217 -0.000033 -0.000623
2.237288 0.101695 1.000223 -0.000031 -0.000774
2.288136 0.101695 1.000227 -0.000026 -0.000897
2.338983 0.101695 1.000232 -0.000018 -0.000994
2.389831 0.101695 1.000236 -0.000008 -0.001066
2.440678 0.101695 1.000242 0.000003 -0.001113
2.491525 0.101695 1.000248 0.000015 -0.001136
2.542373 0.101695 1.000255 0.000027 -0.001136
2.593220 0.101695 1.000262 0.000037 -0.001111
2.644068 0.101695 1.000269 0.000046 -0.001064
2.694915 0.101695 1.000275 0.000052 -0.000993
2.745763 0.101695 1.000280 0.000055 -0.000898
2.796610 0.101695 1.000284 0.000055 -0.000777
2.847458 0.101695 1.000285 0.000050 -0.000630
2.898305 0.101695 1.000281 0.000041 -0.000453
2.949153 0.101695 1.000271 0.000026 -0.000244
3.000000 0.101695 1.000245 0.000000 0.000000

0.000000 0.152542 1.000000 0.100000 0.000000
0.050847 0.152542 1.382113 0.073146 0.019587
0.101695 0.152542 1.191048 0.083729 0.020365
0.152542 0.152542 1.252603 0.073858 0.020771
0.203390 0.152542 1.201368 0.070639 0.017714
0.254237 0.152542 1.201241 0.062935 0.015403
0.305085 0.152542 1.183053 0.056565 0.012916
0.355932 0.152542 1.175858 0.049612 0.010987
0.406780 0.152542 1.167459 0.043190 0.009306
0.457627 0.152542 1.162279 0.036998 0.007915
0.508475 0.152542 1.158114 0.031229 0.006689
0.559322 0.152542 1.155365 0.025847 0.005577
0.610169 0.152542 1.153512 0.020896 0.004518
0.661017 0.152542 1.152468 0.016395 0.003472
0.711864 0.152542 1.151982 0.012374 0.002421
0.762712 0.152542 1.152009 0.008867 0.001370
0.813559 0.152542 1.152298 0.005882 0.000379
0.864407 0.152542 1.152900 0.003432 -0.000410
0.915254 0.152542 1.153599 0.001466 -0.000720
0.966102 0.152542 1.154736 0.000000 0.000000
1.016949 0.152542
1.067797 0.152542
1.118644 0.152542
1.169492 0.152542
1.220339 0.152542
1.271186 0.152542
1.322034 0.152542
1.372881 0.152542
1.423729 0.152542
1.474576 0.152542
1.525424 0.152542
1.576271 0.152542
1.627119 0.152542
1.677966 0.152542
1.728814 0.152542
1.779661 0.152542
1.830508 0.152542
1.881356 0.152542
1.932203 0.152542
1.983051 0.152542
2.033898 0.152542 1.000248 0.000000 0.000000
2.084746 0.152542 1.000274 -0.000027 -0.000252
2.135593 0.152542 1.000295 -0.000041 -0.000469
2.186441 0.152542 1.000311 -0.000047 -0.000654
2.237288 0.152542 1.000325 -0.000045 -0.000810
2.288136 0.152542 1.000338 -0.000037 -0.000938
2.338983 0.152542 1.000349 -0.000026 -0.001039
2.389831 0.152542 1.000358 -0.000011 -0.001113
2.440678 0.152542 1.000367 0.000005 -0.001162
2.491525 0.152542 1.000376 0.000021 -0.001185
2.542373 0.152542 1.000383 0.000036 -0.001185
2.593220 0.152542 1.000389 0.000050 -0.001160
2.644068 0.152542 1.000393 0.000062 -0.001111
2.694915 0.152542 1.000396 0.000070 -0.001038
2.745763 0.152542 1.000396 0.000074 -0.000940
2.796610 0.152542 1.000394 0.000074 -0.000816
2.847458 0.152542 1.000387 0.000069 -0.000663
2.898305 0.152542 1.000375 0.000056 -0.000479
2.949153 0.152542 1.000357 0.000035 -0.000260
3.000000 0.152542 1.000327 0.000000 0.000000

0.000000 0.203390 1.000000 0.100000 0.000000
0.050847 0.203390 1.307770 0.076758 0.020336
0.101695 0.203390 1.164063 0.086505 0.023705
0.152542 0.203390 1.213708 0.079454 0.026148
0.203390 0.203390 1.179383 0.077154 0.024163
0.254237 0.203390 1.182153 0.070683 0.022200
0.305085 0.203390 1.171726 0.064671 0.019633
0.355932 0.203390 1.168419 0.057823 0.017395
0.406780 0.203390 1.163734 0.051096 0.015307
0.457627 0.203390 1.160751 0.044382 0.013466
0.508475 0.203390 1.158114 0.037902 0.011771
0.559322 0.203390 1.156244 0.031702 0.010175
0.610169 0.203390 1.154896 0.025865 0.008612
0.661017 0.203390 1.154152 0.020456 0.007038
0.711864 0.203390 1.153793 0.015530 0.005433
0.762712 0.203390 1.154078 0.011158 0.003804
0.813559 0.203390 1.154341 0.007359 0.002230
0.864407 0.203390 1.155608 0.004219 0.000846
0.915254 0.203390 1.156132 0.001721 -0.000039
0.966102 0.203390 1.158411 0.000000 0.000000
1.016949 0.203390
1.067797 0.203390
1.118644 0.203390
1.169492 0.203390
1.220339 0.203390
1.271186 0.203390
1.322034 0.203390
1.372881 0.203390
1.423729 0.203390
1.474576 0.203390
1.525424 0.203390
1.576271 0.203390
1.627119 0.203390
1.677966 0.203390
1.728814 0.203390
1.779661 0.203390
1.830508 0.203390
1.881356 0.203390
1.932203 0.203390
1.983051 0.203390
2.033898 0.203390 1.000331 0.000000 0.000000
2.084746 0.203390 1.000365 -0.000035 -0.000270
2.135593 0.203390 1.000395 -0.000055 -0.000501
2.186441 0.203390 1.000422 -0.000062 -0.000698
2.237288 0.203390 1.000446 -0.000059 -0.000863
2.288136 0.203390 1.000467 -0.000049 -0.000998
2.338983 0.203390 1.000485 -0.000033 -0.001104
2.389831 0.203390 1.000500 -0.000013 -0.001182
2.440678 0.203390 1.000513 0.000009 -0.001232
2.491525 0.203390 1.000524 0.000030 -0.001257
2.542373 0.203390 1.000531 0.000051 -0.001256
2.593220 0.203390 1.000536 0.000069 -0.001229
2.644068 0.203390 1.000538 0.000084 -0.001178
2.694915 0.203390 1.000537 0.000095 -0.001102
2.745763 0.203390 1.000532 0.000100 -0.000999
2.796610 0.203390 1.000523 0.000100 -0.000869
2.847458 0.203390 1.000509 0.000092 -0.000709
2.898305 0.203390 1.000488 0.000074 -0.000514
2.949153 0.203390 1.000462 0.000045 -0.000280
3.000000 0.203390 1.000424 0.000000 0.000000

0.000000 0.254237 1.000000 0.100000 0.000000
0.050847 0.254237 1.295499 0.077547 0.017544
0.101695 0.254237 1.169175 0.087151 0.023489
0.152542 0.254237 1.216156 0.081887 0.027560
0.203390 0.254237 1.186908 0.080718 0.027562
0.254237 0.254237 1.188290 0.075508 0.026766
0.305085 0.254237 1.177902 0.070178 0.025025
0.355932 0.254237 1.173187 0.063703 0.023169
0.406780 0.254237 1.167585 0.056971 0.021208
0.457627 0.254237 1.163678 0.050008 0.019282
0.508475 0.254237 1.160437 0.043086 0.017362
0.559322 0.254237 1.158138 0.036318 0.015431
0.610169 0.254237 1.156530 0.029832 0.013448
0.661017 0.254237 1.155627 0.023728 0.011383
0.711864 0.254237 1.155214 0.018089 0.009224
0.762712 0.254237 1.155471 0.013012 0.006991
0.813559 0.254237 1.155938 0.008556 0.004752
0.864407 0.254237 1.157282 0.004834 0.002659
0.915254 0.254237 1.158490 0.001913 0.000942
0.966102 0.254237 1.161108 0.000000 0.000000
1.016949 0.254237
1.067797 0.254237
1.118644 0.254237
1.169492 0.254237
1.220339 0.254237
1.271186 0.254237
1.322034 0.254237
1.372881 0.254237
1.423729 0.254237
1.474576 0.254237
1.525424 0.254237
1.576271 0.254237
1.627119 0.254237
1.677966 0.254237
1.728814 0.254237
1.779661 0.254237
1.830508 0.254237
1.881356 0.254237
1.932203 0.254237
1.983051 0.254237
2.033898 0.254237 1.000420 0.000000 0.000000
2.084746 0.254237 1.000462 -0.000044 -0.000292
2.135593 0.254237 1.000501 -0.000069 -0.000541
2.186441 0.254237 1.000537 -0.000078 -0.000753
2.237288 0.254237 1.000569 -0.000073 -0.000930
2.288136 0.254237 1.000598 -0.000059 -0.001075
2.338983 0.254237 1.000624 -0.000037 -0.001188
2.389831 0.254237 1.000645 -0.000011 -0.001271
2.440678 0.254237 1.000661 0.000017 -0.001324
2.491525 0.254237 1.000674 0.000045 -0.001349
2.542373 0.254237 1.000682 0.000072 -0.001347
2.593220 0.254237 1.000687 0.000095 -0.001319
2.644068 0.254237 1.000686 0.000113 -0.001264
2.694915 0.254237 1.000682 0.000125 -0.001183
2.745763 0.254237 1.000672 0.000131 -0.001074
2.796610 0.254237 1.000658 0.000129 -0.000936
2.847458 0.254237 1.000638 0.000118 -0.000764
2.898305 0.254237 1.000611 0.000095 -0.000556
2.949153 0.254237 1.000578 0.000057 -0.000304
3.000000 0.254237 1.000533 0.000000 0.000000

0.000000 0.305085 1.000000 0.100000 0.000000
0.050847 0.305085 1.268044 0.078302 0.016293
0.101695 0.305085 1.158348 0.087000 0.023694
0.152542 0.305085 1.199645 0.082672 0.029195
0.203390 0.305085 1.176714 0.081989 0.030860
0.254237 0.305085 1.178990 0.077692 0.031251
0.305085 0.305085 1.171728 0.072988 0.030384
0.355932 0.305085 1.168754 0.067024 0.029027
0.406780 0.305085 1.164921 0.060550 0.027308
0.457627 0.305085 1.162195 0.053653 0.025410
0.508475 0.305085 1.159844 0.046611 0.023361
0.559322 0.305085 1.158128 0.039579 0.021172
0.610169 0.305085 1.156910 0.032715 0.018824
0.661017 0.305085 1.156271 0.026155 0.016300
0.711864 0.305085 1.156051 0.020013 0.013595
0.762712 0.305085 1.156493 0.014418 0.010731
0.813559 0.305085 1.157136 0.009463 0.007772
0.864407 0.305085 1.158744 0.005308 0.004850
0.915254 0.305085 1.160204 0.002068 0.002157
0.966102 0.305085 1.163211 0.000000 0.000000
1.016949 0.305085
1.067797 0.305085
1.118644 0.305085
1.169492 0.305085
1.220339 0.305085
1.271186 0.305085
1.322034 0.305085
1.372881 0.305085
1.423729 0.305085
1.474576 0.305085
1.525424 0.305085
1.576271 0.305085
1.627119 0.305085
1.677966 0.305085
1.728814 0.305085
1.779661 0.305085
1.830508 0.305085
1.881356 0.305085
1.932203 0.305085
1.983051 0.305085
2.033898 0.305085 1.000515 0.000000 0.000000
2.084746 0.305085 1.000565 -0.000053 -0.000318
2.135593 0.305085 1.000614 -0.000083 -0.000590
2.186441 0.305085 1.000660 -0.000092 -0.000821
2.237288 0.305085 1.000702 -0.000085 -0.001015
2.288136 0.305085 1.000740 -0.000066 -0.001172
2.338983 0.305085 1.000772 -0.000037 -0.001294
2.389831 0.305085 1.000799 -0.000003 -0.001383
2.440678 0.305085 1.000820 0.000033 -0.001439
2.491525 0.305085 1.000835 0.000068 -0.001465
2.542373 0.305085 1.000844 0.000100 -0.001461
2.593220 0.305085 1.000848 0.000128 -0.001429
2.644068 0.305085 1.000846 0.000149 -0.001369
2.694915 0.305085 1.000838 0.000163 -0.001281
2.745763 0.305085 1.000825 0.000168 -0.001164
2.796610 0.305085 1.000805 0.000164 -0.001015
2.847458 0.305085 1.000779 0.000148 -0.000831
2.898305 0.305085 1.000746 0.000117 -0.000605
2.949153 0.305085 1.000707 0.000070 -0.000332
3.000000 0.305085 1.000655 0.000000 0.000000

0.000000 0.355932 1.000000 0.100000 0.000000
0.050847 0.355932 1.256228 0.078507 0.014715
0.101695 0.355932 1.156123 0.086548 0.023107
0.152542 0.355932 1.194601 0.082671 0.029636
0.203390 0.355932 1.175238 0.082264 0.032841
0.254237 0.355932 1.177474 0.078610 0.034515
0.305085 0.355932 1.171261 0.074426 0.034753
0.355932 0.355932 1.168430 0.068929 0.034184
0.406780 0.355932 1.164846 0.062756 0.032990
0.457627 0.355932 1.162184 0.056013 0.031368
0.508475 0.355932 1.159914 0.048976 0.029389
0.559322 0.355932 1.158260 0.041827 0.027095
0.610169 0.355932 1.157118 0.034745 0.024492
0.661017 0.355932 1.156558 0.027889 0.021582
0.711864 0.355932 1.156441 0.021402 0.018368
0.762712 0.355932 1.156982 0.015438 0.014877
0.813559 0.355932 1.157806 0.010125 0.011160
0.864407 0.355932 1.159547 0.005653 0.007332
0.915254 0.355932 1.161332 0.002183 0.003531
0.966102 0.355932 1.164513 0.000000 0.000000
1.016949 0.355932
1.067797 0.355932
1.118644 0.355932
1.169492 0.355932
1.220339 0.355932
1.271186 0.355932
1.322034 0.355932
1.372881 0.355932
1.423729 0.355932
1.474576 0.355932
1.525424 0.355932
1.576271 0.355932
1.627119 0.355932
1.677966 0.355932
1.728814 0.355932
1.779661 0.355932
1.830508 0.355932
1.881356 0.355932
1.932203 0.355932
1.983051 0.355932
2.033898 0.355932 1.000616 0.000000 0.000000
2.084746 0.355932 1.000675 -0.000062 -0.000349
2.135593 0.355932 1.000735 -0.000096 -0.000649
2.186441 0.355932 1.000792 -0.000105 -0.000904
2.237288 0.355932 1.000844 -0.000094 -0.001117
2.288136 0.355932 1.000891 -0.000068 -0.001290
2.338983 0.355932 1.000931 -0.000031 -0.001423
2.389831 0.355932 1.000964 0.000012 -0.001518
2.440678 0.355932 1.000989 0.000057 -0.001578
2.491525 0.355932 1.001007 0.000100 -0.001603
2.542373 0.355932 1.001017 0.000138 -0.001597
2.593220 0.355932 1.001020 0.000170 -0.001560
2.644068 0.355932 1.001017 0.000194 -0.001493
2.694915 0.355932 1.001006 0.000208 -0.001396
2.745763 0.355932 1.000989 0.000212 -0.001269
2.796610 0.355932 1.000965 0.000203 -0.001107
2.847458 0.355932 1.000934 0.000181 -0.000907
2.898305 0.355932 1.000896 0.000142 -0.000662
2.949153 0.355932 1.000850 0.000084 -0.000363
3.000000 0.355932 1.000792 0.000000 0.000000

0.000000 0.406780 1.000000 0.100000 0.000000
0.050847 0.406780 1.243966 0.078769 0.013781
0.101695 0.406780 1.150833 0.086139 0.022823
0.152542 0.406780 1.186360 0.082394 0.030193
0.203390 0.406780 1.169664 0.081984 0.034682
0.254237 0.406780 1.172137 0.078672 0.037533
0.305085 0.406780 1.167243 0.074814 0.038837
0.355932 0.406780 1.165181 0.069676 0.039093
0.406780 0.406780 1.162433 0.063788 0.038495
0.457627 0.406780 1.160392 0.057250 0.037241
0.508475 0.406780 1.158634 0.050318 0.035428
0.559322 0.406780 1.157362 0.043177 0.033116
0.610169 0.406780 1.156511 0.036017 0.030333
0.661017 0.406780 1.156169 0.029011 0.027092
0.711864 0.406780 1.156237 0.022320 0.023401
0.762712 0.406780 1.156926 0.016122 0.019287
0.813559 0.406780 1.157923 0.010575 0.014789
0.864407 0.406780 1.159792 0.005892 0.009997
0.915254 0.406780 1.161784 0.002267 0.005010
0.966102 0.406780 1.165061 0.000000 0.000000
1.016949 0.406780
1.067797 0.406780
1.118644 0.406780
1.169492 0.406780
1.220339 0.406780
1.271186 0.406780
1.322034 0.406780
1.372881 0.406780
1.423729 0.406780
1.474576 0.406780
1.525424 0.406780
1.576271 0.406780
1.627119 0.406780
1.677966 0.406780
1.728814 0.406780
1.779661 0.406780
1.830508 0.406780
1.881356 0.406780
1.932203 0.406780
1.983051 0.406780
2.033898 0.406780 1.000722 0.000000 0.000000
2.084746 0.406780 1.000792 -0.000071 -0.000385
2.135593 0.406780 1.000865 -0.000108 -0.000719
2.186441 0.406780 1.000934 -0.000115 -0.001003
2.237288 0.406780 1.000998 -0.000098 -0.001240
2.288136 0.406780 1.001056 -0.000062 -0.001431
2.338983 0.406780 1.001104 -0.000015 -0.001577
2.389831 0.406780 1.001144 0.000039 -0.001680
2.440678 0.406780 1.001173 0.000093 -0.001742
2.491525 0.406780 1.001194 0.000144 -0.001766
2.542373 0.406780 1.001205 0.000189 -0.001755
2.593220 0.406780 1.001207 0.000224 -0.001711
2.644068 0.406780 1.001202 0.000249 -0.001636
2.694915 0.406780 1.001189 0.000263 -0.001528
2.745763 0.406780 1.001168 0.000263 -0.001388
2.796610 0.406780 1.001140 0.000249 -0.001211
2.847458 0.406780 1.001104 0.000219 -0.000992
2.898305 0.406780 1.001060 0.000170 -0.000725
2.949153 0.406780 1.001009 0.000099 -0.000399
3.000000 0.406780 1.000945 0.000000 0.000000

0.000000 0.457627 1.000000 0.100000 0.000000
0.050847 0.457627 1.236177 0.078942 0.013061
0.101695 0.457627 1.147832 0.085779 0.022595
0.152542 0.457627 1.181507 0.082007 0.030660
0.203390 0.457627 1.166634 0.081477 0.036262
0.254237 0.457627 1.169222 0.078312 0.040210
0.305085 0.457627 1.165055 0.074636 0.042556
0.355932 0.457627 1.163291 0.069743 0.043671
0.406780 0.457627 1.160858 0.064083 0.043734
0.457627 0.457627 1.159012 0.057738 0.042929
0.508475 0.457627 1.157427 0.050941 0.041365
0.559322 0.457627 1.156298 0.043872 0.039117
0.610169 0.457627 1.155581 0.036718 0.036224
0.661017 0.457627 1.155362 0.029660 0.032706
0.711864 0.457627 1.155556 0.022872 0.028576
0.762712 0.457627 1.156353 0.016544 0.023853
0.813559 0.457627 1.157487 0.010859 0.018565
0.864407 0.457627 1.159439 0.006047 0.012773
0.915254 0.457627 1.161590 0.002328 0.006546
0.966102 0.457627 1.164875 0.000000 0.000000
1.016949 0.457627
1.067797 0.457627
1.118644 0.457627
1.169492 0.457627
1.220339 0.457627
1.271186 0.457627
1.322034 0.457627
1.372881 0.457627
1.423729 0.457627
1.474576 0.457627
1.525424 0.457627
1.576271 0.457627
1.627119 0.457627
1.677966 0.457627
1.728814 0.457627
1.779661 0.457627
1.830508 0.457627
1.881356 0.457627
1.932203 0.457627
1.983051 0.457627
2.033898 0.457627 1.000833 0.000000 0.000000
2.084746 0.457627 1.000914 -0.000079 -0.000428
2.135593 0.457627 1.001003 -0.000117 -0.000802
2.186441 0.457627 1.001087 -0.000120 -0.001121
2.237288 0.457627 1.001166 -0.000094 -0.001387
2.288136 0.457627 1.001235 -0.000046 -0.001599
2.338983 0.457627 1.001293 0.000014 -0.001759
2.389831 0.457627 1.001340 0.000080 -0.001869
2.440678 0.457627 1.001374 0.000146 -0.001933
2.491525 0.457627 1.001397 0.000205 -0.001954
2.542373 0.457627 1.001409 0.000255 -0.001937
2.593220 0.457627 1.001410 0.000294 -0.001884
2.644068 0.457627 1.001403 0.000319 -0.001796
2.694915 0.457627 1.001387 0.000329 -0.001676
2.745763 0.457627 1.001363 0.000324 -0.001520
2.796610 0.457627 1.001330 0.000302 -0.001325
2.847458 0.457627 1.001291 0.000262 -0.001086
2.898305 0.457627 1.001242 0.000201 -0.000794
2.949153 0.457627 1.001186 0.000116 -0.000437
3.000000 0.457627 1.001115 0.000000 0.000000

0.000000 0.508475 1.000000 0.100000 0.000000
0.050847 0.508475 1.229071 0.079170 0.012607
0.101695 0.508475 1.143967 0.085558 0.022564
0.152542 0.508475 1.175651 0.081670 0.031232
0.203390 0.508475 1.161712 0.080912 0.037789
0.254237 0.508475 1.164188 0.077717 0.042716
0.305085 0.508475 1.160597 0.074068 0.046026
0.355932 0.508475 1.159313 0.069292 0.047974
0.406780 0.508475 1.157477 0.063786 0.048713
0.457627 0.508475 1.156169 0.057612 0.048399
0.508475 0.508475 1.155059 0.050972 0.047141
0.559322 0.508475 1.154309 0.044028 0.045017
0.610169 0.508475 1.153889 0.036957 0.042072
0.661017 0.508475 1.153893 0.029934 0.038329
0.711864 0.508475 1.154263 0.023137 0.033797
0.762712 0.508475 1.155191 0.016766 0.028484
0.813559 0.508475 1.156452 0.011019 0.022406
0.864407 0.508475 1.158477 0.006142 0.015598
0.915254 0.508475 1.160735 0.002370 0.008105
0.966102 0.508475 1.163992 0.000000 0.000000
1.016949 0.508475
1.067797 0.508475
1.118644 0.508475
1.169492 0.508475
1.220339 0.508475
1.271186 0.508475
1.322034 0.508475
1.372881 0.508475
1.423729 0.508475
1.474576 0.508475
1.525424 0.508475
1.576271 0.508475
1.627119 0.508475
1.677966 0.508475
1.728814 0.508475
1.779661 0.508475
1.830508 0.508475
1.881356 0.508475
1.932203 0.508475
1.983051 0.508475
2.033898 0.508475 1.000946 0.000000 0.000000
2.084746 0.508475 1.001043 -0.000086 -0.000479
2.135593 0.508475 1.001152 -0.000124 -0.000901
2.186441 0.508475 1.001254 -0.000118 -0.001262
2.237288 0.508475 1.001350 -0.000078 -0.001561
2.288136 0.508475 1.001433 -0.000014 -0.001796
2.338983 0.508475 1.001501 0.000062 -0.001971
2.389831 0.508475 1.001555 0.000143 -0.002088
2.440678 0.508475 1.001594 0.000220 -0.002151
2.491525 0.508475 1.001619 0.000288 -0.002167
2.542373 0.508475 1.001631 0.000343 -0.002141
2.593220 0.508475 1.001632 0.000382 -0.002075
2.644068 0.508475 1.001622 0.000405 -0.001974
2.694915 0.508475 1.001603 0.000410 -0.001837
2.745763 0.508475 1.001575 0.000396 -0.001664
2.796610 0.508475 1.001539 0.000364 -0.001450
2.847458 0.508475 1.001495 0.000311 -0.001188
2.898305 0.508475 1.001442 0.000236 -0.000869
2.949153 0.508475 1.001382 0.000134 -0.000478
3.000000 0.508475 1.001306 0.000000 0.000000

0.000000 0.559322 1.000000 0.100000 0.000000
0.050847 0.559322 1.224822 0.079323 0.012424
0.101695 0.559322 1.142311 0.085337 0.022864
0.152542 0.559322 1.173393 0.081271 0.032184
0.203390 0.559322 1.160525 0.080254 0.039650
0.254237 0.559322 1.163187 0.076954 0.045488
0.305085 0.559322 1.159816 0.073270 0.049666
0.355932 0.559322 1.158415 0.068553 0.052356
0.406780 0.559322 1.156378 0.063159 0.053691
0.457627 0.559322 1.154828 0.057131 0.053816
0.508475 0.559322 1.153526 0.050647 0.052839
0.559322 0.559322 1.152656 0.043851 0.050839
0.610169 0.559322 1.152189 0.036903 0.047860
0.661017 0.559322 1.152201 0.029969 0.043918
0.711864 0.559322 1.152619 0.023222 0.039011
0.762712 0.559322 1.153612 0.016865 0.033130
0.813559 0.559322 1.154948 0.011106 0.026271
0.864407 0.559322 1.157026 0.006203 0.018439
0.915254 0.559322 1.159339 0.002405 0.009672
0.966102 0.559322 1.162520 0.000000 0.000000
1.016949 0.559322
1.067797 0.559322
1.118644 0.559322
1.169492 0.559322
1.220339 0.559322
1.271186 0.559322
1.322034 0.559322
1.372881 0.559322
1.423729 0.559322
1.474576 0.559322
1.525424 0.559322
1.576271 0.559322
1.627119 0.559322
1.677966 0.559322
1.728814 0.559322
1.779661 0.559322
1.830508 0.559322
1.881356 0.559322
1.932203 0.559322
1.983051 0.559322
2.033898 0.559322 1.001061 0.000000 0.000000
2.084746 0.559322 1.001176 -0.000091 -0.000540
2.135593 0.559322 1.001311 -0.000124 -0.001019
2.186441 0.559322 1.001437 -0.000104 -0.001430
2.237288 0.559322 1.001553 -0.000045 -0.001767
2.288136 0.559322 1.001652 0.000040 -0.002029
2.338983 0.559322 1.001733 0.000137 -0.002218
2.389831 0.559322 1.001794 0.000234 -0.002339
2.440678 0.559322 1.001838 0.000324 -0.002399
2.491525 0.559322 1.001864 0.000400 -0.002406
2.542373 0.559322 1.001876 0.000458 -0.002366
2.593220 0.559322 1.001874 0.000495 -0.002285
2.644068 0.559322 1.001861 0.000512 -0.002166
2.694915 0.559322 1.001838 0.000508 -0.002011
2.745763 0.559322 1.001806 0.000482 -0.001817
2.796610 0.559322 1.001766 0.000436 -0.001581
2.847458 0.559322 1.001718 0.000368 -0.001295
2.898305 0.559322 1.001661 0.000275 -0.000947
2.949153 0.559322 1.001598 0.000155 -0.000522
3.000000 0.559322 1.001518 0.000000 0.000000

0.000000 0.610169 1.000000 0.100000 0.000000
0.050847 0.610169 1.218619 0.079646 0.012178
0.101695 0.610169 1.137001 0.085344 0.023114
0.152542 0.610169 1.165551 0.081037 0.032988
0.203390 0.610169 1.152224 0.079632 0.041259
0.254237 0.610169 1.154437 0.076040 0.047910
0.305085 0.610169 1.151567 0.072153 0.052903
0.355932 0.610169 1.151056 0.067374 0.056321
0.406780 0.610169 1.150145 0.062038 0.058274
0.457627 0.610169 1.149683 0.056162 0.058878
0.508475 0.610169 1.149303 0.049884 0.058233
0.559322 0.610169 1.149136 0.043310 0.056413
0.610169 0.610169 1.149166 0.036569 0.053455
0.661017 0.610169 1.149509 0.029807 0.049367
0.711864 0.610169 1.150134 0.023183 0.044134
0.762712 0.610169 1.151267 0.016899 0.037719
0.813559 0.610169 1.152680 0.011164 0.030104
0.864407 0.610169 1.154856 0.006255 0.021255
0.915254 0.610169 1.157195 0.002436 0.011219
0.966102 0.610169 1.160417 0.000000 0.000000
1.016949 0.610169
1.067797 0.610169
1.118644 0.610169
1.169492 0.610169
1.220339 0.610169
1.271186 0.610169
1.322034 0.610169
1.372881 0.610169
1.423729 0.610169
1.474576 0.610169
1.525424 0.610169
1.576271 0.610169
1.627119 0.610169
1.677966 0.610169
1.728814 0.610169
1.779661 0.610169
1.830508 0.610169
1.881356 0.610169
1.932203 0.610169
1.983051 0.610169
2.033898 0.610169 1.001171 0.000000 0.000000
2.084746 0.610169 1.001312 -0.000093 -0.000615
2.135593 0.610169 1.001481 -0.000115 -0.001163
2.186441 0.610169 1.001638 -0.000073 -0.001633
2.237288 0.610169 1.001779 0.000013 -0.002013
2.288136 0.610169 1.001898 0.000126 -0.002301
2.338983 0.610169 1.001991 0.000247 -0.002502
2.389831 0.610169 1.002061 0.000364 -0.002624
2.440678 0.610169 1.002108 0.000466 -0.002676
2.491525 0.610169 1.002134 0.000548 -0.002669
2.542373 0.610169 1.002144 0.000606 -0.002611
2.593220 0.610169 1.002138 0.000638 -0.002510
2.644068 0.610169 1.002121 0.000645 -0.002370
2.694915 0.610169 1.002093 0.000627 -0.002193
2.745763 0.610169 1.002057 0.000585 -0.001977
2.796610 0.610169 1.002013 0.000520 -0.001718
2.847458 0.610169 1.001961 0.000432 -0.001406
2.898305 0.610169 1.001902 0.000319 -0.001028
2.949153 0.610169 1.001837 0.000177 -0.000567
3.000000 0.610169 1.001754 0.000000 0.000000

0.000000 0.661017 1.000000 0.100000 0.000000
0.050847 0.661017 1.220662 0.079575 0.012518
0.101695 0.661017 1.140341 0.085005 0.024241
0.152542 0.661017 1.170975 0.080378 0.034950
0.203390 0.661017 1.158550 0.078684 0.044071
0.254237 0.661017 1.160861 0.074894 0.051432
0.305085 0.661017 1.156970 0.070916 0.057009
0.355932 0.661017 1.154901 0.066137 0.060886
0.406780 0.661017 1.152263 0.060884 0.063199
0.457627 0.661017 1.150261 0.055156 0.064075
0.508475 0.661017 1.148679 0.049073 0.063619
0.559322 0.661017 1.147680 0.042720 0.061896
0.610169 0.661017 1.147191 0.036201 0.058932
0.661017 0.661017 1.147270 0.029636 0.054709
0.711864 0.661017 1.147774 0.023160 0.049185
0.762712 0.661017 1.148950 0.016969 0.042280
0.813559 0.661017 1.150365 0.011263 0.033949
0.864407 0.661017 1.152691 0.006344 0.024099
0.915254 0.661017 1.154984 0.002490 0.012803
0.966102 0.661017 1.158142 0.000000 0.000000
1.016949 0.661017
1.067797 0.661017
1.118644 0.661017
1.169492 0.661017
1.220339 0.661017
1.271186 0.661017
1.322034 0.661017
1.372881 0.661017
1.423729 0.661017
1.474576 0.661017
1.525424 0.661017
1.576271 0.661017
1.627119 0.661017
1.677966 0.661017
1.728814 0.661017
1.779661 0.661017
1.830508 0.661017
1.881356 0.661017
1.932203 0.661017
1.983051 0.661017
2.033898 0.661017 1.001269 0.000000 0.000000
2.084746 0.661017 1.001448 -0.000090 -0.000707
2.135593 0.661017 1.001664 -0.000090 -0.001341
2.186441 0.661017 1.001864 -0.000015 -0.001880
2.237288 0.661017 1.002035 0.000110 -0.002306
2.288136 0.661017 1.002176 0.000258 -0.002621
2.338983 0.661017 1.002283 0.000408 -0.002830
2.389831 0.661017 1.002360 0.000545 -0.002946
2.440678 0.661017 1.002408 0.000658 -0.002983
2.491525 0.661017 1.002433 0.000742 -0.002955
2.542373 0.661017 1.002438 0.000795 -0.002873
2.593220 0.661017 1.002427 0.000816 -0.002747
2.644068 0.661017 1.002403 0.000807 -0.002583
2.694915 0.661017 1.002370 0.000770 -0.002381
2.745763 0.661017 1.002328 0.000707 -0.002141
2.796610 0.661017 1.002280 0.000619 -0.001856
2.847458 0.661017 1.002225 0.000506 -0.001517
2.898305 0.661017 1.002164 0.000368 -0.001109
2.949153 0.661017 1.002098 0.000202 -0.000612
3.000000 0.661017 1.002014 0.000000 0.000000

0.000000 0.711864 1.000000 0.100000 0.000000
0.050847 0.711864 1.208557 0.080198 0.011995
0.101695 0.711864 1.126044 0.085195 0.024556
0.152542 0.711864 1.150992 0.079983 0.035826
0.203390 0.711864 1.137074 0.077528 0.045758
0.254237 0.711864 1.139628 0.073131 0.053826
0.305085 0.711864 1.138101 0.068780 0.060091
0.355932 0.711864 1.139243 0.063903 0.064559
0.406780 0.711864 1.139910 0.058785 0.067368
0.457627 0.711864 1.140767 0.053355 0.068635
0.508475 0.711864 1.141383 0.047664 0.068469
0.559322 0.711864 1.141920 0.041734 0.066931
0.610169 0.711864 1.142407 0.035620 0.064041
0.661017 0.711864 1.143040 0.029404 0.059760
0.711864 0.711864 1.143791 0.023189 0.054024
0.762712 0.711864 1.145058 0.017155 0.046695
0.813559 0.711864 1.146402 0.011483 0.037708
0.864407 0.711864 1.148899 0.006523 0.026870
0.915254 0.711864 1.151065 0.002561 0.014341
0.966102 0.711864 1.154862 0.000000 0.000000
1.016949 0.711864
1.067797 0.711864
1.118644 0.711864
1.169492 0.711864
1.220339 0.711864
1.271186 0.711864
1.322034 0.711864
1.372881 0.711864
1.423729 0.711864
1.474576 0.711864
1.525424 0.711864
1.576271 0.711864
1.627119 0.711864
1.677966 0.711864
1.728814 0.711864
1.779661 0.711864
1.830508 0.711864
1.881356 0.711864
1.932203 0.711864
1.983051 0.711864
2.033898 0.711864 1.001343 0.000000 0.000000
2.084746 0.711864 1.001591 -0.000077 -0.000827
2.135593 0.711864 1.001865 -0.000039 -0.001565
2.186441 0.711864 1.002124 0.000088 -0.002185
2.237288 0.711864 1.002330 0.000265 -0.002660
2.288136 0.711864 1.002497 0.000457 -0.002995
2.338983 0.711864 1.002616 0.000639 -0.003202
2.389831 0.711864 1.002697 0.000793 -0.003303
2.440678 0.711864 1.002744 0.000913 -0.003315
2.491525 0.711864 1.002763 0.000993 -0.003259
2.542373 0.711864 1.002760 0.001033 -0.003147
2.593220 0.711864 1.002741 0.001036 -0.002991
2.644068 0.711864 1.002709 0.001005 -0.002797
2.694915 0.711864 1.002668 0.000942 -0.002568
2.745763 0.711864 1.002620 0.000850 -0.002302
2.796610 0.711864 1.002567 0.000733 -0.001992
2.847458 0.711864 1.002510 0.000591 -0.001626
2.898305 0.711864 1.002447 0.000423 -0.001188
2.949153 0.711864 1.002382 0.000229 -0.000656
3.000000 0.711864 1.002300 0.000000 0.000000

0.000000 0.762712 1.000000 0.100000 0.000000
0.050847 0.762712 1.231568 0.079135 0.013638
0.101695 0.762712 1.146693 0.084028 0.027594
0.152542 0.762712 1.179839 0.078235 0.039918
0.203390 0.762712 1.164239 0.075673 0.050379
0.254237 0.762712 1.164409 0.071168 0.058611
0.305085 0.762712 1.157389 0.066866 0.064872
0.355932 0.762712 1.152946 0.062079 0.069290
0.406780 0.762712 1.148413 0.057133 0.072075
0.457627 0.762712 1.145170 0.051951 0.073359
0.508475 0.762712 1.142801 0.046580 0.073241
0.559322 0.762712 1.141370 0.041019 0.071761
0.610169 0.762712 1.140634 0.035283 0.068910
0.661017 0.762712 1.140703 0.029418 0.064612
0.711864 0.762712 1.141140 0.023466 0.058758
0.762712 0.762712 1.142744 0.017596 0.051142
0.813559 0.762712 1.144021 0.011926 0.041633
0.864407 0.762712 1.147436 0.006879 0.029904
0.915254 0.762712 1.149247 0.002742 0.016155
0.966102 0.762712 1.153271 0.000000 0.000000
1.016949 0.762712
1.067797 0.762712
1.118644 0.762712
1.169492 0.762712
1.220339 0.762712
1.271186 0.762712
1.322034 0.762712
1.372881 0.762712
1.423729 0.762712
1.474576 0.762712
1.525424 0.762712
1.576271 0.762712
1.627119 0.762712
1.677966 0.762712
1.728814 0.762712
1.779661 0.762712
1.830508 0.762712
1.881356 0.762712
1.932203 0.762712
1.983051 0.762712
2.033898 0.762712 1.001363 0.000000 0.000000
2.084746 0.762712 1.001727 -0.000047 -0.000992
2.135593 0.762712 1.002077 0.000058 -0.001858
2.186441 0.762712 1.002424 0.000260 -0.002568
2.237288 0.762712 1.002672 0.000507 -0.003086
2.288136 0.762712 1.002868 0.000749 -0.003429
2.338983 0.762712 1.002997 0.000961 -0.003621
2.389831 0.762712 1.003079 0.001129 -0.003692
2.440678 0.762712 1.003119 0.001246 -0.003669
2.491525 0.762712 1.003128 0.001312 -0.003574
2.542373 0.762712 1.003113 0.001330 -0.003424
2.593220 0.762712 1.003082 0.001305 -0.003233
2.644068 0.762712 1.003039 0.001241 -0.003007
2.694915 0.762712 1.002988 0.001144 -0.002749
2.745763 0.762712 1.002932 0.001017 -0.002456
2.796610 0.762712 1.002874 0.000863 -0.002119
2.847458 0.762712 1.002814 0.000686 -0.001728
2.898305 0.762712 1.002751 0.000484 -0.001262
2.949153 0.762712 1.002688 0.000258 -0.000697
3.000000 0.762712 1.002612 0.000000 0.000000

0.000000 0.813559 1.000000 0.100000 0.000000
0.050847 0.813559 1.189099 0.080319 0.011952
0.101695 0.813559 1.101114 0.083482 0.027848
0.152542 0.813559 1.123339 0.076085 0.040810
0.203390 0.813559 1.111276 0.072032 0.052280
0.254237 0.813559 1.117845 0.066765 0.061096
0.305085 0.813559 1.120177 0.062297 0.067858
0.355932 0.813559 1.124744 0.057823 0.072616
0.406780 0.813559 1.127846 0.053488 0.075667
0.457627 0.813559 1.130390 0.049068 0.077161
0.508475 0.813559 1.132048 0.044514 0.077223
0.559322 0.813559 1.133185 0.039759 0.075900
0.610169 0.813559 1.133921 0.034772 0.073180
0.661017 0.813559 1.134593 0.029558 0.068958
0.711864 0.813559 1.135092 0.024111 0.063106
0.762712 0.813559 1.136165 0.018551 0.055292
0.813559 0.813559 1.136784 0.012906 0.045399
0.864407 0.813559 1.139745 0.007661 0.032749
0.915254 0.813559 1.140768 0.003014 0.017864
0.966102 0.813559 1.147576 0.000000 0.000000
1.016949 0.813559
1.067797 0.813559
1.118644 0.813559
1.169492 0.813559
1.220339 0.813559
1.271186 0.813559
1.322034 0.813559
1.372881 0.813559
1.423729 0.813559
1.474576 0.813559
1.525424 0.813559
1.576271 0.813559
1.627119 0.813559
1.677966 0.813559
1.728814 0.813559
1.779661 0.813559
1.830508 0.813559
1.881356 0.813559
1.932203 0.813559
1.983051 0.813559
2.033898 0.813559 1.001311 0.000000 0.000000
2.084746 0.813559 1.001955 0.000016 -0.001225
2.135593 0.813559 1.002355 0.000238 -0.002246
2.186441 0.813559 1.002823 0.000547 -0.003051
2.237288 0.813559 1.003097 0.000880 -0.003596
2.288136 0.813559 1.003315 0.001172 -0.003927
2.338983 0.813559 1.003443 0.001407 -0.004082
2.389831 0.813559 1.003515 0.001573 -0.004106
2.440678 0.813559 1.003539 0.001673 -0.004032
2.491525 0.813559 1.003530 0.001710 -0.003889
2.542373 0.813559 1.003498 0.001692 -0.003696
2.593220 0.813559 1.003449 0.001627 -0.003465
2.644068 0.813559 1.003391 0.001520 -0.003204
2.694915 0.813559 1.003328 0.001378 -0.002915
2.745763 0.813559 1.003263 0.001207 -0.002595
2.796610 0.813559 1.003199 0.001011 -0.002234
2.847458 0.813559 1.003136 0.000792 -0.001819
2.898305 0.813559 1.003073 0.000552 -0.001328
2.949153 0.813559 1.003015 0.000289 -0.000734
3.000000 0.813559 1.002947 0.000000 0.000000

0.000000 0.864407 1.000000 0.100000 0.000000
0.050847 0.864407 1.284518 0.075668 0.018176
0.101695 0.864407 1.169038 0.079836 0.035296
0.152542 0.864407 1.205206 0.071641 0.048313
0.203390 0.864407 1.175084 0.068337 0.058711
0.254237 0.864407 1.169477 0.063278 0.066417
0.305085 0.864407 1.156124 0.059207 0.072302
0.355932 0.864407 1.148534 0.055036 0.076478
0.406780 0.864407 1.141936 0.051096 0.079212
0.457627 0.864407 1.137718 0.047155 0.080580
0.508475 0.864407 1.134824 0.043175 0.080653
0.559322 0.864407 1.133174 0.039064 0.079432
0.610169 0.864407 1.132232 0.034739 0.076876
0.661017 0.864407 1.132432 0.030168 0.072859
0.711864 0.864407 1.132548 0.025221 0.067220
0.762712 0.864407 1.135419 0.020039 0.059582
0.813559 0.864407 1.135761 0.014368 0.049688
0.864407 0.864407 1.143714 0.008926 0.036647
0.915254 0.864407 1.142848 0.003642 0.020703
0.966102 0.864407 1.152130 0.000000 0.000000
1.016949 0.864407
1.067797 0.864407
1.118644 0.864407
1.169492 0.864407
1.220339 0.864407
1.271186 0.864407
1.322034 0.864407
1.372881 0.864407
1.423729 0.864407
1.474576 0.864407
1.525424 0.864407
1.576271 0.864407
1.627119 0.864407
1.677966 0.864407
1.728814 0.864407
1.779661 0.864407
1.830508 0.864407
1.881356 0.864407
1.932203 0.864407
1.983051 0.864407
2.033898 0.864407 1.000988 0.000000 0.000000
2.084746 0.864407 1.002075 0.000142 -0.001605
2.135593 0.864407 1.002558 0.000565 -0.002794
2.186441 0.864407 1.003261 0.001018 -0.003673
2.237288 0.864407 1.003579 0.001443 -0.004204
2.288136 0.864407 1.003832 0.001772 -0.004483
2.338983 0.864407 1.003953 0.002007 -0.004572
2.389831 0.864407 1.004006 0.002148 -0.004527
2.440678 0.864407 1.004006 0.002207 -0.004390
2.491525 0.864407 1.003970 0.002196 -0.004190
2.542373 0.864407 1.003913 0.002125 -0.003947
2.593220 0.864407 1.003842 0.002004 -0.003674
2.644068 0.864407 1.003765 0.001842 -0.003378
2.694915 0.864407 1.003687 0.001646 -0.003059
2.745763 0.864407 1.003611 0.001422 -0.002713
2.796610 0.864407 1.003539 0.001175 -0.002330
2.847458 0.864407 1.003473 0.000909 -0.001893
2.898305 0.864407 1.003413 0.000625 -0.001381
2.949153 0.864407 1.003361 0.000323 -0.000763
3.000000 0.864407 1.003305 0.000000 0.000000

0.000000 0.915254 1.000000 0.100000 0.000000
0.050847 0.915254 1.126809 0.074680 0.014711
0.101695 0.915254 1.048560 0.071704 0.036932
0.152542 0.915254 1.081638 0.061692 0.050462
0.203390 0.915254 1.080548 0.057582 0.061611
0.254237 0.915254 1.097168 0.053381 0.069271
0.305085 0.915254 1.104688 0.050671 0.075072
0.355932 0.915254 1.112828 0.048079 0.079083
0.406780 0.915254 1.117539 0.045711 0.081709
0.457627 0.915254 1.120935 0.043248 0.083036
0.508475 0.915254 1.122850 0.040642 0.083150
0.559322 0.915254 1.123971 0.037807 0.082047
0.610169 0.915254 1.124373 0.034679 0.079686
0.661017 0.915254 1.124597 0.031225 0.075918
0.711864 0.915254 1.124049 0.027299 0.070601
0.762712 0.915254 1.124192 0.022932 0.063217
0.813559 0.915254 1.122327 0.017689 0.053609
0.864407 0.915254 1.124547 0.011997 0.040015
0.915254 0.915254 1.120091 0.004809 0.023438
0.966102 0.915254 1.138627 0.000000 0.000000
1.016949 0.915254
1.067797 0.915254
1.118644 0.915254
1.169492 0.915254
1.220339 0.915254
1.271186 0.915254
1.322034 0.915254
1.372881 0.915254
1.423729 0.915254
1.474576 0.915254
1.525424 0.915254
1.576271 0.915254
1.627119 0.915254
1.677966 0.915254
1.728814 0.915254
1.779661 0.915254
1.830508 0.915254
1.881356 0.915254
1.932203 0.915254
1.983051 0.915254
2.033898 0.915254 1.000226 0.000000 0.000000
2.084746 0.915254 1.003158 0.000399 -0.002164
2.135593 0.915254 1.003244 0.001201 -0.003524
2.186441 0.915254 1.004103 0.001805 -0.004428
2.237288 0.915254 1.004312 0.002291 -0.004884
2.288136 0.915254 1.004519 0.002607 -0.005067
2.338983 0.915254 1.004576 0.002795 -0.005059
2.389831 0.915254 1.004577 0.002872 -0.004929
2.440678 0.915254 1.004528 0.002859 -0.004718
2.491525 0.915254 1.004451 0.002773 -0.004456
2.542373 0.915254 1.004358 0.002628 -0.004161
2.593220 0.915254 1.004258 0.002436 -0.003847
2.644068 0.915254 1.004157 0.002206 -0.003516
2.694915 0.915254 1.004060 0.001945 -0.003170
2.745763 0.915254 1.003971 0.001660 -0.002801
2.796610 0.915254 1.003892 0.001356 -0.002399
2.847458 0.915254 1.003823 0.001036 -0.001947
2.898305 0.915254 1.003766 0.000703 -0.001420
2.949153 0.915254 1.003722 0.000359 -0.000785
3.000000 0.915254 1.003681 0.000000 0.000000

0.000000 0.966102 1.000000 0.100000 0.000000
0.050847 0.966102 1.432645 0.054232 0.035689
0.101695 0.966102 1.189450 0.061652 0.049495
0.152542 0.966102 1.222189 0.052044 0.058003
0.203390 0.966102 1.166904 0.050830 0.065631
0.254237 0.966102 1.158805 0.047431 0.071441
0.305085 0.966102 1.142160 0.045700 0.076389
0.355932 0.966102 1.135416 0.043815 0.080054
0.406780 0.966102 1.129552 0.042252 0.082619
0.457627 0.966102 1.126376 0.040645 0.084023
0.508475 0.966102 1.124144 0.038982 0.084300
0.559322 0.966102 1.122907 0.037158 0.083420
0.610169 0.966102 1.121908 0.035070 0.081353
0.661017 0.966102 1.122208 0.032702 0.077972
0.711864 0.966102 1.121352 0.029739 0.073199
0.762712 0.966102 1.126080 0.026409 0.066607
0.813559 0.966102 1.123335 0.021542 0.058111
0.864407 0.966102 1.145523 0.016480 0.046218
0.915254 0.966102 1.132480 0.007174 0.029831
0.966102 0.966102 1.219368 0.000000 0.000000
1.016949 0.966102
1.067797 0.966102
1.118644 0.966102
1.169492 0.966102
1.220339 0.966102
1.271186 0.966102
1.322034 0.966102
1.372881 0.966102
1.423729 0.966102
1.474576 0.966102
1.525424 0.966102
1.576271 0.966102
1.627119 0.966102
1.677966 0.966102
1.728814 0.966102
1.779661 0.966102
1.830508 0.966102
1.881356 0.966102
1.932203 0.966102
1.983051 0.966102
2.033898 0.966102 0.991442 0.000000 0.000000
2.084746 0.966102 1.002780 0.001046 -0.003346
2.135593 0.966102 1.002813 0.002364 -0.004692
2.186441 0.966102 1.004671 0.003021 -0.005364
2.237288 0.966102 1.004958 0.003478 -0.005618
2.288136 0.966102 1.005225 0.003699 -0.005637
2.338983 0.966102 1.005242 0.003778 -0.005503
2.389831 0.966102 1.005192 0.003743 -0.005274
2.440678 0.966102 1.005088 0.003622 -0.004986
2.491525 0.966102 1.004963 0.003435 -0.004664
2.542373 0.966102 1.004827 0.003196 -0.004322
2.593220 0.966102 1.004692 0.002917 -0.003969
2.644068 0.966102 1.004563 0.002606 -0.003609
2.694915 0.966102 1.004444 0.002271 -0.003239
2.745763 0.966102 1.004340 0.001917 -0.002853
2.796610 0.966102 1.004252 0.001549 -0.002438
2.847458 0.966102 1.004181 0.001171 -0.001975
2.898305 0.966102 1.004127 0.000786 -0.001439
2.949153 0.966102 1.004093 0.000395 -0.000795
3.000000 0.966102 1.004070 0.000000 0.000000

0.000000 1.016949 0.786863 0.000000 0.000000
0.050847 1.016949 0.973547 0.008331 0.041722
0.101695 1.016949 0.976864 0.021488 0.050899
0.152542 1.016949 1.058432 0.025339 0.060594
0.203390 1.016949 1.065149 0.030867 0.067287
0.254237 1.016949 1.091593 0.032775 0.072647
0.305085 1.016949 1.098619 0.034772 0.077088
0.355932 1.016949 1.107137 0.035685 0.080419
0.406780 1.016949 1.110730 0.036333 0.082790
0.457627 1.016949 1.113397 0.036553 0.084126
0.508475 1.016949 1.114512 0.036498 0.084438
0.559322 1.016949 1.115008 0.036172 0.083685
0.610169 1.016949 1.114505 0.035566 0.081824
0.661017 1.016949 1.114133 0.034754 0.078764
0.711864 1.016949 1.111375 0.033554 0.074407
0.762712 1.016949 1.110921 0.032296 0.068532
0.813559 1.016949 1.101924 0.030290 0.060863
0.864407 1.016949 1.101402 0.028561 0.050970
0.915254 1.016949 1.074126 0.024806 0.037379
0.966102 1.016949 1.068024 0.020159 0.020587
1.016949 1.016949 0.957571 0.000000 0.000000
1.067797 1.016949 1.035423 0.000000 0.000000
1.118644 1.016949 1.033741 0.000000 0.000000
1.169492 1.016949 1.038606 0.000000 0.000000
1.220339 1.016949 1.038542 0.000000 0.000000
1.271186 1.016949 1.038766 0.000000 0.000000
1.322034 1.016949 1.037975 0.000000 0.000000
1.372881 1.016949 1.036916 0.000000 0.000000
1.423729 1.016949 1.035567 0.000000 0.000000
1.474576 1.016949 1.034067 0.000000 0.000000
1.525424 1.016949 1.032467 0.000000 0.000000
1.576271 1.016949 1.030814 0.000000 0.000000
1.627119 1.016949 1.029141 0.000000 0.000000
1.677966 1.016949 1.027473 0.000000 0.000000
1.728814 1.016949 1.025833 0.000000 0.000000
1.779661 1.016949 1.024251 0.000000 0.000000
1.830508 1.016949 1.022727 0.000000 0.000000
1.881356 1.016949 1.021449 0.000000 0.000000
1.932203 1.016949 1.020453 0.000000 0.000000
1.983051 1.016949 1.027543 0.000000 0.000000
2.033898 1.016949 1.002990 0.003804 -0.003343
2.084746 1.016949 1.009157 0.004157 -0.004942
2.135593 1.016949 1.006373 0.004854 -0.005834
2.186441 1.016949 1.006867 0.005033 -0.006156
2.237288 1.016949 1.006443 0.005140 -0.006205
2.288136 1.016949 1.006319 0.005094 -0.006071
2.338983 1.016949 1.006107 0.004961 -0.005827
2.389831 1.016949 1.005910 0.004751 -0.005514
2.440678 1.016949 1.005706 0.004483 -0.005162
2.491525 1.016949 1.005507 0.004168 -0.004790
2.542373 1.016949 1.005316 0.003816 -0.004410
2.593220 1.016949 1.005137 0.003436 -0.004028
2.644068 1.016949 1.004976 0.003035 -0.003645
2.694915 1.016949 1.004833 0.002617 -0.003259
2.745763 1.016949 1.004712 0.002188 -0.002862
2.796610 1.016949 1.004614 0.001751 -0.002439
2.847458 1.016949 1.004541 0.001311 -0.001973
2.898305 1.016949 1.004491 0.000871 -0.001436
2.949153 1.016949 1.004468 0.000433 -0.000794
3.000000 1.016949 1.004466 0.000000 0.000000

0.000000 1.067797 1.088358 0.000000 0.000000
0.050847 1.067797 1.177452 0.005042 0.020171
0.101695 1.067797 1.103220 0.014207 0.034456
0.152542 1.067797 1.143412 0.017606 0.049114
0.203390 1.067797 1.114839 0.023338 0.059169
0.254237 1.067797 1.123153 0.025854 0.067058
0.305085 1.067797 1.115556 0.028777 0.073006
0.355932 1.067797 1.116055 0.030623 0.077362
0.406780 1.067797 1.114115 0.032310 0.080397
0.457627 1.067797 1.113590 0.033597 0.082196
0.508475 1.067797 1.112697 0.034659 0.082845
0.559322 1.067797 1.112019 0.035495 0.082358
0.610169 1.067797 1.110782 0.036100 0.080717
0.661017 1.067797 1.110189 0.036569 0.077856
0.711864 1.067797 1.107325 0.036697 0.073657
0.762712 1.067797 1.108332 0.036874 0.067923
0.813559 1.067797 1.100414 0.036287 0.060326
0.864407 1.067797 1.107699 0.036113 0.050516
0.915254 1.067797 1.085860 0.033889 0.037658
0.966102 1.067797 1.105592 0.031721 0.022495
1.016949 1.067797 1.049707 0.023992 0.004687
1.067797 1.067797 1.058956 0.016951 0.001838
1.118644 1.067797 1.044628 0.013993 0.000367
1.169492 1.067797 1.045472 0.011561 -0.000394
1.220339 1.067797 1.041948 0.010274 -0.000792
1.271186 1.067797 1.040948 0.009292 -0.000999
1.322034 1.067797 1.039272 0.008642 -0.001097
1.372881 1.067797 1.037844 0.008136 -0.001137
1.423729 1.067797 1.036274 0.007737 -0.001142
1.474576 1.067797 1.034668 0.007400 -0.001129
1.525424 1.067797 1.033006 0.007104 -0.001106
1.576271 1.067797 1.031315 0.006837 -0.001077
1.627119 1.067797 1.029609 0.006592 -0.001048
1.677966 1.067797 1.027904 0.006370 -0.001021
1.728814 1.067797 1.026201 0.006173 -0.001000
1.779661 1.067797 1.024518 0.006017 -0.000993
1.830508 1.067797 1.022749 0.005915 -0.001010
1.881356 1.067797 1.021106 0.005937 -0.001077
1.932203 1.067797 1.018496 0.006086 -0.001238
1.983051 1.067797 1.017354 0.006754 -0.001737
2.033898 1.067797 1.009854 0.007661 -0.004525
2.084746 1.067797 1.010259 0.007521 -0.005581
2.135593 1.067797 1.008472 0.007471 -0.006302
2.186441 1.067797 1.008211 0.007213 -0.006509
2.237288 1.067797 1.007643 0.006941 -0.006477
2.288136 1.067797 1.007295 0.006606 -0.006273
2.338983 1.067797 1.006939 0.006236 -0.005970
2.389831 1.067797 1.006623 0.005830 -0.005610
2.440678 1.067797 1.006327 0.005396 -0.005219
2.491525 1.067797 1.006055 0.004940 -0.004816
2.542373 1.067797 1.005807 0.004465 -0.004412
2.593220 1.067797 1.005584 0.003977 -0.004012
2.644068 1.067797 1.005387 0.003479 -0.003617
2.694915 1.067797 1.005219 0.002974 -0.003223
2.745763 1.067797 1.005080 0.002466 -0.002822
2.796610 1.067797 1.004972 0.001958 -0.002400
2.847458 1.067797 1.004896 0.001454 -0.001938
2.898305 1.067797 1.004852 0.000957 -0.001409
2.949153 1.067797 1.004841 0.000471 -0.000778
3.000000 1.067797 1.004862 0.000000 0.000000

0.000000 1.118644 1.032602 0.000000 0.000000
0.050847 1.118644 1.059545 0.001561 0.020357
0.101695 1.118644 1.051412 0.005281 0.032450
0.152542 1.118644 1.085548 0.008973 0.046176
0.203390 1.118644 1.081655 0.014295 0.055622
0.254237 1.118644 1.097390 0.017998 0.063701
0.305085 1.118644 1.098360 0.021992 0.069727
0.355932 1.118644 1.103713 0.025078 0.074294
0.406780 1.118644 1.105027 0.027966 0.077498
0.457627 1.118644 1.106492 0.030428 0.079471
0.508475 1.118644 1.106723 0.032647 0.080279
0.559322 1.118644 1.106584 0.034635 0.079946
0.610169 1.118644 1.105473 0.036411 0.078452
0.661017 1.118644 1.104534 0.038078 0.075755
0.711864 1.118644 1.101131 0.039471 0.071722
0.762712 1.118644 1.100345 0.040918 0.066286
0.813559 1.118644 1.091497 0.041745 0.059040
0.864407 1.118644 1.092622 0.042741 0.050219
0.915254 1.118644 1.071883 0.042045 0.038728
0.966102 1.118644 1.076687 0.040769 0.026808
1.016949 1.118644 1.036187 0.035281 0.012602
1.067797 1.118644 1.051229 0.028099 0.006335
1.118644 1.118644 1.043322 0.024443 0.002458
1.169492 1.118644 1.045108 0.021272 0.000509
1.220339 1.118644 1.042910 0.019244 -0.000662
1.271186 1.118644 1.041983 0.017640 -0.001288
1.322034 1.118644 1.040378 0.016449 -0.001641
1.372881 1.118644 1.038833 0.015486 -0.001821
1.423729 1.118644 1.037148 0.014694 -0.001903
1.474576 1.118644 1.035427 0.014014 -0.001926
1.525424 1.118644 1.033668 0.013414 -0.001914
1.576271 1.118644 1.031895 0.012874 -0.001884
1.627119 1.118644 1.030119 0.012381 -0.001848
1.677966 1.118644 1.028352 0.011934 -0.001816
1.728814 1.118644 1.026592 0.011533 -0.001800
1.779661 1.118644 1.024857 0.011192 -0.001816
1.830508 1.118644 1.023075 0.010923 -0.001893
1.881356 1.118644 1.021456 0.010781 -0.002077
1.932203 1.118644 1.019204 0.010739 -0.002486
1.983051 1.118644 1.018668 0.011066 -0.003259
2.033898 1.118644 1.012639 0.011079 -0.004960
2.084746 1.118644 1.012337 0.010489 -0.005837
2.135593 1.118644 1.010366 0.009969 -0.006394
2.186441 1.118644 1.009665 0.009337 -0.006551
2.237288 1.118644 1.008851 0.008735 -0.006483
2.288136 1.118644 1.008282 0.008125 -0.006254
2.338983 1.118644 1.007769 0.007522 -0.005931
2.389831 1.118644 1.007331 0.006920 -0.005553
2.440678 1.118644 1.006942 0.006319 -0.005148
2.491525 1.118644 1.006596 0.005719 -0.004735
2.542373 1.118644 1.006289 0.005119 -0.004322
2.593220 1.118644 1.006021 0.004520 -0.003918
2.644068 1.118644 1.005789 0.003924 -0.003521
2.694915 1.118644 1.005594 0.003331 -0.003128
2.745763 1.118644 1.005438 0.002744 -0.002731
2.796610 1.118644 1.005320 0.002164 -0.002318
2.847458 1.118644 1.005241 0.001595 -0.001868
2.898305 1.118644 1.005202 0.001041 -0.001357
2.949153 1.118644 1.005203 0.000507 -0.000749
3.000000 1.118644 1.005248 0.000000 0.000000

0.000000 1.169492 1.077784 0.000000 0.000000
0.050847 1.169492 1.107712 0.000650 0.014109
0.101695 1.169492 1.085596 0.003238 0.026269
0.152542 1.169492 1.105989 0.005877 0.039367
0.203390 1.169492 1.095304 0.010224 0.049300
0.254237 1.169492 1.103805 0.013737 0.057962
0.305085 1.169492 1.101197 0.017789 0.064530
0.355932 1.169492 1.103809 0.021289 0.069600
0.406780 1.169492 1.103561 0.024760 0.073188
0.457627 1.169492 1.104030 0.027938 0.075471
0.508475 1.169492 1.103655 0.030956 0.076516
0.559322 1.169492 1.103107 0.033797 0.076373
0.610169 1.169492 1.101769 0.036463 0.075033
0.661017 1.169492 1.100578 0.039021 0.072481
0.711864 1.169492 1.097355 0.041311 0.068590
0.762712 1.169492 1.096337 0.043555 0.063367
0.813559 1.169492 1.089110 0.045168 0.056439
0.864407 1.169492 1.090056 0.046644 0.048212
0.915254 1.169492 1.075686 0.046628 0.037850
0.966102 1.169492 1.079758 0.045706 0.027461
1.016949 1.169492 1.058222 0.042311 0.015727
1.067797 1.169492 1.060575 0.037084 0.009271
1.118644 1.169492 1.051795 0.033294 0.004585
1.169492 1.169492 1.050054 0.029811 0.001853
1.220339 1.169492 1.046414 0.027224 0.000070
1.271186 1.169492 1.044283 0.025094 -0.001004
1.322034 1.169492 1.042018 0.023413 -0.001666
1.372881 1.169492 1.040034 0.022020 -0.002054
1.423729 1.169492 1.038082 0.020851 -0.002270
1.474576 1.169492 1.036185 0.019838 -0.002376
1.525424 1.169492 1.034307 0.018942 -0.002415
1.576271 1.169492 1.032449 0.018135 -0.002414
1.627119 1.169492 1.030606 0.017400 -0.002397
1.677966 1.169492 1.028780 0.016728 -0.002380
1.728814 1.169492 1.026965 0.016120 -0.002383
1.779661 1.169492 1.025164 0.015580 -0.002429
1.830508 1.169492 1.023320 0.015114 -0.002550
1.881356 1.169492 1.021538 0.014746 -0.002788
1.932203 1.169492 1.019401 0.014438 -0.003237
1.983051 1.169492 1.017833 0.014235 -0.003905
2.033898 1.169492 1.014578 0.013765 -0.005074
2.084746 1.169492 1.013398 0.012956 -0.005751
2.135593 1.169492 1.011764 0.012124 -0.006199
2.186441 1.169492 1.010793 0.011237 -0.006328
2.237288 1.169492 1.009877 0.010380 -0.006256
2.288136 1.169492 1.009159 0.009545 -0.006035
2.338983 1.169492 1.008533 0.008741 -0.005721
2.389831 1.169492 1.007995 0.007962 -0.005351
2.440678 1.169492 1.007524 0.007207 -0.004953
2.491525 1.169492 1.007111 0.006471 -0.004546
2.542373 1.169492 1.006750 0.005751 -0.004141
2.593220 1.169492 1.006437 0.005046 -0.003744
2.644068 1.169492 1.006171 0.004355 -0.003355
2.694915 1.169492 1.005951 0.003677 -0.002973
2.745763 1.169492 1.005777 0.003012 -0.002589
2.796610 1.169492 1.005648 0.002363 -0.002192
2.847458 1.169492 1.005567 0.001731 -0.001763
2.898305 1.169492 1.005534 0.001123 -0.001278
2.949153 1.169492 1.005547 0.000542 -0.000705
3.000000 1.169492 1.005617 0.000000 0.000000

0.000000 1.220339 1.068277 0.000000 0.000000
0.050847 1.220339 1.079238 -0.000160 0.013316
0.101695 1.220339 1.075294 0.000963 0.024127
0.152542 1.220339 1.089533 0.003144 0.035798
0.203390 1.220339 1.087151 0.006674 0.044988
0.254237 1.220339 1.095318 0.010156 0.053284
0.305085 1.220339 1.095402 0.014211 0.059717
0.355932 1.220339 1.098627 0.018041 0.064817
0.406780 1.220339 1.099194 0.021944 0.068484
0.457627 1.220339 1.100007 0.025677 0.070882
0.508475 1.220339 1.099865 0.029315 0.072047
0.559322 1.220339 1.099381 0.032819 0.072028
0.610169 1.220339 1.098095 0.036172 0.070820
0.661017 1.220339 1.096728 0.039400 0.068427
0.711864 1.220339 1.093667 0.042356 0.064749
0.762712 1.220339 1.091980 0.045158 0.059852
0.813559 1.220339 1.085676 0.047339 0.053450
0.864407 1.220339 1.084671 0.049156 0.046038
0.915254 1.220339 1.073286 0.049669 0.037012
0.966102 1.220339 1.073512 0.049156 0.028159
1.016949 1.220339 1.058070 0.046788 0.018582
1.067797 1.220339 1.058658 0.042882 0.012045
1.118644 1.220339 1.052339 0.039530 0.006938
1.169492 1.220339 1.050565 0.036249 0.003572
1.220339 1.220339 1.047502 0.033553 0.001234
1.271186 1.220339 1.045344 0.031218 -0.000288
1.322034 1.220339 1.043075 0.029262 -0.001284
1.372881 1.220339 1.040982 0.027581 -0.001912
1.423729 1.220339 1.038921 0.026124 -0.002296
1.474576 1.220339 1.036914 0.024837 -0.002516
1.525424 1.220339 1.034942 0.023683 -0.002631
1.576271 1.220339 1.033004 0.022634 -0.002683
1.627119 1.220339 1.031095 0.021671 -0.002702
1.677966 1.220339 1.029214 0.020785 -0.002714
1.728814 1.220339 1.027355 0.019967 -0.002744
1.779661 1.220339 1.025520 0.019219 -0.002817
1.830508 1.220339 1.023674 0.018534 -0.002965
1.881356 1.220339 1.021886 0.017914 -0.003221
1.932203 1.220339 1.019905 0.017315 -0.003638
1.983051 1.220339 1.018304 0.016731 -0.004196
2.033898 1.220339 1.015782 0.015956 -0.004970
2.084746 1.220339 1.014415 0.014965 -0.005489
2.135593 1.220339 1.012866 0.013930 -0.005827
2.186441 1.220339 1.011762 0.012859 -0.005930
2.237288 1.220339 1.010763 0.011816 -0.005861
2.288136 1.220339 1.009939 0.010806 -0.005658
2.338983 1.220339 1.009221 0.009839 -0.005368
2.389831 1.220339 1.008601 0.008911 -0.005022
2.440678 1.220339 1.008060 0.008022 -0.004647
2.491525 1.220339 1.007587 0.007165 -0.004260
2.542373 1.220339 1.007177 0.006338 -0.003874
2.593220 1.220339 1.006824 0.005536 -0.003495
2.644068 1.220339 1.006526 0.004757 -0.003124
2.694915 1.220339 1.006281 0.004000 -0.002760
2.745763 1.220339 1.006090 0.003263 -0.002397
2.796610 1.220339 1.005952 0.002549 -0.002023
2.847458 1.220339 1.005868 0.001859 -0.001623
2.898305 1.220339 1.005839 0.001198 -0.001174
2.949153 1.220339 1.005865 0.000575 -0.000646
3.000000 1.220339 1.005959 0.000000 0.000000

0.000000 1.271186 1.078747 0.000000 0.000000
0.050847 1.271186 1.088945 -0.000458 0.010988
0.101695 1.271186 1.083723 0.000286 0.021108
0.152542 1.271186 1.092489 0.001942 0.031590
0.203390 1.271186 1.089858 0.004818 0.040320
0.254237 1.271186 1.094900 0.007991 0.048224
0.305085 1.271186 1.094594 0.011813 0.054512
0.355932 1.271186 1.096704 0.015683 0.059566
0.406780 1.271186 1.096951 0.019749 0.063255
0.457627 1.271186 1.097406 0.023785 0.065715
0.508475 1.271186 1.097103 0.027806 0.066966
0.559322 1.271186 1.096477 0.031746 0.067054
0.610169 1.271186 1.095170 0.035561 0.065983
0.661017 1.271186 1.093678 0.039234 0.063771
0.711864 1.271186 1.090904 0.042625 0.060354
0.762712 1.271186 1.088927 0.045765 0.055826
0.813559 1.271186 1.083822 0.048289 0.050002
0.864407 1.271186 1.082068 0.050297 0.043346
0.915254 1.271186 1.073906 0.051173 0.035488
0.966102 1.271186 1.072698 0.051026 0.027790
1.016949 1.271186 1.062957 0.049517 0.019715
1.067797 1.271186 1.061198 0.046782 0.013608
1.118644 1.271186 1.055666 0.044020 0.008602
1.169492 1.271186 1.052878 0.041127 0.005017
1.220339 1.271186 1.049517 0.038521 0.002395
1.271186 1.271186 1.046884 0.036143 0.000576
1.322034 1.271186 1.044329 0.034045 -0.000677
1.372881 1.271186 1.041993 0.032177 -0.001513
1.423729 1.271186 1.039759 0.030510 -0.002057
1.474576 1.271186 1.037619 0.029008 -0.002396
1.525424 1.271186 1.035544 0.027640 -0.002598
1.576271 1.271186 1.033526 0.026382 -0.002713
1.627119 1.271186 1.031554 0.025217 -0.002778
1.677966 1.271186 1.029623 0.024133 -0.002826
1.728814 1.271186 1.027726 0.023120 -0.002883
1.779661 1.271186 1.025863 0.022170 -0.002976
1.830508 1.271186 1.024011 0.021274 -0.003132
1.881356 1.271186 1.022204 0.020420 -0.003372
1.932203 1.271186 1.020328 0.019569 -0.003725
1.983051 1.271186 1.018638 0.018695 -0.004161
2.033898 1.271186 1.016642 0.017697 -0.004696
2.084746 1.271186 1.015178 0.016566 -0.005080
2.135593 1.271186 1.013726 0.015389 -0.005331
2.186441 1.271186 1.012552 0.014189 -0.005407
2.237288 1.271186 1.011505 0.013013 -0.005342
2.288136 1.271186 1.010608 0.011873 -0.005163
2.338983 1.271186 1.009823 0.010780 -0.004903
2.389831 1.271186 1.009138 0.009735 -0.004590
2.440678 1.271186 1.008539 0.008736 -0.004247
2.491525 1.271186 1.008016 0.007778 -0.003890
2.542373 1.271186 1.007562 0.006859 -0.003532
2.593220 1.271186 1.007173 0.005973 -0.003179
2.644068 1.271186 1.006846 0.005117 -0.002833
2.694915 1.271186 1.006578 0.004290 -0.002495
2.745763 1.271186 1.006371 0.003489 -0.002159
2.796610 1.271186 1.006223 0.002716 -0.001815
2.847458 1.271186 1.006136 0.001974 -0.001451
2.898305 1.271186 1.006112 0.001267 -0.001046
2.949153 1.271186 1.006149 0.000604 -0.000574
3.000000 1.271186 1.006264 0.000000 0.000000

0.000000 1.322034 1.077855 0.000000 0.000000
0.050847 1.322034 1.082672 -0.000668 0.010021
0.101695 1.322034 1.082061 -0.000341 0.019152
0.152542 1.322034 1.087936 0.001005 0.028428
0.203390 1.322034 1.087759 0.003402 0.036386
0.254237 1.322034 1.091706 0.006341 0.043630
0.305085 1.322034 1.092203 0.009938 0.049523
0.355932 1.322034 1.094028 0.013776 0.054316
0.406780 1.322034 1.094438 0.017891 0.057869
0.457627 1.322034 1.094830 0.022086 0.060274
0.508475 1.322034 1.094544 0.026330 0.061535
0.559322 1.322034 1.093888 0.030537 0.061691
0.610169 1.322034 1.092625 0.034642 0.060748
0.661017 1.322034 1.091077 0.038592 0.058736
0.711864 1.322034 1.088552 0.042254 0.055624
0.762712 1.322034 1.086362 0.045599 0.051517
0.813559 1.322034 1.082088 0.048349 0.046323
0.864407 1.322034 1.079705 0.050510 0.040436
0.915254 1.322034 1.073394 0.051683 0.033674
0.966102 1.322034 1.071069 0.051900 0.027011
1.016949 1.322034 1.063882 0.051015 0.020193
1.067797 1.322034 1.061286 0.049116 0.014608
1.118644 1.322034 1.056667 0.046926 0.009875
1.169492 1.322034 1.053732 0.044481 0.006262
1.220339 1.322034 1.050539 0.042106 0.003506
1.271186 1.322034 1.047831 0.039829 0.001498
1.322034 1.322034 1.045223 0.037721 0.000059
1.372881 1.322034 1.042793 0.035776 -0.000943
1.423729 1.322034 1.040468 0.033989 -0.001625
1.474576 1.322034 1.038240 0.032340 -0.002074
1.525424 1.322034 1.036088 0.030813 -0.002361
1.576271 1.322034 1.034003 0.029389 -0.002540
1.627119 1.322034 1.031976 0.028056 -0.002654
1.677966 1.322034 1.030002 0.026801 -0.002737
1.728814 1.322034 1.028075 0.025614 -0.002819
1.779661 1.322034 1.026192 0.024485 -0.002925
1.830508 1.322034 1.024342 0.023401 -0.003078
1.881356 1.322034 1.022542 0.022345 -0.003292
1.932203 1.322034 1.020736 0.021288 -0.003579
1.983051 1.322034 1.019059 0.020205 -0.003914
2.033898 1.322034 1.017283 0.019043 -0.004286
2.084746 1.322034 1.015808 0.017799 -0.004567
2.135593 1.322034 1.014402 0.016520 -0.004747
2.186441 1.322034 1.013197 0.015229 -0.004799
2.237288 1.322034 1.012117 0.013961 -0.004738
2.288136 1.322034 1.011171 0.012729 -0.004582
2.338983 1.322034 1.010336 0.011545 -0.004354
2.389831 1.322034 1.009601 0.010411 -0.004078
2.440678 1.322034 1.008955 0.009327 -0.003773
2.491525 1.322034 1.008389 0.008290 -0.003452
2.542373 1.322034 1.007898 0.007296 -0.003128
2.593220 1.322034 1.007477 0.006342 -0.002807
2.644068 1.322034 1.007123 0.005423 -0.002493
2.694915 1.322034 1.006835 0.004537 -0.002185
2.745763 1.322034 1.006612 0.003683 -0.001881
2.796610 1.322034 1.006455 0.002860 -0.001573
2.847458 1.322034 1.006364 0.002072 -0.001250
2.898305 1.322034 1.006344 0.001326 -0.000897
2.949153 1.322034 1.006390 0.000629 -0.000490
3.000000 1.322034 1.006525 0.000000 0.000000

0.000000 1.372881 1.079893 0.000000 0.000000
0.050847 1.372881 1.083860 -0.000786 0.008786
0.101695 1.372881 1.083664 -0.000623 0.017091
0.152542 1.372881 1.087514 0.000465 0.025317
0.203390 1.372881 1.087726 0.002508 0.032564
0.254237 1.372881 1.090396 0.005191 0.039137
0.305085 1.372881 1.090958 0.008539 0.044580
0.355932 1.372881 1.092272 0.012256 0.049033
0.406780 1.372881 1.092609 0.016313 0.052374
0.457627 1.372881 1.092830 0.020540 0.054659
0.508475 1.372881 1.092491 0.024868 0.055884
0.559322 1.372881 1.091781 0.029200 0.056082
0.610169 1.372881 1.090547 0.033451 0.055263
0.661017 1.372881 1.088980 0.037543 0.053462
0.711864 1.372881 1.086675 0.041348 0.050679
0.762712 1.372881 1.084413 0.044799 0.047014
0.813559 1.372881 1.080801 0.047683 0.042446
0.864407 1.372881 1.078159 0.049957 0.037289
0.915254 1.372881 1.073217 0.051363 0.031491
0.966102 1.372881 1.070427 0.051898 0.025728
1.016949 1.372881 1.065029 0.051509 0.019919
1.067797 1.372881 1.062000 0.050265 0.014921
1.118644 1.372881 1.057909 0.048596 0.010589
1.169492 1.372881 1.054789 0.046593 0.007128
1.220339 1.372881 1.051601 0.044504 0.004400
1.271186 1.372881 1.048762 0.042400 0.002335
1.322034 1.372881 1.046056 0.040364 0.000804
1.372881 1.372881 1.043519 0.038420 -0.000300
1.423729 1.372881 1.041100 0.036582 -0.001078
1.474576 1.372881 1.038789 0.034848 -0.001612
1.525424 1.372881 1.036566 0.033213 -0.001969
1.576271 1.372881 1.034422 0.031668 -0.002204
1.627119 1.372881 1.032348 0.030203 -0.002362
1.677966 1.372881 1.030337 0.028811 -0.002478
1.728814 1.372881 1.028384 0.027481 -0.002581
1.779661 1.372881 1.026485 0.026203 -0.002695
1.830508 1.372881 1.024635 0.024963 -0.002839
1.881356 1.372881 1.022843 0.023747 -0.003023
1.932203 1.372881 1.021084 0.022531 -0.003252
1.983051 1.372881 1.019423 0.021296 -0.003506
2.033898 1.372881 1.017771 0.020015 -0.003771
2.084746 1.372881 1.016305 0.018686 -0.003974
2.135593 1.372881 1.014932 0.017337 -0.004102
2.186441 1.372881 1.013712 0.015985 -0.004134
2.237288 1.372881 1.012611 0.014656 -0.004078
2.288136 1.372881 1.011632 0.013364 -0.003944
2.338983 1.372881 1.010760 0.012119 -0.003749
2.389831 1.372881 1.009987 0.010924 -0.003511
2.440678 1.372881 1.009303 0.009780 -0.003245
2.491525 1.372881 1.008702 0.008686 -0.002964
2.542373 1.372881 1.008180 0.007638 -0.002677
2.593220 1.372881 1.007731 0.006632 -0.002392
2.644068 1.372881 1.007354 0.005665 -0.002112
2.694915 1.372881 1.007047 0.004734 -0.001839
2.745763 1.372881 1.006810 0.003837 -0.001570
2.796610 1.372881 1.006643 0.002976 -0.001302
2.847458 1.372881 1.006548 0.002152 -0.001025
2.898305 1.372881 1.006529 0.001373 -0.000729
2.949153 1.372881 1.006582 0.000649 -0.000395
3.000000 1.372881 1.006734 0.000000 0.000000

0.000000 1.423729 1.079853 0.000000 0.000000
0.050847 1.423729 1.082404 -0.000871 0.007866
0.101695 1.423729 1.083259 -0.000867 0.015306
0.152542 1.423729 1.086001 0.000030 0.022558
0.203390 1.423729 1.086828 0.001800 0.029040
0.254237 1.423729 1.088865 0.004260 0.034898
0.305085 1.423729 1.089612 0.007377 0.039811
0.355932 1.423729 1.090661 0.010941 0.043844
0.406780 1.423729 1.090999 0.014885 0.046898
0.457627 1.423729 1.091127 0.019059 0.049002
0.508475 1.423729 1.090769 0.023376 0.050148
0.559322 1.423729 1.090038 0.027727 0.050362
0.610169 1.423729 1.088841 0.032016 0.049657
0.661017 1.423729 1.087287 0.036149 0.048070
0.711864 1.423729 1.085154 0.040004 0.045622
0.762712 1.423729 1.082888 0.043492 0.042405
0.813559 1.423729 1.079730 0.046448 0.038444
0.864407 1.423729 1.076983 0.048805 0.033982
0.915254 1.423729 1.072883 0.050394 0.029045
0.966102 1.423729 1.069875 0.051195 0.024097
1.016949 1.423729 1.065451 0.051194 0.019158
1.067797 1.423729 1.062274 0.050448 0.014758
1.118644 1.423729 1.058564 0.049222 0.010876
1.169492 1.423729 1.055426 0.047619 0.007667
1.220339 1.423729 1.052306 0.045827 0.005069
1.271186 1.423729 1.049434 0.043935 0.003043
1.322034 1.423729 1.046690 0.042024 0.001499
1.372881 1.423729 1.044094 0.040140 0.000354
1.423729 1.423729 1.041615 0.038309 -0.000476
1.474576 1.423729 1.039243 0.036545 -0.001063
1.525424 1.423729 1.036965 0.034851 -0.001470
1.576271 1.423729 1.034773 0.033229 -0.001748
1.627119 1.423729 1.032658 0.031673 -0.001941
1.677966 1.423729 1.030616 0.030180 -0.002082
1.728814 1.423729 1.028641 0.028742 -0.002201
1.779661 1.423729 1.026731 0.027350 -0.002320
1.830508 1.423729 1.024881 0.025993 -0.002453
1.881356 1.423729 1.023097 0.024658 -0.002611
1.932203 1.423729 1.021369 0.023328 -0.002793
1.983051 1.423729 1.019728 0.021989 -0.002988
2.033898 1.423729 1.018142 0.020627 -0.003179
2.084746 1.423729 1.016690 0.019241 -0.003327
2.135593 1.423729 1.015337 0.017847 -0.003417
2.186441 1.423729 1.014111 0.016461 -0.003437
2.237288 1.423729 1.012998 0.015099 -0.003387
2.288136 1.423729 1.011996 0.013773 -0.003274
2.338983 1.423729 1.011097 0.012493 -0.003112
2.389831 1.423729 1.010294 0.011263 -0.002911
2.440678 1.423729 1.009581 0.010083 -0.002684
2.491525 1.423729 1.008952 0.008953 -0.002443
2.542373 1.423729 1.008404 0.007871 -0.002195
2.593220 1.423729 1.007931 0.006832 -0.001948
2.644068 1.423729 1.007534 0.005833 -0.001704
2.694915 1.423729 1.007209 0.004872 -0.001467
2.745763 1.423729 1.006958 0.003947 -0.001237
2.796610 1.423729 1.006781 0.003059 -0.001010
2.847458 1.423729 1.006680 0.002210 -0.000783
2.898305 1.423729 1.006661 0.001408 -0.000547
2.949153 1.423729 1.006718 0.000664 -0.000292
3.000000 1.423729 1.006882 0.000000 0.000000

0.000000 1.474576 1.080060 0.000000 0.000000
0.050847 1.474576 1.082190 -0.000944 0.006943
0.101695 1.474576 1.083267 -0.001053 0.013569
0.152542 1.474576 1.085317 -0.000324 0.019932
0.203390 1.474576 1.086296 0.001222 0.025671
0.254237 1.474576 1.087850 0.003469 0.030827
0.305085 1.474576 1.088617 0.006362 0.035185
0.355932 1.474576 1.089439 0.009746 0.038765
0.406780 1.474576 1.089738 0.013535 0.041491
0.457627 1.474576 1.089782 0.017596 0.043376
0.508475 1.474576 1.089402 0.021827 0.044414
0.559322 1.474576 1.088656 0.026118 0.044623
0.610169 1.474576 1.087489 0.030363 0.044022
0.661017 1.474576 1.085961 0.034460 0.042645
0.711864 1.474576 1.083961 0.038292 0.040527
0.762712 1.474576 1.081735 0.041763 0.037748
0.813559 1.474576 1.078895 0.044739 0.034360
0.864407 1.474576 1.076152 0.047146 0.030547
0.915254 1.474576 1.072604 0.048867 0.026377
0.966102 1.474576 1.069555 0.049878 0.022168
1.016949 1.474576 1.065742 0.050179 0.017988
1.067797 1.474576 1.062547 0.049816 0.014176
1.118644 1.474576 1.059088 0.048959 0.010767
1.169492 1.474576 1.055956 0.047704 0.007878
1.220339 1.474576 1.052876 0.046196 0.005490
1.271186 1.474576 1.049977 0.044523 0.003582
1.322034 1.474576 1.047200 0.042767 0.002095
1.372881 1.474576 1.044556 0.040980 0.000966
1.423729 1.474576 1.042026 0.039200 0.000128
1.474576 1.474576 1.039604 0.037448 -0.000479
1.525424 1.474576 1.037279 0.035740 -0.000911
1.576271 1.474576 1.035046 0.034081 -0.001214
1.627119 1.474576 1.032898 0.032475 -0.001430
1.677966 1.474576 1.030830 0.030920 -0.001589
1.728814 1.474576 1.028837 0.029411 -0.001718
1.779661 1.474576 1.026917 0.027943 -0.001838
1.830508 1.474576 1.025067 0.026508 -0.001962
1.881356 1.474576 1.023289 0.025095 -0.002098
1.932203 1.474576 1.021581 0.023692 -0.002246
1.983051 1.474576 1.019959 0.022290 -0.002396
2.033898 1.474576 1.018410 0.020881 -0.002538
2.084746 1.474576 1.016972 0.019466 -0.002648
2.135593 1.474576 1.015633 0.018054 -0.002714
2.186441 1.474576 1.014406 0.016656 -0.002727
2.237288 1.474576 1.013285 0.015285 -0.002685
2.288136 1.474576 1.012268 0.013951 -0.002594
2.338983 1.474576 1.011349 0.012661 -0.002462
2.389831 1.474576 1.010524 0.011419 -0.002297
2.440678 1.474576 1.009789 0.010226 -0.002109
2.491525 1.474576 1.009137 0.009083 -0.001908
2.542373 1.474576 1.008567 0.007986 -0.001699
2.593220 1.474576 1.008074 0.006932 -0.001489
2.644068 1.474576 1.007658 0.005920 -0.001283
2.694915 1.474576 1.007318 0.004945 -0.001083
2.745763 1.474576 1.007053 0.004007 -0.000890
2.796610 1.474576 1.006866 0.003105 -0.000706
2.847458 1.474576 1.006758 0.002242 -0.000529
2.898305 1.474576 1.006735 0.001428 -0.000356
2.949153 1.474576 1.006792 0.000673 -0.000183
3.000000 1.474576 1.006965 0.000000 0.000000

0.000000 1.525424 1.079947 0.000000 0.000000
0.050847 1.525424 1.081677 -0.001016 0.006112
0.101695 1.525424 1.082944 -0.001240 0.011941
0.152542 1.525424 1.084606 -0.000667 0.017475
0.203390 1.525424 1.085697 0.000680 0.022476
0.254237 1.525424 1.086987 0.002724 0.026941
0.305085 1.525424 1.087771 0.005403 0.030727
0.355932 1.525424 1.088462 0.008593 0.033831
0.406780 1.525424 1.088739 0.012201 0.036202
0.457627 1.525424 1.088733 0.016104 0.037843
0.508475 1.525424 1.088342 0.020196 0.038751
0.559322 1.525424 1.087593 0.024366 0.038940
0.610169 1.525424 1.086454 0.028504 0.038430
0.661017 1.525424 1.084959 0.032506 0.037255
0.711864 1.525424 1.083058 0.036259 0.035453
0.762712 1.525424 1.080885 0.039668 0.033094
0.813559 1.525424 1.078259 0.042619 0.030240
0.864407 1.525424 1.075562 0.045039 0.027032
0.915254 1.525424 1.072358 0.046844 0.023551
0.966102 1.525424 1.069335 0.048009 0.020018
1.016949 1.525424 1.065882 0.048536 0.016517
1.067797 1.525424 1.062719 0.048463 0.013273
1.118644 1.525424 1.059427 0.047904 0.010340
1.169492 1.525424 1.056322 0.046942 0.007807
1.220339 1.525424 1.053279 0.045690 0.005677
1.271186 1.525424 1.050371 0.044230 0.003944
1.322034 1.525424 1.047574 0.042640 0.002567
1.372881 1.525424 1.044895 0.040974 0.001503
1.423729 1.525424 1.042327 0.039275 0.000697
1.474576 1.525424 1.039865 0.037572 0.000101
1.525424 1.525424 1.037504 0.035886 -0.000332
1.576271 1.525424 1.035237 0.034230 -0.000643
1.627119 1.525424 1.033061 0.032611 -0.000869
1.677966 1.525424 1.030970 0.031031 -0.001037
1.728814 1.525424 1.028962 0.029491 -0.001171
1.779661 1.525424 1.027034 0.027986 -0.001290
1.830508 1.525424 1.025184 0.026511 -0.001406
1.881356 1.525424 1.023412 0.025060 -0.001524
1.932203 1.525424 1.021718 0.023624 -0.001647
1.983051 1.525424 1.020110 0.022196 -0.001767
2.033898 1.525424 1.018584 0.020774 -0.001877
2.084746 1.525424 1.017159 0.019357 -0.001962
2.135593 1.525424 1.015830 0.017951 -0.002014
2.186441 1.525424 1.014604 0.016566 -0.002025
2.237288 1.525424 1.013478 0.015210 -0.001994
2.288136 1.525424 1.012451 0.013890 -0.001925
2.338983 1.525424 1.011519 0.012613 -0.001821
2.389831 1.525424 1.010678 0.011383 -0.001690
2.440678 1.525424 1.009925 0.010199 -0.001539
2.491525 1.525424 1.009256 0.009063 -0.001376
2.542373 1.525424 1.008668 0.007973 -0.001205
2.593220 1.525424 1.008159 0.006925 -0.001032
2.644068 1.525424 1.007727 0.005917 -0.000861
2.694915 1.525424 1.007371 0.004946 -0.000697
2.745763 1.525424 1.007093 0.004010 -0.000542
2.796610 1.525424 1.006894 0.003110 -0.000399
2.847458 1.525424 1.006775 0.002248 -0.000272
2.898305 1.525424 1.006746 0.001432 -0.000161
2.949153 1.525424 1.006799 0.000675 -0.000071
3.000000 1.525424 1.006974 0.000000 0.000000

0.000000 1.576271 1.079853 0.000000 0.000000
0.050847 1.576271 1.081364 -0.001093 0.005327
0.101695 1.576271 1.082669 -0.001437 0.010394
0.152542 1.576271 1.084101 -0.001019 0.015148
0.203390 1.576271 1.085221 0.000140 0.019430
0.254237 1.576271 1.086351 0.001986 0.023222
0.305085 1.576271 1.087133 0.004453 0.026434
0.355932 1.576271 1.087745 0.007437 0.029058
0.406780 1.576271 1.088008 0.010843 0.031062
0.457627 1.576271 1.087973 0.014556 0.032446
0.508475 1.576271 1.087579 0.018467 0.033210
0.559322 1.576271 1.086833 0.022467 0.033368
0.610169 1.576271 1.085719 0.026448 0.032940
0.661017 1.576271 1.084255 0.030303 0.031955
0.711864 1.576271 1.082423 0.033930 0.030451
0.762712 1.576271 1.080301 0.037232 0.028489
0.813559 1.576271 1.077816 0.040115 0.026129
0.864407 1.576271 1.075175 0.042510 0.023479
0.915254 1.576271 1.072185 0.044350 0.020619
0.966102 1.576271 1.069209 0.045612 0.017705
1.016949 1.576271 1.065974 0.046298 0.014821
1.067797 1.576271 1.062854 0.046439 0.012116
1.118644 1.576271 1.059667 0.046113 0.009650
1.169492 1.576271 1.056586 0.045391 0.007490
1.220339 1.576271 1.053564 0.044361 0.005650
1.271186 1.576271 1.050648 0.043100 0.004129
1.322034 1.576271 1.047832 0.041675 0.002904
1.372881 1.576271 1.045124 0.040142 0.001940
1.423729 1.576271 1.042523 0.038547 0.001200
1.474576 1.576271 1.040028 0.036921 0.000642
1.525424 1.576271 1.037634 0.035291 0.000230
1.576271 1.576271 1.035340 0.033672 -0.000073
1.627119 1.576271 1.033140 0.032077 -0.000296
1.677966 1.576271 1.031031 0.030511 -0.000465
1.728814 1.576271 1.029011 0.028976 -0.000599
1.779661 1.576271 1.027077 0.027473 -0.000715
1.830508 1.576271 1.025226 0.025998 -0.000823
1.881356 1.576271 1.023459 0.024547 -0.000929
1.932203 1.576271 1.021775 0.023115 -0.001033
1.983051 1.576271 1.020179 0.021698 -0.001134
2.033898 1.576271 1.018669 0.020294 -0.001223
2.084746 1.576271 1.017254 0.018903 -0.001294
2.135593 1.576271 1.015933 0.017530 -0.001338
2.186441 1.576271 1.014710 0.016182 -0.001352
2.237288 1.576271 1.013583 0.014864 -0.001334
2.288136 1.576271 1.012550 0.013582 -0.001285
2.338983 1.576271 1.011609 0.012341 -0.001208
2.389831 1.576271 1.010757 0.011144 -0.001109
2.440678 1.576271 1.009992 0.009992 -0.000993
2.491525 1.576271 1.009309 0.008886 -0.000865
2.542373 1.576271 1.008707 0.007822 -0.000730
2.593220 1.576271 1.008183 0.006800 -0.000592
2.644068 1.576271 1.007737 0.005815 -0.000456
2.694915 1.576271 1.007367 0.004867 -0.000326
2.745763 1.576271 1.007075 0.003951 -0.000206
2.796610 1.576271 1.006862 0.003069 -0.000102
2.847458 1.576271 1.006731 0.002223 -0.000020
2.898305 1.576271 1.006690 0.001419 0.000030
2.949153 1.576271 1.006734 0.000669 0.000041
3.000000 1.576271 1.006906 0.000000 0.000000

0.000000 1.627119 1.079730 0.000000 0.000000
0.050847 1.627119 1.081034 -0.001178 0.004606
0.101695 1.627119 1.082357 -0.001654 0.008943
0.152542 1.627119 1.083663 -0.001395 0.012954
0.203390 1.627119 1.084812 -0.000420 0.016534
0.254237 1.627119 1.085874 0.001230 0.019671
0.305085 1.627119 1.086671 0.003486 0.022315
0.355932 1.627119 1.087255 0.006255 0.024462
0.406780 1.627119 1.087523 0.009440 0.026097
0.457627 1.627119 1.087483 0.012933 0.027220
0.508475 1.627119 1.087096 0.016626 0.027836
0.559322 1.627119 1.086360 0.020413 0.027957
0.610169 1.627119 1.085266 0.024188 0.027600
0.661017 1.627119 1.083826 0.027851 0.026792
0.711864 1.627119 1.082040 0.031303 0.025567
0.762712 1.627119 1.079957 0.034457 0.023975
0.813559 1.627119 1.077558 0.037227 0.022070
0.864407 1.627119 1.074961 0.039552 0.019933
0.915254 1.627119 1.072096 0.041378 0.017637
0.966102 1.627119 1.069160 0.042683 0.015290
1.016949 1.627119 1.066047 0.043466 0.012967
1.067797 1.627119 1.062959 0.043755 0.010771
1.118644 1.627119 1.059830 0.043603 0.008755
1.169492 1.627119 1.056762 0.043071 0.006970
1.220339 1.627119 1.053746 0.042230 0.005434
1.271186 1.627119 1.050817 0.041146 0.004148
1.322034 1.627119 1.047981 0.039882 0.003099
1.372881 1.627119 1.045246 0.038490 0.002264
1.423729 1.627119 1.042615 0.037014 0.001613
1.474576 1.627119 1.040090 0.035490 0.001115
1.525424 1.627119 1.037669 0.033944 0.000740
1.576271 1.627119 1.035350 0.032395 0.000460
1.627119 1.627119 1.033131 0.030859 0.000250
1.677966 1.627119 1.031008 0.029343 0.000089
1.728814 1.627119 1.028978 0.027853 -0.000041
1.779661 1.627119 1.027039 0.026390 -0.000151
1.830508 1.627119 1.025189 0.024954 -0.000252
1.881356 1.627119 1.023426 0.023541 -0.000348
1.932203 1.627119 1.021751 0.022150 -0.000441
1.983051 1.627119 1.020164 0.020778 -0.000528
2.033898 1.627119 1.018666 0.019424 -0.000605
2.084746 1.627119 1.017261 0.018089 -0.000668
2.135593 1.627119 1.015948 0.016776 -0.000711
2.186441 1.627119 1.014728 0.015489 -0.000730
2.237288 1.627119 1.013602 0.014233 -0.000725
2.288136 1.627119 1.012567 0.013013 -0.000695
2.338983 1.627119 1.011622 0.011831 -0.000644
2.389831 1.627119 1.010763 0.010691 -0.000575
2.440678 1.627119 1.009989 0.009593 -0.000490
2.491525 1.627119 1.009296 0.008537 -0.000395
2.542373 1.627119 1.008683 0.007523 -0.000293
2.593220 1.627119 1.008148 0.006546 -0.000188
2.644068 1.627119 1.007689 0.005606 -0.000083
2.694915 1.627119 1.007306 0.004700 0.000016
2.745763 1.627119 1.007000 0.003824 0.000104
2.796610 1.627119 1.006771 0.002978 0.000174
2.847458 1.627119 1.006623 0.002164 0.000215
2.898305 1.627119 1.006566 0.001386 0.000212
2.949153 1.627119 1.006593 0.000656 0.000148
3.000000 1.627119 1.006755 0.000000 0.000000

0.000000 1.677966 1.079590 0.000000 0.000000
0.050847 1.677966 1.080683 -0.001274 0.003949
0.101695 1.677966 1.082046 -0.001892 0.007591
0.152542 1.677966 1.083293 -0.001793 0.010889
0.203390 1.677966 1.084497 -0.000997 0.013786
0.254237 1.677966 1.085557 0.000459 0.016287
0.305085 1.677966 1.086397 0.002502 0.018376
0.355932 1.677966 1.086996 0.005043 0.020059
0.406780 1.677966 1.087291 0.007986 0.021333
0.457627 1.677966 1.087267 0.011227 0.022201
0.508475 1.677966 1.086897 0.014663 0.022671
0.559322 1.677966 1.086175 0.018191 0.022752
0.610169 1.677966 1.085096 0.021713 0.022460
0.661017 1.677966 1.083671 0.025133 0.021817
0.711864 1.677966 1.081908 0.028361 0.020850
0.762712 1.677966 1.079844 0.031316 0.019600
0.813559 1.677966 1.077487 0.033925 0.018111
0.864407 1.677966 1.074910 0.036132 0.016444
0.915254 1.677966 1.072105 0.037891 0.014657
0.966102 1.677966 1.069186 0.039184 0.012828
1.016949 1.677966 1.066128 0.040008 0.011016
1.067797 1.677966 1.063050 0.040385 0.009293
1.118644 1.677966 1.059940 0.040356 0.007704
1.169492 1.677966 1.056866 0.039970 0.006285
1.220339 1.677966 1.053840 0.039285 0.005052
1.271186 1.677966 1.050889 0.038360 0.004011
1.322034 1.677966 1.048027 0.037249 0.003153
1.372881 1.677966 1.045263 0.036002 0.002462
1.423729 1.677966 1.042603 0.034659 0.001916
1.474576 1.677966 1.040050 0.033257 0.001493
1.525424 1.677966 1.037604 0.031823 0.001169
1.576271 1.677966 1.035265 0.030377 0.000922
1.627119 1.677966 1.033029 0.028935 0.000733
1.677966 1.677966 1.030894 0.027507 0.000585
1.728814 1.677966 1.028857 0.026099 0.000465
1.779661 1.677966 1.026916 0.024715 0.000361
1.830508 1.677966 1.025067 0.023355 0.000268
1.881356 1.677966 1.023309 0.022020 0.000179
1.932203 1.677966 1.021642 0.020707 0.000096
1.983051 1.677966 1.020064 0.019415 0.000017
2.033898 1.677966 1.018577 0.018144 -0.000053
2.084746 1.677966 1.017181 0.016895 -0.000112
2.135593 1.677966 1.015876 0.015670 -0.000156
2.186441 1.677966 1.014662 0.014471 -0.000182
2.237288 1.677966 1.013539 0.013303 -0.000189
2.288136 1.677966 1.012505 0.012168 -0.000178
2.338983 1.677966 1.011558 0.011070 -0.000150
2.389831 1.677966 1.010697 0.010009 -0.000106
2.440678 1.677966 1.009918 0.008988 -0.000050
2.491525 1.677966 1.009219 0.008006 0.000015
2.542373 1.677966 1.008599 0.007062 0.000088
2.593220 1.677966 1.008055 0.006153 0.000164
2.644068 1.677966 1.007585 0.005279 0.000240
2.694915 1.677966 1.007189 0.004435 0.000311
2.745763 1.677966 1.006867 0.003620 0.000372
2.796610 1.677966 1.006621 0.002830 0.000413
2.847458 1.677966 1.006452 0.002066 0.000420
2.898305 1.677966 1.006371 0.001332 0.000373
2.949153 1.677966 1.006372 0.000634 0.000245
3.000000 1.677966 1.006515 0.000000 0.000000

0.000000 1.728814 1.079363 0.000000 0.000000
0.050847 1.728814 1.080240 -0.001376 0.003366
0.101695 1.728814 1.081672 -0.002141 0.006342
0.152542 1.728814 1.082937 -0.002194 0.008950
0.203390 1.728814 1.084241 -0.001569 0.011180
0.254237 1.728814 1.085369 -0.000303 0.013068
0.305085 1.728814 1.086291 0.001523 0.014625
0.355932 1.728814 1.086950 0.003820 0.015867
0.406780 1.728814 1.087298 0.006492 0.016799
0.457627 1.728814 1.087312 0.009441 0.017428
0.508475 1.728814 1.086970 0.012571 0.017760
0.559322 1.728814 1.086265 0.015787 0.017805
0.610169 1.728814 1.085197 0.018997 0.017573
0.661017 1.728814 1.083776 0.022115 0.017082
0.711864 1.728814 1.082017 0.025060 0.016353
0.762712 1.728814 1.079950 0.027760 0.015416
0.813559 1.728814 1.077598 0.030152 0.014305
0.864407 1.728814 1.075014 0.032185 0.013063
0.915254 1.728814 1.072218 0.033824 0.011734
0.966102 1.728814 1.069287 0.035049 0.010373
1.016949 1.728814 1.066234 0.035860 0.009023
1.067797 1.728814 1.063137 0.036272 0.007735
1.118644 1.728814 1.060013 0.036319 0.006540
1.169492 1.728814 1.056913 0.036040 0.005467
1.220339 1.728814 1.053858 0.035484 0.004529
1.271186 1.728814 1.050874 0.034701 0.003729
1.322034 1.728814 1.047977 0.033739 0.003064
1.372881 1.728814 1.045180 0.032641 0.002522
1.423729 1.728814 1.042489 0.031447 0.002090
1.474576 1.728814 1.039909 0.030189 0.001749
1.525424 1.728814 1.037440 0.028895 0.001484
1.576271 1.728814 1.035082 0.027583 0.001277
1.627119 1.728814 1.032833 0.026270 0.001115
1.677966 1.728814 1.030689 0.024968 0.000986
1.728814 1.728814 1.028647 0.023682 0.000877
1.779661 1.728814 1.026705 0.022416 0.000783
1.830508 1.728814 1.024859 0.021174 0.000697
1.881356 1.728814 1.023107 0.019954 0.000616
1.932203 1.728814 1.021448 0.018756 0.000540
1.983051 1.728814 1.019880 0.017581 0.000468
2.033898 1.728814 1.018403 0.016427 0.000402
2.084746 1.728814 1.017016 0.015295 0.000345
2.135593 1.728814 1.015720 0.014187 0.000300
2.186441 1.728814 1.014514 0.013104 0.000267
2.237288 1.728814 1.013396 0.012051 0.000249
2.288136 1.728814 1.012366 0.011028 0.000245
2.338983 1.728814 1.011421 0.010038 0.000254
2.389831 1.728814 1.010560 0.009082 0.000275
2.440678 1.728814 1.009780 0.008162 0.000306
2.491525 1.728814 1.009079 0.007276 0.000346
2.542373 1.728814 1.008454 0.006425 0.000392
2.593220 1.728814 1.007904 0.005607 0.000442
2.644068 1.728814 1.007426 0.004820 0.000494
2.694915 1.728814 1.007018 0.004062 0.000542
2.745763 1.728814 1.006681 0.003328 0.000581
2.796610 1.728814 1.006414 0.002616 0.000599
2.847458 1.728814 1.006218 0.001924 0.000582
2.898305 1.728814 1.006106 0.001252 0.000504
2.949153 1.728814 1.006069 0.000603 0.000327
3.000000 1.728814 1.006182 0.000000 0.000000

0.000000 1.779661 1.078928 0.000000 0.000000
0.050847 1.779661 1.079521 -0.001480 0.002851
0.101695 1.779661 1.081240 -0.002378 0.005189
0.152542 1.779661 1.082591 -0.002554 0.007122
0.203390 1.779661 1.084094 -0.002077 0.008710
0.254237 1.779661 1.085356 -0.000994 0.010019
0.305085 1.779661 1.086412 0.000603 0.011082
0.355932 1.779661 1.087169 0.002626 0.011919
0.406780 1.779661 1.087598 0.004984 0.012541
0.457627 1.779661 1.087668 0.007586 0.012955
0.508475 1.779661 1.087362 0.010345 0.013166
0.559322 1.779661 1.086675 0.013178 0.013180
0.610169 1.779661 1.085609 0.016004 0.013006
0.661017 1.779661 1.084177 0.018747 0.012654
0.711864 1.779661 1.082397 0.021338 0.012141
0.762712 1.779661 1.080298 0.023714 0.011485
0.813559 1.779661 1.077912 0.025822 0.010710
0.864407 1.779661 1.075285 0.027620 0.009846
0.915254 1.779661 1.072450 0.029077 0.008923
0.966102 1.779661 1.069469 0.030179 0.007977
1.016949 1.779661 1.066374 0.030923 0.007038
1.067797 1.779661 1.063224 0.031324 0.006138
1.118644 1.779661 1.060051 0.031406 0.005301
1.169492 1.779661 1.056899 0.031203 0.004545
1.220339 1.779661 1.053795 0.030755 0.003879
1.271186 1.779661 1.050764 0.030103 0.003308
1.322034 1.779661 1.047823 0.029289 0.002827
1.372881 1.779661 1.044987 0.028351 0.002432
1.423729 1.779661 1.042263 0.027323 0.002111
1.474576 1.779661 1.039656 0.026235 0.001855
1.525424 1.779661 1.037166 0.025110 0.001651
1.576271 1.779661 1.034792 0.023968 0.001489
1.627119 1.779661 1.032532 0.022823 0.001357
1.677966 1.779661 1.030382 0.021685 0.001249
1.728814 1.779661 1.028339 0.020561 0.001156
1.779661 1.779661 1.026399 0.019456 0.001073
1.830508 1.779661 1.024559 0.018371 0.000996
1.881356 1.779661 1.022814 0.017307 0.000923
1.932203 1.779661 1.021165 0.016264 0.000854
1.983051 1.779661 1.019607 0.015242 0.000788
2.033898 1.779661 1.018142 0.014240 0.000728
2.084746 1.779661 1.016766 0.013259 0.000674
2.135593 1.779661 1.015480 0.012299 0.000627
2.186441 1.779661 1.014283 0.011364 0.000591
2.237288 1.779661 1.013174 0.010453 0.000564
2.288136 1.779661 1.012151 0.009570 0.000548
2.338983 1.779661 1.011212 0.008715 0.000542
2.389831 1.779661 1.010355 0.007890 0.000545
2.440678 1.779661 1.009577 0.007095 0.000557
2.491525 1.779661 1.008878 0.006331 0.000575
2.542373 1.779661 1.008252 0.005597 0.000600
2.593220 1.779661 1.007699 0.004893 0.000628
2.644068 1.779661 1.007215 0.004216 0.000658
2.694915 1.779661 1.006797 0.003565 0.000687
2.745763 1.779661 1.006444 0.002936 0.000709
2.796610 1.779661 1.006155 0.002326 0.000713
2.847458 1.779661 1.005927 0.001729 0.000683
2.898305 1.779661 1.005773 0.001141 0.000589
2.949153 1.779661 1.005682 0.000559 0.000385
3.000000 1.779661 1.005749 0.000000 0.000000

0.000000 1.830508 1.078055 0.000000 0.000000
0.050847 1.830508 1.078593 -0.001555 0.002397
0.101695 1.830508 1.080503 -0.002530 0.004088
0.152542 1.830508 1.082171 -0.002776 0.005365
0.203390 1.830508 1.083924 -0.002413 0.006352
0.254237 1.830508 1.085427 -0.001511 0.007140
0.305085 1.830508 1.086676 -0.000168 0.007767
0.355932 1.830508 1.087586 0.001532 0.008256
0.406780 1.830508 1.088130 0.003507 0.008615
0.457627 1.830508 1.088279 0.005681 0.008849
0.508475 1.830508 1.088023 0.007981 0.008963
0.559322 1.830508 1.087358 0.010338 0.008957
0.610169 1.830508 1.086289 0.012684 0.008838
0.661017 1.830508 1.084833 0.014958 0.008612
0.711864 1.830508 1.083013 0.017104 0.008288
0.762712 1.830508 1.080859 0.019071 0.007877
0.813559 1.830508 1.078408 0.020817 0.007394
0.864407 1.830508 1.075706 0.022306 0.006856
0.915254 1.830508 1.072795 0.023517 0.006281
0.966102 1.830508 1.069731 0.024436 0.005692
1.016949 1.830508 1.066555 0.025064 0.005106
1.067797 1.830508 1.063323 0.025410 0.004543
1.118644 1.830508 1.060072 0.025495 0.004016
1.169492 1.830508 1.056845 0.025345 0.003538
1.220339 1.830508 1.053672 0.024992 0.003113
1.271186 1.830508 1.050579 0.024471 0.002745
1.322034 1.830508 1.047585 0.023813 0.002433
1.372881 1.830508 1.044703 0.023052 0.002171
1.423729 1.830508 1.041941 0.022215 0.001956
1.474576 1.830508 1.039304 0.021327 0.001780
1.525424 1.830508 1.036792 0.020408 0.001635
1.576271 1.830508 1.034404 0.019475 0.001517
1.627119 1.830508 1.032135 0.018539 0.001417
1.677966 1.830508 1.029982 0.017609 0.001332
1.728814 1.830508 1.027940 0.016691 0.001256
1.779661 1.830508 1.026005 0.015789 0.001187
1.830508 1.830508 1.024171 0.014905 0.001122
1.881356 1.830508 1.022436 0.014039 0.001060
1.932203 1.830508 1.020797 0.013190 0.001000
1.983051 1.830508 1.019252 0.012360 0.000943
2.033898 1.830508 1.017798 0.011547 0.000889
2.084746 1.830508 1.016435 0.010752 0.000840
2.135593 1.830508 1.015161 0.009976 0.000796
2.186441 1.830508 1.013975 0.009219 0.000759
2.237288 1.830508 1.012876 0.008483 0.000729
2.288136 1.830508 1.011863 0.007768 0.000706
2.338983 1.830508 1.010932 0.007077 0.000690
2.389831 1.830508 1.010083 0.006410 0.000681
2.440678 1.830508 1.009312 0.005768 0.000678
2.491525 1.830508 1.008618 0.005152 0.000681
2.542373 1.830508 1.007996 0.004560 0.000688
2.593220 1.830508 1.007444 0.003993 0.000699
2.644068 1.830508 1.006957 0.003450 0.000713
2.694915 1.830508 1.006533 0.002929 0.000726
2.745763 1.830508 1.006166 0.002428 0.000736
2.796610 1.830508 1.005852 0.001942 0.000732
2.847458 1.830508 1.005588 0.001466 0.000700
2.898305 1.830508 1.005379 0.000990 0.000610
2.949153 1.830508 1.005214 0.000500 0.000407
3.000000 1.830508 1.005205 0.000000 0.000000

0.000000 1.881356 1.076346 0.000000 0.000000
0.050847 1.881356 1.076667 -0.001569 0.001904
0.101695 1.881356 1.079865 -0.002484 0.002989
0.152542 1.881356 1.081835 -0.002681 0.003636
0.203390 1.881356 1.084065 -0.002394 0.004109
0.254237 1.881356 1.085846 -0.001686 0.004465
0.305085 1.881356 1.087337 -0.000654 0.004747
0.355932 1.881356 1.088424 0.000638 0.004964
0.406780 1.881356 1.089098 0.002128 0.005122
0.457627 1.881356 1.089335 0.003759 0.005223
0.508475 1.881356 1.089127 0.005476 0.005266
0.559322 1.881356 1.088473 0.007230 0.005253
0.610169 1.881356 1.087384 0.008972 0.005186
0.661017 1.881356 1.085877 0.010657 0.005066
0.711864 1.881356 1.083980 0.012244 0.004897
0.762712 1.881356 1.081727 0.013696 0.004686
0.813559 1.881356 1.079162 0.014983 0.004439
0.864407 1.881356 1.076331 0.016081 0.004164
0.915254 1.881356 1.073286 0.016972 0.003871
0.966102 1.881356 1.070084 0.017649 0.003569
1.016949 1.881356 1.066774 0.018111 0.003268
1.067797 1.881356 1.063412 0.018366 0.002977
1.118644 1.881356 1.060042 0.018430 0.002702
1.169492 1.881356 1.056706 0.018321 0.002451
1.220339 1.881356 1.053438 0.018063 0.002225
1.271186 1.881356 1.050265 0.017682 0.002027
1.322034 1.881356 1.047205 0.017201 0.001856
1.372881 1.881356 1.044272 0.016644 0.001709
1.423729 1.881356 1.041472 0.016032 0.001585
1.474576 1.881356 1.038808 0.015384 0.001480
1.525424 1.881356 1.036279 0.014715 0.001390
1.576271 1.881356 1.033882 0.014035 0.001314
1.627119 1.881356 1.031611 0.013355 0.001247
1.677966 1.881356 1.029461 0.012680 0.001187
1.728814 1.881356 1.027426 0.012016 0.001131
1.779661 1.881356 1.025501 0.011364 0.001079
1.830508 1.881356 1.023679 0.010725 0.001030
1.881356 1.881356 1.021958 0.010100 0.000982
1.932203 1.881356 1.020333 0.009490 0.000935
1.983051 1.881356 1.018802 0.008892 0.000891
2.033898 1.881356 1.017363 0.008308 0.000848
2.084746 1.881356 1.016014 0.007737 0.000808
2.135593 1.881356 1.014755 0.007179 0.000772
2.186441 1.881356 1.013583 0.006636 0.000740
2.237288 1.881356 1.012498 0.006107 0.000712
2.288136 1.881356 1.011497 0.005595 0.000688
2.338983 1.881356 1.010579 0.005099 0.000669
2.389831 1.881356 1.009742 0.004620 0.000655
2.440678 1.881356 1.008983 0.004159 0.000644
2.491525 1.881356 1.008298 0.003717 0.000637
2.542373 1.881356 1.007685 0.003294 0.000634
2.593220 1.881356 1.007139 0.002889 0.000634
2.644068 1.881356 1.006656 0.002503 0.000636
2.694915 1.881356 1.006231 0.002134 0.000638
2.745763 1.881356 1.005855 0.001783 0.000639
2.796610 1.881356 1.005521 0.001445 0.000633
2.847458 1.881356 1.005218 0.001115 0.000608
2.898305 1.881356 1.004942 0.000781 0.000542
2.949153 1.881356 1.004660 0.000417 0.000376
3.000000 1.881356 1.004515 0.000000 0.000000

0.000000 1.932203 1.070396 0.000000 0.000000
0.050847 1.932203 1.075128 -0.001331 0.001298
0.101695 1.932203 1.077948 -0.001841 0.001656
0.152542 1.932203 1.081275 -0.001946 0.001823
0.203390 1.932203 1.083917 -0.001730 0.001942
0.254237 1.932203 1.086224 -0.001293 0.002026
0.305085 1.932203 1.088037 -0.000678 0.002092
0.355932 1.932203 1.089383 0.000072 0.002142
0.406780 1.932203 1.090236 0.000925 0.002179
0.457627 1.932203 1.090592 0.001850 0.002200
0.508475 1.932203 1.090449 0.002819 0.002207
0.559322 1.932203 1.089814 0.003804 0.002198
0.610169 1.932203 1.088702 0.004779 0.002174
0.661017 1.932203 1.087136 0.005720 0.002134
0.711864 1.932203 1.085148 0.006603 0.002080
0.762712 1.932203 1.082779 0.007410 0.002013
0.813559 1.932203 1.080076 0.008123 0.001935
0.864407 1.932203 1.077093 0.008730 0.001848
0.915254 1.932203 1.073887 0.009221 0.001754
0.966102 1.932203 1.070520 0.009592 0.001657
1.016949 1.932203 1.067049 0.009843 0.001559
1.067797 1.932203 1.063532 0.009980 0.001462
1.118644 1.932203 1.060019 0.010010 0.001370
1.169492 1.932203 1.056554 0.009945 0.001283
1.220339 1.932203 1.053174 0.009799 0.001204
1.271186 1.932203 1.049905 0.009584 0.001131
1.322034 1.932203 1.046768 0.009316 0.001066
1.372881 1.932203 1.043774 0.009007 0.001008
1.423729 1.932203 1.040928 0.008669 0.000956
1.474576 1.932203 1.038233 0.008312 0.000910
1.525424 1.932203 1.035684 0.007944 0.000868
1.576271 1.932203 1.033277 0.007572 0.000830
1.627119 1.932203 1.031004 0.007202 0.000795
1.677966 1.932203 1.028858 0.006835 0.000763
1.728814 1.932203 1.026831 0.006475 0.000732
1.779661 1.932203 1.024917 0.006122 0.000702
1.830508 1.932203 1.023108 0.005777 0.000673
1.881356 1.932203 1.021401 0.005440 0.000645
1.932203 1.932203 1.019792 0.005111 0.000618
1.983051 1.932203 1.018276 0.004790 0.000591
2.033898 1.932203 1.016853 0.004476 0.000566
2.084746 1.932203 1.015521 0.004169 0.000543
2.135593 1.932203 1.014277 0.003869 0.000520
2.186441 1.932203 1.013121 0.003577 0.000500
2.237288 1.932203 1.012052 0.003293 0.000482
2.288136 1.932203 1.011067 0.003017 0.000465
2.338983 1.932203 1.010165 0.002750 0.000451
2.389831 1.932203 1.009343 0.002492 0.000439
2.440678 1.932203 1.008599 0.002245 0.000429
2.491525 1.932203 1.007929 0.002007 0.000421
2.542373 1.932203 1.007330 0.001780 0.000414
2.593220 1.932203 1.006796 0.001564 0.000409
2.644068 1.932203 1.006323 0.001358 0.000405
2.694915 1.932203 1.005902 0.001164 0.000402
2.745763 1.932203 1.005523 0.000980 0.000399
2.796610 1.932203 1.005171 0.000808 0.000393
2.847458 1.932203 1.004830 0.000643 0.000379
2.898305 1.932203 1.004457 0.000475 0.000347
2.949153 1.932203 1.004083 0.000287 0.000264
3.000000 1.932203 1.003459 0.000000 0.000000

0.000000 1.983051 1.000000 0.000000 0.000000
0.050847 1.983051 1.070239 0.000000 0.000000
0.101695 1.983051 1.077909 0.000000 0.000000
0.152542 1.983051 1.081700 0.000000 0.000000
0.203390 1.983051 1.084912 0.000000 0.000000
0.254237 1.983051 1.087520 0.000000 0.000000
0.305085 1.983051 1.089605 0.000000 0.000000
0.355932 1.983051 1.091151 0.000000 0.000000
0.406780 1.983051 1.092153 0.000000 0.000000
0.457627 1.983051 1.092604 0.000000 0.000000
0.508475 1.983051 1.092502 0.000000 0.000000
0.559322 1.983051 1.091853 0.000000 0.000000
0.610169 1.983051 1.090676 0.000000 0.000000
0.661017 1.983051 1.088996 0.000000 0.000000
0.711864 1.983051 1.086850 0.000000 0.000000
0.762712 1.983051 1.084285 0.000000 0.000000
0.813559 1.983051 1.081356 0.000000 0.000000
0.864407 1.983051 1.078126 0.000000 0.000000
0.915254 1.983051 1.074663 0.000000 0.000000
0.966102 1.983051 1.071037 0.000000 0.000000
1.016949 1.983051 1.067317 0.000000 0.000000
1.067797 1.983051 1.063569 0.000000 0.000000
1.118644 1.983051 1.059850 0.000000 0.000000
1.169492 1.983051 1.056209 0.000000 0.000000
1.220339 1.983051 1.052685 0.000000 0.000000
1.271186 1.983051 1.049303 0.000000 0.000000
1.322034 1.983051 1.046082 0.000000 0.000000
1.372881 1.983051 1.043030 0.000000 0.000000
1.423729 1.983051 1.040149 0.000000 0.000000
1.474576 1.983051 1.037437 0.000000 0.000000
1.525424 1.983051 1.034885 0.000000 0.000000
1.576271 1.983051 1.032485 0.000000 0.000000
1.627119 1.983051 1.030227 0.000000 0.000000
1.677966 1.983051 1.028099 0.000000 0.000000
1.728814 1.983051 1.026094 0.000000 0.000000
1.779661 1.983051 1.024202 0.000000 0.000000
1.830508 1.983051 1.022416 0.000000 0.000000
1.881356 1.983051 1.020730 0.000000 0.000000
1.932203 1.983051 1.019140 0.000000 0.000000
1.983051 1.983051 1.017644 0.000000 0.000000
2.033898 1.983051 1.016240 0.000000 0.000000
2.084746 1.983051 1.014925 0.000000 0.000000
2.135593 1.983051 1.013700 0.000000 0.000000
2.186441 1.983051 1.012563 0.000000 0.000000
2.237288 1.983051 1.011513 0.000000 0.000000
2.288136 1.983051 1.010548 0.000000 0.000000
2.338983 1.983051 1.009667 0.000000 0.000000
2.389831 1.983051 1.008865 0.000000 0.000000
2.440678 1.983051 1.008142 0.000000 0.000000
2.491525 1.983051 1.007493 0.000000 0.000000
2.542373 1.983051 1.006915 0.000000 0.000000
2.593220 1.983051 1.006402 0.000000 0.000000
2.644068 1.983051 1.005951 0.000000 0.000000
2.694915 1.983051 1.005552 0.000000 0.000000
2.745763 1.983051 1.005196 0.000000 0.000000
2.796610 1.983051 1.004865 0.000000 0.000000
2.847458 1.983051 1.004532 0.000000 0.000000
2.898305 1.983051 1.004126 0.000000 0.000000
2.949153 1.983051 1.003367 0.000000 0.000000
3.000000 1.983051 1.000000 0.000000 0.000000

0.000000 2.033898
0.050847 2.033898
0.101695 2.033898
0.152542 2.033898
0.203390 2.033898
0.254237 2.033898
0.305085 2.033898
0.355932 2.033898
0.406780 2.033898
0.457627 2.033898
0.508475 2.033898
0.559322 2.033898
0.610169 2.033898
0.661017 2.033898
0.711864 2.033898
0.762712 2.033898
0.813559 2.033898
0.864407 2.033898
0.915254 2.033898
0.966102 2.033898
1.016949 2.033898
1.067797 2.033898
1.118644 2.033898
1.169492 2.033898
1.220339 2.033898
1.271186 2.033898
1.322034 2.033898
1.372881 2.033898
1.423729 2.033898
1.474576 2.033898
1.525424 2.033898
1.576271 2.033898
1.627119 2.033898
1.677966 2.033898
1.728814 2.033898
1.779661 2.033898
1.830508 2.033898
1.881356 2.033898
1.932203 2.033898
1.983051 2.033898
2.033898 2.033898
2.084746 2.033898
2.135593 2.033898
2.186441 2.033898
2.237288 2.033898
2.288136 2.033898
2.338983 2.033898
2.389831 2.033898
2.440678 2.033898
2.491525 2.033898
2.542373 2.033898
2.593220 2.033898
2.644068 2.033898
2.694915 2.033898
2.745763 2.033898
2.796610 2.033898
2.847458 2.033898
2.898305 2.033898
2.949153 2.033898
3.000000 2.033898

0.000000 2.084746
0.050847 2.084746
0.101695 2.084746
0.152542 2.084746
0.203390 2.084746
0.254237 2.084746
0.305085 2.084746
0.355932 2.084746
0.406780 2.084746
0.457627 2.084746
0.508475 2.084746
0.559322 2.084746
0.610169 2.084746
0.661017 2.084746
0.711864 2.084746
0.762712 2.084746
0.813559 2.084746
0.864407 2.084746
0.915254 2.084746
0.966102 2.084746
1.016949 2.084746
1.067797 2.084746
1.118644 2.084746
1.169492 2.084746
1.220339 2.084746
1.271186 2.084746
1.322034 2.084746
1.372881 2.084746
1.423729 2.084746
1.474576 2.084746
1.525424 2.084746
1.576271 2.084746
1.627119 2.084746
1.677966 2.084746
1.728814 2.084746
1.779661 2.084746
1.830508 2.084746
1.881356 2.084746
1.932203 2.084746
1.983051 2.084746
2.033898 2.084746
2.084746 2.084746
2.135593 2.084746
2.186441 2.084746
2.237288 2.084746
2.288136 2.084746
2.338983 2.084746
2.389831 2.084746
2.440678 2.084746
2.491525 2.084746
2.542373 2.084746
2.593220 2.084746
2.644068 2.084746
2.694915 2.084746
2.745763 2.084746
2.796610 2.084746
2.847458 2.084746
2.898305 2.084746
2.949153 2.084746
3.000000 2.084746

0.000000 2.135593
0.050847 2.135593
0.101695 2.135593
0.152542 2.135593
0.203390 2.135593
0.254237 2.135593
0.305085 2.135593
0.355932 2.135593
0.406780 2.135593
0.457627 2.135593
0.508475 2.135593
0.559322 2.135593
0.610169 2.135593
0.661017 2.135593
0.711864 2.135593
0.762712 2.135593
0.813559 2.135593
0.864407 2.135593
0.915254 2.135593
0.966102 2.135593
1.016949 2.135593
1.067797 2.135593
1.118644 2.135593
1.169492 2.135593
1.220339 2.135593
1.271186 2.135593
1.322034 2.135593
1.372881 2.135593
1.423729 2.135593
1.474576 2.135593
1.525424 2.135593
1.576271 2.135593
1.627119 2.135593
1.677966 2.135593
1.728814 2.135593
1.779661 2.135593
1.830508 2.135593
1.881356 2.135593
1.932203 2.135593
1.983051 2.135593
2.033898 2.135593
2.084746 2.135593
2.135593 2.135593
2.186441 2.135593
2.237288 2.135593
2.288136 2.135593
2.338983 2.135593
2.389831 2.135593
2.440678 2.135593
2.491525 2.135593
2.542373 2.135593
2.593220 2.135593
2.644068 2.135593
2.694915 2.135593
2.745763 2.135593
2.796610 2.135593
2.847458 2.135593
2.898305 2.135593
2.949153 2.135593
3.000000 2.135593

0.000000 2.186441
0.050847 2.186441
0.101695 2.186441
0.152542 2.186441
0.203390 2.186441
0.254237 2.186441
0.305085 2.186441
0.355932 2.186441
0.406780 2.186441
0.457627 2.186441
0.508475 2.186441
0.559322 2.186441
0.610169 2.186441
0.661017 2.186441
0.711864 2.186441
0.762712 2.186441
0.813559 2.186441
0.864407 2.186441
0.915254 2.186441
0.966102 2.186441
1.016949 2.186441
1.067797 2.186441
1.118644 2.186441
1.169492 2.186441
1.220339 2.186441
1.271186 2.186441
1.322034 2.186441
1.372881 2.186441
1.423729 2.186441
1.474576 2.186441
1.525424 2.186441
1.576271 2.186441
1.627119 2.186441
1.677966 2.186441
1.728814 2.186441
1.779661 2.186441
1.830508 2.186441
1.881356 2.186441
1.932203 2.186441
1.983051 2.186441
2.033898 2.186441
2.084746 2.186441
2.135593 2.186441
2.186441 2.186441
2.237288 2.186441
2.288136 2.186441
2.338983 2.186441
2.389831 2.186441
2.440678 2.186441
2.491525 2.186441
2.542373 2.186441
2.593220 2.186441
2.644068 2.186441
2.694915 2.186441
2.745763 2.186441
2.796610 2.186441
2.847458 2.186441
2.898305 2.186441
2.949153 2.186441
3.000000 2.186441

0.000000 2.237288
0.050847 2.237288
0.101695 2.237288
0.152542 2.237288
0.203390 2.237288
0.254237 2.237288
0.305085 2.237288
0.355932 2.237288
0.406780 2.237288
0.457627 2.237288
0.508475 2.237288
0.559322 2.237288
0.610169 2.237288
0.661017 2.237288
0.711864 2.237288
0.762712 2.237288
0.813559 2.237288
0.864407 2.237288
0.915254 2.237288
0.966102 2.237288
1.016949 2.237288
1.067797 2.237288
1.118644 2.237288
1.169492 2.237288
1.220339 2.237288
1.271186 2.237288
1.322034 2.237288
1.372881 2.237288
1.423729 2.237288
1.474576 2.237288
1.525424 2.237288
1.576271 2.237288
1.627119 2.237288
1.677966 2.237288
1.728814 2.237288
1.779661 2.237288
1.830508 2.237288
1.881356 2.237288
1.932203 2.237288
1.983051 2.237288
2.033898 2.237288
2.084746 2.237288
2.135593 2.237288
2.186441 2.237288
2.237288 2.237288
2.288136 2.237288
2.338983 2.237288
2.389831 2.237288
2.440678 2.237288
2.491525 2.237288
2.542373 2.237288
2.593220 2.237288
2.644068 2.237288
2.694915 2.237288
2.745763 2.237288
2.796610 2.237288
2.847458 2.237288
2.898305 2.237288
2.949153 2.237288
3.000000 2.237288

0.000000 2.288136
0.050847 2.288136
0.101695 2.288136
0.152542 2.288136
0.203390 2.288136
0.254237 2.288136
0.305085 2.288136
0.355932 2.288136
0.406780 2.288136
0.457627 2.288136
0.508475 2.288136
0.559322 2.288136
0.610169 2.288136
0.661017 2.288136
0.711864 2.288136
0.762712 2.288136
0.813559 2.288136
0.864407 2.288136
0.915254 2.288136
0.966102 2.288136
1.016949 2.288136
1.067797 2.288136
1.118644 2.288136
1.169492 2.288136
1.220339 2.288136
1.271186 2.288136
1.322034 2.288136
1.372881 2.288136
1.423729 2.288136
1.474576 2.288136
1.525424 2.288136
1.576271 2.288136
1.627119 2.288136
1.677966 2.288136
1.728814 2.288136
1.779661 2.288136
1.830508 2.288136
1.881356 2.288136
1.932203 2.288136
1.983051 2.288136
2.033898 2.288136
2.084746 2.288136
2.135593 2.288136
2.186441 2.288136
2.237288 2.288136
2.288136 2.288136
2.338983 2.288136
2.389831 2.288136
2.440678 2.288136
2.491525 2.288136
2.542373 2.288136
2.593220 2.288136
2.644068 2.288136
2.694915 2.288136
2.745763 2.288136
2.796610 2.288136
2.847458 2.288136
2.898305 2.288136
2.949153 2.288136
3.000000 2.288136

0.000000 2.338983
0.050847 2.338983
0.101695 2.338983
0.152542 2.338983
0.203390 2.338983
0.254237 2.338983
0.305085 2.338983
0.355932 2.338983
0.406780 2.338983
0.457627 2.338983
0.508475 2.338983
0.559322 2.338983
0.610169 2.338983
0.661017 2.338983
0.711864 2.338983
0.762712 2.338983
0.813559 2.338983
0.864407 2.338983
0.915254 2.338983
0.966102 2.338983
1.016949 2.338983
1.067797 2.338983
1.118644 2.338983
1.169492 2.338983
1.220339 2.338983
1.271186 2.338983
1.322034 2.338983
1.372881 2.338983
1.423729 2.338983
1.474576 2.338983
1.525424 2.338983
1.576271 2.338983
1.627119 2.338983
1.677966 2.338983
1.728814 2.338983
1.779661 2.338983
1.830508 2.338983
1.881356 2.338983
1.932203 2.338983
1.983051 2.338983
2.033898 2.338983
2.084746 2.338983
2.135593 2.338983
2.186441 2.338983
2.237288 2.338983
2.288136 2.338983
2.338983 2.338983
2.389831 2.338983
2.440678 2.338983
2.491525 2.338983
2.542373 2.338983
2.593220 2.338983
2.644068 2.338983
2.694915 2.338983
2.745763 2.338983
2.796610 2.338983
2.847458 2.338983
2.898305 2.338983
2.949153 2.338983
3.000000 2.338983

0.000000 2.389831
0.050847 2.389831
0.101695 2.389831
0.152542 2.389831
0.203390 2.389831
0.254237 2.389831
0.305085 2.389831
0.355932 2.389831
0.406780 2.389831
0.457627 2.389831
0.508475 2.389831
0.559322 2.389831
0.610169 2.389831
0.661017 2.389831
0.711864 2.389831
0.762712 2.389831
0.813559 2.389831
0.864407 2.389831
0.915254 2.389831
0.966102 2.389831
1.016949 2.389831
1.067797 2.389831
1.118644 2.389831
1.169492 2.389831
1.220339 2.389831
1.271186 2.389831
1.322034 2.389831
1.372881 2.389831
1.423729 2.389831
1.474576 2.389831
1.525424 2.389831
1.576271 2.389831
1.627119 2.389831
1.677966 2.389831
1.728814 2.389831
1.779661 2.389831
1.830508 2.389831
1.881356 2.389831
1.932203 2.389831
1.983051 2.389831
2.033898 2.389831
2.084746 2.389831
2.135593 2.389831
2.186441 2.389831
2.237288 2.389831
2.288136 2.389831
2.338983 2.389831
2.389831 2.389831
2.440678 2.389831
2.491525 2.389831
2.542373 2.389831
2.593220 2.389831
2.644068 2.389831
2.694915 2.389831
2.745763 2.389831
2.796610 2.389831
2.847458 2.389831
2.898305 2.389831
2.949153 2.389831
3.000000 2.389831

0.000000 2.440678
0.050847 2.440678
0.101695 2.440678
0.152542 2.440678
0.203390 2.440678
0.254237 2.440678
0.305085 2.440678
0.355932 2.440678
0.406780 2.440678
0.457627 2.440678
0.508475 2.440678
0.559322 2.440678
0.610169 2.440678
0.661017 2.440678
0.711864 2.440678
0.762712 2.440678
0.813559 2.440678
0.864407 2.440678
0.915254 2.440678
0.966102 2.440678
1.016949 2.440678
1.067797 2.440678
1.118644 2.440678
1.169492 2.440678
1.220339 2.440678
1.271186 2.440678
1.322034 2.440678
1.372881 2.440678
1.423729 2.440678
1.474576 2.440678
1.525424 2.440678
1.576271 2.440678
1.627119 2.440678
1.677966 2.440678
1.728814 2.440678
1.779661 2.440678
1.830508 2.440678
1.881356 2.440678
1.932203 2.440678
1.983051 2.440678
2.033898 2.440678
2.084746 2.440678
2.135593 2.440678
2.186441 2.440678
2.237288 2.440678
2.288136 2.440678
2.338983 2.440678
2.389831 2.440678
2.440678 2.440678
2.491525 2.440678
2.542373 2.440678
2.593220 2.440678
2.644068 2.440678
2.694915 2.440678
2.745763 2.440678
2.796610 2.440678
2.847458 2.440678
2.898305 2.440678
2.949153 2.440678
3.000000 2.440678

0.000000 2.491525
0.050847 2.491525
0.101695 2.491525
0.152542 2.491525
0.203390 2.491525
0.254237 2.491525
0.305085 2.491525
0.355932 2.491525
0.406780 2.491525
0.457627 2.491525
0.508475 2.491525
0.559322 2.491525
0.610169 2.491525
0.661017 2.491525
0.711864 2.491525
0.762712 2.491525
0.813559 2.491525
0.864407 2.491525
0.915254 2.491525
0.966102 2.491525
1.016949 2.491525
1.067797 2.491525
1.118644 2.491525
1.169492 2.491525
1.220339 2.491525
1.271186 2.491525
1.322034 2.491525
1.372881 2.491525
1.423729 2.491525
1.474576 2.491525
1.525424 2.491525
1.576271 2.491525
1.627119 2.491525
1.677966 2.491525
1.728814 2.491525
1.779661 2.491525
1.830508 2.491525
1.881356 2.491525
1.932203 2.491525
1.983051 2.491525
2.033898 2.491525
2.084746 2.491525
2.135593 2.491525
2.186441 2.491525
2.237288 2.491525
2.288136 2.491525
2.338983 2.491525
2.389831 2.491525
2.440678 2.491525
2.491525 2.491525
2.542373 2.491525
2.593220 2.491525
2.644068 2.491525
2.694915 2.491525
2.745763 2.491525
2.796610 2.491525
2.847458 2.491525
2.898305 2.491525
2.949153 2.491525
3.000000 2.491525

0.000000 2.542373
0.050847 2.542373
0.101695 2.542373
0.152542 2.542373
0.203390 2.542373
0.254237 2.542373
0.305085 2.542373
0.355932 2.542373
0.406780 2.542373
0.457627 2.542373
0.508475 2.542373
0.559322 2.542373
0.610169 2.542373
0.661017 2.542373
0.711864 2.542373
0.762712 2.542373
0.813559 2.542373
0.864407 2.542373
0.915254 2.542373
0.966102 2.542373
1.016949 2.542373
1.067797 2.542373
1.118644 2.542373
1.169492 2.542373
1.220339 2.542373
1.271186 2.542373
1.322034 2.542373
1.372881 2.542373
1.423729 2.542373
1.474576 2.542373
1.525424 2.542373
1.576271 2.542373
1.627119 2.542373
1.677966 2.542373
1.728814 2.542373
1.779661 2.542373
1.830508 2.542373
1.881356 2.542373
1.932203 2.542373
1.983051 2.542373
2.033898 2.542373
2.084746 2.542373
2.135593 2.542373
2.186441 2.542373
2.237288 2.542373
2.288136 2.542373
2.338983 2.542373
2.389831 2.542373
2.440678 2.542373
2.491525 2.542373
2.542373 2.542373
2.593220 2.542373
2.644068 2.542373
2.694915 2.542373
2.745763 2.542373
2.796610 2.542373
2.847458 2.542373
2.898305 2.542373
2.949153 2.542373
3.000000 2.542373

0.000000 2.593220
0.050847 2.593220
0.101695 2.593220
0.152542 2.593220
0.203390 2.593220
0.254237 2.593220
0.305085 2.593220
0.355932 2.593220
0.406780 2.593220
0.457627 2.593220
0.508475 2.593220
0.559322 2.593220
0.610169 2.593220
0.661017 2.593220
0.711864 2.593220
0.762712 2.593220
0.813559 2.593220
0.864407 2.593220
0.915254 2.593220
0.966102 2.593220
1.016949 2.593220
1.067797 2.593220
1.118644 2.593220
1.169492 2.593220
1.220339 2.593220
1.271186 2.593220
1.322034 2.593220
1.372881 2.593220
1.423729 2.593220
1.474576 2.593220
1.525424 2.593220
1.576271 2.593220
1.627119 2.593220
1.677966 2.593220
1.728814 2.593220
1.779661 2.593220
1.830508 2.593220
1.881356 2.593220
1.932203 2.593220
1.983051 2.593220
2.033898 2.593220
2.084746 2.593220
2.135593 2.593220
2.186441 2.593220
2.237288 2.593220
2.288136 2.593220
2.338983 2.593220
2.389831 2.593220
2.440678 2.593220
2.491525 2.593220
2.542373 2.593220
2.593220 2.593220
2.644068 2.593220
2.694915 2.593220
2.745763 2.593220
2.796610 2.593220
2.847458 2.593220
2.898305 2.593220
2.949153 2.593220
3.000000 2.593220

0.000000 2.644068
0.050847 2.644068
0.101695 2.644068
0.152542 2.644068
0.203390 2.644068
0.254237 2.644068
0.305085 2.644068
0.355932 2.644068
0.406780 2.644068
0.457627 2.644068
0.508475 2.644068
0.559322 2.644068
0.610169 2.644068
0.661017 2.644068
0.711864 2.644068
0.762712 2.644068
0.813559 2.644068
0.864407 2.644068
0.915254 2.644068
0.966102 2.644068
1.016949 2.644068
1.067797 2.644068
1.118644 2.644068
1.169492 2.644068
1.220339 2.644068
1.271186 2.644068
1.322034 2.644068
1.372881 2.644068
1.423729 2.644068
1.474576 2.644068
1.525424 2.644068
1.576271 2.644068
1.627119 2.644068
1.677966 2.644068
1.728814 2.644068
1.779661 2.644068
1.830508 2.644068
1.881356 2.644068
1.932203 2.644068
1.983051 2.644068
2.033898 2.644068
2.084746 2.644068
2.135593 2.644068
2.186441 2.644068
2.237288 2.644068
2.288136 2.644068
2.338983 2.644068
2.389831 2.644068
2.440678 2.644068
2.491525 2.644068
2.542373 2.644068
2.593220 2.644068
2.644068 2.644068
2.694915 2.644068
2.745763 2.644068
2.796610 2.644068
2.847458 2.644068
2.898305 2.644068
2.949153 2.644068
3.000000 2.644068

0.000000 2.694915
0.050847 2.694915
0.101695 2.694915
0.152542 2.694915
0.203390 2.694915
0.254237 2.694915
0.305085 2.694915
0.355932 2.694915
0.406780 2.694915
0.457627 2.694915
0.508475 2.694915
0.559322 2.694915
0.610169 2.694915
0.661017 2.694915
0.711864 2.694915
0.762712 2.694915
0.813559 2.694915
0.864407 2.694915
0.915254 2.694915
0.966102 2.694915
1.016949 2.694915
1.067797 2.694915
1.118644 2.694915
1.169492 2.694915
1.220339 2.694915
1.271186 2.694915
1.322034 2.694915
1.372881 2.694915
1.423729 2.694915
1.474576 2.694915
1.525424 2.694915
1.576271 2.694915
1.627119 2.694915
1.677966 2.694915
1.728814 2.694915
1.779661 2.694915
1.830508 2.694915
1.881356 2.694915
1.932203 2.694915
1.983051 2.694915
2.033898 2.694915
2.084746 2.694915
2.135593 2.694915
2.186441 2.694915
2.237288 2.694915
2.288136 2.694915
2.338983 2.694915
2.389831 2.694915
2.440678 2.694915
2.491525 2.694915
2.542373 2.694915
2.593220 2.694915
2.644068 2.694915
2.694915 2.694915
2.745763 2.694915
2.796610 2.694915
2.847458 2.694915
2.898305 2.694915
2.949153 2.694915
3.000000 2.694915

0.000000 2.745763
0.050847 2.745763
0.101695 2.745763
0.152542 2.745763
0.203390 2.745763
0.254237 2.745763
0.305085 2.745763
0.355932 2.745763
0.406780 2.745763
0.457627 2.745763
0.508475 2.745763
0.559322 2.745763
0.610169 2.745763
0.661017 2.745763
0.711864 2.745763
0.762712 2.745763
0.813559 2.745763
0.864407 2.745763
0.915254 2.745763
0.966102 2.745763
1.016949 2.745763
1.067797 2.745763
1.118644 2.745763
1.169492 2.745763
1.220339 2.745763
1.271186 2.745763
1.322034 2.745763
1.372881 2.745763
1.423729 2.745763
1.474576 2.745763
1.525424 2.745763
1.576271 2.745763
1.627119 2.745763
1.677966 2.745763
1.728814 2.745763
1.779661 2.745763
1.830508 2.745763
1.881356 2.745763
1.932203 2.745763
1.983051 2.745763
2.033898 2.745763
2.084746 2.745763
2.135593 2.745763
2.186441 2.745763
2.237288 2.745763
2.288136 2.745763
2.338983 2.745763
2.389831 2.745763
2.440678 2.745763
2.491525 2.745763
2.542373 2.745763
2.593220 2.745763
2.644068 2.745763
2.694915 2.745763
2.745763 2.745763
2.796610 2.745763
2.847458 2.745763
2.898305 2.745763
2.949153 2.745763
3.000000 2.745763

0.000000 2.796610
0.050847 2.796610
0.101695 2.796610
0.152542 2.796610
0.203390 2.796610
0.254237 2.796610
0.305085 2.796610
0.355932 2.796610
0.406780 2.796610
0.457627 2.796610
0.508475 2.796610
0.559322 2.796610
0.610169 2.796610
0.661017 2.796610
0.711864 2.796610
0.762712 2.796610
0.813559 2.796610
0.864407 2.796610
0.915254 2.796610
0.966102 2.796610
1.016949 2.796610
1.067797 2.796610
1.118644 2.796610
1.169492 2.796610
1.220339 2.796610
1.271186 2.796610
1.322034 2.796610
1.372881 2.796610
1.423729 2.796610
1.474576 2.796610
1.525424 2.796610
1.576271 2.796610
1.627119 2.796610
1.677966 2.796610
1.728814 2.796610
1.779661 2.796610
1.830508 2.796610
1.881356 2.796610
1.932203 2.796610
1.983051 2.796610
2.033898 2.796610
2.084746 2.796610
2.135593 2.796610
2.186441 2.796610
2.237288 2.796610
2.288136 2.796610
2.338983 2.796610
2.389831 2.796610
2.440678 2.796610
2.491525 2.796610
2.542373 2.796610
2.593220 2.796610
2.644068 2.796610
2.694915 2.796610
2.745763 2.796610
2.796610 2.796610
2.847458 2.796610
2.898305 2.796610
2.949153 2.796610
3.000000 2.796610

0.000000 2.847458
0.050847 2.847458
0.101695 2.847458
0.152542 2.847458
0.203390 2.847458
0.254237 2.847458
0.305085 2.847458
0.355932 2.847458
0.406780 2.847458
0.457627 2.847458
0.508475 2.847458
0.559322 2.847458
0.610169 2.847458
0.661017 2.847458
0.711864 2.847458
0.762712 2.847458
0.813559 2.847458
0.864407 2.847458
0.915254 2.847458
0.966102 2.847458
1.016949 2.847458
1.067797 2.847458
1.118644 2.847458
1.169492 2.847458
1.220339 2.847458
1.271186 2.847458
1.322034 2.847458
1.372881 2.847458
1.423729 2.847458
1.474576 2.847458
1.525424 2.847458
1.576271 2.847458
1.627119 2.847458
1.677966 2.847458
1.728814 2.847458
1.779661 2.847458
1.830508 2.847458
1.881356 2.847458
1.932203 2.847458
1.983051 2.847458
2.033898 2.847458
2.084746 2.847458
2.135593 2.847458
2.186441 2.847458
2.237288 2.847458
2.288136 2.847458
2.338983 2.847458
2.389831 2.847458
2.440678 2.847458
2.491525 2.847458
2.542373 2.847458
2.593220 2.847458
2.644068 2.847458
2.694915 2.847458
2.745763 2.847458
2.796610 2.847458
2.847458 2.847458
2.898305 2.847458
2.949153 2.847458
3.000000 2.847458

0.000000 2.898305
0.050847 2.898305
0.101695 2.898305
0.152542 2.898305
0.203390 2.898305
0.254237 2.898305
0.305085 2.898305
0.355932 2.898305
0.406780 2.898305
0.457627 2.898305
0.508475 2.898305
0.559322 2.898305
0.610169 2.898305
0.661017 2.898305
0.711864 2.898305
0.762712 2.898305
0.813559 2.898305
0.864407 2.898305
0.915254 2.898305
0.966102 2.898305
1.016949 2.898305
1.067797 2.898305
1.118644 2.898305
1.169492 2.898305
1.220339 2.898305
1.271186 2.898305
1.322034 2.898305
1.372881 2.898305
1.423729 2.898305
1.474576 2.898305
1.525424 2.898305
1.576271 2.898305
1.627119 2.898305
1.677966 2.898305
1.728814 2.898305
1.779661 2.898305
1.830508 2.898305
1.881356 2.898305
1.932203 2.898305
1.983051 2.898305
2.033898 2.898305
2.084746 2.898305
2.135593 2.898305
2.186441 2.898305
2.237288 2.898305
2.288136 2.898305
2.338983 2.898305
2.389831 2.898305
2.440678 2.898305
2.491525 2.898305
2.542373 2.898305
2.593220 2.898305
2.644068 2.898305
2.694915 2.898305
2.745763 2.898305
2.796610 2.898305
2.847458 2.898305
2.898305 2.898305
2.949153 2.898305
3.000000 2.898305

0.000000 2.949153
0.050847 2.949153
0.101695 2.949153
0.152542 2.949153
0.203390 2.949153
0.254237 2.949153
0.305085 2.949153
0.355932 2.949153
0.406780 2.949153
0.457627 2.949153
0.508475 2.949153
0.559322 2.949153
0.610169 2.949153
0.661017 2.949153
0.711864 2.949153
0.762712 2.949153
0.813559 2.949153
0.864407 2.949153
0.915254 2.949153
0.966102 2.949153
1.016949 2.949153
1.067797 2.949153
1.118644 2.949153
1.169492 2.949153
1.220339 2.949153
1.271186 2.949153
1.322034 2.949153
1.372881 2.949153
1.423729 2.949153
1.474576 2.949153
1.525424 2.949153
1.576271 2.949153
1.627119 2.949153
1.677966 2.949153
1.728814 2.949153
1.779661 2.949153
1.830508 2.949153
1.881356 2.949153
1.932203 2.949153
1.983051 2.949153
2.033898 2.949153
2.084746 2.949153
2.135593 2.949153
2.186441 2.949153
2.237288 2.949153
2.288136 2.949153
2.338983 2.949153
2.389831 2.949153
2.440678 2.949153
2.491525 2.949153
2.542373 2.949153
2.593220 2.949153
2.644068 2.949153
2.694915 2.949153
2.745763 2.949153
2.796610 2.949153
2.847458 2.949153
2.898305 2.949153
2.949153 2.949153
3.000000 2.949153

0.000000 3.000000
0.050847 3.000000
0.101695 3.000000
0.152542 3.000000
0.203390 3.000000
0.254237 3.000000
0.305085 3.000000
0.355932 3.000000
0.406780 3.000000
0.457627 3.000000
0.508475 3.000000
0.559322 3.000000
0.610169 3.000000
0.661017 3.000000
0.711864 3.000000
0.762712 3.000000
0.813559 3.000000
0.864407 3.000000
0.915254 3.000000
0.966102 3.000000
1.016949 3.000000
1.067797 3.000000
1.118644 3.000000
1.169492 3.000000
1.220339 3.000000
1.271186 3.000000
1.322034 3.000000
1.372881 3.000000
1.423729 3.000000
1.474576 3.000000
1.525424 3.000000
1.576271 3.000000
1.627119 3.000000
1.677966 3.000000
1.728814 3.000000
1.779661 3.000000
1.830508 3.000000
1.881356 3.000000
1.932203 3.000000
1.983051 3.000000
2.033898 3.000000
2.084746 3.000000
2.135593 3.000000
2.186441 3.000000
2.237288 3.000000
2.288136 3.000000
2.338983 3.000000
2.389831 3.000000
2.440678 3.000000
2.491525 3.000000
2.542373 3.000000
2.593220 3.000000
2.644068 3.000000
2.694915 3.000000
2.745763 3.000000
2.796610 3.000000
2.847458 3.000000
2.898305 3.000000
2.949153 3.000000
3.000000 3.000000

