0 0 1 0.3 0
0.0252101 0 1.05978 0 0
0.0504202 0 0.974182 0 0
0.0756303 0 0.914116 0 0
0.10084 0 0.988696 0 0
0.12605 0 1.18025 0 0
0.151261 0 1.46608 0 0
0.176471 0 1.7362 0 0
0.201681 0 1.85638 0 0
0.226891 0 1.81939 0 0
0.252101 0 1.707 0 0
0.277311 0 1.58699 0 0
0.302521 0 1.48907 0 0
0.327731 0 1.42348 0 0
0.352941 0 1.39358 0 0
0.378151 0 1.39616 0 0
0.403361 0 1.41955 0 0
0.428571 0 1.44754 0 0
0.453782 0 1.46734 0 0
0.478992 0 1.47421 0 0
0.504202 0 1.46992 0 0
0.529412 0 1.45867 0 0
0.554622 0 1.4444 0 0
0.579832 0 1.43015 0 0
0.605042 0 1.41803 0 0
0.630252 0 1.40935 0 0
0.655462 0 1.40469 0 0
0.680672 0 1.40396 0 0
0.705882 0 1.40657 0 0
0.731092 0 1.41162 0 0
0.756303 0 1.41802 0 0
0.781513 0 1.42468 0 0
0.806723 0 1.43051 0 0
0.831933 0 1.43457 0 0
0.857143 0 1.43672 0 0
0.882353 0 1.43715 0 0
0.907563 0 1.43663 0 0
0.932773 0 1.44015 0 0
0.957983 0 1.44247 0 0
0.983193 0 1 0 0
1.0084 0 0 0 0
1.03361 0 0 0 0
1.05882 0 0 0 0
1.08403 0 0 0 0
1.10924 0 0 0 0
1.13445 0 0 0 0
1.15966 0 0 0 0
1.18487 0 0 0 0
1.21008 0 0 0 0
1.23529 0 0 0 0
1.2605 0 0 0 0
1.28571 0 0 0 0
1.31092 0 0 0 0
1.33613 0 0 0 0
1.36134 0 0 0 0
1.38655 0 0 0 0
1.41176 0 0 0 0
1.43697 0 0 0 0
1.46218 0 0 0 0
1.48739 0 0 0 0
1.51261 0 0 0 0
1.53782 0 0 0 0
1.56303 0 0 0 0
1.58824 0 0 0 0
1.61345 0 0 0 0
1.63866 0 0 0 0
1.66387 0 0 0 0
1.68908 0 0 0 0
1.71429 0 0 0 0
1.7395 0 0 0 0
1.76471 0 0 0 0
1.78992 0 0 0 0
1.81513 0 0 0 0
1.84034 0 0 0 0
1.86555 0 0 0 0
1.89076 0 0 0 0
1.91597 0 0 0 0
1.94118 0 0 0 0
1.96639 0 0 0 0
1.9916 0 0 0 0
2.01681 0 1.00005 0 0
2.04202 0 1.00005 -7.10106e-06 -0.000121737
2.06723 0 1.00005 -1.30942e-05 -0.000239754
2.09244 0 1.00004 -1.78716e-05 -0.00035316
2.11765 0 1.00004 -2.13537e-05 -0.000461375
2.14286 0 1.00003 -2.34987e-05 -0.000563965
2.16807 0 1.00002 -2.43035e-05 -0.00066057
2.19328 0 1.00002 -2.37981e-05 -0.000750878
2.21849 0 1.00001 -2.20409e-05 -0.000834615
2.2437 0 1 -1.91142e-05 -0.000911541
2.26891 0 1 -1.51204e-05 -0.000981452
2.29412 0 0.999996 -1.01782e-05 -0.00104418
2.31933 0 0.999993 -4.41918e-06 -0.00109959
2.34454 0 0.999991 2.01552e-06 -0.0011476
2.36975 0 0.999989 8.97836e-06 -0.00118816
2.39496 0 0.999989 1.63182e-05 -0.00122124
2.42017 0 0.99999 2.38828e-05 -0.00124687
2.44538 0 0.999991 3.15213e-05 -0.0012651
2.47059 0 0.999994 3.90861e-05 -0.00127602
2.4958 0 0.999997 4.64344e-05 -0.00127971
2.52101 0 1 5.34299e-05 -0.0012763
2.54622 0 1.00001 5.99436e-05 -0.00126592
2.57143 0 1.00001 6.58545e-05 -0.00124871
2.59664 0 1.00002 7.10504e-05 -0.00122478
2.62185 0 1.00002 7.5428e-05 -0.00119427
2.64706 0 1.00003 7.88927e-05 -0.00115731
2.67227 0 1.00004 8.1359e-05 -0.00111398
2.69748 0 1.00005 8.27499e-05 -0.00106438
2.72269 0 1.00005 8.29969e-05 -0.00100858
2.7479 0 1.00006 8.20399e-05 -0.00094662
2.77311 0 1.00007 7.98269e-05 -0.000878545
2.79832 0 1.00008 7.63146e-05 -0.000804372
2.82353 0 1.00008 7.14682e-05 -0.000724117
2.84874 0 1.00009 6.52633e-05 -0.000637798
2.87395 0 1.0001 5.76871e-05 -0.000545452
2.89916 0 1.00011 4.87409e-05 -0.000447152
2.92437 0 1.00011 3.84444e-05 -0.000343047
2.94958 0 1.00012 2.68406e-05 -0.000233409
2.97479 0 1.00012 1.39986e-05 -0.000118744
3 0 1.00012 0 0

0 0.0253165 1 0.3 0
0.0252101 0.0253165 2.10518 0.1307 -0.0217312
0.0504202 0.0253165 1.81425 0.106494 -0.0522802
0.0756303 0.0253165 1.48071 0.0864852 -0.0655376
0.10084 0.0253165 1.4256 0.066373 -0.0631767
0.12605 0.0253165 1.47233 0.0557485 -0.0476577
0.151261 0.0253165 1.5295 0.0521874 -0.023783
0.176471 0.0253165 1.54936 0.0504424 0.000301821
0.201681 0.0253165 1.54842 0.0467006 0.016754
0.226891 0.0253165 1.55277 0.0409998 0.0232096
0.252101 0.0253165 1.56178 0.0352749 0.021806
0.277311 0.0253165 1.56095 0.0308845 0.0156316
0.302521 0.0253165 1.54304 0.0280201 0.00746147
0.327731 0.0253165 1.51469 0.0262618 -0.00011704
0.352941 0.0253165 1.48744 0.0251343 -0.00507688
0.378151 0.0253165 1.46764 0.0242416 -0.00665565
0.403361 0.0253165 1.45557 0.0232418 -0.00545355
0.428571 0.0253165 1.44926 0.021911 -0.00281184
0.453782 0.0253165 1.44682 0.0202218 -4.55655e-05
0.478992 0.0253165 1.4465 0.0183157 0.00200505
0.504202 0.0253165 1.44651 0.0163908 0.00302835
0.529412 0.0253165 1.44535 0.0145995 0.00308419
0.554622 0.0253165 1.44238 0.0130086 0.00242895
0.579832 0.0253165 1.43781 0.0116139 0.00139067
0.605042 0.0253165 1.43244 0.0103728 0.000285266
0.630252 0.0253165 1.42724 0.00923295 -0.00063868
0.655462 0.0253165 1.42301 0.00814903 -0.00122759
0.680672 0.0253165 1.42027 0.00709 -0.00142541
0.705882 0.0253165 1.41917 0.00604021 -0.0012587
0.731092 0.0253165 1.41963 0.00499797 -0.00081355
0.756303 0.0253165 1.42137 0.00397318 -0.000212048
0.781513 0.0253165 1.42398 0.00298433 0.000407707
0.806723 0.0253165 1.42709 0.00206374 0.000908167
0.831933 0.0253165 1.43004 0.00124011 0.00117383
0.857143 0.0253165 1.43318 0.000579197 0.00116242
0.882353 0.0253165 1.43458 7.137e-05 0.000888609
0.907563 0.0253165 1.43802 -0.000197931 0.000563862
0.932773 0.0253165 1.43682 -0.000358666 0.000280972
0.957983 0.0253165 1.44245 -0.000304816 0.000229377
0.983193 0.0253165 1.44139 0 0
1.0084 0.0253165 0 0 0
1.03361 0.0253165 0 0 0
1.05882 0.0253165 0 0 0
1.08403 0.0253165 0 0 0
1.10924 0.0253165 0 0 0
1.13445 0.0253165 0 0 0
1.15966 0.0253165 0 0 0
1.18487 0.0253165 0 0 0
1.21008 0.0253165 0 0 0
1.23529 0.0253165 0 0 0
1.2605 0.0253165 0 0 0
1.28571 0.0253165 0 0 0
1.31092 0.0253165 0 0 0
1.33613 0.0253165 0 0 0
1.36134 0.0253165 0 0 0
1.38655 0.0253165 0 0 0
1.41176 0.0253165 0 0 0
1.43697 0.0253165 0 0 0
1.46218 0.0253165 0 0 0
1.48739 0.0253165 0 0 0
1.51261 0.0253165 0 0 0
1.53782 0.0253165 0 0 0
1.56303 0.0253165 0 0 0
1.58824 0.0253165 0 0 0
1.61345 0.0253165 0 0 0
1.63866 0.0253165 0 0 0
1.66387 0.0253165 0 0 0
1.68908 0.0253165 0 0 0
1.71429 0.0253165 0 0 0
1.7395 0.0253165 0 0 0
1.76471 0.0253165 0 0 0
1.78992 0.0253165 0 0 0
1.81513 0.0253165 0 0 0
1.84034 0.0253165 0 0 0
1.86555 0.0253165 0 0 0
1.89076 0.0253165 0 0 0
1.91597 0.0253165 0 0 0
1.94118 0.0253165 0 0 0
1.96639 0.0253165 0 0 0
1.9916 0.0253165 0 0 0
2.01681 0.0253165 1.00005 0 0
2.04202 0.0253165 1.00005 -7.10106e-06 -0.000121737
2.06723 0.0253165 1.00005 -1.30942e-05 -0.000239754
2.09244 0.0253165 1.00004 -1.78716e-05 -0.00035316
2.11765 0.0253165 1.00004 -2.13537e-05 -0.000461375
2.14286 0.0253165 1.00003 -2.34987e-05 -0.000563965
2.16807 0.0253165 1.00002 -2.43035e-05 -0.00066057
2.19328 0.0253165 1.00002 -2.37981e-05 -0.000750878
2.21849 0.0253165 1.00001 -2.20409e-05 -0.000834615
2.2437 0.0253165 1 -1.91142e-05 -0.000911541
2.26891 0.0253165 1 -1.51204e-05 -0.000981452
2.29412 0.0253165 0.999996 -1.01782e-05 -0.00104418
2.31933 0.0253165 0.999993 -4.41918e-06 -0.00109959
2.34454 0.0253165 0.999991 2.01552e-06 -0.0011476
2.36975 0.0253165 0.999989 8.97836e-06 -0.00118816
2.39496 0.0253165 0.999989 1.63182e-05 -0.00122124
2.42017 0.0253165 0.99999 2.38828e-05 -0.00124687
2.44538 0.0253165 0.999991 3.15213e-05 -0.0012651
2.47059 0.0253165 0.999994 3.90861e-05 -0.00127602
2.4958 0.0253165 0.999997 4.64344e-05 -0.00127971
2.52101 0.0253165 1 5.34299e-05 -0.0012763
2.54622 0.0253165 1.00001 5.99436e-05 -0.00126592
2.57143 0.0253165 1.00001 6.58545e-05 -0.00124871
2.59664 0.0253165 1.00002 7.10504e-05 -0.00122478
2.62185 0.0253165 1.00002 7.5428e-05 -0.00119427
2.64706 0.0253165 1.00003 7.88927e-05 -0.00115731
2.67227 0.0253165 1.00004 8.1359e-05 -0.00111398
2.69748 0.0253165 1.00005 8.27499e-05 -0.00106438
2.72269 0.0253165 1.00005 8.29969e-05 -0.00100858
2.7479 0.0253165 1.00006 8.20399e-05 -0.00094662
2.77311 0.0253165 1.00007 7.98269e-05 -0.000878545
2.79832 0.0253165 1.00008 7.63146e-05 -0.000804372
2.82353 0.0253165 1.00008 7.14682e-05 -0.000724117
2.84874 0.0253165 1.00009 6.52633e-05 -0.000637798
2.87395 0.0253165 1.0001 5.76871e-05 -0.000545452
2.89916 0.0253165 1.00011 4.87409e-05 -0.000447152
2.92437 0.0253165 1.00011 3.84444e-05 -0.000343047
2.94958 0.0253165 1.00012 2.68406e-05 -0.000233409
2.97479 0.0253165 1.00012 1.39986e-05 -0.000118744
3 0.0253165 1.00012 0 0

0 0.0506329 1 0.3 0
0.0252101 0.0506329 1.74096 0.159174 0.0137876
0.0504202 0.0506329 2.07958 0.127118 -0.0167036
0.0756303 0.0506329 1.97078 0.125349 -0.0459763
0.10084 0.0506329 1.83014 0.121717 -0.0580817
0.12605 0.0506329 1.7008 0.118655 -0.0525045
0.151261 0.0506329 1.60015 0.115331 -0.034253
0.176471 0.0506329 1.52687 0.109248 -0.0121852
0.201681 0.0506329 1.47391 0.0988949 0.00622716
0.226891 0.0506329 1.44098 0.0849531 0.0178809
0.252101 0.0506329 1.4367 0.0697883 0.0228975
0.277311 0.0506329 1.46595 0.0564483 0.0224351
0.302521 0.0506329 1.51469 0.0474555 0.0178298
0.327731 0.0506329 1.55366 0.0435385 0.0108534
0.352941 0.0506329 1.56145 0.0433146 0.00377175
0.378151 0.0506329 1.53986 0.0443876 -0.00134905
0.403361 0.0506329 1.50529 0.0447959 -0.00351777
0.428571 0.0506329 1.47251 0.0436409 -0.00305634
0.453782 0.0506329 1.44845 0.0409106 -0.00106296
0.478992 0.0506329 1.43441 0.0370762 0.00130388
0.504202 0.0506329 1.429 0.0327673 0.00322003
0.529412 0.0506329 1.42954 0.0285509 0.00426931
0.554622 0.0506329 1.43296 0.0248064 0.00438205
0.579832 0.0506329 1.43657 0.0216909 0.00373802
0.605042 0.0506329 1.43869 0.0191779 0.00265574
0.630252 0.0506329 1.43874 0.0171294 0.00148236
0.655462 0.0506329 1.437 0.0153689 0.000506038
0.680672 0.0506329 1.43415 0.0137349 -9.3712e-05
0.705882 0.0506329 1.43097 0.0121075 -0.000257174
0.731092 0.0506329 1.42811 0.010417 -2.82406e-05
0.756303 0.0506329 1.42601 0.0086397 0.000474767
0.781513 0.0506329 1.42496 0.0067909 0.00109018
0.806723 0.0506329 1.42518 0.00492521 0.00164312
0.831933 0.0506329 1.42685 0.0031448 0.00196948
0.857143 0.0506329 1.42973 0.00158639 0.00198326
0.882353 0.0506329 1.43428 0.000447293 0.00164011
0.907563 0.0506329 1.43653 -0.000256846 0.00114003
0.932773 0.0506329 1.4419 -0.000417404 0.000553039
0.957983 0.0506329 1.43914 -0.000266908 0.000225027
0.983193 0.0506329 1.44155 0 0
1.0084 0.0506329 0 0 0
1.03361 0.0506329 0 0 0
1.05882 0.0506329 0 0 0
1.08403 0.0506329 0 0 0
1.10924 0.0506329 0 0 0
1.13445 0.0506329 0 0 0
1.15966 0.0506329 0 0 0
1.18487 0.0506329 0 0 0
1.21008 0.0506329 0 0 0
1.23529 0.0506329 0 0 0
1.2605 0.0506329 0 0 0
1.28571 0.0506329 0 0 0
1.31092 0.0506329 0 0 0
1.33613 0.0506329 0 0 0
1.36134 0.0506329 0 0 0
1.38655 0.0506329 0 0 0
1.41176 0.0506329 0 0 0
1.43697 0.0506329 0 0 0
1.46218 0.0506329 0 0 0
1.48739 0.0506329 0 0 0
1.51261 0.0506329 0 0 0
1.53782 0.0506329 0 0 0
1.56303 0.0506329 0 0 0
1.58824 0.0506329 0 0 0
1.61345 0.0506329 0 0 0
1.63866 0.0506329 0 0 0
1.66387 0.0506329 0 0 0
1.68908 0.0506329 0 0 0
1.71429 0.0506329 0 0 0
1.7395 0.0506329 0 0 0
1.76471 0.0506329 0 0 0
1.78992 0.0506329 0 0 0
1.81513 0.0506329 0 0 0
1.84034 0.0506329 0 0 0
1.86555 0.0506329 0 0 0
1.89076 0.0506329 0 0 0
1.91597 0.0506329 0 0 0
1.94118 0.0506329 0 0 0
1.96639 0.0506329 0 0 0
1.9916 0.0506329 0 0 0
2.01681 0.0506329 1.00006 0 0
2.04202 0.0506329 1.00007 -8.73848e-06 -0.000124072
2.06723 0.0506329 1.00007 -1.57121e-05 -0.000243653
2.09244 0.0506329 1.00007 -2.10977e-05 -0.000358311
2.11765 0.0506329 1.00007 -2.49296e-05 -0.000467617
2.14286 0.0506329 1.00007 -2.72317e-05 -0.00057119
2.16807 0.0506329 1.00007 -2.80401e-05 -0.000668695
2.19328 0.0506329 1.00007 -2.74121e-05 -0.000759828
2.21849 0.0506329 1.00007 -2.54271e-05 -0.000844319
2.2437 0.0506329 1.00007 -2.21854e-05 -0.000921928
2.26891 0.0506329 1.00007 -1.78053e-05 -0.00099245
2.29412 0.0506329 1.00007 -1.24202e-05 -0.00105572
2.31933 0.0506329 1.00007 -6.17543e-06 -0.0011116
2.34454 0.0506329 1.00007 7.75308e-07 -0.00116
2.36975 0.0506329 1.00007 8.27261e-06 -0.00120088
2.39496 0.0506329 1.00007 1.61545e-05 -0.00123422
2.42017 0.0506329 1.00007 2.42591e-05 -0.00126003
2.44538 0.0506329 1.00008 3.24269e-05 -0.00127838
2.47059 0.0506329 1.00008 4.05027e-05 -0.00128935
2.4958 0.0506329 1.00008 4.83376e-05 -0.00129304
2.52101 0.0506329 1.00008 5.579e-05 -0.00128957
2.54622 0.0506329 1.00009 6.27268e-05 -0.00127907
2.57143 0.0506329 1.00009 6.90238e-05 -0.00126168
2.59664 0.0506329 1.0001 7.45665e-05 -0.00123754
2.62185 0.0506329 1.0001 7.92499e-05 -0.00120677
2.64706 0.0506329 1.00011 8.29784e-05 -0.00116949
2.67227 0.0506329 1.00011 8.56655e-05 -0.00112581
2.69748 0.0506329 1.00012 8.72337e-05 -0.00107582
2.72269 0.0506329 1.00012 8.76136e-05 -0.00101958
2.7479 0.0506329 1.00013 8.67434e-05 -0.000957139
2.77311 0.0506329 1.00013 8.45689e-05 -0.000888534
2.79832 0.0506329 1.00013 8.10426e-05 -0.00081378
2.82353 0.0506329 1.00014 7.61238e-05 -0.000732887
2.84874 0.0506329 1.00014 6.97783e-05 -0.000645863
2.87395 0.0506329 1.00014 6.19781e-05 -0.000552733
2.89916 0.0506329 1.00014 5.27004e-05 -0.000453548
2.92437 0.0506329 1.00014 4.19246e-05 -0.00034842
2.94958 0.0506329 1.00014 2.96211e-05 -0.000237547
2.97479 0.0506329 1.00014 1.57283e-05 -0.000121259
3 0.0506329 1.00013 0 0

0 0.0759494 1 0.3 0
0.0252101 0.0759494 1.57605 0.174287 0.025156
0.0504202 0.0759494 1.95138 0.13504 0.024781
0.0756303 0.0759494 2.05845 0.13295 0.00971337
0.10084 0.0759494 2.11032 0.140171 -0.00501708
0.12605 0.0759494 2.05263 0.151946 -0.0136473
0.151261 0.0759494 1.88446 0.160389 -0.014505
0.176471 0.0759494 1.68052 0.158905 -0.00934671
0.201681 0.0759494 1.52019 0.146766 -0.00143826
0.226891 0.0759494 1.42994 0.127875 0.00644019
0.252101 0.0759494 1.39534 0.106904 0.0129423
0.277311 0.0759494 1.39807 0.0873152 0.0176718
0.302521 0.0759494 1.43086 0.0715777 0.020234
0.327731 0.0759494 1.48526 0.0614559 0.0200037
0.352941 0.0759494 1.53905 0.0573593 0.0168236
0.378151 0.0759494 1.56585 0.0577101 0.0116878
0.403361 0.0759494 1.55585 0.0595745 0.00644297
0.428571 0.0759494 1.5213 0.0602711 0.00274238
0.453782 0.0759494 1.48199 0.0585315 0.00123524
0.478992 0.0759494 1.45097 0.0544719 0.00156628
0.504202 0.0759494 1.43232 0.0489219 0.00290462
0.529412 0.0759494 1.42501 0.0428392 0.00443117
0.554622 0.0759494 1.42595 0.0370088 0.00556949
0.579832 0.0759494 1.43139 0.0319263 0.00604107
0.605042 0.0759494 1.43787 0.0277825 0.00583647
0.630252 0.0759494 1.44281 0.0245166 0.00513742
0.655462 0.0759494 1.44495 0.0219106 0.0042137
0.680672 0.0759494 1.44415 0.01969 0.00332557
0.705882 0.0759494 1.44108 0.0176027 0.00265705
0.731092 0.0759494 1.43672 0.015464 0.00228881
0.756303 0.0759494 1.43209 0.0131703 0.00220382
0.781513 0.0759494 1.42807 0.0106974 0.00231288
0.806723 0.0759494 1.42543 0.00809743 0.00248873
0.831933 0.0759494 1.42485 0.00550561 0.00259569
0.857143 0.0759494 1.42666 0.003132 0.00252444
0.882353 0.0759494 1.43075 0.00124107 0.00220067
0.907563 0.0759494 1.43595 3.51995e-05 0.00162285
0.932773 0.0759494 1.43971 -0.000456706 0.00092708
0.957983 0.0759494 1.44333 -0.000336753 0.000258274
0.983193 0.0759494 1.44152 0 0
1.0084 0.0759494 0 0 0
1.03361 0.0759494 0 0 0
1.05882 0.0759494 0 0 0
1.08403 0.0759494 0 0 0
1.10924 0.0759494 0 0 0
1.13445 0.0759494 0 0 0
1.15966 0.0759494 0 0 0
1.18487 0.0759494 0 0 0
1.21008 0.0759494 0 0 0
1.23529 0.0759494 0 0 0
1.2605 0.0759494 0 0 0
1.28571 0.0759494 0 0 0
1.31092 0.0759494 0 0 0
1.33613 0.0759494 0 0 0
1.36134 0.0759494 0 0 0
1.38655 0.0759494 0 0 0
1.41176 0.0759494 0 0 0
1.43697 0.0759494 0 0 0
1.46218 0.0759494 0 0 0
1.48739 0.0759494 0 0 0
1.51261 0.0759494 0 0 0
1.53782 0.0759494 0 0 0
1.56303 0.0759494 0 0 0
1.58824 0.0759494 0 0 0
1.61345 0.0759494 0 0 0
1.63866 0.0759494 0 0 0
1.66387 0.0759494 0 0 0
1.68908 0.0759494 0 0 0
1.71429 0.0759494 0 0 0
1.7395 0.0759494 0 0 0
1.76471 0.0759494 0 0 0
1.78992 0.0759494 0 0 0
1.81513 0.0759494 0 0 0
1.84034 0.0759494 0 0 0
1.86555 0.0759494 0 0 0
1.89076 0.0759494 0 0 0
1.91597 0.0759494 0 0 0
1.94118 0.0759494 0 0 0
1.96639 0.0759494 0 0 0
1.9916 0.0759494 0 0 0
2.01681 0.0759494 1.00008 0 0
2.04202 0.0759494 1.00009 -1.10161e-05 -0.000127232
2.06723 0.0759494 1.0001 -1.96466e-05 -0.000249274
2.09244 0.0759494 1.0001 -2.61567e-05 -0.000365971
2.11765 0.0759494 1.00011 -3.0688e-05 -0.00047705
2.14286 0.0759494 1.00011 -3.33448e-05 -0.000582213
2.16807 0.0759494 1.00012 -3.42233e-05 -0.000681158
2.19328 0.0759494 1.00012 -3.34277e-05 -0.000773603
2.21849 0.0759494 1.00012 -3.10758e-05 -0.000859284
2.2437 0.0759494 1.00012 -2.73013e-05 -0.000937966
2.26891 0.0759494 1.00012 -2.22524e-05 -0.00100945
2.29412 0.0759494 1.00013 -1.60901e-05 -0.00107355
2.31933 0.0759494 1.00013 -8.98533e-06 -0.00113016
2.34454 0.0759494 1.00013 -1.11582e-06 -0.00117918
2.36975 0.0759494 1.00013 7.33696e-06 -0.00122055
2.39496 0.0759494 1.00014 1.61908e-05 -0.00125427
2.42017 0.0759494 1.00014 2.52655e-05 -0.00128037
2.44538 0.0759494 1.00014 3.43853e-05 -0.0012989
2.47059 0.0759494 1.00014 4.3381e-05 -0.00130995
2.4958 0.0759494 1.00015 5.20913e-05 -0.00131363
2.52101 0.0759494 1.00015 6.03649e-05 -0.00131005
2.54622 0.0759494 1.00015 6.80602e-05 -0.00129937
2.57143 0.0759494 1.00016 7.50469e-05 -0.00128172
2.59664 0.0759494 1.00016 8.12053e-05 -0.00125724
2.62185 0.0759494 1.00016 8.64268e-05 -0.00122606
2.64706 0.0759494 1.00017 9.06129e-05 -0.0011883
2.67227 0.0759494 1.00017 9.36748e-05 -0.00114408
2.69748 0.0759494 1.00017 9.55326e-05 -0.00109347
2.72269 0.0759494 1.00018 9.6114e-05 -0.00103655
2.7479 0.0759494 1.00018 9.53535e-05 -0.00097336
2.77311 0.0759494 1.00018 9.31909e-05 -0.000903928
2.79832 0.0759494 1.00018 8.957e-05 -0.000828265
2.82353 0.0759494 1.00018 8.44368e-05 -0.000746366
2.84874 0.0759494 1.00018 7.77379e-05 -0.000658225
2.87395 0.0759494 1.00018 6.94167e-05 -0.00056384
2.89916 0.0759494 1.00018 5.94083e-05 -0.000463226
2.92437 0.0759494 1.00018 4.76298e-05 -0.000356431
2.94958 0.0759494 1.00017 3.39601e-05 -0.000243545
2.97479 0.0759494 1.00016 1.82083e-05 -0.000124698
3 0.0759494 1.00015 0 0

0 0.101266 1 0.3 0
0.0252101 0.101266 1.47319 0.189966 0.0281179
0.0504202 0.101266 1.75778 0.151513 0.0438169
0.0756303 0.101266 1.83462 0.145862 0.0481211
0.10084 0.101266 1.90209 0.149991 0.0466642
0.12605 0.101266 1.9425 0.160435 0.0398578
0.151261 0.101266 1.91157 0.171858 0.0290728
0.176471 0.101266 1.80388 0.177376 0.0175346
0.201681 0.101266 1.65786 0.172924 0.00877966
0.226891 0.101266 1.52697 0.159133 0.00470869
0.252101 0.101266 1.44271 0.139801 0.00524231
0.277311 0.101266 1.40689 0.119179 0.00914429
0.302521 0.101266 1.40674 0.100437 0.0147563
0.327731 0.101266 1.4312 0.0855405 0.0202008
0.352941 0.101266 1.47276 0.0756055 0.0235337
0.378151 0.101266 1.51816 0.0708031 0.0233912
0.403361 0.101266 1.54737 0.0699465 0.0198305
0.428571 0.101266 1.54671 0.0706529 0.0144339
0.453782 0.101266 1.52024 0.0704367 0.00934924
0.478992 0.101266 1.48429 0.067894 0.00607285
0.504202 0.101266 1.45341 0.0629923 0.0049381
0.529412 0.101266 1.43386 0.0565389 0.0054188
0.554622 0.101266 1.4257 0.0495432 0.0066877
0.579832 0.101266 1.42619 0.0428468 0.0080028
0.605042 0.101266 1.43165 0.036982 0.00887465
0.630252 0.101266 1.43849 0.0321518 0.00909913
0.655462 0.101266 1.44396 0.0282844 0.00871183
0.680672 0.101266 1.44655 0.0251325 0.00789767
0.705882 0.101266 1.44596 0.0223844 0.00689026
0.731092 0.101266 1.4428 0.0197551 0.00589174
0.756303 0.101266 1.43816 0.0170412 0.00502957
0.781513 0.101266 1.43327 0.014144 0.00435012
0.806723 0.101266 1.42926 0.0110742 0.00383764
0.831933 0.101266 1.42717 0.00795554 0.00343698
0.857143 0.101266 1.42742 0.00499495 0.00307251
0.882353 0.101266 1.43076 0.0024977 0.00263663
0.907563 0.101266 1.43487 0.000681185 0.00204907
0.932773 0.101266 1.44137 -0.000241375 0.00125237
0.957983 0.101266 1.44362 -0.00037582 0.000460536
0.983193 0.101266 1.44648 0 0
1.0084 0.101266 0 0 0
1.03361 0.101266 0 0 0
1.05882 0.101266 0 0 0
1.08403 0.101266 0 0 0
1.10924 0.101266 0 0 0
1.13445 0.101266 0 0 0
1.15966 0.101266 0 0 0
1.18487 0.101266 0 0 0
1.21008 0.101266 0 0 0
1.23529 0.101266 0 0 0
1.2605 0.101266 0 0 0
1.28571 0.101266 0 0 0
1.31092 0.101266 0 0 0
1.33613 0.101266 0 0 0
1.36134 0.101266 0 0 0
1.38655 0.101266 0 0 0
1.41176 0.101266 0 0 0
1.43697 0.101266 0 0 0
1.46218 0.101266 0 0 0
1.48739 0.101266 0 0 0
1.51261 0.101266 0 0 0
1.53782 0.101266 0 0 0
1.56303 0.101266 0 0 0
1.58824 0.101266 0 0 0
1.61345 0.101266 0 0 0
1.63866 0.101266 0 0 0
1.66387 0.101266 0 0 0
1.68908 0.101266 0 0 0
1.71429 0.101266 0 0 0
1.7395 0.101266 0 0 0
1.76471 0.101266 0 0 0
1.78992 0.101266 0 0 0
1.81513 0.101266 0 0 0
1.84034 0.101266 0 0 0
1.86555 0.101266 0 0 0
1.89076 0.101266 0 0 0
1.91597 0.101266 0 0 0
1.94118 0.101266 0 0 0
1.96639 0.101266 0 0 0
1.9916 0.101266 0 0 0
2.01681 0.101266 1.0001 0 0
2.04202 0.101266 1.00011 -1.37451e-05 -0.000131311
2.06723 0.101266 1.00013 -2.44688e-05 -0.000256792
2.09244 0.101266 1.00014 -3.24731e-05 -0.000376463
2.11765 0.101266 1.00014 -3.7975e-05 -0.000490178
2.14286 0.101266 1.00015 -4.11513e-05 -0.000597713
2.16807 0.101266 1.00016 -4.21631e-05 -0.000698811
2.19328 0.101266 1.00017 -4.11704e-05 -0.000793211
2.21849 0.101266 1.00017 -3.8341e-05 -0.000880662
2.2437 0.101266 1.00018 -3.38533e-05 -0.000960934
2.26891 0.101266 1.00018 -2.78974e-05 -0.00103382
2.29412 0.101266 1.00019 -2.0673e-05 -0.00109917
2.31933 0.101266 1.00019 -1.23874e-05 -0.00115683
2.34454 0.101266 1.0002 -3.2523e-06 -0.00120673
2.36975 0.101266 1.0002 6.51924e-06 -0.00124882
2.39496 0.101266 1.0002 1.67161e-05 -0.0012831
2.42017 0.101266 1.00021 2.71318e-05 -0.00130958
2.44538 0.101266 1.00021 3.75672e-05 -0.00132835
2.47059 0.101266 1.00021 4.78329e-05 -0.00133949
2.4958 0.101266 1.00022 5.77502e-05 -0.00134312
2.52101 0.101266 1.00022 6.71528e-05 -0.00133937
2.54622 0.101266 1.00022 7.58875e-05 -0.00132839
2.57143 0.101266 1.00023 8.38142e-05 -0.00131033
2.59664 0.101266 1.00023 9.08059e-05 -0.00128533
2.62185 0.101266 1.00023 9.67478e-05 -0.00125353
2.64706 0.101266 1.00023 0.000101537 -0.00121506
2.67227 0.101266 1.00023 0.000105081 -0.00117002
2.69748 0.101266 1.00023 0.000107295 -0.00111851
2.72269 0.101266 1.00023 0.000108102 -0.00106058
2.7479 0.101266 1.00023 0.000107432 -0.000996286
2.77311 0.101266 1.00023 0.000105213 -0.000925638
2.79832 0.101266 1.00023 0.000101379 -0.000848635
2.82353 0.101266 1.00023 9.58556e-05 -0.000765257
2.84874 0.101266 1.00023 8.85644e-05 -0.000675469
2.87395 0.101266 1.00022 7.94128e-05 -0.000579234
2.89916 0.101266 1.00022 6.82864e-05 -0.000476514
2.92437 0.101266 1.00021 5.50364e-05 -0.000367277
2.94958 0.101266 1.0002 3.94574e-05 -0.000251494
2.97479 0.101266 1.00019 2.12608e-05 -0.000129114
3 0.101266 1.00018 0 0

0 0.126582 1 0.3 0
0.0252101 0.126582 1.43048 0.201158 0.0269738
0.0504202 0.126582 1.68753 0.166786 0.046526
0.0756303 0.126582 1.73174 0.162005 0.0586945
0.10084 0.126582 1.7477 0.1639 0.0663479
0.12605 0.126582 1.76643 0.168825 0.0677672
0.151261 0.126582 1.77347 0.174702 0.061565
0.176471 0.126582 1.75714 0.178457 0.0489039
0.201681 0.126582 1.71057 0.177663 0.033387
0.226891 0.126582 1.63602 0.171319 0.0193601
0.252101 0.126582 1.55006 0.159822 0.010121
0.277311 0.126582 1.47671 0.14469 0.00705305
0.302521 0.126582 1.43223 0.128093 0.00955412
0.327731 0.126582 1.41805 0.112181 0.0155692
0.352941 0.126582 1.4277 0.0985811 0.0224139
0.378151 0.126582 1.45497 0.0883368 0.0274981
0.403361 0.126582 1.49144 0.0819032 0.0289917
0.428571 0.126582 1.52214 0.0788378 0.0265066
0.453782 0.126582 1.53189 0.0776188 0.0213209
0.478992 0.126582 1.51739 0.0762074 0.0156541
0.504202 0.126582 1.48914 0.0730985 0.0114108
0.529412 0.126582 1.46092 0.0679236 0.0093759
0.554622 0.126582 1.44093 0.0612306 0.00927848
0.579832 0.126582 1.43097 0.0539159 0.0103226
0.605042 0.126582 1.42932 0.0467975 0.0116662
0.630252 0.126582 1.43285 0.0404211 0.0126782
0.655462 0.126582 1.4383 0.0350164 0.0130222
0.680672 0.126582 1.44303 0.0305404 0.0126359
0.705882 0.126582 1.44544 0.0267704 0.0116507
0.731092 0.126582 1.4451 0.0234137 0.0102906
0.756303 0.126582 1.44247 0.0202018 0.00878621
0.781513 0.126582 1.43857 0.0169541 0.00732123
0.806723 0.126582 1.43458 0.0136063 0.00601528
0.831933 0.126582 1.43164 0.010218 0.00492338
0.857143 0.126582 1.43037 0.00693647 0.0040369
0.882353 0.126582 1.43179 0.00401209 0.00328012
0.907563 0.126582 1.43487 0.00167597 0.00251488
0.932773 0.126582 1.44061 0.00018791 0.00165685
0.957983 0.126582 1.44585 -0.000346034 0.000696496
0.983193 0.126582 1.45063 0 0
1.0084 0.126582 0 0 0
1.03361 0.126582 0 0 0
1.05882 0.126582 0 0 0
1.08403 0.126582 0 0 0
1.10924 0.126582 0 0 0
1.13445 0.126582 0 0 0
1.15966 0.126582 0 0 0
1.18487 0.126582 0 0 0
1.21008 0.126582 0 0 0
1.23529 0.126582 0 0 0
1.2605 0.126582 0 0 0
1.28571 0.126582 0 0 0
1.31092 0.126582 0 0 0
1.33613 0.126582 0 0 0
1.36134 0.126582 0 0 0
1.38655 0.126582 0 0 0
1.41176 0.126582 0 0 0
1.43697 0.126582 0 0 0
1.46218 0.126582 0 0 0
1.48739 0.126582 0 0 0
1.51261 0.126582 0 0 0
1.53782 0.126582 0 0 0
1.56303 0.126582 0 0 0
1.58824 0.126582 0 0 0
1.61345 0.126582 0 0 0
1.63866 0.126582 0 0 0
1.66387 0.126582 0 0 0
1.68908 0.126582 0 0 0
1.71429 0.126582 0 0 0
1.7395 0.126582 0 0 0
1.76471 0.126582 0 0 0
1.78992 0.126582 0 0 0
1.81513 0.126582 0 0 0
1.84034 0.126582 0 0 0
1.86555 0.126582 0 0 0
1.89076 0.126582 0 0 0
1.91597 0.126582 0 0 0
1.94118 0.126582 0 0 0
1.96639 0.126582 0 0 0
1.9916 0.126582 0 0 0
2.01681 0.126582 1.00012 0 0
2.04202 0.126582 1.00014 -1.67841e-05 -0.000136252
2.06723 0.126582 1.00016 -2.98935e-05 -0.000266104
2.09244 0.126582 1.00017 -3.96457e-05 -0.000389673
2.11765 0.126582 1.00018 -4.63095e-05 -0.0005069
2.14286 0.126582 1.00019 -5.01224e-05 -0.000617622
2.16807 0.126582 1.0002 -5.1307e-05 -0.00072162
2.19328 0.126582 1.00021 -5.00828e-05 -0.000818655
2.21849 0.126582 1.00022 -4.66735e-05 -0.000908487
2.2437 0.126582 1.00023 -4.13113e-05 -0.000990891
2.26891 0.126582 1.00024 -3.42367e-05 -0.00106567
2.29412 0.126582 1.00025 -2.56977e-05 -0.00113265
2.31933 0.126582 1.00026 -1.59476e-05 -0.00119172
2.34454 0.126582 1.00026 -5.24106e-06 -0.00124279
2.36975 0.126582 1.00027 6.16862e-06 -0.00128581
2.39496 0.126582 1.00027 1.80334e-05 -0.00132079
2.42017 0.126582 1.00028 3.01133e-05 -0.00134777
2.44538 0.126582 1.00028 4.21794e-05 -0.00136682
2.47059 0.126582 1.00028 5.4016e-05 -0.00137805
2.4958 0.126582 1.00029 6.54222e-05 -0.00138159
2.52101 0.126582 1.00029 7.62127e-05 -0.00137758
2.54622 0.126582 1.00029 8.62189e-05 -0.00136617
2.57143 0.126582 1.00029 9.5288e-05 -0.00134753
2.59664 0.126582 1.0003 0.000103283 -0.00132181
2.62185 0.126582 1.0003 0.000110082 -0.00128917
2.64706 0.126582 1.0003 0.000115575 -0.00124972
2.67227 0.126582 1.0003 0.000119664 -0.00120358
2.69748 0.126582 1.00029 0.000122259 -0.00115085
2.72269 0.126582 1.00029 0.000123277 -0.00109157
2.7479 0.126582 1.00029 0.000122639 -0.00102579
2.77311 0.126582 1.00029 0.000120264 -0.000953519
2.79832 0.126582 1.00028 0.000116068 -0.000874727
2.82353 0.126582 1.00028 0.000109957 -0.000789373
2.84874 0.126582 1.00027 0.000101823 -0.00069739
2.87395 0.126582 1.00026 9.1535e-05 -0.000598693
2.89916 0.126582 1.00026 7.893e-05 -0.000493182
2.92437 0.126582 1.00025 6.37974e-05 -0.000380736
2.94958 0.126582 1.00023 4.5861e-05 -0.000261211
2.97479 0.126582 1.00022 2.47599e-05 -0.000134404
3 0.126582 1.0002 0 0

0 0.151899 1 0.3 0
0.0252101 0.151899 1.39851 0.208856 0.0254228
0.0504202 0.151899 1.64592 0.177602 0.0455266
0.0756303 0.151899 1.68794 0.174751 0.0592896
0.10084 0.151899 1.67577 0.17706 0.069124
0.12605 0.151899 1.66095 0.179277 0.0742905
0.151261 0.151899 1.64981 0.180306 0.0735237
0.176471 0.151899 1.64465 0.179301 0.0667118
0.201681 0.151899 1.64483 0.17606 0.0551479
0.226891 0.151899 1.64264 0.171085 0.0411617
0.252101 0.151899 1.62407 0.164852 0.0276484
0.277311 0.151899 1.58078 0.157144 0.0175184
0.302521 0.151899 1.52219 0.14735 0.0128428
0.327731 0.151899 1.46951 0.135436 0.0139381
0.352941 0.151899 1.43786 0.122346 0.0191939
0.378151 0.151899 1.42991 0.109541 0.0259088
0.403361 0.151899 1.44241 0.0984294 0.0313723
0.428571 0.151899 1.46918 0.0900533 0.0336261
0.453782 0.151899 1.49819 0.0847085 0.0320153
0.478992 0.151899 1.51433 0.0815975 0.0274488
0.504202 0.151899 1.50974 0.0790788 0.0219227
0.529412 0.151899 1.4895 0.0755772 0.0174031
0.554622 0.151899 1.4652 0.0703851 0.0149025
0.579832 0.151899 1.44577 0.0637322 0.0143479
0.605042 0.151899 1.43455 0.0563416 0.0150278
0.630252 0.151899 1.43092 0.0489769 0.0160952
0.655462 0.151899 1.43252 0.0421939 0.0168737
0.680672 0.151899 1.43654 0.0362625 0.0169736
0.705882 0.151899 1.44058 0.0311925 0.0162878
0.731092 0.151899 1.44307 0.0268167 0.0149211
0.756303 0.151899 1.44347 0.0228946 0.0130954
0.781513 0.151899 1.44209 0.0192067 0.0110644
0.806723 0.151899 1.43969 0.0156142 0.00905361
0.831933 0.151899 1.43727 0.0120867 0.00722615
0.857143 0.151899 1.43547 0.00867652 0.00566285
0.882353 0.151899 1.43549 0.00554113 0.0043592
0.907563 0.151899 1.43693 0.00285934 0.00321823
0.932773 0.151899 1.44156 0.00091148 0.00213617
0.957983 0.151899 1.44657 -9.08244e-05 0.00102483
0.983193 0.151899 1.45327 0 0
1.0084 0.151899 0 0 0
1.03361 0.151899 0 0 0
1.05882 0.151899 0 0 0
1.08403 0.151899 0 0 0
1.10924 0.151899 0 0 0
1.13445 0.151899 0 0 0
1.15966 0.151899 0 0 0
1.18487 0.151899 0 0 0
1.21008 0.151899 0 0 0
1.23529 0.151899 0 0 0
1.2605 0.151899 0 0 0
1.28571 0.151899 0 0 0
1.31092 0.151899 0 0 0
1.33613 0.151899 0 0 0
1.36134 0.151899 0 0 0
1.38655 0.151899 0 0 0
1.41176 0.151899 0 0 0
1.43697 0.151899 0 0 0
1.46218 0.151899 0 0 0
1.48739 0.151899 0 0 0
1.51261 0.151899 0 0 0
1.53782 0.151899 0 0 0
1.56303 0.151899 0 0 0
1.58824 0.151899 0 0 0
1.61345 0.151899 0 0 0
1.63866 0.151899 0 0 0
1.66387 0.151899 0 0 0
1.68908 0.151899 0 0 0
1.71429 0.151899 0 0 0
1.7395 0.151899 0 0 0
1.76471 0.151899 0 0 0
1.78992 0.151899 0 0 0
1.81513 0.151899 0 0 0
1.84034 0.151899 0 0 0
1.86555 0.151899 0 0 0
1.89076 0.151899 0 0 0
1.91597 0.151899 0 0 0
1.94118 0.151899 0 0 0
1.96639 0.151899 0 0 0
1.9916 0.151899 0 0 0
2.01681 0.151899 1.00015 0 0
2.04202 0.151899 1.00017 -2.00599e-05 -0.000142078
2.06723 0.151899 1.00019 -3.57606e-05 -0.000277238
2.09244 0.151899 1.00021 -4.74317e-05 -0.000405645
2.11765 0.151899 1.00022 -5.53808e-05 -0.000527292
2.14286 0.151899 1.00024 -5.98967e-05 -0.000642056
2.16807 0.151899 1.00025 -6.12596e-05 -0.000749748
2.19328 0.151899 1.00027 -5.97487e-05 -0.000850143
2.21849 0.151899 1.00028 -5.56481e-05 -0.000943012
2.2437 0.151899 1.00029 -4.92492e-05 -0.00102813
2.26891 0.151899 1.0003 -4.08509e-05 -0.00110531
2.29412 0.151899 1.00031 -3.0758e-05 -0.00117437
2.31933 0.151899 1.00032 -1.92777e-05 -0.0012352
2.34454 0.151899 1.00033 -6.71627e-06 -0.00128773
2.36975 0.151899 1.00034 6.62483e-06 -0.0013319
2.39496 0.151899 1.00034 2.04531e-05 -0.00136775
2.42017 0.151899 1.00035 3.44884e-05 -0.00139532
2.44538 0.151899 1.00035 4.84658e-05 -0.00141469
2.47059 0.151899 1.00036 6.21381e-05 -0.00142599
2.4958 0.151899 1.00036 7.52773e-05 -0.00142937
2.52101 0.151899 1.00036 8.76756e-05 -0.00142498
2.54622 0.151899 1.00036 9.91455e-05 -0.00141299
2.57143 0.151899 1.00036 0.000109519 -0.00139359
2.59664 0.151899 1.00036 0.000118648 -0.00136693
2.62185 0.151899 1.00036 0.0001264 -0.00133318
2.64706 0.151899 1.00036 0.000132658 -0.00129247
2.67227 0.151899 1.00036 0.000137317 -0.00124492
2.69748 0.151899 1.00036 0.000140282 -0.00119061
2.72269 0.151899 1.00035 0.000141461 -0.00112962
2.7479 0.151899 1.00035 0.000140767 -0.00106195
2.77311 0.151899 1.00034 0.000138106 -0.000987611
2.79832 0.151899 1.00034 0.000133377 -0.000906552
2.82353 0.151899 1.00033 0.000126466 -0.0008187
2.84874 0.151899 1.00032 0.000117235 -0.000723947
2.87395 0.151899 1.00031 0.000105516 -0.000622155
2.89916 0.151899 1.0003 9.10987e-05 -0.000513154
2.92437 0.151899 1.00029 7.37188e-05 -0.000396737
2.94958 0.151899 1.00027 5.30407e-05 -0.000272646
2.97479 0.151899 1.00025 2.86463e-05 -0.00014055
3 0.151899 1.00023 0 0

0 0.177215 1 0.3 0
0.0252101 0.177215 1.37404 0.2143 0.0236659
0.0504202 0.177215 1.61005 0.184641 0.0434719
0.0756303 0.177215 1.66152 0.182511 0.0573358
0.10084 0.177215 1.64932 0.185678 0.0667845
0.12605 0.177215 1.62398 0.18772 0.0721405
0.151261 0.177215 1.59707 0.187265 0.0733511
0.176471 0.177215 1.57704 0.183913 0.0707671
0.201681 0.177215 1.57079 0.178118 0.0650399
0.226891 0.177215 1.58009 0.171173 0.0568402
0.252101 0.177215 1.59842 0.164662 0.0468705
0.277311 0.177215 1.60905 0.159475 0.0362986
0.302521 0.177215 1.59315 0.154967 0.0271214
0.327731 0.177215 1.54801 0.149257 0.0216401
0.352941 0.177215 1.49272 0.140789 0.021096
0.378151 0.177215 1.45021 0.129582 0.0247538
0.403361 0.177215 1.43092 0.117041 0.0303808
0.428571 0.177215 1.43444 0.105016 0.0354284
0.453782 0.177215 1.45518 0.0950848 0.0379217
0.478992 0.177215 1.48227 0.0880453 0.0369987
0.504202 0.177215 1.50126 0.0835307 0.0332017
0.529412 0.177215 1.50259 0.0801479 0.0281835
0.554622 0.177215 1.48807 0.0763 0.0237661
0.579832 0.177215 1.46717 0.0710629 0.0210198
0.605042 0.177215 1.4487 0.0644304 0.0200126
0.630252 0.177215 1.43686 0.0569767 0.020156
0.655462 0.177215 1.43192 0.0494095 0.0206767
0.680672 0.177215 1.43213 0.0422874 0.020931
0.705882 0.177215 1.43513 0.0359157 0.0205352
0.731092 0.177215 1.43876 0.0303586 0.0193739
0.756303 0.177215 1.44156 0.0255123 0.0175404
0.781513 0.177215 1.44291 0.0212008 0.0152516
0.806723 0.177215 1.44286 0.017256 0.0127645
0.831933 0.177215 1.44195 0.0135704 0.0103111
0.857143 0.177215 1.44065 0.010098 0.00805536
0.882353 0.177215 1.44012 0.00688951 0.00608092
0.907563 0.177215 1.4404 0.00404231 0.00437097
0.932773 0.177215 1.44334 0.00177928 0.00286702
0.957983 0.177215 1.44752 0.000343691 0.00142868
0.983193 0.177215 1.45408 0 0
1.0084 0.177215 0 0 0
1.03361 0.177215 0 0 0
1.05882 0.177215 0 0 0
1.08403 0.177215 0 0 0
1.10924 0.177215 0 0 0
1.13445 0.177215 0 0 0
1.15966 0.177215 0 0 0
1.18487 0.177215 0 0 0
1.21008 0.177215 0 0 0
1.23529 0.177215 0 0 0
1.2605 0.177215 0 0 0
1.28571 0.177215 0 0 0
1.31092 0.177215 0 0 0
1.33613 0.177215 0 0 0
1.36134 0.177215 0 0 0
1.38655 0.177215 0 0 0
1.41176 0.177215 0 0 0
1.43697 0.177215 0 0 0
1.46218 0.177215 0 0 0
1.48739 0.177215 0 0 0
1.51261 0.177215 0 0 0
1.53782 0.177215 0 0 0
1.56303 0.177215 0 0 0
1.58824 0.177215 0 0 0
1.61345 0.177215 0 0 0
1.63866 0.177215 0 0 0
1.66387 0.177215 0 0 0
1.68908 0.177215 0 0 0
1.71429 0.177215 0 0 0
1.7395 0.177215 0 0 0
1.76471 0.177215 0 0 0
1.78992 0.177215 0 0 0
1.81513 0.177215 0 0 0
1.84034 0.177215 0 0 0
1.86555 0.177215 0 0 0
1.89076 0.177215 0 0 0
1.91597 0.177215 0 0 0
1.94118 0.177215 0 0 0
1.96639 0.177215 0 0 0
1.9916 0.177215 0 0 0
2.01681 0.177215 1.00018 0 0
2.04202 0.177215 1.0002 -2.35283e-05 -0.000148832
2.06723 0.177215 1.00022 -4.19724e-05 -0.00029026
2.09244 0.177215 1.00024 -5.56758e-05 -0.000424467
2.11765 0.177215 1.00026 -6.49796e-05 -0.00055147
2.14286 0.177215 1.00028 -7.02186e-05 -0.000671168
2.16807 0.177215 1.0003 -7.17275e-05 -0.000783385
2.19328 0.177215 1.00032 -6.98459e-05 -0.000887906
2.21849 0.177215 1.00033 -6.49212e-05 -0.000984503
2.2437 0.177215 1.00035 -5.73097e-05 -0.00107295
2.26891 0.177215 1.00036 -4.73753e-05 -0.00115306
2.29412 0.177215 1.00038 -3.54867e-05 -0.00122466
2.31933 0.177215 1.00039 -2.20135e-05 -0.00128764
2.34454 0.177215 1.0004 -7.32152e-06 -0.00134192
2.36975 0.177215 1.00041 8.23218e-06 -0.00138748
2.39496 0.177215 1.00041 2.43035e-05 -0.00142434
2.42017 0.177215 1.00042 4.05654e-05 -0.00145258
2.44538 0.177215 1.00043 5.67115e-05 -0.0014723
2.47059 0.177215 1.00043 7.24579e-05 -0.00148364
2.4958 0.177215 1.00043 8.75455e-05 -0.00148677
2.52101 0.177215 1.00044 0.00010174 -0.00148187
2.54622 0.177215 1.00044 0.000114834 -0.00146912
2.57143 0.177215 1.00044 0.00012664 -0.00144874
2.59664 0.177215 1.00044 0.000136998 -0.00142089
2.62185 0.177215 1.00043 0.000145764 -0.00138574
2.64706 0.177215 1.00043 0.000152813 -0.00134346
2.67227 0.177215 1.00043 0.000158033 -0.00129415
2.69748 0.177215 1.00042 0.000161322 -0.00123791
2.72269 0.177215 1.00042 0.000162581 -0.00117479
2.7479 0.177215 1.00041 0.000161713 -0.00110481
2.77311 0.177215 1.0004 0.000158613 -0.00102794
2.79832 0.177215 1.00039 0.000153164 -0.000944116
2.82353 0.177215 1.00038 0.000145229 -0.000853224
2.84874 0.177215 1.00037 0.000134644 -0.000755111
2.87395 0.177215 1.00036 0.000121204 -0.000649581
2.89916 0.177215 1.00035 0.00010466 -0.000536391
2.92437 0.177215 1.00033 8.46973e-05 -0.000415244
2.94958 0.177215 1.00031 6.09304e-05 -0.00028578
2.97479 0.177215 1.00029 3.28908e-05 -0.000147553
3 0.177215 1.00027 0 0

0 0.202532 1 0.3 0
0.0252101 0.202532 1.35613 0.218309 0.021877
0.0504202 0.202532 1.579 0.189461 0.0409183
0.0756303 0.202532 1.63486 0.186942 0.0548017
0.10084 0.202532 1.6302 0.190053 0.0640405
0.12605 0.202532 1.61142 0.192302 0.0690672
0.151261 0.202532 1.58625 0.192208 0.0704558
0.176471 0.202532 1.55951 0.189163 0.0692771
0.201681 0.202532 1.5396 0.183214 0.0666656
0.226891 0.202532 1.5344 0.175327 0.0632107
0.252101 0.202532 1.54674 0.167193 0.0587562
0.277311 0.202532 1.57167 0.160577 0.0527744
0.302521 0.202532 1.59393 0.156373 0.0452057
0.327731 0.202532 1.59235 0.153738 0.037278
0.352941 0.202532 1.55752 0.150273 0.0313256
0.378151 0.202532 1.50419 0.143686 0.0292889
0.403361 0.202532 1.45741 0.133483 0.0312728
0.428571 0.202532 1.43207 0.121022 0.0356113
0.453782 0.202532 1.4301 0.108419 0.0399929
0.478992 0.202532 1.44639 0.0975597 0.0424555
0.504202 0.202532 1.4707 0.0894825 0.0419861
0.529412 0.202532 1.48964 0.0840168 0.0388427
0.554622 0.202532 1.49369 0.0799188 0.034358
0.579832 0.202532 1.48307 0.0756431 0.0301377
0.605042 0.202532 1.46547 0.0702017 0.0272069
0.630252 0.202532 1.44888 0.0634691 0.0257186
0.655462 0.202532 1.43762 0.0559162 0.0252129
0.680672 0.202532 1.43244 0.0481929 0.0250293
0.705882 0.202532 1.43211 0.0408427 0.0246007
0.731092 0.202532 1.43464 0.0341894 0.0235834
0.756303 0.202532 1.43818 0.0283395 0.0218737
0.781513 0.202532 1.4414 0.0232452 0.0195578
0.806723 0.202532 1.44358 0.0187813 0.0168357
0.831933 0.202532 1.44462 0.014814 0.0139425
0.857143 0.202532 1.44463 0.011229 0.0110892
0.882353 0.202532 1.44448 0.00798285 0.00843235
0.907563 0.202532 1.44429 0.00507993 0.00604092
0.932773 0.202532 1.44578 0.00264507 0.00392185
0.957983 0.202532 1.44833 0.0008624 0.00195851
0.983193 0.202532 1.45351 0 0
1.0084 0.202532 0 0 0
1.03361 0.202532 0 0 0
1.05882 0.202532 0 0 0
1.08403 0.202532 0 0 0
1.10924 0.202532 0 0 0
1.13445 0.202532 0 0 0
1.15966 0.202532 0 0 0
1.18487 0.202532 0 0 0
1.21008 0.202532 0 0 0
1.23529 0.202532 0 0 0
1.2605 0.202532 0 0 0
1.28571 0.202532 0 0 0
1.31092 0.202532 0 0 0
1.33613 0.202532 0 0 0
1.36134 0.202532 0 0 0
1.38655 0.202532 0 0 0
1.41176 0.202532 0 0 0
1.43697 0.202532 0 0 0
1.46218 0.202532 0 0 0
1.48739 0.202532 0 0 0
1.51261 0.202532 0 0 0
1.53782 0.202532 0 0 0
1.56303 0.202532 0 0 0
1.58824 0.202532 0 0 0
1.61345 0.202532 0 0 0
1.63866 0.202532 0 0 0
1.66387 0.202532 0 0 0
1.68908 0.202532 0 0 0
1.71429 0.202532 0 0 0
1.7395 0.202532 0 0 0
1.76471 0.202532 0 0 0
1.78992 0.202532 0 0 0
1.81513 0.202532 0 0 0
1.84034 0.202532 0 0 0
1.86555 0.202532 0 0 0
1.89076 0.202532 0 0 0
1.91597 0.202532 0 0 0
1.94118 0.202532 0 0 0
1.96639 0.202532 0 0 0
1.9916 0.202532 0 0 0
2.01681 0.202532 1.00021 0 0
2.04202 0.202532 1.00023 -2.71631e-05 -0.00015657
2.06723 0.202532 1.00026 -4.84685e-05 -0.000305267
2.09244 0.202532 1.00028 -6.42771e-05 -0.000446271
2.11765 0.202532 1.00031 -7.49621e-05 -0.000579601
2.14286 0.202532 1.00033 -8.09022e-05 -0.000705161
2.16807 0.202532 1.00035 -8.24864e-05 -0.000822775
2.19328 0.202532 1.00037 -8.01159e-05 -0.000932225
2.21849 0.202532 1.00039 -7.4205e-05 -0.00103328
2.2437 0.202532 1.00041 -6.51804e-05 -0.0011257
2.26891 0.202532 1.00043 -5.34776e-05 -0.0012093
2.29412 0.202532 1.00044 -3.95373e-05 -0.00128391
2.31933 0.202532 1.00046 -2.3799e-05 -0.00134942
2.34454 0.202532 1.00047 -6.69602e-06 -0.00140576
2.36975 0.202532 1.00048 1.13512e-05 -0.00145293
2.39496 0.202532 1.00049 2.99401e-05 -0.00149096
2.42017 0.202532 1.0005 4.86905e-05 -0.00151994
2.44538 0.202532 1.0005 6.72487e-05 -0.00154002
2.47059 0.202532 1.00051 8.52898e-05 -0.00155134
2.4958 0.202532 1.00051 0.00010252 -0.00155412
2.52101 0.202532 1.00051 0.000118675 -0.00154854
2.54622 0.202532 1.00051 0.000133524 -0.00153484
2.57143 0.202532 1.00051 0.000146862 -0.00151322
2.59664 0.202532 1.00051 0.000158512 -0.0014839
2.62185 0.202532 1.00051 0.000168321 -0.00144706
2.64706 0.202532 1.0005 0.000176155 -0.00140285
2.67227 0.202532 1.0005 0.000181894 -0.00135142
2.69748 0.202532 1.00049 0.000185431 -0.00129285
2.72269 0.202532 1.00048 0.000186659 -0.00122718
2.7479 0.202532 1.00048 0.000185473 -0.00115444
2.77311 0.202532 1.00047 0.000181757 -0.00107455
2.79832 0.202532 1.00045 0.00017538 -0.000987444
2.82353 0.202532 1.00044 0.000166185 -0.000892953
2.84874 0.202532 1.00043 0.000153981 -0.000790879
2.87395 0.202532 1.00041 0.000138534 -0.000680962
2.89916 0.202532 1.0004 0.000119556 -0.000562883
2.92437 0.202532 1.00038 9.66906e-05 -0.000436256
2.94958 0.202532 1.00036 6.95048e-05 -0.00030062
2.97479 0.202532 1.00033 3.74832e-05 -0.000155423
3 0.202532 1.00031 0 0

0 0.227848 1 0.3 0
0.0252101 0.227848 1.34221 0.2213 0.0202187
0.0504202 0.227848 1.55445 0.192919 0.0382178
0.0756303 0.227848 1.61053 0.189688 0.0519411
0.10084 0.227848 1.60977 0.192123 0.0614303
0.12605 0.227848 1.59863 0.194035 0.0668834
0.151261 0.227848 1.5839 0.194283 0.0687223
0.176471 0.227848 1.56427 0.192433 0.0680262
0.201681 0.227848 1.54147 0.188098 0.0663153
0.226891 0.227848 1.5228 0.181351 0.0648028
0.252101 0.227848 1.51667 0.173101 0.0637215
0.277311 0.227848 1.52712 0.164948 0.0622721
0.302521 0.227848 1.55092 0.158554 0.0592062
0.327731 0.227848 1.5752 0.154747 0.0538136
0.352941 0.227848 1.57994 0.152678 0.0468908
0.378151 0.227848 1.55325 0.149914 0.0407368
0.403361 0.227848 1.50568 0.144008 0.0376669
0.428571 0.227848 1.46061 0.134262 0.0383361
0.453782 0.227848 1.43412 0.121944 0.0415292
0.478992 0.227848 1.42962 0.109209 0.0451721
0.504202 0.227848 1.44261 0.0980091 0.0473662
0.529412 0.227848 1.46353 0.089422 0.047043
0.554622 0.227848 1.4804 0.0833258 0.0442943
0.579832 0.227848 1.48475 0.0785842 0.0402046
0.605042 0.227848 1.47649 0.0737768 0.0361498
0.630252 0.227848 1.46184 0.0679801 0.0330467
0.655462 0.227848 1.44764 0.0610484 0.0310787
0.680672 0.227848 1.4378 0.053389 0.0298952
0.705882 0.227848 1.4332 0.0455911 0.0289563
0.731092 0.227848 1.43295 0.0381646 0.0277885
0.756303 0.227848 1.43542 0.031431 0.0261043
0.781513 0.227848 1.43902 0.0255195 0.0238193
0.806723 0.227848 1.44252 0.0204143 0.0210104
0.831933 0.227848 1.44521 0.0160193 0.0178491
0.857143 0.227848 1.44673 0.0122018 0.0145377
0.882353 0.227848 1.4475 0.00885735 0.0112649
0.907563 0.227848 1.44751 0.00590867 0.00816053
0.932773 0.227848 1.44816 0.00337452 0.00529629
0.957983 0.227848 1.4493 0.00134131 0.00262036
0.983193 0.227848 1.45264 0 0
1.0084 0.227848 0 0 0
1.03361 0.227848 0 0 0
1.05882 0.227848 0 0 0
1.08403 0.227848 0 0 0
1.10924 0.227848 0 0 0
1.13445 0.227848 0 0 0
1.15966 0.227848 0 0 0
1.18487 0.227848 0 0 0
1.21008 0.227848 0 0 0
1.23529 0.227848 0 0 0
1.2605 0.227848 0 0 0
1.28571 0.227848 0 0 0
1.31092 0.227848 0 0 0
1.33613 0.227848 0 0 0
1.36134 0.227848 0 0 0
1.38655 0.227848 0 0 0
1.41176 0.227848 0 0 0
1.43697 0.227848 0 0 0
1.46218 0.227848 0 0 0
1.48739 0.227848 0 0 0
1.51261 0.227848 0 0 0
1.53782 0.227848 0 0 0
1.56303 0.227848 0 0 0
1.58824 0.227848 0 0 0
1.61345 0.227848 0 0 0
1.63866 0.227848 0 0 0
1.66387 0.227848 0 0 0
1.68908 0.227848 0 0 0
1.71429 0.227848 0 0 0
1.7395 0.227848 0 0 0
1.76471 0.227848 0 0 0
1.78992 0.227848 0 0 0
1.81513 0.227848 0 0 0
1.84034 0.227848 0 0 0
1.86555 0.227848 0 0 0
1.89076 0.227848 0 0 0
1.91597 0.227848 0 0 0
1.94118 0.227848 0 0 0
1.96639 0.227848 0 0 0
1.9916 0.227848 0 0 0
2.01681 0.227848 1.00024 0 0
2.04202 0.227848 1.00027 -3.09488e-05 -0.000165357
2.06723 0.227848 1.0003 -5.52105e-05 -0.000322377
2.09244 0.227848 1.00033 -7.31667e-05 -0.00047122
2.11765 0.227848 1.00035 -8.52236e-05 -0.000611894
2.14286 0.227848 1.00038 -9.18046e-05 -0.000744288
2.16807 0.227848 1.00041 -9.33541e-05 -0.000868213
2.19328 0.227848 1.00043 -9.03381e-05 -0.000983434
2.21849 0.227848 1.00045 -8.32427e-05 -0.0010897
2.2437 0.227848 1.00048 -7.25711e-05 -0.00118678
2.26891 0.227848 1.0005 -5.88385e-05 -0.00127446
2.29412 0.227848 1.00051 -4.25651e-05 -0.00135257
2.31933 0.227848 1.00053 -2.42693e-05 -0.00142101
2.34454 0.227848 1.00054 -4.45969e-06 -0.00147972
2.36975 0.227848 1.00056 1.63719e-05 -0.00152871
2.39496 0.227848 1.00057 3.77571e-05 -0.00156804
2.42017 0.227848 1.00058 5.92567e-05 -0.00159783
2.44538 0.227848 1.00058 8.04642e-05 -0.00161824
2.47059 0.227848 1.00059 0.00010101 -0.00162948
2.4958 0.227848 1.00059 0.00012056 -0.00163175
2.52101 0.227848 1.00059 0.000138821 -0.00162532
2.54622 0.227848 1.00059 0.000155534 -0.00161042
2.57143 0.227848 1.00059 0.000170475 -0.00158731
2.59664 0.227848 1.00059 0.000183453 -0.0015562
2.62185 0.227848 1.00059 0.000194304 -0.00151731
2.64706 0.227848 1.00058 0.000202884 -0.00147082
2.67227 0.227848 1.00057 0.000209069 -0.00141687
2.69748 0.227848 1.00056 0.000212745 -0.00135554
2.72269 0.227848 1.00055 0.000213802 -0.00128689
2.7479 0.227848 1.00054 0.000212126 -0.0012109
2.77311 0.227848 1.00053 0.000207593 -0.0011275
2.79832 0.227848 1.00052 0.000200059 -0.00103657
2.82353 0.227848 1.0005 0.00018935 -0.000937912
2.84874 0.227848 1.00049 0.000175253 -0.000831268
2.87395 0.227848 1.00047 0.000157506 -0.000716312
2.89916 0.227848 1.00045 0.000135786 -0.000592645
2.92437 0.227848 1.00043 0.000109698 -0.00045979
2.94958 0.227848 1.0004 7.87658e-05 -0.000317187
2.97479 0.227848 1.00038 4.24258e-05 -0.000164179
3 0.227848 1.00035 0 0

0 0.253165 1 0.3 0
0.0252101 0.253165 1.33065 0.223564 0.0187567
0.0504202 0.253165 1.53487 0.195435 0.0356967
0.0756303 0.253165 1.59101 0.191532 0.0490652
0.10084 0.253165 1.59154 0.193275 0.0588329
0.12605 0.253165 1.58322 0.194613 0.0651595
0.151261 0.253165 1.57566 0.194668 0.0682091
0.176471 0.253165 1.56705 0.193472 0.0685558
0.201681 0.253165 1.55319 0.190821 0.0673844
0.226891 0.253165 1.5338 0.186266 0.0661788
0.252101 0.253165 1.51536 0.179667 0.0659538
0.277311 0.253165 1.50686 0.171692 0.0666218
0.302521 0.253165 1.51351 0.163758 0.0670363
0.327731 0.253165 1.53342 0.157409 0.0656639
0.352941 0.253165 1.55568 0.153436 0.0615859
0.378151 0.253165 1.56234 0.15108 0.0554329
0.403361 0.253165 1.54146 0.148093 0.0494093
0.428571 0.253165 1.50071 0.142164 0.0458849
0.453782 0.253165 1.46039 0.13258 0.045733
0.478992 0.253165 1.43571 0.120501 0.0480199
0.504202 0.253165 1.43062 0.107966 0.0508963
0.529412 0.253165 1.44118 0.0968259 0.0525994
0.554622 0.253165 1.45863 0.0880635 0.0521152
0.579832 0.253165 1.47256 0.0815304 0.0494802
0.605042 0.253165 1.47608 0.0761893 0.0456019
0.630252 0.253165 1.46931 0.0707989 0.0416336
0.655462 0.253165 1.45737 0.0645788 0.0383478
0.680672 0.253165 1.44581 0.0574243 0.035915
0.705882 0.253165 1.43787 0.0497053 0.0340663
0.731092 0.253165 1.43437 0.0419493 0.0323723
0.756303 0.253165 1.43459 0.034618 0.0304535
0.781513 0.253165 1.43721 0.0280098 0.0280803
0.806723 0.253165 1.44082 0.0222506 0.0251869
0.831933 0.253165 1.44437 0.0173329 0.0218376
0.857143 0.253165 1.44705 0.013158 0.0181741
0.882353 0.253165 1.44884 0.00960465 0.014369
0.907563 0.253165 1.44945 0.00654529 0.0105753
0.932773 0.253165 1.44995 0.00391474 0.00691184
0.957983 0.253165 1.45029 0.00170343 0.00340433
0.983193 0.253165 1.45214 0 0
1.0084 0.253165 0 0 0
1.03361 0.253165 0 0 0
1.05882 0.253165 0 0 0
1.08403 0.253165 0 0 0
1.10924 0.253165 0 0 0
1.13445 0.253165 0 0 0
1.15966 0.253165 0 0 0
1.18487 0.253165 0 0 0
1.21008 0.253165 0 0 0
1.23529 0.253165 0 0 0
1.2605 0.253165 0 0 0
1.28571 0.253165 0 0 0
1.31092 0.253165 0 0 0
1.33613 0.253165 0 0 0
1.36134 0.253165 0 0 0
1.38655 0.253165 0 0 0
1.41176 0.253165 0 0 0
1.43697 0.253165 0 0 0
1.46218 0.253165 0 0 0
1.48739 0.253165 0 0 0
1.51261 0.253165 0 0 0
1.53782 0.253165 0 0 0
1.56303 0.253165 0 0 0
1.58824 0.253165 0 0 0
1.61345 0.253165 0 0 0
1.63866 0.253165 0 0 0
1.66387 0.253165 0 0 0
1.68908 0.253165 0 0 0
1.71429 0.253165 0 0 0
1.7395 0.253165 0 0 0
1.76471 0.253165 0 0 0
1.78992 0.253165 0 0 0
1.81513 0.253165 0 0 0
1.84034 0.253165 0 0 0
1.86555 0.253165 0 0 0
1.89076 0.253165 0 0 0
1.91597 0.253165 0 0 0
1.94118 0.253165 0 0 0
1.96639 0.253165 0 0 0
1.9916 0.253165 0 0 0
2.01681 0.253165 1.00027 0 0
2.04202 0.253165 1.0003 -3.48761e-05 -0.000175264
2.06723 0.253165 1.00034 -6.21725e-05 -0.000341724
2.09244 0.253165 1.00037 -8.22937e-05 -0.00049951
2.11765 0.253165 1.0004 -9.56813e-05 -0.000648599
2.14286 0.253165 1.00043 -0.000102805 -0.000788852
2.16807 0.253165 1.00046 -0.000104169 -0.000920049
2.19328 0.253165 1.00049 -0.000100308 -0.00104193
2.21849 0.253165 1.00052 -9.17875e-05 -0.00115421
2.2437 0.253165 1.00054 -7.91942e-05 -0.00125665
2.26891 0.253165 1.00057 -6.31317e-05 -0.00134901
2.29412 0.253165 1.00059 -4.42095e-05 -0.00143113
2.31933 0.253165 1.00061 -2.30338e-05 -0.00150291
2.34454 0.253165 1.00062 -1.97822e-07 -0.00156429
2.36975 0.253165 1.00064 2.37272e-05 -0.00161531
2.39496 0.253165 1.00065 4.81998e-05 -0.00165606
2.42017 0.253165 1.00066 7.2715e-05 -0.00168669
2.44538 0.253165 1.00067 9.68089e-05 -0.00170741
2.47059 0.253165 1.00067 0.000120062 -0.00171844
2.4958 0.253165 1.00068 0.000142099 -0.00172005
2.52101 0.253165 1.00068 0.000162592 -0.00171254
2.54622 0.253165 1.00068 0.000181257 -0.00169618
2.57143 0.253165 1.00068 0.00019785 -0.00167125
2.59664 0.253165 1.00067 0.000212164 -0.00163802
2.62185 0.253165 1.00067 0.000224023 -0.00159671
2.64706 0.253165 1.00066 0.00023328 -0.00154753
2.67227 0.253165 1.00065 0.000239805 -0.00149063
2.69748 0.253165 1.00064 0.000243481 -0.0014261
2.72269 0.253165 1.00063 0.000244194 -0.00135399
2.7479 0.253165 1.00062 0.000241827 -0.00127427
2.77311 0.253165 1.0006 0.000236248 -0.00118684
2.79832 0.253165 1.00059 0.000227304 -0.00109154
2.82353 0.253165 1.00057 0.000214807 -0.000988137
2.84874 0.253165 1.00055 0.000198524 -0.000876308
2.87395 0.253165 1.00053 0.000178169 -0.000755658
2.89916 0.253165 1.00051 0.000153388 -0.000625704
2.92437 0.253165 1.00048 0.00012375 -0.000485876
2.94958 0.253165 1.00046 8.87343e-05 -0.00033551
2.97479 0.253165 1.00043 4.77297e-05 -0.000173842
3 0.253165 1.0004 0 0

0 0.278481 1 0.3 0
0.0252101 0.278481 1.32085 0.22533 0.0175054
0.0504202 0.278481 1.51856 0.197306 0.0335144
0.0756303 0.278481 1.5754 0.192802 0.0464956
0.10084 0.278481 1.57744 0.194037 0.0564157
0.12605 0.278481 1.56954 0.194982 0.0635377
0.151261 0.278481 1.56349 0.194716 0.0680113
0.176471 0.278481 1.56044 0.193522 0.0700228
0.201681 0.278481 1.55651 0.191647 0.070097
0.226891 0.278481 1.54629 0.188841 0.0692747
0.252101 0.278481 1.5286 0.184475 0.0688323
0.277311 0.278481 1.50973 0.178188 0.0695613
0.302521 0.278481 1.49902 0.170469 0.0711881
0.327731 0.278481 1.5023 0.162611 0.0724677
0.352941 0.278481 1.51838 0.156079 0.0718675
0.378151 0.278481 1.53756 0.151638 0.0685106
0.403361 0.278481 1.54392 0.148609 0.0629997
0.428571 0.278481 1.52685 0.144968 0.0573861
0.453782 0.278481 1.49253 0.138663 0.0538632
0.478992 0.278481 1.45808 0.129082 0.0532749
0.504202 0.278481 1.43676 0.117292 0.0548346
0.529412 0.278481 1.43229 0.105147 0.056911
0.554622 0.278481 1.44106 0.094293 0.0579445
0.579832 0.278481 1.45519 0.0855436 0.0570627
0.605042 0.278481 1.46596 0.0786911 0.0543222
0.630252 0.278481 1.46821 0.0728031 0.0504971
0.655462 0.278481 1.46248 0.0668471 0.0465297
0.680672 0.278481 1.45297 0.0602218 0.0430336
0.705882 0.278481 1.44403 0.052892 0.0401411
0.731092 0.278481 1.43815 0.0452038 0.0376407
0.756303 0.278481 1.43593 0.0376225 0.0351967
0.781513 0.278481 1.43677 0.0305493 0.032513
0.806723 0.278481 1.43951 0.0242385 0.029411
0.831933 0.278481 1.443 0.0187922 0.0258404
0.857143 0.278481 1.44621 0.0141829 0.0218537
0.882353 0.278481 1.44874 0.0103157 0.0175695
0.907563 0.278481 1.45009 0.00705341 0.0131276
0.932773 0.278481 1.45094 0.00428546 0.00866749
0.957983 0.278481 1.45116 0.0019343 0.00427838
0.983193 0.278481 1.45219 0 0
1.0084 0.278481 0 0 0
1.03361 0.278481 0 0 0
1.05882 0.278481 0 0 0
1.08403 0.278481 0 0 0
1.10924 0.278481 0 0 0
1.13445 0.278481 0 0 0
1.15966 0.278481 0 0 0
1.18487 0.278481 0 0 0
1.21008 0.278481 0 0 0
1.23529 0.278481 0 0 0
1.2605 0.278481 0 0 0
1.28571 0.278481 0 0 0
1.31092 0.278481 0 0 0
1.33613 0.278481 0 0 0
1.36134 0.278481 0 0 0
1.38655 0.278481 0 0 0
1.41176 0.278481 0 0 0
1.43697 0.278481 0 0 0
1.46218 0.278481 0 0 0
1.48739 0.278481 0 0 0
1.51261 0.278481 0 0 0
1.53782 0.278481 0 0 0
1.56303 0.278481 0 0 0
1.58824 0.278481 0 0 0
1.61345 0.278481 0 0 0
1.63866 0.278481 0 0 0
1.66387 0.278481 0 0 0
1.68908 0.278481 0 0 0
1.71429 0.278481 0 0 0
1.7395 0.278481 0 0 0
1.76471 0.278481 0 0 0
1.78992 0.278481 0 0 0
1.81513 0.278481 0 0 0
1.84034 0.278481 0 0 0
1.86555 0.278481 0 0 0
1.89076 0.278481 0 0 0
1.91597 0.278481 0 0 0
1.94118 0.278481 0 0 0
1.96639 0.278481 0 0 0
1.9916 0.278481 0 0 0
2.01681 0.278481 1.0003 0 0
2.04202 0.278481 1.00034 -3.8939e-05 -0.000186373
2.06723 0.278481 1.00038 -6.93348e-05 -0.000363464
2.09244 0.278481 1.00042 -9.16158e-05 -0.000531363
2.11765 0.278481 1.00045 -0.000106261 -0.000690005
2.14286 0.278481 1.00049 -0.000113792 -0.000839203
2.16807 0.278481 1.00052 -0.000114774 -0.000978691
2.19328 0.278481 1.00056 -0.000109822 -0.00110816
2.21849 0.278481 1.00059 -9.95846e-05 -0.00122731
2.2437 0.278481 1.00062 -8.47455e-05 -0.00133584
2.26891 0.278481 1.00064 -6.6006e-05 -0.00143352
2.29412 0.278481 1.00067 -4.40758e-05 -0.00152016
2.31933 0.278481 1.00069 -1.96595e-05 -0.00159567
2.34454 0.278481 1.00071 6.55502e-06 -0.00166003
2.36975 0.278481 1.00072 3.39082e-05 -0.00171328
2.39496 0.278481 1.00074 6.17778e-05 -0.00175555
2.42017 0.278481 1.00075 8.95866e-05 -0.00178703
2.44538 0.278481 1.00076 0.000116808 -0.00180797
2.47059 0.278481 1.00076 0.000142968 -0.00181866
2.4958 0.278481 1.00077 0.00016765 -0.00181941
2.52101 0.278481 1.00077 0.000190489 -0.00181055
2.54622 0.278481 1.00077 0.000211173 -0.00179241
2.57143 0.278481 1.00076 0.000229439 -0.00176533
2.59664 0.278481 1.00076 0.000245067 -0.00172959
2.62185 0.278481 1.00075 0.000257874 -0.00168546
2.64706 0.278481 1.00074 0.000267705 -0.00163316
2.67227 0.278481 1.00073 0.00027443 -0.00157286
2.69748 0.278481 1.00072 0.00027793 -0.00150466
2.72269 0.278481 1.00071 0.000278093 -0.00142859
2.7479 0.278481 1.00069 0.000274799 -0.00134462
2.77311 0.278481 1.00068 0.000267915 -0.00125262
2.79832 0.278481 1.00066 0.000257278 -0.0011524
2.82353 0.278481 1.00064 0.000242691 -0.00104366
2.84874 0.278481 1.00062 0.000223906 -0.000926032
2.87395 0.278481 1.00059 0.000200615 -0.000799032
2.89916 0.278481 1.00057 0.000172434 -0.000662092
2.92437 0.278481 1.00054 0.000138899 -0.000514545
2.94958 0.278481 1.00051 9.94457e-05 -0.000355618
2.97479 0.278481 1.00048 5.34128e-05 -0.000184432
3 0.278481 1.00045 0 0

0 0.303797 1 0.3 0
0.0252101 0.303797 1.31245 0.226765 0.0164612
0.0504202 0.303797 1.50456 0.198772 0.031705
0.0756303 0.303797 1.56211 0.193709 0.0443805
0.10084 0.303797 1.56638 0.194549 0.0544093
0.12605 0.303797 1.55933 0.195338 0.0621037
0.151261 0.303797 1.55261 0.194964 0.06773
0.176471 0.303797 1.54957 0.193632 0.071406
0.201681 0.303797 1.54953 0.191814 0.0732293
0.226891 0.303797 1.54788 0.189703 0.0735772
0.252101 0.303797 1.53899 0.1869 0.073302
0.277311 0.303797 1.52187 0.182627 0.0734777
0.302521 0.303797 1.50287 0.176425 0.0747252
0.327731 0.303797 1.49122 0.16873 0.0766938
0.352941 0.303797 1.4926 0.160786 0.078185
0.378151 0.303797 1.5058 0.153986 0.0778084
0.403361 0.303797 1.52178 0.149017 0.0748392
0.428571 0.303797 1.52657 0.145218 0.0699062
0.453782 0.303797 1.51169 0.14077 0.0648659
0.478992 0.303797 1.48288 0.133926 0.0616056
0.504202 0.303797 1.4544 0.124256 0.0607972
0.529412 0.303797 1.43713 0.112764 0.0617213
0.554622 0.303797 1.43395 0.101094 0.0629621
0.579832 0.303797 1.44139 0.0906357 0.0632075
0.605042 0.303797 1.45249 0.0819958 0.0617771
0.630252 0.303797 1.46029 0.0749021 0.058781
0.655462 0.303797 1.46127 0.0685392 0.0548805
0.680672 0.303797 1.45639 0.0620936 0.0508203
0.705882 0.303797 1.44907 0.0551477 0.0470595
0.731092 0.303797 1.44256 0.0477404 0.0436822
0.756303 0.303797 1.43864 0.0401969 0.0405159
0.781513 0.303797 1.43767 0.0329171 0.0372996
0.806723 0.303797 1.43903 0.0262295 0.0338053
0.831933 0.303797 1.44179 0.0203324 0.0298966
0.857143 0.303797 1.44489 0.0152831 0.0255371
0.882353 0.303797 1.44777 0.0110432 0.0207754
0.907563 0.303797 1.44973 0.00750264 0.0157125
0.932773 0.303797 1.45115 0.00454576 0.0104817
0.957983 0.303797 1.45172 0.00206373 0.00520774
0.983193 0.303797 1.4526 0 0
1.0084 0.303797 0 0 0
1.03361 0.303797 0 0 0
1.05882 0.303797 0 0 0
1.08403 0.303797 0 0 0
1.10924 0.303797 0 0 0
1.13445 0.303797 0 0 0
1.15966 0.303797 0 0 0
1.18487 0.303797 0 0 0
1.21008 0.303797 0 0 0
1.23529 0.303797 0 0 0
1.2605 0.303797 0 0 0
1.28571 0.303797 0 0 0
1.31092 0.303797 0 0 0
1.33613 0.303797 0 0 0
1.36134 0.303797 0 0 0
1.38655 0.303797 0 0 0
1.41176 0.303797 0 0 0
1.43697 0.303797 0 0 0
1.46218 0.303797 0 0 0
1.48739 0.303797 0 0 0
1.51261 0.303797 0 0 0
1.53782 0.303797 0 0 0
1.56303 0.303797 0 0 0
1.58824 0.303797 0 0 0
1.61345 0.303797 0 0 0
1.63866 0.303797 0 0 0
1.66387 0.303797 0 0 0
1.68908 0.303797 0 0 0
1.71429 0.303797 0 0 0
1.7395 0.303797 0 0 0
1.76471 0.303797 0 0 0
1.78992 0.303797 0 0 0
1.81513 0.303797 0 0 0
1.84034 0.303797 0 0 0
1.86555 0.303797 0 0 0
1.89076 0.303797 0 0 0
1.91597 0.303797 0 0 0
1.94118 0.303797 0 0 0
1.96639 0.303797 0 0 0
1.9916 0.303797 0 0 0
2.01681 0.303797 1.00034 0 0
2.04202 0.303797 1.00038 -4.31333e-05 -0.000198768
2.06723 0.303797 1.00042 -7.66797e-05 -0.000387768
2.09244 0.303797 1.00047 -0.000101092 -0.000567036
2.11765 0.303797 1.00051 -0.000116889 -0.000736446
2.14286 0.303797 1.00055 -0.000124646 -0.000895748
2.16807 0.303797 1.00059 -0.000125002 -0.00104461
2.19328 0.303797 1.00063 -0.000118655 -0.00118267
2.21849 0.303797 1.00066 -0.000106354 -0.00130956
2.2437 0.303797 1.00069 -8.88865e-05 -0.00142496
2.26891 0.303797 1.00072 -6.70669e-05 -0.0015286
2.29412 0.303797 1.00075 -4.17173e-05 -0.0016203
2.31933 0.303797 1.00077 -1.36532e-05 -0.00169996
2.34454 0.303797 1.0008 1.63321e-05 -0.00176757
2.36975 0.303797 1.00081 4.74804e-05 -0.00182322
2.39496 0.303797 1.00083 7.90804e-05 -0.00186707
2.42017 0.303797 1.00084 0.000110476 -0.00189938
2.44538 0.303797 1.00085 0.000141073 -0.00192044
2.47059 0.303797 1.00086 0.000170341 -0.0019306
2.4958 0.303797 1.00086 0.000197815 -0.00193022
2.52101 0.303797 1.00086 0.000223097 -0.00191972
2.54622 0.303797 1.00086 0.000245847 -0.00189946
2.57143 0.303797 1.00086 0.000265783 -0.00186983
2.59664 0.303797 1.00085 0.000282674 -0.00183116
2.62185 0.303797 1.00084 0.000296331 -0.00178376
2.64706 0.303797 1.00083 0.000306597 -0.00172788
2.67227 0.303797 1.00082 0.000313344 -0.00166369
2.69748 0.303797 1.00081 0.000316456 -0.00159131
2.72269 0.303797 1.00079 0.000315824 -0.00151077
2.7479 0.303797 1.00077 0.00031133 -0.00142202
2.77311 0.303797 1.00076 0.000302842 -0.00132491
2.79832 0.303797 1.00073 0.000290196 -0.00121919
2.82353 0.303797 1.00071 0.000273185 -0.00110453
2.84874 0.303797 1.00069 0.000251551 -0.000980472
2.87395 0.303797 1.00066 0.000224965 -0.000846464
2.89916 0.303797 1.00063 0.00019302 -0.000701842
2.92437 0.303797 1.0006 0.000155216 -0.000545831
2.94958 0.303797 1.00057 0.000110947 -0.00037754
2.97479 0.303797 1.00054 5.94978e-05 -0.000195969
3 0.303797 1.0005 0 0

0 0.329114 1 0.3 0
0.0252101 0.329114 1.30519 0.227983 0.0156087
0.0504202 0.329114 1.49238 0.200006 0.0302447
0.0756303 0.329114 1.55026 0.19443 0.042719
0.10084 0.329114 1.5567 0.194902 0.0528964
0.12605 0.329114 1.55141 0.195626 0.0610397
0.151261 0.329114 1.54464 0.195358 0.0674782
0.176471 0.329114 1.5399 0.194073 0.072422
0.201681 0.329114 1.53879 0.192159 0.0758847
0.226891 0.329114 1.5399 0.190042 0.0778424
0.252101 0.329114 1.53851 0.187771 0.0785507
0.277311 0.329114 1.52953 0.184806 0.0787288
0.302521 0.329114 1.51275 0.180326 0.0792968
0.327731 0.329114 1.49456 0.173916 0.0807452
0.352941 0.329114 1.4835 0.166062 0.0826944
0.378151 0.329114 1.4844 0.157981 0.084048
0.403361 0.329114 1.49558 0.150954 0.0836098
0.428571 0.329114 1.50838 0.145521 0.0808477
0.453782 0.329114 1.51086 0.140974 0.0764341
0.478992 0.329114 1.49711 0.135684 0.0720086
0.504202 0.329114 1.47296 0.128242 0.0690968
0.529412 0.329114 1.45015 0.118439 0.0681418
0.554622 0.329114 1.43705 0.107246 0.0684559
0.579832 0.329114 1.43543 0.0960813 0.0688367
0.605042 0.329114 1.44181 0.0860577 0.0682365
0.630252 0.329114 1.45023 0.0775689 0.0661784
0.655462 0.329114 1.45545 0.0702937 0.0628271
0.680672 0.329114 1.4554 0.0635468 0.0587373
0.705882 0.329114 1.45132 0.0567278 0.0544742
0.731092 0.329114 1.44591 0.0495867 0.0503587
0.756303 0.329114 1.44151 0.0422243 0.0464285
0.781513 0.329114 1.43928 0.0349389 0.0425379
0.806723 0.329114 1.43929 0.0280584 0.0384829
0.831933 0.329114 1.44102 0.0218364 0.0340902
0.857143 0.329114 1.44359 0.0164045 0.02926
0.882353 0.329114 1.44643 0.011792 0.0239756
0.907563 0.329114 1.44876 0.00793955 0.0182895
0.932773 0.329114 1.45074 0.00475738 0.0123095
0.957983 0.329114 1.45188 0.00213756 0.00616541
0.983193 0.329114 1.45305 0 0
1.0084 0.329114 0 0 0
1.03361 0.329114 0 0 0
1.05882 0.329114 0 0 0
1.08403 0.329114 0 0 0
1.10924 0.329114 0 0 0
1.13445 0.329114 0 0 0
1.15966 0.329114 0 0 0
1.18487 0.329114 0 0 0
1.21008 0.329114 0 0 0
1.23529 0.329114 0 0 0
1.2605 0.329114 0 0 0
1.28571 0.329114 0 0 0
1.31092 0.329114 0 0 0
1.33613 0.329114 0 0 0
1.36134 0.329114 0 0 0
1.38655 0.329114 0 0 0
1.41176 0.329114 0 0 0
1.43697 0.329114 0 0 0
1.46218 0.329114 0 0 0
1.48739 0.329114 0 0 0
1.51261 0.329114 0 0 0
1.53782 0.329114 0 0 0
1.56303 0.329114 0 0 0
1.58824 0.329114 0 0 0
1.61345 0.329114 0 0 0
1.63866 0.329114 0 0 0
1.66387 0.329114 0 0 0
1.68908 0.329114 0 0 0
1.71429 0.329114 0 0 0
1.7395 0.329114 0 0 0
1.76471 0.329114 0 0 0
1.78992 0.329114 0 0 0
1.81513 0.329114 0 0 0
1.84034 0.329114 0 0 0
1.86555 0.329114 0 0 0
1.89076 0.329114 0 0 0
1.91597 0.329114 0 0 0
1.94118 0.329114 0 0 0
1.96639 0.329114 0 0 0
1.9916 0.329114 0 0 0
2.01681 0.329114 1.00038 0 0
2.04202 0.329114 1.00042 -4.74544e-05 -0.000212548
2.06723 0.329114 1.00047 -8.41881e-05 -0.00041483
2.09244 0.329114 1.00052 -0.000110676 -0.000606817
2.11765 0.329114 1.00057 -0.00012748 -0.000788304
2.14286 0.329114 1.00061 -0.000135235 -0.000958952
2.16807 0.329114 1.00066 -0.000134662 -0.00111835
2.19328 0.329114 1.0007 -0.000126554 -0.00126605
2.21849 0.329114 1.00074 -0.000111772 -0.00140162
2.2437 0.329114 1.00077 -9.12266e-05 -0.0015247
2.26891 0.329114 1.00081 -6.58577e-05 -0.00163498
2.29412 0.329114 1.00084 -3.6616e-05 -0.00173226
2.31933 0.329114 1.00087 -4.44171e-06 -0.00181646
2.34454 0.329114 1.00089 2.97531e-05 -0.0018876
2.36975 0.329114 1.00091 6.51011e-05 -0.00194579
2.39496 0.329114 1.00093 0.000100793 -0.00199127
2.42017 0.329114 1.00094 0.000136087 -0.00202434
2.44538 0.329114 1.00095 0.000170316 -0.00204535
2.47059 0.329114 1.00096 0.00020289 -0.00205474
2.4958 0.329114 1.00096 0.000233297 -0.00205295
2.52101 0.329114 1.00096 0.000261102 -0.00204043
2.54622 0.329114 1.00096 0.00028594 -0.00201765
2.57143 0.329114 1.00095 0.000307514 -0.00198503
2.59664 0.329114 1.00095 0.000325583 -0.00194297
2.62185 0.329114 1.00094 0.000339955 -0.00189181
2.64706 0.329114 1.00093 0.000350477 -0.00183184
2.67227 0.329114 1.00091 0.000357025 -0.00176325
2.69748 0.329114 1.0009 0.000359492 -0.00168616
2.72269 0.329114 1.00088 0.000357775 -0.00160062
2.7479 0.329114 1.00086 0.000351766 -0.00150653
2.77311 0.329114 1.00084 0.000341335 -0.00140374
2.79832 0.329114 1.00082 0.00032632 -0.00129195
2.82353 0.329114 1.00079 0.000306512 -0.00117076
2.84874 0.329114 1.00077 0.000281644 -0.00103965
2.87395 0.329114 1.00074 0.000251371 -0.00089798
2.89916 0.329114 1.00071 0.000215263 -0.000744979
2.92437 0.329114 1.00067 0.000172787 -0.000579758
2.94958 0.329114 1.00064 0.000123293 -0.000401302
2.97479 0.329114 1.0006 6.60116e-05 -0.00020847
3 0.329114 1.00056 0 0

0 0.35443 1 0.3 0
0.0252101 0.35443 1.29886 0.229059 0.0149273
0.0504202 0.35443 1.4817 0.201116 0.0290911
0.0756303 0.35443 1.5395 0.195094 0.0414486
0.10084 0.35443 1.54756 0.195201 0.0518277
0.12605 0.35443 1.54418 0.195834 0.0603989
0.151261 0.35443 1.53847 0.195723 0.0674543
0.176471 0.35443 1.53286 0.194661 0.0732704
0.201681 0.35443 1.52942 0.192809 0.0779479
0.226891 0.35443 1.52906 0.190545 0.0813872
0.252101 0.35443 1.52996 0.188177 0.0834889
0.277311 0.35443 1.52765 0.185605 0.0844603
0.302521 0.35443 1.51808 0.182217 0.084949
0.327731 0.35443 1.50198 0.177252 0.0857501
0.352941 0.35443 1.48559 0.170442 0.0872309
0.378151 0.35443 1.47627 0.162363 0.0889878
0.403361 0.35443 1.47763 0.154187 0.0900381
0.428571 0.35443 1.48723 0.147025 0.0893951
0.453782 0.35443 1.49681 0.141206 0.0867327
0.478992 0.35443 1.4967 0.135953 0.0827656
0.504202 0.35443 1.48359 0.129838 0.0789013
0.529412 0.35443 1.46346 0.121809 0.0762963
0.554622 0.35443 1.44573 0.111885 0.0751634
0.579832 0.35443 1.43643 0.101001 0.074844
0.605042 0.35443 1.43616 0.0903449 0.0743463
0.630252 0.35443 1.44151 0.0807503 0.0728811
0.655462 0.35443 1.44761 0.0724188 0.0701578
0.680672 0.35443 1.45082 0.0650108 0.0663764
0.705882 0.35443 1.45018 0.0579827 0.0619847
0.731092 0.35443 1.447 0.0509281 0.0573902
0.756303 0.35443 1.44331 0.043734 0.0527978
0.781513 0.35443 1.4407 0.0365405 0.0482061
0.806723 0.35443 1.43981 0.0296067 0.0434897
0.831933 0.35443 1.4406 0.0231901 0.0384906
0.857143 0.35443 1.44248 0.0174686 0.0330829
0.882353 0.35443 1.44504 0.0125318 0.0272057
0.907563 0.35443 1.4475 0.00837867 0.020867
0.932773 0.35443 1.44989 0.00496183 0.0141397
0.957983 0.35443 1.45158 0.00219534 0.00713652
0.983193 0.35443 1.45321 0 0
1.0084 0.35443 0 0 0
1.03361 0.35443 0 0 0
1.05882 0.35443 0 0 0
1.08403 0.35443 0 0 0
1.10924 0.35443 0 0 0
1.13445 0.35443 0 0 0
1.15966 0.35443 0 0 0
1.18487 0.35443 0 0 0
1.21008 0.35443 0 0 0
1.23529 0.35443 0 0 0
1.2605 0.35443 0 0 0
1.28571 0.35443 0 0 0
1.31092 0.35443 0 0 0
1.33613 0.35443 0 0 0
1.36134 0.35443 0 0 0
1.38655 0.35443 0 0 0
1.41176 0.35443 0 0 0
1.43697 0.35443 0 0 0
1.46218 0.35443 0 0 0
1.48739 0.35443 0 0 0
1.51261 0.35443 0 0 0
1.53782 0.35443 0 0 0
1.56303 0.35443 0 0 0
1.58824 0.35443 0 0 0
1.61345 0.35443 0 0 0
1.63866 0.35443 0 0 0
1.66387 0.35443 0 0 0
1.68908 0.35443 0 0 0
1.71429 0.35443 0 0 0
1.7395 0.35443 0 0 0
1.76471 0.35443 0 0 0
1.78992 0.35443 0 0 0
1.81513 0.35443 0 0 0
1.84034 0.35443 0 0 0
1.86555 0.35443 0 0 0
1.89076 0.35443 0 0 0
1.91597 0.35443 0 0 0
1.94118 0.35443 0 0 0
1.96639 0.35443 0 0 0
1.9916 0.35443 0 0 0
2.01681 0.35443 1.00042 0 0
2.04202 0.35443 1.00047 -5.18962e-05 -0.000227818
2.06723 0.35443 1.00052 -9.18356e-05 -0.000444868
2.09244 0.35443 1.00058 -0.000120312 -0.000651036
2.11765 0.35443 1.00063 -0.000137932 -0.000846013
2.14286 0.35443 1.00068 -0.0001454 -0.00102935
2.16807 0.35443 1.00073 -0.000143525 -0.00120053
2.19328 0.35443 1.00078 -0.000133214 -0.001359
2.21849 0.35443 1.00082 -0.000115457 -0.00150425
2.2437 0.35443 1.00086 -9.13031e-05 -0.00163585
2.26891 0.35443 1.0009 -6.18391e-05 -0.00175346
2.29412 0.35443 1.00093 -2.81613e-05 -0.00185687
2.31933 0.35443 1.00097 8.64822e-06 -0.001946
2.34454 0.35443 1.00099 4.75447e-05 -0.0020209
2.36975 0.35443 1.00101 8.75395e-05 -0.00208175
2.39496 0.35443 1.00103 0.000127716 -0.00212883
2.42017 0.35443 1.00105 0.000167239 -0.00216253
2.44538 0.35443 1.00106 0.000205365 -0.00218329
2.47059 0.35443 1.00106 0.000241442 -0.00219161
2.4958 0.35443 1.00107 0.000274909 -0.00218804
2.52101 0.35443 1.00107 0.000305297 -0.0021731
2.54622 0.35443 1.00107 0.000332219 -0.00214733
2.57143 0.35443 1.00106 0.000355363 -0.00211123
2.59664 0.35443 1.00105 0.000374484 -0.00206526
2.62185 0.35443 1.00104 0.000389393 -0.00200981
2.64706 0.35443 1.00103 0.000399944 -0.0019452
2.67227 0.35443 1.00101 0.000406025 -0.00187165
2.69748 0.35443 1.00099 0.000407539 -0.0017893
2.72269 0.35443 1.00097 0.000404399 -0.00169818
2.7479 0.35443 1.00095 0.000396508 -0.00159819
2.77311 0.35443 1.00093 0.000383746 -0.00148914
2.79832 0.35443 1.0009 0.000365957 -0.00137069
2.82353 0.35443 1.00088 0.000342934 -0.00124237
2.84874 0.35443 1.00085 0.000314403 -0.00110358
2.87395 0.35443 1.00082 0.000280009 -0.00095359
2.89916 0.35443 1.00078 0.000239299 -0.000791517
2.92437 0.35443 1.00075 0.000191709 -0.000616346
2.94958 0.35443 1.00071 0.000136546 -0.00042692
2.97479 0.35443 1.00067 7.2984e-05 -0.000221946
3 0.35443 1.00062 0 0

0 0.379747 1 0.3 0
0.0252101 0.379747 1.29327 0.230039 0.014395
0.0504202 0.379747 1.47224 0.202163 0.0282004
0.0756303 0.379747 1.52971 0.195772 0.0405004
0.10084 0.379747 1.53877 0.195533 0.0511106
0.12605 0.379747 1.53688 0.196018 0.060119
0.151261 0.379747 1.53262 0.195996 0.0677287
0.176471 0.379747 1.52742 0.195184 0.0741969
0.201681 0.379747 1.52259 0.19355 0.0797046
0.226891 0.379747 1.51977 0.191282 0.084241
0.252101 0.379747 1.51935 0.188697 0.0876382
0.277311 0.379747 1.51928 0.185979 0.0897893
0.302521 0.379747 1.51564 0.182911 0.0909143
0.327731 0.379747 1.50557 0.17888 0.0916183
0.352941 0.379747 1.49069 0.173269 0.0925702
0.378151 0.379747 1.47678 0.165995 0.0940038
0.403361 0.379747 1.46982 0.157719 0.0954869
0.428571 0.379747 1.47199 0.149526 0.0961523
0.453782 0.379747 1.48008 0.142301 0.0952295
0.478992 0.379747 1.48648 0.136137 0.0925982
0.504202 0.379747 1.484 0.130205 0.088996
0.529412 0.379747 1.47171 0.123311 0.0855867
0.554622 0.379747 1.45543 0.114761 0.0831776
0.579832 0.379747 1.44239 0.104775 0.0817829
0.605042 0.379747 1.43644 0.0942293 0.0807855
0.630252 0.379747 1.43718 0.0840746 0.0793967
0.655462 0.379747 1.44141 0.0748835 0.0770617
0.680672 0.379747 1.44544 0.0667045 0.0736405
0.705882 0.379747 1.44703 0.0592154 0.0693427
0.731092 0.379747 1.44602 0.0520171 0.0645126
0.756303 0.379747 1.44363 0.0448683 0.0594255
0.781513 0.379747 1.44134 0.0377567 0.0541966
0.806723 0.379747 1.44008 0.0308362 0.048797
0.831933 0.379747 1.44022 0.0243236 0.0431208
0.857143 0.379747 1.4415 0.0184081 0.0370517
0.882353 0.379747 1.44369 0.0132201 0.0305106
0.907563 0.379747 1.44611 0.00880978 0.0234743
0.932773 0.379747 1.44872 0.00517477 0.0159818
0.957983 0.379747 1.45083 0.00225985 0.00811682
0.983193 0.379747 1.4529 0 0
1.0084 0.379747 0 0 0
1.03361 0.379747 0 0 0
1.05882 0.379747 0 0 0
1.08403 0.379747 0 0 0
1.10924 0.379747 0 0 0
1.13445 0.379747 0 0 0
1.15966 0.379747 0 0 0
1.18487 0.379747 0 0 0
1.21008 0.379747 0 0 0
1.23529 0.379747 0 0 0
1.2605 0.379747 0 0 0
1.28571 0.379747 0 0 0
1.31092 0.379747 0 0 0
1.33613 0.379747 0 0 0
1.36134 0.379747 0 0 0
1.38655 0.379747 0 0 0
1.41176 0.379747 0 0 0
1.43697 0.379747 0 0 0
1.46218 0.379747 0 0 0
1.48739 0.379747 0 0 0
1.51261 0.379747 0 0 0
1.53782 0.379747 0 0 0
1.56303 0.379747 0 0 0
1.58824 0.379747 0 0 0
1.61345 0.379747 0 0 0
1.63866 0.379747 0 0 0
1.66387 0.379747 0 0 0
1.68908 0.379747 0 0 0
1.71429 0.379747 0 0 0
1.7395 0.379747 0 0 0
1.76471 0.379747 0 0 0
1.78992 0.379747 0 0 0
1.81513 0.379747 0 0 0
1.84034 0.379747 0 0 0
1.86555 0.379747 0 0 0
1.89076 0.379747 0 0 0
1.91597 0.379747 0 0 0
1.94118 0.379747 0 0 0
1.96639 0.379747 0 0 0
1.9916 0.379747 0 0 0
2.01681 0.379747 1.00046 0 0
2.04202 0.379747 1.00051 -5.64501e-05 -0.000244698
2.06723 0.379747 1.00057 -9.95904e-05 -0.000478128
2.09244 0.379747 1.00063 -0.000129928 -0.000700067
2.11765 0.379747 1.00069 -0.00014812 -0.000910075
2.14286 0.379747 1.00075 -0.000154943 -0.00110756
2.16807 0.379747 1.00081 -0.000151313 -0.00129186
2.19328 0.379747 1.00086 -0.000138267 -0.00146231
2.21849 0.379747 1.00091 -0.000116946 -0.0016183
2.2437 0.379747 1.00096 -8.85606e-05 -0.0017593
2.26891 0.379747 1.001 -5.43664e-05 -0.00188495
2.29412 0.379747 1.00104 -1.56273e-05 -0.00199502
2.31933 0.379747 1.00107 2.64142e-05 -0.00208945
2.34454 0.379747 1.0011 7.05638e-05 -0.00216833
2.36975 0.379747 1.00112 0.000115699 -0.00223189
2.39496 0.379747 1.00114 0.000160785 -0.00228051
2.42017 0.379747 1.00116 0.000204888 -0.00231465
2.44538 0.379747 1.00117 0.000247182 -0.00233486
2.47059 0.379747 1.00118 0.000286952 -0.00234176
2.4958 0.379747 1.00118 0.000323591 -0.00233596
2.52101 0.379747 1.00118 0.000356596 -0.00231811
2.54622 0.379747 1.00118 0.000385561 -0.00228883
2.57143 0.379747 1.00117 0.000410167 -0.00224871
2.59664 0.379747 1.00116 0.000430168 -0.00219825
2.62185 0.379747 1.00115 0.000445385 -0.00213792
2.64706 0.379747 1.00113 0.000455685 -0.00206808
2.67227 0.379747 1.00112 0.000460973 -0.00198898
2.69748 0.379747 1.0011 0.000461171 -0.00190077
2.72269 0.379747 1.00107 0.000456212 -0.00180349
2.7479 0.379747 1.00105 0.000446015 -0.00169702
2.77311 0.379747 1.00103 0.000430477 -0.00158111
2.79832 0.379747 1.001 0.000409454 -0.0014554
2.82353 0.379747 1.00097 0.000382743 -0.00131934
2.84874 0.379747 1.00094 0.000350071 -0.00117225
2.87395 0.379747 1.0009 0.000311074 -0.00101329
2.89916 0.379747 1.00087 0.000265279 -0.000841455
2.92437 0.379747 1.00083 0.000212092 -0.000655596
2.94958 0.379747 1.00079 0.000150777 -0.000454401
2.97479 0.379747 1.00074 8.04477e-05 -0.000236406
3 0.379747 1.0007 0 0

0 0.405063 1 0.3 0
0.0252101 0.405063 1.28825 0.23095 0.0139904
0.0504202 0.405063 1.46376 0.203177 0.0275327
0.0756303 0.405063 1.52077 0.19649 0.0398174
0.10084 0.405063 1.5304 0.195945 0.0506642
0.12605 0.405063 1.52944 0.196244 0.0601062
0.151261 0.405063 1.52638 0.196212 0.0682582
0.176471 0.405063 1.52218 0.195566 0.0753052
0.201681 0.405063 1.51728 0.194176 0.0814363
0.226891 0.405063 1.51289 0.192054 0.0867342
0.252101 0.405063 1.51027 0.189384 0.0911119
0.277311 0.405063 1.50936 0.186411 0.0943901
0.302521 0.405063 1.50806 0.183207 0.0965069
0.327731 0.405063 1.50312 0.179485 0.0977212
0.352941 0.405063 1.49293 0.174691 0.0985913
0.378151 0.405063 1.47973 0.16839 0.099645
0.403361 0.405063 1.46867 0.160686 0.100976
0.428571 0.405063 1.46416 0.15229 0.102127
0.453782 0.405063 1.46696 0.144153 0.102353
0.478992 0.405063 1.47322 0.1369 0.1011
0.504202 0.405063 1.47633 0.130396 0.0984362
0.529412 0.405063 1.47156 0.123813 0.0950861
0.554622 0.405063 1.45995 0.116222 0.0919647
0.579832 0.405063 1.4469 0.107256 0.0895767
0.605042 0.405063 1.43766 0.0972869 0.0877915
0.630252 0.405063 1.43436 0.0870977 0.0860558
0.655462 0.405063 1.43584 0.0774091 0.0837699
0.680672 0.405063 1.43928 0.0685718 0.0805723
0.705882 0.405063 1.44203 0.0605345 0.0764263
0.731092 0.405063 1.44287 0.053024 0.071523
0.756303 0.405063 1.44208 0.0457756 0.0661097
0.781513 0.405063 1.44067 0.0386749 0.0603578
0.806723 0.405063 1.43962 0.0317717 0.0543191
0.831933 0.405063 1.43953 0.0252179 0.0479529
0.857143 0.405063 1.44043 0.0191853 0.0411772
0.882353 0.405063 1.4423 0.0138212 0.0339186
0.907563 0.405063 1.4446 0.00921172 0.0261391
0.932773 0.405063 1.44729 0.00539216 0.0178512
0.957983 0.405063 1.44964 0.00233722 0.00910812
0.983193 0.405063 1.45203 0 0
1.0084 0.405063 0 0 0
1.03361 0.405063 0 0 0
1.05882 0.405063 0 0 0
1.08403 0.405063 0 0 0
1.10924 0.405063 0 0 0
1.13445 0.405063 0 0 0
1.15966 0.405063 0 0 0
1.18487 0.405063 0 0 0
1.21008 0.405063 0 0 0
1.23529 0.405063 0 0 0
1.2605 0.405063 0 0 0
1.28571 0.405063 0 0 0
1.31092 0.405063 0 0 0
1.33613 0.405063 0 0 0
1.36134 0.405063 0 0 0
1.38655 0.405063 0 0 0
1.41176 0.405063 0 0 0
1.43697 0.405063 0 0 0
1.46218 0.405063 0 0 0
1.48739 0.405063 0 0 0
1.51261 0.405063 0 0 0
1.53782 0.405063 0 0 0
1.56303 0.405063 0 0 0
1.58824 0.405063 0 0 0
1.61345 0.405063 0 0 0
1.63866 0.405063 0 0 0
1.66387 0.405063 0 0 0
1.68908 0.405063 0 0 0
1.71429 0.405063 0 0 0
1.7395 0.405063 0 0 0
1.76471 0.405063 0 0 0
1.78992 0.405063 0 0 0
1.81513 0.405063 0 0 0
1.84034 0.405063 0 0 0
1.86555 0.405063 0 0 0
1.89076 0.405063 0 0 0
1.91597 0.405063 0 0 0
1.94118 0.405063 0 0 0
1.96639 0.405063 0 0 0
1.9916 0.405063 0 0 0
2.01681 0.405063 1.0005 0 0
2.04202 0.405063 1.00056 -6.1103e-05 -0.000263323
2.06723 0.405063 1.00063 -0.000107409 -0.000514893
2.09244 0.405063 1.0007 -0.000139433 -0.000754342
2.11765 0.405063 1.00076 -0.00015788 -0.000981063
2.14286 0.405063 1.00083 -0.000163617 -0.00119429
2.16807 0.405063 1.00089 -0.00015768 -0.00139318
2.19328 0.405063 1.00095 -0.000141261 -0.00157691
2.21849 0.405063 1.00101 -0.000115675 -0.00174475
2.2437 0.405063 1.00106 -8.23257e-05 -0.00189609
2.26891 0.405063 1.0011 -4.26635e-05 -0.0020305
2.29412 0.405063 1.00115 1.85512e-06 -0.00214776
2.31933 0.405063 1.00118 4.98048e-05 -0.00224782
2.34454 0.405063 1.00122 9.9824e-05 -0.00233082
2.36975 0.405063 1.00124 0.000150641 -0.0023971
2.39496 0.405063 1.00127 0.000201094 -0.0024471
2.42017 0.405063 1.00128 0.000250144 -0.00248142
2.44538 0.405063 1.00129 0.000296879 -0.00250073
2.47059 0.405063 1.0013 0.000340522 -0.00250574
2.4958 0.405063 1.00131 0.00038042 -0.0024972
2.52101 0.405063 1.0013 0.000416041 -0.00247588
2.54622 0.405063 1.0013 0.000446967 -0.00244249
2.57143 0.405063 1.00129 0.000472875 -0.00239771
2.59664 0.405063 1.00128 0.00049353 -0.00234214
2.62185 0.405063 1.00127 0.000508765 -0.00227629
2.64706 0.405063 1.00125 0.000518471 -0.00220058
2.67227 0.405063 1.00123 0.000522575 -0.0021153
2.69748 0.405063 1.00121 0.000521028 -0.00202062
2.72269 0.405063 1.00118 0.000513787 -0.00191655
2.7479 0.405063 1.00116 0.000500797 -0.00180298
2.77311 0.405063 1.00113 0.000481976 -0.00167962
2.79832 0.405063 1.0011 0.000457197 -0.00154605
2.82353 0.405063 1.00106 0.000426268 -0.00140164
2.84874 0.405063 1.00103 0.00038892 -0.00124562
2.87395 0.405063 1.00099 0.000344782 -0.00107704
2.89916 0.405063 1.00096 0.000293368 -0.00089477
2.92437 0.405063 1.00091 0.000234053 -0.000697497
2.94958 0.405063 1.00087 0.000166058 -0.000483741
2.97479 0.405063 1.00082 8.84375e-05 -0.000251849
3 0.405063 1.00077 0 0

0 0.43038 1 0.3 0
0.0252101 0.43038 1.28368 0.231811 0.013694
0.0504202 0.43038 1.45605 0.20417 0.0270538
0.0756303 0.43038 1.51257 0.197253 0.0393563
0.10084 0.43038 1.52251 0.196446 0.0504333
0.12605 0.43038 1.52204 0.196553 0.0602869
0.151261 0.43038 1.51974 0.196438 0.0689676
0.176471 0.43038 1.51648 0.195845 0.0765815
0.201681 0.43038 1.5122 0.194625 0.0832718
0.226891 0.43038 1.50746 0.192687 0.0891541
0.252101 0.43038 1.50336 0.190073 0.0942365
0.277311 0.43038 1.50074 0.186956 0.0984006
0.302521 0.43038 1.49917 0.183507 0.101499
0.327731 0.43038 1.49663 0.179706 0.10354
0.352941 0.43038 1.4907 0.17524 0.104815
0.378151 0.43038 1.48084 0.169653 0.105816
0.403361 0.43038 1.46969 0.162706 0.106918
0.428571 0.43038 1.46156 0.154657 0.108086
0.453782 0.43038 1.45946 0.146216 0.108855
0.478992 0.43038 1.46289 0.138159 0.108619
0.504202 0.43038 1.46775 0.130846 0.107036
0.529412 0.43038 1.46871 0.123971 0.104319
0.554622 0.43038 1.46321 0.116778 0.101127
0.579832 0.43038 1.45327 0.108621 0.0981246
0.605042 0.43038 1.44339 0.0994018 0.0955677
0.630252 0.43038 1.43705 0.0895669 0.0932394
0.655462 0.43038 1.43512 0.0797702 0.0906742
0.680672 0.43038 1.43624 0.0705156 0.0874454
0.705882 0.43038 1.43825 0.0619847 0.0833435
0.731092 0.43038 1.43956 0.0540834 0.078392
0.756303 0.43038 1.43968 0.0466113 0.0727469
0.781513 0.43038 1.43905 0.0394218 0.0665719
0.806723 0.43038 1.4384 0.0324909 0.0599621
0.831933 0.43038 1.43835 0.0259047 0.0529312
0.857143 0.43038 1.43909 0.0197995 0.0454396
0.882353 0.43038 1.44075 0.0143187 0.0374337
0.907563 0.43038 1.44293 0.0095658 0.0288747
0.932773 0.43038 1.44558 0.00560113 0.0197587
0.957983 0.43038 1.44804 0.00242277 0.0101135
0.983193 0.43038 1.45062 0 0
1.0084 0.43038 0 0 0
1.03361 0.43038 0 0 0
1.05882 0.43038 0 0 0
1.08403 0.43038 0 0 0
1.10924 0.43038 0 0 0
1.13445 0.43038 0 0 0
1.15966 0.43038 0 0 0
1.18487 0.43038 0 0 0
1.21008 0.43038 0 0 0
1.23529 0.43038 0 0 0
1.2605 0.43038 0 0 0
1.28571 0.43038 0 0 0
1.31092 0.43038 0 0 0
1.33613 0.43038 0 0 0
1.36134 0.43038 0 0 0
1.38655 0.43038 0 0 0
1.41176 0.43038 0 0 0
1.43697 0.43038 0 0 0
1.46218 0.43038 0 0 0
1.48739 0.43038 0 0 0
1.51261 0.43038 0 0 0
1.53782 0.43038 0 0 0
1.56303 0.43038 0 0 0
1.58824 0.43038 0 0 0
1.61345 0.43038 0 0 0
1.63866 0.43038 0 0 0
1.66387 0.43038 0 0 0
1.68908 0.43038 0 0 0
1.71429 0.43038 0 0 0
1.7395 0.43038 0 0 0
1.76471 0.43038 0 0 0
1.78992 0.43038 0 0 0
1.81513 0.43038 0 0 0
1.84034 0.43038 0 0 0
1.86555 0.43038 0 0 0
1.89076 0.43038 0 0 0
1.91597 0.43038 0 0 0
1.94118 0.43038 0 0 0
1.96639 0.43038 0 0 0
1.9916 0.43038 0 0 0
2.01681 0.43038 1.00054 0 0
2.04202 0.43038 1.00061 -6.58364e-05 -0.000283849
2.06723 0.43038 1.00069 -0.000115235 -0.000555483
2.09244 0.43038 1.00076 -0.000148705 -0.000814356
2.11765 0.43038 1.00084 -0.000167009 -0.00105964
2.14286 0.43038 1.00091 -0.00017111 -0.00129035
2.16807 0.43038 1.00098 -0.000162194 -0.00150542
2.19328 0.43038 1.00104 -0.000141632 -0.00170384
2.21849 0.43038 1.00111 -0.000110951 -0.00188472
2.2437 0.43038 1.00117 -7.17779e-05 -0.00204736
2.26891 0.43038 1.00122 -2.57916e-05 -0.00219127
2.29412 0.43038 1.00127 2.53293e-05 -0.00231622
2.31933 0.43038 1.00131 7.99515e-05 -0.0024222
2.34454 0.43038 1.00134 0.000136526 -0.00250943
2.36975 0.43038 1.00137 0.000193617 -0.00257833
2.39496 0.43038 1.0014 0.000249925 -0.00262949
2.42017 0.43038 1.00141 0.000304299 -0.00266363
2.44538 0.43038 1.00143 0.000355744 -0.00268155
2.47059 0.43038 1.00143 0.000403418 -0.00268413
2.4958 0.43038 1.00144 0.000446628 -0.00267225
2.52101 0.43038 1.00143 0.000484821 -0.0026468
2.54622 0.43038 1.00143 0.00051757 -0.00260862
2.57143 0.43038 1.00142 0.000544561 -0.00255848
2.59664 0.43038 1.00141 0.000565574 -0.00249709
2.62185 0.43038 1.00139 0.000580468 -0.00242503
2.64706 0.43038 1.00137 0.000589162 -0.00234276
2.67227 0.43038 1.00135 0.000591619 -0.00225063
2.69748 0.43038 1.00132 0.000587822 -0.0021488
2.72269 0.43038 1.0013 0.000577762 -0.00203731
2.7479 0.43038 1.00127 0.000561418 -0.00191602
2.77311 0.43038 1.00124 0.000538735 -0.00178459
2.79832 0.43038 1.0012 0.000509608 -0.00164254
2.82353 0.43038 1.00117 0.000473865 -0.00148918
2.84874 0.43038 1.00113 0.000431242 -0.00132362
2.87395 0.43038 1.00109 0.000381368 -0.00114479
2.89916 0.43038 1.00105 0.000323744 -0.000951414
2.92437 0.43038 1.00101 0.000257718 -0.000742014
2.94958 0.43038 1.00096 0.000182469 -0.00051492
2.97479 0.43038 1.00091 9.69895e-05 -0.000268267
3 0.43038 1.00086 0 0

0 0.455696 1 0.3 0
0.0252101 0.455696 1.27946 0.232633 0.0134886
0.0504202 0.455696 1.44894 0.205145 0.0267347
0.0756303 0.455696 1.50498 0.198051 0.0390844
0.10084 0.455696 1.5151 0.197027 0.0503837
0.12605 0.455696 1.51486 0.196955 0.0606191
0.151261 0.455696 1.51295 0.19672 0.0698012
0.176471 0.455696 1.51029 0.196092 0.0779744
0.201681 0.455696 1.50672 0.194936 0.0852212
0.226891 0.455696 1.50233 0.193129 0.0916372
0.252101 0.455696 1.49776 0.190624 0.0972782
0.277311 0.455696 1.49389 0.187488 0.102109
0.302521 0.455696 1.49118 0.18387 0.106015
0.327731 0.455696 1.48891 0.179873 0.108906
0.352941 0.455696 1.48531 0.175409 0.110857
0.378151 0.455696 1.47874 0.170178 0.11217
0.403361 0.455696 1.46953 0.163851 0.113245
0.428571 0.455696 1.46031 0.15637 0.114298
0.453782 0.455696 1.45431 0.148105 0.115188
0.478992 0.455696 1.4531 0.139709 0.115472
0.504202 0.455696 1.45527 0.131743 0.1147
0.529412 0.455696 1.45708 0.124319 0.112733
0.554622 0.455696 1.45508 0.117028 0.10988
0.579832 0.455696 1.44879 0.109254 0.106702
0.605042 0.455696 1.44077 0.100634 0.103631
0.630252 0.455696 1.4343 0.0912779 0.100734
0.655462 0.455696 1.43119 0.0816428 0.0977536
0.680672 0.455696 1.43124 0.0722359 0.0943158
0.705882 0.455696 1.43294 0.0633752 0.0901337
0.731092 0.455696 1.43476 0.0551276 0.085101
0.756303 0.455696 1.43584 0.0473965 0.079266
0.781513 0.455696 1.43615 0.0400579 0.0727439
0.806723 0.455696 1.43617 0.0330556 0.0656351
0.831933 0.455696 1.43645 0.0264267 0.0579872
0.857143 0.455696 1.43727 0.0202701 0.0497973
0.882353 0.455696 1.43888 0.014713 0.0410373
0.907563 0.455696 1.44098 0.00986165 0.0316772
0.932773 0.455696 1.44358 0.00578876 0.0217061
0.957983 0.455696 1.44607 0.00250777 0.0111342
0.983193 0.455696 1.44872 0 0
1.0084 0.455696 0 0 0
1.03361 0.455696 0 0 0
1.05882 0.455696 0 0 0
1.08403 0.455696 0 0 0
1.10924 0.455696 0 0 0
1.13445 0.455696 0 0 0
1.15966 0.455696 0 0 0
1.18487 0.455696 0 0 0
1.21008 0.455696 0 0 0
1.23529 0.455696 0 0 0
1.2605 0.455696 0 0 0
1.28571 0.455696 0 0 0
1.31092 0.455696 0 0 0
1.33613 0.455696 0 0 0
1.36134 0.455696 0 0 0
1.38655 0.455696 0 0 0
1.41176 0.455696 0 0 0
1.43697 0.455696 0 0 0
1.46218 0.455696 0 0 0
1.48739 0.455696 0 0 0
1.51261 0.455696 0 0 0
1.53782 0.455696 0 0 0
1.56303 0.455696 0 0 0
1.58824 0.455696 0 0 0
1.61345 0.455696 0 0 0
1.63866 0.455696 0 0 0
1.66387 0.455696 0 0 0
1.68908 0.455696 0 0 0
1.71429 0.455696 0 0 0
1.7395 0.455696 0 0 0
1.76471 0.455696 0 0 0
1.78992 0.455696 0 0 0
1.81513 0.455696 0 0 0
1.84034 0.455696 0 0 0
1.86555 0.455696 0 0 0
1.89076 0.455696 0 0 0
1.91597 0.455696 0 0 0
1.94118 0.455696 0 0 0
1.96639 0.455696 0 0 0
1.9916 0.455696 0 0 0
2.01681 0.455696 1.00059 0 0
2.04202 0.455696 1.00067 -7.06244e-05 -0.00030645
2.06723 0.455696 1.00075 -0.000122989 -0.000600275
2.09244 0.455696 1.00083 -0.000157587 -0.000880687
2.11765 0.455696 1.00091 -0.00017524 -0.00114659
2.14286 0.455696 1.00099 -0.000177029 -0.0013967
2.16807 0.455696 1.00107 -0.000164313 -0.00162969
2.19328 0.455696 1.00115 -0.000138685 -0.00184431
2.21849 0.455696 1.00122 -0.000101921 -0.0020395
2.2437 0.455696 1.00128 -5.59145e-05 -0.00221443
2.26891 0.455696 1.00134 -2.61231e-06 -0.00236857
2.29412 0.455696 1.00139 5.60506e-05 -0.00250168
2.31933 0.455696 1.00144 0.000118205 -0.0026138
2.34454 0.455696 1.00148 0.000182091 -0.00270527
2.36975 0.455696 1.00151 0.000246096 -0.00277661
2.39496 0.455696 1.00154 0.000308772 -0.00282858
2.42017 0.455696 1.00155 0.000368855 -0.00286206
2.44538 0.455696 1.00157 0.000425261 -0.00287802
2.47059 0.455696 1.00158 0.000477093 -0.0028775
2.4958 0.455696 1.00158 0.000523622 -0.00286156
2.52101 0.455696 1.00157 0.000564282 -0.00283123
2.54622 0.455696 1.00157 0.000598649 -0.00278748
2.57143 0.455696 1.00156 0.000626427 -0.00273121
2.59664 0.455696 1.00154 0.000647423 -0.00266322
2.62185 0.455696 1.00152 0.000661531 -0.00258419
2.64706 0.455696 1.0015 0.000668712 -0.00249463
2.67227 0.455696 1.00148 0.000668969 -0.00239492
2.69748 0.455696 1.00145 0.000662332 -0.00228526
2.72269 0.455696 1.00142 0.000648833 -0.00216568
2.7479 0.455696 1.00139 0.000628491 -0.00203601
2.77311 0.455696 1.00135 0.000601287 -0.0018959
2.79832 0.455696 1.00132 0.000567145 -0.00174477
2.82353 0.455696 1.00128 0.000525916 -0.00158184
2.84874 0.455696 1.00124 0.00047735 -0.00140614
2.87395 0.455696 1.0012 0.000421079 -0.00121644
2.89916 0.455696 1.00115 0.000356594 -0.00101131
2.92437 0.455696 1.00111 0.000283219 -0.000789089
2.94958 0.455696 1.00106 0.00020009 -0.000547902
2.97479 0.455696 1.001 0.000106141 -0.000285644
3 0.455696 1.00095 0 0

0 0.481013 1 0.3 0
0.0252101 0.481013 1.27551 0.233422 0.013359
0.0504202 0.481013 1.4423 0.206105 0.0265503
0.0756303 0.481013 1.49787 0.198874 0.0389754
0.10084 0.481013 1.50811 0.197671 0.0504936
0.12605 0.481013 1.50798 0.197441 0.0610839
0.151261 0.481013 1.5062 0.197075 0.0707337
0.176471 0.481013 1.50385 0.19636 0.0794465
0.201681 0.481013 1.50076 0.19518 0.087253
0.226891 0.481013 1.49689 0.193419 0.094208
0.252101 0.481013 1.49249 0.190992 0.100367
0.277311 0.481013 1.48816 0.187894 0.105744
0.302521 0.481013 1.48452 0.184208 0.110288
0.327731 0.481013 1.48166 0.180051 0.113914
0.352941 0.481013 1.47877 0.17546 0.116592
0.378151 0.481013 1.47446 0.170301 0.118454
0.403361 0.481013 1.46805 0.164314 0.11979
0.428571 0.481013 1.46064 0.157307 0.120893
0.453782 0.481013 1.45476 0.149382 0.12184
0.478992 0.481013 1.45257 0.140974 0.12241
0.504202 0.481013 1.45414 0.132646 0.122206
0.529412 0.481013 1.45705 0.124748 0.120921
0.554622 0.481013 1.45783 0.117195 0.118571
0.579832 0.481013 1.4544 0.10955 0.115498
0.605042 0.481013 1.44759 0.101362 0.112137
0.630252 0.481013 1.44013 0.092489 0.108737
0.655462 0.481013 1.43452 0.0831595 0.10525
0.680672 0.481013 1.43173 0.0737885 0.10143
0.705882 0.481013 1.43124 0.0647439 0.0969977
0.731092 0.481013 1.43187 0.0562135 0.0917732
0.756303 0.481013 1.43264 0.0482124 0.0857113
0.781513 0.481013 1.43315 0.0406757 0.0788599
0.806723 0.481013 1.4335 0.0335511 0.0712943
0.831933 0.481013 1.43404 0.0268493 0.0630706
0.857143 0.481013 1.435 0.020638 0.0542087
0.882353 0.481013 1.43663 0.0150226 0.0447019
0.907563 0.481013 1.4387 0.0101012 0.0345318
0.932773 0.481013 1.44125 0.00594821 0.0236872
0.957983 0.481013 1.44372 0.00258484 0.0121686
0.983193 0.481013 1.44638 0 0
1.0084 0.481013 0 0 0
1.03361 0.481013 0 0 0
1.05882 0.481013 0 0 0
1.08403 0.481013 0 0 0
1.10924 0.481013 0 0 0
1.13445 0.481013 0 0 0
1.15966 0.481013 0 0 0
1.18487 0.481013 0 0 0
1.21008 0.481013 0 0 0
1.23529 0.481013 0 0 0
1.2605 0.481013 0 0 0
1.28571 0.481013 0 0 0
1.31092 0.481013 0 0 0
1.33613 0.481013 0 0 0
1.36134 0.481013 0 0 0
1.38655 0.481013 0 0 0
1.41176 0.481013 0 0 0
1.43697 0.481013 0 0 0
1.46218 0.481013 0 0 0
1.48739 0.481013 0 0 0
1.51261 0.481013 0 0 0
1.53782 0.481013 0 0 0
1.56303 0.481013 0 0 0
1.58824 0.481013 0 0 0
1.61345 0.481013 0 0 0
1.63866 0.481013 0 0 0
1.66387 0.481013 0 0 0
1.68908 0.481013 0 0 0
1.71429 0.481013 0 0 0
1.7395 0.481013 0 0 0
1.76471 0.481013 0 0 0
1.78992 0.481013 0 0 0
1.81513 0.481013 0 0 0
1.84034 0.481013 0 0 0
1.86555 0.481013 0 0 0
1.89076 0.481013 0 0 0
1.91597 0.481013 0 0 0
1.94118 0.481013 0 0 0
1.96639 0.481013 0 0 0
1.9916 0.481013 0 0 0
2.01681 0.481013 1.00063 0 0
2.04202 0.481013 1.00072 -7.54317e-05 -0.000331335
2.06723 0.481013 1.00081 -0.000130571 -0.000649704
2.09244 0.481013 1.0009 -0.000165876 -0.000954013
2.11765 0.481013 1.001 -0.000182235 -0.00124281
2.14286 0.481013 1.00109 -0.000180871 -0.00151445
2.16807 0.481013 1.00118 -0.000163355 -0.00176726
2.19328 0.481013 1.00126 -0.000131548 -0.00199972
2.21849 0.481013 1.00134 -8.75285e-05 -0.00221056
2.2437 0.481013 1.00141 -3.35068e-05 -0.00239881
2.26891 0.481013 1.00147 2.82568e-05 -0.00256388
2.29412 0.481013 1.00153 9.55306e-05 -0.00270556
2.31933 0.481013 1.00158 0.000166177 -0.00282397
2.34454 0.481013 1.00162 0.000238205 -0.00291957
2.36975 0.481013 1.00166 0.000309807 -0.00299305
2.39496 0.481013 1.00169 0.000379381 -0.00304535
2.42017 0.481013 1.00171 0.000445545 -0.00307755
2.44538 0.481013 1.00172 0.000507135 -0.00309083
2.47059 0.481013 1.00173 0.000563201 -0.00308643
2.4958 0.481013 1.00173 0.000612992 -0.00306558
2.52101 0.481013 1.00173 0.000655939 -0.00302949
2.54622 0.481013 1.00172 0.000691635 -0.0029793
2.57143 0.481013 1.0017 0.000719812 -0.00291603
2.59664 0.481013 1.00169 0.00074032 -0.00284059
2.62185 0.481013 1.00166 0.0007531 -0.00275375
2.64706 0.481013 1.00164 0.000758164 -0.0026561
2.67227 0.481013 1.00161 0.000755572 -0.00254806
2.69748 0.481013 1.00158 0.000745407 -0.00242984
2.72269 0.481013 1.00155 0.000727753 -0.00230149
2.7479 0.481013 1.00152 0.000702677 -0.00216279
2.77311 0.481013 1.00148 0.000670205 -0.00201335
2.79832 0.481013 1.00144 0.000630297 -0.00185253
2.82353 0.481013 1.0014 0.000582832 -0.00167946
2.84874 0.481013 1.00136 0.000527579 -0.00149301
2.87395 0.481013 1.00131 0.000464179 -0.00129184
2.89916 0.481013 1.00127 0.000392115 -0.00107434
2.92437 0.481013 1.00122 0.000310693 -0.000838636
2.94958 0.481013 1.00116 0.000219007 -0.000582628
2.97479 0.481013 1.00111 0.000115931 -0.000303952
3 0.481013 1.00105 0 0

0 0.506329 1 0.3 0
0.0252101 0.506329 1.27176 0.234185 0.0132918
0.0504202 0.506329 1.43603 0.207049 0.0264789
0.0756303 0.506329 1.49115 0.199711 0.0390074
0.10084 0.506329 1.50148 0.19836 0.0507476
0.12605 0.506329 1.5014 0.197992 0.0616746
0.151261 0.506329 1.49964 0.197499 0.0717614
0.176471 0.506329 1.49737 0.196673 0.0809864
0.201681 0.506329 1.49452 0.195414 0.089344
0.226891 0.506329 1.49104 0.19362 0.0968493
0.252101 0.506329 1.48702 0.191207 0.103533
0.277311 0.506329 1.48275 0.188136 0.10942
0.302521 0.506329 1.47871 0.184437 0.114502
0.327731 0.506329 1.47522 0.180196 0.118731
0.352941 0.506329 1.47203 0.175494 0.122053
0.378151 0.506329 1.46815 0.170319 0.12449
0.403361 0.506329 1.46241 0.164523 0.126197
0.428571 0.506329 1.45462 0.157905 0.12742
0.453782 0.506329 1.44625 0.150393 0.128347
0.478992 0.506329 1.43969 0.142188 0.128961
0.504202 0.506329 1.43662 0.133717 0.129022
0.529412 0.506329 1.43678 0.125406 0.128224
0.554622 0.506329 1.43803 0.117422 0.126406
0.579832 0.506329 1.4379 0.109583 0.123681
0.605042 0.506329 1.43543 0.101523 0.120353
0.630252 0.506329 1.43158 0.0929881 0.11671
0.655462 0.506329 1.4281 0.0840015 0.112846
0.680672 0.506329 1.4262 0.0748255 0.108647
0.705882 0.506329 1.426 0.065787 0.103901
0.731092 0.506329 1.42686 0.0571247 0.0984154
0.756303 0.506329 1.42802 0.0489389 0.092087
0.781513 0.506329 1.42907 0.0412322 0.0849044
0.806723 0.506329 1.42995 0.0339825 0.0769069
0.831933 0.506329 1.43092 0.0271982 0.0681408
0.857143 0.506329 1.43215 0.0209301 0.0586347
0.882353 0.506329 1.4339 0.0152655 0.0483961
0.907563 0.506329 1.43601 0.0102912 0.0374174
0.932773 0.506329 1.43854 0.00607798 0.0256906
0.957983 0.506329 1.441 0.00264971 0.0132125
0.983193 0.506329 1.44366 0 0
1.0084 0.506329 0 0 0
1.03361 0.506329 0 0 0
1.05882 0.506329 0 0 0
1.08403 0.506329 0 0 0
1.10924 0.506329 0 0 0
1.13445 0.506329 0 0 0
1.15966 0.506329 0 0 0
1.18487 0.506329 0 0 0
1.21008 0.506329 0 0 0
1.23529 0.506329 0 0 0
1.2605 0.506329 0 0 0
1.28571 0.506329 0 0 0
1.31092 0.506329 0 0 0
1.33613 0.506329 0 0 0
1.36134 0.506329 0 0 0
1.38655 0.506329 0 0 0
1.41176 0.506329 0 0 0
1.43697 0.506329 0 0 0
1.46218 0.506329 0 0 0
1.48739 0.506329 0 0 0
1.51261 0.506329 0 0 0
1.53782 0.506329 0 0 0
1.56303 0.506329 0 0 0
1.58824 0.506329 0 0 0
1.61345 0.506329 0 0 0
1.63866 0.506329 0 0 0
1.66387 0.506329 0 0 0
1.68908 0.506329 0 0 0
1.71429 0.506329 0 0 0
1.7395 0.506329 0 0 0
1.76471 0.506329 0 0 0
1.78992 0.506329 0 0 0
1.81513 0.506329 0 0 0
1.84034 0.506329 0 0 0
1.86555 0.506329 0 0 0
1.89076 0.506329 0 0 0
1.91597 0.506329 0 0 0
1.94118 0.506329 0 0 0
1.96639 0.506329 0 0 0
1.9916 0.506329 0 0 0
2.01681 0.506329 1.00068 0 0
2.04202 0.506329 1.00077 -8.02107e-05 -0.000358744
2.06723 0.506329 1.00088 -0.000137846 -0.000704289
2.09244 0.506329 1.00098 -0.000173306 -0.00103513
2.11765 0.506329 1.00108 -0.000187558 -0.00134937
2.14286 0.506329 1.00119 -0.000181997 -0.0016449
2.16807 0.506329 1.00129 -0.00015846 -0.00191963
2.19328 0.506329 1.00138 -0.000119135 -0.00217171
2.21849 0.506329 1.00147 -6.64673e-05 -0.00239959
2.2437 0.506329 1.00155 -3.04673e-06 -0.00260219
2.26891 0.506329 1.00162 6.84972e-05 -0.00277887
2.29412 0.506329 1.00168 0.000145591 -0.00292944
2.31933 0.506329 1.00174 0.000225796 -0.00305416
2.34454 0.506329 1.00178 0.000306863 -0.00315364
2.36975 0.506329 1.00182 0.000386779 -0.0032288
2.39496 0.506329 1.00185 0.000463781 -0.00328079
2.42017 0.506329 1.00187 0.000536375 -0.00331094
2.44538 0.506329 1.00189 0.00060332 -0.00332067
2.47059 0.506329 1.00189 0.000663629 -0.00331144
2.4958 0.506329 1.00189 0.000716538 -0.0032847
2.52101 0.506329 1.00189 0.000761494 -0.00324187
2.54622 0.506329 1.00188 0.000798122 -0.00318424
2.57143 0.506329 1.00186 0.0008262 -0.003113
2.59664 0.506329 1.00184 0.000845633 -0.00302918
2.62185 0.506329 1.00182 0.000856427 -0.00293364
2.64706 0.506329 1.00179 0.000858659 -0.00282705
2.67227 0.506329 1.00176 0.000852455 -0.00270986
2.69748 0.506329 1.00173 0.000837963 -0.00258234
2.72269 0.506329 1.00169 0.000815332 -0.00244449
2.7479 0.506329 1.00165 0.000784685 -0.0022961
2.77311 0.506329 1.00161 0.000746099 -0.00213671
2.79832 0.506329 1.00157 0.000699581 -0.00196559
2.82353 0.506329 1.00153 0.000645042 -0.00178178
2.84874 0.506329 1.00148 0.000582277 -0.00158403
2.87395 0.506329 1.00143 0.00051094 -0.00137082
2.89916 0.506329 1.00138 0.000430512 -0.00114034
2.92437 0.506329 1.00133 0.000340282 -0.000890534
2.94958 0.506329 1.00128 0.000239304 -0.000619018
2.97479 0.506329 1.00122 0.000126397 -0.000323151
3 0.506329 1.00115 0 0

0 0.531646 1 0.3 0
0.0252101 0.531646 1.26818 0.234925 0.0132756
0.0504202 0.531646 1.43006 0.207977 0.0265015
0.0756303 0.531646 1.48474 0.200555 0.0391611
0.10084 0.531646 1.49514 0.199078 0.051133
0.12605 0.531646 1.49508 0.19859 0.062389
0.151261 0.531646 1.49329 0.197977 0.0728919
0.176471 0.531646 1.491 0.197032 0.082603
0.201681 0.531646 1.48821 0.195664 0.0914934
0.226891 0.531646 1.48492 0.193784 0.0995487
0.252101 0.531646 1.4812 0.19132 0.106771
0.277311 0.531646 1.47721 0.188228 0.113172
0.302521 0.531646 1.47323 0.184508 0.118761
0.327731 0.531646 1.46965 0.180204 0.123528
0.352941 0.531646 1.46673 0.175383 0.127445
0.378151 0.531646 1.4644 0.170079 0.130506
0.403361 0.531646 1.46213 0.164247 0.132779
0.428571 0.531646 1.45936 0.157767 0.134411
0.453782 0.531646 1.45613 0.150547 0.135566
0.478992 0.531646 1.4532 0.142651 0.136305
0.504202 0.531646 1.45144 0.134347 0.136515
0.529412 0.531646 1.4509 0.125992 0.135967
0.554622 0.531646 1.4505 0.117834 0.134464
0.579832 0.531646 1.44863 0.109858 0.131986
0.605042 0.531646 1.44446 0.101828 0.12871
0.630252 0.531646 1.43862 0.0934859 0.124887
0.655462 0.531646 1.43275 0.0847463 0.120679
0.680672 0.531646 1.42827 0.0757476 0.11608
0.705882 0.531646 1.42575 0.0667517 0.110952
0.731092 0.531646 1.42489 0.0580069 0.105123
0.756303 0.531646 1.42504 0.049668 0.0984634
0.781513 0.531646 1.42566 0.041797 0.0909167
0.806723 0.531646 1.4265 0.0344094 0.0824827
0.831933 0.531646 1.42758 0.0275247 0.0731871
0.857143 0.531646 1.42895 0.0211869 0.0630546
0.882353 0.531646 1.43079 0.0154693 0.0520977
0.907563 0.531646 1.43293 0.010447 0.0403155
0.932773 0.531646 1.43546 0.00618343 0.0277042
0.957983 0.531646 1.43793 0.00270238 0.0142608
0.983193 0.531646 1.44058 0 0
1.0084 0.531646 0 0 0
1.03361 0.531646 0 0 0
1.05882 0.531646 0 0 0
1.08403 0.531646 0 0 0
1.10924 0.531646 0 0 0
1.13445 0.531646 0 0 0
1.15966 0.531646 0 0 0
1.18487 0.531646 0 0 0
1.21008 0.531646 0 0 0
1.23529 0.531646 0 0 0
1.2605 0.531646 0 0 0
1.28571 0.531646 0 0 0
1.31092 0.531646 0 0 0
1.33613 0.531646 0 0 0
1.36134 0.531646 0 0 0
1.38655 0.531646 0 0 0
1.41176 0.531646 0 0 0
1.43697 0.531646 0 0 0
1.46218 0.531646 0 0 0
1.48739 0.531646 0 0 0
1.51261 0.531646 0 0 0
1.53782 0.531646 0 0 0
1.56303 0.531646 0 0 0
1.58824 0.531646 0 0 0
1.61345 0.531646 0 0 0
1.63866 0.531646 0 0 0
1.66387 0.531646 0 0 0
1.68908 0.531646 0 0 0
1.71429 0.531646 0 0 0
1.7395 0.531646 0 0 0
1.76471 0.531646 0 0 0
1.78992 0.531646 0 0 0
1.81513 0.531646 0 0 0
1.84034 0.531646 0 0 0
1.86555 0.531646 0 0 0
1.89076 0.531646 0 0 0
1.91597 0.531646 0 0 0
1.94118 0.531646 0 0 0
1.96639 0.531646 0 0 0
1.9916 0.531646 0 0 0
2.01681 0.531646 1.00072 0 0
2.04202 0.531646 1.00083 -8.48982e-05 -0.000388964
2.06723 0.531646 1.00094 -0.000144637 -0.000764644
2.09244 0.531646 1.00106 -0.000179533 -0.00112501
2.11765 0.531646 1.00118 -0.000190647 -0.00146756
2.14286 0.531646 1.00129 -0.000179594 -0.00178961
2.16807 0.531646 1.0014 -0.00014854 -0.00208857
2.19328 0.531646 1.00151 -0.000100082 -0.00236214
2.21849 0.531646 1.00161 -3.71139e-05 -0.00260854
2.2437 0.531646 1.0017 3.73198e-05 -0.00282651
2.26891 0.531646 1.00178 0.000120156 -0.00301538
2.29412 0.531646 1.00185 0.000208428 -0.00317506
2.31933 0.531646 1.00191 0.000299359 -0.00330596
2.34454 0.531646 1.00196 0.000390423 -0.0034089
2.36975 0.531646 1.002 0.000479386 -0.00348508
2.39496 0.531646 1.00203 0.00056433 -0.00353593
2.42017 0.531646 1.00205 0.000643649 -0.00356305
2.44538 0.531646 1.00206 0.000716045 -0.00356816
2.47059 0.531646 1.00207 0.000780506 -0.00355299
2.4958 0.531646 1.00207 0.000836279 -0.00351924
2.52101 0.531646 1.00206 0.000882843 -0.00346853
2.54622 0.531646 1.00205 0.000919876 -0.00340237
2.57143 0.531646 1.00203 0.000947221 -0.00332209
2.59664 0.531646 1.00201 0.000964859 -0.00322886
2.62185 0.531646 1.00198 0.000972873 -0.00312365
2.64706 0.531646 1.00195 0.000971424 -0.00300721
2.67227 0.531646 1.00192 0.000960716 -0.00288004
2.69748 0.531646 1.00188 0.000940977 -0.00274242
2.72269 0.531646 1.00184 0.000912429 -0.00259435
2.7479 0.531646 1.0018 0.000875261 -0.00243559
2.77311 0.531646 1.00176 0.000829612 -0.00226561
2.79832 0.531646 1.00171 0.000775538 -0.00208362
2.82353 0.531646 1.00166 0.000712995 -0.00188852
2.84874 0.531646 1.00162 0.000641807 -0.00167891
2.87395 0.531646 1.00157 0.000561644 -0.00145312
2.89916 0.531646 1.00151 0.000471994 -0.00120913
2.92437 0.531646 1.00146 0.000372128 -0.000944627
2.94958 0.531646 1.0014 0.000261068 -0.000656967
2.97479 0.531646 1.00134 0.000137577 -0.000343187
3 0.531646 1.00127 0 0

0 0.556962 1 0.3 0
0.0252101 0.556962 1.26474 0.235643 0.0133002
0.0504202 0.556962 1.42432 0.208888 0.0266014
0.0756303 0.556962 1.47858 0.201399 0.0394192
0.10084 0.556962 1.48904 0.199813 0.0516384
0.12605 0.556962 1.48898 0.199216 0.0632263
0.151261 0.556962 1.48713 0.198489 0.0741359
0.176471 0.556962 1.48477 0.197422 0.0843152
0.201681 0.556962 1.48195 0.195929 0.093719
0.226891 0.556962 1.4787 0.193933 0.102313
0.252101 0.556962 1.47512 0.191373 0.110075
0.277311 0.556962 1.47132 0.188218 0.116995
0.302521 0.556962 1.46735 0.184469 0.123071
0.327731 0.556962 1.46316 0.180163 0.128292
0.352941 0.556962 1.45857 0.175357 0.132638
0.378151 0.556962 1.45313 0.170088 0.136099
0.403361 0.556962 1.4464 0.164331 0.138712
0.428571 0.556962 1.43835 0.157985 0.140594
0.453782 0.556962 1.42985 0.150936 0.141907
0.478992 0.556962 1.42257 0.143172 0.142764
0.504202 0.556962 1.41822 0.134868 0.143145
0.529412 0.556962 1.41752 0.126342 0.142882
0.554622 0.556962 1.41963 0.117901 0.141763
0.579832 0.556962 1.42256 0.109675 0.139664
0.605042 0.556962 1.42435 0.10156 0.136632
0.630252 0.556962 1.42421 0.0933364 0.132839
0.655462 0.556962 1.42271 0.0848477 0.128458
0.680672 0.556962 1.42098 0.0761105 0.123553
0.705882 0.556962 1.41989 0.067291 0.118067
0.731092 0.556962 1.4197 0.0586049 0.111873
0.756303 0.556962 1.42022 0.0502291 0.104846
0.781513 0.556962 1.42113 0.0422708 0.0969074
0.806723 0.556962 1.42227 0.034786 0.0880256
0.831933 0.556962 1.42363 0.0278174 0.0782035
0.857143 0.556962 1.42522 0.0214145 0.0674546
0.882353 0.556962 1.42721 0.0156455 0.0557897
0.907563 0.556962 1.42944 0.0105781 0.0432108
0.932773 0.556962 1.43199 0.00626987 0.0297171
0.957983 0.556962 1.4345 0.00274443 0.0153082
0.983193 0.556962 1.43717 0 0
1.0084 0.556962 0 0 0
1.03361 0.556962 0 0 0
1.05882 0.556962 0 0 0
1.08403 0.556962 0 0 0
1.10924 0.556962 0 0 0
1.13445 0.556962 0 0 0
1.15966 0.556962 0 0 0
1.18487 0.556962 0 0 0
1.21008 0.556962 0 0 0
1.23529 0.556962 0 0 0
1.2605 0.556962 0 0 0
1.28571 0.556962 0 0 0
1.31092 0.556962 0 0 0
1.33613 0.556962 0 0 0
1.36134 0.556962 0 0 0
1.38655 0.556962 0 0 0
1.41176 0.556962 0 0 0
1.43697 0.556962 0 0 0
1.46218 0.556962 0 0 0
1.48739 0.556962 0 0 0
1.51261 0.556962 0 0 0
1.53782 0.556962 0 0 0
1.56303 0.556962 0 0 0
1.58824 0.556962 0 0 0
1.61345 0.556962 0 0 0
1.63866 0.556962 0 0 0
1.66387 0.556962 0 0 0
1.68908 0.556962 0 0 0
1.71429 0.556962 0 0 0
1.7395 0.556962 0 0 0
1.76471 0.556962 0 0 0
1.78992 0.556962 0 0 0
1.81513 0.556962 0 0 0
1.84034 0.556962 0 0 0
1.86555 0.556962 0 0 0
1.89076 0.556962 0 0 0
1.91597 0.556962 0 0 0
1.94118 0.556962 0 0 0
1.96639 0.556962 0 0 0
1.9916 0.556962 0 0 0
2.01681 0.556962 1.00076 0 0
2.04202 0.556962 1.00088 -8.94106e-05 -0.000422339
2.06723 0.556962 1.00101 -0.000150715 -0.000831514
2.09244 0.556962 1.00114 -0.000184109 -0.00122479
2.11765 0.556962 1.00128 -0.000190777 -0.0015989
2.14286 0.556962 1.00141 -0.000172614 -0.00195043
2.16807 0.556962 1.00153 -0.000132211 -0.00227613
2.19328 0.556962 1.00165 -7.26738e-05 -0.00257324
2.21849 0.556962 1.00176 2.55246e-06 -0.00283965
2.2437 0.556962 1.00186 8.98763e-05 -0.00307395
2.26891 0.556962 1.00195 0.000185726 -0.0032755
2.29412 0.556962 1.00202 0.000286688 -0.00344433
2.31933 0.556962 1.00209 0.00038961 -0.00358106
2.34454 0.556962 1.00214 0.000491667 -0.00368682
2.36975 0.556962 1.00219 0.000590405 -0.00376312
2.39496 0.556962 1.00222 0.000683752 -0.00381175
2.42017 0.556962 1.00224 0.00077001 -0.00383467
2.44538 0.556962 1.00226 0.000847841 -0.0038339
2.47059 0.556962 1.00226 0.000916233 -0.00381149
2.4958 0.556962 1.00226 0.000974469 -0.00376942
2.52101 0.556962 1.00225 0.00102208 -0.00370956
2.54622 0.556962 1.00223 0.00105884 -0.00363362
2.57143 0.556962 1.00221 0.00108465 -0.00354312
2.59664 0.556962 1.00218 0.00109962 -0.00343939
2.62185 0.556962 1.00215 0.0011039 -0.00332348
2.64706 0.556962 1.00212 0.00109777 -0.00319622
2.67227 0.556962 1.00208 0.00108153 -0.00305819
2.69748 0.556962 1.00204 0.00105548 -0.00290966
2.72269 0.556962 1.002 0.00101995 -0.00275063
2.7479 0.556962 1.00195 0.000975189 -0.00258083
2.77311 0.556962 1.00191 0.000921411 -0.00239965
2.79832 0.556962 1.00186 0.000858731 -0.00220621
2.82353 0.556962 1.00181 0.000787153 -0.00199928
2.84874 0.556962 1.00176 0.000706538 -0.00177732
2.87395 0.556962 1.00171 0.000616579 -0.00153845
2.89916 0.556962 1.00165 0.00051677 -0.00128044
2.92437 0.556962 1.00159 0.000406375 -0.00100072
2.94958 0.556962 1.00153 0.000284384 -0.000696338
2.97479 0.556962 1.00147 0.000149507 -0.000363991
3 0.556962 1.0014 0 0

0 0.582278 1 0.3 0
0.0252101 0.582278 1.26143 0.236341 0.0133564
0.0504202 0.582278 1.41882 0.20978 0.0267638
0.0756303 0.582278 1.47265 0.202239 0.0397666
0.10084 0.582278 1.48315 0.200555 0.0522538
0.12605 0.582278 1.48306 0.199857 0.0641857
0.151261 0.582278 1.48113 0.199016 0.0755045
0.176471 0.582278 1.47869 0.197823 0.0861449
0.201681 0.582278 1.47579 0.196195 0.0960481
0.226891 0.582278 1.4725 0.19406 0.105166
0.252101 0.582278 1.469 0.191366 0.113464
0.277311 0.582278 1.46551 0.188081 0.120922
0.302521 0.582278 1.46237 0.1842 0.127537
0.327731 0.582278 1.46007 0.179741 0.133314
0.352941 0.582278 1.45918 0.17475 0.138253
0.378151 0.582278 1.45991 0.169298 0.142338
0.403361 0.582278 1.46161 0.163438 0.145551
0.428571 0.582278 1.46282 0.157164 0.147914
0.453782 0.582278 1.46201 0.150397 0.149507
0.478992 0.582278 1.45866 0.143057 0.150443
0.504202 0.582278 1.45357 0.135166 0.150781
0.529412 0.582278 1.44815 0.126894 0.150476
0.554622 0.582278 1.44343 0.118492 0.149397
0.579832 0.582278 1.43942 0.110151 0.147414
0.605042 0.582278 1.43544 0.101898 0.144494
0.630252 0.582278 1.43105 0.0936189 0.140716
0.655462 0.582278 1.42644 0.0851811 0.136207
0.680672 0.582278 1.42233 0.0765516 0.131049
0.705882 0.582278 1.41935 0.067826 0.125231
0.731092 0.582278 1.41769 0.0591749 0.118669
0.756303 0.582278 1.41719 0.0507693 0.111254
0.781513 0.582278 1.41752 0.042738 0.102899
0.806723 0.582278 1.41839 0.035165 0.0935538
0.831933 0.582278 1.41968 0.0281134 0.0831994
0.857143 0.582278 1.42131 0.0216413 0.0718357
0.882353 0.582278 1.42334 0.0158157 0.0594674
0.907563 0.582278 1.42562 0.0106997 0.0460956
0.932773 0.582278 1.42819 0.00634641 0.0317227
0.957983 0.582278 1.43074 0.00277982 0.016351
0.983193 0.582278 1.43344 0 0
1.0084 0.582278 0 0 0
1.03361 0.582278 0 0 0
1.05882 0.582278 0 0 0
1.08403 0.582278 0 0 0
1.10924 0.582278 0 0 0
1.13445 0.582278 0 0 0
1.15966 0.582278 0 0 0
1.18487 0.582278 0 0 0
1.21008 0.582278 0 0 0
1.23529 0.582278 0 0 0
1.2605 0.582278 0 0 0
1.28571 0.582278 0 0 0
1.31092 0.582278 0 0 0
1.33613 0.582278 0 0 0
1.36134 0.582278 0 0 0
1.38655 0.582278 0 0 0
1.41176 0.582278 0 0 0
1.43697 0.582278 0 0 0
1.46218 0.582278 0 0 0
1.48739 0.582278 0 0 0
1.51261 0.582278 0 0 0
1.53782 0.582278 0 0 0
1.56303 0.582278 0 0 0
1.58824 0.582278 0 0 0
1.61345 0.582278 0 0 0
1.63866 0.582278 0 0 0
1.66387 0.582278 0 0 0
1.68908 0.582278 0 0 0
1.71429 0.582278 0 0 0
1.7395 0.582278 0 0 0
1.76471 0.582278 0 0 0
1.78992 0.582278 0 0 0
1.81513 0.582278 0 0 0
1.84034 0.582278 0 0 0
1.86555 0.582278 0 0 0
1.89076 0.582278 0 0 0
1.91597 0.582278 0 0 0
1.94118 0.582278 0 0 0
1.96639 0.582278 0 0 0
1.9916 0.582278 0 0 0
2.01681 0.582278 1.0008 0 0
2.04202 0.582278 1.00094 -9.36375e-05 -0.00045929
2.06723 0.582278 1.00108 -0.000155776 -0.000905809
2.09244 0.582278 1.00123 -0.000186448 -0.00133588
2.11765 0.582278 1.00138 -0.000187003 -0.00174526
2.14286 0.582278 1.00153 -0.000159711 -0.00212956
2.16807 0.582278 1.00167 -0.000107706 -0.00248478
2.19328 0.582278 1.0018 -3.4744e-05 -0.00280758
2.21849 0.582278 1.00193 5.50539e-05 -0.0030955
2.2437 0.582278 1.00204 0.00015744 -0.00334702
2.26891 0.582278 1.00213 0.000268249 -0.00356155
2.29412 0.582278 1.00222 0.00038356 -0.00373932
2.31933 0.582278 1.00229 0.000499813 -0.00388127
2.34454 0.582278 1.00235 0.000613874 -0.00398892
2.36975 0.582278 1.00239 0.000723069 -0.00406417
2.39496 0.582278 1.00243 0.00082519 -0.00410924
2.42017 0.582278 1.00245 0.000918473 -0.00412649
2.44538 0.582278 1.00246 0.00100157 -0.00411834
2.47059 0.582278 1.00247 0.0010735 -0.00408718
2.4958 0.582278 1.00246 0.00113361 -0.00403531
2.52101 0.582278 1.00245 0.00118153 -0.00396487
2.54622 0.582278 1.00243 0.00121712 -0.00387779
2.57143 0.582278 1.0024 0.00124043 -0.0037758
2.59664 0.582278 1.00237 0.00125165 -0.00366036
2.62185 0.582278 1.00234 0.00125108 -0.00353265
2.64706 0.582278 1.0023 0.0012391 -0.00339359
2.67227 0.582278 1.00226 0.00121612 -0.00324377
2.69748 0.582278 1.00222 0.00118256 -0.00308351
2.72269 0.582278 1.00217 0.00113883 -0.00291279
2.7479 0.582278 1.00212 0.00108528 -0.00273127
2.77311 0.582278 1.00207 0.00102218 -0.00253829
2.79832 0.582278 1.00202 0.000949733 -0.00233285
2.82353 0.582278 1.00197 0.000867985 -0.0021136
2.84874 0.582278 1.00191 0.000776844 -0.00187882
2.87395 0.582278 1.00185 0.00067603 -0.00162644
2.89916 0.582278 1.0018 0.000565051 -0.00135397
2.92437 0.582278 1.00174 0.000443164 -0.00105857
2.94958 0.582278 1.00167 0.000309335 -0.000736966
2.97479 0.582278 1.00161 0.000162223 -0.000385477
3 0.582278 1.00153 0 0

0 0.607595 1 0.3 0
0.0252101 0.607595 1.25824 0.237016 0.0134359
0.0504202 0.607595 1.41352 0.210651 0.0269756
0.0756303 0.607595 1.46693 0.203067 0.0401906
0.10084 0.607595 1.47743 0.201296 0.0529711
0.12605 0.607595 1.4773 0.200499 0.065268
0.151261 0.607595 1.47526 0.199541 0.0770095
0.176471 0.607595 1.47271 0.198211 0.0881148
0.201681 0.607595 1.46971 0.196437 0.0985106
0.226891 0.607595 1.4663 0.194157 0.108135
0.252101 0.607595 1.46256 0.191336 0.116935
0.277311 0.607595 1.45841 0.187968 0.124864
0.302521 0.607595 1.45346 0.184078 0.131883
0.327731 0.607595 1.4471 0.179691 0.137972
0.352941 0.607595 1.43891 0.174818 0.143141
0.378151 0.607595 1.42925 0.169449 0.147433
0.403361 0.607595 1.41933 0.163566 0.150901
0.428571 0.607595 1.41068 0.157154 0.1536
0.453782 0.607595 1.40444 0.1502 0.155582
0.478992 0.607595 1.40105 0.142709 0.156892
0.504202 0.607595 1.40045 0.134745 0.157548
0.529412 0.607595 1.40225 0.126453 0.157507
0.554622 0.607595 1.40574 0.11804 0.156666
0.579832 0.607595 1.40978 0.109681 0.154905
0.605042 0.607595 1.41312 0.101437 0.152158
0.630252 0.607595 1.41486 0.0932382 0.148455
0.655462 0.607595 1.41495 0.0849622 0.143886
0.680672 0.607595 1.41402 0.0765388 0.138534
0.705882 0.607595 1.41292 0.0680051 0.132421
0.731092 0.607595 1.41223 0.059487 0.125502
0.756303 0.607595 1.41219 0.0511409 0.117691
0.781513 0.607595 1.41274 0.0431077 0.108905
0.806723 0.607595 1.41376 0.0354955 0.0990803
0.831933 0.607595 1.41518 0.028389 0.0881841
0.857143 0.607595 1.41693 0.0218601 0.0762019
0.882353 0.607595 1.41906 0.0159811 0.0631299
0.907563 0.607595 1.42141 0.0108161 0.0489671
0.932773 0.607595 1.42403 0.00641713 0.0337172
0.957983 0.607595 1.42666 0.00281098 0.0173866
0.983193 0.607595 1.4294 0 0
1.0084 0.607595 0 0 0
1.03361 0.607595 0 0 0
1.05882 0.607595 0 0 0
1.08403 0.607595 0 0 0
1.10924 0.607595 0 0 0
1.13445 0.607595 0 0 0
1.15966 0.607595 0 0 0
1.18487 0.607595 0 0 0
1.21008 0.607595 0 0 0
1.23529 0.607595 0 0 0
1.2605 0.607595 0 0 0
1.28571 0.607595 0 0 0
1.31092 0.607595 0 0 0
1.33613 0.607595 0 0 0
1.36134 0.607595 0 0 0
1.38655 0.607595 0 0 0
1.41176 0.607595 0 0 0
1.43697 0.607595 0 0 0
1.46218 0.607595 0 0 0
1.48739 0.607595 0 0 0
1.51261 0.607595 0 0 0
1.53782 0.607595 0 0 0
1.56303 0.607595 0 0 0
1.58824 0.607595 0 0 0
1.61345 0.607595 0 0 0
1.63866 0.607595 0 0 0
1.66387 0.607595 0 0 0
1.68908 0.607595 0 0 0
1.71429 0.607595 0 0 0
1.7395 0.607595 0 0 0
1.76471 0.607595 0 0 0
1.78992 0.607595 0 0 0
1.81513 0.607595 0 0 0
1.84034 0.607595 0 0 0
1.86555 0.607595 0 0 0
1.89076 0.607595 0 0 0
1.91597 0.607595 0 0 0
1.94118 0.607595 0 0 0
1.96639 0.607595 0 0 0
1.9916 0.607595 0 0 0
2.01681 0.607595 1.00084 0 0
2.04202 0.607595 1.00099 -9.74329e-05 -0.000500336
2.06723 0.607595 1.00115 -0.000159419 -0.00098866
2.09244 0.607595 1.00132 -0.000185774 -0.00146003
2.11765 0.607595 1.00149 -0.000178088 -0.0019089
2.14286 0.607595 1.00166 -0.000139133 -0.0023297
2.16807 0.607595 1.00182 -7.27606e-05 -0.00271746
2.19328 0.607595 1.00197 1.64531e-05 -0.00306819
2.21849 0.607595 1.00211 0.000123548 -0.00337907
2.2437 0.607595 1.00223 0.000243491 -0.00364851
2.26891 0.607595 1.00234 0.00037143 -0.00387606
2.29412 0.607595 1.00243 0.000502883 -0.00406226
2.31933 0.607595 1.00251 0.000633851 -0.00420849
2.34454 0.607595 1.00257 0.000760891 -0.00431673
2.36975 0.607595 1.00262 0.000881129 -0.00438942
2.39496 0.607595 1.00265 0.000992248 -0.00442926
2.42017 0.607595 1.00268 0.00109246 -0.0044391
2.44538 0.607595 1.00269 0.00118043 -0.00442181
2.47059 0.607595 1.00269 0.00125528 -0.00438017
2.4958 0.607595 1.00268 0.00131644 -0.00431682
2.52101 0.607595 1.00266 0.00136369 -0.0042342
2.54622 0.607595 1.00264 0.00139701 -0.0041345
2.57143 0.607595 1.00261 0.00141659 -0.00401963
2.59664 0.607595 1.00258 0.00142279 -0.00389121
2.62185 0.607595 1.00254 0.00141604 -0.00375055
2.64706 0.607595 1.00249 0.00139686 -0.00359863
2.67227 0.607595 1.00245 0.00136577 -0.00343611
2.69748 0.607595 1.0024 0.00132333 -0.00326328
2.72269 0.607595 1.00235 0.00127004 -0.00308012
2.7479 0.607595 1.0023 0.00120634 -0.00288624
2.77311 0.607595 1.00224 0.00113262 -0.00268089
2.79832 0.607595 1.00219 0.00104912 -0.00246296
2.82353 0.607595 1.00213 0.000955961 -0.00223093
2.84874 0.607595 1.00207 0.000853097 -0.00198293
2.87395 0.607595 1.00201 0.000740282 -0.00171665
2.89916 0.607595 1.00195 0.000617041 -0.00142935
2.92437 0.607595 1.00189 0.000482631 -0.00111789
2.94958 0.607595 1.00182 0.000335998 -0.00077865
2.97479 0.607595 1.00175 0.000175758 -0.00040754
3 0.607595 1.00168 0 0

0 0.632911 1 0.3 0
0.0252101 0.632911 1.25518 0.237667 0.0135311
0.0504202 0.632911 1.40846 0.211495 0.0272251
0.0756303 0.632911 1.46143 0.203878 0.0406807
0.10084 0.632911 1.47191 0.202025 0.0537859
0.12605 0.632911 1.47167 0.201126 0.0664772
0.151261 0.632911 1.4695 0.200041 0.078665
0.176471 0.632911 1.46682 0.198558 0.0902506
0.201681 0.632911 1.46376 0.19661 0.101147
0.226891 0.632911 1.46045 0.194137 0.111288
0.252101 0.632911 1.45731 0.191091 0.12063
0.277311 0.632911 1.4551 0.187447 0.129148
0.302521 0.632911 1.45482 0.18322 0.136821
0.327731 0.632911 1.45721 0.178479 0.143616
0.352941 0.632911 1.46206 0.173329 0.149483
0.378151 0.632911 1.4678 0.167868 0.154368
0.403361 0.632911 1.472 0.162137 0.158248
0.428571 0.632911 1.4725 0.156088 0.16115
0.453782 0.632911 1.46844 0.149615 0.163157
0.478992 0.632911 1.46053 0.142607 0.164378
0.504202 0.632911 1.4506 0.135029 0.164905
0.529412 0.632911 1.4408 0.126967 0.164766
0.554622 0.632911 1.43267 0.118606 0.163901
0.579832 0.632911 1.42673 0.110159 0.162197
0.605042 0.632911 1.42249 0.101763 0.159551
0.630252 0.632911 1.41912 0.0934373 0.155925
0.655462 0.632911 1.41603 0.0851123 0.15135
0.680672 0.632911 1.41315 0.0767201 0.145878
0.705882 0.632911 1.41078 0.0682608 0.139539
0.731092 0.632911 1.4092 0.0598144 0.132308
0.756303 0.632911 1.40851 0.051508 0.124125
0.781513 0.632911 1.40864 0.0434755 0.114913
0.806723 0.632911 1.40942 0.0358328 0.104609
0.831933 0.632911 1.41075 0.028678 0.0931676
0.857143 0.632911 1.41246 0.0220939 0.0805635
0.882353 0.632911 1.4146 0.0161585 0.0667855
0.907563 0.632911 1.41696 0.0109393 0.0518294
0.932773 0.632911 1.4196 0.00648984 0.035702
0.957983 0.632911 1.42229 0.00284177 0.0184149
0.983193 0.632911 1.42508 0 0
1.0084 0.632911 0 0 0
1.03361 0.632911 0 0 0
1.05882 0.632911 0 0 0
1.08403 0.632911 0 0 0
1.10924 0.632911 0 0 0
1.13445 0.632911 0 0 0
1.15966 0.632911 0 0 0
1.18487 0.632911 0 0 0
1.21008 0.632911 0 0 0
1.23529 0.632911 0 0 0
1.2605 0.632911 0 0 0
1.28571 0.632911 0 0 0
1.31092 0.632911 0 0 0
1.33613 0.632911 0 0 0
1.36134 0.632911 0 0 0
1.38655 0.632911 0 0 0
1.41176 0.632911 0 0 0
1.43697 0.632911 0 0 0
1.46218 0.632911 0 0 0
1.48739 0.632911 0 0 0
1.51261 0.632911 0 0 0
1.53782 0.632911 0 0 0
1.56303 0.632911 0 0 0
1.58824 0.632911 0 0 0
1.61345 0.632911 0 0 0
1.63866 0.632911 0 0 0
1.66387 0.632911 0 0 0
1.68908 0.632911 0 0 0
1.71429 0.632911 0 0 0
1.7395 0.632911 0 0 0
1.76471 0.632911 0 0 0
1.78992 0.632911 0 0 0
1.81513 0.632911 0 0 0
1.84034 0.632911 0 0 0
1.86555 0.632911 0 0 0
1.89076 0.632911 0 0 0
1.91597 0.632911 0 0 0
1.94118 0.632911 0 0 0
1.96639 0.632911 0 0 0
1.9916 0.632911 0 0 0
2.01681 0.632911 1.00087 0 0
2.04202 0.632911 1.00103 -0.000100602 -0.000546132
2.06723 0.632911 1.00122 -0.000161107 -0.00108149
2.09244 0.632911 1.00142 -0.000181057 -0.00159941
2.11765 0.632911 1.00161 -0.000162396 -0.00209264
2.14286 0.632911 1.0018 -0.000108592 -0.0025541
2.16807 0.632911 1.00198 -2.44467e-05 -0.00297767
2.19328 0.632911 1.00215 8.44147e-05 -0.00335861
2.21849 0.632911 1.00231 0.000211997 -0.00369377
2.2437 0.632911 1.00244 0.000352335 -0.00398156
2.26891 0.632911 1.00256 0.000499792 -0.00422181
2.29412 0.632911 1.00267 0.000649271 -0.00441553
2.31933 0.632911 1.00275 0.000796327 -0.00456464
2.34454 0.632911 1.00282 0.00093722 -0.00467176
2.36975 0.632911 1.00287 0.00106891 -0.00473995
2.39496 0.632911 1.0029 0.00118903 -0.00477253
2.42017 0.632911 1.00292 0.00129581 -0.0047729
2.44538 0.632911 1.00293 0.00138801 -0.00474441
2.47059 0.632911 1.00293 0.00146486 -0.00469031
2.4958 0.632911 1.00292 0.00152597 -0.00461361
2.52101 0.632911 1.0029 0.00157127 -0.00451706
2.54622 0.632911 1.00287 0.00160094 -0.00440312
2.57143 0.632911 1.00283 0.00161534 -0.00427389
2.59664 0.632911 1.00279 0.001615 -0.00413117
2.62185 0.632911 1.00275 0.00160051 -0.00397636
2.64706 0.632911 1.0027 0.00157255 -0.00381052
2.67227 0.632911 1.00265 0.0015318 -0.00363433
2.69748 0.632911 1.0026 0.00147892 -0.00344812
2.72269 0.632911 1.00254 0.00141454 -0.00325181
2.7479 0.632911 1.00248 0.00133922 -0.00304494
2.77311 0.632911 1.00243 0.00125341 -0.00282669
2.79832 0.632911 1.00237 0.00115746 -0.0025958
2.82353 0.632911 1.00231 0.00105154 -0.00235062
2.84874 0.632911 1.00225 0.000935658 -0.00208905
2.87395 0.632911 1.00218 0.000809607 -0.00180856
2.89916 0.632911 1.00212 0.000672935 -0.00150616
2.92437 0.632911 1.00205 0.000524904 -0.00117835
2.94958 0.632911 1.00199 0.000364445 -0.000821155
2.97479 0.632911 1.00191 0.00019014 -0.000430059
3 0.632911 1.00184 0 0

0 0.658228 1 0.3 0
0.0252101 0.658228 1.25229 0.238286 0.0136345
0.0504202 0.658228 1.40366 0.212305 0.0275022
0.0756303 0.658228 1.45619 0.204663 0.0412303
0.10084 0.658228 1.46658 0.202729 0.054699
0.12605 0.658228 1.4662 0.201722 0.0678233
0.151261 0.658228 1.46381 0.200494 0.0804891
0.176471 0.658228 1.46092 0.198843 0.0925727
0.201681 0.658228 1.45754 0.196726 0.103961
0.226891 0.658228 1.45345 0.194121 0.114556
0.252101 0.658228 1.44815 0.191024 0.124276
0.277311 0.658228 1.4408 0.187444 0.133056
0.302521 0.658228 1.43059 0.183372 0.140873
0.327731 0.658228 1.41761 0.17878 0.147755
0.352941 0.658228 1.40351 0.173635 0.153768
0.378151 0.658228 1.39102 0.167947 0.158963
0.403361 0.658228 1.38264 0.161775 0.163339
0.428571 0.658228 1.37939 0.155208 0.166853
0.453782 0.658228 1.38058 0.148313 0.169464
0.478992 0.658228 1.38442 0.141104 0.171176
0.504202 0.658228 1.38915 0.13357 0.172029
0.529412 0.658228 1.39369 0.125723 0.172066
0.554622 0.658228 1.39768 0.117639 0.171283
0.579832 0.658228 1.40106 0.109438 0.169625
0.605042 0.658228 1.40365 0.101227 0.167015
0.630252 0.658228 1.4052 0.0930458 0.163403
0.655462 0.658228 1.4056 0.0848604 0.158785
0.680672 0.658228 1.40511 0.07662 0.15319
0.705882 0.658228 1.40424 0.0683145 0.146638
0.731092 0.658228 1.4035 0.0600002 0.139114
0.756303 0.658228 1.40323 0.0517851 0.130569
0.781513 0.658228 1.40353 0.0437962 0.120937
0.806723 0.658228 1.4044 0.0361558 0.110152
0.831933 0.658228 1.40575 0.0289726 0.0981605
0.857143 0.658228 1.40753 0.0223411 0.0849296
0.882353 0.658228 1.40969 0.0163484 0.0704399
0.907563 0.658228 1.41214 0.0110698 0.0546867
0.932773 0.658228 1.41484 0.00656507 0.0376794
0.957983 0.658228 1.41765 0.00287263 0.0194364
0.983193 0.658228 1.4205 0 0
1.0084 0.658228 0 0 0
1.03361 0.658228 0 0 0
1.05882 0.658228 0 0 0
1.08403 0.658228 0 0 0
1.10924 0.658228 0 0 0
1.13445 0.658228 0 0 0
1.15966 0.658228 0 0 0
1.18487 0.658228 0 0 0
1.21008 0.658228 0 0 0
1.23529 0.658228 0 0 0
1.2605 0.658228 0 0 0
1.28571 0.658228 0 0 0
1.31092 0.658228 0 0 0
1.33613 0.658228 0 0 0
1.36134 0.658228 0 0 0
1.38655 0.658228 0 0 0
1.41176 0.658228 0 0 0
1.43697 0.658228 0 0 0
1.46218 0.658228 0 0 0
1.48739 0.658228 0 0 0
1.51261 0.658228 0 0 0
1.53782 0.658228 0 0 0
1.56303 0.658228 0 0 0
1.58824 0.658228 0 0 0
1.61345 0.658228 0 0 0
1.63866 0.658228 0 0 0
1.66387 0.658228 0 0 0
1.68908 0.658228 0 0 0
1.71429 0.658228 0 0 0
1.7395 0.658228 0 0 0
1.76471 0.658228 0 0 0
1.78992 0.658228 0 0 0
1.81513 0.658228 0 0 0
1.84034 0.658228 0 0 0
1.86555 0.658228 0 0 0
1.89076 0.658228 0 0 0
1.91597 0.658228 0 0 0
1.94118 0.658228 0 0 0
1.96639 0.658228 0 0 0
1.9916 0.658228 0 0 0
2.01681 0.658228 1.00088 0 0
2.04202 0.658228 1.00107 -0.000102882 -0.000597517
2.06723 0.658228 1.00129 -0.000160116 -0.00118611
2.09244 0.658228 1.00151 -0.000170906 -0.00175677
2.11765 0.658228 1.00174 -0.000137743 -0.0023
2.14286 0.658228 1.00195 -6.50708e-05 -0.00280678
2.16807 0.658228 1.00216 4.10389e-05 -0.00326963
2.19328 0.658228 1.00235 0.000173615 -0.003683
2.21849 0.658228 1.00253 0.000325391 -0.00404349
2.2437 0.658228 1.00268 0.000489304 -0.00434966
2.26891 0.658228 1.00281 0.000658842 -0.0046018
2.29412 0.658228 1.00292 0.000828257 -0.00480155
2.31933 0.658228 1.00301 0.000992672 -0.00495162
2.34454 0.658228 1.00308 0.0011481 -0.00505539
2.36975 0.658228 1.00313 0.00129139 -0.00511669
2.39496 0.658228 1.00317 0.00142019 -0.00513954
2.42017 0.658228 1.00319 0.00153283 -0.005128
2.44538 0.658228 1.0032 0.00162824 -0.00508598
2.47059 0.658228 1.00319 0.00170582 -0.00501719
2.4958 0.658228 1.00317 0.00176542 -0.00492507
2.52101 0.658228 1.00315 0.00180717 -0.00481269
2.54622 0.658228 1.00311 0.00183148 -0.00468277
2.57143 0.658228 1.00307 0.00183894 -0.00453763
2.59664 0.658228 1.00303 0.00183026 -0.00437921
2.62185 0.658228 1.00298 0.00180623 -0.00420902
2.64706 0.658228 1.00292 0.0017677 -0.00402819
2.67227 0.658228 1.00286 0.0017155 -0.00383741
2.69748 0.658228 1.00281 0.00165045 -0.00363701
2.72269 0.658228 1.00274 0.0015733 -0.00342686
2.7479 0.658228 1.00268 0.00148471 -0.00320644
2.77311 0.658228 1.00262 0.00138524 -0.00297481
2.79832 0.658228 1.00256 0.00127531 -0.00273057
2.82353 0.658228 1.00249 0.00115516 -0.0024719
2.84874 0.658228 1.00243 0.00102487 -0.0021965
2.87395 0.658228 1.00236 0.000884261 -0.00190159
2.89916 0.658228 1.0023 0.000732913 -0.00158389
2.92437 0.658228 1.00223 0.0005701 -0.00123955
2.94958 0.658228 1.00216 0.000394742 -0.000864209
2.97479 0.658228 1.00209 0.000205393 -0.000452889
3 0.658228 1.00201 0 0

0 0.683544 1 0.3 0
0.0252101 0.683544 1.24961 0.238865 0.0137386
0.0504202 0.683544 1.39919 0.213069 0.027798
0.0756303 0.683544 1.45126 0.205408 0.041837
0.10084 0.683544 1.46149 0.20339 0.0557191
0.12605 0.683544 1.46088 0.202257 0.0693277
0.151261 0.683544 1.45827 0.200852 0.0825185
0.176471 0.683544 1.45532 0.198972 0.0951477
0.201681 0.683544 1.45244 0.196564 0.1071
0.226891 0.683544 1.45033 0.193585 0.118303
0.252101 0.683544 1.45031 0.190011 0.128711
0.277311 0.683544 1.45389 0.185873 0.138279
0.302521 0.683544 1.46161 0.181287 0.146922
0.327731 0.683544 1.47189 0.176406 0.154532
0.352941 0.683544 1.48121 0.171339 0.161022
0.378151 0.683544 1.48581 0.166084 0.166378
0.403361 0.683544 1.48368 0.160542 0.170654
0.428571 0.683544 1.47535 0.154594 0.173949
0.453782 0.683544 1.46304 0.148159 0.176357
0.478992 0.683544 1.44936 0.14122 0.177953
0.504202 0.683544 1.4364 0.133806 0.178782
0.529412 0.683544 1.42546 0.12599 0.178856
0.554622 0.683544 1.41713 0.117886 0.178146
0.579832 0.683544 1.41139 0.109634 0.176579
0.605042 0.683544 1.40771 0.101358 0.174066
0.630252 0.683544 1.40529 0.0931223 0.170532
0.655462 0.683544 1.4034 0.0849213 0.165942
0.680672 0.683544 1.40169 0.0767151 0.160294
0.705882 0.683544 1.40019 0.0684818 0.153597
0.731092 0.683544 1.39909 0.0602516 0.145837
0.756303 0.683544 1.39857 0.0521055 0.136976
0.781513 0.683544 1.39873 0.0441552 0.126954
0.806723 0.683544 1.39948 0.0365178 0.115706
0.831933 0.683544 1.40084 0.0293072 0.103175
0.857143 0.683544 1.40259 0.0226259 0.0893199
0.882353 0.683544 1.4048 0.0165698 0.0741173
0.907563 0.683544 1.40724 0.0112237 0.0575586
0.932773 0.683544 1.40994 0.00665324 0.0396623
0.957983 0.683544 1.41283 0.0029085 0.0204567
0.983193 0.683544 1.41572 0 0
1.0084 0.683544 0 0 0
1.03361 0.683544 0 0 0
1.05882 0.683544 0 0 0
1.08403 0.683544 0 0 0
1.10924 0.683544 0 0 0
1.13445 0.683544 0 0 0
1.15966 0.683544 0 0 0
1.18487 0.683544 0 0 0
1.21008 0.683544 0 0 0
1.23529 0.683544 0 0 0
1.2605 0.683544 0 0 0
1.28571 0.683544 0 0 0
1.31092 0.683544 0 0 0
1.33613 0.683544 0 0 0
1.36134 0.683544 0 0 0
1.38655 0.683544 0 0 0
1.41176 0.683544 0 0 0
1.43697 0.683544 0 0 0
1.46218 0.683544 0 0 0
1.48739 0.683544 0 0 0
1.51261 0.683544 0 0 0
1.53782 0.683544 0 0 0
1.56303 0.683544 0 0 0
1.58824 0.683544 0 0 0
1.61345 0.683544 0 0 0
1.63866 0.683544 0 0 0
1.66387 0.683544 0 0 0
1.68908 0.683544 0 0 0
1.71429 0.683544 0 0 0
1.7395 0.683544 0 0 0
1.76471 0.683544 0 0 0
1.78992 0.683544 0 0 0
1.81513 0.683544 0 0 0
1.84034 0.683544 0 0 0
1.86555 0.683544 0 0 0
1.89076 0.683544 0 0 0
1.91597 0.683544 0 0 0
1.94118 0.683544 0 0 0
1.96639 0.683544 0 0 0
1.9916 0.683544 0 0 0
2.01681 0.683544 1.00089 0 0
2.04202 0.683544 1.0011 -0.000103915 -0.00065559
2.06723 0.683544 1.00135 -0.00015545 -0.0013049
2.09244 0.683544 1.00161 -0.000153418 -0.00193567
2.11765 0.683544 1.00187 -0.000101173 -0.00253539
2.14286 0.683544 1.00212 -4.54844e-06 -0.00309267
2.16807 0.683544 1.00236 0.000128674 -0.0035984
2.19328 0.683544 1.00258 0.000289801 -0.00404625
2.21849 0.683544 1.00277 0.000470019 -0.00443267
2.2437 0.683544 1.00294 0.000660998 -0.00475664
2.26891 0.683544 1.00309 0.000855274 -0.00501915
2.29412 0.683544 1.00321 0.00104645 -0.00522278
2.31933 0.683544 1.0033 0.00122927 -0.00537119
2.34454 0.683544 1.00337 0.00139957 -0.00546876
2.36975 0.683544 1.00343 0.0015542 -0.00552023
2.39496 0.683544 1.00346 0.00169093 -0.00553045
2.42017 0.683544 1.00348 0.00180827 -0.00550417
2.44538 0.683544 1.00348 0.0019054 -0.00544596
2.47059 0.683544 1.00347 0.00198201 -0.00536003
2.4958 0.683544 1.00345 0.00203821 -0.00525023
2.52101 0.683544 1.00342 0.00207442 -0.00511998
2.54622 0.683544 1.00337 0.00209131 -0.00497226
2.57143 0.683544 1.00333 0.00208972 -0.0048096
2.59664 0.683544 1.00327 0.0020706 -0.00463406
2.62185 0.683544 1.00322 0.00203496 -0.00444726
2.64706 0.683544 1.00316 0.00198382 -0.00425037
2.67227 0.683544 1.00309 0.00191819 -0.00404411
2.69748 0.683544 1.00303 0.00183904 -0.00382875
2.72269 0.683544 1.00296 0.00174724 -0.00360414
2.7479 0.683544 1.00289 0.00164359 -0.00336965
2.77311 0.683544 1.00282 0.00152873 -0.00312422
2.79832 0.683544 1.00276 0.00140317 -0.00286632
2.82353 0.683544 1.00269 0.00126724 -0.00259393
2.84874 0.683544 1.00262 0.00112104 -0.00230452
2.87395 0.683544 1.00255 0.000964476 -0.00199507
2.89916 0.683544 1.00248 0.000797137 -0.00166198
2.92437 0.683544 1.00241 0.000618319 -0.00130105
2.94958 0.683544 1.00234 0.000426941 -0.000907501
2.97479 0.683544 1.00227 0.000221537 -0.000475868
3 0.683544 1.00219 0 0

0 0.708861 1 0.3 0
0.0252101 0.708861 1.2472 0.239392 0.0138355
0.0504202 0.708861 1.39515 0.213773 0.0281058
0.0756303 0.708861 1.4467 0.206095 0.0425049
0.10084 0.708861 1.45666 0.203987 0.0568644
0.12605 0.708861 1.45568 0.202709 0.0710165
0.151261 0.708861 1.45255 0.201119 0.0847661
0.176471 0.708861 1.44863 0.199054 0.0979153
0.201681 0.708861 1.44339 0.196537 0.110284
0.226891 0.708861 1.43548 0.1936 0.121729
0.252101 0.708861 1.4233 0.190233 0.132175
0.277311 0.708861 1.40629 0.186362 0.141648
0.302521 0.708861 1.38632 0.181882 0.15025
0.327731 0.708861 1.36759 0.176749 0.158076
0.352941 0.708861 1.35461 0.171037 0.165119
0.378151 0.708861 1.34985 0.164913 0.171267
0.403361 0.708861 1.35279 0.158555 0.176383
0.428571 0.708861 1.36073 0.152069 0.180388
0.453782 0.708861 1.37038 0.145469 0.183293
0.478992 0.708861 1.37915 0.138694 0.185169
0.504202 0.708861 1.38571 0.131661 0.186108
0.529412 0.708861 1.38992 0.124319 0.186185
0.554622 0.708861 1.39234 0.11668 0.185425
0.579832 0.708861 1.39371 0.108819 0.183802
0.605042 0.708861 1.39451 0.100837 0.181247
0.630252 0.708861 1.3949 0.0928132 0.177683
0.655462 0.708861 1.39485 0.0847742 0.173053
0.680672 0.708861 1.39438 0.0767102 0.167326
0.705882 0.708861 1.39371 0.068612 0.160487
0.731092 0.708861 1.39311 0.060504 0.152513
0.756303 0.708861 1.39288 0.0524545 0.143361
0.781513 0.708861 1.39312 0.0445627 0.132972
0.806723 0.708861 1.39393 0.0369427 0.121278
0.831933 0.708861 1.39518 0.0297083 0.108216
0.857143 0.708861 1.39697 0.0229705 0.0937385
0.882353 0.708861 1.39911 0.0168346 0.0778148
0.907563 0.708861 1.40173 0.0113997 0.0604446
0.932773 0.708861 1.40459 0.00674877 0.0416503
0.957983 0.708861 1.40774 0.00294423 0.0214765
0.983193 0.708861 1.41073 0 0
1.0084 0.708861 0 0 0
1.03361 0.708861 0 0 0
1.05882 0.708861 0 0 0
1.08403 0.708861 0 0 0
1.10924 0.708861 0 0 0
1.13445 0.708861 0 0 0
1.15966 0.708861 0 0 0
1.18487 0.708861 0 0 0
1.21008 0.708861 0 0 0
1.23529 0.708861 0 0 0
1.2605 0.708861 0 0 0
1.28571 0.708861 0 0 0
1.31092 0.708861 0 0 0
1.33613 0.708861 0 0 0
1.36134 0.708861 0 0 0
1.38655 0.708861 0 0 0
1.41176 0.708861 0 0 0
1.43697 0.708861 0 0 0
1.46218 0.708861 0 0 0
1.48739 0.708861 0 0 0
1.51261 0.708861 0 0 0
1.53782 0.708861 0 0 0
1.56303 0.708861 0 0 0
1.58824 0.708861 0 0 0
1.61345 0.708861 0 0 0
1.63866 0.708861 0 0 0
1.66387 0.708861 0 0 0
1.68908 0.708861 0 0 0
1.71429 0.708861 0 0 0
1.7395 0.708861 0 0 0
1.76471 0.708861 0 0 0
1.78992 0.708861 0 0 0
1.81513 0.708861 0 0 0
1.84034 0.708861 0 0 0
1.86555 0.708861 0 0 0
1.89076 0.708861 0 0 0
1.91597 0.708861 0 0 0
1.94118 0.708861 0 0 0
1.96639 0.708861 0 0 0
1.9916 0.708861 0 0 0
2.01681 0.708861 1.00086 0 0
2.04202 0.708861 1.00111 -0.000103201 -0.000721825
2.06723 0.708861 1.0014 -0.000145712 -0.001441
2.09244 0.708861 1.00171 -0.000125946 -0.0021407
2.11765 0.708861 1.00201 -4.86356e-05 -0.00280447
2.14286 0.708861 1.0023 7.83819e-05 -0.00341789
2.16807 0.708861 1.00258 0.000245019 -0.00397007
2.19328 0.708861 1.00282 0.000440389 -0.00445398
2.21849 0.708861 1.00304 0.000653826 -0.00486625
2.2437 0.708861 1.00323 0.000875579 -0.00520657
2.26891 0.708861 1.00339 0.0010972 -0.00547705
2.29412 0.708861 1.00352 0.00131171 -0.00568151
2.31933 0.708861 1.00362 0.00151357 -0.00582486
2.34454 0.708861 1.0037 0.00169857 -0.00591268
2.36975 0.708861 1.00375 0.00186372 -0.00595077
2.39496 0.708861 1.00378 0.00200702 -0.00594493
2.42017 0.708861 1.00379 0.00212731 -0.00590073
2.44538 0.708861 1.00379 0.00222412 -0.00582336
2.47059 0.708861 1.00377 0.0022975 -0.00571759
2.4958 0.708861 1.00374 0.00234791 -0.0055877
2.52101 0.708861 1.0037 0.00237613 -0.00543744
2.54622 0.708861 1.00365 0.00238312 -0.00527004
2.57143 0.708861 1.0036 0.00237003 -0.00508821
2.59664 0.708861 1.00354 0.00233805 -0.00489414
2.62185 0.708861 1.00347 0.00228842 -0.00468952
2.64706 0.708861 1.0034 0.00222237 -0.00447556
2.67227 0.708861 1.00333 0.0021411 -0.00425296
2.69748 0.708861 1.00326 0.00204571 -0.00402196
2.72269 0.708861 1.00319 0.00193723 -0.00378232
2.7479 0.708861 1.00311 0.00181657 -0.00353333
2.77311 0.708861 1.00304 0.00168447 -0.00327378
2.79832 0.708861 1.00297 0.00154152 -0.00300198
2.82353 0.708861 1.0029 0.00138812 -0.00271572
2.84874 0.708861 1.00283 0.00122446 -0.00241225
2.87395 0.708861 1.00275 0.00105045 -0.00208825
2.89916 0.708861 1.00268 0.000865741 -0.0017398
2.92437 0.708861 1.00261 0.000669644 -0.00136236
2.94958 0.708861 1.00254 0.000461084 -0.000950684
2.97479 0.708861 1.00247 0.000238585 -0.00049881
3 0.708861 1.00239 0 0

0 0.734177 1 0.3 0
0.0252101 0.734177 1.24517 0.239847 0.0139166
0.0504202 0.734177 1.39169 0.21439 0.0284223
0.0756303 0.734177 1.44264 0.206696 0.0432504
0.10084 0.734177 1.45222 0.204468 0.0581788
0.12605 0.734177 1.45092 0.202975 0.0729723
0.151261 0.734177 1.44794 0.201054 0.0873985
0.176471 0.734177 1.44573 0.198513 0.101268
0.201681 0.734177 1.44607 0.195338 0.114448
0.226891 0.734177 1.45112 0.191581 0.126833
0.252101 0.734177 1.46223 0.187383 0.138294
0.277311 0.734177 1.47792 0.182955 0.148667
0.302521 0.734177 1.49328 0.178456 0.15781
0.327731 0.734177 1.50228 0.173883 0.165684
0.352941 0.734177 1.50128 0.169082 0.172355
0.378151 0.734177 1.49081 0.163867 0.177951
0.403361 0.734177 1.47444 0.158153 0.182587
0.428571 0.734177 1.45633 0.151969 0.186331
0.453782 0.734177 1.43951 0.1454 0.189205
0.478992 0.734177 1.42544 0.138525 0.191207
0.504202 0.734177 1.41437 0.131382 0.192339
0.529412 0.734177 1.406 0.123991 0.192604
0.554622 0.734177 1.39992 0.116375 0.191995
0.579832 0.734177 1.39573 0.108587 0.190483
0.605042 0.734177 1.39301 0.100698 0.188009
0.630252 0.734177 1.39127 0.0927691 0.184501
0.655462 0.734177 1.39005 0.0848274 0.179893
0.680672 0.734177 1.38904 0.0768686 0.174142
0.705882 0.734177 1.38815 0.0688827 0.167216
0.731092 0.734177 1.38752 0.0608841 0.159081
0.756303 0.734177 1.38727 0.0529236 0.14969
0.781513 0.734177 1.38758 0.0450866 0.138979
0.806723 0.734177 1.38839 0.037476 0.126877
0.831933 0.734177 1.38988 0.0302088 0.113315
0.857143 0.734177 1.3917 0.0234 0.0982317
0.882353 0.734177 1.39417 0.01717 0.0815991
0.907563 0.734177 1.39674 0.0116338 0.0634047
0.932773 0.734177 1.39961 0.00688179 0.0436913
0.957983 0.734177 1.40273 0.00299828 0.0225189
0.983193 0.734177 1.40572 0 0
1.0084 0.734177 0 0 0
1.03361 0.734177 0 0 0
1.05882 0.734177 0 0 0
1.08403 0.734177 0 0 0
1.10924 0.734177 0 0 0
1.13445 0.734177 0 0 0
1.15966 0.734177 0 0 0
1.18487 0.734177 0 0 0
1.21008 0.734177 0 0 0
1.23529 0.734177 0 0 0
1.2605 0.734177 0 0 0
1.28571 0.734177 0 0 0
1.31092 0.734177 0 0 0
1.33613 0.734177 0 0 0
1.36134 0.734177 0 0 0
1.38655 0.734177 0 0 0
1.41176 0.734177 0 0 0
1.43697 0.734177 0 0 0
1.46218 0.734177 0 0 0
1.48739 0.734177 0 0 0
1.51261 0.734177 0 0 0
1.53782 0.734177 0 0 0
1.56303 0.734177 0 0 0
1.58824 0.734177 0 0 0
1.61345 0.734177 0 0 0
1.63866 0.734177 0 0 0
1.66387 0.734177 0 0 0
1.68908 0.734177 0 0 0
1.71429 0.734177 0 0 0
1.7395 0.734177 0 0 0
1.76471 0.734177 0 0 0
1.78992 0.734177 0 0 0
1.81513 0.734177 0 0 0
1.84034 0.734177 0 0 0
1.86555 0.734177 0 0 0
1.89076 0.734177 0 0 0
1.91597 0.734177 0 0 0
1.94118 0.734177 0 0 0
1.96639 0.734177 0 0 0
1.9916 0.734177 0 0 0
2.01681 0.734177 1.00081 0 0
2.04202 0.734177 1.0011 -0.000100022 -0.000798254
2.06723 0.734177 1.00145 -0.000128899 -0.00159869
2.09244 0.734177 1.00181 -8.47342e-05 -0.00237798
2.11765 0.734177 1.00217 2.55022e-05 -0.00311444
2.14286 0.734177 1.00251 0.000191069 -0.00379001
2.16807 0.734177 1.00282 0.000398771 -0.0043919
2.19328 0.734177 1.0031 0.000634972 -0.00491269
2.21849 0.734177 1.00335 0.000886841 -0.00534962
2.2437 0.734177 1.00356 0.00114311 -0.00570369
2.26891 0.734177 1.00373 0.00139441 -0.00597856
2.29412 0.734177 1.00387 0.0016333 -0.00617971
2.31933 0.734177 1.00397 0.00185415 -0.00631364
2.34454 0.734177 1.00405 0.00205295 -0.00638735
2.36975 0.734177 1.0041 0.002227 -0.00640789
2.39496 0.734177 1.00413 0.00237474 -0.00638208
2.42017 0.734177 1.00414 0.00249549 -0.00631635
2.44538 0.734177 1.00413 0.00258924 -0.00621659
2.47059 0.734177 1.0041 0.0026565 -0.00608811
2.4958 0.734177 1.00406 0.00269818 -0.00593559
2.52101 0.734177 1.00401 0.00271543 -0.00576312
2.54622 0.734177 1.00395 0.00270961 -0.00557414
2.57143 0.734177 1.00389 0.00268214 -0.00537152
2.59664 0.734177 1.00382 0.00263452 -0.00515755
2.62185 0.734177 1.00374 0.00256824 -0.00493397
2.64706 0.734177 1.00367 0.00248473 -0.00470199
2.67227 0.734177 1.00359 0.00238536 -0.00446229
2.69748 0.734177 1.00351 0.00227142 -0.00421503
2.72269 0.734177 1.00343 0.00214405 -0.00395991
2.7479 0.734177 1.00335 0.00200428 -0.00369608
2.77311 0.734177 1.00327 0.00185295 -0.00342219
2.79832 0.734177 1.00319 0.00169075 -0.00313638
2.82353 0.734177 1.00312 0.00151813 -0.00283622
2.84874 0.734177 1.00304 0.00133534 -0.00251872
2.87395 0.734177 1.00297 0.00114234 -0.00218029
2.89916 0.734177 1.00289 0.000938828 -0.00181667
2.92437 0.734177 1.00282 0.000724131 -0.00142293
2.94958 0.734177 1.00275 0.000497194 -0.000993371
2.97479 0.734177 1.00267 0.000256541 -0.000521513
3 0.734177 1.00259 0 0

0 0.759494 1 0.3 0
0.0252101 0.759494 1.24368 0.240201 0.0139718
0.0504202 0.759494 1.38902 0.214891 0.028748
0.0756303 0.759494 1.43918 0.207184 0.0440988
0.10084 0.759494 1.44793 0.204827 0.0596964
0.12605 0.759494 1.44535 0.203142 0.0751729
0.151261 0.759494 1.4396 0.201061 0.0901665
0.176471 0.759494 1.43074 0.198514 0.104361
0.201681 0.759494 1.41648 0.195562 0.117545
0.226891 0.759494 1.39517 0.192168 0.129673
0.252101 0.759494 1.36844 0.188187 0.140876
0.277311 0.759494 1.34193 0.183497 0.151332
0.302521 0.759494 1.32273 0.178126 0.161078
0.327731 0.759494 1.31536 0.172272 0.169954
0.352941 0.759494 1.31973 0.166196 0.177718
0.378151 0.759494 1.33207 0.160097 0.184212
0.403361 0.759494 1.34739 0.154046 0.189423
0.428571 0.759494 1.36164 0.14801 0.193436
0.453782 0.759494 1.37264 0.141896 0.196367
0.478992 0.759494 1.37986 0.135609 0.198317
0.504202 0.759494 1.38377 0.129071 0.199357
0.529412 0.759494 1.38527 0.122243 0.199529
0.554622 0.759494 1.38532 0.115126 0.198842
0.579832 0.759494 1.38472 0.107762 0.19727
0.605042 0.759494 1.38398 0.100219 0.194758
0.630252 0.759494 1.38332 0.0925659 0.191228
0.655462 0.759494 1.38272 0.0848472 0.186603
0.680672 0.759494 1.38212 0.0770773 0.180818
0.705882 0.759494 1.38155 0.0692583 0.173819
0.731092 0.759494 1.38112 0.0614041 0.165554
0.756303 0.759494 1.38101 0.0535577 0.155965
0.781513 0.759494 1.38128 0.0457904 0.144975
0.806723 0.759494 1.3821 0.0381997 0.132502
0.831933 0.759494 1.38323 0.0308919 0.11846
0.857143 0.759494 1.38507 0.023992 0.102786
0.882353 0.759494 1.38706 0.0176235 0.0854299
0.907563 0.759494 1.39003 0.0119255 0.066403
0.932773 0.759494 1.39317 0.00702733 0.0457465
0.957983 0.759494 1.39706 0.00304076 0.0235648
0.983193 0.759494 1.4004 0 0
1.0084 0.759494 0 0 0
1.03361 0.759494 0 0 0
1.05882 0.759494 0 0 0
1.08403 0.759494 0 0 0
1.10924 0.759494 0 0 0
1.13445 0.759494 0 0 0
1.15966 0.759494 0 0 0
1.18487 0.759494 0 0 0
1.21008 0.759494 0 0 0
1.23529 0.759494 0 0 0
1.2605 0.759494 0 0 0
1.28571 0.759494 0 0 0
1.31092 0.759494 0 0 0
1.33613 0.759494 0 0 0
1.36134 0.759494 0 0 0
1.38655 0.759494 0 0 0
1.41176 0.759494 0 0 0
1.43697 0.759494 0 0 0
1.46218 0.759494 0 0 0
1.48739 0.759494 0 0 0
1.51261 0.759494 0 0 0
1.53782 0.759494 0 0 0
1.56303 0.759494 0 0 0
1.58824 0.759494 0 0 0
1.61345 0.759494 0 0 0
1.63866 0.759494 0 0 0
1.66387 0.759494 0 0 0
1.68908 0.759494 0 0 0
1.71429 0.759494 0 0 0
1.7395 0.759494 0 0 0
1.76471 0.759494 0 0 0
1.78992 0.759494 0 0 0
1.81513 0.759494 0 0 0
1.84034 0.759494 0 0 0
1.86555 0.759494 0 0 0
1.89076 0.759494 0 0 0
1.91597 0.759494 0 0 0
1.94118 0.759494 0 0 0
1.96639 0.759494 0 0 0
1.9916 0.759494 0 0 0
2.01681 0.759494 1.00072 0 0
2.04202 0.759494 1.00105 -9.3321e-05 -0.000887762
2.06723 0.759494 1.00148 -0.000102051 -0.00178385
2.09244 0.759494 1.00191 -2.43407e-05 -0.00265568
2.11765 0.759494 1.00234 0.000129198 -0.00347466
2.14286 0.759494 1.00273 0.000343602 -0.00421844
2.16807 0.759494 1.0031 0.000601531 -0.00487252
2.19328 0.759494 1.00342 0.000885976 -0.00542966
2.21849 0.759494 1.00369 0.0011817 -0.00588853
2.2437 0.759494 1.00392 0.00147593 -0.00625212
2.26891 0.759494 1.00411 0.00175858 -0.00652631
2.29412 0.759494 1.00425 0.00202201 -0.00671873
2.31933 0.759494 1.00436 0.00226082 -0.00683781
2.34454 0.759494 1.00444 0.00247143 -0.00689221
2.36975 0.759494 1.00449 0.00265175 -0.00689034
2.39496 0.759494 1.00451 0.00280083 -0.00684017
2.42017 0.759494 1.00451 0.00291863 -0.00674899
2.44538 0.759494 1.00449 0.00300576 -0.00662339
2.47059 0.759494 1.00445 0.00306329 -0.00646919
2.4958 0.759494 1.0044 0.00309263 -0.00629147
2.52101 0.759494 1.00434 0.0030954 -0.00609458
2.54622 0.759494 1.00427 0.00307333 -0.00588216
2.57143 0.759494 1.0042 0.00302821 -0.00565721
2.59664 0.759494 1.00412 0.00296182 -0.00542206
2.62185 0.759494 1.00403 0.0028759 -0.00517848
2.64706 0.759494 1.00395 0.0027721 -0.00492764
2.67227 0.759494 1.00386 0.00265198 -0.00467019
2.69748 0.759494 1.00377 0.00251697 -0.0044062
2.72269 0.759494 1.00368 0.00236835 -0.00413525
2.7479 0.759494 1.00359 0.00220724 -0.00385636
2.77311 0.759494 1.00351 0.0020346 -0.00356804
2.79832 0.759494 1.00343 0.00185116 -0.00326821
2.82353 0.759494 1.00334 0.00165748 -0.00295425
2.84874 0.759494 1.00327 0.00145384 -0.00262291
2.87395 0.759494 1.00319 0.00124026 -0.0022703
2.89916 0.759494 1.00311 0.00101646 -0.00189183
2.92437 0.759494 1.00304 0.000781811 -0.00148216
2.94958 0.759494 1.00297 0.00053528 -0.00103514
2.97479 0.759494 1.00289 0.000275402 -0.000543753
3 0.759494 1.00282 0 0

0 0.78481 1 0.3 0
0.0252101 0.78481 1.243 0.240409 0.0139912
0.0504202 0.78481 1.38752 0.215212 0.0291022
0.0756303 0.78481 1.43677 0.207449 0.0451367
0.10084 0.78481 1.44503 0.204808 0.0616174
0.12605 0.78481 1.4436 0.202571 0.078075
0.151261 0.78481 1.44348 0.199631 0.0941563
0.176471 0.78481 1.44954 0.195926 0.109598
0.201681 0.78481 1.46456 0.191704 0.124143
0.226891 0.78481 1.48731 0.18734 0.137494
0.252101 0.78481 1.51092 0.183151 0.149391
0.277311 0.78481 1.5257 0.179166 0.159747
0.302521 0.78481 1.52519 0.175101 0.168684
0.327731 0.78481 1.51007 0.170592 0.176445
0.352941 0.78481 1.48634 0.165452 0.183242
0.378151 0.78481 1.46092 0.159739 0.189183
0.403361 0.78481 1.4385 0.153643 0.194268
0.428571 0.78481 1.42094 0.147348 0.198448
0.453782 0.78481 1.40811 0.140958 0.201678
0.478992 0.78481 1.39899 0.134491 0.203942
0.504202 0.78481 1.39244 0.127918 0.205249
0.529412 0.78481 1.38758 0.121188 0.205619
0.554622 0.78481 1.38387 0.114269 0.205067
0.579832 0.78481 1.38105 0.107158 0.203582
0.605042 0.78481 1.37899 0.099885 0.201126
0.630252 0.78481 1.37752 0.0924911 0.197637
0.655462 0.78481 1.37647 0.0850097 0.193039
0.680672 0.78481 1.37567 0.077455 0.187261
0.705882 0.78481 1.37505 0.0698293 0.180235
0.731092 0.78481 1.37466 0.0621418 0.171894
0.756303 0.78481 1.3746 0.0544221 0.162165
0.781513 0.78481 1.37505 0.0467296 0.150959
0.806723 0.78481 1.37596 0.0391437 0.138177
0.831933 0.78481 1.37772 0.0317766 0.123722
0.857143 0.78481 1.37976 0.0247482 0.107504
0.882353 0.78481 1.38295 0.0182164 0.0894761
0.907563 0.78481 1.3859 0.0123429 0.0696128
0.932773 0.78481 1.38941 0.00727146 0.0479896
0.957983 0.78481 1.39279 0.00314742 0.0247168
0.983193 0.78481 1.39595 0 0
1.0084 0.78481 0 0 0
1.03361 0.78481 0 0 0
1.05882 0.78481 0 0 0
1.08403 0.78481 0 0 0
1.10924 0.78481 0 0 0
1.13445 0.78481 0 0 0
1.15966 0.78481 0 0 0
1.18487 0.78481 0 0 0
1.21008 0.78481 0 0 0
1.23529 0.78481 0 0 0
1.2605 0.78481 0 0 0
1.28571 0.78481 0 0 0
1.31092 0.78481 0 0 0
1.33613 0.78481 0 0 0
1.36134 0.78481 0 0 0
1.38655 0.78481 0 0 0
1.41176 0.78481 0 0 0
1.43697 0.78481 0 0 0
1.46218 0.78481 0 0 0
1.48739 0.78481 0 0 0
1.51261 0.78481 0 0 0
1.53782 0.78481 0 0 0
1.56303 0.78481 0 0 0
1.58824 0.78481 0 0 0
1.61345 0.78481 0 0 0
1.63866 0.78481 0 0 0
1.66387 0.78481 0 0 0
1.68908 0.78481 0 0 0
1.71429 0.78481 0 0 0
1.7395 0.78481 0 0 0
1.76471 0.78481 0 0 0
1.78992 0.78481 0 0 0
1.81513 0.78481 0 0 0
1.84034 0.78481 0 0 0
1.86555 0.78481 0 0 0
1.89076 0.78481 0 0 0
1.91597 0.78481 0 0 0
1.94118 0.78481 0 0 0
1.96639 0.78481 0 0 0
1.9916 0.78481 0 0 0
2.01681 0.78481 1.00057 0 0
2.04202 0.78481 1.00097 -8.14756e-05 -0.000994591
2.06723 0.78481 1.00149 -6.06662e-05 -0.00200483
2.09244 0.78481 1.00201 6.32996e-05 -0.00298488
2.11765 0.78481 1.00253 0.000273863 -0.0038972
2.14286 0.78481 1.003 0.000549957 -0.00471474
2.16807 0.78481 1.00342 0.00086882 -0.00542193
2.19328 0.78481 1.00378 0.00120948 -0.00601284
2.21849 0.78481 1.00408 0.00155423 -0.00648868
2.2437 0.78481 1.00433 0.00188904 -0.00685549
2.26891 0.78481 1.00453 0.0022035 -0.00712214
2.29412 0.78481 1.00469 0.00249025 -0.00729892
2.31933 0.78481 1.0048 0.00274453 -0.00739655
2.34454 0.78481 1.00487 0.00296357 -0.00742556
2.36975 0.78481 1.00491 0.00314618 -0.00739584
2.39496 0.78481 1.00492 0.00329228 -0.00731649
2.42017 0.78481 1.00491 0.00340265 -0.0071957
2.44538 0.78481 1.00488 0.00347865 -0.00704067
2.47059 0.78481 1.00483 0.00352201 -0.00685773
2.4958 0.78481 1.00477 0.00353471 -0.00665226
2.52101 0.78481 1.0047 0.00351887 -0.00642884
2.54622 0.78481 1.00461 0.00347663 -0.00619124
2.57143 0.78481 1.00453 0.00341015 -0.00594253
2.59664 0.78481 1.00443 0.0033215 -0.00568507
2.62185 0.78481 1.00434 0.00321266 -0.0054206
2.64706 0.78481 1.00424 0.00308551 -0.00515024
2.67227 0.78481 1.00414 0.00294176 -0.00487453
2.69748 0.78481 1.00404 0.00278299 -0.00459348
2.72269 0.78481 1.00395 0.0026106 -0.0043065
2.7479 0.78481 1.00385 0.00242582 -0.0040125
2.77311 0.78481 1.00376 0.00222967 -0.00370977
2.79832 0.78481 1.00367 0.00202297 -0.00339608
2.82353 0.78481 1.00358 0.00180631 -0.00306856
2.84874 0.78481 1.0035 0.00158005 -0.0027237
2.87395 0.78481 1.00342 0.00134424 -0.00235731
2.89916 0.78481 1.00335 0.00109865 -0.00196446
2.92437 0.78481 1.00327 0.00084268 -0.00153941
2.94958 0.78481 1.0032 0.000575327 -0.00107555
2.97479 0.78481 1.00312 0.000295155 -0.00056529
3 0.78481 1.00305 0 0

0 0.810127 1 0.3 0
0.0252101 0.810127 1.24349 0.240414 0.013957
0.0504202 0.810127 1.38747 0.215314 0.0294988
0.0756303 0.810127 1.43459 0.207553 0.0463797
0.10084 0.810127 1.43904 0.204793 0.0637539
0.12605 0.810127 1.42938 0.202514 0.0808064
0.151261 0.810127 1.41104 0.1998 0.0969667
0.176471 0.810127 1.38289 0.196551 0.112006
0.201681 0.810127 1.34667 0.192644 0.126051
0.226891 0.810127 1.31022 0.18794 0.139372
0.252101 0.810127 1.28409 0.18249 0.152039
0.277311 0.810127 1.27519 0.176588 0.163775
0.302521 0.810127 1.28322 0.17061 0.174182
0.327731 0.810127 1.30214 0.164813 0.183039
0.352941 0.810127 1.32437 0.159254 0.19039
0.378151 0.810127 1.34421 0.153845 0.196422
0.403361 0.810127 1.35908 0.148454 0.201329
0.428571 0.810127 1.36878 0.142983 0.205241
0.453782 0.810127 1.37425 0.137372 0.208223
0.478992 0.810127 1.37669 0.131588 0.210304
0.504202 0.810127 1.37711 0.125607 0.211496
0.529412 0.810127 1.3763 0.119404 0.211802
0.554622 0.810127 1.37485 0.112969 0.211219
0.579832 0.810127 1.37322 0.106305 0.209723
0.605042 0.810127 1.3717 0.0994416 0.207272
0.630252 0.810127 1.37045 0.092416 0.2038
0.655462 0.810127 1.36946 0.085262 0.199227
0.680672 0.810127 1.36869 0.0779972 0.193471
0.705882 0.810127 1.3681 0.0706271 0.186451
0.731092 0.810127 1.36772 0.0631573 0.178083
0.756303 0.810127 1.36764 0.0556092 0.168273
0.781513 0.810127 1.36789 0.0480249 0.156915
0.806723 0.810127 1.36868 0.0404777 0.143888
0.831933 0.810127 1.36962 0.033054 0.129065
0.857143 0.810127 1.37151 0.0258897 0.112337
0.882353 0.810127 1.37304 0.0191183 0.0936107
0.907563 0.810127 1.37646 0.0129396 0.0728918
0.932773 0.810127 1.37973 0.00756385 0.0502229
0.957983 0.810127 1.38513 0.00320606 0.0258401
0.983193 0.810127 1.38957 0 0
1.0084 0.810127 0 0 0
1.03361 0.810127 0 0 0
1.05882 0.810127 0 0 0
1.08403 0.810127 0 0 0
1.10924 0.810127 0 0 0
1.13445 0.810127 0 0 0
1.15966 0.810127 0 0 0
1.18487 0.810127 0 0 0
1.21008 0.810127 0 0 0
1.23529 0.810127 0 0 0
1.2605 0.810127 0 0 0
1.28571 0.810127 0 0 0
1.31092 0.810127 0 0 0
1.33613 0.810127 0 0 0
1.36134 0.810127 0 0 0
1.38655 0.810127 0 0 0
1.41176 0.810127 0 0 0
1.43697 0.810127 0 0 0
1.46218 0.810127 0 0 0
1.48739 0.810127 0 0 0
1.51261 0.810127 0 0 0
1.53782 0.810127 0 0 0
1.56303 0.810127 0 0 0
1.58824 0.810127 0 0 0
1.61345 0.810127 0 0 0
1.63866 0.810127 0 0 0
1.66387 0.810127 0 0 0
1.68908 0.810127 0 0 0
1.71429 0.810127 0 0 0
1.7395 0.810127 0 0 0
1.76471 0.810127 0 0 0
1.78992 0.810127 0 0 0
1.81513 0.810127 0 0 0
1.84034 0.810127 0 0 0
1.86555 0.810127 0 0 0
1.89076 0.810127 0 0 0
1.91597 0.810127 0 0 0
1.94118 0.810127 0 0 0
1.96639 0.810127 0 0 0
1.9916 0.810127 0 0 0
2.01681 0.810127 1.00033 0 0
2.04202 0.810127 1.00082 -6.18943e-05 -0.00112522
2.06723 0.810127 1.00148 2.35782e-06 -0.00227369
2.09244 0.810127 1.00213 0.000190425 -0.00338081
2.11765 0.810127 1.00275 0.000476114 -0.00439773
2.14286 0.810127 1.0033 0.000829645 -0.00529297
2.16807 0.810127 1.00379 0.00122143 -0.00605143
2.19328 0.810127 1.0042 0.0016262 -0.00667036
2.21849 0.810127 1.00453 0.00202407 -0.00715522
2.2437 0.810127 1.00481 0.0024004 -0.00751634
2.26891 0.810127 1.00502 0.00274516 -0.00776645
2.29412 0.810127 1.00517 0.00305195 -0.00791907
2.31933 0.810127 1.00528 0.00331722 -0.0079875
2.34454 0.810127 1.00534 0.00353947 -0.00798425
2.36975 0.810127 1.00538 0.00371875 -0.00792073
2.39496 0.810127 1.00538 0.00385612 -0.00780714
2.42017 0.810127 1.00535 0.00395335 -0.00765245
2.44538 0.810127 1.0053 0.00401266 -0.00746445
2.47059 0.810127 1.00524 0.00403653 -0.00724982
2.4958 0.810127 1.00516 0.00402755 -0.00701421
2.52101 0.810127 1.00507 0.00398835 -0.00676232
2.54622 0.810127 1.00498 0.00392152 -0.00649802
2.57143 0.810127 1.00487 0.00382955 -0.00622435
2.59664 0.810127 1.00477 0.0037148 -0.00594366
2.62185 0.810127 1.00466 0.00357949 -0.00565761
2.64706 0.810127 1.00455 0.00342568 -0.00536725
2.67227 0.810127 1.00444 0.00325525 -0.005073
2.69748 0.810127 1.00433 0.0030699 -0.00477472
2.72269 0.810127 1.00422 0.00287111 -0.00447171
2.7479 0.810127 1.00412 0.00266021 -0.00416267
2.77311 0.810127 1.00402 0.00243829 -0.00384576
2.79832 0.810127 1.00393 0.00220622 -0.0035185
2.82353 0.810127 1.00384 0.00196465 -0.0031778
2.84874 0.810127 1.00375 0.00171396 -0.00281989
2.87395 0.810127 1.00367 0.00145427 -0.00244029
2.89916 0.810127 1.00359 0.00118536 -0.00203371
2.92437 0.810127 1.00351 0.000906697 -0.00159402
2.94958 0.810127 1.00344 0.000617299 -0.00111411
2.97479 0.810127 1.00337 0.000315776 -0.000585868
3 0.810127 1.0033 0 0

0 0.835443 1 0.3 0
0.0252101 0.835443 1.24603 0.240064 0.013876
0.0504202 0.835443 1.39048 0.214902 0.0301106
0.0756303 0.835443 1.43718 0.206768 0.0483738
0.10084 0.835443 1.4465 0.202973 0.0674703
0.12605 0.835443 1.45445 0.199049 0.0864695
0.151261 0.835443 1.47408 0.194413 0.104693
0.176471 0.835443 1.5058 0.189624 0.121529
0.201681 0.835443 1.53957 0.185298 0.136492
0.226891 0.835443 1.5601 0.181569 0.149422
0.252101 0.835443 1.55742 0.177995 0.160546
0.277311 0.835443 1.53346 0.173976 0.170298
0.302521 0.835443 1.49853 0.169218 0.179058
0.327731 0.835443 1.46323 0.163823 0.187004
0.352941 0.835443 1.43385 0.158077 0.194138
0.378151 0.835443 1.41223 0.152235 0.200384
0.403361 0.835443 1.39753 0.146434 0.205669
0.428571 0.835443 1.38796 0.140709 0.209959
0.453782 0.835443 1.38174 0.135037 0.213251
0.478992 0.835443 1.37749 0.129363 0.215564
0.504202 0.835443 1.37429 0.123624 0.216922
0.529412 0.835443 1.3716 0.117758 0.217344
0.554622 0.835443 1.36919 0.111718 0.216842
0.579832 0.835443 1.36704 0.105481 0.215408
0.605042 0.835443 1.36521 0.0990484 0.21301
0.630252 0.835443 1.36372 0.0924379 0.209591
0.655462 0.835443 1.36255 0.0856712 0.205076
0.680672 0.835443 1.36166 0.0787607 0.199381
0.705882 0.835443 1.361 0.0717073 0.192413
0.731092 0.835443 1.3606 0.0645093 0.184077
0.756303 0.835443 1.36053 0.057172 0.17426
0.781513 0.835443 1.36098 0.0497212 0.162838
0.806723 0.835443 1.36193 0.0421993 0.149666
0.831933 0.835443 1.36401 0.034696 0.134591
0.857143 0.835443 1.36643 0.0273144 0.117464
0.882353 0.835443 1.37113 0.0202594 0.0981795
0.907563 0.835443 1.37508 0.0137461 0.0766633
0.932773 0.835443 1.38095 0.00805425 0.0529849
0.957983 0.835443 1.38487 0.00344149 0.0273412
0.983193 0.835443 1.38877 0 0
1.0084 0.835443 0 0 0
1.03361 0.835443 0 0 0
1.05882 0.835443 0 0 0
1.08403 0.835443 0 0 0
1.10924 0.835443 0 0 0
1.13445 0.835443 0 0 0
1.15966 0.835443 0 0 0
1.18487 0.835443 0 0 0
1.21008 0.835443 0 0 0
1.23529 0.835443 0 0 0
1.2605 0.835443 0 0 0
1.28571 0.835443 0 0 0
1.31092 0.835443 0 0 0
1.33613 0.835443 0 0 0
1.36134 0.835443 0 0 0
1.38655 0.835443 0 0 0
1.41176 0.835443 0 0 0
1.43697 0.835443 0 0 0
1.46218 0.835443 0 0 0
1.48739 0.835443 0 0 0
1.51261 0.835443 0 0 0
1.53782 0.835443 0 0 0
1.56303 0.835443 0 0 0
1.58824 0.835443 0 0 0
1.61345 0.835443 0 0 0
1.63866 0.835443 0 0 0
1.66387 0.835443 0 0 0
1.68908 0.835443 0 0 0
1.71429 0.835443 0 0 0
1.7395 0.835443 0 0 0
1.76471 0.835443 0 0 0
1.78992 0.835443 0 0 0
1.81513 0.835443 0 0 0
1.84034 0.835443 0 0 0
1.86555 0.835443 0 0 0
1.89076 0.835443 0 0 0
1.91597 0.835443 0 0 0
1.94118 0.835443 0 0 0
1.96639 0.835443 0 0 0
1.9916 0.835443 0 0 0
2.01681 0.835443 0.99997 0 0
2.04202 0.835443 1.0006 -3.02428e-05 -0.00128998
2.06723 0.835443 1.00146 9.86368e-05 -0.00260822
2.09244 0.835443 1.00226 0.000376044 -0.00386446
2.11765 0.835443 1.00301 0.000760455 -0.00499629
2.14286 0.835443 1.00367 0.00121 -0.00596967
2.16807 0.835443 1.00423 0.00168712 -0.00677304
2.19328 0.835443 1.00469 0.00216253 -0.00740975
2.21849 0.835443 1.00506 0.0026152 -0.00789175
2.2437 0.835443 1.00535 0.00303107 -0.00823516
2.26891 0.835443 1.00556 0.00340161 -0.00845745
2.29412 0.835443 1.00572 0.00372228 -0.00857581
2.31933 0.835443 1.00582 0.00399145 -0.00860627
2.34454 0.835443 1.00587 0.00420943 -0.00856331
2.36975 0.835443 1.00589 0.00437782 -0.00845977
2.39496 0.835443 1.00587 0.00449906 -0.00830681
2.42017 0.835443 1.00583 0.00457608 -0.00811406
2.44538 0.835443 1.00576 0.00461203 -0.00788972
2.47059 0.835443 1.00568 0.00461016 -0.00764073
2.4958 0.835443 1.00558 0.00457372 -0.00737287
2.52101 0.835443 1.00548 0.00450584 -0.0070909
2.54622 0.835443 1.00536 0.0044095 -0.00679864
2.57143 0.835443 1.00524 0.00428752 -0.00649911
2.59664 0.835443 1.00512 0.00414254 -0.00619455
2.62185 0.835443 1.00499 0.00397696 -0.00588651
2.64706 0.835443 1.00487 0.00379302 -0.00557592
2.67227 0.835443 1.00475 0.00359271 -0.00526305
2.69748 0.835443 1.00463 0.00337782 -0.00494762
2.72269 0.835443 1.00451 0.00314993 -0.00462875
2.7479 0.835443 1.0044 0.00291042 -0.00430497
2.77311 0.835443 1.00429 0.00266042 -0.00397424
2.79832 0.835443 1.00419 0.00240086 -0.00363389
2.82353 0.835443 1.0041 0.0021324 -0.00328057
2.84874 0.835443 1.00401 0.00185548 -0.00291026
2.87395 0.835443 1.00392 0.00157024 -0.00251818
2.89916 0.835443 1.00384 0.00127651 -0.00209869
2.92437 0.835443 1.00376 0.00097378 -0.00164526
2.94958 0.835443 1.00369 0.000661134 -0.00115033
2.97479 0.835443 1.00362 0.000337229 -0.00060522
3 0.835443 1.00355 0 0

0 0.860759 1 0.3 0
0.0252101 0.860759 1.25128 0.239313 0.0136799
0.0504202 0.860759 1.39395 0.214301 0.0307918
0.0756303 0.860759 1.42795 0.206485 0.0502368
0.10084 0.860759 1.41066 0.203049 0.0697979
0.12605 0.860759 1.36983 0.199657 0.0883441
0.151261 0.860759 1.3168 0.195333 0.105827
0.176471 0.860759 1.26554 0.189899 0.122636
0.201681 0.860759 1.23195 0.183572 0.13882
0.226891 0.860759 1.22491 0.176918 0.153823
0.252101 0.860759 1.24189 0.170558 0.166966
0.277311 0.860759 1.27231 0.164845 0.177995
0.302521 0.860759 1.30446 0.159766 0.187129
0.327731 0.860759 1.33074 0.155082 0.194782
0.352941 0.860759 1.34871 0.150524 0.201307
0.378151 0.860759 1.35932 0.145915 0.206906
0.403361 0.860759 1.36474 0.141189 0.21166
0.428571 0.860759 1.36694 0.136339 0.215577
0.453782 0.860759 1.36731 0.13138 0.218642
0.478992 0.860759 1.36664 0.126317 0.220835
0.504202 0.860759 1.36536 0.121134 0.222144
0.529412 0.860759 1.36371 0.115802 0.222561
0.554622 0.860759 1.36185 0.110291 0.22208
0.579832 0.860759 1.35997 0.104579 0.220681
0.605042 0.860759 1.3582 0.0986621 0.218331
0.630252 0.860759 1.35667 0.0925484 0.214975
0.655462 0.860759 1.35541 0.0862515 0.210539
0.680672 0.860759 1.3544 0.0797779 0.204936
0.705882 0.860759 1.35362 0.0731238 0.198067
0.731092 0.860759 1.35307 0.0662791 0.189822
0.756303 0.860759 1.35282 0.059237 0.180076
0.781513 0.860759 1.35289 0.0520017 0.168682
0.806723 0.860759 1.35347 0.0446041 0.155467
0.831933 0.860759 1.35412 0.0370875 0.140239
0.857143 0.860759 1.35589 0.0295736 0.122795
0.882353 0.860759 1.35652 0.0221767 0.102938
0.907563 0.860759 1.35999 0.0151541 0.0805849
0.932773 0.860759 1.36247 0.00883891 0.0556725
0.957983 0.860759 1.36933 0.00360918 0.0286811
0.983193 0.860759 1.3774 0 0
1.0084 0.860759 0 0 0
1.03361 0.860759 0 0 0
1.05882 0.860759 0 0 0
1.08403 0.860759 0 0 0
1.10924 0.860759 0 0 0
1.13445 0.860759 0 0 0
1.15966 0.860759 0 0 0
1.18487 0.860759 0 0 0
1.21008 0.860759 0 0 0
1.23529 0.860759 0 0 0
1.2605 0.860759 0 0 0
1.28571 0.860759 0 0 0
1.31092 0.860759 0 0 0
1.33613 0.860759 0 0 0
1.36134 0.860759 0 0 0
1.38655 0.860759 0 0 0
1.41176 0.860759 0 0 0
1.43697 0.860759 0 0 0
1.46218 0.860759 0 0 0
1.48739 0.860759 0 0 0
1.51261 0.860759 0 0 0
1.53782 0.860759 0 0 0
1.56303 0.860759 0 0 0
1.58824 0.860759 0 0 0
1.61345 0.860759 0 0 0
1.63866 0.860759 0 0 0
1.66387 0.860759 0 0 0
1.68908 0.860759 0 0 0
1.71429 0.860759 0 0 0
1.7395 0.860759 0 0 0
1.76471 0.860759 0 0 0
1.78992 0.860759 0 0 0
1.81513 0.860759 0 0 0
1.84034 0.860759 0 0 0
1.86555 0.860759 0 0 0
1.89076 0.860759 0 0 0
1.91597 0.860759 0 0 0
1.94118 0.860759 0 0 0
1.96639 0.860759 0 0 0
1.9916 0.860759 0 0 0
2.01681 0.860759 0.999435 0 0
2.04202 0.860759 1.00029 2.10748e-05 -0.001506
2.06723 0.860759 1.00141 0.000247929 -0.00303514
2.09244 0.860759 1.00243 0.000650359 -0.00446482
2.11765 0.860759 1.00335 0.00116339 -0.00571801
2.14286 0.860759 1.00412 0.00172927 -0.00676333
2.16807 0.860759 1.00476 0.00230249 -0.00759819
2.19328 0.860759 1.00527 0.00285147 -0.00823631
2.21849 0.860759 1.00567 0.00335612 -0.00869882
2.2437 0.860759 1.00597 0.00380495 -0.00900914
2.26891 0.860759 1.00618 0.00419243 -0.00919013
2.29412 0.860759 1.00633 0.00451703 -0.0092628
2.31933 0.860759 1.00641 0.00477979 -0.00924585
2.34454 0.860759 1.00645 0.0049833 -0.00915553
2.36975 0.860759 1.00645 0.00513106 -0.00900583
2.39496 0.860759 1.00641 0.00522702 -0.00880865
2.42017 0.860759 1.00634 0.00527534 -0.00857405
2.44538 0.860759 1.00625 0.00528013 -0.00831045
2.47059 0.860759 1.00615 0.00524543 -0.00802488
2.4958 0.860759 1.00603 0.00517505 -0.00772313
2.52101 0.860759 1.0059 0.0050726 -0.00740987
2.54622 0.860759 1.00577 0.00494143 -0.00708884
2.57143 0.860759 1.00563 0.00478462 -0.00676291
2.59664 0.860759 1.00549 0.00460502 -0.00643419
2.62185 0.860759 1.00535 0.0044052 -0.00610408
2.64706 0.860759 1.00521 0.0041875 -0.00577331
2.67227 0.860759 1.00507 0.00395401 -0.00544203
2.69748 0.860759 1.00494 0.00370658 -0.00510975
2.72269 0.860759 1.00481 0.00344685 -0.00477542
2.7479 0.860759 1.00469 0.0031762 -0.0044374
2.77311 0.860759 1.00458 0.00289581 -0.00409343
2.79832 0.860759 1.00447 0.00260663 -0.00374063
2.82353 0.860759 1.00437 0.00230934 -0.00337542
2.84874 0.860759 1.00427 0.00200439 -0.00299353
2.87395 0.860759 1.00418 0.00169196 -0.00258986
2.89916 0.860759 1.0041 0.00137192 -0.00215847
2.92437 0.860759 1.00403 0.0010438 -0.00169241
2.94958 0.860759 1.00396 0.000706743 -0.00118368
2.97479 0.860759 1.00389 0.000359468 -0.000623069
3 0.860759 1.00383 0 0

0 0.886076 1 0.3 0
0.0252101 0.886076 1.26396 0.237221 0.0137024
0.0504202 0.886076 1.41513 0.211103 0.0332585
0.0756303 0.886076 1.4696 0.201245 0.0565069
0.10084 0.886076 1.50563 0.194856 0.0799531
0.12605 0.886076 1.55185 0.189064 0.10153
0.151261 0.886076 1.59707 0.184258 0.120159
0.176471 0.886076 1.61764 0.180545 0.135697
0.201681 0.886076 1.6015 0.177112 0.148779
0.226891 0.886076 1.55759 0.173035 0.16029
0.252101 0.886076 1.50473 0.16806 0.17086
0.277311 0.886076 1.45762 0.162538 0.180691
0.302521 0.886076 1.4223 0.156949 0.189704
0.327731 0.886076 1.39858 0.151585 0.197765
0.352941 0.886076 1.38365 0.146518 0.2048
0.378151 0.886076 1.37452 0.141693 0.210812
0.403361 0.886076 1.36887 0.13702 0.215839
0.428571 0.886076 1.36522 0.132422 0.21992
0.453782 0.886076 1.36264 0.12784 0.223082
0.478992 0.886076 1.36058 0.12323 0.225342
0.504202 0.886076 1.3587 0.11855 0.226706
0.529412 0.886076 1.35683 0.113755 0.227177
0.554622 0.886076 1.35492 0.108803 0.22675
0.579832 0.886076 1.35301 0.103665 0.225413
0.605042 0.886076 1.3512 0.0983248 0.223134
0.630252 0.886076 1.34958 0.0927793 0.219865
0.655462 0.886076 1.34818 0.0870317 0.215535
0.680672 0.886076 1.34701 0.0810804 0.210059
0.705882 0.886076 1.34606 0.0749135 0.203334
0.731092 0.886076 1.34537 0.0685096 0.195244
0.756303 0.886076 1.345 0.0618426 0.185653
0.781513 0.886076 1.34513 0.0548903 0.174396
0.806723 0.886076 1.34589 0.0476367 0.161281
0.831933 0.886076 1.34796 0.040104 0.146077
0.857143 0.886076 1.35084 0.0323213 0.128537
0.882353 0.886076 1.35755 0.0244924 0.108393
0.907563 0.886076 1.3635 0.0168118 0.0854629
0.932773 0.886076 1.37592 0.00986785 0.0595706
0.957983 0.886076 1.38218 0.00410244 0.031134
0.983193 0.886076 1.38989 0 0
1.0084 0.886076 0 0 0
1.03361 0.886076 0 0 0
1.05882 0.886076 0 0 0
1.08403 0.886076 0 0 0
1.10924 0.886076 0 0 0
1.13445 0.886076 0 0 0
1.15966 0.886076 0 0 0
1.18487 0.886076 0 0 0
1.21008 0.886076 0 0 0
1.23529 0.886076 0 0 0
1.2605 0.886076 0 0 0
1.28571 0.886076 0 0 0
1.31092 0.886076 0 0 0
1.33613 0.886076 0 0 0
1.36134 0.886076 0 0 0
1.38655 0.886076 0 0 0
1.41176 0.886076 0 0 0
1.43697 0.886076 0 0 0
1.46218 0.886076 0 0 0
1.48739 0.886076 0 0 0
1.51261 0.886076 0 0 0
1.53782 0.886076 0 0 0
1.56303 0.886076 0 0 0
1.58824 0.886076 0 0 0
1.61345 0.886076 0 0 0
1.63866 0.886076 0 0 0
1.66387 0.886076 0 0 0
1.68908 0.886076 0 0 0
1.71429 0.886076 0 0 0
1.7395 0.886076 0 0 0
1.76471 0.886076 0 0 0
1.78992 0.886076 0 0 0
1.81513 0.886076 0 0 0
1.84034 0.886076 0 0 0
1.86555 0.886076 0 0 0
1.89076 0.886076 0 0 0
1.91597 0.886076 0 0 0
1.94118 0.886076 0 0 0
1.96639 0.886076 0 0 0
1.9916 0.886076 0 0 0
2.01681 0.886076 0.998631 0 0
2.04202 0.886076 0.999879 0.000106041 -0.00180349
2.06723 0.886076 1.00136 0.000485118 -0.00359541
2.09244 0.886076 1.00268 0.00106227 -0.0052215
2.11765 0.886076 1.00379 0.00173947 -0.00659282
2.14286 0.886076 1.0047 0.00244044 -0.00769236
2.16807 0.886076 1.00542 0.00311486 -0.00853512
2.19328 0.886076 1.00597 0.00373297 -0.0091506
2.21849 0.886076 1.00639 0.00427935 -0.00957183
2.2437 0.886076 1.00669 0.00474777 -0.00983052
2.26891 0.886076 1.00689 0.00513762 -0.00995504
2.29412 0.886076 1.00702 0.0054515 -0.00996995
2.31933 0.886076 1.00708 0.00569378 -0.00989613
2.34454 0.886076 1.00709 0.00586969 -0.00975116
2.36975 0.886076 1.00706 0.00598477 -0.00954976
2.39496 0.886076 1.00699 0.00604454 -0.0093042
2.42017 0.886076 1.00689 0.00605432 -0.00902467
2.44538 0.886076 1.00678 0.00601915 -0.00871959
2.47059 0.886076 1.00665 0.00594371 -0.0083959
2.4958 0.886076 1.0065 0.00583235 -0.00805922
2.52101 0.886076 1.00635 0.00568903 -0.00771405
2.54622 0.886076 1.00619 0.00551738 -0.00736393
2.57143 0.886076 1.00603 0.00532069 -0.00701155
2.59664 0.886076 1.00587 0.00510193 -0.0066588
2.62185 0.886076 1.00572 0.00486378 -0.00630688
2.64706 0.886076 1.00556 0.00460865 -0.00595635
2.67227 0.886076 1.00541 0.00433865 -0.00560714
2.69748 0.886076 1.00526 0.00405567 -0.00525859
2.72269 0.886076 1.00512 0.00376133 -0.00490946
2.7479 0.886076 1.00499 0.00345705 -0.00455791
2.77311 0.886076 1.00487 0.003144 -0.00420148
2.79832 0.886076 1.00475 0.0028231 -0.00383706
2.82353 0.886076 1.00464 0.00249507 -0.00346089
2.84874 0.886076 1.00455 0.00216036 -0.0030684
2.87395 0.886076 1.00445 0.00181916 -0.00265423
2.89916 0.886076 1.00437 0.00147138 -0.00221211
2.92437 0.886076 1.0043 0.0011166 -0.00173473
2.94958 0.886076 1.00423 0.000754009 -0.00121365
2.97479 0.886076 1.00417 0.000382433 -0.000639135
3 0.886076 1.00411 0 0

0 0.911392 1 0.3 0
0.0252101 0.911392 1.2775 0.235055 0.0129966
0.0504202 0.911392 1.38767 0.210213 0.0335814
0.0756303 0.911392 1.35068 0.20168 0.0568592
0.10084 0.911392 1.26671 0.195316 0.0796443
0.12605 0.911392 1.19218 0.187727 0.10189
0.151261 0.911392 1.15523 0.17917 0.123132
0.176471 0.911392 1.16144 0.170829 0.142054
0.201681 0.911392 1.19879 0.16369 0.157735
0.226891 0.911392 1.24762 0.158047 0.1703
0.252101 0.911392 1.29156 0.153588 0.180539
0.277311 0.911392 1.32308 0.149781 0.18926
0.302521 0.911392 1.34212 0.146201 0.196975
0.327731 0.911392 1.35193 0.142628 0.203903
0.352941 0.911392 1.35607 0.138988 0.210095
0.378151 0.911392 1.35711 0.135271 0.215538
0.403361 0.911392 1.35666 0.131487 0.220206
0.428571 0.911392 1.35557 0.127643 0.224075
0.453782 0.911392 1.35423 0.123741 0.227125
0.478992 0.911392 1.35277 0.119773 0.229337
0.504202 0.911392 1.35122 0.115719 0.230698
0.529412 0.911392 1.34955 0.11155 0.231195
0.554622 0.911392 1.34777 0.107233 0.230817
0.579832 0.911392 1.34592 0.102737 0.229545
0.605042 0.911392 1.3441 0.0980434 0.227349
0.630252 0.911392 1.34239 0.0931418 0.224183
0.655462 0.911392 1.34084 0.0880274 0.219982
0.680672 0.911392 1.33946 0.0826914 0.214662
0.705882 0.911392 1.33828 0.0771154 0.208123
0.731092 0.911392 1.33729 0.0712688 0.200246
0.756303 0.911392 1.33656 0.0651125 0.190889
0.781513 0.911392 1.33615 0.0586037 0.179882
0.806723 0.911392 1.33617 0.051705 0.167009
0.831933 0.911392 1.33645 0.0443837 0.152011
0.857143 0.911392 1.33754 0.0366613 0.134559
0.882353 0.911392 1.33748 0.0285737 0.114253
0.907563 0.911392 1.33915 0.0202698 0.0907631
0.932773 0.911392 1.34026 0.0122594 0.0634936
0.957983 0.911392 1.34254 0.00484287 0.0332686
0.983193 0.911392 1.36328 0 0
1.0084 0.911392 0 0 0
1.03361 0.911392 0 0 0
1.05882 0.911392 0 0 0
1.08403 0.911392 0 0 0
1.10924 0.911392 0 0 0
1.13445 0.911392 0 0 0
1.15966 0.911392 0 0 0
1.18487 0.911392 0 0 0
1.21008 0.911392 0 0 0
1.23529 0.911392 0 0 0
1.2605 0.911392 0 0 0
1.28571 0.911392 0 0 0
1.31092 0.911392 0 0 0
1.33613 0.911392 0 0 0
1.36134 0.911392 0 0 0
1.38655 0.911392 0 0 0
1.41176 0.911392 0 0 0
1.43697 0.911392 0 0 0
1.46218 0.911392 0 0 0
1.48739 0.911392 0 0 0
1.51261 0.911392 0 0 0
1.53782 0.911392 0 0 0
1.56303 0.911392 0 0 0
1.58824 0.911392 0 0 0
1.61345 0.911392 0 0 0
1.63866 0.911392 0 0 0
1.66387 0.911392 0 0 0
1.68908 0.911392 0 0 0
1.71429 0.911392 0 0 0
1.7395 0.911392 0 0 0
1.76471 0.911392 0 0 0
1.78992 0.911392 0 0 0
1.81513 0.911392 0 0 0
1.84034 0.911392 0 0 0
1.86555 0.911392 0 0 0
1.89076 0.911392 0 0 0
1.91597 0.911392 0 0 0
1.94118 0.911392 0 0 0
1.96639 0.911392 0 0 0
1.9916 0.911392 0 0 0
2.01681 0.911392 0.997394 0 0
2.04202 0.911392 0.999438 0.000251452 -0.00223424
2.06723 0.911392 1.00137 0.000875013 -0.00435065
2.09244 0.911392 1.00308 0.00169251 -0.00618586
2.11765 0.911392 1.00441 0.00256988 -0.00765242
2.14286 0.911392 1.00545 0.00341509 -0.00877029
2.16807 0.911392 1.00624 0.00418282 -0.00958408
2.19328 0.911392 1.00683 0.00485276 -0.0101445
2.21849 0.911392 1.00724 0.00541944 -0.0104981
2.2437 0.911392 1.00753 0.00588508 -0.0106847
2.26891 0.911392 1.0077 0.00625567 -0.0107372
2.29412 0.911392 1.0078 0.00653882 -0.0106827
2.31933 0.911392 1.00782 0.00674256 -0.0105436
2.34454 0.911392 1.00779 0.0068748 -0.0103378
2.36975 0.911392 1.00772 0.006943 -0.0100804
2.39496 0.911392 1.00762 0.00695409 -0.00978345
2.42017 0.911392 1.00749 0.00691438 -0.00945701
2.44538 0.911392 1.00734 0.00682961 -0.00910923
2.47059 0.911392 1.00718 0.00670499 -0.00874675
2.4958 0.911392 1.007 0.00654519 -0.00837489
2.52101 0.911392 1.00682 0.00635443 -0.00799789
2.54622 0.911392 1.00664 0.00613649 -0.00761899
2.57143 0.911392 1.00646 0.00589476 -0.00724063
2.59664 0.911392 1.00628 0.00563226 -0.00686445
2.62185 0.911392 1.0061 0.0053517 -0.00649142
2.64706 0.911392 1.00592 0.00505546 -0.00612189
2.67227 0.911392 1.00576 0.00474566 -0.00575557
2.69748 0.911392 1.0056 0.00442416 -0.00539162
2.72269 0.911392 1.00545 0.00409256 -0.00502859
2.7479 0.911392 1.0053 0.00375222 -0.00466444
2.77311 0.911392 1.00517 0.00340428 -0.00429653
2.79832 0.911392 1.00504 0.00304967 -0.00392155
2.82353 0.911392 1.00493 0.00268907 -0.0035355
2.84874 0.911392 1.00483 0.00232293 -0.00313358
2.87395 0.911392 1.00473 0.00195146 -0.00271018
2.89916 0.911392 1.00465 0.00157458 -0.0022587
2.92437 0.911392 1.00458 0.00119193 -0.0017715
2.94958 0.911392 1.00451 0.000802785 -0.00123972
2.97479 0.911392 1.00445 0.00040605 -0.000653138
3 0.911392 1.0044 0 0

0 0.936709 1 0.3 0
0.0252101 0.936709 1.36293 0.223538 0.0180031
0.0504202 0.936709 1.58217 0.193743 0.0493372
0.0756303 0.936709 1.68524 0.182535 0.0794867
0.10084 0.936709 1.73666 0.177002 0.102809
0.12605 0.936709 1.72372 0.173636 0.120303
0.151261 0.936709 1.65576 0.169925 0.134476
0.176471 0.936709 1.56834 0.164792 0.147288
0.201681 0.936709 1.49049 0.15874 0.159511
0.226891 0.936709 1.43385 0.152725 0.171092
0.252101 0.936709 1.39774 0.14736 0.181738
0.277311 0.936709 1.37668 0.142782 0.191267
0.302521 0.936709 1.36499 0.13885 0.199664
0.327731 0.936709 1.35851 0.135345 0.207004
0.352941 0.936709 1.35466 0.132075 0.213383
0.378151 0.936709 1.35209 0.128909 0.218874
0.403361 0.936709 1.35011 0.125765 0.223526
0.428571 0.936709 1.34843 0.122596 0.227362
0.453782 0.936709 1.34691 0.119376 0.230387
0.478992 0.936709 1.34544 0.11609 0.232594
0.504202 0.936709 1.34394 0.112716 0.233973
0.529412 0.936709 1.34234 0.10923 0.23451
0.554622 0.936709 1.34063 0.105604 0.234189
0.579832 0.936709 1.33882 0.10181 0.232993
0.605042 0.936709 1.33697 0.0978274 0.230892
0.630252 0.936709 1.33516 0.093641 0.227844
0.655462 0.936709 1.33344 0.0892404 0.223788
0.680672 0.936709 1.33184 0.0846116 0.218647
0.705882 0.936709 1.33037 0.0797302 0.212324
0.731092 0.936709 1.32907 0.0745577 0.204704
0.756303 0.936709 1.32802 0.0690404 0.19565
0.781513 0.936709 1.32736 0.0631091 0.18499
0.806723 0.936709 1.32737 0.0566778 0.172509
0.831933 0.936709 1.32856 0.0496531 0.157923
0.857143 0.936709 1.33119 0.0418933 0.140902
0.882353 0.936709 1.33896 0.0334375 0.120886
0.907563 0.936709 1.34673 0.0240711 0.0975542
0.932773 0.936709 1.37286 0.0148199 0.0696678
0.957983 0.936709 1.3844 0.00595179 0.038204
0.983193 0.936709 1.40925 0 0
1.0084 0.936709 0 0 0
1.03361 0.936709 0 0 0
1.05882 0.936709 0 0 0
1.08403 0.936709 0 0 0
1.10924 0.936709 0 0 0
1.13445 0.936709 0 0 0
1.15966 0.936709 0 0 0
1.18487 0.936709 0 0 0
1.21008 0.936709 0 0 0
1.23529 0.936709 0 0 0
1.2605 0.936709 0 0 0
1.28571 0.936709 0 0 0
1.31092 0.936709 0 0 0
1.33613 0.936709 0 0 0
1.36134 0.936709 0 0 0
1.38655 0.936709 0 0 0
1.41176 0.936709 0 0 0
1.43697 0.936709 0 0 0
1.46218 0.936709 0 0 0
1.48739 0.936709 0 0 0
1.51261 0.936709 0 0 0
1.53782 0.936709 0 0 0
1.56303 0.936709 0 0 0
1.58824 0.936709 0 0 0
1.61345 0.936709 0 0 0
1.63866 0.936709 0 0 0
1.66387 0.936709 0 0 0
1.68908 0.936709 0 0 0
1.71429 0.936709 0 0 0
1.7395 0.936709 0 0 0
1.76471 0.936709 0 0 0
1.78992 0.936709 0 0 0
1.81513 0.936709 0 0 0
1.84034 0.936709 0 0 0
1.86555 0.936709 0 0 0
1.89076 0.936709 0 0 0
1.91597 0.936709 0 0 0
1.94118 0.936709 0 0 0
1.96639 0.936709 0 0 0
1.9916 0.936709 0 0 0
2.01681 0.936709 0.995261 0 0
2.04202 0.936709 0.998912 0.000513247 -0.00291228
2.06723 0.936709 1.00139 0.00153957 -0.00540399
2.09244 0.936709 1.0037 0.00267287 -0.00742325
2.11765 0.936709 1.00529 0.00377097 -0.00892311
2.14286 0.936709 1.00646 0.00474446 -0.00999683
2.16807 0.936709 1.00729 0.00557348 -0.0107299
2.19328 0.936709 1.00787 0.00625821 -0.0111962
2.21849 0.936709 1.00826 0.00680883 -0.0114539
2.2437 0.936709 1.0085 0.00723848 -0.0115484
2.26891 0.936709 1.00863 0.00756057 -0.011515
2.29412 0.936709 1.00867 0.00778768 -0.0113819
2.31933 0.936709 1.00864 0.00793117 -0.0111711
2.34454 0.936709 1.00856 0.00800117 -0.0109006
2.36975 0.936709 1.00844 0.00800662 -0.0105847
2.39496 0.936709 1.0083 0.00795541 -0.0102351
2.42017 0.936709 1.00812 0.00785451 -0.00986125
2.44538 0.936709 1.00794 0.00771007 -0.0094708
2.47059 0.936709 1.00774 0.00752753 -0.00906994
2.4958 0.936709 1.00753 0.00731171 -0.0086636
2.52101 0.936709 1.00732 0.00706689 -0.00825562
2.54622 0.936709 1.00711 0.00679686 -0.00784894
2.57143 0.936709 1.0069 0.00650499 -0.00744565
2.59664 0.936709 1.00669 0.00619425 -0.00704715
2.62185 0.936709 1.00649 0.00586727 -0.00665415
2.64706 0.936709 1.0063 0.00552639 -0.00626676
2.67227 0.936709 1.00612 0.00517363 -0.0058845
2.69748 0.936709 1.00594 0.00481077 -0.0055063
2.72269 0.936709 1.00577 0.00443933 -0.00513053
2.7479 0.936709 1.00562 0.00406063 -0.00475497
2.77311 0.936709 1.00548 0.00367574 -0.00437678
2.79832 0.936709 1.00534 0.00328553 -0.00399247
2.82353 0.936709 1.00522 0.00289064 -0.00359781
2.84874 0.936709 1.00512 0.00249153 -0.00318782
2.87395 0.936709 1.00502 0.00208838 -0.00275661
2.89916 0.936709 1.00494 0.00168116 -0.00229732
2.92437 0.936709 1.00486 0.00126955 -0.00180198
2.94958 0.936709 1.0048 0.000852898 -0.00126137
2.97479 0.936709 1.00475 0.000430235 -0.000664803
3 0.936709 1.0047 0 0

0 0.962025 1 0.3 0
0.0252101 0.962025 1.18872 0.218541 0.00722823
0.0504202 0.962025 1.11433 0.189036 0.0426591
0.0756303 0.962025 1.03828 0.17253 0.080345
0.10084 0.962025 1.03666 0.159133 0.110683
0.12605 0.962025 1.09385 0.149262 0.133209
0.151261 0.962025 1.17306 0.14295 0.149208
0.176471 0.962025 1.24384 0.139164 0.161117
0.201681 0.962025 1.29341 0.136639 0.170986
0.226891 0.962025 1.32254 0.134535 0.179938
0.252101 0.962025 1.33722 0.13249 0.188366
0.277311 0.962025 1.34346 0.130414 0.196302
0.302521 0.962025 1.34538 0.128305 0.203664
0.327731 0.962025 1.34535 0.126169 0.21037
0.352941 0.962025 1.34451 0.124001 0.216368
0.378151 0.962025 1.34336 0.121786 0.221629
0.403361 0.962025 1.34209 0.119508 0.22614
0.428571 0.962025 1.34078 0.117154 0.229893
0.453782 0.962025 1.33946 0.114715 0.232876
0.478992 0.962025 1.33812 0.112185 0.235076
0.504202 0.962025 1.33672 0.109555 0.236475
0.529412 0.962025 1.3352 0.10681 0.237056
0.554622 0.962025 1.33354 0.10393 0.2368
0.579832 0.962025 1.33175 0.100892 0.235687
0.605042 0.962025 1.32987 0.0976767 0.233689
0.630252 0.962025 1.32795 0.0942693 0.230766
0.655462 0.962025 1.32604 0.0906567 0.226864
0.680672 0.962025 1.32417 0.0868226 0.22191
0.705882 0.962025 1.32235 0.0827417 0.215819
0.731092 0.962025 1.32061 0.0783746 0.208483
0.756303 0.962025 1.31901 0.0736659 0.199774
0.781513 0.962025 1.31763 0.0685426 0.189537
0.806723 0.962025 1.31652 0.0629076 0.177572
0.831933 0.962025 1.31597 0.0566583 0.163606
0.857143 0.962025 1.31507 0.0495999 0.14731
0.882353 0.962025 1.31591 0.041693 0.128018
0.907563 0.962025 1.3106 0.0323261 0.105269
0.932773 0.962025 1.31573 0.0221694 0.0766975
0.957983 0.962025 1.28702 0.00892761 0.0435625
0.983193 0.962025 1.35579 0 0
1.0084 0.962025 0 0 0
1.03361 0.962025 0 0 0
1.05882 0.962025 0 0 0
1.08403 0.962025 0 0 0
1.10924 0.962025 0 0 0
1.13445 0.962025 0 0 0
1.15966 0.962025 0 0 0
1.18487 0.962025 0 0 0
1.21008 0.962025 0 0 0
1.23529 0.962025 0 0 0
1.2605 0.962025 0 0 0
1.28571 0.962025 0 0 0
1.31092 0.962025 0 0 0
1.33613 0.962025 0 0 0
1.36134 0.962025 0 0 0
1.38655 0.962025 0 0 0
1.41176 0.962025 0 0 0
1.43697 0.962025 0 0 0
1.46218 0.962025 0 0 0
1.48739 0.962025 0 0 0
1.51261 0.962025 0 0 0
1.53782 0.962025 0 0 0
1.56303 0.962025 0 0 0
1.58824 0.962025 0 0 0
1.61345 0.962025 0 0 0
1.63866 0.962025 0 0 0
1.66387 0.962025 0 0 0
1.68908 0.962025 0 0 0
1.71429 0.962025 0 0 0
1.7395 0.962025 0 0 0
1.76471 0.962025 0 0 0
1.78992 0.962025 0 0 0
1.81513 0.962025 0 0 0
1.84034 0.962025 0 0 0
1.86555 0.962025 0 0 0
1.89076 0.962025 0 0 0
1.91597 0.962025 0 0 0
1.94118 0.962025 0 0 0
1.96639 0.962025 0 0 0
1.9916 0.962025 0 0 0
2.01681 0.962025 0.990332 0 0
2.04202 0.962025 0.999857 0.00102333 -0.00397766
2.06723 0.962025 1.00208 0.00274483 -0.00686774
2.09244 0.962025 1.00501 0.004228 -0.00897278
2.11765 0.962025 1.00667 0.00550481 -0.010394
2.14286 0.962025 1.00786 0.0065351 -0.0113371
2.16807 0.962025 1.00865 0.0073536 -0.0119303
2.19328 0.962025 1.00916 0.00798952 -0.012264
2.21849 0.962025 1.00946 0.00847065 -0.0124015
2.2437 0.962025 1.00962 0.00882035 -0.0123889
2.26891 0.962025 1.00967 0.00905798 -0.0122608
2.29412 0.962025 1.00963 0.00919961 -0.0120439
2.31933 0.962025 1.00954 0.00925865 -0.0117591
2.34454 0.962025 1.0094 0.00924638 -0.0114229
2.36975 0.962025 1.00922 0.00917238 -0.0110486
2.39496 0.962025 1.00902 0.00904488 -0.0106471
2.42017 0.962025 1.0088 0.00887096 -0.0102271
2.44538 0.962025 1.00857 0.00865677 -0.00979543
2.47059 0.962025 1.00833 0.0084077 -0.00935783
2.4958 0.962025 1.00808 0.00812845 -0.00891871
2.52101 0.962025 1.00784 0.00782316 -0.00848149
2.54622 0.962025 1.00759 0.00749547 -0.00804872
2.57143 0.962025 1.00736 0.00714859 -0.00762219
2.59664 0.962025 1.00713 0.00678533 -0.007203
2.62185 0.962025 1.0069 0.00640819 -0.00679162
2.64706 0.962025 1.00669 0.00601932 -0.00638792
2.67227 0.962025 1.00648 0.00562064 -0.00599119
2.69748 0.962025 1.00629 0.00521377 -0.0056002
2.72269 0.962025 1.00611 0.00480015 -0.00521312
2.7479 0.962025 1.00594 0.00438096 -0.00482755
2.77311 0.962025 1.00579 0.0039572 -0.00444049
2.79832 0.962025 1.00565 0.00352966 -0.00404826
2.82353 0.962025 1.00552 0.00309894 -0.00364646
2.84874 0.962025 1.00541 0.00266544 -0.00322989
2.87395 0.962025 1.00531 0.00222936 -0.00279248
2.89916 0.962025 1.00523 0.00179068 -0.00232709
2.92437 0.962025 1.00516 0.00134912 -0.00182549
2.94958 0.962025 1.0051 0.000904143 -0.00127811
2.97479 0.962025 1.00505 0.00045489 -0.000673866
3 0.962025 1.00501 0 0

0 0.987342 1 0.3 0
0.0252101 0.987342 2.33338 0.150314 0.0714796
0.0504202 0.987342 2.18592 0.148117 0.0909865
0.0756303 0.987342 1.87065 0.149475 0.105106
0.10084 0.987342 1.6572 0.14369 0.118247
0.12605 0.987342 1.51137 0.136754 0.132067
0.151261 0.987342 1.42477 0.130672 0.145831
0.176471 0.987342 1.37795 0.126253 0.1587
0.201681 0.987342 1.35485 0.123299 0.170302
0.226891 0.987342 1.34457 0.121331 0.180635
0.252101 0.987342 1.34041 0.11993 0.189854
0.277311 0.987342 1.33872 0.1188 0.198121
0.302521 0.987342 1.3378 0.117756 0.205553
0.327731 0.987342 1.33703 0.11669 0.212216
0.352941 0.987342 1.33622 0.115544 0.218141
0.378151 0.987342 1.33533 0.114293 0.223333
0.403361 0.987342 1.33435 0.112925 0.227794
0.428571 0.987342 1.33329 0.111438 0.231516
0.453782 0.987342 1.33216 0.109833 0.234491
0.478992 0.987342 1.33095 0.108111 0.236703
0.504202 0.987342 1.32964 0.106274 0.238137
0.529412 0.987342 1.32819 0.104314 0.238771
0.554622 0.987342 1.32658 0.102222 0.238587
0.579832 0.987342 1.32479 0.099983 0.237563
0.605042 0.987342 1.32286 0.0975815 0.23567
0.630252 0.987342 1.32081 0.0950048 0.232873
0.655462 0.987342 1.31869 0.0922407 0.229122
0.680672 0.987342 1.31652 0.0892746 0.224353
0.705882 0.987342 1.31432 0.086084 0.218487
0.731092 0.987342 1.31211 0.0826341 0.211431
0.756303 0.987342 1.30994 0.0788738 0.203071
0.781513 0.987342 1.30792 0.0747315 0.193269
0.806723 0.987342 1.30616 0.0700974 0.181861
0.831933 0.987342 1.30538 0.0648474 0.168594
0.857143 0.987342 1.30489 0.058639 0.153272
0.882353 0.987342 1.31181 0.0514173 0.135103
0.907563 0.987342 1.31339 0.0416687 0.114325
0.932773 0.987342 1.36753 0.0308362 0.0873313
0.957983 0.987342 1.36247 0.0127388 0.0557274
0.983193 0.987342 1.65587 0 0
1.0084 0.987342 0 0 0
1.03361 0.987342 0 0 0
1.05882 0.987342 0 0 0
1.08403 0.987342 0 0 0
1.10924 0.987342 0 0 0
1.13445 0.987342 0 0 0
1.15966 0.987342 0 0 0
1.18487 0.987342 0 0 0
1.21008 0.987342 0 0 0
1.23529 0.987342 0 0 0
1.2605 0.987342 0 0 0
1.28571 0.987342 0 0 0
1.31092 0.987342 0 0 0
1.33613 0.987342 0 0 0
1.36134 0.987342 0 0 0
1.38655 0.987342 0 0 0
1.41176 0.987342 0 0 0
1.43697 0.987342 0 0 0
1.46218 0.987342 0 0 0
1.48739 0.987342 0 0 0
1.51261 0.987342 0 0 0
1.53782 0.987342 0 0 0
1.56303 0.987342 0 0 0
1.58824 0.987342 0 0 0
1.61345 0.987342 0 0 0
1.63866 0.987342 0 0 0
1.66387 0.987342 0 0 0
1.68908 0.987342 0 0 0
1.71429 0.987342 0 0 0
1.7395 0.987342 0 0 0
1.76471 0.987342 0 0 0
1.78992 0.987342 0 0 0
1.81513 0.987342 0 0 0
1.84034 0.987342 0 0 0
1.86555 0.987342 0 0 0
1.89076 0.987342 0 0 0
1.91597 0.987342 0 0 0
1.94118 0.987342 0 0 0
1.96639 0.987342 0 0 0
1.9916 0.987342 0 0 0
2.01681 0.987342 0.964487 0 0
2.04202 0.987342 0.998625 0.00232061 -0.00608211
2.06723 0.987342 1.0014 0.00496479 -0.00907132
2.09244 0.987342 1.00644 0.00664026 -0.0108769
2.11765 0.987342 1.00841 0.00792834 -0.0120106
2.14286 0.987342 1.00965 0.00886878 -0.012713
2.16807 0.987342 1.01033 0.00956217 -0.0131114
2.19328 0.987342 1.01069 0.0100621 -0.0132855
2.21849 0.987342 1.01086 0.0104076 -0.0132904
2.2437 0.987342 1.01089 0.0106269 -0.0131658
2.26891 0.987342 1.01082 0.0107409 -0.0129421
2.29412 0.987342 1.01069 0.0107663 -0.0126427
2.31933 0.987342 1.01051 0.0107164 -0.012286
2.34454 0.987342 1.01029 0.010602 -0.011887
2.36975 0.987342 1.01004 0.0104324 -0.0114576
2.39496 0.987342 1.00978 0.0102151 -0.0110074
2.42017 0.987342 1.0095 0.00995695 -0.0105442
2.44538 0.987342 1.00922 0.00966355 -0.0100744
2.47059 0.987342 1.00894 0.00933991 -0.00960299
2.4958 0.987342 1.00865 0.00899034 -0.00913382
2.52101 0.987342 1.00837 0.00861866 -0.00866993
2.54622 0.987342 1.00809 0.00822819 -0.00821351
2.57143 0.987342 1.00783 0.00782184 -0.00776603
2.59664 0.987342 1.00757 0.00740218 -0.00732831
2.62185 0.987342 1.00732 0.00697144 -0.00690056
2.64706 0.987342 1.00708 0.00653158 -0.00648246
2.67227 0.987342 1.00686 0.00608431 -0.00607309
2.69748 0.987342 1.00665 0.00563108 -0.00567104
2.72269 0.987342 1.00645 0.00517315 -0.00527431
2.7479 0.987342 1.00627 0.00471159 -0.00488037
2.77311 0.987342 1.00611 0.00424726 -0.00448603
2.79832 0.987342 1.00596 0.00378087 -0.00408747
2.82353 0.987342 1.00583 0.00331294 -0.00368014
2.84874 0.987342 1.00571 0.00284384 -0.00325868
2.87395 0.987342 1.00561 0.00237374 -0.00281681
2.89916 0.987342 1.00552 0.00190263 -0.00234721
2.92437 0.987342 1.00545 0.0014303 -0.00184138
2.94958 0.987342 1.0054 0.000956291 -0.00128948
2.97479 0.987342 1.00536 0.000479907 -0.000680078
3 0.987342 1.00533 0 0

0 1.01266 0.000562853 0 0
0.0252101 1.01266 0.419677 0.0200396 0.0958997
0.0504202 1.01266 0.935292 0.0438326 0.122206
0.0756303 1.01266 1.10471 0.0709197 0.133776
0.10084 1.01266 1.21184 0.0856137 0.139998
0.12605 1.01266 1.27264 0.0940724 0.146794
0.151261 1.01266 1.30366 0.098958 0.154913
0.176471 1.01266 1.31779 0.101867 0.163945
0.201681 1.01266 1.32362 0.103677 0.173264
0.226891 1.01266 1.32609 0.104866 0.182382
0.252101 1.01266 1.32735 0.10569 0.191007
0.277311 1.01266 1.32806 0.106269 0.198997
0.302521 1.01266 1.32838 0.106642 0.206297
0.327731 1.01266 1.32834 0.106812 0.212895
0.352941 1.01266 1.32802 0.106779 0.218788
0.378151 1.01266 1.32751 0.106548 0.22397
0.403361 1.01266 1.32684 0.106134 0.228434
0.428571 1.01266 1.32603 0.105549 0.232172
0.453782 1.01266 1.32509 0.104809 0.235173
0.478992 1.01266 1.32401 0.103927 0.237424
0.504202 1.01266 1.32278 0.102911 0.238909
0.529412 1.01266 1.32139 0.101767 0.239609
0.554622 1.01266 1.31979 0.100492 0.239503
0.579832 1.01266 1.318 0.0990803 0.238569
0.605042 1.01266 1.31599 0.0975228 0.236781
0.630252 1.01266 1.31381 0.0958114 0.234103
0.655462 1.01266 1.31147 0.0939376 0.230491
0.680672 1.01266 1.30899 0.0918916 0.225888
0.705882 1.01266 1.30637 0.0896584 0.220224
0.731092 1.01266 1.30364 0.0872147 0.213417
0.756303 1.01266 1.30079 0.084526 0.205369
0.781513 1.01266 1.29789 0.0815502 0.195964
0.806723 1.01266 1.29471 0.0782066 0.185082
0.831933 1.01266 1.29244 0.0745031 0.172484
0.857143 1.01266 1.28644 0.0700881 0.158206
0.882353 1.01266 1.29091 0.0656323 0.141316
0.907563 1.01266 1.26265 0.0592608 0.12295
0.932773 1.01266 1.30125 0.0548996 0.0995137
0.957983 1.01266 1.16332 0.0448647 0.0741003
0.983193 1.01266 1.28311 0.0387907 0.0400615
1.0084 1.01266 0.681253 0 0
1.03361 1.01266 1.00185 0 0
1.05882 1.01266 1.02669 0 0
1.08403 1.01266 1.04644 0 0
1.10924 1.01266 1.0603 0 0
1.13445 1.01266 1.06997 0 0
1.15966 1.01266 1.07674 0 0
1.18487 1.01266 1.08146 0 0
1.21008 1.01266 1.08473 0 0
1.23529 1.01266 1.08692 0 0
1.2605 1.01266 1.0883 0 0
1.28571 1.01266 1.08907 0 0
1.31092 1.01266 1.08934 0 0
1.33613 1.01266 1.08921 0 0
1.36134 1.01266 1.08876 0 0
1.38655 1.01266 1.08803 0 0
1.41176 1.01266 1.08707 0 0
1.43697 1.01266 1.08591 0 0
1.46218 1.01266 1.08457 0 0
1.48739 1.01266 1.08309 0 0
1.51261 1.01266 1.08148 0 0
1.53782 1.01266 1.07976 0 0
1.56303 1.01266 1.07794 0 0
1.58824 1.01266 1.07603 0 0
1.61345 1.01266 1.07404 0 0
1.63866 1.01266 1.072 0 0
1.66387 1.01266 1.06989 0 0
1.68908 1.01266 1.06775 0 0
1.71429 1.01266 1.06558 0 0
1.7395 1.01266 1.06339 0 0
1.76471 1.01266 1.0612 0 0
1.78992 1.01266 1.05901 0 0
1.81513 1.01266 1.05686 0 0
1.84034 1.01266 1.05477 0 0
1.86555 1.01266 1.05276 0 0
1.89076 1.01266 1.05089 0 0
1.91597 1.01266 1.04926 0 0
1.94118 1.01266 1.04822 0 0
1.96639 1.01266 1.04942 0 0
1.9916 1.01266 1.07046 0 0
2.01681 1.01266 1.00384 0.00647856 -0.00581434
2.04202 1.01266 1.01532 0.0078092 -0.00910925
2.06723 1.01266 1.01131 0.00942398 -0.0113273
2.09244 1.01266 1.01212 0.0104266 -0.0126448
2.11765 1.01266 1.01225 0.0112192 -0.0134635
2.14286 1.01266 1.01247 0.0117922 -0.0139313
2.16807 1.01266 1.01256 0.0121947 -0.0141479
2.19328 1.01266 1.01256 0.012454 -0.0141761
2.21849 1.01266 1.01246 0.0125939 -0.0140607
2.2437 1.01266 1.0123 0.0126331 -0.0138353
2.26891 1.01266 1.01208 0.012587 -0.0135257
2.29412 1.01266 1.01183 0.0124683 -0.0131523
2.31933 1.01266 1.01154 0.0122874 -0.0127315
2.34454 1.01266 1.01123 0.0120534 -0.0122765
2.36975 1.01266 1.01091 0.0117738 -0.011798
2.39496 1.01266 1.01058 0.011455 -0.0113046
2.42017 1.01266 1.01024 0.0111028 -0.0108033
2.44538 1.01266 1.0099 0.0107219 -0.0102998
2.47059 1.01266 1.00957 0.0103166 -0.00979856
2.4958 1.01266 1.00924 0.00989076 -0.00930305
2.52101 1.01266 1.00892 0.00944753 -0.00881587
2.54622 1.01266 1.00861 0.00898982 -0.0083389
2.57143 1.01266 1.00831 0.00852014 -0.00787331
2.59664 1.01266 1.00802 0.0080407 -0.00741968
2.62185 1.01266 1.00774 0.00755342 -0.006978
2.64706 1.01266 1.00748 0.00705998 -0.00654775
2.67227 1.01266 1.00724 0.00656183 -0.00612785
2.69748 1.01266 1.00701 0.0060602 -0.00571673
2.72269 1.01266 1.0068 0.00555618 -0.00531226
2.7479 1.01266 1.00661 0.00505064 -0.00491175
2.77311 1.01266 1.00643 0.00454432 -0.0045119
2.79832 1.01266 1.00627 0.0040378 -0.00410878
2.82353 1.01266 1.00613 0.00353152 -0.0036977
2.84874 1.01266 1.00601 0.00302579 -0.00327316
2.87395 1.01266 1.00591 0.00252076 -0.00282873
2.89916 1.01266 1.00582 0.00201643 -0.00235693
2.92437 1.01266 1.00575 0.00151266 -0.00184907
2.94958 1.01266 1.0057 0.00100909 -0.00129506
2.97479 1.01266 1.00567 0.000505166 -0.000683211
3 1.01266 1.00565 0 0

0 1.03797 1.04164 0 0
0.0252101 1.03797 0.932704 0.0034714 0.0295929
0.0504202 1.03797 1.21371 0.0169365 0.0699444
0.0756303 1.03797 1.19602 0.0404827 0.0998613
0.10084 1.03797 1.24561 0.0549616 0.119905
0.12605 1.03797 1.27017 0.0664438 0.135706
0.151261 1.03797 1.28763 0.0747002 0.148891
0.176471 1.03797 1.29934 0.0807713 0.160548
0.201681 1.03797 1.30689 0.0853206 0.171163
0.226891 1.03797 1.31188 0.0887971 0.180926
0.252101 1.03797 1.31528 0.0915207 0.189899
0.277311 1.03797 1.3176 0.0937002 0.198101
0.302521 1.03797 1.31906 0.0954573 0.205546
0.327731 1.03797 1.31984 0.0968563 0.212251
0.352941 1.03797 1.3201 0.097936 0.218229
0.378151 1.03797 1.32 0.0987301 0.223486
0.403361 1.03797 1.31964 0.0992726 0.228019
0.428571 1.03797 1.31906 0.0995959 0.231823
0.453782 1.03797 1.3183 0.0997286 0.234889
0.478992 1.03797 1.31734 0.0996944 0.237207
0.504202 1.03797 1.3162 0.0995118 0.238763
0.529412 1.03797 1.31484 0.0991938 0.239539
0.554622 1.03797 1.31326 0.0987474 0.239516
0.579832 1.03797 1.31142 0.0981743 0.238672
0.605042 1.03797 1.30934 0.0974731 0.23698
0.630252 1.03797 1.30701 0.0966412 0.234409
0.655462 1.03797 1.30445 0.0956759 0.230916
0.680672 1.03797 1.30166 0.0945737 0.226451
0.705882 1.03797 1.29864 0.0933288 0.220951
0.731092 1.03797 1.29537 0.0919316 0.214339
0.756303 1.03797 1.29182 0.0903653 0.206532
0.781513 1.03797 1.2881 0.0886236 0.197414
0.806723 1.03797 1.28334 0.0866301 0.186908
0.831933 1.03797 1.28051 0.0845475 0.174701
0.857143 1.03797 1.26914 0.0818261 0.161028
0.882353 1.03797 1.27748 0.0797291 0.144569
0.907563 1.03797 1.23418 0.075551 0.126847
0.932773 1.03797 1.28755 0.0737651 0.104216
0.957983 1.03797 1.16127 0.0671525 0.0786379
0.983193 1.03797 1.27768 0.0615377 0.0491627
1.0084 1.03797 1.06619 0.0475772 0.00976621
1.03361 1.03797 1.09474 0.0327319 0.00403247
1.05882 1.03797 1.06946 0.0257849 0.00100447
1.08403 1.03797 1.07233 0.0207177 -0.000625638
1.10924 1.03797 1.0743 0.0176069 -0.00150412
1.13445 1.03797 1.07799 0.0155061 -0.00197835
1.15966 1.03797 1.08153 0.0140706 -0.00223215
1.18487 1.03797 1.08453 0.0130546 -0.00236322
1.21008 1.03797 1.08686 0.0123113 -0.00242434
1.23529 1.03797 1.08853 0.0117502 -0.00244445
1.2605 1.03797 1.08961 0.0113137 -0.00243972
1.28571 1.03797 1.09017 0.0109647 -0.00241942
1.31092 1.03797 1.0903 0.0106785 -0.00238913
1.33613 1.03797 1.09006 0.0104382 -0.00235237
1.36134 1.03797 1.08952 0.0102322 -0.00231148
1.38655 1.03797 1.08872 0.0100519 -0.00226813
1.41176 1.03797 1.0877 0.00989118 -0.00222356
1.43697 1.03797 1.08649 0.00974539 -0.00217872
1.46218 1.03797 1.08513 0.00961095 -0.00213435
1.48739 1.03797 1.08362 0.00948509 -0.00209104
1.51261 1.03797 1.08199 0.00936565 -0.00204926
1.53782 1.03797 1.08025 0.0092509 -0.00200935
1.56303 1.03797 1.07842 0.00913952 -0.00197156
1.58824 1.03797 1.0765 0.00903049 -0.00193606
1.61345 1.03797 1.07452 0.00892309 -0.00190297
1.63866 1.03797 1.07247 0.00881688 -0.00187235
1.66387 1.03797 1.07037 0.00871175 -0.00184424
1.68908 1.03797 1.06823 0.00860791 -0.00181868
1.71429 1.03797 1.06606 0.00850604 -0.00179581
1.7395 1.03797 1.06387 0.00840739 -0.00177583
1.76471 1.03797 1.06166 0.00831404 -0.00175923
1.78992 1.03797 1.05945 0.00822932 -0.00174689
1.81513 1.03797 1.05724 0.00815852 -0.00174045
1.84034 1.03797 1.05505 0.00811018 -0.00174289
1.86555 1.03797 1.05286 0.0080985 -0.00175973
1.89076 1.03797 1.05066 0.0081483 -0.00180139
1.91597 1.03797 1.04833 0.00830112 -0.00188766
1.94118 1.03797 1.0459 0.0086523 -0.00206198
1.96639 1.03797 1.04168 0.00929411 -0.00242006
1.9916 1.03797 1.03956 0.0107986 -0.00345204
2.01681 1.03797 1.02078 0.0129902 -0.00823971
2.04202 1.03797 1.02004 0.0136331 -0.0107961
2.06723 1.03797 1.01709 0.0142513 -0.0126917
2.09244 1.03797 1.0163 0.0146149 -0.0138274
2.11765 1.03797 1.01566 0.0148767 -0.0144995
2.14286 1.03797 1.01524 0.0150301 -0.0148388
2.16807 1.03797 1.01487 0.0150892 -0.014941
2.19328 1.03797 1.01452 0.0150624 -0.0148683
2.21849 1.03797 1.01416 0.0149591 -0.0146645
2.2437 1.03797 1.01379 0.014788 -0.0143617
2.26891 1.03797 1.01341 0.0145574 -0.0139843
2.29412 1.03797 1.01302 0.0142748 -0.0135515
2.31933 1.03797 1.01261 0.013947 -0.0130785
2.34454 1.03797 1.01221 0.0135802 -0.0125775
2.36975 1.03797 1.0118 0.0131796 -0.0120584
2.39496 1.03797 1.0114 0.0127502 -0.0115291
2.42017 1.03797 1.01099 0.0122961 -0.0109962
2.44538 1.03797 1.0106 0.0118212 -0.0104647
2.47059 1.03797 1.01021 0.0113287 -0.0099387
2.4958 1.03797 1.00984 0.0108217 -0.00942136
2.52101 1.03797 1.00948 0.0103028 -0.00891496
2.54622 1.03797 1.00913 0.00977425 -0.00842109
2.57143 1.03797 1.00879 0.00923812 -0.00794072
2.59664 1.03797 1.00848 0.00869618 -0.0074742
2.62185 1.03797 1.00817 0.00814997 -0.00702136
2.64706 1.03797 1.00789 0.00760086 -0.00658151
2.67227 1.03797 1.00762 0.00704999 -0.00615345
2.69748 1.03797 1.00738 0.00649835 -0.00573547
2.72269 1.03797 1.00715 0.00594679 -0.00532533
2.7479 1.03797 1.00694 0.005396 -0.00492025
2.77311 1.03797 1.00676 0.00484655 -0.00451683
2.79832 1.03797 1.00659 0.0042989 -0.00411104
2.82353 1.03797 1.00644 0.00375338 -0.00369809
2.84874 1.03797 1.00632 0.00321024 -0.0032724
2.87395 1.03797 1.00621 0.0026696 -0.00282743
2.89916 1.03797 1.00612 0.00213148 -0.00235558
2.92437 1.03797 1.00606 0.00159577 -0.00184801
2.94958 1.03797 1.00601 0.00106225 -0.00129447
2.97479 1.03797 1.00599 0.00053054 -0.000683063
3 1.03797 1.00598 0 0

0 1.06329 1.1791 0 0
0.0252101 1.06329 1.08166 0.00102521 0.020139
0.0504202 1.06329 1.22799 0.00755837 0.0546633
0.0756303 1.06329 1.19995 0.0229807 0.082881
0.10084 1.06329 1.24511 0.0346615 0.105785
0.12605 1.06329 1.26124 0.0461224 0.124787
0.151261 1.06329 1.27594 0.0553645 0.14066
0.176471 1.06329 1.28684 0.0629122 0.154338
0.201681 1.06329 1.29471 0.0690514 0.166392
0.226891 1.06329 1.30056 0.0740638 0.177155
0.252101 1.06329 1.30496 0.0782098 0.186827
0.277311 1.06329 1.30822 0.08169 0.195524
0.302521 1.06329 1.31051 0.084641 0.203326
0.327731 1.06329 1.31195 0.0871464 0.210293
0.352941 1.06329 1.3127 0.0892596 0.21647
0.378151 1.06329 1.31295 0.0910253 0.221885
0.403361 1.06329 1.31285 0.0924884 0.226549
0.428571 1.06329 1.31248 0.0936929 0.230467
0.453782 1.06329 1.31187 0.0946781 0.233634
0.478992 1.06329 1.31102 0.0954773 0.236045
0.504202 1.06329 1.30994 0.0961169 0.237688
0.529412 1.06329 1.30861 0.0966172 0.23855
0.554622 1.06329 1.30702 0.0969923 0.238612
0.579832 1.06329 1.30514 0.0972511 0.237854
0.605042 1.06329 1.30296 0.097399 0.236251
0.630252 1.06329 1.30049 0.0974391 0.23377
0.655462 1.06329 1.29772 0.0973746 0.230374
0.680672 1.06329 1.29464 0.0972082 0.226014
0.705882 1.06329 1.29124 0.0969422 0.220632
0.731092 1.06329 1.2875 0.096579 0.214157
0.756303 1.06329 1.28328 0.0961106 0.206513
0.781513 1.06329 1.27898 0.0955699 0.197572
0.806723 1.06329 1.27247 0.0948329 0.187312
0.831933 1.06329 1.27041 0.0942641 0.175294
0.857143 1.06329 1.25241 0.0929444 0.162007
0.882353 1.06329 1.26809 0.0927777 0.145834
0.907563 1.06329 1.20857 0.0903229 0.128526
0.932773 1.06329 1.27145 0.0901704 0.107383
0.957983 1.06329 1.14006 0.0863726 0.083108
0.983193 1.06329 1.23095 0.0820423 0.0585385
1.0084 1.06329 1.054 0.0733684 0.0284039
1.03361 1.06329 1.07491 0.0571003 0.0145494
1.05882 1.06329 1.07161 0.0472744 0.00625734
1.08403 1.06329 1.07637 0.0400355 0.00176808
1.10924 1.06329 1.08066 0.0349487 -0.000851994
1.13445 1.06329 1.08435 0.0312706 -0.00237627
1.15966 1.06329 1.08723 0.0285616 -0.00328002
1.18487 1.06329 1.08935 0.0265254 -0.00382037
1.21008 1.06329 1.09082 0.0249632 -0.00414141
1.23529 1.06329 1.09175 0.0237408 -0.00432606
1.2605 1.06329 1.09222 0.0227657 -0.00442312
1.28571 1.06329 1.09231 0.0219732 -0.00446223
1.31092 1.06329 1.09208 0.0213171 -0.00446203
1.33613 1.06329 1.09156 0.020764 -0.00443475
1.36134 1.06329 1.0908 0.0202894 -0.00438871
1.38655 1.06329 1.08984 0.0198751 -0.00432977
1.41176 1.06329 1.08869 0.0195072 -0.00426223
1.43697 1.06329 1.08738 0.0191754 -0.00418932
1.46218 1.06329 1.08593 0.0188714 -0.00411351
1.48739 1.06329 1.08435 0.0185889 -0.0040367
1.51261 1.06329 1.08267 0.018323 -0.00396041
1.53782 1.06329 1.08089 0.0180698 -0.00388577
1.56303 1.06329 1.07902 0.0178261 -0.00381371
1.58824 1.06329 1.07708 0.0175897 -0.00374491
1.61345 1.06329 1.07508 0.0173589 -0.00367993
1.63866 1.06329 1.07301 0.0171328 -0.00361924
1.66387 1.06329 1.0709 0.0169109 -0.00356327
1.68908 1.06329 1.06875 0.0166935 -0.00351255
1.71429 1.06329 1.06656 0.0164819 -0.00346776
1.7395 1.06329 1.06434 0.0162784 -0.00342998
1.76471 1.06329 1.0621 0.0160867 -0.00340093
1.78992 1.06329 1.05984 0.0159126 -0.00338347
1.81513 1.06329 1.05757 0.0157647 -0.00338239
1.84034 1.06329 1.05528 0.015656 -0.00340588
1.86555 1.06329 1.05295 0.0156061 -0.0034682
1.89076 1.06329 1.05058 0.0156447 -0.00359486
1.91597 1.06329 1.04809 0.0158144 -0.00383313
1.94118 1.06329 1.04557 0.016193 -0.00427168
1.96639 1.06329 1.04203 0.016823 -0.00510552
1.9916 1.06329 1.04095 0.0180106 -0.00665842
2.01681 1.06329 1.02784 0.0189453 -0.0097889
2.04202 1.06329 1.02523 0.0189996 -0.0119597
2.06723 1.06329 1.0219 0.0189822 -0.0135691
2.09244 1.06329 1.02016 0.0188247 -0.0145811
2.11765 1.06329 1.01888 0.0186233 -0.0151669
2.14286 1.06329 1.01793 0.0183804 -0.0154358
2.16807 1.06329 1.01716 0.0180996 -0.0154735
2.19328 1.06329 1.01649 0.0177806 -0.0153405
2.21849 1.06329 1.01589 0.017424 -0.0150805
2.2437 1.06329 1.01531 0.0170315 -0.0147261
2.26891 1.06329 1.01477 0.0166056 -0.0143017
2.29412 1.06329 1.01423 0.0161492 -0.0138265
2.31933 1.06329 1.01372 0.0156656 -0.0133153
2.34454 1.06329 1.01321 0.0151581 -0.01278
2.36975 1.06329 1.01271 0.0146298 -0.0122303
2.39496 1.06329 1.01223 0.0140838 -0.0116738
2.42017 1.06329 1.01176 0.0135227 -0.0111167
2.44538 1.06329 1.01131 0.0129492 -0.0105637
2.47059 1.06329 1.01087 0.0123657 -0.0100188
2.4958 1.06329 1.01045 0.0117741 -0.00948475
2.52101 1.06329 1.01004 0.0111766 -0.00896369
2.54622 1.06329 1.00965 0.0105746 -0.00845702
2.57143 1.06329 1.00928 0.00996976 -0.00796555
2.59664 1.06329 1.00894 0.00936334 -0.00748948
2.62185 1.06329 1.00861 0.00875648 -0.00702852
2.64706 1.06329 1.0083 0.00815017 -0.00658187
2.67227 1.06329 1.00801 0.00754525 -0.00614821
2.69748 1.06329 1.00774 0.00694243 -0.00572576
2.72269 1.06329 1.0075 0.0063423 -0.0053122
2.7479 1.06329 1.00728 0.00574536 -0.00490467
2.77311 1.06329 1.00708 0.00515199 -0.00449973
2.79832 1.06329 1.0069 0.00456251 -0.00409327
2.82353 1.06329 1.00675 0.00397715 -0.00368046
2.84874 1.06329 1.00662 0.00339607 -0.00325566
2.87395 1.06329 1.00651 0.00281937 -0.00281227
2.89916 1.06329 1.00642 0.00224708 -0.00234262
2.92437 1.06329 1.00636 0.00167916 -0.00183778
2.94958 1.06329 1.00632 0.00111549 -0.0012874
2.97479 1.06329 1.0063 0.00055589 -0.000679461
3 1.06329 1.0063 0 0

0 1.08861 1.17864 0 0
0.0252101 1.08861 1.1127 -0.00051885 0.0177353
0.0504202 1.08861 1.21796 0.00266958 0.0459553
0.0756303 1.08861 1.19786 0.0126184 0.0710847
0.10084 1.08861 1.23984 0.0214795 0.0942426
0.12605 1.08861 1.25263 0.0315831 0.114363
0.151261 1.08861 1.2667 0.0404852 0.131715
0.176471 1.08861 1.2773 0.0483867 0.146805
0.201681 1.08861 1.2852 0.0552361 0.160067
0.226891 1.08861 1.29136 0.0611233 0.171808
0.252101 1.08861 1.29622 0.0662063 0.182252
0.277311 1.08861 1.30001 0.0706335 0.191552
0.302521 1.08861 1.30285 0.0745214 0.199819
0.327731 1.08861 1.30478 0.0779468 0.207143
0.352941 1.08861 1.30593 0.0809593 0.213596
0.378151 1.08861 1.30648 0.0836 0.219227
0.403361 1.08861 1.30659 0.0859126 0.224069
0.428571 1.08861 1.30637 0.0879436 0.228135
0.453782 1.08861 1.30586 0.0897377 0.231431
0.478992 1.08861 1.3051 0.0913342 0.233954
0.504202 1.08861 1.30406 0.0927655 0.235698
0.529412 1.08861 1.30274 0.0940571 0.236651
0.554622 1.08861 1.30112 0.0952286 0.236799
0.579832 1.08861 1.29918 0.0962942 0.236122
0.605042 1.08861 1.29692 0.0972646 0.234595
0.630252 1.08861 1.29431 0.0981481 0.232188
0.655462 1.08861 1.29135 0.0989521 0.228865
0.680672 1.08861 1.28803 0.0996843 0.224581
0.705882 1.08861 1.2843 0.100351 0.219279
0.731092 1.08861 1.28019 0.100965 0.21289
0.756303 1.08861 1.27534 0.10151 0.205349
0.781513 1.08861 1.27088 0.102068 0.196503
0.806723 1.08861 1.26227 0.102399 0.18641
0.831933 1.08861 1.26261 0.10312 0.174486
0.857143 1.08861 1.23732 0.102857 0.161444
0.882353 1.08861 1.26113 0.103956 0.145655
0.907563 1.08861 1.19302 0.102786 0.128501
0.932773 1.08861 1.25424 0.102907 0.108974
0.957983 1.08861 1.14642 0.100685 0.0856827
0.983193 1.08861 1.20283 0.0959412 0.0641454
1.0084 1.08861 1.11087 0.0892484 0.03812
1.03361 1.08861 1.11318 0.0764565 0.0225548
1.05882 1.08861 1.103 0.0665281 0.0121385
1.08403 1.08861 1.09849 0.0583388 0.00559363
1.10924 1.08861 1.09607 0.051925 0.00139266
1.13445 1.08861 1.09502 0.0469367 -0.00132154
1.15966 1.08861 1.09478 0.0430565 -0.00309269
1.18487 1.08861 1.09488 0.0400223 -0.0042568
1.21008 1.08861 1.09503 0.037626 -0.00502258
1.23529 1.08861 1.09508 0.0357099 -0.00552202
1.2605 1.08861 1.09494 0.034156 -0.00583994
1.28571 1.08861 1.09458 0.0328771 -0.00603186
1.31092 1.08861 1.09401 0.0318082 -0.00613494
1.33613 1.08861 1.09323 0.030901 -0.00617459
1.36134 1.08861 1.09226 0.030119 -0.00616864
1.38655 1.08861 1.09112 0.0294347 -0.00612989
1.41176 1.08861 1.08984 0.0288268 -0.00606774
1.43697 1.08861 1.08841 0.028279 -0.00598924
1.46218 1.08861 1.08687 0.0277784 -0.00589978
1.48739 1.08861 1.08522 0.0273149 -0.00580352
1.51261 1.08861 1.08348 0.0268805 -0.00570369
1.53782 1.08861 1.08165 0.026469 -0.00560287
1.56303 1.08861 1.07974 0.0260754 -0.0055031
1.58824 1.08861 1.07776 0.0256959 -0.00540601
1.61345 1.08861 1.07573 0.0253278 -0.00531299
1.63866 1.08861 1.07364 0.0249692 -0.00522526
1.66387 1.08861 1.07151 0.0246194 -0.005144
1.68908 1.08861 1.06933 0.0242786 -0.00507056
1.71429 1.08861 1.06712 0.023948 -0.00500658
1.7395 1.08861 1.06488 0.0236305 -0.00495437
1.76471 1.08861 1.06261 0.0233306 -0.00491732
1.78992 1.08861 1.06031 0.0230549 -0.00490056
1.81513 1.08861 1.05798 0.0228132 -0.00491212
1.84034 1.08861 1.05562 0.0226189 -0.00496464
1.86555 1.08861 1.0532 0.0224909 -0.00507839
1.89076 1.08861 1.0507 0.0224538 -0.00528611
1.91597 1.08861 1.04805 0.0225374 -0.0056413
1.94118 1.08861 1.04525 0.0227799 -0.00622763
1.96639 1.08861 1.04178 0.0231758 -0.00719084
1.9916 1.08861 1.03866 0.0237457 -0.00864693
2.01681 1.08861 1.03184 0.024011 -0.0109278
2.04202 1.08861 1.02849 0.0237551 -0.0127179
2.06723 1.08861 1.02545 0.0233414 -0.0140924
2.09244 1.08861 1.02334 0.0228179 -0.0149972
2.11765 1.08861 1.0217 0.0222591 -0.0155241
2.14286 1.08861 1.0204 0.0216848 -0.0157546
2.16807 1.08861 1.01933 0.0211025 -0.0157602
2.19328 1.08861 1.0184 0.0205127 -0.015597
2.21849 1.08861 1.01758 0.0199138 -0.0153076
2.2437 1.08861 1.01682 0.0193047 -0.0149245
2.26891 1.08861 1.01612 0.0186846 -0.0144726
2.29412 1.08861 1.01545 0.0180536 -0.0139715
2.31933 1.08861 1.01482 0.0174123 -0.0134362
2.34454 1.08861 1.01421 0.0167617 -0.0128789
2.36975 1.08861 1.01363 0.0161031 -0.0123091
2.39496 1.08861 1.01307 0.0154378 -0.0117344
2.42017 1.08861 1.01254 0.0147673 -0.011161
2.44538 1.08861 1.01202 0.014093 -0.0105935
2.47059 1.08861 1.01153 0.0134162 -0.0100358
2.4958 1.08861 1.01106 0.0127383 -0.00949045
2.52101 1.08861 1.01061 0.0120604 -0.00895959
2.54622 1.08861 1.01018 0.0113835 -0.00844448
2.57143 1.08861 1.00978 0.0107086 -0.00794583
2.59664 1.08861 1.0094 0.0100365 -0.00746377
2.62185 1.08861 1.00904 0.00936798 -0.00699792
2.64706 1.08861 1.0087 0.00870358 -0.0065474
2.67227 1.08861 1.00839 0.00804383 -0.00611086
2.69748 1.08861 1.00811 0.00738914 -0.00568645
2.72269 1.08861 1.00785 0.00673986 -0.00527182
2.7479 1.08861 1.00761 0.00609625 -0.00486408
2.77311 1.08861 1.0074 0.00545853 -0.00445975
2.79832 1.08861 1.00722 0.00482686 -0.00405471
2.82353 1.08861 1.00705 0.00420134 -0.00364413
2.84874 1.08861 1.00692 0.00358208 -0.00322233
2.87395 1.08861 1.00681 0.00296913 -0.00278271
2.89916 1.08861 1.00672 0.00236253 -0.00231758
2.92437 1.08861 1.00666 0.00176232 -0.00181801
2.94958 1.08861 1.00663 0.0011685 -0.0012736
2.97479 1.08861 1.00662 0.000581074 -0.000672265
3 1.08861 1.00663 0 0

0 1.11392 1.20192 0 0
0.0252101 1.11392 1.16605 -0.000758125 0.0157856
0.0504202 1.11392 1.22239 0.000940919 0.0398476
0.0756303 1.11392 1.20931 0.0069842 0.0624002
0.10084 1.11392 1.23992 0.0134196 0.0848003
0.12605 1.11392 1.24942 0.0216093 0.104944
0.151261 1.11392 1.26141 0.029479 0.122928
0.176471 1.11392 1.27095 0.0370004 0.138845
0.201681 1.11392 1.27823 0.0439122 0.152962
0.226891 1.11392 1.28419 0.0501369 0.16549
0.252101 1.11392 1.28905 0.0557259 0.176625
0.277311 1.11392 1.29301 0.0607579 0.18651
0.302521 1.11392 1.29613 0.0653124 0.19526
0.327731 1.11392 1.2984 0.0694461 0.202974
0.352941 1.11392 1.29985 0.0731945 0.209736
0.378151 1.11392 1.30063 0.0765852 0.215615
0.403361 1.11392 1.3009 0.0796513 0.220657
0.428571 1.11392 1.30077 0.0824329 0.224891
0.453782 1.11392 1.30033 0.0849735 0.228329
0.478992 1.11392 1.2996 0.0873139 0.230974
0.504202 1.11392 1.29858 0.0894894 0.232824
0.529412 1.11392 1.29725 0.0915289 0.233871
0.554622 1.11392 1.2956 0.0934551 0.234102
0.579832 1.11392 1.29361 0.095286 0.233498
0.605042 1.11392 1.29126 0.0970355 0.232037
0.630252 1.11392 1.28853 0.0987151 0.22969
0.655462 1.11392 1.28542 0.100335 0.226422
0.680672 1.11392 1.2819 0.101905 0.222189
0.705882 1.11392 1.2779 0.103431 0.216941
0.731092 1.11392 1.27356 0.104933 0.210604
0.756303 1.11392 1.26807 0.10637 0.203135
0.781513 1.11392 1.26402 0.107889 0.194342
0.806723 1.11392 1.25286 0.109075 0.184382
0.831933 1.11392 1.25683 0.110814 0.17257
0.857143 1.11392 1.22503 0.111357 0.159696
0.882353 1.11392 1.25429 0.113128 0.144496
0.907563 1.11392 1.18622 0.112953 0.12754
0.932773 1.11392 1.23734 0.112925 0.109543
0.957983 1.11392 1.15571 0.11155 0.0878259
0.983193 1.11392 1.18665 0.107068 0.0683305
1.0084 1.11392 1.13114 0.101471 0.0463369
1.03361 1.11392 1.12265 0.0914293 0.0305942
1.05882 1.11392 1.11248 0.0822224 0.0188796
1.08403 1.11392 1.10679 0.0740037 0.0106339
1.10924 1.11392 1.1037 0.0670778 0.00488072
1.13445 1.11392 1.10194 0.0613842 0.000887595
1.15966 1.11392 1.1009 0.0567476 -0.00188111
1.18487 1.11392 1.10018 0.0529783 -0.00380307
1.21008 1.11392 1.09955 0.0499032 -0.0051372
1.23529 1.11392 1.0989 0.0473772 -0.00605971
1.2605 1.11392 1.09817 0.0452835 -0.00669077
1.28571 1.11392 1.09732 0.0435298 -0.00711293
1.31092 1.11392 1.09635 0.0420441 -0.0073836
1.33613 1.11392 1.09525 0.0407699 -0.00754329
1.36134 1.11392 1.09403 0.0396632 -0.00762113
1.38655 1.11392 1.09268 0.0386895 -0.00763841
1.41176 1.11392 1.09122 0.0378217 -0.007611
1.43697 1.11392 1.08965 0.0370383 -0.00755089
1.46218 1.11392 1.08799 0.0363223 -0.00746731
1.48739 1.11392 1.08624 0.0356601 -0.00736743
1.51261 1.11392 1.08442 0.0350409 -0.00725689
1.53782 1.11392 1.08252 0.0344558 -0.00714021
1.56303 1.11392 1.08056 0.0338983 -0.00702101
1.58824 1.11392 1.07853 0.0333628 -0.00690227
1.61345 1.11392 1.07646 0.0328456 -0.00678655
1.63866 1.11392 1.07434 0.0323438 -0.00667613
1.66387 1.11392 1.07217 0.031856 -0.00657322
1.68908 1.11392 1.06997 0.031382 -0.00648021
1.71429 1.11392 1.06773 0.0309228 -0.00639991
1.7395 1.11392 1.06546 0.0304809 -0.00633597
1.76471 1.11392 1.06316 0.0300606 -0.00629336
1.78992 1.11392 1.06083 0.0296682 -0.00627919
1.81513 1.11392 1.05846 0.0293122 -0.00630382
1.84034 1.11392 1.05605 0.0290037 -0.00638248
1.86555 1.11392 1.05359 0.0287562 -0.00653774
1.89076 1.11392 1.05104 0.028585 -0.00680273
1.91597 1.11392 1.04836 0.0285026 -0.00722532
1.94118 1.11392 1.04555 0.0285155 -0.00786942
1.96639 1.11392 1.04235 0.0285891 -0.00881959
1.9916 1.11392 1.03925 0.0286758 -0.0101093
2.01681 1.11392 1.03443 0.0285129 -0.0117897
2.04202 1.11392 1.03114 0.027998 -0.0132397
2.06723 1.11392 1.02825 0.0273117 -0.0143873
2.09244 1.11392 1.02599 0.0265211 -0.0151764
2.11765 1.11392 1.02415 0.0256905 -0.0156447
2.14286 1.11392 1.02263 0.02485 -0.0158455
2.16807 1.11392 1.02133 0.0240136 -0.0158342
2.19328 1.11392 1.0202 0.0231858 -0.0156585
2.21849 1.11392 1.0192 0.022367 -0.0153579
2.2437 1.11392 1.01828 0.0215562 -0.0149635
2.26891 1.11392 1.01744 0.0207517 -0.0145003
2.29412 1.11392 1.01665 0.0199523 -0.0139877
2.31933 1.11392 1.01591 0.0191571 -0.0134412
2.34454 1.11392 1.01521 0.0183658 -0.0128731
2.36975 1.11392 1.01454 0.017578 -0.0122932
2.39496 1.11392 1.01391 0.0167941 -0.0117092
2.42017 1.11392 1.0133 0.0160143 -0.0111273
2.44538 1.11392 1.01273 0.015239 -0.0105524
2.47059 1.11392 1.01218 0.0144688 -0.00998796
2.4958 1.11392 1.01166 0.0137041 -0.00943693
2.52101 1.11392 1.01117 0.0129454 -0.00890125
2.54622 1.11392 1.0107 0.0121932 -0.00838217
2.57143 1.11392 1.01026 0.0114479 -0.00788038
2.59664 1.11392 1.00985 0.0107098 -0.00739598
2.62185 1.11392 1.00947 0.0099793 -0.00692855
2.64706 1.11392 1.00911 0.00925655 -0.00647721
2.67227 1.11392 1.00878 0.00854175 -0.00604057
2.69748 1.11392 1.00847 0.00783502 -0.00561679
2.72269 1.11392 1.00819 0.00713646 -0.00520351
2.7479 1.11392 1.00794 0.0064461 -0.00479784
2.77311 1.11392 1.00772 0.00576397 -0.00439631
2.79832 1.11392 1.00752 0.00509008 -0.00399484
2.82353 1.11392 1.00736 0.00442442 -0.00358861
2.84874 1.11392 1.00722 0.00376701 -0.00317198
2.87395 1.11392 1.0071 0.00311788 -0.00273838
2.89916 1.11392 1.00702 0.00247708 -0.00228016
2.92437 1.11392 1.00696 0.00184472 -0.00178844
2.94958 1.11392 1.00693 0.00122094 -0.00125285
2.97479 1.11392 1.00693 0.000605945 -0.000661371
3 1.11392 1.00695 0 0

0 1.13924 1.21188 0 0
0.0252101 1.13924 1.19117 -0.000809552 0.015154
0.0504202 1.13924 1.2245 -3.35882e-05 0.0359456
0.0756303 1.13924 1.21935 0.00367266 0.0563627
0.10084 1.13924 1.24041 0.00834114 0.0773992
0.12605 1.13924 1.24873 0.0147506 0.0969026
0.151261 1.13924 1.25846 0.0214388 0.11486
0.176471 1.13924 1.26691 0.028241 0.13107
0.201681 1.13924 1.27329 0.034834 0.145646
0.226891 1.13924 1.27876 0.0410278 0.158692
0.252101 1.13924 1.28332 0.0467934 0.170346
0.277311 1.13924 1.28718 0.0521436 0.180715
0.302521 1.13924 1.29035 0.0571196 0.189896
0.327731 1.13924 1.29278 0.0617552 0.197978
0.352941 1.13924 1.29444 0.0660687 0.205045
0.378151 1.13924 1.2954 0.0700714 0.211172
0.403361 1.13924 1.29578 0.0737802 0.216417
0.428571 1.13924 1.29572 0.0772224 0.220819
0.453782 1.13924 1.2953 0.0804337 0.224399
0.478992 1.13924 1.29458 0.0834517 0.227165
0.504202 1.13924 1.29354 0.0863113 0.22912
0.529412 1.13924 1.29219 0.0890422 0.230256
0.554622 1.13924 1.29049 0.0916685 0.230563
0.579832 1.13924 1.28844 0.0942097 0.230025
0.605042 1.13924 1.28602 0.0966811 0.22862
0.630252 1.13924 1.2832 0.0990953 0.226322
0.655462 1.13924 1.27996 0.101463 0.223097
0.680672 1.13924 1.2763 0.103793 0.218903
0.705882 1.13924 1.27209 0.106088 0.213695
0.731092 1.13924 1.26769 0.108375 0.207397
0.756303 1.13924 1.26149 0.110565 0.199994
0.781513 1.13924 1.25845 0.112896 0.191254
0.806723 1.13924 1.24449 0.114751 0.181423
0.831933 1.13924 1.25225 0.117228 0.169813
0.857143 1.13924 1.21635 0.118428 0.157083
0.882353 1.13924 1.24656 0.120461 0.142622
0.907563 1.13924 1.18549 0.121029 0.126062
0.932773 1.13924 1.22278 0.120847 0.109364
0.957983 1.13924 1.16476 0.119894 0.0894276
0.983193 1.13924 1.17817 0.115937 0.0714651
1.0084 1.13924 1.14467 0.11106 0.0522651
1.03361 1.13924 1.13405 0.103095 0.0369176
1.05882 1.13924 1.12465 0.0950066 0.0247395
1.08403 1.13924 1.118 0.0873267 0.0155199
1.10924 1.13924 1.1134 0.0804499 0.0086811
1.13445 1.13924 1.11009 0.0744957 0.00366235
1.15966 1.13924 1.10764 0.0694295 3.73976e-07
1.18487 1.13924 1.10576 0.0651564 -0.00266415
1.21008 1.13924 1.10421 0.0615621 -0.00459822
1.23529 1.13924 1.10283 0.0585337 -0.00599636
1.2605 1.13924 1.10151 0.0559705 -0.00699936
1.28571 1.13924 1.1002 0.053786 -0.00770915
1.31092 1.13924 1.09885 0.0519087 -0.00819988
1.33613 1.13924 1.09744 0.0502799 -0.00852592
1.36134 1.13924 1.09596 0.0488521 -0.00872756
1.38655 1.13924 1.09439 0.0475868 -0.00883502
1.41176 1.13924 1.09275 0.0464532 -0.00887121
1.43697 1.13924 1.09104 0.0454261 -0.00885375
1.46218 1.13924 1.08925 0.0444852 -0.00879634
1.48739 1.13924 1.08739 0.0436142 -0.00870975
1.51261 1.13924 1.08548 0.0427998 -0.00860254
1.53782 1.13924 1.0835 0.0420312 -0.0084816
1.56303 1.13924 1.08147 0.0413 -0.00835253
1.58824 1.13924 1.07939 0.0405993 -0.00822002
1.61345 1.13924 1.07727 0.0399239 -0.00808806
1.63866 1.13924 1.07511 0.0392704 -0.00796024
1.66387 1.13924 1.07291 0.0386362 -0.00784001
1.68908 1.13924 1.07067 0.0380205 -0.00773092
1.71429 1.13924 1.0684 0.0374236 -0.00763699
1.7395 1.13924 1.06611 0.0368473 -0.00756309
1.76471 1.13924 1.06378 0.0362948 -0.00751551
1.78992 1.13924 1.06142 0.035771 -0.00750265
1.81513 1.13924 1.05902 0.035282 -0.00753599
1.84034 1.13924 1.05658 0.0348352 -0.00763131
1.86555 1.13924 1.05409 0.0344381 -0.00781018
1.89076 1.13924 1.05153 0.0340966 -0.00810138
1.91597 1.13924 1.04886 0.0338105 -0.00854165
1.94118 1.13924 1.04608 0.0335685 -0.00917239
1.96639 1.13924 1.04307 0.03333 -0.0100344
1.9916 1.13924 1.04001 0.033036 -0.0111207
2.01681 1.13924 1.03631 0.032547 -0.0124056
2.04202 1.13924 1.03325 0.0318111 -0.0135671
2.06723 1.13924 1.03053 0.0309159 -0.0145102
2.09244 1.13924 1.02823 0.029921 -0.01518
2.11765 1.13924 1.02629 0.0288805 -0.0155844
2.14286 1.13924 1.02461 0.0278276 -0.0157549
2.16807 1.13924 1.02316 0.0267812 -0.015731
2.19328 1.13924 1.02188 0.0257502 -0.0155514
2.21849 1.13924 1.02072 0.0247382 -0.0152504
2.2437 1.13924 1.01967 0.0237455 -0.0148566
2.26891 1.13924 1.01871 0.0227714 -0.0143938
2.29412 1.13924 1.01781 0.0218145 -0.0138812
2.31933 1.13924 1.01697 0.0208736 -0.0133342
2.34454 1.13924 1.01618 0.0199473 -0.0127652
2.36975 1.13924 1.01543 0.0190348 -0.0121842
2.39496 1.13924 1.01473 0.0181355 -0.0115991
2.42017 1.13924 1.01406 0.0172487 -0.0110162
2.44538 1.13924 1.01343 0.0163743 -0.0104403
2.47059 1.13924 1.01283 0.0155119 -0.00987526
2.4958 1.13924 1.01226 0.0146615 -0.00932393
2.52101 1.13924 1.01172 0.0138229 -0.0087883
2.54622 1.13924 1.01122 0.012996 -0.00826969
2.57143 1.13924 1.01075 0.0121808 -0.00776876
2.59664 1.13924 1.0103 0.0113773 -0.00728566
2.62185 1.13924 1.00989 0.0105852 -0.00681999
2.64706 1.13924 1.0095 0.00980444 -0.00637088
2.67227 1.13924 1.00915 0.00903495 -0.00593696
2.69748 1.13924 1.00883 0.00827653 -0.00551641
2.72269 1.13924 1.00853 0.00752902 -0.00510691
2.7479 1.13924 1.00827 0.00679224 -0.00470562
2.77311 1.13924 1.00803 0.00606604 -0.00430912
2.79832 1.13924 1.00783 0.00535025 -0.00391337
2.82353 1.13924 1.00765 0.00464479 -0.00351363
2.84874 1.13924 1.00751 0.00394957 -0.00310435
2.87395 1.13924 1.00739 0.00326461 -0.00267904
2.89916 1.13924 1.00731 0.00258998 -0.00223015
2.92437 1.13924 1.00725 0.00192584 -0.00174891
2.94958 1.13924 1.00723 0.0012725 -0.00122506
2.97479 1.13924 1.00723 0.000630352 -0.000646711
3 1.13924 1.00727 0 0

0 1.16456 1.22102 0 0
0.0252101 1.16456 1.21142 -0.000788114 0.0146167
0.0504202 1.16456 1.22874 -0.00050909 0.0331647
0.0756303 1.16456 1.22837 0.00173495 0.0519507
0.10084 1.16456 1.24171 0.00510135 0.0715272
0.12605 1.16456 1.24945 0.0100232 0.0901407
0.151261 1.16456 1.257 0.0155894 0.107668
0.176471 1.16456 1.26448 0.0215646 0.12378
0.201681 1.16456 1.26991 0.0276502 0.138474
0.226891 1.16456 1.27478 0.0335918 0.151765
0.252101 1.16456 1.27885 0.0393093 0.163732
0.277311 1.16456 1.2824 0.0447627 0.174439
0.302521 1.16456 1.28544 0.0499604 0.183954
0.327731 1.16456 1.28789 0.0549161 0.192343
0.352941 1.16456 1.28966 0.0596337 0.199678
0.378151 1.16456 1.29074 0.0641099 0.20603
0.403361 1.16456 1.29121 0.0683448 0.211461
0.428571 1.16456 1.29119 0.0723497 0.216016
0.453782 1.16456 1.29078 0.0761479 0.219725
0.478992 1.16456 1.29003 0.0797691 0.222602
0.504202 1.16456 1.28896 0.0832441 0.22465
0.529412 1.16456 1.28756 0.086601 0.225866
0.554622 1.16456 1.28582 0.0898634 0.226242
0.579832 1.16456 1.28371 0.0930502 0.225761
0.605042 1.16456 1.28123 0.0961765 0.224405
0.630252 1.16456 1.27833 0.0992542 0.222149
0.655462 1.16456 1.27501 0.102292 0.218961
0.680672 1.16456 1.27127 0.105297 0.214803
0.705882 1.16456 1.26688 0.108261 0.209636
0.731092 1.16456 1.26262 0.111226 0.20338
0.756303 1.16456 1.25559 0.114035 0.196056
0.781513 1.16456 1.25398 0.11703 0.187404
0.806723 1.16456 1.23746 0.119416 0.17771
0.831933 1.16456 1.24803 0.122381 0.166416
0.857143 1.16456 1.21134 0.12414 0.153867
0.882353 1.16456 1.23828 0.126229 0.140184
0.907563 1.16456 1.18794 0.127312 0.124259
0.932773 1.16456 1.21165 0.127124 0.108638
0.957983 1.16456 1.17187 0.126396 0.0904669
0.983193 1.16456 1.17454 0.123083 0.0737845
1.0084 1.16456 1.15305 0.118842 0.0566714
1.03361 1.16456 1.14215 0.112422 0.0420508
1.05882 1.16456 1.13316 0.105456 0.0298954
1.08403 1.16456 1.12613 0.0985101 0.0201779
1.10924 1.16456 1.12083 0.0919837 0.0125951
1.13445 1.16456 1.11676 0.0860835 0.00676555
1.15966 1.16456 1.11356 0.0808709 0.00232837
1.18487 1.16456 1.11096 0.0763278 -0.00102622
1.21008 1.16456 1.10876 0.0723962 -0.00354891
1.23529 1.16456 1.1068 0.0690015 -0.00543566
1.2605 1.16456 1.10498 0.0660671 -0.00683675
1.28571 1.16456 1.10324 0.0635212 -0.00786635
1.31092 1.16456 1.10152 0.0612999 -0.008611
1.33613 1.16456 1.09979 0.0593482 -0.00913636
1.36134 1.16456 1.09805 0.0576195 -0.00949251
1.38655 1.16456 1.09626 0.0560746 -0.00971791
1.41176 1.16456 1.09443 0.0546811 -0.00984237
1.43697 1.16456 1.09255 0.0534122 -0.00988917
1.46218 1.16456 1.09063 0.0522455 -0.00987667
1.48739 1.16456 1.08866 0.0511629 -0.0098195
1.51261 1.16456 1.08664 0.0501493 -0.00972939
1.53782 1.16456 1.08458 0.0491923 -0.0096159
1.56303 1.16456 1.08247 0.048282 -0.00948687
1.58824 1.16456 1.08033 0.0474103 -0.00934889
1.61345 1.16456 1.07815 0.0465712 -0.00920762
1.63866 1.16456 1.07594 0.0457598 -0.00906812
1.66387 1.16456 1.0737 0.0449731 -0.00893514
1.68908 1.16456 1.07143 0.044209 -0.00881345
1.71429 1.16456 1.06913 0.0434671 -0.0087082
1.7395 1.16456 1.0668 0.042748 -0.00862531
1.76471 1.16456 1.06445 0.0420536 -0.00857195
1.78992 1.16456 1.06206 0.0413866 -0.00855715
1.81513 1.16456 1.05965 0.0407506 -0.00859246
1.84034 1.16456 1.05719 0.040149 -0.00869271
1.86555 1.16456 1.05469 0.0395841 -0.00887662
1.89076 1.16456 1.05213 0.0390547 -0.00916687
1.91597 1.16456 1.04949 0.0385533 -0.00958896
1.94118 1.16456 1.04677 0.0380613 -0.0101666
1.96639 1.16456 1.04392 0.0375415 -0.0109141
1.9916 1.16456 1.04101 0.0369446 -0.0118106
2.01681 1.16456 1.03786 0.036194 -0.0128077
2.04202 1.16456 1.03502 0.0352614 -0.0137301
2.06723 1.16456 1.03243 0.0341917 -0.0144925
2.09244 1.16456 1.03015 0.0330305 -0.0150456
2.11765 1.16456 1.02815 0.0318218 -0.0153827
2.14286 1.16456 1.02639 0.0305972 -0.0155194
2.16807 1.16456 1.02483 0.0293775 -0.0154825
2.19328 1.16456 1.02342 0.028175 -0.0153018
2.21849 1.16456 1.02215 0.0269958 -0.0150058
2.2437 1.16456 1.02099 0.0258427 -0.0146197
2.26891 1.16456 1.01992 0.0247159 -0.0141655
2.29412 1.16456 1.01892 0.023615 -0.0136614
2.31933 1.16456 1.01799 0.0225388 -0.0131223
2.34454 1.16456 1.01712 0.021486 -0.0125605
2.36975 1.16456 1.0163 0.0204555 -0.0119861
2.39496 1.16456 1.01553 0.019446 -0.011407
2.42017 1.16456 1.0148 0.0184565 -0.0108296
2.44538 1.16456 1.01411 0.0174864 -0.0102589
2.47059 1.16456 1.01346 0.0165347 -0.00969882
2.4958 1.16456 1.01284 0.0156008 -0.00915229
2.52101 1.16456 1.01227 0.0146842 -0.00862138
2.54622 1.16456 1.01172 0.0137843 -0.00810747
2.57143 1.16456 1.01122 0.0129007 -0.0076113
2.59664 1.16456 1.01074 0.0120329 -0.00713306
2.62185 1.16456 1.0103 0.0111803 -0.0066724
2.64706 1.16456 1.00989 0.0103426 -0.00622851
2.67227 1.16456 1.00952 0.00951937 -0.00580007
2.69748 1.16456 1.00917 0.00871011 -0.00538533
2.72269 1.16456 1.00886 0.00791445 -0.00498203
2.7479 1.16456 1.00858 0.00713201 -0.0045874
2.77311 1.16456 1.00834 0.00636244 -0.00419812
2.79832 1.16456 1.00812 0.00560546 -0.00381025
2.82353 1.16456 1.00794 0.00486084 -0.00341915
2.84874 1.16456 1.00779 0.00412847 -0.00301939
2.87395 1.16456 1.00767 0.0034083 -0.00260463
2.89916 1.16456 1.00759 0.00270044 -0.00216749
2.92437 1.16456 1.00754 0.00200514 -0.00169935
2.94958 1.16456 1.00752 0.00132283 -0.00119017
2.97479 1.16456 1.00753 0.000654142 -0.00062826
3 1.16456 1.00758 0 0

0 1.18987 1.22813 0 0
0.0252101 1.18987 1.22413 -0.000785512 0.0142433
0.0504202 1.18987 1.23324 -0.000818747 0.0311445
0.0756303 1.18987 1.23534 0.000536465 0.0486107
0.10084 1.18987 1.24353 0.00296372 0.0667996
0.12605 1.18987 1.2507 0.00672753 0.0844525
0.151261 1.18987 1.25645 0.0113148 0.101331
0.176471 1.18987 1.26309 0.0164836 0.11709
0.201681 1.18987 1.26766 0.0219958 0.131637
0.226891 1.18987 1.27193 0.0275724 0.144937
0.252101 1.18987 1.27545 0.0331059 0.157014
0.277311 1.18987 1.27858 0.0385168 0.167899
0.302521 1.18987 1.28134 0.0437878 0.177626
0.327731 1.18987 1.28367 0.0489167 0.186236
0.352941 1.18987 1.28544 0.0538978 0.19378
0.378151 1.18987 1.28659 0.0587181 0.200315
0.403361 1.18987 1.28714 0.0633641 0.205901
0.428571 1.18987 1.28716 0.0678315 0.210584
0.453782 1.18987 1.28674 0.0721286 0.2144
0.478992 1.18987 1.28595 0.076274 0.217367
0.504202 1.18987 1.28483 0.0802911 0.219492
0.529412 1.18987 1.28338 0.0842037 0.220774
0.554622 1.18987 1.28159 0.0880326 0.221207
0.579832 1.18987 1.27944 0.091795 0.220775
0.605042 1.18987 1.2769 0.0955039 0.219462
0.630252 1.18987 1.27396 0.0991688 0.217245
0.655462 1.18987 1.27058 0.102794 0.214096
0.680672 1.18987 1.26682 0.106387 0.209978
0.705882 1.18987 1.26225 0.109919 0.204865
0.731092 1.18987 1.25833 0.113458 0.198669
0.756303 1.18987 1.25041 0.11677 0.191446
0.781513 1.18987 1.25034 0.120284 0.182938
0.806723 1.18987 1.23206 0.123112 0.1734
0.831933 1.18987 1.24369 0.12637 0.162516
0.857143 1.18987 1.20932 0.128599 0.150234
0.882353 1.18987 1.23033 0.130692 0.137293
0.907563 1.18987 1.1914 0.132105 0.122192
0.932773 1.18987 1.20399 0.132061 0.107493
0.957983 1.18987 1.17696 0.131495 0.0909381
0.983193 1.18987 1.17372 0.128824 0.0754032
1.0084 1.18987 1.15875 0.125188 0.0598925
1.03361 1.18987 1.14855 0.119945 0.0460835
1.05882 1.18987 1.1401 0.113999 0.0341995
1.08403 1.18987 1.13311 0.107839 0.0243126
1.10924 1.18987 1.12747 0.101824 0.0162891
1.13445 1.18987 1.1229 0.096183 0.00988837
1.15966 1.18987 1.11911 0.0910322 0.00484509
1.18487 1.18987 1.11593 0.0864079 0.000907818
1.21008 1.18987 1.11317 0.0822992 -0.00214341
1.23529 1.18987 1.1107 0.0786684 -0.00449185
1.2605 1.18987 1.10844 0.0754656 -0.00628584
1.28571 1.18987 1.10631 0.0726374 -0.00764341
1.31092 1.18987 1.10425 0.070132 -0.00865763
1.33613 1.18987 1.10223 0.0679018 -0.00940163
1.36134 1.18987 1.10023 0.0659044 -0.00993286
1.38655 1.18987 1.09823 0.0641029 -0.0102966
1.41176 1.18987 1.09621 0.0624657 -0.0105286
1.43697 1.18987 1.09417 0.0609656 -0.0106574
1.46218 1.18987 1.0921 0.0595799 -0.0107059
1.48739 1.18987 1.09001 0.0582895 -0.0106924
1.51261 1.18987 1.08788 0.0570784 -0.0106321
1.53782 1.18987 1.08573 0.0559331 -0.010537
1.56303 1.18987 1.08355 0.0548427 -0.0104176
1.58824 1.18987 1.08134 0.0537984 -0.0102823
1.61345 1.18987 1.0791 0.0527928 -0.0101386
1.63866 1.18987 1.07684 0.0518206 -0.00999315
1.66387 1.18987 1.07455 0.0508776 -0.00985196
1.68908 1.18987 1.07224 0.049961 -0.00972101
1.71429 1.18987 1.0699 0.0490692 -0.00960646
1.7395 1.18987 1.06754 0.0482015 -0.00951503
1.76471 1.18987 1.06516 0.0473584 -0.00945443
1.78992 1.18987 1.06276 0.0465406 -0.00943376
1.81513 1.18987 1.06032 0.0457489 -0.00946394
1.84034 1.18987 1.05786 0.0449836 -0.00955803
1.86555 1.18987 1.05536 0.044243 -0.00973125
1.89076 1.18987 1.05281 0.0435218 -0.0100003
1.91597 1.18987 1.05021 0.0428087 -0.0103813
1.94118 1.18987 1.04755 0.0420841 -0.0108857
1.96639 1.18987 1.04482 0.0413173 -0.0115139
1.9916 1.18987 1.04206 0.040471 -0.012241
2.01681 1.18987 1.03922 0.0395017 -0.0130196
2.04202 1.18987 1.03654 0.0383938 -0.013746
2.06723 1.18987 1.03407 0.0371717 -0.0143522
2.09244 1.18987 1.03182 0.035869 -0.0147966
2.11765 1.18987 1.0298 0.0345202 -0.0150659
2.14286 1.18987 1.02798 0.0331535 -0.0151662
2.16807 1.18987 1.02633 0.0317897 -0.0151145
2.19328 1.18987 1.02484 0.0304424 -0.0149327
2.21849 1.18987 1.02348 0.0291198 -0.0146438
2.2437 1.18987 1.02222 0.0278265 -0.0142694
2.26891 1.18987 1.02106 0.0265644 -0.0138288
2.29412 1.18987 1.01998 0.0253339 -0.013339
2.31933 1.18987 1.01897 0.0241344 -0.0128141
2.34454 1.18987 1.01802 0.022965 -0.0122659
2.36975 1.18987 1.01714 0.0218244 -0.0117043
2.39496 1.18987 1.0163 0.0207115 -0.0111372
2.42017 1.18987 1.01551 0.019625 -0.0105711
2.44538 1.18987 1.01477 0.0185638 -0.010011
2.47059 1.18987 1.01407 0.0175268 -0.00946092
2.4958 1.18987 1.01341 0.0165129 -0.00892385
2.52101 1.18987 1.01279 0.0155212 -0.00840198
2.54622 1.18987 1.01222 0.0145508 -0.00789676
2.57143 1.18987 1.01167 0.013601 -0.00740901
2.59664 1.18987 1.01117 0.0126708 -0.00693901
2.62185 1.18987 1.0107 0.0117596 -0.00648648
2.64706 1.18987 1.01027 0.0108665 -0.00605068
2.67227 1.18987 1.00987 0.00999097 -0.0056304
2.69748 1.18987 1.00951 0.00913222 -0.00522397
2.72269 1.18987 1.00918 0.00828966 -0.00482921
2.7479 1.18987 1.00889 0.00746272 -0.00444348
2.77311 1.18987 1.00863 0.00665089 -0.00406357
2.79832 1.18987 1.00841 0.00585375 -0.00368567
2.82353 1.18987 1.00822 0.00507098 -0.00330531
2.84874 1.18987 1.00806 0.00430238 -0.00291722
2.87395 1.18987 1.00794 0.00354791 -0.00251526
2.89916 1.18987 1.00786 0.0028077 -0.00209225
2.92437 1.18987 1.00781 0.00208207 -0.00163982
2.94958 1.18987 1.0078 0.00137161 -0.00114821
2.97479 1.18987 1.00782 0.000677164 -0.000606026
3 1.18987 1.00789 0 0

0 1.21519 1.23393 0 0
0.0252101 1.21519 1.23288 -0.000814424 0.0138888
0.0504202 1.21519 1.23769 -0.00104966 0.0295868
0.0756303 1.21519 1.24065 -0.000250542 0.0459542
0.10084 1.21519 1.24569 0.00150274 0.0629075
0.12605 1.21519 1.25202 0.00439375 0.0796115
0.151261 1.21519 1.25644 0.0081611 0.0957437
0.176471 1.21519 1.2623 0.0126014 0.110997
0.201681 1.21519 1.26619 0.0175413 0.125217
0.226891 1.21519 1.26994 0.0227101 0.138338
0.252101 1.21519 1.27293 0.0279878 0.150351
0.277311 1.21519 1.27558 0.0332675 0.161257
0.302521 1.21519 1.27797 0.0385112 0.171068
0.327731 1.21519 1.28006 0.0437041 0.179798
0.352941 1.21519 1.28174 0.048835 0.187476
0.378151 1.21519 1.2829 0.053886 0.194142
0.403361 1.21519 1.28349 0.0588357 0.199841
0.428571 1.21519 1.28355 0.0636674 0.20462
0.453782 1.21519 1.28314 0.0683749 0.208514
0.478992 1.21519 1.28233 0.072964 0.211547
0.504202 1.21519 1.28116 0.0774481 0.213728
0.529412 1.21519 1.27966 0.0818441 0.21506
0.554622 1.21519 1.27781 0.0861683 0.215536
0.579832 1.21519 1.27561 0.0904341 0.215145
0.605042 1.21519 1.27304 0.0946513 0.213871
0.630252 1.21519 1.27007 0.0988263 0.211693
0.655462 1.21519 1.26665 0.102957 0.208589
0.680672 1.21519 1.26295 0.107052 0.204523
0.705882 1.21519 1.25819 0.111058 0.199481
0.731092 1.21519 1.25476 0.115074 0.193374
0.756303 1.21519 1.24602 0.118794 0.186278
0.781513 1.21519 1.24717 0.122698 0.177977
0.806723 1.21519 1.22835 0.125903 0.168627
0.831933 1.21519 1.23918 0.129329 0.158203
0.857143 1.21519 1.20927 0.131935 0.146303
0.882353 1.21519 1.2235 0.134058 0.134037
0.907563 1.21519 1.19465 0.135679 0.119863
0.932773 1.21519 1.19923 0.135869 0.106
0.957983 1.21519 1.18052 0.135473 0.0908684
0.983193 1.21519 1.17442 0.13339 0.0763953
1.0084 1.21519 1.16301 0.130335 0.0621705
1.03361 1.21519 1.15373 0.126026 0.0491767
1.05882 1.21519 1.1458 0.12098 0.0377034
1.08403 1.21519 1.13898 0.115584 0.0278694
1.10924 1.21519 1.13322 0.110143 0.0196389
1.13445 1.21519 1.12834 0.10488 0.0128725
1.15966 1.21519 1.12417 0.0999316 0.00738527
1.18487 1.21519 1.12056 0.0953694 0.00298333
1.21008 1.21519 1.11737 0.0912167 -0.000516599
1.23529 1.21519 1.11449 0.0874666 -0.00327702
1.2605 1.21519 1.11185 0.0840939 -0.00543649
1.28571 1.21519 1.10938 0.0810641 -0.00711032
1.31092 1.21519 1.10701 0.0783394 -0.00839302
1.33613 1.21519 1.10473 0.0758819 -0.00936135
1.36134 1.21519 1.10249 0.0736559 -0.0100774
1.38655 1.21519 1.10027 0.0716285 -0.0105913
1.41176 1.21519 1.09807 0.0697708 -0.0109436
1.43697 1.21519 1.09586 0.0680572 -0.0111673
1.46218 1.21519 1.09366 0.0664656 -0.0112891
1.48739 1.21519 1.09144 0.064977 -0.011331
1.51261 1.21519 1.0892 0.0635751 -0.011311
1.53782 1.21519 1.08695 0.0622462 -0.0112441
1.56303 1.21519 1.08469 0.0609789 -0.0111427
1.58824 1.21519 1.0824 0.0597635 -0.0110177
1.61345 1.21519 1.0801 0.0585924 -0.010878
1.63866 1.21519 1.07778 0.0574592 -0.0107319
1.66387 1.21519 1.07544 0.0563591 -0.0105868
1.68908 1.21519 1.07309 0.0552884 -0.0104497
1.71429 1.21519 1.07072 0.0542445 -0.0103276
1.7395 1.21519 1.06833 0.0532255 -0.0102279
1.76471 1.21519 1.06592 0.0522303 -0.0101586
1.78992 1.21519 1.0635 0.051258 -0.0101284
1.81513 1.21519 1.06105 0.0503072 -0.0101472
1.84034 1.21519 1.05858 0.0493758 -0.0102263
1.86555 1.21519 1.05608 0.0484594 -0.0103772
1.89076 1.21519 1.05355 0.0475506 -0.0106117
1.91597 1.21519 1.05098 0.0466371 -0.0109391
1.94118 1.21519 1.04838 0.0457009 -0.0113632
1.96639 1.21519 1.04574 0.0447178 -0.0118773
1.9916 1.21519 1.04309 0.0436609 -0.0124575
2.01681 1.21519 1.04044 0.0425045 -0.0130634
2.04202 1.21519 1.0379 0.04124 -0.0136286
2.06723 1.21519 1.03551 0.0398821 -0.0141015
2.09244 1.21519 1.03329 0.0384551 -0.0144477
2.11765 1.21519 1.03126 0.036986 -0.0146522
2.14286 1.21519 1.0294 0.0354992 -0.0147152
2.16807 1.21519 1.0277 0.0340136 -0.0146471
2.19328 1.21519 1.02614 0.0325435 -0.0144634
2.21849 1.21519 1.0247 0.031098 -0.014182
2.2437 1.21519 1.02337 0.0296831 -0.013821
2.26891 1.21519 1.02213 0.028302 -0.0133971
2.29412 1.21519 1.02097 0.0269561 -0.0129254
2.31933 1.21519 1.01989 0.0256457 -0.0124191
2.34454 1.21519 1.01888 0.0243701 -0.0118893
2.36975 1.21519 1.01793 0.0231287 -0.0113455
2.39496 1.21519 1.01704 0.0219201 -0.0107954
2.42017 1.21519 1.0162 0.0207431 -0.0102453
2.44538 1.21519 1.0154 0.0195965 -0.00970043
2.47059 1.21519 1.01466 0.0184789 -0.00916474
2.4958 1.21519 1.01396 0.0173892 -0.00864129
2.52101 1.21519 1.0133 0.0163262 -0.00813235
2.54622 1.21519 1.01269 0.0152886 -0.00763945
2.57143 1.21519 1.01211 0.0142755 -0.00716352
2.59664 1.21519 1.01158 0.0132856 -0.0067049
2.62185 1.21519 1.01109 0.012318 -0.00626342
2.64706 1.21519 1.01063 0.0113718 -0.00583845
2.67227 1.21519 1.01021 0.0104458 -0.00542886
2.69748 1.21519 1.00983 0.00953941 -0.0050331
2.72269 1.21519 1.00949 0.00865163 -0.00464914
2.7479 1.21519 1.00918 0.00778175 -0.00427444
2.77311 1.21519 1.00891 0.00692913 -0.00390597
2.79832 1.21519 1.00868 0.00609322 -0.00354008
2.82353 1.21519 1.00848 0.0052736 -0.00317249
2.84874 1.21519 1.00832 0.00447003 -0.00279815
2.87395 1.21519 1.0082 0.00368243 -0.00241116
2.89916 1.21519 1.00812 0.00291098 -0.00200462
2.92437 1.21519 1.00808 0.00215609 -0.00157046
2.94958 1.21519 1.00807 0.0014185 -0.00109927
2.97479 1.21519 1.0081 0.000699266 -0.000580061
3 1.21519 1.00818 0 0

0 1.24051 1.23847 0 0
0.0252101 1.24051 1.23882 -0.000874606 0.0135426
0.0504202 1.24051 1.24169 -0.0012553 0.0283239
0.0756303 1.24051 1.24467 -0.000813391 0.0437488
0.10084 1.24051 1.24795 0.000460169 0.0596241
0.12605 1.24051 1.25323 0.00270491 0.0754193
0.151261 1.24051 1.25672 0.0058032 0.0907776
0.176471 1.24051 1.2618 0.0096109 0.105443
0.201681 1.24051 1.26519 0.0140125 0.119219
0.226891 1.24051 1.26851 0.0187696 0.132029
0.252101 1.24051 1.27107 0.0237602 0.143837
0.277311 1.24051 1.27329 0.028861 0.154629
0.302521 1.24051 1.27527 0.034016 0.1644
0.327731 1.24051 1.27704 0.0391985 0.173147
0.352941 1.24051 1.27854 0.0443933 0.180877
0.378151 1.24051 1.27963 0.0495821 0.18761
0.403361 1.24051 1.28023 0.0547407 0.193376
0.428571 1.24051 1.28032 0.0598447 0.198214
0.453782 1.24051 1.27992 0.0648767 0.202156
0.478992 1.24051 1.2791 0.0698297 0.205227
0.504202 1.24051 1.27791 0.0747059 0.207442
0.529412 1.24051 1.27636 0.0795135 0.208805
0.554622 1.24051 1.27448 0.0842619 0.209311
0.579832 1.24051 1.27225 0.08896 0.208952
0.605042 1.24051 1.26964 0.0936127 0.207715
0.630252 1.24051 1.26668 0.0982227 0.205579
0.655462 1.24051 1.26323 0.102781 0.202528
0.680672 1.24051 1.25964 0.107297 0.198529
0.705882 1.24051 1.25467 0.111693 0.193579
0.731092 1.24051 1.25177 0.116094 0.187596
0.756303 1.24051 1.24245 0.12015 0.180651
0.781513 1.24051 1.24426 0.124335 0.172613
0.806723 1.24051 1.22614 0.127865 0.163498
0.831933 1.24051 1.23478 0.131393 0.15355
0.857143 1.24051 1.21022 0.134283 0.142137
0.882353 1.24051 1.21821 0.13649 0.130491
0.907563 1.24051 1.19725 0.13825 0.117266
0.932773 1.24051 1.19665 0.138714 0.104199
0.957983 1.24051 1.18309 0.138517 0.0903025
0.983193 1.24051 1.17588 0.136957 0.0768206
1.0084 1.24051 1.16646 0.134452 0.0636736
1.03361 1.24051 1.15804 0.130914 0.0514646
1.05882 1.24051 1.1506 0.126655 0.0404734
1.08403 1.24051 1.144 0.121971 0.0308359
1.10924 1.24051 1.13823 0.117115 0.0225709
1.13445 1.24051 1.1332 0.112288 0.0156075
1.15966 1.24051 1.12877 0.107631 0.00982371
1.18487 1.24051 1.12485 0.103233 0.00507577
1.21008 1.24051 1.12133 0.0991394 0.00121678
1.23529 1.24051 1.11813 0.0953673 -0.00189167
1.2605 1.24051 1.11517 0.091912 -0.0043737
1.28571 1.24051 1.1124 0.0887564 -0.00633713
1.31092 1.24051 1.10977 0.0858764 -0.00787367
1.33613 1.24051 1.10723 0.0832448 -0.0090603
1.36134 1.24051 1.10477 0.0808335 -0.00996105
1.38655 1.24051 1.10235 0.0786156 -0.010629
1.41176 1.24051 1.09997 0.0765658 -0.0111079
1.43697 1.24051 1.09761 0.0746613 -0.011434
1.46218 1.24051 1.09526 0.0728817 -0.0116375
1.48739 1.24051 1.09292 0.0712089 -0.011743
1.51261 1.24051 1.09058 0.0696274 -0.0117716
1.53782 1.24051 1.08823 0.0681235 -0.0117405
1.56303 1.24051 1.08588 0.0666859 -0.0116644
1.58824 1.24051 1.08352 0.0653047 -0.011556
1.61345 1.24051 1.08115 0.0639718 -0.011426
1.63866 1.24051 1.07877 0.0626804 -0.0112841
1.66387 1.24051 1.07638 0.0614251 -0.0111389
1.68908 1.24051 1.07398 0.0602015 -0.0109985
1.71429 1.24051 1.07157 0.0590061 -0.0108706
1.7395 1.24051 1.06915 0.057836 -0.010763
1.76471 1.24051 1.06671 0.0566889 -0.0106837
1.78992 1.24051 1.06426 0.0555623 -0.0106411
1.81513 1.24051 1.0618 0.0544533 -0.0106441
1.84034 1.24051 1.05932 0.0533582 -0.0107018
1.86555 1.24051 1.05683 0.0522711 -0.0108231
1.89076 1.24051 1.05431 0.0511837 -0.0110156
1.91597 1.24051 1.05178 0.0500844 -0.0112842
1.94118 1.24051 1.04922 0.0489575 -0.011628
1.96639 1.24051 1.04666 0.0477845 -0.0120376
1.9916 1.24051 1.0441 0.0465464 -0.0124918
2.01681 1.24051 1.04156 0.0452273 -0.0129578
2.04202 1.24051 1.03912 0.0438227 -0.0133902
2.06723 1.24051 1.03679 0.0423424 -0.01375
2.09244 1.24051 1.03461 0.0408046 -0.0140095
2.11765 1.24051 1.03257 0.0392302 -0.0141542
2.14286 1.24051 1.03069 0.0376395 -0.0141811
2.16807 1.24051 1.02894 0.0360499 -0.0140959
2.19328 1.24051 1.02733 0.0344747 -0.0139095
2.21849 1.24051 1.02583 0.0329237 -0.0136355
2.2437 1.24051 1.02443 0.0314036 -0.0132885
2.26891 1.24051 1.02313 0.0299185 -0.0128828
2.29412 1.24051 1.02191 0.0284708 -0.0124317
2.31933 1.24051 1.02076 0.0270614 -0.011947
2.34454 1.24051 1.01969 0.0256904 -0.0114391
2.36975 1.24051 1.01868 0.0243573 -0.0109167
2.39496 1.24051 1.01774 0.0230612 -0.0103875
2.42017 1.24051 1.01685 0.021801 -0.00985746
2.44538 1.24051 1.01601 0.0205753 -0.00933168
2.47059 1.24051 1.01522 0.0193829 -0.00881413
2.4958 1.24051 1.01448 0.0182223 -0.00830792
2.52101 1.24051 1.01379 0.0170922 -0.00781536
2.54622 1.24051 1.01314 0.0159914 -0.00733804
2.57143 1.24051 1.01254 0.0149184 -0.00687699
2.59664 1.24051 1.01197 0.013872 -0.00643262
2.62185 1.24051 1.01145 0.0128509 -0.00600489
2.64706 1.24051 1.01097 0.0118541 -0.00559325
2.67227 1.24051 1.01054 0.0108802 -0.00519672
2.69748 1.24051 1.01014 0.00992834 -0.00481387
2.72269 1.24051 1.00978 0.00899742 -0.0044428
2.7479 1.24051 1.00946 0.00808656 -0.00408117
2.77311 1.24051 1.00918 0.00719498 -0.00372609
2.79832 1.24051 1.00894 0.00632201 -0.00337415
2.82353 1.24051 1.00874 0.00546716 -0.00302127
2.84874 1.24051 1.00857 0.00463013 -0.00266267
2.87395 1.24051 1.00845 0.00381086 -0.00229275
2.89916 1.24051 1.00837 0.00300954 -0.00190493
2.92437 1.24051 1.00833 0.00222668 -0.00149152
2.94958 1.24051 1.00833 0.00146317 -0.00104353
2.97479 1.24051 1.00837 0.0007203 -0.00055045
3 1.24051 1.00845 0 0

0 1.26582 1.24196 0 0
0.0252101 1.26582 1.24295 -0.000955812 0.013193
0.0504202 1.26582 1.24504 -0.00145313 0.0272463
0.0756303 1.26582 1.24773 -0.00125439 0.0418482
0.10084 1.26582 1.2501 -0.000323857 0.0567829
0.12605 1.26582 1.2543 0.00144524 0.0717174
0.151261 1.26582 1.25711 0.00400859 0.0863084
0.176471 1.26582 1.26142 0.00728051 0.100344
0.201681 1.26582 1.26443 0.0111922 0.113611
0.226891 1.26582 1.26741 0.0155529 0.126022
0.252101 1.26582 1.26966 0.0202474 0.137521
0.277311 1.26582 1.27153 0.0251462 0.148089
0.302521 1.26582 1.27313 0.0301781 0.157712
0.327731 1.26582 1.27456 0.0353039 0.166377
0.352941 1.26582 1.27581 0.0405034 0.174075
0.378151 1.26582 1.27676 0.0457588 0.180807
0.403361 1.26582 1.27731 0.0510471 0.186588
0.428571 1.26582 1.27741 0.0563416 0.191445
0.453782 1.26582 1.27705 0.0616174 0.195404
0.478992 1.26582 1.27624 0.0668574 0.198489
0.504202 1.26582 1.27504 0.0720528 0.200716
0.529412 1.26582 1.27348 0.0772017 0.202091
0.554622 1.26582 1.27157 0.0823059 0.202615
0.579832 1.26582 1.26931 0.0873677 0.202281
0.605042 1.26582 1.2667 0.0923866 0.201076
0.630252 1.26582 1.26374 0.097361 0.198987
0.655462 1.26582 1.26027 0.102273 0.195999
0.680672 1.26582 1.25683 0.107136 0.192083
0.705882 1.26582 1.25169 0.11185 0.187247
0.731092 1.26582 1.24926 0.116555 0.181421
0.756303 1.26582 1.23974 0.12089 0.174655
0.781513 1.26582 1.24151 0.125272 0.16692
0.806723 1.26582 1.22508 0.129074 0.158096
0.831933 1.26582 1.23083 0.132682 0.148614
0.857143 1.26582 1.21147 0.135779 0.137766
0.882353 1.26582 1.21448 0.13811 0.126707
0.907563 1.26582 1.19917 0.139984 0.114401
0.932773 1.26582 1.19556 0.140726 0.10211
0.957983 1.26582 1.1851 0.140757 0.0892894
0.983193 1.26582 1.17766 0.13966 0.0767323
1.0084 1.26582 1.16944 0.137669 0.064523
1.03361 1.26582 1.16173 0.134787 0.0530579
1.05882 1.26582 1.15472 0.131217 0.0425824
1.08403 1.26582 1.14836 0.127184 0.0332334
1.10924 1.26582 1.14266 0.122895 0.0250586
1.13445 1.26582 1.13755 0.118526 0.0180319
1.15966 1.26582 1.13296 0.114211 0.0120778
1.18487 1.26582 1.12882 0.110044 0.00709366
1.21008 1.26582 1.12506 0.106087 0.0029653
1.23529 1.26582 1.1216 0.10237 -0.000421443
1.2605 1.26582 1.11838 0.0989051 -0.00317419
1.28571 1.26582 1.11535 0.0956907 -0.0053904
1.31092 1.26582 1.11248 0.092715 -0.007156
1.33613 1.26582 1.10972 0.0899608 -0.00854543
1.36134 1.26582 1.10705 0.0874083 -0.00962233
1.38655 1.26582 1.10445 0.0850369 -0.0104407
1.41176 1.26582 1.10191 0.082826 -0.0110463
1.43697 1.26582 1.09939 0.0807564 -0.0114774
1.46218 1.26582 1.09691 0.07881 -0.0117665
1.48739 1.26582 1.09444 0.0769706 -0.0119408
1.51261 1.26582 1.09199 0.0752239 -0.0120233
1.53782 1.26582 1.08954 0.073557 -0.0120336
1.56303 1.26582 1.0871 0.0719588 -0.0119883
1.58824 1.26582 1.08466 0.0704198 -0.0119017
1.61345 1.26582 1.08222 0.0689317 -0.0117861
1.63866 1.26582 1.07978 0.0674877 -0.0116524
1.66387 1.26582 1.07734 0.0660818 -0.0115105
1.68908 1.26582 1.0749 0.0647091 -0.0113693
1.71429 1.26582 1.07244 0.0633655 -0.0112372
1.7395 1.26582 1.06999 0.0620473 -0.0111222
1.76471 1.26582 1.06752 0.0607513 -0.0110324
1.78992 1.26582 1.06506 0.0594738 -0.0109757
1.81513 1.26582 1.06258 0.058211 -0.0109599
1.84034 1.26582 1.06009 0.0569581 -0.0109926
1.86555 1.26582 1.0576 0.0557087 -0.0110802
1.89076 1.26582 1.05509 0.0544545 -0.0112279
1.91597 1.26582 1.05258 0.0531848 -0.0114372
1.94118 1.26582 1.05006 0.0518868 -0.011705
1.96639 1.26582 1.04755 0.0505464 -0.0120214
1.9916 1.26582 1.04506 0.0491502 -0.0123681
2.01681 1.26582 1.0426 0.0476882 -0.012719
2.04202 1.26582 1.04022 0.0461583 -0.0130416
2.06723 1.26582 1.03794 0.0445678 -0.0133062
2.09244 1.26582 1.03578 0.0429302 -0.0134905
2.11765 1.26582 1.03375 0.0412623 -0.0135816
2.14286 1.26582 1.03185 0.0395808 -0.0135749
2.16807 1.26582 1.03007 0.037901 -0.0134732
2.19328 1.26582 1.02841 0.0362353 -0.0132837
2.21849 1.26582 1.02686 0.0345934 -0.0130167
2.2437 1.26582 1.02541 0.0329823 -0.012684
2.26891 1.26582 1.02405 0.0314067 -0.0122973
2.29412 1.26582 1.02277 0.0298698 -0.0118682
2.31933 1.26582 1.02158 0.028373 -0.0114071
2.34454 1.26582 1.02045 0.026917 -0.0109235
2.36975 1.26582 1.01939 0.0255017 -0.0104255
2.39496 1.26582 1.0184 0.0241265 -0.00992009
2.42017 1.26582 1.01746 0.0227905 -0.00941322
2.44538 1.26582 1.01658 0.0214925 -0.0089097
2.47059 1.26582 1.01575 0.0202311 -0.00841347
2.4958 1.26582 1.01497 0.0190051 -0.00792758
2.52101 1.26582 1.01425 0.0178129 -0.00745437
2.54622 1.26582 1.01357 0.0166531 -0.00699549
2.57143 1.26582 1.01293 0.0155243 -0.00655203
2.59664 1.26582 1.01235 0.014425 -0.00612449
2.62185 1.26582 1.0118 0.0133538 -0.00571293
2.64706 1.26582 1.0113 0.0123094 -0.00531693
2.67227 1.26582 1.01084 0.0112905 -0.00493562
2.69748 1.26582 1.01043 0.0102958 -0.00456772
2.72269 1.26582 1.01005 0.00932423 -0.0042115
2.7479 1.26582 1.00972 0.00837469 -0.00386481
2.77311 1.26582 1.00943 0.0074463 -0.00352496
2.79832 1.26582 1.00918 0.0065383 -0.00318876
2.82353 1.26582 1.00897 0.00565014 -0.00285242
2.84874 1.26582 1.00881 0.00478147 -0.00251146
2.87395 1.26582 1.00868 0.00393223 -0.00216059
2.89916 1.26582 1.0086 0.00310264 -0.00179363
2.92437 1.26582 1.00856 0.00229332 -0.00140335
2.94958 1.26582 1.00857 0.00150532 -0.000981224
2.97479 1.26582 1.00861 0.000740121 -0.000517319
3 1.26582 1.00871 0 0

0 1.29114 1.2446 0 0
0.0252101 1.29114 1.24588 -0.00104716 0.0128392
0.0504202 1.29114 1.24769 -0.00164805 0.0262833
0.0756303 1.29114 1.25004 -0.00162929 0.0401558
0.10084 1.29114 1.25197 -0.000950693 0.0542609
0.12605 1.29114 1.25523 0.00046617 0.0683844
0.151261 1.29114 1.25755 0.0026087 0.0822287
0.176471 1.29114 1.26109 0.00543542 0.0956181
0.201681 1.29114 1.26378 0.00891206 0.108339
0.226891 1.29114 1.26648 0.0129005 0.120294
0.252101 1.29114 1.26853 0.0173007 0.131417
0.277311 1.29114 1.27015 0.0219872 0.14168
0.302521 1.29114 1.27146 0.0268776 0.151067
0.327731 1.29114 1.27257 0.0319197 0.159561
0.352941 1.29114 1.27352 0.0370857 0.167145
0.378151 1.29114 1.27428 0.0423572 0.173809
0.403361 1.29114 1.27474 0.0477136 0.179552
0.428571 1.29114 1.27482 0.0531292 0.184386
0.453782 1.29114 1.27447 0.0585767 0.18833
0.478992 1.29114 1.27369 0.0640318 0.191404
0.504202 1.29114 1.27251 0.0694766 0.193623
0.529412 1.29114 1.27095 0.0748997 0.194996
0.554622 1.29114 1.26904 0.0802942 0.195526
0.579832 1.29114 1.26678 0.085655 0.195209
0.605042 1.29114 1.26417 0.090975 0.194037
0.630252 1.29114 1.26125 0.0962488 0.191998
0.655462 1.29114 1.25776 0.101449 0.189083
0.680672 1.29114 1.25448 0.106593 0.185268
0.705882 1.29114 1.24923 0.111562 0.180563
0.731092 1.29114 1.2471 0.116501 0.174925
0.756303 1.29114 1.2378 0.121067 0.168366
0.781513 1.29114 1.23896 0.125589 0.160956
0.806723 1.29114 1.22475 0.129609 0.152476
0.831933 1.29114 1.22757 0.133298 0.143449
0.857143 1.29114 1.21263 0.136544 0.133208
0.882353 1.29114 1.21209 0.139022 0.122723
0.907563 1.29114 1.20059 0.141008 0.111279
0.932773 1.29114 1.19542 0.142014 0.0997453
0.957983 1.29114 1.18679 0.142291 0.0878761
0.983193 1.29114 1.17955 0.141606 0.0761804
1.0084 1.29114 1.1721 0.140088 0.0648103
1.03361 1.29114 1.16497 0.137776 0.0540477
1.05882 1.29114 1.15834 0.134813 0.0441005
1.08403 1.29114 1.15221 0.131372 0.0350984
1.10924 1.29114 1.14659 0.12762 0.027103
1.13445 1.29114 1.14147 0.123707 0.0201164
1.15966 1.29114 1.13679 0.119757 0.0140966
1.18487 1.29114 1.1325 0.115865 0.00897306
1.21008 1.29114 1.12854 0.112096 0.0046596
1.23529 1.29114 1.12487 0.108492 0.00106439
1.2605 1.29114 1.12144 0.105077 -0.0019035
1.28571 1.29114 1.1182 0.101861 -0.00432981
1.31092 1.29114 1.11512 0.098842 -0.00629287
1.33613 1.29114 1.11217 0.0960128 -0.00786257
1.36134 1.29114 1.10932 0.0933613 -0.00910036
1.38655 1.29114 1.10655 0.0908732 -0.0100596
1.41176 1.29114 1.10384 0.0885331 -0.0107865
1.43697 1.29114 1.10119 0.0863255 -0.0113204
1.46218 1.29114 1.09857 0.0842357 -0.0116952
1.48739 1.29114 1.09598 0.0822497 -0.0119398
1.51261 1.29114 1.09342 0.0803546 -0.0120791
1.53782 1.29114 1.09088 0.078539 -0.0121341
1.56303 1.29114 1.08835 0.0767926 -0.0121232
1.58824 1.29114 1.08583 0.0751063 -0.0120621
1.61345 1.29114 1.08333 0.0734721 -0.0119644
1.63866 1.29114 1.08082 0.0718832 -0.0118423
1.66387 1.29114 1.07833 0.0703336 -0.0117065
1.68908 1.29114 1.07583 0.068818 -0.0115667
1.71429 1.29114 1.07334 0.067332 -0.0114319
1.7395 1.29114 1.07084 0.0658713 -0.0113104
1.76471 1.29114 1.06835 0.0644318 -0.0112102
1.78992 1.29114 1.06586 0.0630096 -0.0111386
1.81513 1.29114 1.06336 0.0616 -0.0111027
1.84034 1.29114 1.06087 0.0601978 -0.0111088
1.86555 1.29114 1.05837 0.0587964 -0.0111617
1.89076 1.29114 1.05587 0.0573882 -0.0112645
1.91597 1.29114 1.05338 0.0559637 -0.0114172
1.94118 1.29114 1.05089 0.0545127 -0.0116156
1.96639 1.29114 1.04842 0.0530243 -0.0118503
1.9916 1.29114 1.04597 0.0514891 -0.0121057
2.01681 1.29114 1.04357 0.0499009 -0.0123614
2.04202 1.29114 1.04123 0.0482589 -0.0125929
2.06723 1.29114 1.03899 0.046569 -0.0127777
2.09244 1.29114 1.03685 0.0448416 -0.0128979
2.11765 1.29114 1.03481 0.0430902 -0.0129421
2.14286 1.29114 1.0329 0.0413287 -0.0129054
2.16807 1.29114 1.03109 0.0395703 -0.0127886
2.19328 1.29114 1.0294 0.0378263 -0.0125964
2.21849 1.29114 1.02781 0.0361059 -0.0123364
2.2437 1.29114 1.02631 0.0344161 -0.0120179
2.26891 1.29114 1.0249 0.0327621 -0.0116507
2.29412 1.29114 1.02358 0.0311473 -0.0112445
2.31933 1.29114 1.02233 0.0295739 -0.0108083
2.34454 1.29114 1.02116 0.0280429 -0.0103507
2.36975 1.29114 1.02005 0.0265546 -0.00987901
2.39496 1.29114 1.01901 0.0251087 -0.00939977
2.42017 1.29114 1.01803 0.0237046 -0.00891849
2.44538 1.29114 1.01711 0.0223412 -0.00843979
2.47059 1.29114 1.01625 0.0210173 -0.00796744
2.4958 1.29114 1.01544 0.0197316 -0.00750445
2.52101 1.29114 1.01468 0.0184825 -0.00705312
2.54622 1.29114 1.01397 0.0172686 -0.00661514
2.57143 1.29114 1.01331 0.0160883 -0.00619163
2.59664 1.29114 1.0127 0.0149402 -0.00578318
2.62185 1.29114 1.01213 0.0138226 -0.00538995
2.64706 1.29114 1.01161 0.0127342 -0.00501162
2.67227 1.29114 1.01113 0.0116733 -0.00464748
2.69748 1.29114 1.0107 0.0106388 -0.00429638
2.72269 1.29114 1.01031 0.00962938 -0.0039568
2.7479 1.29114 1.00997 0.00864379 -0.00362675
2.77311 1.29114 1.00967 0.00768106 -0.0033038
2.79832 1.29114 1.00941 0.00674037 -0.00298503
2.82353 1.29114 1.00919 0.00582109 -0.00266692
2.84874 1.29114 1.00902 0.00492285 -0.00234533
2.87395 1.29114 1.0089 0.00404559 -0.00201538
2.89916 1.29114 1.00882 0.00318958 -0.00167131
2.92437 1.29114 1.00878 0.00235552 -0.00130638
2.94958 1.29114 1.00879 0.00154463 -0.000912651
2.97479 1.29114 1.00884 0.000758589 -0.000480823
3 1.29114 1.00895 0 0

0 1.31646 1.24657 0 0
0.0252101 1.31646 1.24796 -0.0011409 0.0124802
0.0504202 1.31646 1.24968 -0.00184001 0.0253874
0.0756303 1.31646 1.25175 -0.00196783 0.0386035
0.10084 1.31646 1.25348 -0.00148439 0.0519661
0.12605 1.31646 1.25602 -0.000334315 0.0653283
0.151261 1.31646 1.25796 0.00147977 0.0784514
0.176471 1.31646 1.26081 0.00394243 0.0911894
0.201681 1.31646 1.26318 0.00704148 0.103344
0.226891 1.31646 1.26561 0.0106872 0.114812
0.252101 1.31646 1.26752 0.0148005 0.125515
0.277311 1.31646 1.26901 0.0192695 0.135418
0.302521 1.31646 1.27011 0.0240068 0.144502
0.327731 1.31646 1.27097 0.0289488 0.152753
0.352941 1.31646 1.27166 0.0340581 0.160152
0.378151 1.31646 1.27219 0.0393121 0.166682
0.403361 1.31646 1.2725 0.0446915 0.172333
0.428571 1.31646 1.27252 0.0501733 0.177102
0.453782 1.31646 1.27217 0.0557307 0.180999
0.478992 1.31646 1.27142 0.0613364 0.184038
0.504202 1.31646 1.27027 0.066966 0.186231
0.529412 1.31646 1.26875 0.0725999 0.187589
0.554622 1.31646 1.26686 0.0782228 0.188116
0.579832 1.31646 1.26462 0.0838222 0.187812
0.605042 1.31646 1.26202 0.0893836 0.186672
0.630252 1.31646 1.25915 0.0948974 0.184688
0.655462 1.31646 1.25566 0.100327 0.181855
0.680672 1.31646 1.25253 0.105693 0.178155
0.705882 1.31646 1.24726 0.110866 0.173598
0.731092 1.31646 1.24523 0.11598 0.168171
0.756303 1.31646 1.23651 0.120735 0.161848
0.781513 1.31646 1.2367 0.125359 0.154773
0.806723 1.31646 1.22481 0.129548 0.146682
0.831933 1.31646 1.22511 0.133323 0.138098
0.857143 1.31646 1.21358 0.136681 0.128475
0.882353 1.31646 1.21076 0.139312 0.118562
0.907563 1.31646 1.20169 0.141416 0.107917
0.932773 1.31646 1.19585 0.142666 0.0971196
0.957983 1.31646 1.18834 0.143196 0.0861047
0.983193 1.31646 1.18143 0.142882 0.0752111
1.0084 1.31646 1.17454 0.141796 0.0646077
1.03361 1.31646 1.16787 0.139987 0.0545098
1.05882 1.31646 1.16156 0.137562 0.0450918
1.08403 1.31646 1.15564 0.134655 0.036473
1.10924 1.31646 1.15013 0.131403 0.0287201
1.13445 1.31646 1.14502 0.127932 0.0218527
1.15966 1.31646 1.14029 0.124354 0.015852
1.18487 1.31646 1.13589 0.120759 0.0106719
1.21008 1.31646 1.1318 0.117213 0.00624934
1.23529 1.31646 1.12797 0.113764 0.00251195
1.2605 1.31646 1.12436 0.110445 -0.000615469
1.28571 1.31646 1.12094 0.107273 -0.00320676
1.31092 1.31646 1.11769 0.104256 -0.00533172
1.33613 1.31646 1.11456 0.101394 -0.00705452
1.36134 1.31646 1.11154 0.0986825 -0.00843304
1.38655 1.31646 1.10862 0.0961127 -0.00951877
1.41176 1.31646 1.10576 0.0936745 -0.010357
1.43697 1.31646 1.10297 0.0913566 -0.0109875
1.46218 1.31646 1.10023 0.0891475 -0.0114446
1.48739 1.31646 1.09753 0.0870359 -0.0117582
1.51261 1.31646 1.09487 0.0850111 -0.0119542
1.53782 1.31646 1.09223 0.0830629 -0.0120552
1.56303 1.31646 1.08961 0.0811824 -0.0120805
1.58824 1.31646 1.08702 0.0793612 -0.0120471
1.61345 1.31646 1.08444 0.077592 -0.0119698
1.63866 1.31646 1.08187 0.0758681 -0.0118616
1.66387 1.31646 1.07932 0.0741837 -0.0117341
1.68908 1.31646 1.07677 0.0725336 -0.0115976
1.71429 1.31646 1.07424 0.0709129 -0.0114616
1.7395 1.31646 1.07171 0.0693173 -0.0113346
1.76471 1.31646 1.06918 0.0677422 -0.0112245
1.78992 1.31646 1.06667 0.0661834 -0.0111383
1.81513 1.31646 1.06415 0.0646359 -0.0110824
1.84034 1.31646 1.06164 0.0630944 -0.011062
1.86555 1.31646 1.05914 0.0615527 -0.0110811
1.89076 1.31646 1.05665 0.0600038 -0.0111414
1.91597 1.31646 1.05416 0.0584397 -0.0112419
1.94118 1.31646 1.05169 0.056852 -0.0113784
1.96639 1.31646 1.04924 0.0552327 -0.0115422
1.9916 1.31646 1.04683 0.053575 -0.0117207
2.01681 1.31646 1.04446 0.0518751 -0.0118973
2.04202 1.31646 1.04216 0.0501331 -0.0120536
2.06723 1.31646 1.03994 0.0483539 -0.012172
2.09244 1.31646 1.03781 0.0465459 -0.0122383
2.11765 1.31646 1.03578 0.0447199 -0.0122425
2.14286 1.31646 1.03385 0.0428877 -0.01218
2.16807 1.31646 1.03202 0.0410606 -0.0120503
2.19328 1.31646 1.0303 0.0392487 -0.0118563
2.21849 1.31646 1.02867 0.0374606 -0.0116037
2.2437 1.31646 1.02713 0.0357031 -0.0112997
2.26891 1.31646 1.02568 0.0339814 -0.0109521
2.29412 1.31646 1.02432 0.0322993 -0.0105692
2.31933 1.31646 1.02303 0.0306592 -0.0101588
2.34454 1.31646 1.02181 0.0290627 -0.00972835
2.36975 1.31646 1.02067 0.0275102 -0.00928446
2.39496 1.31646 1.01959 0.026002 -0.00883305
2.42017 1.31646 1.01857 0.0245374 -0.00837924
2.44538 1.31646 1.01761 0.0231157 -0.00792735
2.47059 1.31646 1.01671 0.0217357 -0.00748097
2.4958 1.31646 1.01587 0.0203963 -0.00704297
2.52101 1.31646 1.01508 0.0190958 -0.00661563
2.54622 1.31646 1.01434 0.0178329 -0.00620062
2.57143 1.31646 1.01366 0.0166059 -0.00579908
2.59664 1.31646 1.01302 0.0154133 -0.00541168
2.62185 1.31646 1.01243 0.0142534 -0.00503864
2.64706 1.31646 1.01189 0.0131247 -0.00467978
2.67227 1.31646 1.0114 0.0120255 -0.00433451
2.69748 1.31646 1.01095 0.0109545 -0.00400187
2.72269 1.31646 1.01055 0.00991031 -0.00368049
2.7479 1.31646 1.01019 0.00889161 -0.00336862
2.77311 1.31646 1.00988 0.00789732 -0.00306409
2.79832 1.31646 1.00962 0.00692655 -0.00276424
2.82353 1.31646 1.0094 0.00597862 -0.00246589
2.84874 1.31646 1.00922 0.00505314 -0.00216528
2.87395 1.31646 1.00909 0.00415004 -0.00185795
2.89916 1.31646 1.00901 0.00326966 -0.00153864
2.92437 1.31646 1.00898 0.0024128 -0.00120115
2.94958 1.31646 1.00899 0.0015808 -0.000838179
2.97479 1.31646 1.00905 0.000775566 -0.000441154
3 1.31646 1.00917 0 0

0 1.34177 1.24802 0 0
0.0252101 1.34177 1.24944 -0.00123341 0.0121151
0.0504202 1.34177 1.2511 -0.00202877 0.0245273
0.0756303 1.34177 1.25296 -0.00228601 0.0371424
0.10084 1.34177 1.25461 -0.00196451 0.0498295
0.12605 1.34177 1.25665 -0.00102496 0.0624789
0.151261 1.34177 1.25832 0.000531108 0.0749088
0.176471 1.34177 1.26058 0.00269902 0.0869985
0.201681 1.34177 1.26263 0.00547716 0.0985759
0.226891 1.34177 1.26478 0.0088136 0.109536
0.252101 1.34177 1.26658 0.0126521 0.119792
0.277311 1.34177 1.26798 0.0169011 0.1293
0.302521 1.34177 1.26899 0.0214757 0.138037
0.327731 1.34177 1.26967 0.0263054 0.145992
0.352941 1.34177 1.27015 0.0313423 0.153147
0.378151 1.34177 1.27047 0.0365569 0.159485
0.403361 1.34177 1.27062 0.0419283 0.16499
0.428571 1.34177 1.27053 0.0474352 0.169652
0.453782 1.34177 1.27014 0.0530529 0.173471
0.478992 1.34177 1.26941 0.0587539 0.176451
0.504202 1.34177 1.2683 0.0645103 0.178602
0.529412 1.34177 1.26682 0.0702967 0.179934
0.554622 1.34177 1.26497 0.0760906 0.180451
0.579832 1.34177 1.26278 0.0818723 0.180156
0.605042 1.34177 1.26021 0.0876203 0.179048
0.630252 1.34177 1.25739 0.0933205 0.177123
0.655462 1.34177 1.25392 0.098929 0.17438
0.680672 1.34177 1.25092 0.104464 0.170809
0.705882 1.34177 1.24575 0.109798 0.166414
0.731092 1.34177 1.24362 0.115038 0.161214
0.756303 1.34177 1.23571 0.119944 0.155151
0.781513 1.34177 1.23482 0.124647 0.148414
0.806723 1.34177 1.22505 0.128962 0.140741
0.831933 1.34177 1.22342 0.132825 0.132598
0.857143 1.34177 1.21432 0.136274 0.123583
0.882353 1.34177 1.21019 0.139052 0.114241
0.907563 1.34177 1.20263 0.141283 0.104335
0.932773 1.34177 1.19661 0.142757 0.0942481
0.957983 1.34177 1.18982 0.143536 0.0840126
0.983193 1.34177 1.18328 0.143557 0.0738674
1.0084 1.34177 1.1768 0.142863 0.0639748
1.03361 1.34177 1.1705 0.141502 0.0545077
1.05882 1.34177 1.16446 0.139556 0.0456135
1.08403 1.34177 1.15873 0.137132 0.0373998
1.10924 1.34177 1.15333 0.134341 0.0299341
1.13445 1.34177 1.14826 0.131291 0.0232458
1.15966 1.34177 1.1435 0.12808 0.0173319
1.18487 1.34177 1.13904 0.12479 0.0121649
1.21008 1.34177 1.13484 0.121488 0.00769987
1.23529 1.34177 1.13088 0.118224 0.003881
1.2605 1.34177 1.12713 0.115034 0.000647207
1.28571 1.34177 1.12357 0.111943 -0.00206401
1.31092 1.34177 1.12015 0.108965 -0.00431374
1.33613 1.34177 1.11688 0.106106 -0.00615979
1.36134 1.34177 1.11371 0.103369 -0.00765564
1.38655 1.34177 1.11064 0.10075 -0.00884994
1.41176 1.34177 1.10766 0.0982428 -0.00978639
1.43697 1.34177 1.10474 0.0958414 -0.0105039
1.46218 1.34177 1.10188 0.0935371 -0.0110367
1.48739 1.34177 1.09907 0.0913216 -0.0114152
1.51261 1.34177 1.09631 0.0891863 -0.0116658
1.53782 1.34177 1.09357 0.0871229 -0.0118118
1.56303 1.34177 1.09088 0.0851238 -0.0118734
1.58824 1.34177 1.0882 0.0831817 -0.0118686
1.61345 1.34177 1.08555 0.08129 -0.0118129
1.63866 1.34177 1.08292 0.0794427 -0.0117201
1.66387 1.34177 1.08031 0.0776341 -0.0116024
1.68908 1.34177 1.07772 0.0758594 -0.0114709
1.71429 1.34177 1.07514 0.0741136 -0.011335
1.7395 1.34177 1.07257 0.0723923 -0.0112037
1.76471 1.34177 1.07001 0.0706911 -0.0110847
1.78992 1.34177 1.06747 0.0690054 -0.0109848
1.81513 1.34177 1.06493 0.0673304 -0.0109099
1.84034 1.34177 1.06241 0.0656609 -0.0108646
1.86555 1.34177 1.0599 0.0639912 -0.0108521
1.89076 1.34177 1.0574 0.062315 -0.0108734
1.91597 1.34177 1.05492 0.0606257 -0.0109273
1.94118 1.34177 1.05246 0.0589166 -0.0110096
1.96639 1.34177 1.05003 0.0571816 -0.011113
1.9916 1.34177 1.04764 0.0554161 -0.0112269
2.01681 1.34177 1.0453 0.0536175 -0.0113382
2.04202 1.34177 1.04301 0.0517868 -0.0114327
2.06723 1.34177 1.04081 0.0499279 -0.0114965
2.09244 1.34177 1.03868 0.0480479 -0.011518
2.11765 1.34177 1.03665 0.0461558 -0.0114892
2.14286 1.34177 1.03471 0.0442614 -0.0114053
2.16807 1.34177 1.03286 0.0423743 -0.0112653
2.19328 1.34177 1.03111 0.0405037 -0.011071
2.21849 1.34177 1.02945 0.0386574 -0.0108265
2.2437 1.34177 1.02788 0.0368419 -0.0105372
2.26891 1.34177 1.0264 0.0350623 -0.0102096
2.29412 1.34177 1.02499 0.0333224 -0.0098504
2.31933 1.34177 1.02366 0.031625 -0.00946634
2.34454 1.34177 1.02241 0.0299719 -0.00906381
2.36975 1.34177 1.02123 0.0283638 -0.00864872
2.39496 1.34177 1.02011 0.0268012 -0.00822638
2.42017 1.34177 1.01906 0.0252837 -0.00780143
2.44538 1.34177 1.01807 0.0238108 -0.00737789
2.47059 1.34177 1.01714 0.0223814 -0.00695909
2.4958 1.34177 1.01627 0.0209943 -0.00654779
2.52101 1.34177 1.01545 0.0196483 -0.00614614
2.54622 1.34177 1.01469 0.0183417 -0.0057558
2.57143 1.34177 1.01398 0.017073 -0.00537791
2.59664 1.34177 1.01332 0.0158405 -0.0050132
2.62185 1.34177 1.01271 0.0146426 -0.00466195
2.64706 1.34177 1.01215 0.0134777 -0.0043241
2.67227 1.34177 1.01164 0.0123441 -0.00399919
2.69748 1.34177 1.01118 0.0112402 -0.00368641
2.72269 1.34177 1.01077 0.0101646 -0.00338462
2.7479 1.34177 1.0104 0.00911603 -0.00309228
2.77311 1.34177 1.01008 0.00809322 -0.00280748
2.79832 1.34177 1.0098 0.00709525 -0.00252788
2.82353 1.34177 1.00958 0.00612138 -0.00225066
2.84874 1.34177 1.0094 0.00517123 -0.00197246
2.87395 1.34177 1.00927 0.00424472 -0.00168928
2.89916 1.34177 1.00919 0.00334225 -0.00139642
2.92437 1.34177 1.00915 0.0024647 -0.00108826
2.94958 1.34177 1.00917 0.00161355 -0.000758231
2.97479 1.34177 1.00924 0.000790923 -0.00039853
3 1.34177 1.00937 0 0

0 1.36709 1.24903 0 0
0.0252101 1.36709 1.25046 -0.00132433 0.011743
0.0504202 1.36709 1.25205 -0.00221531 0.0236833
0.0756303 1.36709 1.25377 -0.0025929 0.035738
0.10084 1.36709 1.25537 -0.00241475 0.047801
0.12605 1.36709 1.25711 -0.00165056 0.0597831
0.151261 1.36709 1.2586 -0.000302447 0.0715487
0.176471 1.36709 1.26041 0.0016264 0.0829997
0.201681 1.36709 1.26214 0.00413604 0.0939946
0.226891 1.36709 1.264 0.00719916 0.104433
0.252101 1.36709 1.26566 0.0107798 0.114223
0.277311 1.36709 1.26701 0.0148094 0.123314
0.302521 1.36709 1.26797 0.0192127 0.131677
0.327731 1.36709 1.26858 0.023918 0.139298
0.352941 1.36709 1.26893 0.0288695 0.146165
0.378151 1.36709 1.26908 0.0340292 0.152264
0.403361 1.36709 1.26906 0.0393713 0.157577
0.428571 1.36709 1.26885 0.0448739 0.162091
0.453782 1.36709 1.2684 0.050514 0.165798
0.478992 1.36709 1.26765 0.0562652 0.168696
0.504202 1.36709 1.26657 0.0620987 0.17079
0.529412 1.36709 1.26513 0.0679856 0.172084
0.554622 1.36709 1.26334 0.0738982 0.172586
0.579832 1.36709 1.2612 0.0798109 0.172298
0.605042 1.36709 1.25868 0.0856955 0.171224
0.630252 1.36709 1.25594 0.0915336 0.169363
0.655462 1.36709 1.25252 0.0972754 0.166716
0.680672 1.36709 1.24959 0.102934 0.163284
0.705882 1.36709 1.24463 0.108391 0.159065
0.731092 1.36709 1.24228 0.113721 0.154101
0.756303 1.36709 1.23526 0.118742 0.14832
0.781513 1.36709 1.23337 0.123509 0.141921
0.806723 1.36709 1.22532 0.127917 0.13468
0.831933 1.36709 1.22237 0.131865 0.126977
0.857143 1.36709 1.21493 0.135394 0.118548
0.882353 1.36709 1.21013 0.138306 0.109775
0.907563 1.36709 1.20351 0.140668 0.100555
0.932773 1.36709 1.19757 0.142346 0.0911488
0.957983 1.36709 1.19127 0.143364 0.0816336
0.983193 1.36709 1.18505 0.143689 0.0721892
1.0084 1.36709 1.17892 0.14335 0.0629618
1.03361 1.36709 1.17291 0.142388 0.0540957
1.05882 1.36709 1.16711 0.140871 0.0457164
1.08403 1.36709 1.16155 0.138883 0.0379204
1.10924 1.36709 1.15625 0.136516 0.0307729
1.13445 1.36709 1.15122 0.13386 0.0243087
1.15966 1.36709 1.14646 0.131003 0.0185355
1.18487 1.36709 1.14195 0.128019 0.0134392
1.21008 1.36709 1.13768 0.124971 0.00898894
1.23529 1.36709 1.13362 0.121909 0.00514279
1.2605 1.36709 1.12976 0.118873 0.00185184
1.28571 1.36709 1.12606 0.115891 -0.000936051
1.31092 1.36709 1.12252 0.112981 -0.00327357
1.33613 1.36709 1.11911 0.110157 -0.00521202
1.36134 1.36709 1.11581 0.107423 -0.00680002
1.38655 1.36709 1.11262 0.104783 -0.00808278
1.41176 1.36709 1.10951 0.102235 -0.00910168
1.43697 1.36709 1.10647 0.0997751 -0.00989419
1.46218 1.36709 1.1035 0.0973991 -0.0104939
1.48739 1.36709 1.10059 0.095101 -0.0109309
1.51261 1.36709 1.09773 0.0928748 -0.0112318
1.53782 1.36709 1.09491 0.090714 -0.0114201
1.56303 1.36709 1.09213 0.0886126 -0.0115167
1.58824 1.36709 1.08938 0.0865646 -0.0115399
1.61345 1.36709 1.08666 0.0845642 -0.011506
1.63866 1.36709 1.08397 0.0826061 -0.0114292
1.66387 1.36709 1.0813 0.0806854 -0.0113224
1.68908 1.36709 1.07865 0.0787973 -0.0111968
1.71429 1.36709 1.07603 0.0769374 -0.0110624
1.7395 1.36709 1.07342 0.0751012 -0.010928
1.76471 1.36709 1.07083 0.0732845 -0.0108014
1.78992 1.36709 1.06825 0.0714829 -0.0106893
1.81513 1.36709 1.0657 0.0696917 -0.0105972
1.84034 1.36709 1.06315 0.0679061 -0.0105293
1.86555 1.36709 1.06063 0.066121 -0.0104883
1.89076 1.36709 1.05813 0.064331 -0.0104751
1.91597 1.36709 1.05565 0.0625305 -0.0104883
1.94118 1.36709 1.05319 0.0607142 -0.0105242
1.96639 1.36709 1.05077 0.0588776 -0.0105766
1.9916 1.36709 1.04839 0.0570175 -0.010637
2.01681 1.36709 1.04606 0.0551323 -0.0106948
2.04202 1.36709 1.04379 0.0532233 -0.0107389
2.06723 1.36709 1.04159 0.0512941 -0.0107582
2.09244 1.36709 1.03947 0.0493506 -0.0107436
2.11765 1.36709 1.03743 0.0474004 -0.010688
2.14286 1.36709 1.03548 0.0454516 -0.0105873
2.16807 1.36709 1.03362 0.0435128 -0.0104401
2.19328 1.36709 1.03185 0.0415919 -0.0102474
2.21849 1.36709 1.03016 0.0396961 -0.0100119
2.2437 1.36709 1.02856 0.0378313 -0.00973796
2.26891 1.36709 1.02704 0.0360027 -0.00943061
2.29412 1.36709 1.0256 0.034214 -0.00909543
2.31933 1.36709 1.02424 0.0324681 -0.00873807
2.34454 1.36709 1.02295 0.0307668 -0.00836401
2.36975 1.36709 1.02174 0.0291113 -0.00797842
2.39496 1.36709 1.02059 0.0275021 -0.007586
2.42017 1.36709 1.01951 0.0259392 -0.00719095
2.44538 1.36709 1.01849 0.024422 -0.0067969
2.47059 1.36709 1.01753 0.0229498 -0.00640694
2.4958 1.36709 1.01663 0.0215214 -0.00602363
2.52101 1.36709 1.01579 0.0201356 -0.00564904
2.54622 1.36709 1.015 0.0187909 -0.00528473
2.57143 1.36709 1.01427 0.0174856 -0.00493187
2.59664 1.36709 1.01359 0.0162182 -0.00459119
2.62185 1.36709 1.01296 0.014987 -0.00426306
2.64706 1.36709 1.01239 0.0137902 -0.00394749
2.67227 1.36709 1.01186 0.0126262 -0.00364417
2.69748 1.36709 1.01138 0.0114933 -0.00335247
2.72269 1.36709 1.01096 0.0103901 -0.00307142
2.7479 1.36709 1.01058 0.00931504 -0.00279975
2.77311 1.36709 1.01025 0.00826701 -0.00253581
2.79832 1.36709 1.00997 0.00724495 -0.0022776
2.82353 1.36709 1.00974 0.00624812 -0.00202268
2.84874 1.36709 1.00956 0.00527608 -0.00176813
2.87395 1.36709 1.00942 0.0043288 -0.00151046
2.89916 1.36709 1.00934 0.0034067 -0.00124553
2.92437 1.36709 1.00931 0.00251076 -0.000968419
2.94958 1.36709 1.00933 0.00164261 -0.000673283
2.97479 1.36709 1.00941 0.000804532 -0.000353202
3 1.36709 1.00954 0 0

0 1.39241 1.2497 0 0
0.0252101 1.39241 1.25113 -0.00141498 0.0113633
0.0504202 1.39241 1.25264 -0.0024016 0.0228442
0.0756303 1.39241 1.25425 -0.00289425 0.0343674
0.10084 1.39241 1.25581 -0.00284895 0.0458453
0.12605 1.39241 1.25739 -0.00223917 0.0572006
0.151261 1.39241 1.25877 -0.00106604 0.0683315
0.176471 1.39241 1.26027 0.00066518 0.0791582
0.201681 1.39241 1.26173 0.00295112 0.0895697
0.226891 1.39241 1.2633 0.00577691 0.099475
0.252101 1.39241 1.26479 0.00912105 0.108786
0.277311 1.39241 1.26606 0.0129364 0.117445
0.302521 1.39241 1.26701 0.0171619 0.125415
0.327731 1.39241 1.26761 0.0217308 0.13268
0.352941 1.39241 1.2679 0.0265836 0.13923
0.378151 1.39241 1.26794 0.0316746 0.145054
0.403361 1.39241 1.2678 0.0369713 0.150138
0.428571 1.39241 1.26747 0.0424487 0.154468
0.453782 1.39241 1.26694 0.0480832 0.158032
0.478992 1.39241 1.26615 0.0538495 0.160824
0.504202 1.39241 1.26508 0.0597193 0.162843
0.529412 1.39241 1.26367 0.0656623 0.16409
0.554622 1.39241 1.26193 0.0716474 0.164571
0.579832 1.39241 1.25986 0.0776448 0.164289
0.605042 1.39241 1.2574 0.0836209 0.16325
0.630252 1.39241 1.25474 0.0895532 0.161457
0.655462 1.39241 1.25139 0.0953884 0.158913
0.680672 1.39241 1.24851 0.101131 0.155628
0.705882 1.39241 1.24382 0.106678 0.151595
0.731092 1.39241 1.2412 0.112069 0.146872
0.756303 1.39241 1.23502 0.117172 0.141387
0.781513 1.39241 1.23234 0.121992 0.135326
0.806723 1.39241 1.2256 0.126467 0.128519
0.831933 1.39241 1.22184 0.130493 0.121257
0.857143 1.39241 1.21547 0.134094 0.113389
0.882353 1.39241 1.21041 0.137128 0.105175
0.907563 1.39241 1.20439 0.13962 0.0965987
0.932773 1.39241 1.19863 0.141484 0.0878415
0.957983 1.39241 1.19268 0.142724 0.0789986
0.983193 1.39241 1.18676 0.143325 0.0702127
1.0084 1.39241 1.1809 0.143306 0.0616127
1.03361 1.39241 1.17514 0.142703 0.0533211
1.05882 1.39241 1.16954 0.141569 0.0454461
1.08403 1.39241 1.16413 0.139975 0.0380738
1.10924 1.39241 1.15892 0.137995 0.0312658
1.13445 1.39241 1.15394 0.135707 0.0250595
1.15966 1.39241 1.14919 0.133187 0.0194693
1.18487 1.39241 1.14465 0.130501 0.0144907
1.21008 1.39241 1.14032 0.127709 0.0101039
1.23529 1.39241 1.13619 0.12486 0.00627798
1.2605 1.39241 1.13223 0.121993 0.00297437
1.28571 1.39241 1.12843 0.11914 0.000150128
1.31092 1.39241 1.12477 0.116322 -0.00223964
1.33613 1.39241 1.12125 0.113556 -0.00423988
1.36134 1.39241 1.11784 0.110852 -0.00589424
1.38655 1.39241 1.11452 0.108216 -0.00724415
1.41176 1.39241 1.1113 0.105651 -0.00832824
1.43697 1.39241 1.10816 0.103156 -0.00918208
1.46218 1.39241 1.10509 0.10073 -0.00983807
1.48739 1.39241 1.10208 0.0983701 -0.0103255
1.51261 1.39241 1.09912 0.0960722 -0.0106707
1.53782 1.39241 1.09622 0.0938321 -0.0108972
1.56303 1.39241 1.09336 0.091645 -0.0110259
1.58824 1.39241 1.09053 0.0895065 -0.0110755
1.61345 1.39241 1.08775 0.0874119 -0.0110626
1.63866 1.39241 1.08499 0.0853568 -0.0110018
1.66387 1.39241 1.08227 0.0833369 -0.0109062
1.68908 1.39241 1.07957 0.0813479 -0.0107873
1.71429 1.39241 1.0769 0.0793858 -0.0106553
1.7395 1.39241 1.07425 0.0774465 -0.0105191
1.76471 1.39241 1.07163 0.075526 -0.0103864
1.78992 1.39241 1.06902 0.0736202 -0.0102639
1.81513 1.39241 1.06644 0.071725 -0.0101568
1.84034 1.39241 1.06388 0.0698358 -0.0100692
1.86555 1.39241 1.06134 0.0679482 -0.0100034
1.89076 1.39241 1.05882 0.0660575 -0.00996035
1.91597 1.39241 1.05634 0.0641593 -0.00993883
1.94118 1.39241 1.05388 0.0622493 -0.00993575
1.96639 1.39241 1.05147 0.0603243 -0.00994597
1.9916 1.39241 1.04909 0.0583819 -0.00996252
2.01681 1.39241 1.04677 0.0564215 -0.00997708
2.04202 1.39241 1.04451 0.0544445 -0.00998068
2.06723 1.39241 1.04231 0.052454 -0.00996463
2.09244 1.39241 1.04018 0.0504553 -0.00992137
2.11765 1.39241 1.03814 0.0484547 -0.0098451
2.14286 1.39241 1.03618 0.0464593 -0.00973213
2.16807 1.39241 1.0343 0.0444764 -0.00958088
2.19328 1.39241 1.0325 0.0425131 -0.00939169
2.21849 1.39241 1.03079 0.0405758 -0.00916655
2.2437 1.39241 1.02917 0.0386702 -0.00890865
2.26891 1.39241 1.02762 0.0368009 -0.00862202
2.29412 1.39241 1.02615 0.0349716 -0.00831116
2.31933 1.39241 1.02476 0.0331854 -0.00798079
2.34454 1.39241 1.02344 0.0314441 -0.00763556
2.36975 1.39241 1.0222 0.029749 -0.00727994
2.39496 1.39241 1.02102 0.0281009 -0.00691805
2.42017 1.39241 1.01991 0.0264998 -0.00655359
2.44538 1.39241 1.01886 0.0249454 -0.00618985
2.47059 1.39241 1.01788 0.023437 -0.00582964
2.4958 1.39241 1.01695 0.0219736 -0.00547532
2.52101 1.39241 1.01609 0.020554 -0.00512881
2.54622 1.39241 1.01528 0.0191768 -0.00479162
2.57143 1.39241 1.01453 0.0178404 -0.00446486
2.59664 1.39241 1.01383 0.0165431 -0.00414928
2.62185 1.39241 1.01318 0.0152833 -0.00384531
2.64706 1.39241 1.01259 0.0140593 -0.00355307
2.67227 1.39241 1.01205 0.0128692 -0.00327235
2.69748 1.39241 1.01156 0.0117114 -0.00300269
2.72269 1.39241 1.01113 0.0105844 -0.00274334
2.7479 1.39241 1.01074 0.00948672 -0.00249326
2.77311 1.39241 1.0104 0.008417 -0.00225111
2.79832 1.39241 1.01011 0.00737423 -0.00201523
2.82353 1.39241 1.00988 0.00635761 -0.00178359
2.84874 1.39241 1.00969 0.0053667 -0.00155372
2.87395 1.39241 1.00955 0.00440148 -0.0013227
2.89916 1.39241 1.00947 0.00346243 -0.00108699
2.92437 1.39241 1.00944 0.00255058 -0.000842382
2.94958 1.39241 1.00947 0.0016677 -0.000583865
2.97479 1.39241 1.00954 0.000816271 -0.000305443
3 1.39241 1.00969 0 0

0 1.41772 1.25008 0 0
0.0252101 1.41772 1.2515 -0.00150711 0.0109764
0.0504202 1.41772 1.25295 -0.00258995 0.0220044
0.0756303 1.41772 1.25448 -0.00319412 0.0330165
0.10084 1.41772 1.256 -0.00327528 0.0439389
0.12605 1.41772 1.25748 -0.00280767 0.0547019
0.151261 1.41772 1.25881 -0.00178949 0.0652266
0.176471 1.41772 1.26012 -0.0002277 0.0754473
0.201681 1.41772 1.26138 0.00186949 0.0852793
0.226891 1.41772 1.2627 0.00449081 0.0946451
0.252101 1.41772 1.26399 0.00762254 0.103466
0.277311 1.41772 1.26516 0.011234 0.11168
0.302521 1.41772 1.26609 0.0152792 0.119246
0.327731 1.41772 1.2667 0.0197008 0.126141
0.352941 1.41772 1.26698 0.0244409 0.132355
0.378151 1.41772 1.26699 0.0294491 0.13788
0.403361 1.41772 1.26677 0.0346862 0.142707
0.428571 1.41772 1.26635 0.0401218 0.146823
0.453782 1.41772 1.26574 0.0457299 0.150217
0.478992 1.41772 1.26491 0.0514849 0.152879
0.504202 1.41772 1.26381 0.0573588 0.154806
0.529412 1.41772 1.26243 0.0633212 0.155994
0.554622 1.41772 1.26073 0.0693394 0.156448
0.579832 1.41772 1.25872 0.075381 0.156171
0.605042 1.41772 1.25632 0.0814089 0.155169
0.630252 1.41772 1.25374 0.0873965 0.153448
0.655462 1.41772 1.25051 0.0932895 0.151013
0.680672 1.41772 1.24764 0.099083 0.14788
0.705882 1.41772 1.24326 0.104688 0.144041
0.731092 1.41772 1.24038 0.110117 0.139563
0.756303 1.41772 1.23493 0.115275 0.134382
0.781513 1.41772 1.23169 0.120135 0.128658
0.806723 1.41772 1.22588 0.124659 0.122279
0.831933 1.41772 1.22168 0.128752 0.115457
0.857143 1.41772 1.21601 0.132419 0.108123
0.882353 1.41772 1.21091 0.135561 0.100456
0.907563 1.41772 1.2053 0.138176 0.0924859
0.932773 1.41772 1.19973 0.14021 0.0843468
0.957983 1.41772 1.19407 0.141656 0.0761359
0.983193 1.41772 1.1884 0.142505 0.0679716
1.0084 1.41772 1.18277 0.142774 0.0599663
1.03361 1.41772 1.17722 0.142491 0.0522255
1.05882 1.41772 1.17178 0.141702 0.0448432
1.08403 1.41772 1.1665 0.140462 0.0378963
1.10924 1.41772 1.16139 0.138835 0.0314422
1.13445 1.41772 1.15645 0.136887 0.0255187
1.15966 1.41772 1.15171 0.134684 0.0201446
1.18487 1.41772 1.14716 0.132285 0.0153219
1.21008 1.41772 1.14279 0.129746 0.0110394
1.23529 1.41772 1.13859 0.127113 0.00727465
1.2605 1.41772 1.13456 0.124425 0.0039979
1.28571 1.41772 1.13067 0.121714 0.0011741
1.31092 1.41772 1.12692 0.119006 -0.00123462
1.33613 1.41772 1.12329 0.116318 -0.00326724
1.36134 1.41772 1.11977 0.113664 -0.00496251
1.38655 1.41772 1.11636 0.111053 -0.00635796
1.41176 1.41772 1.11303 0.108492 -0.00748923
1.43697 1.41772 1.10979 0.105984 -0.00838965
1.46218 1.41772 1.10662 0.103528 -0.00909002
1.48739 1.41772 1.10352 0.101126 -0.00961856
1.51261 1.41772 1.10048 0.0987751 -0.0100009
1.53782 1.41772 1.09749 0.0964731 -0.0102601
1.56303 1.41772 1.09455 0.0942172 -0.0104172
1.58824 1.41772 1.09166 0.092004 -0.0104906
1.61345 1.41772 1.08881 0.0898302 -0.010497
1.63866 1.41772 1.08599 0.0876923 -0.0104514
1.66387 1.41772 1.08321 0.0855868 -0.0103668
1.68908 1.41772 1.08047 0.08351 -0.010255
1.71429 1.41772 1.07775 0.0814585 -0.0101261
1.7395 1.41772 1.07506 0.0794286 -0.00998931
1.76471 1.41772 1.0724 0.0774168 -0.00985218
1.78992 1.41772 1.06976 0.0754194 -0.00972124
1.81513 1.41772 1.06715 0.0734326 -0.0096017
1.84034 1.41772 1.06456 0.0714526 -0.00949741
1.86555 1.41772 1.06201 0.0694754 -0.0094108
1.89076 1.41772 1.05948 0.0674972 -0.00934273
1.91597 1.41772 1.05699 0.0655144 -0.00929238
1.94118 1.41772 1.05453 0.0635237 -0.00925725
1.96639 1.41772 1.05211 0.0615227 -0.00923318
1.9916 1.41772 1.04973 0.0595099 -0.00921456
2.01681 1.41772 1.04741 0.0574852 -0.00919473
2.04202 1.41772 1.04515 0.05545 -0.00916654
2.06723 1.41772 1.04295 0.0534074 -0.00912303
2.09244 1.41772 1.04082 0.0513617 -0.00905802
2.11765 1.41772 1.03877 0.0493186 -0.00896667
2.14286 1.41772 1.0368 0.0472841 -0.00884571
2.16807 1.41772 1.0349 0.0452647 -0.00869353
2.19328 1.41772 1.03309 0.0432666 -0.00851009
2.21849 1.41772 1.03136 0.0412955 -0.0082967
2.2437 1.41772 1.02971 0.0393568 -0.00805573
2.26891 1.41772 1.02814 0.0374547 -0.00779033
2.29412 1.41772 1.02664 0.0355929 -0.00750412
2.31933 1.41772 1.02522 0.0337742 -0.00720099
2.34454 1.41772 1.02388 0.0320007 -0.00688484
2.36975 1.41772 1.02261 0.0302737 -0.00655948
2.39496 1.41772 1.0214 0.028594 -0.00622848
2.42017 1.41772 1.02026 0.0269619 -0.00589509
2.44538 1.41772 1.01919 0.0253772 -0.00556221
2.47059 1.41772 1.01818 0.0238393 -0.00523238
2.4958 1.41772 1.01724 0.0223472 -0.00490775
2.52101 1.41772 1.01635 0.0208999 -0.00459007
2.54622 1.41772 1.01552 0.019496 -0.00428076
2.57143 1.41772 1.01475 0.0181339 -0.0039809
2.59664 1.41772 1.01404 0.0168121 -0.00369124
2.62185 1.41772 1.01338 0.0155288 -0.00341225
2.64706 1.41772 1.01277 0.0142822 -0.00314411
2.67227 1.41772 1.01222 0.0130706 -0.00288676
2.69748 1.41772 1.01172 0.0118923 -0.0026399
2.72269 1.41772 1.01127 0.0107457 -0.00240298
2.7479 1.41772 1.01087 0.00962923 -0.00217521
2.77311 1.41772 1.01053 0.00854159 -0.00195557
2.79832 1.41772 1.01023 0.00748168 -0.00174274
2.82353 1.41772 1.00999 0.00644867 -0.00153513
2.84874 1.41772 1.0098 0.00544212 -0.00133077
2.87395 1.41772 1.00966 0.004462 -0.0011273
2.89916 1.41772 1.00958 0.00350884 -0.000921856
2.92437 1.41772 1.00955 0.00258374 -0.000710991
2.94958 1.41772 1.00957 0.00168859 -0.000490556
2.97479 1.41772 1.00966 0.000826026 -0.000255555
3 1.41772 1.0098 0 0

0 1.44304 1.2502 0 0
0.0252101 1.44304 1.25164 -0.00160205 0.0105831
0.0504202 1.44304 1.25304 -0.00278232 0.0211626
0.0756303 1.44304 1.25451 -0.00349562 0.0316783
0.10084 1.44304 1.25598 -0.00369885 0.0420672
0.12605 1.44304 1.25742 -0.00336613 0.0522662
0.151261 1.44304 1.25872 -0.00249161 0.0622109
0.176471 1.44304 1.25994 -0.00108192 0.0718457
0.201681 1.44304 1.26106 0.000851079 0.0811065
0.226891 1.44304 1.26218 0.00329501 0.0899305
0.252101 1.44304 1.26329 0.00623819 0.0982508
0.277311 1.44304 1.26433 0.0096601 0.106009
0.302521 1.44304 1.2652 0.0135276 0.11316
0.327731 1.44304 1.26582 0.0177948 0.119677
0.352941 1.44304 1.26614 0.0224092 0.125545
0.378151 1.44304 1.26616 0.0273199 0.130757
0.403361 1.44304 1.26592 0.0324826 0.135307
0.428571 1.44304 1.26545 0.0378616 0.139188
0.453782 1.44304 1.26478 0.0434265 0.142389
0.478992 1.44304 1.26389 0.0491498 0.144902
0.504202 1.44304 1.26278 0.0550029 0.146719
0.529412 1.44304 1.26139 0.0609555 0.147837
0.554622 1.44304 1.25972 0.0669744 0.148257
0.579832 1.44304 1.25776 0.0730259 0.147982
0.605042 1.44304 1.25544 0.079071 0.147017
0.630252 1.44304 1.25293 0.0850798 0.14537
0.655462 1.44304 1.24982 0.0909989 0.143048
0.680672 1.44304 1.24695 0.0968137 0.140072
0.705882 1.44304 1.24289 0.102449 0.136435
0.731092 1.44304 1.2398 0.107896 0.132202
0.756303 1.44304 1.23494 0.113085 0.127327
0.781513 1.44304 1.23135 0.117974 0.121941
0.806723 1.44304 1.22618 0.122532 0.115979
0.831933 1.44304 1.2218 0.126679 0.109595
0.857143 1.44304 1.21658 0.130406 0.10277
0.882353 1.44304 1.21155 0.133642 0.0956337
0.907563 1.44304 1.20623 0.136372 0.0882369
0.932773 1.44304 1.20086 0.138557 0.080686
0.957983 1.44304 1.19543 0.140189 0.0730724
0.983193 1.44304 1.18997 0.141262 0.065497
1.0084 1.44304 1.18454 0.141788 0.0580576
1.03361 1.44304 1.17916 0.141792 0.0508462
1.05882 1.44304 1.17387 0.14131 0.0439447
1.08403 1.44304 1.16869 0.14039 0.0374219
1.10924 1.44304 1.16366 0.139083 0.0313308
1.13445 1.44304 1.15878 0.137448 0.0257084
1.15966 1.44304 1.15405 0.135541 0.0205758
1.18487 1.44304 1.14949 0.133415 0.0159399
1.21008 1.44304 1.14509 0.131121 0.0117953
1.23529 1.44304 1.14084 0.128702 0.00812678
1.2605 1.44304 1.13674 0.126197 0.00491142
1.28571 1.44304 1.13278 0.123638 0.00212101
1.31092 1.44304 1.12894 0.12105 -0.000276129
1.33613 1.44304 1.12522 0.118455 -0.00231353
1.36134 1.44304 1.12161 0.115868 -0.00402528
1.38655 1.44304 1.11811 0.113301 -0.00544507
1.41176 1.44304 1.11469 0.110763 -0.00660543
1.43697 1.44304 1.11135 0.108259 -0.00753726
1.46218 1.44304 1.1081 0.105793 -0.0082695
1.48739 1.44304 1.10491 0.103367 -0.00882901
1.51261 1.44304 1.10179 0.10098 -0.00924042
1.53782 1.44304 1.09872 0.0986336 -0.00952623
1.56303 1.44304 1.09571 0.0963251 -0.00970684
1.58824 1.44304 1.09275 0.094053 -0.00980065
1.61345 1.44304 1.08983 0.0918152 -0.0098242
1.63866 1.44304 1.08696 0.0896091 -0.00979229
1.66387 1.44304 1.08412 0.087432 -0.0097181
1.68908 1.44304 1.08133 0.0852811 -0.00961332
1.71429 1.44304 1.07856 0.0831535 -0.00948824
1.7395 1.44304 1.07583 0.0810462 -0.00935182
1.76471 1.44304 1.07313 0.0789561 -0.00921173
1.78992 1.44304 1.07046 0.07688 -0.0090744
1.81513 1.44304 1.06782 0.0748146 -0.00894497
1.84034 1.44304 1.06522 0.0727567 -0.00882727
1.86555 1.44304 1.06264 0.070703 -0.00872375
1.89076 1.44304 1.0601 0.0686503 -0.00863543
1.91597 1.44304 1.05759 0.0665957 -0.00856186
1.94118 1.44304 1.05512 0.0645369 -0.00850111
1.96639 1.44304 1.0527 0.062472 -0.0084499
1.9916 1.44304 1.05032 0.0604002 -0.00840375
2.01681 1.44304 1.04799 0.0583217 -0.00835735
2.04202 1.44304 1.04573 0.0562382 -0.00830498
2.06723 1.44304 1.04352 0.0541524 -0.00824101
2.09244 1.44304 1.04139 0.0520682 -0.00816041
2.11765 1.44304 1.03933 0.0499904 -0.0080591
2.14286 1.44304 1.03734 0.0479245 -0.0079342
2.16807 1.44304 1.03543 0.0458761 -0.00778416
2.19328 1.44304 1.0336 0.0438506 -0.00760866
2.21849 1.44304 1.03185 0.0418534 -0.00740851
2.2437 1.44304 1.03018 0.0398891 -0.00718543
2.26891 1.44304 1.02859 0.0379619 -0.00694185
2.29412 1.44304 1.02707 0.0360752 -0.00668063
2.31933 1.44304 1.02563 0.0342317 -0.00640495
2.34454 1.44304 1.02426 0.0324335 -0.00611804
2.36975 1.44304 1.02296 0.030682 -0.0058231
2.39496 1.44304 1.02173 0.0289781 -0.00552318
2.42017 1.44304 1.02057 0.0273222 -0.00522111
2.44538 1.44304 1.01948 0.025714 -0.00491942
2.47059 1.44304 1.01845 0.0241532 -0.00462035
2.4958 1.44304 1.01748 0.0226389 -0.00432584
2.52101 1.44304 1.01658 0.02117 -0.00403749
2.54622 1.44304 1.01573 0.0197453 -0.0037566
2.57143 1.44304 1.01494 0.0183632 -0.00348419
2.59664 1.44304 1.01421 0.0170222 -0.003221
2.62185 1.44304 1.01354 0.0157205 -0.00296754
2.64706 1.44304 1.01292 0.0144563 -0.00272407
2.67227 1.44304 1.01235 0.013228 -0.00249063
2.69748 1.44304 1.01184 0.0120337 -0.00226709
2.72269 1.44304 1.01138 0.0108719 -0.00205311
2.7479 1.44304 1.01098 0.00974082 -0.00184816
2.77311 1.44304 1.01062 0.00863923 -0.00165152
2.79832 1.44304 1.01032 0.00756597 -0.00146226
2.82353 1.44304 1.01008 0.00652019 -0.00127922
2.84874 1.44304 1.00988 0.00550141 -0.00110096
2.87395 1.44304 1.00974 0.00450963 -0.000925709
2.89916 1.44304 1.00965 0.00354538 -0.000751322
2.92437 1.44304 1.00962 0.00260985 -0.000575156
2.94958 1.44304 1.00965 0.00170502 -0.000393983
2.97479 1.44304 1.00974 0.000833682 -0.000203863
3 1.44304 1.00989 0 0

0 1.46835 1.25013 0 0
0.0252101 1.46835 1.25158 -0.00170046 0.0101851
0.0504202 1.46835 1.25295 -0.00297998 0.0203195
0.0756303 1.46835 1.25438 -0.00380107 0.0303501
0.10084 1.46835 1.25581 -0.00412322 0.0402225
0.12605 1.46835 1.25721 -0.00392079 0.0498797
0.151261 1.46835 1.25851 -0.00318384 0.059267
0.176471 1.46835 1.25968 -0.00191677 0.068336
0.201681 1.46835 1.26074 -0.000132669 0.0770373
0.226891 1.46835 1.26173 0.00215372 0.0853217
0.252101 1.46835 1.26268 0.00492928 0.0931357
0.277311 1.46835 1.26359 0.00817778 0.100428
0.302521 1.46835 1.26439 0.0118749 0.107154
0.327731 1.46835 1.26499 0.0159852 0.113284
0.352941 1.46835 1.26534 0.020464 0.118799
0.378151 1.46835 1.2654 0.025263 0.123691
0.403361 1.46835 1.26518 0.0303364 0.127955
0.428571 1.46835 1.26471 0.0356437 0.131587
0.453782 1.46835 1.26401 0.0411503 0.134579
0.478992 1.46835 1.26309 0.046825 0.136925
0.504202 1.46835 1.26195 0.0526377 0.138618
0.529412 1.46835 1.26056 0.0585576 0.139654
0.554622 1.46835 1.25891 0.0645511 0.140032
0.579832 1.46835 1.25699 0.0705842 0.139754
0.605042 1.46835 1.25473 0.0766173 0.138825
0.630252 1.46835 1.25228 0.082618 0.137255
0.655462 1.46835 1.2493 0.0885353 0.135049
0.680672 1.46835 1.24644 0.0943461 0.132232
0.705882 1.46835 1.24266 0.099987 0.128801
0.731092 1.46835 1.23943 0.105434 0.124814
0.756303 1.46835 1.23502 0.110634 0.120245
0.781513 1.46835 1.23125 0.115537 0.115195
0.806723 1.46835 1.22652 0.120116 0.109638
0.831933 1.46835 1.22211 0.124304 0.103684
0.857143 1.46835 1.21719 0.128083 0.0973469
0.882353 1.46835 1.21228 0.131399 0.0907226
0.907563 1.46835 1.20718 0.134231 0.0838711
0.932773 1.46835 1.202 0.136552 0.0768802
0.957983 1.46835 1.19675 0.138349 0.0698332
0.983193 1.46835 1.19147 0.139621 0.0628176
1.0084 1.46835 1.1862 0.140377 0.0559187
1.03361 1.46835 1.18097 0.140635 0.0492169
1.05882 1.46835 1.1758 0.140428 0.0427842
1.08403 1.46835 1.17073 0.139794 0.036682
1.10924 1.46835 1.16576 0.138778 0.0309591
1.13445 1.46835 1.16092 0.137428 0.0256508
1.15966 1.46835 1.15622 0.135795 0.0207793
1.18487 1.46835 1.15165 0.133926 0.0163546
1.21008 1.46835 1.14723 0.131866 0.0123757
1.23529 1.46835 1.14294 0.129657 0.00883279
1.2605 1.46835 1.13878 0.127335 0.00570861
1.28571 1.46835 1.13475 0.124932 0.00298064
1.31092 1.46835 1.13085 0.122474 0.000622557
1.33613 1.46835 1.12705 0.119982 -0.00139426
1.36134 1.46835 1.12336 0.117475 -0.00309961
1.38655 1.46835 1.11976 0.114966 -0.00452346
1.41176 1.46835 1.11626 0.112467 -0.00569527
1.43697 1.46835 1.11284 0.109984 -0.00664341
1.46218 1.46835 1.1095 0.107524 -0.00739482
1.48739 1.46835 1.10624 0.10509 -0.00797477
1.51261 1.46835 1.10304 0.102685 -0.00840673
1.53782 1.46835 1.0999 0.100309 -0.00871229
1.56303 1.46835 1.09682 0.0979644 -0.00891123
1.58824 1.46835 1.09379 0.095649 -0.00902148
1.61345 1.46835 1.09081 0.0933622 -0.0090593
1.63866 1.46835 1.08788 0.0911025 -0.00903926
1.66387 1.46835 1.08499 0.0888682 -0.00897443
1.68908 1.46835 1.08214 0.0866572 -0.0088764
1.71429 1.46835 1.07934 0.0844673 -0.00875537
1.7395 1.46835 1.07656 0.0822961 -0.00862024
1.76471 1.46835 1.07383 0.080141 -0.00847862
1.78992 1.46835 1.07112 0.0779994 -0.00833688
1.81513 1.46835 1.06846 0.0758687 -0.00820011
1.84034 1.46835 1.06582 0.073746 -0.00807216
1.86555 1.46835 1.06322 0.0716288 -0.00795555
1.89076 1.46835 1.06066 0.0695145 -0.00785151
1.91597 1.46835 1.05814 0.067401 -0.00775994
1.94118 1.46835 1.05566 0.0652863 -0.00767946
1.96639 1.46835 1.05323 0.0631694 -0.00760753
1.9916 1.46835 1.05084 0.0610498 -0.00754063
2.01681 1.46835 1.04851 0.0589282 -0.00747453
2.04202 1.46835 1.04624 0.0568061 -0.00740464
2.06723 1.46835 1.04403 0.0546862 -0.00732641
2.09244 1.46835 1.04189 0.0525719 -0.00723569
2.11765 1.46835 1.03981 0.0504676 -0.00712906
2.14286 1.46835 1.03782 0.048378 -0.00700399
2.16807 1.46835 1.03589 0.046308 -0.00685899
2.19328 1.46835 1.03405 0.0442627 -0.00669358
2.21849 1.46835 1.03228 0.0422468 -0.00650816
2.2437 1.46835 1.03059 0.0402645 -0.00630397
2.26891 1.46835 1.02898 0.0383197 -0.0060828
2.29412 1.46835 1.02744 0.0364156 -0.00584692
2.31933 1.46835 1.02597 0.0345549 -0.00559885
2.34454 1.46835 1.02458 0.0327395 -0.00534125
2.36975 1.46835 1.02326 0.0309708 -0.00507678
2.39496 1.46835 1.02202 0.0292499 -0.00480799
2.42017 1.46835 1.02083 0.0275771 -0.00453731
2.44538 1.46835 1.01972 0.0259524 -0.00426692
2.47059 1.46835 1.01867 0.0243753 -0.00399879
2.4958 1.46835 1.01769 0.0228452 -0.00373461
2.52101 1.46835 1.01676 0.021361 -0.00347584
2.54622 1.46835 1.0159 0.0199214 -0.00322365
2.57143 1.46835 1.0151 0.0185252 -0.002979
2.59664 1.46835 1.01436 0.0171705 -0.00274262
2.62185 1.46835 1.01367 0.0158558 -0.00251502
2.64706 1.46835 1.01304 0.0145793 -0.00229654
2.67227 1.46835 1.01246 0.0133391 -0.00208735
2.69748 1.46835 1.01194 0.0121336 -0.00188744
2.72269 1.46835 1.01147 0.010961 -0.0016967
2.7479 1.46835 1.01106 0.00981976 -0.00151484
2.77311 1.46835 1.0107 0.00870841 -0.00134148
2.79832 1.46835 1.01039 0.00762581 -0.00117606
2.82353 1.46835 1.01014 0.00657106 -0.00101789
2.84874 1.46835 1.00994 0.00554367 -0.000866063
2.87395 1.46835 1.00979 0.00454364 -0.000719457
2.89916 1.46835 1.00971 0.00357151 -0.000576651
2.92437 1.46835 1.00968 0.00262853 -0.000435857
2.94958 1.46835 1.0097 0.00171676 -0.000294821
2.97479 1.46835 1.00979 0.00083913 -0.000150714
3 1.46835 1.00995 0 0

0 1.49367 1.24988 0 0
0.0252101 1.49367 1.25135 -0.00180235 0.00978426
0.0504202 1.49367 1.25271 -0.00318348 0.0194774
0.0756303 1.49367 1.25411 -0.00411216 0.0290323
0.10084 1.49367 1.25551 -0.0045512 0.0384014
0.12605 1.49367 1.25688 -0.00447594 0.0475341
0.151261 1.49367 1.25817 -0.00387323 0.0563825
0.176471 1.49367 1.25935 -0.00274418 0.0649041
0.201681 1.49367 1.26038 -0.00110071 0.0730593
0.226891 1.49367 1.2613 0.00104093 0.0808101
0.252101 1.49367 1.26215 0.00366496 0.0881157
0.277311 1.49367 1.26294 0.00675543 0.0949343
0.302521 1.49367 1.26366 0.0102924 0.101227
0.327731 1.49367 1.26422 0.0142481 0.106962
0.352941 1.49367 1.26458 0.0185855 0.112119
0.378151 1.49367 1.26468 0.0232614 0.116686
0.403361 1.49367 1.26451 0.0282311 0.120658
0.428571 1.49367 1.26407 0.0334517 0.124032
0.453782 1.49367 1.26338 0.0388848 0.126806
0.478992 1.49367 1.26246 0.0444956 0.128974
0.504202 1.49367 1.26131 0.0502514 0.130531
0.529412 1.49367 1.25992 0.0561198 0.131475
0.554622 1.49367 1.25828 0.0620672 0.131804
0.579832 1.49367 1.25639 0.0680589 0.131518
0.605042 1.49367 1.25419 0.0740558 0.130623
0.630252 1.49367 1.25179 0.0800239 0.129129
0.655462 1.49367 1.24893 0.085915 0.127041
0.680672 1.49367 1.24608 0.0916998 0.124385
0.705882 1.49367 1.24254 0.0973237 0.12116
0.731092 1.49367 1.23925 0.102754 0.11742
0.756303 1.49367 1.23517 0.107945 0.113153
0.781513 1.49367 1.23134 0.11285 0.108437
0.806723 1.49367 1.22691 0.117437 0.103272
0.831933 1.49367 1.22254 0.121653 0.0977392
0.857143 1.49367 1.21785 0.125472 0.0918696
0.882353 1.49367 1.21307 0.128854 0.0857386
0.907563 1.49367 1.20814 0.131775 0.079407
0.932773 1.49367 1.20312 0.134213 0.07295
0.957983 1.49367 1.19803 0.136157 0.0664423
0.983193 1.49367 1.19291 0.137604 0.0599604
1.0084 1.49367 1.18777 0.138561 0.053579
1.03361 1.49367 1.18266 0.139045 0.0473685
1.05882 1.49367 1.1776 0.139081 0.0413926
1.08403 1.49367 1.17261 0.138703 0.035706
1.10924 1.49367 1.16771 0.137948 0.0303534
1.13445 1.49367 1.16291 0.136859 0.0253681
1.15966 1.49367 1.15822 0.135477 0.0207723
1.18487 1.49367 1.15366 0.133848 0.016578
1.21008 1.49367 1.14921 0.13201 0.0127874
1.23529 1.49367 1.14489 0.130003 0.00939451
1.2605 1.49367 1.14069 0.127861 0.00638685
1.28571 1.49367 1.1366 0.125615 0.00374653
1.31092 1.49367 1.13263 0.12329 0.00145184
1.33613 1.49367 1.12876 0.12091 -0.000521539
1.36134 1.49367 1.125 0.118493 -0.00219946
1.38655 1.49367 1.12133 0.116054 -0.00360843
1.41176 1.49367 1.11775 0.113606 -0.00477491
1.43697 1.49367 1.11425 0.111159 -0.00572476
1.46218 1.49367 1.11084 0.108719 -0.00648283
1.48739 1.49367 1.10749 0.106293 -0.0070727
1.51261 1.49367 1.10422 0.103885 -0.00751648
1.53782 1.49367 1.10101 0.101496 -0.00783472
1.56303 1.49367 1.09787 0.09913 -0.00804637
1.58824 1.49367 1.09478 0.0967864 -0.00816875
1.61345 1.49367 1.09174 0.0944655 -0.00821764
1.63866 1.49367 1.08875 0.092167 -0.00820729
1.66387 1.49367 1.08581 0.0898898 -0.00815049
1.68908 1.49367 1.08291 0.0876329 -0.00805862
1.71429 1.49367 1.08006 0.0853946 -0.00794174
1.7395 1.49367 1.07725 0.0831733 -0.00780861
1.76471 1.49367 1.07447 0.0809669 -0.00766676
1.78992 1.49367 1.07174 0.0787733 -0.00752246
1.81513 1.49367 1.06904 0.0765906 -0.00738079
1.84034 1.49367 1.06638 0.0744165 -0.0072456
1.86555 1.49367 1.06376 0.0722489 -0.00711952
1.89076 1.49367 1.06118 0.0700859 -0.00700398
1.91597 1.49367 1.05864 0.067926 -0.00689921
1.94118 1.49367 1.05615 0.0657677 -0.00680433
1.96639 1.49367 1.0537 0.0636105 -0.00671742
1.9916 1.49367 1.0513 0.0614544 -0.00663576
2.01681 1.49367 1.04896 0.0593001 -0.00655598
2.04202 1.49367 1.04668 0.0571494 -0.00647442
2.06723 1.49367 1.04446 0.0550045 -0.00638736
2.09244 1.49367 1.04231 0.0528689 -0.00629139
2.11765 1.49367 1.04023 0.0507463 -0.0061836
2.14286 1.49367 1.03822 0.0486409 -0.00606179
2.16807 1.49367 1.03628 0.0465572 -0.00592453
2.19328 1.49367 1.03442 0.0444997 -0.00577121
2.21849 1.49367 1.03264 0.0424725 -0.00560198
2.2437 1.49367 1.03093 0.0404798 -0.00541762
2.26891 1.49367 1.0293 0.0385249 -0.00521945
2.29412 1.49367 1.02774 0.036611 -0.00500921
2.31933 1.49367 1.02626 0.0347404 -0.00478888
2.34454 1.49367 1.02485 0.0329152 -0.00456058
2.36975 1.49367 1.02351 0.0311367 -0.00432649
2.39496 1.49367 1.02225 0.029406 -0.00408875
2.42017 1.49367 1.02105 0.0277234 -0.00384937
2.44538 1.49367 1.01992 0.0260889 -0.00361022
2.47059 1.49367 1.01885 0.0245023 -0.00337298
2.4958 1.49367 1.01785 0.0229629 -0.00313915
2.52101 1.49367 1.01691 0.0214697 -0.00290998
2.54622 1.49367 1.01604 0.0200215 -0.00268656
2.57143 1.49367 1.01522 0.0186169 -0.00246977
2.59664 1.49367 1.01446 0.0172543 -0.00226029
2.62185 1.49367 1.01376 0.0159321 -0.00205867
2.64706 1.49367 1.01312 0.0146485 -0.0018653
2.67227 1.49367 1.01254 0.0134016 -0.00168044
2.69748 1.49367 1.01201 0.0121898 -0.00150426
2.72269 1.49367 1.01153 0.0110113 -0.00133683
2.7479 1.49367 1.01111 0.00986437 -0.00117813
2.77311 1.49367 1.01074 0.00874765 -0.0010281
2.79832 1.49367 1.01043 0.0076599 -0.000886571
2.82353 1.49367 1.01017 0.00660019 -0.000753323
2.84874 1.49367 1.00996 0.00556801 -0.00062802
2.87395 1.49367 1.00982 0.00456332 -0.000510196
2.89916 1.49367 1.00973 0.0035867 -0.000399204
2.92437 1.49367 1.0097 0.00263941 -0.000294146
2.94958 1.49367 1.00972 0.00172358 -0.000193793
2.97479 1.49367 1.00981 0.000842265 -9.64829e-05
3 1.49367 1.00997 0 0

0 1.51899 1.24949 0 0
0.0252101 1.51899 1.25099 -0.00190728 0.00938292
0.0504202 1.51899 1.25234 -0.00339276 0.0186395
0.0756303 1.51899 1.25373 -0.00442996 0.0277271
0.10084 1.51899 1.2551 -0.00498505 0.0366037
0.12605 1.51899 1.25645 -0.00503494 0.045225
0.151261 1.51899 1.25774 -0.00456444 0.0535491
0.176471 1.51899 1.25892 -0.00357128 0.0615386
0.201681 1.51899 1.25996 -0.00206465 0.069161
0.226891 1.51899 1.26087 -6.06901e-05 0.0763868
0.252101 1.51899 1.26167 0.00242267 0.0831861
0.277311 1.51899 1.26238 0.00536771 0.0895272
0.302521 1.51899 1.26302 0.00875539 0.0953781
0.327731 1.51899 1.26354 0.012562 0.10071
0.352941 1.51899 1.26389 0.0167567 0.105503
0.378151 1.51899 1.26402 0.0213019 0.109741
0.403361 1.51899 1.2639 0.0261556 0.113419
0.428571 1.51899 1.26351 0.0312752 0.116534
0.453782 1.51899 1.26286 0.0366199 0.119084
0.478992 1.51899 1.26196 0.0421518 0.121068
0.504202 1.51899 1.26082 0.0478355 0.122483
0.529412 1.51899 1.25945 0.0536366 0.123327
0.554622 1.51899 1.25782 0.0595203 0.123599
0.579832 1.51899 1.25596 0.0654519 0.123301
0.605042 1.51899 1.25381 0.0713926 0.122437
0.630252 1.51899 1.25145 0.0773074 0.121017
0.655462 1.51899 1.2487 0.0831513 0.119047
0.680672 1.51899 1.24588 0.0888908 0.116551
0.705882 1.51899 1.24253 0.0944776 0.113533
0.731092 1.51899 1.23923 0.0998751 0.110038
0.756303 1.51899 1.23539 0.105041 0.106068
0.781513 1.51899 1.23157 0.109932 0.101682
0.806723 1.51899 1.22735 0.114514 0.0968972
0.831933 1.51899 1.22306 0.118744 0.0917748
0.857143 1.51899 1.21853 0.122592 0.0863541
0.882353 1.51899 1.21389 0.126025 0.0806974
0.907563 1.51899 1.2091 0.129019 0.0748627
0.932773 1.51899 1.20422 0.131557 0.0689155
0.957983 1.51899 1.19927 0.133626 0.0629224
0.983193 1.51899 1.19427 0.135225 0.0569506
1.0084 1.51899 1.18926 0.136358 0.0510657
1.03361 1.51899 1.18425 0.137039 0.0453295
1.05882 1.51899 1.17928 0.137291 0.0397985
1.08403 1.51899 1.17436 0.137139 0.0345215
1.10924 1.51899 1.16951 0.136618 0.029539
1.13445 1.51899 1.16475 0.135763 0.0248821
1.15966 1.51899 1.16008 0.134613 0.0205727
1.18487 1.51899 1.15551 0.133204 0.0166235
1.21008 1.51899 1.15105 0.131575 0.013039
1.23529 1.51899 1.1467 0.12976 0.00981626
1.2605 1.51899 1.14246 0.127792 0.00694635
1.28571 1.51899 1.13832 0.125701 0.00441524
1.31092 1.51899 1.13429 0.123512 0.00220512
1.33613 1.51899 1.13036 0.121248 0.000295448
1.36134 1.51899 1.12653 0.118928 -0.00133611
1.38655 1.51899 1.12279 0.116568 -0.00271287
1.41176 1.51899 1.11914 0.114183 -0.00385844
1.43697 1.51899 1.11557 0.111783 -0.00479623
1.46218 1.51899 1.11209 0.109377 -0.00554899
1.48739 1.51899 1.10867 0.106973 -0.00613853
1.51261 1.51899 1.10533 0.104576 -0.00658553
1.53782 1.51899 1.10206 0.102189 -0.00690935
1.56303 1.51899 1.09885 0.0998159 -0.00712798
1.58824 1.51899 1.0957 0.0974587 -0.00725801
1.61345 1.51899 1.09261 0.0951183 -0.00731459
1.63866 1.51899 1.08956 0.0927954 -0.00731151
1.66387 1.51899 1.08657 0.0904899 -0.00726118
1.68908 1.51899 1.08363 0.0882013 -0.0071747
1.71429 1.51899 1.08073 0.0859287 -0.00706188
1.7395 1.51899 1.07788 0.0836712 -0.00693132
1.76471 1.51899 1.07507 0.0814272 -0.00679037
1.78992 1.51899 1.0723 0.0791955 -0.00664522
1.81513 1.51899 1.06957 0.0769743 -0.00650091
1.84034 1.51899 1.06688 0.0747621 -0.00636129
1.86555 1.51899 1.06424 0.0725573 -0.00622908
1.89076 1.51899 1.06164 0.0703586 -0.0061059
1.91597 1.51899 1.05908 0.0681649 -0.00599229
1.94118 1.51899 1.05657 0.0659753 -0.00588777
1.96639 1.51899 1.05411 0.0637896 -0.00579098
1.9916 1.51899 1.0517 0.0616081 -0.00569981
2.01681 1.51899 1.04935 0.0594318 -0.00561164
2.04202 1.51899 1.04706 0.0572623 -0.0055235
2.06723 1.51899 1.04483 0.0551021 -0.00543238
2.09244 1.51899 1.04267 0.052954 -0.00533542
2.11765 1.51899 1.04058 0.0508216 -0.00523017
2.14286 1.51899 1.03855 0.0487087 -0.00511467
2.16807 1.51899 1.03661 0.0466193 -0.00498759
2.19328 1.51899 1.03473 0.0445573 -0.00484823
2.21849 1.51899 1.03293 0.0425267 -0.00469649
2.2437 1.51899 1.03121 0.0405312 -0.00453285
2.26891 1.51899 1.02956 0.0385738 -0.0043582
2.29412 1.51899 1.02799 0.0366575 -0.00417384
2.31933 1.51899 1.02649 0.0347846 -0.00398127
2.34454 1.51899 1.02506 0.032957 -0.00378218
2.36975 1.51899 1.02371 0.0311761 -0.0035783
2.39496 1.51899 1.02243 0.0294427 -0.00337136
2.42017 1.51899 1.02121 0.0277574 -0.00316303
2.44538 1.51899 1.02007 0.0261202 -0.00295487
2.47059 1.51899 1.01899 0.0245309 -0.00274831
2.4958 1.51899 1.01797 0.0229888 -0.00254462
2.52101 1.51899 1.01702 0.0214929 -0.0023449
2.54622 1.51899 1.01613 0.0200423 -0.00215011
2.57143 1.51899 1.01531 0.0186354 -0.00196104
2.59664 1.51899 1.01454 0.0172708 -0.00177837
2.62185 1.51899 1.01383 0.0159467 -0.00160262
2.64706 1.51899 1.01318 0.0146615 -0.00143426
2.67227 1.51899 1.01258 0.0134133 -0.00127363
2.69748 1.51899 1.01204 0.0122003 -0.00112105
2.72269 1.51899 1.01156 0.0110207 -0.000976788
2.7479 1.51899 1.01113 0.00987296 -0.000841089
2.77311 1.51899 1.01075 0.00875546 -0.0007142
2.79832 1.51899 1.01044 0.00766696 -0.000596368
2.82353 1.51899 1.01017 0.00660651 -0.000487846
2.84874 1.51899 1.00996 0.00557354 -0.00038888
2.87395 1.51899 1.00981 0.00456799 -0.000299692
2.89916 1.51899 1.00972 0.00359041 -0.000220436
2.92437 1.51899 1.00969 0.0026421 -0.000151148
2.94958 1.51899 1.00971 0.00172525 -9.16725e-05
2.97479 1.51899 1.0098 0.000842983 -4.15671e-05
3 1.51899 1.00996 0 0

0 1.5443 1.24898 0 0
0.0252101 1.5443 1.2505 -0.00201456 0.00898355
0.0504202 1.5443 1.25185 -0.00360741 0.0178092
0.0756303 1.5443 1.25325 -0.0047551 0.0264375
0.10084 1.5443 1.2546 -0.00542662 0.0348308
0.12605 1.5443 1.25593 -0.00560059 0.0429508
0.151261 1.5443 1.25721 -0.00526082 0.0507617
0.176471 1.5443 1.25841 -0.00440228 0.0582313
0.201681 1.5443 1.25948 -0.00303089 0.0653326
0.226891 1.5443 1.2604 -0.00116126 0.0720428
0.252101 1.5443 1.2612 0.00118776 0.0783407
0.277311 1.5443 1.26188 0.00399635 0.0842039
0.302521 1.5443 1.26247 0.00724424 0.0896088
0.327731 1.5443 1.26295 0.0109089 0.094532
0.352941 1.5443 1.26328 0.0149631 0.0989537
0.378151 1.5443 1.26343 0.0193737 0.10286
0.403361 1.5443 1.26335 0.0241025 0.106242
0.428571 1.5443 1.26301 0.0291086 0.109096
0.453782 1.5443 1.26242 0.0343508 0.111423
0.478992 1.5443 1.26157 0.0397892 0.11322
0.504202 1.5443 1.26046 0.045386 0.114489
0.529412 1.5443 1.25912 0.0511047 0.115229
0.554622 1.5443 1.25752 0.0569095 0.11544
0.579832 1.5443 1.25569 0.0627647 0.115126
0.605042 1.5443 1.25358 0.0686322 0.11429
0.630252 1.5443 1.25126 0.0744763 0.112942
0.655462 1.5443 1.24861 0.0802546 0.111088
0.680672 1.5443 1.24582 0.0859315 0.108751
0.705882 1.5443 1.24262 0.0914632 0.105938
0.731092 1.5443 1.23934 0.0968116 0.102686
0.756303 1.5443 1.23567 0.101937 0.0990062
0.781513 1.5443 1.23191 0.106799 0.0949456
0.806723 1.5443 1.22785 0.111363 0.0905282
0.831933 1.5443 1.22365 0.115591 0.0858046
0.857143 1.5443 1.21925 0.119454 0.0808157
0.882353 1.5443 1.21472 0.122922 0.075615
0.907563 1.5443 1.21006 0.125974 0.0702559
0.932773 1.5443 1.2053 0.128592 0.0647964
0.957983 1.5443 1.20046 0.130766 0.0592954
0.983193 1.5443 1.19558 0.132493 0.0538121
1.0084 1.5443 1.19066 0.133778 0.0484044
1.03361 1.5443 1.18575 0.13463 0.0431266
1.05882 1.5443 1.18085 0.135069 0.0380286
1.08403 1.5443 1.17599 0.135118 0.0331542
1.10924 1.5443 1.17119 0.134804 0.0285398
1.13445 1.5443 1.16645 0.13416 0.0242142
1.15966 1.5443 1.1618 0.133218 0.0201982
1.18487 1.5443 1.15723 0.132012 0.0165051
1.21008 1.5443 1.15275 0.130577 0.0131406
1.23529 1.5443 1.14838 0.128943 0.0101042
1.2605 1.5443 1.1441 0.127143 0.00738947
1.28571 1.5443 1.13992 0.125202 0.00498567
1.31092 1.5443 1.13583 0.123148 0.00287824
1.33613 1.5443 1.13185 0.121002 0.00104988
1.36134 1.5443 1.12795 0.118784 -0.000518601
1.38655 1.5443 1.12415 0.116511 -0.00184761
1.41176 1.5443 1.12043 0.114198 -0.00295811
1.43697 1.5443 1.1168 0.111856 -0.00387115
1.46218 1.5443 1.11325 0.109496 -0.00460741
1.48739 1.5443 1.10977 0.107125 -0.00518696
1.51261 1.5443 1.10637 0.104752 -0.00562893
1.53782 1.5443 1.10303 0.10238 -0.00595144
1.56303 1.5443 1.09976 0.100015 -0.00617143
1.58824 1.5443 1.09656 0.097658 -0.00630461
1.61345 1.5443 1.09341 0.0953125 -0.00636544
1.63866 1.5443 1.09031 0.0929795 -0.00636713
1.66387 1.5443 1.08727 0.0906599 -0.00632161
1.68908 1.5443 1.08428 0.0883538 -0.00623961
1.71429 1.5443 1.08134 0.0860612 -0.00613064
1.7395 1.5443 1.07845 0.0837815 -0.00600303
1.76471 1.5443 1.0756 0.081514 -0.00586396
1.78992 1.5443 1.0728 0.0792578 -0.00571951
1.81513 1.5443 1.07004 0.0770119 -0.0055746
1.84034 1.5443 1.06732 0.0747751 -0.0054331
1.86555 1.5443 1.06466 0.0725465 -0.00529781
1.89076 1.5443 1.06203 0.0703251 -0.00517049
1.91597 1.5443 1.05946 0.0681102 -0.00505193
1.94118 1.5443 1.05693 0.0659016 -0.004942
1.96639 1.5443 1.05445 0.0636992 -0.0048398
1.9916 1.5443 1.05203 0.0615037 -0.00474373
2.01681 1.5443 1.04967 0.0593162 -0.00465174
2.04202 1.5443 1.04737 0.0571383 -0.00456145
2.06723 1.5443 1.04513 0.0549724 -0.00447039
2.09244 1.5443 1.04296 0.0528212 -0.00437617
2.11765 1.5443 1.04085 0.0506878 -0.00427668
2.14286 1.5443 1.03882 0.0485759 -0.00417019
2.16807 1.5443 1.03686 0.046489 -0.00405543
2.19328 1.5443 1.03497 0.0444307 -0.00393164
2.21849 1.5443 1.03316 0.0424047 -0.00379856
2.2437 1.5443 1.03142 0.0404141 -0.00365638
2.26891 1.5443 1.02976 0.038462 -0.00350567
2.29412 1.5443 1.02817 0.0365511 -0.00334731
2.31933 1.5443 1.02666 0.0346835 -0.00318245
2.34454 1.5443 1.02522 0.032861 -0.00301234
2.36975 1.5443 1.02385 0.031085 -0.00283834
2.39496 1.5443 1.02256 0.0293564 -0.00266183
2.42017 1.5443 1.02133 0.0276755 -0.00248415
2.44538 1.5443 1.02017 0.0260427 -0.00230658
2.47059 1.5443 1.01908 0.0244575 -0.00213028
2.4958 1.5443 1.01805 0.0229194 -0.00195634
2.52101 1.5443 1.01709 0.0214275 -0.0017857
2.54622 1.5443 1.01619 0.0199808 -0.00161918
2.57143 1.5443 1.01535 0.0185778 -0.00145752
2.59664 1.5443 1.01458 0.0172171 -0.00130133
2.62185 1.5443 1.01386 0.0158971 -0.00115115
2.64706 1.5443 1.0132 0.0146159 -0.00100749
2.67227 1.5443 1.01259 0.0133718 -0.000870776
2.69748 1.5443 1.01205 0.012163 -0.000741466
2.72269 1.5443 1.01156 0.0109875 -0.000620018
2.7479 1.5443 1.01112 0.00984384 -0.000506931
2.77311 1.5443 1.01074 0.00873035 -0.000402774
2.79832 1.5443 1.01042 0.00764571 -0.000308195
2.82353 1.5443 1.01015 0.00658892 -0.000223937
2.84874 1.5443 1.00993 0.00555936 -0.000150841
2.87395 1.5443 1.00978 0.00455691 -8.98347e-05
2.89916 1.5443 1.00968 0.00358212 -4.19085e-05
2.92437 1.5443 1.00965 0.00263625 -8.07078e-06
2.94958 1.5443 1.00967 0.00172154 1.07138e-05
2.97479 1.5443 1.00976 0.00084118 1.36082e-05
3 1.5443 1.00992 0 0

0 1.56962 1.24837 0 0
0.0252101 1.56962 1.2499 -0.00212352 0.00858879
0.0504202 1.56962 1.25126 -0.00382683 0.0169904
0.0756303 1.56962 1.25266 -0.00508782 0.0251672
0.10084 1.56962 1.254 -0.00587724 0.0330851
0.12605 1.56962 1.25533 -0.00617508 0.0407118
0.151261 1.56962 1.25661 -0.00596485 0.0480177
0.176471 1.56962 1.25783 -0.00523962 0.0549762
0.201681 1.56962 1.25893 -0.00400236 0.0615658
0.226891 1.56962 1.2599 -0.00226544 0.0677694
0.252101 1.56962 1.26072 -4.74195e-05 0.0735724
0.277311 1.56962 1.26142 0.00263035 0.0789606
0.302521 1.56962 1.26199 0.00574562 0.0839182
0.327731 1.56962 1.26244 0.00927507 0.0884283
0.352941 1.56962 1.26276 0.0131927 0.0924749
0.378151 1.56962 1.26292 0.0174681 0.0960448
0.403361 1.56962 1.26287 0.0220665 0.0991292
0.428571 1.56962 1.26258 0.0269493 0.101724
0.453782 1.56962 1.26205 0.0320763 0.103827
0.478992 1.56962 1.26126 0.0374072 0.105439
0.504202 1.56962 1.26021 0.0429026 0.106562
0.529412 1.56962 1.25891 0.0485245 0.107197
0.554622 1.56962 1.25735 0.0542356 0.107347
0.579832 1.56962 1.25556 0.0599995 0.107014
0.605042 1.56962 1.2535 0.0657784 0.106204
0.630252 1.56962 1.25122 0.071536 0.104925
0.655462 1.56962 1.24865 0.0772323 0.103186
0.680672 1.56962 1.24589 0.0828308 0.101005
0.705882 1.56962 1.24281 0.0882909 0.0983933
0.731092 1.56962 1.23957 0.0935745 0.0953807
0.756303 1.56962 1.23603 0.0986441 0.0919841
0.781513 1.56962 1.23233 0.103461 0.0882413
0.806723 1.56962 1.22839 0.107993 0.0841801
0.831933 1.56962 1.22428 0.112204 0.079843
0.857143 1.56962 1.22 0.116066 0.0752697
0.882353 1.56962 1.21557 0.119553 0.0705073
0.907563 1.56962 1.21101 0.122645 0.0656043
0.932773 1.56962 1.20635 0.125324 0.0606119
0.957983 1.56962 1.20161 0.127582 0.0555824
0.983193 1.56962 1.19682 0.129415 0.0505679
1.0084 1.56962 1.19199 0.130826 0.0456194
1.03361 1.56962 1.18714 0.131824 0.0407848
1.05882 1.56962 1.18231 0.132425 0.0361082
1.08403 1.56962 1.1775 0.132647 0.0316285
1.10924 1.56962 1.17273 0.132516 0.0273785
1.13445 1.56962 1.16802 0.132059 0.0233847
1.15966 1.56962 1.16338 0.131304 0.0196666
1.18487 1.56962 1.15881 0.130283 0.0162373
1.21008 1.56962 1.15432 0.129026 0.0131033
1.23529 1.56962 1.14992 0.127562 0.0102656
1.2605 1.56962 1.1456 0.12592 0.00772013
1.28571 1.56962 1.14138 0.124125 0.0054585
1.31092 1.56962 1.13725 0.122204 0.0034689
1.33613 1.56962 1.13321 0.120177 0.00173685
1.36134 1.56962 1.12926 0.118064 0.000245895
1.38655 1.56962 1.1254 0.115883 -0.00102175
1.41176 1.56962 1.12162 0.113648 -0.0020846
1.43697 1.56962 1.11793 0.111373 -0.00296147
1.46218 1.56962 1.11432 0.109068 -0.00367108
1.48739 1.56962 1.11078 0.106743 -0.00423171
1.51261 1.56962 1.10732 0.104406 -0.00466099
1.53782 1.56962 1.10392 0.102062 -0.0049757
1.56303 1.56962 1.1006 0.0997174 -0.00519169
1.58824 1.56962 1.09734 0.0973751 -0.00532371
1.61345 1.56962 1.09413 0.0950383 -0.00538544
1.63866 1.56962 1.09099 0.0927094 -0.00538941
1.66387 1.56962 1.0879 0.0903898 -0.00534702
1.68908 1.56962 1.08487 0.0880805 -0.00526853
1.71429 1.56962 1.08189 0.0857819 -0.00516308
1.7395 1.56962 1.07895 0.0834943 -0.00503872
1.76471 1.56962 1.07607 0.0812174 -0.00490238
1.78992 1.56962 1.07323 0.0789508 -0.00475996
1.81513 1.56962 1.07044 0.0766939 -0.0046163
1.84034 1.56962 1.0677 0.0744463 -0.00447522
1.86555 1.56962 1.06501 0.0722072 -0.00433956
1.89076 1.56962 1.06236 0.0699762 -0.0042112
1.91597 1.56962 1.05977 0.0677531 -0.00409112
1.94118 1.56962 1.05722 0.0655379 -0.0039795
1.96639 1.56962 1.05473 0.0633309 -0.00387578
1.9916 1.56962 1.0523 0.0611329 -0.00377879
2.01681 1.56962 1.04992 0.0589452 -0.00368693
2.04202 1.56962 1.04761 0.0567694 -0.00359828
2.06723 1.56962 1.04536 0.0546079 -0.00351081
2.09244 1.56962 1.04317 0.0524632 -0.0034225
2.11765 1.56962 1.04106 0.0503382 -0.00333153
2.14286 1.56962 1.03901 0.0482362 -0.00323634
2.16807 1.56962 1.03704 0.0461604 -0.00313573
2.19328 1.56962 1.03514 0.0441142 -0.00302889
2.21849 1.56962 1.03332 0.0421009 -0.00291541
2.2437 1.56962 1.03157 0.0401235 -0.00279526
2.26891 1.56962 1.0299 0.0381847 -0.00266874
2.29412 1.56962 1.0283 0.036287 -0.0025364
2.31933 1.56962 1.02677 0.0344325 -0.00239903
2.34454 1.56962 1.02532 0.0326229 -0.00225755
2.36975 1.56962 1.02394 0.0308594 -0.00211297
2.39496 1.56962 1.02264 0.0291429 -0.00196635
2.42017 1.56962 1.0214 0.0274739 -0.00181875
2.44538 1.56962 1.02023 0.0258525 -0.00167116
2.47059 1.56962 1.01913 0.0242784 -0.00152454
2.4958 1.56962 1.01809 0.0227512 -0.00137977
2.52101 1.56962 1.01712 0.02127 -0.00123764
2.54622 1.56962 1.01621 0.0198337 -0.00109885
2.57143 1.56962 1.01536 0.018441 -0.000964062
2.59664 1.56962 1.01458 0.0170905 -0.000833839
2.62185 1.56962 1.01385 0.0157805 -0.000708727
2.64706 1.56962 1.01319 0.0145092 -0.000589246
2.67227 1.56962 1.01258 0.0132749 -0.00047593
2.69748 1.56962 1.01202 0.0120756 -0.000369348
2.72269 1.56962 1.01152 0.0109097 -0.000270145
2.7479 1.56962 1.01108 0.00977527 -0.000179064
2.77311 1.56962 1.0107 0.00867077 -9.69896e-05
2.79832 1.56962 1.01037 0.00759481 -2.49688e-05
2.82353 1.56962 1.01009 0.0065463 3.57597e-05
2.84874 1.56962 1.00987 0.00552455 8.37515e-05
2.87395 1.56962 1.00971 0.00452938 0.000117351
2.89916 1.56962 1.00961 0.00356127 0.000134705
2.92437 1.56962 1.00957 0.00262148 0.000133793
2.94958 1.56962 1.00959 0.00171223 0.000112479
2.97479 1.56962 1.00968 0.000836755 6.85883e-05
3 1.56962 1.00984 0 0

0 1.59494 1.24766 0 0
0.0252101 1.59494 1.24919 -0.00223358 0.00820133
0.0504202 1.59494 1.25056 -0.00405051 0.0161867
0.0756303 1.59494 1.25197 -0.00542812 0.0239197
0.10084 1.59494 1.25332 -0.00633772 0.0313694
0.12605 1.59494 1.25465 -0.00675984 0.038509
0.151261 1.59494 1.25595 -0.00667803 0.0453156
0.176471 1.59494 1.25718 -0.00608432 0.0517692
0.201681 1.59494 1.25833 -0.00497949 0.0578541
0.226891 1.59494 1.25935 -0.00337379 0.0635585
0.252101 1.59494 1.26023 -0.00128478 0.0688736
0.277311 1.59494 1.26096 0.00126548 0.0737917
0.302521 1.59494 1.26156 0.0042529 0.0783041
0.327731 1.59494 1.26202 0.00765243 0.0824004
0.352941 1.59494 1.26234 0.0114375 0.0860695
0.378151 1.59494 1.26251 0.0155789 0.0893009
0.403361 1.59494 1.26248 0.020044 0.0920864
0.428571 1.59494 1.26224 0.0247964 0.0944211
0.453782 1.59494 1.26176 0.0297978 0.0963033
0.478992 1.59494 1.26103 0.0350082 0.0977334
0.504202 1.59494 1.26005 0.0403882 0.0987133
0.529412 1.59494 1.2588 0.0458986 0.0992456
0.554622 1.59494 1.2573 0.0515014 0.0993339
0.579832 1.59494 1.25555 0.0571592 0.0989826
0.605042 1.59494 1.25355 0.0628345 0.0981972
0.630252 1.59494 1.25131 0.0684907 0.0969865
0.655462 1.59494 1.24881 0.0740895 0.0953593
0.680672 1.59494 1.24609 0.0795942 0.0933317
0.705882 1.59494 1.2431 0.0849667 0.0909166
0.731092 1.59494 1.23991 0.0901698 0.088139
0.756303 1.59494 1.23646 0.0951677 0.0850178
0.781513 1.59494 1.23283 0.0999244 0.0815849
0.806723 1.59494 1.22898 0.104407 0.0778683
0.831933 1.59494 1.22496 0.108585 0.0739049
0.857143 1.59494 1.22076 0.112431 0.069732
0.882353 1.59494 1.21642 0.115919 0.065391
0.907563 1.59494 1.21195 0.119031 0.0609257
0.932773 1.59494 1.20738 0.121752 0.0563813
0.957983 1.59494 1.20272 0.124073 0.0518041
0.983193 1.59494 1.198 0.125989 0.04724
1.0084 1.59494 1.19324 0.127503 0.0427339
1.03361 1.59494 1.18845 0.128622 0.0383279
1.05882 1.59494 1.18367 0.129359 0.0340609
1.08403 1.59494 1.1789 0.12973 0.0299675
1.10924 1.59494 1.17416 0.129758 0.0260771
1.13445 1.59494 1.16947 0.129465 0.0224136
1.15966 1.59494 1.16483 0.128877 0.0189952
1.18487 1.59494 1.16025 0.128022 0.0158345
1.21008 1.59494 1.15575 0.126928 0.0129383
1.23529 1.59494 1.15132 0.12562 0.0103088
1.2605 1.59494 1.14698 0.124127 0.00794334
1.28571 1.59494 1.14272 0.122472 0.0058357
1.31092 1.59494 1.13855 0.12068 0.00397627
1.33613 1.59494 1.13446 0.11877 0.00235294
1.36134 1.59494 1.13046 0.116764 0.000951667
1.38655 1.59494 1.12654 0.114679 -0.000242982
1.41176 1.59494 1.12271 0.112529 -0.0012473
1.43697 1.59494 1.11896 0.110328 -0.00207803
1.46218 1.59494 1.11529 0.108088 -0.00275198
1.48739 1.59494 1.11169 0.105819 -0.00328572
1.51261 1.59494 1.10817 0.103529 -0.00369537
1.53782 1.59494 1.10473 0.101225 -0.00399639
1.56303 1.59494 1.10135 0.0989136 -0.00420344
1.58824 1.59494 1.09803 0.0965987 -0.0043303
1.61345 1.59494 1.09478 0.0942843 -0.00438978
1.63866 1.59494 1.09159 0.0919733 -0.00439368
1.66387 1.59494 1.08846 0.0896679 -0.00435279
1.68908 1.59494 1.08538 0.0873695 -0.00427685
1.71429 1.59494 1.08236 0.0850794 -0.00417458
1.7395 1.59494 1.07939 0.0827981 -0.00405365
1.76471 1.59494 1.07647 0.0805259 -0.00392075
1.78992 1.59494 1.0736 0.078263 -0.00378155
1.81513 1.59494 1.07078 0.0760093 -0.00364076
1.84034 1.59494 1.06801 0.0737646 -0.00350213
1.86555 1.59494 1.06529 0.0715286 -0.00336849
1.89076 1.59494 1.06262 0.0693015 -0.00324181
1.91597 1.59494 1.06001 0.0670832 -0.00312322
1.94118 1.59494 1.05744 0.0648741 -0.00301311
1.96639 1.59494 1.05494 0.0626747 -0.00291121
1.9916 1.59494 1.05249 0.0604861 -0.00281669
2.01681 1.59494 1.0501 0.0583095 -0.00272829
2.04202 1.59494 1.04777 0.0561468 -0.00264449
2.06723 1.59494 1.04551 0.0540001 -0.00256357
2.09244 1.59494 1.04332 0.0518719 -0.00248384
2.11765 1.59494 1.04119 0.0497649 -0.00240368
2.14286 1.59494 1.03914 0.0476821 -0.00232168
2.16807 1.59494 1.03716 0.0456265 -0.00223669
2.19328 1.59494 1.03525 0.0436013 -0.00214788
2.21849 1.59494 1.03341 0.0416093 -0.0020547
2.2437 1.59494 1.03166 0.0396534 -0.00195695
2.26891 1.59494 1.02997 0.0377362 -0.00185468
2.29412 1.59494 1.02836 0.03586 -0.00174817
2.31933 1.59494 1.02683 0.0340266 -0.00163792
2.34454 1.59494 1.02537 0.0322377 -0.00152454
2.36975 1.59494 1.02398 0.0304945 -0.00140875
2.39496 1.59494 1.02266 0.0287979 -0.00129132
2.42017 1.59494 1.02142 0.0271482 -0.00117303
2.44538 1.59494 1.02024 0.0255456 -0.00105465
2.47059 1.59494 1.01913 0.0239899 -0.000936925
2.4958 1.59494 1.01808 0.0224806 -0.000820546
2.52101 1.59494 1.0171 0.0210169 -0.000706159
2.54622 1.59494 1.01619 0.0195978 -0.000594361
2.57143 1.59494 1.01534 0.0182219 -0.00048571
2.59664 1.59494 1.01454 0.0168879 -0.000380739
2.62185 1.59494 1.01381 0.0155941 -0.000279977
2.64706 1.59494 1.01314 0.0143387 -0.000183973
2.67227 1.59494 1.01252 0.01312 -9.33276e-05
2.69748 1.59494 1.01196 0.0119361 -8.72839e-06
2.72269 1.59494 1.01146 0.0107852 6.90125e-05
2.7479 1.59494 1.01101 0.00966541 0.000138916
2.77311 1.59494 1.01062 0.00857512 0.000199794
2.79832 1.59494 1.01029 0.00751287 0.000250206
2.82353 1.59494 1.01001 0.00647747 0.00028842
2.84874 1.59494 1.00978 0.00546814 0.000312381
2.87395 1.59494 1.00962 0.00448463 0.000319691
2.89916 1.59494 1.00951 0.00352731 0.000307605
2.92437 1.59494 1.00947 0.0025974 0.00027305
2.94958 1.59494 1.00948 0.00169707 0.000212668
2.97479 1.59494 1.00956 0.000829602 0.000122885
3 1.59494 1.00972 0 0

0 1.62025 1.24686 0 0
0.0252101 1.62025 1.24837 -0.0023444 0.00782395
0.0504202 1.62025 1.24975 -0.00427806 0.0154021
0.0756303 1.62025 1.25117 -0.00577584 0.0226988
0.10084 1.62025 1.25254 -0.0068082 0.0296863
0.12605 1.62025 1.2539 -0.00735527 0.0363435
0.151261 1.62025 1.25521 -0.00740055 0.0426547
0.176471 1.62025 1.25648 -0.00693575 0.0486072
0.201681 1.62025 1.25768 -0.0059605 0.054192
0.226891 1.62025 1.25876 -0.00448357 0.059403
0.252101 1.62025 1.25971 -0.00252149 0.0642367
0.277311 1.62025 1.26052 -9.64751e-05 0.0686909
0.302521 1.62025 1.26117 0.00276605 0.0727628
0.327731 1.62025 1.26167 0.00603914 0.0764479
0.352941 1.62025 1.26202 0.00969484 0.0797402
0.378151 1.62025 1.2622 0.0137037 0.0826329
0.403361 1.62025 1.2622 0.0180338 0.0851195
0.428571 1.62025 1.262 0.0226509 0.0871958
0.453782 1.62025 1.26157 0.0275179 0.0888595
0.478992 1.62025 1.2609 0.0325965 0.0901107
0.504202 1.62025 1.25998 0.0378475 0.0909513
0.529412 1.62025 1.2588 0.0432318 0.0913846
0.554622 1.62025 1.25736 0.0487112 0.0914145
0.579832 1.62025 1.25567 0.0542477 0.0910464
0.605042 1.62025 1.25372 0.059804 0.0902864
0.630252 1.62025 1.25153 0.0653435 0.0891431
0.655462 1.62025 1.24908 0.0708289 0.0876259
0.680672 1.62025 1.24641 0.0762243 0.0857489
0.705882 1.62025 1.24348 0.081493 0.0835259
0.731092 1.62025 1.24034 0.0865995 0.0809778
0.756303 1.62025 1.23697 0.0915094 0.0781242
0.781513 1.62025 1.2334 0.0961889 0.0749922
0.806723 1.62025 1.22962 0.100607 0.0716089
0.831933 1.62025 1.22567 0.104734 0.0680065
0.857143 1.62025 1.22155 0.108544 0.0642191
0.882353 1.62025 1.21728 0.112016 0.0602834
0.907563 1.62025 1.21288 0.115129 0.0562384
0.932773 1.62025 1.20837 0.117871 0.0521241
0.957983 1.62025 1.20378 0.120233 0.0479812
0.983193 1.62025 1.19912 0.12221 0.0438502
1.0084 1.62025 1.19442 0.123803 0.0397703
1.03361 1.62025 1.18968 0.125019 0.0357787
1.05882 1.62025 1.18494 0.125867 0.0319095
1.08403 1.62025 1.1802 0.126364 0.0281933
1.10924 1.62025 1.17548 0.126526 0.0246562
1.13445 1.62025 1.1708 0.126376 0.0213198
1.15966 1.62025 1.16616 0.125935 0.0182008
1.18487 1.62025 1.16157 0.125228 0.0153109
1.21008 1.62025 1.15705 0.12428 0.0126571
1.23529 1.62025 1.1526 0.123117 0.0102422
1.2605 1.62025 1.14823 0.121762 0.00806477
1.28571 1.62025 1.14393 0.12024 0.00612011
1.31092 1.62025 1.13972 0.118572 0.00440048
1.33613 1.62025 1.13558 0.116779 0.0028958
1.36134 1.62025 1.13153 0.11488 0.0015941
1.38655 1.62025 1.12757 0.112892 0.000482046
1.41176 1.62025 1.12368 0.110832 -0.000454635
1.43697 1.62025 1.11988 0.108712 -0.00123075
1.46218 1.62025 1.11616 0.106545 -0.00186133
1.48739 1.62025 1.11251 0.104341 -0.00236129
1.51261 1.62025 1.10894 0.102109 -0.00274527
1.53782 1.62025 1.10544 0.0998566 -0.00302739
1.56303 1.62025 1.10201 0.0975906 -0.00322114
1.58824 1.62025 1.09864 0.0953161 -0.00333926
1.61345 1.62025 1.09535 0.0930374 -0.00339366
1.63866 1.62025 1.09211 0.090758 -0.00339537
1.66387 1.62025 1.08893 0.0884807 -0.0033545
1.68908 1.62025 1.08582 0.0862075 -0.00328022
1.71429 1.62025 1.08275 0.0839401 -0.00318078
1.7395 1.62025 1.07975 0.0816795 -0.00306345
1.76471 1.62025 1.07679 0.0794265 -0.00293459
1.78992 1.62025 1.07389 0.0771816 -0.00279965
1.81513 1.62025 1.07104 0.0749452 -0.00266314
1.84034 1.62025 1.06824 0.0727175 -0.00252872
1.86555 1.62025 1.0655 0.0704987 -0.00239918
1.89076 1.62025 1.06281 0.0682889 -0.00227652
1.91597 1.62025 1.06017 0.0660888 -0.00216198
1.94118 1.62025 1.05759 0.0638987 -0.0020561
1.96639 1.62025 1.05507 0.0617195 -0.00195883
1.9916 1.62025 1.0526 0.0595524 -0.00186961
2.01681 1.62025 1.0502 0.0573988 -0.00178746
2.04202 1.62025 1.04786 0.0552605 -0.00171114
2.06723 1.62025 1.04559 0.0531395 -0.0016392
2.09244 1.62025 1.04339 0.0510383 -0.00157019
2.11765 1.62025 1.04125 0.0489594 -0.00150267
2.14286 1.62025 1.03919 0.0469056 -0.00143533
2.16807 1.62025 1.0372 0.0448797 -0.00136708
2.19328 1.62025 1.03528 0.0428846 -0.00129704
2.21849 1.62025 1.03344 0.040923 -0.00122458
2.2437 1.62025 1.03167 0.0389975 -0.00114933
2.26891 1.62025 1.02998 0.0371105 -0.00107115
2.29412 1.62025 1.02837 0.0352642 -0.000990086
2.31933 1.62025 1.02682 0.0334603 -0.000906378
2.34454 1.62025 1.02536 0.0317004 -0.00082038
2.36975 1.62025 1.02396 0.0299855 -0.000732546
2.39496 1.62025 1.02264 0.0283165 -0.00064339
2.42017 1.62025 1.02138 0.0266939 -0.00055346
2.44538 1.62025 1.0202 0.0251177 -0.000463309
2.47059 1.62025 1.01908 0.0235878 -0.000373485
2.4958 1.62025 1.01803 0.0221037 -0.000284516
2.52101 1.62025 1.01705 0.0206646 -0.000196905
2.54622 1.62025 1.01613 0.0192695 -0.000111141
2.57143 1.62025 1.01527 0.0179172 -2.76989e-05
2.59664 1.62025 1.01447 0.0166062 5.29379e-05
2.62185 1.62025 1.01374 0.0153349 0.000130259
2.64706 1.62025 1.01306 0.0141017 0.000203696
2.67227 1.62025 1.01244 0.0129047 0.000272593
2.69748 1.62025 1.01188 0.0117421 0.000336159
2.72269 1.62025 1.01137 0.0106119 0.000393428
2.7479 1.62025 1.01092 0.00951235 0.000443205
2.77311 1.62025 1.01052 0.0084417 0.000484009
2.79832 1.62025 1.01018 0.0073984 0.00051402
2.82353 1.62025 1.00989 0.00638117 0.000531021
2.84874 1.62025 1.00966 0.00538911 0.000532344
2.87395 1.62025 1.00949 0.00442184 0.000514839
2.89916 1.62025 1.00938 0.00347963 0.000474844
2.92437 1.62025 1.00933 0.00256359 0.000408193
2.94958 1.62025 1.00934 0.00167584 0.00031025
2.97479 1.62025 1.00941 0.000819616 0.000175972
3 1.62025 1.00956 0 0

0 1.64557 1.24597 0 0
0.0252101 1.64557 1.24744 -0.00245583 0.00745947
0.0504202 1.64557 1.24882 -0.00450928 0.0146402
0.0756303 1.64557 1.25026 -0.0061306 0.0215079
0.10084 1.64557 1.25166 -0.00728808 0.0280379
0.12605 1.64557 1.25305 -0.00796035 0.0342159
0.151261 1.64557 1.25441 -0.00813072 0.0400339
0.176471 1.64557 1.25573 -0.00779112 0.0454874
0.201681 1.64557 1.25699 -0.00694108 0.0505749
0.226891 1.64557 1.25815 -0.00558891 0.0552968
0.252101 1.64557 1.25919 -0.00375062 0.0596549
0.277311 1.64557 1.26008 -0.00144848 0.0636518
0.302521 1.64557 1.26081 0.00129116 0.0672897
0.327731 1.64557 1.26137 0.00443975 0.0705692
0.352941 1.64557 1.26177 0.00796767 0.0734888
0.378151 1.64557 1.262 0.0118444 0.0760456
0.403361 1.64557 1.26204 0.0160382 0.0782357
0.428571 1.64557 1.26188 0.0205154 0.080056
0.453782 1.64557 1.2615 0.0252407 0.0815045
0.478992 1.64557 1.26088 0.0301769 0.082581
0.504202 1.64557 1.26002 0.035286 0.0832871
0.529412 1.64557 1.2589 0.0405297 0.083626
0.554622 1.64557 1.25752 0.04587 0.0836017
0.579832 1.64557 1.25589 0.0512691 0.08322
0.605042 1.64557 1.254 0.0566899 0.0824872
0.630252 1.64557 1.25185 0.0620961 0.0814119
0.655462 1.64557 1.24946 0.0674515 0.0800033
0.680672 1.64557 1.24683 0.0727207 0.0782745
0.705882 1.64557 1.24396 0.0778688 0.0762388
0.731092 1.64557 1.24087 0.0828615 0.0739146
0.756303 1.64557 1.23755 0.087666 0.0713206
0.781513 1.64557 1.23403 0.0922504 0.0684805
0.806723 1.64557 1.23032 0.0965854 0.0654191
0.831933 1.64557 1.22642 0.100643 0.062165
0.857143 1.64557 1.22235 0.1044 0.0587486
0.882353 1.64557 1.21814 0.107834 0.0552027
0.907563 1.64557 1.2138 0.110929 0.0515614
0.932773 1.64557 1.20935 0.113671 0.04786
0.957983 1.64557 1.20481 0.116051 0.0441344
0.983193 1.64557 1.2002 0.118066 0.0404198
1.0084 1.64557 1.19553 0.119715 0.0367507
1.03361 1.64557 1.19083 0.121004 0.0331593
1.05882 1.64557 1.18612 0.121941 0.0296758
1.08403 1.64557 1.1814 0.122539 0.0263269
1.10924 1.64557 1.17669 0.122814 0.0231358
1.13445 1.64557 1.17201 0.122784 0.0201217
1.15966 1.64557 1.16737 0.12247 0.0172996
1.18487 1.64557 1.16277 0.121893 0.0146805
1.21008 1.64557 1.15823 0.121077 0.0122712
1.23529 1.64557 1.15376 0.120045 0.0100746
1.2605 1.64557 1.14935 0.118819 0.00809045
1.28571 1.64557 1.14502 0.11742 0.00631508
1.31092 1.64557 1.14076 0.115872 0.00474232
1.33613 1.64557 1.13659 0.114192 0.00336379
1.36134 1.64557 1.13249 0.1124 0.00216932
1.38655 1.64557 1.12848 0.110513 0.00114744
1.41176 1.64557 1.12455 0.108546 0.000285699
1.43697 1.64557 1.12069 0.106513 -0.00042894
1.46218 1.64557 1.11692 0.104426 -0.00100981
1.48739 1.64557 1.11322 0.102296 -0.00147028
1.51261 1.64557 1.1096 0.100132 -0.00182354
1.53782 1.64557 1.10605 0.0979422 -0.00208239
1.56303 1.64557 1.10257 0.0957337 -0.00225914
1.58824 1.64557 1.09916 0.0935121 -0.00236549
1.61345 1.64557 1.09582 0.0912823 -0.0024124
1.63866 1.64557 1.09254 0.0890482 -0.00241009
1.66387 1.64557 1.08932 0.086813 -0.00236797
1.68908 1.64557 1.08616 0.0845792 -0.00229461
1.71429 1.64557 1.08306 0.0823489 -0.0021977
1.7395 1.64557 1.08002 0.0801236 -0.00208412
1.76471 1.64557 1.07703 0.0779043 -0.00195985
1.78992 1.64557 1.0741 0.075692 -0.00183006
1.81513 1.64557 1.07122 0.0734875 -0.00169906
1.84034 1.64557 1.0684 0.0712911 -0.00157035
1.86555 1.64557 1.06563 0.0691034 -0.00144668
1.89076 1.64557 1.06292 0.0669251 -0.00133002
1.91597 1.64557 1.06026 0.0647567 -0.00122166
1.94118 1.64557 1.05766 0.062599 -0.00112228
1.96639 1.64557 1.05512 0.060453 -0.00103196
1.9916 1.64557 1.05264 0.05832 -0.000950342
2.01681 1.64557 1.05023 0.0562015 -0.000876671
2.04202 1.64557 1.04788 0.0540993 -0.000809913
2.06723 1.64557 1.0456 0.0520155 -0.000748855
2.09244 1.64557 1.04338 0.0499522 -0.000692204
2.11765 1.64557 1.04124 0.047912 -0.000638668
2.14286 1.64557 1.03917 0.0458975 -0.000587037
2.16807 1.64557 1.03717 0.0439112 -0.000536237
2.19328 1.64557 1.03525 0.041956 -0.000485366
2.21849 1.64557 1.0334 0.0400342 -0.000433719
2.2437 1.64557 1.03163 0.0381484 -0.000380791
2.26891 1.64557 1.02993 0.0363007 -0.000326269
2.29412 1.64557 1.02831 0.0344932 -0.000270013
2.31933 1.64557 1.02676 0.0327275 -0.000212035
2.34454 1.64557 1.02529 0.031005 -0.000152466
2.36975 1.64557 1.02389 0.0293268 -9.15319e-05
2.39496 1.64557 1.02256 0.0276938 -2.95245e-05
2.42017 1.64557 1.0213 0.0261062 3.32204e-05
2.44538 1.64557 1.02011 0.0245643 9.63425e-05
2.47059 1.64557 1.01899 0.0230678 0.000159471
2.4958 1.64557 1.01794 0.0216163 0.000222231
2.52101 1.64557 1.01695 0.0202091 0.000284249
2.54622 1.64557 1.01603 0.0188451 0.000345143
2.57143 1.64557 1.01517 0.0175232 0.000404517
2.59664 1.64557 1.01437 0.016242 0.000461943
2.62185 1.64557 1.01363 0.0149999 0.000516933
2.64706 1.64557 1.01294 0.0137953 0.000568912
2.67227 1.64557 1.01232 0.0126263 0.00061718
2.69748 1.64557 1.01175 0.011491 0.000660861
2.72269 1.64557 1.01124 0.0103875 0.000698855
2.7479 1.64557 1.01079 0.00931404 0.00072977
2.77311 1.64557 1.01038 0.00826868 0.000751857
2.79832 1.64557 1.01004 0.00724982 0.000762935
2.82353 1.64557 1.00975 0.00625606 0.000760315
2.84874 1.64557 1.00951 0.00528635 0.000740726
2.87395 1.64557 1.00933 0.00434015 0.000700257
2.89916 1.64557 1.00921 0.00341759 0.000634308
2.92437 1.64557 1.00915 0.00251962 0.000537583
2.94958 1.64557 1.00916 0.00164825 0.000404102
2.97479 1.64557 1.00922 0.000806684 0.000227277
3 1.64557 1.00936 0 0

0 1.67089 1.24496 0 0
0.0252101 1.67089 1.24638 -0.00256796 0.00711068
0.0504202 1.67089 1.24776 -0.0047441 0.0139046
0.0756303 1.67089 1.24922 -0.00649176 0.0203495
0.10084 1.67089 1.25066 -0.00777576 0.0264255
0.12605 1.67089 1.25211 -0.00857231 0.0321256
0.151261 1.67089 1.25354 -0.0088644 0.0374509
0.176471 1.67089 1.25494 -0.00864467 0.042406
0.201681 1.67089 1.25627 -0.00791364 0.0469979
0.226891 1.67089 1.25752 -0.00668031 0.051234
0.252101 1.67089 1.25866 -0.00496108 0.0551217
0.277311 1.67089 1.25965 -0.00277859 0.0586684
0.302521 1.67089 1.26048 -0.000159996 0.0618804
0.327731 1.67089 1.26113 0.00286491 0.0647622
0.352941 1.67089 1.2616 0.00626503 0.0673165
0.378151 1.67089 1.26189 0.0100086 0.0695436
0.403361 1.67089 1.26199 0.0140633 0.0714424
0.428571 1.67089 1.26188 0.0183958 0.0730115
0.453782 1.67089 1.26155 0.0229717 0.0742496
0.478992 1.67089 1.26099 0.0277551 0.0751565
0.504202 1.67089 1.26018 0.0327095 0.0757334
0.529412 1.67089 1.25912 0.0377977 0.0759831
0.554622 1.67089 1.2578 0.0429824 0.0759097
0.579832 1.67089 1.25622 0.0482268 0.0755183
0.605042 1.67089 1.25438 0.0534942 0.0748155
0.630252 1.67089 1.25229 0.058749 0.0738093
0.655462 1.67089 1.24995 0.0639559 0.072509
0.680672 1.67089 1.24736 0.0690805 0.0709262
0.705882 1.67089 1.24454 0.0740893 0.0690736
0.731092 1.67089 1.24148 0.0789495 0.0669676
0.756303 1.67089 1.23821 0.0836297 0.0646254
0.781513 1.67089 1.23473 0.0881 0.0620678
0.806723 1.67089 1.23106 0.0923325 0.0593173
0.831933 1.67089 1.2272 0.0963016 0.0563989
0.857143 1.67089 1.22319 0.0999843 0.0533396
0.882353 1.67089 1.21902 0.103361 0.0501681
0.907563 1.67089 1.21472 0.106415 0.0469145
0.932773 1.67089 1.21031 0.109135 0.0436096
0.957983 1.67089 1.20581 0.111512 0.0402846
0.983193 1.67089 1.20123 0.113541 0.0369703
1.0084 1.67089 1.19659 0.115223 0.0336965
1.03361 1.67089 1.19191 0.116561 0.0304913
1.05882 1.67089 1.18721 0.117563 0.027381
1.08403 1.67089 1.1825 0.11824 0.0243887
1.10924 1.67089 1.1778 0.118605 0.021535
1.13445 1.67089 1.17312 0.118675 0.0188367
1.15966 1.67089 1.16846 0.118469 0.0163073
1.18487 1.67089 1.16385 0.118006 0.0139568
1.21008 1.67089 1.15929 0.117306 0.0117915
1.23529 1.67089 1.15479 0.116391 0.00981469
1.2605 1.67089 1.15035 0.115283 0.00802644
1.28571 1.67089 1.14598 0.114001 0.00642415
1.31092 1.67089 1.14169 0.112567 0.00500287
1.33613 1.67089 1.13747 0.110998 0.00375565
1.36134 1.67089 1.13333 0.109312 0.00267388
1.38655 1.67089 1.12927 0.107527 0.00174772
1.41176 1.67089 1.12529 0.105657 0.000966388
1.43697 1.67089 1.12139 0.103716 0.000318461
1.46218 1.67089 1.11757 0.101716 -0.000207824
1.48739 1.67089 1.11383 0.0996678 -0.000624347
1.51261 1.67089 1.11016 0.0975815 -0.0009429
1.53782 1.67089 1.10656 0.095465 -0.00117502
1.56303 1.67089 1.10304 0.0933257 -0.00133183
1.58824 1.67089 1.09958 0.0911695 -0.00142398
1.61345 1.67089 1.0962 0.0890017 -0.00146149
1.63866 1.67089 1.09288 0.0868265 -0.00145373
1.66387 1.67089 1.08962 0.0846475 -0.00140937
1.68908 1.67089 1.08642 0.0824676 -0.00133634
1.71429 1.67089 1.08329 0.080289 -0.0012418
1.7395 1.67089 1.08021 0.0781136 -0.00113213
1.76471 1.67089 1.07719 0.0759429 -0.00101295
1.78992 1.67089 1.07423 0.0737781 -0.000889099
1.81513 1.67089 1.07132 0.0716201 -0.000764649
1.84034 1.67089 1.06847 0.0694697 -0.000642941
1.86555 1.67089 1.06568 0.0673278 -0.000526596
1.89076 1.67089 1.06295 0.0651951 -0.000417556
1.91597 1.67089 1.06027 0.0630725 -0.000317129
1.94118 1.67089 1.05765 0.0609609 -0.00022604
1.96639 1.67089 1.0551 0.0588615 -0.0001445
1.9916 1.67089 1.05261 0.0567757 -7.22803e-05
2.01681 1.67089 1.05018 0.054705 -8.78982e-06
2.04202 1.67089 1.04782 0.0526512 4.68353e-05
2.06723 1.67089 1.04553 0.0506163 9.56457e-05
2.09244 1.67089 1.04331 0.0486025 0.000138795
2.11765 1.67089 1.04115 0.0466122 0.000177464
2.14286 1.67089 1.03908 0.0446478 0.000212795
2.16807 1.67089 1.03707 0.0427118 0.000245839
2.19328 1.67089 1.03515 0.0408066 0.000277521
2.21849 1.67089 1.03329 0.0389346 0.000308613
2.2437 1.67089 1.03152 0.0370982 0.000339728
2.26891 1.67089 1.02981 0.0352993 0.00037132
2.29412 1.67089 1.02819 0.0335399 0.000403696
2.31933 1.67089 1.02664 0.0318214 0.00043703
2.34454 1.67089 1.02516 0.0301453 0.000471382
2.36975 1.67089 1.02376 0.0285126 0.000506727
2.39496 1.67089 1.02243 0.0269239 0.000542963
2.42017 1.67089 1.02117 0.0253798 0.000579943
2.44538 1.67089 1.01998 0.0238802 0.000617477
2.47059 1.67089 1.01885 0.0224251 0.000655353
2.4958 1.67089 1.0178 0.0210139 0.000693336
2.52101 1.67089 1.01681 0.0196461 0.000731173
2.54622 1.67089 1.01589 0.0183206 0.000768582
2.57143 1.67089 1.01502 0.0170363 0.000805247
2.59664 1.67089 1.01422 0.0157919 0.000840794
2.62185 1.67089 1.01348 0.0145858 0.000874768
2.64706 1.67089 1.0128 0.0134164 0.000906596
2.67227 1.67089 1.01217 0.0122818 0.000935552
2.69748 1.67089 1.0116 0.0111802 0.000960694
2.72269 1.67089 1.01109 0.0101097 0.00098081
2.7479 1.67089 1.01063 0.00906824 0.00099434
2.77311 1.67089 1.01022 0.00805407 0.000999295
2.79832 1.67089 1.00987 0.00706538 0.000993161
2.82353 1.67089 1.00957 0.00610064 0.000972804
2.84874 1.67089 1.00933 0.00515862 0.000934366
2.87395 1.67089 1.00914 0.00423859 0.000873177
2.89916 1.67089 1.00901 0.00334047 0.000783686
2.92437 1.67089 1.00894 0.002465 0.000659419
2.94958 1.67089 1.00894 0.00161405 0.000492991
2.97479 1.67089 1.009 0.000790685 0.000276172
3 1.67089 1.00913 0 0

0 1.6962 1.24381 0 0
0.0252101 1.6962 1.24517 -0.00268101 0.00678031
0.0504202 1.6962 1.24655 -0.00498245 0.0131983
0.0756303 1.6962 1.24804 -0.00685811 0.0192256
0.10084 1.6962 1.24954 -0.00826827 0.0248486
0.12605 1.6962 1.25107 -0.00918599 0.0300702
0.151261 1.6962 1.25259 -0.00959411 0.0349016
0.176471 1.6962 1.25409 -0.00948668 0.0393579
0.201681 1.6962 1.25553 -0.00886626 0.0434551
0.226891 1.6962 1.25689 -0.00774377 0.0472084
0.252101 1.6962 1.25814 -0.00613708 0.0506313
0.277311 1.6962 1.25924 -0.00406989 0.0537355
0.302521 1.6962 1.26019 -0.00157023 0.0565309
0.327731 1.6962 1.26095 0.00133107 0.0590254
0.352941 1.6962 1.26152 0.00460177 0.0612245
0.378151 1.6962 1.26189 0.00820909 0.0631315
0.403361 1.6962 1.26206 0.01212 0.0647476
0.428571 1.6962 1.26201 0.0163012 0.066073
0.453782 1.6962 1.26173 0.0207187 0.0671075
0.478992 1.6962 1.26123 0.0253381 0.0678513
0.504202 1.6962 1.26047 0.030124 0.0683053
0.529412 1.6962 1.25947 0.0350407 0.0684719
0.554622 1.6962 1.2582 0.0400523 0.0683545
0.579832 1.6962 1.25668 0.0451229 0.067958
0.605042 1.6962 1.25489 0.0502172 0.0672885
0.630252 1.6962 1.25284 0.0553004 0.0663533
0.655462 1.6962 1.25054 0.0603383 0.0651611
0.680672 1.6962 1.24799 0.0652978 0.0637225
0.705882 1.6962 1.2452 0.0701466 0.0620494
0.731092 1.6962 1.24219 0.0748534 0.060156
0.756303 1.6962 1.23895 0.0793885 0.0580581
0.781513 1.6962 1.2355 0.0837236 0.0557738
0.806723 1.6962 1.23186 0.0878326 0.0533232
0.831933 1.6962 1.22804 0.0916913 0.050728
0.857143 1.6962 1.22405 0.0952784 0.048012
0.882353 1.6962 1.21991 0.0985755 0.0452001
0.907563 1.6962 1.21564 0.101567 0.0423185
0.932773 1.6962 1.21125 0.104242 0.0393939
0.957983 1.6962 1.20677 0.106592 0.0364533
0.983193 1.6962 1.20221 0.108613 0.0335231
1.0084 1.6962 1.19759 0.110304 0.0306291
1.03361 1.6962 1.19292 0.111669 0.0277957
1.05882 1.6962 1.18823 0.112712 0.0250452
1.08403 1.6962 1.18352 0.113445 0.0223981
1.10924 1.6962 1.17881 0.113879 0.0198719
1.13445 1.6962 1.17411 0.11403 0.0174815
1.15966 1.6962 1.16945 0.113912 0.0152387
1.18487 1.6962 1.16481 0.113545 0.0131525
1.21008 1.6962 1.16023 0.112947 0.0112287
1.23529 1.6962 1.15569 0.112138 0.00947057
1.2605 1.6962 1.15122 0.111138 0.00787853
1.28571 1.6962 1.14682 0.109965 0.00645073
1.31092 1.6962 1.14249 0.108639 0.00518318
1.33613 1.6962 1.13823 0.107177 0.00407015
1.36134 1.6962 1.13405 0.105597 0.00310441
1.38655 1.6962 1.12994 0.103915 0.00227753
1.41176 1.6962 1.12592 0.102145 0.00158024
1.43697 1.6962 1.12197 0.100301 0.00100259
1.46218 1.6962 1.11811 0.0983952 0.000534296
1.48739 1.6962 1.11432 0.0964377 0.000164871
1.51261 1.6962 1.1106 0.0944384 -0.000116144
1.53782 1.6962 1.10697 0.0924058 -0.000319039
1.56303 1.6962 1.1034 0.0903472 -0.000453801
1.58824 1.6962 1.0999 0.0882689 -0.000530009
1.61345 1.6962 1.09648 0.0861763 -0.000556746
1.63866 1.6962 1.09312 0.0840737 -0.000542535
1.66387 1.6962 1.08982 0.0819651 -0.000495285
1.68908 1.6962 1.08659 0.0798535 -0.000422256
1.71429 1.6962 1.08342 0.0777415 -0.000330034
1.7395 1.6962 1.08031 0.0756311 -0.000224515
1.76471 1.6962 1.07726 0.0735241 -0.000110895
1.78992 1.6962 1.07427 0.0714218 6.3255e-06
1.81513 1.6962 1.07133 0.0693256 0.000123336
1.84034 1.6962 1.06846 0.0672363 0.000236999
1.86555 1.6962 1.06564 0.065155 0.000344831
1.89076 1.6962 1.06289 0.0630827 0.000444965
1.91597 1.6962 1.06019 0.0610204 0.000536117
1.94118 1.6962 1.05756 0.0589691 0.000617535
1.96639 1.6962 1.05499 0.0569302 0.00068894
1.9916 1.6962 1.05249 0.0549051 0.000750466
2.01681 1.6962 1.05005 0.0528954 0.000802584
2.04202 1.6962 1.04768 0.0509028 0.000846033
2.06723 1.6962 1.04538 0.0489294 0.000881741
2.09244 1.6962 1.04315 0.0469772 0.000910751
2.11765 1.6962 1.04099 0.0450485 0.000934161
2.14286 1.6962 1.03891 0.0431456 0.000953057
2.16807 1.6962 1.0369 0.0412709 0.000968475
2.19328 1.6962 1.03497 0.0394266 0.000981357
2.21849 1.6962 1.03312 0.037615 0.000992531
2.2437 1.6962 1.03134 0.0358382 0.0010027
2.26891 1.6962 1.02963 0.0340982 0.00101243
2.29412 1.6962 1.02801 0.0323966 0.00102217
2.31933 1.6962 1.02645 0.030735 0.00103226
2.34454 1.6962 1.02498 0.0291146 0.0010429
2.36975 1.6962 1.02357 0.0275364 0.00105425
2.39496 1.6962 1.02224 0.026001 0.00106637
2.42017 1.6962 1.02098 0.0245089 0.00107928
2.44538 1.6962 1.01979 0.0230601 0.00109293
2.47059 1.6962 1.01867 0.0216546 0.00110725
2.4958 1.6962 1.01762 0.0202918 0.00112214
2.52101 1.6962 1.01663 0.0189712 0.00113745
2.54622 1.6962 1.0157 0.0176918 0.001153
2.57143 1.6962 1.01484 0.0164525 0.00116854
2.59664 1.6962 1.01404 0.0152521 0.00118376
2.62185 1.6962 1.0133 0.014089 0.00119824
2.64706 1.6962 1.01261 0.0129616 0.00121143
2.67227 1.6962 1.01199 0.0118682 0.00122258
2.69748 1.6962 1.01142 0.0108068 0.00123072
2.72269 1.6962 1.0109 0.00977558 0.00123455
2.7479 1.6962 1.01043 0.00877252 0.00123238
2.77311 1.6962 1.01002 0.00779567 0.00122201
2.79832 1.6962 1.00967 0.00684314 0.00120063
2.82353 1.6962 1.00936 0.00591324 0.00116471
2.84874 1.6962 1.00911 0.00500454 0.00110982
2.87395 1.6962 1.00892 0.00411606 0.00103057
2.89916 1.6962 1.00878 0.00324745 0.000920428
2.92437 1.6962 1.0087 0.00239919 0.00077171
2.94958 1.6962 1.00868 0.0015729 0.000575548
2.97479 1.6962 1.00873 0.00077149 0.000321963
3 1.6962 1.00885 0 0

0 1.72152 1.24249 0 0
0.0252101 1.72152 1.24376 -0.00279527 0.00647092
0.0504202 1.72152 1.24516 -0.00522406 0.0125234
0.0756303 1.72152 1.24668 -0.0072275 0.0181361
0.10084 1.72152 1.24827 -0.00876059 0.0233047
0.12605 1.72152 1.24992 -0.00979298 0.0280445
0.151261 1.72152 1.25157 -0.010308 0.0323791
0.176471 1.72152 1.25319 -0.0103022 0.0363353
0.201681 1.72152 1.25477 -0.00978129 0.0399389
0.226891 1.72152 1.25626 -0.00875946 0.0432132
0.252101 1.72152 1.25764 -0.00725715 0.0461777
0.277311 1.72152 1.25888 -0.00529985 0.0488485
0.302521 1.72152 1.25995 -0.00291682 0.0512387
0.327731 1.72152 1.26084 -0.00013977 0.0533585
0.352941 1.72152 1.26152 0.00299828 0.0552155
0.378151 1.72152 1.26199 0.00646388 0.056815
0.403361 1.72152 1.26224 0.0102236 0.0581601
0.428571 1.72152 1.26227 0.014244 0.0592525
0.453782 1.72152 1.26206 0.0184919 0.0600929
0.478992 1.72152 1.26161 0.0229337 0.0606819
0.504202 1.72152 1.26091 0.0275354 0.0610206
0.529412 1.72152 1.25996 0.0322629 0.0611108
0.554622 1.72152 1.25874 0.0370818 0.0609554
0.579832 1.72152 1.25726 0.0419578 0.0605587
0.605042 1.72152 1.25552 0.046857 0.0599259
0.630252 1.72152 1.25351 0.051746 0.0590638
0.655462 1.72152 1.25124 0.056592 0.0579801
0.680672 1.72152 1.24873 0.0613631 0.0566842
0.705882 1.72152 1.24597 0.0660286 0.055187
0.731092 1.72152 1.24298 0.0705589 0.0535009
0.756303 1.72152 1.23976 0.0749257 0.0516399
0.781513 1.72152 1.23634 0.0791025 0.0496199
0.806723 1.72152 1.23272 0.0830647 0.0474582
0.831933 1.72152 1.22891 0.0867898 0.045174
0.857143 1.72152 1.22494 0.090258 0.0427876
0.882353 1.72152 1.22082 0.0934521 0.0403205
0.907563 1.72152 1.21656 0.0963579 0.0377953
0.932773 1.72152 1.21219 0.0989645 0.0352347
0.957983 1.72152 1.20772 0.101264 0.032662
0.983193 1.72152 1.20316 0.103253 0.0300996
1.0084 1.72152 1.19854 0.10493 0.0275697
1.03361 1.72152 1.19387 0.106297 0.0250929
1.05882 1.72152 1.18917 0.10736 0.0226885
1.08403 1.72152 1.18445 0.108127 0.0203738
1.10924 1.72152 1.17973 0.108609 0.0181639
1.13445 1.72152 1.17501 0.10882 0.0160718
1.15966 1.72152 1.17032 0.108774 0.0141077
1.18487 1.72152 1.16566 0.108487 0.0122796
1.21008 1.72152 1.16104 0.107977 0.0105926
1.23529 1.72152 1.15648 0.107262 0.00904989
1.2605 1.72152 1.15197 0.106359 0.00765205
1.28571 1.72152 1.14753 0.105288 0.0063978
1.31092 1.72152 1.14316 0.104065 0.00528397
1.33613 1.72152 1.13886 0.102708 0.00430582
1.36134 1.72152 1.13464 0.101233 0.00345732
1.38655 1.72152 1.13049 0.0996558 0.00273132
1.41176 1.72152 1.12642 0.0979895 0.00211987
1.43697 1.72152 1.12244 0.0962477 0.00161442
1.46218 1.72152 1.11853 0.094442 0.00120601
1.48739 1.72152 1.11469 0.0925831 0.000885501
1.51261 1.72152 1.11094 0.0906805 0.000643688
1.53782 1.72152 1.10726 0.0887425 0.000471485
1.56303 1.72152 1.10365 0.0867764 0.000360025
1.58824 1.72152 1.10012 0.0847885 0.000300762
1.61345 1.72152 1.09665 0.0827843 0.000285559
1.63866 1.72152 1.09325 0.0807684 0.000306747
1.66387 1.72152 1.08992 0.0787446 0.000357182
1.68908 1.72152 1.08665 0.0767162 0.00043028
1.71429 1.72152 1.08345 0.0746858 0.000520049
1.7395 1.72152 1.08031 0.0726558 0.000621105
1.76471 1.72152 1.07723 0.070628 0.000728685
1.78992 1.72152 1.07421 0.0686039 0.000838649
1.81513 1.72152 1.07125 0.0665849 0.000947477
1.84034 1.72152 1.06836 0.0645722 0.00105226
1.86555 1.72152 1.06552 0.0625669 0.00115066
1.89076 1.72152 1.06274 0.0605702 0.00124093
1.91597 1.72152 1.06003 0.0585831 0.00132184
1.94118 1.72152 1.05738 0.0566069 0.00139263
1.96639 1.72152 1.0548 0.054643 0.00145301
1.9916 1.72152 1.05229 0.0526927 0.00150303
2.01681 1.72152 1.04984 0.0507577 0.00154309
2.04202 1.72152 1.04746 0.0488398 0.00157383
2.06723 1.72152 1.04515 0.0469409 0.0015961
2.09244 1.72152 1.04292 0.0450631 0.00161084
2.11765 1.72152 1.04076 0.0432084 0.00161909
2.14286 1.72152 1.03867 0.0413791 0.00162189
2.16807 1.72152 1.03666 0.0395774 0.00162027
2.19328 1.72152 1.03473 0.0378054 0.00161518
2.21849 1.72152 1.03287 0.0360653 0.00160748
2.2437 1.72152 1.03109 0.034359 0.00159796
2.26891 1.72152 1.02939 0.0326884 0.00158728
2.29412 1.72152 1.02776 0.031055 0.00157599
2.31933 1.72152 1.02621 0.0294603 0.00156455
2.34454 1.72152 1.02473 0.0279054 0.00155333
2.36975 1.72152 1.02333 0.0263912 0.00154259
2.39496 1.72152 1.022 0.0249184 0.00153257
2.42017 1.72152 1.02075 0.0234874 0.00152339
2.44538 1.72152 1.01956 0.0220983 0.00151515
2.47059 1.72152 1.01844 0.0207509 0.00150791
2.4958 1.72152 1.01739 0.0194449 0.00150167
2.52101 1.72152 1.0164 0.0181795 0.00149637
2.54622 1.72152 1.01548 0.0169541 0.00149193
2.57143 1.72152 1.01462 0.0157675 0.00148818
2.59664 1.72152 1.01382 0.0146185 0.00148485
2.62185 1.72152 1.01308 0.0135057 0.00148158
2.64706 1.72152 1.0124 0.0124274 0.00147784
2.67227 1.72152 1.01177 0.0113821 0.0014729
2.69748 1.72152 1.0112 0.0103677 0.00146576
2.72269 1.72152 1.01068 0.00938241 0.00145508
2.7479 1.72152 1.01021 0.0084242 0.00143907
2.77311 1.72152 1.0098 0.00749104 0.00141538
2.79832 1.72152 1.00944 0.00658092 0.00138097
2.82353 1.72152 1.00913 0.00569197 0.00133193
2.84874 1.72152 1.00887 0.00482252 0.00126334
2.87395 1.72152 1.00867 0.00397129 0.00116909
2.89916 1.72152 1.00852 0.00313758 0.0010417
2.92437 1.72152 1.00842 0.00232154 0.00087223
2.94958 1.72152 1.00839 0.00152444 0.000650242
2.97479 1.72152 1.00842 0.000748947 0.000363871
3 1.72152 1.00853 0 0

0 1.74684 1.24094 0 0
0.0252101 1.74684 1.2421 -0.00291102 0.00618466
0.0504202 1.74684 1.24354 -0.00546814 0.0118805
0.0756303 1.74684 1.24513 -0.00759613 0.0170785
0.10084 1.74684 1.24685 -0.00924466 0.0217875
0.12605 1.74684 1.24864 -0.0103803 0.0260394
0.151261 1.74684 1.25045 -0.0109884 0.0298727
0.176471 1.74684 1.25225 -0.0110694 0.0333272
0.201681 1.74684 1.25399 -0.0106338 0.0364393
0.226891 1.74684 1.25565 -0.00970022 0.0392401
0.252101 1.74684 1.25718 -0.00829277 0.0417551
0.277311 1.74684 1.25857 -0.00643943 0.0440041
0.302521 1.74684 1.25979 -0.00417097 0.0460028
0.327731 1.74684 1.26081 -0.00151992 0.0477631
0.352941 1.74684 1.26162 0.00148027 0.0492941
0.378151 1.74684 1.2622 0.00479598 0.050602
0.403361 1.74684 1.26256 0.0083938 0.0516911
0.428571 1.74684 1.26267 0.0122407 0.0525642
0.453782 1.74684 1.26253 0.0163041 0.0532227
0.478992 1.74684 1.26215 0.0205514 0.0536677
0.504202 1.74684 1.26151 0.0249501 0.0539002
0.529412 1.74684 1.2606 0.0294677 0.0539218
0.554622 1.74684 1.25943 0.0340716 0.0537351
0.579832 1.74684 1.25799 0.0387294 0.0533433
0.605042 1.74684 1.25628 0.0434088 0.0527511
0.630252 1.74684 1.25431 0.0480781 0.0519641
0.655462 1.74684 1.25207 0.0527062 0.0509892
0.680672 1.74684 1.24958 0.057263 0.0498347
0.705882 1.74684 1.24684 0.0617191 0.0485099
0.731092 1.74684 1.24387 0.0660468 0.0470257
0.756303 1.74684 1.24067 0.0702195 0.0453943
0.781513 1.74684 1.23726 0.0742123 0.0436294
0.806723 1.74684 1.23364 0.0780024 0.0417459
0.831933 1.74684 1.22985 0.0815687 0.0397601
0.857143 1.74684 1.22588 0.0848929 0.0376894
0.882353 1.74684 1.22176 0.087959 0.0355522
0.907563 1.74684 1.2175 0.0907539 0.0333674
0.932773 1.74684 1.21313 0.0932674 0.0311545
0.957983 1.74684 1.20865 0.0954924 0.0289328
0.983193 1.74684 1.20408 0.0974247 0.0267215
1.0084 1.74684 1.19945 0.0990633 0.0245392
1.03361 1.74684 1.19477 0.10041 0.0224032
1.05882 1.74684 1.19004 0.10147 0.0203298
1.08403 1.74684 1.1853 0.10225 0.0183336
1.10924 1.74684 1.18055 0.102761 0.0164276
1.13445 1.74684 1.17581 0.103013 0.0146226
1.15966 1.74684 1.17109 0.103021 0.0129275
1.18487 1.74684 1.1664 0.102799 0.0113492
1.21008 1.74684 1.16175 0.102364 0.00989221
1.23529 1.74684 1.15715 0.101731 0.00855939
1.2605 1.74684 1.1526 0.100918 0.00735152
1.28571 1.74684 1.14812 0.0999417 0.00626765
1.31092 1.74684 1.14371 0.0988182 0.0053053
1.33613 1.74684 1.13937 0.0975636 0.0044606
1.36134 1.74684 1.1351 0.0961935 0.00372851
1.38655 1.74684 1.13092 0.0947221 0.00310304
1.41176 1.74684 1.12681 0.0931631 0.00257746
1.43697 1.74684 1.12278 0.0915289 0.00214446
1.46218 1.74684 1.11883 0.0898308 0.00179635
1.48739 1.74684 1.11495 0.088079 0.00152522
1.51261 1.74684 1.11116 0.0862829 0.00132308
1.53782 1.74684 1.10744 0.0844504 0.001182
1.56303 1.74684 1.10379 0.0825888 0.00109419
1.58824 1.74684 1.10022 0.0807042 0.00105212
1.61345 1.74684 1.09672 0.0788021 0.00104859
1.63866 1.74684 1.09328 0.076887 0.00107677
1.66387 1.74684 1.08992 0.0749628 0.00113028
1.68908 1.74684 1.08662 0.0730328 0.00120323
1.71429 1.74684 1.08338 0.0710997 0.00129022
1.7395 1.74684 1.08021 0.0691658 0.00138639
1.76471 1.74684 1.07711 0.067233 0.00148743
1.78992 1.74684 1.07406 0.0653031 0.00158958
1.81513 1.74684 1.07108 0.0633774 0.00168961
1.84034 1.74684 1.06816 0.0614573 0.00178486
1.86555 1.74684 1.0653 0.0595439 0.00187319
1.89076 1.74684 1.06251 0.0576384 0.00195296
1.91597 1.74684 1.05978 0.0557422 0.00202302
1.94118 1.74684 1.05712 0.0538563 0.00208265
1.96639 1.74684 1.05452 0.0519823 0.00213154
1.9916 1.74684 1.052 0.0501216 0.00216972
2.01681 1.74684 1.04954 0.0482758 0.00219754
2.04202 1.74684 1.04715 0.0464467 0.00221556
2.06723 1.74684 1.04484 0.0446361 0.00222455
2.09244 1.74684 1.0426 0.0428459 0.00222541
2.11765 1.74684 1.04044 0.0410784 0.00221911
2.14286 1.74684 1.03835 0.0393354 0.00220666
2.16807 1.74684 1.03634 0.0376191 0.00218906
2.19328 1.74684 1.03441 0.0359315 0.00216727
2.21849 1.74684 1.03255 0.0342746 0.00214221
2.2437 1.74684 1.03077 0.0326503 0.00211468
2.26891 1.74684 1.02907 0.0310602 0.00208543
2.29412 1.74684 1.02745 0.0295059 0.0020551
2.31933 1.74684 1.0259 0.0279886 0.00202425
2.34454 1.74684 1.02443 0.0265096 0.00199336
2.36975 1.74684 1.02304 0.0250695 0.00196282
2.39496 1.74684 1.02171 0.0236691 0.00193294
2.42017 1.74684 1.02046 0.0223087 0.001904
2.44538 1.74684 1.01928 0.0209884 0.0018762
2.47059 1.74684 1.01817 0.0197081 0.00184969
2.4958 1.74684 1.01712 0.0184675 0.00182457
2.52101 1.74684 1.01614 0.017266 0.00180087
2.54622 1.74684 1.01522 0.0161027 0.00177859
2.57143 1.74684 1.01436 0.0149767 0.00175762
2.59664 1.74684 1.01357 0.0138869 0.00173777
2.62185 1.74684 1.01283 0.0128318 0.00171872
2.64706 1.74684 1.01215 0.01181 0.00169998
2.67227 1.74684 1.01152 0.0108198 0.00168086
2.69748 1.74684 1.01095 0.00985943 0.00166035
2.72269 1.74684 1.01043 0.00892693 0.00163711
2.7479 1.74684 1.00997 0.00802029 0.00160931
2.77311 1.74684 1.00955 0.00713744 0.0015745
2.79832 1.74684 1.00918 0.00627624 0.00152945
2.82353 1.74684 1.00886 0.00543464 0.00147001
2.84874 1.74684 1.0086 0.0046107 0.00139079
2.87395 1.74684 1.00838 0.00380278 0.00128503
2.89916 1.74684 1.00822 0.00300975 0.00114432
2.92437 1.74684 1.00811 0.0022313 0.000958457
2.94958 1.74684 1.00806 0.00146824 0.000715327
2.97479 1.74684 1.00808 0.000722882 0.000401011
3 1.74684 1.00817 0 0

0 1.77215 1.23909 0 0
0.0252101 1.77215 1.24014 -0.00302834 0.00592291
0.0504202 1.77215 1.24166 -0.00571282 0.0112679
0.0756303 1.77215 1.24335 -0.00795744 0.0160461
0.10084 1.77215 1.24523 -0.00970762 0.0202856
0.12605 1.77215 1.24722 -0.0109282 0.0240404
0.151261 1.77215 1.24924 -0.0116093 0.0273667
0.176471 1.77215 1.25125 -0.0117573 0.0303188
0.201681 1.77215 1.2532 -0.0113893 0.0329436
0.226891 1.77215 1.25506 -0.0105296 0.0352797
0.252101 1.77215 1.25678 -0.00920681 0.0373575
0.277311 1.77215 1.25834 -0.00745181 0.0392
0.302521 1.77215 1.25972 -0.00529707 0.0408246
0.327731 1.77215 1.26089 -0.00277577 0.0422442
0.352941 1.77215 1.26183 7.86454e-05 0.0434683
0.378151 1.77215 1.26254 0.00323294 0.0445036
0.403361 1.77215 1.26301 0.00665433 0.045355
0.428571 1.77215 1.26322 0.0103106 0.0460254
0.453782 1.77215 1.26316 0.0141702 0.0465169
0.478992 1.77215 1.26285 0.0182018 0.0468308
0.504202 1.77215 1.26226 0.0223746 0.0469682
0.529412 1.77215 1.26141 0.0266579 0.0469306
0.554622 1.77215 1.26028 0.0310209 0.0467199
0.579832 1.77215 1.25888 0.0354332 0.0463388
0.605042 1.77215 1.2572 0.0398647 0.0457911
0.630252 1.77215 1.25525 0.0442855 0.0450814
0.655462 1.77215 1.25304 0.0486665 0.0442157
0.680672 1.77215 1.25056 0.0529794 0.0432008
0.705882 1.77215 1.24784 0.0571969 0.0420448
0.731092 1.77215 1.24487 0.0612929 0.040757
0.756303 1.77215 1.24167 0.0652427 0.0393476
0.781513 1.77215 1.23826 0.0690232 0.0378283
0.806723 1.77215 1.23464 0.072613 0.0362117
0.831933 1.77215 1.23084 0.075993 0.0345115
0.857143 1.77215 1.22686 0.0791461 0.0327424
0.882353 1.77215 1.22273 0.0820575 0.0309195
0.907563 1.77215 1.21846 0.0847153 0.0290588
0.932773 1.77215 1.21406 0.08711 0.0271763
0.957983 1.77215 1.20956 0.0892349 0.0252882
0.983193 1.77215 1.20498 0.0910863 0.0234104
1.0084 1.77215 1.20032 0.092663 0.0215582
1.03361 1.77215 1.1956 0.0939667 0.0197461
1.05882 1.77215 1.19085 0.0950015 0.0179875
1.08403 1.77215 1.18608 0.0957742 0.0162947
1.10924 1.77215 1.18129 0.0962935 0.0146783
1.13445 1.77215 1.17652 0.0965701 0.0131475
1.15966 1.77215 1.17176 0.0966162 0.0117099
1.18487 1.77215 1.16702 0.0964455 0.0103711
1.21008 1.77215 1.16233 0.0960725 0.00913524
1.23529 1.77215 1.15769 0.0955124 0.00800473
1.2605 1.77215 1.15311 0.0947808 0.00698038
1.28571 1.77215 1.14858 0.0938933 0.00606157
1.31092 1.77215 1.14413 0.0928652 0.00524633
1.33613 1.77215 1.13975 0.0917115 0.00453153
1.36134 1.77215 1.13544 0.0904466 0.00391304
1.38655 1.77215 1.13121 0.0890841 0.00338588
1.41176 1.77215 1.12706 0.0876366 0.00294442
1.43697 1.77215 1.12299 0.086116 0.00258251
1.46218 1.77215 1.119 0.084533 0.00229361
1.48739 1.77215 1.11509 0.0828973 0.00207101
1.51261 1.77215 1.11125 0.0812179 0.00190784
1.53782 1.77215 1.1075 0.0795023 0.00179727
1.56303 1.77215 1.10381 0.0777576 0.00173256
1.58824 1.77215 1.1002 0.0759896 0.00170717
1.61345 1.77215 1.09667 0.0742037 0.0017148
1.63866 1.77215 1.0932 0.0724041 0.00174946
1.66387 1.77215 1.0898 0.0705947 0.00180554
1.68908 1.77215 1.08647 0.0687787 0.00187781
1.71429 1.77215 1.08321 0.0669587 0.00196149
1.7395 1.77215 1.08001 0.0651372 0.00205224
1.76471 1.77215 1.07688 0.0633159 0.00214621
1.78992 1.77215 1.07381 0.0614967 0.00224001
1.81513 1.77215 1.0708 0.0596808 0.00233076
1.84034 1.77215 1.06786 0.0578697 0.00241603
1.86555 1.77215 1.06499 0.0560646 0.00249388
1.89076 1.77215 1.06218 0.0542668 0.00256282
1.91597 1.77215 1.05944 0.0524775 0.00262178
1.94118 1.77215 1.05676 0.0506979 0.00267012
1.96639 1.77215 1.05416 0.0489295 0.00270752
1.9916 1.77215 1.05162 0.0471738 0.002734
2.01681 1.77215 1.04916 0.0454322 0.00274988
2.04202 1.77215 1.04676 0.0437066 0.00275567
2.06723 1.77215 1.04445 0.0419988 0.00275209
2.09244 1.77215 1.04221 0.0403105 0.00273997
2.11765 1.77215 1.04004 0.0386438 0.00272024
2.14286 1.77215 1.03796 0.0370005 0.00269388
2.16807 1.77215 1.03595 0.0353828 0.00266187
2.19328 1.77215 1.03402 0.0337924 0.00262516
2.21849 1.77215 1.03217 0.0322312 0.00258468
2.2437 1.77215 1.03039 0.0307009 0.00254128
2.26891 1.77215 1.0287 0.0292032 0.00249576
2.29412 1.77215 1.02708 0.0277395 0.00244882
2.31933 1.77215 1.02554 0.0263109 0.00240109
2.34454 1.77215 1.02408 0.0249185 0.00235313
2.36975 1.77215 1.02269 0.0235632 0.00230543
2.39496 1.77215 1.02137 0.0222454 0.00225839
2.42017 1.77215 1.02012 0.0209656 0.00221238
2.44538 1.77215 1.01895 0.0197238 0.00216768
2.47059 1.77215 1.01784 0.0185201 0.00212453
2.4958 1.77215 1.0168 0.0173539 0.00208311
2.52101 1.77215 1.01583 0.0162249 0.00204354
2.54622 1.77215 1.01492 0.0151323 0.00200586
2.57143 1.77215 1.01407 0.0140752 0.00197005
2.59664 1.77215 1.01328 0.0130526 0.00193596
2.62185 1.77215 1.01255 0.012063 0.00190334
2.64706 1.77215 1.01187 0.0111052 0.00187175
2.67227 1.77215 1.01125 0.0101775 0.00184054
2.69748 1.77215 1.01068 0.00927829 0.00180876
2.72269 1.77215 1.01016 0.0084056 0.00177508
2.7479 1.77215 1.00969 0.00755747 0.00173769
2.77311 1.77215 1.00927 0.00673176 0.00169411
2.79832 1.77215 1.0089 0.00592626 0.00164103
2.82353 1.77215 1.00857 0.0051387 0.00157409
2.84874 1.77215 1.0083 0.00436687 0.0014876
2.87395 1.77215 1.00807 0.00360871 0.00137422
2.89916 1.77215 1.00789 0.00286257 0.00122468
2.92437 1.77215 1.00777 0.00212751 0.0010275
2.94958 1.77215 1.0077 0.00140377 0.000768785
2.97479 1.77215 1.00769 0.000693081 0.000432358
3 1.77215 1.00776 0 0

0 1.79747 1.23686 0 0
0.0252101 1.79747 1.23777 -0.00314686 0.00568566
0.0504202 1.79747 1.23944 -0.00595421 0.0106796
0.0756303 1.79747 1.24128 -0.00830018 0.015026
0.10084 1.79747 1.24341 -0.0101292 0.0187805
0.12605 1.79747 1.24565 -0.0114073 0.0220259
0.151261 1.79747 1.24795 -0.0121335 0.0248394
0.176471 1.79747 1.25022 -0.0123231 0.0272906
0.201681 1.79747 1.25242 -0.0120015 0.0294364
0.226891 1.79747 1.2545 -0.0112 0.0313215
0.252101 1.79747 1.25644 -0.00995189 0.0329798
0.277311 1.79747 1.2582 -0.00829123 0.0344362
0.302521 1.79747 1.25976 -0.00625189 0.0357088
0.327731 1.79747 1.26109 -0.00386735 0.0368105
0.352941 1.79747 1.26219 -0.00117046 0.0377507
0.378151 1.79747 1.26303 0.00180653 0.0385359
0.403361 1.79747 1.26361 0.00503216 0.0391706
0.428571 1.79747 1.26393 0.00847566 0.0396579
0.453782 1.79747 1.26396 0.012107 0.04
0.478992 1.79747 1.26372 0.0158966 0.0401981
0.504202 1.79747 1.2632 0.0198155 0.0402535
0.529412 1.79747 1.2624 0.023835 0.0401673
0.554622 1.79747 1.26131 0.0279265 0.039941
0.579832 1.79747 1.25994 0.0320618 0.0395769
0.605042 1.79747 1.25829 0.0362129 0.0390778
0.630252 1.79747 1.25636 0.0403524 0.0384477
0.655462 1.79747 1.25416 0.0444532 0.0376911
0.680672 1.79747 1.25169 0.0484892 0.0368138
0.705882 1.79747 1.24896 0.0524352 0.0358225
0.731092 1.79747 1.24599 0.0562669 0.0347248
0.756303 1.79747 1.24279 0.0599618 0.0335292
0.781513 1.79747 1.23936 0.0634984 0.0322455
0.806723 1.79747 1.23573 0.0668574 0.0308839
0.831933 1.79747 1.2319 0.0700209 0.0294557
0.857143 1.79747 1.2279 0.0729735 0.0279729
0.882353 1.79747 1.22374 0.0757018 0.0264481
0.907563 1.79747 1.21944 0.0781947 0.0248941
0.932773 1.79747 1.21501 0.0804436 0.023324
0.957983 1.79747 1.21047 0.0824426 0.021751
0.983193 1.79747 1.20585 0.084188 0.0201879
1.0084 1.79747 1.20115 0.0856789 0.0186472
1.03361 1.79747 1.19639 0.0869167 0.0171407
1.05882 1.79747 1.1916 0.0879051 0.0156792
1.08403 1.79747 1.18678 0.0886503 0.0142728
1.10924 1.79747 1.18195 0.08916 0.0129303
1.13445 1.79747 1.17713 0.0894441 0.011659
1.15966 1.79747 1.17232 0.0895137 0.0104653
1.18487 1.79747 1.16754 0.0893811 0.00935379
1.21008 1.79747 1.16281 0.0890598 0.00832805
1.23529 1.79747 1.15812 0.0885637 0.00739009
1.2605 1.79747 1.15349 0.0879069 0.0065407
1.28571 1.79747 1.14892 0.0871039 0.00577947
1.31092 1.79747 1.14442 0.086169 0.00510489
1.33613 1.79747 1.14 0.0851158 0.00451444
1.36134 1.79747 1.13565 0.0839577 0.00400481
1.38655 1.79747 1.13138 0.0827074 0.00357192
1.41176 1.79747 1.12719 0.0813766 0.00321114
1.43697 1.79747 1.12308 0.0799765 0.00291738
1.46218 1.79747 1.11905 0.0785169 0.0026852
1.48739 1.79747 1.1151 0.077007 0.00250896
1.51261 1.79747 1.11123 0.0754552 0.00238289
1.53782 1.79747 1.10743 0.0738686 0.0023012
1.56303 1.79747 1.10372 0.0722538 0.00225817
1.58824 1.79747 1.10007 0.0706162 0.00224818
1.61345 1.79747 1.0965 0.068961 0.00226582
1.63866 1.79747 1.09301 0.0672921 0.00230594
1.66387 1.79747 1.08958 0.0656132 0.00236365
1.68908 1.79747 1.08622 0.0639274 0.00243441
1.71429 1.79747 1.08293 0.0622371 0.00251403
1.7395 1.79747 1.0797 0.0605447 0.00259871
1.76471 1.79747 1.07655 0.0588518 0.00268503
1.78992 1.79747 1.07346 0.0571602 0.00277002
1.81513 1.79747 1.07043 0.0554713 0.00285109
1.84034 1.79747 1.06747 0.0537863 0.00292611
1.86555 1.79747 1.06458 0.0521066 0.00299332
1.89076 1.79747 1.06175 0.0504333 0.00305139
1.91597 1.79747 1.059 0.0487676 0.00309938
1.94118 1.79747 1.05631 0.0471109 0.00313667
1.96639 1.79747 1.0537 0.0454644 0.003163
1.9916 1.79747 1.05115 0.0438297 0.0031784
2.01681 1.79747 1.04868 0.0422083 0.00318314
2.04202 1.79747 1.04629 0.0406017 0.0031777
2.06723 1.79747 1.04397 0.0390118 0.00316276
2.09244 1.79747 1.04173 0.0374402 0.0031391
2.11765 1.79747 1.03957 0.0358889 0.00310761
2.14286 1.79747 1.03748 0.0343596 0.00306921
2.16807 1.79747 1.03548 0.0328543 0.00302487
2.19328 1.79747 1.03355 0.0313746 0.00297552
2.21849 1.79747 1.03171 0.0299223 0.00292209
2.2437 1.79747 1.02994 0.028499 0.00286545
2.26891 1.79747 1.02825 0.0271061 0.00280642
2.29412 1.79747 1.02664 0.0257451 0.00274574
2.31933 1.79747 1.02511 0.0244171 0.00268411
2.34454 1.79747 1.02366 0.0231229 0.00262213
2.36975 1.79747 1.02228 0.0218634 0.00256035
2.39496 1.79747 1.02097 0.0206391 0.00249925
2.42017 1.79747 1.01974 0.0194504 0.00243925
2.44538 1.79747 1.01857 0.0182973 0.00238071
2.47059 1.79747 1.01747 0.0171799 0.00232393
2.4958 1.79747 1.01645 0.0160977 0.00226915
2.52101 1.79747 1.01548 0.0150505 0.00221656
2.54622 1.79747 1.01458 0.0140374 0.00216626
2.57143 1.79747 1.01374 0.0130578 0.00211827
2.59664 1.79747 1.01295 0.0121106 0.00207252
2.62185 1.79747 1.01223 0.0111946 0.0020288
2.64706 1.79747 1.01156 0.0103085 0.00198675
2.67227 1.79747 1.01094 0.00945091 0.00194577
2.69748 1.79747 1.01037 0.00862019 0.00190499
2.72269 1.79747 1.00985 0.00781454 0.00186315
2.7479 1.79747 1.00938 0.00703201 0.0018185
2.77311 1.79747 1.00896 0.00627048 0.00176863
2.79832 1.79747 1.00859 0.00552767 0.00171024
2.82353 1.79747 1.00825 0.00480114 0.0016389
2.84874 1.79747 1.00797 0.00408836 0.00154874
2.87395 1.79747 1.00773 0.00338683 0.001432
2.89916 1.79747 1.00753 0.00269428 0.00127865
2.92437 1.79747 1.00739 0.00200898 0.00107598
2.94958 1.79747 1.0073 0.00133031 0.000808236
2.97479 1.79747 1.00726 0.000659266 0.000456699
3 1.79747 1.00731 0 0

0 1.82278 1.23411 0 0
0.0252101 1.82278 1.23488 -0.00326522 0.00547034
0.0504202 1.82278 1.2368 -0.00618464 0.0101032
0.0756303 1.82278 1.23888 -0.00860519 0.0139958
0.10084 1.82278 1.24135 -0.0104774 0.0172433
0.12605 1.82278 1.24393 -0.0117739 0.0199652
0.151261 1.82278 1.24656 -0.0125082 0.0222622
0.176471 1.82278 1.24916 -0.0127079 0.0242188
0.201681 1.82278 1.25166 -0.012409 0.0259002
0.226891 1.82278 1.25401 -0.0116499 0.027355
0.252101 1.82278 1.25619 -0.0104686 0.0286184
0.277311 1.82278 1.25817 -0.00890175 0.0297156
0.302521 1.82278 1.25993 -0.00698388 0.0306641
0.327731 1.82278 1.26144 -0.00474802 0.0314759
0.352941 1.82278 1.2627 -0.00222577 0.0321595
0.378151 1.82278 1.26369 0.000552434 0.0327205
0.403361 1.82278 1.2644 0.00355713 0.033163
0.428571 1.82278 1.26482 0.00675968 0.0334896
0.453782 1.82278 1.26495 0.0101322 0.0337021
0.478992 1.82278 1.26479 0.0136474 0.0338018
0.504202 1.82278 1.26433 0.0172784 0.0337898
0.529412 1.82278 1.26358 0.020999 0.0336669
0.554622 1.82278 1.26253 0.0247829 0.0334345
0.579832 1.82278 1.26119 0.0286043 0.0330942
0.605042 1.82278 1.25956 0.0324379 0.0326482
0.630252 1.82278 1.25764 0.0362584 0.0320994
0.655462 1.82278 1.25544 0.0400415 0.0314517
0.680672 1.82278 1.25297 0.0437632 0.0307093
0.705882 1.82278 1.25024 0.0474006 0.0298778
0.731092 1.82278 1.24725 0.0509318 0.0289632
0.756303 1.82278 1.24402 0.0543361 0.0279723
0.781513 1.82278 1.24057 0.0575942 0.0269129
0.806723 1.82278 1.2369 0.0606884 0.0257932
0.831933 1.82278 1.23304 0.0636028 0.0246223
0.857143 1.82278 1.229 0.0663234 0.0234096
0.882353 1.82278 1.2248 0.0688379 0.0221652
0.907563 1.82278 1.22045 0.0711367 0.0208992
0.932773 1.82278 1.21597 0.0732119 0.019622
0.957983 1.82278 1.21138 0.0750581 0.018344
0.983193 1.82278 1.2067 0.0766723 0.0170754
1.0084 1.82278 1.20195 0.0780534 0.015826
1.03361 1.82278 1.19714 0.079203 0.0146051
1.05882 1.82278 1.19228 0.0801243 0.0134214
1.08403 1.82278 1.18741 0.0808229 0.0122828
1.10924 1.82278 1.18252 0.081306 0.0111963
1.13445 1.82278 1.17764 0.0815823 0.0101678
1.15966 1.82278 1.17278 0.0816621 0.00920242
1.18487 1.82278 1.16795 0.0815565 0.00830395
1.21008 1.82278 1.16316 0.0812778 0.0074752
1.23529 1.82278 1.15842 0.0808385 0.00671791
1.2605 1.82278 1.15374 0.0802517 0.0060328
1.28571 1.82278 1.14913 0.0795304 0.00541961
1.31092 1.82278 1.14458 0.0786876 0.0048772
1.33613 1.82278 1.14011 0.077736 0.00440362
1.36134 1.82278 1.13572 0.0766878 0.00399625
1.38655 1.82278 1.13141 0.0755544 0.00365185
1.41176 1.82278 1.12718 0.0743468 0.00336669
1.43697 1.82278 1.12303 0.0730749 0.00313665
1.46218 1.82278 1.11896 0.0717481 0.00295731
1.48739 1.82278 1.11498 0.0703746 0.00282404
1.51261 1.82278 1.11107 0.0689622 0.0027321
1.53782 1.82278 1.10724 0.0675173 0.0026767
1.56303 1.82278 1.10349 0.0660461 0.00265304
1.58824 1.82278 1.09982 0.0645535 0.00265645
1.61345 1.82278 1.09622 0.0630442 0.00268237
1.63866 1.82278 1.09269 0.0615218 0.00272641
1.66387 1.82278 1.08924 0.0599898 0.00278444
1.68908 1.82278 1.08585 0.0584508 0.00285255
1.71429 1.82278 1.08254 0.0569073 0.00292716
1.7395 1.82278 1.07929 0.0553612 0.00300497
1.76471 1.82278 1.07611 0.0538142 0.00308304
1.78992 1.82278 1.07299 0.0522679 0.00315876
1.81513 1.82278 1.06995 0.0507235 0.00322989
1.84034 1.82278 1.06697 0.0491824 0.00329455
1.86555 1.82278 1.06407 0.0476456 0.0033512
1.89076 1.82278 1.06123 0.0461143 0.00339866
1.91597 1.82278 1.05846 0.0445897 0.00343611
1.94118 1.82278 1.05576 0.043073 0.00346301
1.96639 1.82278 1.05314 0.0415656 0.00347913
1.9916 1.82278 1.05059 0.0400687 0.00348451
2.01681 1.82278 1.04812 0.0385839 0.00347939
2.04202 1.82278 1.04573 0.0371127 0.00346425
2.06723 1.82278 1.04341 0.0356566 0.0034397
2.09244 1.82278 1.04117 0.0342175 0.00340647
2.11765 1.82278 1.03901 0.0327969 0.00336541
2.14286 1.82278 1.03693 0.0313966 0.00331739
2.16807 1.82278 1.03493 0.0300183 0.00326334
2.19328 1.82278 1.03301 0.0286636 0.00320416
2.21849 1.82278 1.03118 0.0273341 0.00314078
2.2437 1.82278 1.02942 0.0260314 0.00307404
2.26891 1.82278 1.02774 0.0247567 0.00300478
2.29412 1.82278 1.02614 0.0235114 0.00293375
2.31933 1.82278 1.02462 0.0222963 0.00286167
2.34454 1.82278 1.02318 0.0211126 0.00278918
2.36975 1.82278 1.02181 0.0199607 0.00271686
2.39496 1.82278 1.02052 0.0188414 0.00264524
2.42017 1.82278 1.0193 0.0177548 0.00257478
2.44538 1.82278 1.01814 0.0167011 0.00250588
2.47059 1.82278 1.01706 0.0156803 0.00243889
2.4958 1.82278 1.01604 0.0146922 0.00237409
2.52101 1.82278 1.01509 0.0137363 0.00231172
2.54622 1.82278 1.0142 0.0128121 0.00225192
2.57143 1.82278 1.01337 0.0119188 0.00219476
2.59664 1.82278 1.01259 0.0110556 0.00214023
2.62185 1.82278 1.01188 0.0102214 0.00208818
2.64706 1.82278 1.01121 0.00941512 0.0020383
2.67227 1.82278 1.0106 0.00863538 0.00199009
2.69748 1.82278 1.01004 0.00788071 0.00194278
2.72269 1.82278 1.00952 0.00714945 0.00189521
2.7479 1.82278 1.00906 0.00643976 0.00184576
2.77311 1.82278 1.00863 0.00574959 0.00179217
2.79832 1.82278 1.00825 0.00507663 0.00173126
2.82353 1.82278 1.00791 0.00441833 0.00165871
2.84874 1.82278 1.00761 0.00377188 0.00156863
2.87395 1.82278 1.00736 0.0031343 0.00145307
2.89916 1.82278 1.00714 0.00250259 0.00130144
2.92437 1.82278 1.00698 0.00187405 0.0010999
2.94958 1.82278 1.00686 0.00124692 0.000830804
2.97479 1.82278 1.0068 0.000621059 0.000472557
3 1.82278 1.00681 0 0

0 1.8481 1.23066 0 0
0.0252101 1.8481 1.23129 -0.00337992 0.00526906
0.0504202 1.8481 1.23365 -0.00638938 0.00951545
0.0756303 1.8481 1.23608 -0.00883981 0.0129189
0.10084 1.8481 1.23903 -0.0107017 0.0156313
0.12605 1.8481 1.24205 -0.0119626 0.0178163
0.151261 1.8481 1.24511 -0.0126585 0.0195989
0.176471 1.8481 1.24809 -0.0128326 0.021076
0.201681 1.8481 1.25094 -0.012532 0.0223172
0.226891 1.8481 1.25361 -0.011802 0.0233719
0.252101 1.8481 1.25607 -0.0106843 0.0242741
0.277311 1.8481 1.2583 -0.00921653 0.0250469
0.302521 1.8481 1.26027 -0.0074328 0.0257059
0.327731 1.8481 1.26198 -0.00536455 0.0262614
0.352941 1.8481 1.2634 -0.00304112 0.0267202
0.378151 1.8481 1.26454 -0.000490315 0.027087
0.403361 1.8481 1.26538 0.00226119 0.0273647
0.428571 1.8481 1.26592 0.00518757 0.0275554
0.453782 1.8481 1.26615 0.00826373 0.0276605
0.478992 1.8481 1.26607 0.0114651 0.027681
0.504202 1.8481 1.26568 0.0147676 0.0276176
0.529412 1.8481 1.26497 0.0181475 0.0274713
0.554622 1.8481 1.26396 0.0215814 0.0272428
0.579832 1.8481 1.26265 0.0250462 0.0269334
0.605042 1.8481 1.26103 0.0285191 0.0265447
0.630252 1.8481 1.25912 0.0319778 0.026079
0.655462 1.8481 1.25691 0.0354004 0.025539
0.680672 1.8481 1.25443 0.0387657 0.0249281
0.705882 1.8481 1.25167 0.042053 0.0242504
0.731092 1.8481 1.24866 0.045243 0.0235104
0.756303 1.8481 1.24539 0.0483172 0.0227136
0.781513 1.8481 1.2419 0.0512585 0.0218658
0.806723 1.8481 1.23819 0.054051 0.0209734
0.831933 1.8481 1.23427 0.0566807 0.0200432
0.857143 1.8481 1.23017 0.0591352 0.0190826
0.882353 1.8481 1.22591 0.0614036 0.0180992
0.907563 1.8481 1.22149 0.0634774 0.0171007
0.932773 1.8481 1.21695 0.0653497 0.0160951
0.957983 1.8481 1.21229 0.0670159 0.0150903
0.983193 1.8481 1.20754 0.0684732 0.014094
1.0084 1.8481 1.20272 0.0697209 0.0131137
1.03361 1.8481 1.19783 0.0707604 0.0121565
1.05882 1.8481 1.19291 0.0715948 0.0112292
1.08403 1.8481 1.18797 0.0722291 0.0103376
1.10924 1.8481 1.18301 0.0726698 0.00948727
1.13445 1.8481 1.17807 0.0729249 0.00868279
1.15966 1.8481 1.17314 0.0730034 0.00792802
1.18487 1.8481 1.16825 0.0729156 0.00722603
1.21008 1.8481 1.1634 0.0726723 0.00657902
1.23529 1.8481 1.15861 0.0722848 0.00598841
1.2605 1.8481 1.15387 0.071765 0.00545481
1.28571 1.8481 1.1492 0.0711245 0.00497809
1.31092 1.8481 1.14461 0.070375 0.00455744
1.33613 1.8481 1.14009 0.0695279 0.0041914
1.36134 1.8481 1.13566 0.0685941 0.00387795
1.38655 1.8481 1.1313 0.067584 0.00361461
1.41176 1.8481 1.12703 0.0665073 0.00339849
1.43697 1.8481 1.12285 0.0653731 0.00322635
1.46218 1.8481 1.11874 0.0641895 0.0030947
1.48739 1.8481 1.11472 0.0629643 0.00299988
1.51261 1.8481 1.11078 0.061704 0.00293809
1.53782 1.8481 1.10692 0.0604146 0.00290546
1.56303 1.8481 1.10314 0.0591016 0.00289813
1.58824 1.8481 1.09944 0.0577693 0.00291226
1.61345 1.8481 1.09581 0.0564218 0.00294413
1.63866 1.8481 1.09226 0.0550624 0.00299011
1.66387 1.8481 1.08878 0.0536941 0.00304675
1.68908 1.8481 1.08537 0.0523194 0.00311081
1.71429 1.8481 1.08203 0.0509401 0.00317926
1.7395 1.8481 1.07876 0.0495582 0.00324931
1.76471 1.8481 1.07556 0.0481752 0.00331848
1.78992 1.8481 1.07242 0.0467922 0.00338452
1.81513 1.8481 1.06936 0.0454107 0.00344553
1.84034 1.8481 1.06637 0.0440315 0.00349989
1.86555 1.8481 1.06345 0.0426559 0.00354627
1.89076 1.8481 1.0606 0.0412848 0.00358366
1.91597 1.8481 1.05782 0.0399193 0.00361135
1.94118 1.8481 1.05512 0.0385606 0.00362888
1.96639 1.8481 1.05249 0.0372099 0.00363606
1.9916 1.8481 1.04994 0.0358685 0.00363293
2.01681 1.8481 1.04747 0.0345376 0.00361974
2.04202 1.8481 1.04507 0.0332188 0.00359691
2.06723 1.8481 1.04276 0.0319134 0.00356501
2.09244 1.8481 1.04052 0.0306232 0.00352474
2.11765 1.8481 1.03837 0.0293495 0.00347685
2.14286 1.8481 1.0363 0.028094 0.00342219
2.16807 1.8481 1.03431 0.0268583 0.00336162
2.19328 1.8481 1.0324 0.0256438 0.003296
2.21849 1.8481 1.03057 0.024452 0.0032262
2.2437 1.8481 1.02883 0.0232843 0.00315306
2.26891 1.8481 1.02717 0.0221419 0.00307738
2.29412 1.8481 1.02558 0.0210258 0.00299991
2.31933 1.8481 1.02408 0.0199372 0.00292137
2.34454 1.8481 1.02265 0.0188767 0.00284239
2.36975 1.8481 1.02129 0.017845 0.00276358
2.39496 1.8481 1.02001 0.0168427 0.00268547
2.42017 1.8481 1.01881 0.01587 0.00260855
2.44538 1.8481 1.01767 0.014927 0.00253323
2.47059 1.8481 1.0166 0.0140138 0.00245989
2.4958 1.8481 1.0156 0.0131301 0.00238884
2.52101 1.8481 1.01466 0.0122756 0.00232033
2.54622 1.8481 1.01378 0.0114499 0.00225455
2.57143 1.8481 1.01296 0.0106523 0.00219161
2.59664 1.8481 1.0122 0.00988203 0.00213153
2.62185 1.8481 1.01149 0.00913827 0.00207422
2.64706 1.8481 1.01084 0.00841999 0.00201945
2.67227 1.8481 1.01023 0.00772602 0.00196681
2.69748 1.8481 1.00968 0.00705507 0.00191562
2.72269 1.8481 1.00917 0.00640566 0.00186491
2.7479 1.8481 1.0087 0.00577613 0.00181323
2.77311 1.8481 1.00828 0.00516454 0.00175854
2.79832 1.8481 1.0079 0.00456868 0.00169793
2.82353 1.8481 1.00755 0.00398594 0.00162735
2.84874 1.8481 1.00724 0.00341334 0.00154114
2.87395 1.8481 1.00697 0.00284743 0.00143145
2.89916 1.8481 1.00673 0.00228443 0.00128744
2.92437 1.8481 1.00653 0.00172046 0.00109443
2.94958 1.8481 1.00638 0.00115224 0.00083292
2.97479 1.8481 1.00628 0.00057791 0.000478071
3 1.8481 1.00626 0 0

0 1.87342 1.22626 0 0
0.0252101 1.87342 1.2268 -0.00348268 0.00506629
0.0504202 1.87342 1.22987 -0.00653899 0.00887474
0.0756303 1.87342 1.23284 -0.00894729 0.0117372
0.10084 1.87342 1.23644 -0.0107214 0.0138829
0.12605 1.87342 1.24004 -0.0118771 0.0155242
0.151261 1.87342 1.24362 -0.0124805 0.0168064
0.176471 1.87342 1.24706 -0.0125917 0.0178327
0.201681 1.87342 1.25031 -0.0122686 0.0186717
0.226891 1.87342 1.25333 -0.0115611 0.0193689
0.252101 1.87342 1.2561 -0.0105119 0.0199539
0.277311 1.87342 1.25859 -0.00915758 0.0204459
0.302521 1.87342 1.2608 -0.00752999 0.0208573
0.327731 1.87342 1.26271 -0.00565753 0.0211959
0.352941 1.87342 1.26432 -0.00356615 0.0214667
0.378151 1.87342 1.26561 -0.00128011 0.0216728
0.403361 1.87342 1.26659 0.00117747 0.0218163
0.428571 1.87342 1.26724 0.00378426 0.0218983
0.453782 1.87342 1.26757 0.0065185 0.02192
0.478992 1.87342 1.26757 0.0093589 0.0218818
0.504202 1.87342 1.26725 0.0122845 0.0217845
0.529412 1.87342 1.2666 0.0152747 0.0216284
0.554622 1.87342 1.26562 0.0183091 0.0214143
0.579832 1.87342 1.26433 0.0213677 0.021143
0.605042 1.87342 1.26272 0.0244306 0.0208158
0.630252 1.87342 1.2608 0.0274783 0.0204341
0.655462 1.87342 1.25858 0.0304921 0.0199999
0.680672 1.87342 1.25608 0.0334532 0.0195156
0.705882 1.87342 1.25329 0.0363441 0.0189842
0.731092 1.87342 1.25023 0.0391476 0.018409
0.756303 1.87342 1.24691 0.041848 0.0177938
0.781513 1.87342 1.24336 0.0444302 0.0171429
0.806723 1.87342 1.23958 0.0468807 0.016461
0.831933 1.87342 1.2356 0.0491872 0.015753
0.857143 1.87342 1.23143 0.051339 0.0150242
0.882353 1.87342 1.22708 0.0533268 0.0142801
0.907563 1.87342 1.22258 0.0551433 0.0135263
0.932773 1.87342 1.21796 0.0567826 0.0127686
0.957983 1.87342 1.21321 0.0582408 0.0120127
0.983193 1.87342 1.20837 0.0595157 0.0112642
1.0084 1.87342 1.20346 0.0606067 0.0105285
1.03361 1.87342 1.19849 0.0615153 0.00981077
1.05882 1.87342 1.19349 0.0622442 0.00911592
1.08403 1.87342 1.18846 0.062798 0.00844834
1.10924 1.87342 1.18342 0.0631825 0.007812
1.13445 1.87342 1.1784 0.0634048 0.00721034
1.15966 1.87342 1.1734 0.063473 0.00664623
1.18487 1.87342 1.16844 0.063396 0.00612198
1.21008 1.87342 1.16352 0.0631834 0.00563927
1.23529 1.87342 1.15866 0.0628453 0.00519921
1.2605 1.87342 1.15387 0.0623919 0.00480233
1.28571 1.87342 1.14915 0.0618337 0.00444858
1.31092 1.87342 1.1445 0.0611809 0.00413743
1.33613 1.87342 1.13994 0.0604434 0.00386783
1.36134 1.87342 1.13545 0.0596308 0.00363836
1.38655 1.87342 1.13106 0.0587522 0.00344716
1.41176 1.87342 1.12675 0.0578161 0.00329211
1.43697 1.87342 1.12252 0.0568304 0.00317078
1.46218 1.87342 1.11838 0.0558022 0.00308055
1.48739 1.87342 1.11433 0.0547382 0.00301862
1.51261 1.87342 1.11036 0.0536441 0.00298208
1.53782 1.87342 1.10647 0.0525251 0.00296793
1.56303 1.87342 1.10266 0.0513857 0.00297316
1.58824 1.87342 1.09893 0.0502299 0.00299477
1.61345 1.87342 1.09528 0.0490609 0.00302977
1.63866 1.87342 1.0917 0.0478817 0.00307529
1.66387 1.87342 1.08819 0.0466948 0.00312853
1.68908 1.87342 1.08476 0.045502 0.00318688
1.71429 1.87342 1.0814 0.0443053 0.00324784
1.7395 1.87342 1.07811 0.043106 0.00330914
1.76471 1.87342 1.07489 0.0419054 0.00336871
1.78992 1.87342 1.07174 0.0407045 0.0034247
1.81513 1.87342 1.06867 0.0395045 0.0034755
1.84034 1.87342 1.06566 0.0383062 0.00351976
1.86555 1.87342 1.06273 0.0371105 0.00355638
1.89076 1.87342 1.05987 0.0359183 0.0035845
1.91597 1.87342 1.05708 0.0347307 0.00360351
1.94118 1.87342 1.05438 0.0335486 0.00361305
1.96639 1.87342 1.05174 0.0323731 0.00361295
1.9916 1.87342 1.04919 0.0312053 0.00360328
2.01681 1.87342 1.04672 0.0300465 0.00358425
2.04202 1.87342 1.04433 0.0288979 0.00355626
2.06723 1.87342 1.04202 0.0277609 0.00351982
2.09244 1.87342 1.03979 0.0266369 0.00347556
2.11765 1.87342 1.03764 0.0255272 0.00342416
2.14286 1.87342 1.03558 0.0244333 0.0033664
2.16807 1.87342 1.0336 0.0233566 0.00330306
2.19328 1.87342 1.03171 0.0222984 0.00323495
2.21849 1.87342 1.0299 0.02126 0.00316287
2.2437 1.87342 1.02817 0.0202426 0.00308759
2.26891 1.87342 1.02652 0.0192473 0.00300988
2.29412 1.87342 1.02495 0.0182752 0.00293046
2.31933 1.87342 1.02346 0.017327 0.00284999
2.34454 1.87342 1.02205 0.0164035 0.00276911
2.36975 1.87342 1.02072 0.0155053 0.00268838
2.39496 1.87342 1.01946 0.0146328 0.00260834
2.42017 1.87342 1.01827 0.0137863 0.00252947
2.44538 1.87342 1.01715 0.012966 0.00245217
2.47059 1.87342 1.0161 0.0121718 0.00237683
2.4958 1.87342 1.01511 0.0114036 0.00230376
2.52101 1.87342 1.01419 0.0106612 0.00223322
2.54622 1.87342 1.01332 0.00994416 0.00216543
2.57143 1.87342 1.01252 0.00925195 0.0021005
2.59664 1.87342 1.01177 0.00858397 0.00203849
2.62185 1.87342 1.01108 0.0079395 0.00197937
2.64706 1.87342 1.01044 0.00731771 0.00192297
2.67227 1.87342 1.00984 0.00671764 0.00186896
2.69748 1.87342 1.0093 0.0061382 0.00181682
2.72269 1.87342 1.00879 0.00557816 0.00176573
2.7479 1.87342 1.00833 0.00503607 0.00171449
2.77311 1.87342 1.00791 0.00451025 0.00166135
2.79832 1.87342 1.00752 0.00399864 0.00160381
2.82353 1.87342 1.00717 0.00349878 0.00153827
2.84874 1.87342 1.00685 0.0030076 0.00145959
2.87395 1.87342 1.00656 0.00252136 0.00136038
2.89916 1.87342 1.0063 0.00203552 0.00123007
2.92437 1.87342 1.00607 0.00154488 0.00105363
2.94958 1.87342 1.00587 0.00104415 0.000810001
2.97479 1.87342 1.00573 0.000528956 0.000470781
3 1.87342 1.00566 0 0

0 1.89873 1.22047 0 0
0.0252101 1.89873 1.22101 -0.00355653 0.00482134
0.0504202 1.89873 1.22536 -0.006579 0.00811285
0.0756303 1.89873 1.22916 -0.00882947 0.0103649
0.10084 1.89873 1.23365 -0.0104091 0.0119182
0.12605 1.89873 1.23796 -0.011376 0.013025
0.151261 1.89873 1.24217 -0.0118308 0.0138412
0.176471 1.89873 1.24614 -0.0118484 0.0144653
0.201681 1.89873 1.24984 -0.0114925 0.0149572
0.226891 1.89873 1.25325 -0.0108132 0.0153536
0.252101 1.89873 1.25634 -0.00985037 0.0156769
0.277311 1.89873 1.25912 -0.00863672 0.0159408
0.302521 1.89873 1.26157 -0.00719959 0.0161537
0.327731 1.89873 1.2637 -0.00556276 0.0163206
0.352941 1.89873 1.26549 -0.00374762 0.0164445
0.378151 1.89873 1.26695 -0.00177404 0.016527
0.403361 1.89873 1.26807 0.000339084 0.0165693
0.428571 1.89873 1.26884 0.00257349 0.0165721
0.453782 1.89873 1.26927 0.00491129 0.0165357
0.478992 1.89873 1.26936 0.00733492 0.0164606
0.504202 1.89873 1.26909 0.00982699 0.0163471
0.529412 1.89873 1.26849 0.0123704 0.0161955
0.554622 1.89873 1.26755 0.014948 0.0160063
0.579832 1.89873 1.26627 0.0175433 0.0157801
0.605042 1.89873 1.26466 0.0201396 0.0155176
0.630252 1.89873 1.26273 0.0227206 0.0152198
0.655462 1.89873 1.26049 0.0252707 0.0148881
0.680672 1.89873 1.25794 0.0277742 0.014524
0.705882 1.89873 1.25511 0.0302165 0.0141294
0.731092 1.89873 1.25199 0.0325834 0.0137067
0.756303 1.89873 1.24861 0.0348615 0.0132582
0.781513 1.89873 1.24498 0.0370384 0.012787
0.806723 1.89873 1.24112 0.0391028 0.012296
0.831933 1.89873 1.23704 0.0410445 0.0117887
0.857143 1.89873 1.23277 0.0428546 0.0112685
0.882353 1.89873 1.22833 0.0445254 0.0107391
0.907563 1.89873 1.22373 0.0460508 0.0102042
0.932773 1.89873 1.21899 0.0474261 0.0096678
0.957983 1.89873 1.21414 0.0486481 0.00913359
0.983193 1.89873 1.2092 0.0497152 0.00860537
1.0084 1.89873 1.20418 0.050627 0.00808682
1.03361 1.89873 1.19911 0.0513848 0.00758144
1.05882 1.89873 1.194 0.0519914 0.00709253
1.08403 1.89873 1.18887 0.0524505 0.00662313
1.10924 1.89873 1.18374 0.0527673 0.00617598
1.13445 1.89873 1.17863 0.0529479 0.00575346
1.15966 1.89873 1.17355 0.0529993 0.0053576
1.18487 1.89873 1.1685 0.0529291 0.00499004
1.21008 1.89873 1.16351 0.0527455 0.004652
1.23529 1.89873 1.15858 0.0524572 0.00434431
1.2605 1.89873 1.15373 0.0520729 0.00406739
1.28571 1.89873 1.14894 0.0516014 0.00382128
1.31092 1.89873 1.14424 0.0510513 0.00360567
1.33613 1.89873 1.13963 0.0504312 0.0034199
1.36134 1.89873 1.1351 0.049749 0.00326299
1.38655 1.89873 1.13066 0.0490125 0.00313372
1.41176 1.89873 1.12631 0.0482287 0.0030306
1.43697 1.89873 1.12205 0.0474044 0.00295196
1.46218 1.89873 1.11788 0.0465455 0.00289592
1.48739 1.89873 1.11379 0.0456573 0.0028605
1.51261 1.89873 1.10979 0.0447448 0.00284359
1.53782 1.89873 1.10587 0.0438122 0.002843
1.56303 1.89873 1.10204 0.0428631 0.0028565
1.58824 1.89873 1.09828 0.0419007 0.00288185
1.61345 1.89873 1.09461 0.0409278 0.00291679
1.63866 1.89873 1.09101 0.0399467 0.00295913
1.66387 1.89873 1.08748 0.0389592 0.00300671
1.68908 1.89873 1.08403 0.037967 0.00305748
1.71429 1.89873 1.08065 0.0369714 0.00310951
1.7395 1.89873 1.07734 0.0359735 0.00316098
1.76471 1.89873 1.07411 0.0349743 0.00321024
1.78992 1.89873 1.07094 0.0339747 0.00325582
1.81513 1.89873 1.06786 0.0329754 0.00329641
1.84034 1.89873 1.06484 0.0319772 0.00333093
1.86555 1.89873 1.0619 0.0309808 0.00335847
1.89076 1.89873 1.05903 0.0299869 0.00337834
1.91597 1.89873 1.05624 0.0289964 0.00339005
1.94118 1.89873 1.05353 0.0280101 0.00339331
1.96639 1.89873 1.0509 0.027029 0.00338799
1.9916 1.89873 1.04835 0.0260539 0.00337414
2.01681 1.89873 1.04588 0.025086 0.00335198
2.04202 1.89873 1.04349 0.0241264 0.00332184
2.06723 1.89873 1.04119 0.0231763 0.00328418
2.09244 1.89873 1.03897 0.0222368 0.00323952
2.11765 1.89873 1.03683 0.0213091 0.00318849
2.14286 1.89873 1.03479 0.0203945 0.00313175
2.16807 1.89873 1.03282 0.0194941 0.00307
2.19328 1.89873 1.03094 0.0186092 0.00300395
2.21849 1.89873 1.02915 0.0177409 0.0029343
2.2437 1.89873 1.02744 0.0168901 0.00286177
2.26891 1.89873 1.02581 0.0160578 0.00278702
2.29412 1.89873 1.02426 0.015245 0.00271072
2.31933 1.89873 1.02279 0.0144523 0.00263346
2.34454 1.89873 1.0214 0.0136804 0.00255582
2.36975 1.89873 1.02009 0.0129297 0.00247834
2.39496 1.89873 1.01885 0.0122007 0.0024015
2.42017 1.89873 1.01768 0.0114936 0.00232574
2.44538 1.89873 1.01658 0.0108086 0.00225146
2.47059 1.89873 1.01555 0.0101456 0.00217899
2.4958 1.89873 1.01458 0.00950468 0.00210866
2.52101 1.89873 1.01368 0.00888549 0.0020407
2.54622 1.89873 1.01283 0.00828778 0.00197532
2.57143 1.89873 1.01205 0.00771117 0.00191265
2.59664 1.89873 1.01131 0.00715517 0.00185278
2.62185 1.89873 1.01064 0.00661923 0.0017957
2.64706 1.89873 1.01001 0.00610269 0.0017413
2.67227 1.89873 1.00943 0.00560482 0.00168935
2.69748 1.89873 1.00889 0.00512479 0.00163945
2.72269 1.89873 1.0084 0.00466162 0.00159098
2.7479 1.89873 1.00794 0.00421418 0.001543
2.77311 1.89873 1.00752 0.0037811 0.00149413
2.79832 1.89873 1.00713 0.00336065 0.00144234
2.82353 1.89873 1.00677 0.00295066 0.00138469
2.84874 1.89873 1.00644 0.00254825 0.00131684
2.87395 1.89873 1.00613 0.00214963 0.00123236
2.89916 1.89873 1.00584 0.00174976 0.00112161
2.92437 1.89873 1.00558 0.0013422 0.000970071
2.94958 1.89873 1.00533 0.000919216 0.000755938
2.97479 1.89873 1.00512 0.000472729 0.000447228
3 1.89873 1.00499 0 0

0 1.92405 1.21276 0 0
0.0252101 1.92405 1.21398 -0.00355286 0.00447753
0.0504202 1.92405 1.21976 -0.00638192 0.00709732
0.0756303 1.92405 1.22492 -0.00831111 0.00866494
0.10084 1.92405 1.23056 -0.00956328 0.0096244
0.12605 1.92405 1.23581 -0.0102575 0.0102418
0.151261 1.92405 1.24077 -0.0105201 0.0106601
0.176471 1.92405 1.24535 -0.0104316 0.010958
0.201681 1.92405 1.24955 -0.0100528 0.0111788
0.226891 1.92405 1.25336 -0.00942709 0.0113466
0.252101 1.92405 1.25681 -0.00858703 0.0114752
0.277311 1.92405 1.25988 -0.00755805 0.0115722
0.302521 1.92405 1.26259 -0.00636089 0.011642
0.327731 1.92405 1.26493 -0.00501335 0.0116871
0.352941 1.92405 1.26692 -0.00353133 0.0117087
0.378151 1.92405 1.26854 -0.00192966 0.0117076
0.403361 1.92405 1.2698 -0.000222491 0.011684
0.428571 1.92405 1.27069 0.00157638 0.0116382
0.453782 1.92405 1.27122 0.00345335 0.0115704
0.478992 1.92405 1.27139 0.00539492 0.0114806
0.504202 1.92405 1.27119 0.00738767 0.0113691
0.529412 1.92405 1.27063 0.00941828 0.0112361
0.554622 1.92405 1.26972 0.0114735 0.0110818
0.579832 1.92405 1.26845 0.0135403 0.0109067
0.605042 1.92405 1.26684 0.0156056 0.0107111
0.630252 1.92405 1.26489 0.0176568 0.0104958
0.655462 1.92405 1.26261 0.0196814 0.0102614
0.680672 1.92405 1.26001 0.0216674 0.0100089
0.705882 1.92405 1.25711 0.0236031 0.00973935
0.731092 1.92405 1.25392 0.0254774 0.00945414
0.756303 1.92405 1.25046 0.0272798 0.00915472
0.781513 1.92405 1.24674 0.0290007 0.00884274
0.806723 1.92405 1.24278 0.0306312 0.00852003
0.831933 1.92405 1.23859 0.0321632 0.00818852
0.857143 1.92405 1.23421 0.0335899 0.00785029
0.882353 1.92405 1.22965 0.0349052 0.00750748
0.907563 1.92405 1.22492 0.0361045 0.0071623
0.932773 1.92405 1.22006 0.0371842 0.00681702
0.957983 1.92405 1.21509 0.0381418 0.00647391
0.983193 1.92405 1.21002 0.0389763 0.00613521
1.0084 1.92405 1.20488 0.0396874 0.00580314
1.03361 1.92405 1.19968 0.0402766 0.00547982
1.05882 1.92405 1.19446 0.0407459 0.00516728
1.08403 1.92405 1.18922 0.0410987 0.00486739
1.10924 1.92405 1.18398 0.0413392 0.00458187
1.13445 1.92405 1.17877 0.0414724 0.00431223
1.15966 1.92405 1.17359 0.041504 0.00405976
1.18487 1.92405 1.16846 0.0414402 0.00382554
1.21008 1.92405 1.16338 0.0412876 0.00361038
1.23529 1.92405 1.15838 0.0410532 0.00341486
1.2605 1.92405 1.15345 0.040744 0.00323931
1.28571 1.92405 1.1486 0.040367 0.00308382
1.31092 1.92405 1.14384 0.0399292 0.00294825
1.33613 1.92405 1.13917 0.0394374 0.00283225
1.36134 1.92405 1.1346 0.0388979 0.00273528
1.38655 1.92405 1.13012 0.0383167 0.00265658
1.41176 1.92405 1.12573 0.0376996 0.00259527
1.43697 1.92405 1.12143 0.0370518 0.0025503
1.46218 1.92405 1.11723 0.0363778 0.00252048
1.48739 1.92405 1.11311 0.0356819 0.00250453
1.51261 1.92405 1.10908 0.0349679 0.00250107
1.53782 1.92405 1.10514 0.0342389 0.00250863
1.56303 1.92405 1.10128 0.0334979 0.00252569
1.58824 1.92405 1.09751 0.032747 0.0025507
1.61345 1.92405 1.09381 0.0319885 0.00258208
1.63866 1.92405 1.09019 0.0312238 0.00261826
1.66387 1.92405 1.08664 0.0304546 0.00265769
1.68908 1.92405 1.08318 0.0296817 0.00269888
1.71429 1.92405 1.07978 0.0289063 0.00274038
1.7395 1.92405 1.07646 0.028129 0.00278086
1.76471 1.92405 1.07321 0.0273506 0.00281905
1.78992 1.92405 1.07003 0.0265717 0.00285386
1.81513 1.92405 1.06693 0.0257927 0.00288428
1.84034 1.92405 1.06391 0.0250143 0.00290948
1.86555 1.92405 1.06096 0.0242368 0.00292877
1.89076 1.92405 1.05809 0.0234611 0.00294161
1.91597 1.92405 1.05529 0.0226875 0.00294763
1.94118 1.92405 1.05258 0.0219169 0.0029466
1.96639 1.92405 1.04995 0.0211499 0.00293842
1.9916 1.92405 1.0474 0.0203874 0.00292317
2.01681 1.92405 1.04494 0.0196301 0.00290099
2.04202 1.92405 1.04256 0.018879 0.00287217
2.06723 1.92405 1.04027 0.0181351 0.00283709
2.09244 1.92405 1.03806 0.0173993 0.00279617
2.11765 1.92405 1.03594 0.0166725 0.00274994
2.14286 1.92405 1.03391 0.0159559 0.00269892
2.16807 1.92405 1.03196 0.0152503 0.0026437
2.19328 1.92405 1.0301 0.0145567 0.00258486
2.21849 1.92405 1.02833 0.0138761 0.002523
2.2437 1.92405 1.02664 0.0132092 0.00245871
2.26891 1.92405 1.02503 0.0125569 0.00239254
2.29412 1.92405 1.0235 0.0119198 0.00232506
2.31933 1.92405 1.02206 0.0112986 0.00225677
2.34454 1.92405 1.02069 0.0106937 0.00218817
2.36975 1.92405 1.0194 0.0101056 0.00211971
2.39496 1.92405 1.01818 0.00953459 0.0020518
2.42017 1.92405 1.01704 0.00898089 0.00198482
2.44538 1.92405 1.01596 0.00844463 0.00191911
2.47059 1.92405 1.01495 0.00792583 0.00185498
2.4958 1.92405 1.01401 0.00742444 0.00179269
2.52101 1.92405 1.01312 0.00694032 0.00173246
2.54622 1.92405 1.0123 0.00647327 0.00167446
2.57143 1.92405 1.01154 0.006023 0.00161883
2.59664 1.92405 1.01082 0.00558917 0.00156565
2.62185 1.92405 1.01016 0.00517138 0.00151493
2.64706 1.92405 1.00955 0.00476918 0.00146662
2.67227 1.92405 1.00899 0.00438206 0.00142055
2.69748 1.92405 1.00846 0.00400943 0.00137647
2.72269 1.92405 1.00798 0.00365062 0.00133391
2.7479 1.92405 1.00753 0.00330485 0.00129223
2.77311 1.92405 1.00712 0.00297113 0.00125041
2.79832 1.92405 1.00673 0.00264821 0.00120701
2.82353 1.92405 1.00637 0.00233441 0.00115984
2.84874 1.92405 1.00603 0.00202736 0.00110563
2.87395 1.92405 1.0057 0.00172366 0.00103937
2.89916 1.92405 1.00538 0.00141837 0.000953195
2.92437 1.92405 1.00507 0.00110429 0.00083444
2.94958 1.92405 1.00477 0.000771352 0.000662274
2.97479 1.92405 1.00447 0.000406458 0.000402189
3 1.92405 1.00426 0 0

0 1.94937 1.20141 0 0
0.0252101 1.94937 1.20391 -0.00340264 0.0038346
0.0504202 1.94937 1.214 -0.00573406 0.00566649
0.0756303 1.94937 1.22076 -0.00708119 0.00648514
0.10084 1.94937 1.22788 -0.00787077 0.00691209
0.12605 1.94937 1.23411 -0.00823564 0.00713389
0.151261 1.94937 1.23983 -0.00830157 0.00725934
0.176471 1.94937 1.24499 -0.00813325 0.00733215
0.201681 1.94937 1.24966 -0.00777556 0.00737469
0.226891 1.94937 1.25387 -0.00725791 0.00739755
0.252101 1.94937 1.25765 -0.0066013 0.00740601
0.277311 1.94937 1.26101 -0.00582163 0.00740268
0.302521 1.94937 1.26397 -0.00493179 0.00738887
0.327731 1.94937 1.26653 -0.00394285 0.00736516
0.352941 1.94937 1.26871 -0.00286488 0.00733177
0.378151 1.94937 1.2705 -0.00170736 0.00728875
0.403361 1.94937 1.2719 -0.000479507 0.00723604
0.428571 1.94937 1.27291 0.000809547 0.00717362
0.453782 1.94937 1.27355 0.0021507 0.00710148
0.478992 1.94937 1.27379 0.00353481 0.00701967
0.504202 1.94937 1.27366 0.00495272 0.00692827
0.529412 1.94937 1.27314 0.00639525 0.00682743
0.554622 1.94937 1.27225 0.00785325 0.00671732
0.579832 1.94937 1.27098 0.00931762 0.00659815
0.605042 1.94937 1.26936 0.0107793 0.00647017
0.630252 1.94937 1.26737 0.0122295 0.00633369
0.655462 1.94937 1.26505 0.0136595 0.00618908
0.680672 1.94937 1.26239 0.0150609 0.00603676
0.705882 1.94937 1.25941 0.0164254 0.00587726
0.731092 1.94937 1.25613 0.0177455 0.00571117
0.756303 1.94937 1.25256 0.0190136 0.00553917
0.781513 1.94937 1.24872 0.0202231 0.00536202
0.806723 1.94937 1.24463 0.0213678 0.00518054
0.831933 1.94937 1.24031 0.022442 0.00499563
0.857143 1.94937 1.23578 0.0234409 0.00480824
0.882353 1.94937 1.23107 0.0243605 0.00461935
0.907563 1.94937 1.2262 0.0251975 0.00443001
0.932773 1.94937 1.22119 0.0259494 0.00424127
0.957983 1.94937 1.21606 0.0266147 0.00405422
0.983193 1.94937 1.21084 0.0271926 0.00386994
1.0084 1.94937 1.20555 0.0276834 0.00368954
1.03361 1.94937 1.20021 0.028088 0.00351406
1.05882 1.94937 1.19485 0.028408 0.00334454
1.08403 1.94937 1.18948 0.0286461 0.00318195
1.10924 1.94937 1.18411 0.0288053 0.00302719
1.13445 1.94937 1.17878 0.0288892 0.00288107
1.15966 1.94937 1.17349 0.0289021 0.00274429
1.18487 1.94937 1.16826 0.0288485 0.00261745
1.21008 1.94937 1.16309 0.0287331 0.00250103
1.23529 1.94937 1.158 0.028561 0.00239539
1.2605 1.94937 1.15299 0.0283373 0.00230075
1.28571 1.94937 1.14808 0.0280669 0.00221724
1.31092 1.94937 1.14326 0.0277549 0.00214483
1.33613 1.94937 1.13853 0.027406 0.00208342
1.36134 1.94937 1.13391 0.0270248 0.00203277
1.38655 1.94937 1.12938 0.0266155 0.00199255
1.41176 1.94937 1.12496 0.0261822 0.00196232
1.43697 1.94937 1.12063 0.0257285 0.00194156
1.46218 1.94937 1.11639 0.0252576 0.00192965
1.48739 1.94937 1.11225 0.0247723 0.00192591
1.51261 1.94937 1.10821 0.0242753 0.00192955
1.53782 1.94937 1.10424 0.0237688 0.00193974
1.56303 1.94937 1.10037 0.0232545 0.00195558
1.58824 1.94937 1.09657 0.0227341 0.00197613
1.61345 1.94937 1.09286 0.0222088 0.00200043
1.63866 1.94937 1.08922 0.0216797 0.00202747
1.66387 1.94937 1.08567 0.0211477 0.00205626
1.68908 1.94937 1.08218 0.0206134 0.00208583
1.71429 1.94937 1.07877 0.0200774 0.00211522
1.7395 1.94937 1.07544 0.0195402 0.00214353
1.76471 1.94937 1.07218 0.0190021 0.00216993
1.78992 1.94937 1.069 0.0184634 0.00219364
1.81513 1.94937 1.06589 0.0179245 0.00221399
1.84034 1.94937 1.06286 0.0173857 0.0022304
1.86555 1.94937 1.0599 0.0168474 0.00224239
1.89076 1.94937 1.05703 0.0163098 0.0022496
1.91597 1.94937 1.05424 0.0157735 0.00225174
1.94118 1.94937 1.05153 0.0152389 0.00224868
1.96639 1.94937 1.0489 0.0147065 0.00224035
1.9916 1.94937 1.04636 0.0141769 0.00222678
2.01681 1.94937 1.0439 0.0136507 0.00220811
2.04202 1.94937 1.04153 0.0131285 0.00218454
2.06723 1.94937 1.03925 0.0126111 0.00215633
2.09244 1.94937 1.03706 0.0120991 0.00212381
2.11765 1.94937 1.03496 0.0115933 0.00208734
2.14286 1.94937 1.03294 0.0110943 0.00204732
2.16807 1.94937 1.03102 0.010603 0.00200418
2.19328 1.94937 1.02918 0.0101199 0.00195835
2.21849 1.94937 1.02743 0.00964575 0.00191027
2.2437 1.94937 1.02576 0.00918118 0.00186036
2.26891 1.94937 1.02418 0.00872673 0.00180906
2.29412 1.94937 1.02268 0.00828291 0.00175678
2.31933 1.94937 1.02126 0.00785017 0.00170389
2.34454 1.94937 1.01992 0.00742886 0.00165077
2.36975 1.94937 1.01865 0.00701931 0.00159775
2.39496 1.94937 1.01746 0.00662175 0.00154516
2.42017 1.94937 1.01635 0.00623633 0.00149328
2.44538 1.94937 1.0153 0.00586316 0.00144236
2.47059 1.94937 1.01431 0.00550227 0.00139263
2.4958 1.94937 1.01339 0.00515363 0.0013443
2.52101 1.94937 1.01254 0.00481716 0.00129753
2.54622 1.94937 1.01174 0.00449273 0.00125247
2.57143 1.94937 1.01099 0.00418016 0.00120921
2.59664 1.94937 1.0103 0.00387925 0.00116782
2.62185 1.94937 1.00966 0.00358974 0.00112832
2.64706 1.94937 1.00907 0.00331137 0.0010907
2.67227 1.94937 1.00852 0.00304382 0.00105485
2.69748 1.94937 1.00802 0.00278676 0.0010206
2.72269 1.94937 1.00755 0.00253982 0.000987694
2.7479 1.94937 1.00711 0.00230253 0.000955702
2.77311 1.94937 1.00671 0.00207437 0.000924007
2.79832 1.94937 1.00633 0.00185458 0.000891696
2.82353 1.94937 1.00597 0.00164216 0.000857406
2.84874 1.94937 1.00562 0.00143556 0.00081907
2.87395 1.94937 1.00527 0.00123236 0.000773447
2.89916 1.94937 1.00493 0.00102862 0.000715241
2.92437 1.94937 1.00456 0.000817806 0.000635316
2.94958 1.94937 1.00418 0.000588969 0.000516929
2.97479 1.94937 1.00378 0.000324122 0.000326741
3 1.94937 1.00341 0 0

0 1.97468 1.17558 0 0
0.0252101 1.97468 1.19464 -0.00275611 0.00269588
0.0504202 1.97468 1.20464 -0.00396512 0.00335839
0.0756303 1.97468 1.21584 -0.00461833 0.00356535
0.10084 1.97468 1.22456 -0.00489143 0.00364728
0.12605 1.97468 1.23229 -0.00496798 0.00366228
0.151261 1.97468 1.23894 -0.00490321 0.00365283
0.176471 1.97468 1.24481 -0.00473612 0.00363174
0.201681 1.97468 1.25 -0.00448525 0.00360512
0.226891 1.97468 1.25463 -0.00416256 0.00357524
0.252101 1.97468 1.25875 -0.00377598 0.00354298
0.277311 1.97468 1.2624 -0.00333158 0.00350865
0.302521 1.97468 1.2656 -0.0028345 0.00347232
0.327731 1.97468 1.26838 -0.00228935 0.00343396
0.352941 1.97468 1.27074 -0.00170059 0.00339352
0.378151 1.97468 1.27269 -0.00107257 0.00335091
0.403361 1.97468 1.27423 -0.000409667 0.00330606
0.428571 1.97468 1.27536 0.000283665 0.00325892
0.453782 1.97468 1.27609 0.00100291 0.0032095
0.478992 1.97468 1.27641 0.00174345 0.00315781
0.504202 1.97468 1.27633 0.00250063 0.00310392
0.529412 1.97468 1.27585 0.00326972 0.00304789
0.554622 1.97468 1.27498 0.00404598 0.00298983
0.579832 1.97468 1.27371 0.00482466 0.00292984
0.605042 1.97468 1.27206 0.00560106 0.00286802
0.630252 1.97468 1.27004 0.00637052 0.00280448
0.655462 1.97468 1.26765 0.00712848 0.00273932
0.680672 1.97468 1.26492 0.00787051 0.00267268
0.705882 1.97468 1.26185 0.00859231 0.00260469
0.731092 1.97468 1.25846 0.00928981 0.00253549
0.756303 1.97468 1.25477 0.00995916 0.00246525
0.781513 1.97468 1.2508 0.0105968 0.00239415
0.806723 1.97468 1.24657 0.0111994 0.00232239
0.831933 1.97468 1.2421 0.0117641 0.00225018
0.857143 1.97468 1.23742 0.0122883 0.00217777
0.882353 1.97468 1.23254 0.01277 0.0021054
0.907563 1.97468 1.2275 0.0132075 0.00203334
0.932773 1.97468 1.22232 0.0135995 0.00196188
0.957983 1.97468 1.21703 0.0139452 0.00189132
0.983193 1.97468 1.21164 0.0142444 0.00182199
1.0084 1.97468 1.20619 0.0144972 0.00175422
1.03361 1.97468 1.2007 0.0147042 0.00168834
1.05882 1.97468 1.19518 0.0148664 0.00162471
1.08403 1.97468 1.18966 0.0149853 0.00156364
1.10924 1.97468 1.18417 0.0150626 0.00150547
1.13445 1.97468 1.1787 0.0151003 0.00145047
1.15966 1.97468 1.17329 0.0151007 0.00139892
1.18487 1.97468 1.16795 0.0150663 0.00135107
1.21008 1.97468 1.16268 0.0149997 0.00130711
1.23529 1.97468 1.1575 0.0149036 0.00126721
1.2605 1.97468 1.15241 0.0147809 0.0012315
1.28571 1.97468 1.14742 0.0146342 0.00120007
1.31092 1.97468 1.14254 0.0144662 0.00117298
1.33613 1.97468 1.13776 0.0142795 0.00115025
1.36134 1.97468 1.13308 0.0140765 0.00113184
1.38655 1.97468 1.12852 0.0138595 0.0011177
1.41176 1.97468 1.12406 0.0136305 0.0011077
1.43697 1.97468 1.1197 0.0133916 0.00110169
1.46218 1.97468 1.11544 0.0131444 0.00109947
1.48739 1.97468 1.11128 0.0128903 0.00110079
1.51261 1.97468 1.10721 0.0126307 0.00110535
1.53782 1.97468 1.10323 0.0123667 0.00111281
1.56303 1.97468 1.09934 0.0120991 0.00112279
1.58824 1.97468 1.09553 0.0118288 0.00113486
1.61345 1.97468 1.0918 0.0115563 0.00114859
1.63866 1.97468 1.08815 0.0112821 0.00116351
1.66387 1.97468 1.08458 0.0110066 0.00117912
1.68908 1.97468 1.08109 0.01073 0.00119495
1.71429 1.97468 1.07767 0.0104527 0.00121053
1.7395 1.97468 1.07432 0.0101747 0.00122538
1.76471 1.97468 1.07105 0.00989615 0.00123909
1.78992 1.97468 1.06786 0.00961728 0.00125125
1.81513 1.97468 1.06475 0.00933817 0.0012615
1.84034 1.97468 1.06171 0.00905895 0.00126955
1.86555 1.97468 1.05875 0.00877979 0.00127514
1.89076 1.97468 1.05588 0.00850085 0.00127807
1.91597 1.97468 1.05308 0.00822236 0.0012782
1.94118 1.97468 1.05038 0.00794455 0.00127546
1.96639 1.97468 1.04776 0.00766769 0.0012698
1.9916 1.97468 1.04522 0.00739208 0.00126124
2.01681 1.97468 1.04278 0.00711806 0.00124987
2.04202 1.97468 1.04042 0.00684598 0.00123578
2.06723 1.97468 1.03816 0.00657622 0.00121912
2.09244 1.97468 1.03598 0.00630916 0.00120008
2.11765 1.97468 1.0339 0.00604521 0.00117884
2.14286 1.97468 1.0319 0.00578475 0.00115564
2.16807 1.97468 1.03 0.00552818 0.00113069
2.19328 1.97468 1.02819 0.00527587 0.00110425
2.21849 1.97468 1.02646 0.0050282 0.00107655
2.2437 1.97468 1.02482 0.00478549 0.00104783
2.26891 1.97468 1.02327 0.00454806 0.00101833
2.29412 1.97468 1.02179 0.00431618 0.000988284
2.31933 1.97468 1.0204 0.00409009 0.000957901
2.34454 1.97468 1.01909 0.00387001 0.000927388
2.36975 1.97468 1.01786 0.00365609 0.000896936
2.39496 1.97468 1.0167 0.00344848 0.000866723
2.42017 1.97468 1.01561 0.00324725 0.00083691
2.44538 1.97468 1.01459 0.00305248 0.000807641
2.47059 1.97468 1.01363 0.00286418 0.000779047
2.4958 1.97468 1.01274 0.00268234 0.00075124
2.52101 1.97468 1.01191 0.00250693 0.000724315
2.54622 1.97468 1.01114 0.00233788 0.00069835
2.57143 1.97468 1.01042 0.00217512 0.000673404
2.59664 1.97468 1.00976 0.00201855 0.000649516
2.62185 1.97468 1.00914 0.00186805 0.000626703
2.64706 1.97468 1.00857 0.00172352 0.000604953
2.67227 1.97468 1.00804 0.0015848 0.000584225
2.69748 1.97468 1.00755 0.00145179 0.000564439
2.72269 1.97468 1.0071 0.00132432 0.000545463
2.7479 1.97468 1.00668 0.00120224 0.0005271
2.77311 1.97468 1.00629 0.00108537 0.000509056
2.79832 1.97468 1.00592 0.000973452 0.000490909
2.82353 1.97468 1.00557 0.000866126 0.000472032
2.84874 1.97468 1.00522 0.00076279 0.000451487
2.87395 1.97468 1.00486 0.000662395 0.00042781
2.89916 1.97468 1.00449 0.000562985 0.000398596
2.92437 1.97468 1.00408 0.000460795 0.000359588
2.94958 1.97468 1.0036 0.000347891 0.000302294
2.97479 1.97468 1.00305 0.000209179 0.000205823
3 1.97468 1.00229 0 0

0 2 1 0 0
0.0252101 2 1.17523 0 0
0.0504202 2 1.20196 0 0
0.0756303 2 1.21468 0 0
0.10084 2 1.22444 0 0
0.12605 2 1.23259 0 0
0.151261 2 1.2396 0 0
0.176471 2 1.24576 0 0
0.201681 2 1.25123 0 0
0.226891 2 1.25612 0 0
0.252101 2 1.26049 0 0
0.277311 2 1.26438 0 0
0.302521 2 1.2678 0 0
0.327731 2 1.27078 0 0
0.352941 2 1.27333 0 0
0.378151 2 1.27544 0 0
0.403361 2 1.27712 0 0
0.428571 2 1.27838 0 0
0.453782 2 1.2792 0 0
0.478992 2 1.2796 0 0
0.504202 2 1.27958 0 0
0.529412 2 1.27913 0 0
0.554622 2 1.27826 0 0
0.579832 2 1.27698 0 0
0.605042 2 1.2753 0 0
0.630252 2 1.27322 0 0
0.655462 2 1.27075 0 0
0.680672 2 1.26792 0 0
0.705882 2 1.26473 0 0
0.731092 2 1.2612 0 0
0.756303 2 1.25735 0 0
0.781513 2 1.25321 0 0
0.806723 2 1.2488 0 0
0.831933 2 1.24414 0 0
0.857143 2 1.23925 0 0
0.882353 2 1.23417 0 0
0.907563 2 1.22893 0 0
0.932773 2 1.22354 0 0
0.957983 2 1.21803 0 0
0.983193 2 1.21244 0 0
1.0084 2 1.20679 0 0
1.03361 2 1.2011 0 0
1.05882 2 1.1954 0 0
1.08403 2 1.18971 0 0
1.10924 2 1.18405 0 0
1.13445 2 1.17843 0 0
1.15966 2 1.17288 0 0
1.18487 2 1.16741 0 0
1.21008 2 1.16203 0 0
1.23529 2 1.15675 0 0
1.2605 2 1.15157 0 0
1.28571 2 1.1465 0 0
1.31092 2 1.14155 0 0
1.33613 2 1.13672 0 0
1.36134 2 1.132 0 0
1.38655 2 1.1274 0 0
1.41176 2 1.12291 0 0
1.43697 2 1.11853 0 0
1.46218 2 1.11425 0 0
1.48739 2 1.11007 0 0
1.51261 2 1.10599 0 0
1.53782 2 1.10201 0 0
1.56303 2 1.0981 0 0
1.58824 2 1.09429 0 0
1.61345 2 1.09055 0 0
1.63866 2 1.0869 0 0
1.66387 2 1.08332 0 0
1.68908 2 1.07982 0 0
1.71429 2 1.07639 0 0
1.7395 2 1.07304 0 0
1.76471 2 1.06977 0 0
1.78992 2 1.06657 0 0
1.81513 2 1.06345 0 0
1.84034 2 1.06041 0 0
1.86555 2 1.05746 0 0
1.89076 2 1.05458 0 0
1.91597 2 1.0518 0 0
1.94118 2 1.04909 0 0
1.96639 2 1.04648 0 0
1.9916 2 1.04396 0 0
2.01681 2 1.04153 0 0
2.04202 2 1.03919 0 0
2.06723 2 1.03694 0 0
2.09244 2 1.03479 0 0
2.11765 2 1.03273 0 0
2.14286 2 1.03076 0 0
2.16807 2 1.02889 0 0
2.19328 2 1.0271 0 0
2.21849 2 1.02541 0 0
2.2437 2 1.0238 0 0
2.26891 2 1.02227 0 0
2.29412 2 1.02084 0 0
2.31933 2 1.01948 0 0
2.34454 2 1.0182 0 0
2.36975 2 1.017 0 0
2.39496 2 1.01587 0 0
2.42017 2 1.01481 0 0
2.44538 2 1.01383 0 0
2.47059 2 1.0129 0 0
2.4958 2 1.01204 0 0
2.52101 2 1.01124 0 0
2.54622 2 1.0105 0 0
2.57143 2 1.00981 0 0
2.59664 2 1.00917 0 0
2.62185 2 1.00858 0 0
2.64706 2 1.00804 0 0
2.67227 2 1.00754 0 0
2.69748 2 1.00707 0 0
2.72269 2 1.00665 0 0
2.7479 2 1.00625 0 0
2.77311 2 1.00588 0 0
2.79832 2 1.00552 0 0
2.82353 2 1.00518 0 0
2.84874 2 1.00485 0 0
2.87395 2 1.0045 0 0
2.89916 2 1.00413 0 0
2.92437 2 1.00369 0 0
2.94958 2 1.00312 0 0
2.97479 2 1.00223 0 0
3 2 1 0 0

