0 0 1 0.3 0
0.0252101 0 1.87031 0 0
0.0504202 0 2.06475 0 0
0.0756303 0 1.88507 0 0
0.10084 0 1.84132 0 0
0.12605 0 1.79457 0 0
0.151261 0 1.76928 0 0
0.176471 0 1.74958 0 0
0.201681 0 1.73613 0 0
0.226891 0 1.72578 0 0
0.252101 0 1.71798 0 0
0.277311 0 1.71187 0 0
0.302521 0 1.70712 0 0
0.327731 0 1.70343 0 0
0.352941 0 1.70063 0 0
0.378151 0 1.69861 0 0
0.403361 0 1.69726 0 0
0.428571 0 1.69652 0 0
0.453782 0 1.69631 0 0
0.478992 0 1.69657 0 0
0.504202 0 1.69723 0 0
0.529412 0 1.69823 0 0
0.554622 0 1.69948 0 0
0.579832 0 1.70097 0 0
0.605042 0 1.70258 0 0
0.630252 0 1.7044 0 0
0.655462 0 1.70625 0 0
0.680672 0 1.70833 0 0
0.705882 0 1.71036 0 0
0.731092 0 1.71271 0 0
0.756303 0 1.71479 0 0
0.781513 0 1.71734 0 0
0.806723 0 1.7192 0 0
0.831933 0 1.72175 0 0
0.857143 0 1.72292 0 0
0.882353 0 1.72504 0 0
0.907563 0 1.72469 0 0
0.932773 0 1.72543 0 0
0.957983 0 1.72041 0 0
0.983193 0 1 0 0
1.0084 0 0 0 0
1.03361 0 0 0 0
1.05882 0 0 0 0
1.08403 0 0 0 0
1.10924 0 0 0 0
1.13445 0 0 0 0
1.15966 0 0 0 0
1.18487 0 0 0 0
1.21008 0 0 0 0
1.23529 0 0 0 0
1.2605 0 0 0 0
1.28571 0 0 0 0
1.31092 0 0 0 0
1.33613 0 0 0 0
1.36134 0 0 0 0
1.38655 0 0 0 0
1.41176 0 0 0 0
1.43697 0 0 0 0
1.46218 0 0 0 0
1.48739 0 0 0 0
1.51261 0 0 0 0
1.53782 0 0 0 0
1.56303 0 0 0 0
1.58824 0 0 0 0
1.61345 0 0 0 0
1.63866 0 0 0 0
1.66387 0 0 0 0
1.68908 0 0 0 0
1.71429 0 0 0 0
1.7395 0 0 0 0
1.76471 0 0 0 0
1.78992 0 0 0 0
1.81513 0 0 0 0
1.84034 0 0 0 0
1.86555 0 0 0 0
1.89076 0 0 0 0
1.91597 0 0 0 0
1.94118 0 0 0 0
1.96639 0 0 0 0
1.9916 0 0 0 0
2.01681 0 1.03357 0 0
2.04202 0 1.03402 -0.000362466 -0.0161531
2.06723 0 1.03404 -0.000665454 -0.0314745
2.09244 0 1.03426 -0.000928632 -0.0459392
2.11765 0 1.03435 -0.00114626 -0.059548
2.14286 0 1.03451 -0.00132491 -0.0723022
2.16807 0 1.03462 -0.00146311 -0.0842095
2.19328 0 1.03473 -0.00156404 -0.0952764
2.21849 0 1.03482 -0.00162875 -0.10551
2.2437 0 1.03489 -0.00165945 -0.114916
2.26891 0 1.03494 -0.00165797 -0.123499
2.29412 0 1.03497 -0.00162636 -0.131263
2.31933 0 1.03498 -0.00156671 -0.138209
2.34454 0 1.03497 -0.00148117 -0.144339
2.36975 0 1.03494 -0.00137202 -0.149652
2.39496 0 1.03489 -0.00124163 -0.154146
2.42017 0 1.03483 -0.00109251 -0.15782
2.44538 0 1.03475 -0.000927283 -0.160669
2.47059 0 1.03465 -0.000748721 -0.16269
2.4958 0 1.03455 -0.000559724 -0.163876
2.52101 0 1.03443 -0.000363333 -0.164222
2.54622 0 1.03429 -0.000162722 -0.163722
2.57143 0 1.03415 3.87971e-05 -0.162368
2.59664 0 1.03399 0.00023779 -0.160152
2.62185 0 1.03383 0.000430698 -0.157065
2.64706 0 1.03365 0.000613851 -0.153099
2.67227 0 1.03347 0.000783477 -0.148243
2.69748 0 1.03328 0.00093571 -0.14249
2.72269 0 1.03308 0.00106662 -0.135828
2.7479 0 1.03287 0.00117219 -0.128247
2.77311 0 1.03266 0.00124844 -0.119738
2.79832 0 1.03244 0.00129129 -0.110289
2.82353 0 1.03222 0.00129693 -0.0998919
2.84874 0 1.032 0.00126118 -0.0885364
2.87395 0 1.03179 0.00118121 -0.0762137
2.89916 0 1.03156 0.0010522 -0.0629175
2.92437 0 1.03141 0.00087452 -0.0486418
2.94958 0 1.03114 0.000640428 -0.0333896
2.97479 0 1.03108 0.000355843 -0.0171646
3 0 1.03057 0 0

0 0.0253165 1 0.3 0
0.0252101 0.0253165 2.38787 0.107417 0.0154989
0.0504202 0.0253165 2.39484 0.0867304 0.0150953
0.0756303 0.0253165 2.1436 0.0786885 0.0118234
0.10084 0.0253165 2.05581 0.0672435 0.00904849
0.12605 0.0253165 1.96612 0.0587675 0.00663262
0.151261 0.0253165 1.91315 0.0513279 0.00488896
0.176471 0.0253165 1.8714 0.0453455 0.0036085
0.201681 0.0253165 1.8419 0.0403426 0.00270245
0.226891 0.0253165 1.81892 0.0361703 0.00204949
0.252101 0.0253165 1.80118 0.0326139 0.00157665
0.277311 0.0253165 1.7869 0.0295441 0.00122647
0.302521 0.0253165 1.77526 0.0268501 0.00096232
0.327731 0.0253165 1.76557 0.0244548 0.000758444
0.352941 0.0253165 1.75739 0.0222979 0.000597873
0.378151 0.0253165 1.7504 0.0203351 0.000468824
0.403361 0.0253165 1.74437 0.0185318 0.000363268
0.428571 0.0253165 1.73914 0.016862 0.000275413
0.453782 0.0253165 1.7346 0.0153052 0.000201143
0.478992 0.0253165 1.73068 0.013846 0.0001372
0.504202 0.0253165 1.72732 0.0124727 8.11714e-05
0.529412 0.0253165 1.72452 0.0111768 3.08664e-05
0.554622 0.0253165 1.72224 0.00995279 -1.52831e-05
0.579832 0.0253165 1.72049 0.00879731 -5.88903e-05
0.605042 0.0253165 1.71923 0.00770907 -0.000100834
0.630252 0.0253165 1.71846 0.00668824 -0.000142256
0.655462 0.0253165 1.71815 0.00573669 -0.00018335
0.680672 0.0253165 1.71821 0.00485602 -0.000225084
0.705882 0.0253165 1.71867 0.00405082 -0.000267149
0.731092 0.0253165 1.71931 0.00332216 -0.000310944
0.756303 0.0253165 1.72034 0.002678 -0.000355593
0.781513 0.0253165 1.72125 0.00211643 -0.000403334
0.806723 0.0253165 1.72262 0.00164967 -0.000451547
0.831933 0.0253165 1.72333 0.00126825 -0.00050328
0.857143 0.0253165 1.72474 0.000987639 -0.000550813
0.882353 0.0253165 1.7246 0.000780212 -0.000597068
0.907563 0.0253165 1.72565 0.000656468 -0.000619031
0.932773 0.0253165 1.72374 0.000540252 -0.000611876
0.957983 0.0253165 1.72412 0.000401897 -0.000493702
0.983193 0.0253165 1.71942 0 0
1.0084 0.0253165 0 0 0
1.03361 0.0253165 0 0 0
1.05882 0.0253165 0 0 0
1.08403 0.0253165 0 0 0
1.10924 0.0253165 0 0 0
1.13445 0.0253165 0 0 0
1.15966 0.0253165 0 0 0
1.18487 0.0253165 0 0 0
1.21008 0.0253165 0 0 0
1.23529 0.0253165 0 0 0
1.2605 0.0253165 0 0 0
1.28571 0.0253165 0 0 0
1.31092 0.0253165 0 0 0
1.33613 0.0253165 0 0 0
1.36134 0.0253165 0 0 0
1.38655 0.0253165 0 0 0
1.41176 0.0253165 0 0 0
1.43697 0.0253165 0 0 0
1.46218 0.0253165 0 0 0
1.48739 0.0253165 0 0 0
1.51261 0.0253165 0 0 0
1.53782 0.0253165 0 0 0
1.56303 0.0253165 0 0 0
1.58824 0.0253165 0 0 0
1.61345 0.0253165 0 0 0
1.63866 0.0253165 0 0 0
1.66387 0.0253165 0 0 0
1.68908 0.0253165 0 0 0
1.71429 0.0253165 0 0 0
1.7395 0.0253165 0 0 0
1.76471 0.0253165 0 0 0
1.78992 0.0253165 0 0 0
1.81513 0.0253165 0 0 0
1.84034 0.0253165 0 0 0
1.86555 0.0253165 0 0 0
1.89076 0.0253165 0 0 0
1.91597 0.0253165 0 0 0
1.94118 0.0253165 0 0 0
1.96639 0.0253165 0 0 0
1.9916 0.0253165 0 0 0
2.01681 0.0253165 1.03357 0 0
2.04202 0.0253165 1.03402 -0.000362466 -0.0161531
2.06723 0.0253165 1.03404 -0.000665454 -0.0314745
2.09244 0.0253165 1.03426 -0.000928632 -0.0459392
2.11765 0.0253165 1.03435 -0.00114626 -0.059548
2.14286 0.0253165 1.03451 -0.00132491 -0.0723022
2.16807 0.0253165 1.03462 -0.00146311 -0.0842095
2.19328 0.0253165 1.03473 -0.00156404 -0.0952764
2.21849 0.0253165 1.03482 -0.00162875 -0.10551
2.2437 0.0253165 1.03489 -0.00165945 -0.114916
2.26891 0.0253165 1.03494 -0.00165797 -0.123499
2.29412 0.0253165 1.03497 -0.00162636 -0.131263
2.31933 0.0253165 1.03498 -0.00156671 -0.138209
2.34454 0.0253165 1.03497 -0.00148117 -0.144339
2.36975 0.0253165 1.03494 -0.00137202 -0.149652
2.39496 0.0253165 1.03489 -0.00124163 -0.154146
2.42017 0.0253165 1.03483 -0.00109251 -0.15782
2.44538 0.0253165 1.03475 -0.000927283 -0.160669
2.47059 0.0253165 1.03465 -0.000748721 -0.16269
2.4958 0.0253165 1.03455 -0.000559724 -0.163876
2.52101 0.0253165 1.03443 -0.000363333 -0.164222
2.54622 0.0253165 1.03429 -0.000162722 -0.163722
2.57143 0.0253165 1.03415 3.87971e-05 -0.162368
2.59664 0.0253165 1.03399 0.00023779 -0.160152
2.62185 0.0253165 1.03383 0.000430698 -0.157065
2.64706 0.0253165 1.03365 0.000613851 -0.153099
2.67227 0.0253165 1.03347 0.000783477 -0.148243
2.69748 0.0253165 1.03328 0.00093571 -0.14249
2.72269 0.0253165 1.03308 0.00106662 -0.135828
2.7479 0.0253165 1.03287 0.00117219 -0.128247
2.77311 0.0253165 1.03266 0.00124844 -0.119738
2.79832 0.0253165 1.03244 0.00129129 -0.110289
2.82353 0.0253165 1.03222 0.00129693 -0.0998919
2.84874 0.0253165 1.032 0.00126118 -0.0885364
2.87395 0.0253165 1.03179 0.00118121 -0.0762137
2.89916 0.0253165 1.03156 0.0010522 -0.0629175
2.92437 0.0253165 1.03141 0.00087452 -0.0486418
2.94958 0.0253165 1.03114 0.000640428 -0.0333896
2.97479 0.0253165 1.03108 0.000355843 -0.0171646
3 0.0253165 1.03057 0 0

0 0.0506329 1 0.3 0
0.0252101 0.0506329 1.90773 0.152191 0.0392102
0.0504202 0.0506329 2.11607 0.125684 0.0393411
0.0756303 0.0506329 1.96769 0.119916 0.0321618
0.10084 0.0506329 1.91102 0.108853 0.0257523
0.12605 0.0506329 1.85619 0.0988018 0.019822
0.151261 0.0506329 1.81993 0.0892526 0.0153584
0.176471 0.0506329 1.79192 0.0807631 0.0119531
0.201681 0.0506329 1.77142 0.0732244 0.0094514
0.226891 0.0506329 1.75568 0.0665763 0.00758752
0.252101 0.0506329 1.74362 0.0606803 0.00619463
0.277311 0.0506329 1.73419 0.0554205 0.0051347
0.302521 0.0506329 1.72681 0.050688 0.0043159
0.327731 0.0506329 1.72102 0.0463946 0.0036713
0.352941 0.0506329 1.71653 0.0424675 0.00315508
0.378151 0.0506329 1.7131 0.0388489 0.00273437
0.403361 0.0506329 1.71059 0.0354926 0.00238594
0.428571 0.0506329 1.70885 0.0323627 0.00209263
0.453782 0.0506329 1.70779 0.0294307 0.00184183
0.478992 0.0506329 1.7073 0.026675 0.00162362
0.504202 0.0506329 1.70729 0.0240788 0.00143033
0.529412 0.0506329 1.70768 0.02163 0.00125543
0.554622 0.0506329 1.70836 0.0193189 0.00109375
0.579832 0.0506329 1.70932 0.0171399 0.000940641
0.605042 0.0506329 1.71042 0.0150883 0.000792634
0.630252 0.0506329 1.71174 0.0131638 0.000646485
0.655462 0.0506329 1.71307 0.0113651 0.000500161
0.680672 0.0506329 1.71465 0.00969733 0.000351304
0.705882 0.0506329 1.71612 0.00816143 0.000198918
0.731092 0.0506329 1.71792 0.00676776 4.07045e-05
0.756303 0.0506329 1.7194 0.00551628 -0.000123023
0.781513 0.0506329 1.72137 0.00442143 -0.000294748
0.806723 0.0506329 1.72259 0.00347705 -0.000470179
0.831933 0.0506329 1.72459 0.00269853 -0.000650735
0.857143 0.0506329 1.72514 0.00206471 -0.000820409
0.882353 0.0506329 1.72696 0.00158324 -0.000974521
0.907563 0.0506329 1.72631 0.0011993 -0.00106207
0.932773 0.0506329 1.72769 0.000889412 -0.0010497
0.957983 0.0506329 1.72519 0.000520557 -0.000760473
0.983193 0.0506329 1.72615 0 0
1.0084 0.0506329 0 0 0
1.03361 0.0506329 0 0 0
1.05882 0.0506329 0 0 0
1.08403 0.0506329 0 0 0
1.10924 0.0506329 0 0 0
1.13445 0.0506329 0 0 0
1.15966 0.0506329 0 0 0
1.18487 0.0506329 0 0 0
1.21008 0.0506329 0 0 0
1.23529 0.0506329 0 0 0
1.2605 0.0506329 0 0 0
1.28571 0.0506329 0 0 0
1.31092 0.0506329 0 0 0
1.33613 0.0506329 0 0 0
1.36134 0.0506329 0 0 0
1.38655 0.0506329 0 0 0
1.41176 0.0506329 0 0 0
1.43697 0.0506329 0 0 0
1.46218 0.0506329 0 0 0
1.48739 0.0506329 0 0 0
1.51261 0.0506329 0 0 0
1.53782 0.0506329 0 0 0
1.56303 0.0506329 0 0 0
1.58824 0.0506329 0 0 0
1.61345 0.0506329 0 0 0
1.63866 0.0506329 0 0 0
1.66387 0.0506329 0 0 0
1.68908 0.0506329 0 0 0
1.71429 0.0506329 0 0 0
1.7395 0.0506329 0 0 0
1.76471 0.0506329 0 0 0
1.78992 0.0506329 0 0 0
1.81513 0.0506329 0 0 0
1.84034 0.0506329 0 0 0
1.86555 0.0506329 0 0 0
1.89076 0.0506329 0 0 0
1.91597 0.0506329 0 0 0
1.94118 0.0506329 0 0 0
1.96639 0.0506329 0 0 0
1.9916 0.0506329 0 0 0
2.01681 0.0506329 1.03972 0 0
2.04202 0.0506329 1.04028 -0.000378998 -0.0161951
2.06723 0.0506329 1.04058 -0.000689961 -0.0315188
2.09244 0.0506329 1.04098 -0.000953825 -0.0459749
2.11765 0.0506329 1.04124 -0.00117132 -0.0595746
2.14286 0.0506329 1.0415 -0.00134955 -0.0723212
2.16807 0.0506329 1.0417 -0.00148858 -0.084223
2.19328 0.0506329 1.04188 -0.00159102 -0.0952861
2.21849 0.0506329 1.04202 -0.00165793 -0.105517
2.2437 0.0506329 1.04214 -0.00169108 -0.114922
2.26891 0.0506329 1.04223 -0.00169209 -0.123504
2.29412 0.0506329 1.04231 -0.00166282 -0.131268
2.31933 0.0506329 1.04237 -0.0016052 -0.138214
2.34454 0.0506329 1.04241 -0.00152132 -0.144344
2.36975 0.0506329 1.04243 -0.0014134 -0.149658
2.39496 0.0506329 1.04244 -0.00128379 -0.154153
2.42017 0.0506329 1.04243 -0.001135 -0.157827
2.44538 0.0506329 1.04241 -0.000969649 -0.160677
2.47059 0.0506329 1.04237 -0.000790525 -0.162698
2.4958 0.0506329 1.04231 -0.000600548 -0.163885
2.52101 0.0506329 1.04224 -0.000402782 -0.164232
2.54622 0.0506329 1.04216 -0.000200428 -0.163732
2.57143 0.0506329 1.04206 3.18219e-06 -0.162378
2.59664 0.0506329 1.04195 0.000204588 -0.160163
2.62185 0.0506329 1.04183 0.000400212 -0.157076
2.64706 0.0506329 1.04169 0.000586362 -0.153111
2.67227 0.0506329 1.04154 0.000759249 -0.148256
2.69748 0.0506329 1.04137 0.000914996 -0.142503
2.72269 0.0506329 1.04119 0.00104966 -0.135842
2.7479 0.0506329 1.041 0.00115926 -0.128262
2.77311 0.0506329 1.04079 0.0012398 -0.119754
2.79832 0.0506329 1.04056 0.00128729 -0.110307
2.82353 0.0506329 1.04031 0.00129795 -0.0999118
2.84874 0.0506329 1.04004 0.00126784 -0.0885598
2.87395 0.0506329 1.03974 0.00119382 -0.0762421
2.89916 0.0506329 1.03939 0.00107138 -0.0629528
2.92437 0.0506329 1.03904 0.000898713 -0.0486854
2.94958 0.0506329 1.03855 0.000667214 -0.0334406
2.97479 0.0506329 1.03816 0.000374957 -0.0172114
3 0.0506329 1.03751 0 0

0 0.0759494 1 0.3 0
0.0252101 0.0759494 1.81932 0.168072 0.0361935
0.0504202 0.0759494 2.13371 0.143058 0.044168
0.0756303 0.0759494 2.03591 0.142316 0.040811
0.10084 0.0759494 1.99222 0.135208 0.0356352
0.12605 0.0759494 1.94426 0.126963 0.0298023
0.151261 0.0759494 1.90736 0.117945 0.0246866
0.176471 0.0759494 1.87611 0.109052 0.0204153
0.201681 0.0759494 1.85093 0.100561 0.0169982
0.226891 0.0759494 1.83015 0.0926427 0.0142872
0.252101 0.0759494 1.81309 0.0853221 0.0121449
0.277311 0.0759494 1.79889 0.0785785 0.0104423
0.302521 0.0759494 1.787 0.0723609 0.0090787
0.327731 0.0759494 1.77695 0.0666126 0.00797466
0.352941 0.0759494 1.76838 0.0612773 0.00707039
0.378151 0.0759494 1.76101 0.0563042 0.00632021
0.403361 0.0759494 1.75463 0.0516491 0.00568951
0.428571 0.0759494 1.74907 0.0472747 0.00515143
0.453782 0.0759494 1.74421 0.0431504 0.00468522
0.478992 0.0759494 1.73999 0.0392515 0.00427409
0.504202 0.0759494 1.73633 0.0355589 0.00390488
0.529412 0.0759494 1.73322 0.0320583 0.00356632
0.554622 0.0759494 1.73063 0.0287398 0.00324959
0.579832 0.0759494 1.72857 0.0255977 0.00294651
0.605042 0.0759494 1.72699 0.0226294 0.00265084
0.630252 0.0759494 1.72588 0.0198355 0.00235606
0.655462 0.0759494 1.7252 0.0172188 0.00205767
0.680672 0.0759494 1.72486 0.0147834 0.00175043
0.705882 0.0759494 1.72486 0.0125357 0.0014317
0.731092 0.0759494 1.72502 0.0104807 0.00109828
0.756303 0.0759494 1.7255 0.00862702 0.000750414
0.781513 0.0759494 1.7259 0.0069771 0.000388871
0.806723 0.0759494 1.72671 0.00553948 1.90367e-05
0.831933 0.0759494 1.72707 0.00430748 -0.000349626
0.857143 0.0759494 1.72805 0.00328244 -0.000699958
0.882353 0.0759494 1.72803 0.00243714 -0.000999891
0.907563 0.0759494 1.72896 0.00174988 -0.00120054
0.932773 0.0759494 1.72829 0.00115931 -0.00120739
0.957983 0.0759494 1.72892 0.000596739 -0.000888148
0.983193 0.0759494 1.72791 0 0
1.0084 0.0759494 0 0 0
1.03361 0.0759494 0 0 0
1.05882 0.0759494 0 0 0
1.08403 0.0759494 0 0 0
1.10924 0.0759494 0 0 0
1.13445 0.0759494 0 0 0
1.15966 0.0759494 0 0 0
1.18487 0.0759494 0 0 0
1.21008 0.0759494 0 0 0
1.23529 0.0759494 0 0 0
1.2605 0.0759494 0 0 0
1.28571 0.0759494 0 0 0
1.31092 0.0759494 0 0 0
1.33613 0.0759494 0 0 0
1.36134 0.0759494 0 0 0
1.38655 0.0759494 0 0 0
1.41176 0.0759494 0 0 0
1.43697 0.0759494 0 0 0
1.46218 0.0759494 0 0 0
1.48739 0.0759494 0 0 0
1.51261 0.0759494 0 0 0
1.53782 0.0759494 0 0 0
1.56303 0.0759494 0 0 0
1.58824 0.0759494 0 0 0
1.61345 0.0759494 0 0 0
1.63866 0.0759494 0 0 0
1.66387 0.0759494 0 0 0
1.68908 0.0759494 0 0 0
1.71429 0.0759494 0 0 0
1.7395 0.0759494 0 0 0
1.76471 0.0759494 0 0 0
1.78992 0.0759494 0 0 0
1.81513 0.0759494 0 0 0
1.84034 0.0759494 0 0 0
1.86555 0.0759494 0 0 0
1.89076 0.0759494 0 0 0
1.91597 0.0759494 0 0 0
1.94118 0.0759494 0 0 0
1.96639 0.0759494 0 0 0
1.9916 0.0759494 0 0 0
2.01681 0.0759494 1.04125 0 0
2.04202 0.0759494 1.04154 -0.000374114 -0.0161893
2.06723 0.0759494 1.04164 -0.000690373 -0.0315142
2.09244 0.0759494 1.04176 -0.000960385 -0.0459714
2.11765 0.0759494 1.04183 -0.00118621 -0.0595707
2.14286 0.0759494 1.04192 -0.00137235 -0.0723174
2.16807 0.0759494 1.042 -0.00151916 -0.0842194
2.19328 0.0759494 1.04209 -0.00162875 -0.0952832
2.21849 0.0759494 1.04218 -0.00170219 -0.105515
2.2437 0.0759494 1.04226 -0.00174119 -0.114921
2.26891 0.0759494 1.04233 -0.00174734 -0.123505
2.29412 0.0759494 1.04239 -0.00172248 -0.13127
2.31933 0.0759494 1.04244 -0.00166852 -0.138218
2.34454 0.0759494 1.04247 -0.00158752 -0.14435
2.36975 0.0759494 1.04248 -0.0014817 -0.149665
2.39496 0.0759494 1.04249 -0.0013534 -0.154161
2.42017 0.0759494 1.04247 -0.00120514 -0.157837
2.44538 0.0759494 1.04244 -0.00103956 -0.160688
2.47059 0.0759494 1.0424 -0.000859494 -0.162711
2.4958 0.0759494 1.04235 -0.000667891 -0.1639
2.52101 0.0759494 1.04228 -0.000467859 -0.164248
2.54622 0.0759494 1.04219 -0.000262644 -0.16375
2.57143 0.0759494 1.0421 -5.56249e-05 -0.162397
2.59664 0.0759494 1.04199 0.000149691 -0.160182
2.62185 0.0759494 1.04187 0.000349676 -0.157097
2.64706 0.0759494 1.04173 0.00054059 -0.153132
2.67227 0.0759494 1.04158 0.000718584 -0.148278
2.69748 0.0759494 1.04143 0.000879714 -0.142526
2.72269 0.0759494 1.04126 0.00101995 -0.135864
2.7479 0.0759494 1.04108 0.00113519 -0.128284
2.77311 0.0759494 1.0409 0.0012213 -0.119775
2.79832 0.0759494 1.04071 0.00127405 -0.110328
2.82353 0.0759494 1.04052 0.00128937 -0.0999315
2.84874 0.0759494 1.04034 0.001263 -0.0885776
2.87395 0.0759494 1.04017 0.00119133 -0.0762577
2.89916 0.0759494 1.04 0.00106988 -0.0629653
2.92437 0.0759494 1.03986 0.000896049 -0.0486945
2.94958 0.0759494 1.03968 0.000663597 -0.0334437
2.97479 0.0759494 1.03951 0.000368899 -0.0172087
3 0.0759494 1.03916 0 0

0 0.101266 1 0.3 0
0.0252101 0.101266 1.69817 0.178385 0.0341605
0.0504202 0.101266 2.02152 0.152783 0.0482803
0.0756303 0.101266 1.96298 0.154323 0.0493446
0.10084 0.101266 1.92595 0.150856 0.0465344
0.12605 0.101266 1.88731 0.145099 0.0416432
0.151261 0.101266 1.85529 0.137728 0.0364586
0.176471 0.101266 1.82794 0.129646 0.0315914
0.201681 0.101266 1.8055 0.121352 0.0273322
0.226891 0.101266 1.78703 0.113179 0.0237143
0.252101 0.101266 1.77196 0.105296 0.0206932
0.277311 0.101266 1.75966 0.0977879 0.0181842
0.302521 0.101266 1.74963 0.0906782 0.016101
0.327731 0.101266 1.74147 0.083962 0.0143641
0.352941 0.101266 1.73486 0.0776184 0.0129061
0.378151 0.101266 1.72957 0.0716207 0.011671
0.403361 0.101266 1.72538 0.0659411 0.0106138
0.428571 0.101266 1.72216 0.0605541 0.00969765
0.453782 0.101266 1.71976 0.0554372 0.00889302
0.478992 0.101266 1.71807 0.0505723 0.00817535
0.504202 0.101266 1.71695 0.0459445 0.00752473
0.529412 0.101266 1.71634 0.0415432 0.00692393
0.554622 0.101266 1.71609 0.0373597 0.006359
0.579832 0.101266 1.71617 0.0333895 0.00581749
0.605042 0.101266 1.71644 0.0296288 0.00528985
0.630252 0.101266 1.717 0.0260788 0.0047673
0.655462 0.101266 1.71764 0.0227399 0.00424407
0.680672 0.101266 1.71863 0.0196197 0.00371396
0.705882 0.101266 1.71963 0.0167216 0.0031742
0.731092 0.101266 1.72108 0.0140589 0.00261997
0.756303 0.101266 1.72231 0.0116339 0.00205242
0.781513 0.101266 1.72412 0.00946155 0.00146925
0.806723 0.101266 1.72529 0.00753576 0.000881485
0.831933 0.101266 1.72723 0.00586819 0.000295285
0.857143 0.101266 1.72796 0.00443594 -0.000254882
0.882353 0.101266 1.72985 0.00324 -0.000740935
0.907563 0.101266 1.72982 0.00223241 -0.00107848
0.932773 0.101266 1.73155 0.00139482 -0.00118783
0.957983 0.101266 1.7307 0.000658796 -0.000890398
0.983193 0.101266 1.73223 0 0
1.0084 0.101266 0 0 0
1.03361 0.101266 0 0 0
1.05882 0.101266 0 0 0
1.08403 0.101266 0 0 0
1.10924 0.101266 0 0 0
1.13445 0.101266 0 0 0
1.15966 0.101266 0 0 0
1.18487 0.101266 0 0 0
1.21008 0.101266 0 0 0
1.23529 0.101266 0 0 0
1.2605 0.101266 0 0 0
1.28571 0.101266 0 0 0
1.31092 0.101266 0 0 0
1.33613 0.101266 0 0 0
1.36134 0.101266 0 0 0
1.38655 0.101266 0 0 0
1.41176 0.101266 0 0 0
1.43697 0.101266 0 0 0
1.46218 0.101266 0 0 0
1.48739 0.101266 0 0 0
1.51261 0.101266 0 0 0
1.53782 0.101266 0 0 0
1.56303 0.101266 0 0 0
1.58824 0.101266 0 0 0
1.61345 0.101266 0 0 0
1.63866 0.101266 0 0 0
1.66387 0.101266 0 0 0
1.68908 0.101266 0 0 0
1.71429 0.101266 0 0 0
1.7395 0.101266 0 0 0
1.76471 0.101266 0 0 0
1.78992 0.101266 0 0 0
1.81513 0.101266 0 0 0
1.84034 0.101266 0 0 0
1.86555 0.101266 0 0 0
1.89076 0.101266 0 0 0
1.91597 0.101266 0 0 0
1.94118 0.101266 0 0 0
1.96639 0.101266 0 0 0
1.9916 0.101266 0 0 0
2.01681 0.101266 1.04634 0 0
2.04202 0.101266 1.04683 -0.000394537 -0.0162215
2.06723 0.101266 1.04721 -0.000725124 -0.0315518
2.09244 0.101266 1.04766 -0.00100509 -0.0460066
2.11765 0.101266 1.04803 -0.00123759 -0.0596002
2.14286 0.101266 1.04838 -0.00142889 -0.0723406
2.16807 0.101266 1.04867 -0.00158055 -0.0842369
2.19328 0.101266 1.04893 -0.0016951 -0.0952964
2.21849 0.101266 1.04915 -0.00177379 -0.105526
2.2437 0.101266 1.04933 -0.00181813 -0.11493
2.26891 0.101266 1.04949 -0.00182947 -0.123513
2.29412 0.101266 1.04963 -0.00180935 -0.131279
2.31933 0.101266 1.04974 -0.00175949 -0.138228
2.34454 0.101266 1.04984 -0.00168178 -0.144362
2.36975 0.101266 1.04991 -0.00157831 -0.149679
2.39496 0.101266 1.04998 -0.00145139 -0.154178
2.42017 0.101266 1.05002 -0.0013035 -0.157856
2.44538 0.101266 1.05005 -0.00113731 -0.16071
2.47059 0.101266 1.05006 -0.000955664 -0.162735
2.4958 0.101266 1.05006 -0.000761567 -0.163926
2.52101 0.101266 1.05004 -0.000558174 -0.164277
2.54622 0.101266 1.05 -0.000348786 -0.163781
2.57143 0.101266 1.04994 -0.000136837 -0.162431
2.59664 0.101266 1.04987 7.41163e-05 -0.160218
2.62185 0.101266 1.04978 0.000280397 -0.157135
2.64706 0.101266 1.04968 0.000478221 -0.153171
2.67227 0.101266 1.04955 0.000663709 -0.148319
2.69748 0.101266 1.0494 0.000832888 -0.142568
2.72269 0.101266 1.04923 0.000981719 -0.135909
2.7479 0.101266 1.04904 0.00110609 -0.128331
2.77311 0.101266 1.04881 0.00120186 -0.119824
2.79832 0.101266 1.04856 0.0012648 -0.110379
2.82353 0.101266 1.04826 0.00129071 -0.0999851
2.84874 0.101266 1.04792 0.0012751 -0.0886342
2.87395 0.101266 1.04753 0.00121359 -0.0763173
2.89916 0.101266 1.04707 0.00110057 -0.0630273
2.92437 0.101266 1.04659 0.000931319 -0.0487566
2.94958 0.101266 1.04601 0.000696773 -0.0335012
2.97479 0.101266 1.04551 0.000391171 -0.017252
3 0.101266 1.04491 0 0

0 0.126582 1 0.3 0
0.0252101 0.126582 1.63376 0.184231 0.0301151
0.0504202 0.126582 1.96615 0.157512 0.046729
0.0756303 0.126582 1.94359 0.15991 0.0514858
0.10084 0.126582 1.92026 0.159189 0.0513732
0.12605 0.126582 1.89461 0.1559 0.0483116
0.151261 0.126582 1.87155 0.150592 0.0440826
0.176471 0.126582 1.8508 0.144006 0.0395772
0.201681 0.126582 1.83284 0.136677 0.03529
0.226891 0.126582 1.81738 0.129007 0.0314249
0.252101 0.126582 1.80417 0.121262 0.0280453
0.277311 0.126582 1.79288 0.11361 0.025136
0.302521 0.126582 1.78322 0.106148 0.0226498
0.327731 0.126582 1.77492 0.0989295 0.0205283
0.352941 0.126582 1.76777 0.0919787 0.0187134
0.378151 0.126582 1.76159 0.0853022 0.0171522
0.403361 0.126582 1.75621 0.0788967 0.0157985
0.428571 0.126582 1.75153 0.0727545 0.0146128
0.453782 0.126582 1.74745 0.066866 0.0135615
0.478992 0.126582 1.74392 0.0612217 0.0126164
0.504202 0.126582 1.74089 0.0558138 0.0117536
0.529412 0.126582 1.73837 0.0506367 0.0109523
0.554622 0.126582 1.73634 0.0456875 0.010195
0.579832 0.126582 1.7348 0.0409668 0.0094657
0.605042 0.126582 1.73371 0.0364774 0.00875041
0.630252 0.126582 1.73302 0.032225 0.00803569
0.655462 0.126582 1.73261 0.028216 0.00731009
0.680672 0.126582 1.73241 0.0244578 0.00656315
0.705882 0.126582 1.73231 0.0209573 0.00578749
0.731092 0.126582 1.73223 0.0177208 0.0049792
0.756303 0.126582 1.73222 0.0147551 0.00413835
0.781513 0.126582 1.73216 0.0120647 0.00327221
0.806723 0.126582 1.73232 0.00965532 0.00239173
0.831933 0.126582 1.73235 0.00752582 0.00152207
0.857143 0.126582 1.73281 0.00567469 0.000692509
0.882353 0.126582 1.73297 0.00408917 -3.84528e-05
0.907563 0.126582 1.7337 0.002753 -0.000605013
0.932773 0.126582 1.73392 0.00164226 -0.00088635
0.957983 0.126582 1.73479 0.000728721 -0.000752712
0.983193 0.126582 1.73516 0 0
1.0084 0.126582 0 0 0
1.03361 0.126582 0 0 0
1.05882 0.126582 0 0 0
1.08403 0.126582 0 0 0
1.10924 0.126582 0 0 0
1.13445 0.126582 0 0 0
1.15966 0.126582 0 0 0
1.18487 0.126582 0 0 0
1.21008 0.126582 0 0 0
1.23529 0.126582 0 0 0
1.2605 0.126582 0 0 0
1.28571 0.126582 0 0 0
1.31092 0.126582 0 0 0
1.33613 0.126582 0 0 0
1.36134 0.126582 0 0 0
1.38655 0.126582 0 0 0
1.41176 0.126582 0 0 0
1.43697 0.126582 0 0 0
1.46218 0.126582 0 0 0
1.48739 0.126582 0 0 0
1.51261 0.126582 0 0 0
1.53782 0.126582 0 0 0
1.56303 0.126582 0 0 0
1.58824 0.126582 0 0 0
1.61345 0.126582 0 0 0
1.63866 0.126582 0 0 0
1.66387 0.126582 0 0 0
1.68908 0.126582 0 0 0
1.71429 0.126582 0 0 0
1.7395 0.126582 0 0 0
1.76471 0.126582 0 0 0
1.78992 0.126582 0 0 0
1.81513 0.126582 0 0 0
1.84034 0.126582 0 0 0
1.86555 0.126582 0 0 0
1.89076 0.126582 0 0 0
1.91597 0.126582 0 0 0
1.94118 0.126582 0 0 0
1.96639 0.126582 0 0 0
1.9916 0.126582 0 0 0
2.01681 0.126582 1.04892 0 0
2.04202 0.126582 1.04915 -0.000388668 -0.0162119
2.06723 0.126582 1.04929 -0.0007238 -0.0315405
2.09244 0.126582 1.04938 -0.00101162 -0.0459935
2.11765 0.126582 1.04944 -0.00125588 -0.059585
2.14286 0.126582 1.04949 -0.00145979 -0.0723242
2.16807 0.126582 1.04954 -0.00162466 -0.0842205
2.19328 0.126582 1.0496 -0.00175183 -0.0952812
2.21849 0.126582 1.04967 -0.00184223 -0.105513
2.2437 0.126582 1.04974 -0.001897 -0.11492
2.26891 0.126582 1.04982 -0.00191739 -0.123507
2.29412 0.126582 1.04989 -0.00190487 -0.131276
2.31933 0.126582 1.04996 -0.00186115 -0.13823
2.34454 0.126582 1.05003 -0.00178814 -0.144368
2.36975 0.126582 1.05008 -0.00168798 -0.14969
2.39496 0.126582 1.05012 -0.001563 -0.154193
2.42017 0.126582 1.05015 -0.00141577 -0.157876
2.44538 0.126582 1.05017 -0.00124902 -0.160734
2.47059 0.126582 1.05018 -0.00106568 -0.162763
2.4958 0.126582 1.05017 -0.00086882 -0.163958
2.52101 0.126582 1.05015 -0.000661696 -0.164312
2.54622 0.126582 1.05011 -0.000447691 -0.163819
2.57143 0.126582 1.05006 -0.000230328 -0.162472
2.59664 0.126582 1.05 -1.32543e-05 -0.160261
2.62185 0.126582 1.04992 0.00019976 -0.15718
2.64706 0.126582 1.04983 0.000404828 -0.153219
2.67227 0.126582 1.04973 0.000597948 -0.148368
2.69748 0.126582 1.04961 0.000775006 -0.142618
2.72269 0.126582 1.04949 0.000931782 -0.135959
2.7479 0.126582 1.04935 0.00106394 -0.12838
2.77311 0.126582 1.04922 0.00116707 -0.119872
2.79832 0.126582 1.04908 0.00123663 -0.110425
2.82353 0.126582 1.04894 0.00126809 -0.100028
2.84874 0.126582 1.04881 0.00125676 -0.0886736
2.87395 0.126582 1.04868 0.00119804 -0.0763521
2.89916 0.126582 1.04856 0.0010869 -0.0630562
2.92437 0.126582 1.04843 0.000918283 -0.0487786
2.94958 0.126582 1.04826 0.000685778 -0.0335137
2.97479 0.126582 1.04802 0.000382241 -0.0172538
3 0.126582 1.04769 0 0

0 0.151899 1 0.3 0
0.0252101 0.151899 1.58841 0.18855 0.0266645
0.0504202 0.151899 1.91093 0.160784 0.0443249
0.0756303 0.151899 1.90861 0.162989 0.0519847
0.10084 0.151899 1.8911 0.163925 0.0545585
0.12605 0.151899 1.87127 0.16251 0.053712
0.151261 0.151899 1.85187 0.15904 0.051025
0.176471 0.151899 1.83346 0.15401 0.0474731
0.201681 0.151899 1.81672 0.147879 0.0436731
0.226891 0.151899 1.80175 0.14104 0.0399633
0.252101 0.151899 1.78859 0.133794 0.0365161
0.277311 0.151899 1.7771 0.126359 0.0333995
0.302521 0.151899 1.76717 0.118885 0.0306247
0.327731 0.151899 1.75862 0.111475 0.028172
0.352941 0.151899 1.75132 0.104193 0.0260083
0.378151 0.151899 1.74513 0.0970818 0.0240952
0.403361 0.151899 1.73993 0.0901643 0.0223945
0.428571 0.151899 1.73559 0.0834558 0.0208699
0.453782 0.151899 1.73201 0.0769646 0.0194889
0.478992 0.151899 1.72909 0.0706961 0.0182214
0.504202 0.151899 1.7267 0.0646538 0.0170415
0.529412 0.151899 1.72475 0.0588412 0.0159252
0.554622 0.151899 1.7231 0.0532601 0.0148527
0.579832 0.151899 1.72174 0.0479141 0.0138058
0.605042 0.151899 1.72056 0.0428052 0.0127712
0.630252 0.151899 1.71973 0.0379392 0.0117368
0.655462 0.151899 1.71916 0.0333208 0.0106953
0.680672 0.151899 1.71918 0.0289624 0.0096395
0.705882 0.151899 1.71957 0.0248735 0.00856661
0.731092 0.151899 1.72076 0.0210726 0.00747147
0.756303 0.151899 1.72212 0.0175685 0.00635617
0.781513 0.151899 1.72423 0.0143789 0.00522001
0.806723 0.151899 1.72602 0.0115031 0.0040778
0.831933 0.151899 1.72849 0.00895268 0.00294336
0.857143 0.151899 1.73004 0.00671356 0.00185961
0.882353 0.151899 1.73244 0.00479131 0.000870573
0.907563 0.151899 1.73344 0.00316175 6.72505e-05
0.932773 0.151899 1.73567 0.00182801 -0.000455444
0.957983 0.151899 1.73616 0.000769289 -0.000537097
0.983193 0.151899 1.73829 0 0
1.0084 0.151899 0 0 0
1.03361 0.151899 0 0 0
1.05882 0.151899 0 0 0
1.08403 0.151899 0 0 0
1.10924 0.151899 0 0 0
1.13445 0.151899 0 0 0
1.15966 0.151899 0 0 0
1.18487 0.151899 0 0 0
1.21008 0.151899 0 0 0
1.23529 0.151899 0 0 0
1.2605 0.151899 0 0 0
1.28571 0.151899 0 0 0
1.31092 0.151899 0 0 0
1.33613 0.151899 0 0 0
1.36134 0.151899 0 0 0
1.38655 0.151899 0 0 0
1.41176 0.151899 0 0 0
1.43697 0.151899 0 0 0
1.46218 0.151899 0 0 0
1.48739 0.151899 0 0 0
1.51261 0.151899 0 0 0
1.53782 0.151899 0 0 0
1.56303 0.151899 0 0 0
1.58824 0.151899 0 0 0
1.61345 0.151899 0 0 0
1.63866 0.151899 0 0 0
1.66387 0.151899 0 0 0
1.68908 0.151899 0 0 0
1.71429 0.151899 0 0 0
1.7395 0.151899 0 0 0
1.76471 0.151899 0 0 0
1.78992 0.151899 0 0 0
1.81513 0.151899 0 0 0
1.84034 0.151899 0 0 0
1.86555 0.151899 0 0 0
1.89076 0.151899 0 0 0
1.91597 0.151899 0 0 0
1.94118 0.151899 0 0 0
1.96639 0.151899 0 0 0
1.9916 0.151899 0 0 0
2.01681 0.151899 1.05327 0 0
2.04202 0.151899 1.05367 -0.000406508 -0.0162284
2.06723 0.151899 1.05402 -0.000757473 -0.0315594
2.09244 0.151899 1.05444 -0.00106034 -0.0460118
2.11765 0.151899 1.05483 -0.00131742 -0.0596006
2.14286 0.151899 1.05521 -0.00153253 -0.0723368
2.16807 0.151899 1.05556 -0.0017071 -0.0842302
2.19328 0.151899 1.05589 -0.001843 -0.0952887
2.21849 0.151899 1.05617 -0.00194136 -0.105519
2.2437 0.151899 1.05643 -0.00200342 -0.114927
2.26891 0.151899 1.05666 -0.00203035 -0.123515
2.29412 0.151899 1.05686 -0.0020235 -0.131288
2.31933 0.151899 1.05704 -0.00198442 -0.138245
2.34454 0.151899 1.0572 -0.00191491 -0.144387
2.36975 0.151899 1.05734 -0.00181702 -0.149713
2.39496 0.151899 1.05746 -0.00169306 -0.154222
2.42017 0.151899 1.05756 -0.00154557 -0.157909
2.44538 0.151899 1.05764 -0.00137733 -0.160773
2.47059 0.151899 1.05771 -0.00119131 -0.162807
2.4958 0.151899 1.05775 -0.000990652 -0.164006
2.52101 0.151899 1.05778 -0.00077868 -0.164365
2.54622 0.151899 1.05779 -0.00055885 -0.163876
2.57143 0.151899 1.05778 -0.000334752 -0.162533
2.59664 0.151899 1.05774 -0.000110096 -0.160327
2.62185 0.151899 1.05768 0.000111294 -0.157249
2.64706 0.151899 1.0576 0.000325486 -0.153291
2.67227 0.151899 1.05749 0.000528446 -0.148443
2.69748 0.151899 1.05735 0.000716028 -0.142696
2.72269 0.151899 1.05718 0.000883981 -0.13604
2.7479 0.151899 1.05698 0.00102792 -0.128464
2.77311 0.151899 1.05673 0.00114333 -0.119958
2.79832 0.151899 1.05644 0.00122548 -0.110512
2.82353 0.151899 1.0561 0.00126944 -0.100117
2.84874 0.151899 1.0557 0.00126984 -0.0887621
2.87395 0.151899 1.05525 0.00122114 -0.0764384
2.89916 0.151899 1.05474 0.00111677 -0.0631374
2.92437 0.151899 1.05422 0.000950528 -0.0488509
2.94958 0.151899 1.05365 0.000714067 -0.0335718
2.97479 0.151899 1.05314 0.000400723 -0.0172918
3 0.151899 1.05258 0 0

0 0.177215 1 0.3 0
0.0252101 0.177215 1.55792 0.191734 0.0237191
0.0504202 0.177215 1.87056 0.163067 0.0412741
0.0756303 0.177215 1.88307 0.164596 0.0507722
0.10084 0.177215 1.87171 0.166352 0.0554524
0.12605 0.177215 1.85819 0.16618 0.0566135
0.151261 0.177215 1.84409 0.164133 0.0555433
0.176471 0.177215 1.83019 0.160479 0.053171
0.201681 0.177215 1.81718 0.155549 0.0501488
0.226891 0.177215 1.80532 0.149675 0.0468942
0.252101 0.177215 1.79472 0.143143 0.0436605
0.277311 0.177215 1.78537 0.136186 0.0405876
0.302521 0.177215 1.77719 0.128981 0.0377427
0.327731 0.177215 1.77009 0.12166 0.0351482
0.352941 0.177215 1.76394 0.11432 0.0327999
0.378151 0.177215 1.75865 0.107029 0.0306797
0.403361 0.177215 1.7541 0.0998354 0.0287622
0.428571 0.177215 1.75025 0.0927736 0.0270197
0.453782 0.177215 1.74701 0.0858676 0.0254244
0.478992 0.177215 1.7444 0.0791354 0.0239498
0.504202 0.177215 1.74237 0.0725909 0.0225714
0.529412 0.177215 1.741 0.0662474 0.0212663
0.554622 0.177215 1.74023 0.0601176 0.0200134
0.579832 0.177215 1.74012 0.0542164 0.0187924
0.605042 0.177215 1.74048 0.0485589 0.0175836
0.630252 0.177215 1.74123 0.0431619 0.0163676
0.655462 0.177215 1.74204 0.0380389 0.015126
0.680672 0.177215 1.74273 0.0332022 0.0138429
0.705882 0.177215 1.743 0.0286591 0.0125061
0.731092 0.177215 1.74285 0.0244163 0.0111111
0.756303 0.177215 1.74223 0.0204781 0.00965876
0.781513 0.177215 1.74139 0.0168518 0.00816235
0.806723 0.177215 1.74047 0.0135445 0.00663947
0.831933 0.177215 1.73971 0.0105663 0.00512567
0.857143 0.177215 1.73925 0.00792431 0.00365926
0.882353 0.177215 1.73915 0.00562697 0.00230824
0.907563 0.177215 1.73947 0.00367685 0.00114383
0.932773 0.177215 1.74015 0.00208289 0.000283656
0.957983 0.177215 1.74121 0.000850096 -0.000152616
0.983193 0.177215 1.74263 0 0
1.0084 0.177215 0 0 0
1.03361 0.177215 0 0 0
1.05882 0.177215 0 0 0
1.08403 0.177215 0 0 0
1.10924 0.177215 0 0 0
1.13445 0.177215 0 0 0
1.15966 0.177215 0 0 0
1.18487 0.177215 0 0 0
1.21008 0.177215 0 0 0
1.23529 0.177215 0 0 0
1.2605 0.177215 0 0 0
1.28571 0.177215 0 0 0
1.31092 0.177215 0 0 0
1.33613 0.177215 0 0 0
1.36134 0.177215 0 0 0
1.38655 0.177215 0 0 0
1.41176 0.177215 0 0 0
1.43697 0.177215 0 0 0
1.46218 0.177215 0 0 0
1.48739 0.177215 0 0 0
1.51261 0.177215 0 0 0
1.53782 0.177215 0 0 0
1.56303 0.177215 0 0 0
1.58824 0.177215 0 0 0
1.61345 0.177215 0 0 0
1.63866 0.177215 0 0 0
1.66387 0.177215 0 0 0
1.68908 0.177215 0 0 0
1.71429 0.177215 0 0 0
1.7395 0.177215 0 0 0
1.76471 0.177215 0 0 0
1.78992 0.177215 0 0 0
1.81513 0.177215 0 0 0
1.84034 0.177215 0 0 0
1.86555 0.177215 0 0 0
1.89076 0.177215 0 0 0
1.91597 0.177215 0 0 0
1.94118 0.177215 0 0 0
1.96639 0.177215 0 0 0
1.9916 0.177215 0 0 0
2.01681 0.177215 1.05645 0 0
2.04202 0.177215 1.05667 -0.00040358 -0.0162161
2.06723 0.177215 1.05684 -0.000759506 -0.0315408
2.09244 0.177215 1.05695 -0.00107071 -0.0459874
2.11765 0.177215 1.05703 -0.0013397 -0.0595716
2.14286 0.177215 1.05709 -0.00156835 -0.0723048
2.16807 0.177215 1.05714 -0.00175762 -0.0841974
2.19328 0.177215 1.05719 -0.00190818 -0.0952574
2.21849 0.177215 1.05725 -0.00202054 -0.105491
2.2437 0.177215 1.05732 -0.00209529 -0.114904
2.26891 0.177215 1.0574 -0.00213329 -0.123498
2.29412 0.177215 1.05749 -0.00213569 -0.131278
2.31933 0.177215 1.05757 -0.00210397 -0.138242
2.34454 0.177215 1.05766 -0.00203995 -0.144392
2.36975 0.177215 1.05775 -0.00194574 -0.149726
2.39496 0.177215 1.05782 -0.00182375 -0.154243
2.42017 0.177215 1.0579 -0.00167667 -0.157938
2.44538 0.177215 1.05796 -0.00150738 -0.160808
2.47059 0.177215 1.05801 -0.00131901 -0.162849
2.4958 0.177215 1.05805 -0.00111483 -0.164055
2.52101 0.177215 1.05808 -0.000898301 -0.164419
2.54622 0.177215 1.05809 -0.000673002 -0.163936
2.57143 0.177215 1.05809 -0.000442651 -0.162597
2.59664 0.177215 1.05808 -0.000211083 -0.160394
2.62185 0.177215 1.05805 1.77522e-05 -0.15732
2.64706 0.177215 1.05801 0.00023979 -0.153365
2.67227 0.177215 1.05796 0.000450845 -0.148519
2.69748 0.177215 1.05789 0.000646607 -0.142773
2.72269 0.177215 1.05782 0.000822636 -0.136117
2.7479 0.177215 1.05774 0.000974344 -0.128541
2.77311 0.177215 1.05765 0.00109702 -0.120033
2.79832 0.177215 1.05756 0.00118576 -0.110585
2.82353 0.177215 1.05747 0.00123555 -0.100186
2.84874 0.177215 1.05738 0.00124111 -0.0888262
2.87395 0.177215 1.05727 0.00119695 -0.0764964
2.89916 0.177215 1.05714 0.00109709 -0.0631877
2.92437 0.177215 1.05698 0.000934965 -0.0488914
2.94958 0.177215 1.05675 0.000703338 -0.0335997
2.97479 0.177215 1.05644 0.000394045 -0.0173038
3 0.177215 1.05607 0 0

0 0.202532 1 0.3 0
0.0252101 0.202532 1.53578 0.194238 0.021341
0.0504202 0.202532 1.83824 0.164892 0.0383445
0.0756303 0.202532 1.85976 0.165602 0.0489737
0.10084 0.202532 1.85217 0.167647 0.0552888
0.12605 0.202532 1.84246 0.168218 0.0582281
0.151261 0.202532 1.83161 0.16719 0.0587802
0.176471 0.202532 1.82035 0.164648 0.057752
0.201681 0.202532 1.80934 0.160792 0.0557639
0.226891 0.202532 1.7989 0.155868 0.0532557
0.252101 0.202532 1.78923 0.15012 0.0505252
0.277311 0.202532 1.78041 0.143764 0.0477611
0.302521 0.202532 1.77246 0.136982 0.0450761
0.327731 0.202532 1.76534 0.129921 0.0425293
0.352941 0.202532 1.75903 0.122695 0.0401467
0.378151 0.202532 1.75344 0.115396 0.0379309
0.403361 0.202532 1.74852 0.108091 0.0358727
0.428571 0.202532 1.74417 0.100835 0.0339535
0.453782 0.202532 1.74029 0.0936711 0.0321521
0.478992 0.202532 1.73676 0.0866326 0.030444
0.504202 0.202532 1.73344 0.0797466 0.0288056
0.529412 0.202532 1.73022 0.0730357 0.0272129
0.554622 0.202532 1.72695 0.066516 0.0256454
0.579832 0.202532 1.72366 0.0602013 0.0240839
0.605042 0.202532 1.72036 0.0541009 0.0225153
0.630252 0.202532 1.71738 0.0482262 0.020928
0.655462 0.202532 1.7149 0.0425887 0.0193168
0.680672 0.202532 1.71348 0.0372087 0.017676
0.705882 0.202532 1.71312 0.0321074 0.0160041
0.731092 0.202532 1.71423 0.0273153 0.0142973
0.756303 0.202532 1.71628 0.0228548 0.0125571
0.781513 0.202532 1.71948 0.0187528 0.0107839
0.806723 0.202532 1.7228 0.015019 0.00899136
0.831933 0.202532 1.7267 0.0116695 0.00719709
0.857143 0.202532 1.72989 0.008702 0.0054423
0.882353 0.202532 1.73347 0.00613032 0.00377696
0.907563 0.202532 1.7359 0.003952 0.00228446
0.932773 0.202532 1.73898 0.00219064 0.00106013
0.957983 0.202532 1.74071 0.000857572 0.00024199
0.983193 0.202532 1.74352 0 0
1.0084 0.202532 0 0 0
1.03361 0.202532 0 0 0
1.05882 0.202532 0 0 0
1.08403 0.202532 0 0 0
1.10924 0.202532 0 0 0
1.13445 0.202532 0 0 0
1.15966 0.202532 0 0 0
1.18487 0.202532 0 0 0
1.21008 0.202532 0 0 0
1.23529 0.202532 0 0 0
1.2605 0.202532 0 0 0
1.28571 0.202532 0 0 0
1.31092 0.202532 0 0 0
1.33613 0.202532 0 0 0
1.36134 0.202532 0 0 0
1.38655 0.202532 0 0 0
1.41176 0.202532 0 0 0
1.43697 0.202532 0 0 0
1.46218 0.202532 0 0 0
1.48739 0.202532 0 0 0
1.51261 0.202532 0 0 0
1.53782 0.202532 0 0 0
1.56303 0.202532 0 0 0
1.58824 0.202532 0 0 0
1.61345 0.202532 0 0 0
1.63866 0.202532 0 0 0
1.66387 0.202532 0 0 0
1.68908 0.202532 0 0 0
1.71429 0.202532 0 0 0
1.7395 0.202532 0 0 0
1.76471 0.202532 0 0 0
1.78992 0.202532 0 0 0
1.81513 0.202532 0 0 0
1.84034 0.202532 0 0 0
1.86555 0.202532 0 0 0
1.89076 0.202532 0 0 0
1.91597 0.202532 0 0 0
1.94118 0.202532 0 0 0
1.96639 0.202532 0 0 0
1.9916 0.202532 0 0 0
2.01681 0.202532 1.06039 0 0
2.04202 0.202532 1.0607 -0.000417078 -0.016217
2.06723 0.202532 1.061 -0.000787951 -0.031538
2.09244 0.202532 1.06135 -0.00111574 -0.045982
2.11765 0.202532 1.0617 -0.00140105 -0.0595642
2.14286 0.202532 1.06207 -0.00164506 -0.0722968
2.16807 0.202532 1.06243 -0.00184806 -0.0841898
2.19328 0.202532 1.06278 -0.00201064 -0.0952515
2.21849 0.202532 1.06312 -0.00213328 -0.105488
2.2437 0.202532 1.06343 -0.0022167 -0.114905
2.26891 0.202532 1.06373 -0.00226182 -0.123505
2.29412 0.202532 1.06399 -0.00226982 -0.13129
2.31933 0.202532 1.06424 -0.00224221 -0.138262
2.34454 0.202532 1.06447 -0.00218081 -0.144419
2.36975 0.202532 1.06467 -0.00208777 -0.149761
2.39496 0.202532 1.06485 -0.00196557 -0.154285
2.42017 0.202532 1.06502 -0.00181692 -0.157988
2.44538 0.202532 1.06516 -0.00164481 -0.160866
2.47059 0.202532 1.06528 -0.00145245 -0.162915
2.4958 0.202532 1.06538 -0.00124322 -0.164127
2.52101 0.202532 1.06546 -0.00102066 -0.164499
2.54622 0.202532 1.06551 -0.000788429 -0.164021
2.57143 0.202532 1.06554 -0.000550328 -0.162688
2.59664 0.202532 1.06554 -0.000310246 -0.160492
2.62185 0.202532 1.06551 -7.21795e-05 -0.157422
2.64706 0.202532 1.06545 0.000159771 -0.153472
2.67227 0.202532 1.06535 0.000381388 -0.14863
2.69748 0.202532 1.06522 0.000588321 -0.142888
2.72269 0.202532 1.06505 0.00077606 -0.136235
2.7479 0.202532 1.06484 0.000939894 -0.128661
2.77311 0.202532 1.06457 0.00107489 -0.120155
2.79832 0.202532 1.06426 0.00117577 -0.110707
2.82353 0.202532 1.06389 0.00123699 -0.100306
2.84874 0.202532 1.06348 0.00125249 -0.0889412
2.87395 0.202532 1.06303 0.00121597 -0.0766038
2.89916 0.202532 1.06253 0.00112043 -0.0632836
2.92437 0.202532 1.06203 0.000958956 -0.0489717
2.94958 0.202532 1.06151 0.000723613 -0.0336596
2.97479 0.202532 1.06102 0.000407038 -0.017339
3 0.202532 1.0605 0 0

0 0.227848 1 0.3 0
0.0252101 0.227848 1.51902 0.196245 0.0194216
0.0504202 0.227848 1.81283 0.166389 0.0356878
0.0756303 0.227848 1.84035 0.166289 0.0469257
0.10084 0.227848 1.83558 0.168304 0.0544182
0.12605 0.227848 1.82886 0.169245 0.0588044
0.151261 0.227848 1.82082 0.168877 0.0608071
0.176471 0.227848 1.81214 0.167157 0.0610853
0.201681 0.227848 1.80336 0.164172 0.0601883
0.226891 0.227848 1.79486 0.160086 0.0585407
0.252101 0.227848 1.78682 0.155084 0.0564537
0.277311 0.227848 1.77943 0.149353 0.0541453
0.302521 0.227848 1.77269 0.143062 0.0517604
0.327731 0.227848 1.76669 0.136357 0.0493907
0.352941 0.227848 1.76135 0.12936 0.0470891
0.378151 0.227848 1.75672 0.122173 0.0448826
0.403361 0.227848 1.75274 0.114875 0.0427801
0.428571 0.227848 1.74947 0.107532 0.0407799
0.453782 0.227848 1.74688 0.100197 0.0388725
0.478992 0.227848 1.74513 0.0929142 0.0370452
0.504202 0.227848 1.74422 0.0857198 0.0352824
0.529412 0.227848 1.74434 0.0786487 0.0335675
0.554622 0.227848 1.74544 0.0717341 0.0318819
0.579832 0.227848 1.74758 0.0650107 0.0302058
0.605042 0.227848 1.75038 0.0585116 0.0285172
0.630252 0.227848 1.75358 0.0522687 0.0267938
0.655462 0.227848 1.75648 0.0463062 0.0250128
0.680672 0.227848 1.75868 0.0406417 0.0231554
0.705882 0.227848 1.75957 0.0352822 0.0212075
0.731092 0.227848 1.7592 0.0302326 0.0191646
0.756303 0.227848 1.75749 0.0254943 0.0170301
0.781513 0.227848 1.75511 0.0210774 0.014821
0.806723 0.227848 1.75228 0.0169944 0.0125601
0.831933 0.227848 1.74981 0.0132697 0.0102865
0.857143 0.227848 1.74771 0.00992576 0.00804273
0.882353 0.227848 1.7466 0.00699424 0.00589459
0.907563 0.227848 1.7461 0.00449995 0.00391107
0.932773 0.227848 1.7467 0.00247897 0.0021951
0.957983 0.227848 1.74779 0.000962748 0.000850301
0.983193 0.227848 1.74995 0 0
1.0084 0.227848 0 0 0
1.03361 0.227848 0 0 0
1.05882 0.227848 0 0 0
1.08403 0.227848 0 0 0
1.10924 0.227848 0 0 0
1.13445 0.227848 0 0 0
1.15966 0.227848 0 0 0
1.18487 0.227848 0 0 0
1.21008 0.227848 0 0 0
1.23529 0.227848 0 0 0
1.2605 0.227848 0 0 0
1.28571 0.227848 0 0 0
1.31092 0.227848 0 0 0
1.33613 0.227848 0 0 0
1.36134 0.227848 0 0 0
1.38655 0.227848 0 0 0
1.41176 0.227848 0 0 0
1.43697 0.227848 0 0 0
1.46218 0.227848 0 0 0
1.48739 0.227848 0 0 0
1.51261 0.227848 0 0 0
1.53782 0.227848 0 0 0
1.56303 0.227848 0 0 0
1.58824 0.227848 0 0 0
1.61345 0.227848 0 0 0
1.63866 0.227848 0 0 0
1.66387 0.227848 0 0 0
1.68908 0.227848 0 0 0
1.71429 0.227848 0 0 0
1.7395 0.227848 0 0 0
1.76471 0.227848 0 0 0
1.78992 0.227848 0 0 0
1.81513 0.227848 0 0 0
1.84034 0.227848 0 0 0
1.86555 0.227848 0 0 0
1.89076 0.227848 0 0 0
1.91597 0.227848 0 0 0
1.94118 0.227848 0 0 0
1.96639 0.227848 0 0 0
1.9916 0.227848 0 0 0
2.01681 0.227848 1.06385 0 0
2.04202 0.227848 1.06406 -0.000417722 -0.0162005
2.06723 0.227848 1.06424 -0.000795004 -0.0315101
2.09244 0.227848 1.06439 -0.00113201 -0.0459449
2.11765 0.227848 1.06451 -0.00142901 -0.0595204
2.14286 0.227848 1.06461 -0.00168603 -0.0722491
2.16807 0.227848 1.06469 -0.00190293 -0.0841413
2.19328 0.227848 1.06477 -0.00207944 -0.095205
2.21849 0.227848 1.06486 -0.00221547 -0.105447
2.2437 0.227848 1.06495 -0.00231111 -0.11487
2.26891 0.227848 1.06504 -0.00236686 -0.123479
2.29412 0.227848 1.06515 -0.00238362 -0.131274
2.31933 0.227848 1.06526 -0.0023628 -0.138257
2.34454 0.227848 1.06537 -0.00230621 -0.144425
2.36975 0.227848 1.06549 -0.00221608 -0.149778
2.39496 0.227848 1.06561 -0.00209502 -0.154313
2.42017 0.227848 1.06572 -0.00194592 -0.158027
2.44538 0.227848 1.06583 -0.00177198 -0.160915
2.47059 0.227848 1.06593 -0.00157658 -0.162972
2.4958 0.227848 1.06602 -0.00136328 -0.164193
2.52101 0.227848 1.0661 -0.00113581 -0.164572
2.54622 0.227848 1.06616 -0.000897984 -0.164101
2.57143 0.227848 1.06622 -0.000653744 -0.162774
2.59664 0.227848 1.06626 -0.000407113 -0.160583
2.62185 0.227848 1.06628 -0.00016221 -0.157518
2.64706 0.227848 1.0663 7.67472e-05 -0.153571
2.67227 0.227848 1.0663 0.000305429 -0.148732
2.69748 0.227848 1.06629 0.000519378 -0.142991
2.72269 0.227848 1.06627 0.000713993 -0.136339
2.7479 0.227848 1.06624 0.000884494 -0.128765
2.77311 0.227848 1.06619 0.00102592 -0.120258
2.79832 0.227848 1.06614 0.00113304 -0.110807
2.82353 0.227848 1.06607 0.0012004 -0.100402
2.84874 0.227848 1.06597 0.00122209 -0.0890324
2.87395 0.227848 1.06585 0.00119184 -0.0766877
2.89916 0.227848 1.06567 0.00110272 -0.0633579
2.92437 0.227848 1.06545 0.000947218 -0.049033
2.94958 0.227848 1.06515 0.000717232 -0.0337039
2.97479 0.227848 1.06478 0.00040414 -0.0173617
3 0.227848 1.06435 0 0

0 0.253165 1 0.3 0
0.0252101 0.253165 1.50576 0.197894 0.017872
0.0504202 0.253165 1.79232 0.167662 0.0333839
0.0756303 0.253165 1.82373 0.166825 0.0449073
0.10084 0.253165 1.82091 0.168643 0.0532347
0.12605 0.253165 1.81619 0.169708 0.0587781
0.151261 0.253165 1.81021 0.169728 0.0620449
0.176471 0.253165 1.80342 0.16858 0.0635492
0.201681 0.253165 1.79634 0.166268 0.0637537
0.226891 0.253165 1.78925 0.162881 0.0630427
0.252101 0.253165 1.78241 0.158548 0.0617182
0.277311 0.253165 1.77592 0.153419 0.0600066
0.302521 0.253165 1.76991 0.147638 0.058071
0.327731 0.253165 1.76436 0.141343 0.0560235
0.352941 0.253165 1.75932 0.134656 0.0539376
0.378151 0.253165 1.7547 0.127682 0.0518572
0.403361 0.253165 1.75048 0.120512 0.0498058
0.428571 0.253165 1.74651 0.113224 0.0477907
0.453782 0.253165 1.74267 0.105886 0.0458095
0.478992 0.253165 1.73874 0.0985531 0.0438517
0.504202 0.253165 1.73452 0.0912722 0.0419036
0.529412 0.253165 1.72981 0.0840813 0.0399488
0.554622 0.253165 1.72449 0.077008 0.037973
0.579832 0.253165 1.71865 0.0700738 0.0359631
0.605042 0.253165 1.71255 0.0632934 0.0339107
0.630252 0.253165 1.70681 0.056684 0.031809
0.655462 0.253165 1.70202 0.0502658 0.0296549
0.680672 0.253165 1.69903 0.0440712 0.0274439
0.705882 0.253165 1.69816 0.0381386 0.0251734
0.731092 0.253165 1.6998 0.0325166 0.0228382
0.756303 0.253165 1.70339 0.0272468 0.0204375
0.781513 0.253165 1.70873 0.02237 0.0179716
0.806723 0.253165 1.71464 0.0179088 0.0154511
0.831933 0.253165 1.72103 0.0138859 0.0128945
0.857143 0.253165 1.72668 0.0103093 0.0103372
0.882353 0.253165 1.7322 0.00720056 0.00782814
0.907563 0.253165 1.73646 0.00457367 0.00543781
0.932773 0.253165 1.74075 0.00246854 0.0032531
0.957983 0.253165 1.74373 0.000920299 0.00138836
0.983193 0.253165 1.7472 0 0
1.0084 0.253165 0 0 0
1.03361 0.253165 0 0 0
1.05882 0.253165 0 0 0
1.08403 0.253165 0 0 0
1.10924 0.253165 0 0 0
1.13445 0.253165 0 0 0
1.15966 0.253165 0 0 0
1.18487 0.253165 0 0 0
1.21008 0.253165 0 0 0
1.23529 0.253165 0 0 0
1.2605 0.253165 0 0 0
1.28571 0.253165 0 0 0
1.31092 0.253165 0 0 0
1.33613 0.253165 0 0 0
1.36134 0.253165 0 0 0
1.38655 0.253165 0 0 0
1.41176 0.253165 0 0 0
1.43697 0.253165 0 0 0
1.46218 0.253165 0 0 0
1.48739 0.253165 0 0 0
1.51261 0.253165 0 0 0
1.53782 0.253165 0 0 0
1.56303 0.253165 0 0 0
1.58824 0.253165 0 0 0
1.61345 0.253165 0 0 0
1.63866 0.253165 0 0 0
1.66387 0.253165 0 0 0
1.68908 0.253165 0 0 0
1.71429 0.253165 0 0 0
1.7395 0.253165 0 0 0
1.76471 0.253165 0 0 0
1.78992 0.253165 0 0 0
1.81513 0.253165 0 0 0
1.84034 0.253165 0 0 0
1.86555 0.253165 0 0 0
1.89076 0.253165 0 0 0
1.91597 0.253165 0 0 0
1.94118 0.253165 0 0 0
1.96639 0.253165 0 0 0
1.9916 0.253165 0 0 0
2.01681 0.253165 1.06759 0 0
2.04202 0.253165 1.06783 -0.00042755 -0.016188
2.06723 0.253165 1.06808 -0.000818012 -0.031487
2.09244 0.253165 1.06835 -0.00117096 -0.0459152
2.11765 0.253165 1.06866 -0.00148496 -0.0594878
2.14286 0.253165 1.06898 -0.00175879 -0.0722168
2.16807 0.253165 1.06932 -0.00199122 -0.0841122
2.19328 0.253165 1.06967 -0.00218134 -0.0951815
2.21849 0.253165 1.07003 -0.00232872 -0.10543
2.2437 0.253165 1.07038 -0.00243337 -0.114863
2.26891 0.253165 1.07072 -0.00249585 -0.123482
2.29412 0.253165 1.07104 -0.00251719 -0.131288
2.31933 0.253165 1.07135 -0.00249897 -0.138281
2.34454 0.253165 1.07164 -0.00244317 -0.144462
2.36975 0.253165 1.07191 -0.00235222 -0.149826
2.39496 0.253165 1.07216 -0.00222891 -0.154372
2.42017 0.253165 1.07239 -0.00207632 -0.158096
2.44538 0.253165 1.07259 -0.00189779 -0.160995
2.47059 0.253165 1.07277 -0.00169689 -0.163061
2.4958 0.253165 1.07293 -0.00147732 -0.164292
2.52101 0.253165 1.07305 -0.0012429 -0.164679
2.54622 0.253165 1.07316 -0.00099757 -0.164216
2.57143 0.253165 1.07323 -0.000745328 -0.162896
2.59664 0.253165 1.07326 -0.000490249 -0.16071
2.62185 0.253165 1.07327 -0.000236487 -0.157651
2.64706 0.253165 1.07323 1.17184e-05 -0.15371
2.67227 0.253165 1.07316 0.00025001 -0.148875
2.69748 0.253165 1.07304 0.00047388 -0.143139
2.72269 0.253165 1.07288 0.000678633 -0.136489
2.7479 0.253165 1.07267 0.00085932 -0.128916
2.77311 0.253165 1.07241 0.00101072 -0.120409
2.79832 0.253165 1.07211 0.00112722 -0.110955
2.82353 0.253165 1.07176 0.0012029 -0.100546
2.84874 0.253165 1.07137 0.00123131 -0.0891679
2.87395 0.253165 1.07095 0.00120574 -0.0768116
2.89916 0.253165 1.07051 0.00111888 -0.0634661
2.92437 0.253165 1.07005 0.000963261 -0.0491216
2.94958 0.253165 1.06957 0.000730637 -0.0337684
2.97479 0.253165 1.0691 0.000412722 -0.0173976
3 0.253165 1.06858 0 0

0 0.278481 1 0.3 0
0.0252101 0.278481 1.49494 0.199274 0.0166156
0.0504202 0.278481 1.77547 0.168761 0.0314256
0.0756303 0.278481 1.80956 0.167278 0.0430386
0.10084 0.278481 1.80809 0.168823 0.0519456
0.12605 0.278481 1.80483 0.169856 0.0583956
0.151261 0.278481 1.80038 0.170064 0.0627308
0.176471 0.278481 1.79515 0.169283 0.0653369
0.201681 0.278481 1.78948 0.167459 0.0665885
0.226891 0.278481 1.7837 0.164622 0.0668173
0.252101 0.278481 1.77799 0.160851 0.0663006
0.277311 0.278481 1.77253 0.156254 0.0652585
0.302521 0.278481 1.76739 0.150952 0.0638601
0.327731 0.278481 1.76269 0.145063 0.0622297
0.352941 0.278481 1.75842 0.138697 0.0604561
0.378151 0.278481 1.75473 0.131955 0.0585996
0.403361 0.278481 1.7516 0.124928 0.0566999
0.428571 0.278481 1.74924 0.117692 0.0547802
0.453782 0.278481 1.74771 0.110314 0.0528531
0.478992 0.278481 1.74734 0.102856 0.050922
0.504202 0.278481 1.74823 0.095371 0.0489844
0.529412 0.278481 1.75069 0.0879152 0.0470313
0.554622 0.278481 1.7546 0.0805422 0.0450488
0.579832 0.278481 1.75994 0.0733078 0.0430184
0.605042 0.278481 1.766 0.0662637 0.040918
0.630252 0.278481 1.77221 0.0594559 0.0387251
0.655462 0.278481 1.77741 0.052916 0.0364181
0.680672 0.278481 1.78095 0.0466639 0.0339813
0.705882 0.278481 1.78199 0.040705 0.0314046
0.731092 0.278481 1.78069 0.0350419 0.0286883
0.756303 0.278481 1.77708 0.0296757 0.0258392
0.781513 0.278481 1.77226 0.0246212 0.0228756
0.806723 0.278481 1.76671 0.0199002 0.0198205
0.831933 0.278481 1.76171 0.0155523 0.0167096
0.857143 0.278481 1.75737 0.0116187 0.0135822
0.882353 0.278481 1.75463 0.00815239 0.0104952
0.907563 0.278481 1.75294 0.0051998 0.00750883
0.932773 0.278481 1.75304 0.00281925 0.00470782
0.957983 0.278481 1.75399 0.00106218 0.00217574
0.983193 0.278481 1.75668 0 0
1.0084 0.278481 0 0 0
1.03361 0.278481 0 0 0
1.05882 0.278481 0 0 0
1.08403 0.278481 0 0 0
1.10924 0.278481 0 0 0
1.13445 0.278481 0 0 0
1.15966 0.278481 0 0 0
1.18487 0.278481 0 0 0
1.21008 0.278481 0 0 0
1.23529 0.278481 0 0 0
1.2605 0.278481 0 0 0
1.28571 0.278481 0 0 0
1.31092 0.278481 0 0 0
1.33613 0.278481 0 0 0
1.36134 0.278481 0 0 0
1.38655 0.278481 0 0 0
1.41176 0.278481 0 0 0
1.43697 0.278481 0 0 0
1.46218 0.278481 0 0 0
1.48739 0.278481 0 0 0
1.51261 0.278481 0 0 0
1.53782 0.278481 0 0 0
1.56303 0.278481 0 0 0
1.58824 0.278481 0 0 0
1.61345 0.278481 0 0 0
1.63866 0.278481 0 0 0
1.66387 0.278481 0 0 0
1.68908 0.278481 0 0 0
1.71429 0.278481 0 0 0
1.7395 0.278481 0 0 0
1.76471 0.278481 0 0 0
1.78992 0.278481 0 0 0
1.81513 0.278481 0 0 0
1.84034 0.278481 0 0 0
1.86555 0.278481 0 0 0
1.89076 0.278481 0 0 0
1.91597 0.278481 0 0 0
1.94118 0.278481 0 0 0
1.96639 0.278481 0 0 0
1.9916 0.278481 0 0 0
2.01681 0.278481 1.07114 0 0
2.04202 0.278481 1.07132 -0.000430699 -0.0161653
2.06723 0.278481 1.0715 -0.000828926 -0.0314477
2.09244 0.278481 1.07167 -0.00119202 -0.0458639
2.11765 0.278481 1.07183 -0.00151766 -0.0594289
2.14286 0.278481 1.07198 -0.00180366 -0.0721545
2.16807 0.278481 1.07212 -0.0020483 -0.0840504
2.19328 0.278481 1.07225 -0.0022501 -0.0951237
2.21849 0.278481 1.07239 -0.00240824 -0.10538
2.2437 0.278481 1.07253 -0.00252228 -0.114822
2.26891 0.278481 1.07267 -0.00259253 -0.123453
2.29412 0.278481 1.07282 -0.00261984 -0.131272
2.31933 0.278481 1.07297 -0.00260571 -0.13828
2.34454 0.278481 1.07313 -0.00255218 -0.144474
2.36975 0.278481 1.07329 -0.00246182 -0.149852
2.39496 0.278481 1.07345 -0.00233759 -0.154412
2.42017 0.278481 1.07362 -0.00218282 -0.158149
2.44538 0.278481 1.07377 -0.00200109 -0.161058
2.47059 0.278481 1.07393 -0.00179619 -0.163136
2.4958 0.278481 1.07407 -0.00157205 -0.164376
2.52101 0.278481 1.07421 -0.00133268 -0.164771
2.54622 0.278481 1.07433 -0.00108217 -0.164316
2.57143 0.278481 1.07444 -0.000824658 -0.163003
2.59664 0.278481 1.07454 -0.000564322 -0.160823
2.62185 0.278481 1.07462 -0.000305384 -0.157769
2.64706 0.278481 1.07469 -5.21282e-05 -0.153831
2.67227 0.278481 1.07474 0.000191073 -0.149
2.69748 0.278481 1.07478 0.000419728 -0.143266
2.72269 0.278481 1.0748 0.000629191 -0.136618
2.7479 0.278481 1.07481 0.000814599 -0.129046
2.77311 0.278481 1.07479 0.000970854 -0.120537
2.79832 0.278481 1.07474 0.00109249 -0.111082
2.82353 0.278481 1.07467 0.00117368 -0.100669
2.84874 0.278481 1.07455 0.00120804 -0.0892853
2.87395 0.278481 1.07438 0.00118868 -0.0769204
2.89916 0.278481 1.07416 0.00110796 -0.063563
2.92437 0.278481 1.07387 0.000957725 -0.049202
2.94958 0.278481 1.07352 0.00072912 -0.0338273
2.97479 0.278481 1.0731 0.000412981 -0.0174293
3 0.278481 1.07262 0 0

0 0.303797 1 0.3 0
0.0252101 0.303797 1.48586 0.200451 0.015595
0.0504202 0.303797 1.76135 0.169726 0.0297845
0.0756303 0.303797 1.7973 0.167686 0.0413797
0.10084 0.303797 1.7968 0.16893 0.0506882
0.12605 0.303797 1.79453 0.169841 0.0578474
0.151261 0.303797 1.79124 0.1701 0.0630766
0.176471 0.303797 1.78718 0.169529 0.0666557
0.201681 0.303797 1.78267 0.168039 0.0688773
0.226891 0.303797 1.77793 0.165616 0.0700183
0.252101 0.303797 1.77316 0.162298 0.0703215
0.277311 0.303797 1.7685 0.158159 0.0699916
0.302521 0.303797 1.76402 0.153292 0.069192
0.327731 0.303797 1.75977 0.147798 0.0680505
0.352941 0.303797 1.75576 0.141778 0.066661
0.378151 0.303797 1.75192 0.13533 0.0650923
0.403361 0.303797 1.74815 0.128546 0.0633892
0.428571 0.303797 1.74427 0.121513 0.0615812
0.453782 0.303797 1.74001 0.114305 0.0596822
0.478992 0.303797 1.73509 0.10699 0.0576993
0.504202 0.303797 1.7292 0.0996239 0.0556317
0.529412 0.303797 1.72215 0.0922502 0.0534788
0.554622 0.303797 1.71394 0.0849013 0.051238
0.579832 0.303797 1.70493 0.0776022 0.0489099
0.605042 0.303797 1.69576 0.0703736 0.0464931
0.630252 0.303797 1.68745 0.0632418 0.0439863
0.655462 0.303797 1.68101 0.0562414 0.0413834
0.680672 0.303797 1.67747 0.0494226 0.0386759
0.705882 0.303797 1.67726 0.0428442 0.0358526
0.731092 0.303797 1.68058 0.0365734 0.0329042
0.756303 0.303797 1.68667 0.0306688 0.0298253
0.781513 0.303797 1.69493 0.025183 0.0266175
0.806723 0.303797 1.70397 0.0201488 0.0232911
0.831933 0.303797 1.71329 0.0155956 0.0198665
0.857143 0.303797 1.72165 0.0115402 0.0163753
0.882353 0.303797 1.72935 0.0080118 0.0128623
0.907563 0.303797 1.73549 0.00503761 0.00938452
0.932773 0.303797 1.74107 0.00266996 0.00601494
0.957983 0.303797 1.74518 0.00096272 0.00284334
0.983193 0.303797 1.74917 0 0
1.0084 0.303797 0 0 0
1.03361 0.303797 0 0 0
1.05882 0.303797 0 0 0
1.08403 0.303797 0 0 0
1.10924 0.303797 0 0 0
1.13445 0.303797 0 0 0
1.15966 0.303797 0 0 0
1.18487 0.303797 0 0 0
1.21008 0.303797 0 0 0
1.23529 0.303797 0 0 0
1.2605 0.303797 0 0 0
1.28571 0.303797 0 0 0
1.31092 0.303797 0 0 0
1.33613 0.303797 0 0 0
1.36134 0.303797 0 0 0
1.38655 0.303797 0 0 0
1.41176 0.303797 0 0 0
1.43697 0.303797 0 0 0
1.46218 0.303797 0 0 0
1.48739 0.303797 0 0 0
1.51261 0.303797 0 0 0
1.53782 0.303797 0 0 0
1.56303 0.303797 0 0 0
1.58824 0.303797 0 0 0
1.61345 0.303797 0 0 0
1.63866 0.303797 0 0 0
1.66387 0.303797 0 0 0
1.68908 0.303797 0 0 0
1.71429 0.303797 0 0 0
1.7395 0.303797 0 0 0
1.76471 0.303797 0 0 0
1.78992 0.303797 0 0 0
1.81513 0.303797 0 0 0
1.84034 0.303797 0 0 0
1.86555 0.303797 0 0 0
1.89076 0.303797 0 0 0
1.91597 0.303797 0 0 0
1.94118 0.303797 0 0 0
1.96639 0.303797 0 0 0
1.9916 0.303797 0 0 0
2.01681 0.303797 1.07476 0 0
2.04202 0.303797 1.07494 -0.000438137 -0.0161419
2.06723 0.303797 1.07515 -0.000847782 -0.031407
2.09244 0.303797 1.07538 -0.00122515 -0.0458126
2.11765 0.303797 1.07564 -0.00156645 -0.0593731
2.14286 0.303797 1.07592 -0.00186814 -0.0720997
2.16807 0.303797 1.07624 -0.00212738 -0.0840011
2.19328 0.303797 1.07658 -0.00234179 -0.0950837
2.21849 0.303797 1.07694 -0.00251005 -0.105352
2.2437 0.303797 1.07731 -0.00263146 -0.114808
2.26891 0.303797 1.07768 -0.00270635 -0.123454
2.29412 0.303797 1.07805 -0.00273573 -0.131289
2.31933 0.303797 1.07841 -0.00272137 -0.138312
2.34454 0.303797 1.07875 -0.00266567 -0.144522
2.36975 0.303797 1.07909 -0.0025715 -0.149916
2.39496 0.303797 1.0794 -0.00244221 -0.154489
2.42017 0.303797 1.07969 -0.00228142 -0.158239
2.44538 0.303797 1.07996 -0.002093 -0.161161
2.47059 0.303797 1.0802 -0.00188098 -0.163249
2.4958 0.303797 1.08042 -0.00164948 -0.164499
2.52101 0.303797 1.0806 -0.00140267 -0.164904
2.54622 0.303797 1.08076 -0.00114476 -0.164456
2.57143 0.303797 1.08087 -0.000879926 -0.16315
2.59664 0.303797 1.08096 -0.000612391 -0.160977
2.62185 0.303797 1.081 -0.000346379 -0.157928
2.64706 0.303797 1.081 -8.6172e-05 -0.153995
2.67227 0.303797 1.08096 0.000163862 -0.149168
2.69748 0.303797 1.08087 0.000399209 -0.143437
2.72269 0.303797 1.08074 0.000615165 -0.13679
2.7479 0.303797 1.08056 0.000806752 -0.129218
2.77311 0.303797 1.08034 0.000968703 -0.120708
2.79832 0.303797 1.08007 0.00109533 -0.111249
2.82353 0.303797 1.07977 0.00118059 -0.100829
2.84874 0.303797 1.07943 0.00121788 -0.0894354
2.87395 0.303797 1.07906 0.00120025 -0.0770571
2.89916 0.303797 1.07867 0.00112 -0.0636821
2.92437 0.303797 1.07825 0.00096909 -0.0492994
2.94958 0.303797 1.0778 0.000738529 -0.0338981
2.97479 0.303797 1.07733 0.000419016 -0.0174682
3 0.303797 1.07681 0 0

0 0.329114 1 0.3 0
0.0252101 0.329114 1.47809 0.201472 0.0147661
0.0504202 0.329114 1.74927 0.170586 0.0284239
0.0756303 0.329114 1.78662 0.168067 0.0399491
0.10084 0.329114 1.78678 0.169012 0.0495388
0.12605 0.329114 1.78522 0.16975 0.0572557
0.151261 0.329114 1.78277 0.169971 0.0632312
0.176471 0.329114 1.77964 0.169494 0.0676598
0.201681 0.329114 1.77604 0.168213 0.0707645
0.226891 0.329114 1.7722 0.166083 0.0727674
0.252101 0.329114 1.76827 0.163112 0.0738765
0.277311 0.329114 1.7644 0.159341 0.0742727
0.302521 0.329114 1.7607 0.154838 0.0741108
0.327731 0.329114 1.75726 0.14968 0.0735144
0.352941 0.329114 1.75421 0.143951 0.0725843
0.378151 0.329114 1.75167 0.137734 0.0713949
0.403361 0.329114 1.74984 0.131108 0.0700059
0.428571 0.329114 1.74898 0.124148 0.0684566
0.453782 0.329114 1.74938 0.116925 0.0667783
0.478992 0.329114 1.75142 0.109509 0.0649848
0.504202 0.329114 1.75534 0.101969 0.0630854
0.529412 0.329114 1.76129 0.094378 0.0610731
0.554622 0.329114 1.76901 0.086809 0.0589388
0.579832 0.329114 1.77799 0.0793332 0.0566616
0.605042 0.329114 1.78715 0.0720114 0.0542245
0.630252 0.329114 1.79546 0.0648919 0.0516073
0.655462 0.329114 1.80154 0.0580031 0.0487999
0.680672 0.329114 1.80472 0.0513619 0.0457957
0.705882 0.329114 1.80433 0.0449723 0.0425978
0.731092 0.329114 1.80085 0.038842 0.039213
0.756303 0.329114 1.79462 0.0329809 0.0356522
0.781513 0.329114 1.78707 0.0274163 0.0319299
0.806723 0.329114 1.77888 0.0221844 0.0280624
0.831933 0.329114 1.77157 0.0173398 0.0240748
0.857143 0.329114 1.7653 0.0129396 0.0199954
0.882353 0.329114 1.76112 0.00905301 0.0158678
0.907563 0.329114 1.75843 0.00574264 0.0117388
0.932773 0.329114 1.75804 0.00308296 0.00767474
0.957983 0.329114 1.75885 0.00113882 0.00373968
0.983193 0.329114 1.76196 0 0
1.0084 0.329114 0 0 0
1.03361 0.329114 0 0 0
1.05882 0.329114 0 0 0
1.08403 0.329114 0 0 0
1.10924 0.329114 0 0 0
1.13445 0.329114 0 0 0
1.15966 0.329114 0 0 0
1.18487 0.329114 0 0 0
1.21008 0.329114 0 0 0
1.23529 0.329114 0 0 0
1.2605 0.329114 0 0 0
1.28571 0.329114 0 0 0
1.31092 0.329114 0 0 0
1.33613 0.329114 0 0 0
1.36134 0.329114 0 0 0
1.38655 0.329114 0 0 0
1.41176 0.329114 0 0 0
1.43697 0.329114 0 0 0
1.46218 0.329114 0 0 0
1.48739 0.329114 0 0 0
1.51261 0.329114 0 0 0
1.53782 0.329114 0 0 0
1.56303 0.329114 0 0 0
1.58824 0.329114 0 0 0
1.61345 0.329114 0 0 0
1.63866 0.329114 0 0 0
1.66387 0.329114 0 0 0
1.68908 0.329114 0 0 0
1.71429 0.329114 0 0 0
1.7395 0.329114 0 0 0
1.76471 0.329114 0 0 0
1.78992 0.329114 0 0 0
1.81513 0.329114 0 0 0
1.84034 0.329114 0 0 0
1.86555 0.329114 0 0 0
1.89076 0.329114 0 0 0
1.91597 0.329114 0 0 0
1.94118 0.329114 0 0 0
1.96639 0.329114 0 0 0
1.9916 0.329114 0 0 0
2.01681 0.329114 1.0783 0 0
2.04202 0.329114 1.07844 -0.000442509 -0.0161119
2.06723 0.329114 1.07861 -0.000860533 -0.0313556
2.09244 0.329114 1.07879 -0.00124828 -0.0457471
2.11765 0.329114 1.07898 -0.0016007 -0.0593002
2.14286 0.329114 1.07917 -0.00191315 -0.0720253
2.16807 0.329114 1.07937 -0.00218215 -0.0839302
2.19328 0.329114 1.07957 -0.00240485 -0.0950206
2.21849 0.329114 1.07978 -0.00257966 -0.1053
2.2437 0.329114 1.07999 -0.00270575 -0.11477
2.26891 0.329114 1.0802 -0.00278339 -0.123431
2.29412 0.329114 1.08042 -0.00281369 -0.131283
2.31933 0.329114 1.08064 -0.00279854 -0.138323
2.34454 0.329114 1.08086 -0.00274056 -0.144549
2.36975 0.329114 1.08109 -0.0026429 -0.149959
2.39496 0.329114 1.08131 -0.00250919 -0.154547
2.42017 0.329114 1.08154 -0.00234339 -0.158311
2.44538 0.329114 1.08176 -0.00214965 -0.161245
2.47059 0.329114 1.08198 -0.00193227 -0.163345
2.4958 0.329114 1.08218 -0.00169561 -0.164604
2.52101 0.329114 1.08238 -0.00144401 -0.165017
2.54622 0.329114 1.08256 -0.00118181 -0.164577
2.57143 0.329114 1.08273 -0.00091328 -0.163277
2.59664 0.329114 1.08289 -0.00064265 -0.161109
2.62185 0.329114 1.08303 -0.000374126 -0.158065
2.64706 0.329114 1.08314 -0.000111915 -0.154136
2.67227 0.329114 1.08324 0.000139727 -0.149313
2.69748 0.329114 1.08332 0.000376444 -0.143584
2.72269 0.329114 1.08337 0.000593718 -0.13694
2.7479 0.329114 1.0834 0.00078678 -0.129368
2.77311 0.329114 1.08339 0.000950565 -0.120858
2.79832 0.329114 1.08334 0.00107954 -0.111398
2.82353 0.329114 1.08325 0.00116776 -0.100974
2.84874 0.329114 1.0831 0.00120852 -0.0895738
2.87395 0.329114 1.0829 0.00119465 -0.0771857
2.89916 0.329114 1.08263 0.00111801 -0.0637967
2.92437 0.329114 1.08231 0.000970034 -0.0493948
2.94958 0.329114 1.08192 0.000741122 -0.0339683
2.97479 0.329114 1.08147 0.000421398 -0.0175066
3 0.329114 1.08096 0 0

0 0.35443 1 0.3 0
0.0252101 0.35443 1.4713 0.202375 0.0140952
0.0504202 0.35443 1.73875 0.171365 0.0273079
0.0756303 0.35443 1.77717 0.168432 0.0387455
0.10084 0.35443 1.77782 0.169094 0.0485382
0.12605 0.35443 1.77675 0.169636 0.0567014
0.151261 0.35443 1.77492 0.169761 0.0633026
0.176471 0.35443 1.77249 0.169298 0.0684721
0.201681 0.35443 1.76961 0.16813 0.0723722
0.226891 0.35443 1.76648 0.166197 0.0751778
0.252101 0.35443 1.76318 0.163483 0.0770585
0.277311 0.35443 1.75987 0.160009 0.0781714
0.302521 0.35443 1.75654 0.15582 0.078652
0.327731 0.35443 1.75328 0.150981 0.0786167
0.352941 0.35443 1.74993 0.145565 0.0781568
0.378151 0.35443 1.74648 0.139653 0.0773471
0.403361 0.35443 1.74258 0.133326 0.0762395
0.428571 0.35443 1.73808 0.126663 0.0748768
0.453782 0.35443 1.7324 0.119736 0.0732834
0.478992 0.35443 1.7254 0.112609 0.0714852
0.504202 0.35443 1.71662 0.105332 0.0694949
0.529412 0.35443 1.70637 0.0979457 0.0673348
0.554622 0.35443 1.69481 0.0904798 0.0650134
0.579832 0.35443 1.68309 0.0829641 0.0625487
0.605042 0.35443 1.67209 0.0754321 0.0599363
0.630252 0.35443 1.66336 0.0679292 0.0571771
0.655462 0.35443 1.65775 0.0605135 0.0542473
0.680672 0.35443 1.65625 0.0532564 0.0511332
0.705882 0.35443 1.65875 0.046234 0.0478075
0.731092 0.35443 1.66511 0.0395222 0.0442615
0.756303 0.35443 1.67419 0.0331849 0.0404853
0.781513 0.35443 1.68516 0.027276 0.0364878
0.806723 0.35443 1.69659 0.021833 0.0322812
0.831933 0.35443 1.70789 0.0168906 0.0278916
0.857143 0.35443 1.71798 0.0124762 0.0233484
0.882353 0.35443 1.72704 0.00862939 0.0186918
0.907563 0.35443 1.73437 0.00539097 0.0139664
0.932773 0.35443 1.74079 0.00282412 0.00922896
0.957983 0.35443 1.74567 0.000997345 0.00454336
0.983193 0.35443 1.74998 0 0
1.0084 0.35443 0 0 0
1.03361 0.35443 0 0 0
1.05882 0.35443 0 0 0
1.08403 0.35443 0 0 0
1.10924 0.35443 0 0 0
1.13445 0.35443 0 0 0
1.15966 0.35443 0 0 0
1.18487 0.35443 0 0 0
1.21008 0.35443 0 0 0
1.23529 0.35443 0 0 0
1.2605 0.35443 0 0 0
1.28571 0.35443 0 0 0
1.31092 0.35443 0 0 0
1.33613 0.35443 0 0 0
1.36134 0.35443 0 0 0
1.38655 0.35443 0 0 0
1.41176 0.35443 0 0 0
1.43697 0.35443 0 0 0
1.46218 0.35443 0 0 0
1.48739 0.35443 0 0 0
1.51261 0.35443 0 0 0
1.53782 0.35443 0 0 0
1.56303 0.35443 0 0 0
1.58824 0.35443 0 0 0
1.61345 0.35443 0 0 0
1.63866 0.35443 0 0 0
1.66387 0.35443 0 0 0
1.68908 0.35443 0 0 0
1.71429 0.35443 0 0 0
1.7395 0.35443 0 0 0
1.76471 0.35443 0 0 0
1.78992 0.35443 0 0 0
1.81513 0.35443 0 0 0
1.84034 0.35443 0 0 0
1.86555 0.35443 0 0 0
1.89076 0.35443 0 0 0
1.91597 0.35443 0 0 0
1.94118 0.35443 0 0 0
1.96639 0.35443 0 0 0
1.9916 0.35443 0 0 0
2.01681 0.35443 1.08183 0 0
2.04202 0.35443 1.08196 -0.00044852 -0.0160793
2.06723 0.35443 1.08213 -0.00087638 -0.0313002
2.09244 0.35443 1.08233 -0.00127623 -0.0456783
2.11765 0.35443 1.08257 -0.00164163 -0.0592265
2.14286 0.35443 1.08284 -0.00196657 -0.0719539
2.16807 0.35443 1.08315 -0.0022466 -0.0838674
2.19328 0.35443 1.08349 -0.00247799 -0.0949711
2.21849 0.35443 1.08386 -0.00265871 -0.105267
2.2437 0.35443 1.08425 -0.00278771 -0.114756
2.26891 0.35443 1.08465 -0.00286532 -0.123438
2.29412 0.35443 1.08505 -0.00289291 -0.13131
2.31933 0.35443 1.08546 -0.00287276 -0.13837
2.34454 0.35443 1.08586 -0.002808 -0.144615
2.36975 0.35443 1.08625 -0.00270228 -0.150042
2.39496 0.35443 1.08663 -0.00255974 -0.154647
2.42017 0.35443 1.08699 -0.00238477 -0.158425
2.44538 0.35443 1.08732 -0.00218193 -0.161371
2.47059 0.35443 1.08763 -0.00195584 -0.163481
2.4958 0.35443 1.08791 -0.0017111 -0.16475
2.52101 0.35443 1.08815 -0.00145224 -0.165171
2.54622 0.35443 1.08837 -0.00118367 -0.164738
2.57143 0.35443 1.08854 -0.000909706 -0.163443
2.59664 0.35443 1.08868 -0.00063457 -0.16128
2.62185 0.35443 1.08877 -0.000362412 -0.158241
2.64706 0.35443 1.08882 -9.73647e-05 -0.154315
2.67227 0.35443 1.08883 0.000156402 -0.149494
2.69748 0.35443 1.08879 0.000394606 -0.143767
2.72269 0.35443 1.08871 0.000612793 -0.137123
2.7479 0.35443 1.08858 0.000806231 -0.129551
2.77311 0.35443 1.08841 0.000969883 -0.121038
2.79832 0.35443 1.0882 0.00109824 -0.111573
2.82353 0.35443 1.08795 0.0011854 -0.101142
2.84874 0.35443 1.08767 0.00122474 -0.0897323
2.87395 0.35443 1.08736 0.00120921 -0.0773306
2.89916 0.35443 1.087 0.00113073 -0.063924
2.92437 0.35443 1.08662 0.000980742 -0.0494996
2.94958 0.35443 1.08618 0.000749405 -0.034045
2.97479 0.35443 1.08571 0.000426457 -0.0175489
3 0.35443 1.08517 0 0

0 0.379747 1 0.3 0
0.0252101 0.379747 1.46528 0.203184 0.0135557
0.0504202 0.379747 1.72944 0.17208 0.0264038
0.0756303 0.379747 1.76872 0.168787 0.0377567
0.10084 0.379747 1.76974 0.169188 0.047705
0.12605 0.379747 1.76899 0.169529 0.0562336
0.151261 0.379747 1.76763 0.169524 0.0633668
0.176471 0.379747 1.76573 0.169016 0.0691843
0.201681 0.379747 1.76346 0.167888 0.0738011
0.226891 0.379747 1.76092 0.16607 0.0773491
0.252101 0.379747 1.75829 0.163528 0.0799652
0.277311 0.379747 1.75563 0.160263 0.0817802
0.302521 0.379747 1.75314 0.1563 0.0829156
0.327731 0.379747 1.75088 0.151681 0.0834768
0.352941 0.379747 1.74916 0.146459 0.0835571
0.378151 0.379747 1.7481 0.140694 0.0832312
0.403361 0.379747 1.74822 0.13445 0.0825645
0.428571 0.379747 1.74973 0.127792 0.0816022
0.453782 0.379747 1.75332 0.120794 0.0803833
0.478992 0.379747 1.75901 0.113532 0.0789229
0.504202 0.379747 1.76721 0.106091 0.0772341
0.529412 0.379747 1.7772 0.0985577 0.075305
0.554622 0.379747 1.78858 0.0910129 0.0731315
0.579832 0.379747 1.79974 0.0835258 0.0706905
0.605042 0.379747 1.80972 0.0761464 0.0679808
0.630252 0.379747 1.81685 0.0689074 0.0649888
0.655462 0.379747 1.82061 0.0618249 0.0617291
0.680672 0.379747 1.82038 0.0549143 0.0582029
0.705882 0.379747 1.81659 0.0481879 0.0544328
0.731092 0.379747 1.80986 0.0416737 0.0504219
0.756303 0.379747 1.80117 0.0354026 0.0461854
0.781513 0.379747 1.79179 0.0294251 0.0417227
0.806723 0.379747 1.78248 0.0237932 0.0370427
0.831933 0.379747 1.77446 0.018575 0.0321529
0.857143 0.379747 1.7678 0.013836 0.02707
0.882353 0.379747 1.7634 0.00965306 0.0218214
0.907563 0.379747 1.76064 0.00609637 0.0164403
0.932773 0.379747 1.76029 0.00324877 0.0109757
0.957983 0.379747 1.76124 0.0011831 0.0054756
0.983193 0.379747 1.76467 0 0
1.0084 0.379747 0 0 0
1.03361 0.379747 0 0 0
1.05882 0.379747 0 0 0
1.08403 0.379747 0 0 0
1.10924 0.379747 0 0 0
1.13445 0.379747 0 0 0
1.15966 0.379747 0 0 0
1.18487 0.379747 0 0 0
1.21008 0.379747 0 0 0
1.23529 0.379747 0 0 0
1.2605 0.379747 0 0 0
1.28571 0.379747 0 0 0
1.31092 0.379747 0 0 0
1.33613 0.379747 0 0 0
1.36134 0.379747 0 0 0
1.38655 0.379747 0 0 0
1.41176 0.379747 0 0 0
1.43697 0.379747 0 0 0
1.46218 0.379747 0 0 0
1.48739 0.379747 0 0 0
1.51261 0.379747 0 0 0
1.53782 0.379747 0 0 0
1.56303 0.379747 0 0 0
1.58824 0.379747 0 0 0
1.61345 0.379747 0 0 0
1.63866 0.379747 0 0 0
1.66387 0.379747 0 0 0
1.68908 0.379747 0 0 0
1.71429 0.379747 0 0 0
1.7395 0.379747 0 0 0
1.76471 0.379747 0 0 0
1.78992 0.379747 0 0 0
1.81513 0.379747 0 0 0
1.84034 0.379747 0 0 0
1.86555 0.379747 0 0 0
1.89076 0.379747 0 0 0
1.91597 0.379747 0 0 0
1.94118 0.379747 0 0 0
1.96639 0.379747 0 0 0
1.9916 0.379747 0 0 0
2.01681 0.379747 1.08529 0 0
2.04202 0.379747 1.0854 -0.000453167 -0.0160422
2.06723 0.379747 1.08556 -0.000889111 -0.0312377
2.09244 0.379747 1.08573 -0.0012984 -0.0456008
2.11765 0.379747 1.08595 -0.00167312 -0.0591432
2.14286 0.379747 1.08618 -0.00200596 -0.0718727
2.16807 0.379747 1.08644 -0.00229178 -0.0837944
2.19328 0.379747 1.08671 -0.00252632 -0.0949114
2.21849 0.379747 1.087 -0.0027075 -0.105224
2.2437 0.379747 1.08729 -0.00283435 -0.114732
2.26891 0.379747 1.08759 -0.00290747 -0.123434
2.29412 0.379747 1.0879 -0.00292866 -0.131326
2.31933 0.379747 1.08821 -0.00290061 -0.138406
2.34454 0.379747 1.08852 -0.002827 -0.14467
2.36975 0.379747 1.08883 -0.00271192 -0.150113
2.39496 0.379747 1.08914 -0.00256003 -0.154733
2.42017 0.379747 1.08944 -0.00237611 -0.158524
2.44538 0.379747 1.08974 -0.00216513 -0.161482
2.47059 0.379747 1.09003 -0.00193199 -0.163601
2.4958 0.379747 1.09031 -0.00168152 -0.164878
2.52101 0.379747 1.09057 -0.00141838 -0.165305
2.54622 0.379747 1.09082 -0.00114706 -0.164877
2.57143 0.379747 1.09105 -0.00087185 -0.163587
2.59664 0.379747 1.09127 -0.000596875 -0.161428
2.62185 0.379747 1.09146 -0.000326131 -0.158392
2.64706 0.379747 1.09162 -6.35374e-05 -0.154469
2.67227 0.379747 1.09176 0.000186998 -0.14965
2.69748 0.379747 1.09187 0.00042149 -0.143926
2.72269 0.379747 1.09195 0.000635798 -0.137284
2.7479 0.379747 1.09198 0.000825494 -0.129713
2.77311 0.379747 1.09198 0.000985813 -0.1212
2.79832 0.379747 1.09193 0.00111144 -0.111734
2.82353 0.379747 1.09182 0.00119657 -0.101299
2.84874 0.379747 1.09166 0.00123454 -0.0898826
2.87395 0.379747 1.09144 0.00121813 -0.0774707
2.89916 0.379747 1.09115 0.00113897 -0.0640491
2.92437 0.379747 1.09081 0.000988208 -0.0496042
2.94958 0.379747 1.0904 0.000755532 -0.0341225
2.97479 0.379747 1.08994 0.000430278 -0.0175917
3 0.379747 1.0894 0 0

0 0.405063 1 0.3 0
0.0252101 0.405063 1.45986 0.203922 0.0131264
0.0504202 0.405063 1.72107 0.172745 0.0256828
0.0756303 0.405063 1.76106 0.169139 0.0369662
0.10084 0.405063 1.76236 0.169301 0.0470435
0.12605 0.405063 1.76184 0.169445 0.0558815
0.151261 0.405063 1.7608 0.169294 0.0634741
0.176471 0.405063 1.75931 0.168704 0.0698635
0.201681 0.405063 1.75744 0.167566 0.0751254
0.226891 0.405063 1.75535 0.165805 0.0793555
0.252101 0.405063 1.75303 0.163379 0.0826583
0.277311 0.405063 1.75064 0.160281 0.0851389
0.302521 0.405063 1.74802 0.156525 0.086896
0.327731 0.405063 1.74528 0.152148 0.0880191
0.352941 0.405063 1.74202 0.147201 0.0885841
0.378151 0.405063 1.73823 0.141745 0.0886567
0.403361 0.405063 1.73318 0.135844 0.0882877
0.428571 0.405063 1.72684 0.129561 0.0875247
0.453782 0.405063 1.71831 0.122949 0.0864031
0.478992 0.405063 1.70803 0.116057 0.0849663
0.504202 0.405063 1.69555 0.108918 0.0832435
0.529412 0.405063 1.68236 0.101566 0.0812763
0.554622 0.405063 1.66874 0.0940339 0.0790761
0.579832 0.405063 1.65705 0.0863672 0.0766646
0.605042 0.405063 1.64764 0.0786242 0.0740169
0.630252 0.405063 1.64263 0.0708795 0.0711284
0.655462 0.405063 1.64143 0.0632162 0.0679493
0.680672 0.405063 1.64506 0.055719 0.0644722
0.705882 0.405063 1.65185 0.0484679 0.0606544
0.731092 0.405063 1.66185 0.0415289 0.0565064
0.756303 0.405063 1.67309 0.0349589 0.0520101
0.781513 0.405063 1.68536 0.0288011 0.0471932
0.806723 0.405063 1.69711 0.0230968 0.042061
0.831933 0.405063 1.70837 0.0178851 0.0366488
0.857143 0.405063 1.71823 0.0132093 0.0309769
0.882353 0.405063 1.72706 0.00912202 0.0250829
0.907563 0.405063 1.73435 0.00568057 0.0189966
0.932773 0.405063 1.74076 0.00295829 0.0127604
0.957983 0.405063 1.74584 0.00103401 0.00641234
0.983193 0.405063 1.75029 0 0
1.0084 0.405063 0 0 0
1.03361 0.405063 0 0 0
1.05882 0.405063 0 0 0
1.08403 0.405063 0 0 0
1.10924 0.405063 0 0 0
1.13445 0.405063 0 0 0
1.15966 0.405063 0 0 0
1.18487 0.405063 0 0 0
1.21008 0.405063 0 0 0
1.23529 0.405063 0 0 0
1.2605 0.405063 0 0 0
1.28571 0.405063 0 0 0
1.31092 0.405063 0 0 0
1.33613 0.405063 0 0 0
1.36134 0.405063 0 0 0
1.38655 0.405063 0 0 0
1.41176 0.405063 0 0 0
1.43697 0.405063 0 0 0
1.46218 0.405063 0 0 0
1.48739 0.405063 0 0 0
1.51261 0.405063 0 0 0
1.53782 0.405063 0 0 0
1.56303 0.405063 0 0 0
1.58824 0.405063 0 0 0
1.61345 0.405063 0 0 0
1.63866 0.405063 0 0 0
1.66387 0.405063 0 0 0
1.68908 0.405063 0 0 0
1.71429 0.405063 0 0 0
1.7395 0.405063 0 0 0
1.76471 0.405063 0 0 0
1.78992 0.405063 0 0 0
1.81513 0.405063 0 0 0
1.84034 0.405063 0 0 0
1.86555 0.405063 0 0 0
1.89076 0.405063 0 0 0
1.91597 0.405063 0 0 0
1.94118 0.405063 0 0 0
1.96639 0.405063 0 0 0
1.9916 0.405063 0 0 0
2.01681 0.405063 1.08872 0 0
2.04202 0.405063 1.0888 -0.000458201 -0.0160022
2.06723 0.405063 1.08896 -0.000902327 -0.0311712
2.09244 0.405063 1.08915 -0.00132094 -0.0455203
2.11765 0.405063 1.08939 -0.0017047 -0.0590594
2.14286 0.405063 1.08967 -0.00204484 -0.0717948
2.16807 0.405063 1.09 -0.0023355 -0.0837296
2.19328 0.405063 1.09036 -0.00257169 -0.0948652
2.21849 0.405063 1.09075 -0.00275118 -0.1052
2.2437 0.405063 1.09118 -0.00287304 -0.114733
2.26891 0.405063 1.09162 -0.00293814 -0.123459
2.29412 0.405063 1.09208 -0.00294885 -0.131375
2.31933 0.405063 1.09254 -0.00290843 -0.138478
2.34454 0.405063 1.093 -0.00282132 -0.144763
2.36975 0.405063 1.09346 -0.00269227 -0.150225
2.39496 0.405063 1.0939 -0.00252661 -0.15486
2.42017 0.405063 1.09433 -0.00232971 -0.158664
2.44538 0.405063 1.09473 -0.00210702 -0.161632
2.47059 0.405063 1.09511 -0.0018638 -0.16376
2.4958 0.405063 1.09546 -0.00160514 -0.165043
2.52101 0.405063 1.09577 -0.00133586 -0.165475
2.54622 0.405063 1.09605 -0.00106048 -0.165051
2.57143 0.405063 1.09629 -0.000783267 -0.163763
2.59664 0.405063 1.09649 -0.00050823 -0.161606
2.62185 0.405063 1.09664 -0.000239201 -0.158571
2.64706 0.405063 1.09676 2.01052e-05 -0.154649
2.67227 0.405063 1.09682 0.000266011 -0.149831
2.69748 0.405063 1.09685 0.000494773 -0.144107
2.72269 0.405063 1.09683 0.000702502 -0.137464
2.7479 0.405063 1.09676 0.000885022 -0.129892
2.77311 0.405063 1.09666 0.00103783 -0.121377
2.79832 0.405063 1.09651 0.00115588 -0.111907
2.82353 0.405063 1.09632 0.00123363 -0.101466
2.84874 0.405063 1.09609 0.00126468 -0.0900409
2.87395 0.405063 1.09581 0.00124203 -0.0776169
2.89916 0.405063 1.09549 0.0011574 -0.0641789
2.92437 0.405063 1.09513 0.0010019 -0.0497123
2.94958 0.405063 1.0947 0.000764929 -0.0342027
2.97479 0.405063 1.09424 0.000435402 -0.0176363
3 0.405063 1.09369 0 0

0 0.43038 1 0.3 0
0.0252101 0.43038 1.4549 0.204602 0.0127897
0.0504202 0.43038 1.71344 0.173371 0.0251199
0.0756303 0.43038 1.75405 0.16949 0.0363556
0.10084 0.43038 1.75557 0.169437 0.0465501
0.12605 0.43038 1.7552 0.169393 0.0556603
0.151261 0.43038 1.75441 0.169087 0.0636591
0.176471 0.43038 1.75323 0.16839 0.0705608
0.201681 0.43038 1.75177 0.1672 0.0764103
0.226891 0.43038 1.75011 0.165438 0.0812737
0.252101 0.43038 1.74841 0.163058 0.0852293
0.277311 0.43038 1.74673 0.160037 0.0883614
0.302521 0.43038 1.74535 0.156373 0.0907545
0.327731 0.43038 1.7444 0.152082 0.0924898
0.352941 0.43038 1.74439 0.147193 0.0936428
0.378151 0.43038 1.74554 0.141744 0.09428
0.403361 0.43038 1.7487 0.135791 0.0944583
0.428571 0.43038 1.75394 0.129395 0.0942192
0.453782 0.43038 1.76208 0.122638 0.0935925
0.478992 0.43038 1.77234 0.115606 0.0925877
0.504202 0.43038 1.7849 0.108394 0.0912101
0.529412 0.43038 1.79756 0.101081 0.0894473
0.554622 0.43038 1.80998 0.0937348 0.0873019
0.579832 0.43038 1.81926 0.0863915 0.0847628
0.605042 0.43038 1.82575 0.0790763 0.0818525
0.630252 0.43038 1.82722 0.0717991 0.0785711
0.655462 0.43038 1.82549 0.0645762 0.0749591
0.680672 0.43038 1.81947 0.0574362 0.0710133
0.705882 0.43038 1.81182 0.0504163 0.06677
0.731092 0.43038 1.80211 0.0435766 0.0622083
0.756303 0.43038 1.79266 0.0369715 0.057349
0.781513 0.43038 1.78328 0.0306776 0.0521625
0.806723 0.43038 1.77526 0.0247549 0.0466622
0.831933 0.43038 1.76861 0.0192839 0.0408311
0.857143 0.43038 1.76359 0.0143272 0.0346864
0.882353 0.43038 1.76046 0.00996559 0.0282363
0.907563 0.43038 1.75879 0.00626738 0.0215073
0.932773 0.43038 1.75914 0.00331842 0.0145304
0.957983 0.43038 1.76063 0.00119544 0.0073427
0.983193 0.43038 1.76427 0 0
1.0084 0.43038 0 0 0
1.03361 0.43038 0 0 0
1.05882 0.43038 0 0 0
1.08403 0.43038 0 0 0
1.10924 0.43038 0 0 0
1.13445 0.43038 0 0 0
1.15966 0.43038 0 0 0
1.18487 0.43038 0 0 0
1.21008 0.43038 0 0 0
1.23529 0.43038 0 0 0
1.2605 0.43038 0 0 0
1.28571 0.43038 0 0 0
1.31092 0.43038 0 0 0
1.33613 0.43038 0 0 0
1.36134 0.43038 0 0 0
1.38655 0.43038 0 0 0
1.41176 0.43038 0 0 0
1.43697 0.43038 0 0 0
1.46218 0.43038 0 0 0
1.48739 0.43038 0 0 0
1.51261 0.43038 0 0 0
1.53782 0.43038 0 0 0
1.56303 0.43038 0 0 0
1.58824 0.43038 0 0 0
1.61345 0.43038 0 0 0
1.63866 0.43038 0 0 0
1.66387 0.43038 0 0 0
1.68908 0.43038 0 0 0
1.71429 0.43038 0 0 0
1.7395 0.43038 0 0 0
1.76471 0.43038 0 0 0
1.78992 0.43038 0 0 0
1.81513 0.43038 0 0 0
1.84034 0.43038 0 0 0
1.86555 0.43038 0 0 0
1.89076 0.43038 0 0 0
1.91597 0.43038 0 0 0
1.94118 0.43038 0 0 0
1.96639 0.43038 0 0 0
1.9916 0.43038 0 0 0
2.01681 0.43038 1.09207 0 0
2.04202 0.43038 1.09214 -0.000462497 -0.0159591
2.06723 0.43038 1.09229 -0.000913456 -0.0311006
2.09244 0.43038 1.09247 -0.00133904 -0.045436
2.11765 0.43038 1.09272 -0.00172837 -0.0589731
2.14286 0.43038 1.093 -0.00207114 -0.0717165
2.16807 0.43038 1.09332 -0.00236094 -0.0836664
2.19328 0.43038 1.09367 -0.00259231 -0.0948225
2.21849 0.43038 1.09404 -0.00276322 -0.105181
2.2437 0.43038 1.09443 -0.00287321 -0.114738
2.26891 0.43038 1.09483 -0.00292372 -0.123489
2.29412 0.43038 1.09524 -0.00291806 -0.13143
2.31933 0.43038 1.09566 -0.00286023 -0.138554
2.34454 0.43038 1.09607 -0.00275559 -0.144858
2.36975 0.43038 1.09648 -0.00260962 -0.150336
2.39496 0.43038 1.09689 -0.00242838 -0.154984
2.42017 0.43038 1.09729 -0.00221779 -0.158798
2.44538 0.43038 1.09768 -0.00198374 -0.161774
2.47059 0.43038 1.09805 -0.00173182 -0.163908
2.4958 0.43038 1.09841 -0.00146731 -0.165194
2.52101 0.43038 1.09875 -0.00119507 -0.165628
2.54622 0.43038 1.09907 -0.000919578 -0.165205
2.57143 0.43038 1.09937 -0.000644939 -0.163918
2.59664 0.43038 1.09964 -0.000374922 -0.161761
2.62185 0.43038 1.09988 -0.000113032 -0.158726
2.64706 0.43038 1.10009 0.000137398 -0.154804
2.67227 0.43038 1.10027 0.000373118 -0.149987
2.69748 0.43038 1.10041 0.000590833 -0.144263
2.72269 0.43038 1.10051 0.000787106 -0.137622
2.7479 0.43038 1.10057 0.000958188 -0.130051
2.77311 0.43038 1.10058 0.00109995 -0.121536
2.79832 0.43038 1.10053 0.00120765 -0.112065
2.82353 0.43038 1.10043 0.00127597 -0.101621
2.84874 0.43038 1.10027 0.00129859 -0.0901905
2.87395 0.43038 1.10006 0.00126858 -0.0777572
2.89916 0.43038 1.09977 0.00117755 -0.0643052
2.92437 0.43038 1.09943 0.00101653 -0.0498189
2.94958 0.43038 1.09902 0.000774606 -0.0342824
2.97479 0.43038 1.09856 0.000440409 -0.017681
3 0.43038 1.098 0 0

0 0.455696 1 0.3 0
0.0252101 0.455696 1.45033 0.205237 0.0125314
0.0504202 0.455696 1.7064 0.173967 0.0246931
0.0756303 0.455696 1.74756 0.169843 0.0359062
0.10084 0.455696 1.74925 0.169598 0.0462165
0.12605 0.455696 1.74897 0.169379 0.0555754
0.151261 0.455696 1.74832 0.168919 0.0639417
0.176471 0.455696 1.74736 0.168104 0.0713076
0.201681 0.455696 1.74608 0.16684 0.0776931
0.226891 0.455696 1.74459 0.165057 0.0831371
0.252101 0.455696 1.74283 0.162707 0.0876925
0.277311 0.455696 1.74086 0.159771 0.0914178
0.302521 0.455696 1.73842 0.15625 0.0943746
0.327731 0.455696 1.73543 0.152164 0.096621
0.352941 0.455696 1.7313 0.147546 0.0982125
0.378151 0.455696 1.72582 0.14244 0.0991997
0.403361 0.455696 1.71808 0.136883 0.0996328
0.428571 0.455696 1.70825 0.130915 0.0995625
0.453782 0.455696 1.69569 0.124559 0.0990417
0.478992 0.455696 1.6818 0.117844 0.0981249
0.504202 0.455696 1.66669 0.110788 0.0968545
0.529412 0.455696 1.65319 0.103436 0.0952651
0.554622 0.455696 1.6414 0.095837 0.0933544
0.579832 0.455696 1.63451 0.0880724 0.0911195
0.605042 0.455696 1.63118 0.0802252 0.0885132
0.630252 0.455696 1.63383 0.0723979 0.0855233
0.655462 0.455696 1.63922 0.0646747 0.0820939
0.680672 0.455696 1.64913 0.0571375 0.0782383
0.705882 0.455696 1.65945 0.0498458 0.0739121
0.731092 0.455696 1.67199 0.0428476 0.0691562
0.756303 0.455696 1.68308 0.0361881 0.0639375
0.781513 0.455696 1.69473 0.0299006 0.0583085
0.806723 0.455696 1.70437 0.0240379 0.052248
0.831933 0.455696 1.71381 0.0186416 0.0458065
0.857143 0.455696 1.72157 0.0137796 0.0389776
0.882353 0.455696 1.72893 0.00951244 0.0318031
0.907563 0.455696 1.73506 0.00591829 0.0242908
0.932773 0.455696 1.74082 0.00307599 0.0164758
0.957983 0.455696 1.7456 0.00107161 0.00837246
0.983193 0.455696 1.75012 0 0
1.0084 0.455696 0 0 0
1.03361 0.455696 0 0 0
1.05882 0.455696 0 0 0
1.08403 0.455696 0 0 0
1.10924 0.455696 0 0 0
1.13445 0.455696 0 0 0
1.15966 0.455696 0 0 0
1.18487 0.455696 0 0 0
1.21008 0.455696 0 0 0
1.23529 0.455696 0 0 0
1.2605 0.455696 0 0 0
1.28571 0.455696 0 0 0
1.31092 0.455696 0 0 0
1.33613 0.455696 0 0 0
1.36134 0.455696 0 0 0
1.38655 0.455696 0 0 0
1.41176 0.455696 0 0 0
1.43697 0.455696 0 0 0
1.46218 0.455696 0 0 0
1.48739 0.455696 0 0 0
1.51261 0.455696 0 0 0
1.53782 0.455696 0 0 0
1.56303 0.455696 0 0 0
1.58824 0.455696 0 0 0
1.61345 0.455696 0 0 0
1.63866 0.455696 0 0 0
1.66387 0.455696 0 0 0
1.68908 0.455696 0 0 0
1.71429 0.455696 0 0 0
1.7395 0.455696 0 0 0
1.76471 0.455696 0 0 0
1.78992 0.455696 0 0 0
1.81513 0.455696 0 0 0
1.84034 0.455696 0 0 0
1.86555 0.455696 0 0 0
1.89076 0.455696 0 0 0
1.91597 0.455696 0 0 0
1.94118 0.455696 0 0 0
1.96639 0.455696 0 0 0
1.9916 0.455696 0 0 0
2.01681 0.455696 1.09536 0 0
2.04202 0.455696 1.09541 -0.000466587 -0.0159139
2.06723 0.455696 1.09556 -0.000923569 -0.0310279
2.09244 0.455696 1.09576 -0.00135453 -0.0453518
2.11765 0.455696 1.09602 -0.00174716 -0.0588906
2.14286 0.455696 1.09635 -0.0020895 -0.0716466
2.16807 0.455696 1.09671 -0.00237476 -0.0836167
2.19328 0.455696 1.09714 -0.00259707 -0.0947989
2.21849 0.455696 1.09758 -0.00275466 -0.105186
2.2437 0.455696 1.09808 -0.0028477 -0.114773
2.26891 0.455696 1.09858 -0.00287825 -0.123553
2.29412 0.455696 1.09912 -0.00285081 -0.131521
2.31933 0.455696 1.09965 -0.00277015 -0.138668
2.34454 0.455696 1.10019 -0.00264282 -0.144992
2.36975 0.455696 1.10072 -0.00247513 -0.150486
2.39496 0.455696 1.10124 -0.00227403 -0.155147
2.42017 0.455696 1.10174 -0.0020461 -0.15897
2.44538 0.455696 1.10222 -0.00179776 -0.161952
2.47059 0.455696 1.10268 -0.00153495 -0.164088
2.4958 0.455696 1.1031 -0.00126316 -0.165375
2.52101 0.455696 1.10349 -0.000987307 -0.165808
2.54622 0.455696 1.10384 -0.000711798 -0.165382
2.57143 0.455696 1.10416 -0.000440549 -0.164093
2.59664 0.455696 1.10443 -0.000177059 -0.161933
2.62185 0.455696 1.10465 7.551e-05 -0.158895
2.64706 0.455696 1.10484 0.000314224 -0.154971
2.67227 0.455696 1.10497 0.000536267 -0.150151
2.69748 0.455696 1.10507 0.000738805 -0.144426
2.72269 0.455696 1.10511 0.000918877 -0.137784
2.7479 0.455696 1.10511 0.00107322 -0.130211
2.77311 0.455696 1.10507 0.00119821 -0.121695
2.79832 0.455696 1.10498 0.00128955 -0.112221
2.82353 0.455696 1.10485 0.00134241 -0.101774
2.84874 0.455696 1.10466 0.00135085 -0.0903371
2.87395 0.455696 1.10443 0.00130824 -0.0778945
2.89916 0.455696 1.10414 0.00120636 -0.0644291
2.92437 0.455696 1.1038 0.00103625 -0.0499237
2.94958 0.455696 1.10338 0.000786772 -0.0343613
2.97479 0.455696 1.10293 0.000446244 -0.0177255
3 0.455696 1.10237 0 0

0 0.481013 1 0.3 0
0.0252101 0.481013 1.44605 0.205837 0.012339
0.0504202 0.481013 1.69984 0.174541 0.0243834
0.0756303 0.481013 1.74149 0.1702 0.0356006
0.10084 0.481013 1.74333 0.169783 0.0460325
0.12605 0.481013 1.74312 0.169402 0.0556285
0.151261 0.481013 1.7426 0.168788 0.0643373
0.176471 0.481013 1.74183 0.167842 0.0721355
0.201681 0.481013 1.74088 0.166476 0.0790233
0.226891 0.481013 1.73984 0.164618 0.0850209
0.252101 0.481013 1.73889 0.162218 0.0901626
0.277311 0.481013 1.73819 0.159244 0.0944948
0.302521 0.481013 1.73814 0.155679 0.0980695
0.327731 0.481013 1.73907 0.151523 0.100943
0.352941 0.481013 1.74173 0.146793 0.10317
0.378151 0.481013 1.7465 0.141522 0.1048
0.403361 0.481013 1.75422 0.135769 0.105869
0.428571 0.481013 1.76459 0.129606 0.106403
0.453782 0.481013 1.77774 0.123128 0.106411
0.478992 0.481013 1.79172 0.116415 0.105894
0.504202 0.481013 1.80589 0.109547 0.104852
0.529412 0.481013 1.817 0.102558 0.103289
0.554622 0.481013 1.82525 0.0954778 0.101221
0.579832 0.481013 1.82757 0.0882958 0.098669
0.605042 0.481013 1.8266 0.0810294 0.0956716
0.630252 0.481013 1.81993 0.0736848 0.0922436
0.655462 0.481013 1.81233 0.0663125 0.0884261
0.680672 0.481013 1.80116 0.0589627 0.0841987
0.705882 0.481013 1.79187 0.0517098 0.0795921
0.731092 0.481013 1.78107 0.0446326 0.0745511
0.756303 0.481013 1.77359 0.0378021 0.069106
0.781513 0.481013 1.76584 0.0313086 0.0631918
0.806723 0.481013 1.76127 0.0252092 0.0568459
0.831933 0.481013 1.75707 0.0195969 0.0500188
0.857143 0.481013 1.75507 0.0145215 0.0427494
0.882353 0.481013 1.75387 0.0100738 0.0350175
0.907563 0.481013 1.754 0.00631089 0.0268577
0.932773 0.481013 1.75531 0.00332403 0.0182786
0.957983 0.481013 1.75756 0.00118839 0.00931261
0.983193 0.481013 1.76124 0 0
1.0084 0.481013 0 0 0
1.03361 0.481013 0 0 0
1.05882 0.481013 0 0 0
1.08403 0.481013 0 0 0
1.10924 0.481013 0 0 0
1.13445 0.481013 0 0 0
1.15966 0.481013 0 0 0
1.18487 0.481013 0 0 0
1.21008 0.481013 0 0 0
1.23529 0.481013 0 0 0
1.2605 0.481013 0 0 0
1.28571 0.481013 0 0 0
1.31092 0.481013 0 0 0
1.33613 0.481013 0 0 0
1.36134 0.481013 0 0 0
1.38655 0.481013 0 0 0
1.41176 0.481013 0 0 0
1.43697 0.481013 0 0 0
1.46218 0.481013 0 0 0
1.48739 0.481013 0 0 0
1.51261 0.481013 0 0 0
1.53782 0.481013 0 0 0
1.56303 0.481013 0 0 0
1.58824 0.481013 0 0 0
1.61345 0.481013 0 0 0
1.63866 0.481013 0 0 0
1.66387 0.481013 0 0 0
1.68908 0.481013 0 0 0
1.71429 0.481013 0 0 0
1.7395 0.481013 0 0 0
1.76471 0.481013 0 0 0
1.78992 0.481013 0 0 0
1.81513 0.481013 0 0 0
1.84034 0.481013 0 0 0
1.86555 0.481013 0 0 0
1.89076 0.481013 0 0 0
1.91597 0.481013 0 0 0
1.94118 0.481013 0 0 0
1.96639 0.481013 0 0 0
1.9916 0.481013 0 0 0
2.01681 0.481013 1.09857 0 0
2.04202 0.481013 1.0986 -0.000470032 -0.0158672
2.06723 0.481013 1.09876 -0.000931479 -0.0309546
2.09244 0.481013 1.09896 -0.00136493 -0.0452698
2.11765 0.481013 1.09925 -0.00175662 -0.058814
2.14286 0.481013 1.0996 -0.00209278 -0.0715872
2.16807 0.481013 1.09998 -0.00236651 -0.0835819
2.19328 0.481013 1.10044 -0.00257177 -0.0947941
2.21849 0.481013 1.1009 -0.00270737 -0.105212
2.2437 0.481013 1.10142 -0.00277471 -0.114831
2.26891 0.481013 1.10192 -0.00277673 -0.123641
2.29412 0.481013 1.10247 -0.00271964 -0.131634
2.31933 0.481013 1.10299 -0.00260925 -0.138803
2.34454 0.481013 1.10353 -0.00245358 -0.145144
2.36975 0.481013 1.10405 -0.00225989 -0.150651
2.39496 0.481013 1.10457 -0.00203609 -0.15532
2.42017 0.481013 1.10508 -0.00178941 -0.159147
2.44538 0.481013 1.10557 -0.00152677 -0.162129
2.47059 0.481013 1.10604 -0.00125437 -0.164263
2.4958 0.481013 1.10648 -0.000977791 -0.165546
2.52101 0.481013 1.10691 -0.000701858 -0.165973
2.54622 0.481013 1.1073 -0.000430752 -0.165542
2.57143 0.481013 1.10767 -0.000168038 -0.164246
2.59664 0.481013 1.108 8.32416e-05 -0.162081
2.62185 0.481013 1.1083 0.000320454 -0.159038
2.64706 0.481013 1.10856 0.000541253 -0.15511
2.67227 0.481013 1.10879 0.000743444 -0.150289
2.69748 0.481013 1.10897 0.000924829 -0.144562
2.72269 0.481013 1.1091 0.00108307 -0.137919
2.7479 0.481013 1.10918 0.0012155 -0.130347
2.77311 0.481013 1.10922 0.00131902 -0.121832
2.79832 0.481013 1.10919 0.00138985 -0.112358
2.82353 0.481013 1.10911 0.00142352 -0.10191
2.84874 0.481013 1.10897 0.00141444 -0.0904701
2.87395 0.481013 1.10878 0.00135624 -0.0780213
2.89916 0.481013 1.10851 0.00124083 -0.0645451
2.92437 0.481013 1.10819 0.00105934 -0.0500233
2.94958 0.481013 1.10779 0.000800512 -0.0344372
2.97479 0.481013 1.10734 0.000452474 -0.0177688
3 0.481013 1.10678 0 0

0 0.506329 1 0.3 0
0.0252101 0.506329 1.44202 0.206408 0.012202
0.0504202 0.506329 1.69367 0.175096 0.0241736
0.0756303 0.506329 1.73577 0.170564 0.0354216
0.10084 0.506329 1.73773 0.169994 0.0459857
0.12605 0.506329 1.73752 0.169465 0.0558144
0.151261 0.506329 1.73703 0.168709 0.0648487
0.176471 0.506329 1.73628 0.167636 0.0730508
0.201681 0.506329 1.73527 0.166172 0.0804033
0.226891 0.506329 1.73399 0.164257 0.0869045
0.252101 0.506329 1.73232 0.161851 0.0925661
0.277311 0.506329 1.73012 0.158937 0.0974084
0.302521 0.506329 1.72695 0.155511 0.101459
0.327731 0.506329 1.72243 0.151586 0.104748
0.352941 0.506329 1.71577 0.147178 0.107314
0.378151 0.506329 1.70665 0.142304 0.109199
0.403361 0.506329 1.69454 0.136971 0.110461
0.428571 0.506329 1.68022 0.131186 0.111161
0.453782 0.506329 1.66419 0.124947 0.111363
0.478992 0.506329 1.64893 0.11828 0.111114
0.504202 0.506329 1.63539 0.111217 0.110441
0.529412 0.506329 1.62667 0.103836 0.109335
0.554622 0.506329 1.62214 0.0962139 0.107771
0.579832 0.506329 1.62428 0.0884685 0.105712
0.605042 0.506329 1.62963 0.0806824 0.10312
0.630252 0.506329 1.64047 0.0729607 0.0999862
0.655462 0.506329 1.65111 0.0653508 0.0962834
0.680672 0.506329 1.6651 0.0579216 0.0920397
0.705882 0.506329 1.67579 0.0506956 0.0872239
0.731092 0.506329 1.68855 0.0437198 0.0818898
0.756303 0.506329 1.69674 0.0370296 0.0759869
0.781513 0.506329 1.70661 0.0306667 0.0695841
0.806723 0.506329 1.71242 0.0246998 0.0626198
0.831933 0.506329 1.71972 0.0191731 0.0551665
0.857143 0.506329 1.72443 0.0141836 0.0471727
0.882353 0.506329 1.73022 0.00978713 0.0387004
0.907563 0.506329 1.73471 0.00608918 0.0297219
0.932773 0.506329 1.73977 0.00316199 0.0202811
0.957983 0.506329 1.74402 0.00110131 0.0103675
0.983193 0.506329 1.74866 0 0
1.0084 0.506329 0 0 0
1.03361 0.506329 0 0 0
1.05882 0.506329 0 0 0
1.08403 0.506329 0 0 0
1.10924 0.506329 0 0 0
1.13445 0.506329 0 0 0
1.15966 0.506329 0 0 0
1.18487 0.506329 0 0 0
1.21008 0.506329 0 0 0
1.23529 0.506329 0 0 0
1.2605 0.506329 0 0 0
1.28571 0.506329 0 0 0
1.31092 0.506329 0 0 0
1.33613 0.506329 0 0 0
1.36134 0.506329 0 0 0
1.38655 0.506329 0 0 0
1.41176 0.506329 0 0 0
1.43697 0.506329 0 0 0
1.46218 0.506329 0 0 0
1.48739 0.506329 0 0 0
1.51261 0.506329 0 0 0
1.53782 0.506329 0 0 0
1.56303 0.506329 0 0 0
1.58824 0.506329 0 0 0
1.61345 0.506329 0 0 0
1.63866 0.506329 0 0 0
1.66387 0.506329 0 0 0
1.68908 0.506329 0 0 0
1.71429 0.506329 0 0 0
1.7395 0.506329 0 0 0
1.76471 0.506329 0 0 0
1.78992 0.506329 0 0 0
1.81513 0.506329 0 0 0
1.84034 0.506329 0 0 0
1.86555 0.506329 0 0 0
1.89076 0.506329 0 0 0
1.91597 0.506329 0 0 0
1.94118 0.506329 0 0 0
1.96639 0.506329 0 0 0
1.9916 0.506329 0 0 0
2.01681 0.506329 1.10168 0 0
2.04202 0.506329 1.10171 -0.000472894 -0.0158202
2.06723 0.506329 1.10187 -0.00093715 -0.0308831
2.09244 0.506329 1.1021 -0.00136994 -0.0451941
2.11765 0.506329 1.10241 -0.00175627 -0.0587494
2.14286 0.506329 1.10282 -0.0020804 -0.0715466
2.16807 0.506329 1.10324 -0.00233569 -0.0835721
2.19328 0.506329 1.10378 -0.00251628 -0.0948204
2.21849 0.506329 1.1043 -0.00262174 -0.105275
2.2437 0.506329 1.10492 -0.00265527 -0.11493
2.26891 0.506329 1.10551 -0.00262074 -0.123771
2.29412 0.506329 1.10615 -0.00252653 -0.131791
2.31933 0.506329 1.10677 -0.00237956 -0.138983
2.34454 0.506329 1.10741 -0.00218954 -0.145339
2.36975 0.506329 1.10804 -0.00196476 -0.150856
2.39496 0.506329 1.10866 -0.00171422 -0.15553
2.42017 0.506329 1.10925 -0.00144582 -0.159357
2.44538 0.506329 1.10982 -0.00116697 -0.162335
2.47059 0.506329 1.11036 -0.000884138 -0.164462
2.4958 0.506329 1.11087 -0.000602924 -0.165736
2.52101 0.506329 1.11134 -0.000328033 -0.166154
2.54622 0.506329 1.11177 -6.33508e-05 -0.165711
2.57143 0.506329 1.11216 0.000187975 -0.164405
2.59664 0.506329 1.11251 0.000423415 -0.16223
2.62185 0.506329 1.11281 0.00064093 -0.159178
2.64706 0.506329 1.11307 0.00083882 -0.155244
2.67227 0.506329 1.11327 0.00101558 -0.150417
2.69748 0.506329 1.11344 0.0011697 -0.144686
2.72269 0.506329 1.11355 0.00129959 -0.138041
2.7479 0.506329 1.11362 0.00140329 -0.130468
2.77311 0.506329 1.11363 0.00147841 -0.121953
2.79832 0.506329 1.1136 0.00152182 -0.112479
2.82353 0.506329 1.11352 0.00152972 -0.102031
2.84874 0.506329 1.11338 0.00149701 -0.0905893
2.87395 0.506329 1.11319 0.0014178 -0.078136
2.89916 0.506329 1.11294 0.00128424 -0.0646513
2.92437 0.506329 1.11263 0.00108768 -0.0501156
2.94958 0.506329 1.11224 0.00081675 -0.0345084
2.97479 0.506329 1.1118 0.000459448 -0.0178099
3 0.506329 1.11125 0 0

0 0.531646 1 0.3 0
0.0252101 0.531646 1.4382 0.206955 0.0121111
0.0504202 0.531646 1.68783 0.175638 0.024049
0.0756303 0.531646 1.73036 0.170932 0.0353544
0.10084 0.531646 1.73243 0.170226 0.046066
0.12605 0.531646 1.73224 0.169559 0.0561322
0.151261 0.531646 1.73184 0.168659 0.0654881
0.176471 0.531646 1.73129 0.167443 0.0740863
0.201681 0.531646 1.7307 0.16584 0.0818969
0.226891 0.531646 1.73023 0.163788 0.0889075
0.252101 0.531646 1.73015 0.161239 0.0951211
0.277311 0.531646 1.73087 0.15816 0.100555
0.302521 0.531646 1.73297 0.154531 0.105234
0.327731 0.531646 1.73715 0.150351 0.109193
0.352941 0.531646 1.74419 0.145648 0.112457
0.378151 0.531646 1.75441 0.14047 0.115048
0.403361 0.531646 1.76779 0.134898 0.116974
0.428571 0.531646 1.78307 0.129012 0.118236
0.453782 0.531646 1.7988 0.122892 0.118828
0.478992 0.531646 1.81217 0.116576 0.118759
0.504202 0.531646 1.82195 0.110081 0.118041
0.529412 0.531646 1.82565 0.103382 0.116713
0.554622 0.531646 1.82473 0.0964756 0.114811
0.579832 0.531646 1.81764 0.0893435 0.112381
0.605042 0.531646 1.80882 0.0820363 0.109454
0.630252 0.531646 1.79602 0.0745836 0.106043
0.655462 0.531646 1.7856 0.0670857 0.102155
0.680672 0.531646 1.77284 0.0595973 0.0977525
0.705882 0.531646 1.76535 0.0522261 0.0928423
0.731092 0.531646 1.75579 0.0450345 0.0873548
0.756303 0.531646 1.7525 0.0381101 0.0813244
0.781513 0.531646 1.74686 0.0315308 0.0746648
0.806723 0.531646 1.74682 0.0253556 0.0674428
0.831933 0.531646 1.74455 0.0196855 0.0595723
0.857143 0.531646 1.74608 0.0145567 0.0511302
0.882353 0.531646 1.74621 0.0100815 0.042053
0.907563 0.531646 1.74834 0.00629528 0.0324038
0.932773 0.531646 1.75021 0.00330634 0.0221564
0.957983 0.531646 1.75325 0.00117721 0.0113534
0.983193 0.531646 1.75669 0 0
1.0084 0.531646 0 0 0
1.03361 0.531646 0 0 0
1.05882 0.531646 0 0 0
1.08403 0.531646 0 0 0
1.10924 0.531646 0 0 0
1.13445 0.531646 0 0 0
1.15966 0.531646 0 0 0
1.18487 0.531646 0 0 0
1.21008 0.531646 0 0 0
1.23529 0.531646 0 0 0
1.2605 0.531646 0 0 0
1.28571 0.531646 0 0 0
1.31092 0.531646 0 0 0
1.33613 0.531646 0 0 0
1.36134 0.531646 0 0 0
1.38655 0.531646 0 0 0
1.41176 0.531646 0 0 0
1.43697 0.531646 0 0 0
1.46218 0.531646 0 0 0
1.48739 0.531646 0 0 0
1.51261 0.531646 0 0 0
1.53782 0.531646 0 0 0
1.56303 0.531646 0 0 0
1.58824 0.531646 0 0 0
1.61345 0.531646 0 0 0
1.63866 0.531646 0 0 0
1.66387 0.531646 0 0 0
1.68908 0.531646 0 0 0
1.71429 0.531646 0 0 0
1.7395 0.531646 0 0 0
1.76471 0.531646 0 0 0
1.78992 0.531646 0 0 0
1.81513 0.531646 0 0 0
1.84034 0.531646 0 0 0
1.86555 0.531646 0 0 0
1.89076 0.531646 0 0 0
1.91597 0.531646 0 0 0
1.94118 0.531646 0 0 0
1.96639 0.531646 0 0 0
1.9916 0.531646 0 0 0
2.01681 0.531646 1.10468 0 0
2.04202 0.531646 1.10471 -0.000474914 -0.015774
2.06723 0.531646 1.10488 -0.00093971 -0.0308161
2.09244 0.531646 1.10515 -0.00136753 -0.0451292
2.11765 0.531646 1.10548 -0.00174239 -0.0587023
2.14286 0.531646 1.10596 -0.00204642 -0.0715312
2.16807 0.531646 1.10641 -0.00227362 -0.0835941
2.19328 0.531646 1.10704 -0.00241889 -0.0948845
2.21849 0.531646 1.10759 -0.00248278 -0.10538
2.2437 0.531646 1.10827 -0.00247129 -0.115072
2.26891 0.531646 1.1089 -0.00238932 -0.123944
2.29412 0.531646 1.10959 -0.00224823 -0.13199
2.31933 0.531646 1.11025 -0.00205619 -0.1392
2.34454 0.531646 1.11092 -0.00182501 -0.145567
2.36975 0.531646 1.11157 -0.0015641 -0.151088
2.39496 0.531646 1.11222 -0.00128358 -0.155759
2.42017 0.531646 1.11284 -0.000992019 -0.15958
2.44538 0.531646 1.11343 -0.000697237 -0.162547
2.47059 0.531646 1.114 -0.000405793 -0.16466
2.4958 0.531646 1.11455 -0.000123169 -0.165919
2.52101 0.531646 1.11506 0.000146265 -0.16632
2.54622 0.531646 1.11553 0.000399118 -0.165861
2.57143 0.531646 1.11597 0.000632867 -0.16454
2.59664 0.531646 1.11637 0.000845709 -0.162351
2.62185 0.531646 1.11673 0.00103639 -0.159288
2.64706 0.531646 1.11705 0.00120406 -0.155344
2.67227 0.531646 1.11732 0.00134805 -0.15051
2.69748 0.531646 1.11755 0.00146773 -0.144776
2.72269 0.531646 1.11773 0.00156232 -0.13813
2.7479 0.531646 1.11785 0.00163067 -0.130557
2.77311 0.531646 1.11792 0.00167114 -0.122044
2.79832 0.531646 1.11793 0.0016813 -0.112573
2.82353 0.531646 1.11789 0.00165796 -0.102127
2.84874 0.531646 1.11779 0.0015966 -0.0906869
2.87395 0.531646 1.11762 0.00149178 -0.0782325
2.89916 0.531646 1.11739 0.00133604 -0.0647431
2.92437 0.531646 1.11711 0.001121 -0.0501972
2.94958 0.531646 1.11673 0.000835353 -0.0345727
2.97479 0.531646 1.11631 0.00046708 -0.0178477
3 0.531646 1.11577 0 0

0 0.556962 1 0.3 0
0.0252101 0.556962 1.43456 0.207481 0.0120577
0.0504202 0.556962 1.68227 0.176168 0.0239956
0.0756303 0.556962 1.72517 0.171309 0.035384
0.10084 0.556962 1.72732 0.170483 0.0462603
0.12605 0.556962 1.72705 0.169695 0.0565711
0.151261 0.556962 1.72653 0.168669 0.0662444
0.176471 0.556962 1.72575 0.167334 0.0752198
0.201681 0.556962 1.72465 0.165634 0.0834505
0.226891 0.556962 1.72308 0.163528 0.0909024
0.252101 0.556962 1.72073 0.160992 0.0975535
0.277311 0.556962 1.71714 0.158015 0.103393
0.302521 0.556962 1.7116 0.154596 0.108422
0.327731 0.556962 1.70344 0.150733 0.112657
0.352941 0.556962 1.69204 0.146415 0.116134
0.378151 0.556962 1.67758 0.141625 0.118906
0.403361 0.556962 1.66082 0.136338 0.121043
0.428571 0.556962 1.64377 0.130546 0.122604
0.453782 0.556962 1.62841 0.124262 0.123632
0.478992 0.556962 1.61747 0.117539 0.124128
0.504202 0.556962 1.61183 0.110455 0.124069
0.529412 0.556962 1.613 0.10312 0.123405
0.554622 0.556962 1.619 0.0956275 0.122106
0.579832 0.556962 1.63039 0.0880859 0.120141
0.605042 0.556962 1.64268 0.0805403 0.117513
0.630252 0.556962 1.65786 0.0730662 0.114222
0.655462 0.556962 1.66969 0.06566 0.110281
0.680672 0.556962 1.6836 0.0583883 0.105703
0.705882 0.556962 1.69146 0.0512416 0.100476
0.731092 0.556962 1.70242 0.044299 0.094631
0.756303 0.556962 1.7062 0.0375815 0.0881114
0.781513 0.556962 1.71443 0.0311665 0.0809781
0.806723 0.556962 1.71587 0.0251229 0.0731376
0.831933 0.556962 1.72214 0.019506 0.0646822
0.857143 0.556962 1.72349 0.0144342 0.0555095
0.882353 0.556962 1.72877 0.00994854 0.0457201
0.907563 0.556962 1.73141 0.00618985 0.035236
0.932773 0.556962 1.73639 0.00320722 0.0241352
0.957983 0.556962 1.73999 0.00111728 0.0123722
0.983193 0.556962 1.74499 0 0
1.0084 0.556962 0 0 0
1.03361 0.556962 0 0 0
1.05882 0.556962 0 0 0
1.08403 0.556962 0 0 0
1.10924 0.556962 0 0 0
1.13445 0.556962 0 0 0
1.15966 0.556962 0 0 0
1.18487 0.556962 0 0 0
1.21008 0.556962 0 0 0
1.23529 0.556962 0 0 0
1.2605 0.556962 0 0 0
1.28571 0.556962 0 0 0
1.31092 0.556962 0 0 0
1.33613 0.556962 0 0 0
1.36134 0.556962 0 0 0
1.38655 0.556962 0 0 0
1.41176 0.556962 0 0 0
1.43697 0.556962 0 0 0
1.46218 0.556962 0 0 0
1.48739 0.556962 0 0 0
1.51261 0.556962 0 0 0
1.53782 0.556962 0 0 0
1.56303 0.556962 0 0 0
1.58824 0.556962 0 0 0
1.61345 0.556962 0 0 0
1.63866 0.556962 0 0 0
1.66387 0.556962 0 0 0
1.68908 0.556962 0 0 0
1.71429 0.556962 0 0 0
1.7395 0.556962 0 0 0
1.76471 0.556962 0 0 0
1.78992 0.556962 0 0 0
1.81513 0.556962 0 0 0
1.84034 0.556962 0 0 0
1.86555 0.556962 0 0 0
1.89076 0.556962 0 0 0
1.91597 0.556962 0 0 0
1.94118 0.556962 0 0 0
1.96639 0.556962 0 0 0
1.9916 0.556962 0 0 0
2.01681 0.556962 1.10755 0 0
2.04202 0.556962 1.10759 -0.000475936 -0.0157306
2.06723 0.556962 1.10777 -0.000938493 -0.0307572
2.09244 0.556962 1.1081 -0.00135604 -0.045081
2.11765 0.556962 1.10846 -0.00171208 -0.0586809
2.14286 0.556962 1.10905 -0.00198649 -0.0715513
2.16807 0.556962 1.10954 -0.00217446 -0.0836598
2.19328 0.556962 1.11028 -0.00227262 -0.0949993
2.21849 0.556962 1.11089 -0.00228252 -0.105539
2.2437 0.556962 1.11168 -0.00221422 -0.115272
2.26891 0.556962 1.11238 -0.00207363 -0.124177
2.29412 0.556962 1.11317 -0.00187585 -0.132247
2.31933 0.556962 1.11392 -0.00163034 -0.139471
2.34454 0.556962 1.11469 -0.00135124 -0.145844
2.36975 0.556962 1.11543 -0.00104911 -0.151364
2.39496 0.556962 1.11616 -0.000735223 -0.156027
2.42017 0.556962 1.11686 -0.000418705 -0.159833
2.44538 0.556962 1.11753 -0.000107696 -0.162782
2.47059 0.556962 1.11816 0.000191264 -0.164874
2.4958 0.556962 1.11876 0.000472956 -0.166109
2.52101 0.556962 1.11932 0.000733474 -0.166487
2.54622 0.556962 1.11983 0.000970052 -0.166006
2.57143 0.556962 1.12031 0.00118092 -0.164663
2.59664 0.556962 1.12073 0.0013651 -0.162455
2.62185 0.556962 1.12111 0.00152226 -0.159377
2.64706 0.556962 1.12143 0.00165247 -0.15542
2.67227 0.556962 1.12171 0.00175603 -0.150577
2.69748 0.556962 1.12194 0.00183328 -0.144836
2.72269 0.556962 1.12212 0.0018844 -0.138187
2.7479 0.556962 1.12225 0.00190919 -0.130614
2.77311 0.556962 1.12233 0.00190692 -0.122103
2.79832 0.556962 1.12236 0.00187602 -0.112636
2.82353 0.556962 1.12233 0.00181412 -0.102195
2.84874 0.556962 1.12224 0.00171738 -0.0907589
2.87395 0.556962 1.1221 0.00158099 -0.0783071
2.89916 0.556962 1.12189 0.00139796 -0.0648169
2.92437 0.556962 1.12163 0.00116028 -0.0502652
2.94958 0.556962 1.12127 0.000856779 -0.0346279
2.97479 0.556962 1.12087 0.000475519 -0.0178811
3 0.556962 1.12034 0 0

0 0.582278 1 0.3 0
0.0252101 0.582278 1.43109 0.207989 0.0120345
0.0504202 0.582278 1.67697 0.176686 0.0240017
0.0756303 0.582278 1.72025 0.171689 0.0354997
0.10084 0.582278 1.72251 0.170752 0.0465635
0.12605 0.582278 1.72226 0.169843 0.0571381
0.151261 0.582278 1.72188 0.168674 0.0671456
0.176471 0.582278 1.72151 0.167174 0.0765184
0.201681 0.582278 1.72135 0.165286 0.0852032
0.226891 0.582278 1.72176 0.162957 0.0931636
0.252101 0.582278 1.72327 0.160149 0.10038
0.277311 0.582278 1.72666 0.156837 0.106846
0.302521 0.582278 1.73279 0.153018 0.112565
0.327731 0.582278 1.74243 0.148722 0.117535
0.352941 0.582278 1.75578 0.144008 0.12175
0.378151 0.582278 1.77206 0.138959 0.125194
0.403361 0.582278 1.78947 0.133654 0.127849
0.428571 0.582278 1.80529 0.128138 0.129711
0.453782 0.582278 1.81705 0.122415 0.13079
0.478992 0.582278 1.82261 0.116443 0.131123
0.504202 0.582278 1.82184 0.11018 0.130759
0.529412 0.582278 1.81478 0.103588 0.129761
0.554622 0.582278 1.80418 0.0966873 0.128168
0.579832 0.582278 1.79037 0.0895047 0.126017
0.605042 0.582278 1.77763 0.0821354 0.123301
0.630252 0.582278 1.76388 0.0746305 0.120011
0.655462 0.582278 1.75475 0.0671129 0.116111
0.680672 0.582278 1.74429 0.0596154 0.111567
0.705882 0.582278 1.74071 0.0522631 0.106355
0.731092 0.582278 1.73374 0.0450741 0.100425
0.756303 0.582278 1.73509 0.0381645 0.0937949
0.781513 0.582278 1.73093 0.0315721 0.0863852
0.806723 0.582278 1.73541 0.0253858 0.0782694
0.831933 0.582278 1.7336 0.0196954 0.0693361
0.857143 0.582278 1.73886 0.0145433 0.0596967
0.882353 0.582278 1.73892 0.0100642 0.049236
0.907563 0.582278 1.74332 0.0062673 0.0380641
0.932773 0.582278 1.74484 0.00329147 0.026103
0.957983 0.582278 1.74887 0.00117042 0.0134315
0.983193 0.582278 1.75155 0 0
1.0084 0.582278 0 0 0
1.03361 0.582278 0 0 0
1.05882 0.582278 0 0 0
1.08403 0.582278 0 0 0
1.10924 0.582278 0 0 0
1.13445 0.582278 0 0 0
1.15966 0.582278 0 0 0
1.18487 0.582278 0 0 0
1.21008 0.582278 0 0 0
1.23529 0.582278 0 0 0
1.2605 0.582278 0 0 0
1.28571 0.582278 0 0 0
1.31092 0.582278 0 0 0
1.33613 0.582278 0 0 0
1.36134 0.582278 0 0 0
1.38655 0.582278 0 0 0
1.41176 0.582278 0 0 0
1.43697 0.582278 0 0 0
1.46218 0.582278 0 0 0
1.48739 0.582278 0 0 0
1.51261 0.582278 0 0 0
1.53782 0.582278 0 0 0
1.56303 0.582278 0 0 0
1.58824 0.582278 0 0 0
1.61345 0.582278 0 0 0
1.63866 0.582278 0 0 0
1.66387 0.582278 0 0 0
1.68908 0.582278 0 0 0
1.71429 0.582278 0 0 0
1.7395 0.582278 0 0 0
1.76471 0.582278 0 0 0
1.78992 0.582278 0 0 0
1.81513 0.582278 0 0 0
1.84034 0.582278 0 0 0
1.86555 0.582278 0 0 0
1.89076 0.582278 0 0 0
1.91597 0.582278 0 0 0
1.94118 0.582278 0 0 0
1.96639 0.582278 0 0 0
1.9916 0.582278 0 0 0
2.01681 0.582278 1.11028 0 0
2.04202 0.582278 1.11035 -0.000475657 -0.0156919
2.06723 0.582278 1.11054 -0.000932377 -0.0307108
2.09244 0.582278 1.11097 -0.0013328 -0.0450568
2.11765 0.582278 1.11134 -0.00166047 -0.0586945
2.14286 0.582278 1.11206 -0.0018932 -0.0716181
2.16807 0.582278 1.11258 -0.00202772 -0.0837812
2.19328 0.582278 1.11346 -0.00206395 -0.095177
2.21849 0.582278 1.11412 -0.00200435 -0.105766
2.2437 0.582278 1.11502 -0.00186472 -0.11554
2.26891 0.582278 1.11579 -0.00165197 -0.124476
2.29412 0.582278 1.11666 -0.00138585 -0.132565
2.31933 0.582278 1.11747 -0.00107727 -0.139797
2.34454 0.582278 1.1183 -0.000742983 -0.146169
2.36975 0.582278 1.11909 -0.000394744 -0.151677
2.39496 0.582278 1.11986 -4.49059e-05 -0.156321
2.42017 0.582278 1.12061 0.000296951 -0.160103
2.44538 0.582278 1.12132 0.000622576 -0.163023
2.47059 0.582278 1.122 0.000925676 -0.165085
2.4958 0.582278 1.12264 0.00120154 -0.166288
2.52101 0.582278 1.12324 0.00144699 -0.166635
2.54622 0.582278 1.12379 0.00166014 -0.166124
2.57143 0.582278 1.12431 0.00184019 -0.164754
2.59664 0.582278 1.12478 0.00198726 -0.162522
2.62185 0.582278 1.12521 0.00210209 -0.159424
2.64706 0.582278 1.12558 0.00218588 -0.155451
2.67227 0.582278 1.12591 0.00224006 -0.150597
2.69748 0.582278 1.12619 0.00226607 -0.14485
2.72269 0.582278 1.12642 0.00226514 -0.138198
2.7479 0.582278 1.12659 0.0022381 -0.130627
2.77311 0.582278 1.12671 0.00218518 -0.12212
2.79832 0.582278 1.12677 0.00210575 -0.11266
2.82353 0.582278 1.12678 0.00199825 -0.102226
2.84874 0.582278 1.12672 0.00185964 -0.0907985
2.87395 0.582278 1.12661 0.00168582 -0.0783537
2.89916 0.582278 1.12642 0.00147036 -0.0648678
2.92437 0.582278 1.12619 0.00120578 -0.0503157
2.94958 0.582278 1.12585 0.000881152 -0.0346715
2.97479 0.582278 1.12548 0.000484784 -0.0179086
3 0.582278 1.12498 0 0

0 0.607595 1 0.3 0
0.0252101 0.607595 1.42777 0.208478 0.0120337
0.0504202 0.607595 1.6719 0.177195 0.0240548
0.0756303 0.607595 1.71549 0.172077 0.0356874
0.10084 0.607595 1.71774 0.171047 0.0469611
0.12605 0.607595 1.71726 0.17004 0.0578133
0.151261 0.607595 1.71646 0.168763 0.0681536
0.176471 0.607595 1.71529 0.167164 0.0778962
0.201681 0.607595 1.71349 0.16521 0.0869647
0.226891 0.607595 1.71066 0.162884 0.0952946
0.252101 0.607595 1.7061 0.160178 0.102837
0.277311 0.607595 1.69896 0.157089 0.10956
0.302521 0.607595 1.6884 0.153599 0.115462
0.327731 0.607595 1.6741 0.149678 0.120571
0.352941 0.607595 1.65664 0.145279 0.124943
0.378151 0.607595 1.63782 0.140362 0.128645
0.403361 0.607595 1.62022 0.134912 0.131727
0.428571 0.607595 1.60674 0.128956 0.134201
0.453782 0.607595 1.59942 0.122563 0.136036
0.478992 0.607595 1.5994 0.115836 0.137178
0.504202 0.607595 1.60585 0.108879 0.137578
0.529412 0.607595 1.61773 0.101792 0.137202
0.554622 0.607595 1.63206 0.0946301 0.136057
0.579832 0.607595 1.64804 0.0874466 0.134146
0.605042 0.607595 1.66207 0.0802358 0.131504
0.630252 0.607595 1.6761 0.0730396 0.128129
0.655462 0.607595 1.6854 0.0658317 0.124049
0.680672 0.607595 1.69604 0.0586938 0.119242
0.705882 0.607595 1.70005 0.0516044 0.113708
0.731092 0.607595 1.70848 0.0446902 0.107428
0.756303 0.607595 1.70833 0.0379454 0.10036
0.781513 0.607595 1.71574 0.0315042 0.0925278
0.806723 0.607595 1.71326 0.0254018 0.0838342
0.831933 0.607595 1.72003 0.0197303 0.0743702
0.857143 0.607595 1.7178 0.0146002 0.0639987
0.882353 0.607595 1.72405 0.0100486 0.0528625
0.907563 0.607595 1.72434 0.00625098 0.0408272
0.932773 0.607595 1.73031 0.00322441 0.0280326
0.957983 0.607595 1.73282 0.00112273 0.0143823
0.983193 0.607595 1.7388 0 0
1.0084 0.607595 0 0 0
1.03361 0.607595 0 0 0
1.05882 0.607595 0 0 0
1.08403 0.607595 0 0 0
1.10924 0.607595 0 0 0
1.13445 0.607595 0 0 0
1.15966 0.607595 0 0 0
1.18487 0.607595 0 0 0
1.21008 0.607595 0 0 0
1.23529 0.607595 0 0 0
1.2605 0.607595 0 0 0
1.28571 0.607595 0 0 0
1.31092 0.607595 0 0 0
1.33613 0.607595 0 0 0
1.36134 0.607595 0 0 0
1.38655 0.607595 0 0 0
1.41176 0.607595 0 0 0
1.43697 0.607595 0 0 0
1.46218 0.607595 0 0 0
1.48739 0.607595 0 0 0
1.51261 0.607595 0 0 0
1.53782 0.607595 0 0 0
1.56303 0.607595 0 0 0
1.58824 0.607595 0 0 0
1.61345 0.607595 0 0 0
1.63866 0.607595 0 0 0
1.66387 0.607595 0 0 0
1.68908 0.607595 0 0 0
1.71429 0.607595 0 0 0
1.7395 0.607595 0 0 0
1.76471 0.607595 0 0 0
1.78992 0.607595 0 0 0
1.81513 0.607595 0 0 0
1.84034 0.607595 0 0 0
1.86555 0.607595 0 0 0
1.89076 0.607595 0 0 0
1.91597 0.607595 0 0 0
1.94118 0.607595 0 0 0
1.96639 0.607595 0 0 0
1.9916 0.607595 0 0 0
2.01681 0.607595 1.11282 0 0
2.04202 0.607595 1.11297 -0.000473719 -0.0156611
2.06723 0.607595 1.11315 -0.000919992 -0.0306827
2.09244 0.607595 1.11372 -0.00129454 -0.045066
2.11765 0.607595 1.1141 -0.00158182 -0.058755
2.14286 0.607595 1.11502 -0.00175807 -0.0717462
2.16807 0.607595 1.11555 -0.0018219 -0.0839743
2.19328 0.607595 1.11662 -0.00177894 -0.0954342
2.21849 0.607595 1.11733 -0.00163207 -0.106076
2.2437 0.607595 1.11837 -0.00140517 -0.115892
2.26891 0.607595 1.11923 -0.00110581 -0.124855
2.29412 0.607595 1.12021 -0.000759461 -0.132958
2.31933 0.607595 1.12111 -0.000378426 -0.14019
2.34454 0.607595 1.12203 1.77594e-05 -0.14655
2.36975 0.607595 1.12291 0.00041626 -0.152037
2.39496 0.607595 1.12376 0.000803819 -0.156652
2.42017 0.607595 1.12458 0.00117062 -0.160398
2.44538 0.607595 1.12536 0.00150858 -0.163279
2.47059 0.607595 1.12609 0.00181189 -0.165299
2.4958 0.607595 1.12679 0.00207661 -0.166461
2.52101 0.607595 1.12743 0.00230052 -0.166767
2.54622 0.607595 1.12803 0.00248282 -0.166219
2.57143 0.607595 1.12858 0.00262388 -0.164815
2.59664 0.607595 1.12908 0.00272504 -0.162553
2.62185 0.607595 1.12953 0.0027883 -0.15943
2.64706 0.607595 1.12993 0.00281612 -0.155438
2.67227 0.607595 1.13027 0.00281116 -0.150569
2.69748 0.607595 1.13057 0.00277608 -0.144814
2.72269 0.607595 1.13082 0.00271332 -0.138159
2.7479 0.607595 1.13101 0.00262485 -0.130589
2.77311 0.607595 1.13115 0.00251203 -0.122088
2.79832 0.607595 1.13124 0.00237524 -0.112637
2.82353 0.607595 1.13127 0.00221393 -0.102215
2.84874 0.607595 1.13124 0.00202594 -0.0907998
2.87395 0.607595 1.13116 0.001808 -0.0783671
2.89916 0.607595 1.131 0.00155434 -0.0648913
2.92437 0.607595 1.13079 0.0012581 -0.0503452
2.94958 0.607595 1.13049 0.000908762 -0.0347008
2.97479 0.607595 1.13014 0.000494959 -0.017929
3 0.607595 1.12967 0 0

0 0.632911 1 0.3 0
0.0252101 0.632911 1.42462 0.208947 0.012049
0.0504202 0.632911 1.66712 0.177688 0.0241465
0.0756303 0.632911 1.71105 0.172458 0.035944
0.10084 0.632911 1.71343 0.171332 0.0474627
0.12605 0.632911 1.71307 0.170201 0.0586326
0.151261 0.632911 1.71273 0.168753 0.0693547
0.176471 0.632911 1.71274 0.166929 0.0795379
0.201681 0.632911 1.71358 0.164681 0.0891072
0.226891 0.632911 1.71599 0.161976 0.0980065
0.252101 0.632911 1.72099 0.158796 0.106196
0.277311 0.632911 1.72963 0.155157 0.113643
0.302521 0.632911 1.74257 0.151109 0.120314
0.327731 0.632911 1.75947 0.146738 0.126164
0.352941 0.632911 1.77859 0.142135 0.13115
0.378151 0.632911 1.797 0.137362 0.135241
0.403361 0.632911 1.81136 0.13242 0.138433
0.428571 0.632911 1.81903 0.127251 0.140756
0.453782 0.632911 1.81898 0.12177 0.142269
0.478992 0.632911 1.81181 0.115908 0.143044
0.504202 0.632911 1.79962 0.109644 0.143143
0.529412 0.632911 1.78454 0.103004 0.142613
0.554622 0.632911 1.76935 0.0960592 0.141458
0.579832 0.632911 1.75484 0.0888795 0.139673
0.605042 0.632911 1.74345 0.0815649 0.137212
0.630252 0.632911 1.73325 0.0741607 0.134052
0.655462 0.632911 1.72778 0.0667713 0.130134
0.680672 0.632911 1.72147 0.0594009 0.125443
0.705882 0.632911 1.72153 0.052174 0.119928
0.731092 0.632911 1.71725 0.0450652 0.113572
0.756303 0.632911 1.72195 0.0382281 0.106352
0.781513 0.632911 1.71848 0.0316449 0.0982204
0.806723 0.632911 1.72666 0.0254692 0.0892161
0.831933 0.632911 1.72401 0.019747 0.079231
0.857143 0.632911 1.73328 0.0145702 0.0683832
0.882353 0.632911 1.73187 0.0100728 0.0565189
0.907563 0.632911 1.73941 0.00625573 0.0438
0.932773 0.632911 1.73936 0.0032902 0.0300875
0.957983 0.632911 1.74512 0.00116929 0.015527
0.983193 0.632911 1.74615 0 0
1.0084 0.632911 0 0 0
1.03361 0.632911 0 0 0
1.05882 0.632911 0 0 0
1.08403 0.632911 0 0 0
1.10924 0.632911 0 0 0
1.13445 0.632911 0 0 0
1.15966 0.632911 0 0 0
1.18487 0.632911 0 0 0
1.21008 0.632911 0 0 0
1.23529 0.632911 0 0 0
1.2605 0.632911 0 0 0
1.28571 0.632911 0 0 0
1.31092 0.632911 0 0 0
1.33613 0.632911 0 0 0
1.36134 0.632911 0 0 0
1.38655 0.632911 0 0 0
1.41176 0.632911 0 0 0
1.43697 0.632911 0 0 0
1.46218 0.632911 0 0 0
1.48739 0.632911 0 0 0
1.51261 0.632911 0 0 0
1.53782 0.632911 0 0 0
1.56303 0.632911 0 0 0
1.58824 0.632911 0 0 0
1.61345 0.632911 0 0 0
1.63866 0.632911 0 0 0
1.66387 0.632911 0 0 0
1.68908 0.632911 0 0 0
1.71429 0.632911 0 0 0
1.7395 0.632911 0 0 0
1.76471 0.632911 0 0 0
1.78992 0.632911 0 0 0
1.81513 0.632911 0 0 0
1.84034 0.632911 0 0 0
1.86555 0.632911 0 0 0
1.89076 0.632911 0 0 0
1.91597 0.632911 0 0 0
1.94118 0.632911 0 0 0
1.96639 0.632911 0 0 0
1.9916 0.632911 0 0 0
2.01681 0.632911 1.11516 0 0
2.04202 0.632911 1.11543 -0.000469599 -0.0156417
2.06723 0.632911 1.11558 -0.000899407 -0.0306803
2.09244 0.632911 1.11637 -0.00123677 -0.0451204
2.11765 0.632911 1.11672 -0.0014681 -0.0588776
2.14286 0.632911 1.11791 -0.00156941 -0.0719529
2.16807 0.632911 1.11845 -0.00154109 -0.0842574
2.19328 0.632911 1.11974 -0.00139814 -0.0957889
2.21849 0.632911 1.12051 -0.00114294 -0.106486
2.2437 0.632911 1.12171 -0.0008103 -0.116341
2.26891 0.632911 1.12265 -0.000408142 -0.125326
2.29412 0.632911 1.12373 3.13805e-05 -0.133433
2.31933 0.632911 1.12472 0.000494504 -0.140654
2.34454 0.632911 1.12572 0.000958936 -0.14699
2.36975 0.632911 1.12666 0.00141087 -0.152441
2.39496 0.632911 1.12758 0.00183646 -0.157012
2.42017 0.632911 1.12845 0.00222595 -0.160708
2.44538 0.632911 1.12928 0.00257178 -0.163537
2.47059 0.632911 1.13006 0.00286901 -0.165503
2.4958 0.632911 1.1308 0.00311482 -0.166612
2.52101 0.632911 1.13148 0.00330824 -0.166868
2.54622 0.632911 1.13212 0.00344986 -0.166273
2.57143 0.632911 1.13271 0.00354151 -0.164828
2.59664 0.632911 1.13325 0.00358597 -0.162531
2.62185 0.632911 1.13374 0.00358669 -0.159378
2.64706 0.632911 1.13418 0.00354754 -0.155363
2.67227 0.632911 1.13457 0.00347257 -0.150479
2.69748 0.632911 1.1349 0.00336579 -0.144715
2.72269 0.632911 1.13519 0.00323089 -0.138057
2.7479 0.632911 1.13541 0.00307109 -0.13049
2.77311 0.632911 1.13559 0.0028889 -0.121998
2.79832 0.632911 1.13571 0.00268582 -0.112559
2.82353 0.632911 1.13578 0.00246235 -0.102153
2.84874 0.632911 1.13578 0.00221732 -0.0907557
2.87395 0.632911 1.13573 0.00194834 -0.0783412
2.89916 0.632911 1.13561 0.0016505 -0.0648821
2.92437 0.632911 1.13544 0.00131764 -0.0503495
2.94958 0.632911 1.13517 0.000939784 -0.0347129
2.97479 0.632911 1.13486 0.000506085 -0.0179406
3 0.632911 1.13441 0 0

0 0.658228 1 0.3 0
0.0252101 0.658228 1.42166 0.209394 0.0120722
0.0504202 0.658228 1.66258 0.17817 0.0242637
0.0756303 0.658228 1.70667 0.172851 0.0362532
0.10084 0.658228 1.70883 0.171654 0.0480441
0.12605 0.658228 1.70785 0.170444 0.0595443
0.151261 0.658228 1.70629 0.168914 0.0706273
0.176471 0.658228 1.7039 0.167037 0.0811689
0.201681 0.658228 1.70003 0.164811 0.091057
0.226891 0.658228 1.69378 0.162243 0.1002
0.252101 0.658228 1.68403 0.159331 0.108539
0.277311 0.658228 1.67 0.156048 0.116057
0.302521 0.658228 1.65184 0.152343 0.122785
0.327731 0.658228 1.63115 0.148152 0.128786
0.352941 0.658228 1.61083 0.143431 0.134119
0.378151 0.658228 1.59437 0.138184 0.138802
0.403361 0.658228 1.58469 0.132469 0.142798
0.428571 0.658228 1.5833 0.126389 0.146034
0.453782 0.658228 1.58983 0.120056 0.148439
0.478992 0.658228 1.60255 0.11357 0.14997
0.504202 0.658228 1.61873 0.106992 0.150627
0.529412 0.658228 1.63605 0.10035 0.150434
0.554622 0.658228 1.65212 0.093635 0.149429
0.579832 0.658228 1.66643 0.0868439 0.147634
0.605042 0.658228 1.67739 0.0799538 0.145078
0.630252 0.658228 1.68696 0.0729971 0.141744
0.655462 0.658228 1.69252 0.0659614 0.137639
0.680672 0.658228 1.69919 0.0589418 0.132713
0.705882 0.658228 1.70047 0.0519198 0.126959
0.731092 0.658228 1.70666 0.0450529 0.120316
0.756303 0.658228 1.70432 0.0383034 0.11276
0.781513 0.658228 1.71149 0.0318655 0.104258
0.806723 0.658228 1.70618 0.0257112 0.0947404
0.831933 0.658228 1.71433 0.0200059 0.0842595
0.857143 0.658228 1.70832 0.0148059 0.0726779
0.882353 0.658228 1.71677 0.0101869 0.0601572
0.907563 0.658228 1.71364 0.00633333 0.0465224
0.932773 0.658228 1.72191 0.00324683 0.0319899
0.957983 0.658228 1.72234 0.00112872 0.0164061
0.983193 0.658228 1.7304 0 0
1.0084 0.658228 0 0 0
1.03361 0.658228 0 0 0
1.05882 0.658228 0 0 0
1.08403 0.658228 0 0 0
1.10924 0.658228 0 0 0
1.13445 0.658228 0 0 0
1.15966 0.658228 0 0 0
1.18487 0.658228 0 0 0
1.21008 0.658228 0 0 0
1.23529 0.658228 0 0 0
1.2605 0.658228 0 0 0
1.28571 0.658228 0 0 0
1.31092 0.658228 0 0 0
1.33613 0.658228 0 0 0
1.36134 0.658228 0 0 0
1.38655 0.658228 0 0 0
1.41176 0.658228 0 0 0
1.43697 0.658228 0 0 0
1.46218 0.658228 0 0 0
1.48739 0.658228 0 0 0
1.51261 0.658228 0 0 0
1.53782 0.658228 0 0 0
1.56303 0.658228 0 0 0
1.58824 0.658228 0 0 0
1.61345 0.658228 0 0 0
1.63866 0.658228 0 0 0
1.66387 0.658228 0 0 0
1.68908 0.658228 0 0 0
1.71429 0.658228 0 0 0
1.7395 0.658228 0 0 0
1.76471 0.658228 0 0 0
1.78992 0.658228 0 0 0
1.81513 0.658228 0 0 0
1.84034 0.658228 0 0 0
1.86555 0.658228 0 0 0
1.89076 0.658228 0 0 0
1.91597 0.658228 0 0 0
1.94118 0.658228 0 0 0
1.96639 0.658228 0 0 0
1.9916 0.658228 0 0 0
2.01681 0.658228 1.11723 0 0
2.04202 0.658228 1.11772 -0.00046256 -0.0156388
2.06723 0.658228 1.1178 -0.000867921 -0.0307133
2.09244 0.658228 1.11892 -0.00115347 -0.0452354
2.11765 0.658228 1.1192 -0.00130866 -0.0590812
2.14286 0.658228 1.12075 -0.0013122 -0.0722601
2.16807 0.658228 1.12127 -0.00116533 -0.0846533
2.19328 0.658228 1.12284 -0.000897934 -0.0962631
2.21849 0.658228 1.12368 -0.000510335 -0.107017
2.2437 0.658228 1.12505 -5.1679e-05 -0.116906
2.26891 0.658228 1.1261 0.000470177 -0.125903
2.29412 0.658228 1.12731 0.00101561 -0.134002
2.31933 0.658228 1.12839 0.00156946 -0.141198
2.34454 0.658228 1.12948 0.00210697 -0.147492
2.36975 0.658228 1.13051 0.00261366 -0.152891
2.39496 0.658228 1.1315 0.00307557 -0.157402
2.42017 0.658228 1.13244 0.0034835 -0.161034
2.44538 0.658228 1.13333 0.00383086 -0.163795
2.47059 0.658228 1.13417 0.004114 -0.165694
2.4958 0.658228 1.13495 0.00433157 -0.166738
2.52101 0.658228 1.13568 0.00448422 -0.166933
2.54622 0.658228 1.13636 0.00457417 -0.166283
2.57143 0.658228 1.13698 0.00460493 -0.164788
2.59664 0.658228 1.13755 0.0045809 -0.162449
2.62185 0.658228 1.13807 0.00450714 -0.159262
2.64706 0.658228 1.13853 0.00438907 -0.155221
2.67227 0.658228 1.13894 0.00423226 -0.150319
2.69748 0.658228 1.1393 0.00404212 -0.144544
2.72269 0.658228 1.13961 0.00382376 -0.137884
2.7479 0.658228 1.13986 0.0035817 -0.130322
2.77311 0.658228 1.14007 0.00331974 -0.12184
2.79832 0.658228 1.14022 0.00304056 -0.112418
2.82353 0.658228 1.14031 0.00274583 -0.102033
2.84874 0.658228 1.14035 0.00243544 -0.0906591
2.87395 0.658228 1.14034 0.00210803 -0.0782696
2.89916 0.658228 1.14025 0.00175958 -0.064835
2.92437 0.658228 1.14012 0.00138481 -0.0503244
2.94958 0.658228 1.13989 0.000974422 -0.0347048
2.97479 0.658228 1.13962 0.000518215 -0.0179419
3 0.658228 1.13922 0 0

0 0.683544 1 0.3 0
0.0252101 0.683544 1.41896 0.209807 0.0120977
0.0504202 0.683544 1.6585 0.178617 0.0244044
0.0756303 0.683544 1.7029 0.173204 0.0366314
0.10084 0.683544 1.70531 0.171899 0.0487588
0.12605 0.683544 1.70491 0.170515 0.0606746
0.151261 0.683544 1.70496 0.168717 0.0722403
0.176471 0.683544 1.70626 0.166458 0.0833321
0.201681 0.683544 1.70988 0.163719 0.0938497
0.226891 0.683544 1.71716 0.160509 0.103712
0.252101 0.683544 1.72925 0.156885 0.112845
0.277311 0.683544 1.7464 0.152946 0.121167
0.302521 0.683544 1.76715 0.148817 0.128596
0.327731 0.683544 1.78832 0.144592 0.135062
0.352941 0.683544 1.80576 0.140293 0.140534
0.378151 0.683544 1.81587 0.135851 0.14503
0.403361 0.683544 1.81688 0.131141 0.148613
0.428571 0.683544 1.80937 0.12605 0.15137
0.453782 0.683544 1.79559 0.120518 0.153387
0.478992 0.683544 1.77858 0.114556 0.154722
0.504202 0.683544 1.76112 0.108225 0.155396
0.529412 0.683544 1.74517 0.101604 0.155398
0.554622 0.683544 1.73201 0.0947736 0.154693
0.579832 0.683544 1.72167 0.0877942 0.153243
0.605042 0.683544 1.71468 0.0807277 0.151
0.630252 0.683544 1.7094 0.0735961 0.147937
0.655462 0.683544 1.70745 0.0664658 0.144001
0.680672 0.683544 1.70484 0.0593262 0.13918
0.705882 0.683544 1.70689 0.0522872 0.133411
0.731092 0.683544 1.70471 0.0453034 0.126686
0.756303 0.683544 1.71084 0.0385551 0.118939
0.781513 0.683544 1.70782 0.0319747 0.110147
0.806723 0.683544 1.71839 0.0257955 0.100289
0.831933 0.683544 1.71456 0.0199903 0.0892872
0.857143 0.683544 1.72797 0.0147541 0.0772248
0.882353 0.683544 1.72425 0.0101752 0.063945
0.907563 0.683544 1.73631 0.00630134 0.0496431
0.932773 0.683544 1.73348 0.00331372 0.0341317
0.957983 0.683544 1.7424 0.00117393 0.0176467
0.983193 0.683544 1.74051 0 0
1.0084 0.683544 0 0 0
1.03361 0.683544 0 0 0
1.05882 0.683544 0 0 0
1.08403 0.683544 0 0 0
1.10924 0.683544 0 0 0
1.13445 0.683544 0 0 0
1.15966 0.683544 0 0 0
1.18487 0.683544 0 0 0
1.21008 0.683544 0 0 0
1.23529 0.683544 0 0 0
1.2605 0.683544 0 0 0
1.28571 0.683544 0 0 0
1.31092 0.683544 0 0 0
1.33613 0.683544 0 0 0
1.36134 0.683544 0 0 0
1.38655 0.683544 0 0 0
1.41176 0.683544 0 0 0
1.43697 0.683544 0 0 0
1.46218 0.683544 0 0 0
1.48739 0.683544 0 0 0
1.51261 0.683544 0 0 0
1.53782 0.683544 0 0 0
1.56303 0.683544 0 0 0
1.58824 0.683544 0 0 0
1.61345 0.683544 0 0 0
1.63866 0.683544 0 0 0
1.66387 0.683544 0 0 0
1.68908 0.683544 0 0 0
1.71429 0.683544 0 0 0
1.7395 0.683544 0 0 0
1.76471 0.683544 0 0 0
1.78992 0.683544 0 0 0
1.81513 0.683544 0 0 0
1.84034 0.683544 0 0 0
1.86555 0.683544 0 0 0
1.89076 0.683544 0 0 0
1.91597 0.683544 0 0 0
1.94118 0.683544 0 0 0
1.96639 0.683544 0 0 0
1.9916 0.683544 0 0 0
2.01681 0.683544 1.119 0 0
2.04202 0.683544 1.11981 -0.000451536 -0.0156592
2.06723 0.683544 1.11975 -0.000821703 -0.0307944
2.09244 0.683544 1.12135 -0.00103626 -0.0454309
2.11765 0.683544 1.1215 -0.00108884 -0.05939
2.14286 0.683544 1.12354 -0.000966162 -0.0726942
2.16807 0.683544 1.12402 -0.000668243 -0.085189
2.19328 0.683544 1.12592 -0.000247566 -0.0968817
2.21849 0.683544 1.12684 0.000299866 -0.107689
2.2437 0.683544 1.12841 0.000906754 -0.117604
2.26891 0.683544 1.12957 0.00156576 -0.1266
2.29412 0.683544 1.1309 0.00222941 -0.134673
2.31933 0.683544 1.13209 0.00288126 -0.141824
2.34454 0.683544 1.13327 0.00349467 -0.148058
2.36975 0.683544 1.13437 0.004055 -0.153385
2.39496 0.683544 1.13543 0.00454883 -0.157816
2.42017 0.683544 1.13643 0.00496809 -0.161364
2.44538 0.683544 1.13737 0.00530775 -0.164041
2.47059 0.683544 1.13825 0.00556594 -0.165858
2.4958 0.683544 1.13907 0.00574324 -0.166824
2.52101 0.683544 1.13984 0.00584228 -0.166946
2.54622 0.683544 1.14055 0.00586724 -0.166231
2.57143 0.683544 1.14121 0.00582352 -0.164679
2.59664 0.683544 1.14181 0.00571741 -0.162292
2.62185 0.683544 1.14236 0.00555571 -0.159066
2.64706 0.683544 1.14285 0.00534553 -0.154996
2.67227 0.683544 1.1433 0.00509403 -0.150075
2.69748 0.683544 1.14369 0.00480815 -0.14429
2.72269 0.683544 1.14403 0.00449443 -0.137628
2.7479 0.683544 1.14432 0.00415878 -0.130073
2.77311 0.683544 1.14456 0.00380629 -0.121606
2.79832 0.683544 1.14474 0.00344095 -0.112205
2.82353 0.683544 1.14487 0.0030656 -0.101846
2.84874 0.683544 1.14495 0.00268131 -0.0905024
2.87395 0.683544 1.14497 0.00228781 -0.0781457
2.89916 0.683544 1.14493 0.00188212 -0.0647444
2.92437 0.683544 1.14484 0.00145994 -0.0502654
2.94958 0.683544 1.14465 0.00101282 -0.0346733
2.97479 0.683544 1.14444 0.000531383 -0.0179312
3 0.683544 1.14408 0 0

0 0.708861 1 0.3 0
0.0252101 0.708861 1.41651 0.210188 0.0121139
0.0504202 0.708861 1.65464 0.179053 0.024549
0.0756303 0.708861 1.69885 0.173588 0.0370475
0.10084 0.708861 1.70042 0.172233 0.0495378
0.12605 0.708861 1.69818 0.170796 0.0618506
0.151261 0.708861 1.69458 0.168975 0.0737879
0.176471 0.708861 1.68882 0.166782 0.085167
0.201681 0.708861 1.67961 0.164243 0.0958428
0.226891 0.708861 1.66568 0.161365 0.105729
0.252101 0.708861 1.64663 0.15811 0.114811
0.277311 0.708861 1.62372 0.154411 0.123139
0.302521 0.708861 1.60009 0.150205 0.13078
0.327731 0.708861 1.58001 0.145477 0.137765
0.352941 0.708861 1.56736 0.140284 0.144051
0.378151 0.708861 1.56437 0.134736 0.149538
0.403361 0.708861 1.57089 0.128966 0.154121
0.428571 0.708861 1.58484 0.123085 0.157738
0.453782 0.708861 1.60303 0.117155 0.160385
0.478992 0.708861 1.62232 0.111187 0.162103
0.504202 0.708861 1.64024 0.105153 0.162947
0.529412 0.708861 1.65549 0.0990146 0.162965
0.554622 0.708861 1.66744 0.0927354 0.162189
0.579832 0.708861 1.67659 0.0863033 0.160625
0.605042 0.708861 1.68294 0.0797133 0.158267
0.630252 0.708861 1.68805 0.0730014 0.155081
0.655462 0.708861 1.69082 0.0661765 0.151045
0.680672 0.708861 1.69456 0.0593248 0.14609
0.705882 0.708861 1.69481 0.0524356 0.140196
0.731092 0.708861 1.69935 0.045663 0.133271
0.756303 0.708861 1.69663 0.0389506 0.125297
0.781513 0.708861 1.70345 0.0325324 0.116185
0.806723 0.708861 1.69677 0.0263164 0.105897
0.831933 0.708861 1.70619 0.0205641 0.0944153
0.857143 0.708861 1.69659 0.0152371 0.0816348
0.882353 0.708861 1.70777 0.0105115 0.0676893
0.907563 0.708861 1.69996 0.00652793 0.0524041
0.932773 0.708861 1.71179 0.00332763 0.0360592
0.957983 0.708861 1.70871 0.00115263 0.0184721
0.983193 0.708861 1.72032 0 0
1.0084 0.708861 0 0 0
1.03361 0.708861 0 0 0
1.05882 0.708861 0 0 0
1.08403 0.708861 0 0 0
1.10924 0.708861 0 0 0
1.13445 0.708861 0 0 0
1.15966 0.708861 0 0 0
1.18487 0.708861 0 0 0
1.21008 0.708861 0 0 0
1.23529 0.708861 0 0 0
1.2605 0.708861 0 0 0
1.28571 0.708861 0 0 0
1.31092 0.708861 0 0 0
1.33613 0.708861 0 0 0
1.36134 0.708861 0 0 0
1.38655 0.708861 0 0 0
1.41176 0.708861 0 0 0
1.43697 0.708861 0 0 0
1.46218 0.708861 0 0 0
1.48739 0.708861 0 0 0
1.51261 0.708861 0 0 0
1.53782 0.708861 0 0 0
1.56303 0.708861 0 0 0
1.58824 0.708861 0 0 0
1.61345 0.708861 0 0 0
1.63866 0.708861 0 0 0
1.66387 0.708861 0 0 0
1.68908 0.708861 0 0 0
1.71429 0.708861 0 0 0
1.7395 0.708861 0 0 0
1.76471 0.708861 0 0 0
1.78992 0.708861 0 0 0
1.81513 0.708861 0 0 0
1.84034 0.708861 0 0 0
1.86555 0.708861 0 0 0
1.89076 0.708861 0 0 0
1.91597 0.708861 0 0 0
1.94118 0.708861 0 0 0
1.96639 0.708861 0 0 0
1.9916 0.708861 0 0 0
2.01681 0.708861 1.12038 0 0
2.04202 0.708861 1.12171 -0.000434842 -0.0157116
2.06723 0.708861 1.12141 -0.000754866 -0.0309407
2.09244 0.708861 1.12369 -0.000873194 -0.0457323
2.11765 0.708861 1.12363 -0.000788166 -0.0598348
2.14286 0.708861 1.12629 -0.000503981 -0.073288
2.16807 0.708861 1.12673 -1.53974e-05 -0.0858966
2.19328 0.708861 1.12902 0.00059204 -0.0976733
2.21849 0.708861 1.13003 0.00132954 -0.108527
2.2437 0.708861 1.13181 0.00210793 -0.118453
2.26891 0.708861 1.13311 0.00292073 -0.127428
2.29412 0.708861 1.13456 0.00371297 -0.135454
2.31933 0.708861 1.13586 0.00446721 -0.142536
2.34454 0.708861 1.13713 0.005156 -0.148684
2.36975 0.708861 1.13832 0.00576525 -0.153916
2.39496 0.708861 1.13944 0.00628301 -0.158246
2.42017 0.708861 1.1405 0.00670309 -0.161691
2.44538 0.708861 1.14149 0.00702269 -0.164266
2.47059 0.708861 1.14242 0.0072423 -0.165984
2.4958 0.708861 1.14328 0.00736489 -0.166858
2.52101 0.708861 1.14408 0.00739538 -0.166897
2.54622 0.708861 1.14482 0.00734023 -0.166106
2.57143 0.708861 1.14551 0.00720696 -0.16449
2.59664 0.708861 1.14614 0.00700384 -0.162048
2.62185 0.708861 1.14671 0.00673958 -0.15878
2.64706 0.708861 1.14723 0.00642307 -0.154678
2.67227 0.708861 1.1477 0.00606311 -0.149735
2.69748 0.708861 1.14811 0.00566824 -0.14394
2.72269 0.708861 1.14848 0.0052465 -0.137278
2.7479 0.708861 1.1488 0.00480523 -0.129733
2.77311 0.708861 1.14906 0.00435089 -0.121284
2.79832 0.708861 1.14928 0.00388878 -0.11191
2.82353 0.708861 1.14945 0.00342302 -0.101583
2.84874 0.708861 1.14956 0.00295591 -0.090278
2.87395 0.708861 1.14963 0.00248837 -0.0779627
2.89916 0.708861 1.14963 0.00201856 -0.0646045
2.92437 0.708861 1.14959 0.00154328 -0.050168
2.94958 0.708861 1.14946 0.00105511 -0.0346153
2.97479 0.708861 1.14929 0.000545619 -0.0179067
3 0.708861 1.14899 0 0

0 0.734177 1 0.3 0
0.0252101 0.734177 1.41457 0.2105 0.0121187
0.0504202 0.734177 1.6518 0.179398 0.0247179
0.0756303 0.734177 1.6964 0.173834 0.0375821
0.10084 0.734177 1.69883 0.172289 0.0505777
0.12605 0.734177 1.69893 0.170511 0.0634941
0.151261 0.734177 1.70089 0.168162 0.0761208
0.176471 0.734177 1.70642 0.165249 0.0882827
0.201681 0.734177 1.71725 0.161841 0.0998325
0.226891 0.734177 1.73432 0.158078 0.11063
0.252101 0.734177 1.75665 0.15414 0.120534
0.277311 0.734177 1.78084 0.150191 0.129421
0.302521 0.734177 1.80177 0.146295 0.137221
0.327731 0.734177 1.81459 0.14239 0.143935
0.352941 0.734177 1.81662 0.138314 0.149635
0.378151 0.734177 1.80827 0.133903 0.154433
0.403361 0.734177 1.79236 0.129058 0.158442
0.428571 0.734177 1.77268 0.123772 0.161742
0.453782 0.734177 1.75266 0.118107 0.164364
0.478992 0.734177 1.73473 0.11215 0.1663
0.504202 0.734177 1.7201 0.105978 0.167514
0.529412 0.734177 1.70909 0.0996498 0.167965
0.554622 0.734177 1.70141 0.093202 0.16761
0.579832 0.734177 1.6964 0.0866525 0.16642
0.605042 0.734177 1.69361 0.0800188 0.164358
0.630252 0.734177 1.692 0.0733026 0.1614
0.655462 0.734177 1.69211 0.0665376 0.157499
0.680672 0.734177 1.69176 0.0597136 0.152629
0.705882 0.734177 1.69425 0.0529159 0.146712
0.731092 0.734177 1.69356 0.0461023 0.139728
0.756303 0.734177 1.69953 0.0394512 0.131569
0.781513 0.734177 1.69723 0.0328681 0.122221
0.806723 0.734177 1.70869 0.0266459 0.111589
0.831933 0.734177 1.70427 0.0206789 0.0996341
0.857143 0.734177 1.72137 0.0153009 0.0863667
0.882353 0.734177 1.7155 0.0105126 0.0716645
0.907563 0.734177 1.73342 0.00649351 0.0557196
0.932773 0.734177 1.72709 0.00339479 0.0383316
0.957983 0.734177 1.74101 0.00119064 0.0198368
0.983193 0.734177 1.73496 0 0
1.0084 0.734177 0 0 0
1.03361 0.734177 0 0 0
1.05882 0.734177 0 0 0
1.08403 0.734177 0 0 0
1.10924 0.734177 0 0 0
1.13445 0.734177 0 0 0
1.15966 0.734177 0 0 0
1.18487 0.734177 0 0 0
1.21008 0.734177 0 0 0
1.23529 0.734177 0 0 0
1.2605 0.734177 0 0 0
1.28571 0.734177 0 0 0
1.31092 0.734177 0 0 0
1.33613 0.734177 0 0 0
1.36134 0.734177 0 0 0
1.38655 0.734177 0 0 0
1.41176 0.734177 0 0 0
1.43697 0.734177 0 0 0
1.46218 0.734177 0 0 0
1.48739 0.734177 0 0 0
1.51261 0.734177 0 0 0
1.53782 0.734177 0 0 0
1.56303 0.734177 0 0 0
1.58824 0.734177 0 0 0
1.61345 0.734177 0 0 0
1.63866 0.734177 0 0 0
1.66387 0.734177 0 0 0
1.68908 0.734177 0 0 0
1.71429 0.734177 0 0 0
1.7395 0.734177 0 0 0
1.76471 0.734177 0 0 0
1.78992 0.734177 0 0 0
1.81513 0.734177 0 0 0
1.84034 0.734177 0 0 0
1.86555 0.734177 0 0 0
1.89076 0.734177 0 0 0
1.91597 0.734177 0 0 0
1.94118 0.734177 0 0 0
1.96639 0.734177 0 0 0
1.9916 0.734177 0 0 0
2.01681 0.734177 1.12127 0 0
2.04202 0.734177 1.12337 -0.000410016 -0.0158093
2.06723 0.734177 1.12269 -0.000658978 -0.031176
2.09244 0.734177 1.12595 -0.000647292 -0.0461741
2.11765 0.734177 1.12557 -0.000378032 -0.0604553
2.14286 0.734177 1.12904 0.000111617 -0.0740815
2.16807 0.734177 1.12941 0.000838651 -0.0868141
2.19328 0.734177 1.13213 0.0016712 -0.0986697
2.21849 0.734177 1.13328 0.00263101 -0.109557
2.2437 0.734177 1.13527 0.00360417 -0.119471
2.26891 0.734177 1.13672 0.0045852 -0.128399
2.29412 0.734177 1.1383 0.00551308 -0.136347
2.31933 0.734177 1.1397 0.00636992 -0.14333
2.34454 0.734177 1.14106 0.007129 -0.149366
2.36975 0.734177 1.14232 0.00777783 -0.154475
2.39496 0.734177 1.14351 0.00830706 -0.158679
2.42017 0.734177 1.14461 0.00871324 -0.161998
2.44538 0.734177 1.14565 0.00899659 -0.164452
2.47059 0.734177 1.14661 0.00916051 -0.166056
2.4958 0.734177 1.1475 0.00921084 -0.166824
2.52101 0.734177 1.14833 0.00915519 -0.166767
2.54622 0.734177 1.1491 0.0090025 -0.165892
2.57143 0.734177 1.14981 0.00876263 -0.164203
2.59664 0.734177 1.15046 0.00844598 -0.161702
2.62185 0.734177 1.15106 0.00806324 -0.158386
2.64706 0.734177 1.1516 0.00762512 -0.154251
2.67227 0.734177 1.1521 0.00714215 -0.149287
2.69748 0.734177 1.15254 0.00662445 -0.143482
2.72269 0.734177 1.15294 0.00608159 -0.136823
2.7479 0.734177 1.15328 0.00552232 -0.129291
2.77311 0.734177 1.15358 0.00495454 -0.120865
2.79832 0.734177 1.15384 0.00438486 -0.111523
2.82353 0.734177 1.15404 0.00381874 -0.101237
2.84874 0.734177 1.1542 0.00325975 -0.089978
2.87395 0.734177 1.15431 0.0027101 -0.0777138
2.89916 0.734177 1.15436 0.00216918 -0.0644094
2.92437 0.734177 1.15437 0.00163501 -0.0500274
2.94958 0.734177 1.15429 0.00110134 -0.0345274
2.97479 0.734177 1.15419 0.000560936 -0.0178666
3 0.734177 1.15395 0 0

0 0.759494 1 0.3 0
0.0252101 0.759494 1.41302 0.210763 0.0120872
0.0504202 0.759494 1.64895 0.179749 0.0248632
0.0756303 0.759494 1.69219 0.174194 0.0381339
0.10084 0.759494 1.69169 0.172641 0.0516169
0.12605 0.759494 1.68589 0.170884 0.0649656
0.151261 0.759494 1.67654 0.168666 0.0778614
0.176471 0.759494 1.66205 0.166037 0.0900743
0.201681 0.759494 1.64135 0.16301 0.101498
0.226891 0.759494 1.61531 0.159539 0.112146
0.252101 0.759494 1.58734 0.155562 0.122099
0.277311 0.759494 1.56271 0.151064 0.131407
0.302521 0.759494 1.54653 0.146114 0.140023
0.327731 0.759494 1.54189 0.140856 0.14781
0.352941 0.759494 1.54881 0.135458 0.154619
0.378151 0.759494 1.56469 0.130057 0.160361
0.403361 0.759494 1.58551 0.124718 0.165034
0.428571 0.759494 1.60737 0.119434 0.168701
0.453782 0.759494 1.62731 0.114152 0.171446
0.478992 0.759494 1.6438 0.1088 0.173344
0.504202 0.759494 1.65641 0.103315 0.174445
0.529412 0.759494 1.66556 0.0976586 0.174769
0.554622 0.759494 1.67189 0.0918123 0.174315
0.579832 0.759494 1.67629 0.0857801 0.173062
0.605042 0.759494 1.67922 0.0795725 0.170977
0.630252 0.759494 1.6816 0.0732184 0.168013
0.655462 0.759494 1.68302 0.066731 0.164124
0.680672 0.759494 1.68517 0.060168 0.159236
0.705882 0.759494 1.68546 0.0535237 0.153303
0.731092 0.759494 1.68879 0.0469208 0.146216
0.756303 0.759494 1.68682 0.0403037 0.137942
0.781513 0.759494 1.69285 0.0339102 0.128343
0.806723 0.759494 1.68629 0.0276102 0.117394
0.831933 0.759494 1.69614 0.0217525 0.104985
0.857143 0.759494 1.68391 0.016192 0.091058
0.882353 0.759494 1.69743 0.0112602 0.0756585
0.907563 0.759494 1.68409 0.00699183 0.0586657
0.932773 0.759494 1.70027 0.00356016 0.0403734
0.957983 0.759494 1.69218 0.00122503 0.0206567
0.983193 0.759494 1.7089 0 0
1.0084 0.759494 0 0 0
1.03361 0.759494 0 0 0
1.05882 0.759494 0 0 0
1.08403 0.759494 0 0 0
1.10924 0.759494 0 0 0
1.13445 0.759494 0 0 0
1.15966 0.759494 0 0 0
1.18487 0.759494 0 0 0
1.21008 0.759494 0 0 0
1.23529 0.759494 0 0 0
1.2605 0.759494 0 0 0
1.28571 0.759494 0 0 0
1.31092 0.759494 0 0 0
1.33613 0.759494 0 0 0
1.36134 0.759494 0 0 0
1.38655 0.759494 0 0 0
1.41176 0.759494 0 0 0
1.43697 0.759494 0 0 0
1.46218 0.759494 0 0 0
1.48739 0.759494 0 0 0
1.51261 0.759494 0 0 0
1.53782 0.759494 0 0 0
1.56303 0.759494 0 0 0
1.58824 0.759494 0 0 0
1.61345 0.759494 0 0 0
1.63866 0.759494 0 0 0
1.66387 0.759494 0 0 0
1.68908 0.759494 0 0 0
1.71429 0.759494 0 0 0
1.7395 0.759494 0 0 0
1.76471 0.759494 0 0 0
1.78992 0.759494 0 0 0
1.81513 0.759494 0 0 0
1.84034 0.759494 0 0 0
1.86555 0.759494 0 0 0
1.89076 0.759494 0 0 0
1.91597 0.759494 0 0 0
1.94118 0.759494 0 0 0
1.96639 0.759494 0 0 0
1.9916 0.759494 0 0 0
2.01681 0.759494 1.12158 0 0
2.04202 0.759494 1.12483 -0.000372531 -0.015968
2.06723 0.759494 1.12354 -0.000519333 -0.0315319
2.09244 0.759494 1.12816 -0.000332491 -0.0468002
2.11765 0.759494 1.12733 0.000183035 -0.0613018
2.14286 0.759494 1.13179 0.000932382 -0.075123
2.16807 0.759494 1.13211 0.00195409 -0.0879849
2.19328 0.759494 1.1353 0.00305439 -0.0999054
2.21849 0.759494 1.13663 0.00426876 -0.110802
2.2437 0.759494 1.13882 0.00545772 -0.120672
2.26891 0.759494 1.14043 0.00661678 -0.129517
2.29412 0.759494 1.14214 0.00768163 -0.137352
2.31933 0.759494 1.14366 0.00863499 -0.144201
2.34454 0.759494 1.14509 0.00945295 -0.15009
2.36975 0.759494 1.14642 0.010126 -0.155047
2.39496 0.759494 1.14766 0.0106487 -0.159098
2.42017 0.759494 1.14881 0.0110214 -0.162269
2.44538 0.759494 1.14988 0.0112481 -0.164581
2.47059 0.759494 1.15087 0.0113356 -0.166054
2.4958 0.759494 1.15179 0.0112932 -0.166702
2.52101 0.759494 1.15264 0.0111313 -0.166538
2.54622 0.759494 1.15343 0.0108617 -0.16557
2.57143 0.759494 1.15416 0.0104966 -0.163803
2.59664 0.759494 1.15483 0.0100486 -0.161238
2.62185 0.759494 1.15544 0.00953041 -0.157872
2.64706 0.759494 1.15601 0.00895459 -0.153701
2.67227 0.759494 1.15652 0.00833337 -0.148716
2.69748 0.759494 1.15698 0.00767846 -0.142904
2.72269 0.759494 1.1574 0.00700093 -0.13625
2.7479 0.759494 1.15778 0.00631099 -0.128736
2.77311 0.759494 1.15811 0.00561791 -0.120339
2.79832 0.759494 1.1584 0.00492968 -0.111036
2.82353 0.759494 1.15864 0.00425309 -0.100798
2.84874 0.759494 1.15884 0.00359308 -0.0895945
2.87395 0.759494 1.159 0.00295315 -0.0773919
2.89916 0.759494 1.15911 0.00233406 -0.0641533
2.92437 0.759494 1.15917 0.00173517 -0.0498389
2.94958 0.759494 1.15916 0.00115156 -0.0344061
2.97479 0.759494 1.15912 0.000577333 -0.0178093
3 0.759494 1.15896 0 0

0 0.78481 1 0.3 0
0.0252101 0.78481 1.4127 0.210856 0.0120353
0.0504202 0.78481 1.64883 0.179839 0.0250952
0.0756303 0.78481 1.69322 0.17409 0.0390228
0.10084 0.78481 1.69639 0.172058 0.0533701
0.12605 0.78481 1.69967 0.169506 0.0677155
0.151261 0.78481 1.70869 0.166221 0.0817141
0.176471 0.78481 1.72545 0.162407 0.0950789
0.201681 0.78481 1.74957 0.158359 0.107553
0.226891 0.78481 1.7773 0.154361 0.118923
0.252101 0.78481 1.80216 0.150569 0.129057
0.277311 0.78481 1.8176 0.14694 0.137946
0.302521 0.78481 1.81988 0.143274 0.145689
0.327731 0.78481 1.80947 0.139345 0.152449
0.352941 0.78481 1.79009 0.135016 0.158385
0.378151 0.78481 1.76667 0.130276 0.163606
0.403361 0.78481 1.74343 0.125199 0.168156
0.428571 0.78481 1.72318 0.119887 0.172023
0.453782 0.78481 1.70713 0.114425 0.175167
0.478992 0.78481 1.69543 0.108863 0.177545
0.504202 0.78481 1.68749 0.103221 0.179121
0.529412 0.78481 1.68252 0.0974969 0.17987
0.554622 0.78481 1.67967 0.0916803 0.179774
0.579832 0.78481 1.67829 0.0857567 0.178812
0.605042 0.78481 1.6779 0.0797175 0.176958
0.630252 0.78481 1.67805 0.0735544 0.174178
0.655462 0.78481 1.67888 0.0672788 0.170418
0.680672 0.78481 1.67951 0.0608839 0.16563
0.705882 0.78481 1.68164 0.0544228 0.159722
0.731092 0.78481 1.68193 0.0478644 0.152642
0.756303 0.78481 1.68686 0.0413524 0.144253
0.781513 0.78481 1.68565 0.03479 0.134518
0.806723 0.78481 1.69652 0.0284806 0.123273
0.831933 0.78481 1.69262 0.0222617 0.110491
0.857143 0.78481 1.71212 0.0165963 0.0960845
0.882353 0.78481 1.70533 0.0113861 0.0799736
0.907563 0.78481 1.72982 0.00702931 0.0623082
0.932773 0.78481 1.72057 0.0036253 0.0429053
0.957983 0.78481 1.74125 0.00124415 0.0222207
0.983193 0.78481 1.73061 0 0
1.0084 0.78481 0 0 0
1.03361 0.78481 0 0 0
1.05882 0.78481 0 0 0
1.08403 0.78481 0 0 0
1.10924 0.78481 0 0 0
1.13445 0.78481 0 0 0
1.15966 0.78481 0 0 0
1.18487 0.78481 0 0 0
1.21008 0.78481 0 0 0
1.23529 0.78481 0 0 0
1.2605 0.78481 0 0 0
1.28571 0.78481 0 0 0
1.31092 0.78481 0 0 0
1.33613 0.78481 0 0 0
1.36134 0.78481 0 0 0
1.38655 0.78481 0 0 0
1.41176 0.78481 0 0 0
1.43697 0.78481 0 0 0
1.46218 0.78481 0 0 0
1.48739 0.78481 0 0 0
1.51261 0.78481 0 0 0
1.53782 0.78481 0 0 0
1.56303 0.78481 0 0 0
1.58824 0.78481 0 0 0
1.61345 0.78481 0 0 0
1.63866 0.78481 0 0 0
1.66387 0.78481 0 0 0
1.68908 0.78481 0 0 0
1.71429 0.78481 0 0 0
1.7395 0.78481 0 0 0
1.76471 0.78481 0 0 0
1.78992 0.78481 0 0 0
1.81513 0.78481 0 0 0
1.84034 0.78481 0 0 0
1.86555 0.78481 0 0 0
1.89076 0.78481 0 0 0
1.91597 0.78481 0 0 0
1.94118 0.78481 0 0 0
1.96639 0.78481 0 0 0
1.9916 0.78481 0 0 0
2.01681 0.78481 1.12106 0 0
2.04202 0.78481 1.12593 -0.000316146 -0.0162182
2.06723 0.78481 1.12384 -0.00031583 -0.0320569
2.09244 0.78481 1.13032 0.000108572 -0.0476723
2.11765 0.78481 1.12894 0.000953319 -0.06244
2.14286 0.78481 1.13458 0.0020295 -0.0764711
2.16807 0.78481 1.13491 0.00341014 -0.0894576
2.19328 0.78481 1.13857 0.00482366 -0.101415
2.21849 0.78481 1.14012 0.00632174 -0.112284
2.2437 0.78481 1.14251 0.00774202 -0.122066
2.26891 0.78481 1.1443 0.00908109 -0.130783
2.29412 0.78481 1.14612 0.0102757 -0.13846
2.31933 0.78481 1.14773 0.011311 -0.145133
2.34454 0.78481 1.14924 0.0121683 -0.150839
2.36975 0.78481 1.15062 0.012843 -0.155611
2.39496 0.78481 1.1519 0.0133348 -0.159481
2.42017 0.78481 1.15308 0.0136489 -0.16248
2.44538 0.78481 1.15417 0.0137938 -0.164631
2.47059 0.78481 1.15518 0.0137804 -0.165956
2.4958 0.78481 1.15612 0.0136215 -0.166472
2.52101 0.78481 1.15698 0.0133308 -0.166191
2.54622 0.78481 1.15778 0.0129228 -0.165122
2.57143 0.78481 1.15852 0.0124121 -0.163271
2.59664 0.78481 1.1592 0.0118137 -0.160638
2.62185 0.78481 1.15983 0.0111422 -0.157221
2.64706 0.78481 1.16041 0.010412 -0.153014
2.67227 0.78481 1.16095 0.00963683 -0.148009
2.69748 0.78481 1.16143 0.00883006 -0.142192
2.72269 0.78481 1.16188 0.00800418 -0.135547
2.7479 0.78481 1.16228 0.00717082 -0.128056
2.77311 0.78481 1.16264 0.00634059 -0.119694
2.79832 0.78481 1.16297 0.00552288 -0.110438
2.82353 0.78481 1.16325 0.00472579 -0.100257
2.84874 0.78481 1.1635 0.00395565 -0.0891196
2.87395 0.78481 1.16371 0.00321736 -0.0769902
2.89916 0.78481 1.16386 0.00251311 -0.0638303
2.92437 0.78481 1.16399 0.00184369 -0.049598
2.94958 0.78481 1.16405 0.00120572 -0.0342483
2.97479 0.78481 1.16409 0.000594795 -0.0177328
3 0.78481 1.164 0 0

0 0.810127 1 0.3 0
0.0252101 0.810127 1.41288 0.210896 0.0118888
0.0504202 0.810127 1.64705 0.180062 0.0252456
0.0756303 0.810127 1.68578 0.174465 0.0398127
0.10084 0.810127 1.67823 0.172547 0.0547251
0.12605 0.810127 1.66158 0.170216 0.0693193
0.151261 0.810127 1.63717 0.167278 0.0832104
0.176471 0.810127 1.60563 0.163763 0.0962949
0.201681 0.810127 1.57104 0.159656 0.108649
0.226891 0.810127 1.54025 0.154982 0.120353
0.252101 0.810127 1.52005 0.149867 0.131352
0.277311 0.810127 1.51437 0.144531 0.141456
0.302521 0.810127 1.52299 0.13921 0.150455
0.327731 0.810127 1.54227 0.134075 0.158236
0.352941 0.810127 1.56693 0.129191 0.164819
0.378151 0.810127 1.59209 0.124523 0.170312
0.403361 0.810127 1.61432 0.119976 0.174845
0.428571 0.810127 1.63206 0.115443 0.17853
0.453782 0.810127 1.64512 0.110833 0.181436
0.478992 0.810127 1.65418 0.106086 0.1836
0.504202 0.810127 1.66019 0.10117 0.185027
0.529412 0.810127 1.66411 0.0960757 0.185703
0.554622 0.810127 1.66665 0.0907999 0.185603
0.579832 0.810127 1.66843 0.0853473 0.18469
0.605042 0.810127 1.66972 0.0797217 0.182921
0.630252 0.810127 1.67091 0.0739316 0.180241
0.655462 0.810127 1.67184 0.0679792 0.176592
0.680672 0.810127 1.67322 0.0618884 0.171892
0.705882 0.810127 1.67382 0.0556521 0.166072
0.731092 0.810127 1.67619 0.0493456 0.159009
0.756303 0.810127 1.67535 0.0429237 0.150634
0.781513 0.810127 1.68019 0.0365862 0.140769
0.806723 0.810127 1.67494 0.0301961 0.129368
0.831933 0.810127 1.6842 0.0241459 0.116218
0.857143 0.810127 1.67099 0.0182022 0.101285
0.882353 0.810127 1.68579 0.0128786 0.0844592
0.907563 0.810127 1.66683 0.00804996 0.0657095
0.932773 0.810127 1.68738 0.00414707 0.04524
0.957983 0.810127 1.67288 0.00141615 0.0231465
0.983193 0.810127 1.69636 0 0
1.0084 0.810127 0 0 0
1.03361 0.810127 0 0 0
1.05882 0.810127 0 0 0
1.08403 0.810127 0 0 0
1.10924 0.810127 0 0 0
1.13445 0.810127 0 0 0
1.15966 0.810127 0 0 0
1.18487 0.810127 0 0 0
1.21008 0.810127 0 0 0
1.23529 0.810127 0 0 0
1.2605 0.810127 0 0 0
1.28571 0.810127 0 0 0
1.31092 0.810127 0 0 0
1.33613 0.810127 0 0 0
1.36134 0.810127 0 0 0
1.38655 0.810127 0 0 0
1.41176 0.810127 0 0 0
1.43697 0.810127 0 0 0
1.46218 0.810127 0 0 0
1.48739 0.810127 0 0 0
1.51261 0.810127 0 0 0
1.53782 0.810127 0 0 0
1.56303 0.810127 0 0 0
1.58824 0.810127 0 0 0
1.61345 0.810127 0 0 0
1.63866 0.810127 0 0 0
1.66387 0.810127 0 0 0
1.68908 0.810127 0 0 0
1.71429 0.810127 0 0 0
1.7395 0.810127 0 0 0
1.76471 0.810127 0 0 0
1.78992 0.810127 0 0 0
1.81513 0.810127 0 0 0
1.84034 0.810127 0 0 0
1.86555 0.810127 0 0 0
1.89076 0.810127 0 0 0
1.91597 0.810127 0 0 0
1.94118 0.810127 0 0 0
1.96639 0.810127 0 0 0
1.9916 0.810127 0 0 0
2.01681 0.810127 1.11974 0 0
2.04202 0.810127 1.12701 -0.000226563 -0.0165882
2.06723 0.810127 1.12366 -6.39744e-06 -0.0328111
2.09244 0.810127 1.1326 0.000739058 -0.048866
2.11765 0.810127 1.13052 0.00202143 -0.0639496
2.14286 0.810127 1.13747 0.00350425 -0.0781921
2.16807 0.810127 1.13791 0.00531223 -0.0912823
2.19328 0.810127 1.142 0.00708289 -0.10323
2.21849 0.810127 1.14384 0.00888523 -0.114017
2.2437 0.810127 1.14639 0.0105416 -0.123652
2.26891 0.810127 1.14835 0.0120505 -0.132183
2.29412 0.810127 1.15027 0.0133555 -0.13965
2.31933 0.810127 1.15197 0.0144468 -0.146102
2.34454 0.810127 1.15353 0.015314 -0.151584
2.36975 0.810127 1.15495 0.015959 -0.156137
2.39496 0.810127 1.15625 0.0163883 -0.1598
2.42017 0.810127 1.15745 0.0166128 -0.162603
2.44538 0.810127 1.15855 0.016646 -0.164575
2.47059 0.810127 1.15956 0.0165035 -0.165738
2.4958 0.810127 1.1605 0.0162015 -0.166109
2.52101 0.810127 1.16137 0.0157571 -0.165702
2.54622 0.810127 1.16217 0.0151875 -0.164527
2.57143 0.810127 1.16292 0.0145099 -0.162587
2.59664 0.810127 1.16361 0.0137412 -0.159884
2.62185 0.810127 1.16424 0.0128979 -0.156415
2.64706 0.810127 1.16483 0.0119961 -0.152174
2.67227 0.810127 1.16538 0.0110512 -0.147152
2.69748 0.810127 1.16588 0.0100778 -0.141333
2.72269 0.810127 1.16635 0.00908991 -0.134703
2.7479 0.810127 1.16678 0.00810046 -0.12724
2.77311 0.810127 1.16717 0.0071214 -0.118921
2.79832 0.810127 1.16753 0.00616342 -0.10972
2.82353 0.810127 1.16786 0.00523599 -0.0996059
2.84874 0.810127 1.16815 0.00434683 -0.0885456
2.87395 0.810127 1.16841 0.00350225 -0.0765019
2.89916 0.810127 1.16863 0.002706 -0.0634347
2.92437 0.810127 1.16882 0.00196039 -0.0493
2.94958 0.810127 1.16895 0.00126373 -0.0340506
2.97479 0.810127 1.16907 0.000613287 -0.0176354
3 0.810127 1.16908 0 0

0 0.835443 1 0.3 0
0.0252101 0.835443 1.41673 0.210439 0.0117604
0.0504202 0.835443 1.65443 0.179395 0.0258372
0.0756303 0.835443 1.69906 0.17315 0.0418426
0.10084 0.835443 1.70809 0.169927 0.0584513
0.12605 0.835443 1.72424 0.165935 0.0747957
0.151261 0.835443 1.75088 0.161448 0.0902505
0.176471 0.835443 1.78331 0.157017 0.104371
0.201681 0.835443 1.81252 0.152974 0.116926
0.226891 0.835443 1.82949 0.149311 0.127918
0.252101 0.835443 1.82951 0.145764 0.137539
0.277311 0.835443 1.814 0.142029 0.146065
0.302521 0.835443 1.78851 0.13794 0.153742
0.327731 0.835443 1.75958 0.133507 0.160723
0.352941 0.835443 1.73229 0.128841 0.167056
0.378151 0.835443 1.70956 0.124071 0.172721
0.403361 0.835443 1.69233 0.119284 0.177666
0.428571 0.835443 1.6803 0.114518 0.181848
0.453782 0.835443 1.6725 0.109773 0.185238
0.478992 0.835443 1.66783 0.105022 0.187824
0.504202 0.835443 1.66528 0.100229 0.189602
0.529412 0.835443 1.6641 0.095359 0.19057
0.554622 0.835443 1.66373 0.0903812 0.190715
0.579832 0.835443 1.66388 0.085271 0.190017
0.605042 0.835443 1.6643 0.0800097 0.188442
0.630252 0.835443 1.66492 0.0745833 0.185944
0.655462 0.835443 1.66575 0.0689856 0.18246
0.680672 0.835443 1.6666 0.0632057 0.177918
0.705882 0.835443 1.66813 0.0572605 0.172218
0.731092 0.835443 1.66893 0.0511234 0.16527
0.756303 0.835443 1.67249 0.0448777 0.156916
0.781513 0.835443 1.67243 0.0384359 0.147068
0.806723 0.835443 1.68151 0.0320457 0.135505
0.831933 0.835443 1.6791 0.0255194 0.122155
0.857143 0.835443 1.69896 0.019373 0.106816
0.882353 0.835443 1.6933 0.0134367 0.0893935
0.907563 0.835443 1.72394 0.00836251 0.0699658
0.932773 0.835443 1.7146 0.00425877 0.0483135
0.957983 0.835443 1.74342 0.00141341 0.0251106
0.983193 0.835443 1.72975 0 0
1.0084 0.835443 0 0 0
1.03361 0.835443 0 0 0
1.05882 0.835443 0 0 0
1.08403 0.835443 0 0 0
1.10924 0.835443 0 0 0
1.13445 0.835443 0 0 0
1.15966 0.835443 0 0 0
1.18487 0.835443 0 0 0
1.21008 0.835443 0 0 0
1.23529 0.835443 0 0 0
1.2605 0.835443 0 0 0
1.28571 0.835443 0 0 0
1.31092 0.835443 0 0 0
1.33613 0.835443 0 0 0
1.36134 0.835443 0 0 0
1.38655 0.835443 0 0 0
1.41176 0.835443 0 0 0
1.43697 0.835443 0 0 0
1.46218 0.835443 0 0 0
1.48739 0.835443 0 0 0
1.51261 0.835443 0 0 0
1.53782 0.835443 0 0 0
1.56303 0.835443 0 0 0
1.58824 0.835443 0 0 0
1.61345 0.835443 0 0 0
1.63866 0.835443 0 0 0
1.66387 0.835443 0 0 0
1.68908 0.835443 0 0 0
1.71429 0.835443 0 0 0
1.7395 0.835443 0 0 0
1.76471 0.835443 0 0 0
1.78992 0.835443 0 0 0
1.81513 0.835443 0 0 0
1.84034 0.835443 0 0 0
1.86555 0.835443 0 0 0
1.89076 0.835443 0 0 0
1.91597 0.835443 0 0 0
1.94118 0.835443 0 0 0
1.96639 0.835443 0 0 0
1.9916 0.835443 0 0 0
2.01681 0.835443 1.11681 0 0
2.04202 0.835443 1.12726 -8.70792e-05 -0.0171631
2.06723 0.835443 1.1226 0.00045951 -0.033905
2.09244 0.835443 1.13479 0.00164619 -0.0504976
2.11765 0.835443 1.1321 0.00350798 -0.0659362
2.14286 0.835443 1.14048 0.00549297 -0.0803638
2.16807 0.835443 1.14121 0.00779553 -0.0935079
2.19328 0.835443 1.14567 0.00995944 -0.105374
2.21849 0.835443 1.14784 0.0120707 -0.116
2.2437 0.835443 1.15053 0.0139505 -0.125415
2.26891 0.835443 1.15265 0.0156016 -0.133693
2.29412 0.835443 1.15463 0.0169816 -0.140891
2.31933 0.835443 1.15638 0.0180892 -0.147072
2.34454 0.835443 1.15797 0.018925 -0.152289
2.36975 0.835443 1.15941 0.0194995 -0.15659
2.39496 0.835443 1.16071 0.0198271 -0.160017
2.42017 0.835443 1.1619 0.0199249 -0.162605
2.44538 0.835443 1.163 0.0198122 -0.164381
2.47059 0.835443 1.16401 0.0195086 -0.165369
2.4958 0.835443 1.16493 0.0190343 -0.165587
2.52101 0.835443 1.16579 0.0184095 -0.165049
2.54622 0.835443 1.16659 0.017654 -0.163762
2.57143 0.835443 1.16733 0.016787 -0.161732
2.59664 0.835443 1.16802 0.0158276 -0.158959
2.62185 0.835443 1.16866 0.0147938 -0.155439
2.64706 0.835443 1.16926 0.0137033 -0.151166
2.67227 0.835443 1.16981 0.0125728 -0.14613
2.69748 0.835443 1.17033 0.0114183 -0.140315
2.72269 0.835443 1.17081 0.0102551 -0.133704
2.7479 0.835443 1.17127 0.00909728 -0.126277
2.77311 0.835443 1.17169 0.00795805 -0.11801
2.79832 0.835443 1.17208 0.00684943 -0.108873
2.82353 0.835443 1.17245 0.00578217 -0.0988365
2.84874 0.835443 1.17279 0.00476545 -0.0878652
2.87395 0.835443 1.17311 0.003807 -0.0759206
2.89916 0.835443 1.17339 0.00291218 -0.0629611
2.92437 0.835443 1.17366 0.00208494 -0.0489406
2.94958 0.835443 1.17387 0.00132542 -0.0338099
2.97479 0.835443 1.17407 0.000632758 -0.0175154
3 0.835443 1.17417 0 0

0 0.860759 1 0.3 0
0.0252101 0.860759 1.42057 0.210062 0.0113767
0.0504202 0.860759 1.64969 0.179552 0.02606
0.0756303 0.860759 1.66967 0.173832 0.0428873
0.10084 0.860759 1.63834 0.170928 0.0596956
0.12605 0.860759 1.59466 0.167122 0.0757322
0.151261 0.860759 1.54769 0.162361 0.0909381
0.176471 0.860759 1.50756 0.156859 0.105406
0.201681 0.860759 1.48328 0.15094 0.119038
0.226891 0.860759 1.4789 0.144998 0.131542
0.252101 0.860759 1.49255 0.139378 0.142638
0.277311 0.860759 1.51822 0.134278 0.152236
0.302521 0.860759 1.54868 0.129722 0.160441
0.327731 0.860759 1.57796 0.125606 0.167464
0.352941 0.860759 1.6025 0.121767 0.17351
0.378151 0.860759 1.62111 0.11805 0.178737
0.403361 0.860759 1.63415 0.114339 0.183235
0.428571 0.860759 1.64276 0.110561 0.187048
0.453782 0.860759 1.64819 0.106676 0.190183
0.478992 0.860759 1.65157 0.102667 0.192631
0.504202 0.860759 1.65366 0.0985225 0.194372
0.529412 0.860759 1.65504 0.0942352 0.195378
0.554622 0.860759 1.656 0.0897958 0.195618
0.579832 0.860759 1.6568 0.085194 0.195053
0.605042 0.860759 1.65747 0.0804179 0.193637
0.630252 0.860759 1.65817 0.0754562 0.191315
0.655462 0.860759 1.65885 0.0702959 0.188019
0.680672 0.860759 1.65975 0.0649315 0.183663
0.705882 0.860759 1.66043 0.0593456 0.178158
0.731092 0.860759 1.662 0.053562 0.171369
0.756303 0.860759 1.66201 0.0475368 0.16319
0.781513 0.860759 1.6655 0.0413959 0.153406
0.806723 0.860759 1.66215 0.035004 0.141921
0.831933 0.860759 1.67006 0.028727 0.128409
0.857143 0.860759 1.6577 0.0222589 0.112818
0.882353 0.860759 1.67275 0.0162824 0.0947683
0.907563 0.860759 1.64858 0.0104441 0.0743262
0.932773 0.860759 1.67324 0.00560755 0.0513445
0.957983 0.860759 1.64981 0.00192179 0.0264154
0.983193 0.860759 1.68344 0 0
1.0084 0.860759 0 0 0
1.03361 0.860759 0 0 0
1.05882 0.860759 0 0 0
1.08403 0.860759 0 0 0
1.10924 0.860759 0 0 0
1.13445 0.860759 0 0 0
1.15966 0.860759 0 0 0
1.18487 0.860759 0 0 0
1.21008 0.860759 0 0 0
1.23529 0.860759 0 0 0
1.2605 0.860759 0 0 0
1.28571 0.860759 0 0 0
1.31092 0.860759 0 0 0
1.33613 0.860759 0 0 0
1.36134 0.860759 0 0 0
1.38655 0.860759 0 0 0
1.41176 0.860759 0 0 0
1.43697 0.860759 0 0 0
1.46218 0.860759 0 0 0
1.48739 0.860759 0 0 0
1.51261 0.860759 0 0 0
1.53782 0.860759 0 0 0
1.56303 0.860759 0 0 0
1.58824 0.860759 0 0 0
1.61345 0.860759 0 0 0
1.63866 0.860759 0 0 0
1.66387 0.860759 0 0 0
1.68908 0.860759 0 0 0
1.71429 0.860759 0 0 0
1.7395 0.860759 0 0 0
1.76471 0.860759 0 0 0
1.78992 0.860759 0 0 0
1.81513 0.860759 0 0 0
1.84034 0.860759 0 0 0
1.86555 0.860759 0 0 0
1.89076 0.860759 0 0 0
1.91597 0.860759 0 0 0
1.94118 0.860759 0 0 0
1.96639 0.860759 0 0 0
1.9916 0.860759 0 0 0
2.01681 0.860759 1.11315 0 0
2.04202 0.860759 1.1286 0.000152965 -0.0179887
2.06723 0.860759 1.12146 0.00121656 -0.0354496
2.09244 0.860759 1.13763 0.00299807 -0.0526858
2.11765 0.860759 1.1342 0.00560985 -0.0685071
2.14286 0.860759 1.14386 0.00819412 -0.0830559
2.16807 0.860759 1.14505 0.011039 -0.0961654
2.19328 0.860759 1.14973 0.0136087 -0.107847
2.21849 0.860759 1.15224 0.0160051 -0.118211
2.2437 0.860759 1.15501 0.0180685 -0.127316
2.26891 0.860759 1.15723 0.0198105 -0.135265
2.29412 0.860759 1.15925 0.0212098 -0.142132
2.31933 0.860759 1.16102 0.0222777 -0.147992
2.34454 0.860759 1.1626 0.0230282 -0.152905
2.36975 0.860759 1.16401 0.0234816 -0.156925
2.39496 0.860759 1.1653 0.0236608 -0.160093
2.42017 0.860759 1.16646 0.0235896 -0.162447
2.44538 0.860759 1.16753 0.0232924 -0.164015
2.47059 0.860759 1.16851 0.0227932 -0.16482
2.4958 0.860759 1.16942 0.0221156 -0.164879
2.52101 0.860759 1.17026 0.0212824 -0.164205
2.54622 0.860759 1.17104 0.0203158 -0.162806
2.57143 0.860759 1.17176 0.0192369 -0.160686
2.59664 0.860759 1.17244 0.0180663 -0.157844
2.62185 0.860759 1.17308 0.0168236 -0.154276
2.64706 0.860759 1.17368 0.0155275 -0.149975
2.67227 0.860759 1.17424 0.0141962 -0.144929
2.69748 0.860759 1.17477 0.0128467 -0.139124
2.72269 0.860759 1.17527 0.0114953 -0.132541
2.7479 0.860759 1.17574 0.0101574 -0.125158
2.77311 0.860759 1.17619 0.00884728 -0.11695
2.79832 0.860759 1.17662 0.0075782 -0.107888
2.82353 0.860759 1.17703 0.00636221 -0.0979409
2.84874 0.860759 1.17742 0.00520987 -0.0870714
2.87395 0.860759 1.1778 0.00413041 -0.0752403
2.89916 0.860759 1.17815 0.00313084 -0.0624042
2.92437 0.860759 1.17848 0.00221685 -0.0485156
2.94958 0.860759 1.17878 0.00139056 -0.0335233
2.97479 0.860759 1.17907 0.000653136 -0.0173713
3 0.860759 1.17928 0 0

0 0.886076 1 0.3 0
0.0252101 0.886076 1.43811 0.207764 0.0114771
0.0504202 0.886076 1.68681 0.176008 0.0287764
0.0756303 0.886076 1.74126 0.168224 0.0491662
0.10084 0.886076 1.77398 0.162825 0.0689798
0.12605 0.886076 1.8132 0.157467 0.086786
0.151261 0.886076 1.84609 0.152745 0.1021
0.176471 0.886076 1.85968 0.148698 0.115098
0.201681 0.886076 1.85001 0.144909 0.126296
0.226891 0.886076 1.82224 0.140974 0.136251
0.252101 0.886076 1.78566 0.136747 0.14537
0.277311 0.886076 1.74874 0.132323 0.153847
0.302521 0.886076 1.71679 0.127878 0.161718
0.327731 0.886076 1.69204 0.123559 0.168932
0.352941 0.886076 1.67449 0.119434 0.175425
0.378151 0.886076 1.66301 0.115507 0.181157
0.403361 0.886076 1.65605 0.111738 0.186111
0.428571 0.886076 1.6522 0.108068 0.190296
0.453782 0.886076 1.65029 0.104438 0.193723
0.478992 0.886076 1.64956 0.100793 0.196404
0.504202 0.886076 1.64944 0.0970888 0.198343
0.529412 0.886076 1.64966 0.0932895 0.199531
0.554622 0.886076 1.65001 0.0893652 0.199951
0.579832 0.886076 1.65046 0.0852911 0.199572
0.605042 0.886076 1.65091 0.0810449 0.198353
0.630252 0.886076 1.65142 0.0766059 0.19624
0.655462 0.886076 1.65195 0.0719541 0.193163
0.680672 0.886076 1.65258 0.0670676 0.189042
0.705882 0.886076 1.65345 0.06193 0.183769
0.731092 0.886076 1.65427 0.0565078 0.177229
0.756303 0.886076 1.65639 0.0508107 0.169255
0.781513 0.886076 1.65712 0.0447573 0.159699
0.806723 0.886076 1.66349 0.0384682 0.1483
0.831933 0.886076 1.66307 0.0317514 0.13488
0.857143 0.886076 1.68051 0.0250093 0.11912
0.882353 0.886076 1.67835 0.0180399 0.100748
0.907563 0.886076 1.71266 0.0116075 0.0797519
0.932773 0.886076 1.70957 0.00603686 0.055552
0.957983 0.886076 1.74741 0.00195952 0.0293317
0.983193 0.886076 1.73681 0 0
1.0084 0.886076 0 0 0
1.03361 0.886076 0 0 0
1.05882 0.886076 0 0 0
1.08403 0.886076 0 0 0
1.10924 0.886076 0 0 0
1.13445 0.886076 0 0 0
1.15966 0.886076 0 0 0
1.18487 0.886076 0 0 0
1.21008 0.886076 0 0 0
1.23529 0.886076 0 0 0
1.2605 0.886076 0 0 0
1.28571 0.886076 0 0 0
1.31092 0.886076 0 0 0
1.33613 0.886076 0 0 0
1.36134 0.886076 0 0 0
1.38655 0.886076 0 0 0
1.41176 0.886076 0 0 0
1.43697 0.886076 0 0 0
1.46218 0.886076 0 0 0
1.48739 0.886076 0 0 0
1.51261 0.886076 0 0 0
1.53782 0.886076 0 0 0
1.56303 0.886076 0 0 0
1.58824 0.886076 0 0 0
1.61345 0.886076 0 0 0
1.63866 0.886076 0 0 0
1.66387 0.886076 0 0 0
1.68908 0.886076 0 0 0
1.71429 0.886076 0 0 0
1.7395 0.886076 0 0 0
1.76471 0.886076 0 0 0
1.78992 0.886076 0 0 0
1.81513 0.886076 0 0 0
1.84034 0.886076 0 0 0
1.86555 0.886076 0 0 0
1.89076 0.886076 0 0 0
1.91597 0.886076 0 0 0
1.94118 0.886076 0 0 0
1.96639 0.886076 0 0 0
1.9916 0.886076 0 0 0
2.01681 0.886076 1.10552 0 0
2.04202 0.886076 1.12724 0.000539268 -0.0193428
2.06723 0.886076 1.11859 0.00239539 -0.0377251
2.09244 0.886076 1.13998 0.00500291 -0.0556587
2.11765 0.886076 1.1366 0.00856794 -0.0718142
2.14286 0.886076 1.14747 0.0118512 -0.0863429
2.16807 0.886076 1.14946 0.015252 -0.0992649
2.19328 0.886076 1.15426 0.0182016 -0.110618
2.21849 0.886076 1.1571 0.0208199 -0.120594
2.2437 0.886076 1.15989 0.0229913 -0.129289
2.26891 0.886076 1.16216 0.0247441 -0.136828
2.29412 0.886076 1.16415 0.0260844 -0.143304
2.31933 0.886076 1.16588 0.0270395 -0.148797
2.34454 0.886076 1.16741 0.0276379 -0.153374
2.36975 0.886076 1.16878 0.0279106 -0.157086
2.39496 0.886076 1.17001 0.0278884 -0.15998
2.42017 0.886076 1.17112 0.0276014 -0.162088
2.44538 0.886076 1.17214 0.0270785 -0.16344
2.47059 0.886076 1.17308 0.0263474 -0.164057
2.4958 0.886076 1.17395 0.0254344 -0.163955
2.52101 0.886076 1.17475 0.0243646 -0.163146
2.54622 0.886076 1.1755 0.0231618 -0.161636
2.57143 0.886076 1.17621 0.0218488 -0.159428
2.59664 0.886076 1.17687 0.0204471 -0.156521
2.62185 0.886076 1.17749 0.0189777 -0.15291
2.64706 0.886076 1.17809 0.0174601 -0.148587
2.67227 0.886076 1.17865 0.0159135 -0.143538
2.69748 0.886076 1.17918 0.0143559 -0.13775
2.72269 0.886076 1.1797 0.0128045 -0.131202
2.7479 0.886076 1.18019 0.0112756 -0.123872
2.77311 0.886076 1.18067 0.00978475 -0.115734
2.79832 0.886076 1.18113 0.0083462 -0.106758
2.82353 0.886076 1.18159 0.00697327 -0.0969121
2.84874 0.886076 1.18203 0.00567794 -0.086158
2.87395 0.886076 1.18246 0.00447093 -0.0744554
2.89916 0.886076 1.18288 0.00336095 -0.0617595
2.92437 0.886076 1.18329 0.00235551 -0.0480214
2.94958 0.886076 1.18368 0.00145885 -0.0331881
2.97479 0.886076 1.18406 0.000674331 -0.0172016
3 0.886076 1.18439 0 0

0 0.911392 1 0.3 0
0.0252101 0.911392 1.44477 0.206768 0.0104714
0.0504202 0.911392 1.63053 0.176647 0.028486
0.0756303 0.911392 1.58375 0.169325 0.0492177
0.10084 0.911392 1.5079 0.16278 0.0689978
0.12605 0.911392 1.45154 0.155109 0.0876239
0.151261 0.911392 1.42605 0.147227 0.104733
0.176471 0.911392 1.43074 0.139956 0.119857
0.201681 0.911392 1.45738 0.133741 0.13278
0.226891 0.911392 1.49496 0.128664 0.143666
0.252101 0.911392 1.53371 0.124553 0.15291
0.277311 0.911392 1.56736 0.121129 0.160926
0.302521 0.911392 1.59331 0.118119 0.168032
0.327731 0.911392 1.61162 0.115318 0.17442
0.352941 0.911392 1.62365 0.112593 0.180184
0.378151 0.911392 1.63119 0.109873 0.185356
0.403361 0.911392 1.63575 0.107122 0.189932
0.428571 0.911392 1.63852 0.104318 0.193896
0.453782 0.911392 1.64023 0.101447 0.197228
0.478992 0.911392 1.64137 0.098495 0.199907
0.504202 0.911392 1.64217 0.095444 0.201907
0.529412 0.911392 1.64281 0.0922766 0.203205
0.554622 0.911392 1.6433 0.088973 0.20377
0.579832 0.911392 1.64374 0.0855136 0.203565
0.605042 0.911392 1.64409 0.0818771 0.202544
0.630252 0.911392 1.64445 0.0780418 0.200652
0.655462 0.911392 1.64476 0.0739833 0.19782
0.680672 0.911392 1.64518 0.0696774 0.193964
0.705882 0.911392 1.64554 0.0650912 0.188984
0.731092 0.911392 1.64632 0.0602059 0.182747
0.756303 0.911392 1.64652 0.0549611 0.175123
0.781513 0.911392 1.64865 0.0493943 0.165876
0.806723 0.911392 1.64683 0.0433458 0.15487
0.831933 0.911392 1.65306 0.0370806 0.141654
0.857143 0.911392 1.6427 0.0301684 0.126157
0.882353 0.911392 1.65789 0.023401 0.107533
0.907563 0.911392 1.62863 0.0159679 0.0859668
0.932773 0.911392 1.65886 0.00942807 0.0602005
0.957983 0.911392 1.6178 0.00335714 0.0318022
0.983193 0.911392 1.6729 0 0
1.0084 0.911392 0 0 0
1.03361 0.911392 0 0 0
1.05882 0.911392 0 0 0
1.08403 0.911392 0 0 0
1.10924 0.911392 0 0 0
1.13445 0.911392 0 0 0
1.15966 0.911392 0 0 0
1.18487 0.911392 0 0 0
1.21008 0.911392 0 0 0
1.23529 0.911392 0 0 0
1.2605 0.911392 0 0 0
1.28571 0.911392 0 0 0
1.31092 0.911392 0 0 0
1.33613 0.911392 0 0 0
1.36134 0.911392 0 0 0
1.38655 0.911392 0 0 0
1.41176 0.911392 0 0 0
1.43697 0.911392 0 0 0
1.46218 0.911392 0 0 0
1.48739 0.911392 0 0 0
1.51261 0.911392 0 0 0
1.53782 0.911392 0 0 0
1.56303 0.911392 0 0 0
1.58824 0.911392 0 0 0
1.61345 0.911392 0 0 0
1.63866 0.911392 0 0 0
1.66387 0.911392 0 0 0
1.68908 0.911392 0 0 0
1.71429 0.911392 0 0 0
1.7395 0.911392 0 0 0
1.76471 0.911392 0 0 0
1.78992 0.911392 0 0 0
1.81513 0.911392 0 0 0
1.84034 0.911392 0 0 0
1.86555 0.911392 0 0 0
1.89076 0.911392 0 0 0
1.91597 0.911392 0 0 0
1.94118 0.911392 0 0 0
1.96639 0.911392 0 0 0
1.9916 0.911392 0 0 0
2.01681 0.911392 1.09941 0 0
2.04202 0.911392 1.1326 0.00126365 -0.0212516
2.06723 0.911392 1.11837 0.00446499 -0.0408929
2.09244 0.911392 1.14505 0.00814076 -0.0595287
2.11765 0.911392 1.14128 0.0128246 -0.0759099
2.14286 0.911392 1.15239 0.0168299 -0.0902082
2.16807 0.911392 1.15506 0.0207069 -0.102735
2.19328 0.911392 1.15966 0.0239306 -0.11359
2.21849 0.911392 1.16261 0.0266452 -0.123042
2.2437 0.911392 1.1653 0.0288009 -0.131225
2.26891 0.911392 1.16749 0.0304505 -0.138283
2.29412 0.911392 1.16938 0.0316292 -0.144317
2.31933 0.911392 1.171 0.0323821 -0.149409
2.34454 0.911392 1.17243 0.032751 -0.153625
2.36975 0.911392 1.1737 0.0327763 -0.157016
2.39496 0.911392 1.17484 0.0324955 -0.159625
2.42017 0.911392 1.17588 0.0319434 -0.161484
2.44538 0.911392 1.17682 0.0311525 -0.162618
2.47059 0.911392 1.1777 0.030153 -0.163048
2.4958 0.911392 1.17851 0.028973 -0.162787
2.52101 0.911392 1.17927 0.0276391 -0.161846
2.54622 0.911392 1.17998 0.0261761 -0.16023
2.57143 0.911392 1.18066 0.0246077 -0.15794
2.59664 0.911392 1.18129 0.0229564 -0.154974
2.62185 0.911392 1.1819 0.0212436 -0.151327
2.64706 0.911392 1.18248 0.0194899 -0.146988
2.67227 0.911392 1.18304 0.0177149 -0.141945
2.69748 0.911392 1.18357 0.0159373 -0.136182
2.72269 0.911392 1.1841 0.0141751 -0.129678
2.7479 0.911392 1.18461 0.0124456 -0.122411
2.77311 0.911392 1.18511 0.0107651 -0.114354
2.79832 0.911392 1.18561 0.00914902 -0.105476
2.82353 0.911392 1.18611 0.00761189 -0.0957438
2.84874 0.911392 1.1866 0.00616703 -0.0851194
2.87395 0.911392 1.18709 0.00482664 -0.0735609
2.89916 0.911392 1.18758 0.00360123 -0.0610228
2.92437 0.911392 1.18807 0.00250016 -0.0474545
2.94958 0.911392 1.18855 0.00152994 -0.0328018
2.97479 0.911392 1.18904 0.000696235 -0.0170049
3 0.911392 1.18948 0 0

0 0.936709 1 0.3 0
0.0252101 0.936709 1.54406 0.195431 0.0155449
0.0504202 0.936709 1.84914 0.161538 0.0428862
0.0756303 0.936709 1.91781 0.152736 0.0680436
0.10084 0.936709 1.94213 0.147032 0.0869511
0.12605 0.936709 1.9283 0.142395 0.101464
0.151261 0.936709 1.8853 0.137935 0.113448
0.176471 0.936709 1.82925 0.13329 0.124193
0.201681 0.936709 1.77405 0.128565 0.134289
0.226891 0.936709 1.72748 0.124035 0.143885
0.252101 0.936709 1.69218 0.119908 0.152924
0.277311 0.936709 1.66766 0.11626 0.161306
0.302521 0.936709 1.65192 0.113065 0.168964
0.327731 0.936709 1.64263 0.110241 0.175874
0.352941 0.936709 1.63764 0.107688 0.182046
0.378151 0.936709 1.63532 0.105312 0.187508
0.403361 0.936709 1.63451 0.103032 0.192285
0.428571 0.936709 1.63452 0.100787 0.196397
0.453782 0.936709 1.63488 0.0985259 0.199853
0.478992 0.936709 1.63539 0.0962124 0.202651
0.504202 0.936709 1.6359 0.0938161 0.20478
0.529412 0.936709 1.63637 0.0913119 0.206223
0.554622 0.936709 1.63673 0.0886769 0.206952
0.579832 0.936709 1.63704 0.0858898 0.206932
0.605042 0.936709 1.63724 0.0829283 0.20612
0.630252 0.936709 1.6374 0.0797695 0.204461
0.655462 0.936709 1.63748 0.0763862 0.201889
0.680672 0.936709 1.63761 0.07275 0.198322
0.705882 0.936709 1.63771 0.0688221 0.193664
0.731092 0.936709 1.63804 0.0645625 0.187787
0.756303 0.936709 1.63861 0.0599137 0.180549
0.781513 0.936709 1.63948 0.0548058 0.171748
0.806723 0.936709 1.64227 0.0491747 0.161164
0.831933 0.936709 1.64391 0.0428654 0.148447
0.857143 0.936709 1.65487 0.0358864 0.133303
0.882353 0.936709 1.65896 0.02806 0.11497
0.907563 0.936709 1.68895 0.0195918 0.0934669
0.932773 0.936709 1.70494 0.0113378 0.0668087
0.957983 0.936709 1.74813 0.00383504 0.0372507
0.983193 0.936709 1.76209 0 0
1.0084 0.936709 0 0 0
1.03361 0.936709 0 0 0
1.05882 0.936709 0 0 0
1.08403 0.936709 0 0 0
1.10924 0.936709 0 0 0
1.13445 0.936709 0 0 0
1.15966 0.936709 0 0 0
1.18487 0.936709 0 0 0
1.21008 0.936709 0 0 0
1.23529 0.936709 0 0 0
1.2605 0.936709 0 0 0
1.28571 0.936709 0 0 0
1.31092 0.936709 0 0 0
1.33613 0.936709 0 0 0
1.36134 0.936709 0 0 0
1.38655 0.936709 0 0 0
1.41176 0.936709 0 0 0
1.43697 0.936709 0 0 0
1.46218 0.936709 0 0 0
1.48739 0.936709 0 0 0
1.51261 0.936709 0 0 0
1.53782 0.936709 0 0 0
1.56303 0.936709 0 0 0
1.58824 0.936709 0 0 0
1.61345 0.936709 0 0 0
1.63866 0.936709 0 0 0
1.66387 0.936709 0 0 0
1.68908 0.936709 0 0 0
1.71429 0.936709 0 0 0
1.7395 0.936709 0 0 0
1.76471 0.936709 0 0 0
1.78992 0.936709 0 0 0
1.81513 0.936709 0 0 0
1.84034 0.936709 0 0 0
1.86555 0.936709 0 0 0
1.89076 0.936709 0 0 0
1.91597 0.936709 0 0 0
1.94118 0.936709 0 0 0
1.96639 0.936709 0 0 0
1.9916 0.936709 0 0 0
2.01681 0.936709 1.07973 0 0
2.04202 0.936709 1.12685 0.00245502 -0.0247542
2.06723 0.936709 1.11244 0.0077608 -0.0457802
2.09244 0.936709 1.1468 0.0128742 -0.0647629
2.11765 0.936709 1.14578 0.0187743 -0.0809531
2.14286 0.936709 1.15732 0.0234541 -0.0946341
2.16807 0.936709 1.16122 0.027628 -0.10646
2.19328 0.936709 1.16568 0.0309367 -0.116611
2.21849 0.936709 1.16869 0.0335616 -0.125399
2.2437 0.936709 1.1712 0.0355348 -0.132984
2.26891 0.936709 1.17322 0.0369382 -0.139506
2.29412 0.936709 1.17492 0.0378351 -0.145065
2.31933 0.936709 1.17637 0.0382853 -0.149737
2.34454 0.936709 1.17764 0.0383413 -0.153584
2.36975 0.936709 1.17877 0.0380496 -0.156652
2.39496 0.936709 1.17979 0.037452 -0.158977
2.42017 0.936709 1.18072 0.0365861 -0.16059
2.44538 0.936709 1.18157 0.0354861 -0.161512
2.47059 0.936709 1.18236 0.0341831 -0.161761
2.4958 0.936709 1.18311 0.0327063 -0.161348
2.52101 0.936709 1.1838 0.0310825 -0.160283
2.54622 0.936709 1.18447 0.0293372 -0.158568
2.57143 0.936709 1.1851 0.0274944 -0.156204
2.59664 0.936709 1.1857 0.0255767 -0.153188
2.62185 0.936709 1.18628 0.023606 -0.149512
2.64706 0.936709 1.18684 0.0216031 -0.145167
2.67227 0.936709 1.18739 0.0195881 -0.140139
2.69748 0.936709 1.18793 0.0175802 -0.13441
2.72269 0.936709 1.18846 0.0155981 -0.127961
2.7479 0.936709 1.18899 0.0136596 -0.120767
2.77311 0.936709 1.18952 0.0117819 -0.112802
2.79832 0.936709 1.19005 0.0099815 -0.104035
2.82353 0.936709 1.19058 0.00827397 -0.0944307
2.84874 0.936709 1.19113 0.006674 -0.0839508
2.87395 0.936709 1.19168 0.0051953 -0.0725529
2.89916 0.936709 1.19224 0.00385017 -0.0601904
2.92437 0.936709 1.19282 0.0026499 -0.0468121
2.94958 0.936709 1.19339 0.00160337 -0.0323624
2.97479 0.936709 1.19399 0.000718722 -0.0167801
3 0.936709 1.19455 0 0

0 0.962025 1 0.3 0
0.0252101 0.962025 1.3829 0.191099 0.00831212
0.0504202 0.962025 1.40041 0.156502 0.0393996
0.0756303 0.962025 1.32915 0.141756 0.0696492
0.10084 0.962025 1.32589 0.129992 0.0925238
0.12605 0.962025 1.36598 0.121542 0.110016
0.151261 0.962025 1.42329 0.115891 0.123331
0.176471 0.962025 1.48006 0.112222 0.13397
0.201681 0.962025 1.5275 0.109748 0.143012
0.226891 0.962025 1.56293 0.107922 0.151134
0.252101 0.962025 1.58728 0.10641 0.158678
0.277311 0.962025 1.60297 0.105031 0.165776
0.302521 0.962025 1.61264 0.103697 0.17245
0.327731 0.962025 1.61849 0.102371 0.178673
0.352941 0.962025 1.62205 0.101038 0.184409
0.378151 0.962025 1.62435 0.0996869 0.189621
0.403361 0.962025 1.62593 0.0983046 0.194282
0.428571 0.962025 1.62712 0.0968772 0.198367
0.453782 0.962025 1.62805 0.0953881 0.201857
0.478992 0.962025 1.62881 0.0938203 0.204732
0.504202 0.962025 1.6294 0.0921564 0.206972
0.529412 0.962025 1.62986 0.0903795 0.208552
0.554622 0.962025 1.63016 0.0884719 0.209443
0.579832 0.962025 1.63034 0.0864161 0.209608
0.605042 0.962025 1.63036 0.0841923 0.209005
0.630252 0.962025 1.63031 0.0817799 0.207582
0.655462 0.962025 1.63009 0.0791522 0.205276
0.680672 0.962025 1.62989 0.0762829 0.202008
0.705882 0.962025 1.6295 0.073129 0.197694
0.731092 0.962025 1.62944 0.06966 0.192203
0.756303 0.962025 1.62881 0.0657894 0.185433
0.781513 0.962025 1.62972 0.0615142 0.177136
0.806723 0.962025 1.62768 0.0566059 0.167242
0.831933 0.962025 1.63254 0.0512568 0.155157
0.857143 0.962025 1.62264 0.0447581 0.14104
0.882353 0.962025 1.63991 0.0380129 0.123295
0.907563 0.962025 1.60253 0.0290367 0.102712
0.932773 0.962025 1.64663 0.0202896 0.0750329
0.957983 0.962025 1.55891 0.00791089 0.0436252
0.983193 0.962025 1.67384 0 0
1.0084 0.962025 0 0 0
1.03361 0.962025 0 0 0
1.05882 0.962025 0 0 0
1.08403 0.962025 0 0 0
1.10924 0.962025 0 0 0
1.13445 0.962025 0 0 0
1.15966 0.962025 0 0 0
1.18487 0.962025 0 0 0
1.21008 0.962025 0 0 0
1.23529 0.962025 0 0 0
1.2605 0.962025 0 0 0
1.28571 0.962025 0 0 0
1.31092 0.962025 0 0 0
1.33613 0.962025 0 0 0
1.36134 0.962025 0 0 0
1.38655 0.962025 0 0 0
1.41176 0.962025 0 0 0
1.43697 0.962025 0 0 0
1.46218 0.962025 0 0 0
1.48739 0.962025 0 0 0
1.51261 0.962025 0 0 0
1.53782 0.962025 0 0 0
1.56303 0.962025 0 0 0
1.58824 0.962025 0 0 0
1.61345 0.962025 0 0 0
1.63866 0.962025 0 0 0
1.66387 0.962025 0 0 0
1.68908 0.962025 0 0 0
1.71429 0.962025 0 0 0
1.7395 0.962025 0 0 0
1.76471 0.962025 0 0 0
1.78992 0.962025 0 0 0
1.81513 0.962025 0 0 0
1.84034 0.962025 0 0 0
1.86555 0.962025 0 0 0
1.89076 0.962025 0 0 0
1.91597 0.962025 0 0 0
1.94118 0.962025 0 0 0
1.96639 0.962025 0 0 0
1.9916 0.962025 0 0 0
2.01681 0.962025 1.07681 0 0
2.04202 0.962025 1.1576 0.00488837 -0.0293051
2.06723 0.962025 1.12561 0.014079 -0.0520792
2.09244 0.962025 1.16115 0.0206462 -0.0708932
2.11765 0.962025 1.15882 0.0273756 -0.0864267
2.14286 0.962025 1.1672 0.0322914 -0.0991523
2.16807 0.962025 1.17034 0.0363231 -0.110043
2.19328 0.962025 1.17359 0.0393588 -0.119362
2.21849 0.962025 1.17593 0.0416138 -0.127417
2.2437 0.962025 1.17787 0.0431847 -0.134369
2.26891 0.962025 1.17946 0.0441723 -0.140343
2.29412 0.962025 1.18082 0.0446544 -0.145427
2.31933 0.962025 1.182 0.0446973 -0.149687
2.34454 0.962025 1.18304 0.0443567 -0.153175
2.36975 0.962025 1.18398 0.0436807 -0.155931
2.39496 0.962025 1.18483 0.0427115 -0.157985
2.42017 0.962025 1.18562 0.0414866 -0.159364
2.44538 0.962025 1.18636 0.0400399 -0.160087
2.47059 0.962025 1.18706 0.0384022 -0.160167
2.4958 0.962025 1.18771 0.0366021 -0.159614
2.52101 0.962025 1.18834 0.0346661 -0.158436
2.54622 0.962025 1.18894 0.0326194 -0.156634
2.57143 0.962025 1.18952 0.0304856 -0.154206
2.59664 0.962025 1.19008 0.0282874 -0.15115
2.62185 0.962025 1.19063 0.0260464 -0.147456
2.64706 0.962025 1.19117 0.0237836 -0.143115
2.67227 0.962025 1.19171 0.0215191 -0.138111
2.69748 0.962025 1.19224 0.0192726 -0.132428
2.72269 0.962025 1.19278 0.017063 -0.126044
2.7479 0.962025 1.19332 0.0149088 -0.118936
2.77311 0.962025 1.19387 0.0128279 -0.111075
2.79832 0.962025 1.19443 0.0108377 -0.102431
2.82353 0.962025 1.19501 0.00895484 -0.0929685
2.84874 0.962025 1.1956 0.00719532 -0.0826484
2.87395 0.962025 1.19622 0.00557435 -0.0714278
2.89916 0.962025 1.19685 0.00410606 -0.0592597
2.92437 0.962025 1.19751 0.0028037 -0.0460919
2.94958 0.962025 1.19819 0.00167868 -0.0318683
2.97479 0.962025 1.19889 0.00074165 -0.0165264
3 0.962025 1.19959 0 0

0 0.987342 1 0.3 0
0.0252101 0.987342 2.28864 0.129602 0.0584937
0.0504202 0.987342 2.28714 0.117622 0.0778475
0.0756303 0.987342 2.05397 0.117855 0.090406
0.10084 0.987342 1.91184 0.113168 0.100093
0.12605 0.987342 1.8027 0.108713 0.1104
0.151261 0.987342 1.72937 0.104813 0.120802
0.176471 0.987342 1.68061 0.101863 0.131011
0.201681 0.987342 1.65016 0.0997172 0.14071
0.226891 0.987342 1.63228 0.0981952 0.149766
0.252101 0.987342 1.62268 0.0971096 0.158138
0.277311 0.987342 1.61819 0.0963089 0.165839
0.302521 0.987342 1.61665 0.0956778 0.172904
0.327731 0.987342 1.6167 0.0951336 0.179365
0.352941 0.987342 1.61749 0.0946182 0.185244
0.378151 0.987342 1.61859 0.0940918 0.190553
0.403361 0.987342 1.61972 0.0935261 0.195295
0.428571 0.987342 1.62079 0.0929006 0.199463
0.453782 0.987342 1.6217 0.0921987 0.203047
0.478992 0.987342 1.62247 0.0914069 0.206032
0.504202 0.987342 1.62305 0.0905123 0.208399
0.529412 0.987342 1.62346 0.0895027 0.210124
0.554622 0.987342 1.62367 0.0883654 0.211178
0.579832 0.987342 1.62371 0.0870874 0.211527
0.605042 0.987342 1.62354 0.0856527 0.211129
0.630252 0.987342 1.62324 0.0840455 0.209934
0.655462 0.987342 1.6227 0.0822415 0.207887
0.680672 0.987342 1.62217 0.0802217 0.204908
0.705882 0.987342 1.62125 0.0779405 0.200931
0.731092 0.987342 1.62078 0.0753811 0.19582
0.756303 0.987342 1.61936 0.0724401 0.189511
0.781513 0.987342 1.61988 0.0691297 0.181736
0.806723 0.987342 1.61763 0.0651834 0.172504
0.831933 0.987342 1.6217 0.0607074 0.161186
0.857143 0.987342 1.61929 0.0550086 0.148076
0.882353 0.987342 1.63448 0.0484265 0.131508
0.907563 0.987342 1.63815 0.0390618 0.112778
0.932773 0.987342 1.70158 0.0287608 0.0865839
0.957983 0.987342 1.70952 0.0111194 0.0567132
0.983193 0.987342 2.01997 0 0
1.0084 0.987342 0 0 0
1.03361 0.987342 0 0 0
1.05882 0.987342 0 0 0
1.08403 0.987342 0 0 0
1.10924 0.987342 0 0 0
1.13445 0.987342 0 0 0
1.15966 0.987342 0 0 0
1.18487 0.987342 0 0 0
1.21008 0.987342 0 0 0
1.23529 0.987342 0 0 0
1.2605 0.987342 0 0 0
1.28571 0.987342 0 0 0
1.31092 0.987342 0 0 0
1.33613 0.987342 0 0 0
1.36134 0.987342 0 0 0
1.38655 0.987342 0 0 0
1.41176 0.987342 0 0 0
1.43697 0.987342 0 0 0
1.46218 0.987342 0 0 0
1.48739 0.987342 0 0 0
1.51261 0.987342 0 0 0
1.53782 0.987342 0 0 0
1.56303 0.987342 0 0 0
1.58824 0.987342 0 0 0
1.61345 0.987342 0 0 0
1.63866 0.987342 0 0 0
1.66387 0.987342 0 0 0
1.68908 0.987342 0 0 0
1.71429 0.987342 0 0 0
1.7395 0.987342 0 0 0
1.76471 0.987342 0 0 0
1.78992 0.987342 0 0 0
1.81513 0.987342 0 0 0
1.84034 0.987342 0 0 0
1.86555 0.987342 0 0 0
1.89076 0.987342 0 0 0
1.91597 0.987342 0 0 0
1.94118 0.987342 0 0 0
1.96639 0.987342 0 0 0
1.9916 0.987342 0 0 0
2.01681 0.987342 0.825099 0 0
2.04202 0.987342 1.12474 0.00920469 -0.0400136
2.06723 0.987342 1.09584 0.0242436 -0.0636888
2.09244 0.987342 1.14968 0.0317743 -0.0794388
2.11765 0.987342 1.16042 0.0385412 -0.0927072
2.14286 0.987342 1.17157 0.0431567 -0.1037
2.16807 0.987342 1.17701 0.0465949 -0.113279
2.19328 0.987342 1.18064 0.0490103 -0.121613
2.21849 0.987342 1.18295 0.0506363 -0.128889
2.2437 0.987342 1.1846 0.0516068 -0.13521
2.26891 0.987342 1.18585 0.0520279 -0.140659
2.29412 0.987342 1.18688 0.051979 -0.145297
2.31933 0.987342 1.18776 0.051524 -0.149174
2.34454 0.987342 1.18855 0.0507152 -0.152331
2.36975 0.987342 1.18927 0.0495978 -0.154799
2.39496 0.987342 1.18994 0.0482107 -0.156607
2.42017 0.987342 1.19058 0.0465892 -0.157773
2.44538 0.987342 1.19118 0.0447647 -0.158314
2.47059 0.987342 1.19176 0.0427666 -0.158242
2.4958 0.987342 1.19232 0.0406217 -0.157566
2.52101 0.987342 1.19286 0.0383556 -0.156288
2.54622 0.987342 1.19339 0.0359923 -0.154412
2.57143 0.987342 1.19391 0.0335547 -0.151934
2.59664 0.987342 1.19443 0.0310649 -0.14885
2.62185 0.987342 1.19494 0.0285442 -0.14515
2.64706 0.987342 1.19545 0.0260133 -0.140824
2.67227 0.987342 1.19597 0.0234922 -0.135856
2.69748 0.987342 1.1965 0.0210008 -0.13023
2.72269 0.987342 1.19703 0.0185583 -0.123923
2.7479 0.987342 1.19758 0.0161835 -0.116912
2.77311 0.987342 1.19815 0.013895 -0.109168
2.79832 0.987342 1.19875 0.0117111 -0.100661
2.82353 0.987342 1.19936 0.00964933 -0.0913544
2.84874 0.987342 1.20001 0.00772706 -0.0812097
2.87395 0.987342 1.20069 0.00596094 -0.0701835
2.89916 0.987342 1.2014 0.00436699 -0.0582285
2.92437 0.987342 1.20214 0.00296045 -0.0452923
2.94958 0.987342 1.20292 0.0017553 -0.0313181
2.97479 0.987342 1.20373 0.000764862 -0.016243
3 0.987342 1.20456 0 0

0 1.01266 8.34099e-05 0 0
0.0252101 1.01266 0.73599 0.00638273 0.068488
0.0504202 1.01266 1.15402 0.0318937 0.093382
0.0756303 1.01266 1.28372 0.0537528 0.106254
0.10084 1.01266 1.40821 0.0645767 0.113296
0.12605 1.01266 1.48149 0.0718896 0.12059
0.151261 1.01266 1.53033 0.0764886 0.12793
0.176471 1.01266 1.56039 0.0796646 0.135677
0.201681 1.01266 1.57897 0.0819123 0.143549
0.226891 1.01266 1.59029 0.0835775 0.151366
0.252101 1.01266 1.59738 0.0848527 0.158959
0.277311 1.01266 1.60204 0.0858612 0.166213
0.302521 1.01266 1.60535 0.0866768 0.17305
0.327731 1.01266 1.6079 0.0873438 0.17942
0.352941 1.01266 1.60996 0.0878872 0.185292
0.378151 1.01266 1.61172 0.0883201 0.190643
0.403361 1.01266 1.6132 0.0886482 0.195457
0.428571 1.01266 1.61447 0.0888731 0.199718
0.453782 1.01266 1.61549 0.0889936 0.203411
0.478992 1.01266 1.6163 0.0890071 0.206518
0.504202 1.01266 1.61686 0.0889091 0.20902
0.529412 1.01266 1.61722 0.0886948 0.210893
0.554622 1.01266 1.61731 0.0883573 0.212109
0.579832 1.01266 1.61721 0.0878897 0.212634
0.605042 1.01266 1.61683 0.0872811 0.212431
0.630252 1.01266 1.61629 0.0865228 0.211449
0.655462 1.01266 1.61538 0.0855942 0.209641
0.680672 1.01266 1.61452 0.0844894 0.206927
0.705882 1.01266 1.61295 0.0831609 0.20326
0.731092 1.01266 1.61213 0.0816259 0.198489
0.756303 1.01266 1.60934 0.0797567 0.192622
0.781513 1.01266 1.60985 0.0776742 0.185304
0.806723 1.01266 1.60367 0.0749991 0.176793
0.831933 1.01266 1.6099 0.0722504 0.166132
0.857143 1.01266 1.59174 0.0682403 0.154462
0.882353 1.01266 1.61882 0.0649384 0.139025
0.907563 1.01266 1.55458 0.0585703 0.12349
0.932773 1.01266 1.64777 0.0555878 0.10066
0.957983 1.01266 1.42836 0.0450045 0.0775699
0.983193 1.01266 1.65649 0.039811 0.0425688
1.0084 1.01266 0.943012 0 0
1.03361 1.01266 1.31687 0 0
1.05882 1.01266 1.31949 0 0
1.08403 1.01266 1.34755 0 0
1.10924 1.01266 1.35754 0 0
1.13445 1.01266 1.36939 0 0
1.15966 1.01266 1.37606 0 0
1.18487 1.01266 1.38184 0 0
1.21008 1.01266 1.38557 0 0
1.23529 1.01266 1.38833 0 0
1.2605 1.01266 1.39003 0 0
1.28571 1.01266 1.39098 0 0
1.31092 1.01266 1.39126 0 0
1.33613 1.01266 1.391 0 0
1.36134 1.01266 1.39026 0 0
1.38655 1.01266 1.38912 0 0
1.41176 1.01266 1.3876 0 0
1.43697 1.01266 1.3858 0 0
1.46218 1.01266 1.3837 0 0
1.48739 1.01266 1.38144 0 0
1.51261 1.01266 1.37889 0 0
1.53782 1.01266 1.37636 0 0
1.56303 1.01266 1.3734 0 0
1.58824 1.01266 1.37085 0 0
1.61345 1.01266 1.36744 0 0
1.63866 1.01266 1.36528 0 0
1.66387 1.01266 1.36108 0 0
1.68908 1.01266 1.36013 0 0
1.71429 1.01266 1.35429 0 0
1.7395 1.01266 1.35617 0 0
1.76471 1.01266 1.34694 0 0
1.78992 1.01266 1.35457 0 0
1.81513 1.01266 1.33897 0 0
1.84034 1.01266 1.35712 0 0
1.86555 1.01266 1.33104 0 0
1.89076 1.01266 1.36675 0 0
1.91597 1.01266 1.32582 0 0
1.94118 1.01266 1.39027 0 0
1.96639 1.01266 1.33194 0 0
1.9916 1.01266 1.59376 0 0
2.01681 1.01266 1.29476 0.0311986 -0.02969
2.04202 1.01266 1.29657 0.0388725 -0.049967
2.06723 1.01266 1.25109 0.0467636 -0.0691783
2.09244 1.01266 1.2288 0.0511928 -0.083141
2.11765 1.01266 1.21242 0.0546315 -0.0953279
2.14286 1.01266 1.2033 0.0570685 -0.105679
2.16807 1.01266 1.19781 0.0588174 -0.114693
2.19328 1.01266 1.195 0.0599496 -0.122527
2.21849 1.01266 1.19367 0.0605502 -0.129336
2.2437 1.01266 1.1932 0.0606731 -0.135225
2.26891 1.01266 1.1932 0.0603684 -0.140279
2.29412 1.01266 1.19344 0.0596805 -0.14456
2.31933 1.01266 1.1938 0.0586506 -0.148118
2.34454 1.01266 1.19422 0.0573166 -0.150993
2.36975 1.01266 1.19465 0.0557138 -0.153214
2.39496 1.01266 1.1951 0.0538743 -0.154806
2.42017 1.01266 1.19555 0.0518283 -0.155787
2.44538 1.01266 1.196 0.0496036 -0.156172
2.47059 1.01266 1.19645 0.0472264 -0.155969
2.4958 1.01266 1.1969 0.0447215 -0.155187
2.52101 1.01266 1.19735 0.0421126 -0.153829
2.54622 1.01266 1.1978 0.0394221 -0.151894
2.57143 1.01266 1.19826 0.0366719 -0.14938
2.59664 1.01266 1.19872 0.0338831 -0.146281
2.62185 1.01266 1.19919 0.0310765 -0.142588
2.64706 1.01266 1.19967 0.0282722 -0.138289
2.67227 1.01266 1.20017 0.0254902 -0.13337
2.69748 1.01266 1.20068 0.0227501 -0.127812
2.72269 1.01266 1.20122 0.0200713 -0.121595
2.7479 1.01266 1.20178 0.0174731 -0.114693
2.77311 1.01266 1.20237 0.0149745 -0.10708
2.79832 1.01266 1.20299 0.0125945 -0.0987224
2.82353 1.01266 1.20364 0.0103518 -0.0895865
2.84874 1.01266 1.20434 0.00826495 -0.0796329
2.87395 1.01266 1.20508 0.00635201 -0.0688185
2.89916 1.01266 1.20587 0.0046309 -0.0570957
2.92437 1.01266 1.2067 0.00311892 -0.0444122
2.94958 1.01266 1.20758 0.00183266 -0.0307112
2.97479 1.01266 1.2085 0.000788193 -0.0159295
3 1.01266 1.20947 0 0

0 1.03797 1.5844 0 0
0.0252101 1.03797 1.45868 0.00503165 0.0200675
0.0504202 1.03797 1.60077 0.0171741 0.0501835
0.0756303 1.03797 1.53386 0.0337436 0.0751184
0.10084 1.03797 1.5723 0.0435385 0.092315
0.12605 1.03797 1.56855 0.0525584 0.107096
0.151261 1.03797 1.57589 0.0588627 0.119146
0.176471 1.03797 1.57968 0.0638887 0.129917
0.201681 1.03797 1.58414 0.0678254 0.139622
0.226891 1.03797 1.5882 0.0710421 0.148554
0.252101 1.03797 1.59199 0.0737234 0.156825
0.277311 1.03797 1.59541 0.0760083 0.164504
0.302521 1.03797 1.59843 0.0779867 0.171624
0.327731 1.03797 1.60109 0.079721 0.178201
0.352941 1.03797 1.60338 0.0812537 0.18424
0.378151 1.03797 1.60536 0.0826147 0.189738
0.403361 1.03797 1.60703 0.0838246 0.19469
0.428571 1.03797 1.60842 0.0848976 0.199086
0.453782 1.03797 1.60951 0.0858432 0.202915
0.478992 1.03797 1.61035 0.0866679 0.206161
0.504202 1.03797 1.61089 0.0873751 0.208806
0.529412 1.03797 1.61118 0.0879669 0.210828
0.554622 1.03797 1.61116 0.0884424 0.212201
0.579832 1.03797 1.61091 0.0888017 0.212892
0.605042 1.03797 1.6103 0.0890384 0.212867
0.630252 1.03797 1.60954 0.0891537 0.212074
0.655462 1.03797 1.60822 0.0891285 0.210479
0.680672 1.03797 1.60709 0.0889772 0.207987
0.705882 1.03797 1.60473 0.0886423 0.204589
0.731092 1.03797 1.60381 0.0881958 0.200082
0.756303 1.03797 1.5992 0.0874557 0.194586
0.781513 1.03797 1.60054 0.0867045 0.187576
0.806723 1.03797 1.58964 0.0853645 0.179624
0.831933 1.03797 1.59992 0.0844008 0.169289
0.857143 1.03797 1.57017 0.0820717 0.158412
0.882353 1.03797 1.60844 0.0812201 0.14338
0.907563 1.03797 1.52811 0.0773181 0.128263
0.932773 1.03797 1.63055 0.076587 0.106794
0.957983 1.03797 1.45793 0.0705998 0.0823045
0.983193 1.03797 1.62688 0.0658222 0.0539
1.0084 1.03797 1.37168 0.0528398 0.0121378
1.03361 1.03797 1.4276 0.0375967 0.00656437
1.05882 1.03797 1.3857 0.0312249 0.00320144
1.08403 1.03797 1.39718 0.0262022 0.00156649
1.10924 1.03797 1.39245 0.0234451 0.000565905
1.13445 1.03797 1.39706 0.0214796 3.58276e-05
1.15966 1.03797 1.39765 0.0202706 -0.000293886
1.18487 1.03797 1.39951 0.0194267 -0.000483569
1.21008 1.03797 1.39996 0.0188788 -0.00060507
1.23529 1.03797 1.40021 0.0185048 -0.000680474
1.2605 1.03797 1.39976 0.0182633 -0.000730164
1.28571 1.03797 1.39893 0.0181099 -0.000762492
1.31092 1.03797 1.39769 0.0180226 -0.000783766
1.33613 1.03797 1.39614 0.0179824 -0.000797534
1.36134 1.03797 1.3943 0.0179774 -0.000805798
1.38655 1.03797 1.39225 0.0179988 -0.000810639
1.41176 1.03797 1.38998 0.0180394 -0.000812165
1.43697 1.03797 1.38759 0.0180955 -0.00081263
1.46218 1.03797 1.38499 0.0181617 -0.000810295
1.48739 1.03797 1.38237 0.0182385 -0.000809179
1.51261 1.03797 1.3795 0.0183194 -0.000804282
1.53782 1.03797 1.37677 0.0184108 -0.000804049
1.56303 1.03797 1.37362 0.0185009 -0.000796856
1.58824 1.03797 1.37097 0.018608 -0.000800571
1.61345 1.03797 1.36743 0.0187056 -0.000790456
1.63866 1.03797 1.36519 0.0188375 -0.000802662
1.66387 1.03797 1.36095 0.0189449 -0.000788504
1.68908 1.03797 1.35979 0.0191232 -0.000816055
1.71429 1.03797 1.35413 0.0192481 -0.000798209
1.7395 1.03797 1.35528 0.0195167 -0.000850819
1.76471 1.03797 1.34677 0.0196801 -0.000837988
1.78992 1.03797 1.3525 0.0201274 -0.000928833
1.81513 1.03797 1.33825 0.0203868 -0.00095845
1.84034 1.03797 1.35271 0.0212055 -0.00110978
1.86555 1.03797 1.32679 0.0217267 -0.0013067
1.89076 1.03797 1.35735 0.0233813 -0.00158737
1.91597 1.03797 1.30734 0.0246992 -0.00234464
1.94118 1.03797 1.36483 0.0284211 -0.00307399
1.96639 1.03797 1.26562 0.0325032 -0.00571044
1.9916 1.03797 1.35144 0.0420814 -0.00869388
2.01681 1.03797 1.17032 0.0566362 -0.034363
2.04202 1.03797 1.19099 0.0602513 -0.0535587
2.06723 1.03797 1.16267 0.0644295 -0.0714398
2.09244 1.03797 1.17194 0.0664442 -0.0855712
2.11765 1.03797 1.17745 0.0682798 -0.0973518
2.14286 1.03797 1.18468 0.0695226 -0.107196
2.16807 1.03797 1.19005 0.0702956 -0.115614
2.19328 1.03797 1.19382 0.0705763 -0.122876
2.21849 1.03797 1.19621 0.0703976 -0.129171
2.2437 1.03797 1.19765 0.0697978 -0.134616
2.26891 1.03797 1.1985 0.0688203 -0.139288
2.29412 1.03797 1.19902 0.0675074 -0.143243
2.31933 1.03797 1.19938 0.0658973 -0.146519
2.34454 1.03797 1.19967 0.0640248 -0.14915
2.36975 1.03797 1.19994 0.0619208 -0.15116
2.39496 1.03797 1.20021 0.0596137 -0.152569
2.42017 1.03797 1.20049 0.0571295 -0.153395
2.44538 1.03797 1.20079 0.0544928 -0.153648
2.47059 1.03797 1.20111 0.0517269 -0.153339
2.4958 1.03797 1.20144 0.0488539 -0.152472
2.52101 1.03797 1.20179 0.0458955 -0.15105
2.54622 1.03797 1.20216 0.0428725 -0.149074
2.57143 1.03797 1.20255 0.0398054 -0.146539
2.59664 1.03797 1.20295 0.0367143 -0.14344
2.62185 1.03797 1.20338 0.0336191 -0.139767
2.64706 1.03797 1.20382 0.0305394 -0.135509
2.67227 1.03797 1.20429 0.0274948 -0.130651
2.69748 1.03797 1.20479 0.0245048 -0.125175
2.72269 1.03797 1.20533 0.0215888 -0.119059
2.7479 1.03797 1.20589 0.0187664 -0.112279
2.77311 1.03797 1.2065 0.0160571 -0.104808
2.79832 1.03797 1.20714 0.0134806 -0.0966152
2.82353 1.03797 1.20784 0.0110564 -0.0876646
2.84874 1.03797 1.20859 0.0088045 -0.077918
2.87395 1.03797 1.20938 0.00674431 -0.0673324
2.89916 1.03797 1.21025 0.00489563 -0.0558609
2.92437 1.03797 1.21116 0.00327781 -0.0434513
2.94958 1.03797 1.21215 0.00191015 -0.0300472
2.97479 1.03797 1.21319 0.000811465 -0.0155858
3 1.03797 1.21429 0 0

0 1.06329 1.41593 0 0
0.0252101 1.06329 1.30308 0.000421003 0.019473
0.0504202 1.06329 1.48173 0.00512455 0.0436765
0.0756303 1.06329 1.44572 0.0171493 0.0657202
0.10084 1.06329 1.51994 0.0257333 0.0835345
0.12605 1.06329 1.52762 0.0354715 0.0995676
0.151261 1.06329 1.55046 0.0428492 0.112758
0.176471 1.06329 1.56136 0.0493694 0.1246
0.201681 1.06329 1.571 0.0547362 0.135127
0.226891 1.06329 1.5779 0.0593164 0.144723
0.252101 1.06329 1.58341 0.0632453 0.153513
0.277311 1.06329 1.58786 0.0666741 0.161605
0.302521 1.06329 1.59153 0.069706 0.169058
0.327731 1.06329 1.59462 0.0724205 0.175909
0.352941 1.06329 1.59721 0.0748754 0.182178
0.378151 1.06329 1.59941 0.0771139 0.187878
0.403361 1.06329 1.60122 0.0791679 0.193009
0.428571 1.06329 1.6027 0.0810613 0.197571
0.453782 1.06329 1.60384 0.0828118 0.201556
0.478992 1.06329 1.60468 0.0844332 0.204953
0.504202 1.06329 1.60518 0.0859353 0.207746
0.529412 1.06329 1.6054 0.0873265 0.209916
0.554622 1.06329 1.60526 0.088611 0.211438
0.579832 1.06329 1.60487 0.089796 0.21228
0.605042 1.06329 1.60401 0.0908778 0.212414
0.630252 1.06329 1.60307 0.0918701 0.211782
0.655462 1.06329 1.60129 0.0927496 0.210366
0.680672 1.06329 1.60004 0.0935606 0.208046
0.705882 1.06329 1.59667 0.0942158 0.20487
0.731092 1.06329 1.59615 0.0948737 0.200538
0.756303 1.06329 1.58896 0.0952356 0.195348
0.781513 1.06329 1.59272 0.095836 0.18848
0.806723 1.06329 1.57471 0.09573 0.180987
0.831933 1.06329 1.59358 0.0965328 0.170722
0.857143 1.06329 1.54567 0.0956297 0.160452
0.882353 1.06329 1.6049 0.0969836 0.145674
0.907563 1.06329 1.4915 0.0951128 0.131013
0.932773 1.06329 1.61724 0.096271 0.111203
0.957983 1.06329 1.4199 0.0937255 0.0881441
0.983193 1.06329 1.5706 0.0903496 0.0645346
1.0084 1.06329 1.33993 0.0835048 0.033233
1.03361 1.06329 1.38355 0.0668808 0.0193721
1.05882 1.06329 1.36671 0.0578685 0.0105738
1.08403 1.06329 1.37509 0.050828 0.0059969
1.10924 1.06329 1.37671 0.0461831 0.00309678
1.13445 1.06329 1.38165 0.0428241 0.00144072
1.15966 1.06329 1.38463 0.0405029 0.000370584
1.18487 1.06329 1.38762 0.0388394 -0.000291216
1.21008 1.06329 1.38962 0.0376714 -0.000733821
1.23529 1.06329 1.39111 0.036845 -0.00102639
1.2605 1.06329 1.39195 0.0362737 -0.00122838
1.28571 1.06329 1.39228 0.0358875 -0.00136766
1.31092 1.06329 1.39212 0.0356404 -0.00146504
1.33613 1.06329 1.39154 0.0354974 -0.00153293
1.36134 1.06329 1.39056 0.0354331 -0.00157925
1.38655 1.06329 1.38925 0.035429 -0.00161087
1.41176 1.06329 1.3876 0.0354698 -0.00163017
1.43697 1.06329 1.38573 0.0355469 -0.001643
1.46218 1.06329 1.38353 0.0356493 -0.00164756
1.48739 1.06329 1.38127 0.0357763 -0.00165197
1.51261 1.06329 1.3786 0.0359163 -0.00164882
1.53782 1.06329 1.37613 0.0360794 -0.00165261
1.56303 1.06329 1.37298 0.036246 -0.00164636
1.58824 1.06329 1.3706 0.036446 -0.00165716
1.61345 1.06329 1.36678 0.0366379 -0.00165195
1.63866 1.06329 1.365 0.0368917 -0.00167898
1.66387 1.06329 1.35999 0.0371174 -0.00168157
1.68908 1.06329 1.35977 0.0374645 -0.00173725
1.71429 1.06329 1.35246 0.0377468 -0.00176391
1.7395 1.06329 1.35552 0.0382615 -0.00186668
1.76471 1.06329 1.34389 0.0386553 -0.00196048
1.78992 1.06329 1.35298 0.0394693 -0.00214309
1.81513 1.06329 1.33399 0.0401072 -0.00241939
1.84034 1.06329 1.35272 0.0414565 -0.00275878
1.86555 1.06329 1.32298 0.0426547 -0.0035335
1.89076 1.06329 1.35463 0.044995 -0.00426385
1.91597 1.06329 1.31207 0.047477 -0.00643767
1.94118 1.06329 1.35743 0.0517647 -0.00842429
1.96639 1.06329 1.30343 0.0570598 -0.0147133
1.9916 1.06329 1.36019 0.0652389 -0.0217307
2.01681 1.06329 1.30422 0.0751959 -0.0417169
2.04202 1.06329 1.29638 0.0790203 -0.0578366
2.06723 1.06329 1.28285 0.0818876 -0.0732479
2.09244 1.06329 1.26755 0.0832795 -0.0859391
2.11765 1.06329 1.25283 0.083816 -0.0968654
2.14286 1.06329 1.23951 0.0837035 -0.106248
2.16807 1.06329 1.22868 0.0831072 -0.114396
2.19328 1.06329 1.22055 0.0821318 -0.121477
2.21849 1.06329 1.21482 0.0808451 -0.127616
2.2437 1.06329 1.211 0.0792872 -0.132901
2.26891 1.06329 1.20856 0.0774828 -0.137405
2.29412 1.06329 1.20707 0.0754495 -0.141184
2.31933 1.06329 1.2062 0.0732031 -0.144287
2.34454 1.06329 1.20572 0.0707596 -0.146752
2.36975 1.06329 1.20548 0.068136 -0.148608
2.39496 1.06329 1.20541 0.0653505 -0.14988
2.42017 1.06329 1.20545 0.0624219 -0.150586
2.44538 1.06329 1.20555 0.0593694 -0.150738
2.47059 1.06329 1.20572 0.0562124 -0.150346
2.4958 1.06329 1.20593 0.05297 -0.149417
2.52101 1.06329 1.20617 0.0496615 -0.147952
2.54622 1.06329 1.20645 0.046306 -0.145952
2.57143 1.06329 1.20676 0.0429224 -0.143412
2.59664 1.06329 1.20711 0.0395297 -0.140328
2.62185 1.06329 1.20748 0.0361469 -0.13669
2.64706 1.06329 1.20789 0.032793 -0.132486
2.67227 1.06329 1.20833 0.0294871 -0.127701
2.69748 1.06329 1.20882 0.0262486 -0.122318
2.72269 1.06329 1.20934 0.0230969 -0.116316
2.7479 1.06329 1.20991 0.0200517 -0.109671
2.77311 1.06329 1.21053 0.0171331 -0.102356
2.79832 1.06329 1.2112 0.0143614 -0.0943406
2.82353 1.06329 1.21193 0.011757 -0.0855897
2.84874 1.06329 1.21273 0.00934105 -0.0760657
2.87395 1.06329 1.21359 0.00713447 -0.0657262
2.89916 1.06329 1.21452 0.00515891 -0.0545248
2.92437 1.06329 1.21552 0.00343579 -0.0424101
2.94958 1.06329 1.21661 0.0019871 -0.0293265
2.97479 1.06329 1.21777 0.000834498 -0.0152118
3 1.06329 1.21901 0 0

0 1.08861 1.51974 0 0
0.0252101 1.08861 1.42887 -0.000270822 0.0133902
0.0504202 1.08861 1.54314 0.00241768 0.0344305
0.0756303 1.08861 1.47759 0.010076 0.0548766
0.10084 1.08861 1.541 0.0161228 0.0732766
0.12605 1.08861 1.52928 0.0246085 0.0903491
0.151261 1.08861 1.55038 0.0313821 0.104723
0.176471 1.08861 1.55632 0.0381383 0.117746
0.201681 1.08861 1.56522 0.0439876 0.129216
0.226891 1.08861 1.5715 0.0492828 0.139599
0.252101 1.08861 1.57705 0.0540039 0.149009
0.277311 1.08861 1.58165 0.0582613 0.1576
0.302521 1.08861 1.58554 0.0621242 0.165455
0.327731 1.08861 1.58883 0.0656592 0.172636
0.352941 1.08861 1.5916 0.0689193 0.179183
0.378151 1.08861 1.59392 0.0719477 0.185118
0.403361 1.08861 1.59582 0.0747789 0.190457
0.428571 1.08861 1.59736 0.0774407 0.195204
0.453782 1.08861 1.59851 0.0799549 0.199357
0.478992 1.08861 1.59934 0.0823398 0.20291
0.504202 1.08861 1.59979 0.0846091 0.205852
0.529412 1.08861 1.59993 0.0867765 0.208162
0.554622 1.08861 1.59965 0.0888489 0.209823
0.579832 1.08861 1.59914 0.0908411 0.210798
0.605042 1.08861 1.59802 0.0927483 0.211071
0.630252 1.08861 1.59697 0.0946005 0.210567
0.655462 1.08861 1.59463 0.0963589 0.209301
0.680672 1.08861 1.59356 0.0981137 0.207099
0.705882 1.08861 1.58877 0.0997124 0.204108
0.731092 1.08861 1.58956 0.10145 0.199858
0.756303 1.08861 1.57849 0.102815 0.194931
0.781513 1.08861 1.58716 0.104713 0.188066
0.806723 1.08861 1.55898 0.105649 0.180949
0.831933 1.08861 1.59101 0.107993 0.170668
0.857143 1.08861 1.52285 0.108278 0.160705
0.882353 1.08861 1.60207 0.110979 0.146448
0.907563 1.08861 1.47247 0.110889 0.13158
0.932773 1.08861 1.59563 0.11215 0.113794
0.957983 1.08861 1.43342 0.111741 0.0911462
0.983193 1.08861 1.53281 0.107813 0.07096
1.0084 1.08861 1.41274 0.103042 0.0439514
1.03361 1.08861 1.4316 0.0906464 0.0285591
1.05882 1.08861 1.41441 0.0817633 0.0177169
1.08403 1.08861 1.41408 0.0741613 0.0110691
1.10924 1.08861 1.40983 0.0684721 0.00665031
1.13445 1.08861 1.40905 0.0640819 0.00381091
1.15966 1.08861 1.40758 0.0608168 0.0018934
1.18487 1.08861 1.40678 0.0583641 0.000603318
1.21008 1.08861 1.40568 0.056551 -0.000293752
1.23529 1.08861 1.40454 0.0552119 -0.000921677
1.2605 1.08861 1.40315 0.0542377 -0.00137011
1.28571 1.08861 1.40156 0.0535395 -0.0016928
1.31092 1.08861 1.39975 0.0530536 -0.0019268
1.33613 1.08861 1.39776 0.0527313 -0.00209744
1.36134 1.08861 1.39557 0.052535 -0.00222079
1.38655 1.08861 1.39324 0.052438 -0.00231102
1.41176 1.08861 1.39073 0.052417 -0.00237404
1.43697 1.08861 1.38817 0.0524588 -0.00242109
1.46218 1.08861 1.38537 0.0525469 -0.00245069
1.48739 1.08861 1.38266 0.0526793 -0.00247691
1.51261 1.08861 1.37957 0.0528395 -0.00248933
1.53782 1.08861 1.37686 0.0530394 -0.00251122
1.56303 1.08861 1.3734 0.0532552 -0.00251816
1.58824 1.08861 1.37088 0.0535202 -0.00255131
1.61345 1.08861 1.36685 0.0537914 -0.00256454
1.63866 1.08861 1.3649 0.0541406 -0.00262691
1.66387 1.08861 1.35989 0.0544854 -0.00266487
1.68908 1.08861 1.35913 0.0549654 -0.00277946
1.71429 1.08861 1.3524 0.0554287 -0.00288101
1.7395 1.08861 1.35386 0.0561277 -0.00307973
1.76471 1.08861 1.34414 0.0568013 -0.00333396
1.78992 1.08861 1.34937 0.0578769 -0.00367148
1.81513 1.08861 1.33465 0.0589445 -0.00427989
1.84034 1.08861 1.34566 0.0606725 -0.0048874
1.86555 1.08861 1.32319 0.0624993 -0.00629579
1.89076 1.08861 1.3415 0.0653485 -0.00756034
1.91597 1.08861 1.30851 0.0686171 -0.0107596
1.94118 1.08861 1.33206 0.0732846 -0.0138318
1.96639 1.08861 1.28789 0.0789326 -0.0210526
1.9916 1.08861 1.30541 0.0857319 -0.028871
2.01681 1.08861 1.25187 0.0926189 -0.0440336
2.04202 1.08861 1.23622 0.0954708 -0.0584423
2.06723 1.08861 1.21268 0.0969528 -0.0723799
2.09244 1.08861 1.2018 0.0969228 -0.0848122
2.11765 1.08861 1.19663 0.0962045 -0.0956925
2.14286 1.08861 1.19663 0.0950381 -0.105071
2.16807 1.08861 1.19909 0.0935948 -0.113113
2.19328 1.08861 1.20231 0.0919203 -0.119994
2.21849 1.08861 1.20522 0.0900227 -0.125878
2.2437 1.08861 1.20741 0.0878994 -0.130897
2.26891 1.08861 1.20882 0.0855526 -0.135147
2.29412 1.08861 1.20963 0.0829926 -0.138701
2.31933 1.08861 1.21001 0.0802351 -0.141608
2.34454 1.08861 1.21015 0.0772991 -0.143905
2.36975 1.08861 1.21017 0.0742045 -0.14562
2.39496 1.08861 1.21014 0.0709708 -0.146773
2.42017 1.08861 1.21013 0.0676171 -0.14738
2.44538 1.08861 1.21014 0.0641619 -0.147454
2.47059 1.08861 1.2102 0.0606233 -0.147001
2.4958 1.08861 1.21031 0.057019 -0.146029
2.52101 1.08861 1.21046 0.0533668 -0.14454
2.54622 1.08861 1.21065 0.0496844 -0.142532
2.57143 1.08861 1.21089 0.0459895 -0.140004
2.59664 1.08861 1.21117 0.0423002 -0.136949
2.62185 1.08861 1.21149 0.0386344 -0.133359
2.64706 1.08861 1.21186 0.0350108 -0.129222
2.67227 1.08861 1.21227 0.031448 -0.124523
2.69748 1.08861 1.21274 0.0279651 -0.119246
2.72269 1.08861 1.21325 0.0245816 -0.11337
2.7479 1.08861 1.21383 0.0213174 -0.106873
2.77311 1.08861 1.21446 0.0181928 -0.0997263
2.79832 1.08861 1.21515 0.015229 -0.0919015
2.82353 1.08861 1.21592 0.0124473 -0.0833646
2.84874 1.08861 1.21676 0.00986982 -0.0740785
2.87395 1.08861 1.21768 0.00751905 -0.0640017
2.89916 1.08861 1.21869 0.00541844 -0.0530889
2.92437 1.08861 1.21977 0.00359149 -0.0412898
2.94958 1.08861 1.22096 0.00206289 -0.0285498
2.97479 1.08861 1.22223 0.000857107 -0.0148081
3 1.08861 1.22361 0 0

0 1.11392 1.50895 0 0
0.0252101 1.11392 1.41907 -0.000874032 0.0128358
0.0504202 1.11392 1.52841 0.00010349 0.030685
0.0756303 1.11392 1.47026 0.0051809 0.0485219
0.10084 1.11392 1.5376 0.00959089 0.0660009
0.12605 1.11392 1.52119 0.0168035 0.082677
0.151261 1.11392 1.5467 0.0227736 0.0973007
0.176471 1.11392 1.55028 0.0293631 0.110849
0.201681 1.11392 1.5601 0.0352598 0.122875
0.226891 1.11392 1.56605 0.0408913 0.133831
0.252101 1.11392 1.57174 0.0460755 0.14375
0.277311 1.11392 1.57638 0.0508969 0.152789
0.302521 1.11392 1.58036 0.0553785 0.161028
0.327731 1.11392 1.58373 0.0595663 0.168539
0.352941 1.11392 1.58657 0.0634987 0.175368
0.378151 1.11392 1.58894 0.0672114 0.181548
0.403361 1.11392 1.59088 0.0707349 0.1871
0.428571 1.11392 1.59243 0.0740958 0.192036
0.453782 1.11392 1.59357 0.0773159 0.196359
0.478992 1.11392 1.59436 0.0804154 0.200066
0.504202 1.11392 1.59473 0.0834091 0.203149
0.529412 1.11392 1.59481 0.0863146 0.20559
0.554622 1.11392 1.59437 0.0891383 0.207376
0.579832 1.11392 1.59379 0.0919038 0.208465
0.605042 1.11392 1.59234 0.0945983 0.208857
0.630252 1.11392 1.59136 0.0972761 0.208449
0.655462 1.11392 1.58823 0.0998626 0.20731
0.680672 1.11392 1.58784 0.102522 0.205173
0.705882 1.11392 1.58091 0.104981 0.202346
0.731092 1.11392 1.58444 0.107748 0.198097
0.756303 1.11392 1.56754 0.109972 0.193415
0.781513 1.11392 1.5843 0.113061 0.186478
0.806723 1.11392 1.54277 0.11485 0.179655
0.831933 1.11392 1.59106 0.118399 0.16945
0.857143 1.11392 1.50382 0.119751 0.159543
0.882353 1.11392 1.59699 0.123073 0.146132
0.907563 1.11392 1.46468 0.124489 0.131069
0.932773 1.11392 1.57317 0.125521 0.115082
0.957983 1.11392 1.44566 0.12633 0.0939186
0.983193 1.11392 1.50818 0.122841 0.0758199
1.0084 1.11392 1.43215 0.11931 0.0534771
1.03361 1.11392 1.43119 0.11017 0.0380381
1.05882 1.11392 1.41503 0.102188 0.0260732
1.08403 1.11392 1.40953 0.0948293 0.017742
1.10924 1.11392 1.4043 0.0887816 0.0117584
1.13445 1.11392 1.40195 0.0838641 0.00757192
1.15966 1.11392 1.40019 0.0799958 0.00458032
1.18487 1.11392 1.39923 0.0769746 0.0024483
1.21008 1.11392 1.39843 0.0746492 0.000903976
1.23529 1.11392 1.39773 0.0728731 -0.000220482
1.2605 1.11392 1.39694 0.0715334 -0.00104834
1.28571 1.11392 1.39602 0.0705374 -0.00166148
1.31092 1.11392 1.3949 0.0698125 -0.00211763
1.33613 1.11392 1.39361 0.0693023 -0.00245853
1.36134 1.11392 1.39205 0.0689611 -0.00271199
1.38655 1.11392 1.39035 0.0687561 -0.00290199
1.41176 1.11392 1.38834 0.0686568 -0.00304115
1.43697 1.11392 1.38629 0.0686472 -0.00314689
1.46218 1.11392 1.38381 0.068704 -0.00322215
1.48739 1.11392 1.38153 0.0688262 -0.00328439
1.51261 1.11392 1.37855 0.0689896 -0.0033282
1.53782 1.11392 1.37623 0.0692124 -0.00337582
1.56303 1.11392 1.3726 0.069459 -0.00341351
1.58824 1.11392 1.37061 0.0697778 -0.00347121
1.61345 1.11392 1.366 0.0701064 -0.00352919
1.63866 1.11392 1.3649 0.070543 -0.00362301
1.66387 1.11392 1.35869 0.0709765 -0.00373871
1.68908 1.11392 1.35937 0.0715839 -0.00390245
1.71429 1.11392 1.3506 0.0721797 -0.00414091
1.7395 1.11392 1.35418 0.0730505 -0.0044283
1.76471 1.11392 1.34167 0.0739235 -0.00491353
1.78992 1.11392 1.34922 0.0752062 -0.00542765
1.81513 1.11392 1.33211 0.0765673 -0.00640502
1.84034 1.11392 1.34371 0.0784899 -0.00737276
1.86555 1.11392 1.32241 0.0806869 -0.00933246
1.89076 1.11392 1.33603 0.0835753 -0.0112852
1.91597 1.11392 1.313 0.0870629 -0.0151878
1.94118 1.11392 1.32403 0.0912298 -0.0193231
1.96639 1.11392 1.30323 0.0961685 -0.0268603
1.9916 1.11392 1.3063 0.101124 -0.0352493
2.01681 1.11392 1.29151 0.105782 -0.0480155
2.04202 1.11392 1.28397 0.108112 -0.0606966
2.06723 1.11392 1.27899 0.109089 -0.0731355
2.09244 1.11392 1.27423 0.108968 -0.0843587
2.11765 1.11392 1.26857 0.108082 -0.0942884
2.14286 1.11392 1.26125 0.106615 -0.102958
2.16807 1.11392 1.25289 0.104679 -0.110513
2.19328 1.11392 1.24445 0.102361 -0.117091
2.21849 1.11392 1.2368 0.099737 -0.122799
2.2437 1.11392 1.23045 0.0968695 -0.127715
2.26891 1.11392 1.22551 0.0938072 -0.131898
2.29412 1.11392 1.22189 0.090584 -0.135394
2.31933 1.11392 1.21934 0.0872228 -0.138241
2.34454 1.11392 1.21759 0.0837392 -0.140476
2.36975 1.11392 1.21642 0.0801459 -0.142126
2.39496 1.11392 1.21566 0.0764542 -0.143217
2.42017 1.11392 1.21516 0.0726762 -0.143768
2.44538 1.11392 1.21486 0.0688248 -0.143796
2.47059 1.11392 1.2147 0.0649136 -0.143309
2.4958 1.11392 1.21464 0.0609574 -0.142317
2.52101 1.11392 1.21466 0.0569714 -0.140822
2.54622 1.11392 1.21476 0.0529717 -0.138825
2.57143 1.11392 1.21491 0.0489747 -0.136323
2.59664 1.11392 1.21512 0.0449973 -0.133312
2.62185 1.11392 1.21539 0.0410568 -0.129783
2.64706 1.11392 1.21572 0.0371711 -0.125725
2.67227 1.11392 1.2161 0.0333585 -0.121124
2.69748 1.11392 1.21655 0.0296379 -0.115965
2.72269 1.11392 1.21705 0.0260289 -0.110227
2.7479 1.11392 1.21763 0.0225515 -0.103889
2.77311 1.11392 1.21827 0.0192265 -0.0969234
2.79832 1.11392 1.21899 0.0160756 -0.0893023
2.82353 1.11392 1.21978 0.013121 -0.0809931
2.84874 1.11392 1.22067 0.0103861 -0.0719597
2.87395 1.11392 1.22164 0.0078946 -0.0621619
2.89916 1.11392 1.22272 0.00567192 -0.0515557
2.92437 1.11392 1.22389 0.00374353 -0.0400921
2.94958 1.11392 1.22518 0.00213684 -0.0277184
2.97479 1.11392 1.22655 0.000879109 -0.0143753
3 1.11392 1.22808 0 0

0 1.13924 1.53158 0 0
0.0252101 1.13924 1.4567 -0.000888111 0.0113032
0.0504202 1.13924 1.54228 -0.000426382 0.0272544
0.0756303 1.13924 1.48245 0.00281763 0.0433054
0.10084 1.13924 1.54386 0.00590013 0.0598647
0.12605 1.13924 1.52021 0.0117341 0.0758602
0.151261 1.13924 1.5471 0.016729 0.0904039
0.176471 1.13924 1.54668 0.0228267 0.104108
0.201681 1.13924 1.55698 0.0284382 0.116415
0.226891 1.13924 1.56193 0.0341036 0.12774
0.252101 1.13924 1.56755 0.0394743 0.138023
0.277311 1.13924 1.57201 0.0446273 0.147416
0.302521 1.13924 1.57594 0.0495313 0.155978
0.327731 1.13924 1.57928 0.0542091 0.163778
0.352941 1.13924 1.58211 0.0586789 0.170864
0.378151 1.13924 1.58448 0.0629636 0.177271
0.403361 1.13924 1.5864 0.0670853 0.183024
0.428571 1.13924 1.58792 0.0710656 0.188138
0.453782 1.13924 1.58902 0.0749229 0.19262
0.478992 1.13924 1.58976 0.0786768 0.196469
0.504202 1.13924 1.59005 0.08234 0.199682
0.529412 1.13924 1.59007 0.0859335 0.202238
0.554622 1.13924 1.58944 0.0894587 0.204136
0.579832 1.13924 1.58887 0.0929514 0.205316
0.605042 1.13924 1.58698 0.0963789 0.205811
0.630252 1.13924 1.58634 0.0998354 0.205466
0.655462 1.13924 1.58202 0.103178 0.204444
0.680672 1.13924 1.58313 0.106691 0.20232
0.705882 1.13924 1.57288 0.109901 0.199658
0.731092 1.13924 1.5812 0.113629 0.195349
0.756303 1.13924 1.55596 0.116562 0.190903
0.781513 1.13924 1.58403 0.120685 0.183902
0.806723 1.13924 1.52711 0.123212 0.177261
0.831933 1.13924 1.59152 0.127564 0.16735
0.857143 1.13924 1.49081 0.129947 0.157308
0.882353 1.13924 1.5879 0.133383 0.14495
0.907563 1.13924 1.46609 0.135988 0.129911
0.932773 1.13924 1.55182 0.136842 0.115386
0.957983 1.13924 1.45914 0.138256 0.0959853
0.983193 1.13924 1.49381 0.135498 0.0793868
1.0084 1.13924 1.44816 0.132666 0.0601611
1.03361 1.13924 1.44257 0.125957 0.0451071
1.05882 1.13924 1.4306 0.119263 0.0327865
1.08403 1.13924 1.42503 0.112714 0.0234662
1.10924 1.13924 1.4201 0.106942 0.0164195
1.13445 1.13924 1.41703 0.102007 0.0112022
1.15966 1.13924 1.41442 0.0979312 0.00732483
1.18487 1.13924 1.41234 0.0946187 0.00445082
1.21008 1.13924 1.41036 0.0919706 0.00230683
1.23529 1.13924 1.40845 0.0898777 0.000701638
1.2605 1.13924 1.40646 0.0882445 -0.000507117
1.28571 1.13924 1.40439 0.0869873 -0.00142164
1.31092 1.13924 1.40217 0.0860357 -0.00211534
1.33613 1.13924 1.39986 0.0853332 -0.00264404
1.36134 1.13924 1.39736 0.0848314 -0.00304565
1.38655 1.13924 1.39481 0.084495 -0.00335364
1.41176 1.13924 1.39203 0.0842902 -0.00358642
1.43697 1.13924 1.38932 0.0841988 -0.00376838
1.46218 1.13924 1.38626 0.0841944 -0.00390535
1.48739 1.13924 1.38346 0.0842742 -0.00402063
1.51261 1.13924 1.38008 0.0844131 -0.0041101
1.53782 1.13924 1.37733 0.0846256 -0.00420106
1.56303 1.13924 1.37355 0.084881 -0.00428156
1.58824 1.13924 1.37101 0.0852168 -0.00438416
1.61345 1.13924 1.36664 0.0855883 -0.00449612
1.63866 1.13924 1.36458 0.086066 -0.00464739
1.66387 1.13924 1.35936 0.0865814 -0.00484652
1.68908 1.13924 1.3581 0.0872513 -0.00509312
1.71429 1.13924 1.35161 0.0879747 -0.00547013
1.7395 1.13924 1.35158 0.0889273 -0.0058848
1.76471 1.13924 1.3433 0.089973 -0.0065965
1.78992 1.13924 1.34489 0.0913504 -0.0073166
1.81513 1.13924 1.33425 0.0929019 -0.0086357
1.84034 1.13924 1.33755 0.0949037 -0.00994776
1.86555 1.13924 1.32417 0.0972163 -0.0123435
1.89076 1.13924 1.32837 0.100065 -0.0148361
1.91597 1.13924 1.31245 0.103373 -0.0190871
1.94118 1.13924 1.31512 0.107119 -0.0238138
1.96639 1.13924 1.2975 0.11124 -0.0310053
1.9916 1.13924 1.29441 0.115141 -0.0392025
2.01681 1.13924 1.27615 0.118573 -0.0497948
2.04202 1.13924 1.2627 0.120352 -0.060836
2.06723 1.13924 1.24723 0.120862 -0.0717832
2.09244 1.13924 1.23383 0.120183 -0.0820978
2.11765 1.13924 1.223 0.118615 -0.0915525
2.14286 1.13924 1.2158 0.116396 -0.100049
2.16807 1.13924 1.21217 0.113736 -0.107565
2.19328 1.13924 1.21139 0.110781 -0.11412
2.21849 1.13924 1.21239 0.107619 -0.119767
2.2437 1.13924 1.21415 0.104296 -0.124576
2.26891 1.13924 1.21596 0.100828 -0.128619
2.29412 1.13924 1.21741 0.0972247 -0.131966
2.31933 1.13924 1.21838 0.0934906 -0.134672
2.34454 1.13924 1.21892 0.0896348 -0.136782
2.36975 1.13924 1.21914 0.0856695 -0.13833
2.39496 1.13924 1.21915 0.0816092 -0.13934
2.42017 1.13924 1.21905 0.0774692 -0.139831
2.44538 1.13924 1.21891 0.0732656 -0.139817
2.47059 1.13924 1.21879 0.0690142 -0.139306
2.4958 1.13924 1.21871 0.0647307 -0.138305
2.52101 1.13924 1.21868 0.0604308 -0.136817
2.54622 1.13924 1.21871 0.0561304 -0.134844
2.57143 1.13924 1.2188 0.0518456 -0.132382
2.59664 1.13924 1.21895 0.047593 -0.129427
2.62185 1.13924 1.21917 0.0433894 -0.125971
2.64706 1.13924 1.21946 0.0392524 -0.122005
2.67227 1.13924 1.21981 0.0352 -0.117514
2.69748 1.13924 1.22023 0.0312511 -0.112484
2.72269 1.13924 1.22073 0.0274252 -0.106895
2.7479 1.13924 1.2213 0.0237426 -0.100727
2.77311 1.13924 1.22195 0.0202246 -0.0939542
2.79832 1.13924 1.22269 0.0168934 -0.0865492
2.82353 1.13924 1.22351 0.013772 -0.0784808
2.84874 1.13924 1.22445 0.0108851 -0.0697142
2.87395 1.13924 1.22547 0.00825773 -0.0602109
2.89916 1.13924 1.22662 0.00591706 -0.0499285
2.92437 1.13924 1.22786 0.00389057 -0.0388199
2.94958 1.13924 1.22925 0.00220832 -0.0268342
2.97479 1.13924 1.23073 0.000900325 -0.0139144
3 1.13924 1.23239 0 0

0 1.16456 1.53379 0 0
0.0252101 1.16456 1.46725 -0.000898404 0.0108816
0.0504202 1.16456 1.5419 -0.000842517 0.0252458
0.0756303 1.16456 1.48827 0.00130325 0.0396859
0.10084 1.16456 1.54551 0.00356335 0.0551206
0.12605 1.16456 1.51946 0.00828335 0.0701454
0.151261 1.16456 1.54765 0.0124616 0.0842895
0.176471 1.16456 1.54397 0.0179949 0.0978007
0.201681 1.16456 1.555 0.0231959 0.110121
0.226891 1.16456 1.55875 0.0287266 0.121591
0.252101 1.16456 1.56429 0.0340983 0.132069
0.277311 1.16456 1.56843 0.0394094 0.141691
0.302521 1.16456 1.57223 0.0445744 0.150483
0.327731 1.16456 1.57545 0.0495998 0.158505
0.352941 1.16456 1.5782 0.0544815 0.165798
0.378151 1.16456 1.58051 0.059229 0.172395
0.403361 1.16456 1.58237 0.0638534 0.17832
0.428571 1.16456 1.58384 0.0683691 0.183588
0.453782 1.16456 1.58486 0.0727885 0.18821
0.478992 1.16456 1.58556 0.0771293 0.192182
0.504202 1.16456 1.58572 0.0813985 0.195508
0.529412 1.16456 1.58573 0.0856218 0.19816
0.554622 1.16456 1.58485 0.0897878 0.200153
0.579832 1.16456 1.58444 0.0939532 0.201402
0.605042 1.16456 1.58188 0.0980457 0.20199
0.630252 1.16456 1.58205 0.102227 0.201674
0.655462 1.16456 1.57584 0.106236 0.200769
0.680672 1.16456 1.57971 0.110547 0.198614
0.705882 1.16456 1.56443 0.114386 0.196128
0.731092 1.16456 1.58003 0.118989 0.191735
0.756303 1.16456 1.54391 0.122512 0.187497
0.781513 1.16456 1.58545 0.127461 0.18053
0.806723 1.16456 1.51354 0.130694 0.173933
0.831933 1.16456 1.59019 0.135465 0.164553
0.857143 1.16456 1.48455 0.138836 0.154313
0.882353 1.16456 1.57549 0.142168 0.143016
0.907563 1.16456 1.47252 0.145611 0.128353
0.932773 1.16456 1.534 0.146545 0.114935
0.957983 1.16456 1.46975 0.148248 0.0974021
0.983193 1.16456 1.48571 0.146388 0.0820083
1.0084 1.16456 1.45694 0.144208 0.0651562
1.03361 1.16456 1.44825 0.13934 0.0509028
1.05882 1.16456 1.43723 0.133952 0.0387678
1.08403 1.16456 1.42991 0.128382 0.0290284
1.10924 1.16456 1.42361 0.123163 0.0213098
1.13445 1.16456 1.41883 0.11848 0.0153081
1.15966 1.16456 1.41485 0.114435 0.0106592
1.18487 1.16456 1.41159 0.11102 0.00707477
1.21008 1.16456 1.40877 0.108192 0.00430852
1.23529 1.16456 1.40627 0.105886 0.00217189
1.2605 1.16456 1.40394 0.104032 0.000518115
1.28571 1.16456 1.40172 0.102563 -0.000764799
1.31092 1.16456 1.3995 0.101416 -0.00176086
1.33613 1.16456 1.39732 0.10054 -0.00253616
1.36134 1.16456 1.39498 0.0998873 -0.00313848
1.38655 1.16456 1.39271 0.0994236 -0.0036088
1.41176 1.16456 1.39014 0.099112 -0.00397429
1.43697 1.16456 1.38776 0.0989352 -0.00426298
1.46218 1.16456 1.38484 0.0988619 -0.00449036
1.48739 1.16456 1.38242 0.0988922 -0.00467793
1.51261 1.16456 1.37902 0.0989934 -0.00483571
1.53782 1.16456 1.37673 0.099187 -0.00498069
1.56303 1.16456 1.37266 0.0994309 -0.00512462
1.58824 1.16456 1.37076 0.0997746 -0.00527681
1.61345 1.16456 1.36574 0.100158 -0.00546313
1.63866 1.16456 1.36459 0.100667 -0.00567449
1.66387 1.16456 1.35825 0.101219 -0.00597381
1.68908 1.16456 1.35824 0.101938 -0.00631144
1.71429 1.16456 1.35024 0.10272 -0.00682741
1.7395 1.16456 1.35158 0.103726 -0.00739469
1.76471 1.16456 1.34182 0.104849 -0.00829265
1.78992 1.16456 1.34422 0.106253 -0.00926739
1.81513 1.16456 1.3331 0.107869 -0.010819
1.84034 1.16456 1.33556 0.109808 -0.0125195
1.86555 1.16456 1.32403 0.112078 -0.0151645
1.89076 1.16456 1.32487 0.114658 -0.0181395
1.91597 1.16456 1.31403 0.117618 -0.022533
1.94118 1.16456 1.31163 0.120718 -0.0275877
1.96639 1.16456 1.30197 0.123952 -0.034466
1.9916 1.16456 1.29604 0.126799 -0.042285
2.01681 1.16456 1.28751 0.12904 -0.0516947
2.04202 1.16456 1.28034 0.130098 -0.0615867
2.06723 1.16456 1.27499 0.130056 -0.0715231
2.09244 1.16456 1.27142 0.129054 -0.0809982
2.11765 1.16456 1.26899 0.127305 -0.0897386
2.14286 1.16456 1.26658 0.12499 -0.097604
2.16807 1.16456 1.26333 0.122234 -0.104568
2.19328 1.16456 1.25889 0.119115 -0.11067
2.21849 1.16456 1.25349 0.115687 -0.115977
2.2437 1.16456 1.24771 0.111997 -0.120554
2.26891 1.16456 1.24214 0.108089 -0.124456
2.29412 1.16456 1.23722 0.104007 -0.127724
2.31933 1.16456 1.23317 0.0997885 -0.13039
2.34454 1.16456 1.23002 0.0954648 -0.13248
2.36975 1.16456 1.22766 0.0910586 -0.134015
2.39496 1.16456 1.22596 0.0865875 -0.135017
2.42017 1.16456 1.22475 0.0820656 -0.135503
2.44538 1.16456 1.2239 0.0775054 -0.135487
2.47059 1.16456 1.22333 0.0729191 -0.134983
2.4958 1.16456 1.22295 0.0683195 -0.133997
2.52101 1.16456 1.22272 0.0637196 -0.132537
2.54622 1.16456 1.22261 0.0591336 -0.130603
2.57143 1.16456 1.2226 0.0545762 -0.128194
2.59664 1.16456 1.22267 0.050063 -0.125308
2.62185 1.16456 1.22283 0.0456102 -0.121938
2.64706 1.16456 1.22307 0.041235 -0.118073
2.67227 1.16456 1.22339 0.0369551 -0.113703
2.69748 1.16456 1.22379 0.0327894 -0.108812
2.72269 1.16456 1.22427 0.0287574 -0.103383
2.7479 1.16456 1.22484 0.0248796 -0.0973961
2.77311 1.16456 1.22549 0.0211778 -0.090827
2.79832 1.16456 1.22625 0.0176747 -0.0836497
2.82353 1.16456 1.2271 0.0143944 -0.0758343
2.84874 1.16456 1.22808 0.0113623 -0.067348
2.87395 1.16456 1.22915 0.00860514 -0.0581539
2.89916 1.16456 1.23036 0.00615165 -0.0482117
2.92437 1.16456 1.23168 0.00403129 -0.0374764
2.94958 1.16456 1.23317 0.00227671 -0.0258994
2.97479 1.16456 1.23475 0.000920581 -0.0134265
3 1.16456 1.23653 0 0

0 1.18987 1.53879 0 0
0.0252101 1.18987 1.48268 -0.000847865 0.0103186
0.0504202 1.18987 1.54491 -0.000930914 0.0235581
0.0756303 1.18987 1.49621 0.00049713 0.0367845
0.10084 1.18987 1.5476 0.00219707 0.0511928
0.12605 1.18987 1.52037 0.00601101 0.0652466
0.151261 1.18987 1.54862 0.00952045 0.0788537
0.176471 1.18987 1.54215 0.0144847 0.0919638
0.201681 1.18987 1.55384 0.0192413 0.104107
0.226891 1.18987 1.55626 0.0245455 0.115535
0.252101 1.18987 1.56178 0.029802 0.126051
0.277311 1.18987 1.56549 0.0351495 0.135773
0.302521 1.18987 1.56912 0.0404517 0.144691
0.327731 1.18987 1.57217 0.0457074 0.152855
0.352941 1.18987 1.5748 0.050892 0.160291
0.378151 1.18987 1.57701 0.0560025 0.167027
0.403361 1.18987 1.57878 0.0610383 0.173083
0.428571 1.18987 1.58018 0.0660065 0.178471
0.453782 1.18987 1.5811 0.0709111 0.183203
0.478992 1.18987 1.58176 0.075768 0.187272
0.504202 1.18987 1.58176 0.0805743 0.190691
0.529412 1.18987 1.58183 0.085364 0.193416
0.554622 1.18987 1.58056 0.0901024 0.195491
0.579832 1.18987 1.58058 0.0948813 0.196782
0.605042 1.18987 1.57695 0.0995604 0.19746
0.630252 1.18987 1.57867 0.104411 0.19714
0.655462 1.18987 1.5695 0.108987 0.196363
0.680672 1.18987 1.57782 0.114034 0.194146
0.705882 1.18987 1.55542 0.11839 0.191842
0.731092 1.18987 1.58076 0.123756 0.187391
0.756303 1.18987 1.53207 0.127802 0.183297
0.781513 1.18987 1.58713 0.133333 0.176526
0.806723 1.18987 1.50357 0.137289 0.169843
0.831933 1.18987 1.58581 0.142185 0.161156
0.857143 1.18987 1.48423 0.146433 0.150801
0.882353 1.18987 1.56171 0.149673 0.140427
0.907563 1.18987 1.4806 0.153629 0.126465
0.932773 1.18987 1.52056 0.154875 0.113898
0.957983 1.18987 1.47732 0.156732 0.0981254
0.983193 1.18987 1.48186 0.155749 0.0837936
1.0084 1.18987 1.4627 0.154193 0.068738
1.03361 1.18987 1.45348 0.150707 0.0553393
1.05882 1.18987 1.44387 0.146488 0.0435746
1.08403 1.18987 1.43668 0.141896 0.0337045
1.10924 1.18987 1.43062 0.137365 0.0255784
1.13445 1.18987 1.42581 0.133126 0.0190128
1.15966 1.18987 1.42178 0.12932 0.013757
1.18487 1.18987 1.41838 0.125998 0.00958067
1.21008 1.18987 1.41535 0.123162 0.00627355
1.23529 1.18987 1.41258 0.120784 0.00366036
1.2605 1.18987 1.40991 0.11882 0.00159767
1.28571 1.18987 1.40732 0.117223 -3.0532e-05
1.31092 1.18987 1.40467 0.115942 -0.00131464
1.33613 1.18987 1.40204 0.114935 -0.00232868
1.36134 1.18987 1.39925 0.114158 -0.00312798
1.38655 1.18987 1.39649 0.11358 -0.00376076
1.41176 1.18987 1.39349 0.113168 -0.00426072
1.43697 1.18987 1.39062 0.112901 -0.00466121
1.46218 1.18987 1.38736 0.112752 -0.00498361
1.48739 1.18987 1.38442 0.112716 -0.00525213
1.51261 1.18987 1.38087 0.112767 -0.0054838
1.53782 1.18987 1.37794 0.112916 -0.00569433
1.56303 1.18987 1.37406 0.113135 -0.00590669
1.58824 1.18987 1.37121 0.113451 -0.00612198
1.61345 1.18987 1.36691 0.113833 -0.00638626
1.63866 1.18987 1.36425 0.114326 -0.00667062
1.66387 1.18987 1.35943 0.114896 -0.0070727
1.68908 1.18987 1.35705 0.115606 -0.00750728
1.71429 1.18987 1.35158 0.116416 -0.00816501
1.7395 1.18987 1.34952 0.117408 -0.00887114
1.76471 1.18987 1.34327 0.118543 -0.00995711
1.78992 1.18987 1.34147 0.119905 -0.0111332
1.81513 1.18987 1.33437 0.121467 -0.0129054
1.84034 1.18987 1.33255 0.123286 -0.0148767
1.86555 1.18987 1.32463 0.125351 -0.0177133
1.89076 1.18987 1.32217 0.127638 -0.0209696
1.91597 1.18987 1.31359 0.130131 -0.025371
1.94118 1.18987 1.30957 0.132659 -0.0304976
1.96639 1.18987 1.30057 0.135136 -0.036921
1.9916 1.18987 1.29409 0.137208 -0.0442224
2.01681 1.18987 1.2848 0.138711 -0.0525246
2.04202 1.18987 1.27576 0.139291 -0.0612752
2.06723 1.18987 1.26618 0.138943 -0.0700801
2.09244 1.18987 1.25654 0.137709 -0.0785942
2.11765 1.18987 1.24709 0.135698 -0.0865983
2.14286 1.18987 1.23846 0.133033 -0.0939723
2.16807 1.18987 1.23138 0.129838 -0.10066
2.19328 1.18987 1.22635 0.126233 -0.106637
2.21849 1.18987 1.22348 0.122326 -0.111898
2.2437 1.18987 1.22245 0.1182 -0.11645
2.26891 1.18987 1.22271 0.113916 -0.120315
2.29412 1.18987 1.22362 0.109511 -0.123524
2.31933 1.18987 1.22471 0.105005 -0.126114
2.34454 1.18987 1.22564 0.100412 -0.128123
2.36975 1.18987 1.22628 0.0957402 -0.129585
2.39496 1.18987 1.22663 0.0910019 -0.130527
2.42017 1.18987 1.22674 0.0862089 -0.130971
2.44538 1.18987 1.22669 0.0813754 -0.130932
2.47059 1.18987 1.22656 0.0765163 -0.130423
2.4958 1.18987 1.22641 0.0716469 -0.129451
2.52101 1.18987 1.22627 0.0667829 -0.128019
2.54622 1.18987 1.22618 0.0619397 -0.126131
2.57143 1.18987 1.22615 0.0571334 -0.123784
2.59664 1.18987 1.2262 0.05238 -0.120975
2.62185 1.18987 1.22632 0.0476962 -0.117699
2.64706 1.18987 1.22653 0.0430992 -0.113946
2.67227 1.18987 1.22682 0.0386069 -0.109705
2.69748 1.18987 1.22719 0.0342382 -0.104963
2.72269 1.18987 1.22766 0.0300129 -0.0997036
2.7479 1.18987 1.22823 0.0259519 -0.093907
2.77311 1.18987 1.22889 0.0220772 -0.0875516
2.79832 1.18987 1.22966 0.0184125 -0.0806126
2.82353 1.18987 1.23054 0.0149823 -0.0730618
2.84874 1.18987 1.23155 0.0118134 -0.0648683
2.87395 1.18987 1.23267 0.00893367 -0.0559971
2.89916 1.18987 1.23395 0.00637358 -0.0464104
2.92437 1.18987 1.23534 0.00416444 -0.0360655
2.94958 1.18987 1.23691 0.0023414 -0.0249169
2.97479 1.18987 1.23859 0.000939713 -0.0129132
3 1.18987 1.24049 0 0

0 1.21519 1.54032 0 0
0.0252101 1.21519 1.49269 -0.00079792 0.00996456
0.0504202 1.21519 1.54531 -0.000968535 0.0222736
0.0756303 1.21519 1.50298 1.61854e-05 0.0344841
0.10084 1.21519 1.54853 0.00137255 0.0479231
0.12605 1.21519 1.52205 0.00449869 0.0610297
0.151261 1.21519 1.54951 0.00750884 0.0740155
0.176471 1.21519 1.54108 0.0119575 0.0865906
0.201681 1.21519 1.55326 0.0163009 0.0984198
0.226891 1.21519 1.55435 0.0213434 0.109654
0.252101 1.21519 1.55988 0.0264238 0.120074
0.277311 1.21519 1.56309 0.0317293 0.129777
0.302521 1.21519 1.56654 0.0370789 0.13872
0.327731 1.21519 1.56938 0.0424737 0.14694
0.352941 1.21519 1.57186 0.0478703 0.154448
0.378151 1.21519 1.57394 0.0532564 0.161263
0.403361 1.21519 1.57559 0.0586203 0.167402
0.428571 1.21519 1.57692 0.0639623 0.172869
0.453782 1.21519 1.57771 0.0692764 0.177679
0.478992 1.21519 1.57836 0.0745789 0.181814
0.504202 1.21519 1.57812 0.0798506 0.185303
0.529412 1.21519 1.57839 0.0851424 0.188073
0.554622 1.21519 1.57651 0.0903784 0.19022
0.579832 1.21519 1.57737 0.0957119 0.191523
0.605042 1.21519 1.57203 0.100891 0.192295
0.630252 1.21519 1.57638 0.106355 0.191939
0.655462 1.21519 1.56277 0.111396 0.191305
0.680672 1.21519 1.57757 0.11711 0.189015
0.705882 1.21519 1.54597 0.121896 0.18688
0.731092 1.21519 1.58275 0.127882 0.182447
0.756303 1.21519 1.52149 0.132442 0.178403
0.781513 1.21519 1.58756 0.138306 0.171999
0.806723 1.21519 1.49802 0.142994 0.165161
0.831933 1.21519 1.57842 0.147857 0.157212
0.857143 1.21519 1.48801 0.152801 0.14693
0.882353 1.21519 1.54851 0.156077 0.137288
0.907563 1.21519 1.48814 0.160302 0.124245
0.932773 1.21519 1.51126 0.161994 0.112384
0.957983 1.21519 1.48237 0.163987 0.0981762
0.983193 1.21519 1.48048 0.16379 0.0848374
1.0084 1.21519 1.46665 0.162852 0.0712017
1.03361 1.21519 1.4576 0.16046 0.058669
1.05882 1.21519 1.44882 0.157279 0.0474069
1.08403 1.21519 1.44158 0.153622 0.0376521
1.10924 1.21519 1.43527 0.149834 0.0293778
1.13445 1.21519 1.42991 0.146144 0.0224872
1.15966 1.21519 1.42522 0.142707 0.0168155
1.18487 1.21519 1.42109 0.139606 0.0121883
1.21008 1.21519 1.41734 0.136877 0.00843461
1.23529 1.21519 1.41392 0.134525 0.00540127
1.2605 1.21519 1.41067 0.13253 0.00295658
1.28571 1.21519 1.40762 0.130865 0.000989345
1.31092 1.21519 1.40459 0.129495 -0.000591258
1.33613 1.21519 1.4017 0.128389 -0.00186076
1.36134 1.21519 1.3987 0.127511 -0.00287961
1.38655 1.21519 1.39588 0.126835 -0.00369839
1.41176 1.21519 1.39276 0.126328 -0.00435812
1.43697 1.21519 1.38997 0.125975 -0.00489276
1.46218 1.21519 1.38662 0.125748 -0.00533298
1.48739 1.21519 1.38389 0.125645 -0.00570069
1.51261 1.21519 1.38019 0.125635 -0.00602443
1.53782 1.21519 1.37758 0.125734 -0.00631482
1.56303 1.21519 1.3734 0.125908 -0.00660749
1.58824 1.21519 1.37103 0.126188 -0.00689867
1.61345 1.21519 1.36624 0.126538 -0.00724311
1.63866 1.21519 1.3642 0.127005 -0.00761573
1.66387 1.21519 1.35871 0.12755 -0.00810679
1.68908 1.21519 1.357 0.12823 -0.00865964
1.71429 1.21519 1.35082 0.129014 -0.00942084
1.7395 1.21519 1.34929 0.129954 -0.0102913
1.76471 1.21519 1.34259 0.131038 -0.0114957
1.78992 1.21519 1.34085 0.132295 -0.0128867
1.81513 1.21519 1.33393 0.133737 -0.014781
1.84034 1.21519 1.33143 0.135349 -0.0169898
1.86555 1.21519 1.32458 0.137153 -0.01991
1.89076 1.21519 1.32081 0.139065 -0.0233323
1.91597 1.21519 1.31409 0.141079 -0.0276708
1.94118 1.21519 1.30885 0.143022 -0.0327095
1.96639 1.21519 1.30206 0.1448 -0.0387445
1.9916 1.21519 1.2957 0.146166 -0.0455172
2.01681 1.21519 1.2889 0.146958 -0.0530322
2.04202 1.21519 1.28244 0.146973 -0.0609392
2.06723 1.21519 1.27675 0.146165 -0.0689498
2.09244 1.21519 1.27217 0.144569 -0.0767836
2.11765 1.21519 1.26886 0.142278 -0.0842272
2.14286 1.21519 1.26663 0.139412 -0.0911283
2.16807 1.21519 1.26498 0.136088 -0.0973932
2.19328 1.21519 1.26328 0.1324 -0.102979
2.21849 1.21519 1.26099 0.128415 -0.107882
2.2437 1.21519 1.25791 0.12418 -0.112127
2.26891 1.21519 1.25412 0.119726 -0.115749
2.29412 1.21519 1.24997 0.115087 -0.118786
2.31933 1.21519 1.24584 0.110292 -0.121267
2.34454 1.21519 1.24207 0.105376 -0.123219
2.36975 1.21519 1.23885 0.100369 -0.124659
2.39496 1.21519 1.23624 0.0952967 -0.125602
2.42017 1.21519 1.23423 0.090182 -0.126061
2.44538 1.21519 1.23272 0.0850432 -0.126047
2.47059 1.21519 1.23161 0.0798962 -0.125571
2.4958 1.21519 1.23083 0.0747552 -0.12464
2.52101 1.21519 1.23029 0.0696339 -0.12326
2.54622 1.21519 1.22994 0.0645461 -0.121434
2.57143 1.21519 1.22974 0.0595063 -0.119162
2.59664 1.21519 1.22967 0.0545296 -0.116442
2.62185 1.21519 1.22971 0.0496317 -0.11327
2.64706 1.21519 1.22986 0.0448296 -0.109637
2.67227 1.21519 1.2301 0.040141 -0.105535
2.69748 1.21519 1.23045 0.0355846 -0.100951
2.72269 1.21519 1.2309 0.0311805 -0.0958687
2.7479 1.21519 1.23146 0.0269497 -0.0902717
2.77311 1.21519 1.23213 0.0229148 -0.0841393
2.79832 1.21519 1.23291 0.0190999 -0.0774483
2.82353 1.21519 1.23382 0.0155305 -0.0701725
2.84874 1.21519 1.23486 0.0122343 -0.0622831
2.87395 1.21519 1.23602 0.00924036 -0.0537476
2.89916 1.21519 1.23736 0.00658085 -0.0445304
2.92437 1.21519 1.23881 0.00428884 -0.0345921
2.94958 1.21519 1.24047 0.00240184 -0.0238899
2.97479 1.21519 1.24223 0.000957565 -0.0123761
3 1.21519 1.24425 0 0

0 1.24051 1.54097 0 0
0.0252101 1.24051 1.50134 -0.000754093 0.00960534
0.0504202 1.24051 1.5454 -0.00095255 0.0211486
0.0756303 1.24051 1.50905 -0.000246944 0.0325274
0.10084 1.24051 1.54885 0.00089295 0.0450886
0.12605 1.24051 1.5241 0.0035039 0.0573225
0.151261 1.24051 1.55009 0.00615 0.069657
0.176471 1.24051 1.54053 0.0101539 0.0816299
0.201681 1.24051 1.55295 0.0141421 0.0930558
0.226891 1.24051 1.55286 0.0189208 0.103981
0.252101 1.24051 1.55844 0.0238028 0.114199
0.277311 1.24051 1.56112 0.0290206 0.123779
0.302521 1.24051 1.5644 0.034357 0.132653
0.327731 1.24051 1.56701 0.0398231 0.140847
0.352941 1.24051 1.56932 0.0453588 0.148357
0.378151 1.24051 1.57127 0.0509471 0.155191
0.403361 1.24051 1.57277 0.056565 0.161361
0.428571 1.24051 1.57404 0.0622091 0.166861
0.453782 1.24051 1.57465 0.0678605 0.171713
0.478992 1.24051 1.57537 0.073541 0.17588
0.504202 1.24051 1.57476 0.0792056 0.179417
0.529412 1.24051 1.57547 0.084937 0.182201
0.554622 1.24051 1.57259 0.0905924 0.184412
0.579832 1.24051 1.57496 0.096424 0.185697
0.605042 1.24051 1.56693 0.102013 0.186571
0.630252 1.24051 1.57535 0.108034 0.186155
0.655462 1.24051 1.55554 0.11345 0.185669
0.680672 1.24051 1.5788 0.119743 0.183326
0.705882 1.24051 1.53653 0.124911 0.181315
0.731092 1.24051 1.58501 0.131347 0.177017
0.756303 1.24051 1.51325 0.136443 0.172925
0.781513 1.24051 1.58571 0.142432 0.167016
0.806723 1.24051 1.49679 0.147808 0.16004
0.831933 1.24051 1.56904 0.152614 0.152768
0.857143 1.24051 1.49383 0.158042 0.142781
0.882353 1.24051 1.53724 0.161499 0.133704
0.907563 1.24051 1.49415 0.165845 0.121673
0.932773 1.24051 1.50533 0.168023 0.110461
0.957983 1.24051 1.48565 0.170183 0.0976004
0.983193 1.24051 1.48051 0.170661 0.0852042
1.0084 1.24051 1.46965 0.170321 0.0727346
1.03361 1.24051 1.4611 0.168822 0.0610314
1.05882 1.24051 1.453 0.166544 0.0503215
1.08403 1.24051 1.44596 0.163739 0.0408153
1.10924 1.24051 1.43972 0.16068 0.0325518
1.13445 1.24051 1.43427 0.157573 0.0254948
1.15966 1.24051 1.42944 0.154572 0.0195452
1.18487 1.24051 1.42514 0.151778 0.0145792
1.21008 1.24051 1.42122 0.149249 0.0104649
1.23529 1.24051 1.41763 0.14701 0.00707522
1.2605 1.24051 1.41422 0.145064 0.00429479
1.28571 1.24051 1.411 0.143403 0.00202139
1.31092 1.24051 1.40781 0.142004 0.000167725
1.33613 1.24051 1.40472 0.140848 -0.00134105
1.36134 1.24051 1.40155 0.139906 -0.00256774
1.38655 1.24051 1.39848 0.139158 -0.00356501
1.41176 1.24051 1.39522 0.138578 -0.0043788
1.43697 1.24051 1.3921 0.138151 -0.00504491
1.46218 1.24051 1.38868 0.137854 -0.00560063
1.48739 1.24051 1.38551 0.13768 -0.00606759
1.51261 1.24051 1.38188 0.137609 -0.00648326
1.53782 1.24051 1.37867 0.137643 -0.00685434
1.56303 1.24051 1.37481 0.137764 -0.007229
1.58824 1.24051 1.37156 0.137985 -0.00759455
1.61345 1.24051 1.36744 0.138289 -0.00802299
1.63866 1.24051 1.36419 0.138696 -0.00847503
1.66387 1.24051 1.35978 0.139194 -0.0090615
1.68908 1.24051 1.3565 0.139806 -0.0097094
1.71429 1.24051 1.35177 0.140525 -0.010582
1.7395 1.24051 1.34843 0.141374 -0.0115709
1.76471 1.24051 1.34335 0.14235 -0.0128975
1.78992 1.24051 1.33984 0.143465 -0.0144283
1.81513 1.24051 1.33441 0.144718 -0.016432
1.84034 1.24051 1.33054 0.146093 -0.0187735
1.86555 1.24051 1.32476 0.147579 -0.0217351
1.89076 1.24051 1.32028 0.149113 -0.0252037
1.91597 1.24051 1.31418 0.15065 -0.0294167
1.94118 1.24051 1.30887 0.152061 -0.0342775
1.96639 1.24051 1.30247 0.153246 -0.0398993
1.9916 1.24051 1.29633 0.154029 -0.0461453
2.01681 1.24051 1.28971 0.154286 -0.0529363
2.04202 1.24051 1.28307 0.153884 -0.0600453
2.06723 1.24051 1.27638 0.152779 -0.0672408
2.09244 1.24051 1.26969 0.150982 -0.0743031
2.11765 1.24051 1.26296 0.148544 -0.0810567
2.14286 1.24051 1.25623 0.145536 -0.0873785
2.16807 1.24051 1.24969 0.142029 -0.0931946
2.19328 1.24051 1.24371 0.138097 -0.0984672
2.21849 1.24051 1.2387 0.133813 -0.10318
2.2437 1.24051 1.235 0.129246 -0.107326
2.26891 1.24051 1.23268 0.124463 -0.110905
2.29412 1.24051 1.23159 0.119518 -0.113922
2.31933 1.24051 1.23141 0.114456 -0.116385
2.34454 1.24051 1.23175 0.109306 -0.11831
2.36975 1.24051 1.23228 0.10409 -0.119719
2.39496 1.24051 1.23277 0.0988231 -0.120633
2.42017 1.24051 1.2331 0.0935173 -0.121069
2.44538 1.24051 1.23326 0.0881858 -0.121047
2.47059 1.24051 1.23327 0.0828422 -0.120577
2.4958 1.24051 1.23318 0.0775012 -0.11967
2.52101 1.24051 1.23305 0.0721784 -0.11833
2.54622 1.24051 1.23292 0.0668896 -0.116562
2.57143 1.24051 1.23282 0.0616512 -0.114365
2.59664 1.24051 1.23279 0.0564799 -0.111737
2.62185 1.24051 1.23284 0.0513927 -0.108674
2.64706 1.24051 1.23297 0.0464072 -0.105168
2.67227 1.24051 1.2332 0.0415417 -0.101211
2.69748 1.24051 1.23354 0.0368156 -0.0967907
2.72269 1.24051 1.23398 0.0322491 -0.0918938
2.7479 1.24051 1.23453 0.0278638 -0.086504
2.77311 1.24051 1.2352 0.0236827 -0.0806025
2.79832 1.24051 1.236 0.0197307 -0.0741681
2.82353 1.24051 1.23692 0.0160339 -0.0671768
2.84874 1.24051 1.23799 0.0126211 -0.0596017
2.87395 1.24051 1.2392 0.00952242 -0.0514132
2.89916 1.24051 1.24058 0.0067716 -0.0425785
2.92437 1.24051 1.24209 0.00440339 -0.0330612
2.94958 1.24051 1.24383 0.00245751 -0.0228221
2.97479 1.24051 1.24568 0.000973998 -0.0118171
3 1.24051 1.2478 0 0

0 1.26582 1.54103 0 0
0.0252101 1.26582 1.50847 -0.000713967 0.00927094
0.0504202 1.26582 1.54505 -0.000918725 0.0201405
0.0756303 1.26582 1.51457 -0.000384859 0.0308031
0.10084 1.26582 1.54877 0.000626483 0.0425617
0.12605 1.26582 1.52646 0.00285844 0.0539959
0.151261 1.26582 1.55044 0.00524772 0.0656739
0.176471 1.26582 1.54044 0.00887994 0.0770179
0.201681 1.26582 1.5528 0.0125777 0.0879841
0.226891 1.26582 1.55174 0.0171081 0.0985216
0.252101 1.26582 1.55736 0.021793 0.108456
0.277311 1.26582 1.5595 0.0268998 0.117826
0.302521 1.26582 1.56264 0.0321844 0.126552
0.327731 1.26582 1.565 0.037673 0.134645
0.352941 1.26582 1.56713 0.043291 0.14209
0.378151 1.26582 1.56895 0.0490208 0.148884
0.403361 1.26582 1.57029 0.0548284 0.155034
0.428571 1.26582 1.57152 0.0607111 0.160522
0.453782 1.26582 1.57188 0.0666321 0.165381
0.478992 1.26582 1.5728 0.0726285 0.169541
0.504202 1.26582 1.57159 0.078614 0.173106
0.529412 1.26582 1.57314 0.0847272 0.175871
0.554622 1.26582 1.56866 0.0907216 0.178142
0.579832 1.26582 1.57349 0.0969986 0.179378
0.605042 1.26582 1.56148 0.10291 0.18036
0.630252 1.26582 1.57565 0.109428 0.179873
0.655462 1.26582 1.54787 0.115147 0.179524
0.680672 1.26582 1.58106 0.121911 0.177182
0.705882 1.26582 1.52785 0.127453 0.175223
0.731092 1.26582 1.58642 0.134156 0.171185
0.756303 1.26582 1.50812 0.139807 0.166974
0.781513 1.26582 1.58133 0.145789 0.161615
0.806723 1.26582 1.499 0.15175 0.154599
0.831933 1.26582 1.55907 0.156558 0.147886
0.857143 1.26582 1.49999 0.162277 0.138387
0.882353 1.26582 1.52848 0.166018 0.129764
0.907563 1.26582 1.49847 0.17042 0.118739
0.932773 1.26582 1.50189 0.17306 0.108164
0.957983 1.26582 1.48784 0.175428 0.0964567
0.983193 1.26582 1.48128 0.176481 0.084954
1.0084 1.26582 1.47213 0.176705 0.0734789
1.03361 1.26582 1.46411 0.175959 0.0625586
1.05882 1.26582 1.45654 0.174468 0.0524211
1.08403 1.26582 1.44971 0.172433 0.0432528
1.10924 1.26582 1.44353 0.170066 0.0351254
1.13445 1.26582 1.43797 0.167547 0.0280423
1.15966 1.26582 1.43292 0.16502 0.0219512
1.18487 1.26582 1.42833 0.162589 0.016769
1.21008 1.26582 1.42407 0.160323 0.0123975
1.23529 1.26582 1.42012 0.158264 0.00873442
1.2605 1.26582 1.41633 0.156429 0.00568144
1.28571 1.26582 1.41276 0.154825 0.00314786
1.31092 1.26582 1.40922 0.153443 0.00105229
1.33613 1.26582 1.40585 0.152274 -0.000676255
1.36134 1.26582 1.40239 0.151297 -0.00210064
1.38655 1.26582 1.39913 0.1505 -0.00327315
1.41176 1.26582 1.39563 0.149861 -0.00424243
1.43697 1.26582 1.39243 0.149371 -0.0050454
1.46218 1.26582 1.38881 0.149006 -0.00572253
1.48739 1.26582 1.38566 0.148764 -0.00629812
1.51261 1.26582 1.38183 0.148625 -0.00681088
1.53782 1.26582 1.37873 0.148592 -0.00727376
1.56303 1.26582 1.37465 0.148647 -0.00773056
1.58824 1.26582 1.37159 0.1488 -0.00818265
1.61345 1.26582 1.36722 0.149036 -0.00868629
1.63866 1.26582 1.36418 0.149371 -0.0092303
1.66387 1.26582 1.35952 0.149792 -0.009891
1.68908 1.26582 1.35644 0.150315 -0.010644
1.71429 1.26582 1.35153 0.150937 -0.0115925
1.7395 1.26582 1.34826 0.151663 -0.0127003
1.76471 1.26582 1.34318 0.152497 -0.0141001
1.78992 1.26582 1.33955 0.15343 -0.0157496
1.81513 1.26582 1.33435 0.154466 -0.0178054
1.84034 1.26582 1.3302 0.155569 -0.0202264
1.86555 1.26582 1.32489 0.156729 -0.0231744
1.89076 1.26582 1.32013 0.157875 -0.0266119
1.91597 1.26582 1.31463 0.15896 -0.0306682
1.94118 1.26582 1.30929 0.159877 -0.0352941
1.96639 1.26582 1.30356 0.160532 -0.040533
1.9916 1.26582 1.29784 0.160795 -0.0462879
2.01681 1.26582 1.29204 0.160564 -0.052475
2.04202 1.26582 1.28639 0.159742 -0.0589299
2.06723 1.26582 1.28105 0.158288 -0.0654775
2.09244 1.26582 1.27624 0.156199 -0.0719463
2.11765 1.26582 1.27213 0.153514 -0.0781885
2.14286 1.26582 1.26884 0.150292 -0.0840863
2.16807 1.26582 1.26639 0.14661 -0.0895512
2.19328 1.26582 1.26459 0.142544 -0.0945216
2.21849 1.26582 1.26313 0.138164 -0.0989596
2.2437 1.26582 1.26162 0.13353 -0.102849
2.26891 1.26582 1.25974 0.128685 -0.106191
2.29412 1.26582 1.25735 0.123659 -0.109001
2.31933 1.26582 1.25452 0.118481 -0.111299
2.34454 1.26582 1.25144 0.113173 -0.113107
2.36975 1.26582 1.24837 0.107762 -0.114444
2.39496 1.26582 1.24553 0.102275 -0.115325
2.42017 1.26582 1.24306 0.0967363 -0.11576
2.44538 1.26582 1.24103 0.0911699 -0.115758
2.47059 1.26582 1.23943 0.0855969 -0.115327
2.4958 1.26582 1.23821 0.0800358 -0.114471
2.52101 1.26582 1.23732 0.0745035 -0.113196
2.54622 1.26582 1.23669 0.0690158 -0.111504
2.57143 1.26582 1.23627 0.0635881 -0.109396
2.59664 1.26582 1.23604 0.058236 -0.106871
2.62185 1.26582 1.23595 0.0529759 -0.103925
2.64706 1.26582 1.236 0.0478246 -0.100554
2.67227 1.26582 1.23618 0.0428002 -0.0967484
2.69748 1.26582 1.23647 0.0379219 -0.0924993
2.72269 1.26582 1.23689 0.03321 -0.087794
2.7479 1.26582 1.23743 0.0286864 -0.0826181
2.77311 1.26582 1.2381 0.0243744 -0.0769547
2.79832 1.26582 1.23891 0.0202993 -0.0707845
2.82353 1.26582 1.23984 0.016488 -0.0640858
2.84874 1.26582 1.24094 0.0129703 -0.0568343
2.87395 1.26582 1.24218 0.00977732 -0.0490029
2.89916 1.26582 1.24361 0.00694414 -0.040562
2.92437 1.26582 1.24518 0.00450708 -0.0314787
2.94958 1.26582 1.24698 0.00250794 -0.0217175
2.97479 1.26582 1.24891 0.000988882 -0.0112385
3 1.26582 1.25113 0 0

0 1.29114 1.54049 0 0
0.0252101 1.29114 1.51415 -0.000682178 0.00893493
0.0504202 1.29114 1.54434 -0.000880002 0.0191925
0.0756303 1.29114 1.51924 -0.000448402 0.0292254
0.10084 1.29114 1.5483 0.000488059 0.0402452
0.12605 1.29114 1.52881 0.00244604 0.0509494
0.151261 1.29114 1.55047 0.00465792 0.0619795
0.176471 1.29114 1.54067 0.00798741 0.0726933
0.201681 1.29114 1.55266 0.0114562 0.083166
0.226891 1.29114 1.5509 0.0157625 0.093262
0.252101 1.29114 1.55652 0.0202655 0.102853
0.277311 1.29114 1.55817 0.0252521 0.111947
0.302521 1.29114 1.56117 0.0304625 0.120458
0.327731 1.29114 1.56329 0.0359397 0.128386
0.352941 1.29114 1.56525 0.0415965 0.135706
0.378151 1.29114 1.56696 0.047419 0.142404
0.403361 1.29114 1.56808 0.0533612 0.148488
0.428571 1.29114 1.56937 0.0594274 0.153918
0.453782 1.29114 1.56934 0.0655552 0.158749
0.478992 1.29114 1.57069 0.0718121 0.162865
0.504202 1.29114 1.56852 0.0780479 0.16644
0.529412 1.29114 1.5715 0.0844914 0.169151
0.554622 1.29114 1.56455 0.0907453 0.17148
0.579832 1.29114 1.57307 0.0974174 0.172641
0.605042 1.29114 1.55557 0.103573 0.173731
0.630252 1.29114 1.57717 0.110517 0.173182
0.655462 1.29114 1.54011 0.116498 0.172931
0.680672 1.29114 1.58362 0.123601 0.170673
0.705882 1.29114 1.52076 0.129534 0.168684
0.731092 1.29114 1.58612 0.136342 0.165008
0.756303 1.29114 1.5063 0.142532 0.160662
0.781513 1.29114 1.5749 0.148458 0.155831
0.806723 1.29114 1.50334 0.15486 0.148919
0.831933 1.29114 1.54973 0.159762 0.142639
0.857143 1.29114 1.50543 0.165624 0.133754
0.882353 1.29114 1.5222 0.169694 0.125537
0.907563 1.29114 1.50137 0.17414 0.115452
0.932773 1.29114 1.50014 0.177189 0.105518
0.957983 1.29114 1.48944 0.179797 0.094805
0.983193 1.29114 1.48242 0.181344 0.0841431
1.0084 1.29114 1.4743 0.182088 0.0735429
1.03361 1.29114 1.46677 0.181986 0.063357
1.05882 1.29114 1.45963 0.181184 0.0537929
1.08403 1.29114 1.45303 0.179837 0.0450146
1.10924 1.29114 1.44694 0.178111 0.0371075
1.13445 1.29114 1.44136 0.17616 0.0300992
1.15966 1.29114 1.43622 0.174112 0.0239698
1.18487 1.29114 1.43148 0.172068 0.018668
1.21008 1.29114 1.42705 0.170103 0.0141233
1.23529 1.29114 1.42291 0.168267 0.0102568
1.2605 1.29114 1.41896 0.16659 0.00698747
1.28571 1.29114 1.4152 0.165088 0.00423749
1.31092 1.29114 1.41152 0.163764 0.00193344
1.33613 1.29114 1.40797 0.162618 1.02359e-05
1.36134 1.29114 1.40441 0.161638 -0.00159316
1.38655 1.29114 1.40096 0.160818 -0.00292691
1.41176 1.29114 1.3974 0.160142 -0.00404152
1.43697 1.29114 1.39397 0.159602 -0.00497309
1.46218 1.29114 1.39034 0.159182 -0.00576628
1.48739 1.29114 1.38689 0.158877 -0.00644431
1.51261 1.29114 1.38315 0.158674 -0.00705178
1.53782 1.29114 1.37964 0.158569 -0.00759945
1.56303 1.29114 1.37577 0.158553 -0.00813812
1.58824 1.29114 1.3722 0.158628 -0.00866593
1.61345 1.29114 1.36816 0.158785 -0.00924594
1.63866 1.29114 1.3645 0.159029 -0.00986397
1.66387 1.29114 1.3603 0.159355 -0.0106
1.68908 1.29114 1.35653 0.159768 -0.0114298
1.71429 1.29114 1.35214 0.160265 -0.0124519
1.7395 1.29114 1.34821 0.160846 -0.0136374
1.76471 1.29114 1.34362 0.161508 -0.0150997
1.78992 1.29114 1.33948 0.16224 -0.0168137
1.81513 1.29114 1.33468 0.163033 -0.0188976
1.84034 1.29114 1.33024 0.163856 -0.0213362
1.86555 1.29114 1.32522 0.164682 -0.024235
1.89076 1.29114 1.32041 0.165455 -0.0275854
1.91597 1.29114 1.31518 0.166119 -0.0314553
1.94118 1.29114 1.31 0.166587 -0.0358218
1.96639 1.29114 1.30458 0.166779 -0.0406856
1.9916 1.29114 1.29915 0.166596 -0.0459775
2.01681 1.29114 1.29366 0.165955 -0.051614
2.04202 1.29114 1.28822 0.164788 -0.0574687
2.06723 1.29114 1.28287 0.16306 -0.0634006
2.09244 1.29114 1.27766 0.160768 -0.0692688
2.11765 1.29114 1.27257 0.157938 -0.0749467
2.14286 1.29114 1.26755 0.154611 -0.0803308
2.16807 1.29114 1.26257 0.150838 -0.0853437
2.19328 1.29114 1.25766 0.146672 -0.0899346
2.21849 1.29114 1.25294 0.142163 -0.0940744
2.2437 1.29114 1.24864 0.137359 -0.0977493
2.26891 1.29114 1.245 0.13231 -0.100954
2.29412 1.29114 1.24222 0.127063 -0.103689
2.31933 1.29114 1.24035 0.121662 -0.105953
2.34454 1.29114 1.2393 0.116148 -0.107749
2.36975 1.29114 1.23886 0.110553 -0.109084
2.39496 1.29114 1.23879 0.104903 -0.109966
2.42017 1.29114 1.23889 0.0992192 -0.110406
2.44538 1.29114 1.23901 0.0935163 -0.110415
2.47059 1.29114 1.23906 0.0878096 -0.110005
2.4958 1.29114 1.23903 0.0821137 -0.109184
2.52101 1.29114 1.23894 0.0764436 -0.107958
2.54622 1.29114 1.23883 0.0708152 -0.106332
2.57143 1.29114 1.23871 0.0652452 -0.104307
2.59664 1.29114 1.23864 0.0597507 -0.101883
2.62185 1.29114 1.23864 0.0543493 -0.0990551
2.64706 1.29114 1.23872 0.0490595 -0.0958198
2.67227 1.29114 1.2389 0.0439 -0.0921697
2.69748 1.29114 1.2392 0.0388909 -0.0880958
2.72269 1.29114 1.23961 0.0340532 -0.083587
2.7479 1.29114 1.24015 0.0294093 -0.0786303
2.77311 1.29114 1.24082 0.024983 -0.0732108
2.79832 1.29114 1.24163 0.0208003 -0.0673111
2.82353 1.29114 1.24258 0.0168887 -0.0609119
2.84874 1.29114 1.2437 0.0132788 -0.0539915
2.87395 1.29114 1.24497 0.0100028 -0.0465259
2.89916 1.29114 1.24644 0.00709691 -0.0384888
2.92437 1.29114 1.24806 0.00459899 -0.0298508
2.94958 1.29114 1.24992 0.00255268 -0.0205804
2.97479 1.29114 1.25191 0.0010021 -0.0106425
3 1.29114 1.25422 0 0

0 1.31646 1.53987 0 0
0.0252101 1.31646 1.519 -0.000654589 0.00858828
0.0504202 1.31646 1.5436 -0.000838398 0.0182735
0.0756303 1.31646 1.52338 -0.000464819 0.0277353
0.10084 1.31646 1.5477 0.000430857 0.0380692
0.12605 1.31646 1.53115 0.00219219 0.0481035
0.151261 1.31646 1.55031 0.00428287 0.058502
0.176471 1.31646 1.54115 0.00736878 0.0685987
0.201681 1.31646 1.55251 0.0106605 0.07856
0.226891 1.31646 1.55032 0.0147688 0.0881824
0.252101 1.31646 1.55586 0.0191106 0.0973898
0.277311 1.31646 1.55708 0.0239762 0.106155
0.302521 1.31646 1.55996 0.0291008 0.114398
0.327731 1.31646 1.56186 0.0345435 0.122106
0.352941 1.31646 1.56362 0.0402056 0.129252
0.378151 1.31646 1.56527 0.0460823 0.135803
0.403361 1.31646 1.56611 0.0521116 0.141779
0.428571 1.31646 1.56757 0.0583149 0.147107
0.453782 1.31646 1.56695 0.0645914 0.151883
0.478992 1.31646 1.56909 0.0710612 0.155914
0.504202 1.31646 1.56541 0.0774789 0.159486
0.529412 1.31646 1.57064 0.0842069 0.162109
0.554622 1.31646 1.56011 0.0906458 0.164493
0.579832 1.31646 1.57374 0.0976611 0.165561
0.605042 1.31646 1.54925 0.104001 0.166742
0.630252 1.31646 1.57956 0.111284 0.166166
0.655462 1.31646 1.5328 0.117515 0.165953
0.680672 1.31646 1.58562 0.124816 0.163869
0.705882 1.31646 1.51595 0.131156 0.161781
0.731092 1.31646 1.58374 0.137951 0.158522
0.756303 1.31646 1.50738 0.144618 0.154084
0.781513 1.31646 1.56735 0.150507 0.149706
0.806723 1.31646 1.50851 0.157195 0.143048
0.831933 1.31646 1.54179 0.162273 0.137103
0.857143 1.31646 1.5097 0.168185 0.128887
0.882353 1.31646 1.51802 0.17258 0.121067
0.907563 1.31646 1.50327 0.177084 0.111834
0.932773 1.31646 1.49947 0.180482 0.102543
0.957983 1.31646 1.49073 0.183344 0.0927013
0.983193 1.31646 1.48371 0.185318 0.0828262
1.0084 1.31646 1.47628 0.186534 0.0730137
1.03361 1.31646 1.46918 0.186993 0.0635171
1.05882 1.31646 1.46238 0.186795 0.0545178
1.08403 1.31646 1.45599 0.18606 0.0461601
1.10924 1.31646 1.45 0.184921 0.0385325
1.13445 1.31646 1.44443 0.183504 0.0316771
1.15966 1.31646 1.43922 0.181925 0.0255956
1.18487 1.31646 1.43435 0.180277 0.0202603
1.21008 1.31646 1.42976 0.178633 0.0156236
1.23529 1.31646 1.42543 0.177049 0.0116263
1.2605 1.31646 1.42126 0.175562 0.00820327
1.28571 1.31646 1.41728 0.174197 0.00528918
1.31092 1.31646 1.41337 0.172964 0.00281951
1.33613 1.31646 1.40962 0.171871 0.000735219
1.36134 1.31646 1.40583 0.170915 -0.00102066
1.38655 1.31646 1.40221 0.170093 -0.00249662
1.41176 1.31646 1.39845 0.169397 -0.00374143
1.43697 1.31646 1.39488 0.168821 -0.00479278
1.46218 1.31646 1.39108 0.168354 -0.00569355
1.48739 1.31646 1.38753 0.167992 -0.00647174
1.51261 1.31646 1.38364 0.167724 -0.00716784
1.53782 1.31646 1.38009 0.167548 -0.00780161
1.56303 1.31646 1.37608 0.167455 -0.00841494
1.58824 1.31646 1.37249 0.167445 -0.00902074
1.61345 1.31646 1.36835 0.167511 -0.00966599
1.63866 1.31646 1.36469 0.167654 -0.0103583
1.66387 1.31646 1.36042 0.167869 -0.0111528
1.68908 1.31646 1.35663 0.168157 -0.0120539
1.71429 1.31646 1.35223 0.168513 -0.013126
1.7395 1.31646 1.34826 0.168931 -0.0143736
1.76471 1.31646 1.34375 0.169406 -0.0158687
1.78992 1.31646 1.33953 0.169922 -0.0176184
1.81513 1.31646 1.33488 0.170466 -0.0196967
1.84034 1.31646 1.33039 0.171004 -0.0221132
1.86555 1.31646 1.32559 0.171507 -0.0249318
1.89076 1.31646 1.32082 0.171923 -0.0281577
1.91597 1.31646 1.31584 0.172198 -0.0318262
1.94118 1.31646 1.31083 0.172262 -0.0359215
1.96639 1.31646 1.30572 0.172043 -0.0404294
1.9916 1.31646 1.3006 0.171463 -0.0452934
2.01681 1.31646 1.29551 0.170457 -0.0504401
2.04202 1.31646 1.29051 0.16897 -0.0557694
2.06723 1.31646 1.28569 0.166972 -0.0611695
2.09244 1.31646 1.28114 0.164456 -0.0665274
2.11765 1.31646 1.27696 0.161437 -0.0717391
2.14286 1.31646 1.27322 0.157946 -0.0767155
2.16807 1.31646 1.27002 0.154028 -0.0813846
2.19328 1.31646 1.26739 0.149733 -0.085691
2.21849 1.31646 1.2653 0.145115 -0.0895938
2.2437 1.31646 1.26362 0.140226 -0.0930643
2.26891 1.31646 1.26214 0.135115 -0.0960855
2.29412 1.31646 1.26062 0.12982 -0.0986509
2.31933 1.31646 1.25891 0.124374 -0.100763
2.34454 1.31646 1.25692 0.118803 -0.10243
2.36975 1.31646 1.25471 0.113129 -0.103666
2.39496 1.31646 1.25239 0.107374 -0.104481
2.42017 1.31646 1.25012 0.101561 -0.104888
2.44538 1.31646 1.24804 0.0957125 -0.104895
2.47059 1.31646 1.24624 0.0898516 -0.104507
2.4958 1.31646 1.24476 0.0839993 -0.103731
2.52101 1.31646 1.2436 0.0781758 -0.102568
2.54622 1.31646 1.24273 0.0723997 -0.101021
2.57143 1.31646 1.24212 0.0666884 -0.0990908
2.59664 1.31646 1.24172 0.0610594 -0.0967756
2.62185 1.31646 1.2415 0.0555297 -0.0940737
2.64706 1.31646 1.24145 0.0501171 -0.0909808
2.67227 1.31646 1.24155 0.0448403 -0.0874911
2.69748 1.31646 1.24179 0.0397189 -0.0835972
2.72269 1.31646 1.24217 0.0347737 -0.0792894
2.7479 1.31646 1.24269 0.0300273 -0.0745567
2.77311 1.31646 1.24335 0.0255038 -0.0693858
2.79832 1.31646 1.24416 0.0212295 -0.0637618
2.82353 1.31646 1.24512 0.0172324 -0.0576679
2.84874 1.31646 1.24626 0.0135438 -0.0510851
2.87395 1.31646 1.24755 0.0101967 -0.0439925
2.89916 1.31646 1.24906 0.00722855 -0.0363673
2.92437 1.31646 1.25071 0.00467833 -0.0281841
2.94958 1.31646 1.25263 0.00259138 -0.0194156
2.97479 1.31646 1.25468 0.00101356 -0.0100315
3 1.31646 1.25707 0 0

0 1.34177 1.5391 0 0
0.0252101 1.34177 1.52288 -0.000632303 0.00823092
0.0504202 1.34177 1.54278 -0.000800138 0.0173684
0.0756303 1.34177 1.52687 -0.00045565 0.0262996
0.10084 1.34177 1.54698 0.000419348 0.0359888
0.12605 1.34177 1.53333 0.00204171 0.0454027
0.151261 1.34177 1.54997 0.00405 0.055188
0.176471 1.34177 1.5418 0.00694209 0.0646874
0.201681 1.34177 1.55231 0.0100982 0.0741294
0.226891 1.34177 1.54994 0.0140339 0.0832612
0.252101 1.34177 1.55532 0.018236 0.0920561
0.277311 1.34177 1.55619 0.0229842 0.100455
0.302521 1.34177 1.55894 0.028018 0.10839
0.327731 1.34177 1.56065 0.0334105 0.115835
0.352941 1.34177 1.5622 0.0390521 0.122762
0.378151 1.34177 1.56386 0.044953 0.129124
0.403361 1.34177 1.56431 0.0510281 0.134956
0.428571 1.34177 1.56616 0.0573305 0.140141
0.453782 1.34177 1.56461 0.0637016 0.144838
0.478992 1.34177 1.56807 0.0703443 0.148746
0.504202 1.34177 1.56212 0.0768792 0.152304
0.529412 1.34177 1.57067 0.0838502 0.154808
0.554622 1.34177 1.55526 0.0904093 0.157238
0.579832 1.34177 1.57543 0.0977092 0.158213
0.605042 1.34177 1.54277 0.104196 0.159449
0.630252 1.34177 1.58225 0.111714 0.158901
0.655462 1.34177 1.5266 0.118204 0.158653
0.680672 1.34177 1.58634 0.125571 0.156824
0.705882 1.34177 1.51372 0.132315 0.154602
0.731092 1.34177 1.57945 0.139034 0.151757
0.756303 1.34177 1.51055 0.146079 0.147318
0.781513 1.34177 1.55966 0.151985 0.143295
0.806723 1.34177 1.51352 0.158824 0.13701
0.831933 1.34177 1.53559 0.164121 0.131342
0.857143 1.34177 1.51277 0.170038 0.123794
0.882353 1.34177 1.51545 0.174722 0.116385
0.907563 1.34177 1.50454 0.179305 0.107916
0.932773 1.34177 1.49946 0.182997 0.0992611
0.957983 1.34177 1.49188 0.186113 0.0901964
0.983193 1.34177 1.48508 0.188459 0.0810556
1.0084 1.34177 1.47812 0.190098 0.0719642
1.03361 1.34177 1.47138 0.191047 0.0631164
1.05882 1.34177 1.46487 0.191379 0.0546684
1.08403 1.34177 1.45867 0.191188 0.0467473
1.10924 1.34177 1.45279 0.190579 0.0394396
1.13445 1.34177 1.44724 0.189658 0.0327946
1.15966 1.34177 1.442 0.188525 0.026828
1.18487 1.34177 1.43705 0.187265 0.0215295
1.21008 1.34177 1.43233 0.185948 0.016869
1.23529 1.34177 1.42786 0.184631 0.0128038
1.2605 1.34177 1.42354 0.183354 0.00928271
1.28571 1.34177 1.4194 0.182148 0.00625237
1.31092 1.34177 1.41535 0.181031 0.00365692
1.33613 1.34177 1.41143 0.180014 0.00144451
1.36134 1.34177 1.40753 0.179103 -0.000437607
1.38655 1.34177 1.40373 0.178299 -0.00203416
1.41176 1.34177 1.39989 0.177599 -0.00339276
1.43697 1.34177 1.39614 0.177 -0.00454942
1.46218 1.34177 1.39231 0.176497 -0.00554769
1.48739 1.34177 1.38857 0.176085 -0.00641504
1.51261 1.34177 1.38469 0.175758 -0.00719341
1.53782 1.34177 1.38091 0.175512 -0.00790271
1.56303 1.34177 1.37696 0.175341 -0.00858603
1.58824 1.34177 1.37313 0.175242 -0.00925723
1.61345 1.34177 1.36908 0.175211 -0.00996288
1.63866 1.34177 1.36517 0.175246 -0.0107129
1.66387 1.34177 1.36102 0.175341 -0.0115587
1.68908 1.34177 1.357 0.175493 -0.0125089
1.71429 1.34177 1.35272 0.175696 -0.0136194
1.7395 1.34177 1.34857 0.175942 -0.0149007
1.76471 1.34177 1.34417 0.176222 -0.0164104
1.78992 1.34177 1.33985 0.176517 -0.0181627
1.81513 1.34177 1.33531 0.176809 -0.0202115
1.84034 1.34177 1.3308 0.177069 -0.0225726
1.86555 1.34177 1.32612 0.177263 -0.0252872
1.89076 1.34177 1.32143 0.177344 -0.0283643
1.91597 1.34177 1.31662 0.177265 -0.0318205
1.94118 1.34177 1.31178 0.176964 -0.0356431
1.96639 1.34177 1.30689 0.17638 -0.0398108
1.9916 1.34177 1.30201 0.175453 -0.0442759
2.01681 1.34177 1.29717 0.174129 -0.0489745
2.04202 1.34177 1.2924 0.172365 -0.0538244
2.06723 1.34177 1.28776 0.170137 -0.0587336
2.09244 1.34177 1.28329 0.167438 -0.0636078
2.11765 1.34177 1.27898 0.16428 -0.0683576
2.14286 1.34177 1.27485 0.160687 -0.0729034
2.16807 1.34177 1.27085 0.156694 -0.077179
2.19328 1.34177 1.26696 0.152341 -0.0811331
2.21849 1.34177 1.26316 0.147668 -0.0847287
2.2437 1.34177 1.25948 0.142714 -0.0879424
2.26891 1.34177 1.25599 0.137517 -0.0907613
2.29412 1.34177 1.25285 0.132114 -0.0931802
2.31933 1.34177 1.25018 0.126541 -0.0951974
2.34454 1.34177 1.24809 0.120832 -0.0968133
2.36975 1.34177 1.24659 0.115022 -0.098029
2.39496 1.34177 1.2456 0.10914 -0.0988465
2.42017 1.34177 1.24501 0.103215 -0.0992694
2.44538 1.34177 1.24467 0.0972666 -0.0993024
2.47059 1.34177 1.24446 0.0913152 -0.098951
2.4958 1.34177 1.2443 0.0853776 -0.0982211
2.52101 1.34177 1.24414 0.0794699 -0.0971175
2.54622 1.34177 1.24398 0.0736083 -0.0956441
2.57143 1.34177 1.24384 0.0678095 -0.0938029
2.59664 1.34177 1.24373 0.0620911 -0.0915939
2.62185 1.34177 1.24369 0.0564709 -0.0890157
2.64706 1.34177 1.24373 0.0509678 -0.0860651
2.67227 1.34177 1.24387 0.0456013 -0.082737
2.69748 1.34177 1.24412 0.0403921 -0.0790249
2.72269 1.34177 1.2445 0.0353616 -0.0749208
2.7479 1.34177 1.24502 0.0305331 -0.0704149
2.77311 1.34177 1.24568 0.0259311 -0.0654962
2.79832 1.34177 1.2465 0.0215824 -0.0601518
2.82353 1.34177 1.24747 0.0175156 -0.0543675
2.84874 1.34177 1.24862 0.0137627 -0.0481272
2.87395 1.34177 1.24993 0.0103572 -0.0414133
2.89916 1.34177 1.25146 0.00733781 -0.0342066
2.92437 1.34177 1.25315 0.00474435 -0.0264858
2.94958 1.34177 1.25511 0.00262369 -0.0182281
2.97479 1.34177 1.25721 0.00102316 -0.00940828
3 1.34177 1.25966 0 0

0 1.36709 1.53841 0 0
0.0252101 1.36709 1.52614 -0.000613539 0.00785721
0.0504202 1.36709 1.54207 -0.000764661 0.016464
0.0756303 1.36709 1.52986 -0.000431636 0.0248922
0.10084 1.36709 1.54628 0.000433913 0.0339709
0.12605 1.36709 1.53535 0.00195827 0.0428048
0.151261 1.36709 1.54955 0.00390927 0.0519962
0.176471 1.36709 1.54254 0.00664719 0.0609212
0.201681 1.36709 1.55206 0.00969844 0.0698428
0.226891 1.36709 1.54974 0.013484 0.0784775
0.252101 1.36709 1.55486 0.0175656 0.086842
0.277311 1.36709 1.55549 0.0222014 0.0948476
0.302521 1.36709 1.55808 0.0271428 0.102446
0.327731 1.36709 1.55967 0.0324747 0.10959
0.352941 1.36709 1.56094 0.038075 0.116268
0.378151 1.36709 1.56274 0.0439769 0.122402
0.403361 1.36709 1.56261 0.0500611 0.128062
0.428571 1.36709 1.56518 0.0564324 0.133065
0.453782 1.36709 1.56222 0.0628477 0.137664
0.478992 1.36709 1.56771 0.06963 0.141414
0.504202 1.36709 1.55854 0.0762234 0.144947
0.529412 1.36709 1.57161 0.0833961 0.147311
0.554622 1.36709 1.55004 0.0900258 0.149765
0.579832 1.36709 1.57785 0.0975407 0.150667
0.605042 1.36709 1.53655 0.104161 0.151903
0.630252 1.36709 1.58461 0.111802 0.151448
0.655462 1.36709 1.52208 0.118564 0.151099
0.680672 1.36709 1.58538 0.125891 0.149572
0.705882 1.36709 1.51394 0.133001 0.147227
0.731092 1.36709 1.57383 0.139637 0.144748
0.756303 1.36709 1.51484 0.146938 0.140414
0.781513 1.36709 1.55261 0.15292 0.13666
0.806723 1.36709 1.51781 0.159808 0.130819
0.831933 1.36709 1.53108 0.165332 0.125408
0.857143 1.36709 1.51486 0.17124 0.118493
0.882353 1.36709 1.51402 0.176164 0.111515
0.907563 1.36709 1.50545 0.180843 0.103732
0.932773 1.36709 1.49984 0.184781 0.0956955
0.957983 1.36709 1.49299 0.188139 0.0873365
0.983193 1.36709 1.48645 0.19081 0.0788809
1.0084 1.36709 1.47987 0.192824 0.0704574
1.03361 1.36709 1.47342 0.194203 0.0622222
1.05882 1.36709 1.46715 0.195 0.05431
1.08403 1.36709 1.46112 0.195289 0.0468326
1.10924 1.36709 1.45534 0.195156 0.0398716
1.13445 1.36709 1.44983 0.194689 0.0334794
1.15966 1.36709 1.44457 0.193973 0.0276806
1.18487 1.36709 1.43955 0.193084 0.022477
1.21008 1.36709 1.43475 0.192089 0.0178517
1.23529 1.36709 1.43015 0.191042 0.0137755
1.2605 1.36709 1.4257 0.189986 0.0102094
1.28571 1.36709 1.42141 0.188954 0.00711022
1.31092 1.36709 1.41721 0.187969 0.00443096
1.33613 1.36709 1.41313 0.187046 0.00212611
1.36134 1.36709 1.40907 0.186197 0.00014864
1.38655 1.36709 1.40513 0.185427 -0.00154346
1.41176 1.36709 1.40114 0.184737 -0.00299401
1.43697 1.36709 1.39727 0.184129 -0.00423928
1.46218 1.36709 1.3933 0.183598 -0.00531953
1.48739 1.36709 1.38944 0.183144 -0.00626511
1.51261 1.36709 1.38545 0.182761 -0.00711383
1.53782 1.36709 1.38158 0.182447 -0.00789098
1.56303 1.36709 1.37754 0.182198 -0.00863359
1.58824 1.36709 1.37364 0.182009 -0.00936324
1.61345 1.36709 1.36953 0.181878 -0.0101178
1.63866 1.36709 1.36555 0.181799 -0.0109168
1.66387 1.36709 1.36137 0.181769 -0.0118001
1.68908 1.36709 1.3573 0.181779 -0.0127867
1.71429 1.36709 1.35304 0.181825 -0.0139185
1.7395 1.36709 1.34884 0.181894 -0.0152155
1.76471 1.36709 1.34449 0.181976 -0.0167195
1.78992 1.36709 1.34016 0.18205 -0.0184515
1.81513 1.36709 1.3357 0.182098 -0.0204494
1.84034 1.36709 1.33123 0.18209 -0.0227315
1.86555 1.36709 1.32666 0.181993 -0.025325
1.89076 1.36709 1.32206 0.181766 -0.0282382
1.91597 1.36709 1.31741 0.181364 -0.0314778
1.94118 1.36709 1.31273 0.180735 -0.0350315
1.96639 1.36709 1.30805 0.17983 -0.0388764
1.9916 1.36709 1.30338 0.178596 -0.0429711
2.01681 1.36709 1.29877 0.176991 -0.0472608
2.04202 1.36709 1.29426 0.17498 -0.0516774
2.06723 1.36709 1.28988 0.172541 -0.0561451
2.09244 1.36709 1.28568 0.169668 -0.060586
2.11765 1.36709 1.28171 0.166368 -0.0649252
2.14286 1.36709 1.278 0.162659 -0.0690949
2.16807 1.36709 1.2746 0.158567 -0.0730371
2.19328 1.36709 1.27155 0.154128 -0.0767045
2.21849 1.36709 1.26889 0.149378 -0.0800601
2.2437 1.36709 1.26662 0.144357 -0.0830755
2.26891 1.36709 1.26469 0.139105 -0.0857301
2.29412 1.36709 1.26301 0.133661 -0.0880098
2.31933 1.36709 1.26147 0.128058 -0.0899067
2.34454 1.36709 1.25994 0.122326 -0.091418
2.36975 1.36709 1.25833 0.116493 -0.0925458
2.39496 1.36709 1.25663 0.110579 -0.0932955
2.42017 1.36709 1.25486 0.104607 -0.0936738
2.44538 1.36709 1.25312 0.0985972 -0.0936876
2.47059 1.36709 1.25149 0.0925708 -0.0933428
2.4958 1.36709 1.25004 0.0865488 -0.0926436
2.52101 1.36709 1.24882 0.080552 -0.0915931
2.54622 1.36709 1.24784 0.0746007 -0.0901929
2.57143 1.36709 1.2471 0.0687142 -0.0884435
2.59664 1.36709 1.24659 0.0629113 -0.0863442
2.62185 1.36709 1.24627 0.0572107 -0.0838934
2.64706 1.36709 1.24614 0.051631 -0.0810882
2.67227 1.36709 1.24617 0.0461917 -0.0779245
2.69748 1.36709 1.24635 0.0409129 -0.074397
2.72269 1.36709 1.24669 0.035816 -0.0704989
2.7479 1.36709 1.24718 0.0309241 -0.0662225
2.77311 1.36709 1.24783 0.0262618 -0.0615585
2.79832 1.36709 1.24864 0.0218561 -0.0564965
2.82353 1.36709 1.24961 0.0177359 -0.0510248
2.84874 1.36709 1.25077 0.0139334 -0.0451305
2.87395 1.36709 1.25209 0.0104829 -0.0387994
2.89916 1.36709 1.25364 0.00742366 -0.0320159
2.92437 1.36709 1.25535 0.00479646 -0.0247631
2.94958 1.36709 1.25735 0.00264933 -0.017023
2.97479 1.36709 1.25949 0.00103084 -0.00877548
3 1.36709 1.26198 0 0

0 1.39241 1.53778 0 0
0.0252101 1.39241 1.52879 -0.000598246 0.00746914
0.0504202 1.39241 1.54144 -0.000734115 0.0155565
0.0756303 1.39241 1.53237 -0.000402153 0.0235002
0.10084 1.39241 1.54563 0.000459142 0.0319955
0.12605 1.39241 1.53717 0.00191438 0.0402816
0.151261 1.39241 1.5491 0.00382339 0.048898
0.176471 1.39241 1.54334 0.00643801 0.0572713
0.201681 1.39241 1.55178 0.00940589 0.0656756
0.226891 1.39241 1.54969 0.0130603 0.0738142
0.252101 1.39241 1.55445 0.0170366 0.0817375
0.277311 1.39241 1.55495 0.0215652 0.0893325
0.302521 1.39241 1.55734 0.0264137 0.0965721
0.327731 1.39241 1.55889 0.0316778 0.10339
0.352941 1.39241 1.5598 0.0372191 0.109792
0.378151 1.39241 1.56192 0.0431045 0.115665
0.403361 1.39241 1.56093 0.0491646 0.121131
0.428571 1.39241 1.56466 0.055581 0.12592
0.453782 1.39241 1.55967 0.0619942 0.130404
0.478992 1.39241 1.56807 0.0688868 0.133969
0.504202 1.39241 1.55461 0.075489 0.137459
0.529412 1.39241 1.57336 0.0828184 0.139679
0.554622 1.39241 1.54464 0.0894877 0.14212
0.579832 1.39241 1.58058 0.0971366 0.142984
0.605042 1.39241 1.53111 0.103895 0.144155
0.630252 1.39241 1.58601 0.111549 0.143854
0.655462 1.39241 1.51959 0.118585 0.143359
0.680672 1.39241 1.58272 0.125806 0.142143
0.705882 1.39241 1.51613 0.133212 0.139724
0.731092 1.39241 1.5676 0.139792 0.137537
0.756303 1.39241 1.5194 0.14723 0.133408
0.781513 1.39241 1.54669 0.153331 0.129858
0.806723 1.39241 1.52115 0.160202 0.124491
0.831933 1.39241 1.52801 0.165931 0.11934
0.857143 1.39241 1.51625 0.171831 0.113009
0.882353 1.39241 1.51336 0.176946 0.106475
0.907563 1.39241 1.50621 0.181726 0.0993152
0.932773 1.39241 1.50046 0.18587 0.0918736
0.957983 1.39241 1.49408 0.189449 0.0841638
0.983193 1.39241 1.4878 0.192404 0.0763488
1.0084 1.39241 1.48152 0.194749 0.0685491
1.03361 1.39241 1.47533 0.196501 0.0608946
1.05882 1.39241 1.46927 0.197705 0.0535016
1.08403 1.39241 1.46338 0.198418 0.0464688
1.10924 1.39241 1.4577 0.198709 0.039872
1.13445 1.39241 1.45222 0.198653 0.0337636
1.15966 1.39241 1.44696 0.198321 0.0281734
1.18487 1.39241 1.4419 0.197781 0.0231114
1.21008 1.39241 1.43702 0.197095 0.0185709
1.23529 1.39241 1.43233 0.196313 0.014533
1.2605 1.39241 1.42777 0.195479 0.0109687
1.28571 1.39241 1.42335 0.194628 0.00784406
1.31092 1.39241 1.41902 0.193784 0.00511979
1.33613 1.39241 1.41481 0.192967 0.00275692
1.36134 1.39241 1.41063 0.192192 0.000713551
1.38655 1.39241 1.40655 0.191468 -0.00104836
1.41176 1.39241 1.40246 0.1908 -0.00256962
1.43697 1.39241 1.39845 0.190191 -0.00388453
1.46218 1.39241 1.39441 0.189642 -0.00503166
1.48739 1.39241 1.39042 0.189152 -0.00604086
1.51261 1.39241 1.38637 0.188719 -0.00694875
1.53782 1.39241 1.38238 0.188342 -0.00778116
1.56303 1.39241 1.37831 0.188016 -0.00857368
1.58824 1.39241 1.37428 0.18774 -0.00934922
1.61345 1.39241 1.37017 0.187507 -0.0101432
1.63866 1.39241 1.36609 0.187315 -0.0109771
1.66387 1.39241 1.36191 0.187156 -0.0118867
1.68908 1.39241 1.35776 0.187025 -0.0128931
1.71429 1.39241 1.35351 0.186911 -0.0140322
1.7395 1.39241 1.34927 0.186805 -0.0153255
1.76471 1.39241 1.34495 0.186691 -0.0168072
1.78992 1.39241 1.34061 0.186552 -0.0184984
1.81513 1.39241 1.3362 0.186365 -0.0204282
1.84034 1.39241 1.33177 0.186104 -0.0226136
1.86555 1.39241 1.32729 0.185737 -0.0250732
1.89076 1.39241 1.32278 0.185227 -0.0278135
1.91597 1.39241 1.31825 0.184533 -0.0308355
1.94118 1.39241 1.31371 0.183613 -0.0341271
1.96639 1.39241 1.30919 0.182423 -0.0376657
1.9916 1.39241 1.3047 0.18092 -0.0414151
2.01681 1.39241 1.30027 0.179069 -0.0453279
2.04202 1.39241 1.29594 0.176842 -0.0493471
2.06723 1.39241 1.29173 0.174221 -0.053409
2.09244 1.39241 1.28766 0.1712 -0.0574477
2.11765 1.39241 1.28377 0.167784 -0.0613989
2.14286 1.39241 1.28006 0.163987 -0.0652028
2.16807 1.39241 1.27652 0.159834 -0.0688066
2.19328 1.39241 1.27315 0.155352 -0.072166
2.21849 1.39241 1.26993 0.150573 -0.0752452
2.2437 1.39241 1.26684 0.14553 -0.0780173
2.26891 1.39241 1.26387 0.140256 -0.0804634
2.29412 1.39241 1.26105 0.134782 -0.082572
2.31933 1.39241 1.25844 0.129137 -0.0843368
2.34454 1.39241 1.25611 0.123352 -0.0857552
2.36975 1.39241 1.25413 0.117456 -0.0868267
2.39496 1.39241 1.25253 0.111476 -0.0875518
2.42017 1.39241 1.2513 0.10544 -0.0879312
2.44538 1.39241 1.25039 0.0993718 -0.0879663
2.47059 1.39241 1.24972 0.0932947 -0.0876589
2.4958 1.39241 1.24923 0.0872284 -0.0870113
2.52101 1.39241 1.24884 0.0811916 -0.0860258
2.54622 1.39241 1.24853 0.075202 -0.0847047
2.57143 1.39241 1.24828 0.0692769 -0.0830493
2.59664 1.39241 1.2481 0.0634343 -0.0810601
2.62185 1.39241 1.24799 0.0576924 -0.0787365
2.64706 1.39241 1.24798 0.0520704 -0.0760767
2.67227 1.39241 1.24807 0.046588 -0.0730776
2.69748 1.39241 1.24828 0.0412661 -0.069735
2.72269 1.39241 1.24863 0.0361268 -0.0660439
2.7479 1.39241 1.24912 0.0311934 -0.0619979
2.77311 1.39241 1.24976 0.026491 -0.0575899
2.79832 1.39241 1.25057 0.022047 -0.0528118
2.82353 1.39241 1.25154 0.0178904 -0.0476546
2.84874 1.39241 1.2527 0.0140539 -0.0421083
2.87395 1.39241 1.25403 0.0105722 -0.0361623
2.89916 1.39241 1.25559 0.00748516 -0.0298051
2.92437 1.39241 1.25732 0.00483411 -0.0230239
2.94958 1.39241 1.25934 0.00266805 -0.0158058
2.97479 1.39241 1.26151 0.00103653 -0.00813599
3 1.39241 1.26404 0 0

0 1.41772 1.53732 0 0
0.0252101 1.41772 1.53099 -0.000585773 0.00706589
0.0504202 1.41772 1.54098 -0.000708407 0.014643
0.0756303 1.41772 1.53449 -0.000372578 0.0221144
0.10084 1.41772 1.5451 0.000485627 0.0300497
0.12605 1.41772 1.53879 0.00189075 0.0378136
0.151261 1.41772 1.54867 0.00376572 0.0458731
0.176471 1.41772 1.54415 0.00627987 0.0537161
0.201681 1.41772 1.55149 0.00917789 0.0616094
0.226891 1.41772 1.54975 0.0127161 0.0692573
0.252101 1.41772 1.55409 0.0165979 0.0767343
0.277311 1.41772 1.55457 0.0210237 0.0839083
0.302521 1.41772 1.55669 0.0257782 0.0907751
0.327731 1.41772 1.55832 0.0309692 0.0972448
0.352941 1.41772 1.55873 0.0364355 0.103354
0.378151 1.41772 1.56143 0.0422913 0.10894
0.403361 1.41772 1.55921 0.0482966 0.114195
0.428571 1.41772 1.56467 0.054739 0.118741
0.453782 1.41772 1.55689 0.0611091 0.123096
0.478992 1.41772 1.56915 0.0680836 0.126456
0.504202 1.41772 1.55038 0.0746572 0.12988
0.529412 1.41772 1.57572 0.0820907 0.131965
0.554622 1.41772 1.5394 0.0887871 0.134342
0.579832 1.41772 1.58309 0.0964818 0.135217
0.605042 1.41772 1.52694 0.103388 0.136259
0.630252 1.41772 1.58606 0.110963 0.136153
0.655462 1.41772 1.51918 0.118253 0.135502
0.680672 1.41772 1.57867 0.125341 0.134567
0.705882 1.41772 1.51959 0.132952 0.132145
0.731092 1.41772 1.56148 0.139516 0.130174
0.756303 1.41772 1.52362 0.146991 0.126323
0.781513 1.41772 1.54205 0.153226 0.122942
0.806723 1.41772 1.52358 0.160045 0.118043
0.831933 1.41772 1.52607 0.16594 0.113169
0.857143 1.41772 1.51718 0.171837 0.107371
0.882353 1.41772 1.5132 0.177098 0.101287
0.907563 1.41772 1.5069 0.181977 0.0946975
0.932773 1.41772 1.5012 0.186291 0.0878242
0.957983 1.41772 1.49516 0.190067 0.0807176
0.983193 1.41772 1.48914 0.193268 0.0735034
1.0084 1.41772 1.4831 0.195899 0.0662898
1.03361 1.41772 1.47712 0.197977 0.0591874
1.05882 1.41772 1.47123 0.199534 0.052297
1.08403 1.41772 1.46548 0.200618 0.0457059
1.10924 1.41772 1.45987 0.201285 0.0394837
1.13445 1.41772 1.45444 0.201596 0.0336813
1.15966 1.41772 1.44918 0.201613 0.028331
1.18487 1.41772 1.44409 0.201396 0.0234483
1.21008 1.41772 1.43916 0.201 0.0190337
1.23529 1.41772 1.43438 0.200473 0.0150764
1.2605 1.41772 1.42972 0.199856 0.0115557
1.28571 1.41772 1.4252 0.199185 0.00844512
1.31092 1.41772 1.42076 0.198486 0.00571268
1.33613 1.41772 1.41642 0.197783 0.00332501
1.36134 1.41772 1.41213 0.19709 0.00124572
1.38655 1.41772 1.40792 0.19642 -0.000559862
1.41176 1.41772 1.40372 0.195782 -0.00212848
1.43697 1.41772 1.39959 0.195181 -0.00349311
1.46218 1.41772 1.39545 0.194621 -0.00468911
1.48739 1.41772 1.39135 0.194102 -0.00574666
1.51261 1.41772 1.38722 0.193625 -0.00669935
1.53782 1.41772 1.38314 0.193188 -0.00757459
1.56303 1.41772 1.379 0.19279 -0.00840461
1.58824 1.41772 1.37489 0.192427 -0.00921469
1.61345 1.41772 1.37073 0.192096 -0.0100362
1.63866 1.41772 1.36659 0.191791 -0.0108931
1.66387 1.41772 1.36238 0.191506 -0.0118163
1.68908 1.41772 1.35819 0.191234 -0.0128291
1.71429 1.41772 1.35393 0.190965 -0.0139615
1.7395 1.41772 1.34968 0.190687 -0.0152362
1.76471 1.41772 1.34537 0.190386 -0.0166808
1.78992 1.41772 1.34105 0.190042 -0.0183159
1.81513 1.41772 1.33669 0.189635 -0.020164
1.84034 1.41772 1.33231 0.189138 -0.0222403
1.86555 1.41772 1.3279 0.188523 -0.0245578
1.89076 1.41772 1.32348 0.187756 -0.0271208
1.91597 1.41772 1.31906 0.186802 -0.0299275
1.94118 1.41772 1.31465 0.185623 -0.0329659
1.96639 1.41772 1.31026 0.184182 -0.0362145
1.9916 1.41772 1.30593 0.182444 -0.0396417
2.01681 1.41772 1.30166 0.180379 -0.0432067
2.04202 1.41772 1.29748 0.177964 -0.0468611
2.06723 1.41772 1.29343 0.175183 -0.0505514
2.09244 1.41772 1.28952 0.172032 -0.0542217
2.11765 1.41772 1.28578 0.168512 -0.0578172
2.14286 1.41772 1.28223 0.164636 -0.0612865
2.16807 1.41772 1.2789 0.160423 -0.0645833
2.19328 1.41772 1.27579 0.155895 -0.0676679
2.21849 1.41772 1.27293 0.151081 -0.0705076
2.2437 1.41772 1.27034 0.146011 -0.0730761
2.26891 1.41772 1.26802 0.140715 -0.0753534
2.29412 1.41772 1.26597 0.135226 -0.0773243
2.31933 1.41772 1.26415 0.129573 -0.0789778
2.34454 1.41772 1.2625 0.123788 -0.0803068
2.36975 1.41772 1.26096 0.117896 -0.0813073
2.39496 1.41772 1.25947 0.111922 -0.0819783
2.42017 1.41772 1.25801 0.10589 -0.0823211
2.44538 1.41772 1.25658 0.0998194 -0.0823385
2.47059 1.41772 1.25521 0.0937315 -0.0820338
2.4958 1.41772 1.25394 0.0876464 -0.0814103
2.52101 1.41772 1.25282 0.0815843 -0.0804704
2.54622 1.41772 1.25187 0.0755652 -0.0792158
2.57143 1.41772 1.25112 0.069609 -0.0776471
2.59664 1.41772 1.25056 0.0637355 -0.0757642
2.62185 1.41772 1.2502 0.0579639 -0.0735661
2.64706 1.41772 1.25 0.0523138 -0.0710509
2.67227 1.41772 1.24998 0.0468052 -0.0682163
2.69748 1.41772 1.25012 0.0414587 -0.065059
2.72269 1.41772 1.25042 0.0362961 -0.061575
2.7479 1.41772 1.25088 0.0313407 -0.0577598
2.77311 1.41772 1.2515 0.0266173 -0.0536082
2.79832 1.41772 1.2523 0.0221532 -0.0491143
2.82353 1.41772 1.25326 0.0179774 -0.0442719
2.84874 1.41772 1.25442 0.0141228 -0.0390742
2.87395 1.41772 1.25575 0.0106241 -0.0335141
2.89916 1.41772 1.25732 0.00752155 -0.0275841
2.92437 1.41772 1.25905 0.00485684 -0.021276
2.94958 1.41772 1.26109 0.00267964 -0.0145819
2.97479 1.41772 1.26326 0.00104018 -0.00749276
3 1.41772 1.26583 0 0

0 1.44304 1.537 0 0
0.0252101 1.44304 1.5328 -0.000575947 0.00664978
0.0504202 1.44304 1.54066 -0.000688319 0.0137242
0.0756303 1.44304 1.53626 -0.000347478 0.0207316
0.10084 1.44304 1.54469 0.000506013 0.0281269
0.12605 1.44304 1.54022 0.00187262 0.0353891
0.151261 1.44304 1.5483 0.0037162 0.0429091
0.176471 1.44304 1.54494 0.00614588 0.0502416
0.201681 1.44304 1.55122 0.00898115 0.0576318
0.226891 1.44304 1.54991 0.0124143 0.0647975
0.252101 1.44304 1.55377 0.0162077 0.0718269
0.277311 1.44304 1.55433 0.0205339 0.0785747
0.302521 1.44304 1.55611 0.0251918 0.0850601
0.327731 1.44304 1.55796 0.0303058 0.091167
0.352941 1.44304 1.55767 0.0356815 0.0969694
0.378151 1.44304 1.56128 0.0414977 0.102249
0.403361 1.44304 1.55737 0.04742 0.107278
0.428571 1.44304 1.56522 0.0538716 0.111562
0.453782 1.44304 1.55385 0.0601647 0.115769
0.478992 1.44304 1.57085 0.0671897 0.11892
0.504202 1.44304 1.54602 0.0737114 0.122241
0.529412 1.44304 1.57834 0.0811885 0.124217
0.554622 1.44304 1.53474 0.0879138 0.126474
0.579832 1.44304 1.58489 0.0955671 0.127404
0.605042 1.44304 1.5244 0.102626 0.128271
0.630252 1.44304 1.58464 0.110058 0.128372
0.655462 1.44304 1.52056 0.117553 0.127586
0.680672 1.44304 1.57378 0.124517 0.126876
0.705882 1.44304 1.52364 0.132233 0.12453
0.731092 1.44304 1.55598 0.138818 0.122709
0.756303 1.44304 1.52718 0.146255 0.119177
0.781513 1.44304 1.53865 0.152614 0.115955
0.806723 1.44304 1.52528 0.159364 0.111498
0.831933 1.44304 1.52495 0.16538 0.106919
0.857143 1.44304 1.51786 0.171279 0.101607
0.882353 1.44304 1.51336 0.176645 0.0959695
0.907563 1.44304 1.50758 0.181611 0.0899103
0.932773 1.44304 1.50202 0.186066 0.0835771
0.957983 1.44304 1.49625 0.19001 0.0770349
0.983193 1.44304 1.49044 0.193421 0.070386
1.0084 1.44304 1.48461 0.196298 0.0637259
1.03361 1.44304 1.4788 0.198655 0.0571498
1.05882 1.44304 1.47307 0.200518 0.0507456
1.08403 1.44304 1.46743 0.201924 0.0445907
1.10924 1.44304 1.4619 0.20292 0.0387485
1.13445 1.44304 1.45651 0.203556 0.0332676
1.15966 1.44304 1.45126 0.203887 0.0281809
1.18487 1.44304 1.44614 0.203963 0.0235072
1.21008 1.44304 1.44116 0.203835 0.0192523
1.23529 1.44304 1.43632 0.203546 0.0154114
1.2605 1.44304 1.43158 0.203137 0.0119704
1.28571 1.44304 1.42696 0.202642 0.00890927
1.31092 1.44304 1.42242 0.202088 0.00620204
1.33613 1.44304 1.41797 0.201498 0.00382065
1.36134 1.44304 1.41358 0.200891 0.00173357
1.38655 1.44304 1.40925 0.200282 -9.01113e-05
1.41176 1.44304 1.40496 0.19968 -0.0016836
1.43697 1.44304 1.40072 0.199094 -0.00307757
1.46218 1.44304 1.39649 0.198528 -0.00430481
1.48739 1.44304 1.39229 0.197987 -0.00539434
1.51261 1.44304 1.38809 0.19747 -0.00637773
1.53782 1.44304 1.38391 0.19698 -0.00728204
1.56303 1.44304 1.37972 0.196513 -0.00813751
1.58824 1.44304 1.37554 0.196068 -0.00896952
1.61345 1.44304 1.37133 0.195642 -0.00980715
1.63866 1.44304 1.36713 0.195228 -0.0106745
1.66387 1.44304 1.3629 0.194822 -0.0115997
1.68908 1.44304 1.35867 0.194414 -0.0126057
1.71429 1.44304 1.35441 0.193996 -0.0137191
1.7395 1.44304 1.35014 0.193554 -0.0149615
1.76471 1.44304 1.34584 0.193075 -0.0163565
1.78992 1.44304 1.34154 0.192539 -0.0179228
1.81513 1.44304 1.33721 0.191927 -0.0196787
1.84034 1.44304 1.33288 0.191215 -0.0216371
1.86555 1.44304 1.32853 0.190375 -0.0238072
1.89076 1.44304 1.32419 0.189378 -0.0261918
1.91597 1.44304 1.31986 0.188192 -0.0287873
1.94118 1.44304 1.31555 0.186785 -0.0315819
1.96639 1.44304 1.31128 0.185125 -0.0345561
1.9916 1.44304 1.30707 0.183183 -0.0376821
2.01681 1.44304 1.30293 0.180934 -0.0409246
2.04202 1.44304 1.29888 0.178358 -0.0442423
2.06723 1.44304 1.29495 0.175442 -0.0475896
2.09244 1.44304 1.29116 0.172181 -0.0509189
2.11765 1.44304 1.28751 0.168577 -0.0541829
2.14286 1.44304 1.28403 0.164642 -0.0573364
2.16807 1.44304 1.28071 0.160389 -0.0603383
2.19328 1.44304 1.27758 0.15584 -0.0631521
2.21849 1.44304 1.27461 0.151019 -0.0657469
2.2437 1.44304 1.2718 0.145953 -0.0680973
2.26891 1.44304 1.26914 0.140668 -0.0701836
2.29412 1.44304 1.26662 0.135193 -0.071991
2.31933 1.44304 1.26426 0.129554 -0.0735093
2.34454 1.44304 1.26206 0.123777 -0.0747324
2.36975 1.44304 1.26006 0.117889 -0.0756567
2.39496 1.44304 1.25829 0.111914 -0.0762808
2.42017 1.44304 1.25677 0.105877 -0.0766041
2.44538 1.44304 1.25551 0.099802 -0.0766266
2.47059 1.44304 1.25448 0.0937114 -0.0763486
2.4958 1.44304 1.25365 0.0876267 -0.0757706
2.52101 1.44304 1.25299 0.0815681 -0.0748932
2.54622 1.44304 1.25247 0.0755548 -0.0737171
2.57143 1.44304 1.25206 0.0696053 -0.0722429
2.59664 1.44304 1.25175 0.0637381 -0.0704708
2.62185 1.44304 1.25155 0.057972 -0.0684005
2.64706 1.44304 1.25146 0.0523263 -0.0660312
2.67227 1.44304 1.25149 0.0468207 -0.0633614
2.69748 1.44304 1.25166 0.0414763 -0.0603891
2.72269 1.44304 1.25196 0.0363149 -0.057112
2.7479 1.44304 1.25242 0.0313601 -0.053527
2.77311 1.44304 1.25303 0.0266366 -0.049631
2.79832 1.44304 1.25381 0.0221719 -0.0454205
2.82353 1.44304 1.25476 0.0179949 -0.040892
2.84874 1.44304 1.25592 0.0141385 -0.0360421
2.87395 1.44304 1.25724 0.0106375 -0.0308669
2.89916 1.44304 1.25881 0.00753212 -0.0253633
2.92437 1.44304 1.26054 0.00486426 -0.0195277
2.94958 1.44304 1.26258 0.00268394 -0.0133573
2.97479 1.44304 1.26476 0.00104176 -0.00684882
3 1.44304 1.26733 0 0

0 1.46835 1.53686 0 0
0.0252101 1.46835 1.53431 -0.000568546 0.0062226
0.0504202 1.46835 1.54051 -0.000674069 0.0128019
0.0756303 1.46835 1.53776 -0.000329933 0.0193516
0.10084 1.46835 1.54443 0.000515247 0.0262249
0.12605 1.46835 1.54146 0.001849 0.0330019
0.151261 1.46835 1.54801 0.00366 0.0399993
0.176471 1.46835 1.5457 0.00601526 0.0468387
0.201681 1.46835 1.55098 0.00878979 0.0537354
0.226891 1.46835 1.55015 0.0121252 0.0604287
0.252101 1.46835 1.55349 0.0158322 0.0670123
0.277311 1.46835 1.55423 0.0200604 0.073333
0.302521 1.46835 1.55556 0.0246173 0.0794321
0.327731 1.46835 1.55783 0.0296506 0.0851667
0.352941 1.46835 1.55659 0.0349205 0.0906529
0.378151 1.46835 1.5615 0.0406885 0.0956113
0.403361 1.46835 1.5554 0.0465029 0.100401
0.428571 1.46835 1.56627 0.0529464 0.104415
0.453782 1.46835 1.55063 0.0591372 0.108448
0.478992 1.46835 1.57299 0.066176 0.111401
0.504202 1.46835 1.5418 0.0726364 0.114574
0.529412 1.46835 1.58079 0.0800908 0.116477
0.554622 1.46835 1.53108 0.0868532 0.118556
0.579832 1.46835 1.5856 0.0943889 0.119576
0.605042 1.46835 1.52359 0.101589 0.120245
0.630252 1.46835 1.5819 0.108845 0.120536
0.655462 1.46835 1.52328 0.116478 0.11966
0.680672 1.46835 1.56862 0.123342 0.119111
0.705882 1.46835 1.52769 0.131072 0.116905
0.731092 1.46835 1.55139 0.137696 0.11519
0.756303 1.46835 1.52997 0.145046 0.111989
0.781513 1.46835 1.5363 0.151501 0.108931
0.806723 1.46835 1.52644 0.158177 0.104883
0.831933 1.46835 1.5244 0.164269 0.100611
0.857143 1.46835 1.51842 0.170166 0.095747
0.882353 1.46835 1.51371 0.175604 0.0905465
0.907563 1.46835 1.50829 0.180641 0.0849832
0.932773 1.46835 1.50288 0.185207 0.0791624
0.957983 1.46835 1.49732 0.189292 0.0731513
0.983193 1.46835 1.4917 0.192877 0.0670359
1.0084 1.46835 1.48604 0.195962 0.0609002
1.03361 1.46835 1.4804 0.198555 0.0548269
1.05882 1.46835 1.47479 0.200678 0.048893
1.08403 1.46835 1.46924 0.202362 0.043167
1.10924 1.46835 1.46379 0.203643 0.0377067
1.13445 1.46835 1.45843 0.204565 0.0325574
1.15966 1.46835 1.45319 0.205172 0.0277518
1.18487 1.46835 1.44806 0.205512 0.0233105
1.21008 1.46835 1.44304 0.205627 0.0192427
1.23529 1.46835 1.43814 0.205558 0.0155481
1.2605 1.46835 1.43333 0.205343 0.0122179
1.28571 1.46835 1.42863 0.205014 0.00923717
1.31092 1.46835 1.424 0.204599 0.00658522
1.33613 1.46835 1.41945 0.204122 0.00423857
1.36134 1.46835 1.41496 0.203601 0.00217025
1.38655 1.46835 1.41054 0.203054 0.00035279
1.41176 1.46835 1.40615 0.202492 -0.00124336
1.43697 1.46835 1.40181 0.201925 -0.00264666
1.46218 1.46835 1.39749 0.20136 -0.00388698
1.48739 1.46835 1.3932 0.2008 -0.00499213
1.51261 1.46835 1.38892 0.20025 -0.00599124
1.53782 1.46835 1.38466 0.199711 -0.00691082
1.56303 1.46835 1.3804 0.199181 -0.00777886
1.58824 1.46835 1.37616 0.198659 -0.00862049
1.61345 1.46835 1.3719 0.198143 -0.00946245
1.63866 1.46835 1.36766 0.197627 -0.0103286
1.66387 1.46835 1.36339 0.197105 -0.0112442
1.68908 1.46835 1.35913 0.19657 -0.0122319
1.71429 1.46835 1.35486 0.196011 -0.0133149
1.7395 1.46835 1.35058 0.195416 -0.0145138
1.76471 1.46835 1.34629 0.194771 -0.0158488
1.78992 1.46835 1.342 0.194058 -0.0173368
1.81513 1.46835 1.33771 0.19326 -0.0189928
1.84034 1.46835 1.33341 0.192352 -0.0208275
1.86555 1.46835 1.32912 0.19131 -0.0228478
1.89076 1.46835 1.32485 0.190109 -0.0250551
1.91597 1.46835 1.3206 0.188719 -0.0274448
1.94118 1.46835 1.31638 0.187114 -0.030006
1.96639 1.46835 1.31221 0.185265 -0.0327209
1.9916 1.46835 1.3081 0.183149 -0.035565
2.01681 1.46835 1.30407 0.180743 -0.0385079
2.04202 1.46835 1.30013 0.178031 -0.041514
2.06723 1.46835 1.29631 0.175002 -0.0445445
2.09244 1.46835 1.29261 0.171652 -0.0475585
2.11765 1.46835 1.28906 0.167983 -0.0505153
2.14286 1.46835 1.28566 0.164002 -0.0533756
2.16807 1.46835 1.28243 0.159723 -0.0561032
2.19328 1.46835 1.27938 0.155163 -0.0586655
2.21849 1.46835 1.27652 0.150344 -0.0610346
2.2437 1.46835 1.27385 0.145288 -0.0631869
2.26891 1.46835 1.27138 0.140021 -0.0651036
2.29412 1.46835 1.26913 0.134568 -0.0667697
2.31933 1.46835 1.26707 0.128957 -0.0681737
2.34454 1.46835 1.26521 0.123212 -0.0693073
2.36975 1.46835 1.26352 0.11736 -0.0701643
2.39496 1.46835 1.26196 0.111424 -0.070741
2.42017 1.46835 1.26053 0.105428 -0.0710354
2.44538 1.46835 1.25919 0.0993925 -0.0710467
2.47059 1.46835 1.25795 0.0933394 -0.0707756
2.4958 1.46835 1.25681 0.0872886 -0.070223
2.52101 1.46835 1.25579 0.0812597 -0.0693902
2.54622 1.46835 1.25492 0.0752726 -0.0682783
2.57143 1.46835 1.2542 0.0693467 -0.0668877
2.59664 1.46835 1.25365 0.0635018 -0.0652187
2.62185 1.46835 1.25326 0.0577574 -0.0632711
2.64706 1.46835 1.25304 0.0521332 -0.061044
2.67227 1.46835 1.25298 0.0466493 -0.0585365
2.69748 1.46835 1.25309 0.0413264 -0.0557474
2.72269 1.46835 1.25335 0.0361863 -0.0526753
2.7479 1.46835 1.25377 0.0312521 -0.0493188
2.77311 1.46835 1.25436 0.0265484 -0.0456767
2.79832 1.46835 1.25513 0.022102 -0.0417476
2.82353 1.46835 1.25606 0.0179417 -0.0375309
2.84874 1.46835 1.2572 0.0141001 -0.0330262
2.87395 1.46835 1.25851 0.0106116 -0.0282333
2.89916 1.46835 1.26006 0.00751634 -0.0231533
2.92437 1.46835 1.26179 0.00485605 -0.0177874
2.94958 1.46835 1.26381 0.00268079 -0.0121378
2.97479 1.46835 1.26599 0.00104123 -0.00620729
3 1.46835 1.26856 0 0

0 1.49367 1.53689 0 0
0.0252101 1.49367 1.53561 -0.000563503 0.00578737
0.0504202 1.49367 1.54052 -0.00066613 0.0118795
0.0756303 1.49367 1.53903 -0.00032249 0.0179767
0.10084 1.49367 1.54432 0.00050931 0.0243447
0.12605 1.49367 1.54255 0.00181132 0.0306505
0.151261 1.49367 1.54784 0.00358573 0.0371417
0.176471 1.49367 1.54642 0.00587167 0.0435037
0.201681 1.49367 1.55081 0.00858354 0.0499173
0.226891 1.49367 1.55045 0.0118252 0.0561489
0.252101 1.49367 1.55325 0.0154441 0.0622903
0.277311 1.49367 1.55427 0.0195743 0.0681864
0.302521 1.49367 1.55504 0.0240236 0.0738968
0.327731 1.49367 1.55791 0.0289722 0.0792547
0.352941 1.49367 1.55548 0.0341217 0.0844165
0.378151 1.49367 1.56205 0.0398322 0.0890486
0.403361 1.49367 1.55332 0.0455184 0.0935819
0.428571 1.49367 1.56772 0.0519335 0.097328
0.453782 1.49367 1.5474 0.0580067 0.101157
0.478992 1.49367 1.57526 0.0650162 0.103933
0.504202 1.49367 1.53809 0.0714162 0.106909
0.529412 1.49367 1.58267 0.0787817 0.108775
0.554622 1.49367 1.52875 0.0855862 0.110631
0.579832 1.49367 1.58506 0.0929474 0.111754
0.605042 1.49367 1.5244 0.100258 0.11223
0.630252 1.49367 1.57821 0.107333 0.112671
0.655462 1.49367 1.52679 0.115025 0.111762
0.680672 1.49367 1.56369 0.121817 0.111312
0.705882 1.49367 1.53136 0.129484 0.109291
0.731092 1.49367 1.54781 0.136148 0.10766
0.756303 1.49367 1.53206 0.14338 0.10478
0.781513 1.49367 1.5348 0.149895 0.101899
0.806723 1.49367 1.52726 0.156493 0.0982244
0.831933 1.49367 1.52424 0.162621 0.0942676
0.857143 1.49367 1.51894 0.168508 0.089819
0.882353 1.49367 1.51419 0.173987 0.0850415
0.907563 1.49367 1.50902 0.179075 0.0799453
0.932773 1.49367 1.50376 0.183725 0.0746103
0.957983 1.49367 1.49838 0.18792 0.0691006
0.983193 1.49367 1.49292 0.191646 0.0634904
1.0084 1.49367 1.48742 0.194901 0.0578531
1.03361 1.49367 1.4819 0.197691 0.052261
1.05882 1.49367 1.4764 0.200033 0.0467817
1.08403 1.49367 1.47094 0.201951 0.0414763
1.10924 1.49367 1.46555 0.203476 0.0363968
1.13445 1.49367 1.46023 0.204644 0.0315852
1.15966 1.49367 1.45499 0.205494 0.0270733
1.18487 1.49367 1.44985 0.206065 0.0228822
1.21008 1.49367 1.4448 0.206397 0.0190234
1.23529 1.49367 1.43985 0.206527 0.0154999
1.2605 1.49367 1.43498 0.206489 0.0123067
1.28571 1.49367 1.4302 0.206315 0.00943309
1.31092 1.49367 1.42549 0.206031 0.00686291
1.33613 1.49367 1.42085 0.205661 0.00457661
1.36134 1.49367 1.41628 0.205225 0.00255127
1.38655 1.49367 1.41176 0.20474 0.000762718
1.41176 1.49367 1.40728 0.204219 -0.000815264
1.43697 1.49367 1.40285 0.203674 -0.00220864
1.46218 1.49367 1.39845 0.203112 -0.00344464
1.48739 1.49367 1.39408 0.20254 -0.0045493
1.51261 1.49367 1.38972 0.201961 -0.0055496
1.53782 1.49367 1.38539 0.201377 -0.00647078
1.56303 1.49367 1.38107 0.20079 -0.0073389
1.58824 1.49367 1.37677 0.200198 -0.00817808
1.61345 1.49367 1.37247 0.199599 -0.00901313
1.63866 1.49367 1.36818 0.198987 -0.00986687
1.66387 1.49367 1.36388 0.198358 -0.0107625
1.68908 1.49367 1.35959 0.197704 -0.0117213
1.71429 1.49367 1.35531 0.197015 -0.0127643
1.7395 1.49367 1.35102 0.196279 -0.0139102
1.76471 1.49367 1.34674 0.195483 -0.0151768
1.78992 1.49367 1.34246 0.19461 -0.016579
1.81513 1.49367 1.33819 0.193643 -0.0181295
1.84034 1.49367 1.33393 0.192561 -0.0198371
1.86555 1.49367 1.32969 0.191342 -0.021707
1.89076 1.49367 1.32547 0.189961 -0.0237396
1.91597 1.49367 1.32128 0.188396 -0.0259301
1.94118 1.49367 1.31714 0.18662 -0.0282682
1.96639 1.49367 1.31305 0.184611 -0.0307381
1.9916 1.49367 1.30902 0.182348 -0.0333181
2.01681 1.49367 1.30508 0.179812 -0.0359819
2.04202 1.49367 1.30123 0.17699 -0.038699
2.06723 1.49367 1.29749 0.173871 -0.0414359
2.09244 1.49367 1.29387 0.170453 -0.0441574
2.11765 1.49367 1.29039 0.166736 -0.0468283
2.14286 1.49367 1.28705 0.162728 -0.0494144
2.16807 1.49367 1.28387 0.15844 -0.0518833
2.19328 1.49367 1.28085 0.153887 -0.054206
2.21849 1.49367 1.27798 0.149088 -0.0563567
2.2437 1.49367 1.27528 0.144064 -0.0583134
2.26891 1.49367 1.27274 0.138837 -0.0600576
2.29412 1.49367 1.27036 0.133432 -0.0615749
2.31933 1.49367 1.26813 0.127872 -0.0628537
2.34454 1.49367 1.26605 0.12218 -0.0638859
2.36975 1.49367 1.26412 0.116381 -0.0646655
2.39496 1.49367 1.26237 0.110497 -0.0651889
2.42017 1.49367 1.26079 0.104551 -0.0654538
2.44538 1.49367 1.2594 0.0985652 -0.0654589
2.47059 1.49367 1.25819 0.0925609 -0.0652035
2.4958 1.49367 1.25717 0.0865592 -0.0646872
2.52101 1.49367 1.25631 0.0805806 -0.0639098
2.54622 1.49367 1.25561 0.0746447 -0.0628712
2.57143 1.49367 1.25505 0.0687707 -0.0615714
2.59664 1.49367 1.25462 0.0629776 -0.0600104
2.62185 1.49367 1.25433 0.0572842 -0.0581881
2.64706 1.49367 1.25416 0.0517099 -0.0561045
2.67227 1.49367 1.25413 0.0462745 -0.0537594
2.69748 1.49367 1.25424 0.0409986 -0.0511526
2.72269 1.49367 1.25449 0.0359036 -0.0482841
2.7479 1.49367 1.25491 0.0310125 -0.0451542
2.77311 1.49367 1.25548 0.0263496 -0.0417633
2.79832 1.49367 1.25623 0.0219414 -0.0381128
2.82353 1.49367 1.25714 0.0178163 -0.0342044
2.84874 1.49367 1.25826 0.0140064 -0.0300409
2.87395 1.49367 1.25955 0.0105457 -0.0256261
2.89916 1.49367 1.26109 0.00747371 -0.020965
2.92437 1.49367 1.26279 0.00483193 -0.0160635
2.94958 1.49367 1.2648 0.00267008 -0.0109294
2.97479 1.49367 1.26695 0.00103856 -0.00557134
3 1.49367 1.2695 0 0

0 1.51899 1.53708 0 0
0.0252101 1.51899 1.53673 -0.000560768 0.00534722
0.0504202 1.51899 1.54068 -0.000664839 0.0109612
0.0756303 1.51899 1.54013 -0.000327029 0.0166114
0.10084 1.51899 1.54434 0.000485181 0.0224901
0.12605 1.51899 1.54352 0.00175301 0.0283368
0.151261 1.51899 1.54777 0.00348475 0.0343376
0.176471 1.51899 1.54709 0.00570229 0.0402364
0.201681 1.51899 1.55071 0.00834662 0.046178
0.226891 1.51899 1.55079 0.0114954 0.0519588
0.252101 1.51899 1.55305 0.0150215 0.0576633
0.277311 1.51899 1.55443 0.0190517 0.0631396
0.302521 1.51899 1.55455 0.0233857 0.0684604
0.327731 1.51899 1.55819 0.0282441 0.0734424
0.352941 1.51899 1.55437 0.0332599 0.0782712
0.378151 1.51899 1.56288 0.0389014 0.0825797
0.403361 1.51899 1.55124 0.0444446 0.0868362
0.428571 1.51899 1.56937 0.0508057 0.090329
0.453782 1.51899 1.54441 0.056755 0.0939151
0.478992 1.51899 1.57732 0.063688 0.0965458
0.504202 1.51899 1.53525 0.0700331 0.099276
0.529412 1.51899 1.58363 0.0772505 0.101135
0.554622 1.51899 1.52789 0.0840915 0.102742
0.579832 1.51899 1.58331 0.0912443 0.103961
0.605042 1.51899 1.52653 0.0986166 0.10427
0.630252 1.51899 1.57401 0.105522 0.104808
0.655462 1.51899 1.53056 0.113194 0.103921
0.680672 1.51899 1.55933 0.119934 0.103523
0.705882 1.51899 1.53446 0.127483 0.101709
0.731092 1.51899 1.54517 0.13417 0.100154
0.756303 1.51899 1.53358 0.141268 0.0975755
0.781513 1.51899 1.53393 0.1478 0.0948833
0.806723 1.51899 1.52788 0.154316 0.091551
0.831933 1.51899 1.52433 0.160443 0.0879095
0.857143 1.51899 1.51945 0.166307 0.08385
0.882353 1.51899 1.51476 0.1718 0.0794793
0.907563 1.51899 1.50976 0.176916 0.0748247
0.932773 1.51899 1.50466 0.181622 0.0699505
0.957983 1.51899 1.49942 0.185898 0.0649158
0.983193 1.51899 1.4941 0.189733 0.0597849
1.0084 1.51899 1.48873 0.193123 0.0546223
1.03361 1.51899 1.48332 0.196072 0.0494914
1.05882 1.51899 1.47792 0.198593 0.0444518
1.08403 1.51899 1.47253 0.200705 0.0395576
1.10924 1.51899 1.46719 0.202435 0.0348556
1.13445 1.51899 1.4619 0.203811 0.0303848
1.15966 1.51899 1.45667 0.204869 0.0261749
1.18487 1.51899 1.45152 0.205641 0.0222473
1.21008 1.51899 1.44644 0.206164 0.0186147
1.23529 1.51899 1.44144 0.206469 0.0152821
1.2605 1.51899 1.43652 0.20659 0.0122477
1.28571 1.51899 1.43167 0.206556 0.00950407
1.31092 1.51899 1.42689 0.206392 0.00703862
1.33613 1.51899 1.42217 0.206121 0.00483529
1.36134 1.51899 1.41751 0.205765 0.00287469
1.38655 1.51899 1.41291 0.20534 0.00113571
1.41176 1.51899 1.40835 0.204861 -0.00040476
1.43697 1.51899 1.40384 0.204339 -0.00177023
1.46218 1.51899 1.39935 0.203783 -0.00298531
1.48739 1.51899 1.39491 0.203201 -0.00407417
1.51261 1.51899 1.39048 0.202598 -0.00506155
1.53782 1.51899 1.38609 0.201976 -0.00597123
1.56303 1.51899 1.38171 0.201338 -0.00682729
1.58824 1.51899 1.37735 0.200682 -0.00765258
1.61345 1.51899 1.373 0.200007 -0.00847001
1.63866 1.51899 1.36866 0.199309 -0.0093011
1.66387 1.51899 1.36434 0.198582 -0.0101671
1.68908 1.51899 1.36002 0.19782 -0.0110878
1.71429 1.51899 1.35572 0.197012 -0.0120822
1.7395 1.51899 1.35143 0.19615 -0.0131673
1.76471 1.51899 1.34714 0.195218 -0.0143588
1.78992 1.51899 1.34287 0.194203 -0.0156699
1.81513 1.51899 1.33862 0.193087 -0.0171112
1.84034 1.51899 1.33439 0.191853 -0.0186902
1.86555 1.51899 1.33019 0.190479 -0.0204108
1.89076 1.51899 1.32602 0.188945 -0.0222726
1.91597 1.51899 1.32188 0.187229 -0.024271
1.94118 1.51899 1.3178 0.185311 -0.0263966
1.96639 1.51899 1.31378 0.183169 -0.028635
1.9916 1.51899 1.30983 0.180786 -0.0309675
2.01681 1.51899 1.30595 0.178146 -0.0333711
2.04202 1.51899 1.30218 0.175237 -0.0358195
2.06723 1.51899 1.29851 0.172051 -0.0382839
2.09244 1.51899 1.29496 0.168584 -0.0407339
2.11765 1.51899 1.29154 0.16484 -0.0431391
2.14286 1.51899 1.28825 0.160822 -0.0454693
2.16807 1.51899 1.28512 0.156541 -0.0476965
2.19328 1.51899 1.28213 0.15201 -0.0497944
2.21849 1.51899 1.27931 0.147246 -0.05174
2.2437 1.51899 1.27665 0.142268 -0.053513
2.26891 1.51899 1.27416 0.137096 -0.0550965
2.29412 1.51899 1.27183 0.131752 -0.0564764
2.31933 1.51899 1.26968 0.126257 -0.0576415
2.34454 1.51899 1.2677 0.120636 -0.058583
2.36975 1.51899 1.26589 0.11491 -0.0592944
2.39496 1.51899 1.26423 0.109103 -0.0597706
2.42017 1.51899 1.26272 0.103235 -0.0600081
2.44538 1.51899 1.26135 0.0973283 -0.0600047
2.47059 1.51899 1.26011 0.0914036 -0.0597591
2.4958 1.51899 1.25899 0.0854807 -0.0592706
2.52101 1.51899 1.25801 0.0795795 -0.0585391
2.54622 1.51899 1.25717 0.0737192 -0.0575647
2.57143 1.51899 1.25647 0.0679191 -0.0563475
2.59664 1.51899 1.25592 0.0621983 -0.0548878
2.62185 1.51899 1.25552 0.0565762 -0.0531858
2.64706 1.51899 1.25527 0.0510722 -0.0512414
2.67227 1.51899 1.25518 0.0457059 -0.0490552
2.69748 1.51899 1.25525 0.0404978 -0.0466276
2.72269 1.51899 1.25547 0.0354689 -0.0439597
2.7479 1.51899 1.25586 0.0306417 -0.0410529
2.77311 1.51899 1.2564 0.0260399 -0.0379098
2.79832 1.51899 1.25712 0.0216894 -0.0345335
2.82353 1.51899 1.25801 0.0176179 -0.0309287
2.84874 1.51899 1.25911 0.0138567 -0.0271012
2.87395 1.51899 1.26037 0.010439 -0.0230583
2.89916 1.51899 1.26188 0.00740381 -0.0188093
2.92437 1.51899 1.26355 0.00479165 -0.0143649
2.94958 1.51899 1.26553 0.0026517 -0.00973838
2.97479 1.51899 1.26764 0.00103374 -0.00494425
3 1.51899 1.27016 0 0

0 1.5443 1.53742 0 0
0.0252101 1.5443 1.53775 -0.000560379 0.0049059
0.0504202 1.5443 1.54097 -0.000670638 0.0100521
0.0756303 1.5443 1.5411 -0.000345135 0.0152615
0.10084 1.5443 1.5445 0.000440339 0.0206666
0.12605 1.5443 1.54438 0.00166886 0.0260655
0.151261 1.5443 1.54782 0.00335031 0.0315916
0.176471 1.5443 1.54774 0.00549697 0.0370401
0.201681 1.5443 1.55069 0.00806672 0.0425212
0.226891 1.5443 1.55118 0.0111204 0.0478622
0.252101 1.5443 1.55293 0.0145471 0.0531358
0.277311 1.5443 1.55469 0.018473 0.0581995
0.302521 1.5443 1.55412 0.0226833 0.0631302
0.327731 1.5443 1.55863 0.0274434 0.0677419
0.352941 1.5443 1.55332 0.0323147 0.072228
0.378151 1.5443 1.56385 0.0378717 0.0762232
0.403361 1.5443 1.54934 0.0432631 0.0801791
0.428571 1.5443 1.57098 0.0495397 0.0834406
0.453782 1.5443 1.54198 0.0553654 0.0867459
0.478992 1.5443 1.57883 0.0621739 0.0892609
0.504202 1.5443 1.53355 0.0684674 0.0917093
0.529412 1.5443 1.58351 0.0754907 0.0935744
0.554622 1.5443 1.52848 0.0823476 0.0949306
0.579832 1.5443 1.58061 0.0892797 0.0962154
0.605042 1.5443 1.52955 0.096653 0.0963999
0.630252 1.5443 1.56977 0.103409 0.096981
0.655462 1.5443 1.53424 0.11099 0.0961588
0.680672 1.5443 1.55573 0.117685 0.0957811
0.705882 1.5443 1.53695 0.125075 0.0941776
0.731092 1.5443 1.54336 0.131756 0.0927033
0.756303 1.5443 1.53469 0.138711 0.0903998
0.781513 1.5443 1.53352 0.14522 0.0879073
0.806723 1.5443 1.5284 0.151646 0.0848902
0.831933 1.5443 1.52461 0.15774 0.0815595
0.857143 1.5443 1.52 0.163563 0.0778668
0.882353 1.5443 1.51538 0.169043 0.0738854
0.907563 1.5443 1.51054 0.174164 0.0696494
0.932773 1.5443 1.50556 0.178898 0.0652129
0.957983 1.5443 1.50045 0.183227 0.0606288
0.983193 1.5443 1.49525 0.187139 0.0559536
1.0084 1.5443 1.48998 0.19063 0.051244
1.03361 1.5443 1.48467 0.193701 0.0465555
1.05882 1.5443 1.47935 0.196363 0.0419408
1.08403 1.5443 1.47402 0.198632 0.0374477
1.10924 1.5443 1.46872 0.200528 0.0331186
1.13445 1.5443 1.46345 0.202078 0.0289887
1.15966 1.5443 1.45823 0.203309 0.0250861
1.18487 1.5443 1.45307 0.204252 0.0214313
1.21008 1.5443 1.44797 0.204938 0.0180378
1.23529 1.5443 1.44293 0.205396 0.0149119
1.2605 1.5443 1.43795 0.205656 0.012054
1.28571 1.5443 1.43304 0.205745 0.00945929
1.31092 1.5443 1.4282 0.205689 0.00711808
1.33613 1.5443 1.42341 0.205509 0.00501728
1.36134 1.5443 1.41867 0.205226 0.00314055
1.38655 1.5443 1.41399 0.204857 0.00146957
1.41176 1.5443 1.40935 0.204417 -1.59434e-05
1.43697 1.5443 1.40476 0.203918 -0.00133707
1.46218 1.5443 1.4002 0.20337 -0.00251596
1.48739 1.5443 1.39569 0.202782 -0.00357476
1.51261 1.5443 1.39119 0.202158 -0.00453609
1.53782 1.5443 1.38673 0.201504 -0.00542202
1.56303 1.5443 1.3823 0.20082 -0.00625473
1.58824 1.5443 1.37788 0.200108 -0.00705552
1.61345 1.5443 1.37349 0.199366 -0.0078455
1.63866 1.5443 1.36911 0.19859 -0.00864469
1.66387 1.5443 1.36476 0.197776 -0.00947256
1.68908 1.5443 1.36042 0.196918 -0.0103473
1.71429 1.5443 1.35609 0.196006 -0.0112859
1.7395 1.5443 1.35179 0.195031 -0.012304
1.76471 1.5443 1.34751 0.193981 -0.0134153
1.78992 1.5443 1.34325 0.192841 -0.0146314
1.81513 1.5443 1.33901 0.191597 -0.0159615
1.84034 1.5443 1.3348 0.190232 -0.0174118
1.86555 1.5443 1.33062 0.188728 -0.0189853
1.89076 1.5443 1.32649 0.187065 -0.0206812
1.91597 1.5443 1.3224 0.185225 -0.0224951
1.94118 1.5443 1.31837 0.18319 -0.0244184
1.96639 1.5443 1.3144 0.180942 -0.0264385
1.9916 1.5443 1.3105 0.178465 -0.0285388
2.01681 1.5443 1.30669 0.175745 -0.0306996
2.04202 1.5443 1.30297 0.172773 -0.0328979
2.06723 1.5443 1.29936 0.169542 -0.035109
2.09244 1.5443 1.29586 0.166049 -0.0373067
2.11765 1.5443 1.29249 0.162296 -0.0394644
2.14286 1.5443 1.28925 0.158287 -0.041556
2.16807 1.5443 1.28614 0.15403 -0.0435565
2.19328 1.5443 1.28319 0.149539 -0.0454428
2.21849 1.5443 1.28038 0.144828 -0.0471939
2.2437 1.5443 1.27772 0.139913 -0.0487914
2.26891 1.5443 1.27522 0.134814 -0.0502193
2.29412 1.5443 1.27287 0.12955 -0.0514643
2.31933 1.5443 1.27068 0.124143 -0.0525154
2.34454 1.5443 1.26863 0.118612 -0.0533641
2.36975 1.5443 1.26674 0.112981 -0.0540036
2.39496 1.5443 1.265 0.107269 -0.0544289
2.42017 1.5443 1.26342 0.101498 -0.0546364
2.44538 1.5443 1.26199 0.0956879 -0.0546237
2.47059 1.5443 1.26072 0.0898602 -0.0543889
2.4958 1.5443 1.2596 0.0840347 -0.053931
2.52101 1.5443 1.25865 0.0782308 -0.0532491
2.54622 1.5443 1.25784 0.0724682 -0.0523427
2.57143 1.5443 1.25718 0.0667656 -0.0512115
2.59664 1.5443 1.25667 0.0611422 -0.0498554
2.62185 1.5443 1.25629 0.0556165 -0.0482746
2.64706 1.5443 1.25606 0.0502077 -0.0464696
2.67227 1.5443 1.25597 0.044935 -0.0444413
2.69748 1.5443 1.25603 0.0398184 -0.042191
2.72269 1.5443 1.25623 0.0348785 -0.0397209
2.7479 1.5443 1.2566 0.0301372 -0.037034
2.77311 1.5443 1.25712 0.0256175 -0.0341343
2.79832 1.5443 1.25781 0.0213447 -0.0310274
2.82353 1.5443 1.25867 0.0173455 -0.0277202
2.84874 1.5443 1.25974 0.0136502 -0.0242218
2.87395 1.5443 1.26096 0.0102912 -0.020543
2.89916 1.5443 1.26244 0.00730629 -0.0166974
2.92437 1.5443 1.26407 0.00473502 -0.0127005
2.94958 1.5443 1.266 0.00262558 -0.00857091
2.97479 1.5443 1.26807 0.00102676 -0.00432931
3 1.5443 1.27055 0 0

0 1.56962 1.53791 0 0
0.0252101 1.56962 1.5387 -0.00056234 0.00446728
0.0504202 1.56962 1.54138 -0.000683869 0.00915752
0.0756303 1.56962 1.54198 -0.000377956 0.0139341
0.10084 1.56962 1.54477 0.000372867 0.0188811
0.12605 1.56962 1.54516 0.00155492 0.0238432
0.151261 1.56962 1.54797 0.00317731 0.02891
0.176471 1.56962 1.54834 0.00524785 0.0339202
0.201681 1.56962 1.55075 0.00773451 0.0389527
0.226891 1.56962 1.55159 0.0106884 0.0438648
0.252101 1.56962 1.55287 0.0140077 0.0487141
0.277311 1.56962 1.55502 0.0178226 0.0533742
0.302521 1.56962 1.55377 0.0219009 0.0579147
0.327731 1.56962 1.55914 0.0265515 0.0621652
0.352941 1.56962 1.55242 0.0312704 0.0662983
0.378151 1.56962 1.56481 0.0367225 0.0699956
0.403361 1.56962 1.54781 0.0419587 0.0736272
0.428571 1.56962 1.57226 0.0481165 0.0766818
0.453782 1.56962 1.54036 0.0538212 0.0796736
0.478992 1.56962 1.57952 0.0604614 0.0820955
0.504202 1.56962 1.53313 0.0666989 0.0842425
0.529412 1.56962 1.58233 0.073498 0.0861093
0.554622 1.56962 1.5303 0.0803355 0.0872322
0.579832 1.56962 1.57729 0.0870504 0.0885428
0.605042 1.56962 1.53303 0.0943595 0.0886468
0.630252 1.56962 1.56581 0.100982 0.0892251
0.655462 1.56962 1.53754 0.108414 0.0884954
0.680672 1.56962 1.55294 0.115056 0.088122
0.705882 1.56962 1.53889 0.122262 0.0867193
0.731092 1.56962 1.54221 0.128904 0.0853343
0.756303 1.56962 1.53553 0.135705 0.0832802
0.781513 1.56962 1.53342 0.142154 0.0809932
0.806723 1.56962 1.5289 0.148477 0.0782685
0.831933 1.56962 1.525 0.154509 0.0752406
0.857143 1.56962 1.52057 0.160272 0.0718951
0.882353 1.56962 1.51605 0.165714 0.0682854
0.907563 1.56962 1.51132 0.170815 0.0644471
0.932773 1.56962 1.50645 0.17555 0.0604263
0.957983 1.56962 1.50145 0.179902 0.0562706
0.983193 1.56962 1.49635 0.18386 0.0520294
1.0084 1.56962 1.49118 0.187418 0.0477524
1.03361 1.56962 1.48595 0.190577 0.0434886
1.05882 1.56962 1.48068 0.193345 0.0392842
1.08403 1.56962 1.47541 0.195734 0.0351819
1.10924 1.56962 1.47014 0.197762 0.0312192
1.13445 1.56962 1.4649 0.199449 0.0274284
1.15966 1.56962 1.45968 0.200822 0.0238353
1.18487 1.56962 1.4545 0.201905 0.0204595
1.21008 1.56962 1.44938 0.202727 0.0173143
1.23529 1.56962 1.4443 0.203313 0.0144071
1.2605 1.56962 1.43928 0.203692 0.0117398
1.28571 1.56962 1.43432 0.203889 0.00930934
1.31092 1.56962 1.42941 0.203926 0.00710856
1.33613 1.56962 1.42455 0.203826 0.0051268
1.36134 1.56962 1.41974 0.203608 0.00335035
1.38655 1.56962 1.41499 0.20329 0.00176341
1.41176 1.56962 1.41028 0.202886 0.000348258
1.43697 1.56962 1.40562 0.202409 -0.000913882
1.46218 1.56962 1.40099 0.201871 -0.00204283
1.48739 1.56962 1.3964 0.201278 -0.0030587
1.51261 1.56962 1.39185 0.200638 -0.00398201
1.53782 1.56962 1.38732 0.199956 -0.00483305
1.56303 1.56962 1.38283 0.199234 -0.00563209
1.58824 1.56962 1.37837 0.198473 -0.00639882
1.61345 1.56962 1.37393 0.197672 -0.00715253
1.63866 1.56962 1.36952 0.196829 -0.00791167
1.66387 1.56962 1.36513 0.19594 -0.00869396
1.68908 1.56962 1.36076 0.194998 -0.00951596
1.71429 1.56962 1.35642 0.193996 -0.0103931
1.7395 1.56962 1.3521 0.192925 -0.0113393
1.76471 1.56962 1.34782 0.191773 -0.0123667
1.78992 1.56962 1.34356 0.190529 -0.0134856
1.81513 1.56962 1.33933 0.189177 -0.0147038
1.84034 1.56962 1.33514 0.187703 -0.0160265
1.86555 1.56962 1.33098 0.186091 -0.0174561
1.89076 1.56962 1.32688 0.184324 -0.0189916
1.91597 1.56962 1.32282 0.182386 -0.0206289
1.94118 1.56962 1.31883 0.18026 -0.0223602
1.96639 1.56962 1.3149 0.177931 -0.0241744
1.9916 1.56962 1.31105 0.175385 -0.026057
2.01681 1.56962 1.30729 0.172611 -0.0279909
2.04202 1.56962 1.30362 0.1696 -0.0299564
2.06723 1.56962 1.30005 0.166346 -0.0319319
2.09244 1.56962 1.29659 0.162847 -0.0338949
2.11765 1.56962 1.29325 0.159105 -0.0358222
2.14286 1.56962 1.29004 0.155123 -0.0376912
2.16807 1.56962 1.28697 0.15091 -0.0394799
2.19328 1.56962 1.28404 0.146476 -0.0411677
2.21849 1.56962 1.28125 0.141834 -0.042736
2.2437 1.56962 1.2786 0.137 -0.044168
2.26891 1.56962 1.27611 0.13199 -0.0454491
2.29412 1.56962 1.27378 0.126824 -0.046567
2.31933 1.56962 1.27159 0.12152 -0.0475111
2.34454 1.56962 1.26957 0.116099 -0.0482731
2.36975 1.56962 1.26769 0.11058 -0.0488463
2.39496 1.56962 1.26597 0.104984 -0.0492252
2.42017 1.56962 1.2644 0.0993313 -0.0494059
2.44538 1.56962 1.26298 0.0936418 -0.0493852
2.47059 1.56962 1.2617 0.0879355 -0.0491609
2.4958 1.56962 1.26056 0.0822317 -0.0487316
2.52101 1.56962 1.25957 0.0765497 -0.048096
2.54622 1.56962 1.25871 0.0709083 -0.0472536
2.57143 1.56962 1.258 0.0653264 -0.0462042
2.59664 1.56962 1.25743 0.0598225 -0.0449477
2.62185 1.56962 1.25701 0.0544153 -0.0434845
2.64706 1.56962 1.25673 0.0491235 -0.0418153
2.67227 1.56962 1.25661 0.0439662 -0.0399415
2.69748 1.56962 1.25663 0.0389628 -0.037865
2.72269 1.56962 1.25681 0.0341334 -0.0355889
2.7479 1.56962 1.25715 0.0294991 -0.0331173
2.77311 1.56962 1.25764 0.0250821 -0.0304559
2.79832 1.56962 1.25831 0.0209066 -0.0276121
2.82353 1.56962 1.25913 0.0169983 -0.0245955
2.84874 1.56962 1.26016 0.0133864 -0.0214179
2.87395 1.56962 1.26134 0.0101017 -0.0180938
2.89916 1.56962 1.26277 0.0071808 -0.0146409
2.92437 1.56962 1.26435 0.00466183 -0.0110794
2.94958 1.56962 1.26623 0.00259162 -0.00743346
2.97479 1.56962 1.26824 0.0010176 -0.00372992
3 1.56962 1.27065 0 0

0 1.59494 1.53852 0 0
0.0252101 1.59494 1.53961 -0.000566771 0.00403565
0.0504202 1.59494 1.5419 -0.00070498 0.00828387
0.0756303 1.59494 1.54281 -0.000426544 0.0126373
0.10084 1.59494 1.54516 0.000281087 0.0171421
0.12605 1.59494 1.54589 0.00140806 0.0216785
0.151261 1.59494 1.54823 0.00296182 0.0263011
0.176471 1.59494 1.54894 0.00494891 0.0308845
0.201681 1.59494 1.55092 0.00734299 0.0354805
0.226891 1.59494 1.55203 0.0101901 0.0399745
0.252101 1.59494 1.55292 0.0133931 0.0444068
0.277311 1.59494 1.5554 0.0170878 0.0486729
0.302521 1.59494 1.55357 0.0210265 0.0528239
0.327731 1.59494 1.55965 0.0255529 0.0567246
0.352941 1.59494 1.55182 0.0301144 0.0604957
0.378151 1.59494 1.56559 0.0354372 0.0639118
0.403361 1.59494 1.54687 0.0405182 0.0671996
0.428571 1.59494 1.573 0.0465215 0.0700676
0.453782 1.59494 1.53978 0.0521063 0.0727256
0.478992 1.59494 1.5793 0.0585421 0.0750634
0.504202 1.59494 1.53399 0.0647084 0.0769091
0.529412 1.59494 1.58026 0.0712684 0.0787567
0.554622 1.59494 1.53305 0.0780401 0.0796784
0.579832 1.59494 1.57375 0.0845489 0.0809701
0.605042 1.59494 1.53664 0.0917315 0.0810335
0.630252 1.59494 1.56239 0.0982303 0.0815747
0.655462 1.59494 1.54039 0.105469 0.0809499
0.680672 1.59494 1.55093 0.112038 0.0805769
0.705882 1.59494 1.5404 0.119042 0.0793578
0.731092 1.59494 1.54159 0.125606 0.0780718
0.756303 1.59494 1.53623 0.132245 0.0762436
0.781513 1.59494 1.53357 0.1386 0.0741636
0.806723 1.59494 1.52941 0.144804 0.0717124
0.831933 1.59494 1.52549 0.150746 0.068977
0.857143 1.59494 1.5212 0.156427 0.0659609
0.882353 1.59494 1.51676 0.161805 0.0627057
0.907563 1.59494 1.51213 0.16686 0.0592452
0.932773 1.59494 1.50736 0.171569 0.05562
0.957983 1.59494 1.50245 0.175915 0.0518718
0.983193 1.59494 1.49743 0.179888 0.0480441
1.0084 1.59494 1.49233 0.183481 0.0441808
1.03361 1.59494 1.48716 0.186695 0.0403246
1.05882 1.59494 1.48195 0.189534 0.0365163
1.08403 1.59494 1.47672 0.192009 0.0327935
1.10924 1.59494 1.47148 0.194133 0.0291899
1.13445 1.59494 1.46624 0.195926 0.0257343
1.15966 1.59494 1.46102 0.197408 0.0224506
1.18487 1.59494 1.45583 0.198603 0.0193569
1.21008 1.59494 1.45068 0.199534 0.0164662
1.23529 1.59494 1.44557 0.200225 0.0137863
1.2605 1.59494 1.44051 0.200702 0.01132
1.28571 1.59494 1.43549 0.200988 0.00906587
1.31092 1.59494 1.43052 0.201104 0.0070185
1.33613 1.59494 1.4256 0.201072 0.0051693
1.36134 1.59494 1.42073 0.200911 0.00350682
1.38655 1.59494 1.41591 0.200637 0.00201748
1.41176 1.59494 1.41113 0.200266 0.000685869
1.43697 1.59494 1.40639 0.19981 -0.00050462
1.46218 1.59494 1.4017 0.19928 -0.00157162
1.48739 1.59494 1.39705 0.198686 -0.00253324
1.51261 1.59494 1.39243 0.198033 -0.00340798
1.53782 1.59494 1.38785 0.197329 -0.0042143
1.56303 1.59494 1.38331 0.196575 -0.00497061
1.58824 1.59494 1.37879 0.195773 -0.00569489
1.61345 1.59494 1.37431 0.194923 -0.00640469
1.63866 1.59494 1.36986 0.194024 -0.00711682
1.66387 1.59494 1.36544 0.193071 -0.00784734
1.68908 1.59494 1.36105 0.192059 -0.00861124
1.71429 1.59494 1.35669 0.190982 -0.00942238
1.7395 1.59494 1.35236 0.189831 -0.0102931
1.76471 1.59494 1.34806 0.188596 -0.0112344
1.78992 1.59494 1.3438 0.187265 -0.0122549
1.81513 1.59494 1.33958 0.185827 -0.0133617
1.84034 1.59494 1.33539 0.184266 -0.014559
1.86555 1.59494 1.33126 0.18257 -0.0158487
1.89076 1.59494 1.32717 0.180724 -0.0172299
1.91597 1.59494 1.32314 0.178711 -0.0186986
1.94118 1.59494 1.31918 0.176519 -0.0202479
1.96639 1.59494 1.31529 0.174134 -0.0218682
1.9916 1.59494 1.31147 0.171544 -0.0235468
2.01681 1.59494 1.30774 0.16874 -0.0252688
2.04202 1.59494 1.3041 0.165713 -0.0270173
2.06723 1.59494 1.30057 0.162459 -0.0287736
2.09244 1.59494 1.29714 0.158976 -0.0305182
2.11765 1.59494 1.29383 0.155265 -0.0322312
2.14286 1.59494 1.29065 0.151331 -0.0338927
2.16807 1.59494 1.2876 0.147179 -0.0354835
2.19328 1.59494 1.28468 0.14282 -0.0369854
2.21849 1.59494 1.2819 0.138266 -0.0383819
2.2437 1.59494 1.27927 0.13353 -0.0396577
2.26891 1.59494 1.27678 0.128629 -0.0407997
2.29412 1.59494 1.27443 0.123579 -0.0417962
2.31933 1.59494 1.27224 0.118398 -0.0426376
2.34454 1.59494 1.27019 0.113105 -0.0433156
2.36975 1.59494 1.26829 0.107719 -0.0438238
2.39496 1.59494 1.26655 0.10226 -0.0441568
2.42017 1.59494 1.26494 0.0967458 -0.0443104
2.44538 1.59494 1.26349 0.0911969 -0.0442816
2.47059 1.59494 1.26219 0.0856323 -0.0440678
2.4958 1.59494 1.26103 0.080071 -0.0436673
2.52101 1.59494 1.26003 0.0745318 -0.0430786
2.54622 1.59494 1.25917 0.0690335 -0.042301
2.57143 1.59494 1.25845 0.0635944 -0.0413338
2.59664 1.59494 1.25788 0.0582329 -0.0401769
2.62185 1.59494 1.25745 0.0529672 -0.0388307
2.64706 1.59494 1.25717 0.0478156 -0.037296
2.67227 1.59494 1.25703 0.0427965 -0.0355746
2.69748 1.59494 1.25704 0.0379288 -0.033669
2.72269 1.59494 1.2572 0.0332319 -0.031583
2.7479 1.59494 1.25751 0.0287261 -0.0293221
2.77311 1.59494 1.25797 0.0244326 -0.0268931
2.79832 1.59494 1.2586 0.0203743 -0.0243056
2.82353 1.59494 1.25939 0.0165758 -0.0215712
2.84874 1.59494 1.26037 0.0130646 -0.0187049
2.87395 1.59494 1.26151 0.00987003 -0.0157242
2.89916 1.59494 1.26288 0.00702706 -0.0126513
2.92437 1.59494 1.2644 0.00457192 -0.00951072
2.94958 1.59494 1.26622 0.00254977 -0.00633257
2.97479 1.59494 1.26816 0.00100626 -0.00314953
3 1.59494 1.27049 0 0

0 1.62025 1.53925 0 0
0.0252101 1.62025 1.54051 -0.000573651 0.00361524
0.0504202 1.62025 1.5425 -0.000734213 0.00743727
0.0756303 1.62025 1.5436 -0.000491488 0.0113794
0.10084 1.62025 1.54562 0.000163934 0.015458
0.12605 1.62025 1.54658 0.00122624 0.0195805
0.151261 1.62025 1.54856 0.00270126 0.0237739
0.176471 1.62025 1.5495 0.00459601 0.0279418
0.201681 1.62025 1.55116 0.0068875 0.0321134
0.226891 1.62025 1.55248 0.0096189 0.0361997
0.252101 1.62025 1.55306 0.0126967 0.040223
0.277311 1.62025 1.55578 0.0162596 0.0441053
0.302521 1.62025 1.55355 0.0200519 0.0478692
0.327731 1.62025 1.56007 0.0244361 0.0514312
0.352941 1.62025 1.55159 0.0288375 0.0548354
0.378151 1.62025 1.56603 0.0340035 0.0579838
0.403361 1.62025 1.54666 0.0389302 0.0609176
0.428571 1.62025 1.57305 0.0447449 0.0636097
0.453782 1.62025 1.54026 0.0502055 0.0659301
0.478992 1.62025 1.57818 0.0564104 0.0681771
0.504202 1.62025 1.53594 0.0624794 0.0697401
0.529412 1.62025 1.57757 0.0687966 0.071536
0.554622 1.62025 1.53636 0.0754506 0.0722948
0.579832 1.62025 1.57029 0.0817648 0.0735265
0.605042 1.62025 1.54008 0.0887658 0.0735794
0.630252 1.62025 1.55962 0.0951379 0.0740627
0.655462 1.62025 1.54277 0.10215 0.0735426
0.680672 1.62025 1.54958 0.108619 0.0731736
0.705882 1.62025 1.5416 0.115408 0.0721186
0.731092 1.62025 1.54136 0.121857 0.0709392
0.756303 1.62025 1.53685 0.128321 0.0693168
0.781513 1.62025 1.53389 0.134549 0.0674415
0.806723 1.62025 1.52995 0.140616 0.0652478
0.831933 1.62025 1.52606 0.146442 0.0627932
0.857143 1.62025 1.52186 0.152016 0.0600902
0.882353 1.62025 1.5175 0.157305 0.0571725
0.907563 1.62025 1.51295 0.162287 0.0540714
0.932773 1.62025 1.50825 0.166942 0.0508222
0.957983 1.62025 1.50341 0.171254 0.047462
0.983193 1.62025 1.49846 0.175212 0.0440287
1.0084 1.62025 1.49342 0.178809 0.0405608
1.03361 1.62025 1.48831 0.182044 0.0370957
1.05882 1.62025 1.48314 0.184922 0.0336691
1.08403 1.62025 1.47793 0.187449 0.0303144
1.10924 1.62025 1.47271 0.189638 0.0270612
1.13445 1.62025 1.46748 0.191504 0.0239355
1.15966 1.62025 1.46226 0.193065 0.0209587
1.18487 1.62025 1.45706 0.194342 0.0181478
1.21008 1.62025 1.45188 0.195356 0.0155148
1.23529 1.62025 1.44673 0.196129 0.0130677
1.2605 1.62025 1.44162 0.196683 0.0108099
1.28571 1.62025 1.43655 0.197041 0.00874091
1.31092 1.62025 1.43153 0.197221 0.00685688
1.33613 1.62025 1.42655 0.197246 0.00515086
1.36134 1.62025 1.42162 0.197132 0.00361331
1.38655 1.62025 1.41673 0.196895 0.00223263
1.41176 1.62025 1.41189 0.196552 0.000995451
1.43697 1.62025 1.40709 0.196114 -0.000112807
1.46218 1.62025 1.40233 0.195594 -0.00110774
1.48739 1.62025 1.39762 0.194999 -0.00200551
1.51261 1.62025 1.39295 0.194338 -0.0028227
1.53782 1.62025 1.38831 0.193616 -0.00357593
1.56303 1.62025 1.38372 0.192837 -0.00428179
1.58824 1.62025 1.37916 0.192003 -0.00495655
1.61345 1.62025 1.37463 0.191114 -0.00561605
1.63866 1.62025 1.37014 0.190169 -0.00627548
1.66387 1.62025 1.36569 0.189165 -0.00694928
1.68908 1.62025 1.36127 0.188098 -0.00765092
1.71429 1.62025 1.35689 0.186961 -0.00839275
1.7395 1.62025 1.35254 0.185747 -0.00918581
1.76471 1.62025 1.34823 0.184447 -0.0100396
1.78992 1.62025 1.34397 0.18305 -0.010962
1.81513 1.62025 1.33974 0.181545 -0.0119587
1.84034 1.62025 1.33556 0.179921 -0.0130337
1.86555 1.62025 1.33144 0.178164 -0.0141883
1.89076 1.62025 1.32737 0.176261 -0.0154215
1.91597 1.62025 1.32336 0.174199 -0.0167298
1.94118 1.62025 1.31941 0.171966 -0.0181071
1.96639 1.62025 1.31554 0.16955 -0.019545
1.9916 1.62025 1.31175 0.166941 -0.0210325
2.01681 1.62025 1.30805 0.16413 -0.0225568
2.04202 1.62025 1.30444 0.161111 -0.0241031
2.06723 1.62025 1.30093 0.157879 -0.0256555
2.09244 1.62025 1.29752 0.154434 -0.0271971
2.11765 1.62025 1.29424 0.150775 -0.0287106
2.14286 1.62025 1.29107 0.146908 -0.0301788
2.16807 1.62025 1.28803 0.142837 -0.031585
2.19328 1.62025 1.28513 0.138572 -0.0329133
2.21849 1.62025 1.28235 0.134124 -0.0341488
2.2437 1.62025 1.27972 0.129506 -0.0352781
2.26891 1.62025 1.27723 0.124731 -0.0362891
2.29412 1.62025 1.27489 0.119816 -0.0371714
2.31933 1.62025 1.27269 0.114777 -0.0379159
2.34454 1.62025 1.27064 0.109632 -0.0385151
2.36975 1.62025 1.26874 0.104398 -0.0389624
2.39496 1.62025 1.26699 0.0990951 -0.0392528
2.42017 1.62025 1.26538 0.0937406 -0.039382
2.44538 1.62025 1.26392 0.0883534 -0.0393467
2.47059 1.62025 1.26261 0.0829523 -0.0391442
2.4958 1.62025 1.26144 0.0775557 -0.0387725
2.52101 1.62025 1.26042 0.0721819 -0.03823
2.54622 1.62025 1.25954 0.0668491 -0.0375156
2.57143 1.62025 1.2588 0.0615752 -0.0366288
2.59664 1.62025 1.25821 0.0563784 -0.0355693
2.62185 1.62025 1.25775 0.0512762 -0.0343376
2.64706 1.62025 1.25745 0.0462867 -0.0329346
2.67227 1.62025 1.25729 0.0414277 -0.0313624
2.69748 1.62025 1.25727 0.0367175 -0.0296239
2.72269 1.62025 1.2574 0.0321745 -0.0277237
2.7479 1.62025 1.25768 0.0278183 -0.0256679
2.77311 1.62025 1.25811 0.0236686 -0.0234649
2.79832 1.62025 1.25871 0.0197474 -0.0211258
2.82353 1.62025 1.25945 0.0160773 -0.0186643
2.84874 1.62025 1.26039 0.0126844 -0.0160982
2.87395 1.62025 1.26147 0.00959585 -0.0134482
2.89916 1.62025 1.26278 0.00684477 -0.0107403
2.92437 1.62025 1.26423 0.00446511 -0.00800407
2.94958 1.62025 1.26597 0.00249996 -0.00527493
2.97479 1.62025 1.26782 0.000992736 -0.00259168
3 1.62025 1.27006 0 0

0 1.64557 1.54009 0 0
0.0252101 1.64557 1.54141 -0.000583194 0.00321071
0.0504202 1.64557 1.54319 -0.000772002 0.006625
0.0756303 1.64557 1.54438 -0.000573457 0.0101697
0.10084 1.64557 1.54617 2.04634e-05 0.0138391
0.12605 1.64557 1.54726 0.00100806 0.0175599
0.151261 1.64557 1.549 0.002394 0.0213389
0.176471 1.64557 1.55008 0.00418664 0.0251025
0.201681 1.64557 1.55151 0.0063653 0.0288619
0.226891 1.64557 1.55295 0.00897084 0.0325509
0.252101 1.64557 1.55335 0.0119144 0.0361742
0.277311 1.64557 1.55616 0.0153322 0.0396821
0.302521 1.64557 1.55378 0.0189718 0.043064
0.327731 1.64557 1.56038 0.0231938 0.0462964
0.352941 1.64557 1.55183 0.0274327 0.0493352
0.378151 1.64557 1.5661 0.0324139 0.0522229
0.403361 1.64557 1.54724 0.0371849 0.0548049
0.428571 1.64557 1.57245 0.0427811 0.0573194
0.453782 1.64557 1.54177 0.0481058 0.0593156
0.478992 1.64557 1.57636 0.054062 0.0614513
0.504202 1.64557 1.53874 0.0599996 0.0627633
0.529412 1.64557 1.57461 0.0660757 0.0644702
0.554622 1.64557 1.53993 0.0725601 0.065104
0.579832 1.64557 1.5672 0.0786851 0.0662428
0.605042 1.64557 1.54323 0.0854591 0.0663038
0.630252 1.64557 1.55755 0.0916909 0.0667198
0.655462 1.64557 1.54475 0.0984521 0.0662963
0.680672 1.64557 1.54881 0.104787 0.0659384
0.705882 1.64557 1.54262 0.111348 0.0650283
0.731092 1.64557 1.54144 0.117647 0.0639605
0.756303 1.64557 1.53748 0.12392 0.0625271
0.781513 1.64557 1.53435 0.129992 0.0608516
0.806723 1.64557 1.53057 0.135898 0.0589009
0.831933 1.64557 1.5267 0.141582 0.0567148
0.857143 1.64557 1.52258 0.147025 0.0543093
0.882353 1.64557 1.51828 0.152199 0.0517128
0.907563 1.64557 1.5138 0.157082 0.0489534
0.932773 1.64557 1.50916 0.161655 0.0460619
0.957983 1.64557 1.50438 0.165903 0.0430709
0.983193 1.64557 1.49948 0.169816 0.0400137
1.0084 1.64557 1.49449 0.173386 0.0369235
1.03361 1.64557 1.48941 0.176611 0.0338332
1.05882 1.64557 1.48427 0.179495 0.0307741
1.08403 1.64557 1.47908 0.182043 0.0277752
1.10924 1.64557 1.47387 0.184264 0.0248629
1.13445 1.64557 1.46864 0.186173 0.02206
1.15966 1.64557 1.46341 0.187785 0.0193859
1.18487 1.64557 1.45818 0.189117 0.0168558
1.21008 1.64557 1.45297 0.190189 0.0144812
1.23529 1.64557 1.44779 0.19102 0.0122696
1.2605 1.64557 1.44264 0.191631 0.0102247
1.28571 1.64557 1.43752 0.192042 0.00834677
1.31092 1.64557 1.43244 0.192272 0.00663306
1.33613 1.64557 1.42741 0.192341 0.00507801
1.36134 1.64557 1.42242 0.192264 0.00367368
1.38655 1.64557 1.41747 0.192058 0.00241017
1.41176 1.64557 1.41256 0.191739 0.00127598
1.43697 1.64557 1.4077 0.191317 0.000258364
1.46218 1.64557 1.40289 0.190805 -0.000656377
1.48739 1.64557 1.39811 0.190212 -0.00148255
1.51261 1.64557 1.39338 0.189546 -0.00223489
1.53782 1.64557 1.3887 0.188812 -0.00292823
1.56303 1.64557 1.38405 0.188014 -0.00357741
1.58824 1.64557 1.37944 0.187156 -0.00419699
1.61345 1.64557 1.37488 0.186239 -0.00480115
1.63866 1.64557 1.37035 0.18526 -0.00540349
1.66387 1.64557 1.36586 0.184218 -0.00601689
1.68908 1.64557 1.36142 0.18311 -0.00665335
1.71429 1.64557 1.35701 0.181929 -0.00732382
1.7395 1.64557 1.35265 0.180669 -0.00803804
1.76471 1.64557 1.34832 0.179323 -0.00880436
1.78992 1.64557 1.34405 0.17788 -0.00962959
1.81513 1.64557 1.33982 0.17633 -0.0105188
1.84034 1.64557 1.33564 0.174664 -0.0114751
1.86555 1.64557 1.33152 0.172869 -0.0124998
1.89076 1.64557 1.32746 0.170934 -0.0135918
1.91597 1.64557 1.32346 0.168847 -0.0147481
1.94118 1.64557 1.31953 0.166597 -0.0159633
1.96639 1.64557 1.31567 0.164175 -0.0172299
1.9916 1.64557 1.3119 0.161571 -0.0185387
2.01681 1.64557 1.30821 0.158777 -0.0198785
2.04202 1.64557 1.30461 0.155789 -0.0212366
2.06723 1.64557 1.30112 0.152602 -0.0225994
2.09244 1.64557 1.29774 0.149216 -0.0239523
2.11765 1.64557 1.29446 0.145631 -0.0252804
2.14286 1.64557 1.29131 0.141851 -0.026569
2.16807 1.64557 1.28828 0.137882 -0.0278033
2.19328 1.64557 1.28538 0.133731 -0.0289695
2.21849 1.64557 1.28261 0.129408 -0.0300546
2.2437 1.64557 1.27998 0.124926 -0.0310467
2.26891 1.64557 1.27749 0.120297 -0.0319349
2.29412 1.64557 1.27514 0.115536 -0.0327098
2.31933 1.64557 1.27293 0.110659 -0.0333631
2.34454 1.64557 1.27088 0.105681 -0.0338878
2.36975 1.64557 1.26896 0.10062 -0.0342777
2.39496 1.64557 1.2672 0.0954941 -0.0345279
2.42017 1.64557 1.26558 0.0903198 -0.0346344
2.44538 1.64557 1.2641 0.0851154 -0.0345937
2.47059 1.64557 1.26278 0.079899 -0.0344031
2.4958 1.64557 1.26159 0.0746883 -0.0340605
2.52101 1.64557 1.26056 0.0695013 -0.0335642
2.54622 1.64557 1.25967 0.0643557 -0.0329129
2.57143 1.64557 1.25892 0.059269 -0.0321058
2.59664 1.64557 1.25832 0.0542587 -0.0311427
2.62185 1.64557 1.25785 0.0493422 -0.0300239
2.64706 1.64557 1.25753 0.0445368 -0.0287505
2.67227 1.64557 1.25736 0.0398598 -0.0273246
2.69748 1.64557 1.25732 0.0353286 -0.0257496
2.72269 1.64557 1.25743 0.030961 -0.0240305
2.7479 1.64557 1.25768 0.0267752 -0.0221742
2.77311 1.64557 1.25808 0.0227898 -0.0201901
2.79832 1.64557 1.25864 0.0190253 -0.0180907
2.82353 1.64557 1.25933 0.0155023 -0.0158918
2.84874 1.64557 1.26022 0.0122452 -0.0136135
2.87395 1.64557 1.26123 0.00927875 -0.0112796
2.89916 1.64557 1.26248 0.00663366 -0.00892018
2.92437 1.64557 1.26384 0.00434124 -0.006569
2.94958 1.64557 1.2655 0.00244213 -0.00426737
2.97479 1.64557 1.26724 0.000977024 -0.00205997
3 1.64557 1.26938 0 0

0 1.67089 1.541 0 0
0.0252101 1.67089 1.54231 -0.000595252 0.00282638
0.0504202 1.67089 1.54392 -0.00081834 0.00585318
0.0756303 1.67089 1.54514 -0.000672398 0.00901695
0.10084 1.67089 1.54675 -0.000149312 0.012294
0.12605 1.67089 1.5479 0.000753372 0.0156265
0.151261 1.67089 1.54947 0.00204002 0.0190056
0.176471 1.67089 1.55064 0.00372028 0.0223762
0.201681 1.67089 1.55192 0.00577598 0.0257358
0.226891 1.67089 1.55341 0.0082447 0.0290376
0.252101 1.67089 1.55374 0.0110448 0.0322713
0.277311 1.67089 1.55651 0.0143032 0.0354135
0.302521 1.67089 1.55422 0.0177835 0.0384221
0.327731 1.67089 1.56052 0.0218228 0.0413307
0.352941 1.67089 1.5525 0.0258952 0.0440131
0.378151 1.67089 1.5658 0.0306651 0.0466401
0.403361 1.67089 1.54851 0.0352747 0.0488849
0.428571 1.67089 1.57129 0.0406272 0.0512088
0.453782 1.67089 1.54405 0.0457976 0.0529082
0.478992 1.67089 1.5741 0.0514932 0.0549033
0.504202 1.67089 1.54203 0.0572606 0.0560027
0.529412 1.67089 1.57167 0.0630972 0.0575846
0.554622 1.67089 1.54347 0.0693641 0.0581257
0.579832 1.67089 1.56461 0.0752967 0.0591495
0.605042 1.67089 1.546 0.0818071 0.0592268
0.630252 1.67089 1.55611 0.087876 0.0595748
0.655462 1.67089 1.5464 0.0943667 0.0592354
0.680672 1.67089 1.54849 0.100533 0.0588965
0.705882 1.67089 1.54352 0.10685 0.0581141
0.731092 1.67089 1.54175 0.112965 0.0571598
0.756303 1.67089 1.53813 0.119027 0.0559014
0.781513 1.67089 1.53492 0.124913 0.0544188
0.806723 1.67089 1.53124 0.130636 0.052698
0.831933 1.67089 1.52741 0.136151 0.0507678
0.857143 1.67089 1.52334 0.141437 0.048645
0.882353 1.67089 1.51909 0.146468 0.0463537
0.907563 1.67089 1.51466 0.151224 0.0439188
0.932773 1.67089 1.51006 0.155687 0.0413674
0.957983 1.67089 1.50533 0.159843 0.0387276
0.983193 1.67089 1.50047 0.16368 0.0360284
1.0084 1.67089 1.4955 0.167193 0.0332988
1.03361 1.67089 1.49045 0.170378 0.0305672
1.05882 1.67089 1.48533 0.173236 0.0278608
1.08403 1.67089 1.48015 0.175774 0.025205
1.10924 1.67089 1.47494 0.177998 0.0226228
1.13445 1.67089 1.4697 0.17992 0.0201343
1.15966 1.67089 1.46445 0.181554 0.0177566
1.18487 1.67089 1.45921 0.182915 0.0155035
1.21008 1.67089 1.45397 0.18402 0.0133855
1.23529 1.67089 1.44875 0.184887 0.0114094
1.2605 1.67089 1.44355 0.185536 0.00957905
1.28571 1.67089 1.43838 0.185983 0.00789532
1.31092 1.67089 1.43325 0.186248 0.00635616
1.33613 1.67089 1.42816 0.186348 0.00495714
1.36134 1.67089 1.42311 0.1863 0.00369168
1.38655 1.67089 1.4181 0.186118 0.00255139
1.41176 1.67089 1.41314 0.185817 0.00152639
1.43697 1.67089 1.40822 0.185409 0.00060564
1.46218 1.67089 1.40335 0.184906 -0.000222812
1.48739 1.67089 1.39852 0.184316 -0.000971527
1.51261 1.67089 1.39374 0.183648 -0.00165347
1.53782 1.67089 1.389 0.182908 -0.00228178
1.56303 1.67089 1.3843 0.1821 -0.00286957
1.58824 1.67089 1.37965 0.181227 -0.00342976
1.61345 1.67089 1.37505 0.180291 -0.00397492
1.63866 1.67089 1.37048 0.17929 -0.0045171
1.66387 1.67089 1.36596 0.178224 -0.00506769
1.68908 1.67089 1.36149 0.17709 -0.00563727
1.71429 1.67089 1.35706 0.175881 -0.00623548
1.7395 1.67089 1.35267 0.174593 -0.00687084
1.76471 1.67089 1.34833 0.173219 -0.00755065
1.78992 1.67089 1.34404 0.17175 -0.00828079
1.81513 1.67089 1.33981 0.170177 -0.00906561
1.84034 1.67089 1.33563 0.16849 -0.00990782
1.86555 1.67089 1.3315 0.16668 -0.0108083
1.89076 1.67089 1.32744 0.164736 -0.0117663
1.91597 1.67089 1.32344 0.162648 -0.0127789
1.94118 1.67089 1.31952 0.160406 -0.0138416
1.96639 1.67089 1.31567 0.158002 -0.0149479
1.9916 1.67089 1.3119 0.155427 -0.0160898
2.01681 1.67089 1.30823 0.152675 -0.0172577
2.04202 1.67089 1.30464 0.149741 -0.0184409
2.06723 1.67089 1.30116 0.146622 -0.0196276
2.09244 1.67089 1.29778 0.143318 -0.0208054
2.11765 1.67089 1.29451 0.139828 -0.0219616
2.14286 1.67089 1.29136 0.136157 -0.0230832
2.16807 1.67089 1.28834 0.13231 -0.0241578
2.19328 1.67089 1.28544 0.128293 -0.0251733
2.21849 1.67089 1.28267 0.124116 -0.0261183
2.2437 1.67089 1.28004 0.11979 -0.0269823
2.26891 1.67089 1.27754 0.115327 -0.0277559
2.29412 1.67089 1.27519 0.110741 -0.0284304
2.31933 1.67089 1.27298 0.106045 -0.0289985
2.34454 1.67089 1.27091 0.101255 -0.0294536
2.36975 1.67089 1.26899 0.0963872 -0.0297902
2.39496 1.67089 1.26722 0.0914584 -0.0300036
2.42017 1.67089 1.26559 0.0864853 -0.0300898
2.44538 1.67089 1.26411 0.0814849 -0.0300455
2.47059 1.67089 1.26277 0.0764746 -0.0298679
2.4958 1.67089 1.26158 0.0714716 -0.0295549
2.52101 1.67089 1.26054 0.0664931 -0.0291047
2.54622 1.67089 1.25963 0.0615565 -0.0285158
2.57143 1.67089 1.25888 0.0566787 -0.0277874
2.59664 1.67089 1.25826 0.0518768 -0.0269191
2.62185 1.67089 1.25778 0.0471676 -0.0259112
2.64706 1.67089 1.25745 0.0425678 -0.0247648
2.67227 1.67089 1.25725 0.0380941 -0.023482
2.69748 1.67089 1.2572 0.0337632 -0.0220664
2.72269 1.67089 1.25728 0.0295918 -0.0205233
2.7479 1.67089 1.25751 0.025597 -0.0188603
2.77311 1.67089 1.25787 0.0217961 -0.0170874
2.79832 1.67089 1.25839 0.0182077 -0.0152185
2.82353 1.67089 1.25904 0.0148506 -0.0132707
2.84874 1.67089 1.25986 0.0117467 -0.0112666
2.87395 1.67089 1.26081 0.00891834 -0.00923281
2.89916 1.67089 1.26198 0.00639343 -0.00720308
2.92437 1.67089 1.26324 0.00420014 -0.0052154
2.94958 1.67089 1.26481 0.00237622 -0.00331694
2.97479 1.67089 1.26642 0.000959122 -0.00155813
3 1.67089 1.26844 0 0

0 1.6962 1.542 0 0
0.0252101 1.6962 1.54323 -0.000610203 0.00246697
0.0504202 1.6962 1.54472 -0.000873612 0.00513006
0.0756303 1.6962 1.5459 -0.000788482 0.00793067
0.10084 1.6962 1.54741 -0.000345295 0.0108337
0.12605 1.6962 1.54857 0.000462917 0.0137913
0.151261 1.6962 1.55003 0.00164043 0.0167855
0.176471 1.6962 1.55122 0.00319862 0.0197743
0.201681 1.6962 1.55244 0.00512141 0.0227469
0.226891 1.6962 1.55391 0.00744257 0.0256715
0.252101 1.6962 1.55428 0.0100897 0.028527
0.277311 1.6962 1.55687 0.0131748 0.0313114
0.302521 1.6962 1.55491 0.0164875 0.0339586
0.327731 1.6962 1.56058 0.0203246 0.0365469
0.352941 1.6962 1.55358 0.0242235 0.0388884
0.378151 1.6962 1.56527 0.0287582 0.0412486
0.403361 1.6962 1.55035 0.0331952 0.0431807
0.428571 1.6962 1.56984 0.0382836 0.0452941
0.453782 1.6962 1.54689 0.0432753 0.0467322
0.478992 1.6962 1.57174 0.0487007 0.0485551
0.504202 1.6962 1.54556 0.0542584 0.0494801
0.529412 1.6962 1.56904 0.059852 0.0509081
0.554622 1.6962 1.54684 0.0658597 0.0513801
0.579832 1.6962 1.56265 0.0715867 0.0522772
0.605042 1.6962 1.54846 0.0778043 0.0523715
0.630252 1.6962 1.55527 0.0836807 0.0526559
0.655462 1.6962 1.54786 0.089883 0.0523871
0.680672 1.6962 1.54856 0.0958439 0.052074
0.705882 1.6962 1.54442 0.1019 0.0514047
0.731092 1.6962 1.54227 0.107796 0.0505633
0.756303 1.6962 1.53887 0.113625 0.0494676
0.781513 1.6962 1.53563 0.119297 0.0481699
0.806723 1.6962 1.532 0.124811 0.0466667
0.831933 1.6962 1.5282 0.130129 0.0449797
0.857143 1.6962 1.52418 0.13523 0.043125
0.882353 1.6962 1.51996 0.140091 0.0411233
0.907563 1.6962 1.51556 0.144692 0.0389963
0.932773 1.6962 1.511 0.149016 0.0367675
0.957983 1.6962 1.50629 0.153049 0.0344612
0.983193 1.6962 1.50145 0.156782 0.0321025
1.0084 1.6962 1.49651 0.160206 0.0297163
1.03361 1.6962 1.49147 0.16332 0.0273271
1.05882 1.6962 1.48635 0.166124 0.0249584
1.08403 1.6962 1.48117 0.168621 0.0226321
1.10924 1.6962 1.47595 0.170819 0.0203681
1.13445 1.6962 1.4707 0.172726 0.018184
1.15966 1.6962 1.46543 0.174355 0.0160948
1.18487 1.6962 1.46015 0.175719 0.0141127
1.21008 1.6962 1.45487 0.176834 0.0122469
1.23529 1.6962 1.44961 0.177717 0.0105039
1.2605 1.6962 1.44437 0.178383 0.00888726
1.28571 1.6962 1.43915 0.178851 0.0073981
1.31092 1.6962 1.43397 0.179137 0.00603501
1.33613 1.6962 1.42882 0.179257 0.00479443
1.36134 1.6962 1.42371 0.179228 0.00367093
1.38655 1.6962 1.41865 0.179063 0.00265741
1.41176 1.6962 1.41363 0.178776 0.00174547
1.43697 1.6962 1.40865 0.17838 0.000925591
1.46218 1.6962 1.40372 0.177886 0.000187448
1.48739 1.6962 1.39884 0.177302 -0.000479884
1.51261 1.6962 1.394 0.176636 -0.00108772
1.53782 1.6962 1.38921 0.175895 -0.00164753
1.56303 1.6962 1.38447 0.175084 -0.00217081
1.58824 1.6962 1.37978 0.174206 -0.0026689
1.61345 1.6962 1.37513 0.173262 -0.00315281
1.63866 1.6962 1.37053 0.172252 -0.00363308
1.66387 1.6962 1.36598 0.171176 -0.00411971
1.68908 1.6962 1.36147 0.17003 -0.00462191
1.71429 1.6962 1.35701 0.16881 -0.00514809
1.7395 1.6962 1.35261 0.167512 -0.00570564
1.76471 1.6962 1.34825 0.166129 -0.00630086
1.78992 1.6962 1.34395 0.164654 -0.00693881
1.81513 1.6962 1.3397 0.163079 -0.0076232
1.84034 1.6962 1.3355 0.161394 -0.00835631
1.86555 1.6962 1.33137 0.159592 -0.0091389
1.89076 1.6962 1.32731 0.157662 -0.00997015
1.91597 1.6962 1.32331 0.155597 -0.0108477
1.94118 1.6962 1.31938 0.153387 -0.0117674
1.96639 1.6962 1.31554 0.151025 -0.012724
1.9916 1.6962 1.31177 0.148503 -0.0137105
2.01681 1.6962 1.3081 0.145816 -0.0147188
2.04202 1.6962 1.30452 0.142961 -0.0157396
2.06723 1.6962 1.30103 0.139933 -0.0167632
2.09244 1.6962 1.29766 0.136733 -0.0177788
2.11765 1.6962 1.29439 0.133361 -0.0187755
2.14286 1.6962 1.29125 0.129821 -0.0197426
2.16807 1.6962 1.28822 0.126117 -0.0206691
2.19328 1.6962 1.28532 0.122256 -0.0215447
2.21849 1.6962 1.28255 0.118246 -0.0223596
2.2437 1.6962 1.27991 0.114097 -0.0231047
2.26891 1.6962 1.27741 0.10982 -0.0237716
2.29412 1.6962 1.27505 0.105428 -0.0243528
2.31933 1.6962 1.27283 0.100935 -0.0248416
2.34454 1.6962 1.27075 0.0963535 -0.0252322
2.36975 1.6962 1.26882 0.0917003 -0.0255195
2.39496 1.6962 1.26704 0.0869903 -0.0256992
2.42017 1.6962 1.2654 0.0822397 -0.0257675
2.44538 1.6962 1.26391 0.0774649 -0.0257213
2.47059 1.6962 1.26257 0.0726823 -0.0255578
2.4958 1.6962 1.26137 0.0679085 -0.0252749
2.52101 1.6962 1.26032 0.0631603 -0.0248707
2.54622 1.6962 1.25941 0.0584543 -0.0243438
2.57143 1.6962 1.25865 0.0538071 -0.0236931
2.59664 1.6962 1.25802 0.049235 -0.0229182
2.62185 1.6962 1.25754 0.0447545 -0.0220193
2.64706 1.6962 1.25719 0.0403816 -0.0209972
2.67227 1.6962 1.25699 0.0361323 -0.0198543
2.69748 1.6962 1.25692 0.0320224 -0.0185939
2.72269 1.6962 1.25698 0.0280678 -0.0172217
2.7479 1.6962 1.25718 0.0242842 -0.0157453
2.77311 1.6962 1.2575 0.0206875 -0.0141756
2.79832 1.6962 1.25798 0.0172944 -0.0125271
2.82353 1.6962 1.25857 0.0141216 -0.0108183
2.84874 1.6962 1.25934 0.0111885 -0.00907364
2.87395 1.6962 1.26021 0.00851423 -0.0073222
2.89916 1.6962 1.2613 0.00612383 -0.00560143
2.92437 1.6962 1.26245 0.00404166 -0.00395327
2.94958 1.6962 1.26391 0.00230219 -0.00243072
2.97479 1.6962 1.26539 0.000939058 -0.00108993
3 1.6962 1.26728 0 0

0 1.72152 1.543 0 0
0.0252101 1.72152 1.54413 -0.000627577 0.00213685
0.0504202 1.72152 1.54548 -0.000937252 0.00446039
0.0756303 1.72152 1.54662 -0.000920609 0.00691875
0.10084 1.72152 1.54802 -0.000565582 0.00946493
0.12605 1.72152 1.54919 0.000139147 0.0120628
0.151261 1.72152 1.55056 0.00119888 0.014686
0.176471 1.72152 1.55178 0.00262565 0.0173055
0.201681 1.72152 1.55295 0.00440647 0.0199038
0.226891 1.72152 1.5544 0.00656958 0.0224619
0.252101 1.72152 1.55486 0.00905412 0.024952
0.277311 1.72152 1.55722 0.0119525 0.0273869
0.302521 1.72152 1.55572 0.0150876 0.0296871
0.327731 1.72152 1.56059 0.0187047 0.0319576
0.352941 1.72152 1.55491 0.0224188 0.0339783
0.378151 1.72152 1.56462 0.0266981 0.0360638
0.403361 1.72152 1.55251 0.0309455 0.0377125
0.428571 1.72152 1.5683 0.0357526 0.0395946
0.453782 1.72152 1.54994 0.0405372 0.0408081
0.478992 1.72152 1.56952 0.0456819 0.0424318
0.504202 1.72152 1.54903 0.0509922 0.0432154
0.529412 1.72152 1.56687 0.056332 0.0444702
0.554622 1.72152 1.54991 0.062045 0.0448883
0.579832 1.72152 1.56128 0.0675442 0.0456559
0.605042 1.72152 1.55059 0.073444 0.0457625
0.630252 1.72152 1.55492 0.0790936 0.0459909
0.655462 1.72152 1.54918 0.0849884 0.0457797
0.680672 1.72152 1.54891 0.090707 0.0454976
0.705882 1.72152 1.54532 0.0964809 0.0449291
0.731092 1.72152 1.54295 0.102126 0.0441981
0.756303 1.72152 1.53968 0.107696 0.0432544
0.781513 1.72152 1.53642 0.113124 0.0421327
0.806723 1.72152 1.53284 0.118399 0.040835
0.831933 1.72152 1.52905 0.123492 0.0393784
0.857143 1.72152 1.52505 0.12838 0.0377774
0.882353 1.72152 1.52086 0.133041 0.0360498
0.907563 1.72152 1.51648 0.137458 0.0342142
0.932773 1.72152 1.51194 0.141613 0.0322908
0.957983 1.72152 1.50724 0.145495 0.0303005
0.983193 1.72152 1.50242 0.149092 0.0282646
1.0084 1.72152 1.49747 0.1524 0.0262044
1.03361 1.72152 1.49243 0.155413 0.024141
1.05882 1.72152 1.48731 0.158132 0.0220942
1.08403 1.72152 1.48212 0.16056 0.0200829
1.10924 1.72152 1.47688 0.162702 0.0181242
1.13445 1.72152 1.4716 0.164567 0.0162331
1.15966 1.72152 1.4663 0.166165 0.0144226
1.18487 1.72152 1.46099 0.167509 0.0127034
1.21008 1.72152 1.45568 0.168613 0.0110835
1.23529 1.72152 1.45037 0.16949 0.00956866
1.2605 1.72152 1.44508 0.170157 0.00816234
1.28571 1.72152 1.43981 0.170629 0.00686562
1.31092 1.72152 1.43458 0.170923 0.00567754
1.33613 1.72152 1.42937 0.171052 0.00459528
1.36134 1.72152 1.42421 0.171033 0.00361434
1.38655 1.72152 1.41909 0.170879 0.00272877
1.41176 1.72152 1.41401 0.170604 0.00193146
1.43697 1.72152 1.40898 0.170218 0.0012143
1.46218 1.72152 1.404 0.169732 0.000568451
1.48739 1.72152 1.39906 0.169157 -1.54906e-05
1.51261 1.72152 1.39417 0.168498 -0.000547269
1.53782 1.72152 1.38934 0.167764 -0.00103681
1.56303 1.72152 1.38455 0.166957 -0.00149405
1.58824 1.72152 1.37982 0.166083 -0.00192879
1.61345 1.72152 1.37513 0.165142 -0.00235057
1.63866 1.72152 1.37049 0.164136 -0.00276852
1.66387 1.72152 1.36591 0.163064 -0.00319126
1.68908 1.72152 1.36137 0.161922 -0.00362675
1.71429 1.72152 1.35689 0.160709 -0.00408221
1.7395 1.72152 1.35245 0.159418 -0.00456398
1.76471 1.72152 1.34808 0.158046 -0.00507744
1.78992 1.72152 1.34375 0.156585 -0.0056269
1.81513 1.72152 1.33949 0.155028 -0.0062155
1.84034 1.72152 1.33528 0.153368 -0.00684513
1.86555 1.72152 1.33114 0.151596 -0.00751642
1.89076 1.72152 1.32706 0.149704 -0.00822861
1.91597 1.72152 1.32306 0.147685 -0.00897965
1.94118 1.72152 1.31913 0.145531 -0.00976612
1.96639 1.72152 1.31527 0.143235 -0.0105834
1.9916 1.72152 1.31151 0.140791 -0.0114256
2.01681 1.72152 1.30783 0.138194 -0.012286
2.04202 1.72152 1.30424 0.13544 -0.0131567
2.06723 1.72152 1.30076 0.132527 -0.0140294
2.09244 1.72152 1.29738 0.129454 -0.0148951
2.11765 1.72152 1.29411 0.126223 -0.0157447
2.14286 1.72152 1.29095 0.122836 -0.0165689
2.16807 1.72152 1.28792 0.119298 -0.0173586
2.19328 1.72152 1.28501 0.115614 -0.0181049
2.21849 1.72152 1.28224 0.111792 -0.0187995
2.2437 1.72152 1.27959 0.107842 -0.0194345
2.26891 1.72152 1.27708 0.103774 -0.0200026
2.29412 1.72152 1.27471 0.0995981 -0.0204974
2.31933 1.72152 1.27249 0.0953284 -0.0209129
2.34454 1.72152 1.2704 0.0909779 -0.0212441
2.36975 1.72152 1.26846 0.0865606 -0.0214863
2.39496 1.72152 1.26667 0.0820914 -0.0216356
2.42017 1.72152 1.26503 0.0775853 -0.0216886
2.44538 1.72152 1.26353 0.0730579 -0.0216422
2.47059 1.72152 1.26219 0.068525 -0.021494
2.4958 1.72152 1.26098 0.0640025 -0.0212418
2.52101 1.72152 1.25993 0.0595064 -0.0208836
2.54622 1.72152 1.25902 0.0550528 -0.020418
2.57143 1.72152 1.25825 0.0506577 -0.0198439
2.59664 1.72152 1.25762 0.0463369 -0.0191607
2.62185 1.72152 1.25713 0.0421061 -0.0183685
2.64706 1.72152 1.25678 0.0379809 -0.017468
2.67227 1.72152 1.25656 0.0339766 -0.0164613
2.69748 1.72152 1.25647 0.0301082 -0.0153518
2.72269 1.72152 1.25652 0.0263903 -0.0141449
2.7479 1.72152 1.25669 0.0228377 -0.0128484
2.77311 1.72152 1.25698 0.0194644 -0.0114732
2.79832 1.72152 1.25742 0.0162856 -0.0100346
2.82353 1.72152 1.25795 0.0133152 -0.00855173
2.84874 1.72152 1.25866 0.0105702 -0.00705073
2.87395 1.72152 1.25944 0.0080661 -0.00556257
2.89916 1.72152 1.26044 0.00582458 -0.00412819
2.92437 1.72152 1.26148 0.00386563 -0.00279306
2.94958 1.72152 1.26282 0.00221998 -0.0016163
2.97479 1.72152 1.26414 0.000916803 -0.000659348
3 1.72152 1.26588 0 0

0 1.74684 1.5441 0 0
0.0252101 1.74684 1.545 -0.00064808 0.00183995
0.0504202 1.74684 1.54635 -0.00100952 0.00385352
0.0756303 1.74684 1.54733 -0.00106786 0.00598927
0.10084 1.74684 1.54874 -0.000808181 0.00819877
0.12605 1.74684 1.54982 -0.000213497 0.0104504
0.151261 1.74684 1.55122 0.000720883 0.0127181
0.176471 1.74684 1.55239 0.00200926 0.0149798
0.201681 1.74684 1.5536 0.00363958 0.0172179
0.226891 1.74684 1.55498 0.00563583 0.0194205
0.252101 1.74684 1.55559 0.00794761 0.0215591
0.277311 1.74684 1.55767 0.0106471 0.0236536
0.302521 1.74684 1.5567 0.0135924 0.025623
0.327731 1.74684 1.5607 0.0169739 0.0275795
0.352941 1.74684 1.55643 0.0204876 0.0293008
0.378151 1.74684 1.5641 0.0244938 0.0311057
0.403361 1.74684 1.55484 0.0285296 0.0325
0.428571 1.74684 1.567 0.0330394 0.0341351
0.453782 1.74684 1.55303 0.0375862 0.0351568
0.478992 1.74684 1.56774 0.0424361 0.0365632
0.504202 1.74684 1.55234 0.0474638 0.0372302
0.529412 1.74684 1.56532 0.0525309 0.0383029
0.554622 1.74684 1.5527 0.0579184 0.0386747
0.579832 1.74684 1.56054 0.06316 0.0393166
0.605042 1.74684 1.55255 0.0687186 0.0394288
0.630252 1.74684 1.55504 0.0741038 0.0396094
0.655462 1.74684 1.55048 0.0796695 0.0394444
0.680672 1.74684 1.54956 0.0851087 0.0391965
0.705882 1.74684 1.54633 0.090575 0.0387188
0.731092 1.74684 1.54382 0.0959353 0.038094
0.756303 1.74684 1.54063 0.101217 0.0372923
0.781513 1.74684 1.53736 0.10637 0.0363373
0.806723 1.74684 1.5338 0.111378 0.0352333
0.831933 1.74684 1.53002 0.116214 0.033994
0.857143 1.74684 1.52603 0.120858 0.0326323
0.882353 1.74684 1.52185 0.12529 0.031163
0.907563 1.74684 1.51747 0.129492 0.0296022
0.932773 1.74684 1.51293 0.133449 0.0279669
0.957983 1.74684 1.50823 0.137148 0.0262747
0.983193 1.74684 1.5034 0.140581 0.0245437
1.0084 1.74684 1.49845 0.14374 0.0227919
1.03361 1.74684 1.4934 0.146623 0.0210368
1.05882 1.74684 1.48825 0.149229 0.0192955
1.08403 1.74684 1.48304 0.151559 0.0175836
1.10924 1.74684 1.47777 0.15362 0.0159157
1.13445 1.74684 1.47246 0.155417 0.0143046
1.15966 1.74684 1.46712 0.15696 0.0127612
1.18487 1.74684 1.46177 0.158261 0.0112947
1.21008 1.74684 1.45641 0.159331 0.00991206
1.23529 1.74684 1.45105 0.160184 0.00861828
1.2605 1.74684 1.44571 0.160835 0.00741636
1.28571 1.74684 1.44039 0.161297 0.00630742
1.31092 1.74684 1.43509 0.161586 0.00529079
1.33613 1.74684 1.42984 0.161716 0.00436422
1.36134 1.74684 1.42461 0.1617 0.00352399
1.38655 1.74684 1.41943 0.161552 0.00276518
1.41176 1.74684 1.4143 0.161284 0.00208181
1.43697 1.74684 1.40921 0.160907 0.00146706
1.46218 1.74684 1.40418 0.160433 0.000913444
1.48739 1.74684 1.39919 0.159868 0.000412984
1.51261 1.74684 1.39425 0.159222 -4.26031e-05
1.53782 1.74684 1.38937 0.1585 -0.000461768
1.56303 1.74684 1.38454 0.157707 -0.000852983
1.58824 1.74684 1.37976 0.156847 -0.00122461
1.61345 1.74684 1.37503 0.155922 -0.00158477
1.63866 1.74684 1.37036 0.154933 -0.00194125
1.66387 1.74684 1.36574 0.153878 -0.00230138
1.68908 1.74684 1.36117 0.152757 -0.00267192
1.71429 1.74684 1.35666 0.151567 -0.00305899
1.7395 1.74684 1.3522 0.150302 -0.00346796
1.76471 1.74684 1.3478 0.14896 -0.00390334
1.78992 1.74684 1.34346 0.147533 -0.00436876
1.81513 1.74684 1.33917 0.146016 -0.00486684
1.84034 1.74684 1.33495 0.144402 -0.00539914
1.86555 1.74684 1.33079 0.142683 -0.00596614
1.89076 1.74684 1.3267 0.140853 -0.00656719
1.91597 1.74684 1.32268 0.138904 -0.00720053
1.94118 1.74684 1.31874 0.13683 -0.0078633
1.96639 1.74684 1.31488 0.134624 -0.00855159
1.9916 1.74684 1.3111 0.132282 -0.00926052
2.01681 1.74684 1.30741 0.129798 -0.00998437
2.04202 1.74684 1.30382 0.12717 -0.0107167
2.06723 1.74684 1.30032 0.124395 -0.0114505
2.09244 1.74684 1.29694 0.121474 -0.0121783
2.11765 1.74684 1.29366 0.118407 -0.0128924
2.14286 1.74684 1.29049 0.115196 -0.0135852
2.16807 1.74684 1.28745 0.111846 -0.0142489
2.19328 1.74684 1.28453 0.108363 -0.0148762
2.21849 1.74684 1.28174 0.104752 -0.0154599
2.2437 1.74684 1.27909 0.101023 -0.0159934
2.26891 1.74684 1.27657 0.0971849 -0.0164706
2.29412 1.74684 1.27419 0.0932485 -0.0168859
2.31933 1.74684 1.27195 0.0892253 -0.0172342
2.34454 1.74684 1.26986 0.0851277 -0.0175109
2.36975 1.74684 1.26792 0.0809691 -0.0177122
2.39496 1.74684 1.26612 0.0767631 -0.0178344
2.42017 1.74684 1.26447 0.0725241 -0.0178745
2.44538 1.74684 1.26297 0.0682668 -0.0178298
2.47059 1.74684 1.26162 0.0640061 -0.0176978
2.4958 1.74684 1.26041 0.0597572 -0.0174766
2.52101 1.74684 1.25936 0.0555354 -0.0171641
2.54622 1.74684 1.25845 0.0513561 -0.0167591
2.57143 1.74684 1.25768 0.0472347 -0.0162602
2.59664 1.74684 1.25705 0.0431864 -0.0156669
2.62185 1.74684 1.25656 0.0392264 -0.0149789
2.64706 1.74684 1.2562 0.0353695 -0.0141969
2.67227 1.74684 1.25598 0.0316303 -0.0133226
2.69748 1.74684 1.25589 0.028023 -0.0123592
2.72269 1.74684 1.25591 0.0245613 -0.0113117
2.7479 1.74684 1.25606 0.0212588 -0.0101879
2.77311 1.74684 1.25632 0.0181278 -0.00899844
2.79832 1.74684 1.25672 0.0151815 -0.00775858
2.82353 1.74684 1.2572 0.0124314 -0.00648801
2.84874 1.74684 1.25784 0.00989156 -0.0052138
2.87395 1.74684 1.25853 0.00757351 -0.00396847
2.89916 1.74684 1.25944 0.00549538 -0.00279592
2.92437 1.74684 1.26034 0.00367189 -0.00174508
2.94958 1.74684 1.26156 0.00212967 -0.000880824
2.97479 1.74684 1.2627 0.000892503 -0.000270277
3 1.74684 1.26429 0 0

0 1.77215 1.54503 0 0
0.0252101 1.77215 1.54583 -0.000670464 0.00158109
0.0504202 1.77215 1.547 -0.0010885 0.00331017
0.0756303 1.77215 1.54798 -0.00122713 0.00514798
0.10084 1.77215 1.54927 -0.00106731 0.00703652
0.12605 1.77215 1.5504 -0.000588291 0.00895901
0.151261 1.77215 1.55172 0.000216462 0.0108845
0.176471 1.77215 1.55295 0.00136003 0.012803
0.201681 1.77215 1.55416 0.00283368 0.0146944
0.226891 1.77215 1.55552 0.00465466 0.0165552
0.252101 1.77215 1.55629 0.00678402 0.0183571
0.277311 1.77215 1.55813 0.00927347 0.0201233
0.302521 1.77215 1.55769 0.0120148 0.0217787
0.327731 1.77215 1.56089 0.0151466 0.0234286
0.352941 1.77215 1.55796 0.0184402 0.0248713
0.378151 1.77215 1.56376 0.0221577 0.0263957
0.403361 1.77215 1.5571 0.0259555 0.0275611
0.428571 1.77215 1.56603 0.0301517 0.0289424
0.453782 1.77215 1.55591 0.0344287 0.0297976
0.478992 1.77215 1.56647 0.0389648 0.0309799
0.504202 1.77215 1.55532 0.0436771 0.0315467
0.529412 1.77215 1.56435 0.0484451 0.0324382
0.554622 1.77215 1.5552 0.0534787 0.032766
0.579832 1.77215 1.56032 0.0584269 0.0332904
0.605042 1.77215 1.55434 0.0636201 0.0334009
0.630252 1.77215 1.55551 0.0687009 0.0335415
0.655462 1.77215 1.55177 0.0739123 0.0334136
0.680672 1.77215 1.55041 0.0790337 0.0332013
0.705882 1.77215 1.54742 0.0841633 0.0328057
0.731092 1.77215 1.54481 0.0892039 0.0322821
0.756303 1.77215 1.54167 0.0941666 0.0316129
0.781513 1.77215 1.53839 0.0990103 0.0308146
0.806723 1.77215 1.53483 0.103718 0.0298923
0.831933 1.77215 1.53106 0.108266 0.0288571
0.857143 1.77215 1.52706 0.112635 0.0277198
0.882353 1.77215 1.52287 0.116805 0.026493
0.907563 1.77215 1.51849 0.12076 0.02519
0.932773 1.77215 1.51393 0.124487 0.023825
0.957983 1.77215 1.50922 0.127973 0.0224127
0.983193 1.77215 1.50437 0.131211 0.020968
1.0084 1.77215 1.4994 0.134193 0.019506
1.03361 1.77215 1.49432 0.136916 0.0180411
1.05882 1.77215 1.48915 0.13938 0.0165875
1.08403 1.77215 1.4839 0.141586 0.0151582
1.10924 1.77215 1.47859 0.143538 0.0137653
1.13445 1.77215 1.47324 0.145242 0.0124195
1.15966 1.77215 1.46785 0.146707 0.0111298
1.18487 1.77215 1.46245 0.147943 0.00990392
1.21008 1.77215 1.45704 0.148961 0.00874774
1.23529 1.77215 1.45163 0.149773 0.0076655
1.2605 1.77215 1.44623 0.150392 0.00665977
1.28571 1.77215 1.44086 0.150832 0.00573157
1.31092 1.77215 1.43551 0.151105 0.00488043
1.33613 1.77215 1.43019 0.151226 0.00410454
1.36134 1.77215 1.42491 0.151207 0.00340088
1.38655 1.77215 1.41968 0.15106 0.00276539
1.41176 1.77215 1.41449 0.150799 0.00219313
1.43697 1.77215 1.40935 0.150432 0.00167843
1.46218 1.77215 1.40426 0.14997 0.00121505
1.48739 1.77215 1.39922 0.149421 0.000796342
1.51261 1.77215 1.39424 0.148793 0.000415375
1.53782 1.77215 1.38931 0.148091 6.508e-05
1.56303 1.77215 1.38444 0.147322 -0.000261635
1.58824 1.77215 1.37962 0.146487 -0.000571768
1.61345 1.77215 1.37485 0.145589 -0.000872123
1.63866 1.77215 1.37014 0.14463 -0.0011692
1.66387 1.77215 1.36549 0.143609 -0.00146913
1.68908 1.77215 1.36089 0.142524 -0.00177755
1.71429 1.77215 1.35635 0.141373 -0.00209954
1.7395 1.77215 1.35186 0.140154 -0.00243956
1.76471 1.77215 1.34743 0.13886 -0.00280136
1.78992 1.77215 1.34307 0.137489 -0.00318791
1.81513 1.77215 1.33876 0.136033 -0.00360135
1.84034 1.77215 1.33452 0.134486 -0.00404297
1.86555 1.77215 1.33034 0.132843 -0.00451311
1.89076 1.77215 1.32623 0.131097 -0.00501123
1.91597 1.77215 1.32219 0.129242 -0.00553583
1.94118 1.77215 1.31824 0.127271 -0.00608455
1.96639 1.77215 1.31436 0.12518 -0.00665414
1.9916 1.77215 1.31056 0.122964 -0.00724058
2.01681 1.77215 1.30686 0.120618 -0.00783917
2.04202 1.77215 1.30325 0.11814 -0.0084446
2.06723 1.77215 1.29974 0.115528 -0.0090511
2.09244 1.77215 1.29634 0.112782 -0.00965256
2.11765 1.77215 1.29305 0.109902 -0.0102427
2.14286 1.77215 1.28987 0.106892 -0.0108151
2.16807 1.77215 1.28681 0.103755 -0.0113635
2.19328 1.77215 1.28388 0.100495 -0.0118817
2.21849 1.77215 1.28108 0.0971187 -0.0123639
2.2437 1.77215 1.27841 0.0936345 -0.0128046
2.26891 1.77215 1.27588 0.0900505 -0.0131985
2.29412 1.77215 1.27349 0.0863766 -0.0135411
2.31933 1.77215 1.27124 0.0826234 -0.0138279
2.34454 1.77215 1.26914 0.0788025 -0.0140553
2.36975 1.77215 1.26719 0.074926 -0.0142197
2.39496 1.77215 1.26538 0.0710069 -0.0143181
2.42017 1.77215 1.26373 0.0670585 -0.0143477
2.44538 1.77215 1.26223 0.0630946 -0.0143062
2.47059 1.77215 1.26088 0.0591293 -0.0141913
2.4958 1.77215 1.25967 0.0551769 -0.0140012
2.52101 1.77215 1.25862 0.0512521 -0.013734
2.54622 1.77215 1.25771 0.0473694 -0.0133883
2.57143 1.77215 1.25694 0.0435435 -0.012963
2.59664 1.77215 1.25632 0.0397891 -0.0124571
2.62185 1.77215 1.25583 0.0361206 -0.0118704
2.64706 1.77215 1.25548 0.0325523 -0.0112034
2.67227 1.77215 1.25525 0.0290979 -0.0104573
2.69748 1.77215 1.25516 0.025771 -0.00963488
2.72269 1.77215 1.25517 0.0225843 -0.00874081
2.7479 1.77215 1.2553 0.01955 -0.00778221
2.77311 1.77215 1.25553 0.0166792 -0.00676928
2.79832 1.77215 1.25589 0.0139831 -0.00571689
2.82353 1.77215 1.25631 0.0114705 -0.00464449
2.84874 1.77215 1.25688 0.00915246 -0.00357962
2.87395 1.77215 1.25747 0.00703628 -0.0025555
2.89916 1.77215 1.25828 0.00513592 -0.00161877
2.92437 1.77215 1.25904 0.00346026 -0.000820722
2.94958 1.77215 1.26012 0.00203105 -0.000233007
2.97479 1.77215 1.26108 0.000865957 7.29966e-05
3 1.77215 1.26249 0 0

0 1.79747 1.54614 0 0
0.0252101 1.79747 1.5465 -0.000696058 0.00136111
0.0504202 1.79747 1.54786 -0.00117412 0.00284094
0.0756303 1.79747 1.54852 -0.00139463 0.00439819
0.10084 1.79747 1.55002 -0.00133719 0.00598791
0.12605 1.79747 1.55096 -0.000973373 0.00759314
0.151261 1.79747 1.55244 -0.000301252 0.00919408
0.176471 1.79747 1.55357 0.000696298 0.010782
0.201681 1.79747 1.55491 0.00200746 0.0123436
0.226891 1.79747 1.5562 0.00364776 0.0138767
0.252101 1.79747 1.55716 0.00558441 0.015359
0.277311 1.79747 1.55878 0.0078538 0.0168109
0.302521 1.79747 1.55882 0.0103751 0.0181702
0.327731 1.79747 1.56134 0.0132437 0.0195252
0.352941 1.79747 1.55955 0.0162944 0.0207089
0.378151 1.79747 1.56379 0.0197073 0.0219598
0.403361 1.79747 1.55931 0.0232376 0.0229168
0.428571 1.79747 1.5656 0.0271018 0.0240477
0.453782 1.79747 1.55863 0.0310755 0.0247542
0.478992 1.79747 1.56586 0.0352738 0.0257166
0.504202 1.79747 1.55808 0.0396384 0.0261924
0.529412 1.79747 1.56406 0.0440742 0.0269114
0.554622 1.79747 1.55753 0.0487256 0.0271942
0.579832 1.79747 1.56063 0.0533399 0.0276119
0.605042 1.79747 1.55613 0.0581407 0.0277142
0.630252 1.79747 1.55635 0.062875 0.0278218
0.655462 1.79747 1.55319 0.0677023 0.0277236
0.680672 1.79747 1.55153 0.072466 0.0275471
0.705882 1.79747 1.54869 0.0772257 0.027226
0.731092 1.79747 1.54601 0.0819094 0.0267975
0.756303 1.79747 1.5429 0.0865178 0.0262513
0.781513 1.79747 1.53959 0.0910172 0.0255992
0.806723 1.79747 1.53603 0.0953903 0.0248463
0.831933 1.79747 1.53224 0.0996153 0.0240012
0.857143 1.79747 1.52823 0.103674 0.0230731
0.882353 1.79747 1.52402 0.107549 0.0220721
0.907563 1.79747 1.51961 0.111225 0.0210092
0.932773 1.79747 1.51503 0.114689 0.019896
0.957983 1.79747 1.51029 0.117931 0.0187443
0.983193 1.79747 1.5054 0.120942 0.0175665
1.0084 1.79747 1.50039 0.123717 0.0163746
1.03361 1.79747 1.49526 0.126252 0.0151805
1.05882 1.79747 1.49005 0.128546 0.0139956
1.08403 1.79747 1.48475 0.1306 0.0128305
1.10924 1.79747 1.47939 0.132419 0.011695
1.13445 1.79747 1.47398 0.134007 0.0105978
1.15966 1.79747 1.46854 0.135372 0.00954634
1.18487 1.79747 1.46308 0.136524 0.0085468
1.21008 1.79747 1.45761 0.137471 0.00760402
1.23529 1.79747 1.45214 0.138226 0.00672147
1.2605 1.79747 1.44668 0.1388 0.00590131
1.28571 1.79747 1.44124 0.139205 0.0051444
1.31092 1.79747 1.43583 0.139453 0.00445037
1.33613 1.79747 1.43045 0.139558 0.0038178
1.36134 1.79747 1.42511 0.139532 0.00324426
1.38655 1.79747 1.41982 0.139384 0.00272644
1.41176 1.79747 1.41457 0.139128 0.00226032
1.43697 1.79747 1.40938 0.138772 0.0018413
1.46218 1.79747 1.40424 0.138326 0.00146427
1.48739 1.79747 1.39915 0.137798 0.0011238
1.51261 1.79747 1.39412 0.137195 0.000814217
1.53782 1.79747 1.38914 0.136522 0.000529744
1.56303 1.79747 1.38423 0.135785 0.000264573
1.58824 1.79747 1.37937 0.134987 1.29754e-05
1.61345 1.79747 1.37456 0.13413 -0.00023061
1.63866 1.79747 1.36982 0.133215 -0.000471499
1.66387 1.79747 1.36513 0.132242 -0.000714685
1.68908 1.79747 1.3605 0.13121 -0.000964764
1.71429 1.79747 1.35593 0.130117 -0.00122587
1.7395 1.79747 1.35141 0.128961 -0.00150162
1.76471 1.79747 1.34696 0.127736 -0.00179504
1.78992 1.79747 1.34256 0.126439 -0.00210852
1.81513 1.79747 1.33823 0.125065 -0.00244378
1.84034 1.79747 1.33397 0.123609 -0.00280182
1.86555 1.79747 1.32977 0.122064 -0.00318291
1.89076 1.79747 1.32564 0.120425 -0.00358657
1.91597 1.79747 1.32158 0.118687 -0.00401158
1.94118 1.79747 1.3176 0.116844 -0.004456
1.96639 1.79747 1.3137 0.114891 -0.00491719
1.9916 1.79747 1.30989 0.112825 -0.00539191
2.01681 1.79747 1.30616 0.110641 -0.00587634
2.04202 1.79747 1.30254 0.108338 -0.00636621
2.06723 1.79747 1.29901 0.105913 -0.00685686
2.09244 1.79747 1.29559 0.103367 -0.00734338
2.11765 1.79747 1.29227 0.1007 -0.00782067
2.14286 1.79747 1.28908 0.0979145 -0.00828361
2.16807 1.79747 1.286 0.0950138 -0.00872709
2.19328 1.79747 1.28305 0.0920022 -0.00914614
2.21849 1.79747 1.28024 0.0888856 -0.00953601
2.2437 1.79747 1.27755 0.0856707 -0.0098922
2.26891 1.79747 1.27501 0.0823655 -0.0102105
2.29412 1.79747 1.2726 0.0789788 -0.0104871
2.31933 1.79747 1.27034 0.0755204 -0.0107184
2.34454 1.79747 1.26823 0.0720009 -0.0109013
2.36975 1.79747 1.26627 0.0684314 -0.0110328
2.39496 1.79747 1.26447 0.0648238 -0.0111104
2.42017 1.79747 1.26281 0.0611906 -0.0111318
2.44538 1.79747 1.26131 0.0575445 -0.0110948
2.47059 1.79747 1.25995 0.0538987 -0.0109976
2.4958 1.79747 1.25876 0.0502667 -0.0108383
2.52101 1.79747 1.25771 0.0466621 -0.0106154
2.54622 1.79747 1.25681 0.0430988 -0.0103274
2.57143 1.79747 1.25605 0.0395907 -0.00997326
2.59664 1.79747 1.25543 0.0361517 -0.00955198
2.62185 1.79747 1.25496 0.0327955 -0.00906312
2.64706 1.79747 1.25461 0.0295357 -0.0085068
2.67227 1.79747 1.25439 0.0263854 -0.00788402
2.69748 1.79747 1.25429 0.0233574 -0.00719701
2.72269 1.79747 1.25431 0.0204634 -0.00644969
2.7479 1.79747 1.25443 0.0177148 -0.00564838
2.77311 1.79747 1.25464 0.015121 -0.00480242
2.79832 1.79747 1.25496 0.0126916 -0.00392568
2.82353 1.79747 1.25533 0.0104326 -0.00303689
2.84874 1.79747 1.25584 0.00835254 -0.00216298
2.87395 1.79747 1.25633 0.00645359 -0.00133765
2.89916 1.79747 1.25704 0.0047458 -0.000608522
2.92437 1.79747 1.25763 0.00323047 -3.03622e-05
2.94958 1.79747 1.25859 0.00192461 0.000320877
2.97479 1.79747 1.2593 0.000837765 0.000366329
3 1.79747 1.26056 0 0

0 1.82278 1.54674 0 0
0.0252101 1.82278 1.54716 -0.000721757 0.00118621
0.0504202 1.82278 1.54816 -0.00126093 0.00243733
0.0756303 1.82278 1.54904 -0.00156308 0.00374111
0.10084 1.82278 1.55028 -0.00160357 0.00504312
0.12605 1.82278 1.55145 -0.00135435 0.0063513
0.151261 1.82278 1.55282 -0.000810594 0.0076406
0.176471 1.82278 1.55411 3.89086e-05 0.00891715
0.201681 1.82278 1.55546 0.00118654 0.0101655
0.226891 1.82278 1.55682 0.00263995 0.0113902
0.252101 1.82278 1.55791 0.0043754 0.0125718
0.277311 1.82278 1.55944 0.00641412 0.0137281
0.302521 1.82278 1.55987 0.00869884 0.0148106
0.327731 1.82278 1.5619 0.0112899 0.0158877
0.352941 1.82278 1.56103 0.0140727 0.0168311
0.378151 1.82278 1.56409 0.0171637 0.0178232
0.403361 1.82278 1.56133 0.0203947 0.0185885
0.428571 1.82278 1.56561 0.0239052 0.0194819
0.453782 1.82278 1.56104 0.0275408 0.0200517
0.478992 1.82278 1.56579 0.0313723 0.0208075
0.504202 1.82278 1.56053 0.0353557 0.0211968
0.529412 1.82278 1.56429 0.0394212 0.0217576
0.554622 1.82278 1.55967 0.0436597 0.0219933
0.579832 1.82278 1.56134 0.0478961 0.0223165
0.605042 1.82278 1.55787 0.0522731 0.0224054
0.630252 1.82278 1.55745 0.0566161 0.0224861
0.655462 1.82278 1.55468 0.0610247 0.0224119
0.680672 1.82278 1.55282 0.0653885 0.0222701
0.705882 1.82278 1.55007 0.0697408 0.0220167
0.731092 1.82278 1.54734 0.0740275 0.0216764
0.756303 1.82278 1.54422 0.0782431 0.0212436
0.781513 1.82278 1.5409 0.0823596 0.0207267
0.806723 1.82278 1.53732 0.0863601 0.0201299
0.831933 1.82278 1.5335 0.0902248 0.0194604
0.857143 1.82278 1.52946 0.093937 0.0187252
0.882353 1.82278 1.52521 0.097481 0.0179325
0.907563 1.82278 1.52077 0.100843 0.017091
0.932773 1.82278 1.51614 0.104011 0.0162099
0.957983 1.82278 1.51136 0.106976 0.0152987
0.983193 1.82278 1.50642 0.10973 0.0143669
1.0084 1.82278 1.50136 0.112267 0.0134242
1.03361 1.82278 1.49618 0.114584 0.0124799
1.05882 1.82278 1.4909 0.116681 0.0115431
1.08403 1.82278 1.48555 0.118559 0.0106221
1.10924 1.82278 1.48013 0.12022 0.0097246
1.13445 1.82278 1.47466 0.12167 0.0088575
1.15966 1.82278 1.46915 0.122915 0.00802668
1.18487 1.82278 1.46362 0.123963 0.00723703
1.21008 1.82278 1.45809 0.124824 0.00649236
1.23529 1.82278 1.45255 0.125508 0.00579543
1.2605 1.82278 1.44703 0.126024 0.00514793
1.28571 1.82278 1.44153 0.126385 0.00455056
1.31092 1.82278 1.43605 0.126602 0.00400304
1.33613 1.82278 1.43061 0.126686 0.00350423
1.36134 1.82278 1.42522 0.126648 0.0030522
1.38655 1.82278 1.41986 0.126499 0.00264435
1.41176 1.82278 1.41456 0.126249 0.00227747
1.43697 1.82278 1.40932 0.125907 0.0019479
1.46218 1.82278 1.40412 0.125482 0.00165158
1.48739 1.82278 1.39899 0.124981 0.00138421
1.51261 1.82278 1.39391 0.12441 0.00114126
1.53782 1.82278 1.38889 0.123776 0.000918136
1.56303 1.82278 1.38393 0.123083 0.000710226
1.58824 1.82278 1.37903 0.122333 0.000512978
1.61345 1.82278 1.37419 0.12153 0.000321977
1.63866 1.82278 1.36941 0.120674 0.000133008
1.66387 1.82278 1.36469 0.119765 -5.7882e-05
1.68908 1.82278 1.36003 0.118803 -0.000254327
1.71429 1.82278 1.35542 0.117785 -0.000459588
1.7395 1.82278 1.35088 0.11671 -0.000676506
1.76471 1.82278 1.3464 0.115574 -0.000907456
1.78992 1.82278 1.34197 0.114372 -0.0011543
1.81513 1.82278 1.33761 0.113101 -0.00141838
1.84034 1.82278 1.33332 0.111756 -0.00170046
1.86555 1.82278 1.32909 0.110331 -0.00200071
1.89076 1.82278 1.32494 0.108823 -0.00231874
1.91597 1.82278 1.32086 0.107225 -0.00265356
1.94118 1.82278 1.31685 0.105533 -0.00300362
1.96639 1.82278 1.31293 0.103743 -0.00336684
1.9916 1.82278 1.30909 0.101851 -0.00374064
2.01681 1.82278 1.30534 0.0998538 -0.00412204
2.04202 1.82278 1.30169 0.0977498 -0.00450765
2.06723 1.82278 1.29813 0.0955374 -0.00489382
2.09244 1.82278 1.29469 0.0932163 -0.0052767
2.11765 1.82278 1.29135 0.0907872 -0.00565228
2.14286 1.82278 1.28813 0.088252 -0.00601653
2.16807 1.82278 1.28504 0.0856135 -0.00636544
2.19328 1.82278 1.28207 0.0828759 -0.0066951
2.21849 1.82278 1.27923 0.0800442 -0.00700176
2.2437 1.82278 1.27652 0.0771245 -0.00728186
2.26891 1.82278 1.27396 0.074124 -0.00753208
2.29412 1.82278 1.27154 0.0710506 -0.00774936
2.31933 1.82278 1.26927 0.0679131 -0.00793087
2.34454 1.82278 1.26715 0.064721 -0.00807405
2.36975 1.82278 1.26519 0.0614846 -0.00817658
2.39496 1.82278 1.26337 0.0582147 -0.00823634
2.42017 1.82278 1.26171 0.0549225 -0.0082514
2.44538 1.82278 1.26021 0.0516199 -0.00822
2.47059 1.82278 1.25886 0.0483189 -0.00814049
2.4958 1.82278 1.25767 0.0450321 -0.00801135
2.52101 1.82278 1.25663 0.0417721 -0.00783117
2.54622 1.82278 1.25574 0.0385518 -0.00759865
2.57143 1.82278 1.255 0.0353843 -0.00731266
2.59664 1.82278 1.2544 0.0322826 -0.00697226
2.62185 1.82278 1.25394 0.0292597 -0.00657685
2.64706 1.82278 1.25361 0.0263284 -0.00612631
2.67227 1.82278 1.2534 0.0235011 -0.00562124
2.69748 1.82278 1.25331 0.0207899 -0.00506327
2.72269 1.82278 1.25332 0.0182056 -0.00445554
2.7479 1.82278 1.25344 0.0157588 -0.00380331
2.77311 1.82278 1.25363 0.0134576 -0.00311464
2.79832 1.82278 1.25392 0.0113101 -0.00240198
2.82353 1.82278 1.25423 0.00931992 -0.00168233
2.84874 1.82278 1.25467 0.00749249 -0.000981561
2.87395 1.82278 1.25506 0.00582569 -0.000331748
2.89916 1.82278 1.25564 0.0043241 0.000217849
2.92437 1.82278 1.25608 0.00298205 0.000612926
2.94958 1.82278 1.25685 0.00180926 0.000768926
2.97479 1.82278 1.25738 0.000806905 0.000605491
3 1.82278 1.25841 0 0

0 1.8481 1.54771 0 0
0.0252101 1.8481 1.54732 -0.000749834 0.00104902
0.0504202 1.8481 1.54894 -0.00134763 0.00211027
0.0756303 1.8481 1.54923 -0.0017209 0.00316892
0.10084 1.8481 1.55103 -0.00185252 0.00420811
0.12605 1.8481 1.55184 -0.00170406 0.00522867
0.151261 1.8481 1.55359 -0.00128494 0.00622931
0.176471 1.8481 1.55473 -0.00057595 0.00721038
0.201681 1.8481 1.5563 0.000405419 0.00816868
0.226891 1.8481 1.55762 0.00167017 0.00910526
0.252101 1.8481 1.55891 0.00319409 0.0100088
0.277311 1.8481 1.56034 0.00499214 0.0108914
0.302521 1.8481 1.5611 0.00702156 0.0117188
0.327731 1.8481 1.56279 0.00931919 0.0125395
0.352941 1.8481 1.56261 0.0118068 0.0132618
0.378151 1.8481 1.56485 0.0145556 0.0140157
0.403361 1.8481 1.56333 0.0174528 0.0146044
0.428571 1.8481 1.56619 0.0205838 0.0152804
0.453782 1.8481 1.56337 0.023844 0.0157225
0.478992 1.8481 1.56637 0.0272744 0.0162915
0.504202 1.8481 1.56291 0.0308406 0.0165971
0.529412 1.8481 1.56511 0.034493 0.0170172
0.554622 1.8481 1.56185 0.0382835 0.0172045
0.579832 1.8481 1.56252 0.0420943 0.0174455
0.605042 1.8481 1.55978 0.0460109 0.0175179
0.630252 1.8481 1.55891 0.0499151 0.0175767
0.655462 1.8481 1.55641 0.053865 0.0175221
0.680672 1.8481 1.5544 0.0577833 0.0174131
0.705882 1.8481 1.5517 0.0616861 0.0172205
0.731092 1.8481 1.54893 0.0655321 0.0169609
0.756303 1.8481 1.5458 0.0693129 0.0166312
0.781513 1.8481 1.54244 0.0730045 0.0162373
0.806723 1.8481 1.53882 0.0765913 0.0157828
0.831933 1.8481 1.53496 0.0800557 0.0152729
0.857143 1.8481 1.53087 0.0833825 0.0147132
0.882353 1.8481 1.52657 0.0865579 0.0141099
0.907563 1.8481 1.52207 0.0895693 0.0134696
0.932773 1.8481 1.51739 0.0924063 0.0127994
0.957983 1.8481 1.51253 0.0950601 0.0121065
0.983193 1.8481 1.50753 0.097524 0.0113982
1.0084 1.8481 1.5024 0.099793 0.0106818
1.03361 1.8481 1.49714 0.101865 0.00996446
1.05882 1.8481 1.49179 0.103738 0.00925298
1.08403 1.8481 1.48636 0.105413 0.00855375
1.10924 1.8481 1.48086 0.106894 0.00787261
1.13445 1.8481 1.47531 0.108185 0.00721475
1.15966 1.8481 1.46973 0.109291 0.00658465
1.18487 1.8481 1.46412 0.110221 0.005986
1.21008 1.8481 1.45851 0.110981 0.00542171
1.23529 1.8481 1.45289 0.111581 0.00489385
1.2605 1.8481 1.4473 0.112031 0.00440369
1.28571 1.8481 1.44172 0.11234 0.00395175
1.31092 1.8481 1.43618 0.11252 0.0035378
1.33613 1.8481 1.43067 0.112579 0.00316096
1.36134 1.8481 1.42521 0.112529 0.00281974
1.38655 1.8481 1.4198 0.112379 0.00251213
1.41176 1.8481 1.41444 0.112138 0.00223568
1.43697 1.8481 1.40913 0.111814 0.00198757
1.46218 1.8481 1.40389 0.111415 0.00176471
1.48739 1.8481 1.3987 0.110949 0.00156377
1.51261 1.8481 1.39358 0.110421 0.0013813
1.53782 1.8481 1.38852 0.109835 0.00121379
1.56303 1.8481 1.38352 0.109197 0.00105769
1.58824 1.8481 1.37858 0.108509 0.000909545
1.61345 1.8481 1.3737 0.107774 0.000765973
1.63866 1.8481 1.36889 0.106991 0.000623764
1.66387 1.8481 1.36413 0.106163 0.00047991
1.68908 1.8481 1.35944 0.105287 0.000331651
1.71429 1.8481 1.3548 0.104363 0.000176515
1.7395 1.8481 1.35023 0.103388 1.23563e-05
1.76471 1.8481 1.34572 0.102359 -0.000162613
1.78992 1.8481 1.34127 0.101273 -0.000349792
1.81513 1.8481 1.33688 0.100125 -0.000550168
1.84034 1.8481 1.33256 0.0989128 -0.000764297
1.86555 1.8481 1.3283 0.0976306 -0.000992295
1.89076 1.8481 1.32412 0.0962743 -0.00123383
1.91597 1.8481 1.32 0.0948397 -0.00148813
1.94118 1.8481 1.31597 0.0933224 -0.001754
1.96639 1.8481 1.31202 0.0917189 -0.00202985
1.9916 1.8481 1.30815 0.0900258 -0.00231371
2.01681 1.8481 1.30437 0.0882405 -0.00260329
2.04202 1.8481 1.30069 0.0863609 -0.00289604
2.06723 1.8481 1.29711 0.0843861 -0.00318917
2.09244 1.8481 1.29363 0.0823156 -0.00347977
2.11765 1.8481 1.29027 0.0801501 -0.00376479
2.14286 1.8481 1.28702 0.0778912 -0.00404119
2.16807 1.8481 1.2839 0.0755414 -0.00430592
2.19328 1.8481 1.2809 0.0731044 -0.00455602
2.21849 1.8481 1.27804 0.0705845 -0.00478863
2.2437 1.8481 1.27532 0.0679873 -0.00500106
2.26891 1.8481 1.27274 0.0653188 -0.00519077
2.29412 1.8481 1.2703 0.0625861 -0.00535542
2.31933 1.8481 1.26802 0.0597972 -0.00549285
2.34454 1.8481 1.26589 0.0569604 -0.00560109
2.36975 1.8481 1.26391 0.0540848 -0.00567832
2.39496 1.8481 1.26209 0.0511801 -0.00572291
2.42017 1.8481 1.26043 0.0482565 -0.00573331
2.44538 1.8481 1.25894 0.0453246 -0.00570812
2.47059 1.8481 1.25759 0.0423952 -0.005646
2.4958 1.8481 1.25641 0.0394798 -0.00554568
2.52101 1.8481 1.25539 0.03659 -0.00540597
2.54622 1.8481 1.25451 0.0337375 -0.00522573
2.57143 1.8481 1.25379 0.0309343 -0.00500391
2.59664 1.8481 1.25321 0.0281926 -0.0047396
2.62185 1.8481 1.25277 0.0255243 -0.00443213
2.64706 1.8481 1.25247 0.0229415 -0.00408115
2.67227 1.8481 1.25228 0.0204558 -0.00368689
2.69748 1.8481 1.25221 0.0180784 -0.00325036
2.72269 1.8481 1.25224 0.0158196 -0.00277384
2.7479 1.8481 1.25237 0.0136891 -0.00226132
2.77311 1.8481 1.25256 0.011694 -0.00171938
2.79832 1.8481 1.25284 0.00984149 -0.00115821
2.82353 1.8481 1.25311 0.00813269 -0.000593024
2.84874 1.8481 1.25352 0.00657155 -4.62549e-05
2.87395 1.8481 1.25379 0.00515001 0.000450502
2.89916 1.8481 1.25432 0.00386987 0.000852079
2.92437 1.8481 1.2545 0.00271366 0.00109888
2.94958 1.8481 1.25521 0.00168671 0.00110864
2.97479 1.8481 1.25531 0.000775478 0.00078479
3 1.8481 1.25626 0 0

0 1.87342 1.54753 0 0
0.0252101 1.87342 1.54766 -0.000772365 0.000957391
0.0504202 1.87342 1.54854 -0.00141869 0.00183239
0.0756303 1.87342 1.54955 -0.00185094 0.00267288
0.10084 1.87342 1.55082 -0.00205093 0.00345384
0.12605 1.87342 1.55222 -0.00199369 0.00421338
0.151261 1.87342 1.55372 -0.00168183 0.00494167
0.176471 1.87342 1.55524 -0.00111138 0.00565569
0.201681 1.87342 1.55678 -0.000291063 0.00634773
0.226891 1.87342 1.5583 0.000779242 0.00702477
0.252101 1.87342 1.55971 0.00208432 0.00767658
0.277311 1.87342 1.56119 0.00362888 0.00831315
0.302521 1.87342 1.56222 0.00538434 0.00891042
0.327731 1.87342 1.56375 0.00736972 0.00950145
0.352941 1.87342 1.56409 0.00953351 0.0100241
0.378151 1.87342 1.56581 0.0119157 0.0105656
0.403361 1.87342 1.56518 0.0144429 0.0109936
0.428571 1.87342 1.56712 0.0171636 0.0114774
0.453782 1.87342 1.56551 0.0200084 0.0118012
0.478992 1.87342 1.56736 0.0229987 0.0122069
0.504202 1.87342 1.56514 0.0261072 0.0124326
0.529412 1.87342 1.5663 0.0292997 0.0127314
0.554622 1.87342 1.56396 0.0326015 0.0128705
0.579832 1.87342 1.56398 0.0359356 0.0130417
0.605042 1.87342 1.56173 0.0393491 0.0130961
0.630252 1.87342 1.56056 0.042763 0.0131374
0.655462 1.87342 1.55823 0.0462087 0.0130989
0.680672 1.87342 1.55612 0.0496318 0.01302
0.705882 1.87342 1.55345 0.0530378 0.0128812
0.731092 1.87342 1.55063 0.0563954 0.012694
0.756303 1.87342 1.54748 0.0596946 0.0124563
0.781513 1.87342 1.54408 0.0629154 0.0121723
0.806723 1.87342 1.54041 0.0660437 0.0118447
0.831933 1.87342 1.5365 0.0690643 0.0114772
0.857143 1.87342 1.53235 0.0719639 0.011074
0.882353 1.87342 1.52799 0.0747301 0.0106395
0.907563 1.87342 1.52342 0.0773523 0.0101785
0.932773 1.87342 1.51866 0.0798212 0.00969606
0.957983 1.87342 1.51373 0.0821292 0.0091975
0.983193 1.87342 1.50864 0.0842704 0.00868806
1.0084 1.87342 1.50343 0.0862407 0.00817301
1.03361 1.87342 1.49809 0.0880376 0.00765749
1.05882 1.87342 1.49265 0.0896605 0.00714642
1.08403 1.87342 1.48713 0.0911102 0.00664438
1.10924 1.87342 1.48154 0.0923893 0.00615557
1.13445 1.87342 1.47591 0.0935016 0.00568372
1.15966 1.87342 1.47024 0.0944523 0.00523203
1.18487 1.87342 1.46455 0.0952477 0.00480315
1.21008 1.87342 1.45885 0.095895 0.00439915
1.23529 1.87342 1.45316 0.0964023 0.00402149
1.2605 1.87342 1.44748 0.0967779 0.00367108
1.28571 1.87342 1.44183 0.0970308 0.00334825
1.31092 1.87342 1.43622 0.09717 0.00305282
1.33613 1.87342 1.43064 0.0972046 0.00278413
1.36134 1.87342 1.42512 0.0971434 0.00254107
1.38655 1.87342 1.41964 0.096995 0.00232218
1.41176 1.87342 1.41423 0.0967674 0.00212565
1.43697 1.87342 1.40887 0.0964681 0.00194944
1.46218 1.87342 1.40358 0.0961042 0.00179128
1.48739 1.87342 1.39834 0.0956815 0.00164877
1.51261 1.87342 1.39318 0.0952056 0.00151939
1.53782 1.87342 1.38807 0.0946808 0.00140058
1.56303 1.87342 1.38303 0.0941108 0.0012898
1.58824 1.87342 1.37806 0.0934983 0.00118453
1.61345 1.87342 1.37314 0.0928452 0.00108233
1.63866 1.87342 1.36829 0.0921525 0.00098089
1.66387 1.87342 1.3635 0.0914203 0.000878038
1.68908 1.87342 1.35878 0.0906482 0.000771794
1.71429 1.87342 1.35411 0.0898348 0.000660387
1.7395 1.87342 1.3495 0.0889782 0.000542286
1.76471 1.87342 1.34496 0.0880759 0.000416219
1.78992 1.87342 1.34048 0.0871249 0.000281198
1.81513 1.87342 1.33606 0.0861218 0.000136533
1.84034 1.87342 1.3317 0.0850631 -1.81517e-05
1.86555 1.87342 1.32742 0.0839448 -0.000182917
1.89076 1.87342 1.3232 0.0827632 -0.0003575
1.91597 1.87342 1.31905 0.0815146 -0.000541324
1.94118 1.87342 1.31498 0.0801952 -0.000733507
1.96639 1.87342 1.311 0.078802 -0.000932881
1.9916 1.87342 1.30709 0.077332 -0.00113801
2.01681 1.87342 1.30328 0.0757829 -0.00134725
2.04202 1.87342 1.29957 0.0741531 -0.00155873
2.06723 1.87342 1.29595 0.0724414 -0.00177046
2.09244 1.87342 1.29244 0.0706476 -0.00198031
2.11765 1.87342 1.28904 0.0687723 -0.00218611
2.14286 1.87342 1.28577 0.0668168 -0.00238564
2.16807 1.87342 1.28261 0.0647832 -0.00257672
2.19328 1.87342 1.27959 0.0626746 -0.00275722
2.21849 1.87342 1.2767 0.0604948 -0.00292508
2.2437 1.87342 1.27395 0.0582485 -0.00307834
2.26891 1.87342 1.27135 0.0559409 -0.00321519
2.29412 1.87342 1.2689 0.0535783 -0.00333393
2.31933 1.87342 1.2666 0.0511672 -0.003433
2.34454 1.87342 1.26446 0.0487152 -0.00351094
2.36975 1.87342 1.26247 0.0462301 -0.00356646
2.39496 1.87342 1.26065 0.0437203 -0.00359831
2.42017 1.87342 1.25899 0.0411946 -0.00360538
2.44538 1.87342 1.2575 0.0386625 -0.00358659
2.47059 1.87342 1.25617 0.0361335 -0.00354092
2.4958 1.87342 1.255 0.0336176 -0.00346738
2.52101 1.87342 1.25399 0.0311252 -0.00336501
2.54622 1.87342 1.25314 0.0286667 -0.00323288
2.57143 1.87342 1.25244 0.026253 -0.00307009
2.59664 1.87342 1.25189 0.023895 -0.00287583
2.62185 1.87342 1.25148 0.0216036 -0.00264941
2.64706 1.87342 1.2512 0.0193898 -0.00239036
2.67227 1.87342 1.25105 0.0172644 -0.00209861
2.69748 1.87342 1.251 0.0152378 -0.00177464
2.72269 1.87342 1.25105 0.0133195 -0.00141988
2.7479 1.87342 1.25119 0.0115185 -0.00103706
2.77311 1.87342 1.25138 0.00984146 -0.000630977
2.79832 1.87342 1.25164 0.00829433 -0.000209534
2.82353 1.87342 1.25188 0.00687763 0.000215361
2.84874 1.87342 1.25218 0.00559212 0.000624254
2.87395 1.87342 1.2524 0.00442814 0.000991015
2.89916 1.87342 1.2527 0.00337927 0.00127088
2.92437 1.87342 1.25284 0.00242347 0.00141162
2.94958 1.87342 1.25316 0.00155148 0.00131878
2.97479 1.87342 1.25323 0.000739174 0.000902056
3 1.87342 1.25376 0 0

0 1.89873 1.54806 0 0
0.0252101 1.89873 1.5468 -0.000792175 0.000884448
0.0504202 1.89873 1.54918 -0.00146753 0.00160938
0.0756303 1.89873 1.54918 -0.00192009 0.00222418
0.10084 1.89873 1.55157 -0.00216604 0.00277761
0.12605 1.89873 1.55238 -0.00216566 0.00328811
0.151261 1.89873 1.55455 -0.00195128 0.00377817
0.176471 1.89873 1.55583 -0.00150251 0.00425034
0.201681 1.89873 1.55774 -0.000845543 0.00471045
0.226891 1.89873 1.55922 3.03565e-05 0.0051583
0.252101 1.89873 1.56085 0.00110402 0.00559094
0.277311 1.89873 1.56235 0.00238225 0.00601281
0.302521 1.89873 1.56361 0.00384136 0.00640958
0.327731 1.89873 1.56506 0.00549242 0.00680156
0.352941 1.89873 1.56578 0.00730048 0.00714941
0.378151 1.89873 1.56721 0.009287 0.0075084
0.403361 1.89873 1.56718 0.0114044 0.00779417
0.428571 1.89873 1.56857 0.0136786 0.00811447
0.453782 1.89873 1.56777 0.0160637 0.00833161
0.478992 1.89873 1.5689 0.0185696 0.0085999
0.504202 1.89873 1.5675 0.0211746 0.00875186
0.529412 1.89873 1.56802 0.0238553 0.00894948
0.554622 1.89873 1.5663 0.0266216 0.00904333
0.579832 1.89873 1.5659 0.0294234 0.00915673
0.605042 1.89873 1.56398 0.0322842 0.00919359
0.630252 1.89873 1.56262 0.0351519 0.00922102
0.655462 1.89873 1.5604 0.0380415 0.00919562
0.680672 1.89873 1.55821 0.0409148 0.00914325
0.705882 1.89873 1.55555 0.0437716 0.00905107
0.731092 1.89873 1.55268 0.046588 0.00892662
0.756303 1.89873 1.54948 0.0493542 0.00876856
0.781513 1.89873 1.54602 0.0520539 0.00857973
0.806723 1.89873 1.54229 0.0546749 0.00836189
0.831933 1.89873 1.53831 0.0572045 0.0081176
0.857143 1.89873 1.53408 0.0596314 0.00784957
0.882353 1.89873 1.52963 0.0619453 0.00756083
0.907563 1.89873 1.52496 0.0641371 0.0072546
0.932773 1.89873 1.5201 0.0661991 0.00693426
0.957983 1.89873 1.51507 0.068125 0.00660331
0.983193 1.89873 1.50988 0.0699099 0.00626529
1.0084 1.89873 1.50455 0.0715502 0.00592371
1.03361 1.89873 1.49911 0.0730441 0.00558199
1.05882 1.89873 1.49356 0.0743911 0.0052434
1.08403 1.89873 1.48793 0.0755919 0.004911
1.10924 1.89873 1.48223 0.0766488 0.00458756
1.13445 1.89873 1.47649 0.077565 0.00427556
1.15966 1.89873 1.47071 0.0783452 0.0039771
1.18487 1.89873 1.46492 0.0789946 0.00369394
1.21008 1.89873 1.45912 0.0795195 0.00342743
1.23529 1.89873 1.45333 0.0799267 0.00317852
1.2605 1.89873 1.44757 0.0802233 0.00294779
1.28571 1.89873 1.44183 0.0804171 0.00273543
1.31092 1.89873 1.43614 0.0805158 0.00254129
1.33613 1.89873 1.43049 0.0805269 0.00236491
1.36134 1.89873 1.42489 0.0804582 0.00220551
1.38655 1.89873 1.41935 0.0803169 0.00206211
1.41176 1.89873 1.41388 0.0801099 0.00193348
1.43697 1.89873 1.40846 0.0798436 0.00181822
1.46218 1.89873 1.40312 0.0795239 0.0017148
1.48739 1.89873 1.39784 0.079156 0.00162162
1.51261 1.89873 1.39262 0.0787444 0.00153698
1.53782 1.89873 1.38748 0.078293 0.00145916
1.56303 1.89873 1.3824 0.0778049 0.00138646
1.58824 1.89873 1.37739 0.0772824 0.00131719
1.61345 1.89873 1.37245 0.076727 0.00124973
1.63866 1.89873 1.36756 0.0761397 0.00118254
1.66387 1.89873 1.36274 0.0755206 0.00111418
1.68908 1.89873 1.35799 0.0748692 0.00104334
1.71429 1.89873 1.35329 0.0741845 0.00096884
1.7395 1.89873 1.34865 0.0734648 0.000889686
1.76471 1.89873 1.34408 0.072708 0.000805042
1.78992 1.89873 1.33957 0.0719115 0.000714269
1.81513 1.89873 1.33512 0.0710725 0.000616926
1.84034 1.89873 1.33073 0.0701881 0.000512783
1.86555 1.89873 1.32641 0.0692548 0.000401821
1.89076 1.89873 1.32216 0.0682696 0.000284238
1.91597 1.89873 1.31797 0.0672293 0.000160439
1.94118 1.89873 1.31387 0.0661308 3.10329e-05
1.96639 1.89873 1.30984 0.0649714 -0.000103182
1.9916 1.89873 1.3059 0.0637486 -0.000241236
2.01681 1.89873 1.30205 0.0624606 -0.000382006
2.04202 1.89873 1.29829 0.0611058 -0.000524243
2.06723 1.89873 1.29464 0.0596834 -0.000666598
2.09244 1.89873 1.29109 0.0581931 -0.00080765
2.11765 1.89873 1.28766 0.0566353 -0.000945937
2.14286 1.89873 1.28434 0.055011 -0.00107998
2.16807 1.89873 1.28115 0.0533221 -0.00120832
2.19328 1.89873 1.2781 0.0515711 -0.00132953
2.21849 1.89873 1.27518 0.049761 -0.00144224
2.2437 1.89873 1.2724 0.0478958 -0.00154513
2.26891 1.89873 1.26978 0.0459798 -0.00163701
2.29412 1.89873 1.2673 0.0440182 -0.00171672
2.31933 1.89873 1.26498 0.0420165 -0.00178323
2.34454 1.89873 1.26283 0.0399809 -0.00183557
2.36975 1.89873 1.26084 0.037918 -0.00187285
2.39496 1.89873 1.25901 0.0358348 -0.00189425
2.42017 1.89873 1.25735 0.0337388 -0.00189898
2.44538 1.89873 1.25586 0.0316379 -0.0018863
2.47059 1.89873 1.25454 0.0295401 -0.00185551
2.4958 1.89873 1.25339 0.027454 -0.00180589
2.52101 1.89873 1.2524 0.0253884 -0.00173673
2.54622 1.89873 1.25158 0.0233523 -0.00164734
2.57143 1.89873 1.25091 0.021355 -0.00153702
2.59664 1.89873 1.2504 0.019406 -0.00140509
2.62185 1.89873 1.25003 0.0175149 -0.00125093
2.64706 1.89873 1.2498 0.0156915 -0.00107405
2.67227 1.89873 1.24969 0.0139451 -0.000874166
2.69748 1.89873 1.2497 0.0122855 -0.000651319
2.72269 1.89873 1.2498 0.0107212 -0.000406231
2.7479 1.89873 1.24999 0.00926078 -0.000140345
2.77311 1.89873 1.25022 0.00791002 0.000143096
2.79832 1.89873 1.25052 0.00667525 0.000439282
2.82353 1.89873 1.25076 0.00555536 0.000738746
2.84874 1.89873 1.25111 0.00455278 0.00102884
2.87395 1.89873 1.25117 0.00365159 0.00128481
2.89916 1.89873 1.25156 0.00284871 0.00147574
2.92437 1.89873 1.2512 0.00210333 0.00154076
2.94958 1.89873 1.25171 0.00140765 0.001407
2.97479 1.89873 1.25084 0.000703849 0.000944027
3 1.89873 1.25159 0 0

0 1.92405 1.54635 0 0
0.0252101 1.92405 1.54663 -0.000785802 0.000834074
0.0504202 1.92405 1.54757 -0.00144532 0.00137523
0.0756303 1.92405 1.54924 -0.00188472 0.00179082
0.10084 1.92405 1.55068 -0.00212398 0.00212374
0.12605 1.92405 1.55263 -0.00216467 0.00242728
0.151261 1.92405 1.55437 -0.00201742 0.00270958
0.176471 1.92405 1.5563 -0.00168938 0.00298381
0.201681 1.92405 1.55814 -0.00118717 0.00324943
0.226891 1.92405 1.55998 -0.000515063 0.00350942
0.252101 1.92405 1.56171 0.000318378 0.00376051
0.277311 1.92405 1.5634 0.00131203 0.004006
0.302521 1.92405 1.56486 0.00245218 0.00423693
0.327731 1.92405 1.56637 0.00374242 0.00446556
0.352941 1.92405 1.56738 0.00516079 0.00466825
0.378151 1.92405 1.56871 0.00671743 0.00487813
0.403361 1.92405 1.56911 0.00838218 0.00504462
0.428571 1.92405 1.57022 0.0101679 0.00523242
0.453782 1.92405 1.56995 0.0120446 0.00535874
0.478992 1.92405 1.5707 0.0140161 0.00551656
0.504202 1.92405 1.56984 0.0160658 0.00560474
0.529412 1.92405 1.56998 0.018178 0.00572145
0.554622 1.92405 1.56866 0.0203544 0.00577577
0.579832 1.92405 1.56802 0.0225632 0.00584315
0.605042 1.92405 1.56631 0.0248147 0.00586442
0.630252 1.92405 1.56483 0.0270748 0.00588123
0.655462 1.92405 1.56268 0.0293496 0.00586639
0.680672 1.92405 1.56043 0.0316127 0.00583624
0.705882 1.92405 1.55775 0.0338615 0.00578251
0.731092 1.92405 1.55483 0.0360782 0.00571004
0.756303 1.92405 1.55158 0.0382544 0.00561784
0.781513 1.92405 1.54806 0.0403775 0.00550767
0.806723 1.92405 1.54425 0.0424377 0.00538052
0.831933 1.92405 1.54019 0.0444248 0.00523793
0.857143 1.92405 1.53587 0.0463299 0.00508149
0.882353 1.92405 1.53132 0.0481448 0.00491297
0.907563 1.92405 1.52655 0.0498624 0.00473428
0.932773 1.92405 1.52158 0.0514767 0.00454742
0.957983 1.92405 1.51643 0.0529826 0.00435443
0.983193 1.92405 1.51113 0.0543763 0.0041574
1.0084 1.92405 1.50568 0.0556551 0.0039584
1.03361 1.92405 1.50011 0.0568176 0.00375942
1.05882 1.92405 1.49444 0.0578635 0.00356238
1.08403 1.92405 1.48869 0.0587935 0.00336906
1.10924 1.92405 1.48288 0.0596094 0.00318109
1.13445 1.92405 1.47702 0.0603141 0.0029999
1.15966 1.92405 1.47114 0.0609112 0.00282672
1.18487 1.92405 1.46524 0.061405 0.00266255
1.21008 1.92405 1.45934 0.0618006 0.00250816
1.23529 1.92405 1.45345 0.0621035 0.00236409
1.2605 1.92405 1.4476 0.0623195 0.00223066
1.28571 1.92405 1.44177 0.0624549 0.00210797
1.31092 1.92405 1.436 0.0625156 0.00199589
1.33613 1.92405 1.43027 0.0625081 0.00189413
1.36134 1.92405 1.42461 0.0624384 0.00180222
1.38655 1.92405 1.419 0.0623123 0.00171956
1.41176 1.92405 1.41347 0.0621354 0.0016454
1.43697 1.92405 1.408 0.0619128 0.00157892
1.46218 1.92405 1.4026 0.0616493 0.0015192
1.48739 1.92405 1.39727 0.0613489 0.00146528
1.51261 1.92405 1.39202 0.0610154 0.00141617
1.53782 1.92405 1.38684 0.0606517 0.00137085
1.56303 1.92405 1.38172 0.0602604 0.00132831
1.58824 1.92405 1.37667 0.0598433 0.00128757
1.61345 1.92405 1.37169 0.0594016 0.00124767
1.63866 1.92405 1.36678 0.0589361 0.00120771
1.66387 1.92405 1.36193 0.0584467 0.00116686
1.68908 1.92405 1.35714 0.0579333 0.00112436
1.71429 1.92405 1.35241 0.0573947 0.00107952
1.7395 1.92405 1.34774 0.0568298 0.00103177
1.76471 1.92405 1.34313 0.0562368 0.000980636
1.78992 1.92405 1.33859 0.0556137 0.000925758
1.81513 1.92405 1.3341 0.0549582 0.000866896
1.84034 1.92405 1.32967 0.0542678 0.000803931
1.86555 1.92405 1.32532 0.05354 0.000736872
1.89076 1.92405 1.32102 0.0527722 0.000665854
1.91597 1.92405 1.3168 0.0519618 0.000591134
1.94118 1.92405 1.31265 0.0511065 0.000513089
1.96639 1.92405 1.30859 0.0502039 0.000432208
1.9916 1.92405 1.3046 0.0492523 0.000349078
2.01681 1.92405 1.30071 0.04825 0.000264377
2.04202 1.92405 1.29691 0.0471957 0.000178856
2.06723 1.92405 1.29321 0.0460889 9.33204e-05
2.09244 1.92405 1.28962 0.0449292 8.62012e-06
2.11765 1.92405 1.28614 0.0437169 -7.43739e-05
2.14286 1.92405 1.28279 0.0424528 -0.000154784
2.16807 1.92405 1.27956 0.0411383 -0.000231741
2.19328 1.92405 1.27647 0.0397753 -0.000304399
2.21849 1.92405 1.27351 0.0383662 -0.000371947
2.2437 1.92405 1.27071 0.0369141 -0.000433614
2.26891 1.92405 1.26805 0.0354224 -0.000488682
2.29412 1.92405 1.26556 0.033895 -0.000536481
2.31933 1.92405 1.26322 0.0323364 -0.000576393
2.34454 1.92405 1.26105 0.0307512 -0.000607848
2.36975 1.92405 1.25905 0.0291449 -0.000630318
2.39496 1.92405 1.25722 0.0275227 -0.000643311
2.42017 1.92405 1.25556 0.0258908 -0.000646362
2.44538 1.92405 1.25408 0.0242552 -0.000639023
2.47059 1.92405 1.25278 0.0226223 -0.000620853
2.4958 1.92405 1.25164 0.0209991 -0.000591411
2.52101 1.92405 1.25068 0.0193924 -0.000550249
2.54622 1.92405 1.24989 0.0178096 -0.000496904
2.57143 1.92405 1.24926 0.0162583 -0.000430909
2.59664 1.92405 1.24879 0.014746 -0.000351783
2.62185 1.92405 1.24847 0.0132809 -0.000259072
2.64706 1.92405 1.24829 0.0118709 -0.000152343
2.67227 1.92405 1.24823 0.0105242 -3.12948e-05
2.69748 1.92405 1.24829 0.00924887 0.000104262
2.72269 1.92405 1.24844 0.00805264 0.000254099
2.7479 1.92405 1.24867 0.00694295 0.000417666
2.77311 1.92405 1.24893 0.00592568 0.00059326
2.79832 1.92405 1.24922 0.00500596 0.000778287
2.82353 1.92405 1.24947 0.00418502 0.000967216
2.84874 1.92405 1.24967 0.00346162 0.0011516
2.87395 1.92405 1.2498 0.00282688 0.00131616
2.89916 1.92405 1.24973 0.00226467 0.00143446
2.92437 1.92405 1.24964 0.00174586 0.00146595
2.94958 1.92405 1.24917 0.00122968 0.00132768
2.97479 1.92405 1.24886 0.000653001 0.000914521
3 1.92405 1.24852 0 0

0 1.94937 1.54573 0 0
0.0252101 1.94937 1.544 -0.000750599 0.000728225
0.0504202 1.94937 1.54809 -0.00131949 0.00111445
0.0756303 1.94937 1.54824 -0.00165025 0.0013163
0.10084 1.94937 1.55148 -0.00184808 0.00147807
0.12605 1.94937 1.55259 -0.001879 0.00160771
0.151261 1.94937 1.55529 -0.00179364 0.00173475
0.176471 1.94937 1.5569 -0.00156769 0.00185489
0.201681 1.94937 1.55924 -0.00122917 0.0019749
0.226891 1.94937 1.56104 -0.000764231 0.0020918
0.252101 1.94937 1.56306 -0.000190007 0.00220612
0.277311 1.94937 1.56482 0.000499908 0.00231809
0.302521 1.94937 1.5665 0.00129211 0.00242359
0.327731 1.94937 1.56809 0.00219066 0.0025289
0.352941 1.94937 1.56934 0.00318033 0.00262133
0.378151 1.94937 1.57067 0.00426686 0.00271905
0.403361 1.94937 1.57138 0.00543106 0.00279436
0.428571 1.94937 1.57238 0.00667972 0.00288293
0.453782 1.94937 1.57247 0.00799357 0.00293921
0.478992 1.94937 1.57303 0.00937417 0.00301465
0.504202 1.94937 1.57252 0.0108097 0.00305327
0.529412 1.94937 1.57248 0.0122903 0.00310972
0.554622 1.94937 1.57142 0.013815 0.00313324
0.579832 1.94937 1.57065 0.0153639 0.0031663
0.605042 1.94937 1.56908 0.0169415 0.00317539
0.630252 1.94937 1.56752 0.0185261 0.00318435
0.655462 1.94937 1.5654 0.0201201 0.00317742
0.680672 1.94937 1.56311 0.021706 0.00316416
0.705882 1.94937 1.5604 0.0232813 0.00313959
0.731092 1.94937 1.55741 0.0248337 0.00310654
0.756303 1.94937 1.55409 0.0263571 0.00306427
0.781513 1.94937 1.55049 0.0278424 0.00301371
0.806723 1.94937 1.54658 0.0292829 0.00295528
0.831933 1.94937 1.54241 0.0306713 0.00288971
0.857143 1.94937 1.53797 0.0320013 0.00281773
0.882353 1.94937 1.53329 0.0332671 0.00274018
0.907563 1.94937 1.52838 0.0344638 0.00265793
0.932773 1.94937 1.52327 0.035587 0.00257193
0.957983 1.94937 1.51798 0.0366332 0.00248313
0.983193 1.94937 1.51252 0.0375999 0.0023925
1.0084 1.94937 1.50692 0.0384852 0.00230099
1.03361 1.94937 1.5012 0.0392881 0.00220954
1.05882 1.94937 1.49538 0.0400085 0.00211904
1.08403 1.94937 1.48948 0.0406471 0.00203029
1.10924 1.94937 1.48352 0.0412051 0.00194407
1.13445 1.94937 1.47752 0.0416848 0.00186101
1.15966 1.94937 1.4715 0.0420887 0.00178169
1.18487 1.94937 1.46547 0.0424201 0.00170654
1.21008 1.94937 1.45945 0.0426827 0.00163593
1.23529 1.94937 1.45345 0.0428803 0.00157007
1.2605 1.94937 1.44748 0.0430173 0.00150911
1.28571 1.94937 1.44156 0.0430981 0.00145307
1.31092 1.94937 1.43569 0.0431271 0.00140188
1.33613 1.94937 1.42988 0.0431089 0.00135538
1.36134 1.94937 1.42414 0.0430478 0.00131335
1.38655 1.94937 1.41847 0.042948 0.00127547
1.41176 1.94937 1.41287 0.0428134 0.00124141
1.43697 1.94937 1.40735 0.0426478 0.00121075
1.46218 1.94937 1.4019 0.0424544 0.00118308
1.48739 1.94937 1.39653 0.0422364 0.00115792
1.51261 1.94937 1.39124 0.0419962 0.00113482
1.53782 1.94937 1.38602 0.041736 0.00111329
1.56303 1.94937 1.38087 0.0414575 0.00109288
1.58824 1.94937 1.3758 0.0411621 0.00107311
1.61345 1.94937 1.37079 0.0408505 0.00105355
1.63866 1.94937 1.36585 0.0405234 0.00103378
1.66387 1.94937 1.36097 0.0401806 0.00101342
1.68908 1.94937 1.35615 0.039822 0.000992132
1.71429 1.94937 1.3514 0.0394468 0.000969597
1.7395 1.94937 1.3467 0.039054 0.00094556
1.76471 1.94937 1.34206 0.0386425 0.000919814
1.78992 1.94937 1.33748 0.0382107 0.000892204
1.81513 1.94937 1.33296 0.037757 0.000862631
1.84034 1.94937 1.3285 0.0372797 0.000831056
1.86555 1.94937 1.3241 0.0367768 0.000797498
1.89076 1.94937 1.31977 0.0362465 0.000762037
1.91597 1.94937 1.3155 0.035687 0.00072481
1.94118 1.94937 1.31131 0.0350965 0.00068601
1.96639 1.94937 1.3072 0.0344735 0.000645883
1.9916 1.94937 1.30316 0.0338164 0.00060472
2.01681 1.94937 1.29922 0.0331243 0.000562853
2.04202 1.94937 1.29537 0.0323962 0.000520651
2.06723 1.94937 1.29162 0.0316315 0.000478505
2.09244 1.94937 1.28798 0.0308301 0.000436825
2.11765 1.94937 1.28445 0.0299921 0.000396033
2.14286 1.94937 1.28105 0.029118 0.000356551
2.16807 1.94937 1.27777 0.0282089 0.000318795
2.19328 1.94937 1.27464 0.027266 0.000283169
2.21849 1.94937 1.27164 0.0262909 0.00025006
2.2437 1.94937 1.2688 0.0252858 0.000219833
2.26891 1.94937 1.26611 0.0242532 0.000192831
2.29412 1.94937 1.26359 0.0231956 0.000169368
2.31933 1.94937 1.26123 0.0221162 0.000149736
2.34454 1.94937 1.25904 0.0210184 0.000134204
2.36975 1.94937 1.25703 0.0199057 0.000123019
2.39496 1.94937 1.2552 0.0187821 0.000116414
2.42017 1.94937 1.25354 0.0176516 0.000114609
2.44538 1.94937 1.25207 0.0165187 0.000117817
2.47059 1.94937 1.25078 0.0153878 0.000126251
2.4958 1.94937 1.24967 0.0142637 0.000140128
2.52101 1.94937 1.24874 0.0131514 0.000159674
2.54622 1.94937 1.24798 0.0120562 0.000185125
2.57143 1.94937 1.2474 0.0109833 0.000216733
2.59664 1.94937 1.24698 0.00993854 0.000254763
2.62185 1.94937 1.24673 0.00892754 0.000299484
2.64706 1.94937 1.24662 0.00795635 0.00035118
2.67227 1.94937 1.24665 0.00703104 0.000410084
2.69748 1.94937 1.24679 0.00615787 0.000476441
2.72269 1.94937 1.24704 0.00534279 0.000550272
2.7479 1.94937 1.24738 0.00459211 0.000631652
2.77311 1.94937 1.24775 0.00391044 0.00071983
2.79832 1.94937 1.24817 0.00330372 0.000814419
2.82353 1.94937 1.24849 0.00277175 0.000912058
2.84874 1.94937 1.24889 0.00231957 0.00101119
2.87395 1.94937 1.24885 0.00193274 0.00109948
2.89916 1.94937 1.24915 0.0016139 0.00117141
2.92437 1.94937 1.24822 0.00131159 0.00118269
2.94958 1.94937 1.24849 0.00101684 0.00110667
2.97479 1.94937 1.24592 0.000595468 0.000772597
3 1.94937 1.24653 0 0

0 1.97468 1.53883 0 0
0.0252101 1.97468 1.54337 -0.000597728 0.000535804
0.0504202 1.97468 1.54463 -0.000905877 0.000673622
0.0756303 1.97468 1.548 -0.00110378 0.000726159
0.10084 1.97468 1.54991 -0.00119243 0.000769446
0.12605 1.97468 1.55269 -0.00121635 0.000797814
0.151261 1.97468 1.55488 -0.00116441 0.000829089
0.176471 1.97468 1.55736 -0.00105177 0.000856764
0.201681 1.97468 1.55962 -0.000872687 0.000886602
0.226891 1.97468 1.56189 -0.000632877 0.000914946
0.252101 1.97468 1.56403 -0.000332373 0.000943622
0.277311 1.97468 1.56608 2.72562e-05 0.000971705
0.302521 1.97468 1.56796 0.000441876 0.000998107
0.327731 1.97468 1.56973 0.000912401 0.00102535
0.352941 1.97468 1.57121 0.00143121 0.00104806
0.378151 1.97468 1.57264 0.00200151 0.00107432
0.403361 1.97468 1.57359 0.00261269 0.00109205
0.428571 1.97468 1.57462 0.00326901 0.00111693
0.453782 1.97468 1.57496 0.0039595 0.00112926
0.478992 1.97468 1.57549 0.00468573 0.00115134
0.504202 1.97468 1.57521 0.00544081 0.00115913
0.529412 1.97468 1.57511 0.00621991 0.00117621
0.554622 1.97468 1.57422 0.00702233 0.00118072
0.579832 1.97468 1.5734 0.00783736 0.00119114
0.605042 1.97468 1.57191 0.00866785 0.00119277
0.630252 1.97468 1.57032 0.00950155 0.00119629
0.655462 1.97468 1.56822 0.0103405 0.00119446
0.680672 1.97468 1.56587 0.0111746 0.00119179
0.705882 1.97468 1.56312 0.0120032 0.00118576
0.731092 1.97468 1.56008 0.0128192 0.00117778
0.756303 1.97468 1.55668 0.0136197 0.0011673
0.781513 1.97468 1.55298 0.0143997 0.00115473
0.806723 1.97468 1.54898 0.0151557 0.00114011
0.831933 1.97468 1.54468 0.0158836 0.00112363
0.857143 1.97468 1.54012 0.0165803 0.0011055
0.882353 1.97468 1.5353 0.0172427 0.00108591
0.907563 1.97468 1.53025 0.017868 0.0010651
0.932773 1.97468 1.525 0.0184541 0.00104332
0.957983 1.97468 1.51955 0.0189991 0.0010208
0.983193 1.97468 1.51393 0.0195017 0.000997792
1.0084 1.97468 1.50817 0.0199608 0.000974549
1.03361 1.97468 1.50229 0.0203762 0.000951307
1.05882 1.97468 1.49632 0.0207477 0.000928292
1.08403 1.97468 1.49026 0.0210757 0.000905714
1.10924 1.97468 1.48415 0.021361 0.000883762
1.13445 1.97468 1.47801 0.0216048 0.000862601
1.15966 1.97468 1.47184 0.0218087 0.000842369
1.18487 1.97468 1.46568 0.0219743 0.000823177
1.21008 1.97468 1.45953 0.0221036 0.000805108
1.23529 1.97468 1.45342 0.022199 0.000788214
1.2605 1.97468 1.44734 0.0222626 0.000772522
1.28571 1.97468 1.44132 0.0222969 0.000758031
1.31092 1.97468 1.43536 0.0223043 0.000744714
1.33613 1.97468 1.42947 0.0222872 0.000732524
1.36134 1.97468 1.42365 0.022248 0.000721393
1.38655 1.97468 1.41791 0.022189 0.000711239
1.41176 1.97468 1.41225 0.0221123 0.000701963
1.43697 1.97468 1.40667 0.0220199 0.000693458
1.46218 1.97468 1.40117 0.0219135 0.000685607
1.48739 1.97468 1.39576 0.0217948 0.000678289
1.51261 1.97468 1.39042 0.0216652 0.000671381
1.53782 1.97468 1.38517 0.0215257 0.000664758
1.56303 1.97468 1.37999 0.0213773 0.000658299
1.58824 1.97468 1.37488 0.0212206 0.000651885
1.61345 1.97468 1.36984 0.0210562 0.000645406
1.63866 1.97468 1.36487 0.0208842 0.000638756
1.66387 1.97468 1.35996 0.0207047 0.00063184
1.68908 1.97468 1.35511 0.0205174 0.000624573
1.71429 1.97468 1.35033 0.020322 0.000616882
1.7395 1.97468 1.3456 0.0201179 0.000608707
1.76471 1.97468 1.34093 0.0199045 0.000600002
1.78992 1.97468 1.33631 0.0196809 0.000590734
1.81513 1.97468 1.33175 0.0194462 0.000580889
1.84034 1.97468 1.32725 0.0191995 0.000570466
1.86555 1.97468 1.32281 0.0189397 0.000559481
1.89076 1.97468 1.31843 0.0186658 0.000547967
1.91597 1.97468 1.31412 0.0183769 0.000535972
1.94118 1.97468 1.30988 0.0180719 0.00052356
1.96639 1.97468 1.30571 0.01775 0.000510806
1.9916 1.97468 1.30162 0.0174105 0.000497801
2.01681 1.97468 1.29762 0.0170526 0.000484645
2.04202 1.97468 1.29372 0.016676 0.000471448
2.06723 1.97468 1.28992 0.0162802 0.000458324
2.09244 1.97468 1.28622 0.0158652 0.000445394
2.11765 1.97468 1.28264 0.015431 0.00043278
2.14286 1.97468 1.27919 0.014978 0.000420603
2.16807 1.97468 1.27587 0.0145065 0.000408985
2.19328 1.97468 1.27269 0.0140173 0.000398039
2.21849 1.97468 1.26965 0.0135113 0.000387877
2.2437 1.97468 1.26677 0.0129894 0.000378601
2.26891 1.97468 1.26405 0.0124531 0.000370308
2.29412 1.97468 1.2615 0.0119037 0.000363085
2.31933 1.97468 1.25912 0.0113427 0.000357015
2.34454 1.97468 1.25691 0.0107721 0.000352172
2.36975 1.97468 1.25489 0.0101937 0.000348622
2.39496 1.97468 1.25305 0.00960945 0.000346431
2.42017 1.97468 1.2514 0.0090216 0.000345657
2.44538 1.97468 1.24994 0.0084324 0.000346359
2.47059 1.97468 1.24866 0.00784428 0.000348595
2.4958 1.97468 1.24758 0.00725975 0.000352425
2.52101 1.97468 1.24668 0.00668146 0.000357912
2.54622 1.97468 1.24597 0.00611219 0.000365123
2.57143 1.97468 1.24544 0.00555485 0.000374132
2.59664 1.97468 1.24508 0.00501248 0.000385022
2.62185 1.97468 1.24489 0.00448828 0.000397875
2.64706 1.97468 1.24486 0.00398557 0.000412791
2.67227 1.97468 1.24497 0.00350782 0.00042985
2.69748 1.97468 1.2452 0.00305864 0.000449176
2.72269 1.97468 1.24554 0.00264166 0.000470774
2.7479 1.97468 1.24595 0.00226059 0.000494828
2.77311 1.97468 1.24641 0.00191904 0.000521013
2.79832 1.97468 1.24686 0.00161994 0.00054972
2.82353 1.97468 1.24728 0.0013667 0.000579366
2.84874 1.97468 1.24751 0.00115807 0.000611042
2.87395 1.97468 1.2477 0.000997592 0.000638622
2.89916 1.97468 1.24725 0.000868505 0.000664695
2.92437 1.97468 1.24704 0.000773282 0.00066719
2.94958 1.97468 1.24512 0.000646315 0.00064569
2.97479 1.97468 1.24457 0.000464526 0.000517881
3 1.97468 1.24025 0 0

0 2 1 0 0
0.0252101 2 1.53812 0 0
0.0504202 2 1.54558 0 0
0.0756303 2 1.54711 0 0
0.10084 2 1.55089 0 0
0.12605 2 1.55272 0 0
0.151261 2 1.55588 0 0
0.176471 2 1.55805 0 0
0.201681 2 1.56083 0 0
0.226891 2 1.56313 0 0
0.252101 2 1.56559 0 0
0.277311 2 1.56779 0 0
0.302521 2 1.56991 0 0
0.327731 2 1.57186 0 0
0.352941 2 1.57354 0 0
0.378151 2 1.57514 0 0
0.403361 2 1.57628 0 0
0.428571 2 1.57744 0 0
0.453782 2 1.57795 0 0
0.478992 2 1.57857 0 0
0.504202 2 1.57843 0 0
0.529412 2 1.57839 0 0
0.554622 2 1.57759 0 0
0.579832 2 1.57679 0 0
0.605042 2 1.57534 0 0
0.630252 2 1.57374 0 0
0.655462 2 1.57162 0 0
0.680672 2 1.56923 0 0
0.705882 2 1.56642 0 0
0.731092 2 1.56329 0 0
0.756303 2 1.55979 0 0
0.781513 2 1.55597 0 0
0.806723 2 1.55183 0 0
0.831933 2 1.54738 0 0
0.857143 2 1.54265 0 0
0.882353 2 1.53766 0 0
0.907563 2 1.53242 0 0
0.932773 2 1.52697 0 0
0.957983 2 1.52132 0 0
0.983193 2 1.5155 0 0
1.0084 2 1.50953 0 0
1.03361 2 1.50345 0 0
1.05882 2 1.49727 0 0
1.08403 2 1.49102 0 0
1.10924 2 1.48472 0 0
1.13445 2 1.4784 0 0
1.15966 2 1.47206 0 0
1.18487 2 1.46574 0 0
1.21008 2 1.45944 0 0
1.23529 2 1.45319 0 0
1.2605 2 1.44699 0 0
1.28571 2 1.44085 0 0
1.31092 2 1.43479 0 0
1.33613 2 1.42881 0 0
1.36134 2 1.42291 0 0
1.38655 2 1.4171 0 0
1.41176 2 1.41138 0 0
1.43697 2 1.40575 0 0
1.46218 2 1.40021 0 0
1.48739 2 1.39476 0 0
1.51261 2 1.3894 0 0
1.53782 2 1.38412 0 0
1.56303 2 1.37891 0 0
1.58824 2 1.37378 0 0
1.61345 2 1.36873 0 0
1.63866 2 1.36374 0 0
1.66387 2 1.35881 0 0
1.68908 2 1.35394 0 0
1.71429 2 1.34913 0 0
1.7395 2 1.34438 0 0
1.76471 2 1.33968 0 0
1.78992 2 1.33503 0 0
1.81513 2 1.33043 0 0
1.84034 2 1.32589 0 0
1.86555 2 1.32141 0 0
1.89076 2 1.31698 0 0
1.91597 2 1.31261 0 0
1.94118 2 1.30831 0 0
1.96639 2 1.30409 0 0
1.9916 2 1.29994 0 0
2.01681 2 1.29588 0 0
2.04202 2 1.29191 0 0
2.06723 2 1.28804 0 0
2.09244 2 1.28428 0 0
2.11765 2 1.28064 0 0
2.14286 2 1.27712 0 0
2.16807 2 1.27374 0 0
2.19328 2 1.2705 0 0
2.21849 2 1.26742 0 0
2.2437 2 1.26449 0 0
2.26891 2 1.26173 0 0
2.29412 2 1.25914 0 0
2.31933 2 1.25673 0 0
2.34454 2 1.2545 0 0
2.36975 2 1.25246 0 0
2.39496 2 1.25061 0 0
2.42017 2 1.24896 0 0
2.44538 2 1.24751 0 0
2.47059 2 1.24625 0 0
2.4958 2 1.2452 0 0
2.52101 2 1.24434 0 0
2.54622 2 1.24368 0 0
2.57143 2 1.2432 0 0
2.59664 2 1.24292 0 0
2.62185 2 1.24281 0 0
2.64706 2 1.24288 0 0
2.67227 2 1.24311 0 0
2.69748 2 1.24348 0 0
2.72269 2 1.24397 0 0
2.7479 2 1.24457 0 0
2.77311 2 1.24522 0 0
2.79832 2 1.24593 0 0
2.82353 2 1.24656 0 0
2.84874 2 1.24719 0 0
2.87395 2 1.24744 0 0
2.89916 2 1.24772 0 0
2.92437 2 1.24684 0 0
2.94958 2 1.24618 0 0
2.97479 2 1.24073 0 0
3 2 1 0 0

