0 0 1 0.1 0
0.0201342 0 1.45423 0 0
0.0402685 0 1.29062 0 0
0.0604027 0 1.25738 0 0
0.0805369 0 1.21199 0 0
0.100671 0 1.19296 0 0
0.120805 0 1.17968 0 0
0.14094 0 1.17182 0 0
0.161074 0 1.16597 0 0
0.181208 0 1.1612 0 0
0.201342 0 1.15692 0 0
0.221477 0 1.15301 0 0
0.241611 0 1.14943 0 0
0.261745 0 1.14622 0 0
0.281879 0 1.14336 0 0
0.302013 0 1.14086 0 0
0.322148 0 1.13869 0 0
0.342282 0 1.13682 0 0
0.362416 0 1.13521 0 0
0.38255 0 1.13383 0 0
0.402685 0 1.13266 0 0
0.422819 0 1.13168 0 0
0.442953 0 1.13086 0 0
0.463087 0 1.1302 0 0
0.483221 0 1.12967 0 0
0.503356 0 1.12926 0 0
0.52349 0 1.12897 0 0
0.543624 0 1.12878 0 0
0.563758 0 1.12869 0 0
0.583893 0 1.12869 0 0
0.604027 0 1.12877 0 0
0.624161 0 1.12893 0 0
0.644295 0 1.12915 0 0
0.66443 0 1.12943 0 0
0.684564 0 1.12976 0 0
0.704698 0 1.13013 0 0
0.724832 0 1.13053 0 0
0.744966 0 1.13094 0 0
0.765101 0 1.13134 0 0
0.785235 0 1.13172 0 0
0.805369 0 1.13206 0 0
0.825503 0 1.1323 0 0
0.845638 0 1.13242 0 0
0.865772 0 1.13235 0 0
0.885906 0 1.132 0 0
0.90604 0 1.13125 0 0
0.926174 0 1.12988 0 0
0.946309 0 1.12771 0 0
0.966443 0 1.11938 0 0
0.986577 0 1 0 0
1.00671 0 0 0 0
1.02685 0 0 0 0
1.04698 0 0 0 0
1.06711 0 0 0 0
1.08725 0 0 0 0
1.10738 0 0 0 0
1.12752 0 0 0 0
1.14765 0 0 0 0
1.16779 0 0 0 0
1.18792 0 0 0 0
1.20805 0 0 0 0
1.22819 0 0 0 0
1.24832 0 0 0 0
1.26846 0 0 0 0
1.28859 0 0 0 0
1.30872 0 0 0 0
1.32886 0 0 0 0
1.34899 0 0 0 0
1.36913 0 0 0 0
1.38926 0 0 0 0
1.4094 0 0 0 0
1.42953 0 0 0 0
1.44966 0 0 0 0
1.4698 0 0 0 0
1.48993 0 0 0 0
1.51007 0 0 0 0
1.5302 0 0 0 0
1.55034 0 0 0 0
1.57047 0 0 0 0
1.5906 0 0 0 0
1.61074 0 0 0 0
1.63087 0 0 0 0
1.65101 0 0 0 0
1.67114 0 0 0 0
1.69128 0 0 0 0
1.71141 0 0 0 0
1.73154 0 0 0 0
1.75168 0 0 0 0
1.77181 0 0 0 0
1.79195 0 0 0 0
1.81208 0 0 0 0
1.83221 0 0 0 0
1.85235 0 0 0 0
1.87248 0 0 0 0
1.89262 0 0 0 0
1.91275 0 0 0 0
1.93289 0 0 0 0
1.95302 0 0 0 0
1.97315 0 0 0 0
1.99329 0 0 0 0
2.01342 0 1.00001 0 0
2.03356 0 1.00001 -5.3478e-07 -8.54123e-06
2.05369 0 1.00001 -9.8349e-07 -1.67557e-05
2.07383 0 1.00001 -1.345e-06 -2.45892e-05
2.09396 0 1 -1.61513e-06 -3.20154e-05
2.11409 0 1 -1.79168e-06 -3.90212e-05
2.13423 0 1 -1.8743e-06 -4.55997e-05
2.15436 0 1 -1.86435e-06 -5.17476e-05
2.1745 0 1 -1.7647e-06 -5.74637e-05
2.19463 0 1 -1.57949e-06 -6.2748e-05
2.21477 0 1 -1.31397e-06 -6.76019e-05
2.2349 0 1 -9.74257e-07 -7.20273e-05
2.25503 0 1 -5.67258e-07 -7.60274e-05
2.27517 0 0.999999 -1.00458e-07 -7.96062e-05
2.2953 0 0.999999 4.18187e-07 -8.27685e-05
2.31544 0 0.999999 9.80386e-07 -8.55205e-05
2.33557 0 0.999999 1.57763e-06 -8.78692e-05
2.3557 0 0.999998 2.20131e-06 -8.98228e-05
2.37584 0 0.999998 2.8428e-06 -9.13905e-05
2.39597 0 0.999998 3.49357e-06 -9.25826e-05
2.41611 0 0.999999 4.14528e-06 -9.34102e-05
2.43624 0 0.999999 4.78982e-06 -9.3885e-05
2.45638 0 0.999999 5.4194e-06 -9.40198e-05
2.47651 0 0.999999 6.0266e-06 -9.38273e-05
2.49664 0 1 6.60441e-06 -9.3321e-05
2.51678 0 1 7.14627e-06 -9.25142e-05
2.53691 0 1 7.6461e-06 -9.142e-05
2.55705 0 1 8.09829e-06 -9.00514e-05
2.57718 0 1 8.49773e-06 -8.84205e-05
2.59732 0 1 8.83981e-06 -8.6539e-05
2.61745 0 1 9.12039e-06 -8.4417e-05
2.63758 0 1 9.33578e-06 -8.20639e-05
2.65772 0 1 9.48275e-06 -7.94873e-05
2.67785 0 1 9.55847e-06 -7.66932e-05
2.69799 0 1 9.56049e-06 -7.36859e-05
2.71812 0 1.00001 9.48671e-06 -7.04677e-05
2.73826 0 1.00001 9.33535e-06 -6.70385e-05
2.75839 0 1.00001 9.1049e-06 -6.33965e-05
2.77852 0 1.00001 8.79414e-06 -5.95374e-05
2.79866 0 1.00001 8.40207e-06 -5.54546e-05
2.81879 0 1.00001 7.92791e-06 -5.11394e-05
2.83893 0 1.00001 7.37116e-06 -4.65814e-05
2.85906 0 1.00001 6.73154e-06 -4.17681e-05
2.87919 0 1.00001 6.00909e-06 -3.66861e-05
2.89933 0 1.00001 5.20425e-06 -3.13215e-05
2.91946 0 1.00001 4.31796e-06 -2.56611e-05
2.9396 0 1.00001 3.35184e-06 -1.96947e-05
2.95973 0 1.00001 2.30828e-06 -1.34183e-05
2.97987 0 1.00001 1.19071e-06 -6.84115e-06
3 0 1.00001 0 0

0 0.020202 1 0.1 0
0.0201342 0.020202 1.82345 0.0460075 0.00781231
0.0402685 0.020202 1.48349 0.0467442 0.00683239
0.0604027 0.020202 1.43403 0.0390482 0.00562895
0.0805369 0.020202 1.34025 0.0343749 0.00410107
0.100671 0.020202 1.29054 0.0296857 0.00290842
0.120805 0.020202 1.24935 0.0259552 0.00198978
0.14094 0.020202 1.22078 0.0228009 0.0013259
0.161074 0.020202 1.19947 0.020198 0.000850075
0.181208 0.020202 1.18399 0.0180242 0.000512138
0.201342 0.020202 1.17256 0.0162012 0.000271828
0.221477 0.020202 1.16405 0.0146565 0.000100454
0.241611 0.020202 1.15758 0.013333 -2.21711e-05
0.261745 0.020202 1.15255 0.0121847 -0.00010999
0.281879 0.020202 1.14854 0.0111758 -0.000172625
0.302013 0.020202 1.14528 0.010279 -0.000216749
0.322148 0.020202 1.14257 0.00947324 -0.000247042
0.342282 0.020202 1.14031 0.0087425 -0.000266838
0.362416 0.020202 1.13839 0.00807449 -0.000278561
0.38255 0.020202 1.13676 0.00745969 -0.000284014
0.402685 0.020202 1.13537 0.00689065 -0.000284573
0.422819 0.020202 1.1342 0.00636145 -0.000281324
0.442953 0.020202 1.13322 0.00586738 -0.000275139
0.463087 0.020202 1.1324 0.00540466 -0.000266748
0.483221 0.020202 1.13173 0.00497022 -0.000256769
0.503356 0.020202 1.13119 0.0045616 -0.000245743
0.52349 0.020202 1.13078 0.00417682 -0.00023415
0.543624 0.020202 1.13048 0.0038143 -0.000222427
0.563758 0.020202 1.13028 0.00347281 -0.000210975
0.583893 0.020202 1.13017 0.0031514 -0.000200173
0.604027 0.020202 1.13015 0.00284939 -0.000190378
0.624161 0.020202 1.13021 0.00256632 -0.000181935
0.644295 0.020202 1.13033 0.00230194 -0.000175184
0.66443 0.020202 1.13052 0.00205617 -0.000170459
0.684564 0.020202 1.13075 0.0018291 -0.0001681
0.704698 0.020202 1.13101 0.00162099 -0.000168455
0.724832 0.020202 1.13131 0.0014322 -0.000171888
0.744966 0.020202 1.13161 0.00126325 -0.00017879
0.765101 0.020202 1.1319 0.00111471 -0.000189585
0.785235 0.020202 1.13215 0.000987242 -0.00020474
0.805369 0.020202 1.13235 0.000881443 -0.000224769
0.825503 0.020202 1.13244 0.000797722 -0.000250229
0.845638 0.020202 1.13239 0.000736133 -0.000281624
0.865772 0.020202 1.13212 0.000695337 -0.000319445
0.885906 0.020202 1.13158 0.00067327 -0.000362981
0.90604 0.020202 1.13056 0.000659534 -0.000412107
0.926174 0.020202 1.1293 0.000647607 -0.000455584
0.946309 0.020202 1.12668 0.000582317 -0.000495407
0.966443 0.020202 1.12516 0.000446881 -0.000463008
0.986577 0.020202 1.11927 0 0
1.00671 0.020202 0 0 0
1.02685 0.020202 0 0 0
1.04698 0.020202 0 0 0
1.06711 0.020202 0 0 0
1.08725 0.020202 0 0 0
1.10738 0.020202 0 0 0
1.12752 0.020202 0 0 0
1.14765 0.020202 0 0 0
1.16779 0.020202 0 0 0
1.18792 0.020202 0 0 0
1.20805 0.020202 0 0 0
1.22819 0.020202 0 0 0
1.24832 0.020202 0 0 0
1.26846 0.020202 0 0 0
1.28859 0.020202 0 0 0
1.30872 0.020202 0 0 0
1.32886 0.020202 0 0 0
1.34899 0.020202 0 0 0
1.36913 0.020202 0 0 0
1.38926 0.020202 0 0 0
1.4094 0.020202 0 0 0
1.42953 0.020202 0 0 0
1.44966 0.020202 0 0 0
1.4698 0.020202 0 0 0
1.48993 0.020202 0 0 0
1.51007 0.020202 0 0 0
1.5302 0.020202 0 0 0
1.55034 0.020202 0 0 0
1.57047 0.020202 0 0 0
1.5906 0.020202 0 0 0
1.61074 0.020202 0 0 0
1.63087 0.020202 0 0 0
1.65101 0.020202 0 0 0
1.67114 0.020202 0 0 0
1.69128 0.020202 0 0 0
1.71141 0.020202 0 0 0
1.73154 0.020202 0 0 0
1.75168 0.020202 0 0 0
1.77181 0.020202 0 0 0
1.79195 0.020202 0 0 0
1.81208 0.020202 0 0 0
1.83221 0.020202 0 0 0
1.85235 0.020202 0 0 0
1.87248 0.020202 0 0 0
1.89262 0.020202 0 0 0
1.91275 0.020202 0 0 0
1.93289 0.020202 0 0 0
1.95302 0.020202 0 0 0
1.97315 0.020202 0 0 0
1.99329 0.020202 0 0 0
2.01342 0.020202 1.00001 0 0
2.03356 0.020202 1.00001 -5.3478e-07 -8.54123e-06
2.05369 0.020202 1.00001 -9.8349e-07 -1.67557e-05
2.07383 0.020202 1.00001 -1.345e-06 -2.45892e-05
2.09396 0.020202 1 -1.61513e-06 -3.20154e-05
2.11409 0.020202 1 -1.79168e-06 -3.90212e-05
2.13423 0.020202 1 -1.8743e-06 -4.55997e-05
2.15436 0.020202 1 -1.86435e-06 -5.17476e-05
2.1745 0.020202 1 -1.7647e-06 -5.74637e-05
2.19463 0.020202 1 -1.57949e-06 -6.2748e-05
2.21477 0.020202 1 -1.31397e-06 -6.76019e-05
2.2349 0.020202 1 -9.74257e-07 -7.20273e-05
2.25503 0.020202 1 -5.67258e-07 -7.60274e-05
2.27517 0.020202 0.999999 -1.00458e-07 -7.96062e-05
2.2953 0.020202 0.999999 4.18187e-07 -8.27685e-05
2.31544 0.020202 0.999999 9.80386e-07 -8.55205e-05
2.33557 0.020202 0.999999 1.57763e-06 -8.78692e-05
2.3557 0.020202 0.999998 2.20131e-06 -8.98228e-05
2.37584 0.020202 0.999998 2.8428e-06 -9.13905e-05
2.39597 0.020202 0.999998 3.49357e-06 -9.25826e-05
2.41611 0.020202 0.999999 4.14528e-06 -9.34102e-05
2.43624 0.020202 0.999999 4.78982e-06 -9.3885e-05
2.45638 0.020202 0.999999 5.4194e-06 -9.40198e-05
2.47651 0.020202 0.999999 6.0266e-06 -9.38273e-05
2.49664 0.020202 1 6.60441e-06 -9.3321e-05
2.51678 0.020202 1 7.14627e-06 -9.25142e-05
2.53691 0.020202 1 7.6461e-06 -9.142e-05
2.55705 0.020202 1 8.09829e-06 -9.00514e-05
2.57718 0.020202 1 8.49773e-06 -8.84205e-05
2.59732 0.020202 1 8.83981e-06 -8.6539e-05
2.61745 0.020202 1 9.12039e-06 -8.4417e-05
2.63758 0.020202 1 9.33578e-06 -8.20639e-05
2.65772 0.020202 1 9.48275e-06 -7.94873e-05
2.67785 0.020202 1 9.55847e-06 -7.66932e-05
2.69799 0.020202 1 9.56049e-06 -7.36859e-05
2.71812 0.020202 1.00001 9.48671e-06 -7.04677e-05
2.73826 0.020202 1.00001 9.33535e-06 -6.70385e-05
2.75839 0.020202 1.00001 9.1049e-06 -6.33965e-05
2.77852 0.020202 1.00001 8.79414e-06 -5.95374e-05
2.79866 0.020202 1.00001 8.40207e-06 -5.54546e-05
2.81879 0.020202 1.00001 7.92791e-06 -5.11394e-05
2.83893 0.020202 1.00001 7.37116e-06 -4.65814e-05
2.85906 0.020202 1.00001 6.73154e-06 -4.17681e-05
2.87919 0.020202 1.00001 6.00909e-06 -3.66861e-05
2.89933 0.020202 1.00001 5.20425e-06 -3.13215e-05
2.91946 0.020202 1.00001 4.31796e-06 -2.56611e-05
2.9396 0.020202 1.00001 3.35184e-06 -1.96947e-05
2.95973 0.020202 1.00001 2.30828e-06 -1.34183e-05
2.97987 0.020202 1.00001 1.19071e-06 -6.84115e-06
3 0.020202 1.00001 0 0

0 0.040404 1 0.1 0
0.0201342 0.040404 1.47729 0.0657004 0.01996
0.0402685 0.040404 1.34081 0.0657078 0.0179981
0.0604027 0.040404 1.30308 0.0599922 0.0156522
0.0805369 0.040404 1.25648 0.0547635 0.0119879
0.100671 0.040404 1.22972 0.0493006 0.00904277
0.120805 0.040404 1.21015 0.0444002 0.00667449
0.14094 0.040404 1.19693 0.0400528 0.00492253
0.161074 0.040404 1.187 0.036274 0.00363351
0.181208 0.040404 1.17906 0.0329845 0.00269226
0.201342 0.040404 1.17231 0.030108 0.00199859
0.221477 0.040404 1.16641 0.0275736 0.00148163
0.241611 0.040404 1.16122 0.0253238 0.00109154
0.261745 0.040404 1.15666 0.0233121 0.000794216
0.281879 0.040404 1.15269 0.0215014 0.000566013
0.302013 0.040404 1.14925 0.0198612 0.000390275
0.322148 0.040404 1.14629 0.0183666 0.000254976
0.342282 0.040404 1.14373 0.0169969 0.000151239
0.362416 0.040404 1.14154 0.0157351 7.23641e-05
0.38255 0.040404 1.13966 0.0145671 1.31998e-05
0.402685 0.040404 1.13806 0.0134813 -3.0291e-05
0.422819 0.040404 1.13668 0.012468 -6.13292e-05
0.442953 0.040404 1.13552 0.0115194 -8.25322e-05
0.463087 0.040404 1.13454 0.0106289 -9.60665e-05
0.483221 0.040404 1.13372 0.0097913 -0.000103758
0.503356 0.040404 1.13306 0.00900217 -0.000107175
0.52349 0.040404 1.13252 0.008258 -0.000107684
0.543624 0.040404 1.1321 0.00755596 -0.000106501
0.563758 0.040404 1.1318 0.0068938 -0.000104721
0.583893 0.040404 1.13159 0.00626978 -0.000103349
0.604027 0.040404 1.13147 0.00568263 -0.000103315
0.624161 0.040404 1.13143 0.00513144 -0.000105498
0.644295 0.040404 1.13146 0.00461564 -0.000110736
0.66443 0.040404 1.13155 0.00413499 -0.000119838
0.684564 0.040404 1.13169 0.00368946 -0.000133598
0.704698 0.040404 1.13188 0.00327928 -0.000152798
0.724832 0.040404 1.13208 0.00290481 -0.000178225
0.744966 0.040404 1.1323 0.00256651 -0.000210663
0.765101 0.040404 1.13252 0.00226485 -0.000250901
0.785235 0.040404 1.13271 0.00200015 -0.000299705
0.805369 0.040404 1.13286 0.00177236 -0.000357768
0.825503 0.040404 1.13293 0.00158074 -0.000425601
0.845638 0.040404 1.1329 0.00142319 -0.000503169
0.865772 0.040404 1.13273 0.00129573 -0.000589621
0.885906 0.040404 1.13235 0.0011895 -0.000680749
0.90604 0.040404 1.13182 0.00109367 -0.000770303
0.926174 0.040404 1.13072 0.000974019 -0.000830542
0.946309 0.040404 1.13004 0.000816929 -0.000835523
0.966443 0.040404 1.12698 0.000486592 -0.000621022
0.986577 0.040404 1.12781 0 0
1.00671 0.040404 0 0 0
1.02685 0.040404 0 0 0
1.04698 0.040404 0 0 0
1.06711 0.040404 0 0 0
1.08725 0.040404 0 0 0
1.10738 0.040404 0 0 0
1.12752 0.040404 0 0 0
1.14765 0.040404 0 0 0
1.16779 0.040404 0 0 0
1.18792 0.040404 0 0 0
1.20805 0.040404 0 0 0
1.22819 0.040404 0 0 0
1.24832 0.040404 0 0 0
1.26846 0.040404 0 0 0
1.28859 0.040404 0 0 0
1.30872 0.040404 0 0 0
1.32886 0.040404 0 0 0
1.34899 0.040404 0 0 0
1.36913 0.040404 0 0 0
1.38926 0.040404 0 0 0
1.4094 0.040404 0 0 0
1.42953 0.040404 0 0 0
1.44966 0.040404 0 0 0
1.4698 0.040404 0 0 0
1.48993 0.040404 0 0 0
1.51007 0.040404 0 0 0
1.5302 0.040404 0 0 0
1.55034 0.040404 0 0 0
1.57047 0.040404 0 0 0
1.5906 0.040404 0 0 0
1.61074 0.040404 0 0 0
1.63087 0.040404 0 0 0
1.65101 0.040404 0 0 0
1.67114 0.040404 0 0 0
1.69128 0.040404 0 0 0
1.71141 0.040404 0 0 0
1.73154 0.040404 0 0 0
1.75168 0.040404 0 0 0
1.77181 0.040404 0 0 0
1.79195 0.040404 0 0 0
1.81208 0.040404 0 0 0
1.83221 0.040404 0 0 0
1.85235 0.040404 0 0 0
1.87248 0.040404 0 0 0
1.89262 0.040404 0 0 0
1.91275 0.040404 0 0 0
1.93289 0.040404 0 0 0
1.95302 0.040404 0 0 0
1.97315 0.040404 0 0 0
1.99329 0.040404 0 0 0
2.01342 0.040404 1.00001 0 0
2.03356 0.040404 1.00001 -6.58856e-07 -8.72488e-06
2.05369 0.040404 1.00001 -1.17901e-06 -1.70537e-05
2.07383 0.040404 1.00001 -1.58416e-06 -2.4974e-05
2.09396 0.040404 1.00001 -1.87976e-06 -3.24734e-05
2.11409 0.040404 1.00001 -2.06906e-06 -3.95439e-05
2.13423 0.040404 1.00001 -2.15472e-06 -4.61811e-05
2.15436 0.040404 1.00001 -2.14006e-06 -5.23828e-05
2.1745 0.040404 1.00001 -2.02931e-06 -5.81482e-05
2.19463 0.040404 1.00001 -1.82768e-06 -6.34778e-05
2.21477 0.040404 1.00001 -1.54128e-06 -6.83729e-05
2.2349 0.040404 1.00001 -1.17699e-06 -7.28357e-05
2.25503 0.040404 1.00001 -7.4238e-07 -7.68693e-05
2.27517 0.040404 1.00001 -2.45554e-07 -8.04778e-05
2.2953 0.040404 1.00001 3.04961e-07 -8.36661e-05
2.31544 0.040404 1.00001 9.00341e-07 -8.64404e-05
2.33557 0.040404 1.00001 1.53158e-06 -8.88077e-05
2.3557 0.040404 1.00001 2.18961e-06 -9.07763e-05
2.37584 0.040404 1.00001 2.86538e-06 -9.23556e-05
2.39597 0.040404 1.00001 3.54998e-06 -9.35558e-05
2.41611 0.040404 1.00001 4.23469e-06 -9.43881e-05
2.43624 0.040404 1.00001 4.9111e-06 -9.48646e-05
2.45638 0.040404 1.00001 5.57114e-06 -9.4998e-05
2.47651 0.040404 1.00001 6.20716e-06 -9.48013e-05
2.49664 0.040404 1.00001 6.81194e-06 -9.42881e-05
2.51678 0.040404 1.00001 7.37877e-06 -9.34718e-05
2.53691 0.040404 1.00001 7.90144e-06 -9.23658e-05
2.55705 0.040404 1.00001 8.37424e-06 -9.09832e-05
2.57718 0.040404 1.00001 8.79203e-06 -8.93363e-05
2.59732 0.040404 1.00001 9.15014e-06 -8.74368e-05
2.61745 0.040404 1.00001 9.44444e-06 -8.52952e-05
2.63758 0.040404 1.00001 9.67127e-06 -8.29208e-05
2.65772 0.040404 1.00001 9.82742e-06 -8.03214e-05
2.67785 0.040404 1.00001 9.91011e-06 -7.75032e-05
2.69799 0.040404 1.00001 9.91695e-06 -7.44704e-05
2.71812 0.040404 1.00001 9.8459e-06 -7.12252e-05
2.73826 0.040404 1.00001 9.6952e-06 -6.77679e-05
2.75839 0.040404 1.00001 9.4634e-06 -6.40964e-05
2.77852 0.040404 1.00001 9.14926e-06 -6.02063e-05
2.79866 0.040404 1.00001 8.75173e-06 -5.6091e-05
2.81879 0.040404 1.00001 8.26994e-06 -5.17416e-05
2.83893 0.040404 1.00001 7.70318e-06 -4.71472e-05
2.85906 0.040404 1.00001 7.05084e-06 -4.22951e-05
2.87919 0.040404 1.00001 6.31244e-06 -3.71713e-05
2.89933 0.040404 1.00001 5.48755e-06 -3.17609e-05
2.91946 0.040404 1.00001 4.57569e-06 -2.60494e-05
2.9396 0.040404 1.00001 3.57603e-06 -2.0024e-05
2.95973 0.040404 1.00001 2.48632e-06 -1.36754e-05
2.97987 0.040404 1.00001 1.30143e-06 -7.00046e-06
3 0.040404 1.00001 0 0

0 0.0606061 1 0.1 0
0.0201342 0.0606061 1.44374 0.0724761 0.018316
0.0402685 0.0606061 1.37246 0.0743931 0.0206419
0.0604027 0.0606061 1.34836 0.0717843 0.0197749
0.0805369 0.0606061 1.30967 0.0682572 0.0169132
0.100671 0.0606061 1.27981 0.0637264 0.0139651
0.120805 0.0606061 1.25282 0.0590299 0.0112992
0.14094 0.0606061 1.23032 0.0544143 0.00908855
0.161074 0.0606061 1.21167 0.0500672 0.00730013
0.181208 0.0606061 1.19663 0.0460563 0.00587207
0.201342 0.0606061 1.18467 0.0424019 0.00473511
0.221477 0.0606061 1.17522 0.0390912 0.00383031
0.241611 0.0606061 1.16773 0.0360957 0.0031095
0.261745 0.0606061 1.16173 0.0333804 0.0025344
0.281879 0.0606061 1.15686 0.0309101 0.0020748
0.302013 0.0606061 1.15283 0.0286526 0.00170697
0.322148 0.0606061 1.14947 0.0265793 0.00141226
0.342282 0.0606061 1.14663 0.0246663 0.00117604
0.362416 0.0606061 1.14421 0.0228931 0.000986739
0.38255 0.0606061 1.14214 0.0212429 0.000835199
0.402685 0.0606061 1.14037 0.0197015 0.000714069
0.422819 0.0606061 1.13885 0.0182573 0.000617403
0.442953 0.0606061 1.13755 0.0169005 0.000540323
0.463087 0.0606061 1.13644 0.015623 0.000478775
0.483221 0.0606061 1.13551 0.0144182 0.00042934
0.503356 0.0606061 1.13474 0.0132804 0.000389095
0.52349 0.0606061 1.1341 0.0122053 0.000355498
0.543624 0.0606061 1.13359 0.0111891 0.000326317
0.563758 0.0606061 1.13319 0.0102289 0.000299553
0.583893 0.0606061 1.13289 0.00932234 0.000273403
0.604027 0.0606061 1.13268 0.00846779 0.000246214
0.624161 0.0606061 1.13256 0.00766395 0.000216455
0.644295 0.0606061 1.13251 0.00690996 0.000182695
0.66443 0.0606061 1.13252 0.00620534 0.000143587
0.684564 0.0606061 1.13259 0.00554989 9.78573e-05
0.704698 0.0606061 1.13269 0.00494361 4.43001e-05
0.724832 0.0606061 1.13283 0.00438664 -1.82109e-05
0.744966 0.0606061 1.13298 0.00387912 -9.07006e-05
0.765101 0.0606061 1.13312 0.00342104 -0.000174039
0.785235 0.0606061 1.13325 0.00301204 -0.000268845
0.805369 0.0606061 1.13335 0.00265101 -0.000375294
0.825503 0.0606061 1.13338 0.00233569 -0.000492799
0.845638 0.0606061 1.13332 0.00206179 -0.000619357
0.865772 0.0606061 1.13315 0.00182233 -0.000750535
0.885906 0.0606061 1.13283 0.00160496 -0.000877179
0.90604 0.0606061 1.13239 0.00139347 -0.000982143
0.926174 0.0606061 1.1317 0.00115597 -0.00103319
0.946309 0.0606061 1.13114 0.000869538 -0.000968041
0.966443 0.0606061 1.13006 0.000466475 -0.000693372
0.986577 0.0606061 1.13051 0 0
1.00671 0.0606061 0 0 0
1.02685 0.0606061 0 0 0
1.04698 0.0606061 0 0 0
1.06711 0.0606061 0 0 0
1.08725 0.0606061 0 0 0
1.10738 0.0606061 0 0 0
1.12752 0.0606061 0 0 0
1.14765 0.0606061 0 0 0
1.16779 0.0606061 0 0 0
1.18792 0.0606061 0 0 0
1.20805 0.0606061 0 0 0
1.22819 0.0606061 0 0 0
1.24832 0.0606061 0 0 0
1.26846 0.0606061 0 0 0
1.28859 0.0606061 0 0 0
1.30872 0.0606061 0 0 0
1.32886 0.0606061 0 0 0
1.34899 0.0606061 0 0 0
1.36913 0.0606061 0 0 0
1.38926 0.0606061 0 0 0
1.4094 0.0606061 0 0 0
1.42953 0.0606061 0 0 0
1.44966 0.0606061 0 0 0
1.4698 0.0606061 0 0 0
1.48993 0.0606061 0 0 0
1.51007 0.0606061 0 0 0
1.5302 0.0606061 0 0 0
1.55034 0.0606061 0 0 0
1.57047 0.0606061 0 0 0
1.5906 0.0606061 0 0 0
1.61074 0.0606061 0 0 0
1.63087 0.0606061 0 0 0
1.65101 0.0606061 0 0 0
1.67114 0.0606061 0 0 0
1.69128 0.0606061 0 0 0
1.71141 0.0606061 0 0 0
1.73154 0.0606061 0 0 0
1.75168 0.0606061 0 0 0
1.77181 0.0606061 0 0 0
1.79195 0.0606061 0 0 0
1.81208 0.0606061 0 0 0
1.83221 0.0606061 0 0 0
1.85235 0.0606061 0 0 0
1.87248 0.0606061 0 0 0
1.89262 0.0606061 0 0 0
1.91275 0.0606061 0 0 0
1.93289 0.0606061 0 0 0
1.95302 0.0606061 0 0 0
1.97315 0.0606061 0 0 0
1.99329 0.0606061 0 0 0
2.01342 0.0606061 1.00001 0 0
2.03356 0.0606061 1.00001 -8.27283e-07 -8.96352e-06
2.05369 0.0606061 1.00001 -1.47089e-06 -1.74715e-05
2.07383 0.0606061 1.00001 -1.96009e-06 -2.55344e-05
2.09396 0.0606061 1.00001 -2.30961e-06 -3.31544e-05
2.11409 0.0606061 1.00001 -2.52934e-06 -4.03309e-05
2.13423 0.0606061 1.00001 -2.62672e-06 -4.70633e-05
2.15436 0.0606061 1.00001 -2.60852e-06 -5.33515e-05
2.1745 0.0606061 1.00001 -2.48158e-06 -5.91958e-05
2.19463 0.0606061 1.00001 -2.2532e-06 -6.45974e-05
2.21477 0.0606061 1.00001 -1.93118e-06 -6.9558e-05
2.2349 0.0606061 1.00001 -1.52394e-06 -7.408e-05
2.25503 0.0606061 1.00001 -1.04034e-06 -7.81666e-05
2.27517 0.0606061 1.00001 -4.89709e-07 -8.1822e-05
2.2953 0.0606061 1.00001 1.18316e-07 -8.50513e-05
2.31544 0.0606061 1.00001 7.73882e-07 -8.78606e-05
2.33557 0.0606061 1.00001 1.46703e-06 -9.02571e-05
2.3557 0.0606061 1.00001 2.18779e-06 -9.22493e-05
2.37584 0.0606061 1.00001 2.9263e-06 -9.38466e-05
2.39597 0.0606061 1.00001 3.67289e-06 -9.50594e-05
2.41611 0.0606061 1.00001 4.41818e-06 -9.58993e-05
2.43624 0.0606061 1.00001 5.15315e-06 -9.63784e-05
2.45638 0.0606061 1.00001 5.86919e-06 -9.65097e-05
2.47651 0.0606061 1.00001 6.55818e-06 -9.63064e-05
2.49664 0.0606061 1.00001 7.21254e-06 -9.57825e-05
2.51678 0.0606061 1.00001 7.82522e-06 -9.49515e-05
2.53691 0.0606061 1.00001 8.38977e-06 -9.38272e-05
2.55705 0.0606061 1.00001 8.90031e-06 -9.24229e-05
2.57718 0.0606061 1.00001 9.35155e-06 -9.07512e-05
2.59732 0.0606061 1.00001 9.73877e-06 -8.88239e-05
2.61745 0.0606061 1.00001 1.00578e-05 -8.66519e-05
2.63758 0.0606061 1.00001 1.0305e-05 -8.42446e-05
2.65772 0.0606061 1.00002 1.04772e-05 -8.161e-05
2.67785 0.0606061 1.00002 1.05717e-05 -7.87543e-05
2.69799 0.0606061 1.00002 1.05861e-05 -7.56819e-05
2.71812 0.0606061 1.00002 1.05186e-05 -7.23951e-05
2.73826 0.0606061 1.00002 1.03673e-05 -6.88941e-05
2.75839 0.0606061 1.00002 1.01308e-05 -6.51766e-05
2.77852 0.0606061 1.00002 9.80785e-06 -6.12383e-05
2.79866 0.0606061 1.00002 9.39722e-06 -5.7072e-05
2.81879 0.0606061 1.00002 8.89774e-06 -5.26688e-05
2.83893 0.0606061 1.00002 8.30822e-06 -4.8017e-05
2.85906 0.0606061 1.00002 7.62733e-06 -4.31032e-05
2.87919 0.0606061 1.00002 6.85342e-06 -3.79123e-05
2.89933 0.0606061 1.00002 5.98437e-06 -3.24279e-05
2.91946 0.0606061 1.00002 5.01711e-06 -2.66327e-05
2.9396 0.0606061 1.00002 3.94685e-06 -2.05097e-05
2.95973 0.0606061 1.00002 2.76549e-06 -1.40422e-05
2.97987 0.0606061 1.00002 1.45937e-06 -7.21283e-06
3 0.0606061 1.00001 0 0

0 0.0808081 1 0.1 0
0.0201342 0.0808081 1.34354 0.0768289 0.0179583
0.0402685 0.0808081 1.31287 0.0786304 0.0231708
0.0604027 0.0808081 1.29338 0.0779922 0.0241407
0.0805369 0.0808081 1.26682 0.0759412 0.0223325
0.100671 0.0808081 1.24513 0.0725952 0.0196314
0.120805 0.0808081 1.22656 0.0686179 0.0167439
0.14094 0.0808081 1.21172 0.0643758 0.0140672
0.161074 0.0808081 1.19978 0.0601394 0.0117349
0.181208 0.0808081 1.19008 0.0560547 0.009774
0.201342 0.0808081 1.18197 0.0521942 0.00815579
0.221477 0.0808081 1.17507 0.0485837 0.00683283
0.241611 0.0808081 1.1691 0.0452243 0.00575492
0.261745 0.0808081 1.16392 0.0421047 0.00487675
0.281879 0.0808081 1.15941 0.039208 0.00416017
0.302013 0.0808081 1.1555 0.0365154 0.0035741
0.322148 0.0808081 1.1521 0.0340081 0.00309362
0.342282 0.0808081 1.14916 0.0316684 0.00269881
0.362416 0.0808081 1.14661 0.0294798 0.00237368
0.38255 0.0808081 1.1444 0.0274275 0.00210533
0.402685 0.0808081 1.14249 0.0254986 0.00188327
0.422819 0.0808081 1.14084 0.0236819 0.00169888
0.442953 0.0808081 1.13942 0.0219675 0.001545
0.463087 0.0808081 1.13821 0.0203472 0.00141562
0.483221 0.0808081 1.13717 0.018814 0.00130564
0.503356 0.0808081 1.13629 0.0173619 0.00121066
0.52349 0.0808081 1.13556 0.0159862 0.00112689
0.543624 0.0808081 1.13496 0.0146827 0.00105095
0.563758 0.0808081 1.13448 0.0134483 0.000979864
0.583893 0.0808081 1.1341 0.0122803 0.000910941
0.604027 0.0808081 1.13381 0.0111768 0.000841743
0.624161 0.0808081 1.13362 0.0101363 0.000770037
0.644295 0.0808081 1.13349 0.00915761 0.000693769
0.66443 0.0808081 1.13344 0.00824015 0.000611047
0.684564 0.0808081 1.13343 0.00738345 0.000520136
0.704698 0.0808081 1.13348 0.00658722 0.000419469
0.724832 0.0808081 1.13355 0.00585126 0.000307675
0.744966 0.0808081 1.13365 0.00517523 0.00018365
0.765101 0.0808081 1.13376 0.00455851 4.66605e-05
0.785235 0.0808081 1.13385 0.00399989 -0.000103459
0.805369 0.0808081 1.13393 0.00349721 -0.000265992
0.825503 0.0808081 1.13397 0.0030469 -0.000438815
0.845638 0.0808081 1.13395 0.00264318 -0.000617509
0.865772 0.0808081 1.13387 0.00227776 -0.000793988
0.885906 0.0808081 1.13369 0.00193725 -0.000954035
0.90604 0.0808081 1.13348 0.00160746 -0.00107392
0.926174 0.0808081 1.13304 0.00126028 -0.00111462
0.946309 0.0808081 1.13294 0.000888627 -0.00101371
0.966443 0.0808081 1.13209 0.000449538 -0.000686765
0.986577 0.0808081 1.1328 0 0
1.00671 0.0808081 0 0 0
1.02685 0.0808081 0 0 0
1.04698 0.0808081 0 0 0
1.06711 0.0808081 0 0 0
1.08725 0.0808081 0 0 0
1.10738 0.0808081 0 0 0
1.12752 0.0808081 0 0 0
1.14765 0.0808081 0 0 0
1.16779 0.0808081 0 0 0
1.18792 0.0808081 0 0 0
1.20805 0.0808081 0 0 0
1.22819 0.0808081 0 0 0
1.24832 0.0808081 0 0 0
1.26846 0.0808081 0 0 0
1.28859 0.0808081 0 0 0
1.30872 0.0808081 0 0 0
1.32886 0.0808081 0 0 0
1.34899 0.0808081 0 0 0
1.36913 0.0808081 0 0 0
1.38926 0.0808081 0 0 0
1.4094 0.0808081 0 0 0
1.42953 0.0808081 0 0 0
1.44966 0.0808081 0 0 0
1.4698 0.0808081 0 0 0
1.48993 0.0808081 0 0 0
1.51007 0.0808081 0 0 0
1.5302 0.0808081 0 0 0
1.55034 0.0808081 0 0 0
1.57047 0.0808081 0 0 0
1.5906 0.0808081 0 0 0
1.61074 0.0808081 0 0 0
1.63087 0.0808081 0 0 0
1.65101 0.0808081 0 0 0
1.67114 0.0808081 0 0 0
1.69128 0.0808081 0 0 0
1.71141 0.0808081 0 0 0
1.73154 0.0808081 0 0 0
1.75168 0.0808081 0 0 0
1.77181 0.0808081 0 0 0
1.79195 0.0808081 0 0 0
1.81208 0.0808081 0 0 0
1.83221 0.0808081 0 0 0
1.85235 0.0808081 0 0 0
1.87248 0.0808081 0 0 0
1.89262 0.0808081 0 0 0
1.91275 0.0808081 0 0 0
1.93289 0.0808081 0 0 0
1.95302 0.0808081 0 0 0
1.97315 0.0808081 0 0 0
1.99329 0.0808081 0 0 0
2.01342 0.0808081 1.00001 0 0
2.03356 0.0808081 1.00001 -1.02918e-06 -9.26879e-06
2.05369 0.0808081 1.00001 -1.82944e-06 -1.80259e-05
2.07383 0.0808081 1.00001 -2.43238e-06 -2.62979e-05
2.09396 0.0808081 1.00002 -2.85894e-06 -3.40984e-05
2.11409 0.0808081 1.00002 -3.12493e-06 -4.14345e-05
2.13423 0.0808081 1.00002 -3.24285e-06 -4.83103e-05
2.15436 0.0808081 1.00002 -3.2236e-06 -5.47283e-05
2.1745 0.0808081 1.00002 -3.07741e-06 -6.06908e-05
2.19463 0.0808081 1.00002 -2.81439e-06 -6.61998e-05
2.21477 0.0808081 1.00002 -2.4448e-06 -7.12576e-05
2.2349 0.0808081 1.00002 -1.97916e-06 -7.58672e-05
2.25503 0.0808081 1.00002 -1.42827e-06 -8.0032e-05
2.27517 0.0808081 1.00002 -8.03216e-07 -8.37562e-05
2.2953 0.0808081 1.00002 -1.15246e-07 -8.70452e-05
2.31544 0.0808081 1.00002 6.24279e-07 -8.99054e-05
2.33557 0.0808081 1.00002 1.404e-06 -9.23441e-05
2.3557 0.0808081 1.00002 2.21266e-06 -9.43699e-05
2.37584 0.0808081 1.00002 3.0392e-06 -9.59926e-05
2.39597 0.0808081 1.00002 3.87286e-06 -9.72229e-05
2.41611 0.0808081 1.00002 4.70327e-06 -9.80725e-05
2.43624 0.0808081 1.00002 5.52052e-06 -9.85541e-05
2.45638 0.0808081 1.00002 6.31523e-06 -9.86809e-05
2.47651 0.0808081 1.00002 7.07862e-06 -9.84667e-05
2.49664 0.0808081 1.00002 7.80253e-06 -9.79256e-05
2.51678 0.0808081 1.00002 8.47944e-06 -9.70718e-05
2.53691 0.0808081 1.00002 9.10254e-06 -9.59195e-05
2.55705 0.0808081 1.00002 9.66567e-06 -9.44822e-05
2.57718 0.0808081 1.00002 1.01633e-05 -9.2773e-05
2.59732 0.0808081 1.00002 1.05907e-05 -9.08042e-05
2.61745 0.0808081 1.00002 1.09436e-05 -8.85868e-05
2.63758 0.0808081 1.00002 1.12183e-05 -8.61307e-05
2.65772 0.0808081 1.00002 1.14117e-05 -8.34439e-05
2.67785 0.0808081 1.00002 1.15211e-05 -8.0533e-05
2.69799 0.0808081 1.00002 1.15444e-05 -7.74024e-05
2.71812 0.0808081 1.00002 1.14795e-05 -7.40545e-05
2.73826 0.0808081 1.00002 1.13249e-05 -7.04893e-05
2.75839 0.0808081 1.00002 1.10789e-05 -6.67046e-05
2.77852 0.0808081 1.00002 1.07402e-05 -6.26956e-05
2.79866 0.0808081 1.00002 1.03073e-05 -5.84549e-05
2.81879 0.0808081 1.00002 9.77861e-06 -5.39727e-05
2.83893 0.0808081 1.00002 9.15214e-06 -4.92367e-05
2.85906 0.0808081 1.00002 8.42551e-06 -4.42323e-05
2.87919 0.0808081 1.00002 7.59553e-06 -3.89425e-05
2.89933 0.0808081 1.00002 6.65785e-06 -3.33485e-05
2.91946 0.0808081 1.00002 5.60632e-06 -2.74295e-05
2.9396 0.0808081 1.00002 4.432e-06 -2.1163e-05
2.95973 0.0808081 1.00002 3.12142e-06 -1.45239e-05
2.97987 0.0808081 1.00002 1.65483e-06 -7.48251e-06
3 0.0808081 1.00002 0 0

0 0.10101 1 0.1 0
0.0201342 0.10101 1.29671 0.0790021 0.0158828
0.0402685 0.10101 1.29198 0.0804249 0.0226937
0.0604027 0.10101 1.28154 0.0809408 0.0251809
0.0805369 0.10101 1.26518 0.080157 0.024713
0.100671 0.10101 1.24945 0.078085 0.0228531
0.120805 0.10101 1.2342 0.0751423 0.0204186
0.14094 0.10101 1.22029 0.0716523 0.017903
0.161074 0.10101 1.20784 0.0678872 0.015541
0.181208 0.10101 1.19692 0.0640354 0.0134316
0.201342 0.10101 1.18751 0.0602226 0.0115983
0.221477 0.10101 1.17949 0.0565257 0.0100298
0.241611 0.10101 1.1727 0.0529876 0.00869987
0.261745 0.10101 1.16695 0.0496283 0.00757823
0.281879 0.10101 1.16207 0.0464527 0.00663498
0.302013 0.10101 1.15791 0.0434572 0.00584276
0.322148 0.10101 1.15435 0.0406333 0.00517746
0.342282 0.10101 1.15127 0.0379702 0.00461834
0.362416 0.10101 1.14861 0.0354565 0.00414771
0.38255 0.10101 1.14631 0.0330811 0.00375064
0.402685 0.10101 1.1443 0.0308336 0.0034145
0.422819 0.10101 1.14256 0.0287043 0.00312864
0.442953 0.10101 1.14106 0.026685 0.00288399
0.463087 0.10101 1.13976 0.0247681 0.00267284
0.483221 0.10101 1.13864 0.0229472 0.00248852
0.503356 0.10101 1.13768 0.0212168 0.00232526
0.52349 0.10101 1.13688 0.0195723 0.00217802
0.543624 0.10101 1.1362 0.0180097 0.00204232
0.563758 0.10101 1.13564 0.0165259 0.0019142
0.583893 0.10101 1.1352 0.0151183 0.00179008
0.604027 0.10101 1.13485 0.013785 0.00166676
0.624161 0.10101 1.13459 0.0125242 0.00154129
0.644295 0.10101 1.1344 0.011335 0.00141104
0.66443 0.10101 1.13428 0.0102164 0.0012736
0.684564 0.10101 1.13423 0.00916776 0.00112685
0.704698 0.10101 1.13422 0.00818864 0.000968941
0.724832 0.10101 1.13425 0.00727843 0.0007984
0.744966 0.10101 1.1343 0.00643638 0.000614205
0.765101 0.10101 1.13437 0.00566131 0.000415975
0.785235 0.10101 1.13445 0.00495139 0.000204241
0.805369 0.10101 1.13452 0.00430371 -1.9134e-05
0.825503 0.10101 1.13457 0.003714 -0.000250298
0.845638 0.10101 1.13459 0.00317595 -0.000482441
0.865772 0.10101 1.13457 0.00268127 -0.000704297
0.885906 0.10101 1.1345 0.00221798 -0.000898235
0.90604 0.10101 1.13443 0.00177457 -0.00103666
0.926174 0.10101 1.13424 0.00133193 -0.00108117
0.946309 0.10101 1.13431 0.000889196 -0.000971197
0.966443 0.10101 1.13403 0.000429458 -0.000646326
0.986577 0.10101 1.13467 0 0
1.00671 0.10101 0 0 0
1.02685 0.10101 0 0 0
1.04698 0.10101 0 0 0
1.06711 0.10101 0 0 0
1.08725 0.10101 0 0 0
1.10738 0.10101 0 0 0
1.12752 0.10101 0 0 0
1.14765 0.10101 0 0 0
1.16779 0.10101 0 0 0
1.18792 0.10101 0 0 0
1.20805 0.10101 0 0 0
1.22819 0.10101 0 0 0
1.24832 0.10101 0 0 0
1.26846 0.10101 0 0 0
1.28859 0.10101 0 0 0
1.30872 0.10101 0 0 0
1.32886 0.10101 0 0 0
1.34899 0.10101 0 0 0
1.36913 0.10101 0 0 0
1.38926 0.10101 0 0 0
1.4094 0.10101 0 0 0
1.42953 0.10101 0 0 0
1.44966 0.10101 0 0 0
1.4698 0.10101 0 0 0
1.48993 0.10101 0 0 0
1.51007 0.10101 0 0 0
1.5302 0.10101 0 0 0
1.55034 0.10101 0 0 0
1.57047 0.10101 0 0 0
1.5906 0.10101 0 0 0
1.61074 0.10101 0 0 0
1.63087 0.10101 0 0 0
1.65101 0.10101 0 0 0
1.67114 0.10101 0 0 0
1.69128 0.10101 0 0 0
1.71141 0.10101 0 0 0
1.73154 0.10101 0 0 0
1.75168 0.10101 0 0 0
1.77181 0.10101 0 0 0
1.79195 0.10101 0 0 0
1.81208 0.10101 0 0 0
1.83221 0.10101 0 0 0
1.85235 0.10101 0 0 0
1.87248 0.10101 0 0 0
1.89262 0.10101 0 0 0
1.91275 0.10101 0 0 0
1.93289 0.10101 0 0 0
1.95302 0.10101 0 0 0
1.97315 0.10101 0 0 0
1.99329 0.10101 0 0 0
2.01342 0.10101 1.00001 0 0
2.03356 0.10101 1.00002 -1.25391e-06 -9.63342e-06
2.05369 0.10101 1.00002 -2.2337e-06 -1.87048e-05
2.07383 0.10101 1.00002 -2.97166e-06 -2.725e-05
2.09396 0.10101 1.00002 -3.49289e-06 -3.52913e-05
2.11409 0.10101 1.00002 -3.81793e-06 -4.28425e-05
2.13423 0.10101 1.00002 -3.964e-06 -4.99121e-05
2.15436 0.10101 1.00002 -3.94624e-06 -5.65058e-05
2.1745 0.10101 1.00002 -3.77862e-06 -6.26279e-05
2.19463 0.10101 1.00002 -3.47456e-06 -6.82817e-05
2.21477 0.10101 1.00002 -3.04728e-06 -7.34704e-05
2.2349 0.10101 1.00002 -2.50994e-06 -7.81975e-05
2.25503 0.10101 1.00002 -1.87579e-06 -8.24667e-05
2.27517 0.10101 1.00002 -1.15815e-06 -8.62826e-05
2.2953 0.10101 1.00002 -3.70361e-07 -8.9651e-05
2.31544 0.10101 1.00002 4.74279e-07 -9.25783e-05
2.33557 0.10101 1.00002 1.3626e-06 -9.50722e-05
2.3557 0.10101 1.00002 2.28166e-06 -9.71418e-05
2.37584 0.10101 1.00003 3.21886e-06 -9.87971e-05
2.39597 0.10101 1.00003 4.16202e-06 -0.000100049
2.41611 0.10101 1.00003 5.09949e-06 -0.00010091
2.43624 0.10101 1.00003 6.0202e-06 -0.000101394
2.45638 0.10101 1.00003 6.91378e-06 -0.000101513
2.47651 0.10101 1.00003 7.77056e-06 -0.000101283
2.49664 0.10101 1.00003 8.58163e-06 -0.000100717
2.51678 0.10101 1.00003 9.33889e-06 -9.98316e-05
2.53691 0.10101 1.00003 1.0035e-05 -9.86405e-05
2.55705 0.10101 1.00003 1.06635e-05 -9.7158e-05
2.57718 0.10101 1.00003 1.12186e-05 -9.53979e-05
2.59732 0.10101 1.00003 1.16953e-05 -9.33727e-05
2.61745 0.10101 1.00003 1.20892e-05 -9.10941e-05
2.63758 0.10101 1.00003 1.23968e-05 -8.85722e-05
2.65772 0.10101 1.00003 1.26149e-05 -8.58154e-05
2.67785 0.10101 1.00003 1.27409e-05 -8.28306e-05
2.69799 0.10101 1.00003 1.27726e-05 -7.96224e-05
2.71812 0.10101 1.00003 1.27082e-05 -7.6193e-05
2.73826 0.10101 1.00003 1.25459e-05 -7.25426e-05
2.75839 0.10101 1.00003 1.22842e-05 -6.86686e-05
2.77852 0.10101 1.00003 1.19215e-05 -6.45657e-05
2.79866 0.10101 1.00002 1.14559e-05 -6.02261e-05
2.81879 0.10101 1.00002 1.08852e-05 -5.56391e-05
2.83893 0.10101 1.00002 1.02066e-05 -5.07911e-05
2.85906 0.10101 1.00002 9.41641e-06 -4.56659e-05
2.87919 0.10101 1.00002 8.50963e-06 -4.02443e-05
2.89933 0.10101 1.00002 7.47955e-06 -3.45045e-05
2.91946 0.10101 1.00002 6.31691e-06 -2.84213e-05
2.9396 0.10101 1.00002 5.00896e-06 -2.19663e-05
2.95973 0.10101 1.00002 3.53788e-06 -1.51064e-05
2.97987 0.10101 1.00002 1.87967e-06 -7.80126e-06
3 0.10101 1.00002 0 0

0 0.121212 1 0.1 0
0.0201342 0.121212 1.25788 0.0805976 0.0141576
0.0402685 0.121212 1.26397 0.0814878 0.0218004
0.0604027 0.121212 1.25723 0.0824752 0.0255022
0.0805369 0.121212 1.24625 0.0824641 0.0263109
0.100671 0.121212 1.23455 0.0813321 0.0254288
0.120805 0.121212 1.22282 0.0792792 0.0236353
0.14094 0.121212 1.2119 0.0765423 0.0214572
0.161074 0.121212 1.20204 0.0733582 0.0192062
0.181208 0.121212 1.19333 0.0699191 0.0170561
0.201342 0.121212 1.18568 0.0663686 0.0150915
0.221477 0.121212 1.17898 0.0628073 0.0133443
0.241611 0.121212 1.17311 0.0593014 0.0118161
0.261745 0.121212 1.16796 0.0558923 0.0104934
0.281879 0.121212 1.16344 0.052604 0.00935567
0.302013 0.121212 1.15947 0.0494485 0.00838035
0.322148 0.121212 1.15599 0.0464304 0.00754553
0.342282 0.121212 1.15294 0.043549 0.00683102
0.362416 0.121212 1.15026 0.0408008 0.00621879
0.38255 0.121212 1.14791 0.0381808 0.00569304
0.402685 0.121212 1.14586 0.0356829 0.00523999
0.422819 0.121212 1.14406 0.0333011 0.00484772
0.442953 0.121212 1.14249 0.0310294 0.00450586
0.463087 0.121212 1.14112 0.0288623 0.00420541
0.483221 0.121212 1.13994 0.0267948 0.00393848
0.503356 0.121212 1.13892 0.0248224 0.00369817
0.52349 0.121212 1.13805 0.0229413 0.00347836
0.543624 0.121212 1.13731 0.0211481 0.00327363
0.563758 0.121212 1.1367 0.0194402 0.00307911
0.583893 0.121212 1.13619 0.0178153 0.00289043
0.604027 0.121212 1.13579 0.0162716 0.00270367
0.624161 0.121212 1.13547 0.0148077 0.00251528
0.644295 0.121212 1.13523 0.0134224 0.00232207
0.66443 0.121212 1.13506 0.012115 0.00212123
0.684564 0.121212 1.13496 0.0108846 0.00191029
0.704698 0.121212 1.13491 0.00973063 0.00168725
0.724832 0.121212 1.1349 0.00865225 0.00145062
0.744966 0.121212 1.13493 0.0076484 0.00119958
0.765101 0.121212 1.13498 0.00671759 0.000934182
0.785235 0.121212 1.13505 0.00585761 0.000655726
0.805369 0.121212 1.13512 0.0050653 0.000367201
0.825503 0.121212 1.1352 0.0043363 7.39906e-05
0.845638 0.121212 1.13526 0.00366471 -0.000215182
0.865772 0.121212 1.13532 0.00304334 -0.00048689
0.885906 0.121212 1.13536 0.00246283 -0.000721545
0.90604 0.121212 1.13543 0.00191559 -0.000890691
0.926174 0.121212 1.13543 0.00139014 -0.000957451
0.946309 0.121212 1.13566 0.000891354 -0.000869103
0.966443 0.121212 1.13565 0.000415068 -0.000575632
0.986577 0.121212 1.13632 0 0
1.00671 0.121212 0 0 0
1.02685 0.121212 0 0 0
1.04698 0.121212 0 0 0
1.06711 0.121212 0 0 0
1.08725 0.121212 0 0 0
1.10738 0.121212 0 0 0
1.12752 0.121212 0 0 0
1.14765 0.121212 0 0 0
1.16779 0.121212 0 0 0
1.18792 0.121212 0 0 0
1.20805 0.121212 0 0 0
1.22819 0.121212 0 0 0
1.24832 0.121212 0 0 0
1.26846 0.121212 0 0 0
1.28859 0.121212 0 0 0
1.30872 0.121212 0 0 0
1.32886 0.121212 0 0 0
1.34899 0.121212 0 0 0
1.36913 0.121212 0 0 0
1.38926 0.121212 0 0 0
1.4094 0.121212 0 0 0
1.42953 0.121212 0 0 0
1.44966 0.121212 0 0 0
1.4698 0.121212 0 0 0
1.48993 0.121212 0 0 0
1.51007 0.121212 0 0 0
1.5302 0.121212 0 0 0
1.55034 0.121212 0 0 0
1.57047 0.121212 0 0 0
1.5906 0.121212 0 0 0
1.61074 0.121212 0 0 0
1.63087 0.121212 0 0 0
1.65101 0.121212 0 0 0
1.67114 0.121212 0 0 0
1.69128 0.121212 0 0 0
1.71141 0.121212 0 0 0
1.73154 0.121212 0 0 0
1.75168 0.121212 0 0 0
1.77181 0.121212 0 0 0
1.79195 0.121212 0 0 0
1.81208 0.121212 0 0 0
1.83221 0.121212 0 0 0
1.85235 0.121212 0 0 0
1.87248 0.121212 0 0 0
1.89262 0.121212 0 0 0
1.91275 0.121212 0 0 0
1.93289 0.121212 0 0 0
1.95302 0.121212 0 0 0
1.97315 0.121212 0 0 0
1.99329 0.121212 0 0 0
2.01342 0.121212 1.00002 0 0
2.03356 0.121212 1.00002 -1.49663e-06 -1.00589e-05
2.05369 0.121212 1.00002 -2.67259e-06 -1.95089e-05
2.07383 0.121212 1.00002 -3.56085e-06 -2.83919e-05
2.09396 0.121212 1.00002 -4.18951e-06 -3.6736e-05
2.11409 0.121212 1.00002 -4.58301e-06 -4.45602e-05
2.13423 0.121212 1.00002 -4.76272e-06 -5.18773e-05
2.15436 0.121212 1.00003 -4.7479e-06 -5.86959e-05
2.1745 0.121212 1.00003 -4.55638e-06 -6.50223e-05
2.19463 0.121212 1.00003 -4.20517e-06 -7.08613e-05
2.21477 0.121212 1.00003 -3.71079e-06 -7.62171e-05
2.2349 0.121212 1.00003 -3.08947e-06 -8.10938e-05
2.25503 0.121212 1.00003 -2.35734e-06 -8.54958e-05
2.27517 0.121212 1.00003 -1.53037e-06 -8.94281e-05
2.2953 0.121212 1.00003 -6.24432e-07 -9.28965e-05
2.31544 0.121212 1.00003 3.44835e-07 -9.59082e-05
2.33557 0.121212 1.00003 1.36206e-06 -9.84712e-05
2.3557 0.121212 1.00003 2.41225e-06 -0.000100595
2.37584 0.121212 1.00003 3.48093e-06 -0.00010229
2.39597 0.121212 1.00003 4.55417e-06 -0.000103568
2.41611 0.121212 1.00003 5.61876e-06 -0.000104442
2.43624 0.121212 1.00003 6.66224e-06 -0.000104925
2.45638 0.121212 1.00003 7.673e-06 -0.000105033
2.47651 0.121212 1.00003 8.64029e-06 -0.00010478
2.49664 0.121212 1.00003 9.55431e-06 -0.000104182
2.51678 0.121212 1.00003 1.04062e-05 -0.000103255
2.53691 0.121212 1.00003 1.11881e-05 -0.000102012
2.55705 0.121212 1.00003 1.18929e-05 -0.000100471
2.57718 0.121212 1.00003 1.25146e-05 -9.86449e-05
2.59732 0.121212 1.00003 1.3048e-05 -9.6547e-05
2.61745 0.121212 1.00003 1.34887e-05 -9.41896e-05
2.63758 0.121212 1.00003 1.38329e-05 -9.15834e-05
2.65772 0.121212 1.00003 1.40776e-05 -8.87373e-05
2.67785 0.121212 1.00003 1.42201e-05 -8.56584e-05
2.69799 0.121212 1.00003 1.42585e-05 -8.23513e-05
2.71812 0.121212 1.00003 1.41908e-05 -7.88186e-05
2.73826 0.121212 1.00003 1.40154e-05 -7.50602e-05
2.75839 0.121212 1.00003 1.37305e-05 -7.1073e-05
2.77852 0.121212 1.00003 1.33343e-05 -6.68516e-05
2.79866 0.121212 1.00003 1.28246e-05 -6.2387e-05
2.81879 0.121212 1.00003 1.21983e-05 -5.76676e-05
2.83893 0.121212 1.00003 1.14518e-05 -5.26782e-05
2.85906 0.121212 1.00003 1.058e-05 -4.74005e-05
2.87919 0.121212 1.00003 9.57605e-06 -4.18128e-05
2.89933 0.121212 1.00003 8.43096e-06 -3.58896e-05
2.91946 0.121212 1.00003 7.13258e-06 -2.96012e-05
2.9396 0.121212 1.00002 5.66484e-06 -2.29132e-05
2.95973 0.121212 1.00002 4.00645e-06 -1.5785e-05
2.97987 0.121212 1.00002 2.13019e-06 -8.16736e-06
3 0.121212 1.00002 0 0

0 0.141414 1 0.1 0
0.0201342 0.141414 1.23252 0.0817156 0.0125457
0.0402685 0.141414 1.24457 0.0821153 0.0204023
0.0604027 0.141414 1.24122 0.0832073 0.0248758
0.0805369 0.141414 1.2346 0.0836222 0.0266971
0.100671 0.141414 1.22653 0.0831478 0.026744
0.120805 0.141414 1.21778 0.0818239 0.0256888
0.14094 0.141414 1.20906 0.0797869 0.0240325
0.161074 0.141414 1.20073 0.0772105 0.0221107
0.181208 0.141414 1.193 0.0742593 0.0201355
0.201342 0.141414 1.18596 0.0710725 0.0182308
0.221477 0.141414 1.17963 0.0677594 0.0164626
0.241611 0.141414 1.17399 0.0644012 0.0148597
0.261745 0.141414 1.169 0.0610562 0.0134293
0.281879 0.141414 1.16458 0.0577643 0.0121657
0.302013 0.141414 1.16069 0.0545516 0.0110569
0.322148 0.141414 1.15726 0.0514343 0.0100877
0.342282 0.141414 1.15423 0.0484214 0.00924216
0.362416 0.141414 1.15156 0.0455174 0.0085047
0.38255 0.141414 1.14921 0.0427234 0.00786067
0.402685 0.141414 1.14713 0.0400385 0.00729667
0.422819 0.141414 1.14531 0.0374606 0.00680058
0.442953 0.141414 1.1437 0.034987 0.00636157
0.463087 0.141414 1.14229 0.0326146 0.00596997
0.483221 0.141414 1.14107 0.0303406 0.00561715
0.503356 0.141414 1.14 0.028162 0.00529542
0.52349 0.141414 1.13908 0.0260762 0.00499787
0.543624 0.141414 1.1383 0.0240809 0.00471832
0.563758 0.141414 1.13763 0.0221742 0.00445121
0.583893 0.141414 1.13708 0.0203544 0.00419151
0.604027 0.141414 1.13662 0.0186201 0.00393469
0.624161 0.141414 1.13626 0.0169703 0.0036767
0.644295 0.141414 1.13598 0.0154041 0.00341392
0.66443 0.141414 1.13577 0.0139208 0.00314317
0.684564 0.141414 1.13563 0.0125196 0.00286179
0.704698 0.141414 1.13555 0.0111999 0.00256768
0.724832 0.141414 1.13552 0.00996084 0.00225941
0.744966 0.141414 1.13552 0.00880125 0.0019364
0.765101 0.141414 1.13556 0.00771956 0.0015992
0.785235 0.141414 1.13563 0.00671356 0.00124981
0.805369 0.141414 1.13572 0.00578026 0.000892175
0.825503 0.141414 1.13582 0.0049158 0.000532879
0.845638 0.141414 1.13593 0.00411529 0.00018194
0.865772 0.141414 1.13605 0.0033733 -0.000146048
0.885906 0.141414 1.13618 0.00268349 -0.000430925
0.90604 0.141414 1.13636 0.00204196 -0.000645048
0.926174 0.141414 1.13652 0.00144365 -0.000754598
0.946309 0.141414 1.13687 0.0008966 -0.000714187
0.966443 0.141414 1.1371 0.000404789 -0.000482554
0.986577 0.141414 1.13778 0 0
1.00671 0.141414 0 0 0
1.02685 0.141414 0 0 0
1.04698 0.141414 0 0 0
1.06711 0.141414 0 0 0
1.08725 0.141414 0 0 0
1.10738 0.141414 0 0 0
1.12752 0.141414 0 0 0
1.14765 0.141414 0 0 0
1.16779 0.141414 0 0 0
1.18792 0.141414 0 0 0
1.20805 0.141414 0 0 0
1.22819 0.141414 0 0 0
1.24832 0.141414 0 0 0
1.26846 0.141414 0 0 0
1.28859 0.141414 0 0 0
1.30872 0.141414 0 0 0
1.32886 0.141414 0 0 0
1.34899 0.141414 0 0 0
1.36913 0.141414 0 0 0
1.38926 0.141414 0 0 0
1.4094 0.141414 0 0 0
1.42953 0.141414 0 0 0
1.44966 0.141414 0 0 0
1.4698 0.141414 0 0 0
1.48993 0.141414 0 0 0
1.51007 0.141414 0 0 0
1.5302 0.141414 0 0 0
1.55034 0.141414 0 0 0
1.57047 0.141414 0 0 0
1.5906 0.141414 0 0 0
1.61074 0.141414 0 0 0
1.63087 0.141414 0 0 0
1.65101 0.141414 0 0 0
1.67114 0.141414 0 0 0
1.69128 0.141414 0 0 0
1.71141 0.141414 0 0 0
1.73154 0.141414 0 0 0
1.75168 0.141414 0 0 0
1.77181 0.141414 0 0 0
1.79195 0.141414 0 0 0
1.81208 0.141414 0 0 0
1.83221 0.141414 0 0 0
1.85235 0.141414 0 0 0
1.87248 0.141414 0 0 0
1.89262 0.141414 0 0 0
1.91275 0.141414 0 0 0
1.93289 0.141414 0 0 0
1.95302 0.141414 0 0 0
1.97315 0.141414 0 0 0
1.99329 0.141414 0 0 0
2.01342 0.141414 1.00002 0 0
2.03356 0.141414 1.00002 -1.75439e-06 -1.05474e-05
2.05369 0.141414 1.00002 -3.13944e-06 -2.04413e-05
2.07383 0.141414 1.00003 -4.18923e-06 -2.9727e-05
2.09396 0.141414 1.00003 -4.93438e-06 -3.8437e-05
2.11409 0.141414 1.00003 -5.40266e-06 -4.65941e-05
2.13423 0.141414 1.00003 -5.61922e-06 -5.42145e-05
2.15436 0.141414 1.00003 -5.60722e-06 -6.13097e-05
2.1745 0.141414 1.00003 -5.38838e-06 -6.78877e-05
2.19463 0.141414 1.00003 -4.98341e-06 -7.39548e-05
2.21477 0.141414 1.00003 -4.41242e-06 -7.95163e-05
2.2349 0.141414 1.00003 -3.69505e-06 -8.4577e-05
2.25503 0.141414 1.00004 -2.85062e-06 -8.91418e-05
2.27517 0.141414 1.00004 -1.8982e-06 -9.32162e-05
2.2953 0.141414 1.00004 -8.56531e-07 -9.68068e-05
2.31544 0.141414 1.00004 2.55993e-07 -9.99208e-05
2.33557 0.141414 1.00004 1.42144e-06 -0.000102567
2.3557 0.141414 1.00004 2.62242e-06 -0.000104755
2.37584 0.141414 1.00004 3.84222e-06 -0.000106497
2.39597 0.141414 1.00004 5.0649e-06 -0.000107805
2.41611 0.141414 1.00004 6.2754e-06 -0.000108693
2.43624 0.141414 1.00004 7.4596e-06 -0.000109174
2.45638 0.141414 1.00004 8.60445e-06 -0.000109266
2.47651 0.141414 1.00004 9.69794e-06 -0.000108983
2.49664 0.141414 1.00004 1.07292e-05 -0.000108342
2.51678 0.141414 1.00004 1.16885e-05 -0.000107361
2.53691 0.141414 1.00004 1.25673e-05 -0.000106054
2.55705 0.141414 1.00004 1.33579e-05 -0.000104439
2.57718 0.141414 1.00004 1.4054e-05 -0.00010253
2.59732 0.141414 1.00004 1.46501e-05 -0.000100342
2.61745 0.141414 1.00004 1.51416e-05 -9.78864e-05
2.63758 0.141414 1.00004 1.55247e-05 -9.51759e-05
2.65772 0.141414 1.00004 1.57964e-05 -9.22196e-05
2.67785 0.141414 1.00004 1.59542e-05 -8.90247e-05
2.69799 0.141414 1.00004 1.59959e-05 -8.55963e-05
2.71812 0.141414 1.00004 1.592e-05 -8.19369e-05
2.73826 0.141414 1.00004 1.57245e-05 -7.80462e-05
2.75839 0.141414 1.00004 1.54077e-05 -7.39209e-05
2.77852 0.141414 1.00003 1.49675e-05 -6.95547e-05
2.79866 0.141414 1.00003 1.44011e-05 -6.49377e-05
2.81879 0.141414 1.00003 1.3705e-05 -6.00569e-05
2.83893 0.141414 1.00003 1.28745e-05 -5.48955e-05
2.85906 0.141414 1.00003 1.19029e-05 -4.94326e-05
2.87919 0.141414 1.00003 1.0782e-05 -4.36436e-05
2.89933 0.141414 1.00003 9.50041e-06 -3.74991e-05
2.91946 0.141414 1.00003 8.04346e-06 -3.09646e-05
2.9396 0.141414 1.00003 6.39221e-06 -2.39999e-05
2.95973 0.141414 1.00003 4.52247e-06 -1.65573e-05
2.97987 0.141414 1.00003 2.40438e-06 -8.58011e-06
3 0.141414 1.00002 0 0

0 0.161616 1 0.1 0
0.0201342 0.161616 1.21376 0.0825968 0.0112155
0.0402685 0.161616 1.22808 0.0825898 0.0189848
0.0604027 0.161616 1.22652 0.0835965 0.0239318
0.0805369 0.161616 1.22246 0.0841903 0.0265311
0.100671 0.161616 1.21679 0.0841193 0.0273982
0.120805 0.161616 1.21024 0.0833212 0.027074
0.14094 0.161616 1.2034 0.0818481 0.0259991
0.161074 0.161616 1.19664 0.0798107 0.0244997
0.181208 0.161616 1.19019 0.0773356 0.0228037
0.201342 0.161616 1.18418 0.0745438 0.0210615
0.221477 0.161616 1.17866 0.0715393 0.0193664
0.241611 0.161616 1.17363 0.0684068 0.0177719
0.261745 0.161616 1.16909 0.0652119 0.0163049
0.281879 0.161616 1.165 0.0620041 0.0149751
0.302013 0.161616 1.16134 0.0588196 0.0137815
0.322148 0.161616 1.15806 0.0556839 0.0127169
0.342282 0.161616 1.15514 0.0526148 0.011771
0.362416 0.161616 1.15253 0.049624 0.0109319
0.38255 0.161616 1.15021 0.0467191 0.0101872
0.402685 0.161616 1.14815 0.0439045 0.00952501
0.422819 0.161616 1.14632 0.0411824 0.00893401
0.442953 0.161616 1.1447 0.0385538 0.00840364
0.463087 0.161616 1.14327 0.0360185 0.00792419
0.483221 0.161616 1.14202 0.0335761 0.00748679
0.503356 0.161616 1.14092 0.0312256 0.00708339
0.52349 0.161616 1.13997 0.028966 0.00670663
0.543624 0.161616 1.13914 0.0267963 0.00634986
0.563758 0.161616 1.13844 0.0247156 0.00600702
0.583893 0.161616 1.13785 0.022723 0.00567261
0.604027 0.161616 1.13736 0.0208179 0.00534167
0.624161 0.161616 1.13696 0.0189997 0.00500977
0.644295 0.161616 1.13665 0.0172679 0.00467295
0.66443 0.161616 1.13641 0.0156221 0.00432782
0.684564 0.161616 1.13624 0.0140618 0.00397157
0.704698 0.161616 1.13613 0.0125865 0.00360207
0.724832 0.161616 1.13608 0.0111955 0.003218
0.744966 0.161616 1.13607 0.00988779 0.00281906
0.765101 0.161616 1.13611 0.00866193 0.00240619
0.785235 0.161616 1.13618 0.00751608 0.00198198
0.805369 0.161616 1.13628 0.00644778 0.00155111
0.825503 0.161616 1.13642 0.00545406 0.0011209
0.845638 0.161616 1.13657 0.00453146 0.00070206
0.865772 0.161616 1.13676 0.00367657 0.000309515
0.885906 0.161616 1.13698 0.002886 -3.6961e-05
0.90604 0.161616 1.13725 0.00215916 -0.000311518
0.926174 0.161616 1.13754 0.00149579 -0.000483612
0.946309 0.161616 1.13798 0.000906062 -0.000514625
0.966443 0.161616 1.13837 0.000398412 -0.000369098
0.986577 0.161616 1.1391 0 0
1.00671 0.161616 0 0 0
1.02685 0.161616 0 0 0
1.04698 0.161616 0 0 0
1.06711 0.161616 0 0 0
1.08725 0.161616 0 0 0
1.10738 0.161616 0 0 0
1.12752 0.161616 0 0 0
1.14765 0.161616 0 0 0
1.16779 0.161616 0 0 0
1.18792 0.161616 0 0 0
1.20805 0.161616 0 0 0
1.22819 0.161616 0 0 0
1.24832 0.161616 0 0 0
1.26846 0.161616 0 0 0
1.28859 0.161616 0 0 0
1.30872 0.161616 0 0 0
1.32886 0.161616 0 0 0
1.34899 0.161616 0 0 0
1.36913 0.161616 0 0 0
1.38926 0.161616 0 0 0
1.4094 0.161616 0 0 0
1.42953 0.161616 0 0 0
1.44966 0.161616 0 0 0
1.4698 0.161616 0 0 0
1.48993 0.161616 0 0 0
1.51007 0.161616 0 0 0
1.5302 0.161616 0 0 0
1.55034 0.161616 0 0 0
1.57047 0.161616 0 0 0
1.5906 0.161616 0 0 0
1.61074 0.161616 0 0 0
1.63087 0.161616 0 0 0
1.65101 0.161616 0 0 0
1.67114 0.161616 0 0 0
1.69128 0.161616 0 0 0
1.71141 0.161616 0 0 0
1.73154 0.161616 0 0 0
1.75168 0.161616 0 0 0
1.77181 0.161616 0 0 0
1.79195 0.161616 0 0 0
1.81208 0.161616 0 0 0
1.83221 0.161616 0 0 0
1.85235 0.161616 0 0 0
1.87248 0.161616 0 0 0
1.89262 0.161616 0 0 0
1.91275 0.161616 0 0 0
1.93289 0.161616 0 0 0
1.95302 0.161616 0 0 0
1.97315 0.161616 0 0 0
1.99329 0.161616 0 0 0
2.01342 0.161616 1.00002 0 0
2.03356 0.161616 1.00003 -2.02552e-06 -1.11023e-05
2.05369 0.161616 1.00003 -3.63038e-06 -2.15073e-05
2.07383 0.161616 1.00003 -4.85024e-06 -3.12623e-05
2.09396 0.161616 1.00003 -5.71817e-06 -4.04027e-05
2.11409 0.161616 1.00003 -6.265e-06 -4.89545e-05
2.13423 0.161616 1.00003 -6.51942e-06 -5.69364e-05
2.15436 0.161616 1.00004 -6.50834e-06 -6.4362e-05
2.1745 0.161616 1.00004 -6.25733e-06 -7.12413e-05
2.19463 0.161616 1.00004 -5.79098e-06 -7.75819e-05
2.21477 0.161616 1.00004 -5.13313e-06 -8.33898e-05
2.2349 0.161616 1.00004 -4.30712e-06 -8.86707e-05
2.25503 0.161616 1.00004 -3.33582e-06 -9.34301e-05
2.27517 0.161616 1.00004 -2.24171e-06 -9.76741e-05
2.2953 0.161616 1.00004 -1.04679e-06 -0.00010141
2.31544 0.161616 1.00004 2.27424e-07 -0.000104645
2.33557 0.161616 1.00004 1.56008e-06 -0.000107389
2.3557 0.161616 1.00005 2.93105e-06 -0.000109653
2.37584 0.161616 1.00005 4.32107e-06 -0.000111449
2.39597 0.161616 1.00005 5.71187e-06 -0.00011279
2.41611 0.161616 1.00005 7.08627e-06 -0.000113691
2.43624 0.161616 1.00005 8.42828e-06 -0.000114167
2.45638 0.161616 1.00005 9.72316e-06 -0.000114237
2.47651 0.161616 1.00005 1.09575e-05 -0.000113915
2.49664 0.161616 1.00005 1.21192e-05 -0.000113222
2.51678 0.161616 1.00005 1.31975e-05 -0.000112173
2.53691 0.161616 1.00005 1.4183e-05 -0.000110787
2.55705 0.161616 1.00005 1.50677e-05 -0.000109081
2.57718 0.161616 1.00005 1.58445e-05 -0.000107071
2.59732 0.161616 1.00005 1.65078e-05 -0.000104773
2.61745 0.161616 1.00005 1.70527e-05 -0.000102199
2.63758 0.161616 1.00004 1.74756e-05 -9.93628e-05
2.65772 0.161616 1.00004 1.77733e-05 -9.62737e-05
2.67785 0.161616 1.00004 1.79435e-05 -9.29396e-05
2.69799 0.161616 1.00004 1.79841e-05 -8.93659e-05
2.71812 0.161616 1.00004 1.78934e-05 -8.5555e-05
2.73826 0.161616 1.00004 1.76697e-05 -8.15064e-05
2.75839 0.161616 1.00004 1.73112e-05 -7.72164e-05
2.77852 0.161616 1.00004 1.68154e-05 -7.26779e-05
2.79866 0.161616 1.00004 1.61791e-05 -6.78799e-05
2.81879 0.161616 1.00004 1.53983e-05 -6.28078e-05
2.83893 0.161616 1.00004 1.4467e-05 -5.74426e-05
2.85906 0.161616 1.00004 1.33777e-05 -5.17609e-05
2.87919 0.161616 1.00004 1.21203e-05 -4.57348e-05
2.89933 0.161616 1.00003 1.06814e-05 -3.93308e-05
2.91946 0.161616 1.00003 9.04425e-06 -3.25096e-05
2.9396 0.161616 1.00003 7.18726e-06 -2.5225e-05
2.95973 0.161616 1.00003 5.08372e-06 -1.74231e-05
2.97987 0.161616 1.00003 2.70132e-06 -9.0398e-06
3 0.161616 1.00003 0 0

0 0.181818 1 0.1 0
0.0201342 0.181818 1.19995 0.0832993 0.0101086
0.0402685 0.181818 1.21515 0.0829687 0.0176231
0.0604027 0.181818 1.21476 0.0838106 0.0228123
0.0805369 0.181818 1.21243 0.084434 0.0259663
0.100671 0.181818 1.20857 0.0845834 0.0275038
0.120805 0.181818 1.20375 0.0841412 0.0278413
0.14094 0.181818 1.19844 0.083098 0.0273475
0.161074 0.181818 1.19297 0.0815098 0.0263189
0.181208 0.181818 1.18758 0.0794636 0.0249793
0.201342 0.181818 1.1824 0.0770549 0.0234892
0.221477 0.181818 1.17753 0.0743743 0.0219581
0.241611 0.181818 1.17301 0.0715018 0.020457
0.261745 0.181818 1.16886 0.0685042 0.0190291
0.281879 0.181818 1.16507 0.0654353 0.0176979
0.302013 0.181818 1.16163 0.0623373 0.0164739
0.322148 0.181818 1.15852 0.0592426 0.0153588
0.342282 0.181818 1.15572 0.0561756 0.0143488
0.362416 0.181818 1.1532 0.0531541 0.013437
0.38255 0.181818 1.15094 0.0501912 0.0126147
0.402685 0.181818 1.14891 0.0472963 0.0118723
0.422819 0.181818 1.14711 0.0444758 0.0112001
0.442953 0.181818 1.14549 0.0417344 0.0105887
0.463087 0.181818 1.14406 0.0390749 0.0100288
0.483221 0.181818 1.1428 0.0364995 0.00951204
0.503356 0.181818 1.14168 0.0340092 0.00903026
0.52349 0.181818 1.14071 0.031605 0.00857608
0.543624 0.181818 1.13986 0.0292873 0.00814263
0.563758 0.181818 1.13913 0.0270565 0.00772364
0.583893 0.181818 1.13851 0.0249127 0.00731335
0.604027 0.181818 1.138 0.0228561 0.00690653
0.624161 0.181818 1.13757 0.0208868 0.00649851
0.644295 0.181818 1.13723 0.0190049 0.00608515
0.66443 0.181818 1.13697 0.0172104 0.00566291
0.684564 0.181818 1.13678 0.0155033 0.00522894
0.704698 0.181818 1.13665 0.0138834 0.00478111
0.724832 0.181818 1.13658 0.0123502 0.00431824
0.744966 0.181818 1.13657 0.0109032 0.00384025
0.765101 0.181818 1.13661 0.00954139 0.00334843
0.785235 0.181818 1.13669 0.00826345 0.00284577
0.805369 0.181818 1.13681 0.00706779 0.00233737
0.825503 0.181818 1.13698 0.00595258 0.00183093
0.845638 0.181818 1.13718 0.00491595 0.00133731
0.865772 0.181818 1.13743 0.00395655 0.000871145
0.885906 0.181818 1.13771 0.00307367 0.000451178
0.90604 0.181818 1.13807 0.00226951 0.000101038
0.926174 0.181818 1.13846 0.00154733 -0.000152035
0.946309 0.181818 1.13899 0.000918768 -0.000275075
0.966443 0.181818 1.13951 0.000394907 -0.000237214
0.986577 0.181818 1.1403 0 0
1.00671 0.181818 0 0 0
1.02685 0.181818 0 0 0
1.04698 0.181818 0 0 0
1.06711 0.181818 0 0 0
1.08725 0.181818 0 0 0
1.10738 0.181818 0 0 0
1.12752 0.181818 0 0 0
1.14765 0.181818 0 0 0
1.16779 0.181818 0 0 0
1.18792 0.181818 0 0 0
1.20805 0.181818 0 0 0
1.22819 0.181818 0 0 0
1.24832 0.181818 0 0 0
1.26846 0.181818 0 0 0
1.28859 0.181818 0 0 0
1.30872 0.181818 0 0 0
1.32886 0.181818 0 0 0
1.34899 0.181818 0 0 0
1.36913 0.181818 0 0 0
1.38926 0.181818 0 0 0
1.4094 0.181818 0 0 0
1.42953 0.181818 0 0 0
1.44966 0.181818 0 0 0
1.4698 0.181818 0 0 0
1.48993 0.181818 0 0 0
1.51007 0.181818 0 0 0
1.5302 0.181818 0 0 0
1.55034 0.181818 0 0 0
1.57047 0.181818 0 0 0
1.5906 0.181818 0 0 0
1.61074 0.181818 0 0 0
1.63087 0.181818 0 0 0
1.65101 0.181818 0 0 0
1.67114 0.181818 0 0 0
1.69128 0.181818 0 0 0
1.71141 0.181818 0 0 0
1.73154 0.181818 0 0 0
1.75168 0.181818 0 0 0
1.77181 0.181818 0 0 0
1.79195 0.181818 0 0 0
1.81208 0.181818 0 0 0
1.83221 0.181818 0 0 0
1.85235 0.181818 0 0 0
1.87248 0.181818 0 0 0
1.89262 0.181818 0 0 0
1.91275 0.181818 0 0 0
1.93289 0.181818 0 0 0
1.95302 0.181818 0 0 0
1.97315 0.181818 0 0 0
1.99329 0.181818 0 0 0
2.01342 0.181818 1.00003 0 0
2.03356 0.181818 1.00003 -2.30912e-06 -1.17275e-05
2.05369 0.181818 1.00003 -4.14318e-06 -2.27134e-05
2.07383 0.181818 1.00003 -5.53988e-06 -3.30065e-05
2.09396 0.181818 1.00004 -6.53483e-06 -4.26442e-05
2.11409 0.181818 1.00004 -7.16188e-06 -5.16545e-05
2.13423 0.181818 1.00004 -7.45313e-06 -6.00583e-05
2.15436 0.181818 1.00004 -7.43922e-06 -6.78709e-05
2.1745 0.181818 1.00004 -7.14958e-06 -7.51036e-05
2.19463 0.181818 1.00004 -6.61276e-06 -8.1765e-05
2.21477 0.181818 1.00005 -5.85658e-06 -8.78623e-05
2.2349 0.181818 1.00005 -4.90831e-06 -9.34015e-05
2.25503 0.181818 1.00005 -3.79469e-06 -9.83888e-05
2.27517 0.181818 1.00005 -2.54194e-06 -0.000102831
2.2953 0.181818 1.00005 -1.17571e-06 -0.000106736
2.31544 0.181818 1.00005 2.79037e-07 -0.000110112
2.33557 0.181818 1.00005 1.79815e-06 -0.000112969
2.3557 0.181818 1.00005 3.35841e-06 -0.000115319
2.37584 0.181818 1.00005 4.9377e-06 -0.000117175
2.39597 0.181818 1.00005 6.51511e-06 -0.000118552
2.41611 0.181818 1.00005 8.07108e-06 -0.000119466
2.43624 0.181818 1.00005 9.58749e-06 -0.000119934
2.45638 0.181818 1.00005 1.10477e-05 -0.000119974
2.47651 0.181818 1.00005 1.24368e-05 -0.000119604
2.49664 0.181818 1.00005 1.37412e-05 -0.000118845
2.51678 0.181818 1.00005 1.49491e-05 -0.000117715
2.53691 0.181818 1.00005 1.60503e-05 -0.000116233
2.55705 0.181818 1.00005 1.70359e-05 -0.000114418
2.57718 0.181818 1.00005 1.78986e-05 -0.000112287
2.59732 0.181818 1.00005 1.86322e-05 -0.000109858
2.61745 0.181818 1.00005 1.9232e-05 -0.000107144
2.63758 0.181818 1.00005 1.96941e-05 -0.000104158
2.65772 0.181818 1.00005 2.00155e-05 -0.000100912
2.67785 0.181818 1.00005 2.01938e-05 -9.7414e-05
2.69799 0.181818 1.00005 2.02272e-05 -9.36693e-05
2.71812 0.181818 1.00005 2.01141e-05 -8.96806e-05
2.73826 0.181818 1.00005 1.98529e-05 -8.54472e-05
2.75839 0.181818 1.00005 1.94415e-05 -8.09648e-05
2.77852 0.181818 1.00005 1.88774e-05 -7.62253e-05
2.79866 0.181818 1.00004 1.81571e-05 -7.12165e-05
2.81879 0.181818 1.00004 1.72757e-05 -6.5922e-05
2.83893 0.181818 1.00004 1.62268e-05 -6.03204e-05
2.85906 0.181818 1.00004 1.50014e-05 -5.43857e-05
2.87919 0.181818 1.00004 1.35879e-05 -4.80863e-05
2.89933 0.181818 1.00004 1.19715e-05 -4.13844e-05
2.91946 0.181818 1.00004 1.0133e-05 -3.42359e-05
2.9396 0.181818 1.00004 8.04872e-06 -2.65888e-05
2.95973 0.181818 1.00003 5.68958e-06 -1.83828e-05
2.97987 0.181818 1.00003 3.02086e-06 -9.54718e-06
3 0.181818 1.00003 0 0

0 0.20202 1 0.1 0
0.0201342 0.20202 1.18932 0.0838765 0.00919668
0.0402685 0.20202 1.20463 0.0832927 0.0163912
0.0604027 0.20202 1.20489 0.0839464 0.0216741
0.0805369 0.20202 1.20363 0.0845144 0.0252111
0.100671 0.20202 1.20103 0.0847583 0.0272796
0.120805 0.20202 1.19749 0.0845368 0.0281901
0.14094 0.20202 1.19338 0.0838007 0.0282401
0.161074 0.20202 1.18899 0.0825644 0.0276863
0.181208 0.20202 1.18453 0.0808796 0.0267363
0.201342 0.20202 1.18014 0.0788153 0.025549
0.221477 0.20202 1.17592 0.0764451 0.0242413
0.241611 0.20202 1.17193 0.0738392 0.0228951
0.261745 0.20202 1.16819 0.0710604 0.0215657
0.281879 0.20202 1.16474 0.0681624 0.0202882
0.302013 0.20202 1.16156 0.0651896 0.0190828
0.322148 0.20202 1.15865 0.0621784 0.0179599
0.342282 0.20202 1.156 0.0591573 0.0169225
0.362416 0.20202 1.15359 0.0561492 0.0159689
0.38255 0.20202 1.15141 0.0531714 0.0150946
0.402685 0.20202 1.14945 0.0502376 0.014293
0.422819 0.20202 1.14768 0.047358 0.0135566
0.442953 0.20202 1.14609 0.0445406 0.0128777
0.463087 0.20202 1.14467 0.0417913 0.0122482
0.483221 0.20202 1.14341 0.0391146 0.0116602
0.503356 0.20202 1.14229 0.036514 0.0111063
0.52349 0.20202 1.14131 0.0339923 0.0105792
0.543624 0.20202 1.14045 0.0315514 0.0100722
0.563758 0.20202 1.1397 0.0291931 0.00957904
0.583893 0.20202 1.13907 0.0269187 0.00909389
0.604027 0.20202 1.13853 0.0247293 0.00861146
0.624161 0.20202 1.13808 0.0226259 0.00812699
0.644295 0.20202 1.13772 0.0206093 0.00763628
0.66443 0.20202 1.13744 0.0186802 0.00713574
0.684564 0.20202 1.13724 0.0168389 0.00662252
0.704698 0.20202 1.1371 0.0150858 0.00609457
0.724832 0.20202 1.13703 0.0134211 0.00555083
0.744966 0.20202 1.13701 0.0118446 0.00499138
0.765101 0.20202 1.13706 0.010356 0.00441775
0.785235 0.20202 1.13715 0.00895485 0.00383315
0.805369 0.20202 1.1373 0.00764051 0.00324284
0.825503 0.20202 1.13749 0.00641246 0.00265457
0.845638 0.20202 1.13773 0.00527045 0.00207893
0.865772 0.20202 1.13803 0.00421508 0.00152981
0.885906 0.20202 1.13838 0.003248 0.00102459
0.90604 0.20202 1.13881 0.00237368 0.000584507
0.926174 0.20202 1.13929 0.00159802 0.000233702
0.946309 0.20202 1.1399 0.000933726 4.23969e-07
0.966443 0.20202 1.14053 0.000393528 -8.82102e-05
0.986577 0.20202 1.14137 0 0
1.00671 0.20202 0 0 0
1.02685 0.20202 0 0 0
1.04698 0.20202 0 0 0
1.06711 0.20202 0 0 0
1.08725 0.20202 0 0 0
1.10738 0.20202 0 0 0
1.12752 0.20202 0 0 0
1.14765 0.20202 0 0 0
1.16779 0.20202 0 0 0
1.18792 0.20202 0 0 0
1.20805 0.20202 0 0 0
1.22819 0.20202 0 0 0
1.24832 0.20202 0 0 0
1.26846 0.20202 0 0 0
1.28859 0.20202 0 0 0
1.30872 0.20202 0 0 0
1.32886 0.20202 0 0 0
1.34899 0.20202 0 0 0
1.36913 0.20202 0 0 0
1.38926 0.20202 0 0 0
1.4094 0.20202 0 0 0
1.42953 0.20202 0 0 0
1.44966 0.20202 0 0 0
1.4698 0.20202 0 0 0
1.48993 0.20202 0 0 0
1.51007 0.20202 0 0 0
1.5302 0.20202 0 0 0
1.55034 0.20202 0 0 0
1.57047 0.20202 0 0 0
1.5906 0.20202 0 0 0
1.61074 0.20202 0 0 0
1.63087 0.20202 0 0 0
1.65101 0.20202 0 0 0
1.67114 0.20202 0 0 0
1.69128 0.20202 0 0 0
1.71141 0.20202 0 0 0
1.73154 0.20202 0 0 0
1.75168 0.20202 0 0 0
1.77181 0.20202 0 0 0
1.79195 0.20202 0 0 0
1.81208 0.20202 0 0 0
1.83221 0.20202 0 0 0
1.85235 0.20202 0 0 0
1.87248 0.20202 0 0 0
1.89262 0.20202 0 0 0
1.91275 0.20202 0 0 0
1.93289 0.20202 0 0 0
1.95302 0.20202 0 0 0
1.97315 0.20202 0 0 0
1.99329 0.20202 0 0 0
2.01342 0.20202 1.00003 0 0
2.03356 0.20202 1.00003 -2.60481e-06 -1.24273e-05
2.05369 0.20202 1.00004 -4.67668e-06 -2.40676e-05
2.07383 0.20202 1.00004 -6.25579e-06 -3.49705e-05
2.09396 0.20202 1.00004 -7.38046e-06 -4.51748e-05
2.11409 0.20202 1.00004 -8.08762e-06 -5.47102e-05
2.13423 0.20202 1.00004 -8.41282e-06 -6.35988e-05
2.15436 0.20202 1.00005 -8.39043e-06 -7.18574e-05
2.1745 0.20202 1.00005 -8.05386e-06 -7.9498e-05
2.19463 0.20202 1.00005 -7.43575e-06 -8.65303e-05
2.21477 0.20202 1.00005 -6.56814e-06 -9.29618e-05
2.2349 0.20202 1.00005 -5.48247e-06 -9.87994e-05
2.25503 0.20202 1.00005 -4.2097e-06 -0.00010405
2.27517 0.20202 1.00006 -2.78014e-06 -0.00010872
2.2953 0.20202 1.00006 -1.22343e-06 -0.000112819
2.31544 0.20202 1.00006 4.3161e-07 -0.000116355
2.33557 0.20202 1.00006 2.15718e-06 -0.000119341
2.3557 0.20202 1.00006 3.92663e-06 -0.000121788
2.37584 0.20202 1.00006 5.71465e-06 -0.000123711
2.39597 0.20202 1.00006 7.49738e-06 -0.000125127
2.41611 0.20202 1.00006 9.25263e-06 -0.000126052
2.43624 0.20202 1.00006 1.09599e-05 -0.000126506
2.45638 0.20202 1.00006 1.26005e-05 -0.000126508
2.47651 0.20202 1.00006 1.41577e-05 -0.000126079
2.49664 0.20202 1.00006 1.56165e-05 -0.00012524
2.51678 0.20202 1.00006 1.69638e-05 -0.000124012
2.53691 0.20202 1.00006 1.81885e-05 -0.000122416
2.55705 0.20202 1.00006 1.9281e-05 -0.000120472
2.57718 0.20202 1.00006 2.02335e-05 -0.000118199
2.59732 0.20202 1.00006 2.10395e-05 -0.000115615
2.61745 0.20202 1.00006 2.16941e-05 -0.000112736
2.63758 0.20202 1.00006 2.21935e-05 -0.000109577
2.65772 0.20202 1.00006 2.25347e-05 -0.000106148
2.67785 0.20202 1.00006 2.27155e-05 -0.00010246
2.69799 0.20202 1.00006 2.27344e-05 -9.85169e-05
2.71812 0.20202 1.00005 2.25897e-05 -9.43227e-05
2.73826 0.20202 1.00005 2.22801e-05 -8.98761e-05
2.75839 0.20202 1.00005 2.18035e-05 -8.51721e-05
2.77852 0.20202 1.00005 2.11573e-05 -8.02018e-05
2.79866 0.20202 1.00005 2.03377e-05 -7.49513e-05
2.81879 0.20202 1.00005 1.93393e-05 -6.94024e-05
2.83893 0.20202 1.00005 1.81549e-05 -6.35313e-05
2.85906 0.20202 1.00005 1.67746e-05 -5.73087e-05
2.87919 0.20202 1.00004 1.51854e-05 -5.06993e-05
2.89933 0.20202 1.00004 1.33709e-05 -4.36612e-05
2.91946 0.20202 1.00004 1.131e-05 -3.61448e-05
2.9396 0.20202 1.00004 8.97707e-06 -2.80927e-05
2.95973 0.20202 1.00004 6.34055e-06 -1.94379e-05
2.97987 0.20202 1.00004 3.3633e-06 -1.01033e-05
3 0.20202 1.00003 0 0

0 0.222222 1 0.1 0
0.0201342 0.222222 1.18093 0.0843567 0.00844061
0.0402685 0.222222 1.19606 0.0835743 0.0152994
0.0604027 0.222222 1.19669 0.0840437 0.0205811
0.0805369 0.222222 1.19611 0.0845134 0.0243713
0.100671 0.222222 1.19439 0.0847709 0.0268487
0.120805 0.222222 1.1918 0.0846708 0.0282395
0.14094 0.222222 1.18864 0.0841417 0.0287771
0.161074 0.222222 1.18513 0.0831686 0.0286767
0.181208 0.222222 1.18145 0.0817746 0.0281228
0.201342 0.222222 1.17774 0.0800048 0.0272652
0.221477 0.222222 1.1741 0.077915 0.0262203
0.241611 0.222222 1.17059 0.0755632 0.0250749
0.261745 0.222222 1.16726 0.073005 0.023892
0.281879 0.222222 1.16412 0.0702908 0.0227148
0.302013 0.222222 1.16121 0.0674646 0.0215721
0.322148 0.222222 1.15851 0.0645636 0.0204813
0.342282 0.222222 1.15602 0.0616192 0.0194518
0.362416 0.222222 1.15374 0.058657 0.0184872
0.38255 0.222222 1.15166 0.0556977 0.0175874
0.402685 0.222222 1.14977 0.0527582 0.0167491
0.422819 0.222222 1.14805 0.049852 0.0159676
0.442953 0.222222 1.1465 0.0469898 0.0152369
0.463087 0.222222 1.14511 0.0441803 0.0145506
0.483221 0.222222 1.14386 0.0414305 0.0139021
0.503356 0.222222 1.14275 0.038746 0.0132844
0.52349 0.222222 1.14177 0.0361312 0.0126911
0.543624 0.222222 1.14091 0.0335899 0.0121158
0.563758 0.222222 1.14015 0.0311252 0.0115524
0.583893 0.222222 1.13951 0.0287397 0.0109952
0.604027 0.222222 1.13896 0.0264355 0.0104392
0.624161 0.222222 1.1385 0.0242145 0.00987955
0.644295 0.222222 1.13813 0.0220783 0.00931211
0.66443 0.222222 1.13784 0.0200283 0.00873337
0.684564 0.222222 1.13762 0.0180657 0.00814052
0.704698 0.222222 1.13748 0.0161913 0.00753161
0.724832 0.222222 1.13741 0.014406 0.00690567
0.744966 0.222222 1.13739 0.0127104 0.00626293
0.765101 0.222222 1.13744 0.011105 0.005605
0.785235 0.222222 1.13755 0.00959014 0.00493516
0.805369 0.222222 1.13772 0.00816642 0.00425862
0.825503 0.222222 1.13794 0.00683461 0.00358288
0.845638 0.222222 1.13823 0.00559606 0.00291797
0.865772 0.222222 1.13857 0.00445316 0.00227677
0.885906 0.222222 1.13898 0.00340957 0.00167507
0.90604 0.222222 1.13947 0.00247163 0.0011318
0.926174 0.222222 1.14003 0.00164723 0.000668167
0.946309 0.222222 1.14071 0.000949957 0.000308495
0.966443 0.222222 1.14142 0.000393644 7.66268e-05
0.986577 0.222222 1.14233 0 0
1.00671 0.222222 0 0 0
1.02685 0.222222 0 0 0
1.04698 0.222222 0 0 0
1.06711 0.222222 0 0 0
1.08725 0.222222 0 0 0
1.10738 0.222222 0 0 0
1.12752 0.222222 0 0 0
1.14765 0.222222 0 0 0
1.16779 0.222222 0 0 0
1.18792 0.222222 0 0 0
1.20805 0.222222 0 0 0
1.22819 0.222222 0 0 0
1.24832 0.222222 0 0 0
1.26846 0.222222 0 0 0
1.28859 0.222222 0 0 0
1.30872 0.222222 0 0 0
1.32886 0.222222 0 0 0
1.34899 0.222222 0 0 0
1.36913 0.222222 0 0 0
1.38926 0.222222 0 0 0
1.4094 0.222222 0 0 0
1.42953 0.222222 0 0 0
1.44966 0.222222 0 0 0
1.4698 0.222222 0 0 0
1.48993 0.222222 0 0 0
1.51007 0.222222 0 0 0
1.5302 0.222222 0 0 0
1.55034 0.222222 0 0 0
1.57047 0.222222 0 0 0
1.5906 0.222222 0 0 0
1.61074 0.222222 0 0 0
1.63087 0.222222 0 0 0
1.65101 0.222222 0 0 0
1.67114 0.222222 0 0 0
1.69128 0.222222 0 0 0
1.71141 0.222222 0 0 0
1.73154 0.222222 0 0 0
1.75168 0.222222 0 0 0
1.77181 0.222222 0 0 0
1.79195 0.222222 0 0 0
1.81208 0.222222 0 0 0
1.83221 0.222222 0 0 0
1.85235 0.222222 0 0 0
1.87248 0.222222 0 0 0
1.89262 0.222222 0 0 0
1.91275 0.222222 0 0 0
1.93289 0.222222 0 0 0
1.95302 0.222222 0 0 0
1.97315 0.222222 0 0 0
1.99329 0.222222 0 0 0
2.01342 0.222222 1.00003 0 0
2.03356 0.222222 1.00004 -2.91248e-06 -1.32065e-05
2.05369 0.222222 1.00004 -5.23037e-06 -2.55785e-05
2.07383 0.222222 1.00004 -6.9966e-06 -3.71665e-05
2.09396 0.222222 1.00005 -8.25244e-06 -4.80101e-05
2.11409 0.222222 1.00005 -9.03805e-06 -5.81401e-05
2.13423 0.222222 1.00005 -9.39253e-06 -6.75796e-05
2.15436 0.222222 1.00005 -9.35411e-06 -7.63458e-05
2.1745 0.222222 1.00005 -8.96031e-06 -8.44517e-05
2.19463 0.222222 1.00006 -8.2481e-06 -9.19072e-05
2.21477 0.222222 1.00006 -7.25395e-06 -9.87203e-05
2.2349 0.222222 1.00006 -6.01384e-06 -0.000104898
2.25503 0.222222 1.00006 -4.56325e-06 -0.000110448
2.27517 0.222222 1.00006 -2.93698e-06 -0.000115378
2.2953 0.222222 1.00006 -1.16908e-06 -0.000119696
2.31544 0.222222 1.00007 7.07434e-07 -0.000123414
2.33557 0.222222 1.00007 2.6607e-06 -0.000126543
2.3557 0.222222 1.00007 4.66026e-06 -0.000129098
2.37584 0.222222 1.00007 6.67727e-06 -0.000131094
2.39597 0.222222 1.00007 8.68465e-06 -0.00013255
2.41611 0.222222 1.00007 1.06572e-05 -0.000133484
2.43624 0.222222 1.00007 1.2572e-05 -0.000133917
2.45638 0.222222 1.00007 1.44079e-05 -0.000133872
2.47651 0.222222 1.00007 1.61463e-05 -0.00013337
2.49664 0.222222 1.00007 1.77707e-05 -0.000132436
2.51678 0.222222 1.00007 1.92666e-05 -0.000131092
2.53691 0.222222 1.00007 2.06218e-05 -0.000129362
2.55705 0.222222 1.00007 2.18261e-05 -0.000127266
2.57718 0.222222 1.00007 2.28712e-05 -0.000124827
2.59732 0.222222 1.00007 2.37503e-05 -0.000122065
2.61745 0.222222 1.00007 2.44584e-05 -0.000118995
2.63758 0.222222 1.00007 2.49917e-05 -0.000115635
2.65772 0.222222 1.00006 2.53475e-05 -0.000111996
2.67785 0.222222 1.00006 2.55237e-05 -0.000108089
2.69799 0.222222 1.00006 2.5519e-05 -0.000103919
2.71812 0.222222 1.00006 2.53322e-05 -9.94905e-05
2.73826 0.222222 1.00006 2.49619e-05 -9.4801e-05
2.75839 0.222222 1.00006 2.44064e-05 -8.98452e-05
2.77852 0.222222 1.00006 2.3663e-05 -8.46129e-05
2.79866 0.222222 1.00006 2.27276e-05 -7.9089e-05
2.81879 0.222222 1.00005 2.15946e-05 -7.32529e-05
2.83893 0.222222 1.00005 2.02561e-05 -6.70782e-05
2.85906 0.222222 1.00005 1.87012e-05 -6.05324e-05
2.87919 0.222222 1.00005 1.6916e-05 -5.35763e-05
2.89933 0.222222 1.00005 1.48824e-05 -4.61631e-05
2.91946 0.222222 1.00005 1.25777e-05 -3.82384e-05
2.9396 0.222222 1.00004 9.97414e-06 -2.97385e-05
2.95973 0.222222 1.00004 7.03794e-06 -2.05902e-05
2.97987 0.222222 1.00004 3.72938e-06 -1.07094e-05
3 0.222222 1.00004 0 0

0 0.242424 1 0.1 0
0.0201342 0.242424 1.17414 0.0847616 0.00781058
0.0402685 0.242424 1.18897 0.083822 0.0143456
0.0604027 0.242424 1.18978 0.0841223 0.0195705
0.0805369 0.242424 1.18963 0.0844754 0.023521
0.100671 0.242424 1.18851 0.0846971 0.0263085
0.120805 0.242424 1.18663 0.0846487 0.0280943
0.14094 0.242424 1.1842 0.0842486 0.0290578
0.161074 0.242424 1.18139 0.0834631 0.0293752
0.181208 0.242424 1.17837 0.0822937 0.0292055
0.201342 0.242424 1.17525 0.0807658 0.0286845
0.221477 0.242424 1.17212 0.0789183 0.027923
0.241611 0.242424 1.16905 0.0767968 0.0270082
0.261745 0.242424 1.16609 0.0744482 0.0260063
0.281879 0.242424 1.16327 0.0719175 0.0249662
0.302013 0.242424 1.16061 0.0692458 0.0239223
0.322148 0.242424 1.15813 0.0664699 0.0228982
0.342282 0.242424 1.15581 0.0636214 0.0219086
0.362416 0.242424 1.15367 0.0607276 0.0209622
0.38255 0.242424 1.1517 0.0578113 0.0200626
0.402685 0.242424 1.14989 0.0548917 0.0192103
0.422819 0.242424 1.14824 0.0519847 0.0184031
0.442953 0.242424 1.14674 0.0491035 0.0176376
0.463087 0.242424 1.14539 0.046259 0.0169089
0.483221 0.242424 1.14417 0.0434602 0.0162118
0.503356 0.242424 1.14307 0.0407148 0.0155405
0.52349 0.242424 1.1421 0.0380288 0.0148893
0.543624 0.242424 1.14124 0.0354078 0.0142524
0.563758 0.242424 1.14049 0.032856 0.0136242
0.583893 0.242424 1.13984 0.0303774 0.0129995
0.604027 0.242424 1.13928 0.0279752 0.0123733
0.624161 0.242424 1.13882 0.0256523 0.011741
0.644295 0.242424 1.13844 0.0234112 0.0110986
0.66443 0.242424 1.13815 0.021254 0.0104429
0.684564 0.242424 1.13793 0.0191827 0.00977093
0.704698 0.242424 1.13778 0.017199 0.00908101
0.724832 0.242424 1.13771 0.0153044 0.00837221
0.744966 0.242424 1.13771 0.0135004 0.00764482
0.765101 0.242424 1.13777 0.0117884 0.00690046
0.785235 0.242424 1.13789 0.0101697 0.00614231
0.805369 0.242424 1.13808 0.00864618 0.00537538
0.825503 0.242424 1.13833 0.00721984 0.00460669
0.845638 0.242424 1.13865 0.00589355 0.00384551
0.865772 0.242424 1.13904 0.00467133 0.00310356
0.885906 0.242424 1.1395 0.00355852 0.00239498
0.90604 0.242424 1.14005 0.00256304 0.00173642
0.926174 0.242424 1.14067 0.00169432 0.00114646
0.946309 0.242424 1.14141 0.000966676 0.000646026
0.966443 0.242424 1.1422 0.000394794 0.000256018
0.986577 0.242424 1.14318 0 0
1.00671 0.242424 0 0 0
1.02685 0.242424 0 0 0
1.04698 0.242424 0 0 0
1.06711 0.242424 0 0 0
1.08725 0.242424 0 0 0
1.10738 0.242424 0 0 0
1.12752 0.242424 0 0 0
1.14765 0.242424 0 0 0
1.16779 0.242424 0 0 0
1.18792 0.242424 0 0 0
1.20805 0.242424 0 0 0
1.22819 0.242424 0 0 0
1.24832 0.242424 0 0 0
1.26846 0.242424 0 0 0
1.28859 0.242424 0 0 0
1.30872 0.242424 0 0 0
1.32886 0.242424 0 0 0
1.34899 0.242424 0 0 0
1.36913 0.242424 0 0 0
1.38926 0.242424 0 0 0
1.4094 0.242424 0 0 0
1.42953 0.242424 0 0 0
1.44966 0.242424 0 0 0
1.4698 0.242424 0 0 0
1.48993 0.242424 0 0 0
1.51007 0.242424 0 0 0
1.5302 0.242424 0 0 0
1.55034 0.242424 0 0 0
1.57047 0.242424 0 0 0
1.5906 0.242424 0 0 0
1.61074 0.242424 0 0 0
1.63087 0.242424 0 0 0
1.65101 0.242424 0 0 0
1.67114 0.242424 0 0 0
1.69128 0.242424 0 0 0
1.71141 0.242424 0 0 0
1.73154 0.242424 0 0 0
1.75168 0.242424 0 0 0
1.77181 0.242424 0 0 0
1.79195 0.242424 0 0 0
1.81208 0.242424 0 0 0
1.83221 0.242424 0 0 0
1.85235 0.242424 0 0 0
1.87248 0.242424 0 0 0
1.89262 0.242424 0 0 0
1.91275 0.242424 0 0 0
1.93289 0.242424 0 0 0
1.95302 0.242424 0 0 0
1.97315 0.242424 0 0 0
1.99329 0.242424 0 0 0
2.01342 0.242424 1.00004 0 0
2.03356 0.242424 1.00004 -3.23226e-06 -1.407e-05
2.05369 0.242424 1.00004 -5.8041e-06 -2.72557e-05
2.07383 0.242424 1.00005 -7.76151e-06 -3.96081e-05
2.09396 0.242424 1.00005 -9.1489e-06 -5.11677e-05
2.11409 0.242424 1.00005 -1.00099e-05 -6.19655e-05
2.13423 0.242424 1.00006 -1.03872e-05 -7.20251e-05
2.15436 0.242424 1.00006 -1.03232e-05 -8.13641e-05
2.1745 0.242424 1.00006 -9.85966e-06 -8.99954e-05
2.19463 0.242424 1.00006 -9.03823e-06 -9.79292e-05
2.21477 0.242424 1.00007 -7.90012e-06 -0.000105174
2.2349 0.242424 1.00007 -6.4862e-06 -0.000111736
2.25503 0.242424 1.00007 -4.83687e-06 -0.000117624
2.27517 0.242424 1.00007 -2.99186e-06 -0.000122845
2.2953 0.242424 1.00007 -9.89999e-07 -0.00012741
2.31544 0.242424 1.00007 1.131e-06 -0.00013133
2.33557 0.242424 1.00008 3.33483e-06 -0.000134619
2.3557 0.242424 1.00008 5.58684e-06 -0.000137291
2.37584 0.242424 1.00008 7.85428e-06 -0.000139365
2.39597 0.242424 1.00008 1.01065e-05 -0.000140861
2.41611 0.242424 1.00008 1.23152e-05 -0.0001418
2.43624 0.242424 1.00008 1.44544e-05 -0.000142205
2.45638 0.242424 1.00008 1.65007e-05 -0.0001421
2.47651 0.242424 1.00008 1.84334e-05 -0.000141512
2.49664 0.242424 1.00008 2.02341e-05 -0.000140464
2.51678 0.242424 1.00008 2.18871e-05 -0.000138984
2.53691 0.242424 1.00008 2.33791e-05 -0.000137097
2.55705 0.242424 1.00008 2.46992e-05 -0.000134826
2.57718 0.242424 1.00008 2.58385e-05 -0.000132196
2.59732 0.242424 1.00007 2.67901e-05 -0.000129227
2.61745 0.242424 1.00007 2.75489e-05 -0.000125939
2.63758 0.242424 1.00007 2.81113e-05 -0.000122349
2.65772 0.242424 1.00007 2.84747e-05 -0.000118471
2.67785 0.242424 1.00007 2.86375e-05 -0.000114315
2.69799 0.242424 1.00007 2.85987e-05 -0.000109889
2.71812 0.242424 1.00007 2.83575e-05 -0.000105194
2.73826 0.242424 1.00007 2.79127e-05 -0.000100231
2.75839 0.242424 1.00006 2.7263e-05 -9.49913e-05
2.77852 0.242424 1.00006 2.64057e-05 -8.9465e-05
2.79866 0.242424 1.00006 2.53367e-05 -8.36348e-05
2.81879 0.242424 1.00006 2.40502e-05 -7.74779e-05
2.83893 0.242424 1.00006 2.25377e-05 -7.09651e-05
2.85906 0.242424 1.00006 2.07877e-05 -6.40603e-05
2.87919 0.242424 1.00005 1.8785e-05 -5.67201e-05
2.89933 0.242424 1.00005 1.65105e-05 -4.88931e-05
2.91946 0.242424 1.00005 1.39396e-05 -4.05192e-05
2.9396 0.242424 1.00005 1.10428e-05 -3.15287e-05
2.95973 0.242424 1.00005 7.78372e-06 -2.18416e-05
2.97987 0.242424 1.00004 4.12007e-06 -1.13666e-05
3 0.242424 1.00004 0 0

0 0.262626 1 0.1 0
0.0201342 0.262626 1.16853 0.0851067 0.0072825
0.0402685 0.262626 1.18303 0.0840411 0.013518
0.0604027 0.262626 1.18392 0.0841909 0.0186561
0.0805369 0.262626 1.18403 0.0844234 0.0227023
0.100671 0.262626 1.18333 0.084581 0.0257226
0.120805 0.262626 1.18196 0.084537 0.0278296
0.14094 0.262626 1.18009 0.0842078 0.0291593
0.161074 0.262626 1.17785 0.0835487 0.0298528
0.181208 0.262626 1.17536 0.0825463 0.0300444
0.201342 0.262626 1.17274 0.0812101 0.0298536
0.221477 0.262626 1.17006 0.0795649 0.0293826
0.241611 0.262626 1.16739 0.0776444 0.0287151
0.261745 0.262626 1.16477 0.0754864 0.0279177
0.281879 0.262626 1.16224 0.0731295 0.0270417
0.302013 0.262626 1.15983 0.0706109 0.0261256
0.322148 0.262626 1.15755 0.0679649 0.025197
0.342282 0.262626 1.15541 0.0652225 0.0242754
0.362416 0.262626 1.15341 0.0624112 0.0233731
0.38255 0.262626 1.15155 0.0595548 0.0224979
0.402685 0.262626 1.14984 0.0566738 0.0216531
0.422819 0.262626 1.14826 0.053786 0.0208397
0.442953 0.262626 1.14682 0.0509061 0.0200563
0.463087 0.262626 1.14551 0.0480471 0.0193
0.483221 0.262626 1.14432 0.0452196 0.0185672
0.503356 0.262626 1.14326 0.042433 0.0178533
0.52349 0.262626 1.1423 0.0396951 0.0171536
0.543624 0.262626 1.14145 0.0370125 0.0164631
0.563758 0.262626 1.14071 0.0343912 0.0157769
0.583893 0.262626 1.14006 0.0318361 0.0150901
0.604027 0.262626 1.13951 0.0293516 0.0143981
0.624161 0.262626 1.13904 0.0269415 0.0136968
0.644295 0.262626 1.13867 0.0246094 0.0129823
0.66443 0.262626 1.13837 0.0223582 0.0122515
0.684564 0.262626 1.13815 0.0201907 0.0115018
0.704698 0.262626 1.13801 0.0181094 0.0107315
0.724832 0.262626 1.13794 0.0161168 0.00993968
0.744966 0.262626 1.13794 0.0142152 0.00912672
0.765101 0.262626 1.13802 0.0124069 0.00829413
0.785235 0.262626 1.13816 0.0106945 0.0074449
0.805369 0.262626 1.13837 0.00908071 0.00658366
0.825503 0.262626 1.13865 0.00756901 0.00571685
0.845638 0.262626 1.13901 0.0061636 0.00485284
0.865772 0.262626 1.13943 0.00486995 0.0040021
0.885906 0.262626 1.13994 0.00369487 0.0031771
0.90604 0.262626 1.14054 0.00264757 0.00239238
0.926174 0.262626 1.14121 0.00173873 0.00166405
0.946309 0.262626 1.14201 0.00098329 0.00101008
0.966443 0.262626 1.14287 0.000396641 0.000448648
0.986577 0.262626 1.1439 0 0
1.00671 0.262626 0 0 0
1.02685 0.262626 0 0 0
1.04698 0.262626 0 0 0
1.06711 0.262626 0 0 0
1.08725 0.262626 0 0 0
1.10738 0.262626 0 0 0
1.12752 0.262626 0 0 0
1.14765 0.262626 0 0 0
1.16779 0.262626 0 0 0
1.18792 0.262626 0 0 0
1.20805 0.262626 0 0 0
1.22819 0.262626 0 0 0
1.24832 0.262626 0 0 0
1.26846 0.262626 0 0 0
1.28859 0.262626 0 0 0
1.30872 0.262626 0 0 0
1.32886 0.262626 0 0 0
1.34899 0.262626 0 0 0
1.36913 0.262626 0 0 0
1.38926 0.262626 0 0 0
1.4094 0.262626 0 0 0
1.42953 0.262626 0 0 0
1.44966 0.262626 0 0 0
1.4698 0.262626 0 0 0
1.48993 0.262626 0 0 0
1.51007 0.262626 0 0 0
1.5302 0.262626 0 0 0
1.55034 0.262626 0 0 0
1.57047 0.262626 0 0 0
1.5906 0.262626 0 0 0
1.61074 0.262626 0 0 0
1.63087 0.262626 0 0 0
1.65101 0.262626 0 0 0
1.67114 0.262626 0 0 0
1.69128 0.262626 0 0 0
1.71141 0.262626 0 0 0
1.73154 0.262626 0 0 0
1.75168 0.262626 0 0 0
1.77181 0.262626 0 0 0
1.79195 0.262626 0 0 0
1.81208 0.262626 0 0 0
1.83221 0.262626 0 0 0
1.85235 0.262626 0 0 0
1.87248 0.262626 0 0 0
1.89262 0.262626 0 0 0
1.91275 0.262626 0 0 0
1.93289 0.262626 0 0 0
1.95302 0.262626 0 0 0
1.97315 0.262626 0 0 0
1.99329 0.262626 0 0 0
2.01342 0.262626 1.00004 0 0
2.03356 0.262626 1.00005 -3.56437e-06 -1.50232e-05
2.05369 0.262626 1.00005 -6.39797e-06 -2.91095e-05
2.07383 0.262626 1.00005 -8.55002e-06 -4.23106e-05
2.09396 0.262626 1.00006 -1.00683e-05 -5.46671e-05
2.11409 0.262626 1.00006 -1.1e-05 -6.62101e-05
2.13423 0.262626 1.00006 -1.13919e-05 -7.69632e-05
2.15436 0.262626 1.00007 -1.12905e-05 -8.69435e-05
2.1745 0.262626 1.00007 -1.07424e-05 -9.61639e-05
2.19463 0.262626 1.00007 -9.79411e-06 -0.000104634
2.21477 0.262626 1.00007 -8.49194e-06 -0.000112362
2.2349 0.262626 1.00008 -6.88213e-06 -0.000119355
2.25503 0.262626 1.00008 -5.01046e-06 -0.000125621
2.27517 0.262626 1.00008 -2.92205e-06 -0.000131168
2.2953 0.262626 1.00008 -6.61055e-07 -0.000136007
2.31544 0.262626 1.00008 1.7297e-06 -0.00014015
2.33557 0.262626 1.00008 4.20899e-06 -0.000143613
2.3557 0.262626 1.00008 6.73756e-06 -0.000146413
2.37584 0.262626 1.00009 9.27836e-06 -0.000148569
2.39597 0.262626 1.00009 1.17969e-05 -0.000150105
2.41611 0.262626 1.00009 1.42612e-05 -0.000151043
2.43624 0.262626 1.00009 1.66425e-05 -0.000151409
2.45638 0.262626 1.00009 1.89145e-05 -0.000151232
2.47651 0.262626 1.00009 2.10543e-05 -0.000150539
2.49664 0.262626 1.00009 2.30418e-05 -0.000149359
2.51678 0.262626 1.00009 2.48599e-05 -0.00014772
2.53691 0.262626 1.00009 2.64941e-05 -0.000145651
2.55705 0.262626 1.00008 2.79328e-05 -0.000143178
2.57718 0.262626 1.00008 2.91668e-05 -0.000140328
2.59732 0.262626 1.00008 3.0189e-05 -0.000137124
2.61745 0.262626 1.00008 3.09943e-05 -0.000133588
2.63758 0.262626 1.00008 3.15792e-05 -0.000129737
2.65772 0.262626 1.00008 3.19417e-05 -0.000125588
2.67785 0.262626 1.00008 3.20805e-05 -0.000121152
2.69799 0.262626 1.00008 3.19952e-05 -0.000116436
2.71812 0.262626 1.00007 3.16854e-05 -0.000111444
2.73826 0.262626 1.00007 3.11506e-05 -0.000106174
2.75839 0.262626 1.00007 3.03896e-05 -0.000100618
2.77852 0.262626 1.00007 2.94001e-05 -9.47647e-05
2.79866 0.262626 1.00007 2.81781e-05 -8.85945e-05
2.81879 0.262626 1.00007 2.67176e-05 -8.20824e-05
2.83893 0.262626 1.00006 2.50097e-05 -7.51962e-05
2.85906 0.262626 1.00006 2.30425e-05 -6.78961e-05
2.87919 0.262626 1.00006 2.07999e-05 -6.01343e-05
2.89933 0.262626 1.00006 1.82613e-05 -5.18543e-05
2.91946 0.262626 1.00006 1.54008e-05 -4.29902e-05
2.9396 0.262626 1.00005 1.21866e-05 -3.34659e-05
2.95973 0.262626 1.00005 8.58035e-06 -2.31942e-05
2.97987 0.262626 1.00005 4.53661e-06 -1.20763e-05
3 0.262626 1.00005 0 0

0 0.282828 1 0.1 0
0.0201342 0.282828 1.16381 0.0854039 0.00683788
0.0402685 0.282828 1.17798 0.0842362 0.0128033
0.0604027 0.282828 1.1789 0.0842538 0.0178412
0.0805369 0.282828 1.17915 0.0843692 0.0219394
0.100671 0.282828 1.17874 0.0844481 0.0251336
0.120805 0.282828 1.17776 0.0843778 0.0275007
0.14094 0.282828 1.17631 0.0840774 0.0291423
0.161074 0.282828 1.17452 0.0834969 0.0301698
0.181208 0.282828 1.17247 0.0826131 0.0306943
0.201342 0.282828 1.17027 0.0814239 0.030819
0.221477 0.282828 1.16797 0.0799424 0.0306356
0.241611 0.282828 1.16565 0.0781918 0.0302221
0.261745 0.282828 1.16334 0.0762014 0.0296429
0.281879 0.282828 1.16108 0.0740031 0.0289498
0.302013 0.282828 1.1589 0.0716293 0.0281829
0.322148 0.282828 1.15682 0.0691112 0.027373
0.342282 0.282828 1.15484 0.0664779 0.0265424
0.362416 0.282828 1.15298 0.0637563 0.025707
0.38255 0.282828 1.15125 0.0609701 0.0248776
0.402685 0.282828 1.14963 0.0581406 0.0240605
0.422819 0.282828 1.14813 0.0552863 0.0232591
0.442953 0.282828 1.14676 0.0524235 0.0224743
0.463087 0.282828 1.14549 0.0495662 0.0217053
0.483221 0.282828 1.14435 0.0467267 0.0209498
0.503356 0.282828 1.14331 0.0439155 0.0202048
0.52349 0.282828 1.14238 0.041142 0.0194666
0.543624 0.282828 1.14155 0.038414 0.0187312
0.563758 0.282828 1.14082 0.0357386 0.0179942
0.583893 0.282828 1.14018 0.033122 0.0172516
0.604027 0.282828 1.13963 0.0305695 0.0164992
0.624161 0.282828 1.13917 0.0280861 0.0157332
0.644295 0.282828 1.1388 0.0256761 0.0149501
0.66443 0.282828 1.13851 0.0233435 0.014147
0.684564 0.282828 1.13829 0.0210918 0.0133214
0.704698 0.282828 1.13816 0.0189245 0.0124718
0.724832 0.282828 1.13809 0.016845 0.0115973
0.744966 0.282828 1.13811 0.0148564 0.0106983
0.765101 0.282828 1.13819 0.0129622 0.00977599
0.785235 0.282828 1.13835 0.0111657 0.00883322
0.805369 0.282828 1.13859 0.00947117 0.00787411
0.825503 0.282828 1.13889 0.00788306 0.0069044
0.845638 0.282828 1.13928 0.00640689 0.00593153
0.865772 0.282828 1.13974 0.00504939 0.00496465
0.885906 0.282828 1.14029 0.00381865 0.00401464
0.90604 0.282828 1.14093 0.00272496 0.00309403
0.926174 0.282828 1.14166 0.00178004 0.00221664
0.946309 0.282828 1.1425 0.000999381 0.00139782
0.966443 0.282828 1.14342 0.000398949 0.000653179
0.986577 0.282828 1.1445 0 0
1.00671 0.282828 0 0 0
1.02685 0.282828 0 0 0
1.04698 0.282828 0 0 0
1.06711 0.282828 0 0 0
1.08725 0.282828 0 0 0
1.10738 0.282828 0 0 0
1.12752 0.282828 0 0 0
1.14765 0.282828 0 0 0
1.16779 0.282828 0 0 0
1.18792 0.282828 0 0 0
1.20805 0.282828 0 0 0
1.22819 0.282828 0 0 0
1.24832 0.282828 0 0 0
1.26846 0.282828 0 0 0
1.28859 0.282828 0 0 0
1.30872 0.282828 0 0 0
1.32886 0.282828 0 0 0
1.34899 0.282828 0 0 0
1.36913 0.282828 0 0 0
1.38926 0.282828 0 0 0
1.4094 0.282828 0 0 0
1.42953 0.282828 0 0 0
1.44966 0.282828 0 0 0
1.4698 0.282828 0 0 0
1.48993 0.282828 0 0 0
1.51007 0.282828 0 0 0
1.5302 0.282828 0 0 0
1.55034 0.282828 0 0 0
1.57047 0.282828 0 0 0
1.5906 0.282828 0 0 0
1.61074 0.282828 0 0 0
1.63087 0.282828 0 0 0
1.65101 0.282828 0 0 0
1.67114 0.282828 0 0 0
1.69128 0.282828 0 0 0
1.71141 0.282828 0 0 0
1.73154 0.282828 0 0 0
1.75168 0.282828 0 0 0
1.77181 0.282828 0 0 0
1.79195 0.282828 0 0 0
1.81208 0.282828 0 0 0
1.83221 0.282828 0 0 0
1.85235 0.282828 0 0 0
1.87248 0.282828 0 0 0
1.89262 0.282828 0 0 0
1.91275 0.282828 0 0 0
1.93289 0.282828 0 0 0
1.95302 0.282828 0 0 0
1.97315 0.282828 0 0 0
1.99329 0.282828 0 0 0
2.01342 0.282828 1.00005 0 0
2.03356 0.282828 1.00005 -3.90908e-06 -1.60719e-05
2.05369 0.282828 1.00005 -7.01208e-06 -3.11514e-05
2.07383 0.282828 1.00006 -9.36163e-06 -4.52906e-05
2.09396 0.282828 1.00006 -1.1009e-05 -5.853e-05
2.11409 0.282828 1.00007 -1.20053e-05 -7.09004e-05
2.13423 0.282828 1.00007 -1.24014e-05 -8.24247e-05
2.15436 0.282828 1.00007 -1.22486e-05 -9.31193e-05
2.1745 0.282828 1.00008 -1.15984e-05 -0.000102996
2.19463 0.282828 1.00008 -1.05025e-05 -0.000112064
2.21477 0.282828 1.00008 -9.01313e-06 -0.000120331
2.2349 0.282828 1.00008 -7.18221e-06 -0.000127803
2.25503 0.282828 1.00009 -5.06149e-06 -0.000134488
2.27517 0.282828 1.00009 -2.70203e-06 -0.000140396
2.2953 0.282828 1.00009 -1.53823e-07 -0.000145537
2.31544 0.282828 1.00009 2.53462e-06 -0.000149926
2.33557 0.282828 1.00009 5.31667e-06 -0.000153578
2.3557 0.282828 1.00009 8.14798e-06 -0.000156514
2.37584 0.282828 1.0001 1.09868e-05 -0.000158756
2.39597 0.282828 1.0001 1.37944e-05 -0.000160328
2.41611 0.282828 1.0001 1.65352e-05 -0.000161258
2.43624 0.282828 1.0001 1.91767e-05 -0.000161574
2.45638 0.282828 1.0001 2.16901e-05 -0.000161308
2.47651 0.282828 1.0001 2.405e-05 -0.000160491
2.49664 0.282828 1.0001 2.62345e-05 -0.000159155
2.51678 0.282828 1.0001 2.8225e-05 -0.000157333
2.53691 0.282828 1.00009 3.00059e-05 -0.000155054
2.55705 0.282828 1.00009 3.15651e-05 -0.000152351
2.57718 0.282828 1.00009 3.28928e-05 -0.00014925
2.59732 0.282828 1.00009 3.3982e-05 -0.000145779
2.61745 0.282828 1.00009 3.48277e-05 -0.000141961
2.63758 0.282828 1.00009 3.54269e-05 -0.000137817
2.65772 0.282828 1.00009 3.57779e-05 -0.000133364
2.67785 0.282828 1.00009 3.58803e-05 -0.000128613
2.69799 0.282828 1.00008 3.57341e-05 -0.000123575
2.71812 0.282828 1.00008 3.53396e-05 -0.000118251
2.73826 0.282828 1.00008 3.46971e-05 -0.00011264
2.75839 0.282828 1.00008 3.38057e-05 -0.000106734
2.77852 0.282828 1.00008 3.26637e-05 -0.000100519
2.79866 0.282828 1.00007 3.12673e-05 -9.39737e-05
2.81879 0.282828 1.00007 2.96105e-05 -8.70713e-05
2.83893 0.282828 1.00007 2.76844e-05 -7.97758e-05
2.85906 0.282828 1.00007 2.54763e-05 -7.20436e-05
2.87919 0.282828 1.00007 2.29695e-05 -6.38223e-05
2.89933 0.282828 1.00006 2.01422e-05 -5.50498e-05
2.91946 0.282828 1.00006 1.69669e-05 -4.56543e-05
2.9396 0.282828 1.00006 1.34101e-05 -3.55526e-05
2.95973 0.282828 1.00006 9.43071e-06 -2.46501e-05
2.97987 0.282828 1.00005 4.98043e-06 -1.28396e-05
3 0.282828 1.00005 0 0

0 0.30303 1 0.1 0
0.0201342 0.30303 1.15978 0.0856626 0.00646234
0.0402685 0.30303 1.17366 0.0844109 0.0121881
0.0604027 0.30303 1.17455 0.0843131 0.0171228
0.0805369 0.30303 1.17489 0.0843186 0.0212445
0.100671 0.30303 1.17467 0.0843129 0.0245688
0.120805 0.30303 1.17396 0.0841972 0.0271468
0.14094 0.30303 1.17284 0.0838959 0.0290531
0.161074 0.30303 1.1714 0.0833576 0.0303746
0.181208 0.30303 1.16971 0.0825533 0.031202
0.201342 0.30303 1.16785 0.0814727 0.0316228
0.221477 0.30303 1.16589 0.0801197 0.0317175
0.241611 0.30303 1.16386 0.0785088 0.0315573
0.261745 0.30303 1.16183 0.0766616 0.0312027
0.281879 0.30303 1.15982 0.0746036 0.0307038
0.302013 0.30303 1.15785 0.0723622 0.0301015
0.322148 0.30303 1.15596 0.0699649 0.0294276
0.342282 0.30303 1.15414 0.0674386 0.0287067
0.362416 0.30303 1.15242 0.0648084 0.0279572
0.38255 0.30303 1.1508 0.0620976 0.0271922
0.402685 0.30303 1.14928 0.0593273 0.0264206
0.422819 0.30303 1.14786 0.0565165 0.0256479
0.442953 0.30303 1.14655 0.0536821 0.0248773
0.463087 0.30303 1.14534 0.0508391 0.0241096
0.483221 0.30303 1.14424 0.0480007 0.0233443
0.503356 0.30303 1.14324 0.0451786 0.0225797
0.52349 0.30303 1.14234 0.0423833 0.0218132
0.543624 0.30303 1.14153 0.0396236 0.0210418
0.563758 0.30303 1.14081 0.0369078 0.020262
0.583893 0.30303 1.14019 0.034243 0.0194704
0.604027 0.30303 1.13965 0.0316357 0.0186634
0.624161 0.30303 1.1392 0.0290916 0.0178376
0.644295 0.30303 1.13884 0.026616 0.0169899
0.66443 0.30303 1.13855 0.0242137 0.0161176
0.684564 0.30303 1.13835 0.0218894 0.0152185
0.704698 0.30303 1.13822 0.0196472 0.0142911
0.724832 0.30303 1.13817 0.0174914 0.0133346
0.744966 0.30303 1.13819 0.0154262 0.0123493
0.765101 0.30303 1.13829 0.0134559 0.0113362
0.785235 0.30303 1.13847 0.0115852 0.0102978
0.805369 0.30303 1.13872 0.00981899 0.00923758
0.825503 0.30303 1.13906 0.00816313 0.00816067
0.845638 0.30303 1.13947 0.00662421 0.00707348
0.865772 0.30303 1.13997 0.00521011 0.00598388
0.885906 0.30303 1.14055 0.00393 0.00490118
0.90604 0.30303 1.14123 0.00279512 0.00383603
0.926174 0.30303 1.142 0.00181801 0.00280016
0.946309 0.30303 1.14289 0.00101467 0.0018065
0.966443 0.30303 1.14385 0.000401556 0.000868265
0.986577 0.30303 1.14499 0 0
1.00671 0.30303 0 0 0
1.02685 0.30303 0 0 0
1.04698 0.30303 0 0 0
1.06711 0.30303 0 0 0
1.08725 0.30303 0 0 0
1.10738 0.30303 0 0 0
1.12752 0.30303 0 0 0
1.14765 0.30303 0 0 0
1.16779 0.30303 0 0 0
1.18792 0.30303 0 0 0
1.20805 0.30303 0 0 0
1.22819 0.30303 0 0 0
1.24832 0.30303 0 0 0
1.26846 0.30303 0 0 0
1.28859 0.30303 0 0 0
1.30872 0.30303 0 0 0
1.32886 0.30303 0 0 0
1.34899 0.30303 0 0 0
1.36913 0.30303 0 0 0
1.38926 0.30303 0 0 0
1.4094 0.30303 0 0 0
1.42953 0.30303 0 0 0
1.44966 0.30303 0 0 0
1.4698 0.30303 0 0 0
1.48993 0.30303 0 0 0
1.51007 0.30303 0 0 0
1.5302 0.30303 0 0 0
1.55034 0.30303 0 0 0
1.57047 0.30303 0 0 0
1.5906 0.30303 0 0 0
1.61074 0.30303 0 0 0
1.63087 0.30303 0 0 0
1.65101 0.30303 0 0 0
1.67114 0.30303 0 0 0
1.69128 0.30303 0 0 0
1.71141 0.30303 0 0 0
1.73154 0.30303 0 0 0
1.75168 0.30303 0 0 0
1.77181 0.30303 0 0 0
1.79195 0.30303 0 0 0
1.81208 0.30303 0 0 0
1.83221 0.30303 0 0 0
1.85235 0.30303 0 0 0
1.87248 0.30303 0 0 0
1.89262 0.30303 0 0 0
1.91275 0.30303 0 0 0
1.93289 0.30303 0 0 0
1.95302 0.30303 0 0 0
1.97315 0.30303 0 0 0
1.99329 0.30303 0 0 0
2.01342 0.30303 1.00005 0 0
2.03356 0.30303 1.00006 -4.26664e-06 -1.72222e-05
2.05369 0.30303 1.00006 -7.64652e-06 -3.33936e-05
2.07383 0.30303 1.00006 -1.01957e-05 -4.85663e-05
2.09396 0.30303 1.00007 -1.19692e-05 -6.27804e-05
2.11409 0.30303 1.00007 -1.30221e-05 -7.60659e-05
2.13423 0.30303 1.00008 -1.34099e-05 -8.84444e-05
2.15436 0.30303 1.00008 -1.31888e-05 -9.99308e-05
2.1745 0.30303 1.00008 -1.24158e-05 -0.000110536
2.19463 0.30303 1.00009 -1.11484e-05 -0.000120267
2.21477 0.30303 1.00009 -9.44512e-06 -0.000129131
2.2349 0.30303 1.00009 -7.36427e-06 -0.000137133
2.25503 0.30303 1.00009 -4.9642e-06 -0.000144282
2.27517 0.30303 1.0001 -2.30254e-06 -0.000150586
2.2953 0.30303 1.0001 5.64235e-07 -0.000156058
2.31544 0.30303 1.0001 3.58134e-06 -0.000160713
2.33557 0.30303 1.0001 6.69619e-06 -0.00016457
2.3557 0.30303 1.0001 9.85884e-06 -0.00016765
2.37584 0.30303 1.00011 1.30225e-05 -0.000169978
2.39597 0.30303 1.00011 1.61436e-05 -0.000171582
2.41611 0.30303 1.00011 1.91825e-05 -0.000172494
2.43624 0.30303 1.00011 2.21033e-05 -0.000172746
2.45638 0.30303 1.00011 2.48742e-05 -0.000172373
2.47651 0.30303 1.00011 2.74672e-05 -0.000171409
2.49664 0.30303 1.00011 2.98584e-05 -0.000169892
2.51678 0.30303 1.00011 3.20279e-05 -0.000167857
2.53691 0.30303 1.0001 3.39591e-05 -0.000165339
2.55705 0.30303 1.0001 3.56391e-05 -0.000162372
2.57718 0.30303 1.0001 3.70581e-05 -0.000158988
2.59732 0.30303 1.0001 3.8209e-05 -0.000155215
2.61745 0.30303 1.0001 3.90873e-05 -0.000151081
2.63758 0.30303 1.0001 3.96904e-05 -0.000146608
2.65772 0.30303 1.0001 4.00173e-05 -0.000141814
2.67785 0.30303 1.00009 4.00684e-05 -0.000136714
2.69799 0.30303 1.00009 3.98446e-05 -0.000131316
2.71812 0.30303 1.00009 3.93472e-05 -0.000125625
2.73826 0.30303 1.00009 3.85769e-05 -0.000119637
2.75839 0.30303 1.00009 3.75339e-05 -0.000113345
2.77852 0.30303 1.00008 3.6217e-05 -0.000106733
2.79866 0.30303 1.00008 3.46227e-05 -9.9778e-05
2.81879 0.30303 1.00008 3.27453e-05 -9.24493e-05
2.83893 0.30303 1.00008 3.05758e-05 -8.47082e-05
2.85906 0.30303 1.00008 2.81012e-05 -7.65067e-05
2.87919 0.30303 1.00007 2.5304e-05 -6.77874e-05
2.89933 0.30303 1.00007 2.21615e-05 -5.84828e-05
2.91946 0.30303 1.00007 1.86448e-05 -4.85142e-05
2.9396 0.30303 1.00007 1.47181e-05 -3.77912e-05
2.95973 0.30303 1.00006 1.0338e-05 -2.62111e-05
2.97987 0.30303 1.00006 5.4531e-06 -1.36576e-05
3 0.30303 1.00006 0 0

0 0.323232 1 0.1 0
0.0201342 0.323232 1.15629 0.08589 0.00614457
0.0402685 0.323232 1.1699 0.0845685 0.01166
0.0604027 0.323232 1.17076 0.0843702 0.016495
0.0805369 0.323232 1.17113 0.0842745 0.0206225
0.100671 0.323232 1.17104 0.0841835 0.024045
0.120805 0.323232 1.17053 0.0840113 0.0267949
0.14094 0.323232 1.16966 0.0836887 0.0289262
0.161074 0.323232 1.16849 0.0831655 0.0305057
0.181208 0.323232 1.1671 0.0824099 0.0316065
0.201342 0.323232 1.16552 0.0814057 0.0323019
0.221477 0.323232 1.16383 0.0801503 0.0326615
0.241611 0.323232 1.16207 0.0786512 0.0327487
0.261745 0.323232 1.16028 0.0769232 0.0326191
0.281879 0.323232 1.15848 0.074986 0.0323204
0.302013 0.323232 1.15671 0.0728622 0.0318923
0.322148 0.323232 1.15499 0.0705756 0.031367
0.342282 0.323232 1.15332 0.0681502 0.0307703
0.362416 0.323232 1.15173 0.0656093 0.0301219
0.38255 0.323232 1.15022 0.0629749 0.0294369
0.402685 0.323232 1.1488 0.0602677 0.0287261
0.422819 0.323232 1.14746 0.0575063 0.0279972
0.442953 0.323232 1.14622 0.0547081 0.0272548
0.463087 0.323232 1.14507 0.0518885 0.0265017
0.483221 0.323232 1.14402 0.0490614 0.0257387
0.503356 0.323232 1.14306 0.0462394 0.0249655
0.52349 0.323232 1.14218 0.0434336 0.0241807
0.543624 0.323232 1.1414 0.040654 0.0233823
0.563758 0.323232 1.14071 0.0379095 0.0225677
0.583893 0.323232 1.1401 0.0352084 0.0217341
0.604027 0.323232 1.13958 0.0325578 0.0208785
0.624161 0.323232 1.13914 0.0299645 0.0199981
0.644295 0.323232 1.13879 0.0274346 0.0190901
0.66443 0.323232 1.13851 0.0249739 0.0181522
0.684564 0.323232 1.13831 0.0225876 0.0171822
0.704698 0.323232 1.1382 0.020281 0.0161789
0.724832 0.323232 1.13816 0.0180593 0.0151415
0.744966 0.323232 1.13819 0.0159274 0.0140699
0.765101 0.323232 1.13831 0.0138907 0.0129652
0.785235 0.323232 1.1385 0.0119549 0.0118293
0.805369 0.323232 1.13878 0.0101258 0.0106653
0.825503 0.323232 1.13913 0.00841051 0.00947734
0.845638 0.323232 1.13957 0.0068165 0.00827097
0.865772 0.323232 1.1401 0.00535269 0.00705279
0.885906 0.323232 1.14072 0.00402919 0.00583061
0.90604 0.323232 1.14143 0.00285804 0.00461334
0.926174 0.323232 1.14224 0.00185251 0.00341072
0.946309 0.323232 1.14317 0.00102899 0.00223348
0.966443 0.323232 1.14418 0.000404357 0.00109258
0.986577 0.323232 1.14535 0 0
1.00671 0.323232 0 0 0
1.02685 0.323232 0 0 0
1.04698 0.323232 0 0 0
1.06711 0.323232 0 0 0
1.08725 0.323232 0 0 0
1.10738 0.323232 0 0 0
1.12752 0.323232 0 0 0
1.14765 0.323232 0 0 0
1.16779 0.323232 0 0 0
1.18792 0.323232 0 0 0
1.20805 0.323232 0 0 0
1.22819 0.323232 0 0 0
1.24832 0.323232 0 0 0
1.26846 0.323232 0 0 0
1.28859 0.323232 0 0 0
1.30872 0.323232 0 0 0
1.32886 0.323232 0 0 0
1.34899 0.323232 0 0 0
1.36913 0.323232 0 0 0
1.38926 0.323232 0 0 0
1.4094 0.323232 0 0 0
1.42953 0.323232 0 0 0
1.44966 0.323232 0 0 0
1.4698 0.323232 0 0 0
1.48993 0.323232 0 0 0
1.51007 0.323232 0 0 0
1.5302 0.323232 0 0 0
1.55034 0.323232 0 0 0
1.57047 0.323232 0 0 0
1.5906 0.323232 0 0 0
1.61074 0.323232 0 0 0
1.63087 0.323232 0 0 0
1.65101 0.323232 0 0 0
1.67114 0.323232 0 0 0
1.69128 0.323232 0 0 0
1.71141 0.323232 0 0 0
1.73154 0.323232 0 0 0
1.75168 0.323232 0 0 0
1.77181 0.323232 0 0 0
1.79195 0.323232 0 0 0
1.81208 0.323232 0 0 0
1.83221 0.323232 0 0 0
1.85235 0.323232 0 0 0
1.87248 0.323232 0 0 0
1.89262 0.323232 0 0 0
1.91275 0.323232 0 0 0
1.93289 0.323232 0 0 0
1.95302 0.323232 0 0 0
1.97315 0.323232 0 0 0
1.99329 0.323232 0 0 0
2.01342 0.323232 1.00006 0 0
2.03356 0.323232 1.00006 -4.63728e-06 -1.8481e-05
2.05369 0.323232 1.00007 -8.3012e-06 -3.58495e-05
2.07383 0.323232 1.00007 -1.10513e-05 -5.21578e-05
2.09396 0.323232 1.00008 -1.29464e-05 -6.74449e-05
2.11409 0.323232 1.00008 -1.40459e-05 -8.17393e-05
2.13423 0.323232 1.00008 -1.44102e-05 -9.50606e-05
2.15436 0.323232 1.00009 -1.41008e-05 -0.000107422
2.1745 0.323232 1.00009 -1.31808e-05 -0.000118831
2.19463 0.323232 1.0001 -1.17142e-05 -0.000129295
2.21477 0.323232 1.0001 -9.76624e-06 -0.000138818
2.2349 0.323232 1.0001 -7.40256e-06 -0.000147404
2.25503 0.323232 1.0001 -4.68874e-06 -0.000155062
2.27517 0.323232 1.00011 -1.68977e-06 -0.000161801
2.2953 0.323232 1.00011 1.53069e-06 -0.000167633
2.31544 0.323232 1.00011 4.91089e-06 -0.000172576
2.33557 0.323232 1.00011 8.39166e-06 -0.00017665
2.3557 0.323232 1.00011 1.19169e-05 -0.000179879
2.37584 0.323232 1.00012 1.54342e-05 -0.000182294
2.39597 0.323232 1.00012 1.8895e-05 -0.000183924
2.41611 0.323232 1.00012 2.22553e-05 -0.000184805
2.43624 0.323232 1.00012 2.54752e-05 -0.000184975
2.45638 0.323232 1.00012 2.85199e-05 -0.000184472
2.47651 0.323232 1.00012 3.13588e-05 -0.000183337
2.49664 0.323232 1.00012 3.39661e-05 -0.000181609
2.51678 0.323232 1.00012 3.63202e-05 -0.00017933
2.53691 0.323232 1.00011 3.8404e-05 -0.000176539
2.55705 0.323232 1.00011 4.02038e-05 -0.000173273
2.57718 0.323232 1.00011 4.17098e-05 -0.000169568
2.59732 0.323232 1.00011 4.29152e-05 -0.000165456
2.61745 0.323232 1.00011 4.3816e-05 -0.000160968
2.63758 0.323232 1.00011 4.44103e-05 -0.000156127
2.65772 0.323232 1.00011 4.46981e-05 -0.000150955
2.67785 0.323232 1.0001 4.46807e-05 -0.000145466
2.69799 0.323232 1.0001 4.43601e-05 -0.000139672
2.71812 0.323232 1.0001 4.37387e-05 -0.000133576
2.73826 0.323232 1.0001 4.28182e-05 -0.000127175
2.75839 0.323232 1.00009 4.15998e-05 -0.00012046
2.77852 0.323232 1.00009 4.00828e-05 -0.000113415
2.79866 0.323232 1.00009 3.82647e-05 -0.000106013
2.81879 0.323232 1.00009 3.614e-05 -9.8221e-05
2.83893 0.323232 1.00008 3.36998e-05 -8.99971e-05
2.85906 0.323232 1.00008 3.09308e-05 -8.12886e-05
2.87919 0.323232 1.00008 2.78151e-05 -7.20328e-05
2.89933 0.323232 1.00008 2.43288e-05 -6.21559e-05
2.91946 0.323232 1.00007 2.04417e-05 -5.15723e-05
2.9396 0.323232 1.00007 1.61161e-05 -4.01838e-05
2.95973 0.323232 1.00007 1.13058e-05 -2.78788e-05
2.97987 0.323232 1.00007 5.95634e-06 -1.45313e-05
3 0.323232 1.00006 0 0

0 0.343434 1 0.1 0
0.0201342 0.343434 1.15324 0.0860918 0.0058756
0.0402685 0.343434 1.1666 0.0847118 0.0112083
0.0604027 0.343434 1.16741 0.0844259 0.0159507
0.0805369 0.343434 1.1678 0.084238 0.0200739
0.100671 0.343434 1.16779 0.0840641 0.0235718
0.120805 0.343434 1.16742 0.0838296 0.0264634
0.14094 0.343434 1.16674 0.0834724 0.0287867
0.161074 0.343434 1.16579 0.0829447 0.0305928
0.181208 0.343434 1.16462 0.0822136 0.0319398
0.201342 0.343434 1.16328 0.0812597 0.0328881
0.221477 0.343434 1.16183 0.0800756 0.0334972
0.241611 0.343434 1.16029 0.0786632 0.0338226
0.261745 0.343434 1.1587 0.0770318 0.0339146
0.281879 0.343434 1.1571 0.0751961 0.0338174
0.302013 0.343434 1.1555 0.0731742 0.0335688
0.322148 0.343434 1.15394 0.0709862 0.0332005
0.342282 0.343434 1.15241 0.0686533 0.0327382
0.362416 0.343434 1.15094 0.0661966 0.0322028
0.38255 0.343434 1.14954 0.0636367 0.0316105
0.402685 0.343434 1.14821 0.060993 0.0309736
0.422819 0.343434 1.14695 0.058284 0.0303012
0.442953 0.343434 1.14578 0.0555268 0.0295996
0.463087 0.343434 1.14469 0.0527369 0.028873
0.483221 0.343434 1.14368 0.0499287 0.0281235
0.503356 0.343434 1.14276 0.0471152 0.0273522
0.52349 0.343434 1.14192 0.0443081 0.0265587
0.543624 0.343434 1.14117 0.0415182 0.025742
0.563758 0.343434 1.1405 0.0387552 0.0249003
0.583893 0.343434 1.13992 0.036028 0.0240317
0.604027 0.343434 1.13941 0.0333446 0.0231337
0.624161 0.343434 1.13899 0.0307125 0.022204
0.644295 0.343434 1.13865 0.0281387 0.0212403
0.66443 0.343434 1.13838 0.0256296 0.0202404
0.684564 0.343434 1.1382 0.0231915 0.0192025
0.704698 0.343434 1.13809 0.0208304 0.0181253
0.724832 0.343434 1.13806 0.0185524 0.0170081
0.744966 0.343434 1.13812 0.0163633 0.0158507
0.765101 0.343434 1.13825 0.0142693 0.0146538
0.785235 0.343434 1.13846 0.0122771 0.013419
0.805369 0.343434 1.13875 0.0103937 0.0121487
0.825503 0.343434 1.13913 0.00862671 0.0108465
0.845638 0.343434 1.13959 0.00698485 0.00951667
0.865772 0.343434 1.14014 0.00547785 0.00816478
0.885906 0.343434 1.14079 0.00411662 0.00679718
0.90604 0.343434 1.14153 0.0029139 0.00542115
0.926174 0.343434 1.14237 0.00188353 0.0040446
0.946309 0.343434 1.14334 0.00104227 0.00267622
0.966443 0.343434 1.14438 0.000407287 0.00132481
0.986577 0.343434 1.14559 0 0
1.00671 0.343434 0 0 0
1.02685 0.343434 0 0 0
1.04698 0.343434 0 0 0
1.06711 0.343434 0 0 0
1.08725 0.343434 0 0 0
1.10738 0.343434 0 0 0
1.12752 0.343434 0 0 0
1.14765 0.343434 0 0 0
1.16779 0.343434 0 0 0
1.18792 0.343434 0 0 0
1.20805 0.343434 0 0 0
1.22819 0.343434 0 0 0
1.24832 0.343434 0 0 0
1.26846 0.343434 0 0 0
1.28859 0.343434 0 0 0
1.30872 0.343434 0 0 0
1.32886 0.343434 0 0 0
1.34899 0.343434 0 0 0
1.36913 0.343434 0 0 0
1.38926 0.343434 0 0 0
1.4094 0.343434 0 0 0
1.42953 0.343434 0 0 0
1.44966 0.343434 0 0 0
1.4698 0.343434 0 0 0
1.48993 0.343434 0 0 0
1.51007 0.343434 0 0 0
1.5302 0.343434 0 0 0
1.55034 0.343434 0 0 0
1.57047 0.343434 0 0 0
1.5906 0.343434 0 0 0
1.61074 0.343434 0 0 0
1.63087 0.343434 0 0 0
1.65101 0.343434 0 0 0
1.67114 0.343434 0 0 0
1.69128 0.343434 0 0 0
1.71141 0.343434 0 0 0
1.73154 0.343434 0 0 0
1.75168 0.343434 0 0 0
1.77181 0.343434 0 0 0
1.79195 0.343434 0 0 0
1.81208 0.343434 0 0 0
1.83221 0.343434 0 0 0
1.85235 0.343434 0 0 0
1.87248 0.343434 0 0 0
1.89262 0.343434 0 0 0
1.91275 0.343434 0 0 0
1.93289 0.343434 0 0 0
1.95302 0.343434 0 0 0
1.97315 0.343434 0 0 0
1.99329 0.343434 0 0 0
2.01342 0.343434 1.00006 0 0
2.03356 0.343434 1.00007 -5.0211e-06 -1.98554e-05
2.05369 0.343434 1.00007 -8.97574e-06 -3.8534e-05
2.07383 0.343434 1.00008 -1.19269e-05 -5.60872e-05
2.09396 0.343434 1.00008 -1.39373e-05 -7.25527e-05
2.11409 0.343434 1.00009 -1.5071e-05 -8.79568e-05
2.13423 0.343434 1.00009 -1.53935e-05 -0.000102316
2.15436 0.343434 1.0001 -1.49723e-05 -0.000115641
2.1745 0.343434 1.0001 -1.38769e-05 -0.000127937
2.19463 0.343434 1.0001 -1.21789e-05 -0.000139207
2.21477 0.343434 1.00011 -9.95097e-06 -0.000149454
2.2349 0.343434 1.00011 -7.26681e-06 -0.000158682
2.25503 0.343434 1.00011 -4.20021e-06 -0.000166896
2.27517 0.343434 1.00012 -8.24318e-07 -0.000174108
2.2953 0.343434 1.00012 2.78915e-06 -0.00018033
2.31544 0.343434 1.00012 6.57073e-06 -0.000185581
2.33557 0.343434 1.00012 1.0454e-05 -0.000189885
2.3557 0.343434 1.00013 1.4376e-05 -0.000193269
2.37584 0.343434 1.00013 1.82783e-05 -0.000195766
2.39597 0.343434 1.00013 2.21068e-05 -0.000197413
2.41611 0.343434 1.00013 2.58128e-05 -0.000198248
2.43624 0.343434 1.00013 2.93525e-05 -0.000198315
2.45638 0.343434 1.00013 3.26875e-05 -0.000197657
2.47651 0.343434 1.00013 3.57849e-05 -0.000196319
2.49664 0.343434 1.00013 3.86168e-05 -0.000194349
2.51678 0.343434 1.00013 4.11603e-05 -0.00019179
2.53691 0.343434 1.00013 4.33973e-05 -0.000188688
2.55705 0.343434 1.00012 4.53141e-05 -0.000185084
2.57718 0.343434 1.00012 4.69008e-05 -0.000181018
2.59732 0.343434 1.00012 4.81511e-05 -0.000176527
2.61745 0.343434 1.00012 4.90618e-05 -0.000171643
2.63758 0.343434 1.00012 4.96319e-05 -0.000166393
2.65772 0.343434 1.00012 4.98627e-05 -0.000160802
2.67785 0.343434 1.00011 4.97568e-05 -0.000154885
2.69799 0.343434 1.00011 4.93173e-05 -0.000148654
2.71812 0.343434 1.00011 4.8548e-05 -0.000142114
2.73826 0.343434 1.00011 4.7452e-05 -0.000135261
2.75839 0.343434 1.0001 4.60315e-05 -0.000128085
2.77852 0.343434 1.0001 4.42868e-05 -0.000120568
2.79866 0.343434 1.0001 4.22163e-05 -0.000112682
2.81879 0.343434 1.0001 3.98149e-05 -0.00010439
2.83893 0.343434 1.00009 3.70739e-05 -9.56456e-05
2.85906 0.343434 1.00009 3.39802e-05 -8.63921e-05
2.87919 0.343434 1.00009 3.05152e-05 -7.65607e-05
2.89933 0.343434 1.00008 2.66543e-05 -6.60713e-05
2.91946 0.343434 1.00008 2.23658e-05 -5.48306e-05
2.9396 0.343434 1.00008 1.76098e-05 -4.27321e-05
2.95973 0.343434 1.00007 1.23379e-05 -2.96545e-05
2.97987 0.343434 1.00007 6.49197e-06 -1.54615e-05
3 0.343434 1.00007 0 0

0 0.363636 1 0.1 0
0.0201342 0.363636 1.15054 0.0862728 0.00564818
0.0402685 0.363636 1.16367 0.0848433 0.0108234
0.0604027 0.363636 1.16444 0.0844807 0.0154827
0.0805369 0.363636 1.16482 0.0842095 0.0195967
0.100671 0.363636 1.16486 0.0839568 0.023154
0.120805 0.363636 1.16459 0.083658 0.0261641
0.14094 0.363636 1.16405 0.0832577 0.028653
0.161074 0.363636 1.16327 0.0827113 0.0306588
0.181208 0.363636 1.16228 0.0819865 0.0322273
0.201342 0.363636 1.16114 0.0810619 0.0334078
0.221477 0.363636 1.15988 0.0799269 0.0342503
0.241611 0.363636 1.15852 0.0785792 0.0348029
0.261745 0.363636 1.15712 0.0770239 0.0351103
0.281879 0.363636 1.15568 0.0752712 0.0352128
0.302013 0.363636 1.15424 0.0733355 0.0351455
0.322148 0.363636 1.15282 0.0712334 0.0349388
0.342282 0.363636 1.15142 0.0689832 0.0346182
0.362416 0.363636 1.15007 0.0666037 0.0342046
0.38255 0.363636 1.14876 0.0641139 0.0337149
0.402685 0.363636 1.14752 0.061532 0.0331624
0.422819 0.363636 1.14634 0.0588758 0.0325574
0.442953 0.363636 1.14523 0.0561619 0.0319073
0.463087 0.363636 1.1442 0.0534057 0.0312176
0.483221 0.363636 1.14324 0.0506216 0.0304918
0.503356 0.363636 1.14236 0.047823 0.0297318
0.52349 0.363636 1.14156 0.045022 0.0289385
0.543624 0.363636 1.14084 0.0422298 0.0281117
0.563758 0.363636 1.1402 0.0394568 0.0272506
0.583893 0.363636 1.13963 0.0367123 0.0263537
0.604027 0.363636 1.13915 0.0340052 0.0254194
0.624161 0.363636 1.13874 0.0313436 0.0244457
0.644295 0.363636 1.13841 0.0287351 0.0234307
0.66443 0.363636 1.13816 0.0261871 0.0223726
0.684564 0.363636 1.13799 0.0237065 0.0212698
0.704698 0.363636 1.1379 0.0213002 0.020121
0.724832 0.363636 1.13789 0.0189749 0.0189254
0.744966 0.363636 1.13795 0.0167374 0.0176827
0.765101 0.363636 1.1381 0.0145948 0.0163934
0.785235 0.363636 1.13833 0.0125546 0.0150586
0.805369 0.363636 1.13864 0.0106246 0.0136801
0.825503 0.363636 1.13903 0.0088134 0.0122606
0.845638 0.363636 1.13952 0.00713052 0.0108037
0.865772 0.363636 1.1401 0.00558645 0.0093136
0.885906 0.363636 1.14077 0.00419283 0.00779545
0.90604 0.363636 1.14154 0.00296296 0.00625493
0.926174 0.363636 1.1424 0.00191118 0.00469829
0.946309 0.363636 1.1434 0.00105449 0.00313228
0.966443 0.363636 1.14447 0.000410314 0.00156372
0.986577 0.363636 1.14571 0 0
1.00671 0.363636 0 0 0
1.02685 0.363636 0 0 0
1.04698 0.363636 0 0 0
1.06711 0.363636 0 0 0
1.08725 0.363636 0 0 0
1.10738 0.363636 0 0 0
1.12752 0.363636 0 0 0
1.14765 0.363636 0 0 0
1.16779 0.363636 0 0 0
1.18792 0.363636 0 0 0
1.20805 0.363636 0 0 0
1.22819 0.363636 0 0 0
1.24832 0.363636 0 0 0
1.26846 0.363636 0 0 0
1.28859 0.363636 0 0 0
1.30872 0.363636 0 0 0
1.32886 0.363636 0 0 0
1.34899 0.363636 0 0 0
1.36913 0.363636 0 0 0
1.38926 0.363636 0 0 0
1.4094 0.363636 0 0 0
1.42953 0.363636 0 0 0
1.44966 0.363636 0 0 0
1.4698 0.363636 0 0 0
1.48993 0.363636 0 0 0
1.51007 0.363636 0 0 0
1.5302 0.363636 0 0 0
1.55034 0.363636 0 0 0
1.57047 0.363636 0 0 0
1.5906 0.363636 0 0 0
1.61074 0.363636 0 0 0
1.63087 0.363636 0 0 0
1.65101 0.363636 0 0 0
1.67114 0.363636 0 0 0
1.69128 0.363636 0 0 0
1.71141 0.363636 0 0 0
1.73154 0.363636 0 0 0
1.75168 0.363636 0 0 0
1.77181 0.363636 0 0 0
1.79195 0.363636 0 0 0
1.81208 0.363636 0 0 0
1.83221 0.363636 0 0 0
1.85235 0.363636 0 0 0
1.87248 0.363636 0 0 0
1.89262 0.363636 0 0 0
1.91275 0.363636 0 0 0
1.93289 0.363636 0 0 0
1.95302 0.363636 0 0 0
1.97315 0.363636 0 0 0
1.99329 0.363636 0 0 0
2.01342 0.363636 1.00007 0 0
2.03356 0.363636 1.00007 -5.41807e-06 -2.13535e-05
2.05369 0.363636 1.00008 -9.66944e-06 -4.14629e-05
2.07383 0.363636 1.00008 -1.28204e-05 -6.03788e-05
2.09396 0.363636 1.00009 -1.49377e-05 -7.81364e-05
2.11409 0.363636 1.0001 -1.60901e-05 -9.47587e-05
2.13423 0.363636 1.0001 -1.63489e-05 -0.000110259
2.15436 0.363636 1.00011 -1.5788e-05 -0.000124643
2.1745 0.363636 1.00011 -1.44844e-05 -0.000137913
2.19463 0.363636 1.00011 -1.25175e-05 -0.000150069
2.21477 0.363636 1.00012 -9.96896e-06 -0.00016111
2.2349 0.363636 1.00012 -6.9213e-06 -0.000171038
2.25503 0.363636 1.00013 -3.45757e-06 -0.00017986
2.27517 0.363636 1.00013 3.39902e-07 -0.000187583
2.2953 0.363636 1.00013 4.39042e-06 -0.000194225
2.31544 0.363636 1.00013 8.61593e-06 -0.000199805
2.33557 0.363636 1.00014 1.29419e-05 -0.000204349
2.3557 0.363636 1.00014 1.72981e-05 -0.00020789
2.37584 0.363636 1.00014 2.16192e-05 -0.000210465
2.39597 0.363636 1.00014 2.58454e-05 -0.000212114
2.41611 0.363636 1.00014 2.99227e-05 -0.000212884
2.43624 0.363636 1.00014 3.38033e-05 -0.000212822
2.45638 0.363636 1.00014 3.74454e-05 -0.000211978
2.47651 0.363636 1.00014 4.08133e-05 -0.000210405
2.49664 0.363636 1.00014 4.38773e-05 -0.000208154
2.51678 0.363636 1.00014 4.66133e-05 -0.000205277
2.53691 0.363636 1.00014 4.90026e-05 -0.000201821
2.55705 0.363636 1.00014 5.10313e-05 -0.000197837
2.57718 0.363636 1.00013 5.26898e-05 -0.000193366
2.59732 0.363636 1.00013 5.39728e-05 -0.000188451
2.61745 0.363636 1.00013 5.48779e-05 -0.000183127
2.63758 0.363636 1.00013 5.54055e-05 -0.000177425
2.65772 0.363636 1.00013 5.55584e-05 -0.00017137
2.67785 0.363636 1.00012 5.53405e-05 -0.000164982
2.69799 0.363636 1.00012 5.47569e-05 -0.000158273
2.71812 0.363636 1.00012 5.38127e-05 -0.000151247
2.73826 0.363636 1.00012 5.25126e-05 -0.000143902
2.75839 0.363636 1.00011 5.08601e-05 -0.000136226
2.77852 0.363636 1.00011 4.88569e-05 -0.000128198
2.79866 0.363636 1.00011 4.65021e-05 -0.000119789
2.81879 0.363636 1.0001 4.37917e-05 -0.000110959
2.83893 0.363636 1.0001 4.07172e-05 -0.000101656
2.85906 0.363636 1.0001 3.72657e-05 -9.18188e-05
2.87919 0.363636 1.00009 3.34181e-05 -8.13727e-05
2.89933 0.363636 1.00009 2.91491e-05 -7.02303e-05
2.91946 0.363636 1.00009 2.44255e-05 -5.82904e-05
2.9396 0.363636 1.00009 1.92056e-05 -4.54372e-05
2.95973 0.363636 1.00008 1.34382e-05 -3.15392e-05
2.97987 0.363636 1.00008 7.06192e-06 -1.64487e-05
3 0.363636 1.00008 0 0

0 0.383838 1 0.1 0
0.0201342 0.383838 1.14812 0.0864364 0.00545636
0.0402685 0.383838 1.16106 0.0849649 0.0104972
0.0604027 0.383838 1.16177 0.0845351 0.0150837
0.0805369 0.383838 1.16213 0.084189 0.0191873
0.100671 0.383838 1.1622 0.0838624 0.0227934
0.120805 0.383838 1.162 0.0834996 0.0259046
0.14094 0.383838 1.16156 0.0830512 0.0285377
0.161074 0.383838 1.16091 0.0824764 0.0307208
0.181208 0.383838 1.16007 0.081744 0.0324892
0.201342 0.383838 1.15909 0.080832 0.0338827
0.221477 0.383838 1.15798 0.0797278 0.0349429
0.241611 0.383838 1.15679 0.0784261 0.0357109
0.261745 0.383838 1.15554 0.0769286 0.0362258
0.281879 0.383838 1.15425 0.075242 0.0365237
0.302013 0.383838 1.15295 0.0733773 0.0366369
0.322148 0.383838 1.15165 0.071348 0.0365939
0.342282 0.383838 1.15036 0.0691699 0.0364192
0.362416 0.383838 1.14911 0.0668596 0.0361335
0.38255 0.383838 1.1479 0.0644341 0.0357537
0.402685 0.383838 1.14674 0.0619107 0.0352939
0.422819 0.383838 1.14564 0.0593058 0.0347651
0.442953 0.383838 1.14459 0.0566356 0.0341756
0.463087 0.383838 1.14362 0.0539151 0.0335319
0.483221 0.383838 1.14271 0.0511586 0.0328386
0.503356 0.383838 1.14187 0.0483795 0.0320985
0.52349 0.383838 1.14111 0.0455902 0.0313135
0.543624 0.383838 1.14042 0.0428021 0.0304842
0.563758 0.383838 1.1398 0.040026 0.0296106
0.583893 0.383838 1.13926 0.0372719 0.0286919
0.604027 0.383838 1.13879 0.034549 0.027727
0.624161 0.383838 1.13841 0.0318662 0.0267144
0.644295 0.383838 1.13809 0.0292315 0.0256526
0.66443 0.383838 1.13786 0.0266531 0.0245401
0.684564 0.383838 1.1377 0.0241386 0.0233754
0.704698 0.383838 1.13762 0.0216955 0.0221572
0.724832 0.383838 1.13763 0.0193314 0.0208848
0.744966 0.383838 1.13771 0.0170538 0.0195576
0.765101 0.383838 1.13787 0.0148706 0.0181759
0.785235 0.383838 1.13811 0.0127901 0.0167401
0.805369 0.383838 1.13844 0.0108209 0.0152518
0.825503 0.383838 1.13885 0.00897241 0.0137127
0.845638 0.383838 1.13936 0.00725488 0.0121255
0.865772 0.383838 1.13995 0.00567949 0.0104934
0.885906 0.383838 1.14065 0.00425847 0.00882031
0.90604 0.383838 1.14144 0.00300559 0.00711044
0.926174 0.383838 1.14233 0.0019356 0.00536844
0.946309 0.383838 1.14335 0.00106569 0.00359936
0.966443 0.383838 1.14445 0.000413425 0.0018081
0.986577 0.383838 1.14571 0 0
1.00671 0.383838 0 0 0
1.02685 0.383838 0 0 0
1.04698 0.383838 0 0 0
1.06711 0.383838 0 0 0
1.08725 0.383838 0 0 0
1.10738 0.383838 0 0 0
1.12752 0.383838 0 0 0
1.14765 0.383838 0 0 0
1.16779 0.383838 0 0 0
1.18792 0.383838 0 0 0
1.20805 0.383838 0 0 0
1.22819 0.383838 0 0 0
1.24832 0.383838 0 0 0
1.26846 0.383838 0 0 0
1.28859 0.383838 0 0 0
1.30872 0.383838 0 0 0
1.32886 0.383838 0 0 0
1.34899 0.383838 0 0 0
1.36913 0.383838 0 0 0
1.38926 0.383838 0 0 0
1.4094 0.383838 0 0 0
1.42953 0.383838 0 0 0
1.44966 0.383838 0 0 0
1.4698 0.383838 0 0 0
1.48993 0.383838 0 0 0
1.51007 0.383838 0 0 0
1.5302 0.383838 0 0 0
1.55034 0.383838 0 0 0
1.57047 0.383838 0 0 0
1.5906 0.383838 0 0 0
1.61074 0.383838 0 0 0
1.63087 0.383838 0 0 0
1.65101 0.383838 0 0 0
1.67114 0.383838 0 0 0
1.69128 0.383838 0 0 0
1.71141 0.383838 0 0 0
1.73154 0.383838 0 0 0
1.75168 0.383838 0 0 0
1.77181 0.383838 0 0 0
1.79195 0.383838 0 0 0
1.81208 0.383838 0 0 0
1.83221 0.383838 0 0 0
1.85235 0.383838 0 0 0
1.87248 0.383838 0 0 0
1.89262 0.383838 0 0 0
1.91275 0.383838 0 0 0
1.93289 0.383838 0 0 0
1.95302 0.383838 0 0 0
1.97315 0.383838 0 0 0
1.99329 0.383838 0 0 0
2.01342 0.383838 1.00007 0 0
2.03356 0.383838 1.00008 -5.82797e-06 -2.29839e-05
2.05369 0.383838 1.00009 -1.03811e-05 -4.46542e-05
2.07383 0.383838 1.00009 -1.37287e-05 -6.50595e-05
2.09396 0.383838 1.0001 -1.59418e-05 -8.42319e-05
2.11409 0.383838 1.0001 -1.7094e-05 -0.00010219
2.13423 0.383838 1.00011 -1.72627e-05 -0.000118942
2.15436 0.383838 1.00011 -1.65293e-05 -0.000134489
2.1745 0.383838 1.00012 -1.49789e-05 -0.000148827
2.19463 0.383838 1.00012 -1.27e-05 -0.000161953
2.21477 0.383838 1.00013 -9.78399e-06 -0.000173862
2.2349 0.383838 1.00013 -6.32367e-06 -0.000184555
2.25503 0.383838 1.00014 -2.41246e-06 -0.000194035
2.27517 0.383838 1.00014 1.85694e-06 -0.000202311
2.2953 0.383838 1.00014 6.3938e-06 -0.000209402
2.31544 0.383838 1.00015 1.11105e-05 -0.000215329
2.33557 0.383838 1.00015 1.59235e-05 -0.000220122
2.3557 0.383838 1.00015 2.07544e-05 -0.000223819
2.37584 0.383838 1.00015 2.55308e-05 -0.000226461
2.39597 0.383838 1.00015 3.01864e-05 -0.000228096
2.41611 0.383838 1.00015 3.4662e-05 -0.000228776
2.43624 0.383838 1.00015 3.89051e-05 -0.000228556
2.45638 0.383838 1.00015 4.28707e-05 -0.000227493
2.47651 0.383838 1.00015 4.65204e-05 -0.000225645
2.49664 0.383838 1.00015 4.98227e-05 -0.000223072
2.51678 0.383838 1.00015 5.27525e-05 -0.00021983
2.53691 0.383838 1.00015 5.52906e-05 -0.000215976
2.55705 0.383838 1.00015 5.74234e-05 -0.000211562
2.57718 0.383838 1.00015 5.91421e-05 -0.000206639
2.59732 0.383838 1.00014 6.04422e-05 -0.000201252
2.61745 0.383838 1.00014 6.13229e-05 -0.00019544
2.63758 0.383838 1.00014 6.17862e-05 -0.000189238
2.65772 0.383838 1.00014 6.18365e-05 -0.000182674
2.67785 0.383838 1.00013 6.14799e-05 -0.000175769
2.69799 0.383838 1.00013 6.07232e-05 -0.000168537
2.71812 0.383838 1.00013 5.95734e-05 -0.000160983
2.73826 0.383838 1.00013 5.8037e-05 -0.000153103
2.75839 0.383838 1.00012 5.61191e-05 -0.000144885
2.77852 0.383838 1.00012 5.38231e-05 -0.000136307
2.79866 0.383838 1.00012 5.11491e-05 -0.000127336
2.81879 0.383838 1.00011 4.8094e-05 -0.000117928
2.83893 0.383838 1.00011 4.46502e-05 -0.000108029
2.85906 0.383838 1.00011 4.08046e-05 -9.75694e-05
2.87919 0.383838 1.0001 3.65382e-05 -8.64693e-05
2.89933 0.383838 1.0001 3.18248e-05 -7.46335e-05
2.91946 0.383838 1.0001 2.66299e-05 -6.19521e-05
2.9396 0.383838 1.00009 2.091e-05 -4.82995e-05
2.95973 0.383838 1.00009 1.46111e-05 -3.35333e-05
2.97987 0.383838 1.00009 7.66819e-06 -1.74932e-05
3 0.383838 1.00008 0 0

0 0.40404 1 0.1 0
0.0201342 0.40404 1.14595 0.0865857 0.00529522
0.0402685 0.40404 1.1587 0.0850782 0.0102225
0.0604027 0.40404 1.15936 0.0845896 0.014747
0.0805369 0.40404 1.15969 0.0841761 0.0188416
0.100671 0.40404 1.15977 0.0837809 0.0224897
0.120805 0.40404 1.15962 0.0833558 0.0256891
0.14094 0.40404 1.15926 0.0828569 0.0284498
0.161074 0.40404 1.15871 0.0822471 0.0307915
0.181208 0.40404 1.15798 0.0814968 0.0327413
0.201342 0.40404 1.15712 0.0805845 0.0343307
0.221477 0.40404 1.15615 0.079496 0.0355938
0.241611 0.40404 1.15509 0.0782244 0.0365653
0.261745 0.40404 1.15397 0.0767686 0.0372789
0.281879 0.40404 1.15281 0.0751328 0.0377665
0.302013 0.40404 1.15162 0.0733248 0.0380574
0.322148 0.40404 1.15043 0.0713559 0.0381779
0.342282 0.40404 1.14925 0.0692391 0.038151
0.362416 0.40404 1.1481 0.0669892 0.0379969
0.38255 0.40404 1.14697 0.0646216 0.0377323
0.402685 0.40404 1.14589 0.0621518 0.0373713
0.422819 0.40404 1.14485 0.0595955 0.0369255
0.442953 0.40404 1.14387 0.0569679 0.036404
0.463087 0.40404 1.14294 0.0542837 0.0358139
0.483221 0.40404 1.14208 0.0515568 0.0351606
0.503356 0.40404 1.14129 0.0488003 0.0344479
0.52349 0.40404 1.14056 0.0460269 0.0336783
0.543624 0.40404 1.1399 0.0432481 0.0328534
0.563758 0.40404 1.13931 0.0404748 0.0319737
0.583893 0.40404 1.13879 0.0377175 0.0310391
0.604027 0.40404 1.13835 0.0349857 0.030049
0.624161 0.40404 1.13798 0.0322888 0.0290025
0.644295 0.40404 1.13769 0.0296356 0.0278982
0.66443 0.40404 1.13747 0.0270345 0.0267349
0.684564 0.40404 1.13733 0.0244938 0.0255112
0.704698 0.40404 1.13726 0.0220218 0.024226
0.724832 0.40404 1.13728 0.0196266 0.0228783
0.744966 0.40404 1.13737 0.0173165 0.0214676
0.765101 0.40404 1.13755 0.0151002 0.0199935
0.785235 0.40404 1.13781 0.0129865 0.0184564
0.805369 0.40404 1.13815 0.010985 0.0168568
0.825503 0.40404 1.13858 0.00910571 0.0151961
0.845638 0.40404 1.13911 0.00735945 0.0134761
0.865772 0.40404 1.13972 0.00575805 0.0116988
0.885906 0.40404 1.14043 0.00431425 0.00986701
0.90604 0.40404 1.14124 0.00304223 0.00798367
0.926174 0.40404 1.14216 0.00195704 0.00605196
0.946309 0.40404 1.14319 0.00107596 0.00407528
0.966443 0.40404 1.14431 0.000416625 0.00205683
0.986577 0.40404 1.14559 0 0
1.00671 0.40404 0 0 0
1.02685 0.40404 0 0 0
1.04698 0.40404 0 0 0
1.06711 0.40404 0 0 0
1.08725 0.40404 0 0 0
1.10738 0.40404 0 0 0
1.12752 0.40404 0 0 0
1.14765 0.40404 0 0 0
1.16779 0.40404 0 0 0
1.18792 0.40404 0 0 0
1.20805 0.40404 0 0 0
1.22819 0.40404 0 0 0
1.24832 0.40404 0 0 0
1.26846 0.40404 0 0 0
1.28859 0.40404 0 0 0
1.30872 0.40404 0 0 0
1.32886 0.40404 0 0 0
1.34899 0.40404 0 0 0
1.36913 0.40404 0 0 0
1.38926 0.40404 0 0 0
1.4094 0.40404 0 0 0
1.42953 0.40404 0 0 0
1.44966 0.40404 0 0 0
1.4698 0.40404 0 0 0
1.48993 0.40404 0 0 0
1.51007 0.40404 0 0 0
1.5302 0.40404 0 0 0
1.55034 0.40404 0 0 0
1.57047 0.40404 0 0 0
1.5906 0.40404 0 0 0
1.61074 0.40404 0 0 0
1.63087 0.40404 0 0 0
1.65101 0.40404 0 0 0
1.67114 0.40404 0 0 0
1.69128 0.40404 0 0 0
1.71141 0.40404 0 0 0
1.73154 0.40404 0 0 0
1.75168 0.40404 0 0 0
1.77181 0.40404 0 0 0
1.79195 0.40404 0 0 0
1.81208 0.40404 0 0 0
1.83221 0.40404 0 0 0
1.85235 0.40404 0 0 0
1.87248 0.40404 0 0 0
1.89262 0.40404 0 0 0
1.91275 0.40404 0 0 0
1.93289 0.40404 0 0 0
1.95302 0.40404 0 0 0
1.97315 0.40404 0 0 0
1.99329 0.40404 0 0 0
2.01342 0.40404 1.00008 0 0
2.03356 0.40404 1.00009 -6.25032e-06 -2.47562e-05
2.05369 0.40404 1.00009 -1.11089e-05 -4.81274e-05
2.07383 0.40404 1.0001 -1.46478e-05 -7.01593e-05
2.09396 0.40404 1.00011 -1.69422e-05 -9.08795e-05
2.11409 0.40404 1.00011 -1.8071e-05 -0.000110301
2.13423 0.40404 1.00012 -1.81183e-05 -0.000128425
2.15436 0.40404 1.00013 -1.71736e-05 -0.000145246
2.1745 0.40404 1.00013 -1.53312e-05 -0.000160755
2.19463 0.40404 1.00014 -1.26902e-05 -0.000174941
2.21477 0.40404 1.00014 -9.35279e-06 -0.000187798
2.2349 0.40404 1.00015 -5.4236e-06 -0.000199321
2.25503 0.40404 1.00015 -1.00778e-06 -0.000209513
2.27517 0.40404 1.00015 3.79028e-06 -0.000218384
2.2953 0.40404 1.00016 8.86855e-06 -0.000225952
2.31544 0.40404 1.00016 1.41287e-05 -0.000232243
2.33557 0.40404 1.00016 1.94774e-05 -0.000237291
2.3557 0.40404 1.00016 2.48272e-05 -0.000241139
2.37584 0.40404 1.00017 3.00979e-05 -0.000243835
2.39597 0.40404 1.00017 3.52164e-05 -0.000245434
2.41611 0.40404 1.00017 4.01179e-05 -0.000245995
2.43624 0.40404 1.00017 4.47454e-05 -0.000245581
2.45638 0.40404 1.00017 4.90502e-05 -0.000244257
2.47651 0.40404 1.00017 5.29916e-05 -0.000242091
2.49664 0.40404 1.00017 5.65365e-05 -0.000239147
2.51678 0.40404 1.00016 5.9659e-05 -0.000235491
2.53691 0.40404 1.00016 6.23398e-05 -0.000231186
2.55705 0.40404 1.00016 6.45658e-05 -0.000226292
2.57718 0.40404 1.00016 6.63294e-05 -0.000220864
2.59732 0.40404 1.00016 6.76275e-05 -0.000214951
2.61745 0.40404 1.00015 6.8461e-05 -0.0002086
2.63758 0.40404 1.00015 6.88341e-05 -0.000201848
2.65772 0.40404 1.00015 6.87534e-05 -0.000194725
2.67785 0.40404 1.00015 6.8227e-05 -0.000187255
2.69799 0.40404 1.00014 6.72641e-05 -0.000179453
2.71812 0.40404 1.00014 6.5874e-05 -0.000171325
2.73826 0.40404 1.00014 6.40652e-05 -0.000162867
2.75839 0.40404 1.00013 6.18449e-05 -0.000154066
2.77852 0.40404 1.00013 5.92178e-05 -0.000144896
2.79866 0.40404 1.00013 5.6186e-05 -0.000135323
2.81879 0.40404 1.00012 5.27471e-05 -0.000125299
2.83893 0.40404 1.00012 4.88945e-05 -0.000114764
2.85906 0.40404 1.00012 4.46155e-05 -0.000103643
2.87919 0.40404 1.00011 3.98909e-05 -9.18496e-05
2.89933 0.40404 1.00011 3.46938e-05 -7.928e-05
2.91946 0.40404 1.0001 2.89886e-05 -6.58151e-05
2.9396 0.40404 1.0001 2.27299e-05 -5.13188e-05
2.95973 0.40404 1.0001 1.58607e-05 -3.56366e-05
2.97987 0.40404 1.00009 8.31286e-06 -1.85951e-05
3 0.40404 1.00009 0 0

0 0.424242 1 0.1 0
0.0201342 0.424242 1.14396 0.0867231 0.00516061
0.0402685 0.424242 1.15655 0.0851848 0.00999309
0.0604027 0.424242 1.15717 0.0846443 0.0144664
0.0805369 0.424242 1.15746 0.0841705 0.018555
0.100671 0.424242 1.15755 0.0837121 0.0222414
0.120805 0.424242 1.15743 0.0832271 0.0255199
0.14094 0.424242 1.15712 0.082677 0.0283952
0.161074 0.424242 1.15664 0.0820279 0.0308806
0.181208 0.424242 1.156 0.0812523 0.032996
0.201342 0.424242 1.15524 0.0803293 0.0347662
0.221477 0.424242 1.15438 0.0792445 0.0362186
0.241611 0.424242 1.15343 0.0779895 0.037382
0.261745 0.424242 1.15242 0.0765616 0.0382852
0.281879 0.424242 1.15136 0.0749627 0.0389559
0.302013 0.424242 1.15028 0.0731985 0.0394204
0.322148 0.424242 1.14918 0.071278 0.0397024
0.342282 0.424242 1.1481 0.0692122 0.0398236
0.362416 0.424242 1.14702 0.0670139 0.0398028
0.38255 0.424242 1.14597 0.0646969 0.0396566
0.402685 0.424242 1.14496 0.0622754 0.0393988
0.422819 0.424242 1.14399 0.059764 0.0390411
0.442953 0.424242 1.14306 0.057177 0.0385932
0.463087 0.424242 1.14219 0.0545285 0.0380628
0.483221 0.424242 1.14137 0.0518319 0.0374558
0.503356 0.424242 1.14062 0.0491001 0.0367768
0.52349 0.424242 1.13992 0.0463456 0.0360289
0.543624 0.424242 1.13929 0.04358 0.0352144
0.563758 0.424242 1.13873 0.0408144 0.0343343
0.583893 0.424242 1.13824 0.0380593 0.0333893
0.604027 0.424242 1.13782 0.0353247 0.032379
0.624161 0.424242 1.13747 0.0326201 0.031303
0.644295 0.424242 1.1372 0.029955 0.0301602
0.66443 0.424242 1.13699 0.0273381 0.0289496
0.684564 0.424242 1.13687 0.0247784 0.0276699
0.704698 0.424242 1.13682 0.0222845 0.02632
0.724832 0.424242 1.13685 0.0198654 0.0248988
0.744966 0.424242 1.13696 0.0175299 0.0234054
0.765101 0.424242 1.13715 0.0152873 0.0218394
0.785235 0.424242 1.13742 0.0131472 0.0202005
0.805369 0.424242 1.13778 0.0111196 0.0184888
0.825503 0.424242 1.13823 0.00921537 0.0167049
0.845638 0.424242 1.13876 0.00744582 0.0148498
0.865772 0.424242 1.13939 0.00582331 0.0129247
0.885906 0.424242 1.14012 0.004361 0.0109311
0.90604 0.424242 1.14095 0.0030734 0.00887093
0.926174 0.424242 1.14188 0.00197576 0.00674592
0.946309 0.424242 1.14292 0.0010854 0.00455804
0.966443 0.424242 1.14406 0.00041993 0.00230884
0.986577 0.424242 1.14535 0 0
1.00671 0.424242 0 0 0
1.02685 0.424242 0 0 0
1.04698 0.424242 0 0 0
1.06711 0.424242 0 0 0
1.08725 0.424242 0 0 0
1.10738 0.424242 0 0 0
1.12752 0.424242 0 0 0
1.14765 0.424242 0 0 0
1.16779 0.424242 0 0 0
1.18792 0.424242 0 0 0
1.20805 0.424242 0 0 0
1.22819 0.424242 0 0 0
1.24832 0.424242 0 0 0
1.26846 0.424242 0 0 0
1.28859 0.424242 0 0 0
1.30872 0.424242 0 0 0
1.32886 0.424242 0 0 0
1.34899 0.424242 0 0 0
1.36913 0.424242 0 0 0
1.38926 0.424242 0 0 0
1.4094 0.424242 0 0 0
1.42953 0.424242 0 0 0
1.44966 0.424242 0 0 0
1.4698 0.424242 0 0 0
1.48993 0.424242 0 0 0
1.51007 0.424242 0 0 0
1.5302 0.424242 0 0 0
1.55034 0.424242 0 0 0
1.57047 0.424242 0 0 0
1.5906 0.424242 0 0 0
1.61074 0.424242 0 0 0
1.63087 0.424242 0 0 0
1.65101 0.424242 0 0 0
1.67114 0.424242 0 0 0
1.69128 0.424242 0 0 0
1.71141 0.424242 0 0 0
1.73154 0.424242 0 0 0
1.75168 0.424242 0 0 0
1.77181 0.424242 0 0 0
1.79195 0.424242 0 0 0
1.81208 0.424242 0 0 0
1.83221 0.424242 0 0 0
1.85235 0.424242 0 0 0
1.87248 0.424242 0 0 0
1.89262 0.424242 0 0 0
1.91275 0.424242 0 0 0
1.93289 0.424242 0 0 0
1.95302 0.424242 0 0 0
1.97315 0.424242 0 0 0
1.99329 0.424242 0 0 0
2.01342 0.424242 1.00009 0 0
2.03356 0.424242 1.00009 -6.68434e-06 -2.66809e-05
2.05369 0.424242 1.0001 -1.18503e-05 -5.19043e-05
2.07383 0.424242 1.00011 -1.55722e-05 -7.57115e-05
2.09396 0.424242 1.00012 -1.79294e-05 -9.81241e-05
2.11409 0.424242 1.00012 -1.90064e-05 -0.000119147
2.13423 0.424242 1.00013 -1.88947e-05 -0.000138774
2.15436 0.424242 1.00014 -1.76928e-05 -0.00015699
2.1745 0.424242 1.00014 -1.55058e-05 -0.00017378
2.19463 0.424242 1.00015 -1.24443e-05 -0.000189125
2.21477 0.424242 1.00015 -8.62357e-06 -0.000203013
2.2349 0.424242 1.00016 -4.16126e-06 -0.000215436
2.25503 0.424242 1.00016 8.2398e-07 -0.000226396
2.27517 0.424242 1.00017 6.21455e-06 -0.000235902
2.2953 0.424242 1.00017 1.18957e-05 -0.000243975
2.31544 0.424242 1.00017 1.77571e-05 -0.000250644
2.33557 0.424242 1.00018 2.36946e-05 -0.000255949
2.3557 0.424242 1.00018 2.96111e-05 -0.000259939
2.37584 0.424242 1.00018 3.54176e-05 -0.00026267
2.39597 0.424242 1.00018 4.10341e-05 -0.000264204
2.41611 0.424242 1.00018 4.63897e-05 -0.000264611
2.43624 0.424242 1.00018 5.1423e-05 -0.000263962
2.45638 0.424242 1.00018 5.60817e-05 -0.000262331
2.47651 0.424242 1.00018 6.03229e-05 -0.000259794
2.49664 0.424242 1.00018 6.41122e-05 -0.000256426
2.51678 0.424242 1.00018 6.74231e-05 -0.000252301
2.53691 0.424242 1.00018 7.0237e-05 -0.000247488
2.55705 0.424242 1.00018 7.25415e-05 -0.000242056
2.57718 0.424242 1.00017 7.43306e-05 -0.000236065
2.59732 0.424242 1.00017 7.56032e-05 -0.000229571
2.61745 0.424242 1.00017 7.63624e-05 -0.000222624
2.63758 0.424242 1.00016 7.66149e-05 -0.000215267
2.65772 0.424242 1.00016 7.63698e-05 -0.000207533
2.67785 0.424242 1.00016 7.56381e-05 -0.000199447
2.69799 0.424242 1.00015 7.44315e-05 -0.000191027
2.71812 0.424242 1.00015 7.27619e-05 -0.000182278
2.73826 0.424242 1.00015 7.06402e-05 -0.000173196
2.75839 0.424242 1.00014 6.80759e-05 -0.000163767
2.77852 0.424242 1.00014 6.50757e-05 -0.000153965
2.79866 0.424242 1.00014 6.16432e-05 -0.000143749
2.81879 0.424242 1.00013 5.77777e-05 -0.000133068
2.83893 0.424242 1.00013 5.34732e-05 -0.000121858
2.85906 0.424242 1.00012 4.87178e-05 -0.000110037
2.87919 0.424242 1.00012 4.34922e-05 -9.75113e-05
2.89933 0.424242 1.00012 3.7769e-05 -8.41678e-05
2.91946 0.424242 1.00011 3.15115e-05 -6.98778e-05
2.9396 0.424242 1.00011 2.46722e-05 -5.44938e-05
2.95973 0.424242 1.00011 1.71917e-05 -3.78485e-05
2.97987 0.424242 1.0001 8.99803e-06 -1.9754e-05
3 0.424242 1.0001 0 0

0 0.444444 1 0.1 0
0.0201342 0.444444 1.14215 0.0868504 0.00504902
0.0402685 0.444444 1.15458 0.0852857 0.00980363
0.0604027 0.444444 1.15515 0.0846996 0.0142363
0.0805369 0.444444 1.15541 0.0841716 0.0183231
0.100671 0.444444 1.15549 0.0836551 0.0220462
0.120805 0.444444 1.15539 0.0831135 0.0253975
0.14094 0.444444 1.15511 0.0825124 0.0283777
0.161074 0.444444 1.15469 0.0818214 0.0309947
0.181208 0.444444 1.15412 0.0810151 0.0332629
0.201342 0.444444 1.15344 0.0800735 0.0352009
0.221477 0.444444 1.15266 0.0789825 0.0368303
0.241611 0.444444 1.1518 0.0777329 0.0381749
0.261745 0.444444 1.15088 0.0763209 0.0392586
0.281879 0.444444 1.14991 0.0747467 0.0401054
0.302013 0.444444 1.14892 0.0730146 0.0407384
0.322148 0.444444 1.14791 0.0711314 0.0411788
0.342282 0.444444 1.1469 0.0691065 0.0414466
0.362416 0.444444 1.1459 0.0669512 0.0415595
0.38255 0.444444 1.14492 0.0646775 0.0415331
0.402685 0.444444 1.14397 0.0622986 0.0413811
0.422819 0.444444 1.14305 0.0598279 0.0411152
0.442953 0.444444 1.14218 0.0572788 0.0407451
0.463087 0.444444 1.14136 0.0546646 0.040279
0.483221 0.444444 1.14058 0.0519982 0.0397233
0.503356 0.444444 1.13986 0.0492923 0.0390831
0.52349 0.444444 1.1392 0.0465589 0.0383622
0.543624 0.444444 1.13861 0.0438097 0.0375632
0.563758 0.444444 1.13807 0.0410556 0.0366879
0.583893 0.444444 1.13761 0.0383073 0.0357372
0.604027 0.444444 1.13721 0.0355749 0.0347113
0.624161 0.444444 1.13688 0.0328684 0.0336099
0.644295 0.444444 1.13662 0.0301973 0.0324324
0.66443 0.444444 1.13643 0.0275709 0.0311777
0.684564 0.444444 1.13632 0.0249985 0.0298448
0.704698 0.444444 1.13629 0.0224893 0.0284324
0.724832 0.444444 1.13633 0.0200528 0.0269393
0.744966 0.444444 1.13645 0.0176983 0.0253645
0.765101 0.444444 1.13666 0.0154357 0.023707
0.785235 0.444444 1.13695 0.0132751 0.0219662
0.805369 0.444444 1.13732 0.0112273 0.0201417
0.825503 0.444444 1.13778 0.00930354 0.0182335
0.845638 0.444444 1.13833 0.00751568 0.0162416
0.865772 0.444444 1.13897 0.00587652 0.0141664
0.885906 0.444444 1.13971 0.00439959 0.0120086
0.90604 0.444444 1.14055 0.00309964 0.00976881
0.926174 0.444444 1.14149 0.00199206 0.00744766
0.946309 0.444444 1.14255 0.00109414 0.00504574
0.966443 0.444444 1.1437 0.000423366 0.00256317
0.986577 0.444444 1.14499 0 0
1.00671 0.444444 0 0 0
1.02685 0.444444 0 0 0
1.04698 0.444444 0 0 0
1.06711 0.444444 0 0 0
1.08725 0.444444 0 0 0
1.10738 0.444444 0 0 0
1.12752 0.444444 0 0 0
1.14765 0.444444 0 0 0
1.16779 0.444444 0 0 0
1.18792 0.444444 0 0 0
1.20805 0.444444 0 0 0
1.22819 0.444444 0 0 0
1.24832 0.444444 0 0 0
1.26846 0.444444 0 0 0
1.28859 0.444444 0 0 0
1.30872 0.444444 0 0 0
1.32886 0.444444 0 0 0
1.34899 0.444444 0 0 0
1.36913 0.444444 0 0 0
1.38926 0.444444 0 0 0
1.4094 0.444444 0 0 0
1.42953 0.444444 0 0 0
1.44966 0.444444 0 0 0
1.4698 0.444444 0 0 0
1.48993 0.444444 0 0 0
1.51007 0.444444 0 0 0
1.5302 0.444444 0 0 0
1.55034 0.444444 0 0 0
1.57047 0.444444 0 0 0
1.5906 0.444444 0 0 0
1.61074 0.444444 0 0 0
1.63087 0.444444 0 0 0
1.65101 0.444444 0 0 0
1.67114 0.444444 0 0 0
1.69128 0.444444 0 0 0
1.71141 0.444444 0 0 0
1.73154 0.444444 0 0 0
1.75168 0.444444 0 0 0
1.77181 0.444444 0 0 0
1.79195 0.444444 0 0 0
1.81208 0.444444 0 0 0
1.83221 0.444444 0 0 0
1.85235 0.444444 0 0 0
1.87248 0.444444 0 0 0
1.89262 0.444444 0 0 0
1.91275 0.444444 0 0 0
1.93289 0.444444 0 0 0
1.95302 0.444444 0 0 0
1.97315 0.444444 0 0 0
1.99329 0.444444 0 0 0
2.01342 0.444444 1.00009 0 0
2.03356 0.444444 1.0001 -7.1289e-06 -2.87698e-05
2.05369 0.444444 1.00011 -1.26018e-05 -5.60092e-05
2.07383 0.444444 1.00012 -1.64949e-05 -8.17535e-05
2.09396 0.444444 1.00013 -1.88913e-05 -0.000106016
2.11409 0.444444 1.00013 -1.98819e-05 -0.000128792
2.13423 0.444444 1.00014 -1.95662e-05 -0.000150064
2.15436 0.444444 1.00015 -1.8053e-05 -0.000169808
2.1745 0.444444 1.00015 -1.54595e-05 -0.000187997
2.19463 0.444444 1.00016 -1.191e-05 -0.000204605
2.21477 0.444444 1.00017 -7.53434e-06 -0.000219613
2.2349 0.444444 1.00017 -2.46546e-06 -0.00023301
2.25503 0.444444 1.00018 3.16268e-06 -0.000244795
2.27517 0.444444 1.00018 9.21747e-06 -0.000254977
2.2953 0.444444 1.00019 1.55698e-05 -0.00026358
2.31544 0.444444 1.00019 2.20963e-05 -0.000270639
2.33557 0.444444 1.00019 2.86804e-05 -0.000276198
2.3557 0.444444 1.0002 3.52146e-05 -0.000280315
2.37584 0.444444 1.0002 4.16009e-05 -0.000283055
2.39597 0.444444 1.0002 4.77515e-05 -0.00028449
2.41611 0.444444 1.0002 5.35897e-05 -0.0002847
2.43624 0.444444 1.0002 5.90492e-05 -0.000283766
2.45638 0.444444 1.0002 6.40747e-05 -0.000281774
2.47651 0.444444 1.0002 6.86213e-05 -0.000278809
2.49664 0.444444 1.0002 7.26534e-05 -0.000274956
2.51678 0.444444 1.00019 7.61449e-05 -0.000270299
2.53691 0.444444 1.00019 7.90779e-05 -0.000264916
2.55705 0.444444 1.00019 8.14416e-05 -0.000258881
2.57718 0.444444 1.00019 8.3232e-05 -0.000252265
2.59732 0.444444 1.00018 8.44504e-05 -0.000245129
2.61745 0.444444 1.00018 8.5103e-05 -0.000237527
2.63758 0.444444 1.00018 8.51992e-05 -0.000229507
2.65772 0.444444 1.00017 8.47515e-05 -0.000221105
2.67785 0.444444 1.00017 8.37737e-05 -0.00021235
2.69799 0.444444 1.00017 8.22808e-05 -0.00020326
2.71812 0.444444 1.00016 8.02875e-05 -0.000193841
2.73826 0.444444 1.00016 7.78076e-05 -0.000184089
2.75839 0.444444 1.00016 7.48531e-05 -0.000173988
2.77852 0.444444 1.00015 7.14331e-05 -0.000163508
2.79866 0.444444 1.00015 6.7553e-05 -0.000152608
2.81879 0.444444 1.00014 6.32136e-05 -0.000141232
2.83893 0.444444 1.00014 5.84104e-05 -0.000129307
2.85906 0.444444 1.00013 5.31318e-05 -0.000116748
2.87919 0.444444 1.00013 4.73589e-05 -0.00010345
2.89933 0.444444 1.00013 4.10638e-05 -8.92934e-05
2.91946 0.444444 1.00012 3.42087e-05 -7.41373e-05
2.9396 0.444444 1.00012 2.67444e-05 -5.78223e-05
2.95973 0.444444 1.00011 1.86086e-05 -4.01674e-05
2.97987 0.444444 1.00011 9.72586e-06 -2.09691e-05
3 0.444444 1.00011 0 0

0 0.464646 1 0.1 0
0.0201342 0.464646 1.14047 0.0869692 0.00495744
0.0402685 0.464646 1.15277 0.0853819 0.00964937
0.0604027 0.464646 1.1533 0.0847556 0.0140514
0.0805369 0.464646 1.15352 0.084179 0.0181413
0.100671 0.464646 1.15358 0.0836094 0.0219014
0.120805 0.464646 1.15348 0.0830143 0.0253217
0.14094 0.464646 1.15323 0.0823632 0.0283996
0.161074 0.464646 1.15284 0.0816288 0.0311391
0.181208 0.464646 1.15233 0.0807878 0.0335494
0.201342 0.464646 1.15171 0.0798216 0.0356441
0.221477 0.464646 1.151 0.0787162 0.0374399
0.241611 0.464646 1.15021 0.0774626 0.0389557
0.261745 0.464646 1.14936 0.0760562 0.0402113
0.281879 0.464646 1.14847 0.0744962 0.0412271
0.302013 0.464646 1.14754 0.0727854 0.0420228
0.322148 0.464646 1.14661 0.0709294 0.0426177
0.342282 0.464646 1.14567 0.0689362 0.0430296
0.362416 0.464646 1.14473 0.0668154 0.0432749
0.38255 0.464646 1.14381 0.0645781 0.0433685
0.402685 0.464646 1.14292 0.062236 0.0433235
0.422819 0.464646 1.14206 0.0598015 0.0431514
0.442953 0.464646 1.14123 0.057287 0.042862
0.463087 0.464646 1.14045 0.0547053 0.0424636
0.483221 0.464646 1.13972 0.0520686 0.041963
0.503356 0.464646 1.13903 0.049389 0.0413658
0.52349 0.464646 1.13841 0.0466782 0.040676
0.543624 0.464646 1.13784 0.0439477 0.0398969
0.563758 0.464646 1.13733 0.0412084 0.0390306
0.583893 0.464646 1.13689 0.0384709 0.0380784
0.604027 0.464646 1.13651 0.0357453 0.0370408
0.624161 0.464646 1.1362 0.0330418 0.0359178
0.644295 0.464646 1.13596 0.03037 0.034709
0.66443 0.464646 1.13579 0.0277397 0.0334134
0.684564 0.464646 1.1357 0.0251604 0.0320299
0.704698 0.464646 1.13568 0.0226418 0.0305571
0.724832 0.464646 1.13573 0.0201937 0.0289939
0.744966 0.464646 1.13587 0.0178261 0.0273387
0.765101 0.464646 1.13609 0.0155491 0.0255904
0.785235 0.464646 1.13639 0.0133737 0.0237479
0.805369 0.464646 1.13677 0.0113109 0.0218102
0.825503 0.464646 1.13724 0.00937244 0.0197766
0.845638 0.464646 1.13781 0.00757077 0.0176466
0.865772 0.464646 1.13846 0.00591898 0.0154198
0.885906 0.464646 1.13921 0.00443094 0.0130957
0.90604 0.464646 1.14006 0.00312154 0.0106742
0.926174 0.464646 1.14101 0.00200628 0.00815472
0.946309 0.464646 1.14208 0.00110231 0.00553668
0.966443 0.464646 1.14323 0.000426962 0.0028189
0.986577 0.464646 1.14452 0 0
1.00671 0.464646 0 0 0
1.02685 0.464646 0 0 0
1.04698 0.464646 0 0 0
1.06711 0.464646 0 0 0
1.08725 0.464646 0 0 0
1.10738 0.464646 0 0 0
1.12752 0.464646 0 0 0
1.14765 0.464646 0 0 0
1.16779 0.464646 0 0 0
1.18792 0.464646 0 0 0
1.20805 0.464646 0 0 0
1.22819 0.464646 0 0 0
1.24832 0.464646 0 0 0
1.26846 0.464646 0 0 0
1.28859 0.464646 0 0 0
1.30872 0.464646 0 0 0
1.32886 0.464646 0 0 0
1.34899 0.464646 0 0 0
1.36913 0.464646 0 0 0
1.38926 0.464646 0 0 0
1.4094 0.464646 0 0 0
1.42953 0.464646 0 0 0
1.44966 0.464646 0 0 0
1.4698 0.464646 0 0 0
1.48993 0.464646 0 0 0
1.51007 0.464646 0 0 0
1.5302 0.464646 0 0 0
1.55034 0.464646 0 0 0
1.57047 0.464646 0 0 0
1.5906 0.464646 0 0 0
1.61074 0.464646 0 0 0
1.63087 0.464646 0 0 0
1.65101 0.464646 0 0 0
1.67114 0.464646 0 0 0
1.69128 0.464646 0 0 0
1.71141 0.464646 0 0 0
1.73154 0.464646 0 0 0
1.75168 0.464646 0 0 0
1.77181 0.464646 0 0 0
1.79195 0.464646 0 0 0
1.81208 0.464646 0 0 0
1.83221 0.464646 0 0 0
1.85235 0.464646 0 0 0
1.87248 0.464646 0 0 0
1.89262 0.464646 0 0 0
1.91275 0.464646 0 0 0
1.93289 0.464646 0 0 0
1.95302 0.464646 0 0 0
1.97315 0.464646 0 0 0
1.99329 0.464646 0 0 0
2.01342 0.464646 1.0001 0 0
2.03356 0.464646 1.00011 -7.58238e-06 -3.10359e-05
2.05369 0.464646 1.00012 -1.33588e-05 -6.04693e-05
2.07383 0.464646 1.00013 -1.74067e-05 -8.83274e-05
2.09396 0.464646 1.00014 -1.98129e-05 -0.000114612
2.11409 0.464646 1.00014 -2.06746e-05 -0.000139307
2.13423 0.464646 1.00015 -2.01009e-05 -0.000162381
2.15436 0.464646 1.00016 -1.82123e-05 -0.000183795
2.1745 0.464646 1.00017 -1.51398e-05 -0.000203512
2.19463 0.464646 1.00018 -1.10238e-05 -0.000221496
2.21477 0.464646 1.00018 -6.01082e-06 -0.000237719
2.2349 0.464646 1.00019 -2.51444e-07 -0.000252166
2.25503 0.464646 1.00019 6.10281e-06 -0.000264833
2.27517 0.464646 1.0002 1.29023e-05 -0.000275732
2.2953 0.464646 1.0002 2.00018e-05 -0.000284887
2.31544 0.464646 1.00021 2.72631e-05 -0.000292341
2.33557 0.464646 1.00021 3.45565e-05 -0.000298146
2.3557 0.464646 1.00021 4.1763e-05 -0.000302369
2.37584 0.464646 1.00021 4.87748e-05 -0.000305084
2.39597 0.464646 1.00022 5.54964e-05 -0.000306378
2.41611 0.464646 1.00022 6.18447e-05 -0.000306339
2.43624 0.464646 1.00022 6.77493e-05 -0.000305063
2.45638 0.464646 1.00022 7.31519e-05 -0.000302647
2.47651 0.464646 1.00021 7.80057e-05 -0.000299188
2.49664 0.464646 1.00021 8.22751e-05 -0.000294782
2.51678 0.464646 1.00021 8.59345e-05 -0.000289523
2.53691 0.464646 1.00021 8.89675e-05 -0.0002835
2.55705 0.464646 1.00021 9.13655e-05 -0.000276794
2.57718 0.464646 1.0002 9.31272e-05 -0.000269485
2.59732 0.464646 1.0002 9.42571e-05 -0.000261639
2.61745 0.464646 1.0002 9.47648e-05 -0.000253318
2.63758 0.464646 1.00019 9.46633e-05 -0.000244573
2.65772 0.464646 1.00019 9.39685e-05 -0.000235445
2.67785 0.464646 1.00018 9.26983e-05 -0.000225964
2.69799 0.464646 1.00018 9.08708e-05 -0.00021615
2.71812 0.464646 1.00018 8.85043e-05 -0.00020601
2.73826 0.464646 1.00017 8.56157e-05 -0.00019554
2.75839 0.464646 1.00017 8.22198e-05 -0.00018472
2.77852 0.464646 1.00016 7.83283e-05 -0.000173521
2.79866 0.464646 1.00016 7.3949e-05 -0.000161895
2.81879 0.464646 1.00015 6.90843e-05 -0.000149782
2.83893 0.464646 1.00015 6.3731e-05 -0.000137104
2.85906 0.464646 1.00015 5.78786e-05 -0.000123768
2.87919 0.464646 1.00014 5.15083e-05 -0.000109661
2.89933 0.464646 1.00014 4.4592e-05 -9.46514e-05
2.91946 0.464646 1.00013 3.70908e-05 -7.85892e-05
2.9396 0.464646 1.00013 2.89538e-05 -6.13009e-05
2.95973 0.464646 1.00012 2.0116e-05 -4.2591e-05
2.97987 0.464646 1.00012 1.04985e-05 -2.22394e-05
3 0.464646 1.00012 0 0

0 0.484848 1 0.1 0
0.0201342 0.484848 1.13891 0.0870806 0.00488325
0.0402685 0.484848 1.15108 0.085474 0.00952615
0.0604027 0.484848 1.15157 0.0848122 0.0139071
0.0805369 0.484848 1.15176 0.0841922 0.0180057
0.100671 0.484848 1.1518 0.0835738 0.0218042
0.120805 0.484848 1.1517 0.0829285 0.0252915
0.14094 0.484848 1.15146 0.0822289 0.0284624
0.161074 0.484848 1.1511 0.0814504 0.0313173
0.181208 0.484848 1.15062 0.0805718 0.0338613
0.201342 0.484848 1.15004 0.0795759 0.0361036
0.221477 0.484848 1.14938 0.0784496 0.0380565
0.241611 0.484848 1.14865 0.0771841 0.0397346
0.261745 0.484848 1.14786 0.0757743 0.041154
0.281879 0.484848 1.14702 0.0742191 0.0423315
0.302013 0.484848 1.14616 0.0725202 0.0432842
0.322148 0.484848 1.14529 0.0706823 0.0440288
0.342282 0.484848 1.1444 0.0687121 0.0445814
0.362416 0.484848 1.14352 0.0666182 0.0449569
0.38255 0.484848 1.14266 0.0644104 0.0451693
0.402685 0.484848 1.14182 0.0620994 0.0452312
0.422819 0.484848 1.141 0.0596965 0.0451536
0.442953 0.484848 1.14022 0.0572135 0.0449464
0.463087 0.484848 1.13948 0.0546621 0.0446179
0.483221 0.484848 1.13878 0.0520541 0.0441751
0.503356 0.484848 1.13813 0.0494009 0.0436238
0.52349 0.484848 1.13753 0.0467139 0.0429686
0.543624 0.484848 1.13699 0.0440041 0.0422129
0.563758 0.484848 1.13651 0.0412822 0.0413591
0.583893 0.484848 1.13609 0.0385588 0.040409
0.604027 0.484848 1.13574 0.035844 0.0393632
0.624161 0.484848 1.13544 0.0331479 0.038222
0.644295 0.484848 1.13522 0.0304803 0.0369849
0.66443 0.484848 1.13507 0.0278512 0.0356512
0.684564 0.484848 1.13499 0.0252703 0.0342196
0.704698 0.484848 1.13498 0.0227476 0.0326887
0.724832 0.484848 1.13505 0.0202932 0.0310569
0.744966 0.484848 1.1352 0.0179177 0.0293227
0.765101 0.484848 1.13543 0.0156316 0.0274843
0.785235 0.484848 1.13574 0.0134462 0.0255404
0.805369 0.484848 1.13614 0.0113731 0.0234893
0.825503 0.484848 1.13662 0.00942437 0.0213298
0.845638 0.484848 1.13719 0.00761288 0.0190607
0.865772 0.484848 1.13786 0.00595206 0.0166809
0.885906 0.484848 1.13862 0.004456 0.0141891
0.90604 0.484848 1.13948 0.00313973 0.0115843
0.926174 0.484848 1.14043 0.00201876 0.00886487
0.946309 0.484848 1.1415 0.00111008 0.00602931
0.966443 0.484848 1.14266 0.000430754 0.00307523
0.986577 0.484848 1.14395 0 0
1.00671 0.484848 0 0 0
1.02685 0.484848 0 0 0
1.04698 0.484848 0 0 0
1.06711 0.484848 0 0 0
1.08725 0.484848 0 0 0
1.10738 0.484848 0 0 0
1.12752 0.484848 0 0 0
1.14765 0.484848 0 0 0
1.16779 0.484848 0 0 0
1.18792 0.484848 0 0 0
1.20805 0.484848 0 0 0
1.22819 0.484848 0 0 0
1.24832 0.484848 0 0 0
1.26846 0.484848 0 0 0
1.28859 0.484848 0 0 0
1.30872 0.484848 0 0 0
1.32886 0.484848 0 0 0
1.34899 0.484848 0 0 0
1.36913 0.484848 0 0 0
1.38926 0.484848 0 0 0
1.4094 0.484848 0 0 0
1.42953 0.484848 0 0 0
1.44966 0.484848 0 0 0
1.4698 0.484848 0 0 0
1.48993 0.484848 0 0 0
1.51007 0.484848 0 0 0
1.5302 0.484848 0 0 0
1.55034 0.484848 0 0 0
1.57047 0.484848 0 0 0
1.5906 0.484848 0 0 0
1.61074 0.484848 0 0 0
1.63087 0.484848 0 0 0
1.65101 0.484848 0 0 0
1.67114 0.484848 0 0 0
1.69128 0.484848 0 0 0
1.71141 0.484848 0 0 0
1.73154 0.484848 0 0 0
1.75168 0.484848 0 0 0
1.77181 0.484848 0 0 0
1.79195 0.484848 0 0 0
1.81208 0.484848 0 0 0
1.83221 0.484848 0 0 0
1.85235 0.484848 0 0 0
1.87248 0.484848 0 0 0
1.89262 0.484848 0 0 0
1.91275 0.484848 0 0 0
1.93289 0.484848 0 0 0
1.95302 0.484848 0 0 0
1.97315 0.484848 0 0 0
1.99329 0.484848 0 0 0
2.01342 0.484848 1.00011 0 0
2.03356 0.484848 1.00012 -8.0426e-06 -3.34939e-05
2.05369 0.484848 1.00013 -1.41155e-05 -6.53153e-05
2.07383 0.484848 1.00014 -1.8296e-05 -9.54806e-05
2.09396 0.484848 1.00015 -2.06748e-05 -0.000123978
2.11409 0.484848 1.00016 -2.13563e-05 -0.000150773
2.13423 0.484848 1.00017 -2.04599e-05 -0.000175819
2.15436 0.484848 1.00017 -1.81197e-05 -0.000199061
2.1745 0.484848 1.00018 -1.44833e-05 -0.000220446
2.19463 0.484848 1.00019 -9.70925e-06 -0.000239926
2.21477 0.484848 1.0002 -3.96395e-06 -0.000257465
2.2349 0.484848 1.0002 2.58176e-06 -0.00027304
2.25503 0.484848 1.00021 9.75623e-06 -0.000286648
2.27517 0.484848 1.00022 1.73904e-05 -0.0002983
2.2953 0.484848 1.00022 2.5321e-05 -0.000308026
2.31544 0.484848 1.00023 3.33933e-05 -0.000315875
2.33557 0.484848 1.00023 4.14634e-05 -0.00032191
2.3557 0.484848 1.00023 4.93996e-05 -0.000326208
2.37584 0.484848 1.00023 5.70841e-05 -0.000328857
2.39597 0.484848 1.00023 6.44133e-05 -0.000329955
2.41611 0.484848 1.00023 7.12982e-05 -0.000329608
2.43624 0.484848 1.00023 7.7664e-05 -0.000327923
2.45638 0.484848 1.00023 8.345e-05 -0.000325011
2.47651 0.484848 1.00023 8.86085e-05 -0.000320983
2.49664 0.484848 1.00023 9.31043e-05 -0.000315948
2.51678 0.484848 1.00023 9.69131e-05 -0.00031001
2.53691 0.484848 1.00023 0.000100021 -0.000303269
2.55705 0.484848 1.00022 0.000102422 -0.000295817
2.57718 0.484848 1.00022 0.000104118 -0.00028774
2.59732 0.484848 1.00022 0.000105118 -0.000279114
2.61745 0.484848 1.00021 0.000105436 -0.000270005
2.63758 0.484848 1.00021 0.000105088 -0.00026047
2.65772 0.484848 1.0002 0.000104096 -0.000250552
2.67785 0.484848 1.0002 0.00010248 -0.000240286
2.69799 0.484848 1.00019 0.000100264 -0.000229693
2.71812 0.484848 1.00019 9.74687e-05 -0.000218779
2.73826 0.484848 1.00019 9.41151e-05 -0.00020754
2.75839 0.484848 1.00018 9.02212e-05 -0.000195956
2.77852 0.484848 1.00018 8.58015e-05 -0.000183993
2.79866 0.484848 1.00017 8.08662e-05 -0.000171599
2.81879 0.484848 1.00017 7.542e-05 -0.000158709
2.83893 0.484848 1.00016 6.9461e-05 -0.00014524
2.85906 0.484848 1.00016 6.29798e-05 -0.000131088
2.87919 0.484848 1.00015 5.59581e-05 -0.000116134
2.89933 0.484848 1.00015 4.83676e-05 -0.000100235
2.91946 0.484848 1.00014 4.01684e-05 -8.32273e-05
2.9396 0.484848 1.00014 3.13079e-05 -6.4925e-05
2.95973 0.484848 1.00013 2.17187e-05 -4.51163e-05
2.97987 0.484848 1.00013 1.13181e-05 -2.35633e-05
3 0.484848 1.00013 0 0

0 0.505051 1 0.1 0
0.0201342 0.505051 1.13746 0.0871857 0.00482418
0.0402685 0.505051 1.14951 0.0855626 0.00943031
0.0604027 0.505051 1.14997 0.0848696 0.0137994
0.0805369 0.505051 1.15012 0.0842106 0.0179124
0.100671 0.505051 1.15014 0.0835476 0.021752
0.120805 0.505051 1.15002 0.082855 0.0253059
0.14094 0.505051 1.14979 0.0821083 0.0285668
0.161074 0.505051 1.14943 0.0812854 0.0315321
0.181208 0.505051 1.14898 0.0803671 0.0342033
0.201342 0.505051 1.14843 0.0793376 0.0365858
0.221477 0.505051 1.1478 0.0781848 0.0386879
0.241611 0.505051 1.14711 0.0769004 0.0405204
0.261745 0.505051 1.14637 0.0754796 0.042096
0.281879 0.505051 1.14559 0.0739208 0.0434284
0.302013 0.505051 1.14477 0.0722255 0.0445319
0.322148 0.505051 1.14395 0.0703973 0.045421
0.342282 0.505051 1.14311 0.0684423 0.0461101
0.362416 0.505051 1.14228 0.0663681 0.0466127
0.38255 0.505051 1.14146 0.0641835 0.0469418
0.402685 0.505051 1.14066 0.0618982 0.0471093
0.422819 0.505051 1.13989 0.0595228 0.047126
0.442953 0.505051 1.13914 0.057068 0.0470013
0.463087 0.505051 1.13844 0.0545448 0.0467437
0.483221 0.505051 1.13777 0.0519643 0.0463603
0.503356 0.505051 1.13716 0.0493374 0.045857
0.52349 0.505051 1.13659 0.0466749 0.0452387
0.543624 0.505051 1.13607 0.0439875 0.044509
0.563758 0.505051 1.13562 0.0412855 0.0436707
0.583893 0.505051 1.13522 0.0385793 0.0427255
0.604027 0.505051 1.13488 0.0358788 0.0416746
0.624161 0.505051 1.13461 0.0331941 0.040518
0.644295 0.505051 1.1344 0.030535 0.0392556
0.66443 0.505051 1.13427 0.0279116 0.0378863
0.684564 0.505051 1.1342 0.0253339 0.0364089
0.704698 0.505051 1.13421 0.0228119 0.0348219
0.724832 0.505051 1.13429 0.0203563 0.0331233
0.744966 0.505051 1.13445 0.0179776 0.0313114
0.765101 0.505051 1.13469 0.015687 0.0293839
0.785235 0.505051 1.13501 0.0134961 0.027339
0.805369 0.505051 1.13542 0.0114168 0.0251746
0.825503 0.505051 1.13591 0.00946168 0.022889
0.845638 0.505051 1.13649 0.0076439 0.0204802
0.865772 0.505051 1.13717 0.00597717 0.0179464
0.885906 0.505051 1.13793 0.00447579 0.0152858
0.90604 0.505051 1.1388 0.00315486 0.0124965
0.926174 0.505051 1.13975 0.00202989 0.00957615
0.946309 0.505051 1.14082 0.0011176 0.00652223
0.966443 0.505051 1.14198 0.000434781 0.00333142
0.986577 0.505051 1.14326 0 0
1.00671 0.505051 0 0 0
1.02685 0.505051 0 0 0
1.04698 0.505051 0 0 0
1.06711 0.505051 0 0 0
1.08725 0.505051 0 0 0
1.10738 0.505051 0 0 0
1.12752 0.505051 0 0 0
1.14765 0.505051 0 0 0
1.16779 0.505051 0 0 0
1.18792 0.505051 0 0 0
1.20805 0.505051 0 0 0
1.22819 0.505051 0 0 0
1.24832 0.505051 0 0 0
1.26846 0.505051 0 0 0
1.28859 0.505051 0 0 0
1.30872 0.505051 0 0 0
1.32886 0.505051 0 0 0
1.34899 0.505051 0 0 0
1.36913 0.505051 0 0 0
1.38926 0.505051 0 0 0
1.4094 0.505051 0 0 0
1.42953 0.505051 0 0 0
1.44966 0.505051 0 0 0
1.4698 0.505051 0 0 0
1.48993 0.505051 0 0 0
1.51007 0.505051 0 0 0
1.5302 0.505051 0 0 0
1.55034 0.505051 0 0 0
1.57047 0.505051 0 0 0
1.5906 0.505051 0 0 0
1.61074 0.505051 0 0 0
1.63087 0.505051 0 0 0
1.65101 0.505051 0 0 0
1.67114 0.505051 0 0 0
1.69128 0.505051 0 0 0
1.71141 0.505051 0 0 0
1.73154 0.505051 0 0 0
1.75168 0.505051 0 0 0
1.77181 0.505051 0 0 0
1.79195 0.505051 0 0 0
1.81208 0.505051 0 0 0
1.83221 0.505051 0 0 0
1.85235 0.505051 0 0 0
1.87248 0.505051 0 0 0
1.89262 0.505051 0 0 0
1.91275 0.505051 0 0 0
1.93289 0.505051 0 0 0
1.95302 0.505051 0 0 0
1.97315 0.505051 0 0 0
1.99329 0.505051 0 0 0
2.01342 0.505051 1.00012 0 0
2.03356 0.505051 1.00013 -8.5067e-06 -3.61603e-05
2.05369 0.505051 1.00014 -1.48641e-05 -7.05823e-05
2.07383 0.505051 1.00015 -1.91481e-05 -0.000103268
2.09396 0.505051 1.00016 -2.14534e-05 -0.000134186
2.11409 0.505051 1.00017 -2.18918e-05 -0.000163283
2.13423 0.505051 1.00018 -2.05949e-05 -0.000190489
2.15436 0.505051 1.00019 -1.77129e-05 -0.00021573
2.1745 0.505051 1.0002 -1.34126e-05 -0.000238934
2.19463 0.505051 1.00021 -7.87407e-06 -0.000260039
2.21477 0.505051 1.00021 -1.28692e-06 -0.000278999
2.2349 0.505051 1.00022 6.15453e-06 -0.000295784
2.25503 0.505051 1.00023 1.42554e-05 -0.000310389
2.27517 0.505051 1.00024 2.28247e-05 -0.000322828
2.2953 0.505051 1.00024 3.16789e-05 -0.000333137
2.31544 0.505051 1.00024 4.06449e-05 -0.000341374
2.33557 0.505051 1.00025 4.95632e-05 -0.000347613
2.3557 0.505051 1.00025 5.82891e-05 -0.000351946
2.37584 0.505051 1.00025 6.6694e-05 -0.000354475
2.39597 0.505051 1.00025 7.46663e-05 -0.000355315
2.41611 0.505051 1.00025 8.21112e-05 -0.000354587
2.43624 0.505051 1.00025 8.89504e-05 -0.000352415
2.45638 0.505051 1.00025 9.51212e-05 -0.000348926
2.47651 0.505051 1.00025 0.000100576 -0.000344244
2.49664 0.505051 1.00025 0.000105281 -0.000338494
2.51678 0.505051 1.00025 0.000109213 -0.000331791
2.53691 0.505051 1.00024 0.000112362 -0.000324248
2.55705 0.505051 1.00024 0.000114727 -0.000315968
2.57718 0.505051 1.00024 0.000116314 -0.000307043
2.59732 0.505051 1.00023 0.000117136 -0.00029756
2.61745 0.505051 1.00023 0.000117211 -0.00028759
2.63758 0.505051 1.00022 0.000116562 -0.000277194
2.65772 0.505051 1.00022 0.000115213 -0.000266422
2.67785 0.505051 1.00021 0.000113192 -0.000255309
2.69799 0.505051 1.00021 0.000110526 -0.000243878
2.71812 0.505051 1.0002 0.00010724 -0.000232137
2.73826 0.505051 1.0002 0.000103359 -0.000220079
2.75839 0.505051 1.00019 9.89043e-05 -0.000207682
2.77852 0.505051 1.00019 9.38941e-05 -0.00019491
2.79866 0.505051 1.00018 8.8341e-05 -0.000181706
2.81879 0.505051 1.00018 8.2252e-05 -0.000168
2.83893 0.505051 1.00017 7.5627e-05 -0.0001537
2.85906 0.505051 1.00017 6.84578e-05 -0.000138697
2.87919 0.505051 1.00016 6.07265e-05 -0.000122859
2.89933 0.505051 1.00016 5.24049e-05 -0.000106034
2.91946 0.505051 1.00015 4.34522e-05 -8.8044e-05
2.9396 0.505051 1.00015 3.38144e-05 -6.86885e-05
2.95973 0.505051 1.00015 2.34213e-05 -4.77389e-05
2.97987 0.505051 1.00014 1.21869e-05 -2.49385e-05
3 0.505051 1.00014 0 0

0 0.525253 1 0.1 0
0.0201342 0.525253 1.1361 0.087285 0.00477822
0.0402685 0.525253 1.14805 0.085648 0.00935861
0.0604027 0.525253 1.14846 0.0849275 0.0137244
0.0805369 0.525253 1.14858 0.0842336 0.0178579
0.100671 0.525253 1.14857 0.0835296 0.0217421
0.120805 0.525253 1.14844 0.0827924 0.0253636
0.14094 0.525253 1.1482 0.0820001 0.0287132
0.161074 0.525253 1.14785 0.0811326 0.0317857
0.181208 0.525253 1.1474 0.0801727 0.0345794
0.201342 0.525253 1.14687 0.0791061 0.0370961
0.221477 0.525253 1.14627 0.077922 0.0393408
0.241611 0.525253 1.14561 0.0766129 0.0413208
0.261745 0.525253 1.1449 0.0751742 0.0430456
0.281879 0.525253 1.14415 0.0736046 0.0445261
0.302013 0.525253 1.14337 0.0719051 0.0457743
0.322148 0.525253 1.14259 0.0700793 0.0468024
0.342282 0.525253 1.14179 0.0681325 0.0476232
0.362416 0.525253 1.141 0.0660714 0.048249
0.38255 0.525253 1.14022 0.0639042 0.0486918
0.402685 0.525253 1.13946 0.0616399 0.0489627
0.422819 0.525253 1.13872 0.0592879 0.0490721
0.442953 0.525253 1.13801 0.0568583 0.0490293
0.463087 0.525253 1.13734 0.0543614 0.0488425
0.483221 0.525253 1.1367 0.0518073 0.0485191
0.503356 0.525253 1.13611 0.0492066 0.048065
0.52349 0.525253 1.13557 0.0465694 0.0474851
0.543624 0.525253 1.13508 0.0439058 0.0467834
0.563758 0.525253 1.13465 0.0412259 0.0459627
0.583893 0.525253 1.13427 0.0385396 0.045025
0.604027 0.525253 1.13395 0.0358568 0.0439713
0.624161 0.525253 1.13369 0.0331872 0.042802
0.644295 0.525253 1.1335 0.0305407 0.0415166
0.66443 0.525253 1.13338 0.0279273 0.0401142
0.684564 0.525253 1.13333 0.0253571 0.0385934
0.704698 0.525253 1.13335 0.0228403 0.0369522
0.724832 0.525253 1.13345 0.0203877 0.0351886
0.744966 0.525253 1.13362 0.0180102 0.0333003
0.765101 0.525253 1.13387 0.0157193 0.0312848
0.785235 0.525253 1.1342 0.0135267 0.0291396
0.805369 0.525253 1.13462 0.0114449 0.0268623
0.825503 0.525253 1.13512 0.00948678 0.0244504
0.845638 0.525253 1.13571 0.00766573 0.0219015
0.865772 0.525253 1.13639 0.00599576 0.0192133
0.885906 0.525253 1.13716 0.00449134 0.0163832
0.90604 0.525253 1.13803 0.00316762 0.0134087
0.926174 0.525253 1.13898 0.00204004 0.0102868
0.946309 0.525253 1.14005 0.00112505 0.00701421
0.966443 0.525253 1.1412 0.000439084 0.00358682
0.986577 0.525253 1.14248 0 0
1.00671 0.525253 0 0 0
1.02685 0.525253 0 0 0
1.04698 0.525253 0 0 0
1.06711 0.525253 0 0 0
1.08725 0.525253 0 0 0
1.10738 0.525253 0 0 0
1.12752 0.525253 0 0 0
1.14765 0.525253 0 0 0
1.16779 0.525253 0 0 0
1.18792 0.525253 0 0 0
1.20805 0.525253 0 0 0
1.22819 0.525253 0 0 0
1.24832 0.525253 0 0 0
1.26846 0.525253 0 0 0
1.28859 0.525253 0 0 0
1.30872 0.525253 0 0 0
1.32886 0.525253 0 0 0
1.34899 0.525253 0 0 0
1.36913 0.525253 0 0 0
1.38926 0.525253 0 0 0
1.4094 0.525253 0 0 0
1.42953 0.525253 0 0 0
1.44966 0.525253 0 0 0
1.4698 0.525253 0 0 0
1.48993 0.525253 0 0 0
1.51007 0.525253 0 0 0
1.5302 0.525253 0 0 0
1.55034 0.525253 0 0 0
1.57047 0.525253 0 0 0
1.5906 0.525253 0 0 0
1.61074 0.525253 0 0 0
1.63087 0.525253 0 0 0
1.65101 0.525253 0 0 0
1.67114 0.525253 0 0 0
1.69128 0.525253 0 0 0
1.71141 0.525253 0 0 0
1.73154 0.525253 0 0 0
1.75168 0.525253 0 0 0
1.77181 0.525253 0 0 0
1.79195 0.525253 0 0 0
1.81208 0.525253 0 0 0
1.83221 0.525253 0 0 0
1.85235 0.525253 0 0 0
1.87248 0.525253 0 0 0
1.89262 0.525253 0 0 0
1.91275 0.525253 0 0 0
1.93289 0.525253 0 0 0
1.95302 0.525253 0 0 0
1.97315 0.525253 0 0 0
1.99329 0.525253 0 0 0
2.01342 0.525253 1.00012 0 0
2.03356 0.525253 1.00014 -8.97098e-06 -3.90538e-05
2.05369 0.525253 1.00015 -1.55949e-05 -7.631e-05
2.07383 0.525253 1.00016 -1.99448e-05 -0.000111751
2.09396 0.525253 1.00017 -2.21188e-05 -0.000145322
2.11409 0.525253 1.00018 -2.22375e-05 -0.000176942
2.13423 0.525253 1.00019 -2.04467e-05 -0.000206515
2.15436 0.525253 1.0002 -1.69154e-05 -0.000233942
2.1745 0.525253 1.00021 -1.18335e-05 -0.00025913
2.19463 0.525253 1.00022 -5.40664e-06 -0.000281999
2.21477 0.525253 1.00023 2.1486e-06 -0.000302489
2.2349 0.525253 1.00024 1.06105e-05 -0.000320567
2.25503 0.525253 1.00025 1.97574e-05 -0.000336224
2.27517 0.525253 1.00026 2.93734e-05 -0.000349478
2.2953 0.525253 1.00026 3.92522e-05 -0.000360374
2.31544 0.525253 1.00027 4.92009e-05 -0.00036898
2.33557 0.525253 1.00027 5.90429e-05 -0.000375387
2.3557 0.525253 1.00027 6.86198e-05 -0.000379702
2.37584 0.525253 1.00027 7.77922e-05 -0.000382045
2.39597 0.525253 1.00028 8.64406e-05 -0.000382551
2.41611 0.525253 1.00028 9.4465e-05 -0.000381357
2.43624 0.525253 1.00028 0.000101784 -0.000378608
2.45638 0.525253 1.00027 0.000108335 -0.000374447
2.47651 0.525253 1.00027 0.00011407 -0.000369017
2.49664 0.525253 1.00027 0.000118957 -0.000362455
2.51678 0.525253 1.00027 0.000122979 -0.000354894
2.53691 0.525253 1.00026 0.000126129 -0.000346456
2.55705 0.525253 1.00026 0.000128409 -0.000337257
2.57718 0.525253 1.00026 0.000129833 -0.0003274
2.59732 0.525253 1.00025 0.000130418 -0.000316977
2.61745 0.525253 1.00025 0.000130189 -0.000306067
2.63758 0.525253 1.00024 0.000129174 -0.000294739
2.65772 0.525253 1.00024 0.000127404 -0.000283043
2.67785 0.525253 1.00023 0.00012491 -0.000271019
2.69799 0.525253 1.00023 0.000121725 -0.000258691
2.71812 0.525253 1.00022 0.000117879 -0.000246066
2.73826 0.525253 1.00021 0.000113402 -0.000233137
2.75839 0.525253 1.00021 0.000108318 -0.00021988
2.77852 0.525253 1.0002 0.000102649 -0.000206254
2.79866 0.525253 1.0002 9.64105e-05 -0.000192199
2.81879 0.525253 1.00019 8.96123e-05 -0.000177637
2.83893 0.525253 1.00019 8.22561e-05 -0.000162471
2.85906 0.525253 1.00018 7.43349e-05 -0.00014658
2.87919 0.525253 1.00018 6.58317e-05 -0.000129824
2.89933 0.525253 1.00017 5.67182e-05 -0.000112037
2.91946 0.525253 1.00017 4.69531e-05 -9.30297e-05
2.9396 0.525253 1.00016 3.64807e-05 -7.25839e-05
2.95973 0.525253 1.00016 2.52284e-05 -5.04537e-05
2.97987 0.525253 1.00015 1.31069e-05 -2.63625e-05
3 0.525253 1.00015 0 0

0 0.545455 1 0.1 0
0.0201342 0.545455 1.13483 0.0873792 0.00474359
0.0402685 0.545455 1.14667 0.0857304 0.00930816
0.0604027 0.545455 1.14706 0.0849858 0.013679
0.0805369 0.545455 1.14713 0.0842603 0.0178393
0.100671 0.545455 1.14709 0.0835186 0.0217723
0.120805 0.545455 1.14694 0.0827392 0.0254636
0.14094 0.545455 1.14668 0.0819023 0.0289022
0.161074 0.545455 1.14632 0.08099 0.0320801
0.181208 0.545455 1.14588 0.0799867 0.0349929
0.201342 0.545455 1.14535 0.0788799 0.0376394
0.221477 0.545455 1.14477 0.0776602 0.0400212
0.241611 0.545455 1.14412 0.0763208 0.0421426
0.261745 0.545455 1.14343 0.0748581 0.0440102
0.281879 0.545455 1.14271 0.0732711 0.0456325
0.302013 0.545455 1.14197 0.0715609 0.047019
0.322148 0.545455 1.14121 0.0697308 0.0481803
0.342282 0.545455 1.14045 0.0677858 0.0491276
0.362416 0.545455 1.13969 0.0657321 0.0498719
0.38255 0.545455 1.13894 0.0635773 0.0504244
0.402685 0.545455 1.13821 0.0613294 0.0507956
0.422819 0.545455 1.1375 0.0589974 0.0509953
0.442953 0.545455 1.13682 0.0565905 0.0510327
0.463087 0.545455 1.13618 0.0541181 0.0509159
0.483221 0.545455 1.13557 0.0515898 0.0506522
0.503356 0.545455 1.13501 0.0490153 0.0502474
0.52349 0.545455 1.13449 0.0464041 0.0497068
0.543624 0.545455 1.13402 0.0437659 0.0490343
0.563758 0.545455 1.1336 0.0411103 0.0482328
0.583893 0.545455 1.13325 0.0384467 0.0473044
0.604027 0.545455 1.13294 0.0357846 0.0462501
0.624161 0.545455 1.13271 0.0331337 0.0450701
0.644295 0.545455 1.13253 0.0305036 0.0437641
0.66443 0.545455 1.13242 0.0279042 0.0423308
0.684564 0.545455 1.13238 0.0253455 0.0407687
0.704698 0.545455 1.13241 0.022838 0.0390754
0.724832 0.545455 1.13252 0.0203925 0.0372486
0.744966 0.545455 1.1327 0.01802 0.0352854
0.765101 0.545455 1.13296 0.0157324 0.0331831
0.785235 0.545455 1.13331 0.0135416 0.0309386
0.805369 0.545455 1.13373 0.0114605 0.0285489
0.825503 0.545455 1.13424 0.0095022 0.026011
0.845638 0.545455 1.13484 0.00768041 0.0233221
0.865772 0.545455 1.13552 0.00600939 0.0204791
0.885906 0.545455 1.1363 0.00450376 0.0174791
0.90604 0.545455 1.13717 0.00317872 0.0143191
0.926174 0.545455 1.13812 0.00204962 0.0109954
0.946309 0.545455 1.13919 0.00113262 0.00750423
0.966443 0.545455 1.14033 0.000443709 0.00384088
0.986577 0.545455 1.1416 0 0
1.00671 0.545455 0 0 0
1.02685 0.545455 0 0 0
1.04698 0.545455 0 0 0
1.06711 0.545455 0 0 0
1.08725 0.545455 0 0 0
1.10738 0.545455 0 0 0
1.12752 0.545455 0 0 0
1.14765 0.545455 0 0 0
1.16779 0.545455 0 0 0
1.18792 0.545455 0 0 0
1.20805 0.545455 0 0 0
1.22819 0.545455 0 0 0
1.24832 0.545455 0 0 0
1.26846 0.545455 0 0 0
1.28859 0.545455 0 0 0
1.30872 0.545455 0 0 0
1.32886 0.545455 0 0 0
1.34899 0.545455 0 0 0
1.36913 0.545455 0 0 0
1.38926 0.545455 0 0 0
1.4094 0.545455 0 0 0
1.42953 0.545455 0 0 0
1.44966 0.545455 0 0 0
1.4698 0.545455 0 0 0
1.48993 0.545455 0 0 0
1.51007 0.545455 0 0 0
1.5302 0.545455 0 0 0
1.55034 0.545455 0 0 0
1.57047 0.545455 0 0 0
1.5906 0.545455 0 0 0
1.61074 0.545455 0 0 0
1.63087 0.545455 0 0 0
1.65101 0.545455 0 0 0
1.67114 0.545455 0 0 0
1.69128 0.545455 0 0 0
1.71141 0.545455 0 0 0
1.73154 0.545455 0 0 0
1.75168 0.545455 0 0 0
1.77181 0.545455 0 0 0
1.79195 0.545455 0 0 0
1.81208 0.545455 0 0 0
1.83221 0.545455 0 0 0
1.85235 0.545455 0 0 0
1.87248 0.545455 0 0 0
1.89262 0.545455 0 0 0
1.91275 0.545455 0 0 0
1.93289 0.545455 0 0 0
1.95302 0.545455 0 0 0
1.97315 0.545455 0 0 0
1.99329 0.545455 0 0 0
2.01342 0.545455 1.00013 0 0
2.03356 0.545455 1.00015 -9.43066e-06 -4.21961e-05
2.05369 0.545455 1.00016 -1.62955e-05 -8.25446e-05
2.07383 0.545455 1.00017 -2.06627e-05 -0.000121002
2.09396 0.545455 1.00018 -2.26337e-05 -0.000157483
2.11409 0.545455 1.0002 -2.23392e-05 -0.000191873
2.13423 0.545455 1.00021 -1.99418e-05 -0.000224042
2.15436 0.545455 1.00022 -1.56336e-05 -0.000253861
2.1745 0.545455 1.00023 -9.63147e-06 -0.00028121
2.19463 0.545455 1.00024 -2.17179e-06 -0.000305989
2.21477 0.545455 1.00025 6.49694e-06 -0.000328124
2.2349 0.545455 1.00026 1.6121e-05 -0.000347576
2.25503 0.545455 1.00027 2.64483e-05 -0.000364334
2.27517 0.545455 1.00028 3.72344e-05 -0.000378424
2.2953 0.545455 1.00028 4.82477e-05 -0.0003899
2.31544 0.545455 1.00029 5.92737e-05 -0.000398846
2.33557 0.545455 1.00029 7.01178e-05 -0.00040537
2.3557 0.545455 1.0003 8.06072e-05 -0.000409599
2.37584 0.545455 1.0003 9.05919e-05 -0.000411675
2.39597 0.545455 1.0003 9.9945e-05 -0.000411754
2.41611 0.545455 1.0003 0.000108562 -0.000409997
2.43624 0.545455 1.0003 0.00011636 -0.000406566
2.45638 0.545455 1.0003 0.000123276 -0.000401628
2.47651 0.545455 1.00029 0.000129266 -0.000395341
2.49664 0.545455 1.00029 0.000134301 -0.000387862
2.51678 0.545455 1.00029 0.000138368 -0.000379337
2.53691 0.545455 1.00028 0.000141465 -0.000369905
2.55705 0.545455 1.00028 0.000143603 -0.00035969
2.57718 0.545455 1.00028 0.0001448 -0.000348807
2.59732 0.545455 1.00027 0.000145081 -0.000337358
2.61745 0.545455 1.00027 0.000144478 -0.000325427
2.63758 0.545455 1.00026 0.000143024 -0.000313089
2.65772 0.545455 1.00025 0.000140756 -0.000300398
2.67785 0.545455 1.00025 0.000137714 -0.000287396
2.69799 0.545455 1.00024 0.000133933 -0.000274109
2.71812 0.545455 1.00024 0.000129451 -0.000260544
2.73826 0.545455 1.00023 0.000124301 -0.000246692
2.75839 0.545455 1.00022 0.000118512 -0.000232527
2.77852 0.545455 1.00022 0.000112109 -0.000218003
2.79866 0.545455 1.00021 0.000105112 -0.000203056
2.81879 0.545455 1.00021 9.75333e-05 -0.000187601
2.83893 0.545455 1.0002 8.93755e-05 -0.000171531
2.85906 0.545455 1.0002 8.06338e-05 -0.000154719
2.87919 0.545455 1.00019 7.1292e-05 -0.000137011
2.89933 0.545455 1.00018 6.1322e-05 -0.000118231
2.91946 0.545455 1.00018 5.06818e-05 -9.81724e-05
2.9396 0.545455 1.00017 3.93142e-05 -7.66019e-05
2.95973 0.545455 1.00017 2.71446e-05 -5.32545e-05
2.97987 0.545455 1.00016 1.40802e-05 -2.78318e-05
3 0.545455 1.00016 0 0

0 0.565657 1 0.1 0
0.0201342 0.565657 1.13364 0.0874683 0.00471869
0.0402685 0.565657 1.14539 0.0858099 0.00927643
0.0604027 0.565657 1.14574 0.085044 0.0136602
0.0805369 0.565657 1.14578 0.0842902 0.017854
0.100671 0.565657 1.1457 0.0835132 0.0218409
0.120805 0.565657 1.14552 0.0826934 0.0256052
0.14094 0.565657 1.14523 0.0818127 0.0291342
0.161074 0.565657 1.14486 0.0808548 0.0324173
0.181208 0.565657 1.1444 0.0798063 0.0354475
0.201342 0.565657 1.14388 0.0786562 0.0382203
0.221477 0.565657 1.14329 0.0773965 0.0407347
0.241611 0.565657 1.14265 0.0760219 0.0429921
0.261745 0.565657 1.14198 0.0745297 0.0449966
0.281879 0.565657 1.14127 0.0729192 0.0467543
0.302013 0.565657 1.14055 0.0711922 0.0482728
0.322148 0.565657 1.13981 0.069352 0.0495612
0.342282 0.565657 1.13907 0.0674032 0.0506292
0.362416 0.565657 1.13834 0.065352 0.0514868
0.38255 0.565657 1.13762 0.063205 0.0521443
0.402685 0.565657 1.13691 0.0609701 0.0526118
0.422819 0.565657 1.13623 0.0586552 0.0528986
0.442953 0.565657 1.13558 0.0562689 0.0530137
0.463087 0.565657 1.13496 0.0538198 0.052965
0.483221 0.565657 1.13437 0.0513168 0.0527597
0.503356 0.565657 1.13383 0.0487688 0.0524039
0.52349 0.565657 1.13334 0.0461848 0.0519025
0.543624 0.565657 1.13289 0.0435738 0.0512598
0.563758 0.565657 1.13249 0.0409446 0.0504785
0.583893 0.565657 1.13215 0.0383065 0.0495607
0.604027 0.565657 1.13187 0.0356684 0.0485075
0.624161 0.565657 1.13164 0.0330396 0.0473189
0.644295 0.565657 1.13148 0.0304296 0.0459943
0.66443 0.565657 1.13139 0.0278479 0.0445323
0.684564 0.565657 1.13136 0.0253047 0.0429309
0.704698 0.565657 1.1314 0.0228103 0.0411876
0.724832 0.565657 1.13152 0.0203755 0.0392994
0.744966 0.565657 1.13171 0.0180116 0.0372631
0.765101 0.565657 1.13198 0.0157305 0.0350754
0.785235 0.565657 1.13233 0.0135445 0.0327327
0.805369 0.565657 1.13276 0.0114667 0.0302314
0.825503 0.565657 1.13328 0.00951058 0.0275681
0.845638 0.565657 1.13388 0.00769007 0.0247393
0.865772 0.565657 1.13457 0.0060197 0.0217417
0.885906 0.565657 1.13535 0.00451424 0.0185717
0.90604 0.565657 1.13622 0.00318896 0.015226
0.926174 0.565657 1.13718 0.00205909 0.0117006
0.946309 0.565657 1.13823 0.00114049 0.0079914
0.966443 0.565657 1.13937 0.000448702 0.00409312
0.986577 0.565657 1.14062 0 0
1.00671 0.565657 0 0 0
1.02685 0.565657 0 0 0
1.04698 0.565657 0 0 0
1.06711 0.565657 0 0 0
1.08725 0.565657 0 0 0
1.10738 0.565657 0 0 0
1.12752 0.565657 0 0 0
1.14765 0.565657 0 0 0
1.16779 0.565657 0 0 0
1.18792 0.565657 0 0 0
1.20805 0.565657 0 0 0
1.22819 0.565657 0 0 0
1.24832 0.565657 0 0 0
1.26846 0.565657 0 0 0
1.28859 0.565657 0 0 0
1.30872 0.565657 0 0 0
1.32886 0.565657 0 0 0
1.34899 0.565657 0 0 0
1.36913 0.565657 0 0 0
1.38926 0.565657 0 0 0
1.4094 0.565657 0 0 0
1.42953 0.565657 0 0 0
1.44966 0.565657 0 0 0
1.4698 0.565657 0 0 0
1.48993 0.565657 0 0 0
1.51007 0.565657 0 0 0
1.5302 0.565657 0 0 0
1.55034 0.565657 0 0 0
1.57047 0.565657 0 0 0
1.5906 0.565657 0 0 0
1.61074 0.565657 0 0 0
1.63087 0.565657 0 0 0
1.65101 0.565657 0 0 0
1.67114 0.565657 0 0 0
1.69128 0.565657 0 0 0
1.71141 0.565657 0 0 0
1.73154 0.565657 0 0 0
1.75168 0.565657 0 0 0
1.77181 0.565657 0 0 0
1.79195 0.565657 0 0 0
1.81208 0.565657 0 0 0
1.83221 0.565657 0 0 0
1.85235 0.565657 0 0 0
1.87248 0.565657 0 0 0
1.89262 0.565657 0 0 0
1.91275 0.565657 0 0 0
1.93289 0.565657 0 0 0
1.95302 0.565657 0 0 0
1.97315 0.565657 0 0 0
1.99329 0.565657 0 0 0
2.01342 0.565657 1.00014 0 0
2.03356 0.565657 1.00015 -9.8797e-06 -4.56122e-05
2.05369 0.565657 1.00017 -1.69503e-05 -8.93395e-05
2.07383 0.565657 1.00018 -2.12727e-05 -0.000131105
2.09396 0.565657 1.0002 -2.29516e-05 -0.000170783
2.11409 0.565657 1.00021 -2.21296e-05 -0.000208218
2.13423 0.565657 1.00022 -1.89899e-05 -0.000243237
2.15436 0.565657 1.00024 -1.3752e-05 -0.000275673
2.1745 0.565657 1.00025 -6.66632e-06 -0.000305375
2.19463 0.565657 1.00026 1.99445e-06 -0.000332218
2.21477 0.565657 1.00027 1.1944e-05 -0.000356116
2.2349 0.565657 1.00028 2.28912e-05 -0.000377019
2.25503 0.565657 1.00029 3.45488e-05 -0.000394922
2.27517 0.565657 1.0003 4.66404e-05 -0.000409856
2.2953 0.565657 1.00031 5.89066e-05 -0.000421892
2.31544 0.565657 1.00031 7.11094e-05 -0.000431132
2.33557 0.565657 1.00032 8.30352e-05 -0.000437705
2.3557 0.565657 1.00032 9.44969e-05 -0.000441763
2.37584 0.565657 1.00032 0.000105334 -0.000443474
2.39597 0.565657 1.00032 0.000115414 -0.000443018
2.41611 0.565657 1.00032 0.000124629 -0.00044058
2.43624 0.565657 1.00032 0.000132895 -0.00043635
2.45638 0.565657 1.00032 0.000140152 -0.000430513
2.47651 0.565657 1.00032 0.00014636 -0.000423251
2.49664 0.565657 1.00032 0.000151494 -0.000414737
2.51678 0.565657 1.00031 0.000155549 -0.000405135
2.53691 0.565657 1.00031 0.00015853 -0.000394597
2.55705 0.565657 1.0003 0.000160455 -0.000383263
2.57718 0.565657 1.0003 0.00016135 -0.000371257
2.59732 0.565657 1.00029 0.000161247 -0.000358688
2.61745 0.565657 1.00029 0.000160187 -0.00034565
2.63758 0.565657 1.00028 0.00015821 -0.000332221
2.65772 0.565657 1.00027 0.000155361 -0.000318462
2.67785 0.565657 1.00027 0.000151684 -0.000304415
2.69799 0.565657 1.00026 0.000147223 -0.000290106
2.71812 0.565657 1.00025 0.00014202 -0.000275544
2.73826 0.565657 1.00025 0.000136113 -0.000260717
2.75839 0.565657 1.00024 0.000129536 -0.000245596
2.77852 0.565657 1.00023 0.00012232 -0.00023013
2.79866 0.565657 1.00023 0.000114485 -0.000214251
2.81879 0.565657 1.00022 0.000106047 -0.000197865
2.83893 0.565657 1.00022 9.70127e-05 -0.000180858
2.85906 0.565657 1.00021 8.73771e-05 -0.000163092
2.87919 0.565657 1.0002 7.71256e-05 -0.000144403
2.89933 0.565657 1.0002 6.62302e-05 -0.000124598
2.91946 0.565657 1.00019 5.46486e-05 -0.000103458
2.9396 0.565657 1.00019 4.23223e-05 -8.07318e-05
2.95973 0.565657 1.00018 2.91742e-05 -5.61335e-05
2.97987 0.565657 1.00018 1.51087e-05 -2.93427e-05
3 0.565657 1.00017 0 0

0 0.585859 1 0.1 0
0.0201342 0.585859 1.13252 0.0875526 0.00470208
0.0402685 0.585859 1.14418 0.0858864 0.00926118
0.0604027 0.585859 1.1445 0.0851018 0.0136656
0.0805369 0.585859 1.1445 0.084322 0.0179
0.100671 0.585859 1.14438 0.0835119 0.0219465
0.120805 0.585859 1.14417 0.0826529 0.0257883
0.14094 0.585859 1.14385 0.0817283 0.0294104
0.161074 0.585859 1.14345 0.0807238 0.0327998
0.181208 0.585859 1.14297 0.0796277 0.0359465
0.201342 0.585859 1.14243 0.0784309 0.0388434
0.221477 0.585859 1.14184 0.0771271 0.0414867
0.241611 0.585859 1.1412 0.0757124 0.0438753
0.261745 0.585859 1.14052 0.0741852 0.046011
0.281879 0.585859 1.13983 0.0725459 0.0478979
0.302013 0.585859 1.13911 0.0707967 0.049542
0.322148 0.585859 1.13839 0.0689411 0.0509509
0.342282 0.585859 1.13767 0.0669838 0.0521332
0.362416 0.585859 1.13695 0.0649307 0.0530982
0.38255 0.585859 1.13625 0.0627881 0.0538554
0.402685 0.585859 1.13557 0.0605632 0.0544143
0.422819 0.585859 1.13491 0.0582633 0.0547842
0.442953 0.585859 1.13428 0.0558961 0.0549735
0.463087 0.585859 1.13368 0.0534698 0.0549903
0.483221 0.585859 1.13312 0.0509922 0.0548416
0.503356 0.585859 1.1326 0.0484716 0.0545334
0.52349 0.585859 1.13212 0.0459162 0.0540708
0.543624 0.585859 1.13169 0.0433343 0.0534577
0.563758 0.585859 1.13131 0.0407342 0.0526972
0.583893 0.585859 1.13099 0.0381245 0.0517911
0.604027 0.585859 1.13072 0.0355136 0.0507403
0.624161 0.585859 1.13051 0.0329105 0.0495447
0.644295 0.585859 1.13036 0.0303242 0.0482034
0.66443 0.585859 1.13027 0.0277641 0.0467148
0.684564 0.585859 1.13026 0.02524 0.0450763
0.704698 0.585859 1.13031 0.0227623 0.0432851
0.724832 0.585859 1.13044 0.0203416 0.0413376
0.744966 0.585859 1.13064 0.0179895 0.0392302
0.765101 0.585859 1.13092 0.0157178 0.0369588
0.785235 0.585859 1.13127 0.0135392 0.0345193
0.805369 0.585859 1.13171 0.0114669 0.0319075
0.825503 0.585859 1.13224 0.00951476 0.0291196
0.845638 0.585859 1.13284 0.00769702 0.0261515
0.865772 0.585859 1.13354 0.00602846 0.0229994
0.885906 0.585859 1.13432 0.00452407 0.0196596
0.90604 0.585859 1.13519 0.00319916 0.0161284
0.926174 0.585859 1.13615 0.00206893 0.0124017
0.946309 0.585859 1.1372 0.00114889 0.00847506
0.966443 0.585859 1.13833 0.000454119 0.00434318
0.986577 0.585859 1.13956 0 0
1.00671 0.585859 0 0 0
1.02685 0.585859 0 0 0
1.04698 0.585859 0 0 0
1.06711 0.585859 0 0 0
1.08725 0.585859 0 0 0
1.10738 0.585859 0 0 0
1.12752 0.585859 0 0 0
1.14765 0.585859 0 0 0
1.16779 0.585859 0 0 0
1.18792 0.585859 0 0 0
1.20805 0.585859 0 0 0
1.22819 0.585859 0 0 0
1.24832 0.585859 0 0 0
1.26846 0.585859 0 0 0
1.28859 0.585859 0 0 0
1.30872 0.585859 0 0 0
1.32886 0.585859 0 0 0
1.34899 0.585859 0 0 0
1.36913 0.585859 0 0 0
1.38926 0.585859 0 0 0
1.4094 0.585859 0 0 0
1.42953 0.585859 0 0 0
1.44966 0.585859 0 0 0
1.4698 0.585859 0 0 0
1.48993 0.585859 0 0 0
1.51007 0.585859 0 0 0
1.5302 0.585859 0 0 0
1.55034 0.585859 0 0 0
1.57047 0.585859 0 0 0
1.5906 0.585859 0 0 0
1.61074 0.585859 0 0 0
1.63087 0.585859 0 0 0
1.65101 0.585859 0 0 0
1.67114 0.585859 0 0 0
1.69128 0.585859 0 0 0
1.71141 0.585859 0 0 0
1.73154 0.585859 0 0 0
1.75168 0.585859 0 0 0
1.77181 0.585859 0 0 0
1.79195 0.585859 0 0 0
1.81208 0.585859 0 0 0
1.83221 0.585859 0 0 0
1.85235 0.585859 0 0 0
1.87248 0.585859 0 0 0
1.89262 0.585859 0 0 0
1.91275 0.585859 0 0 0
1.93289 0.585859 0 0 0
1.95302 0.585859 0 0 0
1.97315 0.585859 0 0 0
1.99329 0.585859 0 0 0
2.01342 0.585859 1.00015 0 0
2.03356 0.585859 1.00016 -1.03104e-05 -4.9331e-05
2.05369 0.585859 1.00018 -1.75397e-05 -9.67574e-05
2.07383 0.585859 1.0002 -2.17382e-05 -0.000142158
2.09396 0.585859 1.00021 -2.30142e-05 -0.000185357
2.11409 0.585859 1.00023 -2.15247e-05 -0.000226144
2.13423 0.585859 1.00024 -1.74782e-05 -0.000264294
2.15436 0.585859 1.00026 -1.11285e-05 -0.000299594
2.1745 0.585859 1.00027 -2.76636e-06 -0.000331854
2.19463 0.585859 1.00028 7.2915e-06 -0.000360924
2.21477 0.585859 1.0003 1.87138e-05 -0.000386701
2.2349 0.585859 1.00031 3.11661e-05 -0.00040913
2.25503 0.585859 1.00032 4.43208e-05 -0.000428208
2.27517 0.585859 1.00033 5.78655e-05 -0.000443982
2.2953 0.585859 1.00033 7.15105e-05 -0.000456539
2.31544 0.585859 1.00034 8.49926e-05 -0.000466006
2.33557 0.585859 1.00034 9.8079e-05 -0.000472539
2.3557 0.585859 1.00035 0.000110569 -0.00047632
2.37584 0.585859 1.00035 0.000122292 -0.000477546
2.39597 0.585859 1.00035 0.000133111 -0.000476427
2.41611 0.585859 1.00035 0.000142917 -0.000473177
2.43624 0.585859 1.00035 0.000151628 -0.000468011
2.45638 0.585859 1.00035 0.000159187 -0.00046114
2.47651 0.585859 1.00034 0.000165561 -0.000452769
2.49664 0.585859 1.00034 0.000170733 -0.000443091
2.51678 0.585859 1.00034 0.000174704 -0.000432288
2.53691 0.585859 1.00033 0.00017749 -0.000420528
2.55705 0.585859 1.00033 0.000179117 -0.000407962
2.57718 0.585859 1.00032 0.000179621 -0.000394728
2.59732 0.585859 1.00031 0.000179044 -0.000380943
2.61745 0.585859 1.00031 0.000177433 -0.000366708
2.63758 0.585859 1.0003 0.000174838 -0.000352106
2.65772 0.585859 1.00029 0.000171312 -0.000337201
2.67785 0.585859 1.00029 0.000166905 -0.000322039
2.69799 0.585859 1.00028 0.000161669 -0.000306646
2.71812 0.585859 1.00027 0.000155652 -0.000291029
2.73826 0.585859 1.00026 0.000148897 -0.000275175
2.75839 0.585859 1.00026 0.000141443 -0.000259051
2.77852 0.585859 1.00025 0.000133325 -0.000242602
2.79866 0.585859 1.00024 0.000124567 -0.000225751
2.81879 0.585859 1.00024 0.000115187 -0.0002084
2.83893 0.585859 1.00023 0.000105195 -0.000190424
2.85906 0.585859 1.00022 9.4587e-05 -0.000171675
2.87919 0.585859 1.00022 8.33503e-05 -0.000151975
2.89933 0.585859 1.00021 7.14568e-05 -0.000131119
2.91946 0.585859 1.00021 5.88638e-05 -0.000108871
2.9396 0.585859 1.0002 4.55117e-05 -8.49608e-05
2.95973 0.585859 1.0002 3.13214e-05 -5.90821e-05
2.97987 0.585859 1.00019 1.61943e-05 -3.08906e-05
3 0.585859 1.00018 0 0

0 0.606061 1 0.1 0
0.0201342 0.606061 1.13148 0.0876318 0.00469246
0.0402685 0.606061 1.14307 0.0859595 0.00926047
0.0604027 0.606061 1.14335 0.0851584 0.0136934
0.0805369 0.606061 1.1433 0.0843548 0.0179757
0.100671 0.606061 1.14314 0.0835128 0.0220886
0.120805 0.606061 1.14288 0.0826149 0.0260134
0.14094 0.606061 1.14253 0.0816458 0.0297325
0.161074 0.606061 1.14209 0.0805927 0.0332303
0.181208 0.606061 1.14158 0.079446 0.0364939
0.201342 0.606061 1.14102 0.0781987 0.0395135
0.221477 0.606061 1.1404 0.0768462 0.0422826
0.241611 0.606061 1.13975 0.0753865 0.0447979
0.261745 0.606061 1.13907 0.0738193 0.0470593
0.281879 0.606061 1.13837 0.0721461 0.0490691
0.302013 0.606061 1.13766 0.0703698 0.050832
0.322148 0.606061 1.13695 0.0684943 0.0523545
0.342282 0.606061 1.13624 0.0665246 0.0536443
0.362416 0.606061 1.13553 0.0644662 0.05471
0.38255 0.606061 1.13485 0.0623253 0.0555607
0.402685 0.606061 1.13418 0.0601083 0.0562056
0.422819 0.606061 1.13354 0.057822 0.0566535
0.442953 0.606061 1.13293 0.0554735 0.056913
0.463087 0.606061 1.13235 0.05307 0.0569918
0.483221 0.606061 1.13181 0.0506186 0.056897
0.503356 0.606061 1.1313 0.0481268 0.0566346
0.52349 0.606061 1.13084 0.045602 0.0562095
0.543624 0.606061 1.13043 0.0430517 0.0556257
0.563758 0.606061 1.13006 0.0404836 0.054886
0.583893 0.606061 1.12975 0.0379055 0.0539922
0.604027 0.606061 1.1295 0.0353254 0.0529449
0.624161 0.606061 1.1293 0.0327517 0.0517439
0.644295 0.606061 1.12916 0.0301929 0.0503878
0.66443 0.606061 1.12909 0.0276581 0.0488746
0.684564 0.606061 1.12908 0.0251569 0.0472013
0.704698 0.606061 1.12914 0.0226993 0.0453645
0.724832 0.606061 1.12928 0.020296 0.0433601
0.744966 0.606061 1.12949 0.0179585 0.0411836
0.765101 0.606061 1.12977 0.0156988 0.0388305
0.785235 0.606061 1.13014 0.0135297 0.036296
0.805369 0.606061 1.13059 0.0114647 0.0335753
0.825503 0.606061 1.13111 0.00951782 0.0306638
0.845638 0.606061 1.13173 0.0077038 0.0275572
0.865772 0.606061 1.13243 0.00603767 0.0242512
0.885906 0.606061 1.13321 0.00453468 0.020742
0.90604 0.606061 1.13408 0.0032103 0.0170256
0.926174 0.606061 1.13503 0.00207969 0.0130979
0.946309 0.606061 1.13608 0.00115805 0.00895477
0.966443 0.606061 1.1372 0.00046002 0.00459079
0.986577 0.606061 1.13841 0 0
1.00671 0.606061 0 0 0
1.02685 0.606061 0 0 0
1.04698 0.606061 0 0 0
1.06711 0.606061 0 0 0
1.08725 0.606061 0 0 0
1.10738 0.606061 0 0 0
1.12752 0.606061 0 0 0
1.14765 0.606061 0 0 0
1.16779 0.606061 0 0 0
1.18792 0.606061 0 0 0
1.20805 0.606061 0 0 0
1.22819 0.606061 0 0 0
1.24832 0.606061 0 0 0
1.26846 0.606061 0 0 0
1.28859 0.606061 0 0 0
1.30872 0.606061 0 0 0
1.32886 0.606061 0 0 0
1.34899 0.606061 0 0 0
1.36913 0.606061 0 0 0
1.38926 0.606061 0 0 0
1.4094 0.606061 0 0 0
1.42953 0.606061 0 0 0
1.44966 0.606061 0 0 0
1.4698 0.606061 0 0 0
1.48993 0.606061 0 0 0
1.51007 0.606061 0 0 0
1.5302 0.606061 0 0 0
1.55034 0.606061 0 0 0
1.57047 0.606061 0 0 0
1.5906 0.606061 0 0 0
1.61074 0.606061 0 0 0
1.63087 0.606061 0 0 0
1.65101 0.606061 0 0 0
1.67114 0.606061 0 0 0
1.69128 0.606061 0 0 0
1.71141 0.606061 0 0 0
1.73154 0.606061 0 0 0
1.75168 0.606061 0 0 0
1.77181 0.606061 0 0 0
1.79195 0.606061 0 0 0
1.81208 0.606061 0 0 0
1.83221 0.606061 0 0 0
1.85235 0.606061 0 0 0
1.87248 0.606061 0 0 0
1.89262 0.606061 0 0 0
1.91275 0.606061 0 0 0
1.93289 0.606061 0 0 0
1.95302 0.606061 0 0 0
1.97315 0.606061 0 0 0
1.99329 0.606061 0 0 0
2.01342 0.606061 1.00016 0 0
2.03356 0.606061 1.00017 -1.07131e-05 -5.33869e-05
2.05369 0.606061 1.00019 -1.80388e-05 -0.000104873
2.07383 0.606061 1.00021 -2.20128e-05 -0.000154279
2.09396 0.606061 1.00023 -2.27478e-05 -0.000201364
2.11409 0.606061 1.00024 -2.04189e-05 -0.000245846
2.13423 0.606061 1.00026 -1.52664e-05 -0.00028744
2.15436 0.606061 1.00028 -7.58687e-06 -0.000325872
2.1745 0.606061 1.00029 2.27937e-06 -0.000360912
2.19463 0.606061 1.00031 1.39623e-05 -0.000392376
2.21477 0.606061 1.00032 2.70775e-05 -0.000420146
2.2349 0.606061 1.00033 4.12396e-05 -0.000444164
2.25503 0.606061 1.00034 5.6075e-05 -0.000464435
2.27517 0.606061 1.00035 7.12318e-05 -0.000481022
2.2953 0.606061 1.00036 8.63871e-05 -0.00049404
2.31544 0.606061 1.00037 0.000101252 -0.000503643
2.33557 0.606061 1.00037 0.000115574 -0.000510024
2.3557 0.606061 1.00038 0.000129139 -0.000513397
2.37584 0.606061 1.00038 0.000141771 -0.000513995
2.39597 0.606061 1.00038 0.000153329 -0.000512063
2.41611 0.606061 1.00038 0.000163704 -0.000507846
2.43624 0.606061 1.00038 0.00017282 -0.000501591
2.45638 0.606061 1.00037 0.000180626 -0.000493534
2.47651 0.606061 1.00037 0.000187097 -0.000483907
2.49664 0.606061 1.00037 0.000192227 -0.000472924
2.51678 0.606061 1.00036 0.000196027 -0.000460785
2.53691 0.606061 1.00036 0.000198523 -0.000447676
2.55705 0.606061 1.00035 0.000199753 -0.000433762
2.57718 0.606061 1.00034 0.000199762 -0.000419189
2.59732 0.606061 1.00034 0.000198604 -0.000404087
2.61745 0.606061 1.00033 0.000196335 -0.000388562
2.63758 0.606061 1.00032 0.000193015 -0.000372702
2.65772 0.606061 1.00031 0.000188705 -0.000356574
2.67785 0.606061 1.00031 0.000183463 -0.000340227
2.69799 0.606061 1.0003 0.000177348 -0.000323686
2.71812 0.606061 1.00029 0.000170414 -0.000306958
2.73826 0.606061 1.00028 0.000162711 -0.000290026
2.75839 0.606061 1.00028 0.000154283 -0.000272853
2.77852 0.606061 1.00027 0.000145168 -0.000255379
2.79866 0.606061 1.00026 0.000135394 -0.000237521
2.81879 0.606061 1.00025 0.000124984 -0.000219172
2.83893 0.606061 1.00025 0.000113948 -0.000200198
2.85906 0.606061 1.00024 0.000102285 -0.000180438
2.87919 0.606061 1.00023 8.99832e-05 -0.000159703
2.89933 0.606061 1.00023 7.70148e-05 -0.000137772
2.91946 0.606061 1.00022 6.3337e-05 -0.000114393
2.9396 0.606061 1.00022 4.88891e-05 -8.92745e-05
2.95973 0.606061 1.00021 3.35901e-05 -6.20901e-05
2.97987 0.606061 1.0002 1.73386e-05 -3.247e-05
3 0.606061 1.0002 0 0

0 0.626263 1 0.1 0
0.0201342 0.626263 1.13053 0.0877056 0.00468864
0.0402685 0.626263 1.14204 0.0860286 0.00927262
0.0604027 0.626263 1.14228 0.0852131 0.0137419
0.0805369 0.626263 1.14219 0.0843869 0.0180803
0.100671 0.626263 1.14197 0.0835137 0.0222674
0.120805 0.626263 1.14166 0.0825763 0.0262819
0.14094 0.626263 1.14125 0.0815607 0.0301032
0.161074 0.626263 1.14077 0.0804561 0.0337127
0.181208 0.626263 1.14022 0.079255 0.0370945
0.201342 0.626263 1.13962 0.0779526 0.0402358
0.221477 0.626263 1.13898 0.0765466 0.043128
0.241611 0.626263 1.13831 0.0750368 0.0457657
0.261745 0.626263 1.13761 0.0734246 0.0481471
0.281879 0.626263 1.1369 0.0717128 0.0502732
0.302013 0.626263 1.13619 0.0699051 0.0521476
0.322148 0.626263 1.13547 0.068006 0.0537761
0.342282 0.626263 1.13477 0.0660207 0.0551659
0.362416 0.626263 1.13408 0.0639546 0.056325
0.38255 0.626263 1.1334 0.0618135 0.0572624
0.402685 0.626263 1.13275 0.0596034 0.0579868
0.422819 0.626263 1.13212 0.0573304 0.0585072
0.442953 0.626263 1.13152 0.0550009 0.058832
0.463087 0.626263 1.13096 0.0526211 0.0589688
0.483221 0.626263 1.13043 0.0501976 0.0589247
0.503356 0.626263 1.12995 0.0477367 0.0587055
0.52349 0.626263 1.1295 0.0452451 0.0583162
0.543624 0.626263 1.1291 0.0427294 0.0577607
0.563758 0.626263 1.12875 0.0401967 0.0570416
0.583893 0.626263 1.12845 0.037654 0.0561605
0.604027 0.626263 1.12821 0.0351085 0.0551177
0.624161 0.626263 1.12802 0.0325681 0.0539126
0.644295 0.626263 1.12789 0.0300408 0.0525435
0.66443 0.626263 1.12783 0.0275353 0.0510079
0.684564 0.626263 1.12783 0.0250606 0.0493023
0.704698 0.626263 1.1279 0.0226266 0.0474224
0.724832 0.626263 1.12804 0.0202439 0.0453636
0.744966 0.626263 1.12826 0.0179238 0.0431208
0.765101 0.626263 1.12855 0.0156783 0.0406884
0.785235 0.626263 1.12892 0.0135205 0.0380611
0.805369 0.626263 1.12938 0.011464 0.0352332
0.825503 0.626263 1.12991 0.00952321 0.0321997
0.845638 0.626263 1.13053 0.00771326 0.0289557
0.865772 0.626263 1.13124 0.00604957 0.0254966
0.885906 0.626263 1.13202 0.00454774 0.0218184
0.90604 0.626263 1.1329 0.00322346 0.0179172
0.926174 0.626263 1.13385 0.00209199 0.0137891
0.946309 0.626263 1.13488 0.00116827 0.00943033
0.966443 0.626263 1.136 0.000466477 0.00483582
0.986577 0.626263 1.13719 0 0
1.00671 0.626263 0 0 0
1.02685 0.626263 0 0 0
1.04698 0.626263 0 0 0
1.06711 0.626263 0 0 0
1.08725 0.626263 0 0 0
1.10738 0.626263 0 0 0
1.12752 0.626263 0 0 0
1.14765 0.626263 0 0 0
1.16779 0.626263 0 0 0
1.18792 0.626263 0 0 0
1.20805 0.626263 0 0 0
1.22819 0.626263 0 0 0
1.24832 0.626263 0 0 0
1.26846 0.626263 0 0 0
1.28859 0.626263 0 0 0
1.30872 0.626263 0 0 0
1.32886 0.626263 0 0 0
1.34899 0.626263 0 0 0
1.36913 0.626263 0 0 0
1.38926 0.626263 0 0 0
1.4094 0.626263 0 0 0
1.42953 0.626263 0 0 0
1.44966 0.626263 0 0 0
1.4698 0.626263 0 0 0
1.48993 0.626263 0 0 0
1.51007 0.626263 0 0 0
1.5302 0.626263 0 0 0
1.55034 0.626263 0 0 0
1.57047 0.626263 0 0 0
1.5906 0.626263 0 0 0
1.61074 0.626263 0 0 0
1.63087 0.626263 0 0 0
1.65101 0.626263 0 0 0
1.67114 0.626263 0 0 0
1.69128 0.626263 0 0 0
1.71141 0.626263 0 0 0
1.73154 0.626263 0 0 0
1.75168 0.626263 0 0 0
1.77181 0.626263 0 0 0
1.79195 0.626263 0 0 0
1.81208 0.626263 0 0 0
1.83221 0.626263 0 0 0
1.85235 0.626263 0 0 0
1.87248 0.626263 0 0 0
1.89262 0.626263 0 0 0
1.91275 0.626263 0 0 0
1.93289 0.626263 0 0 0
1.95302 0.626263 0 0 0
1.97315 0.626263 0 0 0
1.99329 0.626263 0 0 0
2.01342 0.626263 1.00017 0 0
2.03356 0.626263 1.00018 -1.10753e-05 -5.78208e-05
2.05369 0.626263 1.0002 -1.84159e-05 -0.000113775
2.07383 0.626263 1.00022 -2.20378e-05 -0.000167607
2.09396 0.626263 1.00024 -2.20594e-05 -0.000218991
2.11409 0.626263 1.00026 -1.86793e-05 -0.000267559
2.13423 0.626263 1.00028 -1.21789e-05 -0.000312942
2.15436 0.626263 1.0003 -2.90813e-06 -0.000354802
2.1745 0.626263 1.00032 8.73099e-06 -0.000392853
2.19463 0.626263 1.00033 2.23039e-05 -0.000426882
2.21477 0.626263 1.00035 3.73627e-05 -0.000456751
2.2349 0.626263 1.00036 5.34633e-05 -0.000482405
2.25503 0.626263 1.00037 7.01802e-05 -0.000503863
2.27517 0.626263 1.00038 8.71177e-05 -0.000521212
2.2953 0.626263 1.00039 0.000103918 -0.0005346
2.31544 0.626263 1.0004 0.000120266 -0.000544221
2.33557 0.626263 1.0004 0.000135891 -0.000550306
2.3557 0.626263 1.00041 0.000150568 -0.000553112
2.37584 0.626263 1.00041 0.000164115 -0.000552914
2.39597 0.626263 1.00041 0.000176392 -0.000549994
2.41611 0.626263 1.00041 0.000187296 -0.000544635
2.43624 0.626263 1.00041 0.000196757 -0.000537116
2.45638 0.626263 1.0004 0.000204734 -0.000527707
2.47651 0.626263 1.0004 0.000211213 -0.000516661
2.49664 0.626263 1.0004 0.000216201 -0.00050422
2.51678 0.626263 1.00039 0.000219722 -0.000490602
2.53691 0.626263 1.00038 0.000221815 -0.000476009
2.55705 0.626263 1.00038 0.00022253 -0.000460621
2.57718 0.626263 1.00037 0.000221925 -0.000444596
2.59732 0.626263 1.00036 0.000220064 -0.000428071
2.61745 0.626263 1.00035 0.000217016 -0.00041116
2.63758 0.626263 1.00034 0.000212851 -0.000393956
2.65772 0.626263 1.00034 0.000207637 -0.000376528
2.67785 0.626263 1.00033 0.000201443 -0.000358926
2.69799 0.626263 1.00032 0.000194335 -0.000341175
2.71812 0.626263 1.00031 0.000186374 -0.000323279
2.73826 0.626263 1.0003 0.000177614 -0.00030522
2.75839 0.626263 1.0003 0.000168106 -0.000286955
2.77852 0.626263 1.00029 0.000157892 -0.000268418
2.79866 0.626263 1.00028 0.000147005 -0.000249519
2.81879 0.626263 1.00027 0.000135469 -0.000230142
2.83893 0.626263 1.00026 0.000123298 -0.000210142
2.85906 0.626263 1.00026 0.000110492 -0.000189348
2.87919 0.626263 1.00025 9.70408e-05 -0.000167557
2.89933 0.626263 1.00024 8.29169e-05 -0.000144531
2.91946 0.626263 1.00024 6.80774e-05 -0.000120001
2.9396 0.626263 1.00023 5.24607e-05 -9.36562e-05
2.95973 0.626263 1.00023 3.59839e-05 -6.51459e-05
2.97987 0.626263 1.00022 1.85431e-05 -3.40751e-05
3 0.626263 1.00021 0 0

0 0.646465 1 0.1 0
0.0201342 0.646465 1.12966 0.0877733 0.00468951
0.0402685 0.646465 1.1411 0.0860931 0.0092963
0.0604027 0.646465 1.14131 0.0852646 0.0138104
0.0805369 0.646465 1.14115 0.0844167 0.0182141
0.100671 0.646465 1.14088 0.0835117 0.0224844
0.120805 0.646465 1.1405 0.0825329 0.0265966
0.14094 0.646465 1.14003 0.0814677 0.0305266
0.161074 0.646465 1.13949 0.0803074 0.034252
0.181208 0.646465 1.13889 0.0790468 0.0377537
0.201342 0.646465 1.13824 0.0776839 0.0410164
0.221477 0.646465 1.13756 0.0762189 0.044029
0.241611 0.646465 1.13686 0.0746536 0.0467846
0.261745 0.646465 1.13614 0.0729915 0.0492798
0.281879 0.646465 1.13541 0.0712367 0.051515
0.302013 0.646465 1.13469 0.0693939 0.0534931
0.322148 0.646465 1.13397 0.0674683 0.0552194
0.342282 0.646465 1.13327 0.0654652 0.0567007
0.362416 0.646465 1.13258 0.06339 0.0579452
0.38255 0.646465 1.13191 0.061248 0.0589614
0.402685 0.646465 1.13127 0.0590449 0.0597584
0.422819 0.646465 1.13065 0.056786 0.0603449
0.442953 0.646465 1.13007 0.0544768 0.0607294
0.463087 0.646465 1.12952 0.0521227 0.0609195
0.483221 0.646465 1.129 0.0497294 0.0609222
0.503356 0.646465 1.12853 0.0473024 0.0607433
0.52349 0.646465 1.1281 0.0448474 0.0603878
0.543624 0.646465 1.12771 0.0423702 0.0598592
0.563758 0.646465 1.12737 0.0398769 0.0591602
0.583893 0.646465 1.12708 0.0373737 0.0582918
0.604027 0.646465 1.12685 0.0348672 0.0572544
0.624161 0.646465 1.12667 0.0323645 0.0560467
0.644295 0.646465 1.12655 0.0298731 0.0546666
0.66443 0.646465 1.12649 0.0274009 0.0531109
0.684564 0.646465 1.1265 0.0249567 0.0513755
0.704698 0.646465 1.12658 0.02255 0.0494555
0.724832 0.646465 1.12673 0.0201909 0.0473455
0.744966 0.646465 1.12695 0.0178908 0.0450392
0.765101 0.646465 1.12725 0.0156616 0.0425305
0.785235 0.646465 1.12763 0.0135164 0.039813
0.805369 0.646465 1.12809 0.0114692 0.0368804
0.825503 0.646465 1.12863 0.00953484 0.0337268
0.845638 0.646465 1.12926 0.0077287 0.0303469
0.865772 0.646465 1.12997 0.00606678 0.0267357
0.885906 0.646465 1.13076 0.00456518 0.0228891
0.90604 0.646465 1.13164 0.00323997 0.0188035
0.926174 0.646465 1.13259 0.0021066 0.0144755
0.946309 0.646465 1.13362 0.00117987 0.00990183
0.966443 0.646465 1.13472 0.000473577 0.00507826
0.986577 0.646465 1.1359 0 0
1.00671 0.646465 0 0 0
1.02685 0.646465 0 0 0
1.04698 0.646465 0 0 0
1.06711 0.646465 0 0 0
1.08725 0.646465 0 0 0
1.10738 0.646465 0 0 0
1.12752 0.646465 0 0 0
1.14765 0.646465 0 0 0
1.16779 0.646465 0 0 0
1.18792 0.646465 0 0 0
1.20805 0.646465 0 0 0
1.22819 0.646465 0 0 0
1.24832 0.646465 0 0 0
1.26846 0.646465 0 0 0
1.28859 0.646465 0 0 0
1.30872 0.646465 0 0 0
1.32886 0.646465 0 0 0
1.34899 0.646465 0 0 0
1.36913 0.646465 0 0 0
1.38926 0.646465 0 0 0
1.4094 0.646465 0 0 0
1.42953 0.646465 0 0 0
1.44966 0.646465 0 0 0
1.4698 0.646465 0 0 0
1.48993 0.646465 0 0 0
1.51007 0.646465 0 0 0
1.5302 0.646465 0 0 0
1.55034 0.646465 0 0 0
1.57047 0.646465 0 0 0
1.5906 0.646465 0 0 0
1.61074 0.646465 0 0 0
1.63087 0.646465 0 0 0
1.65101 0.646465 0 0 0
1.67114 0.646465 0 0 0
1.69128 0.646465 0 0 0
1.71141 0.646465 0 0 0
1.73154 0.646465 0 0 0
1.75168 0.646465 0 0 0
1.77181 0.646465 0 0 0
1.79195 0.646465 0 0 0
1.81208 0.646465 0 0 0
1.83221 0.646465 0 0 0
1.85235 0.646465 0 0 0
1.87248 0.646465 0 0 0
1.89262 0.646465 0 0 0
1.91275 0.646465 0 0 0
1.93289 0.646465 0 0 0
1.95302 0.646465 0 0 0
1.97315 0.646465 0 0 0
1.99329 0.646465 0 0 0
2.01342 0.646465 1.00017 0 0
2.03356 0.646465 1.00019 -1.13815e-05 -6.26822e-05
2.05369 0.646465 1.00021 -1.86306e-05 -0.000123572
2.07383 0.646465 1.00024 -2.1738e-05 -0.000182313
2.09396 0.646465 1.00026 -2.08303e-05 -0.000238468
2.11409 0.646465 1.00028 -1.61374e-05 -0.00029156
2.13423 0.646465 1.0003 -7.99412e-06 -0.000341119
2.15436 0.646465 1.00032 3.18135e-06 -0.000386724
2.1745 0.646465 1.00034 1.69104e-05 -0.000428031
2.19463 0.646465 1.00036 3.268e-05 -0.00046479
2.21477 0.646465 1.00038 4.9967e-05 -0.000496851
2.2349 0.646465 1.00039 6.82594e-05 -0.000524166
2.25503 0.646465 1.00041 8.70737e-05 -0.000546775
2.27517 0.646465 1.00042 0.000105967 -0.000564802
2.2953 0.646465 1.00043 0.000124546 -0.000578435
2.31544 0.646465 1.00043 0.000142469 -0.000587918
2.33557 0.646465 1.00044 0.00015945 -0.000593529
2.3557 0.646465 1.00044 0.000175256 -0.000595577
2.37584 0.646465 1.00044 0.000189706 -0.000594382
2.39597 0.646465 1.00044 0.000202661 -0.000590273
2.41611 0.646465 1.00044 0.000214028 -0.000583573
2.43624 0.646465 1.00044 0.000223749 -0.000574598
2.45638 0.646465 1.00044 0.000231796 -0.000563649
2.47651 0.646465 1.00043 0.00023817 -0.00055101
2.49664 0.646465 1.00043 0.000242893 -0.000536945
2.51678 0.646465 1.00042 0.000246005 -0.000521695
2.53691 0.646465 1.00041 0.00024756 -0.000505477
2.55705 0.646465 1.0004 0.000247623 -0.000488485
2.57718 0.646465 1.0004 0.000246265 -0.00047089
2.59732 0.646465 1.00039 0.000243564 -0.000452835
2.61745 0.646465 1.00038 0.0002396 -0.000434441
2.63758 0.646465 1.00037 0.000234454 -0.000415805
2.65772 0.646465 1.00036 0.000228206 -0.000397
2.67785 0.646465 1.00035 0.000220932 -0.000378074
2.69799 0.646465 1.00034 0.000212705 -0.000359051
2.71812 0.646465 1.00033 0.000203594 -0.000339935
2.73826 0.646465 1.00032 0.000193661 -0.000320701
2.75839 0.646465 1.00032 0.000182961 -0.000301303
2.77852 0.646465 1.00031 0.000171539 -0.000281667
2.79866 0.646465 1.0003 0.000159433 -0.000261696
2.81879 0.646465 1.00029 0.000146671 -0.000241265
2.83893 0.646465 1.00028 0.000133268 -0.000220217
2.85906 0.646465 1.00027 0.000119227 -0.000198369
2.87919 0.646465 1.00027 0.000104538 -0.000175504
2.89933 0.646465 1.00026 8.91746e-05 -0.000151369
2.91946 0.646465 1.00025 7.30932e-05 -0.000125673
2.9396 0.646465 1.00025 5.62318e-05 -9.80875e-05
2.95973 0.646465 1.00024 3.85059e-05 -6.82369e-05
2.97987 0.646465 1.00024 1.98093e-05 -3.56991e-05
3 0.646465 1.00023 0 0

0 0.666667 1 0.1 0
0.0201342 0.666667 1.1289 0.0878339 0.00469407
0.0402685 0.666667 1.14027 0.0861518 0.00933049
0.0604027 0.666667 1.14043 0.0853115 0.0138987
0.0805369 0.666667 1.14021 0.0844416 0.0183782
0.100671 0.666667 1.13986 0.083503 0.0227423
0.120805 0.666667 1.1394 0.0824794 0.0269619
0.14094 0.666667 1.13886 0.0813597 0.0310081
0.161074 0.666667 1.13825 0.0801378 0.0348545
0.181208 0.666667 1.13758 0.0788114 0.0384785
0.201342 0.666667 1.13688 0.0773816 0.0418621
0.221477 0.666667 1.13614 0.0758512 0.0449922
0.241611 0.666667 1.1354 0.074225 0.0478604
0.261745 0.666667 1.13465 0.0725082 0.0504628
0.281879 0.666667 1.1339 0.0707065 0.052799
0.302013 0.666667 1.13316 0.0688257 0.0548719
0.322148 0.666667 1.13243 0.0668716 0.0566867
0.342282 0.666667 1.13172 0.0648496 0.0582503
0.362416 0.666667 1.13104 0.062765 0.0595711
0.38255 0.666667 1.13037 0.0606228 0.0606578
0.402685 0.666667 1.12974 0.0584279 0.0615195
0.422819 0.666667 1.12913 0.0561849 0.0621651
0.442953 0.666667 1.12856 0.0538986 0.0626031
0.463087 0.666667 1.12802 0.0515734 0.0628412
0.483221 0.666667 1.12752 0.0492139 0.0628864
0.503356 0.666667 1.12705 0.0468246 0.0627444
0.52349 0.666667 1.12663 0.0444105 0.0624201
0.543624 0.666667 1.12626 0.0419762 0.061917
0.563758 0.666667 1.12593 0.039527 0.0612372
0.583893 0.666667 1.12565 0.0370682 0.0603817
0.604027 0.666667 1.12542 0.0346056 0.0593503
0.624161 0.666667 1.12525 0.0321455 0.0581415
0.644295 0.666667 1.12514 0.0296946 0.0567524
0.66443 0.666667 1.12509 0.0272604 0.0551793
0.684564 0.666667 1.1251 0.0248509 0.0534172
0.704698 0.666667 1.12519 0.0224751 0.0514604
0.724832 0.666667 1.12534 0.0201429 0.0493026
0.744966 0.666667 1.12557 0.0178653 0.0469366
0.765101 0.666667 1.12588 0.0156543 0.0443551
0.785235 0.666667 1.12626 0.013523 0.0415507
0.805369 0.666667 1.12673 0.0114856 0.0385164
0.825503 0.666667 1.12728 0.00955724 0.0352452
0.845638 0.666667 1.12791 0.00775399 0.0317312
0.865772 0.666667 1.12863 0.00609244 0.0279692
0.885906 0.666667 1.12943 0.00458937 0.0239551
0.90604 0.666667 1.1303 0.0032614 0.0196855
0.926174 0.666667 1.13126 0.00212445 0.0151577
0.946309 0.666667 1.13229 0.00119327 0.0103697
0.966443 0.666667 1.13339 0.000481428 0.00531827
0.986577 0.666667 1.13454 0 0
1.00671 0.666667 0 0 0
1.02685 0.666667 0 0 0
1.04698 0.666667 0 0 0
1.06711 0.666667 0 0 0
1.08725 0.666667 0 0 0
1.10738 0.666667 0 0 0
1.12752 0.666667 0 0 0
1.14765 0.666667 0 0 0
1.16779 0.666667 0 0 0
1.18792 0.666667 0 0 0
1.20805 0.666667 0 0 0
1.22819 0.666667 0 0 0
1.24832 0.666667 0 0 0
1.26846 0.666667 0 0 0
1.28859 0.666667 0 0 0
1.30872 0.666667 0 0 0
1.32886 0.666667 0 0 0
1.34899 0.666667 0 0 0
1.36913 0.666667 0 0 0
1.38926 0.666667 0 0 0
1.4094 0.666667 0 0 0
1.42953 0.666667 0 0 0
1.44966 0.666667 0 0 0
1.4698 0.666667 0 0 0
1.48993 0.666667 0 0 0
1.51007 0.666667 0 0 0
1.5302 0.666667 0 0 0
1.55034 0.666667 0 0 0
1.57047 0.666667 0 0 0
1.5906 0.666667 0 0 0
1.61074 0.666667 0 0 0
1.63087 0.666667 0 0 0
1.65101 0.666667 0 0 0
1.67114 0.666667 0 0 0
1.69128 0.666667 0 0 0
1.71141 0.666667 0 0 0
1.73154 0.666667 0 0 0
1.75168 0.666667 0 0 0
1.77181 0.666667 0 0 0
1.79195 0.666667 0 0 0
1.81208 0.666667 0 0 0
1.83221 0.666667 0 0 0
1.85235 0.666667 0 0 0
1.87248 0.666667 0 0 0
1.89262 0.666667 0 0 0
1.91275 0.666667 0 0 0
1.93289 0.666667 0 0 0
1.95302 0.666667 0 0 0
1.97315 0.666667 0 0 0
1.99329 0.666667 0 0 0
2.01342 0.666667 1.00018 0 0
2.03356 0.666667 1.0002 -1.16114e-05 -6.80317e-05
2.05369 0.666667 1.00023 -1.8631e-05 -0.000134396
2.07383 0.666667 1.00025 -2.10166e-05 -0.000198603
2.09396 0.666667 1.00028 -1.89078e-05 -0.000260073
2.11409 0.666667 1.0003 -1.25777e-05 -0.000318185
2.13423 0.666667 1.00032 -2.43143e-06 -0.000372346
2.15436 0.666667 1.00035 1.10251e-05 -0.000422038
2.1745 0.666667 1.00037 2.72175e-05 -0.00046685
2.19463 0.666667 1.00039 4.55371e-05 -0.000506496
2.21477 0.666667 1.00041 6.53723e-05 -0.00054082
2.2349 0.666667 1.00043 8.61335e-05 -0.000569786
2.25503 0.666667 1.00044 0.000107273 -0.000593473
2.27517 0.666667 1.00045 0.000128299 -0.000612049
2.2953 0.666667 1.00046 0.000148782 -0.000625759
2.31544 0.666667 1.00047 0.000168358 -0.000634904
2.33557 0.666667 1.00047 0.000186728 -0.000639824
2.3557 0.666667 1.00048 0.000203657 -0.000640885
2.37584 0.666667 1.00048 0.000218966 -0.000638462
2.39597 0.666667 1.00048 0.000232529 -0.000632934
2.41611 0.666667 1.00048 0.000244264 -0.000624669
2.43624 0.666667 1.00047 0.000254129 -0.000614022
2.45638 0.666667 1.00047 0.000262116 -0.000601332
2.47651 0.666667 1.00046 0.000268243 -0.00058691
2.49664 0.666667 1.00046 0.000272552 -0.000571045
2.51678 0.666667 1.00045 0.0002751 -0.000554
2.53691 0.666667 1.00044 0.000275958 -0.000536009
2.55705 0.666667 1.00043 0.00027521 -0.00051728
2.57718 0.666667 1.00042 0.000272941 -0.000497993
2.59732 0.666667 1.00041 0.000269244 -0.000478299
2.61745 0.666667 1.0004 0.000264211 -0.000458326
2.63758 0.666667 1.00039 0.000257935 -0.000438173
2.65772 0.666667 1.00038 0.000250506 -0.000417914
2.67785 0.666667 1.00037 0.000242011 -0.000397597
2.69799 0.666667 1.00036 0.00023253 -0.000377245
2.71812 0.666667 1.00036 0.000222139 -0.000356857
2.73826 0.666667 1.00035 0.000210907 -0.000336405
2.75839 0.666667 1.00034 0.000198893 -0.000315835
2.77852 0.666667 1.00033 0.000186148 -0.000295069
2.79866 0.666667 1.00032 0.000172713 -0.000274
2.81879 0.666667 1.00031 0.000158618 -0.000252491
2.83893 0.666667 1.0003 0.000143882 -0.000230377
2.85906 0.666667 1.00029 0.000128509 -0.00020746
2.87919 0.666667 1.00029 0.000112489 -0.000183508
2.89933 0.666667 1.00028 9.57981e-05 -0.000158252
2.91946 0.666667 1.00027 7.83918e-05 -0.000131383
2.9396 0.666667 1.00026 6.02072e-05 -0.000102548
2.95973 0.666667 1.00026 4.11588e-05 -7.13486e-05
2.97987 0.666667 1.00025 2.11381e-05 -3.73346e-05
3 0.666667 1.00025 0 0

0 0.686869 1 0.1 0
0.0201342 0.686869 1.12826 0.0878861 0.00470139
0.0402685 0.686869 1.13956 0.0862033 0.00937461
0.0604027 0.686869 1.13966 0.0853518 0.0140074
0.0805369 0.686869 1.13936 0.0844587 0.0185752
0.100671 0.686869 1.13892 0.0834831 0.0230458
0.120805 0.686869 1.13837 0.0824091 0.0273839
0.14094 0.686869 1.13773 0.081228 0.0315551
0.161074 0.686869 1.13703 0.0799365 0.0355282
0.181208 0.686869 1.13628 0.0785363 0.0392769
0.201342 0.686869 1.1355 0.0770317 0.0427804
0.221477 0.686869 1.13471 0.0754293 0.0460243
0.241611 0.686869 1.13392 0.0737362 0.0489991
0.261745 0.686869 1.13313 0.0719601 0.0517006
0.281879 0.686869 1.13235 0.0701083 0.0541286
0.302013 0.686869 1.13159 0.0681875 0.0562863
0.322148 0.686869 1.13085 0.066204 0.0581793
0.342282 0.686869 1.13014 0.0641634 0.0598151
0.362416 0.686869 1.12945 0.0620706 0.0612022
0.38255 0.686869 1.12879 0.0599301 0.06235
0.402685 0.686869 1.12816 0.0577461 0.0632679
0.422819 0.686869 1.12756 0.0555225 0.0639648
0.442953 0.686869 1.12699 0.0532628 0.0644496
0.463087 0.686869 1.12646 0.0509707 0.06473
0.483221 0.686869 1.12597 0.0486496 0.0648129
0.503356 0.686869 1.12552 0.0463032 0.0647042
0.52349 0.686869 1.12511 0.043935 0.0644084
0.543624 0.686869 1.12474 0.0415491 0.0639288
0.563758 0.686869 1.12442 0.0391495 0.0632674
0.583893 0.686869 1.12415 0.0367407 0.0624249
0.604027 0.686869 1.12393 0.0343276 0.0614004
0.624161 0.686869 1.12377 0.0319156 0.0601919
0.644295 0.686869 1.12366 0.0295105 0.0587962
0.66443 0.686869 1.12361 0.0271192 0.0572085
0.684564 0.686869 1.12363 0.0247489 0.0554231
0.704698 0.686869 1.12372 0.0224081 0.0534335
0.724832 0.686869 1.12388 0.0201063 0.051232
0.744966 0.686869 1.12411 0.017854 0.0488106
0.765101 0.686869 1.12442 0.015663 0.0461606
0.785235 0.686869 1.12481 0.0135465 0.0432736
0.805369 0.686869 1.12529 0.0115189 0.0401411
0.825503 0.686869 1.12584 0.00959577 0.0367555
0.845638 0.686869 1.12649 0.00779379 0.03311
0.865772 0.686869 1.12721 0.00613037 0.0291989
0.885906 0.686869 1.12802 0.00462321 0.0250181
0.90604 0.686869 1.12891 0.00328978 0.0205647
0.926174 0.686869 1.12987 0.00214672 0.0158372
0.946309 0.686869 1.1309 0.00120903 0.0108348
0.966443 0.686869 1.132 0.000490172 0.00555625
0.986577 0.686869 1.13313 0 0
1.00671 0.686869 0 0 0
1.02685 0.686869 0 0 0
1.04698 0.686869 0 0 0
1.06711 0.686869 0 0 0
1.08725 0.686869 0 0 0
1.10738 0.686869 0 0 0
1.12752 0.686869 0 0 0
1.14765 0.686869 0 0 0
1.16779 0.686869 0 0 0
1.18792 0.686869 0 0 0
1.20805 0.686869 0 0 0
1.22819 0.686869 0 0 0
1.24832 0.686869 0 0 0
1.26846 0.686869 0 0 0
1.28859 0.686869 0 0 0
1.30872 0.686869 0 0 0
1.32886 0.686869 0 0 0
1.34899 0.686869 0 0 0
1.36913 0.686869 0 0 0
1.38926 0.686869 0 0 0
1.4094 0.686869 0 0 0
1.42953 0.686869 0 0 0
1.44966 0.686869 0 0 0
1.4698 0.686869 0 0 0
1.48993 0.686869 0 0 0
1.51007 0.686869 0 0 0
1.5302 0.686869 0 0 0
1.55034 0.686869 0 0 0
1.57047 0.686869 0 0 0
1.5906 0.686869 0 0 0
1.61074 0.686869 0 0 0
1.63087 0.686869 0 0 0
1.65101 0.686869 0 0 0
1.67114 0.686869 0 0 0
1.69128 0.686869 0 0 0
1.71141 0.686869 0 0 0
1.73154 0.686869 0 0 0
1.75168 0.686869 0 0 0
1.77181 0.686869 0 0 0
1.79195 0.686869 0 0 0
1.81208 0.686869 0 0 0
1.83221 0.686869 0 0 0
1.85235 0.686869 0 0 0
1.87248 0.686869 0 0 0
1.89262 0.686869 0 0 0
1.91275 0.686869 0 0 0
1.93289 0.686869 0 0 0
1.95302 0.686869 0 0 0
1.97315 0.686869 0 0 0
1.99329 0.686869 0 0 0
2.01342 0.686869 1.00019 0 0
2.03356 0.686869 1.00021 -1.17391e-05 -7.39444e-05
2.05369 0.686869 1.00024 -1.83496e-05 -0.000146412
2.07383 0.686869 1.00026 -1.97475e-05 -0.000216736
2.09396 0.686869 1.00029 -1.6094e-05 -0.000284146
2.11409 0.686869 1.00032 -7.72258e-06 -0.000347842
2.13423 0.686869 1.00035 4.8674e-06 -0.000407077
2.15436 0.686869 1.00038 2.10565e-05 -0.000461218
2.1745 0.686869 1.0004 4.01505e-05 -0.000509782
2.19463 0.686869 1.00042 6.14249e-05 -0.000552451
2.21477 0.686869 1.00044 8.41642e-05 -0.000589069
2.2349 0.686869 1.00046 0.000107692 -0.000619634
2.25503 0.686869 1.00048 0.000131392 -0.000644272
2.27517 0.686869 1.00049 0.000154721 -0.000663216
2.2953 0.686869 1.0005 0.000177218 -0.00067678
2.31544 0.686869 1.00051 0.000198499 -0.000685339
2.33557 0.686869 1.00051 0.000218261 -0.000689304
2.3557 0.686869 1.00052 0.000236271 -0.000689108
2.37584 0.686869 1.00052 0.000252362 -0.000685189
2.39597 0.686869 1.00052 0.000266423 -0.00067798
2.41611 0.686869 1.00052 0.000278393 -0.000667901
2.43624 0.686869 1.00051 0.000288252 -0.000655349
2.45638 0.686869 1.00051 0.000296014 -0.000640697
2.47651 0.686869 1.0005 0.00030172 -0.000624289
2.49664 0.686869 1.00049 0.000305433 -0.00060644
2.51678 0.686869 1.00048 0.000307234 -0.000587431
2.53691 0.686869 1.00047 0.000307213 -0.000567516
2.55705 0.686869 1.00046 0.000305471 -0.000546913
2.57718 0.686869 1.00045 0.000302111 -0.000525811
2.59732 0.686869 1.00044 0.000297242 -0.000504372
2.61745 0.686869 1.00043 0.00029097 -0.000482724
2.63758 0.686869 1.00042 0.000283399 -0.000460969
2.65772 0.686869 1.00041 0.000274631 -0.000439182
2.67785 0.686869 1.0004 0.000264761 -0.000417411
2.69799 0.686869 1.00039 0.000253879 -0.000395675
2.71812 0.686869 1.00038 0.000242068 -0.000373968
2.73826 0.686869 1.00037 0.000229402 -0.000352258
2.75839 0.686869 1.00036 0.000215945 -0.000330485
2.77852 0.686869 1.00035 0.000201754 -0.000308561
2.79866 0.686869 1.00034 0.000186873 -0.00028637
2.81879 0.686869 1.00033 0.000171334 -0.000263766
2.83893 0.686869 1.00032 0.000155158 -0.000240572
2.85906 0.686869 1.00031 0.000138352 -0.000216576
2.87919 0.686869 1.0003 0.000120906 -0.00019153
2.89933 0.686869 1.0003 0.000102796 -0.000165148
2.91946 0.686869 1.00029 8.39793e-05 -0.000137101
2.9396 0.686869 1.00028 6.4391e-05 -0.000107015
2.95973 0.686869 1.00028 4.39447e-05 -7.44655e-05
2.97987 0.686869 1.00027 2.25303e-05 -3.89733e-05
3 0.686869 1.00026 0 0

0 0.707071 1 0.1 0
0.0201342 0.707071 1.12776 0.0879282 0.00471059
0.0402685 0.707071 1.139 0.0862456 0.00942861
0.0604027 0.707071 1.13903 0.0853829 0.0141387
0.0805369 0.707071 1.13862 0.0844638 0.0188099
0.100671 0.707071 1.13807 0.0834453 0.023402
0.120805 0.707071 1.1374 0.0823128 0.027872
0.14094 0.707071 1.13665 0.0810604 0.0321784
0.161074 0.707071 1.13584 0.0796892 0.0362844
0.181208 0.707071 1.135 0.0782051 0.0401597
0.201342 0.707071 1.13414 0.076617 0.0437815
0.221477 0.707071 1.13328 0.0749349 0.0471339
0.241611 0.707071 1.13243 0.0731694 0.0502075
0.261745 0.707071 1.13159 0.0713301 0.0529984
0.281879 0.707071 1.13078 0.0694259 0.0555073
0.302013 0.707071 1.12999 0.0674644 0.0577381
0.322148 0.707071 1.12923 0.0654521 0.0596975
0.342282 0.707071 1.12851 0.0633946 0.0613939
0.362416 0.707071 1.12781 0.0612964 0.0628365
0.38255 0.707071 1.12715 0.0591613 0.0640352
0.402685 0.707071 1.12652 0.0569925 0.0649999
0.422819 0.707071 1.12593 0.054793 0.06574
0.442953 0.707071 1.12537 0.0525652 0.0662643
0.463087 0.707071 1.12485 0.0503118 0.0665808
0.483221 0.707071 1.12437 0.048035 0.0666964
0.503356 0.707071 1.12393 0.0457373 0.0666169
0.52349 0.707071 1.12353 0.0434215 0.0663466
0.543624 0.707071 1.12317 0.0410902 0.0658887
0.563758 0.707071 1.12286 0.0387467 0.0652448
0.583893 0.707071 1.12259 0.0363943 0.0644152
0.604027 0.707071 1.12238 0.0340369 0.0633985
0.624161 0.707071 1.12222 0.0316791 0.0621923
0.644295 0.707071 1.12211 0.0293258 0.0607924
0.66443 0.707071 1.12207 0.0269829 0.0591935
0.684564 0.707071 1.12209 0.024657 0.0573888
0.704698 0.707071 1.12218 0.0223557 0.0553708
0.724832 0.707071 1.12234 0.020088 0.0531306
0.744966 0.707071 1.12257 0.0178639 0.0506589
0.765101 0.707071 1.12289 0.015695 0.0479457
0.785235 0.707071 1.12329 0.0135942 0.044981
0.805369 0.707071 1.12377 0.0115761 0.0417552
0.825503 0.707071 1.12433 0.00965683 0.0382592
0.845638 0.707071 1.12498 0.00785378 0.0344853
0.865772 0.707071 1.12572 0.00618533 0.0304273
0.885906 0.707071 1.12654 0.00467038 0.0260808
0.90604 0.707071 1.12744 0.00332767 0.0214439
0.926174 0.707071 1.12842 0.00217496 0.016516
0.946309 0.707071 1.12945 0.00122783 0.0112987
0.966443 0.707071 1.13056 0.000500001 0.00579284
0.986577 0.707071 1.13168 0 0
1.00671 0.707071 0 0 0
1.02685 0.707071 0 0 0
1.04698 0.707071 0 0 0
1.06711 0.707071 0 0 0
1.08725 0.707071 0 0 0
1.10738 0.707071 0 0 0
1.12752 0.707071 0 0 0
1.14765 0.707071 0 0 0
1.16779 0.707071 0 0 0
1.18792 0.707071 0 0 0
1.20805 0.707071 0 0 0
1.22819 0.707071 0 0 0
1.24832 0.707071 0 0 0
1.26846 0.707071 0 0 0
1.28859 0.707071 0 0 0
1.30872 0.707071 0 0 0
1.32886 0.707071 0 0 0
1.34899 0.707071 0 0 0
1.36913 0.707071 0 0 0
1.38926 0.707071 0 0 0
1.4094 0.707071 0 0 0
1.42953 0.707071 0 0 0
1.44966 0.707071 0 0 0
1.4698 0.707071 0 0 0
1.48993 0.707071 0 0 0
1.51007 0.707071 0 0 0
1.5302 0.707071 0 0 0
1.55034 0.707071 0 0 0
1.57047 0.707071 0 0 0
1.5906 0.707071 0 0 0
1.61074 0.707071 0 0 0
1.63087 0.707071 0 0 0
1.65101 0.707071 0 0 0
1.67114 0.707071 0 0 0
1.69128 0.707071 0 0 0
1.71141 0.707071 0 0 0
1.73154 0.707071 0 0 0
1.75168 0.707071 0 0 0
1.77181 0.707071 0 0 0
1.79195 0.707071 0 0 0
1.81208 0.707071 0 0 0
1.83221 0.707071 0 0 0
1.85235 0.707071 0 0 0
1.87248 0.707071 0 0 0
1.89262 0.707071 0 0 0
1.91275 0.707071 0 0 0
1.93289 0.707071 0 0 0
1.95302 0.707071 0 0 0
1.97315 0.707071 0 0 0
1.99329 0.707071 0 0 0
2.01342 0.707071 1.00019 0 0
2.03356 0.707071 1.00022 -1.17307e-05 -8.05155e-05
2.05369 0.707071 1.00025 -1.76975e-05 -0.00015983
2.07383 0.707071 1.00028 -1.77647e-05 -0.000237035
2.09396 0.707071 1.00031 -1.21294e-05 -0.000311111
2.11409 0.707071 1.00034 -1.21114e-06 -0.000381028
2.13423 0.707071 1.00038 1.43629e-05 -0.000445852
2.15436 0.707071 1.00041 3.38257e-05 -0.000504819
2.1745 0.707071 1.00043 5.63329e-05 -0.000557368
2.19463 0.707071 1.00046 8.10208e-05 -0.000603158
2.21477 0.707071 1.00048 0.000107054 -0.000642052
2.2349 0.707071 1.0005 0.00013366 -0.000674099
2.25503 0.707071 1.00052 0.000160151 -0.000699496
2.27517 0.707071 1.00053 0.000185938 -0.000718559
2.2953 0.707071 1.00054 0.000210529 -0.000731693
2.31544 0.707071 1.00055 0.000233533 -0.000739359
2.33557 0.707071 1.00056 0.000254647 -0.000742053
2.3557 0.707071 1.00056 0.000273651 -0.000740286
2.37584 0.707071 1.00056 0.000290399 -0.000734565
2.39597 0.707071 1.00056 0.000304804 -0.000725384
2.41611 0.707071 1.00056 0.000316832 -0.000713216
2.43624 0.707071 1.00055 0.000326491 -0.000698502
2.45638 0.707071 1.00054 0.000333822 -0.000681655
2.47651 0.707071 1.00054 0.000338896 -0.000663048
2.49664 0.707071 1.00053 0.0003418 -0.000643021
2.51678 0.707071 1.00052 0.000342639 -0.000621877
2.53691 0.707071 1.00051 0.000341527 -0.000599882
2.55705 0.707071 1.0005 0.000338584 -0.000577268
2.57718 0.707071 1.00049 0.000333932 -0.000554232
2.59732 0.707071 1.00047 0.000327695 -0.00053094
2.61745 0.707071 1.00046 0.000319995 -0.000507524
2.63758 0.707071 1.00045 0.000310948 -0.000484088
2.65772 0.707071 1.00044 0.000300667 -0.000460706
2.67785 0.707071 1.00043 0.000289257 -0.000437421
2.69799 0.707071 1.00041 0.000276817 -0.00041425
2.71812 0.707071 1.0004 0.000263435 -0.000391183
2.73826 0.707071 1.00039 0.000249192 -0.00036818
2.75839 0.707071 1.00038 0.000234157 -0.000345175
2.77852 0.707071 1.00037 0.00021839 -0.00032207
2.79866 0.707071 1.00036 0.00020194 -0.000298741
2.81879 0.707071 1.00035 0.00018484 -0.00027503
2.83893 0.707071 1.00034 0.000167114 -0.000250747
2.85906 0.707071 1.00033 0.00014877 -0.000225667
2.87919 0.707071 1.00032 0.000129799 -0.000199525
2.89933 0.707071 1.00032 0.000110177 -0.000172019
2.91946 0.707071 1.00031 8.98607e-05 -0.000142798
2.9396 0.707071 1.0003 6.8786e-05 -0.000111465
2.95973 0.707071 1.00029 4.68651e-05 -7.75707e-05
2.97987 0.707071 1.00029 2.39864e-05 -4.06063e-05
3 0.707071 1.00028 0 0

0 0.727273 1 0.1 0
0.0201342 0.727273 1.12743 0.0879577 0.00472084
0.0402685 0.727273 1.13861 0.0862764 0.00949316
0.0604027 0.727273 1.13854 0.0854013 0.0142962
0.0805369 0.727273 1.138 0.0844512 0.0190891
0.100671 0.727273 1.1373 0.0833813 0.0238208
0.120805 0.727273 1.13648 0.0821788 0.0284375
0.14094 0.727273 1.13557 0.0808423 0.0328893
0.161074 0.727273 1.13462 0.0793782 0.0371332
0.181208 0.727273 1.13365 0.0777981 0.0411355
0.201342 0.727273 1.13269 0.076116 0.0448716
0.221477 0.727273 1.13175 0.0743463 0.0483254
0.241611 0.727273 1.13084 0.0725027 0.0514881
0.261745 0.727273 1.12996 0.070597 0.0543571
0.281879 0.727273 1.12912 0.0686394 0.0569344
0.302013 0.727273 1.12831 0.0666382 0.0592256
0.322148 0.727273 1.12754 0.0645998 0.0612388
0.342282 0.727273 1.12681 0.0625293 0.0629833
0.362416 0.727273 1.12611 0.0604305 0.0644697
0.38255 0.727273 1.12546 0.0583063 0.0657084
0.402685 0.727273 1.12483 0.0561589 0.0667101
0.422819 0.727273 1.12425 0.0539899 0.0674846
0.442953 0.727273 1.1237 0.0518009 0.0680409
0.463087 0.727273 1.12319 0.0495931 0.0683871
0.483221 0.727273 1.12272 0.0473677 0.0685302
0.503356 0.727273 1.12228 0.0451262 0.0684757
0.52349 0.727273 1.12189 0.0428699 0.068228
0.543624 0.727273 1.12154 0.0406006 0.0677898
0.563758 0.727273 1.12123 0.0383204 0.0671625
0.583893 0.727273 1.12097 0.0360316 0.0663458
0.604027 0.727273 1.12076 0.0337371 0.0653381
0.624161 0.727273 1.1206 0.0314404 0.0641361
0.644295 0.727273 1.1205 0.0291455 0.062735
0.66443 0.727273 1.12045 0.0268573 0.0611285
0.684564 0.727273 1.12048 0.0245815 0.0593091
0.704698 0.727273 1.12056 0.022325 0.0572679
0.724832 0.727273 1.12072 0.0200957 0.0549948
0.744966 0.727273 1.12096 0.0179031 0.0524789
0.765101 0.727273 1.12128 0.0157584 0.0497088
0.785235 0.727273 1.12168 0.0136743 0.0466728
0.805369 0.727273 1.12216 0.0116654 0.0433595
0.825503 0.727273 1.12274 0.00974821 0.0397584
0.845638 0.727273 1.1234 0.00794098 0.0358602
0.865772 0.727273 1.12416 0.0062633 0.0316581
0.885906 0.727273 1.125 0.00473565 0.0271474
0.90604 0.727273 1.12592 0.00337846 0.0223268
0.926174 0.727273 1.12691 0.00221124 0.0171974
0.946309 0.727273 1.12796 0.00125066 0.0117634
0.966443 0.727273 1.12908 0.000511178 0.00602908
0.986577 0.727273 1.1302 0 0
1.00671 0.727273 0 0 0
1.02685 0.727273 0 0 0
1.04698 0.727273 0 0 0
1.06711 0.727273 0 0 0
1.08725 0.727273 0 0 0
1.10738 0.727273 0 0 0
1.12752 0.727273 0 0 0
1.14765 0.727273 0 0 0
1.16779 0.727273 0 0 0
1.18792 0.727273 0 0 0
1.20805 0.727273 0 0 0
1.22819 0.727273 0 0 0
1.24832 0.727273 0 0 0
1.26846 0.727273 0 0 0
1.28859 0.727273 0 0 0
1.30872 0.727273 0 0 0
1.32886 0.727273 0 0 0
1.34899 0.727273 0 0 0
1.36913 0.727273 0 0 0
1.38926 0.727273 0 0 0
1.4094 0.727273 0 0 0
1.42953 0.727273 0 0 0
1.44966 0.727273 0 0 0
1.4698 0.727273 0 0 0
1.48993 0.727273 0 0 0
1.51007 0.727273 0 0 0
1.5302 0.727273 0 0 0
1.55034 0.727273 0 0 0
1.57047 0.727273 0 0 0
1.5906 0.727273 0 0 0
1.61074 0.727273 0 0 0
1.63087 0.727273 0 0 0
1.65101 0.727273 0 0 0
1.67114 0.727273 0 0 0
1.69128 0.727273 0 0 0
1.71141 0.727273 0 0 0
1.73154 0.727273 0 0 0
1.75168 0.727273 0 0 0
1.77181 0.727273 0 0 0
1.79195 0.727273 0 0 0
1.81208 0.727273 0 0 0
1.83221 0.727273 0 0 0
1.85235 0.727273 0 0 0
1.87248 0.727273 0 0 0
1.89262 0.727273 0 0 0
1.91275 0.727273 0 0 0
1.93289 0.727273 0 0 0
1.95302 0.727273 0 0 0
1.97315 0.727273 0 0 0
1.99329 0.727273 0 0 0
2.01342 0.727273 1.00019 0 0
2.03356 0.727273 1.00022 -1.15413e-05 -8.78673e-05
2.05369 0.727273 1.00026 -1.65563e-05 -0.000174917
2.07383 0.727273 1.00029 -1.48464e-05 -0.00025991
2.09396 0.727273 1.00033 -6.66923e-06 -0.000341499
2.11409 0.727273 1.00037 7.43051e-06 -0.000418358
2.13423 0.727273 1.0004 2.66513e-05 -0.000489328
2.15436 0.727273 1.00044 5.0034e-05 -0.000553495
2.1745 0.727273 1.00047 7.6547e-05 -0.000610229
2.19463 0.727273 1.0005 0.000105161 -0.00065918
2.21477 0.727273 1.00052 0.000134904 -0.000700258
2.2349 0.727273 1.00055 0.000164903 -0.000733588
2.25503 0.727273 1.00056 0.0001944 -0.000759467
2.27517 0.727273 1.00058 0.000222764 -0.000778321
2.2953 0.727273 1.00059 0.000249486 -0.000790665
2.31544 0.727273 1.0006 0.000274176 -0.000797065
2.33557 0.727273 1.0006 0.000296546 -0.000798116
2.3557 0.727273 1.00061 0.000316401 -0.000794416
2.37584 0.727273 1.00061 0.000333624 -0.000786547
2.39597 0.727273 1.0006 0.000348163 -0.000775072
2.41611 0.727273 1.0006 0.000360018 -0.000760516
2.43624 0.727273 1.00059 0.000369234 -0.00074337
2.45638 0.727273 1.00059 0.000375885 -0.00072408
2.47651 0.727273 1.00058 0.000380073 -0.000703053
2.49664 0.727273 1.00057 0.000381916 -0.000680651
2.51678 0.727273 1.00056 0.000381546 -0.000657196
2.53691 0.727273 1.00054 0.000379101 -0.000632967
2.55705 0.727273 1.00053 0.000374722 -0.000608207
2.57718 0.727273 1.00052 0.000368552 -0.00058312
2.59732 0.727273 1.00051 0.000360731 -0.000557874
2.61745 0.727273 1.00049 0.000351396 -0.000532603
2.63758 0.727273 1.00048 0.000340676 -0.000507411
2.65772 0.727273 1.00047 0.000328696 -0.000482369
2.67785 0.727273 1.00045 0.000315568 -0.000457518
2.69799 0.727273 1.00044 0.0003014 -0.000432869
2.71812 0.727273 1.00043 0.000286288 -0.000408406
2.73826 0.727273 1.00042 0.000270317 -0.000384082
2.75839 0.727273 1.0004 0.000253561 -0.000359822
2.77852 0.727273 1.00039 0.000236084 -0.000335521
2.79866 0.727273 1.00038 0.000217936 -0.000311043
2.81879 0.727273 1.00037 0.000199155 -0.000286218
2.83893 0.727273 1.00036 0.000179764 -0.000260844
2.85906 0.727273 1.00035 0.000159773 -0.00023468
2.87919 0.727273 1.00034 0.000139175 -0.000207448
2.89933 0.727273 1.00034 0.000117945 -0.000178823
2.91946 0.727273 1.00033 9.60393e-05 -0.000148438
2.9396 0.727273 1.00032 7.33942e-05 -0.000115871
2.95973 0.727273 1.00031 4.99209e-05 -8.06457e-05
2.97987 0.727273 1.00031 2.55067e-05 -4.2224e-05
3 0.727273 1.0003 0 0

0 0.747475 1 0.1 0
0.0201342 0.747475 1.12733 0.0879712 0.00473142
0.0402685 0.747475 1.13843 0.086292 0.00957021
0.0604027 0.747475 1.13823 0.0854019 0.0144865
0.0805369 0.747475 1.13754 0.0844123 0.0194248
0.100671 0.747475 1.13666 0.0832774 0.0243186
0.120805 0.747475 1.13568 0.0819883 0.0291006
0.14094 0.747475 1.13463 0.0805501 0.0337105
0.161074 0.747475 1.13356 0.078977 0.0380987
0.181208 0.747475 1.13248 0.0772876 0.0422277
0.201342 0.747475 1.13142 0.0755015 0.046072
0.221477 0.747475 1.13038 0.0736374 0.0496164
0.241611 0.747475 1.12937 0.0717118 0.0528542
0.261745 0.747475 1.12841 0.0697387 0.0557855
0.281879 0.747475 1.1275 0.067729 0.0584148
0.302013 0.747475 1.12664 0.0656911 0.0607501
0.322148 0.747475 1.12584 0.0636312 0.0628013
0.342282 0.747475 1.12508 0.0615535 0.0645795
0.362416 0.747475 1.12438 0.0594609 0.0660964
0.38255 0.747475 1.12371 0.057355 0.0673633
0.402685 0.747475 1.12309 0.0552368 0.0683915
0.422819 0.747475 1.12251 0.0531067 0.0691912
0.442953 0.747475 1.12197 0.0509647 0.0697716
0.463087 0.747475 1.12147 0.048811 0.070141
0.483221 0.747475 1.121 0.0466455 0.0703061
0.503356 0.747475 1.12058 0.0444685 0.0702726
0.52349 0.747475 1.12019 0.0422801 0.0700444
0.543624 0.747475 1.11985 0.0400811 0.069624
0.563758 0.747475 1.11954 0.0378724 0.0690125
0.583893 0.747475 1.11929 0.0356554 0.0682091
0.604027 0.747475 1.11908 0.0334317 0.0672115
0.624161 0.747475 1.11892 0.0312039 0.066016
0.644295 0.747475 1.11882 0.0289749 0.064617
0.66443 0.747475 1.11877 0.0267485 0.0630073
0.684564 0.747475 1.11879 0.0245294 0.0611783
0.704698 0.747475 1.11888 0.0223234 0.0591198
0.724832 0.747475 1.11903 0.0201376 0.0568205
0.744966 0.747475 1.11927 0.0179806 0.0542678
0.765101 0.747475 1.11958 0.0158629 0.0514484
0.785235 0.747475 1.11999 0.0137967 0.0483487
0.805369 0.747475 1.12048 0.0117966 0.0449553
0.825503 0.747475 1.12107 0.00987939 0.0412556
0.845638 0.747475 1.12175 0.00806418 0.0372387
0.865772 0.747475 1.12252 0.006372 0.0328962
0.885906 0.747475 1.12338 0.00482525 0.0282232
0.90604 0.747475 1.12433 0.0034467 0.0232187
0.926174 0.747475 1.12536 0.00225839 0.0178859
0.946309 0.747475 1.12643 0.00127885 0.0122323
0.966443 0.747475 1.12758 0.000524084 0.00626651
0.986577 0.747475 1.12869 0 0
1.00671 0.747475 0 0 0
1.02685 0.747475 0 0 0
1.04698 0.747475 0 0 0
1.06711 0.747475 0 0 0
1.08725 0.747475 0 0 0
1.10738 0.747475 0 0 0
1.12752 0.747475 0 0 0
1.14765 0.747475 0 0 0
1.16779 0.747475 0 0 0
1.18792 0.747475 0 0 0
1.20805 0.747475 0 0 0
1.22819 0.747475 0 0 0
1.24832 0.747475 0 0 0
1.26846 0.747475 0 0 0
1.28859 0.747475 0 0 0
1.30872 0.747475 0 0 0
1.32886 0.747475 0 0 0
1.34899 0.747475 0 0 0
1.36913 0.747475 0 0 0
1.38926 0.747475 0 0 0
1.4094 0.747475 0 0 0
1.42953 0.747475 0 0 0
1.44966 0.747475 0 0 0
1.4698 0.747475 0 0 0
1.48993 0.747475 0 0 0
1.51007 0.747475 0 0 0
1.5302 0.747475 0 0 0
1.55034 0.747475 0 0 0
1.57047 0.747475 0 0 0
1.5906 0.747475 0 0 0
1.61074 0.747475 0 0 0
1.63087 0.747475 0 0 0
1.65101 0.747475 0 0 0
1.67114 0.747475 0 0 0
1.69128 0.747475 0 0 0
1.71141 0.747475 0 0 0
1.73154 0.747475 0 0 0
1.75168 0.747475 0 0 0
1.77181 0.747475 0 0 0
1.79195 0.747475 0 0 0
1.81208 0.747475 0 0 0
1.83221 0.747475 0 0 0
1.85235 0.747475 0 0 0
1.87248 0.747475 0 0 0
1.89262 0.747475 0 0 0
1.91275 0.747475 0 0 0
1.93289 0.747475 0 0 0
1.95302 0.747475 0 0 0
1.97315 0.747475 0 0 0
1.99329 0.747475 0 0 0
2.01342 0.747475 1.00019 0 0
2.03356 0.747475 1.00022 -1.11105e-05 -9.61605e-05
2.05369 0.747475 1.00026 -1.47647e-05 -0.000192024
2.07383 0.747475 1.00031 -1.06913e-05 -0.000285892
2.09396 0.747475 1.00035 7.50022e-07 -0.00037598
2.11409 0.747475 1.00039 1.88311e-05 -0.00046059
2.13423 0.747475 1.00044 4.25109e-05 -0.000538292
2.15436 0.747475 1.00047 7.05803e-05 -0.000608015
2.1745 0.747475 1.00051 0.000101776 -0.000669072
2.19463 0.747475 1.00054 0.000134876 -0.000721138
2.21477 0.747475 1.00057 0.00016876 -0.000764203
2.2349 0.747475 1.00059 0.000202451 -0.000798509
2.25503 0.747475 1.00061 0.000235129 -0.000824489
2.27517 0.747475 1.00063 0.000266135 -0.000842709
2.2953 0.747475 1.00064 0.000294959 -0.000853818
2.31544 0.747475 1.00065 0.000321227 -0.000858508
2.33557 0.747475 1.00065 0.000344683 -0.000857483
2.3557 0.747475 1.00066 0.00036517 -0.000851438
2.37584 0.747475 1.00066 0.000382616 -0.00084104
2.39597 0.747475 1.00065 0.000397012 -0.000826919
2.41611 0.747475 1.00065 0.000408403 -0.000809657
2.43624 0.747475 1.00064 0.000416876 -0.00078979
2.45638 0.747475 1.00063 0.000422546 -0.000767803
2.47651 0.747475 1.00062 0.000425551 -0.00074413
2.49664 0.747475 1.00061 0.000426041 -0.000719155
2.51678 0.747475 1.0006 0.000424178 -0.000693215
2.53691 0.747475 1.00058 0.000420125 -0.000666603
2.55705 0.747475 1.00057 0.000414049 -0.000639568
2.57718 0.747475 1.00055 0.000406111 -0.000612318
2.59732 0.747475 1.00054 0.000396469 -0.000585023
2.61745 0.747475 1.00053 0.000385274 -0.000557818
2.63758 0.747475 1.00051 0.000372669 -0.000530804
2.65772 0.747475 1.0005 0.000358788 -0.000504047
2.67785 0.747475 1.00048 0.000343753 -0.000477584
2.69799 0.747475 1.00047 0.00032768 -0.000451421
2.71812 0.747475 1.00046 0.000310669 -0.000425533
2.73826 0.747475 1.00044 0.000292811 -0.000399867
2.75839 0.747475 1.00043 0.000274185 -0.000374338
2.77852 0.747475 1.00042 0.000254857 -0.000348831
2.79866 0.747475 1.00041 0.000234879 -0.000323198
2.81879 0.747475 1.00039 0.000214291 -0.00029726
2.83893 0.747475 1.00038 0.000193118 -0.000270798
2.85906 0.747475 1.00037 0.00017137 -0.00024356
2.87919 0.747475 1.00037 0.000149039 -0.000215247
2.89933 0.747475 1.00036 0.000126103 -0.00018552
2.91946 0.747475 1.00035 0.000102517 -0.000153987
2.9396 0.747475 1.00034 7.82162e-05 -0.000120205
2.95973 0.747475 1.00033 5.31119e-05 -8.36713e-05
2.97987 0.747475 1.00033 2.70907e-05 -4.38162e-05
3 0.747475 1.00032 0 0

0 0.767677 1 0.1 0
0.0201342 0.767677 1.12752 0.0879646 0.00474144
0.0402685 0.767677 1.13853 0.0862882 0.00966282
0.0604027 0.767677 1.13813 0.0853787 0.0147185
0.0805369 0.767677 1.13718 0.0843377 0.0198303
0.100671 0.767677 1.13602 0.0831203 0.0249098
0.120805 0.767677 1.13472 0.081724 0.0298722
0.14094 0.767677 1.13336 0.080163 0.0346459
0.161074 0.767677 1.132 0.0784608 0.0391758
0.181208 0.767677 1.13071 0.0766444 0.0434237
0.201342 0.767677 1.1295 0.0747406 0.0473652
0.221477 0.767677 1.12839 0.0727733 0.0509876
0.241611 0.767677 1.12737 0.0707621 0.0542871
0.261745 0.767677 1.12643 0.0687221 0.0572666
0.281879 0.767677 1.12555 0.0666646 0.0599335
0.302013 0.767677 1.12473 0.0645969 0.0622983
0.322148 0.767677 1.12396 0.0625242 0.0643734
0.342282 0.767677 1.12323 0.060449 0.0661718
0.362416 0.767677 1.12254 0.0583728 0.0677064
0.38255 0.767677 1.12189 0.0562957 0.06899
0.402685 0.767677 1.12128 0.0542172 0.0700344
0.422819 0.767677 1.12071 0.0521361 0.0708502
0.442953 0.767677 1.12018 0.0500514 0.071447
0.463087 0.767677 1.11969 0.0479618 0.071833
0.483221 0.767677 1.11924 0.045866 0.072015
0.503356 0.767677 1.11882 0.043763 0.0719984
0.52349 0.767677 1.11844 0.0416521 0.0717868
0.543624 0.767677 1.1181 0.0395327 0.0713825
0.563758 0.767677 1.1178 0.0374046 0.070786
0.583893 0.767677 1.11755 0.0352683 0.0699962
0.604027 0.767677 1.11734 0.0331243 0.0690104
0.624161 0.767677 1.11718 0.0309739 0.0678239
0.644295 0.767677 1.11707 0.0288191 0.0664306
0.66443 0.767677 1.11702 0.0266625 0.0648224
0.684564 0.767677 1.11703 0.0245076 0.0629895
0.704698 0.767677 1.11711 0.022359 0.0609206
0.724832 0.767677 1.11726 0.0202227 0.0586028
0.744966 0.767677 1.11749 0.0181063 0.0560217
0.765101 0.767677 1.11781 0.016019 0.0531622
0.785235 0.767677 1.11821 0.0139727 0.0500082
0.805369 0.767677 1.11871 0.0119814 0.0465439
0.825503 0.767677 1.11931 0.010062 0.0427541
0.845638 0.767677 1.12 0.00823448 0.0386256
0.865772 0.767677 1.1208 0.00652135 0.0341481
0.885906 0.767677 1.1217 0.00494746 0.0293154
0.90604 0.767677 1.12268 0.00353859 0.0241269
0.926174 0.767677 1.12376 0.00232039 0.0185878
0.946309 0.767677 1.12487 0.00131438 0.0127098
0.966443 0.767677 1.12607 0.000539282 0.0065074
0.986577 0.767677 1.12719 0 0
1.00671 0.767677 0 0 0
1.02685 0.767677 0 0 0
1.04698 0.767677 0 0 0
1.06711 0.767677 0 0 0
1.08725 0.767677 0 0 0
1.10738 0.767677 0 0 0
1.12752 0.767677 0 0 0
1.14765 0.767677 0 0 0
1.16779 0.767677 0 0 0
1.18792 0.767677 0 0 0
1.20805 0.767677 0 0 0
1.22819 0.767677 0 0 0
1.24832 0.767677 0 0 0
1.26846 0.767677 0 0 0
1.28859 0.767677 0 0 0
1.30872 0.767677 0 0 0
1.32886 0.767677 0 0 0
1.34899 0.767677 0 0 0
1.36913 0.767677 0 0 0
1.38926 0.767677 0 0 0
1.4094 0.767677 0 0 0
1.42953 0.767677 0 0 0
1.44966 0.767677 0 0 0
1.4698 0.767677 0 0 0
1.48993 0.767677 0 0 0
1.51007 0.767677 0 0 0
1.5302 0.767677 0 0 0
1.55034 0.767677 0 0 0
1.57047 0.767677 0 0 0
1.5906 0.767677 0 0 0
1.61074 0.767677 0 0 0
1.63087 0.767677 0 0 0
1.65101 0.767677 0 0 0
1.67114 0.767677 0 0 0
1.69128 0.767677 0 0 0
1.71141 0.767677 0 0 0
1.73154 0.767677 0 0 0
1.75168 0.767677 0 0 0
1.77181 0.767677 0 0 0
1.79195 0.767677 0 0 0
1.81208 0.767677 0 0 0
1.83221 0.767677 0 0 0
1.85235 0.767677 0 0 0
1.87248 0.767677 0 0 0
1.89262 0.767677 0 0 0
1.91275 0.767677 0 0 0
1.93289 0.767677 0 0 0
1.95302 0.767677 0 0 0
1.97315 0.767677 0 0 0
1.99329 0.767677 0 0 0
2.01342 0.767677 1.00018 0 0
2.03356 0.767677 1.00022 -1.03548e-05 -0.000105611
2.05369 0.767677 1.00027 -1.20991e-05 -0.000211616
2.07383 0.767677 1.00032 -4.88304e-06 -0.000315673
2.09396 0.767677 1.00037 1.07612e-05 -0.000415414
2.11409 0.767677 1.00042 3.3834e-05 -0.000508669
2.13423 0.767677 1.00047 6.29646e-05 -0.000593698
2.15436 0.767677 1.00052 9.66211e-05 -0.000669276
2.1745 0.767677 1.00056 0.00013326 -0.000734692
2.19463 0.767677 1.00059 0.000171438 -0.000789696
2.21477 0.767677 1.00062 0.000209881 -0.000834413
2.2349 0.767677 1.00065 0.000247519 -0.000869252
2.25503 0.767677 1.00067 0.000283485 -0.000894827
2.27517 0.767677 1.00069 0.000317114 -0.000911877
2.2953 0.767677 1.0007 0.000347917 -0.000921211
2.31544 0.767677 1.00071 0.00037556 -0.000923667
2.33557 0.767677 1.00071 0.000399837 -0.000920072
2.3557 0.767677 1.00071 0.00042065 -0.000911226
2.37584 0.767677 1.00071 0.000437981 -0.000897881
2.39597 0.767677 1.0007 0.00045188 -0.000880737
2.41611 0.767677 1.0007 0.000462446 -0.000860435
2.43624 0.767677 1.00069 0.000469815 -0.000837552
2.45638 0.767677 1.00068 0.000474147 -0.000812609
2.47651 0.767677 1.00066 0.000475621 -0.000786064
2.49664 0.767677 1.00065 0.000474423 -0.000758321
2.51678 0.767677 1.00064 0.000470745 -0.00072973
2.53691 0.767677 1.00062 0.000464781 -0.000700592
2.55705 0.767677 1.00061 0.000456717 -0.000671161
2.57718 0.767677 1.00059 0.000446737 -0.000641646
2.59732 0.767677 1.00058 0.000435016 -0.000612218
2.61745 0.767677 1.00056 0.000421718 -0.000583009
2.63758 0.767677 1.00054 0.000407 -0.000554115
2.65772 0.767677 1.00053 0.000391003 -0.000525598
2.67785 0.767677 1.00051 0.000373862 -0.000497488
2.69799 0.767677 1.0005 0.000355694 -0.000469783
2.71812 0.767677 1.00048 0.000336609 -0.000442452
2.73826 0.767677 1.00047 0.0003167 -0.00041543
2.75839 0.767677 1.00046 0.000296048 -0.000388625
2.77852 0.767677 1.00044 0.000274723 -0.00036191
2.79866 0.767677 1.00043 0.000252779 -0.000335126
2.81879 0.767677 1.00042 0.000230257 -0.000308081
2.83893 0.767677 1.00041 0.000207181 -0.000280544
2.85906 0.767677 1.0004 0.000183562 -0.000252245
2.87919 0.767677 1.00039 0.000159394 -0.000222871
2.89933 0.767677 1.00038 0.000134652 -0.000192062
2.91946 0.767677 1.00037 0.000109293 -0.000159407
2.9396 0.767677 1.00036 8.32512e-05 -0.000124439
2.95973 0.767677 1.00036 5.64374e-05 -8.66268e-05
2.97987 0.767677 1.00035 2.87381e-05 -4.53721e-05
3 0.767677 1.00034 0 0

0 0.787879 1 0.1 0
0.0201342 0.787879 1.12809 0.0879309 0.0047509
0.0402685 0.787879 1.13899 0.0862569 0.00977905
0.0604027 0.787879 1.13836 0.0853173 0.0150122
0.0805369 0.787879 1.13717 0.084202 0.0203391
0.100671 0.787879 1.13583 0.082871 0.0256421
0.120805 0.787879 1.13445 0.0813348 0.0308149
0.14094 0.787879 1.13309 0.079623 0.0357716
0.161074 0.787879 1.13175 0.0777723 0.04045
0.181208 0.787879 1.13039 0.0758189 0.0448099
0.201342 0.787879 1.12903 0.0737946 0.0488304
0.221477 0.787879 1.12769 0.0717258 0.0525047
0.241611 0.787879 1.12641 0.0696332 0.0558358
0.261745 0.787879 1.12521 0.0675321 0.0588331
0.281879 0.787879 1.12411 0.0654334 0.0615092
0.302013 0.787879 1.12313 0.0633441 0.0638783
0.322148 0.787879 1.12224 0.0612676 0.0659554
0.342282 0.787879 1.12144 0.0592053 0.0677553
0.362416 0.787879 1.12071 0.0571566 0.069292
0.38255 0.787879 1.12005 0.0551198 0.0705789
0.402685 0.787879 1.11943 0.0530927 0.0716282
0.422819 0.787879 1.11887 0.0510725 0.0724508
0.442953 0.787879 1.11835 0.0490565 0.0730562
0.463087 0.787879 1.11786 0.0470422 0.0734525
0.483221 0.787879 1.11742 0.0450271 0.0736463
0.503356 0.787879 1.11701 0.0430089 0.0736427
0.52349 0.787879 1.11664 0.0409857 0.073445
0.543624 0.787879 1.1163 0.038956 0.0730552
0.563758 0.787879 1.116 0.0369186 0.0724733
0.583893 0.787879 1.11575 0.0348727 0.0716978
0.604027 0.787879 1.11554 0.032818 0.0707253
0.624161 0.787879 1.11537 0.0307546 0.0695508
0.644295 0.787879 1.11526 0.0286833 0.0681671
0.66443 0.787879 1.1152 0.0266054 0.0665655
0.684564 0.787879 1.11521 0.0245233 0.0647351
0.704698 0.787879 1.11528 0.0224402 0.0626634
0.724832 0.787879 1.11542 0.0203607 0.0603358
0.744966 0.787879 1.11564 0.0182909 0.0577362
0.765101 0.787879 1.11595 0.016239 0.0548472
0.785235 0.787879 1.11635 0.0142154 0.0516502
0.805369 0.787879 1.11685 0.0122336 0.0481264
0.825503 0.787879 1.11745 0.0103103 0.0442575
0.845638 0.787879 1.11817 0.00846585 0.040027
0.865772 0.787879 1.119 0.00672436 0.0354217
0.885906 0.787879 1.11993 0.00511343 0.0304335
0.90604 0.787879 1.12097 0.00366277 0.0250612
0.926174 0.787879 1.12211 0.00240295 0.0193121
0.946309 0.787879 1.12328 0.00136013 0.0132025
0.966443 0.787879 1.12456 0.00055765 0.00675517
0.986577 0.787879 1.1257 0 0
1.00671 0.787879 0 0 0
1.02685 0.787879 0 0 0
1.04698 0.787879 0 0 0
1.06711 0.787879 0 0 0
1.08725 0.787879 0 0 0
1.10738 0.787879 0 0 0
1.12752 0.787879 0 0 0
1.14765 0.787879 0 0 0
1.16779 0.787879 0 0 0
1.18792 0.787879 0 0 0
1.20805 0.787879 0 0 0
1.22819 0.787879 0 0 0
1.24832 0.787879 0 0 0
1.26846 0.787879 0 0 0
1.28859 0.787879 0 0 0
1.30872 0.787879 0 0 0
1.32886 0.787879 0 0 0
1.34899 0.787879 0 0 0
1.36913 0.787879 0 0 0
1.38926 0.787879 0 0 0
1.4094 0.787879 0 0 0
1.42953 0.787879 0 0 0
1.44966 0.787879 0 0 0
1.4698 0.787879 0 0 0
1.48993 0.787879 0 0 0
1.51007 0.787879 0 0 0
1.5302 0.787879 0 0 0
1.55034 0.787879 0 0 0
1.57047 0.787879 0 0 0
1.5906 0.787879 0 0 0
1.61074 0.787879 0 0 0
1.63087 0.787879 0 0 0
1.65101 0.787879 0 0 0
1.67114 0.787879 0 0 0
1.69128 0.787879 0 0 0
1.71141 0.787879 0 0 0
1.73154 0.787879 0 0 0
1.75168 0.787879 0 0 0
1.77181 0.787879 0 0 0
1.79195 0.787879 0 0 0
1.81208 0.787879 0 0 0
1.83221 0.787879 0 0 0
1.85235 0.787879 0 0 0
1.87248 0.787879 0 0 0
1.89262 0.787879 0 0 0
1.91275 0.787879 0 0 0
1.93289 0.787879 0 0 0
1.95302 0.787879 0 0 0
1.97315 0.787879 0 0 0
1.99329 0.787879 0 0 0
2.01342 0.787879 1.00017 0 0
2.03356 0.787879 1.00022 -9.15653e-06 -0.000116517
2.05369 0.787879 1.00027 -8.24122e-06 -0.000234326
2.07383 0.787879 1.00033 3.1659e-06 -0.000350172
2.09396 0.787879 1.00039 2.42416e-05 -0.000460905
2.11409 0.787879 1.00045 5.35826e-05 -0.000563772
2.13423 0.787879 1.00051 8.93662e-05 -0.00065669
2.15436 0.787879 1.00056 0.000129649 -0.00073831
2.1745 0.787879 1.00061 0.000172555 -0.000807963
2.19463 0.787879 1.00065 0.000216406 -0.000865548
2.21477 0.787879 1.00068 0.000259779 -0.000911399
2.2349 0.787879 1.00071 0.000301531 -0.00094616
2.25503 0.787879 1.00073 0.000340782 -0.000970673
2.27517 0.787879 1.00075 0.000376893 -0.00098589
2.2953 0.787879 1.00076 0.000409427 -0.000992811
2.31544 0.787879 1.00077 0.000438119 -0.00099243
2.33557 0.787879 1.00077 0.000462837 -0.000985712
2.3557 0.787879 1.00077 0.000483557 -0.000973564
2.37584 0.787879 1.00077 0.000500339 -0.000956826
2.39597 0.787879 1.00076 0.000513299 -0.000936267
2.41611 0.787879 1.00075 0.000522601 -0.000912581
2.43624 0.787879 1.00074 0.000528435 -0.000886385
2.45638 0.787879 1.00073 0.000531014 -0.00085823
2.47651 0.787879 1.00071 0.000530557 -0.000828595
2.49664 0.787879 1.0007 0.000527292 -0.0007979
2.51678 0.787879 1.00068 0.000521441 -0.000766502
2.53691 0.787879 1.00066 0.000513226 -0.000734707
2.55705 0.787879 1.00065 0.000502858 -0.000702772
2.57718 0.787879 1.00063 0.000490538 -0.000670904
2.59732 0.787879 1.00061 0.000476459 -0.000639271
2.61745 0.787879 1.0006 0.0004608 -0.000608
2.63758 0.787879 1.00058 0.000443725 -0.000577182
2.65772 0.787879 1.00056 0.000425389 -0.00054687
2.67785 0.787879 1.00054 0.000405929 -0.000517088
2.69799 0.787879 1.00053 0.000385472 -0.000487825
2.71812 0.787879 1.00051 0.000364129 -0.00045904
2.73826 0.787879 1.0005 0.000341998 -0.00043066
2.75839 0.787879 1.00048 0.000319162 -0.00040258
2.77852 0.787879 1.00047 0.000295692 -0.000374664
2.79866 0.787879 1.00045 0.000271642 -0.00034674
2.81879 0.787879 1.00044 0.000247054 -0.000318604
2.83893 0.787879 1.00043 0.000221953 -0.00029001
2.85906 0.787879 1.00042 0.00019635 -0.000260673
2.87919 0.787879 1.00041 0.000170237 -0.000230263
2.89933 0.787879 1.0004 0.000143591 -0.000198403
2.91946 0.787879 1.00039 0.000116366 -0.000164659
2.9396 0.787879 1.00038 8.84972e-05 -0.00012854
2.95973 0.787879 1.00038 5.98957e-05 -8.94907e-05
2.97987 0.787879 1.00037 3.04475e-05 -4.68804e-05
3 0.787879 1.00037 0 0

0 0.808081 1 0.1 0
0.0201342 0.808081 1.12916 0.0878639 0.00475751
0.0402685 0.808081 1.13982 0.0861944 0.00992467
0.0604027 0.808081 1.13868 0.0852142 0.0153793
0.0805369 0.808081 1.13683 0.0840023 0.0209564
0.100671 0.808081 1.13465 0.0825298 0.0264967
0.120805 0.808081 1.1323 0.0808225 0.0318705
0.14094 0.808081 1.12999 0.0789258 0.0369859
0.161074 0.808081 1.12791 0.0768912 0.0417849
0.181208 0.808081 1.12619 0.0747688 0.0462345
0.201342 0.808081 1.12483 0.0726009 0.0503197
0.221477 0.808081 1.12376 0.0704197 0.0540378
0.241611 0.808081 1.12288 0.0682471 0.0573954
0.261745 0.808081 1.1221 0.0660962 0.060405
0.281879 0.808081 1.12137 0.0639741 0.0630829
0.302013 0.808081 1.12066 0.0618834 0.0654471
0.322148 0.808081 1.11997 0.0598243 0.0675154
0.342282 0.808081 1.11931 0.057795 0.0693054
0.362416 0.808081 1.11867 0.0557925 0.0708331
0.38255 0.808081 1.11806 0.0538133 0.0721129
0.402685 0.808081 1.11749 0.0518534 0.0731578
0.422819 0.808081 1.11695 0.0499088 0.073979
0.442953 0.808081 1.11645 0.0479753 0.0745861
0.463087 0.808081 1.11598 0.0460493 0.074987
0.483221 0.808081 1.11555 0.044127 0.075188
0.503356 0.808081 1.11515 0.0422053 0.075194
0.52349 0.808081 1.11478 0.0402812 0.075008
0.543624 0.808081 1.11445 0.0383522 0.0746313
0.563758 0.808081 1.11416 0.0364161 0.0740638
0.583893 0.808081 1.1139 0.0344713 0.0733033
0.604027 0.808081 1.11368 0.0325162 0.0723461
0.624161 0.808081 1.11351 0.0305501 0.0711865
0.644295 0.808081 1.11339 0.0285724 0.0698167
0.66443 0.808081 1.11332 0.0265833 0.0682272
0.684564 0.808081 1.11331 0.0245838 0.0664062
0.704698 0.808081 1.11337 0.0225756 0.0643399
0.724832 0.808081 1.11349 0.0205616 0.0620122
0.744966 0.808081 1.1137 0.0185463 0.0594053
0.765101 0.808081 1.114 0.0165361 0.0564992
0.785235 0.808081 1.11439 0.01454 0.0532727
0.805369 0.808081 1.11489 0.0125699 0.0497034
0.825503 0.808081 1.1155 0.0106418 0.0457692
0.845638 0.808081 1.11623 0.00877602 0.0414493
0.865772 0.808081 1.11709 0.00699805 0.0367264
0.885906 0.808081 1.11808 0.00533836 0.0315891
0.90604 0.808081 1.11919 0.00383142 0.0260343
0.926174 0.808081 1.12041 0.00251442 0.0200706
0.946309 0.808081 1.12167 0.00142054 0.0137197
0.966443 0.808081 1.12306 0.00058053 0.00701471
0.986577 0.808081 1.12426 0 0
1.00671 0.808081 0 0 0
1.02685 0.808081 0 0 0
1.04698 0.808081 0 0 0
1.06711 0.808081 0 0 0
1.08725 0.808081 0 0 0
1.10738 0.808081 0 0 0
1.12752 0.808081 0 0 0
1.14765 0.808081 0 0 0
1.16779 0.808081 0 0 0
1.18792 0.808081 0 0 0
1.20805 0.808081 0 0 0
1.22819 0.808081 0 0 0
1.24832 0.808081 0 0 0
1.26846 0.808081 0 0 0
1.28859 0.808081 0 0 0
1.30872 0.808081 0 0 0
1.32886 0.808081 0 0 0
1.34899 0.808081 0 0 0
1.36913 0.808081 0 0 0
1.38926 0.808081 0 0 0
1.4094 0.808081 0 0 0
1.42953 0.808081 0 0 0
1.44966 0.808081 0 0 0
1.4698 0.808081 0 0 0
1.48993 0.808081 0 0 0
1.51007 0.808081 0 0 0
1.5302 0.808081 0 0 0
1.55034 0.808081 0 0 0
1.57047 0.808081 0 0 0
1.5906 0.808081 0 0 0
1.61074 0.808081 0 0 0
1.63087 0.808081 0 0 0
1.65101 0.808081 0 0 0
1.67114 0.808081 0 0 0
1.69128 0.808081 0 0 0
1.71141 0.808081 0 0 0
1.73154 0.808081 0 0 0
1.75168 0.808081 0 0 0
1.77181 0.808081 0 0 0
1.79195 0.808081 0 0 0
1.81208 0.808081 0 0 0
1.83221 0.808081 0 0 0
1.85235 0.808081 0 0 0
1.87248 0.808081 0 0 0
1.89262 0.808081 0 0 0
1.91275 0.808081 0 0 0
1.93289 0.808081 0 0 0
1.95302 0.808081 0 0 0
1.97315 0.808081 0 0 0
1.99329 0.808081 0 0 0
2.01342 0.808081 1.00015 0 0
2.03356 0.808081 1.0002 -7.34359e-06 -0.000129302
2.05369 0.808081 1.00027 -2.72478e-06 -0.000261032
2.07383 0.808081 1.00034 1.43029e-05 -0.000390624
2.09396 0.808081 1.00042 4.24269e-05 -0.000513887
2.11409 0.808081 1.00049 7.96434e-05 -0.000627362
2.13423 0.808081 1.00055 0.000123517 -0.000728628
2.15436 0.808081 1.00061 0.000171591 -0.000816285
2.1745 0.808081 1.00066 0.000221618 -0.000889815
2.19463 0.808081 1.00071 0.000271682 -0.000949376
2.21477 0.808081 1.00075 0.000320246 -0.000995614
2.2349 0.808081 1.00078 0.000366135 -0.00102948
2.25503 0.808081 1.0008 0.000408506 -0.00105211
2.27517 0.808081 1.00082 0.000446789 -0.0010647
2.2953 0.808081 1.00083 0.000480642 -0.00106846
2.31544 0.808081 1.00083 0.000509901 -0.00106457
2.33557 0.808081 1.00083 0.000534536 -0.00105412
2.3557 0.808081 1.00083 0.000554623 -0.00103814
2.37584 0.808081 1.00083 0.000570308 -0.00101754
2.39597 0.808081 1.00082 0.00058179 -0.000993168
2.41611 0.808081 1.00081 0.000589303 -0.000965755
2.43624 0.808081 1.00079 0.0005931 -0.000935957
2.45638 0.808081 1.00078 0.000593447 -0.000904345
2.47651 0.808081 1.00076 0.000590609 -0.000871417
2.49664 0.808081 1.00075 0.000584852 -0.000837599
2.51678 0.808081 1.00073 0.000576432 -0.000803255
2.53691 0.808081 1.00071 0.000565596 -0.000768691
2.55705 0.808081 1.00069 0.000552579 -0.00073416
2.57718 0.808081 1.00067 0.000537601 -0.000699867
2.59732 0.808081 1.00065 0.000520868 -0.000665974
2.61745 0.808081 1.00063 0.000502571 -0.000632599
2.63758 0.808081 1.00061 0.000482887 -0.000599825
2.65772 0.808081 1.00059 0.000461974 -0.000567699
2.67785 0.808081 1.00058 0.000439978 -0.000536233
2.69799 0.808081 1.00056 0.000417029 -0.000505407
2.71812 0.808081 1.00054 0.00039324 -0.00047517
2.73826 0.808081 1.00052 0.000368712 -0.000445438
2.75839 0.808081 1.00051 0.000343528 -0.000416095
2.77852 0.808081 1.00049 0.000317761 -0.000386994
2.79866 0.808081 1.00048 0.000291465 -0.000357951
2.81879 0.808081 1.00047 0.000264679 -0.000328746
2.83893 0.808081 1.00046 0.000237431 -0.000299122
2.85906 0.808081 1.00044 0.000209729 -0.000268778
2.87919 0.808081 1.00043 0.000181564 -0.000237367
2.89933 0.808081 1.00042 0.000152913 -0.000204493
2.91946 0.808081 1.00042 0.00012373 -0.000169701
2.9396 0.808081 1.00041 9.39503e-05 -0.000132478
2.95973 0.808081 1.0004 6.34838e-05 -9.22407e-05
2.97987 0.808081 1.00039 3.22176e-05 -4.83292e-05
3 0.808081 1.00039 0 0

0 0.828283 1 0.1 0
0.0201342 0.828283 1.13105 0.0877427 0.00476814
0.0402685 0.828283 1.1415 0.0860672 0.010137
0.0604027 0.828283 1.14009 0.0850035 0.0159
0.0805369 0.828283 1.13829 0.0836252 0.0218196
0.100671 0.828283 1.13667 0.0819352 0.0276845
0.120805 0.828283 1.13529 0.0799996 0.0333304
0.14094 0.828283 1.13394 0.0778954 0.0386449
0.161074 0.828283 1.13236 0.0756886 0.0435643
0.181208 0.828283 1.13046 0.0734294 0.0480645
0.201342 0.828283 1.12832 0.071154 0.052148
0.221477 0.828283 1.12614 0.0688896 0.0558318
0.241611 0.828283 1.12409 0.0666559 0.0591392
0.261745 0.828283 1.12229 0.0644665 0.0620942
0.281879 0.828283 1.12076 0.0623285 0.0647196
0.302013 0.828283 1.11949 0.060244 0.0670365
0.322148 0.828283 1.11844 0.0582114 0.0690643
0.342282 0.828283 1.11756 0.0562263 0.0708206
0.362416 0.828283 1.1168 0.0542831 0.0723211
0.38255 0.828283 1.11614 0.0523757 0.07358
0.402685 0.828283 1.11554 0.0504976 0.0746097
0.422819 0.828283 1.115 0.0486429 0.075421
0.442953 0.828283 1.11451 0.046806 0.076023
0.463087 0.828283 1.11405 0.0449817 0.0764232
0.483221 0.828283 1.11363 0.0431652 0.0766275
0.503356 0.828283 1.11324 0.0413522 0.0766401
0.52349 0.828283 1.11288 0.0395391 0.0764637
0.543624 0.828283 1.11256 0.0377223 0.0760992
0.563758 0.828283 1.11226 0.0358989 0.075546
0.583893 0.828283 1.112 0.0340661 0.0748016
0.604027 0.828283 1.11178 0.0322218 0.0738617
0.624161 0.828283 1.1116 0.0303639 0.0727201
0.644295 0.828283 1.11146 0.0284909 0.0713687
0.66443 0.828283 1.11138 0.0266018 0.069797
0.684564 0.828283 1.11135 0.0246959 0.0679925
0.704698 0.828283 1.11138 0.0227734 0.0659403
0.724832 0.828283 1.11149 0.0208355 0.0636231
0.744966 0.828283 1.11168 0.0188845 0.0610211
0.765101 0.828283 1.11195 0.0169249 0.058112
0.785235 0.828283 1.11233 0.0149631 0.0548716
0.805369 0.828283 1.11282 0.0130092 0.0512738
0.825503 0.828283 1.11344 0.0110774 0.0472918
0.845638 0.828283 1.11419 0.00918719 0.0428994
0.865772 0.828283 1.11509 0.00736462 0.0380735
0.885906 0.828283 1.11614 0.00564287 0.0327972
0.90604 0.828283 1.11733 0.00406188 0.0270635
0.926174 0.828283 1.11866 0.00266724 0.0208809
0.946309 0.828283 1.12006 0.00150266 0.0142752
0.966443 0.828283 1.12161 0.000610365 0.00729433
0.986577 0.828283 1.1229 0 0
1.00671 0.828283 0 0 0
1.02685 0.828283 0 0 0
1.04698 0.828283 0 0 0
1.06711 0.828283 0 0 0
1.08725 0.828283 0 0 0
1.10738 0.828283 0 0 0
1.12752 0.828283 0 0 0
1.14765 0.828283 0 0 0
1.16779 0.828283 0 0 0
1.18792 0.828283 0 0 0
1.20805 0.828283 0 0 0
1.22819 0.828283 0 0 0
1.24832 0.828283 0 0 0
1.26846 0.828283 0 0 0
1.28859 0.828283 0 0 0
1.30872 0.828283 0 0 0
1.32886 0.828283 0 0 0
1.34899 0.828283 0 0 0
1.36913 0.828283 0 0 0
1.38926 0.828283 0 0 0
1.4094 0.828283 0 0 0
1.42953 0.828283 0 0 0
1.44966 0.828283 0 0 0
1.4698 0.828283 0 0 0
1.48993 0.828283 0 0 0
1.51007 0.828283 0 0 0
1.5302 0.828283 0 0 0
1.55034 0.828283 0 0 0
1.57047 0.828283 0 0 0
1.5906 0.828283 0 0 0
1.61074 0.828283 0 0 0
1.63087 0.828283 0 0 0
1.65101 0.828283 0 0 0
1.67114 0.828283 0 0 0
1.69128 0.828283 0 0 0
1.71141 0.828283 0 0 0
1.73154 0.828283 0 0 0
1.75168 0.828283 0 0 0
1.77181 0.828283 0 0 0
1.79195 0.828283 0 0 0
1.81208 0.828283 0 0 0
1.83221 0.828283 0 0 0
1.85235 0.828283 0 0 0
1.87248 0.828283 0 0 0
1.89262 0.828283 0 0 0
1.91275 0.828283 0 0 0
1.93289 0.828283 0 0 0
1.95302 0.828283 0 0 0
1.97315 0.828283 0 0 0
1.99329 0.828283 0 0 0
2.01342 0.828283 1.00012 0 0
2.03356 0.828283 1.00018 -4.6551e-06 -0.000144588
2.05369 0.828283 1.00027 5.15515e-06 -0.000292975
2.07383 0.828283 1.00036 2.9779e-05 -0.000438713
2.09396 0.828283 1.00044 6.70857e-05 -0.000576223
2.11409 0.828283 1.00053 0.000114182 -0.000701251
2.13423 0.828283 1.0006 0.000167819 -0.000811101
2.15436 0.828283 1.00067 0.000224932 -0.000904477
2.1745 0.828283 1.00073 0.000282885 -0.000981182
2.19463 0.828283 1.00078 0.000339565 -0.00104179
2.21477 0.828283 1.00082 0.000393382 -0.00108739
2.2349 0.828283 1.00085 0.000443208 -0.00111931
2.25503 0.828283 1.00087 0.000488299 -0.00113904
2.27517 0.828283 1.00089 0.000528221 -0.00114807
2.2953 0.828283 1.0009 0.000562773 -0.00114784
2.31544 0.828283 1.0009 0.00059193 -0.00113969
2.33557 0.828283 1.0009 0.000615796 -0.00112488
2.3557 0.828283 1.0009 0.000634562 -0.00110451
2.37584 0.828283 1.00089 0.00064848 -0.00107959
2.39597 0.828283 1.00088 0.00065784 -0.00105101
2.41611 0.828283 1.00087 0.000662952 -0.00101954
2.43624 0.828283 1.00085 0.000664135 -0.000985867
2.45638 0.828283 1.00084 0.000661709 -0.000950576
2.47651 0.828283 1.00082 0.000655987 -0.000914172
2.49664 0.828283 1.0008 0.000647272 -0.000877086
2.51678 0.828283 1.00078 0.00063585 -0.00083968
2.53691 0.828283 1.00076 0.000621994 -0.000802256
2.55705 0.828283 1.00073 0.00060596 -0.00076506
2.57718 0.828283 1.00071 0.000587984 -0.000728291
2.59732 0.828283 1.00069 0.000568285 -0.0006921
2.61745 0.828283 1.00067 0.000547064 -0.000656598
2.63758 0.828283 1.00065 0.000524504 -0.000621855
2.65772 0.828283 1.00063 0.000500771 -0.000587909
2.67785 0.828283 1.00061 0.000476013 -0.000554762
2.69799 0.828283 1.00059 0.000450363 -0.000522382
2.71812 0.828283 1.00057 0.000423937 -0.000490707
2.73826 0.828283 1.00055 0.000396833 -0.000459641
2.75839 0.828283 1.00054 0.000369138 -0.000429058
2.77852 0.828283 1.00052 0.000340921 -0.000398798
2.79866 0.828283 1.00051 0.000312236 -0.000368664
2.81879 0.828283 1.00049 0.000283122 -0.000338424
2.83893 0.828283 1.00048 0.000253603 -0.000307806
2.85906 0.828283 1.00047 0.000223687 -0.000276493
2.87919 0.828283 1.00046 0.000193365 -0.000244124
2.89933 0.828283 1.00045 0.000162611 -0.000210281
2.91946 0.828283 1.00044 0.00013138 -0.000174492
2.9396 0.828283 1.00043 9.96051e-05 -0.00013622
2.95973 0.828283 1.00042 6.7198e-05 -9.48539e-05
2.97987 0.828283 1.00042 3.40463e-05 -4.97066e-05
3 0.828283 1.00041 0 0

0 0.848485 1 0.1 0
0.0201342 0.848485 1.1337 0.0875723 0.00476666
0.0402685 0.848485 1.1431 0.0859072 0.0104003
0.0604027 0.848485 1.13982 0.0847524 0.0165177
0.0805369 0.848485 1.13532 0.0831908 0.0227607
0.100671 0.848485 1.13019 0.0812554 0.0288627
0.120805 0.848485 1.12514 0.0790356 0.0346622
0.14094 0.848485 1.12097 0.0766343 0.0400769
0.161074 0.848485 1.11817 0.0741502 0.0450688
0.181208 0.848485 1.11672 0.071664 0.0496243
0.201342 0.848485 1.11625 0.0692294 0.053745
0.221477 0.848485 1.11627 0.0668745 0.0574454
0.241611 0.848485 1.11639 0.0646085 0.0607483
0.261745 0.848485 1.11641 0.0624299 0.0636814
0.281879 0.848485 1.11625 0.0603324 0.0662733
0.302013 0.848485 1.11593 0.0583083 0.0685509
0.322148 0.848485 1.1155 0.0563495 0.0705384
0.342282 0.848485 1.115 0.0544483 0.0722567
0.362416 0.848485 1.11447 0.052597 0.0737239
0.38255 0.848485 1.11395 0.050788 0.074955
0.402685 0.848485 1.11344 0.0490143 0.0759631
0.422819 0.848485 1.11296 0.0472689 0.0767588
0.442953 0.848485 1.1125 0.0455454 0.0773508
0.463087 0.848485 1.11207 0.0438381 0.0777464
0.483221 0.848485 1.11167 0.0421413 0.0779508
0.503356 0.848485 1.11129 0.0404502 0.0779678
0.52349 0.848485 1.11094 0.0387604 0.0777996
0.543624 0.848485 1.11061 0.0370678 0.0774468
0.563758 0.848485 1.11032 0.0353686 0.0769082
0.583893 0.848485 1.11006 0.0336595 0.076181
0.604027 0.848485 1.10983 0.0319373 0.0752604
0.624161 0.848485 1.10963 0.0301993 0.07414
0.644295 0.848485 1.10948 0.0284429 0.0728111
0.66443 0.848485 1.10937 0.0266656 0.0712629
0.684564 0.848485 1.10932 0.0248657 0.0694822
0.704698 0.848485 1.10933 0.0230414 0.0674531
0.724832 0.848485 1.10941 0.0211921 0.0651573
0.744966 0.848485 1.10956 0.0193179 0.0625734
0.765101 0.848485 1.10981 0.0174203 0.0596769
0.785235 0.848485 1.11016 0.0155031 0.0564406
0.805369 0.848485 1.11064 0.0135734 0.0528343
0.825503 0.848485 1.11124 0.0116424 0.0488259
0.845638 0.848485 1.112 0.00972737 0.0443827
0.865772 0.848485 1.11293 0.00785359 0.0394737
0.885906 0.848485 1.11404 0.00605583 0.0340739
0.90604 0.848485 1.11533 0.00437968 0.0281686
0.926174 0.848485 1.1168 0.00288048 0.0217636
0.946309 0.848485 1.1184 0.0016177 0.0148862
0.966443 0.848485 1.12017 0.000650485 0.00760403
0.986577 0.848485 1.12166 0 0
1.00671 0.848485 0 0 0
1.02685 0.848485 0 0 0
1.04698 0.848485 0 0 0
1.06711 0.848485 0 0 0
1.08725 0.848485 0 0 0
1.10738 0.848485 0 0 0
1.12752 0.848485 0 0 0
1.14765 0.848485 0 0 0
1.16779 0.848485 0 0 0
1.18792 0.848485 0 0 0
1.20805 0.848485 0 0 0
1.22819 0.848485 0 0 0
1.24832 0.848485 0 0 0
1.26846 0.848485 0 0 0
1.28859 0.848485 0 0 0
1.30872 0.848485 0 0 0
1.32886 0.848485 0 0 0
1.34899 0.848485 0 0 0
1.36913 0.848485 0 0 0
1.38926 0.848485 0 0 0
1.4094 0.848485 0 0 0
1.42953 0.848485 0 0 0
1.44966 0.848485 0 0 0
1.4698 0.848485 0 0 0
1.48993 0.848485 0 0 0
1.51007 0.848485 0 0 0
1.5302 0.848485 0 0 0
1.55034 0.848485 0 0 0
1.57047 0.848485 0 0 0
1.5906 0.848485 0 0 0
1.61074 0.848485 0 0 0
1.63087 0.848485 0 0 0
1.65101 0.848485 0 0 0
1.67114 0.848485 0 0 0
1.69128 0.848485 0 0 0
1.71141 0.848485 0 0 0
1.73154 0.848485 0 0 0
1.75168 0.848485 0 0 0
1.77181 0.848485 0 0 0
1.79195 0.848485 0 0 0
1.81208 0.848485 0 0 0
1.83221 0.848485 0 0 0
1.85235 0.848485 0 0 0
1.87248 0.848485 0 0 0
1.89262 0.848485 0 0 0
1.91275 0.848485 0 0 0
1.93289 0.848485 0 0 0
1.95302 0.848485 0 0 0
1.97315 0.848485 0 0 0
1.99329 0.848485 0 0 0
2.01342 0.848485 1.00007 0 0
2.03356 0.848485 1.00015 -6.78458e-07 -0.000163328
2.05369 0.848485 1.00026 1.65034e-05 -0.000331959
2.07383 0.848485 1.00037 5.14868e-05 -0.000496755
2.09396 0.848485 1.00048 0.000100787 -0.000650337
2.11409 0.848485 1.00058 0.000160215 -0.000787645
2.13423 0.848485 1.00066 0.000225482 -0.000905908
2.15436 0.848485 1.00074 0.000292856 -0.00100421
2.1745 0.848485 1.00081 0.000359359 -0.00108292
2.19463 0.848485 1.00086 0.000422782 -0.00114324
2.21477 0.848485 1.0009 0.000481597 -0.00118683
2.2349 0.848485 1.00093 0.000534831 -0.00121551
2.25503 0.848485 1.00096 0.000581934 -0.00123116
2.27517 0.848485 1.00097 0.000622676 -0.00123558
2.2953 0.848485 1.00098 0.000657054 -0.00123044
2.31544 0.848485 1.00098 0.000685223 -0.00121726
2.33557 0.848485 1.00098 0.000707445 -0.00119742
2.3557 0.848485 1.00097 0.000724047 -0.00117212
2.37584 0.848485 1.00096 0.000735397 -0.00114242
2.39597 0.848485 1.00095 0.000741882 -0.00110926
2.41611 0.848485 1.00093 0.000743891 -0.00107344
2.43624 0.848485 1.00091 0.000741809 -0.00103565
2.45638 0.848485 1.00089 0.000736011 -0.000996488
2.47651 0.848485 1.00087 0.000726853 -0.00095646
2.49664 0.848485 1.00085 0.000714672 -0.000915991
2.51678 0.848485 1.00083 0.000699784 -0.000875436
2.53691 0.848485 1.0008 0.000682484 -0.000835089
2.55705 0.848485 1.00078 0.000663044 -0.000795186
2.57718 0.848485 1.00076 0.000641714 -0.000755913
2.59732 0.848485 1.00073 0.000618723 -0.000717411
2.61745 0.848485 1.00071 0.00059428 -0.000679777
2.63758 0.848485 1.00069 0.000568572 -0.000643071
2.65772 0.848485 1.00067 0.000541769 -0.000607318
2.67785 0.848485 1.00064 0.00051402 -0.000572508
2.69799 0.848485 1.00062 0.000485459 -0.000538597
2.71812 0.848485 1.0006 0.000456201 -0.000505511
2.73826 0.848485 1.00059 0.000426344 -0.000473142
2.75839 0.848485 1.00057 0.000395972 -0.000441353
2.77852 0.848485 1.00055 0.000365153 -0.00040997
2.79866 0.848485 1.00053 0.000333938 -0.000378784
2.81879 0.848485 1.00052 0.000302364 -0.000347551
2.83893 0.848485 1.00051 0.000270453 -0.000315983
2.85906 0.848485 1.00049 0.000238211 -0.00028375
2.87919 0.848485 1.00048 0.000205628 -0.000250472
2.89933 0.848485 1.00047 0.000172674 -0.000215716
2.91946 0.848485 1.00046 0.000139305 -0.000178989
2.9396 0.848485 1.00045 0.000105454 -0.000139731
2.95973 0.848485 1.00045 7.10334e-05 -9.73069e-05
2.97987 0.848485 1.00044 3.59311e-05 -5.1e-05
3 0.848485 1.00044 0 0

0 0.868687 1 0.1 0
0.0201342 0.868687 1.13888 0.0872437 0.00482063
0.0402685 0.868687 1.14826 0.0855052 0.010931
0.0604027 0.868687 1.14617 0.0840727 0.0176626
0.0805369 0.868687 1.14506 0.0821144 0.0245026
0.100671 0.868687 1.14503 0.0797929 0.0310824
0.120805 0.868687 1.14489 0.0772883 0.0371798
0.14094 0.868687 1.14345 0.0747214 0.0427003
0.161074 0.868687 1.1403 0.072155 0.0476405
0.181208 0.868687 1.13589 0.0696224 0.0520455
0.201342 0.868687 1.13104 0.0671491 0.0559742
0.221477 0.868687 1.12648 0.0647577 0.0594812
0.241611 0.868687 1.12262 0.0624652 0.0626105
0.261745 0.868687 1.11959 0.0602797 0.065397
0.281879 0.868687 1.1173 0.0582008 0.0678686
0.302013 0.868687 1.11561 0.0562212 0.070049
0.322148 0.868687 1.11435 0.0543303 0.0719581
0.342282 0.868687 1.11338 0.0525156 0.0736137
0.362416 0.868687 1.11261 0.0507651 0.0750309
0.38255 0.868687 1.11197 0.0490676 0.0762231
0.402685 0.868687 1.11142 0.0474128 0.0772016
0.422819 0.868687 1.11092 0.0457919 0.0779759
0.442953 0.868687 1.11047 0.0441969 0.0785539
0.463087 0.868687 1.11006 0.0426208 0.0789416
0.483221 0.868687 1.10967 0.0410574 0.0791439
0.503356 0.868687 1.1093 0.0395011 0.0791638
0.52349 0.868687 1.10896 0.0379469 0.079003
0.543624 0.868687 1.10864 0.0363903 0.0786616
0.563758 0.868687 1.10834 0.034827 0.0781381
0.583893 0.868687 1.10807 0.033253 0.0774292
0.604027 0.868687 1.10783 0.0316648 0.07653
0.624161 0.868687 1.10762 0.0300586 0.0754338
0.644295 0.868687 1.10745 0.028431 0.0741315
0.66443 0.868687 1.10731 0.0267786 0.0726121
0.684564 0.868687 1.10723 0.0250981 0.070862
0.704698 0.868687 1.1072 0.0233862 0.0688649
0.724832 0.868687 1.10724 0.0216401 0.0666015
0.744966 0.868687 1.10736 0.0198575 0.0640493
0.765101 0.868687 1.10757 0.018037 0.0611819
0.785235 0.868687 1.10789 0.0161789 0.0579694
0.805369 0.868687 1.10833 0.0142859 0.0543778
0.825503 0.868687 1.10892 0.0123651 0.0503693
0.845638 0.868687 1.10969 0.0104295 0.0459039
0.865772 0.868687 1.11066 0.00850134 0.0409404
0.885906 0.868687 1.11186 0.00661468 0.0354423
0.90604 0.868687 1.1133 0.00482004 0.0293817
0.926174 0.868687 1.11496 0.00318272 0.0227568
0.946309 0.868687 1.11686 0.00178476 0.015588
0.966443 0.868687 1.1189 0.000709388 0.00796978
0.986577 0.868687 1.12068 0 0
1.00671 0.868687 0 0 0
1.02685 0.868687 0 0 0
1.04698 0.868687 0 0 0
1.06711 0.868687 0 0 0
1.08725 0.868687 0 0 0
1.10738 0.868687 0 0 0
1.12752 0.868687 0 0 0
1.14765 0.868687 0 0 0
1.16779 0.868687 0 0 0
1.18792 0.868687 0 0 0
1.20805 0.868687 0 0 0
1.22819 0.868687 0 0 0
1.24832 0.868687 0 0 0
1.26846 0.868687 0 0 0
1.28859 0.868687 0 0 0
1.30872 0.868687 0 0 0
1.32886 0.868687 0 0 0
1.34899 0.868687 0 0 0
1.36913 0.868687 0 0 0
1.38926 0.868687 0 0 0
1.4094 0.868687 0 0 0
1.42953 0.868687 0 0 0
1.44966 0.868687 0 0 0
1.4698 0.868687 0 0 0
1.48993 0.868687 0 0 0
1.51007 0.868687 0 0 0
1.5302 0.868687 0 0 0
1.55034 0.868687 0 0 0
1.57047 0.868687 0 0 0
1.5906 0.868687 0 0 0
1.61074 0.868687 0 0 0
1.63087 0.868687 0 0 0
1.65101 0.868687 0 0 0
1.67114 0.868687 0 0 0
1.69128 0.868687 0 0 0
1.71141 0.868687 0 0 0
1.73154 0.868687 0 0 0
1.75168 0.868687 0 0 0
1.77181 0.868687 0 0 0
1.79195 0.868687 0 0 0
1.81208 0.868687 0 0 0
1.83221 0.868687 0 0 0
1.85235 0.868687 0 0 0
1.87248 0.868687 0 0 0
1.89262 0.868687 0 0 0
1.91275 0.868687 0 0 0
1.93289 0.868687 0 0 0
1.95302 0.868687 0 0 0
1.97315 0.868687 0 0 0
1.99329 0.868687 0 0 0
2.01342 0.868687 1 0 0
2.03356 0.868687 1.0001 5.27059e-06 -0.000187042
2.05369 0.868687 1.00024 3.31176e-05 -0.000380652
2.07383 0.868687 1.00038 8.23583e-05 -0.000567968
2.09396 0.868687 1.00051 0.000147313 -0.000739348
2.11409 0.868687 1.00063 0.000221951 -0.000889157
2.13423 0.868687 1.00074 0.000300764 -0.00101497
2.15436 0.868687 1.00082 0.000379391 -0.0011167
2.1745 0.868687 1.0009 0.000454674 -0.00119565
2.19463 0.868687 1.00095 0.000524499 -0.00125387
2.21477 0.868687 1.001 0.00058758 -0.00129372
2.2349 0.868687 1.00103 0.000643243 -0.00131762
2.25503 0.868687 1.00105 0.000691246 -0.00132784
2.27517 0.868687 1.00106 0.000731643 -0.0013265
2.2953 0.868687 1.00107 0.000764681 -0.0013155
2.31544 0.868687 1.00107 0.000790732 -0.00129651
2.33557 0.868687 1.00106 0.000810236 -0.001271
2.3557 0.868687 1.00105 0.000823668 -0.00124025
2.37584 0.868687 1.00104 0.000831517 -0.00120537
2.39597 0.868687 1.00102 0.000834267 -0.0011673
2.41611 0.868687 1.001 0.000832386 -0.00112687
2.43624 0.868687 1.00098 0.000826321 -0.00108477
2.45638 0.868687 1.00096 0.000816497 -0.0010416
2.47651 0.868687 1.00093 0.000803307 -0.000997835
2.49664 0.868687 1.00091 0.00078712 -0.000953906
2.51678 0.868687 1.00088 0.000768275 -0.000910153
2.53691 0.868687 1.00086 0.000747085 -0.000866854
2.55705 0.868687 1.00083 0.000723834 -0.00082423
2.57718 0.868687 1.0008 0.000698782 -0.000782454
2.59732 0.868687 1.00078 0.000672165 -0.000741652
2.61745 0.868687 1.00075 0.000644195 -0.000701906
2.63758 0.868687 1.00073 0.000615062 -0.000663264
2.65772 0.868687 1.0007 0.000584936 -0.000625735
2.67785 0.868687 1.00068 0.000553965 -0.000589297
2.69799 0.868687 1.00066 0.000522281 -0.000553894
2.71812 0.868687 1.00064 0.000489997 -0.000519438
2.73826 0.868687 1.00062 0.000457209 -0.000485811
2.75839 0.868687 1.0006 0.000423997 -0.000452861
2.77852 0.868687 1.00058 0.000390425 -0.000420403
2.79866 0.868687 1.00056 0.000356541 -0.000388215
2.81879 0.868687 1.00055 0.000322379 -0.000356039
2.83893 0.868687 1.00053 0.000287958 -0.000323576
2.85906 0.868687 1.00052 0.00025328 -0.000290478
2.87919 0.868687 1.00051 0.000218333 -0.000256352
2.89933 0.868687 1.0005 0.000183087 -0.000220747
2.91946 0.868687 1.00049 0.000147494 -0.000183149
2.9396 0.868687 1.00048 0.000111489 -0.000142978
2.95973 0.868687 1.00047 7.4984e-05 -9.95761e-05
2.97987 0.868687 1.00047 3.7869e-05 -5.21972e-05
3 0.868687 1.00046 0 0

0 0.888889 1 0.1 0
0.0201342 0.888889 1.14378 0.0869136 0.00479321
0.0402685 0.888889 1.14704 0.0852195 0.011427
0.0604027 0.888889 1.13584 0.0835784 0.0186144
0.0805369 0.888889 1.12269 0.0812486 0.0257022
0.100671 0.888889 1.11031 0.0784346 0.0323798
0.120805 0.888889 1.10138 0.0753721 0.038538
0.14094 0.888889 1.0972 0.0722768 0.0441382
0.161074 0.888889 1.09716 0.0693064 0.0491702
0.181208 0.888889 1.09963 0.0665417 0.0536485
0.201342 0.888889 1.10297 0.0639992 0.0576102
0.221477 0.888889 1.10605 0.0616592 0.0611058
0.241611 0.888889 1.10836 0.0594898 0.0641886
0.261745 0.888889 1.10981 0.0574606 0.066907
0.281879 0.888889 1.11054 0.0555475 0.0693018
0.302013 0.888889 1.11077 0.053732 0.0714057
0.322148 0.888889 1.11067 0.0519999 0.0732446
0.342282 0.888889 1.11038 0.050339 0.0748389
0.362416 0.888889 1.11001 0.0487387 0.0762049
0.38255 0.888889 1.1096 0.0471894 0.0773557
0.402685 0.888889 1.10918 0.0456818 0.0783021
0.422819 0.888889 1.10877 0.0442079 0.0790527
0.442953 0.888889 1.10837 0.0427599 0.0796147
0.463087 0.888889 1.10799 0.0413312 0.0799932
0.483221 0.888889 1.10762 0.0399154 0.0801923
0.503356 0.888889 1.10727 0.0385069 0.0802145
0.52349 0.888889 1.10694 0.0371005 0.0800609
0.543624 0.888889 1.10662 0.0356916 0.0797311
0.563758 0.888889 1.10633 0.0342756 0.0792233
0.583893 0.888889 1.10605 0.0328483 0.078534
0.604027 0.888889 1.10579 0.0314055 0.0776581
0.624161 0.888889 1.10556 0.0299432 0.0765886
0.644295 0.888889 1.10537 0.0284571 0.0753165
0.66443 0.888889 1.1052 0.0269428 0.0738307
0.684564 0.888889 1.10508 0.025396 0.0721175
0.704698 0.888889 1.10501 0.023812 0.0701604
0.724832 0.888889 1.105 0.0221859 0.0679397
0.744966 0.888889 1.10507 0.020513 0.0654322
0.765101 0.888889 1.10522 0.0187886 0.0626106
0.785235 0.888889 1.10548 0.017009 0.0594425
0.805369 0.888889 1.10587 0.015172 0.0558907
0.825503 0.888889 1.10641 0.0132789 0.0519119
0.845638 0.888889 1.10713 0.0113359 0.047458
0.865772 0.888889 1.10808 0.00935897 0.0424757
0.885906 0.888889 1.10928 0.00737672 0.0369133
0.90604 0.888889 1.1108 0.00544101 0.0307212
0.926174 0.888889 1.11257 0.00362281 0.0238848
0.946309 0.888889 1.11486 0.00203651 0.0164005
0.966443 0.888889 1.1172 0.000794427 0.00840309
0.986577 0.888889 1.11982 0 0
1.00671 0.888889 0 0 0
1.02685 0.888889 0 0 0
1.04698 0.888889 0 0 0
1.06711 0.888889 0 0 0
1.08725 0.888889 0 0 0
1.10738 0.888889 0 0 0
1.12752 0.888889 0 0 0
1.14765 0.888889 0 0 0
1.16779 0.888889 0 0 0
1.18792 0.888889 0 0 0
1.20805 0.888889 0 0 0
1.22819 0.888889 0 0 0
1.24832 0.888889 0 0 0
1.26846 0.888889 0 0 0
1.28859 0.888889 0 0 0
1.30872 0.888889 0 0 0
1.32886 0.888889 0 0 0
1.34899 0.888889 0 0 0
1.36913 0.888889 0 0 0
1.38926 0.888889 0 0 0
1.4094 0.888889 0 0 0
1.42953 0.888889 0 0 0
1.44966 0.888889 0 0 0
1.4698 0.888889 0 0 0
1.48993 0.888889 0 0 0
1.51007 0.888889 0 0 0
1.5302 0.888889 0 0 0
1.55034 0.888889 0 0 0
1.57047 0.888889 0 0 0
1.5906 0.888889 0 0 0
1.61074 0.888889 0 0 0
1.63087 0.888889 0 0 0
1.65101 0.888889 0 0 0
1.67114 0.888889 0 0 0
1.69128 0.888889 0 0 0
1.71141 0.888889 0 0 0
1.73154 0.888889 0 0 0
1.75168 0.888889 0 0 0
1.77181 0.888889 0 0 0
1.79195 0.888889 0 0 0
1.81208 0.888889 0 0 0
1.83221 0.888889 0 0 0
1.85235 0.888889 0 0 0
1.87248 0.888889 0 0 0
1.89262 0.888889 0 0 0
1.91275 0.888889 0 0 0
1.93289 0.888889 0 0 0
1.95302 0.888889 0 0 0
1.97315 0.888889 0 0 0
1.99329 0.888889 0 0 0
2.01342 0.888889 0.999899 0 0
2.03356 0.888889 1.00004 1.43795e-05 -0.000218236
2.05369 0.888889 1.00022 5.80458e-05 -0.000443067
2.07383 0.888889 1.0004 0.000127044 -0.000656797
2.09396 0.888889 1.00056 0.000212279 -0.000847171
2.11409 0.888889 1.00071 0.000305253 -0.00100871
2.13423 0.888889 1.00083 0.000399245 -0.00114015
2.15436 0.888889 1.00092 0.000489526 -0.00124286
2.1745 0.888889 1.001 0.0005731 -0.00131953
2.19463 0.888889 1.00106 0.00064826 -0.0013733
2.21477 0.888889 1.0011 0.000714206 -0.00140736
2.2349 0.888889 1.00113 0.00077074 -0.00142472
2.25503 0.888889 1.00115 0.000818042 -0.00142808
2.27517 0.888889 1.00116 0.000856528 -0.00141982
2.2953 0.888889 1.00117 0.000886739 -0.00140202
2.31544 0.888889 1.00116 0.000909283 -0.00137647
2.33557 0.888889 1.00115 0.000924791 -0.00134471
2.3557 0.888889 1.00114 0.000933888 -0.00130806
2.37584 0.888889 1.00112 0.000937178 -0.00126764
2.39597 0.888889 1.0011 0.000935236 -0.00122442
2.41611 0.888889 1.00107 0.000928601 -0.00117919
2.43624 0.888889 1.00105 0.000917777 -0.00113265
2.45638 0.888889 1.00102 0.000903226 -0.00108536
2.47651 0.888889 1.00099 0.000885375 -0.00103781
2.49664 0.888889 1.00097 0.000864615 -0.000990396
2.51678 0.888889 1.00094 0.000841303 -0.000943436
2.53691 0.888889 1.00091 0.000815763 -0.000897194
2.55705 0.888889 1.00088 0.000788286 -0.000851872
2.57718 0.888889 1.00085 0.000759138 -0.000807624
2.59732 0.888889 1.00082 0.000728557 -0.000764561
2.61745 0.888889 1.00079 0.000696754 -0.000722748
2.63758 0.888889 1.00077 0.000663917 -0.000682218
2.65772 0.888889 1.00074 0.000630215 -0.000642965
2.67785 0.888889 1.00072 0.000595793 -0.000604954
2.69799 0.888889 1.00069 0.000560777 -0.000568114
2.71812 0.888889 1.00067 0.000525276 -0.000532345
2.73826 0.888889 1.00065 0.000489382 -0.000497517
2.75839 0.888889 1.00063 0.000453169 -0.000463464
2.77852 0.888889 1.00061 0.000416697 -0.000429989
2.79866 0.888889 1.00059 0.000380009 -0.000396859
2.81879 0.888889 1.00057 0.000343134 -0.000363802
2.83893 0.888889 1.00056 0.000306087 -0.000330505
2.85906 0.888889 1.00055 0.000268868 -0.000296609
2.87919 0.888889 1.00053 0.000231459 -0.000261703
2.89933 0.888889 1.00052 0.00019383 -0.00022532
2.91946 0.888889 1.00051 0.000155933 -0.000186929
2.9396 0.888889 1.00051 0.000117699 -0.000145929
2.95973 0.888889 1.0005 7.90426e-05 -0.000101638
2.97987 0.888889 1.00049 3.98563e-05 -5.32858e-05
3 0.888889 1.00049 0 0

0 0.909091 1 0.1 0
0.0201342 0.909091 1.16091 0.0858443 0.00524651
0.0402685 0.909091 1.16888 0.083712 0.0132665
0.0604027 0.909091 1.17064 0.0812578 0.0217425
0.0805369 0.909091 1.17489 0.0782631 0.0297027
0.100671 0.909091 1.17725 0.0751637 0.036705
0.120805 0.909091 1.17438 0.0721497 0.0427124
0.14094 0.909091 1.16628 0.0692469 0.0478715
0.161074 0.909091 1.15516 0.06645 0.0523629
0.181208 0.909091 1.14363 0.0637737 0.0563301
0.201342 0.909091 1.13346 0.0612474 0.0598675
0.221477 0.909091 1.12543 0.0588946 0.0630339
0.241611 0.909091 1.11956 0.0567225 0.0658681
0.261745 0.909091 1.11549 0.0547225 0.0683989
0.281879 0.909091 1.11274 0.0528758 0.0706498
0.302013 0.909091 1.1109 0.0511599 0.0726413
0.322148 0.909091 1.10964 0.0495522 0.0743911
0.342282 0.909091 1.10875 0.0480326 0.0759145
0.362416 0.909091 1.10807 0.0465839 0.0772244
0.38255 0.909091 1.10753 0.0451917 0.0783313
0.402685 0.909091 1.10707 0.0438441 0.0792445
0.422819 0.909091 1.10665 0.042531 0.079971
0.442953 0.909091 1.10627 0.0412441 0.0805167
0.463087 0.909091 1.1059 0.0399761 0.080886
0.483221 0.909091 1.10556 0.0387204 0.0810822
0.503356 0.909091 1.10522 0.0374716 0.0811069
0.52349 0.909091 1.1049 0.0362244 0.0809609
0.543624 0.909091 1.10459 0.034974 0.0806433
0.563758 0.909091 1.10428 0.0337161 0.080152
0.583893 0.909091 1.104 0.0324462 0.0794834
0.604027 0.909091 1.10373 0.0311599 0.0786322
0.624161 0.909091 1.10347 0.029853 0.0775916
0.644295 0.909091 1.10325 0.0285208 0.0763525
0.66443 0.909091 1.10305 0.0271582 0.0749041
0.684564 0.909091 1.10288 0.0257601 0.0732328
0.704698 0.909091 1.10276 0.0243204 0.0713224
0.724832 0.909091 1.10269 0.0228327 0.0691534
0.744966 0.909091 1.10269 0.0212898 0.0667026
0.765101 0.909091 1.10277 0.0196842 0.0639423
0.785235 0.909091 1.10296 0.0180077 0.0608393
0.805369 0.909091 1.10328 0.0162526 0.057354
0.825503 0.909091 1.10378 0.0144127 0.0534394
0.845638 0.909091 1.1045 0.0124849 0.0490401
0.865772 0.909091 1.10552 0.0104749 0.0440909
0.885906 0.909091 1.10684 0.00839857 0.0385221
0.90604 0.909091 1.10875 0.00630567 0.0322552
0.926174 0.909091 1.11083 0.00426151 0.0252472
0.946309 0.909091 1.11404 0.00242486 0.0174426
0.966443 0.909091 1.11667 0.000940353 0.00901406
0.986577 0.909091 1.1201 0 0
1.00671 0.909091 0 0 0
1.02685 0.909091 0 0 0
1.04698 0.909091 0 0 0
1.06711 0.909091 0 0 0
1.08725 0.909091 0 0 0
1.10738 0.909091 0 0 0
1.12752 0.909091 0 0 0
1.14765 0.909091 0 0 0
1.16779 0.909091 0 0 0
1.18792 0.909091 0 0 0
1.20805 0.909091 0 0 0
1.22819 0.909091 0 0 0
1.24832 0.909091 0 0 0
1.26846 0.909091 0 0 0
1.28859 0.909091 0 0 0
1.30872 0.909091 0 0 0
1.32886 0.909091 0 0 0
1.34899 0.909091 0 0 0
1.36913 0.909091 0 0 0
1.38926 0.909091 0 0 0
1.4094 0.909091 0 0 0
1.42953 0.909091 0 0 0
1.44966 0.909091 0 0 0
1.4698 0.909091 0 0 0
1.48993 0.909091 0 0 0
1.51007 0.909091 0 0 0
1.5302 0.909091 0 0 0
1.55034 0.909091 0 0 0
1.57047 0.909091 0 0 0
1.5906 0.909091 0 0 0
1.61074 0.909091 0 0 0
1.63087 0.909091 0 0 0
1.65101 0.909091 0 0 0
1.67114 0.909091 0 0 0
1.69128 0.909091 0 0 0
1.71141 0.909091 0 0 0
1.73154 0.909091 0 0 0
1.75168 0.909091 0 0 0
1.77181 0.909091 0 0 0
1.79195 0.909091 0 0 0
1.81208 0.909091 0 0 0
1.83221 0.909091 0 0 0
1.85235 0.909091 0 0 0
1.87248 0.909091 0 0 0
1.89262 0.909091 0 0 0
1.91275 0.909091 0 0 0
1.93289 0.909091 0 0 0
1.95302 0.909091 0 0 0
1.97315 0.909091 0 0 0
1.99329 0.909091 0 0 0
2.01342 0.909091 0.999746 0 0
2.03356 0.909091 0.999948 2.88324e-05 -0.000261428
2.05369 0.909091 1.0002 9.66356e-05 -0.000525455
2.07383 0.909091 1.00043 0.000193037 -0.000769394
2.09396 0.909091 1.00063 0.000304027 -0.000978522
2.11409 0.909091 1.0008 0.000418173 -0.00114927
2.13423 0.909091 1.00094 0.000528053 -0.00128281
2.15436 0.909091 1.00104 0.000629221 -0.00138287
2.1745 0.909091 1.00112 0.000719432 -0.00145394
2.19463 0.909091 1.00118 0.00079782 -0.00150044
2.21477 0.909091 1.00123 0.000864359 -0.0015264
2.2349 0.909091 1.00125 0.000919502 -0.00153539
2.25503 0.909091 1.00127 0.000963952 -0.00153043
2.27517 0.909091 1.00127 0.000998531 -0.00151413
2.2953 0.909091 1.00127 0.0010241 -0.00148868
2.31544 0.909091 1.00126 0.0010415 -0.00145593
2.33557 0.909091 1.00125 0.00105154 -0.00141745
2.3557 0.909091 1.00123 0.00105499 -0.00137456
2.37584 0.909091 1.00121 0.00105256 -0.00132837
2.39597 0.909091 1.00118 0.00104489 -0.00127981
2.41611 0.909091 1.00115 0.00103258 -0.00122968
2.43624 0.909091 1.00112 0.00101617 -0.00117864
2.45638 0.909091 1.00109 0.000996163 -0.00112722
2.47651 0.909091 1.00106 0.000973 -0.00107588
2.49664 0.909091 1.00103 0.000947085 -0.001025
2.51678 0.909091 1.001 0.000918785 -0.000974875
2.53691 0.909091 1.00096 0.000888428 -0.00092574
2.55705 0.909091 1.00093 0.000856308 -0.000877779
2.57718 0.909091 1.0009 0.000822689 -0.000831126
2.59732 0.909091 1.00087 0.000787805 -0.00078587
2.61745 0.909091 1.00084 0.000751864 -0.000742062
2.63758 0.909091 1.00081 0.00071505 -0.000699716
2.65772 0.909091 1.00078 0.000677523 -0.000658813
2.67785 0.909091 1.00075 0.000639424 -0.000619301
2.69799 0.909091 1.00073 0.000600871 -0.000581096
2.71812 0.909091 1.0007 0.000561968 -0.000544087
2.73826 0.909091 1.00068 0.000522798 -0.000508127
2.75839 0.909091 1.00066 0.00048343 -0.000473042
2.77852 0.909091 1.00064 0.000443915 -0.000438621
2.79866 0.909091 1.00062 0.000404293 -0.000404619
2.81879 0.909091 1.0006 0.000364587 -0.000370752
2.83893 0.909091 1.00059 0.000324805 -0.000336695
2.85906 0.909091 1.00057 0.000284942 -0.000302074
2.87919 0.909091 1.00056 0.00024498 -0.000266464
2.89933 0.909091 1.00055 0.000204883 -0.000229384
2.91946 0.909091 1.00054 0.000164603 -0.000190286
2.9396 0.909091 1.00053 0.00012407 -0.000148549
2.95973 0.909091 1.00052 8.32007e-05 -0.00010347
2.97987 0.909091 1.00052 4.1889e-05 -5.42534e-05
3 0.909091 1.00052 0 0

0 0.929293 1 0.1 0
0.0201342 0.929293 1.15891 0.0853783 0.00497966
0.0402685 0.929293 1.13164 0.083248 0.0138556
0.0604027 0.929293 1.09653 0.07999 0.022631
0.0805369 0.929293 1.06974 0.075884 0.0307485
0.100671 0.929293 1.05647 0.0715959 0.0379737
0.120805 0.929293 1.05572 0.0675992 0.044262
0.14094 0.929293 1.0631 0.064111 0.0496515
0.161074 0.929293 1.07371 0.0611514 0.0542532
0.181208 0.929293 1.08405 0.0586355 0.0582056
0.201342 0.929293 1.09239 0.0564533 0.0616381
0.221477 0.929293 1.0983 0.0545114 0.0646531
0.241611 0.929293 1.10207 0.0527445 0.0673242
0.261745 0.929293 1.10423 0.051111 0.0697015
0.281879 0.929293 1.10532 0.0495847 0.0718187
0.302013 0.929293 1.10575 0.0481479 0.0736987
0.322148 0.929293 1.10579 0.0467872 0.0753583
0.342282 0.929293 1.10564 0.0454912 0.0768099
0.362416 0.929293 1.10538 0.0442497 0.0780637
0.38255 0.929293 1.10507 0.0430533 0.0791278
0.402685 0.929293 1.10475 0.0418936 0.0800091
0.422819 0.929293 1.10443 0.0407627 0.0807131
0.442953 0.929293 1.1041 0.0396538 0.0812442
0.463087 0.929293 1.10378 0.0385606 0.0816059
0.483221 0.929293 1.10346 0.0374775 0.0818003
0.503356 0.929293 1.10315 0.0363994 0.0818288
0.52349 0.929293 1.10284 0.0353216 0.0816913
0.543624 0.929293 1.10253 0.0342398 0.0813868
0.563758 0.929293 1.10222 0.0331496 0.080913
0.583893 0.929293 1.10192 0.0320468 0.080266
0.604027 0.929293 1.10164 0.0309274 0.0794407
0.624161 0.929293 1.10136 0.0297867 0.0784302
0.644295 0.929293 1.10109 0.0286201 0.077226
0.66443 0.929293 1.10085 0.0274223 0.0758174
0.684564 0.929293 1.10063 0.0261875 0.0741915
0.704698 0.929293 1.10045 0.0249089 0.0723326
0.724832 0.929293 1.10031 0.0235791 0.070222
0.744966 0.929293 1.10022 0.022189 0.0678371
0.765101 0.929293 1.10021 0.0207287 0.0651508
0.785235 0.929293 1.10029 0.0191864 0.0621303
0.805369 0.929293 1.10048 0.0175492 0.0587354
0.825503 0.929293 1.10082 0.0158034 0.0549166
0.845638 0.929293 1.10134 0.0139355 0.0506135
0.865772 0.929293 1.10212 0.0119366 0.0457483
0.885906 0.929293 1.10314 0.00980207 0.0402341
0.90604 0.929293 1.1047 0.0075631 0.0339456
0.926174 0.929293 1.10636 0.00525281 0.0268146
0.946309 0.929293 1.10986 0.00307321 0.0186591
0.966443 0.929293 1.11217 0.0011622 0.00975152
0.986577 0.929293 1.11928 0 0
1.00671 0.929293 0 0 0
1.02685 0.929293 0 0 0
1.04698 0.929293 0 0 0
1.06711 0.929293 0 0 0
1.08725 0.929293 0 0 0
1.10738 0.929293 0 0 0
1.12752 0.929293 0 0 0
1.14765 0.929293 0 0 0
1.16779 0.929293 0 0 0
1.18792 0.929293 0 0 0
1.20805 0.929293 0 0 0
1.22819 0.929293 0 0 0
1.24832 0.929293 0 0 0
1.26846 0.929293 0 0 0
1.28859 0.929293 0 0 0
1.30872 0.929293 0 0 0
1.32886 0.929293 0 0 0
1.34899 0.929293 0 0 0
1.36913 0.929293 0 0 0
1.38926 0.929293 0 0 0
1.4094 0.929293 0 0 0
1.42953 0.929293 0 0 0
1.44966 0.929293 0 0 0
1.4698 0.929293 0 0 0
1.48993 0.929293 0 0 0
1.51007 0.929293 0 0 0
1.5302 0.929293 0 0 0
1.55034 0.929293 0 0 0
1.57047 0.929293 0 0 0
1.5906 0.929293 0 0 0
1.61074 0.929293 0 0 0
1.63087 0.929293 0 0 0
1.65101 0.929293 0 0 0
1.67114 0.929293 0 0 0
1.69128 0.929293 0 0 0
1.71141 0.929293 0 0 0
1.73154 0.929293 0 0 0
1.75168 0.929293 0 0 0
1.77181 0.929293 0 0 0
1.79195 0.929293 0 0 0
1.81208 0.929293 0 0 0
1.83221 0.929293 0 0 0
1.85235 0.929293 0 0 0
1.87248 0.929293 0 0 0
1.89262 0.929293 0 0 0
1.91275 0.929293 0 0 0
1.93289 0.929293 0 0 0
1.95302 0.929293 0 0 0
1.97315 0.929293 0 0 0
1.99329 0.929293 0 0 0
2.01342 0.929293 0.999517 0 0
2.03356 0.929293 0.999857 5.27753e-05 -0.000324079
2.05369 0.929293 1.00019 0.000158856 -0.000637036
2.07383 0.929293 1.0005 0.000292723 -0.000913604
2.09396 0.929293 1.00074 0.000434923 -0.00113832
2.11409 0.929293 1.00093 0.000571496 -0.00131299
2.13423 0.929293 1.00108 0.000695908 -0.00144309
2.15436 0.929293 1.00119 0.000805189 -0.00153561
2.1745 0.929293 1.00127 0.000898677 -0.00159708
2.19463 0.929293 1.00133 0.000976828 -0.00163318
2.21477 0.929293 1.00137 0.00104065 -0.00164868
2.2349 0.929293 1.00139 0.00109136 -0.00164752
2.25503 0.929293 1.0014 0.00113024 -0.00163296
2.27517 0.929293 1.0014 0.0011585 -0.00160768
2.2953 0.929293 1.00139 0.0011773 -0.00157391
2.31544 0.929293 1.00137 0.0011877 -0.0015335
2.33557 0.929293 1.00135 0.00119066 -0.00148798
2.3557 0.929293 1.00132 0.00118705 -0.00143864
2.37584 0.929293 1.0013 0.00117765 -0.00138656
2.39597 0.929293 1.00126 0.00116316 -0.00133262
2.41611 0.929293 1.00123 0.00114421 -0.00127758
2.43624 0.929293 1.0012 0.00112138 -0.00122206
2.45638 0.929293 1.00116 0.00109517 -0.00116656
2.47651 0.929293 1.00113 0.00106603 -0.00111151
2.49664 0.929293 1.00109 0.00103438 -0.00105725
2.51678 0.929293 1.00106 0.00100057 -0.00100405
2.53691 0.929293 1.00102 0.000964931 -0.000952118
2.55705 0.929293 1.00098 0.000927755 -0.000901618
2.57718 0.929293 1.00095 0.000889295 -0.000852659
2.59732 0.929293 1.00092 0.000849777 -0.000805311
2.61745 0.929293 1.00088 0.000809402 -0.000759607
2.63758 0.929293 1.00085 0.000768342 -0.000715543
2.65772 0.929293 1.00082 0.000726751 -0.000673084
2.67785 0.929293 1.00079 0.000684757 -0.000632163
2.69799 0.929293 1.00077 0.000642472 -0.000592684
2.71812 0.929293 1.00074 0.000599987 -0.00055452
2.73826 0.929293 1.00071 0.00055738 -0.000517515
2.75839 0.929293 1.00069 0.000514708 -0.00048148
2.77852 0.929293 1.00067 0.000472017 -0.000446195
2.79866 0.929293 1.00065 0.000429338 -0.000411401
2.81879 0.929293 1.00063 0.000386686 -0.000376805
2.83893 0.929293 1.00062 0.000344066 -0.000342068
2.85906 0.929293 1.0006 0.000301466 -0.000306805
2.87919 0.929293 1.00059 0.000258863 -0.000270578
2.89933 0.929293 1.00058 0.00021622 -0.00023289
2.91946 0.929293 1.00057 0.000173484 -0.000193179
2.9396 0.929293 1.00056 0.000130589 -0.000150806
2.95973 0.929293 1.00055 8.7449e-05 -0.000105048
2.97987 0.929293 1.00055 4.39626e-05 -5.50881e-05
3 0.929293 1.00054 0 0

0 0.949495 1 0.1 0
0.0201342 0.949495 1.24421 0.0806723 0.00858187
0.0402685 0.949495 1.24936 0.0774386 0.0209258
0.0604027 0.949495 1.25511 0.0734359 0.0306965
0.0805369 0.949495 1.24698 0.0697421 0.0381229
0.100671 0.949495 1.22719 0.0663304 0.0438799
0.120805 0.949495 1.20137 0.0631392 0.0486531
0.14094 0.949495 1.17566 0.0601552 0.0528298
0.161074 0.949495 1.15369 0.0574201 0.0565878
0.181208 0.949495 1.13679 0.0549661 0.0599972
0.201342 0.949495 1.12476 0.052796 0.0630881
0.221477 0.949495 1.11669 0.0508867 0.0658817
0.241611 0.949495 1.11151 0.049201 0.0683982
0.261745 0.949495 1.10828 0.0476979 0.0706583
0.281879 0.949495 1.10628 0.0463399 0.0726809
0.302013 0.949495 1.10503 0.0450952 0.0744827
0.322148 0.949495 1.10422 0.0439386 0.0760772
0.342282 0.949495 1.10365 0.0428506 0.0774755
0.362416 0.949495 1.10322 0.0418158 0.0786866
0.38255 0.949495 1.10286 0.0408224 0.0797176
0.402685 0.949495 1.10254 0.0398608 0.0805744
0.422819 0.949495 1.10224 0.0389234 0.0812614
0.442953 0.949495 1.10195 0.0380035 0.0817822
0.463087 0.949495 1.10166 0.0370956 0.0821395
0.483221 0.949495 1.10136 0.0361947 0.0823349
0.503356 0.949495 1.10106 0.0352963 0.0823691
0.52349 0.949495 1.10076 0.0343965 0.0822418
0.543624 0.949495 1.10046 0.0334914 0.0819517
0.563758 0.949495 1.10015 0.0325771 0.0814961
0.583893 0.949495 1.09984 0.03165 0.0808715
0.604027 0.949495 1.09953 0.030706 0.0800726
0.624161 0.949495 1.09922 0.0297411 0.079093
0.644295 0.949495 1.09892 0.0287506 0.0779243
0.66443 0.949495 1.09863 0.0277295 0.0765566
0.684564 0.949495 1.09835 0.0266717 0.0749775
0.704698 0.949495 1.0981 0.0255704 0.0731725
0.724832 0.949495 1.09788 0.0244175 0.0711238
0.744966 0.949495 1.0977 0.0232031 0.0688104
0.765101 0.949495 1.09758 0.0219154 0.0662069
0.785235 0.949495 1.09754 0.0205402 0.0632822
0.805369 0.949495 1.09761 0.0190599 0.0599981
0.825503 0.949495 1.09787 0.017454 0.0563069
0.845638 0.949495 1.09835 0.0156956 0.0521483
0.865772 0.949495 1.09932 0.013762 0.0474413
0.885906 0.949495 1.10056 0.0116115 0.0420884
0.90604 0.949495 1.10349 0.00926425 0.0359339
0.926174 0.949495 1.10564 0.00666083 0.0288502
0.946309 0.949495 1.11342 0.00408574 0.0205095
0.966443 0.949495 1.11512 0.00159369 0.011114
0.986577 0.949495 1.12505 0 0
1.00671 0.949495 0 0 0
1.02685 0.949495 0 0 0
1.04698 0.949495 0 0 0
1.06711 0.949495 0 0 0
1.08725 0.949495 0 0 0
1.10738 0.949495 0 0 0
1.12752 0.949495 0 0 0
1.14765 0.949495 0 0 0
1.16779 0.949495 0 0 0
1.18792 0.949495 0 0 0
1.20805 0.949495 0 0 0
1.22819 0.949495 0 0 0
1.24832 0.949495 0 0 0
1.26846 0.949495 0 0 0
1.28859 0.949495 0 0 0
1.30872 0.949495 0 0 0
1.32886 0.949495 0 0 0
1.34899 0.949495 0 0 0
1.36913 0.949495 0 0 0
1.38926 0.949495 0 0 0
1.4094 0.949495 0 0 0
1.42953 0.949495 0 0 0
1.44966 0.949495 0 0 0
1.4698 0.949495 0 0 0
1.48993 0.949495 0 0 0
1.51007 0.949495 0 0 0
1.5302 0.949495 0 0 0
1.55034 0.949495 0 0 0
1.57047 0.949495 0 0 0
1.5906 0.949495 0 0 0
1.61074 0.949495 0 0 0
1.63087 0.949495 0 0 0
1.65101 0.949495 0 0 0
1.67114 0.949495 0 0 0
1.69128 0.949495 0 0 0
1.71141 0.949495 0 0 0
1.73154 0.949495 0 0 0
1.75168 0.949495 0 0 0
1.77181 0.949495 0 0 0
1.79195 0.949495 0 0 0
1.81208 0.949495 0 0 0
1.83221 0.949495 0 0 0
1.85235 0.949495 0 0 0
1.87248 0.949495 0 0 0
1.89262 0.949495 0 0 0
1.91275 0.949495 0 0 0
1.93289 0.949495 0 0 0
1.95302 0.949495 0 0 0
1.97315 0.949495 0 0 0
1.99329 0.949495 0 0 0
2.01342 0.949495 0.999121 0 0
2.03356 0.949495 0.999731 9.50145e-05 -0.000423826
2.05369 0.949495 1.00017 0.000263135 -0.000794081
2.07383 0.949495 1.00059 0.000445921 -0.00109992
2.09396 0.949495 1.00088 0.00062227 -0.001331
2.11409 0.949495 1.0011 0.000778607 -0.00150013
2.13423 0.949495 1.00126 0.000912518 -0.00161893
2.15436 0.949495 1.00137 0.00102418 -0.00169796
2.1745 0.949495 1.00145 0.0011154 -0.00174553
2.19463 0.949495 1.00149 0.00118829 -0.00176821
2.21477 0.949495 1.00152 0.001245 -0.00177114
2.2349 0.949495 1.00154 0.0012875 -0.00175841
2.25503 0.949495 1.00154 0.00131757 -0.00173328
2.27517 0.949495 1.00153 0.00133677 -0.00169839
2.2953 0.949495 1.00151 0.00134647 -0.00165591
2.31544 0.949495 1.00149 0.00134786 -0.0016076
2.33557 0.949495 1.00146 0.00134201 -0.00155494
2.3557 0.949495 1.00143 0.00132986 -0.00149913
2.37584 0.949495 1.00139 0.0013122 -0.00144119
2.39597 0.949495 1.00135 0.00128978 -0.00138195
2.41611 0.949495 1.00132 0.00126324 -0.0013221
2.43624 0.949495 1.00128 0.00123313 -0.00126223
2.45638 0.949495 1.00124 0.00119998 -0.00120278
2.47651 0.949495 1.0012 0.00116422 -0.00114416
2.49664 0.949495 1.00116 0.00112625 -0.00108667
2.51678 0.949495 1.00112 0.00108642 -0.00103054
2.53691 0.949495 1.00108 0.00104506 -0.000975955
2.55705 0.949495 1.00104 0.00100243 -0.000923056
2.57718 0.949495 1.001 0.000958768 -0.000871928
2.59732 0.949495 1.00097 0.0009143 -0.000822621
2.61745 0.949495 1.00093 0.000869205 -0.000775147
2.63758 0.949495 1.0009 0.000823646 -0.000729486
2.65772 0.949495 1.00086 0.000777761 -0.000685587
2.67785 0.949495 1.00083 0.000731667 -0.000643369
2.69799 0.949495 1.0008 0.000685463 -0.000602722
2.71812 0.949495 1.00077 0.00063923 -0.000563507
2.73826 0.949495 1.00075 0.000593032 -0.000525554
2.75839 0.949495 1.00072 0.00054692 -0.000488666
2.77852 0.949495 1.0007 0.000500927 -0.000452608
2.79866 0.949495 1.00068 0.000455076 -0.000417115
2.81879 0.949495 1.00066 0.000409375 -0.000381879
2.83893 0.949495 1.00064 0.00036382 -0.000346552
2.85906 0.949495 1.00063 0.000318396 -0.000310738
2.87919 0.949495 1.00061 0.000273073 -0.000273987
2.89933 0.949495 1.0006 0.000227811 -0.00023579
2.91946 0.949495 1.00059 0.000182555 -0.000195568
2.9396 0.949495 1.00058 0.000137239 -0.000152669
2.95973 0.949495 1.00058 9.17769e-05 -0.000106352
2.97987 0.949495 1.00057 4.60718e-05 -5.57784e-05
3 0.949495 1.00057 0 0

0 0.969697 1 0.1 0
0.0201342 0.969697 1.10566 0.0787755 0.00611735
0.0402685 0.969697 1.00968 0.0729483 0.0213502
0.0604027 0.969697 0.982195 0.0658958 0.0323536
0.0805369 0.969697 0.987851 0.0603271 0.0407632
0.100671 0.969697 1.00931 0.0562343 0.0469882
0.120805 0.969697 1.03398 0.053318 0.0517941
0.14094 0.969697 1.05575 0.0511677 0.0556916
0.161074 0.969697 1.07244 0.0494796 0.0590205
0.181208 0.969697 1.08406 0.0480608 0.0619757
0.201342 0.969697 1.09155 0.0468035 0.06466
0.221477 0.969697 1.09608 0.0456526 0.0671226
0.241611 0.969697 1.09864 0.0445811 0.0693852
0.261745 0.969697 1.09998 0.043575 0.0714569
0.281879 0.969697 1.10061 0.0426259 0.0733422
0.302013 0.969697 1.10085 0.0417266 0.0750442
0.322148 0.969697 1.10087 0.0408705 0.0765662
0.342282 0.969697 1.10077 0.0400512 0.077912
0.362416 0.969697 1.10062 0.0392624 0.0790851
0.38255 0.969697 1.10043 0.0384984 0.0800892
0.402685 0.969697 1.10023 0.0377538 0.0809278
0.422819 0.969697 1.1 0.0370239 0.0816037
0.442953 0.969697 1.09977 0.0363041 0.0821194
0.463087 0.969697 1.09951 0.0355907 0.0824766
0.483221 0.969697 1.09925 0.0348799 0.0826764
0.503356 0.969697 1.09897 0.0341686 0.082719
0.52349 0.969697 1.09868 0.0334534 0.0826038
0.543624 0.969697 1.09838 0.0327314 0.0823294
0.563758 0.969697 1.09807 0.0319994 0.081893
0.583893 0.969697 1.09774 0.0312544 0.0812911
0.604027 0.969697 1.09741 0.030493 0.0805187
0.624161 0.969697 1.09707 0.0297115 0.0795696
0.644295 0.969697 1.09673 0.0289058 0.078436
0.66443 0.969697 1.09639 0.0280713 0.0771085
0.684564 0.969697 1.09605 0.0272025 0.0755757
0.704698 0.969697 1.09572 0.0262928 0.073824
0.724832 0.969697 1.0954 0.0253344 0.0718373
0.744966 0.969697 1.0951 0.0243179 0.0695962
0.765101 0.969697 1.09484 0.0232313 0.0670777
0.785235 0.969697 1.09462 0.0220603 0.0642536
0.805369 0.969697 1.09446 0.0207863 0.0610894
0.825503 0.969697 1.09439 0.0193867 0.057541
0.845638 0.969697 1.0944 0.0178304 0.053553
0.865772 0.969697 1.0946 0.0160842 0.0490438
0.885906 0.969697 1.09475 0.0140848 0.0439192
0.90604 0.969697 1.09555 0.0118061 0.0379711
0.926174 0.969697 1.0952 0.00907418 0.0310761
0.946309 0.969697 1.09909 0.00607022 0.0225111
0.966443 0.969697 1.0957 0.00232422 0.012716
0.986577 0.969697 1.12138 0 0
1.00671 0.969697 0 0 0
1.02685 0.969697 0 0 0
1.04698 0.969697 0 0 0
1.06711 0.969697 0 0 0
1.08725 0.969697 0 0 0
1.10738 0.969697 0 0 0
1.12752 0.969697 0 0 0
1.14765 0.969697 0 0 0
1.16779 0.969697 0 0 0
1.18792 0.969697 0 0 0
1.20805 0.969697 0 0 0
1.22819 0.969697 0 0 0
1.24832 0.969697 0 0 0
1.26846 0.969697 0 0 0
1.28859 0.969697 0 0 0
1.30872 0.969697 0 0 0
1.32886 0.969697 0 0 0
1.34899 0.969697 0 0 0
1.36913 0.969697 0 0 0
1.38926 0.969697 0 0 0
1.4094 0.969697 0 0 0
1.42953 0.969697 0 0 0
1.44966 0.969697 0 0 0
1.4698 0.969697 0 0 0
1.48993 0.969697 0 0 0
1.51007 0.969697 0 0 0
1.5302 0.969697 0 0 0
1.55034 0.969697 0 0 0
1.57047 0.969697 0 0 0
1.5906 0.969697 0 0 0
1.61074 0.969697 0 0 0
1.63087 0.969697 0 0 0
1.65101 0.969697 0 0 0
1.67114 0.969697 0 0 0
1.69128 0.969697 0 0 0
1.71141 0.969697 0 0 0
1.73154 0.969697 0 0 0
1.75168 0.969697 0 0 0
1.77181 0.969697 0 0 0
1.79195 0.969697 0 0 0
1.81208 0.969697 0 0 0
1.83221 0.969697 0 0 0
1.85235 0.969697 0 0 0
1.87248 0.969697 0 0 0
1.89262 0.969697 0 0 0
1.91275 0.969697 0 0 0
1.93289 0.969697 0 0 0
1.95302 0.969697 0 0 0
1.97315 0.969697 0 0 0
1.99329 0.969697 0 0 0
2.01342 0.969697 0.99826 0 0
2.03356 0.969697 0.999909 0.000176066 -0.000580538
2.05369 0.969697 1.0003 0.000450152 -0.00101254
2.07383 0.969697 1.00083 0.000686739 -0.00133384
2.09396 0.969697 1.00113 0.000890237 -0.00155468
2.11409 0.969697 1.00135 0.0010551 -0.00170543
2.13423 0.969697 1.00149 0.00118745 -0.00180411
2.15436 0.969697 1.00159 0.00129185 -0.00186389
2.1745 0.969697 1.00165 0.00137277 -0.00189391
2.19463 0.969697 1.00168 0.00143386 -0.00190089
2.21477 0.969697 1.0017 0.00147814 -0.00188987
2.2349 0.969697 1.0017 0.0015081 -0.00186475
2.25503 0.969697 1.00169 0.00152581 -0.00182861
2.27517 0.969697 1.00167 0.00153301 -0.00178392
2.2953 0.969697 1.00164 0.00153114 -0.00173269
2.31544 0.969697 1.00161 0.00152148 -0.00167656
2.33557 0.969697 1.00157 0.00150509 -0.00161689
2.3557 0.969697 1.00153 0.00148291 -0.0015548
2.37584 0.969697 1.00149 0.00145574 -0.0014912
2.39597 0.969697 1.00145 0.00142431 -0.00142688
2.41611 0.969697 1.0014 0.00138922 -0.00136245
2.43624 0.969697 1.00136 0.00135103 -0.00129845
2.45638 0.969697 1.00131 0.00131021 -0.00123529
2.47651 0.969697 1.00127 0.0012672 -0.00117331
2.49664 0.969697 1.00122 0.00122237 -0.00111279
2.51678 0.969697 1.00118 0.00117605 -0.00105393
2.53691 0.969697 1.00114 0.00112853 -0.000996889
2.55705 0.969697 1.0011 0.00108007 -0.000941773
2.57718 0.969697 1.00105 0.00103088 -0.000888649
2.59732 0.969697 1.00101 0.000981159 -0.000837545
2.61745 0.969697 1.00098 0.00093108 -0.000788455
2.63758 0.969697 1.00094 0.000880783 -0.000741343
2.65772 0.969697 1.00091 0.000830392 -0.000696142
2.67785 0.969697 1.00087 0.000780006 -0.000652757
2.69799 0.969697 1.00084 0.000729712 -0.000611065
2.71812 0.969697 1.00081 0.000679575 -0.000570915
2.73826 0.969697 1.00078 0.000629648 -0.000532127
2.75839 0.969697 1.00076 0.000579967 -0.000494491
2.77852 0.969697 1.00073 0.000530558 -0.000457766
2.79866 0.969697 1.00071 0.000481431 -0.000421673
2.81879 0.969697 1.00069 0.000432586 -0.000385897
2.83893 0.969697 1.00067 0.000384011 -0.000350079
2.85906 0.969697 1.00066 0.000335683 -0.000313813
2.87919 0.969697 1.00064 0.000287569 -0.000276639
2.89933 0.969697 1.00063 0.000239624 -0.000238037
2.91946 0.969697 1.00062 0.000191791 -0.000197416
2.9396 0.969697 1.00061 0.000144001 -0.000154109
2.95973 0.969697 1.00061 9.61725e-05 -0.00010736
2.97987 0.969697 1.0006 4.8211e-05 -5.63134e-05
3 0.969697 1.0006 0 0

0 0.989899 1 0.1 0
0.0201342 0.989899 1.62547 0.0555607 0.0270363
0.0402685 0.989899 1.40781 0.0580956 0.0367667
0.0604027 0.989899 1.32284 0.0547429 0.0411365
0.0805369 0.989899 1.24672 0.05201 0.0450261
0.100671 0.989899 1.19594 0.0493777 0.0487671
0.120805 0.989899 1.1603 0.0472215 0.0524365
0.14094 0.989899 1.13654 0.0454673 0.0559229
0.161074 0.989899 1.12116 0.044045 0.059169
0.181208 0.989899 1.1116 0.0428726 0.0621542
0.201342 0.989899 1.10586 0.0418841 0.0648838
0.221477 0.989899 1.10253 0.0410283 0.0673732
0.241611 0.989899 1.10066 0.040268 0.06964
0.261745 0.989899 1.09963 0.0395763 0.0716993
0.281879 0.989899 1.09906 0.0389345 0.0735634
0.302013 0.989899 1.09874 0.0383295 0.0752416
0.322148 0.989899 1.09854 0.0377521 0.0767412
0.342282 0.989899 1.09839 0.0371953 0.078068
0.362416 0.989899 1.09825 0.0366542 0.0792265
0.38255 0.989899 1.09811 0.0361245 0.0802206
0.402685 0.989899 1.09796 0.035603 0.0810536
0.422819 0.989899 1.09779 0.0350866 0.081728
0.442953 0.989899 1.0976 0.0345727 0.0822459
0.463087 0.989899 1.09738 0.0340591 0.0826087
0.483221 0.989899 1.09715 0.0335433 0.0828172
0.503356 0.989899 1.09689 0.0330234 0.0828715
0.52349 0.989899 1.09661 0.0324971 0.0827708
0.543624 0.989899 1.09631 0.0319623 0.0825135
0.563758 0.989899 1.09599 0.0314169 0.0820971
0.583893 0.989899 1.09565 0.0308583 0.0815181
0.604027 0.989899 1.0953 0.0302842 0.0807717
0.624161 0.989899 1.09493 0.0296915 0.079852
0.644295 0.989899 1.09455 0.0290768 0.0787519
0.66443 0.989899 1.09415 0.0284363 0.0774624
0.684564 0.989899 1.09374 0.0277654 0.0759731
0.704698 0.989899 1.09332 0.0270583 0.0742716
0.724832 0.989899 1.0929 0.0263083 0.0723431
0.744966 0.989899 1.09248 0.0255071 0.0701702
0.765101 0.989899 1.09207 0.0246439 0.0677325
0.785235 0.989899 1.09169 0.0237057 0.065005
0.805369 0.989899 1.09134 0.0226744 0.0619583
0.825503 0.989899 1.09111 0.0215284 0.0585548
0.845638 0.989899 1.09096 0.0202308 0.0547505
0.865772 0.989899 1.09146 0.0187502 0.0504773
0.885906 0.989899 1.09173 0.0169753 0.0456737
0.90604 0.989899 1.09602 0.0149211 0.0401617
0.926174 0.989899 1.09594 0.0121248 0.0338775
0.946309 0.989899 1.11965 0.00909822 0.0261183
0.966443 0.989899 1.10947 0.00388048 0.0164125
0.986577 0.989899 1.22135 0 0
1.00671 0.989899 0 0 0
1.02685 0.989899 0 0 0
1.04698 0.989899 0 0 0
1.06711 0.989899 0 0 0
1.08725 0.989899 0 0 0
1.10738 0.989899 0 0 0
1.12752 0.989899 0 0 0
1.14765 0.989899 0 0 0
1.16779 0.989899 0 0 0
1.18792 0.989899 0 0 0
1.20805 0.989899 0 0 0
1.22819 0.989899 0 0 0
1.24832 0.989899 0 0 0
1.26846 0.989899 0 0 0
1.28859 0.989899 0 0 0
1.30872 0.989899 0 0 0
1.32886 0.989899 0 0 0
1.34899 0.989899 0 0 0
1.36913 0.989899 0 0 0
1.38926 0.989899 0 0 0
1.4094 0.989899 0 0 0
1.42953 0.989899 0 0 0
1.44966 0.989899 0 0 0
1.4698 0.989899 0 0 0
1.48993 0.989899 0 0 0
1.51007 0.989899 0 0 0
1.5302 0.989899 0 0 0
1.55034 0.989899 0 0 0
1.57047 0.989899 0 0 0
1.5906 0.989899 0 0 0
1.61074 0.989899 0 0 0
1.63087 0.989899 0 0 0
1.65101 0.989899 0 0 0
1.67114 0.989899 0 0 0
1.69128 0.989899 0 0 0
1.71141 0.989899 0 0 0
1.73154 0.989899 0 0 0
1.75168 0.989899 0 0 0
1.77181 0.989899 0 0 0
1.79195 0.989899 0 0 0
1.81208 0.989899 0 0 0
1.83221 0.989899 0 0 0
1.85235 0.989899 0 0 0
1.87248 0.989899 0 0 0
1.89262 0.989899 0 0 0
1.91275 0.989899 0 0 0
1.93289 0.989899 0 0 0
1.95302 0.989899 0 0 0
1.97315 0.989899 0 0 0
1.99329 0.989899 0 0 0
2.01342 0.989899 0.993469 0 0
2.03356 0.989899 0.999604 0.000378067 -0.000894629
2.05369 0.989899 1.00012 0.000788539 -0.00134383
2.07383 0.989899 1.00106 0.00105417 -0.00162285
2.09396 0.989899 1.00141 0.00125982 -0.00180235
2.11409 0.989899 1.00165 0.00141145 -0.00191812
2.13423 0.989899 1.00177 0.00152549 -0.00198836
2.15436 0.989899 1.00185 0.00160993 -0.00202473
2.1745 0.989899 1.00188 0.00167097 -0.00203521
2.19463 0.989899 1.0019 0.00171292 -0.00202562
2.21477 0.989899 1.00189 0.00173909 -0.00200038
2.2349 0.989899 1.00188 0.00175204 -0.00196293
2.25503 0.989899 1.00185 0.00175381 -0.00191602
2.27517 0.989899 1.00182 0.00174609 -0.00186186
2.2953 0.989899 1.00178 0.00173029 -0.00180227
2.31544 0.989899 1.00174 0.0017076 -0.00173872
2.33557 0.989899 1.00169 0.00167901 -0.00167244
2.3557 0.989899 1.00164 0.0016454 -0.00160445
2.37584 0.989899 1.00159 0.00160753 -0.00153559
2.39597 0.989899 1.00154 0.00156606 -0.00146654
2.41611 0.989899 1.00149 0.00152155 -0.00139788
2.43624 0.989899 1.00144 0.00147451 -0.00133007
2.45638 0.989899 1.00139 0.00142538 -0.0012635
2.47651 0.989899 1.00134 0.00137454 -0.00119846
2.49664 0.989899 1.00129 0.00132234 -0.00113518
2.51678 0.989899 1.00125 0.00126908 -0.00107384
2.53691 0.989899 1.0012 0.00121501 -0.00101458
2.55705 0.989899 1.00115 0.00116037 -0.000957466
2.57718 0.989899 1.00111 0.00110534 -0.000902551
2.59732 0.989899 1.00107 0.0010501 -0.000849843
2.61745 0.989899 1.00102 0.000994794 -0.000799318
2.63758 0.989899 1.00099 0.000939545 -0.000750923
2.65772 0.989899 1.00095 0.000884454 -0.000704578
2.67785 0.989899 1.00091 0.000829605 -0.000660174
2.69799 0.989899 1.00088 0.000775065 -0.000617575
2.71812 0.989899 1.00085 0.000720885 -0.000576622
2.73826 0.989899 1.00082 0.000667103 -0.000537122
2.75839 0.989899 1.00079 0.000613742 -0.000498858
2.77852 0.989899 1.00077 0.000560813 -0.000461577
2.79866 0.989899 1.00074 0.000508318 -0.000424994
2.81879 0.989899 1.00072 0.000456245 -0.000388785
2.83893 0.989899 1.0007 0.000404574 -0.000352582
2.85906 0.989899 1.00069 0.000353275 -0.000315972
2.87919 0.989899 1.00067 0.000302308 -0.000278484
2.89933 0.989899 1.00066 0.000251623 -0.000239589
2.91946 0.989899 1.00065 0.000201162 -0.000198686
2.9396 0.989899 1.00064 0.000150855 -0.000155097
2.95973 0.989899 1.00063 0.000100623 -0.000108053
2.97987 0.989899 1.00063 5.03741e-05 -5.66827e-05
3 0.989899 1.00063 0 0

0 1.0101 0.37601 0 0
0.0201342 1.0101 0.770364 0.00826984 0.0329064
0.0402685 1.0101 0.852976 0.0212945 0.0425161
0.0604027 1.0101 0.951916 0.0272308 0.0466695
0.0805369 1.0101 1.00333 0.0312784 0.0496561
0.100671 1.0101 1.03871 0.0334688 0.0522368
0.120805 1.0101 1.06077 0.034739 0.0548642
0.14094 1.0101 1.07466 0.0354259 0.0575157
0.161074 1.0101 1.08317 0.0357616 0.0601536
0.181208 1.0101 1.0883 0.0358745 0.062722
0.201342 1.0101 1.09136 0.0358459 0.0651798
0.221477 1.0101 1.09318 0.0357264 0.0674985
0.241611 1.0101 1.09426 0.0355486 0.069661
0.261745 1.0101 1.09491 0.0353332 0.0716579
0.281879 1.0101 1.0953 0.0350933 0.0734854
0.302013 1.0101 1.09555 0.0348372 0.0751428
0.322148 1.0101 1.09569 0.0345697 0.0766313
0.342282 1.0101 1.09576 0.0342939 0.0779533
0.362416 1.0101 1.09578 0.0340115 0.0791115
0.38255 1.0101 1.09575 0.0337234 0.0801085
0.402685 1.0101 1.09568 0.0334298 0.0809469
0.422819 1.0101 1.09558 0.0331306 0.081629
0.442953 1.0101 1.09543 0.0328254 0.0821567
0.463087 1.0101 1.09526 0.0325138 0.0825311
0.483221 1.0101 1.09505 0.0321951 0.082753
0.503356 1.0101 1.09482 0.0318683 0.0828224
0.52349 1.0101 1.09455 0.0315325 0.0827386
0.543624 1.0101 1.09425 0.0311867 0.0825
0.563758 1.0101 1.09393 0.0308295 0.0821042
0.583893 1.0101 1.09358 0.0304594 0.0815479
0.604027 1.0101 1.0932 0.0300748 0.0808265
0.624161 1.0101 1.0928 0.0296735 0.0799346
0.644295 1.0101 1.09237 0.0292532 0.0788654
0.66443 1.0101 1.09191 0.0288108 0.0776105
0.684564 1.0101 1.09144 0.028343 0.0761604
0.704698 1.0101 1.09093 0.0278453 0.0745035
0.724832 1.0101 1.0904 0.0273127 0.0726264
0.744966 1.0101 1.08985 0.0267388 0.0705133
0.765101 1.0101 1.08927 0.0261158 0.0681459
0.785235 1.0101 1.08866 0.0254345 0.0655025
0.805369 1.0101 1.08801 0.0246826 0.0625575
0.825503 1.0101 1.08736 0.0238481 0.0592797
0.845638 1.0101 1.08649 0.0229079 0.0556338
0.865772 1.0101 1.08586 0.0218618 0.0515688
0.885906 1.0101 1.08382 0.0206381 0.0470358
0.90604 1.0101 1.08385 0.0193443 0.04193
0.926174 1.0101 1.07552 0.0176726 0.0361496
0.946309 1.0101 1.07825 0.0161888 0.0294599
0.966443 1.0101 1.04403 0.0135834 0.0212146
0.986577 1.0101 1.04822 0.0109738 0.0116014
1.00671 1.0101 0.888902 0 0
1.02685 1.0101 0.990904 0 0
1.04698 1.0101 0.99846 0 0
1.06711 1.0101 1.0056 0 0
1.08725 1.0101 1.00943 0 0
1.10738 1.0101 1.01239 0 0
1.12752 1.0101 1.01442 0 0
1.14765 1.0101 1.0159 0 0
1.16779 1.0101 1.01696 0 0
1.18792 1.0101 1.01772 0 0
1.20805 1.0101 1.01826 0 0
1.22819 1.0101 1.01862 0 0
1.24832 1.0101 1.01884 0 0
1.26846 1.0101 1.01895 0 0
1.28859 1.0101 1.01896 0 0
1.30872 1.0101 1.0189 0 0
1.32886 1.0101 1.01878 0 0
1.34899 1.0101 1.0186 0 0
1.36913 1.0101 1.01838 0 0
1.38926 1.0101 1.01813 0 0
1.4094 1.0101 1.01784 0 0
1.42953 1.0101 1.01753 0 0
1.44966 1.0101 1.01719 0 0
1.4698 1.0101 1.01684 0 0
1.48993 1.0101 1.01647 0 0
1.51007 1.0101 1.01609 0 0
1.5302 1.0101 1.01569 0 0
1.55034 1.0101 1.01529 0 0
1.57047 1.0101 1.01489 0 0
1.5906 1.0101 1.01448 0 0
1.61074 1.0101 1.01406 0 0
1.63087 1.0101 1.01365 0 0
1.65101 1.0101 1.01323 0 0
1.67114 1.0101 1.01282 0 0
1.69128 1.0101 1.0124 0 0
1.71141 1.0101 1.01199 0 0
1.73154 1.0101 1.01159 0 0
1.75168 1.0101 1.01119 0 0
1.77181 1.0101 1.01079 0 0
1.79195 1.0101 1.01041 0 0
1.81208 1.0101 1.01003 0 0
1.83221 1.0101 1.00966 0 0
1.85235 1.0101 1.00931 0 0
1.87248 1.0101 1.00897 0 0
1.89262 1.0101 1.00866 0 0
1.91275 1.0101 1.00837 0 0
1.93289 1.0101 1.00813 0 0
1.95302 1.0101 1.008 0 0
1.97315 1.0101 1.00823 0 0
1.99329 1.0101 1.01203 0 0
2.01342 1.0101 1.00039 0.000965135 -0.000856913
2.03356 1.0101 1.0025 0.00119864 -0.00135639
2.05369 1.0101 1.0018 0.00145735 -0.00169284
2.07383 1.0101 1.00202 0.00162324 -0.00189846
2.09396 1.0101 1.00205 0.00175661 -0.00203099
2.11409 1.0101 1.00211 0.00185471 -0.00211148
2.13423 1.0101 1.00214 0.00192634 -0.00215443
2.15436 1.0101 1.00215 0.00197568 -0.00216884
2.1745 1.0101 1.00215 0.00200664 -0.0021612
2.19463 1.0101 1.00213 0.00202224 -0.00213635
2.21477 1.0101 1.0021 0.00202494 -0.00209808
2.2349 1.0101 1.00207 0.00201675 -0.00204938
2.25503 1.0101 1.00202 0.00199935 -0.00199267
2.27517 1.0101 1.00198 0.00197412 -0.00192992
2.2953 1.0101 1.00192 0.00194226 -0.00186275
2.31544 1.0101 1.00187 0.00190476 -0.0017925
2.33557 1.0101 1.00182 0.0018625 -0.00172027
2.3557 1.0101 1.00176 0.00181623 -0.00164698
2.37584 1.0101 1.0017 0.00176659 -0.00157338
2.39597 1.0101 1.00164 0.00171417 -0.00150011
2.41611 1.0101 1.00159 0.00165946 -0.00142768
2.43624 1.0101 1.00153 0.00160289 -0.00135649
2.45638 1.0101 1.00147 0.00154486 -0.00128689
2.47651 1.0101 1.00142 0.00148568 -0.00121913
2.49664 1.0101 1.00136 0.00142567 -0.00115343
2.51678 1.0101 1.00131 0.00136507 -0.00108992
2.53691 1.0101 1.00126 0.0013041 -0.00102871
2.55705 1.0101 1.00121 0.00124297 -0.000969856
2.57718 1.0101 1.00116 0.00118183 -0.000913389
2.59732 1.0101 1.00112 0.00112083 -0.000859297
2.61745 1.0101 1.00107 0.00106009 -0.000807541
2.63758 1.0101 1.00103 0.000999695 -0.000758053
2.65772 1.0101 1.00099 0.000939735 -0.000710738
2.67785 1.0101 1.00095 0.000880271 -0.000665479
2.69799 1.0101 1.00092 0.000821351 -0.000622127
2.71812 1.0101 1.00088 0.000763007 -0.000580514
2.73826 1.0101 1.00085 0.000705261 -0.000540438
2.75839 1.0101 1.00082 0.000648122 -0.000501673
2.77852 1.0101 1.0008 0.000591587 -0.00046396
2.79866 1.0101 1.00077 0.000535644 -0.000427005
2.81879 1.0101 1.00075 0.000480272 -0.000390478
2.83893 1.0101 1.00073 0.000425441 -0.000354004
2.85906 1.0101 1.00071 0.000371112 -0.000317162
2.87919 1.0101 1.0007 0.00031724 -0.000279475
2.89933 1.0101 1.00069 0.00026377 -0.000240406
2.91946 1.0101 1.00068 0.00021064 -0.000199347
2.9396 1.0101 1.00067 0.000157781 -0.000155609
2.95973 1.0101 1.00066 0.000105115 -0.000108413
2.97987 1.0101 1.00066 5.25547e-05 -5.6877e-05
3 1.0101 1.00066 0 0

0 1.0303 1.00258 0 0
0.0201342 1.0303 1.10095 0.00375804 0.0132715
0.0402685 1.0303 1.05855 0.0116485 0.0250572
0.0604027 1.0303 1.09122 0.0166522 0.0345488
0.0805369 1.0303 1.08548 0.0213078 0.0415712
0.100671 1.0303 1.08881 0.0243029 0.0469486
0.120805 1.0303 1.08858 0.0264959 0.0513886
0.14094 1.0303 1.08897 0.0280081 0.0551837
0.161074 1.0303 1.08935 0.0290783 0.0585359
0.181208 1.0303 1.08988 0.0298357 0.0615473
0.201342 1.0303 1.09048 0.0303742 0.0642801
0.221477 1.0303 1.09108 0.0307556 0.0667712
0.241611 1.0303 1.09163 0.0310224 0.0690441
0.261745 1.0303 1.09212 0.0312036 0.0711141
0.281879 1.0303 1.09252 0.0313202 0.0729924
0.302013 1.0303 1.09284 0.0313868 0.0746872
0.322148 1.0303 1.09309 0.0314142 0.076205
0.342282 1.0303 1.09327 0.0314104 0.0775514
0.362416 1.0303 1.09338 0.0313811 0.0787308
0.38255 1.0303 1.09344 0.0313307 0.0797474
0.402685 1.0303 1.09344 0.0312622 0.0806043
0.422819 1.0303 1.09339 0.0311781 0.0813044
0.442953 1.0303 1.0933 0.0310799 0.0818499
0.463087 1.0303 1.09316 0.0309689 0.0822422
0.483221 1.0303 1.09299 0.0308457 0.0824823
0.503356 1.0303 1.09277 0.0307109 0.0825704
0.52349 1.0303 1.09251 0.0305646 0.0825059
0.543624 1.0303 1.09222 0.0304068 0.0822873
0.563758 1.0303 1.09189 0.030237 0.0819126
0.583893 1.0303 1.09152 0.0300548 0.0813786
0.604027 1.0303 1.09112 0.0298592 0.080681
0.624161 1.0303 1.09069 0.0296491 0.0798147
0.644295 1.0303 1.09022 0.0294232 0.0787732
0.66443 1.0303 1.08971 0.0291794 0.0775488
0.684564 1.0303 1.08916 0.0289156 0.0761323
0.704698 1.0303 1.08857 0.0286288 0.0745131
0.724832 1.0303 1.08794 0.0283158 0.0726785
0.744966 1.0303 1.08725 0.0279725 0.0706138
0.765101 1.0303 1.08651 0.0275938 0.0683019
0.785235 1.0303 1.0857 0.0271744 0.0657226
0.805369 1.0303 1.0848 0.0267067 0.0628518
0.825503 1.0303 1.08383 0.0261859 0.05966
0.845638 1.0303 1.08258 0.0255959 0.0561115
0.865772 1.0303 1.08157 0.0249487 0.0521572
0.885906 1.0303 1.07907 0.0241788 0.0477342
0.90604 1.0303 1.07916 0.0234033 0.0427478
0.926174 1.0303 1.07172 0.0223117 0.0370373
0.946309 1.0303 1.07783 0.0214004 0.0304685
0.966443 1.0303 1.05406 0.0195008 0.0225132
0.986577 1.0303 1.07509 0.0176953 0.013787
1.00671 1.0303 1.00938 0.0130076 0.00337834
1.02685 1.0303 1.0204 0.00885755 0.00156771
1.04698 1.0303 1.01053 0.0069489 0.000726544
1.06711 1.0303 1.01294 0.00553727 0.000261988
1.08725 1.0303 1.01331 0.00469832 5.35081e-06
1.10738 1.0303 1.01482 0.00410703 -0.000143888
1.12752 1.0303 1.01598 0.0036975 -0.00023296
1.14765 1.0303 1.01702 0.00339453 -0.000288671
1.16779 1.0303 1.01782 0.00316378 -0.000324796
1.18792 1.0303 1.01842 0.00298147 -0.000349102
1.20805 1.0303 1.01885 0.0028333 -0.000365924
1.22819 1.0303 1.01913 0.00270981 -0.000377798
1.24832 1.0303 1.01929 0.00260467 -0.000386247
1.26846 1.0303 1.01935 0.00251349 -0.000392226
1.28859 1.0303 1.01933 0.0024331 -0.000396355
1.30872 1.0303 1.01924 0.00236121 -0.000399055
1.32886 1.0303 1.01909 0.00229607 -0.000400618
1.34899 1.0303 1.01889 0.00223636 -0.000401257
1.36913 1.0303 1.01866 0.00218103 -0.00040113
1.38926 1.0303 1.01839 0.00212927 -0.000400356
1.4094 1.0303 1.01809 0.00208044 -0.000399027
1.42953 1.0303 1.01777 0.002034 -0.000397217
1.44966 1.0303 1.01742 0.00198954 -0.000394984
1.4698 1.0303 1.01706 0.00194672 -0.000392374
1.48993 1.0303 1.01669 0.00190526 -0.000389426
1.51007 1.0303 1.0163 0.00186494 -0.000386173
1.5302 1.0303 1.0159 0.00182558 -0.000382642
1.55034 1.0303 1.0155 0.00178704 -0.000378855
1.57047 1.0303 1.01509 0.00174921 -0.000374834
1.5906 1.0303 1.01468 0.001712 -0.000370598
1.61074 1.0303 1.01426 0.00167537 -0.000366165
1.63087 1.0303 1.01384 0.00163927 -0.000361553
1.65101 1.0303 1.01342 0.00160371 -0.000356781
1.67114 1.0303 1.013 0.00156868 -0.000351869
1.69128 1.0303 1.01259 0.00153423 -0.000346842
1.71141 1.0303 1.01217 0.00150041 -0.000341727
1.73154 1.0303 1.01176 0.00146732 -0.000336559
1.75168 1.0303 1.01136 0.00143509 -0.000331385
1.77181 1.0303 1.01096 0.00140392 -0.000326265
1.79195 1.0303 1.01057 0.00137405 -0.000321285
1.81208 1.0303 1.01018 0.00134587 -0.000316572
1.83221 1.0303 1.0098 0.00131993 -0.00031232
1.85235 1.0303 1.00944 0.00129706 -0.000308835
1.87248 1.0303 1.00908 0.00127858 -0.000306638
1.89262 1.0303 1.00873 0.00126665 -0.000306633
1.91275 1.0303 1.00838 0.00126508 -0.000310495
1.93289 1.0303 1.00801 0.0012801 -0.000321377
1.95302 1.0303 1.00763 0.00132628 -0.000346115
1.97315 1.0303 1.00692 0.00141891 -0.000400526
1.99329 1.0303 1.00653 0.00164108 -0.000557078
2.01342 1.0303 1.00321 0.00196823 -0.00125421
2.03356 1.0303 1.00328 0.00208028 -0.00163586
2.05369 1.0303 1.00275 0.00218949 -0.00192092
2.07383 1.0303 1.00269 0.00225818 -0.00209582
2.09396 1.0303 1.0026 0.00231196 -0.00220422
2.11409 1.0303 1.00256 0.00234768 -0.00226379
2.13423 1.0303 1.00252 0.00236845 -0.0022884
2.15436 1.0303 1.00248 0.00237552 -0.00228677
2.1745 1.0303 1.00243 0.00237058 -0.00226514
2.19463 1.0303 1.00238 0.00235514 -0.0022281
2.21477 1.0303 1.00232 0.00233062 -0.00217916
2.2349 1.0303 1.00227 0.00229828 -0.00212111
2.25503 1.0303 1.0022 0.00225923 -0.00205616
2.27517 1.0303 1.00214 0.00221445 -0.00198614
2.2953 1.0303 1.00208 0.00216483 -0.00191253
2.31544 1.0303 1.00201 0.00211111 -0.00183655
2.33557 1.0303 1.00194 0.00205397 -0.00175924
2.3557 1.0303 1.00188 0.00199401 -0.00168141
2.37584 1.0303 1.00181 0.00193174 -0.00160378
2.39597 1.0303 1.00175 0.00186761 -0.0015269
2.41611 1.0303 1.00168 0.00180204 -0.00145123
2.43624 1.0303 1.00162 0.00173538 -0.00137717
2.45638 1.0303 1.00156 0.00166794 -0.00130499
2.47651 1.0303 1.00149 0.0016 -0.00123494
2.49664 1.0303 1.00144 0.00153178 -0.00116718
2.51678 1.0303 1.00138 0.00146351 -0.00110184
2.53691 1.0303 1.00132 0.00139536 -0.001039
2.55705 1.0303 1.00127 0.00132748 -0.000978699
2.57718 1.0303 1.00122 0.00126 -0.000920945
2.59732 1.0303 1.00117 0.00119304 -0.000865713
2.61745 1.0303 1.00112 0.00112667 -0.00081295
2.63758 1.0303 1.00108 0.00106097 -0.000762576
2.65772 1.0303 1.00103 0.000996002 -0.000714485
2.67785 1.0303 1.00099 0.000931796 -0.000668548
2.69799 1.0303 1.00096 0.000868382 -0.000624609
2.71812 1.0303 1.00092 0.000805774 -0.00058249
2.73826 1.0303 1.00089 0.000743974 -0.000541984
2.75839 1.0303 1.00086 0.000682976 -0.000502856
2.77852 1.0303 1.00083 0.000622762 -0.00046484
2.79866 1.0303 1.0008 0.000563307 -0.000427639
2.81879 1.0303 1.00078 0.000504578 -0.000390916
2.83893 1.0303 1.00076 0.000446535 -0.000354291
2.85906 1.0303 1.00074 0.000389131 -0.000317337
2.87919 1.0303 1.00073 0.000332313 -0.000279573
2.89933 1.0303 1.00071 0.000276022 -0.000240455
2.91946 1.0303 1.0007 0.000220193 -0.000199369
2.9396 1.0303 1.00069 0.000164755 -0.000155622
2.95973 1.0303 1.00069 0.000109634 -0.000108425
2.97987 1.0303 1.00069 5.47457e-05 -5.68877e-05
3 1.0303 1.00068 0 0

0 1.05051 0.964254 0 0
0.0201342 1.05051 0.981635 0.00114008 0.0118061
0.0402685 1.05051 1.0024 0.00444195 0.0213597
0.0604027 1.05051 1.03447 0.00843496 0.0306413
0.0805369 1.05051 1.04701 0.0126236 0.037945
0.100671 1.05051 1.06143 0.0159904 0.0439188
0.120805 1.05051 1.06953 0.0187974 0.04888
0.14094 1.05051 1.07577 0.0209871 0.0531029
0.161074 1.05051 1.07997 0.022712 0.0567885
0.181208 1.05051 1.08298 0.0240635 0.0600576
0.201342 1.05051 1.08514 0.0251299 0.06299
0.221477 1.05051 1.08673 0.0259777 0.0656367
0.241611 1.05051 1.08793 0.0266576 0.0680319
0.261745 1.05051 1.08884 0.0272079 0.0701991
0.281879 1.05051 1.08954 0.0276569 0.0721555
0.302013 1.05051 1.09009 0.0280262 0.0739139
0.322148 1.05051 1.0905 0.028332 0.0754844
0.342282 1.05051 1.09081 0.0285864 0.0768752
0.362416 1.05051 1.09103 0.028799 0.0780929
0.38255 1.05051 1.09117 0.0289769 0.079143
0.402685 1.05051 1.09124 0.0291259 0.0800299
0.422819 1.05051 1.09125 0.0292501 0.0807572
0.442953 1.05051 1.0912 0.0293532 0.081328
0.463087 1.05051 1.0911 0.0294377 0.081744
0.483221 1.05051 1.09095 0.0295057 0.0820068
0.503356 1.05051 1.09075 0.0295589 0.0821169
0.52349 1.05051 1.09051 0.0295983 0.0820738
0.543624 1.05051 1.09022 0.0296249 0.0818767
0.563758 1.05051 1.08988 0.0296392 0.0815234
0.583893 1.05051 1.0895 0.0296414 0.0810111
0.604027 1.05051 1.08908 0.0296317 0.0803358
0.624161 1.05051 1.08861 0.0296096 0.0794927
0.644295 1.05051 1.0881 0.0295747 0.0784756
0.66443 1.05051 1.08754 0.0295262 0.0772772
0.684564 1.05051 1.08693 0.0294628 0.0758887
0.704698 1.05051 1.08625 0.0293831 0.0742998
0.724832 1.05051 1.08552 0.0292853 0.0724985
0.744966 1.05051 1.08471 0.0291672 0.0704707
0.765101 1.05051 1.08382 0.0290264 0.0681998
0.785235 1.05051 1.08283 0.0288602 0.0656662
0.805369 1.05051 1.08169 0.0286648 0.0628464
0.825503 1.05051 1.08042 0.0284398 0.0597119
0.845638 1.05051 1.07877 0.0281743 0.0562267
0.865772 1.05051 1.07722 0.0278849 0.0523468
0.885906 1.05051 1.07406 0.027515 0.0480061
0.90604 1.05051 1.07282 0.0271661 0.0431475
0.926174 1.05051 1.06454 0.0265693 0.0376057
0.946309 1.05051 1.06606 0.0260748 0.0314457
0.966443 1.05051 1.04353 0.0247771 0.0241882
0.986577 1.05051 1.05107 0.0233096 0.016905
1.00671 1.05051 1.00219 0.0197997 0.00864693
1.02685 1.05051 1.01713 0.0153386 0.0048271
1.04698 1.05051 1.01319 0.0127741 0.00256898
1.06711 1.05051 1.01572 0.0107585 0.00134534
1.08725 1.05051 1.01635 0.00936011 0.000605145
1.10738 1.05051 1.01739 0.00830863 0.000158921
1.12752 1.05051 1.01812 0.00751989 -0.00012478
1.14765 1.05051 1.01874 0.00690928 -0.000310237
1.16779 1.05051 1.0192 0.00642753 -0.000435924
1.18792 1.05051 1.01954 0.00603893 -0.000523595
1.20805 1.05051 1.01977 0.00571925 -0.000586308
1.22819 1.05051 1.01989 0.00545131 -0.000632033
1.24832 1.05051 1.01994 0.00522285 -0.000665801
1.26846 1.05051 1.01991 0.00502495 -0.000690888
1.28859 1.05051 1.01982 0.00485101 -0.00070949
1.30872 1.05051 1.01968 0.00469606 -0.000723126
1.32886 1.05051 1.01948 0.00455632 -0.000732873
1.34899 1.05051 1.01925 0.00442885 -0.000739517
1.36913 1.05051 1.01899 0.00431136 -0.000743641
1.38926 1.05051 1.0187 0.00420205 -0.00074569
1.4094 1.05051 1.01838 0.00409945 -0.000746004
1.42953 1.05051 1.01804 0.0040024 -0.000744853
1.44966 1.05051 1.01768 0.00390996 -0.00074245
1.4698 1.05051 1.01731 0.00382136 -0.000738966
1.48993 1.05051 1.01693 0.00373599 -0.000734541
1.51007 1.05051 1.01653 0.00365333 -0.000729292
1.5302 1.05051 1.01613 0.00357299 -0.000723316
1.55034 1.05051 1.01572 0.00349463 -0.000716696
1.57047 1.05051 1.0153 0.003418 -0.000709505
1.5906 1.05051 1.01488 0.00334291 -0.000701809
1.61074 1.05051 1.01446 0.00326923 -0.000693667
1.63087 1.05051 1.01404 0.00319685 -0.000685138
1.65101 1.05051 1.01362 0.00312574 -0.000676282
1.67114 1.05051 1.01319 0.00305591 -0.000667161
1.69128 1.05051 1.01277 0.00298741 -0.000657843
1.71141 1.05051 1.01236 0.00292034 -0.000648412
1.73154 1.05051 1.01194 0.00285489 -0.000638965
1.75168 1.05051 1.01153 0.0027913 -0.000629633
1.77181 1.05051 1.01112 0.00272994 -0.000620587
1.79195 1.05051 1.01072 0.00267128 -0.000612066
1.81208 1.05051 1.01032 0.00261603 -0.00060442
1.83221 1.05051 1.00993 0.00256516 -0.000598175
1.85235 1.05051 1.00955 0.00252009 -0.000594158
1.87248 1.05051 1.00916 0.00248287 -0.000593719
1.89262 1.05051 1.00878 0.00245654 -0.000599145
1.91275 1.05051 1.0084 0.00244577 -0.000614443
1.93289 1.05051 1.00799 0.00245715 -0.000647033
1.95302 1.05051 1.00758 0.00250262 -0.000710485
1.97315 1.05051 1.00699 0.00259027 -0.000834545
1.99329 1.05051 1.00677 0.00276154 -0.0010666
2.01342 1.05051 1.00447 0.00289523 -0.00152331
2.03356 1.05051 1.00418 0.00290978 -0.00184104
2.05369 1.05051 1.00359 0.00291893 -0.00208099
2.07383 1.05051 1.00335 0.0029062 -0.00223425
2.09396 1.05051 1.00315 0.00288828 -0.00232705
2.11409 1.05051 1.00301 0.00286338 -0.00237389
2.13423 1.05051 1.0029 0.0028325 -0.00238705
2.15436 1.05051 1.0028 0.00279543 -0.00237493
2.1745 1.05051 1.00272 0.00275242 -0.00234372
2.19463 1.05051 1.00263 0.00270381 -0.00229798
2.21477 1.05051 1.00255 0.0026501 -0.00224118
2.2349 1.05051 1.00247 0.00259184 -0.00217606
2.25503 1.05051 1.00239 0.0025296 -0.00210477
2.27517 1.05051 1.00231 0.00246395 -0.00202907
2.2953 1.05051 1.00223 0.00239541 -0.00195037
2.31544 1.05051 1.00215 0.00232447 -0.00186984
2.33557 1.05051 1.00207 0.00225159 -0.00178845
2.3557 1.05051 1.002 0.00217718 -0.00170699
2.37584 1.05051 1.00192 0.0021016 -0.0016261
2.39597 1.05051 1.00185 0.0020252 -0.00154631
2.41611 1.05051 1.00178 0.00194827 -0.00146805
2.43624 1.05051 1.00171 0.00187107 -0.00139167
2.45638 1.05051 1.00164 0.00179384 -0.00131742
2.47651 1.05051 1.00157 0.00171678 -0.00124553
2.49664 1.05051 1.00151 0.00164007 -0.00117613
2.51678 1.05051 1.00145 0.00156386 -0.00110934
2.53691 1.05051 1.00139 0.00148829 -0.00104522
2.55705 1.05051 1.00133 0.00141345 -0.000983784
2.57718 1.05051 1.00127 0.00133945 -0.000925032
2.59732 1.05051 1.00122 0.00126636 -0.000868924
2.61745 1.05051 1.00117 0.00119423 -0.000815397
2.63758 1.05051 1.00112 0.0011231 -0.00076436
2.65772 1.05051 1.00108 0.001053 -0.000715699
2.67785 1.05051 1.00104 0.000983955 -0.000669274
2.69799 1.05051 1.001 0.000915958 -0.000624925
2.71812 1.05051 1.00096 0.000849006 -0.000582465
2.73826 1.05051 1.00092 0.000783082 -0.000541682
2.75839 1.05051 1.00089 0.000718163 -0.000502335
2.77852 1.05051 1.00086 0.000654215 -0.000464156
2.79866 1.05051 1.00084 0.0005912 -0.00042684
2.81879 1.05051 1.00081 0.000529071 -0.000390048
2.83893 1.05051 1.00079 0.000467778 -0.000353396
2.85906 1.05051 1.00077 0.000407266 -0.000316455
2.87919 1.05051 1.00076 0.000347472 -0.00027874
2.89933 1.05051 1.00074 0.000288335 -0.000239703
2.91946 1.05051 1.00073 0.000229786 -0.000198728
2.9396 1.05051 1.00072 0.000171753 -0.000155115
2.95973 1.05051 1.00072 0.000114164 -0.000108074
2.97987 1.05051 1.00071 5.69399e-05 -5.67075e-05
3 1.05051 1.00071 0 0

0 1.07071 1.0168 0 0
0.0201342 1.07071 1.03889 0.000186334 0.00794855
0.0402685 1.07071 1.036 0.00195514 0.0166985
0.0604027 1.07071 1.05309 0.00445124 0.0255874
0.0805369 1.07071 1.05652 0.00758953 0.0332286
0.100671 1.07071 1.06489 0.0104755 0.0398183
0.120805 1.07071 1.06946 0.0131617 0.0454052
0.14094 1.07071 1.07387 0.0154606 0.0501888
0.161074 1.07071 1.07714 0.017423 0.0543337
0.181208 1.07071 1.0798 0.0190724 0.0579671
0.201342 1.07071 1.08189 0.0204593 0.0611842
0.221477 1.07071 1.08356 0.021628 0.064053
0.241611 1.07071 1.0849 0.0226185 0.0666222
0.261745 1.07071 1.08597 0.023464 0.0689272
0.281879 1.07071 1.08682 0.0241918 0.0709941
0.302013 1.07071 1.0875 0.0248235 0.0728423
0.322148 1.07071 1.08803 0.0253768 0.0744869
0.342282 1.07071 1.08844 0.0258655 0.0759398
0.362416 1.07071 1.08875 0.0263007 0.0772101
0.38255 1.07071 1.08897 0.0266915 0.0783056
0.402685 1.07071 1.0891 0.0270448 0.0792322
0.422819 1.07071 1.08916 0.0273666 0.0799948
0.442953 1.07071 1.08915 0.0276614 0.0805972
0.463087 1.07071 1.08909 0.0279332 0.0810421
0.483221 1.07071 1.08896 0.0281849 0.0813314
0.503356 1.07071 1.08878 0.0284192 0.0814662
0.52349 1.07071 1.08854 0.028638 0.0814466
0.543624 1.07071 1.08825 0.028843 0.0812718
0.563758 1.07071 1.08792 0.0290354 0.0809401
0.583893 1.07071 1.08752 0.0292164 0.0804489
0.604027 1.07071 1.08708 0.0293866 0.0797946
0.624161 1.07071 1.08659 0.0295465 0.0789724
0.644295 1.07071 1.08604 0.0296963 0.0779766
0.66443 1.07071 1.08543 0.0298359 0.0768
0.684564 1.07071 1.08475 0.0299653 0.0754342
0.704698 1.07071 1.08401 0.0300838 0.0738691
0.724832 1.07071 1.08318 0.0301908 0.0720931
0.744966 1.07071 1.08227 0.0302853 0.0700923
0.765101 1.07071 1.08125 0.0303663 0.0678505
0.785235 1.07071 1.0801 0.0304325 0.0653482
0.805369 1.07071 1.07878 0.0304815 0.0625624
0.825503 1.07071 1.07729 0.0305131 0.0594653
0.845638 1.07071 1.07541 0.030517 0.0560212
0.865772 1.07071 1.07353 0.0305032 0.0521915
0.885906 1.07071 1.07028 0.0304173 0.0479121
0.90604 1.07071 1.06845 0.030319 0.0431537
0.926174 1.07071 1.06142 0.0299808 0.0377684
0.946309 1.07071 1.06139 0.0295895 0.0319073
0.966443 1.07071 1.0462 0.0285192 0.0251973
0.986577 1.07071 1.04973 0.027044 0.0186756
1.00671 1.07071 1.0258 0.0243589 0.0116348
1.02685 1.07071 1.02812 0.0207646 0.00750333
1.04698 1.07071 1.02238 0.0180142 0.00463366
1.06711 1.07071 1.02163 0.0156741 0.00283627
1.08725 1.07071 1.0206 0.0138687 0.0016447
1.10738 1.07071 1.02043 0.0124388 0.000857239
1.12752 1.07071 1.02039 0.0113141 0.000321648
1.14765 1.07071 1.02049 0.0104161 -4.92647e-05
1.16779 1.07071 1.02059 0.00969041 -0.000311933
1.18792 1.07071 1.02068 0.0090951 -0.000501594
1.20805 1.07071 1.02071 0.00859942 -0.000640985
1.22819 1.07071 1.0207 0.00818056 -0.00074494
1.24832 1.07071 1.02063 0.00782154 -0.000823341
1.26846 1.07071 1.02051 0.00750962 -0.0008829
1.28859 1.07071 1.02035 0.00723514 -0.000928276
1.30872 1.07071 1.02015 0.00699067 -0.000962765
1.32886 1.07071 1.01991 0.00677048 -0.000988749
1.34899 1.07071 1.01965 0.00657003 -0.00100798
1.36913 1.07071 1.01935 0.00638578 -0.00102178
1.38926 1.07071 1.01903 0.00621485 -0.00103114
1.4094 1.07071 1.01869 0.00605497 -0.00103683
1.42953 1.07071 1.01834 0.00590428 -0.00103947
1.44966 1.07071 1.01796 0.00576127 -0.00103954
1.4698 1.07071 1.01758 0.0056247 -0.00103742
1.48993 1.07071 1.01718 0.00549358 -0.00103344
1.51007 1.07071 1.01678 0.00536709 -0.00102784
1.5302 1.07071 1.01637 0.00524455 -0.00102086
1.55034 1.07071 1.01595 0.00512545 -0.00101267
1.57047 1.07071 1.01552 0.00500934 -0.00100344
1.5906 1.07071 1.0151 0.00489591 -0.000993306
1.61074 1.07071 1.01467 0.00478491 -0.000982404
1.63087 1.07071 1.01424 0.00467618 -0.000970855
1.65101 1.07071 1.01381 0.00456961 -0.000958783
1.67114 1.07071 1.01339 0.00446521 -0.000946314
1.69128 1.07071 1.01296 0.00436301 -0.000933587
1.71141 1.07071 1.01254 0.00426315 -0.000920759
1.73154 1.07071 1.01212 0.00416586 -0.000908024
1.75168 1.07071 1.0117 0.00407147 -0.000895623
1.77181 1.07071 1.01129 0.00398045 -0.000883874
1.79195 1.07071 1.01088 0.00389343 -0.000873214
1.81208 1.07071 1.01047 0.00381131 -0.00086426
1.83221 1.07071 1.01007 0.00373526 -0.000857911
1.85235 1.07071 1.00966 0.00366692 -0.000855515
1.87248 1.07071 1.00926 0.00360851 -0.000859144
1.89262 1.07071 1.00886 0.003563 -0.00087205
1.91275 1.07071 1.00844 0.00353434 -0.000899393
1.93289 1.07071 1.00799 0.00352717 -0.000949544
1.95302 1.07071 1.00752 0.00354733 -0.0010353
1.97315 1.07071 1.00692 0.00359407 -0.00117824
1.99329 1.07071 1.00639 0.00366866 -0.00139511
2.01342 1.07071 1.0052 0.00369887 -0.00172689
2.03356 1.07071 1.00472 0.00365938 -0.00198583
2.05369 1.07071 1.0042 0.0036026 -0.00218887
2.07383 1.07071 1.00388 0.00353073 -0.00232395
2.09396 1.07071 1.00363 0.00345565 -0.00240573
2.11409 1.07071 1.00343 0.00337869 -0.00244481
2.13423 1.07071 1.00327 0.00330088 -0.00245137
2.15436 1.07071 1.00313 0.00322201 -0.00243318
2.1745 1.07071 1.003 0.00314186 -0.0023962
2.19463 1.07071 1.00289 0.00306021 -0.002345
2.21477 1.07071 1.00278 0.00297703 -0.00228309
2.2349 1.07071 1.00267 0.00289237 -0.00221321
2.25503 1.07071 1.00257 0.00280637 -0.00213755
2.27517 1.07071 1.00248 0.00271924 -0.00205784
2.2953 1.07071 1.00239 0.00263119 -0.0019755
2.31544 1.07071 1.00229 0.00254248 -0.00189167
2.33557 1.07071 1.00221 0.00245334 -0.00180731
2.3557 1.07071 1.00212 0.00236402 -0.00172317
2.37584 1.07071 1.00204 0.00227472 -0.00163987
2.39597 1.07071 1.00195 0.00218567 -0.00155793
2.41611 1.07071 1.00187 0.00209703 -0.00147775
2.43624 1.07071 1.0018 0.002009 -0.00139965
2.45638 1.07071 1.00172 0.00192171 -0.00132389
2.47651 1.07071 1.00165 0.00183529 -0.00125064
2.49664 1.07071 1.00158 0.00174987 -0.00118006
2.51678 1.07071 1.00151 0.00166553 -0.00111222
2.53691 1.07071 1.00145 0.00158236 -0.00104718
2.55705 1.07071 1.00139 0.00150042 -0.000984946
2.57718 1.07071 1.00133 0.00141977 -0.000925501
2.59732 1.07071 1.00127 0.00134042 -0.000868798
2.61745 1.07071 1.00122 0.00126242 -0.000814763
2.63758 1.07071 1.00117 0.00118577 -0.000763298
2.65772 1.07071 1.00112 0.00111047 -0.000714282
2.67785 1.07071 1.00108 0.00103651 -0.000667571
2.69799 1.07071 1.00103 0.000963865 -0.000622996
2.71812 1.07071 1.001 0.000892513 -0.000580367
2.73826 1.07071 1.00096 0.000822418 -0.000539467
2.75839 1.07071 1.00093 0.000753535 -0.000500053
2.77852 1.07071 1.00089 0.000685816 -0.000461853
2.79866 1.07071 1.00087 0.000619208 -0.000424559
2.81879 1.07071 1.00084 0.000553652 -0.000387831
2.83893 1.07071 1.00082 0.000489086 -0.000351283
2.85906 1.07071 1.0008 0.000425444 -0.000314484
2.87919 1.07071 1.00078 0.00036266 -0.000276947
2.89933 1.07071 1.00077 0.000300663 -0.000238126
2.91946 1.07071 1.00076 0.000239384 -0.000197401
2.9396 1.07071 1.00075 0.00017875 -0.000154072
2.95973 1.07071 1.00075 0.000118689 -0.000107348
2.97987 1.07071 1.00074 5.91296e-05 -5.63301e-05
3 1.07071 1.00074 0 0

0 1.09091 1.02039 0 0
0.0201342 1.09091 1.02522 -0.000375595 0.00705371
0.0402685 1.09091 1.03309 0.000210678 0.0145775
0.0604027 1.09091 1.04539 0.00179063 0.0225738
0.0805369 1.09091 1.05179 0.00402906 0.0298501
0.100671 1.09091 1.05996 0.00640144 0.0364507
0.120805 1.09091 1.06516 0.00879578 0.042233
0.14094 1.09091 1.0699 0.0110085 0.0472989
0.161074 1.09091 1.07347 0.0130166 0.0517378
0.181208 1.09091 1.07638 0.0147971 0.0556461
0.201342 1.09091 1.0787 0.0163655 0.0591054
0.221477 1.09091 1.08056 0.0177428 0.0621812
0.241611 1.09091 1.08206 0.0189543 0.0649245
0.261745 1.09091 1.08328 0.0200241 0.0673751
0.281879 1.09091 1.08426 0.0209742 0.0695634
0.302013 1.09091 1.08505 0.0218235 0.0715135
0.322148 1.09091 1.08568 0.0225881 0.0732439
0.342282 1.09091 1.08618 0.0232818 0.0747694
0.362416 1.09091 1.08656 0.0239156 0.0761021
0.38255 1.09091 1.08684 0.0244991 0.0772512
0.402685 1.09091 1.08703 0.02504 0.0782246
0.422819 1.09091 1.08713 0.0255448 0.0790284
0.442953 1.09091 1.08716 0.0260189 0.0796672
0.463087 1.09091 1.08712 0.0264667 0.0801449
0.483221 1.09091 1.08702 0.0268921 0.0804638
0.503356 1.09091 1.08685 0.0272982 0.0806255
0.52349 1.09091 1.08663 0.0276877 0.0806307
0.543624 1.09091 1.08634 0.0280628 0.080479
0.563758 1.09091 1.086 0.0284253 0.0801689
0.583893 1.09091 1.0856 0.0287769 0.0796982
0.604027 1.09091 1.08514 0.0291188 0.0790635
0.624161 1.09091 1.08461 0.0294519 0.0782603
0.644295 1.09091 1.08403 0.0297772 0.0772831
0.66443 1.09091 1.08338 0.030095 0.076125
0.684564 1.09091 1.08265 0.0304058 0.0747777
0.704698 1.09091 1.08185 0.0307097 0.0732315
0.724832 1.09091 1.08095 0.0310064 0.0714749
0.744966 1.09091 1.07995 0.0312956 0.0694944
0.765101 1.09091 1.07882 0.0315763 0.0672741
0.785235 1.09091 1.07755 0.0318473 0.0647951
0.805369 1.09091 1.07609 0.0321055 0.0620354
0.825503 1.09091 1.07445 0.0323488 0.0589689
0.845638 1.09091 1.07243 0.0325647 0.0555634
0.865772 1.09091 1.07033 0.0327533 0.0517874
0.885906 1.09091 1.06711 0.0328623 0.0475886
0.90604 1.09091 1.06479 0.0329138 0.0429612
0.926174 1.09091 1.05876 0.0327254 0.037801
0.946309 1.09091 1.0572 0.0323782 0.0322876
0.966443 1.09091 1.0459 0.0314519 0.0261957
0.986577 1.09091 1.04589 0.030062 0.020342
1.00671 1.09091 1.03017 0.0278202 0.0143565
1.02685 1.09091 1.02987 0.0248509 0.0100911
1.04698 1.09091 1.02567 0.0222349 0.0068507
1.06711 1.09091 1.02454 0.0198695 0.00458814
1.08725 1.09091 1.0234 0.0178985 0.00297947
1.10738 1.09091 1.02285 0.0162565 0.00184526
1.12752 1.09091 1.02247 0.014904 0.00103482
1.14765 1.09091 1.02224 0.0137859 0.000449625
1.16779 1.09091 1.02206 0.0128568 2.1031e-05
1.18792 1.09091 1.02191 0.0120782 -0.000297145
1.20805 1.09091 1.02176 0.0114192 -0.000536421
1.22819 1.09091 1.02159 0.0108557 -0.000718407
1.24832 1.09091 1.0214 0.0103684 -0.000858103
1.26846 1.09091 1.02119 0.00994242 -0.000966062
1.28859 1.09091 1.02095 0.00956606 -0.00104982
1.30872 1.09091 1.02068 0.00923004 -0.00111483
1.32886 1.09091 1.02039 0.00892703 -0.00116512
1.34899 1.09091 1.02008 0.00865118 -0.00120369
1.36913 1.09091 1.01975 0.00839778 -0.00123282
1.38926 1.09091 1.0194 0.00816302 -0.00125426
1.4094 1.09091 1.01903 0.00794383 -0.00126938
1.42953 1.09091 1.01865 0.00773768 -0.00127924
1.44966 1.09091 1.01826 0.0075425 -0.0012847
1.4698 1.09091 1.01786 0.00735661 -0.00128646
1.48993 1.09091 1.01745 0.0071786 -0.00128509
1.51007 1.09091 1.01703 0.00700734 -0.00128103
1.5302 1.09091 1.01661 0.00684189 -0.00127469
1.55034 1.09091 1.01618 0.00668149 -0.0012664
1.57047 1.09091 1.01575 0.00652554 -0.00125644
1.5906 1.09091 1.01532 0.00637356 -0.00124506
1.61074 1.09091 1.01489 0.00622518 -0.00123249
1.63087 1.09091 1.01445 0.00608015 -0.00121895
1.65101 1.09091 1.01402 0.00593831 -0.00120464
1.67114 1.09091 1.01358 0.00579959 -0.00118978
1.69128 1.09091 1.01315 0.00566404 -0.00117458
1.71141 1.09091 1.01272 0.00553177 -0.00115931
1.73154 1.09091 1.01229 0.00540302 -0.00114427
1.75168 1.09091 1.01187 0.00527816 -0.00112982
1.77181 1.09091 1.01145 0.0051577 -0.00111645
1.79195 1.09091 1.01103 0.00504233 -0.00110478
1.81208 1.09091 1.01061 0.00493295 -0.00109567
1.83221 1.09091 1.0102 0.00483075 -0.00109035
1.85235 1.09091 1.00979 0.00473723 -0.00109053
1.87248 1.09091 1.00937 0.00465429 -0.00109871
1.89262 1.09091 1.00895 0.00458413 -0.00111852
1.91275 1.09091 1.00852 0.0045292 -0.00115517
1.93289 1.09091 1.00806 0.00449146 -0.00121609
1.95302 1.09091 1.00758 0.00447178 -0.00131085
1.97315 1.09091 1.00703 0.00446463 -0.0014516
1.99329 1.09091 1.0065 0.00446191 -0.00164191
2.01342 1.09091 1.00567 0.00442394 -0.00188605
2.03356 1.09091 1.00518 0.00433994 -0.00209472
2.05369 1.09091 1.0047 0.00423634 -0.00226256
2.07383 1.09091 1.00434 0.00411973 -0.00237895
2.09396 1.09091 1.00405 0.00399979 -0.00245014
2.11409 1.09091 1.00381 0.00387973 -0.00248305
2.13423 1.09091 1.00361 0.00376129 -0.00248542
2.15436 1.09091 1.00343 0.00364482 -0.00246385
2.1745 1.09091 1.00328 0.00353023 -0.00242383
2.19463 1.09091 1.00313 0.00341723 -0.00236974
2.21477 1.09091 1.003 0.00330556 -0.00230503
2.2349 1.09091 1.00288 0.00319503 -0.00223247
2.25503 1.09091 1.00276 0.00308552 -0.00215425
2.27517 1.09091 1.00265 0.00297696 -0.00207215
2.2953 1.09091 1.00254 0.00286935 -0.00198758
2.31544 1.09091 1.00244 0.00276275 -0.00190171
2.33557 1.09091 1.00234 0.00265719 -0.00181547
2.3557 1.09091 1.00224 0.00255278 -0.00172963
2.37584 1.09091 1.00215 0.00244958 -0.0016448
2.39597 1.09091 1.00206 0.00234768 -0.00156149
2.41611 1.09091 1.00197 0.00224718 -0.00148008
2.43624 1.09091 1.00189 0.00214814 -0.0014009
2.45638 1.09091 1.00181 0.00205064 -0.00132418
2.47651 1.09091 1.00173 0.00195473 -0.0012501
2.49664 1.09091 1.00165 0.00186047 -0.00117879
2.51678 1.09091 1.00158 0.00176789 -0.00111033
2.53691 1.09091 1.00151 0.00167703 -0.00104475
2.55705 1.09091 1.00145 0.00158789 -0.000982062
2.57718 1.09091 1.00139 0.0015005 -0.000922242
2.59732 1.09091 1.00133 0.00141484 -0.000865233
2.61745 1.09091 1.00127 0.00133091 -0.000810956
2.63758 1.09091 1.00122 0.00124868 -0.000759308
2.65772 1.09091 1.00117 0.00116812 -0.000710162
2.67785 1.09091 1.00112 0.0010892 -0.00066337
2.69799 1.09091 1.00107 0.00101188 -0.000618761
2.71812 1.09091 1.00103 0.000936098 -0.000576141
2.73826 1.09091 1.00099 0.000861804 -0.00053529
2.75839 1.09091 1.00096 0.000788936 -0.000495965
2.77852 1.09091 1.00093 0.000717429 -0.00045789
2.79866 1.09091 1.0009 0.000647213 -0.00042076
2.81879 1.09091 1.00087 0.000578218 -0.000384232
2.83893 1.09091 1.00085 0.00051037 -0.00034792
2.85906 1.09091 1.00083 0.000443594 -0.000311395
2.87919 1.09091 1.00081 0.000377816 -0.000274171
2.89933 1.09091 1.0008 0.000312959 -0.000235702
2.91946 1.09091 1.00079 0.00024895 -0.000195371
2.9396 1.09091 1.00078 0.000185718 -0.00015248
2.95973 1.09091 1.00077 0.000123192 -0.000106238
2.97987 1.09091 1.00077 6.1307e-05 -5.57505e-05
3 1.09091 1.00077 0 0

0 1.11111 1.03428 0 0
0.0201342 1.11111 1.03896 -0.000609892 0.00596651
0.0402685 1.11111 1.0422 -0.000520699 0.012779
0.0604027 1.11111 1.04946 0.000340746 0.0200351
0.0805369 1.11111 1.05383 0.00183423 0.0269495
0.100671 1.11111 1.05964 0.0036371 0.0334162
0.120805 1.11111 1.06384 0.00561613 0.0392437
0.14094 1.11111 1.06785 0.0075859 0.044457
0.161074 1.11111 1.07108 0.00948116 0.0490885
0.181208 1.11111 1.07384 0.0112485 0.0532017
0.201342 1.11111 1.07611 0.0128736 0.056858
0.221477 1.11111 1.078 0.0143549 0.0601138
0.241611 1.11111 1.07956 0.0157009 0.063017
0.261745 1.11111 1.08084 0.0169242 0.065607
0.281879 1.11111 1.0819 0.0180387 0.0679161
0.302013 1.11111 1.08277 0.019058 0.0699701
0.322148 1.11111 1.08347 0.019995 0.07179
0.342282 1.11111 1.08403 0.0208611 0.0733928
0.362416 1.11111 1.08447 0.0216665 0.0747923
0.38255 1.11111 1.0848 0.0224198 0.0759997
0.402685 1.11111 1.08503 0.0231285 0.0770239
0.422819 1.11111 1.08517 0.0237993 0.0778724
0.442953 1.11111 1.08523 0.0244375 0.0785508
0.463087 1.11111 1.08522 0.025048 0.0790637
0.483221 1.11111 1.08514 0.0256348 0.0794141
0.503356 1.11111 1.08498 0.0262015 0.0796042
0.52349 1.11111 1.08476 0.026751 0.0796351
0.543624 1.11111 1.08448 0.0272859 0.0795068
0.563758 1.11111 1.08413 0.0278085 0.0792183
0.583893 1.11111 1.08372 0.0283206 0.0787676
0.604027 1.11111 1.08325 0.0288238 0.0781515
0.624161 1.11111 1.08271 0.0293195 0.0773658
0.644295 1.11111 1.08209 0.0298087 0.0764053
0.66443 1.11111 1.08141 0.0302923 0.0752633
0.684564 1.11111 1.08064 0.0307707 0.0739318
0.704698 1.11111 1.07978 0.0312441 0.0724015
0.724832 1.11111 1.07882 0.0317124 0.070661
0.744966 1.11111 1.07775 0.0321749 0.0686975
0.765101 1.11111 1.07655 0.0326302 0.0664957
0.785235 1.11111 1.0752 0.0330757 0.0640381
0.805369 1.11111 1.07365 0.0335066 0.0613042
0.825503 1.11111 1.07191 0.0339173 0.0582712
0.845638 1.11111 1.06983 0.0342925 0.0549121
0.865772 1.11111 1.06762 0.0346223 0.0512037
0.885906 1.11111 1.06456 0.0348568 0.047109
0.90604 1.11111 1.062 0.0349898 0.0426378
0.926174 1.11111 1.057 0.0348804 0.0377302
0.946309 1.11111 1.05466 0.034544 0.0325561
0.966443 1.11111 1.04666 0.0337142 0.0270018
0.986577 1.11111 1.04498 0.0324244 0.0216673
1.00671 1.11111 1.03547 0.0305224 0.0163734
1.02685 1.11111 1.03346 0.0280773 0.0122014
1.04698 1.11111 1.02972 0.0257059 0.00884558
1.06711 1.11111 1.02785 0.0234498 0.00631551
1.08725 1.11111 1.02628 0.0214511 0.00440938
1.10738 1.11111 1.02525 0.0197097 0.0029892
1.12752 1.11111 1.02449 0.0182176 0.00192754
1.14765 1.11111 1.02394 0.0169445 0.00113051
1.16779 1.11111 1.0235 0.0158588 0.000527618
1.18792 1.11111 1.02314 0.0149296 6.7787e-05
1.20805 1.11111 1.02281 0.0141299 -0.000285918
1.22819 1.11111 1.0225 0.0134368 -0.000560153
1.24832 1.11111 1.0222 0.0128312 -0.000774233
1.26846 1.11111 1.02189 0.0122975 -0.000942251
1.28859 1.11111 1.02157 0.0118231 -0.00107458
1.30872 1.11111 1.02124 0.0113978 -0.00117894
1.32886 1.11111 1.02089 0.0110131 -0.00126113
1.34899 1.11111 1.02054 0.0106622 -0.00132555
1.36913 1.11111 1.02017 0.0103396 -0.0013756
1.38926 1.11111 1.01979 0.0100407 -0.00141391
1.4094 1.11111 1.01939 0.00976174 -0.00144256
1.42953 1.11111 1.01899 0.00949961 -0.00146319
1.44966 1.11111 1.01858 0.00925176 -0.00147712
1.4698 1.11111 1.01816 0.00901608 -0.00148543
1.48993 1.11111 1.01773 0.00879079 -0.00148898
1.51007 1.11111 1.0173 0.00857446 -0.0014885
1.5302 1.11111 1.01687 0.00836589 -0.00148461
1.55034 1.11111 1.01643 0.00816409 -0.00147781
1.57047 1.11111 1.01599 0.00796828 -0.00146856
1.5906 1.11111 1.01555 0.00777781 -0.00145724
1.61074 1.11111 1.01511 0.00759222 -0.00144421
1.63087 1.11111 1.01466 0.00741113 -0.00142979
1.65101 1.11111 1.01422 0.00723431 -0.00141429
1.67114 1.11111 1.01378 0.00706164 -0.00139803
1.69128 1.11111 1.01334 0.00689309 -0.00138134
1.71141 1.11111 1.01291 0.00672877 -0.00136458
1.73154 1.11111 1.01247 0.00656888 -0.00134816
1.75168 1.11111 1.01204 0.00641377 -0.00133258
1.77181 1.11111 1.01161 0.00626393 -0.00131846
1.79195 1.11111 1.01119 0.00611998 -0.0013066
1.81208 1.11111 1.01076 0.00598276 -0.00129805
1.83221 1.11111 1.01034 0.00585325 -0.00129421
1.85235 1.11111 1.00992 0.00573265 -0.00129698
1.87248 1.11111 1.00949 0.00562226 -0.00130894
1.89262 1.11111 1.00906 0.00552339 -0.00133353
1.91275 1.11111 1.00862 0.00543699 -0.00137525
1.93289 1.11111 1.00816 0.005363 -0.00143973
1.95302 1.11111 1.00768 0.00529949 -0.00153295
1.97315 1.11111 1.00717 0.00523994 -0.00166043
1.99329 1.11111 1.00665 0.00517512 -0.00181995
2.01342 1.11111 1.00603 0.00508427 -0.00200618
2.03356 1.11111 1.00554 0.00496214 -0.00217271
2.05369 1.11111 1.0051 0.00482171 -0.00230946
2.07383 1.11111 1.00473 0.0046698 -0.00240723
2.09396 1.11111 1.00442 0.00451412 -0.00246761
2.11409 1.11111 1.00415 0.00435865 -0.00249463
2.13423 1.11111 1.00392 0.00420576 -0.00249373
2.15436 1.11111 1.00372 0.0040564 -0.00247023
2.1745 1.11111 1.00354 0.00391085 -0.00242889
2.19463 1.11111 1.00337 0.00376902 -0.00237371
2.21477 1.11111 1.00322 0.00363066 -0.002308
2.2349 1.11111 1.00308 0.00349552 -0.00223445
2.25503 1.11111 1.00294 0.00336335 -0.00215526
2.27517 1.11111 1.00282 0.00323395 -0.00207219
2.2953 1.11111 1.0027 0.00310719 -0.0019867
2.31544 1.11111 1.00258 0.00298294 -0.00189995
2.33557 1.11111 1.00247 0.00286113 -0.00181289
2.3557 1.11111 1.00236 0.00274171 -0.0017263
2.37584 1.11111 1.00226 0.00262465 -0.0016408
2.39597 1.11111 1.00216 0.00250993 -0.00155688
2.41611 1.11111 1.00207 0.00239755 -0.00147494
2.43624 1.11111 1.00198 0.00228748 -0.00139531
2.45638 1.11111 1.00189 0.00217974 -0.0013182
2.47651 1.11111 1.00181 0.00207431 -0.0012438
2.49664 1.11111 1.00173 0.00197117 -0.00117223
2.51678 1.11111 1.00165 0.00187032 -0.00110357
2.53691 1.11111 1.00158 0.00177173 -0.00103784
2.55705 1.11111 1.00151 0.00167537 -0.000975057
2.57718 1.11111 1.00144 0.00158121 -0.000915185
2.59732 1.11111 1.00138 0.00148921 -0.000858167
2.61745 1.11111 1.00132 0.00139932 -0.000803919
2.63758 1.11111 1.00126 0.00131149 -0.000752337
2.65772 1.11111 1.00121 0.00122567 -0.00070329
2.67785 1.11111 1.00116 0.00114178 -0.000656628
2.69799 1.11111 1.00111 0.00105977 -0.00061218
2.71812 1.11111 1.00107 0.000979554 -0.000569749
2.73826 1.11111 1.00103 0.00090106 -0.000529117
2.75839 1.11111 1.00099 0.000824206 -0.000490038
2.77852 1.11111 1.00096 0.000748912 -0.00045224
2.79866 1.11111 1.00093 0.000675093 -0.000415416
2.81879 1.11111 1.0009 0.000602665 -0.000379226
2.83893 1.11111 1.00088 0.000531542 -0.000343286
2.85906 1.11111 1.00086 0.00046164 -0.00030717
2.87919 1.11111 1.00084 0.000392877 -0.000270395
2.89933 1.11111 1.00082 0.000325171 -0.000232418
2.91946 1.11111 1.00081 0.000258447 -0.000192626
2.9396 1.11111 1.00081 0.000192631 -0.000150328
2.95973 1.11111 1.0008 0.000127657 -0.000104737
2.97987 1.11111 1.0008 6.34639e-05 -5.49648e-05
3 1.11111 1.0008 0 0

0 1.13131 1.03959 0 0
0.0201342 1.13131 1.04094 -0.000733143 0.00550808
0.0402685 1.13131 1.04494 -0.000985773 0.0116716
0.0604027 1.13131 1.0499 -0.000585289 0.0182524
0.0805369 1.13131 1.05409 0.000363972 0.0247088
0.100671 1.13131 1.05877 0.00169335 0.030893
0.120805 1.13131 1.06256 0.00327483 0.0366081
0.14094 1.13131 1.06612 0.00496149 0.041825
0.161074 1.13131 1.06911 0.00667275 0.0465332
0.181208 1.13131 1.0717 0.00834367 0.0507628
0.201342 1.13131 1.0739 0.00994141 0.0545524
0.221477 1.13131 1.07576 0.0114481 0.057944
0.241611 1.13131 1.07733 0.0128584 0.0609773
0.261745 1.13131 1.07864 0.0141737 0.0636876
0.281879 1.13131 1.07974 0.0153996 0.0661053
0.302013 1.13131 1.08065 0.0165438 0.0682563
0.322148 1.13131 1.0814 0.0176147 0.0701622
0.342282 1.13131 1.08201 0.0186204 0.0718408
0.362416 1.13131 1.08249 0.0195689 0.073307
0.38255 1.13131 1.08285 0.0204676 0.0745732
0.402685 1.13131 1.08312 0.021323 0.0756494
0.422819 1.13131 1.08329 0.022141 0.0765437
0.442953 1.13131 1.08338 0.0229267 0.0772629
0.463087 1.13131 1.08338 0.0236847 0.0778119
0.483221 1.13131 1.08332 0.0244192 0.0781946
0.503356 1.13131 1.08317 0.0251335 0.0784137
0.52349 1.13131 1.08296 0.0258308 0.0784706
0.543624 1.13131 1.08268 0.0265137 0.0783658
0.563758 1.13131 1.08233 0.0271847 0.0780987
0.583893 1.13131 1.08192 0.0278457 0.0776674
0.604027 1.13131 1.08143 0.0284983 0.0770692
0.624161 1.13131 1.08087 0.0291441 0.0763002
0.644295 1.13131 1.08023 0.0297841 0.0753553
0.66443 1.13131 1.07952 0.0304191 0.0742283
0.684564 1.13131 1.07872 0.0310495 0.0729115
0.704698 1.13131 1.07782 0.0316751 0.0713959
0.724832 1.13131 1.07682 0.0322954 0.0696709
0.744966 1.13131 1.0757 0.0329089 0.0677244
0.765101 1.13131 1.07445 0.0335128 0.0655424
0.785235 1.13131 1.07304 0.0341031 0.0631089
0.805369 1.13131 1.07145 0.0346727 0.0604063
0.825503 1.13131 1.06966 0.0352122 0.0574158
0.845638 1.13131 1.06758 0.0357037 0.0541168
0.865772 1.13131 1.06534 0.0361297 0.0504945
0.885906 1.13131 1.06248 0.036444 0.0465274
0.90604 1.13131 1.05983 0.0366232 0.0422352
0.926174 1.13131 1.05565 0.0365612 0.0375955
0.946309 1.13131 1.05292 0.0362416 0.0327536
0.966443 1.13131 1.04699 0.0354983 0.0276773
0.986577 1.13131 1.04449 0.0343353 0.0227827
1.00671 1.13131 1.03799 0.0326996 0.0180221
1.02685 1.13131 1.03541 0.0306436 0.0140118
1.04698 1.13131 1.0322 0.0285297 0.0106499
1.06711 1.13131 1.03018 0.0264427 0.0079681
1.08725 1.13131 1.02849 0.0245068 0.0058526
1.10738 1.13131 1.02725 0.0227557 0.0042057
1.12752 1.13131 1.02627 0.0212028 0.00292748
1.14765 1.13131 1.0255 0.0198389 0.0019357
1.16779 1.13131 1.02487 0.0186466 0.00116397
1.18792 1.13131 1.02433 0.0176048 0.000560887
1.20805 1.13131 1.02386 0.0166927 8.72057e-05
1.22819 1.13131 1.02342 0.0158908 -0.000286753
1.24832 1.13131 1.02301 0.0151821 -0.000583376
1.26846 1.13131 1.02261 0.0145518 -0.00081957
1.28859 1.13131 1.02222 0.0139874 -0.00100815
1.30872 1.13131 1.02182 0.0134784 -0.00115891
1.32886 1.13131 1.02142 0.0130161 -0.00127934
1.34899 1.13131 1.02102 0.0125931 -0.00137527
1.36913 1.13131 1.02061 0.0122033 -0.00145124
1.38926 1.13131 1.02019 0.0118417 -0.00151083
1.4094 1.13131 1.01977 0.011504 -0.00155688
1.42953 1.13131 1.01934 0.0111866 -0.00159168
1.44966 1.13131 1.01891 0.0108866 -0.00161707
1.4698 1.13131 1.01847 0.0106016 -0.00163454
1.48993 1.13131 1.01803 0.0103294 -0.00164535
1.51007 1.13131 1.01758 0.0100683 -0.00165052
1.5302 1.13131 1.01713 0.00981691 -0.00165092
1.55034 1.13131 1.01668 0.00957405 -0.00164727
1.57047 1.13131 1.01623 0.00933874 -0.00164022
1.5906 1.13131 1.01578 0.00911019 -0.00163032
1.61074 1.13131 1.01533 0.0088878 -0.00161807
1.63087 1.13131 1.01488 0.00867109 -0.00160392
1.65101 1.13131 1.01443 0.00845975 -0.00158831
1.67114 1.13131 1.01398 0.00825357 -0.00157166
1.69128 1.13131 1.01354 0.00805248 -0.00155443
1.71141 1.13131 1.01309 0.0078565 -0.00153707
1.73154 1.13131 1.01265 0.00766579 -0.00152011
1.75168 1.13131 1.01222 0.00748064 -0.00150417
1.77181 1.13131 1.01178 0.00730144 -0.00148999
1.79195 1.13131 1.01135 0.00712871 -0.00147848
1.81208 1.13131 1.01092 0.0069631 -0.0014708
1.83221 1.13131 1.01049 0.00680533 -0.00146842
1.85235 1.13131 1.01006 0.00665619 -0.00147323
1.87248 1.13131 1.00962 0.00651639 -0.00148761
1.89262 1.13131 1.00919 0.00638639 -0.00151454
1.91275 1.13131 1.00874 0.00626605 -0.00155752
1.93289 1.13131 1.00829 0.00615411 -0.00162034
1.95302 1.13131 1.00782 0.00604756 -0.00170626
1.97315 1.13131 1.00733 0.0059405 -0.00181686
1.99329 1.13131 1.00684 0.00582544 -0.00194812
2.01342 1.13131 1.00631 0.00569118 -0.00209235
2.03356 1.13131 1.00586 0.00553489 -0.00222434
2.05369 1.13131 1.00544 0.00536328 -0.00233409
2.07383 1.13131 1.00507 0.00518188 -0.00241406
2.09396 1.13131 1.00475 0.00499673 -0.00246353
2.11409 1.13131 1.00446 0.0048118 -0.00248447
2.13423 1.13131 1.00421 0.00462972 -0.00248052
2.15436 1.13131 1.00399 0.00445189 -0.00245572
2.1745 1.13131 1.00379 0.00427897 -0.00241402
2.19463 1.13131 1.0036 0.00411113 -0.00235892
2.21477 1.13131 1.00343 0.00394827 -0.00229348
2.2349 1.13131 1.00327 0.0037902 -0.00222024
2.25503 1.13131 1.00312 0.00363667 -0.00214134
2.27517 1.13131 1.00298 0.00348742 -0.00205853
2.2953 1.13131 1.00285 0.00334223 -0.00197325
2.31544 1.13131 1.00272 0.00320089 -0.00188667
2.33557 1.13131 1.0026 0.00306325 -0.00179976
2.3557 1.13131 1.00248 0.00292915 -0.0017133
2.37584 1.13131 1.00237 0.00279847 -0.00162793
2.39597 1.13131 1.00227 0.00267111 -0.00154414
2.41611 1.13131 1.00216 0.00254699 -0.00146235
2.43624 1.13131 1.00207 0.00242601 -0.00138287
2.45638 1.13131 1.00197 0.00230811 -0.00130593
2.47651 1.13131 1.00188 0.00219321 -0.00123172
2.49664 1.13131 1.0018 0.00208126 -0.00116036
2.51678 1.13131 1.00172 0.00197217 -0.00109191
2.53691 1.13131 1.00164 0.00186588 -0.00102643
2.55705 1.13131 1.00157 0.00176233 -0.000963902
2.57718 1.13131 1.0015 0.00166143 -0.000904302
2.59732 1.13131 1.00143 0.00156311 -0.000847571
2.61745 1.13131 1.00137 0.00146729 -0.000793625
2.63758 1.13131 1.00131 0.00137389 -0.000742358
2.65772 1.13131 1.00125 0.00128282 -0.00069364
2.67785 1.13131 1.0012 0.00119399 -0.000647321
2.69799 1.13131 1.00115 0.00110731 -0.00060323
2.71812 1.13131 1.0011 0.00102267 -0.000561171
2.73826 1.13131 1.00106 0.00094 -0.000520928
2.75839 1.13131 1.00102 0.000859182 -0.000482256
2.77852 1.13131 1.00099 0.000780122 -0.000444885
2.79866 1.13131 1.00096 0.000702722 -0.000408512
2.81879 1.13131 1.00093 0.000626883 -0.000372799
2.83893 1.13131 1.00091 0.000552508 -0.000337368
2.85906 1.13131 1.00088 0.000479504 -0.000301796
2.87919 1.13131 1.00087 0.00040778 -0.000265606
2.89933 1.13131 1.00085 0.00033725 -0.000228262
2.91946 1.13131 1.00084 0.000267835 -0.000189158
2.9396 1.13131 1.00083 0.000199462 -0.00014761
2.95973 1.13131 1.00083 0.000132066 -0.000102841
2.97987 1.13131 1.00083 6.55921e-05 -5.39705e-05
3 1.13131 1.00083 0 0

0 1.15152 1.04466 0 0
0.0201342 1.15152 1.04572 -0.000790792 0.00511275
0.0402685 1.15152 1.04849 -0.00121841 0.0108101
0.0604027 1.15152 1.05179 -0.00113741 0.0168513
0.0805369 1.15152 1.05513 -0.000585945 0.0228886
0.100671 1.15152 1.05871 0.000351362 0.0287589
0.120805 1.15152 1.06191 0.00157493 0.0342905
0.14094 1.15152 1.06495 0.0029745 0.0394239
0.161074 1.15152 1.06762 0.00447058 0.0441245
0.181208 1.15152 1.06999 0.00599741 0.0483968
0.201342 1.15152 1.07205 0.00751256 0.0522593
0.221477 1.15152 1.07384 0.00898795 0.0557395
0.241611 1.15152 1.07537 0.0104079 0.0588673
0.261745 1.15152 1.07667 0.0117648 0.0616715
0.281879 1.15152 1.07777 0.0130567 0.0641791
0.302013 1.15152 1.0787 0.0142853 0.0664138
0.322148 1.15152 1.07947 0.0154541 0.0683962
0.342282 1.15152 1.08011 0.0165679 0.0701443
0.362416 1.15152 1.08061 0.017632 0.071673
0.38255 1.15152 1.08101 0.0186516 0.0729952
0.402685 1.15152 1.0813 0.0196318 0.0741214
0.422819 1.15152 1.08149 0.0205775 0.0750606
0.442953 1.15152 1.0816 0.0214931 0.0758197
0.463087 1.15152 1.08162 0.0223826 0.0764044
0.483221 1.15152 1.08156 0.0232497 0.0768191
0.503356 1.15152 1.08143 0.0240976 0.0770669
0.52349 1.15152 1.08123 0.0249293 0.0771496
0.543624 1.15152 1.08095 0.0257473 0.077068
0.563758 1.15152 1.0806 0.0265539 0.0768218
0.583893 1.15152 1.08018 0.0273509 0.0764096
0.604027 1.15152 1.07968 0.0281399 0.075829
0.624161 1.15152 1.07911 0.0289223 0.0750763
0.644295 1.15152 1.07846 0.0296988 0.0741469
0.66443 1.15152 1.07772 0.03047 0.0730348
0.684564 1.15152 1.0769 0.0312359 0.071733
0.704698 1.15152 1.07597 0.0319957 0.070233
0.724832 1.15152 1.07494 0.0327481 0.0685252
0.744966 1.15152 1.07379 0.0334904 0.0665984
0.765101 1.15152 1.07251 0.0342186 0.0644402
0.785235 1.15152 1.07108 0.0349266 0.062037
0.805369 1.15152 1.06947 0.0356052 0.0593745
0.825503 1.15152 1.06768 0.036242 0.0564383
0.845638 1.15152 1.06564 0.0368171 0.0532144
0.865772 1.15152 1.06342 0.0373084 0.0496958
0.885906 1.15152 1.06076 0.0376739 0.0458742
0.90604 1.15152 1.05814 0.0378824 0.0417751
0.926174 1.15152 1.05459 0.0378546 0.0374025
0.946309 1.15152 1.05178 0.0375618 0.0328753
0.966443 1.15152 1.04723 0.036902 0.0282099
0.986577 1.15152 1.04447 0.0358696 0.023691
1.00671 1.15152 1.03979 0.0344554 0.0193385
1.02685 1.15152 1.0371 0.0327051 0.0155173
1.04698 1.15152 1.03426 0.030836 0.0122167
1.06711 1.15152 1.03217 0.0289369 0.009474
1.08725 1.15152 1.03042 0.0271112 0.00723014
1.10738 1.15152 1.02902 0.0254069 0.00542004
1.12752 1.15152 1.02788 0.0238504 0.00396959
1.14765 1.15152 1.02695 0.0224475 0.0028114
1.16779 1.15152 1.02616 0.0211929 0.00188708
1.18792 1.15152 1.02548 0.0200751 0.00114852
1.20805 1.15152 1.02488 0.0190799 0.000557037
1.22819 1.15152 1.02433 0.0181924 8.20283e-05
1.24832 1.15152 1.02382 0.0173987 -0.000300507
1.26846 1.15152 1.02334 0.0166857 -0.000609318
1.28859 1.15152 1.02287 0.0160421 -0.000859045
1.30872 1.15152 1.02241 0.0154579 -0.00106114
1.32886 1.15152 1.02196 0.0149243 -0.0012246
1.34899 1.15152 1.02151 0.0144341 -0.00135653
1.36913 1.15152 1.02106 0.013981 -0.00146257
1.38926 1.15152 1.02061 0.0135597 -0.00154721
1.4094 1.15152 1.02016 0.0131656 -0.00161408
1.42953 1.15152 1.0197 0.0127948 -0.00166611
1.44966 1.15152 1.01925 0.0124443 -0.00170571
1.4698 1.15152 1.01879 0.0121111 -0.00173484
1.48993 1.15152 1.01833 0.0117931 -0.00175512
1.51007 1.15152 1.01787 0.0114883 -0.00176793
1.5302 1.15152 1.0174 0.0111949 -0.00177441
1.55034 1.15152 1.01694 0.0109118 -0.00177555
1.57047 1.15152 1.01648 0.0106377 -0.00177217
1.5906 1.15152 1.01602 0.0103718 -0.00176504
1.61074 1.15152 1.01556 0.0101133 -0.00175481
1.63087 1.15152 1.0151 0.00986163 -0.00174207
1.65101 1.15152 1.01464 0.00961641 -0.00172741
1.67114 1.15152 1.01419 0.00937733 -0.00171136
1.69128 1.15152 1.01373 0.00914423 -0.00169449
1.71141 1.15152 1.01328 0.00891709 -0.00167736
1.73154 1.15152 1.01284 0.00869597 -0.00166062
1.75168 1.15152 1.01239 0.00848106 -0.00164497
1.77181 1.15152 1.01195 0.00827263 -0.00163123
1.79195 1.15152 1.01151 0.00807105 -0.00162039
1.81208 1.15152 1.01107 0.00787675 -0.00161364
1.83221 1.15152 1.01064 0.00769017 -0.00161241
1.85235 1.15152 1.0102 0.00751169 -0.00161846
1.87248 1.15152 1.00976 0.00734153 -0.00163385
1.89262 1.15152 1.00932 0.0071795 -0.00166094
1.91275 1.15152 1.00888 0.00702481 -0.00170225
1.93289 1.15152 1.00843 0.00687565 -0.00176011
1.95302 1.15152 1.00797 0.00672889 -0.00183589
1.97315 1.15152 1.00751 0.00657971 -0.00192918
1.99329 1.15152 1.00704 0.0064226 -0.0020357
2.01342 1.15152 1.00657 0.00625131 -0.00214831
2.03356 1.15152 1.00613 0.00606428 -0.00225216
2.05369 1.15152 1.00573 0.00586516 -0.00233895
2.07383 1.15152 1.00537 0.00565814 -0.00240264
2.09396 1.15152 1.00504 0.00544785 -0.00244152
2.11409 1.15152 1.00474 0.00523788 -0.00245631
2.13423 1.15152 1.00448 0.00503084 -0.00244928
2.15436 1.15152 1.00424 0.00482838 -0.0024234
2.1745 1.15152 1.00402 0.00463141 -0.00238181
2.19463 1.15152 1.00382 0.00444036 -0.00232751
2.21477 1.15152 1.00363 0.00425532 -0.00226319
2.2349 1.15152 1.00346 0.00407621 -0.00219121
2.25503 1.15152 1.00329 0.00390283 -0.00211358
2.27517 1.15152 1.00314 0.00373495 -0.00203199
2.2953 1.15152 1.00299 0.00357231 -0.00194786
2.31544 1.15152 1.00286 0.00341468 -0.00186236
2.33557 1.15152 1.00273 0.00326183 -0.00177645
2.3557 1.15152 1.0026 0.00311355 -0.00169093
2.37584 1.15152 1.00248 0.00296967 -0.00160642
2.39597 1.15152 1.00237 0.00283001 -0.00152345
2.41611 1.15152 1.00226 0.00269441 -0.00144243
2.43624 1.15152 1.00215 0.00256274 -0.00136369
2.45638 1.15152 1.00205 0.00243487 -0.00128745
2.47651 1.15152 1.00196 0.00231067 -0.00121392
2.49664 1.15152 1.00187 0.00219002 -0.00114321
2.51678 1.15152 1.00178 0.00207282 -0.0010754
2.53691 1.15152 1.0017 0.00195894 -0.00101054
2.55705 1.15152 1.00162 0.00184827 -0.000948613
2.57718 1.15152 1.00155 0.00174071 -0.000889604
2.59732 1.15152 1.00148 0.00163614 -0.000833453
2.61745 1.15152 1.00141 0.00153446 -0.000780078
2.63758 1.15152 1.00135 0.00143554 -0.000729374
2.65772 1.15152 1.00129 0.00133928 -0.000681214
2.67785 1.15152 1.00124 0.00124555 -0.000635449
2.69799 1.15152 1.00119 0.00115425 -0.00059191
2.71812 1.15152 1.00114 0.00106525 -0.000550405
2.73826 1.15152 1.0011 0.000978437 -0.00051072
2.75839 1.15152 1.00106 0.000893698 -0.000472615
2.77852 1.15152 1.00102 0.000810915 -0.000435822
2.79866 1.15152 1.00099 0.000729974 -0.000400044
2.81879 1.15152 1.00096 0.000650763 -0.000364948
2.83893 1.15152 1.00093 0.000573176 -0.000330162
2.85906 1.15152 1.00091 0.000497107 -0.00029527
2.87919 1.15152 1.00089 0.00042246 -0.000259803
2.89933 1.15152 1.00088 0.000349144 -0.000223233
2.91946 1.15152 1.00087 0.000277075 -0.000184964
2.9396 1.15152 1.00086 0.000206181 -0.000144324
2.95973 1.15152 1.00085 0.000136401 -0.000100547
2.97987 1.15152 1.00085 6.76832e-05 -5.27667e-05
3 1.15152 1.00086 0 0

0 1.17172 1.0478 0 0
0.0201342 1.17172 1.04834 -0.000818565 0.00486166
0.0402685 1.17172 1.05066 -0.00135829 0.0101769
0.0604027 1.17172 1.05306 -0.00148936 0.0157726
0.0805369 1.17172 1.05585 -0.0012214 0.0214188
0.100671 1.17172 1.05871 -0.000589297 0.0269662
0.120805 1.17172 1.06145 0.000335018 0.0322715
0.14094 1.17172 1.06406 0.00147245 0.0372621
0.161074 1.17172 1.06643 0.00275317 0.0418911
0.181208 1.17172 1.06858 0.00411707 0.0461449
0.201342 1.17172 1.07049 0.00551923 0.0500263
0.221477 1.17172 1.07217 0.0069267 0.0535498
0.241611 1.17172 1.07363 0.00831734 0.0567351
0.261745 1.17172 1.0749 0.0096771 0.0596041
0.281879 1.17172 1.07598 0.010998 0.0621787
0.302013 1.17172 1.07691 0.0122765 0.0644795
0.322148 1.17172 1.07769 0.0135117 0.0665252
0.342282 1.17172 1.07833 0.0147049 0.0683327
0.362416 1.17172 1.07885 0.0158584 0.0699164
0.38255 1.17172 1.07926 0.0169754 0.071289
0.402685 1.17172 1.07957 0.0180591 0.0724611
0.422819 1.17172 1.07978 0.0191131 0.0734418
0.442953 1.17172 1.0799 0.0201406 0.0742384
0.463087 1.17172 1.07993 0.021145 0.0748571
0.483221 1.17172 1.07989 0.0221293 0.0753024
0.503356 1.17172 1.07976 0.0230962 0.0755777
0.52349 1.17172 1.07956 0.0240482 0.0756853
0.543624 1.17172 1.07929 0.0249876 0.0756263
0.563758 1.17172 1.07894 0.0259162 0.0754007
0.583893 1.17172 1.07851 0.0268357 0.0750074
0.604027 1.17172 1.07801 0.0277473 0.0744443
0.624161 1.17172 1.07743 0.0286521 0.0737082
0.644295 1.17172 1.07676 0.0295504 0.0727947
0.66443 1.17172 1.07602 0.0304422 0.0716986
0.684564 1.17172 1.07517 0.0313269 0.0704133
0.704698 1.17172 1.07424 0.0322031 0.0689313
0.724832 1.17172 1.07319 0.0330683 0.0672438
0.744966 1.17172 1.07202 0.0339188 0.0653413
0.765101 1.17172 1.07073 0.0347491 0.0632131
0.785235 1.17172 1.0693 0.0355513 0.0608484
0.805369 1.17172 1.0677 0.0363144 0.0582361
0.825503 1.17172 1.06593 0.037024 0.0553664
0.845638 1.17172 1.06395 0.0376591 0.0522317
0.865772 1.17172 1.0618 0.0381956 0.048831
0.885906 1.17172 1.05933 0.038596 0.0451668
0.90604 1.17172 1.05682 0.0388275 0.0412672
0.926174 1.17172 1.05374 0.0388307 0.037153
0.946309 1.17172 1.051 0.0385752 0.0329201
0.966443 1.17172 1.04734 0.0379984 0.0286103
0.986577 1.17172 1.04459 0.0370937 0.0244194
1.00671 1.17172 1.04096 0.0358689 0.0203988
1.02685 1.17172 1.03836 0.0343643 0.016772
1.04698 1.17172 1.03581 0.032716 0.013567
1.06711 1.17172 1.03376 0.0310031 0.0108212
1.08725 1.17172 1.03199 0.0293097 0.0085085
1.10738 1.17172 1.03053 0.0276868 0.00658826
1.12752 1.17172 1.02929 0.0261668 0.00500782
1.14765 1.17172 1.02824 0.0247651 0.00371435
1.16779 1.17172 1.02734 0.0234855 0.00265883
1.18792 1.17172 1.02655 0.0223244 0.00179845
1.20805 1.17172 1.02585 0.021274 0.00109703
1.22819 1.17172 1.0252 0.0203242 0.000524699
1.24832 1.17172 1.02461 0.0194644 5.71659e-05
1.26846 1.17172 1.02405 0.0186843 -0.000325186
1.28859 1.17172 1.02352 0.0179739 -0.000638115
1.30872 1.17172 1.023 0.0173244 -0.000894261
1.32886 1.17172 1.0225 0.0167277 -0.00110377
1.34899 1.17172 1.02201 0.0161769 -0.00127481
1.36913 1.17172 1.02152 0.0156657 -0.00141398
1.38926 1.17172 1.02103 0.0151889 -0.00152662
1.4094 1.17172 1.02055 0.0147419 -0.00161708
1.42953 1.17172 1.02007 0.0143207 -0.00168893
1.44966 1.17172 1.01959 0.013922 -0.00174512
1.4698 1.17172 1.01911 0.0135428 -0.00178808
1.48993 1.17172 1.01863 0.0131807 -0.00181984
1.51007 1.17172 1.01816 0.0128336 -0.00184212
1.5302 1.17172 1.01768 0.0124996 -0.00185636
1.55034 1.17172 1.01721 0.0121775 -0.00186381
1.57047 1.17172 1.01673 0.0118657 -0.00186552
1.5906 1.17172 1.01626 0.0115635 -0.00186245
1.61074 1.17172 1.01579 0.0112698 -0.00185542
1.63087 1.17172 1.01532 0.0109841 -0.00184521
1.65101 1.17172 1.01485 0.0107058 -0.0018325
1.67114 1.17172 1.01439 0.0104346 -0.00181798
1.69128 1.17172 1.01393 0.0101702 -0.00180231
1.71141 1.17172 1.01347 0.00991254 -0.00178618
1.73154 1.17172 1.01302 0.00966154 -0.0017703
1.75168 1.17172 1.01257 0.00941729 -0.00175547
1.77181 1.17172 1.01212 0.00917994 -0.00174255
1.79195 1.17172 1.01167 0.00894968 -0.00173256
1.81208 1.17172 1.01123 0.00872672 -0.00172667
1.83221 1.17172 1.01079 0.00851124 -0.0017262
1.85235 1.17172 1.01035 0.0083033 -0.0017327
1.87248 1.17172 1.00991 0.0081027 -0.00174786
1.89262 1.17172 1.00947 0.00790889 -0.00177347
1.91275 1.17172 1.00903 0.00772071 -0.00181122
1.93289 1.17172 1.00858 0.00753624 -0.00186233
1.95302 1.17172 1.00813 0.00735266 -0.00192709
1.97315 1.17172 1.00768 0.00716624 -0.00200414
1.99329 1.17172 1.00724 0.00697306 -0.00208958
2.01342 1.17172 1.0068 0.00676951 -0.00217745
2.03356 1.17172 1.00638 0.00655469 -0.00225838
2.05369 1.17172 1.00599 0.0063308 -0.00232585
2.07383 1.17172 1.00563 0.00610091 -0.00237509
2.09396 1.17172 1.0053 0.00586857 -0.00240411
2.11409 1.17172 1.005 0.00563686 -0.00241289
2.13423 1.17172 1.00472 0.0054082 -0.00240278
2.15436 1.17172 1.00447 0.00518428 -0.00237588
2.1745 1.17172 1.00424 0.00496618 -0.00233463
2.19463 1.17172 1.00402 0.00475452 -0.00228152
2.21477 1.17172 1.00382 0.00454955 -0.00221887
2.2349 1.17172 1.00363 0.00435132 -0.00214879
2.25503 1.17172 1.00346 0.00415971 -0.00207315
2.27517 1.17172 1.00329 0.00397455 -0.00199355
2.2953 1.17172 1.00314 0.00379559 -0.00191134
2.31544 1.17172 1.00299 0.0036226 -0.00182767
2.33557 1.17172 1.00285 0.00345533 -0.0017435
2.3557 1.17172 1.00271 0.00329353 -0.0016596
2.37584 1.17172 1.00259 0.00313698 -0.00157662
2.39597 1.17172 1.00247 0.00298547 -0.00149509
2.41611 1.17172 1.00235 0.00283879 -0.00141542
2.43624 1.17172 1.00224 0.00269676 -0.00133795
2.45638 1.17172 1.00213 0.00255919 -0.00126292
2.47651 1.17172 1.00203 0.00242593 -0.00119053
2.49664 1.17172 1.00194 0.0022968 -0.0011209
2.51678 1.17172 1.00185 0.00217165 -0.00105412
2.53691 1.17172 1.00176 0.00205034 -0.000990235
2.55705 1.17172 1.00168 0.0019327 -0.000929251
2.57718 1.17172 1.0016 0.00181861 -0.000871142
2.59732 1.17172 1.00153 0.00170791 -0.000815855
2.61745 1.17172 1.00146 0.00160046 -0.000763314
2.63758 1.17172 1.00139 0.00149612 -0.000713415
2.65772 1.17172 1.00133 0.00139475 -0.000666036
2.67785 1.17172 1.00128 0.00129621 -0.000621032
2.69799 1.17172 1.00122 0.00120036 -0.000578238
2.71812 1.17172 1.00117 0.00110706 -0.000537467
2.73826 1.17172 1.00113 0.00101618 -0.000498507
2.75839 1.17172 1.00109 0.000927589 -0.000461125
2.77852 1.17172 1.00105 0.000841144 -0.00042506
2.79866 1.17172 1.00102 0.000756721 -0.000390019
2.81879 1.17172 1.00099 0.000674197 -0.000355678
2.83893 1.17172 1.00096 0.000593451 -0.000321673
2.85906 1.17172 1.00094 0.000514372 -0.000287595
2.87919 1.17172 1.00092 0.000436854 -0.000252987
2.89933 1.17172 1.0009 0.000360801 -0.000217331
2.91946 1.17172 1.00089 0.000286128 -0.000180045
2.9396 1.17172 1.00088 0.000212762 -0.000140469
2.95973 1.17172 1.00088 0.000140643 -9.78551e-05
2.97987 1.17172 1.00088 6.97287e-05 -5.13534e-05
3 1.17172 1.00088 0 0

0 1.19192 1.05017 0 0
0.0201342 1.19192 1.05065 -0.000831601 0.00465711
0.0402685 1.19192 1.05244 -0.00143685 0.00966825
0.0604027 1.19192 1.05425 -0.00171196 0.0148998
0.0805369 1.19192 1.05653 -0.00164692 0.0201998
0.100671 1.19192 1.05883 -0.00125035 0.02544
0.120805 1.19192 1.06116 -0.000570073 0.0305049
0.14094 1.19192 1.06339 0.000338705 0.0353201
0.161074 1.19192 1.06548 0.00141875 0.0398348
0.181208 1.19192 1.06741 0.00261824 0.0440244
0.201342 1.19192 1.06915 0.0038942 0.0478807
0.221477 1.19192 1.07071 0.00521263 0.0514074
0.241611 1.19192 1.07209 0.00654819 0.0546155
0.261745 1.19192 1.0733 0.00788275 0.05752
0.281879 1.19192 1.07436 0.00920406 0.0601376
0.302013 1.19192 1.07526 0.0105043 0.0624851
0.322148 1.19192 1.07603 0.0117792 0.0645785
0.342282 1.19192 1.07667 0.0130265 0.0664329
0.362416 1.19192 1.0772 0.014246 0.0680617
0.38255 1.19192 1.07761 0.0154385 0.0694769
0.402685 1.19192 1.07793 0.0166055 0.0706887
0.422819 1.19192 1.07815 0.017749 0.0717062
0.442953 1.19192 1.07828 0.018871 0.0725366
0.463087 1.19192 1.07832 0.0199738 0.0731862
0.483221 1.19192 1.07828 0.0210597 0.0736598
0.503356 1.19192 1.07816 0.0221306 0.0739609
0.52349 1.19192 1.07797 0.0231886 0.0740921
0.543624 1.19192 1.07769 0.0242352 0.0740548
0.563758 1.19192 1.07734 0.025272 0.0738491
0.583893 1.19192 1.07692 0.0263001 0.0734745
0.604027 1.19192 1.07641 0.0273203 0.0729291
0.624161 1.19192 1.07583 0.028333 0.0722102
0.644295 1.19192 1.07516 0.0293382 0.0713139
0.66443 1.19192 1.0744 0.0303352 0.0702355
0.684564 1.19192 1.07356 0.0313226 0.0689693
0.704698 1.19192 1.07261 0.0322982 0.0675086
0.724832 1.19192 1.07156 0.0332584 0.0658459
0.744966 1.19192 1.0704 0.0341984 0.0639733
0.765101 1.19192 1.06911 0.0351114 0.0618823
0.785235 1.19192 1.06768 0.0359881 0.0595646
0.805369 1.19192 1.06611 0.0368163 0.0570126
0.825503 1.19192 1.06439 0.0375801 0.0542208
0.845638 1.19192 1.06249 0.0382589 0.0511867
0.865772 1.19192 1.06043 0.0388281 0.0479146
0.885906 1.19192 1.05813 0.039255 0.0444141
0.90604 1.19192 1.05576 0.0395082 0.0407145
0.926174 1.19192 1.05303 0.0395432 0.0368458
0.946309 1.19192 1.05045 0.0393326 0.0328854
0.966443 1.19192 1.04739 0.0388375 0.0288857
0.986577 1.19192 1.04478 0.0380536 0.0249843
1.00671 1.19192 1.04179 0.0369937 0.0212429
1.02685 1.19192 1.03935 0.0356933 0.0178058
1.04698 1.19192 1.03703 0.0342416 0.0147142
1.06711 1.19192 1.03505 0.0327048 0.0120036
1.08725 1.19192 1.03332 0.0311509 0.00966687
1.10738 1.19192 1.03182 0.0296281 0.00768042
1.12752 1.19192 1.03053 0.0281709 0.00600828
1.14765 1.19192 1.02941 0.0267996 0.00461049
1.16779 1.19192 1.02842 0.0255241 0.00344735
1.18792 1.19192 1.02755 0.0243472 0.00248215
1.20805 1.19192 1.02676 0.0232661 0.00168243
1.22819 1.19192 1.02604 0.0222756 0.00102025
1.24832 1.19192 1.02538 0.0213684 0.00047206
1.26846 1.19192 1.02475 0.0205367 1.8247e-05
1.28859 1.19192 1.02416 0.0197727 -0.000357384
1.30872 1.19192 1.02359 0.0190689 -0.00066815
1.32886 1.19192 1.02304 0.0184182 -0.000924973
1.34899 1.19192 1.02251 0.0178142 -0.00113681
1.36913 1.19192 1.02198 0.0172512 -0.00131103
1.38926 1.19192 1.02146 0.0167242 -0.00145368
1.4094 1.19192 1.02095 0.0162287 -0.00156976
1.42953 1.19192 1.02044 0.0157608 -0.00166342
1.44966 1.19192 1.01994 0.015317 -0.00173811
1.4698 1.19192 1.01944 0.0148945 -0.00179671
1.48993 1.19192 1.01895 0.0144906 -0.00184166
1.51007 1.19192 1.01845 0.0141033 -0.001875
1.5302 1.19192 1.01796 0.0137306 -0.00189849
1.55034 1.19192 1.01747 0.013371 -0.00191362
1.57047 1.19192 1.01699 0.0130231 -0.00192171
1.5906 1.19192 1.0165 0.0126858 -0.00192389
1.61074 1.19192 1.01602 0.0123582 -0.00192117
1.63087 1.19192 1.01554 0.0120396 -0.00191449
1.65101 1.19192 1.01507 0.0117293 -0.00190467
1.67114 1.19192 1.0146 0.0114269 -0.00189254
1.69128 1.19192 1.01413 0.0111321 -0.00187885
1.71141 1.19192 1.01366 0.0108447 -0.00186438
1.73154 1.19192 1.0132 0.0105645 -0.00184994
1.75168 1.19192 1.01274 0.0102915 -0.00183637
1.77181 1.19192 1.01229 0.0100258 -0.00182457
1.79195 1.19192 1.01184 0.00976727 -0.00181554
1.81208 1.19192 1.01139 0.00951604 -0.00181038
1.83221 1.19192 1.01095 0.00927203 -0.00181031
1.85235 1.19192 1.0105 0.00903504 -0.00181662
1.87248 1.19192 1.01006 0.00880464 -0.00183066
1.89262 1.19192 1.00962 0.00858003 -0.00185371
1.91275 1.19192 1.00918 0.00835996 -0.00188682
1.93289 1.19192 1.00874 0.00814261 -0.00193052
1.95302 1.19192 1.0083 0.0079256 -0.00198443
1.97315 1.19192 1.00786 0.00770611 -0.00204691
1.99329 1.19192 1.00743 0.00748141 -0.00211457
2.01342 1.19192 1.00701 0.0072493 -0.00218268
2.03356 1.19192 1.00661 0.00700932 -0.00224492
2.05369 1.19192 1.00622 0.00676288 -0.00229626
2.07383 1.19192 1.00587 0.00651228 -0.00233296
2.09396 1.19192 1.00554 0.00626024 -0.0023531
2.11409 1.19192 1.00523 0.00600931 -0.00235626
2.13423 1.19192 1.00495 0.00576165 -0.00234317
2.15436 1.19192 1.00468 0.00551888 -0.0023153
2.1745 1.19192 1.00444 0.00528216 -0.00227452
2.19463 1.19192 1.00421 0.0050522 -0.00222281
2.21477 1.19192 1.004 0.00482939 -0.00216217
2.2349 1.19192 1.0038 0.00461388 -0.00209444
2.25503 1.19192 1.00362 0.00440567 -0.00202132
2.27517 1.19192 1.00344 0.00420462 -0.00194427
2.2953 1.19192 1.00327 0.00401056 -0.00186458
2.31544 1.19192 1.00312 0.00382324 -0.00178336
2.33557 1.19192 1.00297 0.00364242 -0.00170152
2.3557 1.19192 1.00283 0.00346785 -0.00161984
2.37584 1.19192 1.00269 0.00329928 -0.00153897
2.39597 1.19192 1.00256 0.00313647 -0.00145942
2.41611 1.19192 1.00244 0.00297918 -0.00138163
2.43624 1.19192 1.00232 0.00282719 -0.00130592
2.45638 1.19192 1.00221 0.00268029 -0.00123255
2.47651 1.19192 1.00211 0.00253827 -0.00116172
2.49664 1.19192 1.00201 0.00240093 -0.00109358
2.51678 1.19192 1.00191 0.00226809 -0.0010282
2.53691 1.19192 1.00182 0.00213955 -0.00096564
2.55705 1.19192 1.00173 0.00201514 -0.000905913
2.57718 1.19192 1.00165 0.00189468 -0.000848999
2.59732 1.19192 1.00158 0.001778 -0.000794851
2.61745 1.19192 1.00151 0.00166493 -0.000743396
2.63758 1.19192 1.00144 0.0015553 -0.000694537
2.65772 1.19192 1.00137 0.00144894 -0.000648156
2.67785 1.19192 1.00131 0.0013457 -0.000604114
2.69799 1.19192 1.00126 0.00124541 -0.000562252
2.71812 1.19192 1.00121 0.00114791 -0.000522387
2.73826 1.19192 1.00116 0.00105306 -0.000484317
2.75839 1.19192 1.00112 0.00096069 -0.000447812
2.77852 1.19192 1.00108 0.000870665 -0.00041262
2.79866 1.19192 1.00104 0.000782838 -0.000378457
2.81879 1.19192 1.00101 0.000697073 -0.000345006
2.83893 1.19192 1.00099 0.000613241 -0.000311914
2.85906 1.19192 1.00096 0.000531219 -0.000278783
2.87919 1.19192 1.00094 0.000450896 -0.000245168
2.89933 1.19192 1.00093 0.00037217 -0.000210566
2.91946 1.19192 1.00092 0.000294954 -0.000174408
2.9396 1.19192 1.00091 0.000219175 -0.000136052
2.95973 1.19192 1.0009 0.000144776 -9.47696e-05
2.97987 1.19192 1.0009 7.17202e-05 -4.97322e-05
3 1.19192 1.00091 0 0

0 1.21212 1.05183 0 0
0.0201342 1.21212 1.05226 -0.000837284 0.00449246
0.0402685 1.21212 1.05371 -0.00148403 0.0092501
0.0604027 1.21212 1.05516 -0.00185691 0.0141771
0.0805369 1.21212 1.05704 -0.00193714 0.0191702
0.100671 1.21212 1.05895 -0.00171973 0.0241251
0.120805 1.21212 1.06092 -0.00123439 0.028949
0.14094 1.21212 1.06285 -0.000518653 0.0335726
0.161074 1.21212 1.06469 0.000382711 0.0379458
0.181208 1.21212 1.06641 0.00142679 0.0420385
0.201342 1.21212 1.068 0.00257493 0.0458351
0.221477 1.21212 1.06943 0.00379461 0.0493317
0.241611 1.21212 1.07072 0.00505971 0.052532
0.261745 1.21212 1.07187 0.00635009 0.055445
0.281879 1.21212 1.07288 0.00765076 0.0580821
0.302013 1.21212 1.07375 0.00895101 0.0604564
0.322148 1.21212 1.0745 0.0102435 0.062581
0.342282 1.21212 1.07513 0.0115236 0.0644686
0.362416 1.21212 1.07565 0.0127885 0.0661312
0.38255 1.21212 1.07606 0.0140369 0.0675798
0.402685 1.21212 1.07638 0.0152685 0.0688238
0.422819 1.21212 1.0766 0.0164838 0.0698719
0.442953 1.21212 1.07674 0.0176835 0.0707313
0.463087 1.21212 1.07679 0.0188688 0.0714079
0.483221 1.21212 1.07675 0.020041 0.0719066
0.503356 1.21212 1.07664 0.0212012 0.0722312
0.52349 1.21212 1.07645 0.0223508 0.0723842
0.543624 1.21212 1.07618 0.0234907 0.0723673
0.563758 1.21212 1.07583 0.0246218 0.072181
0.583893 1.21212 1.0754 0.0257446 0.071825
0.604027 1.21212 1.0749 0.0268594 0.0712977
0.624161 1.21212 1.07431 0.027966 0.0705969
0.644295 1.21212 1.07364 0.0290636 0.0697194
0.66443 1.21212 1.07289 0.0301509 0.068661
0.684564 1.21212 1.07204 0.0312257 0.0674169
0.704698 1.21212 1.0711 0.0322848 0.0659815
0.724832 1.21212 1.07005 0.0333238 0.0643488
0.744966 1.21212 1.0689 0.0343369 0.0625123
0.765101 1.21212 1.06762 0.035316 0.0604657
0.785235 1.21212 1.06623 0.0362511 0.0582034
0.805369 1.21212 1.0647 0.0371292 0.055721
0.825503 1.21212 1.06303 0.0379339 0.0530165
0.845638 1.21212 1.06121 0.0386452 0.0500917
0.865772 1.21212 1.05925 0.0392397 0.0469549
0.885906 1.21212 1.05712 0.0396889 0.0436204
0.90604 1.21212 1.05489 0.0399649 0.0401173
0.926174 1.21212 1.05245 0.0400339 0.0364796
0.946309 1.21212 1.05004 0.0398728 0.0327708
0.966443 1.21212 1.04739 0.0394576 0.0290448
0.986577 1.21212 1.04497 0.0387859 0.0254018
1.00671 1.21212 1.0424 0.0378717 0.021903
1.02685 1.21212 1.04014 0.0367452 0.0186471
1.04698 1.21212 1.03801 0.0354679 0.0156775
1.06711 1.21212 1.03611 0.034094 0.0130266
1.08725 1.21212 1.03443 0.0326785 0.010698
1.10738 1.21212 1.03293 0.0312647 0.00867987
1.12752 1.21212 1.03161 0.0298861 0.0069486
1.14765 1.21212 1.03044 0.0285652 0.00547486
1.16779 1.21212 1.0294 0.0273159 0.00422739
1.18792 1.21212 1.02846 0.0261451 0.00317565
1.20805 1.21212 1.02761 0.0250544 0.00229136
1.22819 1.21212 1.02683 0.0240422 0.00154925
1.24832 1.21212 1.02611 0.0231047 0.000927242
1.26846 1.21212 1.02543 0.0222365 0.000406426
1.28859 1.21212 1.02478 0.0214318 -2.92568e-05
1.30872 1.21212 1.02417 0.0206848 -0.000393323
1.32886 1.21212 1.02357 0.0199896 -0.000697098
1.34899 1.21212 1.023 0.0193406 -0.00095005
1.36913 1.21212 1.02244 0.0187328 -0.00116008
1.38926 1.21212 1.02189 0.0181615 -0.00133381
1.4094 1.21212 1.02135 0.0176225 -0.00147676
1.42953 1.21212 1.02082 0.0171121 -0.00159356
1.44966 1.21212 1.02029 0.016627 -0.00168813
1.4698 1.21212 1.01977 0.0161644 -0.00176375
1.48993 1.21212 1.01926 0.0157216 -0.00182322
1.51007 1.21212 1.01875 0.0152966 -0.00186893
1.5302 1.21212 1.01824 0.0148873 -0.0019029
1.55034 1.21212 1.01774 0.0144923 -0.00192691
1.57047 1.21212 1.01724 0.01411 -0.00194249
1.5906 1.21212 1.01674 0.0137393 -0.00195097
1.61074 1.21212 1.01625 0.0133792 -0.00195355
1.63087 1.21212 1.01577 0.013029 -0.00195131
1.65101 1.21212 1.01528 0.012688 -0.00194523
1.67114 1.21212 1.0148 0.0123555 -0.00193624
1.69128 1.21212 1.01433 0.0120314 -0.00192522
1.71141 1.21212 1.01385 0.0117152 -0.00191302
1.73154 1.21212 1.01339 0.0114067 -0.00190051
1.75168 1.21212 1.01292 0.0111059 -0.00188858
1.77181 1.21212 1.01246 0.0108125 -0.00187814
1.79195 1.21212 1.01201 0.0105264 -0.00187015
1.81208 1.21212 1.01155 0.0102476 -0.00186565
1.83221 1.21212 1.0111 0.00997584 -0.00186571
1.85235 1.21212 1.01066 0.00971068 -0.00187139
1.87248 1.21212 1.01021 0.00945157 -0.00188375
1.89262 1.21212 1.00977 0.00919763 -0.00190366
1.91275 1.21212 1.00933 0.00894764 -0.00193173
1.93289 1.21212 1.0089 0.00869996 -0.00196803
1.95302 1.21212 1.00846 0.00845268 -0.00201188
1.97315 1.21212 1.00804 0.00820368 -0.00206162
1.99329 1.21212 1.00762 0.00795105 -0.00211441
2.01342 1.21212 1.00721 0.00769342 -0.00216654
2.03356 1.21212 1.00681 0.0074306 -0.00221351
2.05369 1.21212 1.00644 0.00716357 -0.00225148
2.07383 1.21212 1.00609 0.00689405 -0.0022775
2.09396 1.21212 1.00575 0.00662417 -0.00228986
2.11409 1.21212 1.00544 0.00635602 -0.00228796
2.13423 1.21212 1.00515 0.00609146 -0.00227215
2.15436 1.21212 1.00488 0.00583201 -0.00224343
2.1745 1.21212 1.00463 0.00557878 -0.00220319
2.19463 1.21212 1.00439 0.00533255 -0.00215303
2.21477 1.21212 1.00417 0.00509379 -0.00209461
2.2349 1.21212 1.00396 0.00486274 -0.00202953
2.25503 1.21212 1.00377 0.00463947 -0.00195928
2.27517 1.21212 1.00358 0.00442393 -0.00188521
2.2953 1.21212 1.00341 0.00421597 -0.00180851
2.31544 1.21212 1.00324 0.00401539 -0.00173021
2.33557 1.21212 1.00308 0.00382197 -0.00165121
2.3557 1.21212 1.00293 0.00363544 -0.00157226
2.37584 1.21212 1.00279 0.00345557 -0.00149398
2.39597 1.21212 1.00266 0.00328208 -0.00141689
2.41611 1.21212 1.00253 0.00311472 -0.00134142
2.43624 1.21212 1.0024 0.00295326 -0.00126791
2.45638 1.21212 1.00229 0.00279744 -0.00119662
2.47651 1.21212 1.00218 0.00264704 -0.00112775
2.49664 1.21212 1.00207 0.00250182 -0.00106145
2.51678 1.21212 1.00197 0.00236157 -0.000997819
2.53691 1.21212 1.00188 0.00222607 -0.000936907
2.55705 1.21212 1.00179 0.00209512 -0.000878737
2.57718 1.21212 1.0017 0.00196851 -0.000823296
2.59732 1.21212 1.00162 0.00184605 -0.000770545
2.61745 1.21212 1.00155 0.00172753 -0.000720416
2.63758 1.21212 1.00148 0.00161277 -0.000672819
2.65772 1.21212 1.00141 0.00150157 -0.000627644
2.67785 1.21212 1.00135 0.00139377 -0.000584757
2.69799 1.21212 1.00129 0.00128916 -0.000544006
2.71812 1.21212 1.00124 0.00118759 -0.000505217
2.73826 1.21212 1.00119 0.00108887 -0.000468193
2.75839 1.21212 1.00115 0.000992839 -0.000432714
2.77852 1.21212 1.00111 0.000899334 -0.000398537
2.79866 1.21212 1.00107 0.000808199 -0.000365387
2.81879 1.21212 1.00104 0.000719285 -0.000332958
2.83893 1.21212 1.00101 0.000632452 -0.000300908
2.85906 1.21212 1.00099 0.000547571 -0.000268854
2.87919 1.21212 1.00097 0.000464522 -0.000236363
2.89933 1.21212 1.00095 0.0003832 -0.00020295
2.91946 1.21212 1.00094 0.000303514 -0.000168063
2.9396 1.21212 1.00093 0.000225392 -0.00013108
2.95973 1.21212 1.00093 0.000148781 -9.12956e-05
2.97987 1.21212 1.00093 7.36491e-05 -4.79061e-05
3 1.21212 1.00093 0 0

0 1.23232 1.05302 0 0
0.0201342 1.23232 1.05347 -0.000839531 0.00434795
0.0402685 1.23232 1.05465 -0.00151226 0.00889012
0.0604027 1.23232 1.05586 -0.00195229 0.0135581
0.0805369 1.23232 1.05743 -0.00213725 0.01828
0.100671 1.23232 1.05903 -0.00205579 0.0229734
0.120805 1.23232 1.06072 -0.00172476 0.0275643
0.14094 1.23232 1.06239 -0.00116903 0.0319912
0.161074 1.23232 1.06401 -0.000422447 0.0362075
0.181208 1.23232 1.06555 0.000480396 0.0401811
0.201342 1.23232 1.06698 0.00150616 0.0438926
0.221477 1.23232 1.0683 0.00262518 0.0473325
0.241611 1.23232 1.0695 0.00381222 0.0504994
0.261745 1.23232 1.07057 0.00504663 0.0533968
0.281879 1.23232 1.07152 0.00631204 0.056032
0.302013 1.23232 1.07236 0.0075959 0.058414
0.322148 1.23232 1.07308 0.00888881 0.0605532
0.342282 1.23232 1.07369 0.010184 0.06246
0.362416 1.23232 1.0742 0.0114767 0.0641445
0.38255 1.23232 1.0746 0.0127637 0.0656164
0.402685 1.23232 1.07492 0.0140432 0.0668844
0.422819 1.23232 1.07514 0.0153141 0.0679562
0.442953 1.23232 1.07528 0.0165758 0.0688388
0.463087 1.23232 1.07533 0.0178285 0.0695378
0.483221 1.23232 1.0753 0.0190723 0.0700581
0.503356 1.23232 1.07519 0.0203077 0.0704032
0.52349 1.23232 1.075 0.0215349 0.070576
0.543624 1.23232 1.07473 0.0227544 0.0705781
0.563758 1.23232 1.07439 0.0239662 0.0704104
0.583893 1.23232 1.07397 0.0251702 0.0700727
0.604027 1.23232 1.07347 0.026366 0.069564
0.624161 1.23232 1.07288 0.0275527 0.0688825
0.644295 1.23232 1.07222 0.0287289 0.0680256
0.66443 1.23232 1.07146 0.0298924 0.0669899
0.684564 1.23232 1.07062 0.0310404 0.0657713
0.704698 1.23232 1.06969 0.0321687 0.0643656
0.724832 1.23232 1.06865 0.0332722 0.0627679
0.744966 1.23232 1.06752 0.0343441 0.0609737
0.765101 1.23232 1.06627 0.0353757 0.0589785
0.785235 1.23232 1.06491 0.0363562 0.0567791
0.805369 1.23232 1.06343 0.0372725 0.054374
0.825503 1.23232 1.06183 0.0381084 0.0517643
0.845638 1.23232 1.06009 0.0388448 0.048955
0.865772 1.23232 1.05824 0.0394604 0.045957
0.885906 1.23232 1.05625 0.0399304 0.0427876
0.90604 1.23232 1.05417 0.0402307 0.0394751
0.926174 1.23232 1.05195 0.0403356 0.0360538
0.946309 1.23232 1.04972 0.0402265 0.032577
0.966443 1.23232 1.04737 0.0398882 0.0290956
0.986577 1.23232 1.04513 0.0393204 0.0256855
1.00671 1.23232 1.04286 0.0385359 0.0224025
1.02685 1.23232 1.04076 0.0375604 0.0193183
1.04698 1.23232 1.03879 0.0364385 0.0164737
1.06711 1.23232 1.03699 0.0352139 0.0138982
1.08725 1.23232 1.03536 0.0339312 0.0116009
1.10738 1.23232 1.03388 0.0326288 0.00957792
1.12752 1.23232 1.03256 0.0313375 0.00781449
1.14765 1.23232 1.03137 0.0300803 0.00628977
1.16779 1.23232 1.03029 0.0288729 0.00497973
1.18792 1.23232 1.0293 0.0277251 0.00385958
1.20805 1.23232 1.0284 0.0266418 0.00290526
1.22819 1.23232 1.02757 0.0256243 0.0020945
1.24832 1.23232 1.0268 0.0246715 0.00140718
1.26846 1.23232 1.02607 0.0237805 0.000825547
1.28859 1.23232 1.02538 0.0229475 0.000334143
1.30872 1.23232 1.02473 0.0221682 -8.03438e-05
1.32886 1.23232 1.0241 0.0214379 -0.000429305
1.34899 1.23232 1.02349 0.0207523 -0.00072244
1.36913 1.23232 1.02289 0.0201068 -0.000967987
1.38926 1.23232 1.02232 0.0194974 -0.00117293
1.4094 1.23232 1.02175 0.0189204 -0.0013432
1.42953 1.23232 1.02119 0.0183724 -0.00148383
1.44966 1.23232 1.02065 0.0178501 -0.0015991
1.4698 1.23232 1.02011 0.017351 -0.00169265
1.48993 1.23232 1.01957 0.0168726 -0.0017676
1.51007 1.23232 1.01905 0.0164127 -0.00182664
1.5302 1.23232 1.01852 0.0159694 -0.00187208
1.55034 1.23232 1.01801 0.0155411 -0.00190591
1.57047 1.23232 1.0175 0.0151265 -0.00192989
1.5906 1.23232 1.01699 0.0147243 -0.00194556
1.61074 1.23232 1.01649 0.0143335 -0.00195427
1.63087 1.23232 1.01599 0.0139533 -0.00195727
1.65101 1.23232 1.0155 0.0135829 -0.00195566
1.67114 1.23232 1.01501 0.0132218 -0.00195049
1.69128 1.23232 1.01452 0.0128695 -0.00194274
1.71141 1.23232 1.01404 0.0125257 -0.00193333
1.73154 1.23232 1.01357 0.01219 -0.00192319
1.75168 1.23232 1.0131 0.0118622 -0.00191322
1.77181 1.23232 1.01263 0.0115422 -0.00190436
1.79195 1.23232 1.01217 0.0112296 -0.00189752
1.81208 1.23232 1.01171 0.0109242 -0.00189366
1.83221 1.23232 1.01126 0.0106257 -0.00189369
1.85235 1.23232 1.01081 0.0103336 -0.00189853
1.87248 1.23232 1.01037 0.0100472 -0.00190894
1.89262 1.23232 1.00993 0.00976565 -0.00192554
1.91275 1.23232 1.00949 0.00948782 -0.00194862
1.93289 1.23232 1.00905 0.00921234 -0.00197798
1.95302 1.23232 1.00863 0.00893765 -0.00201283
1.97315 1.23232 1.00821 0.00866218 -0.00205164
1.99329 1.23232 1.00779 0.00838459 -0.00209208
2.01342 1.23232 1.00739 0.00810403 -0.00213122
2.03356 1.23232 1.00701 0.00782043 -0.00216575
2.05369 1.23232 1.00664 0.00753454 -0.00219272
2.07383 1.23232 1.00628 0.00724769 -0.00220981
2.09396 1.23232 1.00595 0.00696155 -0.00221552
2.11409 1.23232 1.00564 0.00667783 -0.00220925
2.13423 1.23232 1.00534 0.00639812 -0.00219108
2.15436 1.23232 1.00507 0.00612377 -0.00216168
2.1745 1.23232 1.00481 0.00585584 -0.0021221
2.19463 1.23232 1.00456 0.0055951 -0.0020736
2.21477 1.23232 1.00433 0.00534208 -0.00201755
2.2349 1.23232 1.00411 0.00509708 -0.00195532
2.25503 1.23232 1.00391 0.00486022 -0.00188821
2.27517 1.23232 1.00372 0.00463151 -0.00181742
2.2953 1.23232 1.00353 0.00441086 -0.00174405
2.31544 1.23232 1.00336 0.0041981 -0.00166907
2.33557 1.23232 1.00319 0.00399303 -0.0015933
2.3557 1.23232 1.00304 0.0037954 -0.00151748
2.37584 1.23232 1.00289 0.00360498 -0.0014422
2.39597 1.23232 1.00275 0.00342148 -0.00136798
2.41611 1.23232 1.00261 0.00324466 -0.00129523
2.43624 1.23232 1.00248 0.00307425 -0.0012243
2.45638 1.23232 1.00236 0.00290999 -0.00115546
2.47651 1.23232 1.00225 0.00275162 -0.0010889
2.49664 1.23232 1.00214 0.0025989 -0.00102477
2.51678 1.23232 1.00203 0.00245158 -0.000963197
2.53691 1.23232 1.00193 0.00230943 -0.000904226
2.55705 1.23232 1.00184 0.00217221 -0.000847889
2.57718 1.23232 1.00175 0.0020397 -0.000794181
2.59732 1.23232 1.00167 0.00191168 -0.000743067
2.61745 1.23232 1.00159 0.00178793 -0.000694489
2.63758 1.23232 1.00152 0.00166823 -0.000648366
2.65772 1.23232 1.00145 0.00155237 -0.000604592
2.67785 1.23232 1.00139 0.00144017 -0.000563043
2.69799 1.23232 1.00133 0.00133141 -0.000523574
2.71812 1.23232 1.00127 0.0012259 -0.00048602
2.73826 1.23232 1.00122 0.00112345 -0.000450192
2.75839 1.23232 1.00118 0.00102388 -0.000415883
2.77852 1.23232 1.00113 0.000927011 -0.000382856
2.79866 1.23232 1.0011 0.00083268 -0.000350849
2.81879 1.23232 1.00106 0.000740724 -0.000319569
2.83893 1.23232 1.00104 0.000650994 -0.000288687
2.85906 1.23232 1.00101 0.00056335 -0.000257834
2.87919 1.23232 1.00099 0.000477669 -0.000226595
2.89933 1.23232 1.00097 0.000393839 -0.000194502
2.91946 1.23232 1.00096 0.000311769 -0.000161025
2.9396 1.23232 1.00096 0.000231386 -0.000125565
2.95973 1.23232 1.00095 0.00015264 -8.74411e-05
2.97987 1.23232 1.00095 7.55071e-05 -4.58791e-05
3 1.23232 1.00096 0 0

0 1.25253 1.05384 0 0
0.0201342 1.25253 1.05431 -0.000840157 0.00421663
0.0402685 1.25253 1.05531 -0.00152963 0.00857018
0.0604027 1.25253 1.05636 -0.00201619 0.0130128
0.0805369 1.25253 1.05768 -0.00227718 0.0174935
0.100671 1.25253 1.05906 -0.00229884 0.021948
0.120805 1.25253 1.06052 -0.00208937 0.0263175
0.14094 1.25253 1.06198 -0.00166472 0.0305493
0.161074 1.25253 1.06341 -0.00104988 0.0346012
0.181208 1.25253 1.06478 -0.000272137 0.0384419
0.201342 1.25253 1.06608 0.000640539 0.0420501
0.221477 1.25253 1.06728 0.00166199 0.0454132
0.241611 1.25253 1.06839 0.0027688 0.0485257
0.261745 1.25253 1.06939 0.00394091 0.0513872
0.281879 1.25253 1.07028 0.00516161 0.0540012
0.302013 1.25253 1.07107 0.00641735 0.0563735
0.322148 1.25253 1.07176 0.00769742 0.0585117
0.342282 1.25253 1.07235 0.00899352 0.0604239
0.362416 1.25253 1.07284 0.0102994 0.0621184
0.38255 1.25253 1.07324 0.0116103 0.0636034
0.402685 1.25253 1.07354 0.0129229 0.0648866
0.422819 1.25253 1.07376 0.0142348 0.0659748
0.442953 1.25253 1.0739 0.0155443 0.0668745
0.463087 1.25253 1.07395 0.0168503 0.0675909
0.483221 1.25253 1.07392 0.018152 0.0681286
0.503356 1.25253 1.07382 0.0194489 0.0684911
0.52349 1.25253 1.07363 0.0207405 0.0686812
0.543624 1.25253 1.07337 0.0220264 0.0687008
0.563758 1.25253 1.07303 0.0233059 0.0685507
0.583893 1.25253 1.07261 0.0245781 0.0682312
0.604027 1.25253 1.07211 0.025842 0.0677417
0.624161 1.25253 1.07153 0.0270959 0.0670807
0.644295 1.25253 1.07087 0.0283377 0.0662464
0.66443 1.25253 1.07013 0.0295645 0.0652359
0.684564 1.25253 1.0693 0.0307726 0.0640465
0.704698 1.25253 1.06838 0.0319573 0.0626746
0.724832 1.25253 1.06737 0.0331126 0.061117
0.744966 1.25253 1.06625 0.0342312 0.0593706
0.765101 1.25253 1.06504 0.0353039 0.057433
0.785235 1.25253 1.06372 0.0363196 0.0553031
0.805369 1.25253 1.06229 0.0372651 0.0529815
0.825503 1.25253 1.06076 0.0381252 0.050472
0.845638 1.25253 1.05911 0.038882 0.0477819
0.865772 1.25253 1.05736 0.0395161 0.044924
0.885906 1.25253 1.0555 0.0400065 0.0419167
0.90604 1.25253 1.05356 0.0403328 0.0387872
0.926174 1.25253 1.05152 0.0404749 0.0355686
0.946309 1.25253 1.04946 0.0404185 0.0323061
0.966443 1.25253 1.04734 0.0401537 0.0290459
0.986577 1.25253 1.04527 0.0396815 0.0258474
1.00671 1.25253 1.04321 0.0390135 0.0227599
1.02685 1.25253 1.04127 0.0381711 0.0198381
1.04698 1.25253 1.03943 0.037188 0.0171187
1.06711 1.25253 1.03772 0.0360996 0.0146282
1.08725 1.25253 1.03615 0.0349426 0.0123789
1.10738 1.25253 1.0347 0.03375 0.0103714
1.12752 1.25253 1.03339 0.0325498 0.00859767
1.14765 1.25253 1.03218 0.0313642 0.00704331
1.16779 1.25253 1.03108 0.0302096 0.00569028
1.18792 1.25253 1.03007 0.0290975 0.00451883
1.20805 1.25253 1.02913 0.028035 0.00350894
1.22819 1.25253 1.02826 0.0270256 0.00264135
1.24832 1.25253 1.02745 0.0260704 0.00189813
1.26846 1.25253 1.02669 0.0251688 0.001263
1.28859 1.25253 1.02596 0.0243187 0.00072142
1.30872 1.25253 1.02527 0.0235172 0.000260601
1.32886 1.25253 1.0246 0.0227611 -0.000130632
1.34899 1.25253 1.02396 0.0220469 -0.000461967
1.36913 1.25253 1.02334 0.0213709 -0.000741766
1.38926 1.25253 1.02273 0.0207299 -0.00097723
1.4094 1.25253 1.02214 0.0201206 -0.00117455
1.42953 1.25253 1.02156 0.0195398 -0.00133904
1.44966 1.25253 1.021 0.0189849 -0.00147527
1.4698 1.25253 1.02044 0.0184532 -0.00158719
1.48993 1.25253 1.01989 0.0179426 -0.00167818
1.51007 1.25253 1.01934 0.0174509 -0.00175119
1.5302 1.25253 1.0188 0.0169764 -0.00180876
1.55034 1.25253 1.01827 0.0165175 -0.00185311
1.57047 1.25253 1.01775 0.0160728 -0.00188621
1.5906 1.25253 1.01723 0.0156412 -0.00190975
1.61074 1.25253 1.01672 0.0152216 -0.00192528
1.63087 1.25253 1.01621 0.0148131 -0.00193416
1.65101 1.25253 1.01571 0.014415 -0.00193764
1.67114 1.25253 1.01521 0.0140267 -0.00193685
1.69128 1.25253 1.01472 0.0136477 -0.00193287
1.71141 1.25253 1.01423 0.0132776 -0.0019267
1.73154 1.25253 1.01375 0.0129159 -0.0019193
1.75168 1.25253 1.01327 0.0125625 -0.00191161
1.77181 1.25253 1.0128 0.0122169 -0.00190454
1.79195 1.25253 1.01234 0.011879 -0.00189898
1.81208 1.25253 1.01188 0.0115482 -0.00189579
1.83221 1.25253 1.01142 0.0112243 -0.0018958
1.85235 1.25253 1.01097 0.0109066 -0.00189974
1.87248 1.25253 1.01052 0.0105946 -0.00190821
1.89262 1.25253 1.01008 0.0102873 -0.00192161
1.91275 1.25253 1.00964 0.00998379 -0.00194003
1.93289 1.25253 1.00921 0.00968289 -0.00196317
1.95302 1.25253 1.00879 0.00938338 -0.00199022
1.97315 1.25253 1.00837 0.00908409 -0.00201982
1.99329 1.25253 1.00796 0.00878408 -0.00205007
2.01342 1.25253 1.00757 0.00848281 -0.00207868
2.03356 1.25253 1.00718 0.0081803 -0.00210313
2.05369 1.25253 1.00682 0.00787716 -0.00212114
2.07383 1.25253 1.00647 0.00757442 -0.00213087
2.09396 1.25253 1.00613 0.00727341 -0.00213108
2.11409 1.25253 1.00582 0.00697554 -0.00212115
2.13423 1.25253 1.00552 0.00668215 -0.00210107
2.15436 1.25253 1.00524 0.00639443 -0.00207125
2.1745 1.25253 1.00497 0.00611335 -0.00203248
2.19463 1.25253 1.00472 0.00583966 -0.00198576
2.21477 1.25253 1.00448 0.00557388 -0.0019322
2.2349 1.25253 1.00426 0.00531636 -0.00187296
2.25503 1.25253 1.00404 0.00506726 -0.00180917
2.27517 1.25253 1.00384 0.00482665 -0.00174189
2.2953 1.25253 1.00365 0.00459447 -0.00167212
2.31544 1.25253 1.00347 0.00437059 -0.00160073
2.33557 1.25253 1.0033 0.00415483 -0.00152852
2.3557 1.25253 1.00313 0.00394697 -0.00145615
2.37584 1.25253 1.00298 0.00374677 -0.00138421
2.39597 1.25253 1.00283 0.00355398 -0.0013132
2.41611 1.25253 1.00269 0.00336832 -0.00124352
2.43624 1.25253 1.00256 0.00318953 -0.0011755
2.45638 1.25253 1.00243 0.00301733 -0.00110941
2.47651 1.25253 1.00231 0.00285146 -0.00104547
2.49664 1.25253 1.0022 0.00269165 -0.000983821
2.51678 1.25253 1.00209 0.00253764 -0.000924582
2.53691 1.25253 1.00199 0.00238918 -0.000867819
2.55705 1.25253 1.00189 0.002246 -0.000813566
2.57718 1.25253 1.0018 0.00210788 -0.000761826
2.59732 1.25253 1.00171 0.00197456 -0.000712573
2.61745 1.25253 1.00163 0.0018458 -0.000665756
2.63758 1.25253 1.00156 0.00172139 -0.0006213
2.65772 1.25253 1.00149 0.00160108 -0.00057911
2.67785 1.25253 1.00142 0.00148466 -0.00053907
2.69799 1.25253 1.00136 0.00137192 -0.000501044
2.71812 1.25253 1.0013 0.00126263 -0.000464875
2.73826 1.25253 1.00125 0.00115661 -0.000430387
2.75839 1.25253 1.0012 0.00105365 -0.000397381
2.77852 1.25253 1.00116 0.00095356 -0.000365633
2.79866 1.25253 1.00112 0.000856163 -0.000334894
2.81879 1.25253 1.00109 0.000761288 -0.000304883
2.83893 1.25253 1.00106 0.000668776 -0.000275289
2.85906 1.25253 1.00103 0.000578482 -0.000245758
2.87919 1.25253 1.00101 0.000490274 -0.000215893
2.89933 1.25253 1.001 0.000404038 -0.000185248
2.91946 1.25253 1.00098 0.00031968 -0.000153316
2.9396 1.25253 1.00098 0.000237129 -0.000119523
2.95973 1.25253 1.00097 0.000156337 -8.32165e-05
2.97987 1.25253 1.00098 7.7286e-05 -4.36567e-05
3 1.25253 1.00098 0 0

0 1.27273 1.0544 0 0
0.0201342 1.27273 1.05488 -0.000840121 0.00409291
0.0402685 1.27273 1.05575 -0.00154048 0.00827725
0.0604027 1.27273 1.05668 -0.00205965 0.0125199
0.0805369 1.27273 1.05783 -0.00237636 0.0167839
0.100671 1.27273 1.05902 -0.00247649 0.0210199
0.120805 1.27273 1.0603 -0.00236272 0.025181
0.14094 1.27273 1.06158 -0.00204485 0.0292229
0.161074 1.27273 1.06285 -0.00154093 0.0331085
0.181208 1.27273 1.06409 -0.000872182 0.0368083
0.201342 1.27273 1.06526 -6.16128e-05 0.040301
0.221477 1.27273 1.06636 0.000868229 0.0435723
0.241611 1.27273 1.06738 0.00189628 0.046614
0.261745 1.27273 1.06831 0.0030037 0.0494228
0.281879 1.27273 1.06914 0.00417414 0.0519993
0.302013 1.27273 1.06989 0.00539382 0.0543466
0.322148 1.27273 1.07054 0.00665129 0.0564695
0.342282 1.27273 1.0711 0.00793728 0.0583742
0.362416 1.27273 1.07157 0.00924437 0.0600673
0.38255 1.27273 1.07196 0.0105667 0.0615553
0.402685 1.27273 1.07225 0.0118996 0.0628449
0.422819 1.27273 1.07247 0.0132397 0.0639421
0.442953 1.27273 1.0726 0.014584 0.0648525
0.463087 1.27273 1.07265 0.0159305 0.065581
0.483221 1.27273 1.07262 0.0172775 0.0661319
0.503356 1.27273 1.07252 0.0186234 0.0665084
0.52349 1.27273 1.07233 0.0199669 0.0667133
0.543624 1.27273 1.07207 0.0213068 0.0667485
0.563758 1.27273 1.07174 0.0226417 0.0666151
0.583893 1.27273 1.07133 0.02397 0.0663136
0.604027 1.27273 1.07084 0.0252897 0.0658437
0.624161 1.27273 1.07027 0.0265987 0.0652044
0.644295 1.27273 1.06962 0.0278941 0.0643945
0.66443 1.27273 1.06889 0.0291723 0.063412
0.684564 1.27273 1.06807 0.0304289 0.0622549
0.704698 1.27273 1.06717 0.0316586 0.0609209
0.724832 1.27273 1.06618 0.0328549 0.0594079
0.744966 1.27273 1.06509 0.0340099 0.0577144
0.765101 1.27273 1.06392 0.0351143 0.0558397
0.785235 1.27273 1.06264 0.0361569 0.0537843
0.805369 1.27273 1.06127 0.0371251 0.051551
0.825503 1.27273 1.05981 0.0380042 0.0491453
0.845638 1.27273 1.05824 0.0387781 0.0465762
0.865772 1.27273 1.05659 0.0394294 0.0438576
0.885906 1.27273 1.05484 0.0399403 0.0410082
0.90604 1.27273 1.05303 0.0402936 0.0380537
0.926174 1.27273 1.05115 0.0404735 0.0350249
0.946309 1.27273 1.04924 0.0404691 0.0319609
0.966443 1.27273 1.0473 0.040274 0.0289027
0.986577 1.27273 1.04538 0.0398899 0.0258982
1.00671 1.27273 1.04349 0.039327 0.0229901
1.02685 1.27273 1.04168 0.0386033 0.020222
1.04698 1.27273 1.03996 0.0377449 0.0176263
1.06711 1.27273 1.03833 0.0367808 0.0152269
1.08725 1.27273 1.03682 0.0357414 0.013037
1.10738 1.27273 1.03541 0.0346548 0.0110606
1.12752 1.27273 1.03411 0.0335462 0.00929408
1.14765 1.27273 1.03291 0.0324364 0.007728
1.16779 1.27273 1.0318 0.0313417 0.00634913
1.18792 1.27273 1.03076 0.0302743 0.00514202
1.20805 1.27273 1.0298 0.0292427 0.00409031
1.22819 1.27273 1.02891 0.0282521 0.00317763
1.24832 1.27273 1.02806 0.0273055 0.00238828
1.26846 1.27273 1.02727 0.0264037 0.0017076
1.28859 1.27273 1.02651 0.0255464 0.00112219
1.30872 1.27273 1.02578 0.0247321 0.000620002
1.32886 1.27273 1.02509 0.0239586 0.000190294
1.34899 1.27273 1.02442 0.0232235 -0.000176401
1.36913 1.27273 1.02377 0.0225242 -0.000488394
1.38926 1.27273 1.02314 0.0218579 -0.000752942
1.4094 1.27273 1.02253 0.0212218 -0.000976368
1.42953 1.27273 1.02193 0.0206134 -0.00116417
1.44966 1.27273 1.02134 0.0200303 -0.00132112
1.4698 1.27273 1.02076 0.0194702 -0.00145138
1.48993 1.27273 1.02019 0.018931 -0.00155856
1.51007 1.27273 1.01963 0.0184109 -0.00164582
1.5302 1.27273 1.01908 0.0179082 -0.00171589
1.55034 1.27273 1.01854 0.0174214 -0.00177121
1.57047 1.27273 1.018 0.0169491 -0.0018139
1.5906 1.27273 1.01747 0.0164903 -0.00184583
1.61074 1.27273 1.01695 0.0160439 -0.00186868
1.63087 1.27273 1.01643 0.0156091 -0.00188394
1.65101 1.27273 1.01592 0.0151851 -0.00189299
1.67114 1.27273 1.01541 0.0147713 -0.00189705
1.69128 1.27273 1.01491 0.0143671 -0.00189727
1.71141 1.27273 1.01442 0.0139722 -0.00189471
1.73154 1.27273 1.01393 0.013586 -0.00189038
1.75168 1.27273 1.01345 0.0132083 -0.00188523
1.77181 1.27273 1.01297 0.0128385 -0.00188017
1.79195 1.27273 1.0125 0.0124765 -0.00187604
1.81208 1.27273 1.01204 0.0121218 -0.00187365
1.83221 1.27273 1.01157 0.0117739 -0.00187372
1.85235 1.27273 1.01112 0.0114323 -0.00187688
1.87248 1.27273 1.01067 0.0110964 -0.00188359
1.89262 1.27273 1.01023 0.0107653 -0.0018941
1.91275 1.27273 1.00979 0.0104382 -0.00190841
1.93289 1.27273 1.00936 0.0101141 -0.00192616
1.95302 1.27273 1.00894 0.00979211 -0.00194661
1.97315 1.27273 1.00853 0.00947135 -0.00196858
1.99329 1.27273 1.00812 0.00915114 -0.00199054
2.01342 1.27273 1.00773 0.00883115 -0.00201066
2.03356 1.27273 1.00735 0.00851144 -0.00202702
2.05369 1.27273 1.00698 0.00819251 -0.00203784
2.07383 1.27273 1.00663 0.00787522 -0.00204165
2.09396 1.27273 1.0063 0.00756061 -0.00203742
2.11409 1.27273 1.00598 0.00724986 -0.0020246
2.13423 1.27273 1.00568 0.00694408 -0.00200309
2.15436 1.27273 1.00539 0.00664432 -0.00197316
2.1745 1.27273 1.00512 0.00635144 -0.00193539
2.19463 1.27273 1.00486 0.00606615 -0.00189057
2.21477 1.27273 1.00462 0.00578896 -0.00183961
2.2349 1.27273 1.00439 0.00552023 -0.00178348
2.25503 1.27273 1.00417 0.00526016 -0.00172315
2.27517 1.27273 1.00396 0.00500882 -0.00165955
2.2953 1.27273 1.00376 0.00476621 -0.00159357
2.31544 1.27273 1.00357 0.00453223 -0.00152601
2.33557 1.27273 1.0034 0.00430673 -0.00145759
2.3557 1.27273 1.00323 0.0040895 -0.00138894
2.37584 1.27273 1.00307 0.00388032 -0.00132061
2.39597 1.27273 1.00291 0.00367895 -0.00125308
2.41611 1.27273 1.00277 0.00348511 -0.00118674
2.43624 1.27273 1.00263 0.00329853 -0.00112192
2.45638 1.27273 1.0025 0.00311894 -0.00105887
2.47651 1.27273 1.00237 0.00294605 -0.000997811
2.49664 1.27273 1.00226 0.0027796 -0.000938898
2.51678 1.27273 1.00214 0.00261931 -0.000882245
2.53691 1.27273 1.00204 0.0024649 -0.000827928
2.55705 1.27273 1.00194 0.00231611 -0.000775986
2.57718 1.27273 1.00184 0.00217268 -0.000726429
2.59732 1.27273 1.00175 0.00203435 -0.000679239
2.61745 1.27273 1.00167 0.00190086 -0.000634373
2.63758 1.27273 1.00159 0.00177197 -0.000591764
2.65772 1.27273 1.00152 0.00164744 -0.000551327
2.67785 1.27273 1.00145 0.00152702 -0.000512954
2.69799 1.27273 1.00139 0.00141049 -0.000476519
2.71812 1.27273 1.00133 0.00129762 -0.000441877
2.73826 1.27273 1.00128 0.0011882 -0.000408861
2.75839 1.27273 1.00123 0.00108201 -0.000377284
2.77852 1.27273 1.00118 0.000978847 -0.000346936
2.79866 1.27273 1.00115 0.00087853 -0.000317582
2.81879 1.27273 1.00111 0.000780875 -0.000288956
2.83893 1.27273 1.00108 0.000685713 -0.000260761
2.85906 1.27273 1.00106 0.000592892 -0.000232666
2.87919 1.27273 1.00103 0.000502277 -0.000204292
2.89933 1.27273 1.00102 0.000413748 -0.000175217
2.91946 1.27273 1.00101 0.000327211 -0.000144958
2.9396 1.27273 1.001 0.000242594 -0.00011297
2.95973 1.27273 1.001 0.000159854 -7.86345e-05
2.97987 1.27273 1.001 7.89776e-05 -4.12452e-05
3 1.27273 1.001 0 0

0 1.29293 1.05474 0 0
0.0201342 1.29293 1.05524 -0.000839885 0.00397372
0.0402685 1.29293 1.05602 -0.00154746 0.00800281
0.0604027 1.29293 1.05686 -0.00208979 0.0120645
0.0805369 1.29293 1.05787 -0.00244773 0.0161319
0.100671 1.29293 1.05893 -0.00260793 0.020167
0.120805 1.29293 1.06006 -0.00256969 0.0241325
0.14094 1.29293 1.0612 -0.00233863 0.0279916
0.161074 1.29293 1.06233 -0.00192756 0.0317122
0.181208 1.29293 1.06344 -0.00135282 0.0352676
0.201342 1.29293 1.06451 -0.000633073 0.0386371
0.221477 1.29293 1.06551 0.000212567 0.0418059
0.241611 1.29293 1.06645 0.00116552 0.0447644
0.261745 1.29293 1.06731 0.00220854 0.0475072
0.281879 1.29293 1.06809 0.00332613 0.0500325
0.302013 1.29293 1.06879 0.00450473 0.0523413
0.322148 1.29293 1.06941 0.00573268 0.0544364
0.342282 1.29293 1.06994 0.00700017 0.0563219
0.362416 1.29293 1.07039 0.00829899 0.0580028
0.38255 1.29293 1.07076 0.00962241 0.0594843
0.402685 1.29293 1.07104 0.0109649 0.0607719
0.422819 1.29293 1.07125 0.0123219 0.0618707
0.442953 1.29293 1.07137 0.0136897 0.0627856
0.463087 1.29293 1.07142 0.0150652 0.0635209
0.483221 1.29293 1.07139 0.0164457 0.0640805
0.503356 1.29293 1.07129 0.0178291 0.0644676
0.52349 1.29293 1.07111 0.019213 0.0646847
0.543624 1.29293 1.07085 0.0205954 0.0647337
0.563758 1.29293 1.07052 0.0219743 0.0646159
0.583893 1.29293 1.07012 0.0233473 0.064332
0.604027 1.29293 1.06964 0.0247118 0.063882
0.624161 1.29293 1.06908 0.0260648 0.0632655
0.644295 1.29293 1.06844 0.0274028 0.0624818
0.66443 1.29293 1.06772 0.0287216 0.0615297
0.684564 1.29293 1.06693 0.0300163 0.0604079
0.704698 1.29293 1.06605 0.0312811 0.0591153
0.724832 1.29293 1.06508 0.032509 0.057651
0.744966 1.29293 1.06403 0.0336919 0.0560146
0.765101 1.29293 1.06289 0.0348203 0.0542069
0.785235 1.29293 1.06167 0.0358834 0.05223
0.805369 1.29293 1.06035 0.0368689 0.0500883
0.825503 1.29293 1.05895 0.0377634 0.0477884
0.845638 1.29293 1.05747 0.0385521 0.0453407
0.865772 1.29293 1.05591 0.0392198 0.0427592
0.885906 1.29293 1.05427 0.0397511 0.0400627
0.90604 1.29293 1.05257 0.0401319 0.037275
0.926174 1.29293 1.05082 0.0403496 0.0344244
0.946309 1.29293 1.04905 0.0403958 0.031545
0.966443 1.29293 1.04725 0.0402663 0.0286728
0.986577 1.29293 1.04547 0.0399633 0.0258473
1.00671 1.29293 1.04372 0.0394957 0.0231056
1.02685 1.29293 1.04202 0.0388785 0.0204833
1.04698 1.29293 1.0404 0.0381327 0.0180089
1.06711 1.29293 1.03885 0.0372821 0.0157038
1.08725 1.29293 1.03739 0.036352 0.0135816
1.10738 1.29293 1.03603 0.0353666 0.011648
1.12752 1.29293 1.03475 0.034348 0.00990258
1.14765 1.29293 1.03355 0.0333155 0.0083396
1.16779 1.29293 1.03244 0.0322848 0.00694965
1.18792 1.29293 1.0314 0.0312683 0.00572087
1.20805 1.29293 1.03042 0.0302751 0.00464006
1.22819 1.29293 1.0295 0.0293118 0.00369354
1.24832 1.29293 1.02863 0.0283824 0.00286775
1.26846 1.29293 1.02781 0.0274893 0.00214971
1.28859 1.29293 1.02703 0.0266334 0.00152725
1.30872 1.29293 1.02628 0.0258144 0.000989212
1.32886 1.29293 1.02556 0.0250313 0.000525458
1.34899 1.29293 1.02486 0.0242827 0.000126892
1.36913 1.29293 1.02419 0.0235665 -0.000214592
1.38926 1.29293 1.02354 0.0228809 -0.000506176
1.4094 1.29293 1.0229 0.0222237 -0.000754197
1.42953 1.29293 1.02228 0.0215927 -0.000964231
1.44966 1.29293 1.02168 0.020986 -0.00114118
1.4698 1.29293 1.02108 0.0204016 -0.00128934
1.48993 1.29293 1.0205 0.0198377 -0.00141248
1.51007 1.29293 1.01992 0.0192925 -0.00151393
1.5302 1.29293 1.01936 0.0187647 -0.0015966
1.55034 1.29293 1.0188 0.0182528 -0.00166306
1.57047 1.29293 1.01825 0.0177556 -0.00171559
1.5906 1.29293 1.01771 0.017272 -0.00175621
1.61074 1.29293 1.01717 0.0168011 -0.00178671
1.63087 1.29293 1.01665 0.016342 -0.00180872
1.65101 1.29293 1.01613 0.015894 -0.00182369
1.67114 1.29293 1.01561 0.0154565 -0.00183294
1.69128 1.29293 1.0151 0.0150288 -0.00183769
1.71141 1.29293 1.0146 0.0146107 -0.00183906
1.73154 1.29293 1.01411 0.0142015 -0.00183808
1.75168 1.29293 1.01362 0.0138009 -0.00183571
1.77181 1.29293 1.01314 0.0134086 -0.00183286
1.79195 1.29293 1.01266 0.013024 -0.00183035
1.81208 1.29293 1.01219 0.0126469 -0.00182893
1.83221 1.29293 1.01173 0.0122766 -0.00182925
1.85235 1.29293 1.01127 0.0119128 -0.00183185
1.87248 1.29293 1.01082 0.0115547 -0.00183709
1.89262 1.29293 1.01038 0.0112017 -0.00184517
1.91275 1.29293 1.00994 0.010853 -0.00185602
1.93289 1.29293 1.00951 0.0105079 -0.00186928
1.95302 1.29293 1.00909 0.0101656 -0.00188428
1.97315 1.29293 1.00868 0.00982547 -0.00190007
1.99329 1.29293 1.00827 0.00948705 -0.00191537
2.01342 1.29293 1.00788 0.00915011 -0.00192875
2.03356 1.29293 1.00751 0.00881478 -0.00193872
2.05369 1.29293 1.00714 0.00848147 -0.00194388
2.07383 1.29293 1.00679 0.00815088 -0.00194305
2.09396 1.29293 1.00646 0.00782386 -0.00193539
2.11409 1.29293 1.00613 0.00750137 -0.00192042
2.13423 1.29293 1.00583 0.00718437 -0.00189799
2.15436 1.29293 1.00554 0.00687376 -0.0018683
2.1745 1.29293 1.00526 0.0065703 -0.00183176
2.19463 1.29293 1.005 0.00627463 -0.00178899
2.21477 1.29293 1.00475 0.00598724 -0.00174074
2.2349 1.29293 1.00451 0.00570849 -0.00168782
2.25503 1.29293 1.00429 0.00543858 -0.00163105
2.27517 1.29293 1.00407 0.00517763 -0.00157126
2.2953 1.29293 1.00387 0.00492564 -0.00150922
2.31544 1.29293 1.00367 0.00468254 -0.00144565
2.33557 1.29293 1.00349 0.00444821 -0.00138121
2.3557 1.29293 1.00331 0.00422247 -0.00131648
2.37584 1.29293 1.00315 0.0040051 -0.00125199
2.39597 1.29293 1.00299 0.00379587 -0.00118817
2.41611 1.29293 1.00284 0.00359451 -0.00112541
2.43624 1.29293 1.0027 0.00340075 -0.00106401
2.45638 1.29293 1.00256 0.00321432 -0.00100423
2.47651 1.29293 1.00243 0.00303494 -0.000946286
2.49664 1.29293 1.00231 0.00286232 -0.000890331
2.51678 1.29293 1.0022 0.00269617 -0.000836482
2.53691 1.29293 1.00209 0.00253622 -0.00078482
2.55705 1.29293 1.00198 0.00238218 -0.000735389
2.57718 1.29293 1.00189 0.00223378 -0.000688206
2.59732 1.29293 1.00179 0.00209075 -0.00064326
2.61745 1.29293 1.00171 0.00195282 -0.000600516
2.63758 1.29293 1.00163 0.00181972 -0.000559917
2.65772 1.29293 1.00155 0.00169121 -0.000521386
2.67785 1.29293 1.00148 0.00156703 -0.000484824
2.69799 1.29293 1.00142 0.00144693 -0.000450118
2.71812 1.29293 1.00136 0.00133068 -0.000417131
2.73826 1.29293 1.0013 0.00121804 -0.000385709
2.75839 1.29293 1.00125 0.0011088 -0.000355679
2.77852 1.29293 1.00121 0.00100274 -0.000326843
2.79866 1.29293 1.00117 0.000899669 -0.000298982
2.81879 1.29293 1.00113 0.000799385 -0.000271847
2.83893 1.29293 1.0011 0.000701719 -0.000245159
2.85906 1.29293 1.00108 0.00060651 -0.000218606
2.87919 1.29293 1.00105 0.000513618 -0.000191834
2.89933 1.29293 1.00104 0.000422922 -0.000164443
2.91946 1.29293 1.00102 0.000334324 -0.000135979
2.9396 1.29293 1.00102 0.000247755 -0.00010593
2.95973 1.29293 1.00101 0.000163174 -7.37096e-05
2.97987 1.29293 1.00102 8.05739e-05 -3.86524e-05
3 1.29293 1.00102 0 0

0 1.31313 1.05492 0 0
0.0201342 1.31313 1.05543 -0.00083968 0.00385709
0.0402685 1.31313 1.05615 -0.00155215 0.00774101
0.0604027 1.31313 1.05692 -0.00211119 0.0116363
0.0805369 1.31313 1.05783 -0.00250005 0.0155231
0.100671 1.31313 1.05878 -0.00270661 0.0193723
0.120805 1.31313 1.05979 -0.00272828 0.0231542
0.14094 1.31313 1.06081 -0.0025679 0.0268383
0.161074 1.31313 1.06183 -0.00223443 0.0303974
0.181208 1.31313 1.06284 -0.00174034 0.0338076
0.201342 1.31313 1.06381 -0.00110063 0.0370496
0.221477 1.31313 1.06473 -0.000331331 0.0401088
0.241611 1.31313 1.06559 0.000551393 0.0429749
0.261745 1.31313 1.06639 0.00153204 0.0456411
0.281879 1.31313 1.06712 0.00259623 0.0481043
0.302013 1.31313 1.06777 0.00373096 0.0503634
0.322148 1.31313 1.06835 0.00492473 0.0524197
0.342282 1.31313 1.06886 0.0061675 0.0542756
0.362416 1.31313 1.06928 0.00745065 0.0559346
0.38255 1.31313 1.06963 0.00876682 0.0574008
0.402685 1.31313 1.0699 0.0101097 0.0586785
0.422819 1.31313 1.0701 0.0114741 0.0597719
0.442953 1.31313 1.07022 0.0128554 0.0606851
0.463087 1.31313 1.07026 0.0142497 0.0614221
0.483221 1.31313 1.07023 0.0156535 0.0619862
0.503356 1.31313 1.07013 0.0170638 0.0623803
0.52349 1.31313 1.06996 0.0184776 0.0626069
0.543624 1.31313 1.06971 0.0198921 0.0626678
0.563758 1.31313 1.06938 0.0213046 0.0625644
0.583893 1.31313 1.06898 0.0227118 0.0622976
0.604027 1.31313 1.06851 0.0241108 0.0618679
0.624161 1.31313 1.06797 0.0254977 0.0612751
0.644295 1.31313 1.06734 0.0268684 0.0605191
0.66443 1.31313 1.06664 0.0282184 0.0595994
0.684564 1.31313 1.06587 0.0295421 0.0585156
0.704698 1.31313 1.06501 0.0308333 0.0572674
0.724832 1.31313 1.06408 0.0320847 0.0558549
0.744966 1.31313 1.06306 0.0332882 0.054279
0.765101 1.31313 1.06196 0.0344343 0.0525417
0.785235 1.31313 1.06078 0.0355126 0.0506462
0.805369 1.31313 1.05953 0.0365116 0.048598
0.825503 1.31313 1.05819 0.0374185 0.0464049
0.845638 1.31313 1.05678 0.0382204 0.0440775
0.865772 1.31313 1.0553 0.0389038 0.0416303
0.885906 1.31313 1.05376 0.0394555 0.0390811
0.90604 1.31313 1.05217 0.0398637 0.0364521
0.926174 1.31313 1.05053 0.0401184 0.0337692
0.946309 1.31313 1.04888 0.0402132 0.031062
0.966443 1.31313 1.0472 0.0401452 0.0283622
0.986577 1.31313 1.04554 0.0399169 0.0257033
1.00671 1.31313 1.0439 0.039536 0.023117
1.02685 1.31313 1.04231 0.0390151 0.0206334
1.04698 1.31313 1.04077 0.0383713 0.0182773
1.06711 1.31313 1.03929 0.0376245 0.0160683
1.08725 1.31313 1.03789 0.0367957 0.0140193
1.10738 1.31313 1.03656 0.0359059 0.0121373
1.12752 1.31313 1.03531 0.0349745 0.010424
1.14765 1.31313 1.03413 0.034019 0.00887629
1.16779 1.31313 1.03302 0.0330543 0.0074878
1.18792 1.31313 1.03197 0.0320925 0.00624961
1.20805 1.31313 1.03099 0.0311431 0.00515124
1.22819 1.31313 1.03005 0.0302132 0.00418137
1.24832 1.31313 1.02917 0.0293081 0.00332848
1.26846 1.31313 1.02832 0.0284309 0.00258118
1.28859 1.31313 1.02752 0.0275837 0.0019286
1.30872 1.31313 1.02675 0.0267672 0.00136055
1.32886 1.31313 1.02601 0.0259814 0.00086758
1.34899 1.31313 1.02529 0.0252257 0.000441096
1.36913 1.31313 1.0246 0.0244989 7.33092e-05
1.38926 1.31313 1.02392 0.0237997 -0.000242776
1.4094 1.31313 1.02327 0.0231266 -0.00051341
1.42953 1.31313 1.02263 0.0224779 -0.000744158
1.44966 1.31313 1.02201 0.0218521 -0.000939959
1.4698 1.31313 1.02139 0.0212475 -0.00110519
1.48993 1.31313 1.02079 0.0206625 -0.00124373
1.51007 1.31313 1.02021 0.0200958 -0.00135901
1.5302 1.31313 1.01963 0.0195461 -0.00145407
1.55034 1.31313 1.01906 0.019012 -0.00153161
1.57047 1.31313 1.01849 0.0184925 -0.00159401
1.5906 1.31313 1.01794 0.0179867 -0.00164342
1.61074 1.31313 1.0174 0.0174935 -0.00168175
1.63087 1.31313 1.01686 0.0170123 -0.0017107
1.65101 1.31313 1.01633 0.0165423 -0.00173182
1.67114 1.31313 1.01581 0.016083 -0.00174651
1.69128 1.31313 1.01529 0.0156338 -0.00175603
1.71141 1.31313 1.01478 0.0151941 -0.00176156
1.73154 1.31313 1.01428 0.0147636 -0.00176415
1.75168 1.31313 1.01379 0.0143419 -0.00176478
1.77181 1.31313 1.0133 0.0139285 -0.00176435
1.79195 1.31313 1.01282 0.013523 -0.00176366
1.81208 1.31313 1.01234 0.013125 -0.00176341
1.83221 1.31313 1.01188 0.0127341 -0.00176422
1.85235 1.31313 1.01142 0.0123497 -0.00176656
1.87248 1.31313 1.01096 0.0119713 -0.00177075
1.89262 1.31313 1.01052 0.0115982 -0.00177691
1.91275 1.31313 1.01008 0.01123 -0.00178498
1.93289 1.31313 1.00965 0.0108658 -0.00179464
1.95302 1.31313 1.00923 0.0105052 -0.00180531
1.97315 1.31313 1.00882 0.0101476 -0.00181619
1.99329 1.31313 1.00842 0.00979279 -0.00182628
2.01342 1.31313 1.00803 0.00944058 -0.00183443
2.03356 1.31313 1.00765 0.0090911 -0.00183947
2.05369 1.31313 1.00729 0.00874472 -0.0018403
2.07383 1.31313 1.00694 0.00840202 -0.00183597
2.09396 1.31313 1.0066 0.00806371 -0.00182581
2.11409 1.31313 1.00628 0.00773058 -0.00180939
2.13423 1.31313 1.00597 0.00740344 -0.00178657
2.15436 1.31313 1.00567 0.00708305 -0.00175747
2.1745 1.31313 1.00539 0.0067701 -0.0017224
2.19463 1.31313 1.00512 0.00646516 -0.00168186
2.21477 1.31313 1.00487 0.00616868 -0.00163644
2.2349 1.31313 1.00463 0.005881 -0.00158682
2.25503 1.31313 1.00439 0.00560233 -0.00153371
2.27517 1.31313 1.00418 0.00533279 -0.00147782
2.2953 1.31313 1.00397 0.00507241 -0.00141982
2.31544 1.31313 1.00377 0.00482114 -0.00136037
2.33557 1.31313 1.00358 0.00457887 -0.00130006
2.3557 1.31313 1.0034 0.00434544 -0.00123942
2.37584 1.31313 1.00323 0.00412065 -0.00117893
2.39597 1.31313 1.00306 0.00390428 -0.001119
2.41611 1.31313 1.00291 0.00369607 -0.00106
2.43624 1.31313 1.00276 0.00349576 -0.00100221
2.45638 1.31313 1.00262 0.00330307 -0.000945904
2.47651 1.31313 1.00249 0.00311772 -0.000891267
2.49664 1.31313 1.00236 0.00293941 -0.00083846
2.51678 1.31313 1.00224 0.00276786 -0.000787602
2.53691 1.31313 1.00213 0.00260278 -0.000738775
2.55705 1.31313 1.00203 0.00244388 -0.000692029
2.57718 1.31313 1.00193 0.00229087 -0.000647388
2.59732 1.31313 1.00183 0.00214347 -0.000604846
2.61745 1.31313 1.00174 0.0020014 -0.000564377
2.63758 1.31313 1.00166 0.00186439 -0.000525933
2.65772 1.31313 1.00158 0.00173217 -0.000489444
2.67785 1.31313 1.00151 0.00160447 -0.000454825
2.69799 1.31313 1.00144 0.00148104 -0.000421969
2.71812 1.31313 1.00138 0.00136163 -0.000390754
2.73826 1.31313 1.00133 0.00124599 -0.000361039
2.75839 1.31313 1.00128 0.0011339 -0.000332661
2.77852 1.31313 1.00123 0.00102513 -0.000305441
2.79866 1.31313 1.00119 0.00091947 -0.000279173
2.81879 1.31313 1.00115 0.000816725 -0.000253627
2.83893 1.31313 1.00112 0.000716712 -0.000228544
2.85906 1.31313 1.00109 0.000619267 -0.000203633
2.87919 1.31313 1.00107 0.000524241 -0.000178564
2.89933 1.31313 1.00106 0.000431514 -0.000152965
2.91946 1.31313 1.00104 0.000340985 -0.000126413
2.9396 1.31313 1.00104 0.000252586 -9.84262e-05
2.95973 1.31313 1.00103 0.000166281 -6.84587e-05
2.97987 1.31313 1.00104 8.20672e-05 -3.58869e-05
3 1.31313 1.00104 0 0

0 1.33333 1.05497 0 0
0.0201342 1.33333 1.05549 -0.00083962 0.00374179
0.0402685 1.33333 1.05617 -0.00155555 0.00748789
0.0604027 1.33333 1.05689 -0.0021269 0.0112279
0.0805369 1.33333 1.05772 -0.00253931 0.014947
0.100671 1.33333 1.05858 -0.00278206 0.0186229
0.120805 1.33333 1.05949 -0.00285162 0.0222319
0.14094 1.33333 1.06042 -0.00274906 0.0257491
0.161074 1.33333 1.06135 -0.00248054 0.0291512
0.181208 1.33333 1.06226 -0.00205552 0.0324173
0.201342 1.33333 1.06315 -0.00148601 0.0355299
0.221477 1.33333 1.06399 -0.000785363 0.038475
0.241611 1.33333 1.06479 3.25043e-05 0.0412422
0.261745 1.33333 1.06553 0.000953825 0.043824
0.281879 1.33333 1.06621 0.00196545 0.0462161
0.302013 1.33333 1.06682 0.00305515 0.0484164
0.322148 1.33333 1.06737 0.0042118 0.0504246
0.342282 1.33333 1.06784 0.00542544 0.0522419
0.362416 1.33333 1.06825 0.00668725 0.0538706
0.38255 1.33333 1.06858 0.00798949 0.0553134
0.402685 1.33333 1.06883 0.00932539 0.0565739
0.422819 1.33333 1.06902 0.010689 0.0576553
0.442953 1.33333 1.06913 0.0120752 0.0585613
0.463087 1.33333 1.06918 0.0134794 0.0592949
0.483221 1.33333 1.06915 0.0148973 0.0598593
0.503356 1.33333 1.06904 0.0163252 0.060257
0.52349 1.33333 1.06887 0.0177595 0.0604904
0.543624 1.33333 1.06863 0.0191966 0.0605613
0.563758 1.33333 1.06831 0.0206331 0.0604712
0.583893 1.33333 1.06792 0.0220654 0.060221
0.604027 1.33333 1.06746 0.0234894 0.0598115
0.624161 1.33333 1.06693 0.0249012 0.0592431
0.644295 1.33333 1.06632 0.026296 0.0585161
0.66443 1.33333 1.06564 0.0276686 0.0576306
0.684564 1.33333 1.06489 0.0290132 0.0565869
0.704698 1.33333 1.06406 0.0303233 0.0553855
0.724832 1.33333 1.06315 0.0315915 0.0540275
0.744966 1.33333 1.06217 0.0328095 0.0525147
0.765101 1.33333 1.06111 0.0339682 0.0508499
0.785235 1.33333 1.05998 0.0350574 0.0490376
0.805369 1.33333 1.05878 0.0360664 0.0470839
0.825503 1.33333 1.05751 0.0369837 0.0449972
0.845638 1.33333 1.05617 0.0377974 0.0427886
0.865772 1.33333 1.05477 0.0384957 0.0404719
0.885906 1.33333 1.05331 0.0390674 0.0380644
0.90604 1.33333 1.05181 0.0395026 0.0355864
0.926174 1.33333 1.05028 0.0397932 0.0330615
0.946309 1.33333 1.04872 0.0399341 0.0305158
0.966443 1.33333 1.04716 0.0399236 0.027977
0.986577 1.33333 1.0456 0.039764 0.0254737
1.00671 1.33333 1.04405 0.0394622 0.0230335
1.02685 1.33333 1.04255 0.0390286 0.0206821
1.04698 1.33333 1.04108 0.0384776 0.0184414
1.06711 1.33333 1.03967 0.0378257 0.0163288
1.08725 1.33333 1.03832 0.0370908 0.0143568
1.10738 1.33333 1.03703 0.0362908 0.0125331
1.12752 1.33333 1.03581 0.0354429 0.0108604
1.14765 1.33333 1.03464 0.0345629 0.00933792
1.16779 1.33333 1.03354 0.0336645 0.00796146
1.18792 1.33333 1.0325 0.0327595 0.0067245
1.20805 1.33333 1.0315 0.0318574 0.00561884
1.22819 1.33333 1.03056 0.0309657 0.00463525
1.24832 1.33333 1.02966 0.0300901 0.00376401
1.26846 1.33333 1.0288 0.0292346 0.00299529
1.28859 1.33333 1.02798 0.0284021 0.00231946
1.30872 1.33333 1.02719 0.0275942 0.00172731
1.32886 1.33333 1.02643 0.0268117 0.00121018
1.34899 1.33333 1.0257 0.0260548 0.000760024
1.36913 1.33333 1.02499 0.0253229 0.000369462
1.38926 1.33333 1.02429 0.0246154 3.17742e-05
1.4094 1.33333 1.02362 0.0239314 -0.00025912
1.42953 1.33333 1.02297 0.0232697 -0.000508695
1.44966 1.33333 1.02233 0.022629 -0.000721862
1.4698 1.33333 1.0217 0.0220082 -0.000903014
1.48993 1.33333 1.02108 0.0214059 -0.00105607
1.51007 1.33333 1.02048 0.0208211 -0.00118454
1.5302 1.33333 1.01989 0.0202526 -0.00129153
1.55034 1.33333 1.01931 0.0196993 -0.00137984
1.57047 1.33333 1.01873 0.0191603 -0.00145195
1.5906 1.33333 1.01817 0.0186348 -0.00151008
1.61074 1.33333 1.01761 0.0181218 -0.00155623
1.63087 1.33333 1.01707 0.0176207 -0.00159218
1.65101 1.33333 1.01653 0.0171309 -0.00161955
1.67114 1.33333 1.016 0.0166517 -0.00163981
1.69128 1.33333 1.01548 0.0161827 -0.00165426
1.71141 1.33333 1.01496 0.0157234 -0.00166411
1.73154 1.33333 1.01445 0.0152733 -0.00167045
1.75168 1.33333 1.01395 0.0148321 -0.00167426
1.77181 1.33333 1.01346 0.0143994 -0.00167644
1.79195 1.33333 1.01297 0.0139746 -0.00167777
1.81208 1.33333 1.01249 0.0135576 -0.00167894
1.83221 1.33333 1.01202 0.0131477 -0.00168052
1.85235 1.33333 1.01156 0.0127445 -0.00168294
1.87248 1.33333 1.0111 0.0123476 -0.0016865
1.89262 1.33333 1.01066 0.0119564 -0.00169131
1.91275 1.33333 1.01022 0.0115704 -0.0016973
1.93289 1.33333 1.00979 0.011189 -0.00170421
1.95302 1.33333 1.00937 0.0108119 -0.00171157
1.97315 1.33333 1.00895 0.0104387 -0.00171872
1.99329 1.33333 1.00855 0.0100692 -0.00172485
2.01342 1.33333 1.00816 0.0097032 -0.00172907
2.03356 1.33333 1.00779 0.00934097 -0.00173044
2.05369 1.33333 1.00742 0.00898279 -0.0017281
2.07383 1.33333 1.00707 0.00862914 -0.00172129
2.09396 1.33333 1.00673 0.00828061 -0.00170947
2.11409 1.33333 1.00641 0.00793787 -0.00169227
2.13423 1.33333 1.00609 0.0076016 -0.00166957
2.15436 1.33333 1.0058 0.00727246 -0.00164143
2.1745 1.33333 1.00551 0.00695104 -0.00160809
2.19463 1.33333 1.00524 0.00663784 -0.00156994
2.21477 1.33333 1.00498 0.00633329 -0.00152748
2.2349 1.33333 1.00473 0.00603769 -0.00148126
2.25503 1.33333 1.0045 0.00575125 -0.00143189
2.27517 1.33333 1.00427 0.00547409 -0.00137998
2.2953 1.33333 1.00406 0.00520625 -0.00132611
2.31544 1.33333 1.00385 0.00494771 -0.00127087
2.33557 1.33333 1.00366 0.00469835 -0.00121479
2.3557 1.33333 1.00347 0.00445804 -0.00115835
2.37584 1.33333 1.0033 0.0042266 -0.001102
2.39597 1.33333 1.00313 0.00400381 -0.0010461
2.41611 1.33333 1.00297 0.00378942 -0.000991006
2.43624 1.33333 1.00282 0.00358317 -0.000936996
2.45638 1.33333 1.00268 0.0033848 -0.000884307
2.47651 1.33333 1.00254 0.00319401 -0.000833136
2.49664 1.33333 1.00241 0.00301052 -0.000783635
2.51678 1.33333 1.00229 0.00283404 -0.000735924
2.53691 1.33333 1.00217 0.00266427 -0.000690086
2.55705 1.33333 1.00207 0.00250091 -0.000646175
2.57718 1.33333 1.00196 0.00234366 -0.00060422
2.59732 1.33333 1.00187 0.00219225 -0.000564221
2.61745 1.33333 1.00178 0.00204637 -0.000526161
2.63758 1.33333 1.00169 0.00190575 -0.000489997
2.65772 1.33333 1.00161 0.0017701 -0.000455673
2.67785 1.33333 1.00154 0.00163916 -0.00042311
2.69799 1.33333 1.00147 0.00151265 -0.000392215
2.71812 1.33333 1.00141 0.00139031 -0.000362877
2.73826 1.33333 1.00135 0.0012719 -0.000334966
2.75839 1.33333 1.0013 0.00115716 -0.000308338
2.77852 1.33333 1.00125 0.00104588 -0.000282824
2.79866 1.33333 1.00121 0.000937828 -0.00025824
2.81879 1.33333 1.00117 0.000832803 -0.000234372
2.83893 1.33333 1.00114 0.000730615 -0.000210983
2.85906 1.33333 1.00111 0.000631094 -0.000187806
2.87919 1.33333 1.00109 0.000534091 -0.000164535
2.89933 1.33333 1.00107 0.000439479 -0.000140828
2.91946 1.33333 1.00106 0.000347159 -0.000116293
2.9396 1.33333 1.00105 0.000257063 -9.04859e-05
2.95973 1.33333 1.00105 0.000169159 -6.29004e-05
2.97987 1.33333 1.00105 8.34499e-05 -3.29583e-05
3 1.33333 1.00106 0 0

0 1.35354 1.05492 0 0
0.0201342 1.35354 1.05545 -0.000839756 0.0036271
0.0402685 1.35354 1.05609 -0.0015583 0.00724078
0.0604027 1.35354 1.05678 -0.00213898 0.0108341
0.0805369 1.35354 1.05754 -0.00256967 0.0143959
0.100671 1.35354 1.05834 -0.00284109 0.0179092
0.120805 1.35354 1.05917 -0.00294937 0.0213549
0.14094 1.35354 1.06002 -0.00289446 0.0247127
0.161074 1.35354 1.06087 -0.00268054 0.0279628
0.181208 1.35354 1.06171 -0.00231478 0.0310872
0.201342 1.35354 1.06252 -0.00180677 0.0340702
0.221477 1.35354 1.0633 -0.0011676 0.0368987
0.241611 1.35354 1.06404 -0.000409179 0.0395625
0.261745 1.35354 1.06473 0.000456361 0.0420541
0.281879 1.35354 1.06536 0.00141712 0.0443684
0.302013 1.35354 1.06593 0.00246176 0.0465024
0.322148 1.35354 1.06645 0.00357968 0.0484548
0.342282 1.35354 1.06689 0.00476118 0.0502258
0.362416 1.35354 1.06728 0.00599743 0.0518166
0.38255 1.35354 1.06759 0.00728051 0.0532292
0.402685 1.35354 1.06783 0.00860331 0.0544659
0.422819 1.35354 1.06801 0.00995948 0.0555294
0.442953 1.35354 1.06812 0.0113433 0.0564227
0.463087 1.35354 1.06816 0.0127496 0.0571484
0.483221 1.35354 1.06813 0.0141736 0.0577091
0.503356 1.35354 1.06802 0.0156108 0.0581073
0.52349 1.35354 1.06786 0.0170572 0.0583449
0.543624 1.35354 1.06762 0.0185085 0.0584239
0.563758 1.35354 1.06731 0.0199607 0.0583457
0.583893 1.35354 1.06693 0.0214095 0.0581114
0.604027 1.35354 1.06648 0.0228505 0.0577222
0.624161 1.35354 1.06596 0.024279 0.0571786
0.644295 1.35354 1.06537 0.02569 0.0564815
0.66443 1.35354 1.06471 0.0270779 0.0556315
0.684564 1.35354 1.06398 0.0284364 0.0546295
0.704698 1.35354 1.06318 0.029759 0.0534768
0.724832 1.35354 1.0623 0.0310381 0.0521752
0.744966 1.35354 1.06136 0.0322655 0.0507273
0.765101 1.35354 1.06034 0.0334323 0.0491367
0.785235 1.35354 1.05926 0.034529 0.0474084
0.805369 1.35354 1.0581 0.0355455 0.0455493
0.825503 1.35354 1.05689 0.0364712 0.043568
0.845638 1.35354 1.05562 0.0372955 0.0414755
0.865772 1.35354 1.05429 0.0380079 0.0392855
0.885906 1.35354 1.05291 0.038599 0.037014
0.90604 1.35354 1.0515 0.0390602 0.0346798
0.926174 1.35354 1.05005 0.0393851 0.0323042
0.946309 1.35354 1.04858 0.0395695 0.0299103
0.966443 1.35354 1.04711 0.0396125 0.0275224
0.986577 1.35354 1.04564 0.0395162 0.0251655
1.00671 1.35354 1.04418 0.0392865 0.0228633
1.02685 1.35354 1.04275 0.0389325 0.0206383
1.04698 1.35354 1.04135 0.038466 0.0185097
1.06711 1.35354 1.04 0.0379011 0.0164933
1.08725 1.35354 1.0387 0.0372529 0.0146008
1.10738 1.35354 1.03745 0.036537 0.01284
1.12752 1.35354 1.03625 0.0357686 0.0112148
1.14765 1.35354 1.03511 0.0349616 0.00972557
1.16779 1.35354 1.03401 0.0341289 0.00836997
1.18792 1.35354 1.03297 0.0332815 0.00714337
1.20805 1.35354 1.03198 0.0324288 0.00603948
1.22819 1.35354 1.03103 0.0315783 0.00505084
1.24832 1.35354 1.03012 0.0307362 0.00416936
1.26846 1.35354 1.02925 0.029907 0.00338662
1.28859 1.35354 1.02842 0.0290942 0.00269417
1.30872 1.35354 1.02761 0.0283 0.00208379
1.32886 1.35354 1.02684 0.0275259 0.00154759
1.34899 1.35354 1.02609 0.0267728 0.00107816
1.36913 1.35354 1.02536 0.0260408 0.000668559
1.38926 1.35354 1.02465 0.0253299 0.000312419
1.4094 1.35354 1.02396 0.0246395 3.89162e-06
1.42953 1.35354 1.02329 0.023969 -0.000262343
1.44966 1.35354 1.02263 0.0233176 -0.000491105
1.4698 1.35354 1.02199 0.0226844 -0.000686747
1.48993 1.35354 1.02136 0.0220685 -0.000853188
1.51007 1.35354 1.02075 0.0214689 -0.000993951
1.5302 1.35354 1.02014 0.0208848 -0.0011122
1.55034 1.35354 1.01955 0.0203152 -0.00121077
1.57047 1.35354 1.01897 0.0197595 -0.00129221
1.5906 1.35354 1.01839 0.0192167 -0.00135881
1.61074 1.35354 1.01783 0.0186863 -0.00141263
1.63087 1.35354 1.01727 0.0181677 -0.00145551
1.65101 1.35354 1.01672 0.0176601 -0.00148912
1.67114 1.35354 1.01618 0.0171632 -0.00151497
1.69128 1.35354 1.01565 0.0166764 -0.00153441
1.71141 1.35354 1.01513 0.0161993 -0.00154868
1.73154 1.35354 1.01462 0.0157315 -0.00155889
1.75168 1.35354 1.01411 0.0152726 -0.00156603
1.77181 1.35354 1.01361 0.0148223 -0.00157099
1.79195 1.35354 1.01312 0.0143801 -0.00157455
1.81208 1.35354 1.01264 0.0139456 -0.00157737
1.83221 1.35354 1.01216 0.0135185 -0.00158001
1.85235 1.35354 1.0117 0.0130983 -0.00158288
1.87248 1.35354 1.01124 0.0126847 -0.00158626
1.89262 1.35354 1.01079 0.0122771 -0.00159027
1.91275 1.35354 1.01035 0.0118752 -0.00159487
1.93289 1.35354 1.00992 0.0114785 -0.00159984
1.95302 1.35354 1.00949 0.0110866 -0.00160481
1.97315 1.35354 1.00908 0.0106995 -0.00160926
1.99329 1.35354 1.00868 0.0103167 -0.00161255
2.01342 1.35354 1.00829 0.00993849 -0.00161395
2.03356 1.35354 1.00791 0.00956484 -0.00161275
2.05369 1.35354 1.00755 0.00919607 -0.00160826
2.07383 1.35354 1.00719 0.00883259 -0.00159988
2.09396 1.35354 1.00685 0.00847489 -0.00158716
2.11409 1.35354 1.00653 0.00812354 -0.0015698
2.13423 1.35354 1.00621 0.00777912 -0.00154769
2.15436 1.35354 1.00591 0.00744218 -0.00152087
2.1745 1.35354 1.00562 0.00711324 -0.00148952
2.19463 1.35354 1.00535 0.00679275 -0.00145395
2.21477 1.35354 1.00508 0.00648107 -0.00141458
2.2349 1.35354 1.00483 0.00617849 -0.00137186
2.25503 1.35354 1.00459 0.00588522 -0.0013263
2.27517 1.35354 1.00436 0.00560136 -0.00127842
2.2953 1.35354 1.00414 0.00532696 -0.00122876
2.31544 1.35354 1.00393 0.00506199 -0.0011778
2.33557 1.35354 1.00374 0.00480637 -0.00112603
2.3557 1.35354 1.00355 0.00455997 -0.00107388
2.37584 1.35354 1.00337 0.00432262 -0.00102175
2.39597 1.35354 1.00319 0.0040941 -0.000969992
2.41611 1.35354 1.00303 0.00387419 -0.000918921
2.43624 1.35354 1.00288 0.00366264 -0.000868801
2.45638 1.35354 1.00273 0.00345917 -0.000819859
2.47651 1.35354 1.00259 0.0032635 -0.000772281
2.49664 1.35354 1.00246 0.00307534 -0.000726215
2.51678 1.35354 1.00233 0.0028944 -0.000681779
2.53691 1.35354 1.00221 0.00272038 -0.000639057
2.55705 1.35354 1.0021 0.00255298 -0.000598106
2.57718 1.35354 1.002 0.0023919 -0.000558957
2.59732 1.35354 1.0019 0.00223683 -0.00052162
2.61745 1.35354 1.00181 0.00208749 -0.000486081
2.63758 1.35354 1.00172 0.00194358 -0.000452308
2.65772 1.35354 1.00164 0.00180481 -0.000420252
2.67785 1.35354 1.00156 0.0016709 -0.000389846
2.69799 1.35354 1.00149 0.00154158 -0.000361006
2.71812 1.35354 1.00143 0.00141657 -0.000333636
2.73826 1.35354 1.00137 0.00129562 -0.000307618
2.75839 1.35354 1.00132 0.00117847 -0.000282822
2.77852 1.35354 1.00127 0.00106489 -0.000259098
2.79866 1.35354 1.00123 0.000954645 -0.000236276
2.81879 1.35354 1.00119 0.000847531 -0.000214166
2.83893 1.35354 1.00115 0.000743351 -0.000192552
2.85906 1.35354 1.00113 0.000641929 -0.00017119
2.87919 1.35354 1.0011 0.000543113 -0.000149803
2.89933 1.35354 1.00109 0.000446774 -0.000128078
2.91946 1.35354 1.00107 0.000352813 -0.000105659
2.9396 1.35354 1.00107 0.000261162 -8.21389e-05
2.95973 1.35354 1.00107 0.000171793 -5.7055e-05
2.97987 1.35354 1.00107 8.47146e-05 -2.98772e-05
3 1.35354 1.00108 0 0

0 1.37374 1.05479 0 0
0.0201342 1.37374 1.05533 -0.000840111 0.00351262
0.0402685 1.37374 1.05595 -0.0015608 0.00699791
0.0604027 1.37374 1.05661 -0.00214884 0.0104512
0.0805369 1.37374 1.05732 -0.00259411 0.0138643
0.100671 1.37374 1.05806 -0.00288865 0.0172238
0.120805 1.37374 1.05883 -0.00302865 0.0205146
0.14094 1.37374 1.05961 -0.00301343 0.0237199
0.161074 1.37374 1.0604 -0.00284575 0.0268232
0.181208 1.37374 1.06117 -0.00253106 0.029809
0.201342 1.37374 1.06192 -0.00207704 0.0326632
0.221477 1.37374 1.06264 -0.00149287 0.0353741
0.241611 1.37374 1.06333 -0.000788735 0.0379319
0.261745 1.37374 1.06397 2.47301e-05 0.0403291
0.281879 1.37374 1.06456 0.000936832 0.0425605
0.302013 1.37374 1.0651 0.00193713 0.0446223
0.322148 1.37374 1.06558 0.00301568 0.0465127
0.342282 1.37374 1.06601 0.0041631 0.0482311
0.362416 1.37374 1.06637 0.00537075 0.0497777
0.38255 1.37374 1.06666 0.00663064 0.0511537
0.402685 1.37374 1.0669 0.00793548 0.0523609
0.422819 1.37374 1.06706 0.0092786 0.0534012
0.442953 1.37374 1.06716 0.0106539 0.054277
0.463087 1.37374 1.0672 0.0120557 0.0549905
0.483221 1.37374 1.06717 0.0134789 0.0555439
0.503356 1.37374 1.06707 0.0149184 0.0559394
0.52349 1.37374 1.0669 0.0163694 0.0561788
0.543624 1.37374 1.06667 0.0178275 0.056264
0.563758 1.37374 1.06637 0.0192878 0.0561964
0.583893 1.37374 1.066 0.0207457 0.0559774
0.604027 1.37374 1.06557 0.0221964 0.0556081
0.624161 1.37374 1.06506 0.0236346 0.0550896
0.644295 1.37374 1.06449 0.025055 0.054423
0.66443 1.37374 1.06385 0.0264516 0.0536094
0.684564 1.37374 1.06314 0.027818 0.0526504
0.704698 1.37374 1.06237 0.0291475 0.0515477
0.724832 1.37374 1.06152 0.0304325 0.0503038
0.744966 1.37374 1.06061 0.0316649 0.0489218
0.765101 1.37374 1.05963 0.0328363 0.047406
0.785235 1.37374 1.0586 0.0339376 0.045762
0.805369 1.37374 1.05749 0.0349592 0.0439968
0.825503 1.37374 1.05634 0.0358917 0.0421193
0.845638 1.37374 1.05512 0.0367253 0.0401402
0.865772 1.37374 1.05386 0.0374511 0.0380726
0.885906 1.37374 1.05256 0.0380606 0.0359315
0.90604 1.37374 1.05121 0.0385466 0.0337343
0.926174 1.37374 1.04985 0.0389039 0.0315
0.946309 1.37374 1.04846 0.0391291 0.0292494
0.966443 1.37374 1.04706 0.0392216 0.0270037
0.986577 1.37374 1.04567 0.0391835 0.0247849
1.00671 1.37374 1.04429 0.0390199 0.0226137
1.02685 1.37374 1.04292 0.0387383 0.0205098
1.04698 1.37374 1.04159 0.0383491 0.0184901
1.06711 1.37374 1.04029 0.0378639 0.016569
1.08725 1.37374 1.03903 0.0372959 0.0147575
1.10738 1.37374 1.03781 0.0366586 0.0130633
1.12752 1.37374 1.03664 0.0359652 0.0114906
1.14765 1.37374 1.03552 0.0352283 0.0100412
1.16779 1.37374 1.03444 0.0344598 0.00871375
1.18792 1.37374 1.03341 0.0336698 0.00750531
1.20805 1.37374 1.03242 0.0328674 0.00641107
1.22819 1.37374 1.03146 0.0320602 0.00542513
1.24832 1.37374 1.03055 0.0312544 0.00454079
1.26846 1.37374 1.02967 0.0304549 0.0037509
1.28859 1.37374 1.02883 0.0296655 0.00304812
1.30872 1.37374 1.02801 0.0288892 0.00242517
1.32886 1.37374 1.02722 0.0281279 0.00187495
1.34899 1.37374 1.02645 0.0273831 0.00139065
1.36913 1.37374 1.02571 0.0266554 0.000965858
1.38926 1.37374 1.02499 0.0259453 0.000594567
1.4094 1.37374 1.02429 0.0252527 0.000271219
1.42953 1.37374 1.0236 0.0245774 -9.29955e-06
1.44966 1.37374 1.02293 0.0239191 -0.00025167
1.4698 1.37374 1.02228 0.0232772 -0.000460155
1.48993 1.37374 1.02164 0.0226509 -0.000638626
1.51007 1.37374 1.02101 0.0220398 -0.000790589
1.5302 1.37374 1.02039 0.0214431 -0.000919212
1.55034 1.37374 1.01979 0.0208602 -0.00102735
1.57047 1.37374 1.01919 0.0202904 -0.0011176
1.5906 1.37374 1.01861 0.0197331 -0.00119226
1.61074 1.37374 1.01803 0.0191877 -0.00125345
1.63087 1.37374 1.01747 0.0186537 -0.00130305
1.65101 1.37374 1.01691 0.0181307 -0.00134277
1.67114 1.37374 1.01636 0.0176181 -0.00137415
1.69128 1.37374 1.01583 0.0171155 -0.00139857
1.71141 1.37374 1.0153 0.0166226 -0.00141729
1.73154 1.37374 1.01477 0.0161389 -0.00143144
1.75168 1.37374 1.01426 0.0156642 -0.00144201
1.77181 1.37374 1.01376 0.015198 -0.00144989
1.79195 1.37374 1.01326 0.0147401 -0.00145585
1.81208 1.37374 1.01277 0.01429 -0.00146056
1.83221 1.37374 1.0123 0.0138474 -0.00146455
1.85235 1.37374 1.01183 0.013412 -0.00146823
1.87248 1.37374 1.01137 0.0129834 -0.00147188
1.89262 1.37374 1.01091 0.0125613 -0.00147563
1.91275 1.37374 1.01047 0.0121451 -0.00147947
1.93289 1.37374 1.01004 0.0117348 -0.00148325
1.95302 1.37374 1.00961 0.0113299 -0.00148667
1.97315 1.37374 1.0092 0.0109303 -0.00148934
1.99329 1.37374 1.0088 0.010536 -0.00149074
2.01342 1.37374 1.00841 0.0101468 -0.00149032
2.03356 1.37374 1.00803 0.00976302 -0.0014875
2.05369 1.37374 1.00766 0.00938484 -0.00148175
2.07383 1.37374 1.00731 0.00901262 -0.00147259
2.09396 1.37374 1.00696 0.00864678 -0.00145965
2.11409 1.37374 1.00664 0.00828779 -0.0014427
2.13423 1.37374 1.00632 0.00793616 -0.00142164
2.15436 1.37374 1.00601 0.00759234 -0.00139648
2.1745 1.37374 1.00572 0.0072568 -0.00136737
2.19463 1.37374 1.00544 0.00692992 -0.00133458
2.21477 1.37374 1.00518 0.00661202 -0.00129841
2.2349 1.37374 1.00492 0.00630337 -0.00125928
2.25503 1.37374 1.00468 0.00600415 -0.0012176
2.27517 1.37374 1.00444 0.00571445 -0.00117382
2.2953 1.37374 1.00422 0.00543433 -0.0011284
2.31544 1.37374 1.00401 0.00516377 -0.00108177
2.33557 1.37374 1.0038 0.00490268 -0.00103436
2.3557 1.37374 1.00361 0.00465095 -0.000986558
2.37584 1.37374 1.00343 0.00440841 -0.000938725
2.39597 1.37374 1.00325 0.00417487 -0.000891183
2.41611 1.37374 1.00309 0.0039501 -0.000844219
2.43624 1.37374 1.00293 0.00373386 -0.00079808
2.45638 1.37374 1.00278 0.00352588 -0.000752979
2.47651 1.37374 1.00264 0.00332588 -0.000709091
2.49664 1.37374 1.0025 0.00313357 -0.000666561
2.51678 1.37374 1.00237 0.00294866 -0.000625502
2.53691 1.37374 1.00225 0.00277085 -0.000585998
2.55705 1.37374 1.00214 0.00259984 -0.000548107
2.57718 1.37374 1.00203 0.00243532 -0.000511866
2.59732 1.37374 1.00193 0.00227698 -0.000477287
2.61745 1.37374 1.00183 0.00212453 -0.000444364
2.63758 1.37374 1.00174 0.00197767 -0.000413072
2.65772 1.37374 1.00166 0.00183609 -0.000383372
2.67785 1.37374 1.00159 0.00169952 -0.000355207
2.69799 1.37374 1.00151 0.00156767 -0.000328504
2.71812 1.37374 1.00145 0.00144026 -0.000303178
2.73826 1.37374 1.00139 0.00131702 -0.000279128
2.75839 1.37374 1.00133 0.00119769 -0.000256237
2.77852 1.37374 1.00128 0.00108204 -0.000234372
2.79866 1.37374 1.00124 0.000969821 -0.000213384
2.81879 1.37374 1.0012 0.000860824 -0.000193101
2.83893 1.37374 1.00117 0.000754846 -0.000173331
2.85906 1.37374 1.00114 0.000651709 -0.000153856
2.87919 1.37374 1.00112 0.000551257 -0.000134428
2.89933 1.37374 1.0011 0.000453359 -0.000114767
2.91946 1.37374 1.00109 0.000357915 -9.45521e-05
2.9396 1.37374 1.00108 0.00026486 -7.34173e-05
2.95973 1.37374 1.00108 0.000174168 -5.09445e-05
2.97987 1.37374 1.00108 8.58542e-05 -2.66548e-05
3 1.37374 1.00109 0 0

0 1.39394 1.0546 0 0
0.0201342 1.39394 1.05515 -0.000840692 0.00339817
0.0402685 1.39394 1.05575 -0.00156333 0.00675815
0.0604027 1.39394 1.05638 -0.00215747 0.0100769
0.0805369 1.39394 1.05706 -0.00261471 0.0133481
0.100671 1.39394 1.05776 -0.00292835 0.0165614
0.120805 1.39394 1.05848 -0.0030948 0.0197045
0.14094 1.39394 1.0592 -0.00311306 0.0227637
0.161074 1.39394 1.05993 -0.00298493 0.0257252
0.181208 1.39394 1.06065 -0.00271458 0.0285757
0.201342 1.39394 1.06135 -0.00230815 0.0313029
0.221477 1.39394 1.06202 -0.00177329 0.0338961
0.241611 1.39394 1.06266 -0.00111869 0.0363464
0.261745 1.39394 1.06326 -0.000353664 0.0386466
0.281879 1.39394 1.06381 0.000512213 0.0407912
0.302013 1.39394 1.06432 0.00146939 0.0427764
0.322148 1.39394 1.06478 0.00250857 0.0445998
0.342282 1.39394 1.06517 0.00362084 0.0462602
0.362416 1.39394 1.06552 0.00479775 0.0477573
0.38255 1.39394 1.0658 0.00603142 0.0490916
0.402685 1.39394 1.06602 0.00731447 0.0502642
0.422819 1.39394 1.06618 0.00864005 0.0512766
0.442953 1.39394 1.06627 0.0100018 0.0521306
0.463087 1.39394 1.0663 0.0113936 0.052828
0.483221 1.39394 1.06627 0.01281 0.0533708
0.503356 1.39394 1.06618 0.0142455 0.0537608
0.52349 1.39394 1.06602 0.0156949 0.0539997
0.543624 1.39394 1.06579 0.0171531 0.0540893
0.563758 1.39394 1.0655 0.0186151 0.054031
0.583893 1.39394 1.06514 0.0200756 0.0538264
0.604027 1.39394 1.06472 0.0215295 0.0534766
0.624161 1.39394 1.06423 0.0229712 0.0529832
0.644295 1.39394 1.06367 0.024395 0.0523474
0.66443 1.39394 1.06306 0.0257947 0.0515709
0.684564 1.39394 1.06237 0.0271638 0.0506556
0.704698 1.39394 1.06162 0.0284954 0.0496037
0.724832 1.39394 1.06081 0.029782 0.0484182
0.744966 1.39394 1.05993 0.0310158 0.0471026
0.765101 1.39394 1.05899 0.0321887 0.0456618
0.785235 1.39394 1.058 0.0332919 0.0441015
0.805369 1.39394 1.05694 0.0343168 0.042429
0.825503 1.39394 1.05584 0.0352544 0.0406531
0.845638 1.39394 1.05468 0.0360963 0.0387842
0.865772 1.39394 1.05348 0.0368343 0.0368348
0.885906 1.39394 1.05224 0.0374611 0.0348188
0.90604 1.39394 1.05096 0.0379706 0.0327521
0.926174 1.39394 1.04966 0.0383582 0.030652
0.946309 1.39394 1.04835 0.0386213 0.0285369
0.966443 1.39394 1.04702 0.0387596 0.0264258
0.986577 1.39394 1.0457 0.0387749 0.0243378
1.00671 1.39394 1.04438 0.0386715 0.0222913
1.02685 1.39394 1.04308 0.0384562 0.0203035
1.04698 1.39394 1.0418 0.0381375 0.0183898
1.06711 1.39394 1.04054 0.0377256 0.0165628
1.08725 1.39394 1.03933 0.0372316 0.014833
1.10738 1.39394 1.03814 0.0366674 0.0132077
1.12752 1.39394 1.037 0.0360447 0.0116917
1.14765 1.39394 1.03589 0.0353747 0.0102872
1.16779 1.39394 1.03483 0.0346682 0.00899402
1.18792 1.39394 1.0338 0.0339347 0.0078103
1.20805 1.39394 1.03282 0.0331828 0.00673257
1.22819 1.39394 1.03186 0.0324199 0.00575616
1.24832 1.39394 1.03095 0.0316522 0.0048756
1.26846 1.39394 1.03006 0.0308848 0.00408486
1.28859 1.39394 1.02921 0.030122 0.00337764
1.30872 1.39394 1.02838 0.0293669 0.00274752
1.32886 1.39394 1.02758 0.028622 0.00218814
1.34899 1.39394 1.0268 0.0278891 0.00169333
1.36913 1.39394 1.02605 0.0271695 0.00125719
1.38926 1.39394 1.02531 0.026464 0.000874109
1.4094 1.39394 1.0246 0.0257729 0.000538859
1.42953 1.39394 1.0239 0.0250966 0.000246565
1.44966 1.39394 1.02322 0.0244348 -7.27224e-06
1.4698 1.39394 1.02255 0.0237875 -0.000226789
1.48993 1.39394 1.0219 0.0231543 -0.000415771
1.51007 1.39394 1.02126 0.0225347 -0.000577669
1.5302 1.39394 1.02063 0.0219284 -0.000715625
1.55034 1.39394 1.02001 0.0213349 -0.000832489
1.57047 1.39394 1.01941 0.0207537 -0.000930847
1.5906 1.39394 1.01881 0.0201843 -0.00101304
1.61074 1.39394 1.01823 0.0196264 -0.00108118
1.63087 1.39394 1.01766 0.0190794 -0.00113718
1.65101 1.39394 1.01709 0.018543 -0.00118278
1.67114 1.39394 1.01654 0.0180168 -0.00121953
1.69128 1.39394 1.01599 0.0175005 -0.00124884
1.71141 1.39394 1.01545 0.0169937 -0.00127198
1.73154 1.39394 1.01493 0.0164961 -0.00129007
1.75168 1.39394 1.01441 0.0160073 -0.00130413
1.77181 1.39394 1.0139 0.0155272 -0.00131504
1.79195 1.39394 1.0134 0.0150553 -0.00132357
1.81208 1.39394 1.01291 0.0145914 -0.00133037
1.83221 1.39394 1.01242 0.0141352 -0.00133599
1.85235 1.39394 1.01195 0.0136863 -0.00134082
1.87248 1.39394 1.01149 0.0132445 -0.00134515
1.89262 1.39394 1.01103 0.0128094 -0.00134914
1.91275 1.39394 1.01059 0.0123808 -0.00135281
1.93289 1.39394 1.01015 0.0119584 -0.00135607
1.95302 1.39394 1.00973 0.0115421 -0.0013587
1.97315 1.39394 1.00931 0.0111317 -0.0013604
1.99329 1.39394 1.00891 0.0107271 -0.00136076
2.01342 1.39394 1.00852 0.0103284 -0.00135937
2.03356 1.39394 1.00814 0.00993568 -0.00135576
2.05369 1.39394 1.00777 0.00954925 -0.00134952
2.07383 1.39394 1.00741 0.00916936 -0.00134027
2.09396 1.39394 1.00707 0.00879639 -0.00132773
2.11409 1.39394 1.00674 0.00843073 -0.0013117
2.13423 1.39394 1.00642 0.00807281 -0.00129209
2.15436 1.39394 1.00611 0.00772302 -0.00126892
2.1745 1.39394 1.00581 0.00738177 -0.00124231
2.19463 1.39394 1.00553 0.00704937 -0.00121245
2.21477 1.39394 1.00526 0.00672613 -0.00117963
2.2349 1.39394 1.005 0.00641226 -0.00114417
2.25503 1.39394 1.00475 0.00610793 -0.00110642
2.27517 1.39394 1.00452 0.00581323 -0.00106678
2.2953 1.39394 1.00429 0.00552821 -0.00102564
2.31544 1.39394 1.00407 0.00525284 -0.000983375
2.33557 1.39394 1.00387 0.00498706 -0.00094036
2.3557 1.39394 1.00367 0.00473074 -0.000896945
2.37584 1.39394 1.00348 0.00448373 -0.000853451
2.39597 1.39394 1.00331 0.00424585 -0.000810173
2.41611 1.39394 1.00314 0.00401687 -0.000767372
2.43624 1.39394 1.00298 0.00379656 -0.000725276
2.45638 1.39394 1.00282 0.00358465 -0.000684082
2.47651 1.39394 1.00268 0.00338087 -0.000643957
2.49664 1.39394 1.00254 0.00318494 -0.000605038
2.51678 1.39394 1.00241 0.00299656 -0.000567432
2.53691 1.39394 1.00228 0.00281543 -0.000531224
2.55705 1.39394 1.00217 0.00264124 -0.000496473
2.57718 1.39394 1.00206 0.0024737 -0.000463217
2.59732 1.39394 1.00196 0.00231248 -0.000431473
2.61745 1.39394 1.00186 0.00215729 -0.000401242
2.63758 1.39394 1.00177 0.00200783 -0.000372506
2.65772 1.39394 1.00168 0.00186378 -0.000345233
2.67785 1.39394 1.00161 0.00172485 -0.000319377
2.69799 1.39394 1.00153 0.00159077 -0.000294877
2.71812 1.39394 1.00147 0.00146123 -0.00027166
2.73826 1.39394 1.00141 0.00133597 -0.000249639
2.75839 1.39394 1.00135 0.00121472 -0.000228713
2.77852 1.39394 1.0013 0.00109723 -0.000208766
2.79866 1.39394 1.00125 0.000983266 -0.000189669
2.81879 1.39394 1.00122 0.000872601 -0.000171271
2.83893 1.39394 1.00118 0.000765032 -0.000153405
2.85906 1.39394 1.00115 0.000660375 -0.000135879
2.87919 1.39394 1.00113 0.000558472 -0.000118477
2.89933 1.39394 1.00111 0.000459192 -0.000100951
2.91946 1.39394 1.0011 0.000362433 -8.30182e-05
2.9396 1.39394 1.00109 0.000268133 -6.43556e-05
2.95973 1.39394 1.00109 0.00017627 -4.45925e-05
2.97987 1.39394 1.00109 8.68619e-05 -2.33034e-05
3 1.39394 1.0011 0 0

0 1.41414 1.05437 0 0
0.0201342 1.41414 1.05492 -0.000841498 0.0032837
0.0402685 1.41414 1.05551 -0.00156609 0.00652085
0.0604027 1.41414 1.05612 -0.00216556 0.00970938
0.0805369 1.41414 1.05677 -0.002633 0.0128444
0.100671 1.41414 1.05743 -0.00296283 0.0159177
0.120805 1.41414 1.0581 -0.0031518 0.0189195
0.14094 1.41414 1.05879 -0.00319876 0.0218385
0.161074 1.41414 1.05947 -0.00310489 0.024663
0.181208 1.41414 1.06014 -0.00287337 0.0273817
0.201342 1.41414 1.06079 -0.00250918 0.029984
0.221477 1.41414 1.06142 -0.0020187 0.0324603
0.241611 1.41414 1.06202 -0.00140938 0.0348025
0.261745 1.41414 1.06259 -0.00068937 0.0370039
0.281879 1.41414 1.06311 0.000132764 0.0390592
0.302013 1.41414 1.06359 0.00104831 0.0409644
0.322148 1.41414 1.06402 0.00204862 0.0427169
0.342282 1.41414 1.06439 0.00312524 0.0443151
0.362416 1.41414 1.06472 0.00427004 0.0457582
0.38255 1.41414 1.06499 0.00547527 0.0470464
0.402685 1.41414 1.0652 0.00673357 0.0481801
0.422819 1.41414 1.06535 0.00803798 0.0491606
0.442953 1.41414 1.06544 0.00938193 0.049989
0.463087 1.41414 1.06547 0.0107592 0.050667
0.483221 1.41414 1.06544 0.0121638 0.051196
0.503356 1.41414 1.06534 0.01359 0.0515779
0.52349 1.41414 1.06519 0.0150322 0.0518142
0.543624 1.41414 1.06497 0.016485 0.0519064
0.563758 1.41414 1.06468 0.017943 0.0518562
0.583893 1.41414 1.06434 0.0194005 0.051665
0.604027 1.41414 1.06393 0.0208521 0.0513343
0.624161 1.41414 1.06346 0.0222919 0.0508657
0.644295 1.41414 1.06292 0.0237139 0.0502608
0.66443 1.41414 1.06232 0.0251118 0.0495216
0.684564 1.41414 1.06166 0.026479 0.0486503
0.704698 1.41414 1.06094 0.0278086 0.0476496
0.724832 1.41414 1.06016 0.0290932 0.0465226
0.744966 1.41414 1.05931 0.0303252 0.0452735
0.765101 1.41414 1.05841 0.0314968 0.0439072
0.785235 1.41414 1.05746 0.0325998 0.0424297
0.805369 1.41414 1.05645 0.0336261 0.0408482
0.825503 1.41414 1.05539 0.0345675 0.0391715
0.845638 1.41414 1.05428 0.0354164 0.0374095
0.865772 1.41414 1.05314 0.0361654 0.0355739
0.885906 1.41414 1.05195 0.0368082 0.0336778
0.90604 1.41414 1.05074 0.0373394 0.0317357
0.926174 1.41414 1.0495 0.0377552 0.0297631
0.946309 1.41414 1.04825 0.0380534 0.0277766
0.966443 1.41414 1.04699 0.0382338 0.0257931
0.986577 1.41414 1.04572 0.038298 0.0238295
1.00671 1.41414 1.04446 0.0382497 0.0219021
1.02685 1.41414 1.04321 0.0380949 0.0200261
1.04698 1.41414 1.04198 0.0378407 0.0182151
1.06711 1.41414 1.04077 0.0374959 0.0164809
1.08725 1.41414 1.03959 0.0370703 0.014833
1.10738 1.41414 1.03844 0.0365741 0.0132784
1.12752 1.41414 1.03732 0.0360176 0.011822
1.14765 1.41414 1.03623 0.0354111 0.0104665
1.16779 1.41414 1.03518 0.0347641 0.00921253
1.18792 1.41414 1.03417 0.0340856 0.00805909
1.20805 1.41414 1.03318 0.0333837 0.00700372
1.22819 1.41414 1.03223 0.0326654 0.00604283
1.24832 1.41414 1.03132 0.0319369 0.00517198
1.26846 1.41414 1.03043 0.0312034 0.00438614
1.28859 1.41414 1.02957 0.0304693 0.00367989
1.30872 1.41414 1.02873 0.029738 0.00304765
1.32886 1.41414 1.02792 0.0290124 0.00248375
1.34899 1.41414 1.02713 0.0282946 0.00198265
1.36913 1.41414 1.02637 0.0275863 0.00153892
1.38926 1.41414 1.02562 0.0268886 0.00114741
1.4094 1.41414 1.02489 0.0262024 0.000803216
1.42953 1.41414 1.02418 0.0255282 0.000501729
1.44966 1.41414 1.02349 0.0248663 0.000238662
1.4698 1.41414 1.02281 0.0242168 1.0039e-05
1.48993 1.41414 1.02215 0.0235795 -0.000187808
1.51007 1.41414 1.0215 0.0229545 -0.000358249
1.5302 1.41414 1.02086 0.0223414 -0.000504366
1.55034 1.41414 1.02023 0.0217399 -0.000628975
1.57047 1.41414 1.01962 0.0211499 -0.000734643
1.5906 1.41414 1.01901 0.020571 -0.0008237
1.61074 1.41414 1.01842 0.0200028 -0.000898264
1.63087 1.41414 1.01784 0.0194451 -0.000960253
1.65101 1.41414 1.01726 0.0188976 -0.00101141
1.67114 1.41414 1.0167 0.0183599 -0.00105329
1.69128 1.41414 1.01615 0.0178319 -0.00108732
1.71141 1.41414 1.01561 0.0173131 -0.00111477
1.73154 1.41414 1.01507 0.0168035 -0.00113677
1.75168 1.41414 1.01455 0.0163026 -0.00115433
1.77181 1.41414 1.01403 0.0158103 -0.00116834
1.79195 1.41414 1.01353 0.0153263 -0.00117956
1.81208 1.41414 1.01303 0.0148504 -0.00118864
1.83221 1.41414 1.01254 0.0143822 -0.00119613
1.85235 1.41414 1.01207 0.0139216 -0.00120242
1.87248 1.41414 1.0116 0.0134682 -0.00120782
1.89262 1.41414 1.01114 0.013022 -0.00121251
1.91275 1.41414 1.01069 0.0125825 -0.00121655
1.93289 1.41414 1.01026 0.0121498 -0.00121989
1.95302 1.41414 1.00983 0.0117235 -0.00122238
1.97315 1.41414 1.00941 0.0113036 -0.00122381
1.99329 1.41414 1.00901 0.0108902 -0.00122387
2.01342 1.41414 1.00862 0.0104833 -0.00122224
2.03356 1.41414 1.00823 0.0100829 -0.00121856
2.05369 1.41414 1.00786 0.00968936 -0.00121251
2.07383 1.41414 1.00751 0.00930288 -0.00120379
2.09396 1.41414 1.00716 0.00892377 -0.00119218
2.11409 1.41414 1.00683 0.00855239 -0.00117752
2.13423 1.41414 1.0065 0.0081891 -0.00115975
2.15436 1.41414 1.0062 0.00783423 -0.00113886
2.1745 1.41414 1.0059 0.00748812 -0.00111496
2.19463 1.41414 1.00561 0.00715107 -0.00108822
2.21477 1.41414 1.00534 0.00682332 -0.00105885
2.2349 1.41414 1.00508 0.00650507 -0.00102714
2.25503 1.41414 1.00483 0.00619646 -0.000993385
2.27517 1.41414 1.00458 0.00589757 -0.000957918
2.2953 1.41414 1.00436 0.00560844 -0.000921073
2.31544 1.41414 1.00414 0.00532904 -0.000883186
2.33557 1.41414 1.00393 0.0050593 -0.000844582
2.3557 1.41414 1.00373 0.00479912 -0.00080557
2.37584 1.41414 1.00354 0.00454834 -0.000766438
2.39597 1.41414 1.00335 0.00430679 -0.00072745
2.41611 1.41414 1.00318 0.00407424 -0.000688843
2.43624 1.41414 1.00302 0.00385047 -0.000650827
2.45638 1.41414 1.00286 0.00363522 -0.000613584
2.47651 1.41414 1.00271 0.00342822 -0.000577269
2.49664 1.41414 1.00257 0.0032292 -0.000542011
2.51678 1.41414 1.00244 0.00303784 -0.000507913
2.53691 1.41414 1.00231 0.00285387 -0.000475057
2.55705 1.41414 1.0022 0.00267696 -0.000443503
2.57718 1.41414 1.00208 0.00250682 -0.00041329
2.59732 1.41414 1.00198 0.00234313 -0.000384439
2.61745 1.41414 1.00188 0.00218558 -0.000356957
2.63758 1.41414 1.00179 0.00203387 -0.000330832
2.65772 1.41414 1.0017 0.00188769 -0.000306042
2.67785 1.41414 1.00162 0.00174674 -0.000282548
2.69799 1.41414 1.00155 0.00161072 -0.000260303
2.71812 1.41414 1.00148 0.00147935 -0.000239245
2.73826 1.41414 1.00142 0.00135234 -0.000219302
2.75839 1.41414 1.00136 0.00122943 -0.000200388
2.77852 1.41414 1.00131 0.00111036 -0.000182406
2.79866 1.41414 1.00127 0.000994888 -0.000165245
2.81879 1.41414 1.00123 0.000882783 -0.00014878
2.83893 1.41414 1.00119 0.000773839 -0.000132866
2.85906 1.41414 1.00116 0.000667868 -0.000117341
2.87919 1.41414 1.00114 0.000564711 -0.000102019
2.89933 1.41414 1.00112 0.000464235 -8.66882e-05
2.91946 1.41414 1.00111 0.000366339 -7.11049e-05
2.9396 1.41414 1.0011 0.000270962 -5.49905e-05
2.95973 1.41414 1.0011 0.000178084 -3.8024e-05
2.97987 1.41414 1.0011 8.77309e-05 -1.98357e-05
3 1.41414 1.00111 0 0

0 1.43434 1.05411 0 0
0.0201342 1.43434 1.05466 -0.000842525 0.0031693
0.0402685 1.43434 1.05524 -0.00156919 0.00628568
0.0604027 1.43434 1.05583 -0.00217361 0.00934762
0.0805369 1.43434 1.05645 -0.00265011 0.0123513
0.100671 1.43434 1.05708 -0.00299408 0.0152901
0.120805 1.43434 1.05772 -0.00320266 0.018156
0.14094 1.43434 1.05837 -0.00327469 0.0209398
0.161074 1.43434 1.05901 -0.00321091 0.0236318
0.181208 1.43434 1.05964 -0.00301379 0.0262222
0.201342 1.43434 1.06026 -0.0026874 0.028702
0.221477 1.43434 1.06085 -0.0022371 0.0310627
0.241611 1.43434 1.06142 -0.0016693 0.033297
0.261745 1.43434 1.06195 -0.000991162 0.0353987
0.281879 1.43434 1.06244 -0.000210353 0.0373629
0.302013 1.43434 1.0629 0.000665179 0.0391856
0.322148 1.43434 1.0633 0.0016274 0.0408642
0.342282 1.43434 1.06366 0.00266835 0.0423969
0.362416 1.43434 1.06397 0.00378022 0.0437825
0.38255 1.43434 1.06423 0.00495545 0.0450209
0.402685 1.43434 1.06443 0.00618676 0.0461122
0.422819 1.43434 1.06457 0.00746717 0.0470571
0.442953 1.43434 1.06466 0.00879 0.0478567
0.463087 1.43434 1.06469 0.0101488 0.0485122
0.483221 1.43434 1.06466 0.0115375 0.0490249
0.503356 1.43434 1.06457 0.0129499 0.0493963
0.52349 1.43434 1.06442 0.0143803 0.0496279
0.543624 1.43434 1.0642 0.0158229 0.0497212
0.563758 1.43434 1.06393 0.0172719 0.0496777
0.583893 1.43434 1.0636 0.0187215 0.0494991
0.604027 1.43434 1.0632 0.020166 0.0491868
0.624161 1.43434 1.06275 0.0215992 0.0487426
0.644295 1.43434 1.06223 0.0230149 0.0481685
0.66443 1.43434 1.06165 0.0244069 0.0474665
0.684564 1.43434 1.06101 0.0257683 0.0466392
0.704698 1.43434 1.06032 0.0270923 0.0456895
0.724832 1.43434 1.05956 0.0283718 0.0446209
0.744966 1.43434 1.05875 0.0295992 0.0434378
0.765101 1.43434 1.05789 0.0307672 0.0421451
0.785235 1.43434 1.05697 0.031868 0.040749
0.805369 1.43434 1.056 0.032894 0.0392566
0.825503 1.43434 1.05498 0.0338379 0.0376763
0.845638 1.43434 1.05393 0.0346924 0.0360178
0.865772 1.43434 1.05283 0.0354511 0.0342919
0.885906 1.43434 1.0517 0.0361084 0.0325107
0.90604 1.43434 1.05054 0.0366596 0.0306875
0.926174 1.43434 1.04936 0.0371013 0.0288365
0.946309 1.43434 1.04816 0.0374317 0.0269723
0.966443 1.43434 1.04696 0.0376506 0.0251102
0.986577 1.43434 1.04574 0.0377594 0.0232652
1.00671 1.43434 1.04453 0.0377615 0.0214517
1.02685 1.43434 1.04333 0.0376618 0.0196833
1.04698 1.43434 1.04214 0.0374666 0.0179723
1.06711 1.43434 1.04097 0.0371835 0.0163292
1.08725 1.43434 1.03983 0.0368209 0.0147628
1.10738 1.43434 1.0387 0.0363878 0.0132799
1.12752 1.43434 1.03761 0.0358933 0.0118854
1.14765 1.43434 1.03654 0.0353467 0.0105822
1.16779 1.43434 1.03551 0.0347566 0.00937148
1.18792 1.43434 1.0345 0.0341312 0.00825294
1.20805 1.43434 1.03352 0.0334781 0.00722494
1.22819 1.43434 1.03258 0.0328042 0.00628477
1.24832 1.43434 1.03166 0.0321153 0.00542887
1.26846 1.43434 1.03077 0.0314167 0.00465306
1.28859 1.43434 1.0299 0.0307128 0.00395275
1.30872 1.43434 1.02906 0.0300073 0.00332306
1.32886 1.43434 1.02824 0.0293033 0.00275901
1.34899 1.43434 1.02744 0.0286031 0.00225561
1.36913 1.43434 1.02667 0.0279088 0.00180797
1.38926 1.43434 1.02591 0.0272219 0.00141131
1.4094 1.43434 1.02518 0.0265435 0.0010611
1.42953 1.43434 1.02445 0.0258743 0.000753021
1.44966 1.43434 1.02375 0.0252151 0.000483009
1.4698 1.43434 1.02306 0.0245662 0.000247272
1.48993 1.43434 1.02238 0.0239278 4.2285e-05
1.51007 1.43434 1.02172 0.0232999 -0.000135211
1.5302 1.43434 1.02107 0.0226827 -0.000288221
1.55034 1.43434 1.02044 0.0220759 -0.000419499
1.57047 1.43434 1.01981 0.0214796 -0.000531571
1.5906 1.43434 1.0192 0.0208934 -0.00062674
1.61074 1.43434 1.0186 0.0203174 -0.000707105
1.63087 1.43434 1.01801 0.0197512 -0.000774575
1.65101 1.43434 1.01743 0.0191947 -0.000830879
1.67114 1.43434 1.01686 0.0186476 -0.000877584
1.69128 1.43434 1.0163 0.0181098 -0.000916102
1.71141 1.43434 1.01575 0.0175812 -0.0009477
1.73154 1.43434 1.01521 0.0170614 -0.000973512
1.75168 1.43434 1.01468 0.0165503 -0.000994544
1.77181 1.43434 1.01416 0.0160477 -0.00101168
1.79195 1.43434 1.01365 0.0155533 -0.00102568
1.81208 1.43434 1.01315 0.0150671 -0.00103719
1.83221 1.43434 1.01266 0.0145888 -0.00104675
1.85235 1.43434 1.01218 0.0141181 -0.00105478
1.87248 1.43434 1.01171 0.013655 -0.00106159
1.89262 1.43434 1.01125 0.0131991 -0.00106738
1.91275 1.43434 1.0108 0.0127505 -0.00107225
1.93289 1.43434 1.01036 0.0123088 -0.0010762
1.95302 1.43434 1.00993 0.0118741 -0.00107914
1.97315 1.43434 1.00951 0.0114463 -0.00108092
1.99329 1.43434 1.0091 0.0110254 -0.00108131
2.01342 1.43434 1.00871 0.0106115 -0.00108008
2.03356 1.43434 1.00832 0.0102047 -0.00107694
2.05369 1.43434 1.00795 0.00980514 -0.00107166
2.07383 1.43434 1.00759 0.00941311 -0.00106401
2.09396 1.43434 1.00724 0.00902888 -0.00105379
2.11409 1.43434 1.00691 0.00865273 -0.00104091
2.13423 1.43434 1.00658 0.00828497 -0.00102529
2.15436 1.43434 1.00627 0.0079259 -0.00100695
2.1745 1.43434 1.00597 0.00757581 -0.000985972
2.19463 1.43434 1.00568 0.00723494 -0.000962487
2.21477 1.43434 1.00541 0.00690351 -0.000936684
2.2349 1.43434 1.00514 0.00658169 -0.000908793
2.25503 1.43434 1.00489 0.0062696 -0.000879071
2.27517 1.43434 1.00465 0.0059673 -0.000847799
2.2953 1.43434 1.00441 0.00567483 -0.000815264
2.31544 1.43434 1.00419 0.00539216 -0.000781757
2.33557 1.43434 1.00398 0.00511921 -0.000747563
2.3557 1.43434 1.00377 0.00485588 -0.000712954
2.37584 1.43434 1.00358 0.00460202 -0.000678184
2.39597 1.43434 1.0034 0.00435745 -0.000643492
2.41611 1.43434 1.00322 0.00412198 -0.00060909
2.43624 1.43434 1.00306 0.00389536 -0.000575169
2.45638 1.43434 1.0029 0.00367736 -0.000541897
2.47651 1.43434 1.00275 0.0034677 -0.000509416
2.49664 1.43434 1.0026 0.00326611 -0.000477848
2.51678 1.43434 1.00247 0.00307229 -0.00044729
2.53691 1.43434 1.00234 0.00288594 -0.000417821
2.55705 1.43434 1.00222 0.00270677 -0.0003895
2.57718 1.43434 1.00211 0.00253447 -0.000362368
2.59732 1.43434 1.002 0.00236871 -0.00033645
2.61745 1.43434 1.0019 0.0022092 -0.000311756
2.63758 1.43434 1.00181 0.00205562 -0.000288282
2.65772 1.43434 1.00172 0.00190766 -0.000266012
2.67785 1.43434 1.00164 0.00176501 -0.00024492
2.69799 1.43434 1.00156 0.00162738 -0.000224966
2.71812 1.43434 1.0015 0.00149448 -0.000206103
2.73826 1.43434 1.00143 0.00136602 -0.000188272
2.75839 1.43434 1.00137 0.00124173 -0.000171405
2.77852 1.43434 1.00132 0.00112134 -0.000155422
2.79866 1.43434 1.00128 0.0010046 -0.000140234
2.81879 1.43434 1.00124 0.000891295 -0.000125736
2.83893 1.43434 1.0012 0.000781201 -0.000111812
2.85906 1.43434 1.00117 0.000674134 -9.83268e-05
2.87919 1.43434 1.00115 0.000569928 -8.51285e-05
2.89933 1.43434 1.00113 0.000468451 -7.20412e-05
2.91946 1.43434 1.00112 0.000369603 -5.88628e-05
2.9396 1.43434 1.00111 0.000273324 -4.53607e-05
2.95973 1.43434 1.00111 0.000179598 -3.12654e-05
2.97987 1.43434 1.00111 8.84548e-05 -1.62654e-05
3 1.43434 1.00112 0 0

0 1.45455 1.05382 0 0
0.0201342 1.45455 1.05437 -0.000843767 0.00305512
0.0402685 1.45455 1.05494 -0.00157274 0.00605253
0.0604027 1.45455 1.05552 -0.00218196 0.00899101
0.0805369 1.45455 1.05612 -0.00266684 0.0118674
0.100671 1.45455 1.05672 -0.00302357 0.0146763
0.120805 1.45455 1.05733 -0.00324966 0.0174113
0.14094 1.45455 1.05795 -0.003344 0.0200646
0.161074 1.45455 1.05856 -0.00330707 0.0226281
0.181208 1.45455 1.05916 -0.00314082 0.0250936
0.201342 1.45455 1.05974 -0.00284859 0.0274532
0.221477 1.45455 1.0603 -0.00243492 0.0296998
0.241611 1.45455 1.06084 -0.00190537 0.0318268
0.261745 1.45455 1.06134 -0.00126627 0.0338286
0.281879 1.45455 1.06181 -0.00052451 0.0357007
0.302013 1.45455 1.06225 0.000312661 0.0374393
0.322148 1.45455 1.06263 0.00123779 0.0390418
0.342282 1.45455 1.06298 0.00224335 0.0405063
0.362416 1.45455 1.06327 0.0033219 0.0418316
0.38255 1.45455 1.06352 0.00446608 0.0430172
0.402685 1.45455 1.06371 0.00566876 0.0440631
0.422819 1.45455 1.06385 0.00692298 0.0449696
0.442953 1.45455 1.06394 0.008222 0.0457376
0.463087 1.45455 1.06396 0.0095593 0.046368
0.483221 1.45455 1.06393 0.0109285 0.046862
0.503356 1.45455 1.06385 0.0123235 0.0472208
0.52349 1.45455 1.0637 0.0137381 0.0474459
0.543624 1.45455 1.0635 0.0151663 0.0475387
0.563758 1.45455 1.06324 0.0166023 0.0475008
0.583893 1.45455 1.06291 0.0180398 0.0473337
0.604027 1.45455 1.06253 0.019473 0.0470391
0.624161 1.45455 1.06209 0.0208956 0.0466188
0.644295 1.45455 1.06159 0.0223013 0.046075
0.66443 1.45455 1.06103 0.0236836 0.0454099
0.684564 1.45455 1.06042 0.0250358 0.0446263
0.704698 1.45455 1.05975 0.0263512 0.0437273
0.724832 1.45455 1.05902 0.0276228 0.0427165
0.744966 1.45455 1.05824 0.0288433 0.0415984
0.765101 1.45455 1.05741 0.0300055 0.0403782
0.785235 1.45455 1.05653 0.0311023 0.0390618
0.805369 1.45455 1.0556 0.0321265 0.0376563
0.825503 1.45455 1.05462 0.0330713 0.0361696
0.845638 1.45455 1.05361 0.0339301 0.034611
0.865772 1.45455 1.05256 0.0346972 0.0329907
0.885906 1.45455 1.05148 0.0353674 0.0313197
0.90604 1.45455 1.05037 0.0359366 0.0296102
0.926174 1.45455 1.04924 0.0364019 0.0278751
0.946309 1.45455 1.04809 0.0367616 0.0261276
0.966443 1.45455 1.04693 0.0370156 0.0243813
0.986577 1.45455 1.04577 0.0371651 0.0226495
1.00671 1.45455 1.0446 0.037213 0.0209452
1.02685 1.45455 1.04344 0.0371636 0.0192806
1.04698 1.45455 1.04229 0.0370222 0.0176666
1.06711 1.45455 1.04116 0.0367956 0.0161129
1.08725 1.45455 1.04004 0.036491 0.0146276
1.10738 1.45455 1.03895 0.0361163 0.013217
1.12752 1.45455 1.03787 0.0356798 0.011886
1.14765 1.45455 1.03682 0.0351894 0.0106375
1.16779 1.45455 1.0358 0.0346533 0.00947332
1.18792 1.45455 1.03481 0.0340789 0.00839351
1.20805 1.45455 1.03384 0.0334733 0.00739713
1.22819 1.45455 1.03289 0.032843 0.00648216
1.24832 1.45455 1.03197 0.0321936 0.0056458
1.26846 1.45455 1.03108 0.0315304 0.00488461
1.28859 1.45455 1.03021 0.0308578 0.0041947
1.30872 1.45455 1.02937 0.0301795 0.00357186
1.32886 1.45455 1.02854 0.0294988 0.00301171
1.34899 1.45455 1.02774 0.0288183 0.0025098
1.36913 1.45455 1.02695 0.0281402 0.0020617
1.38926 1.45455 1.02619 0.0274664 0.00166308
1.4094 1.45455 1.02544 0.0267982 0.00130972
1.42953 1.45455 1.02471 0.0261368 0.000997614
1.44966 1.45455 1.02399 0.0254829 0.000722942
1.4698 1.45455 1.0233 0.0248372 0.00048211
1.48993 1.45455 1.02261 0.0242001 0.000271755
1.51007 1.45455 1.02194 0.023572 8.87457e-05
1.5302 1.45455 1.02128 0.0229531 -6.98189e-05
1.55034 1.45455 1.02063 0.0223435 -0.000206617
1.57047 1.45455 1.02 0.0217431 -0.000324112
1.5906 1.45455 1.01938 0.0211521 -0.000424562
1.61074 1.45455 1.01877 0.0205704 -0.000510032
1.63087 1.45455 1.01817 0.0199979 -0.000582404
1.65101 1.45455 1.01758 0.0194345 -0.000643389
1.67114 1.45455 1.01701 0.0188801 -0.000694538
1.69128 1.45455 1.01644 0.0183347 -0.00073725
1.71141 1.45455 1.01588 0.017798 -0.000772784
1.73154 1.45455 1.01534 0.01727 -0.000802265
1.75168 1.45455 1.0148 0.0167505 -0.000826689
1.77181 1.45455 1.01428 0.0162394 -0.000846934
1.79195 1.45455 1.01376 0.0157365 -0.000863757
1.81208 1.45455 1.01326 0.0152418 -0.000877806
1.83221 1.45455 1.01276 0.014755 -0.000889615
1.85235 1.45455 1.01228 0.014276 -0.000899612
1.87248 1.45455 1.0118 0.0138047 -0.000908121
1.89262 1.45455 1.01134 0.013341 -0.000915366
1.91275 1.45455 1.01089 0.0128847 -0.000921473
1.93289 1.45455 1.01045 0.0124357 -0.000926485
1.95302 1.45455 1.01001 0.011994 -0.000930366
1.97315 1.45455 1.0096 0.0115597 -0.000933015
1.99329 1.45455 1.00919 0.0111326 -0.000934281
2.01342 1.45455 1.00879 0.010713 -0.000933982
2.03356 1.45455 1.0084 0.0103009 -0.000931922
2.05369 1.45455 1.00803 0.00989644 -0.000927908
2.07383 1.45455 1.00767 0.00949993 -0.000921766
2.09396 1.45455 1.00732 0.00911157 -0.000913359
2.11409 1.45455 1.00698 0.0087316 -0.000902592
2.13423 1.45455 1.00665 0.0083603 -0.000889424
2.15436 1.45455 1.00634 0.00799791 -0.000873866
2.1745 1.45455 1.00604 0.00764469 -0.000855983
2.19463 1.45455 1.00575 0.00730085 -0.000835887
2.21477 1.45455 1.00547 0.00696656 -0.000813737
2.2349 1.45455 1.0052 0.00664197 -0.000789722
2.25503 1.45455 1.00494 0.00632719 -0.000764063
2.27517 1.45455 1.0047 0.00602227 -0.000736996
2.2953 1.45455 1.00446 0.00572722 -0.000708768
2.31544 1.45455 1.00424 0.00544201 -0.00067963
2.33557 1.45455 1.00402 0.00516657 -0.000649829
2.3557 1.45455 1.00382 0.00490079 -0.000619605
2.37584 1.45455 1.00362 0.00464453 -0.000589182
2.39597 1.45455 1.00344 0.00439762 -0.000558772
2.41611 1.45455 1.00326 0.00415985 -0.000528565
2.43624 1.45455 1.00309 0.003931 -0.000498734
2.45638 1.45455 1.00293 0.00371083 -0.000469431
2.47651 1.45455 1.00278 0.00349906 -0.000440788
2.49664 1.45455 1.00263 0.00329544 -0.000412917
2.51678 1.45455 1.00249 0.00309967 -0.000385911
2.53691 1.45455 1.00236 0.00291145 -0.000359844
2.55705 1.45455 1.00224 0.00273048 -0.000334773
2.57718 1.45455 1.00213 0.00255645 -0.000310742
2.59732 1.45455 1.00202 0.00238905 -0.000287777
2.61745 1.45455 1.00192 0.00222797 -0.000265893
2.63758 1.45455 1.00182 0.0020729 -0.000245092
2.65772 1.45455 1.00173 0.00192352 -0.000225366
2.67785 1.45455 1.00165 0.00177953 -0.000206697
2.69799 1.45455 1.00158 0.00164062 -0.000189058
2.71812 1.45455 1.00151 0.00150651 -0.000172412
2.73826 1.45455 1.00144 0.00137689 -0.000156716
2.75839 1.45455 1.00138 0.00125149 -0.000141917
2.77852 1.45455 1.00133 0.00113006 -0.000127955
2.79866 1.45455 1.00129 0.00101232 -0.00011476
2.81879 1.45455 1.00124 0.000898061 -0.000102253
2.83893 1.45455 1.00121 0.000787056 -9.03431e-05
2.85906 1.45455 1.00118 0.000679116 -7.89261e-05
2.87919 1.45455 1.00115 0.000574076 -6.78829e-05
2.89933 1.45455 1.00114 0.000471803 -5.70758e-05
2.91946 1.45455 1.00112 0.000372197 -4.63456e-05
2.9396 1.45455 1.00112 0.0002752 -3.55071e-05
2.95973 1.45455 1.00111 0.000180798 -2.43447e-05
2.97987 1.45455 1.00112 8.90274e-05 -1.26068e-05
3 1.45455 1.00113 0 0

0 1.47475 1.05351 0 0
0.0201342 1.47475 1.05406 -0.000845216 0.00294136
0.0402685 1.47475 1.05462 -0.00157678 0.00582152
0.0604027 1.47475 1.05519 -0.00219088 0.00863929
0.0805369 1.47475 1.05577 -0.0026838 0.011392
0.100671 1.47475 1.05635 -0.00305239 0.0140751
0.120805 1.47475 1.05694 -0.0032945 0.0166833
0.14094 1.47475 1.05753 -0.00340914 0.0192101
0.161074 1.47475 1.05811 -0.00339657 0.0216489
0.181208 1.47475 1.05868 -0.00325836 0.0239926
0.201342 1.47475 1.05924 -0.0029973 0.0262347
0.221477 1.47475 1.05977 -0.0026173 0.0283689
0.241611 1.47475 1.06029 -0.0021232 0.0303895
0.261745 1.47475 1.06077 -0.00152062 0.0322916
0.281879 1.47475 1.06122 -0.000815785 0.034071
0.302013 1.47475 1.06163 -1.53483e-05 0.0357245
0.322148 1.47475 1.062 0.00087376 0.0372494
0.342282 1.47475 1.06233 0.00184446 0.0386438
0.362416 1.47475 1.06262 0.00288962 0.0399066
0.38255 1.47475 1.06286 0.00400214 0.041037
0.402685 1.47475 1.06304 0.00517503 0.042035
0.422819 1.47475 1.06318 0.00640139 0.0429007
0.442953 1.47475 1.06326 0.0076745 0.0436347
0.463087 1.47475 1.06329 0.00898778 0.0442378
0.483221 1.47475 1.06326 0.0103348 0.0447109
0.503356 1.47475 1.06318 0.0117091 0.0450554
0.52349 1.47475 1.06304 0.0131047 0.0452724
0.543624 1.47475 1.06285 0.0145151 0.0453634
0.563758 1.47475 1.06259 0.0159344 0.0453298
0.583893 1.47475 1.06228 0.0173563 0.0451732
0.604027 1.47475 1.06192 0.0187747 0.0448955
0.624161 1.47475 1.06149 0.0201832 0.0444985
0.644295 1.47475 1.06101 0.0215755 0.0439844
0.66443 1.47475 1.06047 0.022945 0.0433557
0.684564 1.47475 1.05988 0.0242852 0.0426152
0.704698 1.47475 1.05923 0.0255893 0.0417661
0.724832 1.47475 1.05853 0.0268505 0.0408123
0.744966 1.47475 1.05778 0.0280619 0.0397582
0.765101 1.47475 1.05698 0.0292165 0.0386089
0.785235 1.47475 1.05613 0.0303075 0.0373703
0.805369 1.47475 1.05524 0.0313284 0.0360492
0.825503 1.47475 1.0543 0.0322727 0.0346533
0.845638 1.47475 1.05333 0.0331344 0.0331912
0.865772 1.47475 1.05232 0.0339083 0.0316723
0.885906 1.47475 1.05128 0.0345897 0.030107
0.90604 1.47475 1.05022 0.035175 0.0285064
0.926174 1.47475 1.04913 0.0356614 0.026882
0.946309 1.47475 1.04803 0.0360476 0.0252459
0.966443 1.47475 1.04691 0.0363334 0.0236102
0.986577 1.47475 1.04579 0.0365198 0.0219869
1.00671 1.47475 1.04467 0.0366093 0.0203876
1.02685 1.47475 1.04354 0.0366056 0.0188231
1.04698 1.47475 1.04243 0.0365134 0.0173034
1.06711 1.47475 1.04133 0.0363384 0.0158373
1.08725 1.47475 1.04024 0.0360872 0.0144322
1.10738 1.47475 1.03917 0.0357665 0.0130941
1.12752 1.47475 1.03812 0.0353838 0.0118276
1.14765 1.47475 1.03708 0.0349463 0.0106358
1.16779 1.47475 1.03607 0.0344612 0.00952069
1.18792 1.47475 1.03509 0.0339354 0.00848276
1.20805 1.47475 1.03412 0.0333756 0.00752154
1.22819 1.47475 1.03318 0.0327878 0.00663562
1.24832 1.47475 1.03227 0.0321775 0.00582281
1.26846 1.47475 1.03137 0.0315497 0.00508029
1.28859 1.47475 1.0305 0.0309088 0.00440478
1.30872 1.47475 1.02965 0.0302586 0.00379268
1.32886 1.47475 1.02882 0.0296025 0.00324015
1.34899 1.47475 1.02801 0.0289433 0.00274324
1.36913 1.47475 1.02722 0.0282834 0.00229796
1.38926 1.47475 1.02645 0.0276247 0.00190038
1.4094 1.47475 1.02569 0.0269689 0.00154664
1.42953 1.47475 1.02495 0.0263173 0.00123301
1.44966 1.47475 1.02423 0.025671 0.000955927
1.4698 1.47475 1.02352 0.0250309 0.000712009
1.48993 1.47475 1.02282 0.0243976 0.000498068
1.51007 1.47475 1.02214 0.0237716 0.000311117
1.5302 1.47475 1.02147 0.0231533 0.000148372
1.55034 1.47475 1.02082 0.0225431 7.25034e-06
1.57047 1.47475 1.02018 0.0219411 -0.000114634
1.5906 1.47475 1.01955 0.0213474 -0.000219478
1.61074 1.47475 1.01893 0.0207622 -0.000309298
1.63087 1.47475 1.01832 0.0201855 -0.000385937
1.65101 1.47475 1.01773 0.0196173 -0.000451075
1.67114 1.47475 1.01714 0.0190576 -0.000506235
1.69128 1.47475 1.01657 0.0185064 -0.000552798
1.71141 1.47475 1.01601 0.0179637 -0.000592003
1.73154 1.47475 1.01546 0.0174293 -0.00062496
1.75168 1.47475 1.01492 0.0169033 -0.000652654
1.77181 1.47475 1.01439 0.0163855 -0.000675952
1.79195 1.47475 1.01387 0.0158759 -0.000695605
1.81208 1.47475 1.01336 0.0153744 -0.000712254
1.83221 1.47475 1.01286 0.0148809 -0.000726435
1.85235 1.47475 1.01237 0.0143953 -0.000738582
1.87248 1.47475 1.01189 0.0139174 -0.000749029
1.89262 1.47475 1.01143 0.0134474 -0.000758018
1.91275 1.47475 1.01097 0.0129849 -0.000765705
1.93289 1.47475 1.01053 0.0125302 -0.000772165
1.95302 1.47475 1.01009 0.012083 -0.000777404
1.97315 1.47475 1.00967 0.0116434 -0.00078137
1.99329 1.47475 1.00926 0.0112116 -0.000783965
2.01342 1.47475 1.00886 0.0107874 -0.000785061
2.03356 1.47475 1.00848 0.0103712 -0.000784517
2.05369 1.47475 1.0081 0.00996306 -0.000782189
2.07383 1.47475 1.00774 0.00956312 -0.000777946
2.09396 1.47475 1.00738 0.00917163 -0.000771684
2.11409 1.47475 1.00704 0.00878881 -0.000763332
2.13423 1.47475 1.00672 0.00841488 -0.000752859
2.15436 1.47475 1.0064 0.00805007 -0.000740277
2.1745 1.47475 1.0061 0.00769458 -0.00072564
2.19463 1.47475 1.0058 0.0073486 -0.000709042
2.21477 1.47475 1.00552 0.00701228 -0.000690615
2.2349 1.47475 1.00525 0.00668573 -0.000670518
2.25503 1.47475 1.00499 0.00636904 -0.000648937
2.27517 1.47475 1.00475 0.00606226 -0.000626072
2.2953 1.47475 1.00451 0.00576538 -0.000602134
2.31544 1.47475 1.00428 0.00547838 -0.000577339
2.33557 1.47475 1.00406 0.00520116 -0.0005519
2.3557 1.47475 1.00385 0.00493364 -0.000526027
2.37584 1.47475 1.00366 0.00467566 -0.000499917
2.39597 1.47475 1.00347 0.00442705 -0.000473757
2.41611 1.47475 1.00329 0.00418762 -0.000447716
2.43624 1.47475 1.00312 0.00395715 -0.00042195
2.45638 1.47475 1.00295 0.00373539 -0.000396596
2.47651 1.47475 1.0028 0.00352209 -0.000371775
2.49664 1.47475 1.00265 0.00331698 -0.000347589
2.51678 1.47475 1.00251 0.00311976 -0.000324126
2.53691 1.47475 1.00238 0.00293016 -0.000301456
2.55705 1.47475 1.00226 0.00274786 -0.000279635
2.57718 1.47475 1.00214 0.00257256 -0.000258706
2.59732 1.47475 1.00203 0.00240395 -0.000238697
2.61745 1.47475 1.00193 0.00224172 -0.000219628
2.63758 1.47475 1.00184 0.00208555 -0.000201507
2.65772 1.47475 1.00175 0.00193513 -0.000184332
2.67785 1.47475 1.00166 0.00179015 -0.000168095
2.69799 1.47475 1.00159 0.0016503 -0.000152777
2.71812 1.47475 1.00151 0.00151529 -0.000138357
2.73826 1.47475 1.00145 0.00138483 -0.000124803
2.75839 1.47475 1.00139 0.00125863 -0.000112081
2.77852 1.47475 1.00134 0.00113643 -0.000100149
2.79866 1.47475 1.00129 0.00101797 -8.8957e-05
2.81879 1.47475 1.00125 0.000903009 -7.84513e-05
2.83893 1.47475 1.00121 0.000791339 -6.8568e-05
2.85906 1.47475 1.00118 0.000682762 -5.92339e-05
2.87919 1.47475 1.00116 0.000577113 -5.03646e-05
2.89933 1.47475 1.00114 0.000474256 -4.18616e-05
2.91946 1.47475 1.00113 0.000374094 -3.36096e-05
2.9396 1.47475 1.00112 0.000276569 -2.54728e-05
2.95973 1.47475 1.00112 0.000181672 -1.7291e-05
2.97987 1.47475 1.00112 8.94424e-05 -8.87475e-06
3 1.47475 1.00113 0 0

0 1.49495 1.05319 0 0
0.0201342 1.49495 1.05374 -0.000846864 0.0028283
0.0402685 1.49495 1.05429 -0.00158135 0.00559288
0.0604027 1.49495 1.05485 -0.00220055 0.00829245
0.0805369 1.49495 1.05541 -0.00270142 0.0109246
0.100671 1.49495 1.05598 -0.00308135 0.0134855
0.120805 1.49495 1.05655 -0.00333849 0.0159706
0.14094 1.49495 1.05711 -0.00347193 0.0183747
0.161074 1.49495 1.05767 -0.00348182 0.0206921
0.181208 1.49495 1.05822 -0.00336943 0.0229171
0.201342 1.49495 1.05875 -0.00313714 0.025044
0.221477 1.49495 1.05927 -0.00278832 0.0270676
0.241611 1.49495 1.05976 -0.00232725 0.0289829
0.261745 1.49495 1.06022 -0.00175896 0.0307858
0.281879 1.49495 1.06065 -0.00108913 0.0324726
0.302013 1.49495 1.06105 -0.000323861 0.0340402
0.322148 1.49495 1.06141 0.000530364 0.0354864
0.342282 1.49495 1.06173 0.00146686 0.0368094
0.362416 1.49495 1.06201 0.00247881 0.038008
0.38255 1.49495 1.06224 0.00355937 0.0390814
0.402685 1.49495 1.06242 0.00470169 0.0400296
0.422819 1.49495 1.06255 0.00589898 0.0408525
0.442953 1.49495 1.06264 0.00714457 0.0415505
0.463087 1.49495 1.06267 0.00843184 0.0421245
0.483221 1.49495 1.06264 0.0097543 0.0425751
0.503356 1.49495 1.06257 0.0111055 0.0429036
0.52349 1.49495 1.06243 0.0124792 0.0431111
0.543624 1.49495 1.06225 0.013869 0.0431989
0.563758 1.49495 1.062 0.0152686 0.0431685
0.583893 1.49495 1.06171 0.0166719 0.0430216
0.604027 1.49495 1.06135 0.0180724 0.0427599
0.624161 1.49495 1.06094 0.0194639 0.0423854
0.644295 1.49495 1.06048 0.0208399 0.0419003
0.66443 1.49495 1.05996 0.022194 0.0413072
0.684564 1.49495 1.05939 0.0235195 0.040609
0.704698 1.49495 1.05877 0.02481 0.039809
0.724832 1.49495 1.05809 0.0260586 0.0389111
0.744966 1.49495 1.05737 0.0272589 0.0379195
0.765101 1.49495 1.0566 0.0284041 0.0368395
0.785235 1.49495 1.05578 0.0294878 0.0356766
0.805369 1.49495 1.05492 0.0305038 0.0344375
0.825503 1.49495 1.05402 0.0314461 0.0331293
0.845638 1.49495 1.05308 0.0323093 0.0317602
0.865772 1.49495 1.05211 0.0330884 0.0303389
0.885906 1.49495 1.05111 0.0337793 0.0288751
0.90604 1.49495 1.05009 0.0343785 0.0273786
0.926174 1.49495 1.04904 0.0348837 0.0258602
0.946309 1.49495 1.04798 0.0352936 0.0243306
0.966443 1.49495 1.0469 0.0356079 0.0228008
0.986577 1.49495 1.04582 0.0358275 0.0212816
1.00671 1.49495 1.04473 0.0359547 0.0197832
1.02685 1.49495 1.04364 0.0359924 0.0183155
1.04698 1.49495 1.04256 0.0359449 0.0168875
1.06711 1.49495 1.04148 0.0358172 0.0155071
1.08725 1.49495 1.04042 0.0356148 0.0141812
1.10738 1.49495 1.03937 0.035344 0.0129154
1.12752 1.49495 1.03834 0.0350112 0.0117141
1.14765 1.49495 1.03732 0.034623 0.0105804
1.16779 1.49495 1.03632 0.034186 0.00951635
1.18792 1.49495 1.03535 0.0337065 0.00852283
1.20805 1.49495 1.03439 0.0331905 0.00759975
1.22819 1.49495 1.03346 0.0326439 0.00674613
1.24832 1.49495 1.03254 0.0320718 0.00596031
1.26846 1.49495 1.03165 0.0314791 0.00524
1.28859 1.49495 1.03077 0.0308701 0.00458246
1.30872 1.49495 1.02992 0.0302486 0.00398459
1.32886 1.49495 1.02908 0.029618 0.00344306
1.34899 1.49495 1.02827 0.0289812 0.00295438
1.36913 1.49495 1.02747 0.0283408 0.00251498
1.38926 1.49495 1.02669 0.0276989 0.00212128
1.4094 1.49495 1.02592 0.0270573 0.00176978
1.42953 1.49495 1.02518 0.0264176 0.00145702
1.44966 1.49495 1.02444 0.0257809 0.00117971
1.4698 1.49495 1.02373 0.0251485 0.000934674
1.48993 1.49495 1.02302 0.024521 0.000718909
1.51007 1.49495 1.02233 0.0238993 0.000529585
1.5302 1.49495 1.02166 0.0232839 0.000364048
1.55034 1.49495 1.02099 0.0226752 0.000219824
1.57047 1.49495 1.02034 0.0220736 9.46159e-05
1.5906 1.49495 1.01971 0.0214794 -1.3698e-05
1.61074 1.49495 1.01908 0.0208928 -0.000107072
1.63087 1.49495 1.01847 0.0203139 -0.000187299
1.65101 1.49495 1.01786 0.0197429 -0.000256016
1.67114 1.49495 1.01727 0.0191799 -0.000314712
1.69128 1.49495 1.01669 0.0186249 -0.000364736
1.71141 1.49495 1.01613 0.0180781 -0.000407304
1.73154 1.49495 1.01557 0.0175392 -0.000443504
1.75168 1.49495 1.01502 0.0170085 -0.000474304
1.77181 1.49495 1.01449 0.0164859 -0.000500556
1.79195 1.49495 1.01396 0.0159713 -0.000523
1.81208 1.49495 1.01345 0.0154648 -0.000542272
1.83221 1.49495 1.01295 0.0149662 -0.000558905
1.85235 1.49495 1.01245 0.0144756 -0.000573335
1.87248 1.49495 1.01197 0.0139929 -0.000585907
1.89262 1.49495 1.0115 0.0135181 -0.000596876
1.91275 1.49495 1.01105 0.0130511 -0.000606421
1.93289 1.49495 1.0106 0.012592 -0.000614644
1.95302 1.49495 1.01016 0.0121407 -0.000621587
1.97315 1.49495 1.00974 0.0116973 -0.000627236
1.99329 1.49495 1.00933 0.0112619 -0.000631537
2.01342 1.49495 1.00893 0.0108346 -0.000634406
2.03356 1.49495 1.00854 0.0104155 -0.000635745
2.05369 1.49495 1.00816 0.0100047 -0.000635449
2.07383 1.49495 1.00779 0.00960238 -0.000633423
2.09396 1.49495 1.00744 0.00920878 -0.00062959
2.11409 1.49495 1.0071 0.00882408 -0.000623896
2.13423 1.49495 1.00677 0.00844846 -0.000616319
2.15436 1.49495 1.00645 0.00808213 -0.000606872
2.1745 1.49495 1.00615 0.00772524 -0.000595601
2.19463 1.49495 1.00585 0.00737797 -0.000582584
2.21477 1.49495 1.00557 0.00704043 -0.00056793
2.2349 1.49495 1.0053 0.00671272 -0.000551774
2.25503 1.49495 1.00503 0.00639492 -0.000534271
2.27517 1.49495 1.00478 0.00608705 -0.000515589
2.2953 1.49495 1.00454 0.0057891 -0.00049591
2.31544 1.49495 1.00432 0.00550103 -0.000475416
2.33557 1.49495 1.0041 0.00522276 -0.000454293
2.3557 1.49495 1.00389 0.00495418 -0.000432721
2.37584 1.49495 1.00369 0.00469516 -0.000410873
2.39597 1.49495 1.0035 0.00444551 -0.000388913
2.41611 1.49495 1.00331 0.00420505 -0.000366992
2.43624 1.49495 1.00314 0.00397357 -0.000345247
2.45638 1.49495 1.00298 0.00375082 -0.000323803
2.47651 1.49495 1.00282 0.00353655 -0.000302768
2.49664 1.49495 1.00267 0.00333049 -0.000282237
2.51678 1.49495 1.00253 0.00313236 -0.00026229
2.53691 1.49495 1.0024 0.00294188 -0.000242994
2.55705 1.49495 1.00227 0.00275873 -0.000224403
2.57718 1.49495 1.00216 0.00258262 -0.000206559
2.59732 1.49495 1.00205 0.00241324 -0.000189494
2.61745 1.49495 1.00194 0.00225027 -0.000173229
2.63758 1.49495 1.00185 0.0020934 -0.000157778
2.65772 1.49495 1.00175 0.00194232 -0.000143146
2.67785 1.49495 1.00167 0.00179671 -0.000129332
2.69799 1.49495 1.00159 0.00165628 -0.00011633
2.71812 1.49495 1.00152 0.00152072 -0.000104129
2.73826 1.49495 1.00146 0.00138973 -9.27133e-05
2.75839 1.49495 1.0014 0.00126303 -8.20629e-05
2.77852 1.49495 1.00134 0.00114036 -7.21552e-05
2.79866 1.49495 1.00129 0.00102145 -6.29633e-05
2.81879 1.49495 1.00125 0.000906068 -5.44566e-05
2.83893 1.49495 1.00122 0.000793988 -4.65994e-05
2.85906 1.49495 1.00119 0.000685019 -3.93503e-05
2.87919 1.49495 1.00116 0.000578993 -3.26604e-05
2.89933 1.49495 1.00114 0.000475774 -2.64717e-05
2.91946 1.49495 1.00113 0.000375266 -2.07141e-05
2.9396 1.49495 1.00112 0.000277412 -1.53029e-05
2.95973 1.49495 1.00112 0.000182207 -1.0135e-05
2.97987 1.49495 1.00112 8.9694e-05 -5.08489e-06
3 1.49495 1.00114 0 0

0 1.51515 1.05287 0 0
0.0201342 1.51515 1.05341 -0.000848702 0.00271621
0.0402685 1.51515 1.05395 -0.00158648 0.00536693
0.0604027 1.51515 1.0545 -0.0022111 0.00795067
0.0805369 1.51515 1.05505 -0.00272002 0.0104651
0.100671 1.51515 1.0556 -0.00311105 0.012907
0.120805 1.51515 1.05615 -0.00338258 0.0152724
0.14094 1.51515 1.0567 -0.00353377 0.017557
0.161074 1.51515 1.05724 -0.00356468 0.0197561
0.181208 1.51515 1.05777 -0.00347637 0.021865
0.201342 1.51515 1.05828 -0.00327087 0.0238791
0.221477 1.51515 1.05878 -0.00295116 0.0257938
0.241611 1.51515 1.05925 -0.00252104 0.0276051
0.261745 1.51515 1.0597 -0.00198509 0.0293095
0.281879 1.51515 1.06012 -0.00134849 0.0309039
0.302013 1.51515 1.06051 -0.00061691 0.0323855
0.322148 1.51515 1.06086 0.000203578 0.0337524
0.342282 1.51515 1.06117 0.00110663 0.035003
0.362416 1.51515 1.06144 0.00208574 0.0361362
0.38255 1.51515 1.06166 0.00313427 0.0371513
0.402685 1.51515 1.06184 0.00424555 0.0380481
0.422819 1.51515 1.06198 0.00541292 0.0388266
0.442953 1.51515 1.06206 0.00662976 0.0394872
0.463087 1.51515 1.06209 0.00788947 0.0400305
0.483221 1.51515 1.06207 0.00918556 0.0404571
0.503356 1.51515 1.062 0.0105116 0.0407682
0.52349 1.51515 1.06188 0.0118611 0.0409649
0.543624 1.51515 1.0617 0.0132278 0.0410484
0.563758 1.51515 1.06147 0.0146052 0.0410203
0.583893 1.51515 1.06118 0.0159872 0.040882
0.604027 1.51515 1.06084 0.0173673 0.0406354
0.624161 1.51515 1.06045 0.0187392 0.0402826
0.644295 1.51515 1.06 0.0200964 0.0398258
0.66443 1.51515 1.0595 0.0214326 0.0392675
0.684564 1.51515 1.05895 0.0227413 0.0386107
0.704698 1.51515 1.05835 0.024016 0.0378587
0.724832 1.51515 1.0577 0.0252502 0.0370153
0.744966 1.51515 1.057 0.0264376 0.0360848
0.765101 1.51515 1.05626 0.0275717 0.0350721
0.785235 1.51515 1.05547 0.0286465 0.0339828
0.805369 1.51515 1.05464 0.0296561 0.032823
0.825503 1.51515 1.05377 0.030595 0.0315996
0.845638 1.51515 1.05287 0.031458 0.0303201
0.865772 1.51515 1.05193 0.0322407 0.0289928
0.885906 1.51515 1.05097 0.0329391 0.0276262
0.90604 1.51515 1.04998 0.0335501 0.0262297
0.926174 1.51515 1.04897 0.0340717 0.0248128
0.946309 1.51515 1.04794 0.0345025 0.0233852
0.966443 1.51515 1.0469 0.0348422 0.021957
0.986577 1.51515 1.04585 0.0350916 0.0205376
1.00671 1.51515 1.04479 0.0352526 0.0191364
1.02685 1.51515 1.04373 0.0353278 0.0177623
1.04698 1.51515 1.04268 0.0353208 0.0164234
1.06711 1.51515 1.04163 0.035236 0.0151268
1.08725 1.51515 1.04059 0.0350784 0.013879
1.10738 1.51515 1.03956 0.0348535 0.012685
1.12752 1.51515 1.03854 0.0345669 0.0115492
1.14765 1.51515 1.03754 0.0342247 0.0104745
1.16779 1.51515 1.03656 0.0338327 0.00946312
1.18792 1.51515 1.03559 0.0333969 0.00851605
1.20805 1.51515 1.03464 0.0329227 0.00763351
1.22819 1.51515 1.03371 0.0324157 0.00681493
1.24832 1.51515 1.03279 0.0318808 0.00605904
1.26846 1.51515 1.0319 0.0313226 0.00536401
1.28859 1.51515 1.03102 0.0307453 0.00472756
1.30872 1.51515 1.03017 0.0301527 0.00414705
1.32886 1.51515 1.02933 0.0295481 0.00361957
1.34899 1.51515 1.02851 0.0289347 0.00314206
1.36913 1.51515 1.0277 0.0283149 0.00271133
1.38926 1.51515 1.02691 0.0276911 0.00232416
1.4094 1.51515 1.02614 0.0270653 0.00197735
1.42953 1.51515 1.02539 0.026439 0.00166775
1.44966 1.51515 1.02465 0.0258138 0.0013923
1.4698 1.51515 1.02392 0.0251909 0.00114804
1.48993 1.51515 1.02321 0.0245713 0.000932171
1.51007 1.51515 1.02251 0.0239558 0.000742017
1.5302 1.51515 1.02183 0.0233453 0.000575066
1.55034 1.51515 1.02116 0.0227401 0.000428962
1.57047 1.51515 1.0205 0.022141 0.000301509
1.5906 1.51515 1.01985 0.0215482 0.00019067
1.61074 1.51515 1.01922 0.0209622 9.45638e-05
1.63087 1.51515 1.0186 0.0203832 1.14581e-05
1.65101 1.51515 1.01799 0.0198114 -6.02318e-05
1.67114 1.51515 1.01739 0.0192469 -0.000121951
1.69128 1.51515 1.01681 0.0186901 -0.000175012
1.71141 1.51515 1.01623 0.0181409 -0.000220598
1.73154 1.51515 1.01567 0.0175995 -0.00025977
1.75168 1.51515 1.01512 0.0170659 -0.000293473
1.77181 1.51515 1.01458 0.0165402 -0.000322541
1.79195 1.51515 1.01405 0.0160224 -0.000347699
1.81208 1.51515 1.01353 0.0155126 -0.000369573
1.83221 1.51515 1.01302 0.0150107 -0.000388692
1.85235 1.51515 1.01253 0.0145167 -0.000405492
1.87248 1.51515 1.01205 0.0140307 -0.000420321
1.89262 1.51515 1.01157 0.0135527 -0.000433449
1.91275 1.51515 1.01111 0.0130827 -0.000445068
1.93289 1.51515 1.01066 0.0126207 -0.000455304
1.95302 1.51515 1.01022 0.0121668 -0.000464227
1.97315 1.51515 1.0098 0.011721 -0.000471853
1.99329 1.51515 1.00938 0.0112833 -0.000478164
2.01342 1.51515 1.00898 0.010854 -0.000483111
2.03356 1.51515 1.00859 0.0104332 -0.000486629
2.05369 1.51515 1.00821 0.0100209 -0.000488645
2.07383 1.51515 1.00784 0.00961732 -0.000489092
2.09396 1.51515 1.00749 0.00922265 -0.000487912
2.11409 1.51515 1.00715 0.00883705 -0.000485069
2.13423 1.51515 1.00681 0.0084607 -0.000480546
2.15436 1.51515 1.0065 0.00809374 -0.000474357
2.1745 1.51515 1.00619 0.00773635 -0.000466539
2.19463 1.51515 1.00589 0.00738864 -0.000457159
2.21477 1.51515 1.00561 0.00705072 -0.000446306
2.2349 1.51515 1.00533 0.00672268 -0.000434093
2.25503 1.51515 1.00507 0.00640456 -0.000420649
2.27517 1.51515 1.00482 0.00609637 -0.000406115
2.2953 1.51515 1.00458 0.0057981 -0.000390646
2.31544 1.51515 1.00434 0.00550971 -0.000374396
2.33557 1.51515 1.00412 0.0052311 -0.000357525
2.3557 1.51515 1.00391 0.00496217 -0.000340188
2.37584 1.51515 1.00371 0.00470278 -0.000322535
2.39597 1.51515 1.00352 0.00445275 -0.000304709
2.41611 1.51515 1.00333 0.00421191 -0.000286842
2.43624 1.51515 1.00316 0.00398002 -0.000269057
2.45638 1.51515 1.00299 0.00375687 -0.000251464
2.47651 1.51515 1.00284 0.0035422 -0.000234162
2.49664 1.51515 1.00269 0.00333575 -0.000217237
2.51678 1.51515 1.00255 0.00313724 -0.000200761
2.53691 1.51515 1.00241 0.00294638 -0.000184799
2.55705 1.51515 1.00229 0.00276287 -0.000169401
2.57718 1.51515 1.00217 0.00258642 -0.000154609
2.59732 1.51515 1.00205 0.00241671 -0.000140457
2.61745 1.51515 1.00195 0.00225344 -0.000126969
2.63758 1.51515 1.00185 0.00209628 -0.000114162
2.65772 1.51515 1.00176 0.00194493 -0.000102049
2.67785 1.51515 1.00168 0.00179908 -9.06378e-05
2.69799 1.51515 1.0016 0.00165842 -7.9931e-05
2.71812 1.51515 1.00152 0.00152265 -6.99295e-05
2.73826 1.51515 1.00146 0.00139147 -6.06317e-05
2.75839 1.51515 1.0014 0.0012646 -5.20346e-05
2.77852 1.51515 1.00134 0.00114176 -4.41339e-05
2.79866 1.51515 1.0013 0.0010227 -3.69248e-05
2.81879 1.51515 1.00125 0.000907163 -3.04012e-05
2.83893 1.51515 1.00122 0.000794942 -2.45561e-05
2.85906 1.51515 1.00119 0.000685835 -1.93802e-05
2.87919 1.51515 1.00116 0.000579674 -1.48614e-05
2.89933 1.51515 1.00114 0.000476324 -1.0983e-05
2.91946 1.51515 1.00113 0.000375687 -7.72164e-06
2.9396 1.51515 1.00112 0.00027771 -5.04505e-06
2.95973 1.51515 1.00112 0.000182391 -2.90897e-06
2.97987 1.51515 1.00112 8.97765e-05 -1.25362e-06
3 1.51515 1.00113 0 0

0 1.53535 1.05254 0 0
0.0201342 1.53535 1.05307 -0.000850722 0.0026054
0.0402685 1.53535 1.05361 -0.00159218 0.00514409
0.0604027 1.53535 1.05414 -0.0022226 0.00761428
0.0805369 1.53535 1.05468 -0.00273981 0.0100137
0.100671 1.53535 1.05522 -0.00314192 0.0123393
0.120805 1.53535 1.05576 -0.00342747 0.014588
0.14094 1.53535 1.05629 -0.00359566 0.0167561
0.161074 1.53535 1.05681 -0.00364651 0.0188397
0.181208 1.53535 1.05733 -0.00358089 0.020835
0.201342 1.53535 1.05783 -0.00340058 0.0227383
0.221477 1.53535 1.05831 -0.00310822 0.0245459
0.241611 1.53535 1.05877 -0.00270728 0.0262546
0.261745 1.53535 1.05921 -0.00220192 0.0278614
0.281879 1.53535 1.05962 -0.00159694 0.0293637
0.302013 1.53535 1.05999 -0.000897646 0.0307594
0.322148 1.53535 1.06034 -0.000109763 0.0320467
0.342282 1.53535 1.06064 0.000760678 0.0332244
0.362416 1.53535 1.06091 0.00170742 0.0342914
0.38255 1.53535 1.06113 0.00272404 0.0352472
0.402685 1.53535 1.06131 0.00380406 0.0360916
0.422819 1.53535 1.06144 0.00494093 0.0368245
0.442953 1.53535 1.06153 0.0061281 0.0374464
0.463087 1.53535 1.06156 0.00735906 0.0379577
0.483221 1.53535 1.06155 0.00862729 0.0383592
0.503356 1.53535 1.06148 0.00992636 0.0386518
0.52349 1.53535 1.06137 0.0112498 0.0388366
0.543624 1.53535 1.0612 0.0125913 0.0389148
0.563758 1.53535 1.06098 0.0139445 0.0388879
0.583893 1.53535 1.0607 0.015303 0.0387574
0.604027 1.53535 1.06038 0.0166604 0.0385252
0.624161 1.53535 1.06 0.0180104 0.0381931
0.644295 1.53535 1.05957 0.0193467 0.0377636
0.66443 1.53535 1.05909 0.020663 0.0372392
0.684564 1.53535 1.05856 0.0219527 0.0366227
0.704698 1.53535 1.05798 0.0232097 0.0359174
0.724832 1.53535 1.05735 0.0244277 0.0351272
0.744966 1.53535 1.05668 0.0256004 0.0342561
0.765101 1.53535 1.05596 0.0267218 0.0333089
0.785235 1.53535 1.0552 0.0277862 0.0322908
0.805369 1.53535 1.0544 0.0287879 0.0312078
0.825503 1.53535 1.05356 0.0297218 0.0300662
0.845638 1.53535 1.05268 0.030583 0.0288731
0.865772 1.53535 1.05178 0.0313675 0.027636
0.885906 1.53535 1.05085 0.0320715 0.0263629
0.90604 1.53535 1.04989 0.0326922 0.0250622
0.926174 1.53535 1.04891 0.0332277 0.0237426
0.946309 1.53535 1.04791 0.0336766 0.0224129
0.966443 1.53535 1.0469 0.0340387 0.0210821
0.986577 1.53535 1.04588 0.0343146 0.0197587
1.00671 1.53535 1.04485 0.0345058 0.0184513
1.02685 1.53535 1.04383 0.0346146 0.0171678
1.04698 1.53535 1.0428 0.0346442 0.0159154
1.06711 1.53535 1.04177 0.0345984 0.0147007
1.08725 1.53535 1.04075 0.0344816 0.0135297
1.10738 1.53535 1.03974 0.0342987 0.012407
1.12752 1.53535 1.03874 0.0340548 0.0113366
1.14765 1.53535 1.03775 0.0337552 0.0103215
1.16779 1.53535 1.03677 0.0334054 0.00936384
1.18792 1.53535 1.03581 0.0330106 0.00846478
1.20805 1.53535 1.03487 0.0325762 0.00762475
1.22819 1.53535 1.03394 0.0321071 0.00684346
1.24832 1.53535 1.03303 0.0316081 0.00611999
1.26846 1.53535 1.03213 0.0310835 0.00545288
1.28859 1.53535 1.03126 0.0305374 0.00484024
1.30872 1.53535 1.0304 0.0299736 0.00427982
1.32886 1.53535 1.02955 0.0293955 0.00376911
1.34899 1.53535 1.02873 0.0288059 0.00330542
1.36913 1.53535 1.02792 0.0282076 0.00288591
1.38926 1.53535 1.02712 0.027603 0.00250769
1.4094 1.53535 1.02634 0.0269942 0.00216786
1.42953 1.53535 1.02558 0.0263828 0.00186355
1.44966 1.53535 1.02483 0.0257707 0.00159193
1.4698 1.53535 1.0241 0.0251589 0.00135026
1.48993 1.53535 1.02338 0.0245489 0.00113594
1.51007 1.53535 1.02267 0.0239415 0.000946455
1.5302 1.53535 1.02198 0.0233376 0.000779437
1.55034 1.53535 1.0213 0.022738 0.000632659
1.57047 1.53535 1.02064 0.0221432 0.000504034
1.5906 1.53535 1.01999 0.0215538 0.000391619
1.61074 1.53535 1.01935 0.0209703 0.000293613
1.63087 1.53535 1.01872 0.020393 0.000208355
1.65101 1.53535 1.0181 0.0198223 0.00013432
1.67114 1.53535 1.0175 0.0192583 7.01129e-05
1.69128 1.53535 1.01691 0.0187015 1.44683e-05
1.71141 1.53535 1.01633 0.0181519 -3.37596e-05
1.73154 1.53535 1.01576 0.0176097 -7.55994e-05
1.75168 1.53535 1.0152 0.017075 -0.000111968
1.77181 1.53535 1.01466 0.016548 -0.000143676
1.79195 1.53535 1.01412 0.0160287 -0.000171432
1.81208 1.53535 1.0136 0.0155173 -0.000195848
1.83221 1.53535 1.01309 0.0150137 -0.000217443
1.85235 1.53535 1.01259 0.0145181 -0.00023665
1.87248 1.53535 1.01211 0.0140304 -0.00025382
1.89262 1.53535 1.01163 0.0135508 -0.000269228
1.91275 1.53535 1.01117 0.0130793 -0.000283078
1.93289 1.53535 1.01072 0.0126159 -0.000295516
1.95302 1.53535 1.01028 0.0121607 -0.000306628
1.97315 1.53535 1.00985 0.0117138 -0.000316459
1.99329 1.53535 1.00943 0.0112753 -0.000325015
2.01342 1.53535 1.00903 0.0108453 -0.000332275
2.03356 1.53535 1.00863 0.0104239 -0.0003382
2.05369 1.53535 1.00825 0.0100112 -0.000342744
2.07383 1.53535 1.00789 0.00960747 -0.000345859
2.09396 1.53535 1.00753 0.00921278 -0.000347506
2.11409 1.53535 1.00718 0.0088273 -0.000347657
2.13423 1.53535 1.00685 0.00845117 -0.000346303
2.15436 1.53535 1.00653 0.00808454 -0.000343456
2.1745 1.53535 1.00622 0.00772754 -0.000339146
2.19463 1.53535 1.00592 0.00738027 -0.00033343
2.21477 1.53535 1.00564 0.00704282 -0.00032638
2.2349 1.53535 1.00536 0.00671526 -0.000318089
2.25503 1.53535 1.0051 0.00639762 -0.000308664
2.27517 1.53535 1.00484 0.00608991 -0.000298225
2.2953 1.53535 1.0046 0.00579209 -0.0002869
2.31544 1.53535 1.00437 0.00550411 -0.00027482
2.33557 1.53535 1.00414 0.00522589 -0.000262121
2.3557 1.53535 1.00393 0.00495732 -0.000248934
2.37584 1.53535 1.00373 0.00469824 -0.000235391
2.39597 1.53535 1.00353 0.0044485 -0.000221614
2.41611 1.53535 1.00335 0.00420791 -0.00020772
2.43624 1.53535 1.00317 0.00397626 -0.000193815
2.45638 1.53535 1.00301 0.00375331 -0.000179999
2.47651 1.53535 1.00285 0.00353882 -0.000166358
2.49664 1.53535 1.0027 0.00333253 -0.000152971
2.51678 1.53535 1.00255 0.00313417 -0.000139904
2.53691 1.53535 1.00242 0.00294345 -0.000127217
2.55705 1.53535 1.00229 0.00276009 -0.000114958
2.57718 1.53535 1.00217 0.00258376 -0.000103169
2.59732 1.53535 1.00206 0.00241419 -9.18831e-05
2.61745 1.53535 1.00195 0.00225105 -8.11277e-05
2.63758 1.53535 1.00186 0.00209403 -7.09251e-05
2.65772 1.53535 1.00176 0.00194282 -6.12934e-05
2.67785 1.53535 1.00168 0.00179711 -5.22475e-05
2.69799 1.53535 1.0016 0.0016566 -4.38007e-05
2.71812 1.53535 1.00153 0.00152097 -3.5965e-05
2.73826 1.53535 1.00146 0.00138995 -2.87526e-05
2.75839 1.53535 1.0014 0.00126322 -2.21765e-05
2.77852 1.53535 1.00134 0.00114053 -1.62516e-05
2.79866 1.53535 1.0013 0.00102162 -1.09945e-05
2.81879 1.53535 1.00125 0.000906224 -6.42452e-06
2.83893 1.53535 1.00122 0.000794137 -2.56331e-06
2.85906 1.53535 1.00118 0.000685156 5.65297e-07
2.87919 1.53535 1.00116 0.000579112 2.93601e-06
2.89933 1.53535 1.00114 0.000475869 4.52308e-06
2.91946 1.53535 1.00113 0.000375331 5.30185e-06
2.9396 1.53535 1.00112 0.000277445 5.25067e-06
2.95973 1.53535 1.00112 0.000182212 4.35331e-06
2.97987 1.53535 1.00112 8.9684e-05 2.6019e-06
3 1.53535 1.00113 0 0

0 1.55556 1.05221 0 0
0.0201342 1.55556 1.05274 -0.000852913 0.0024962
0.0402685 1.55556 1.05326 -0.00159844 0.00492481
0.0604027 1.55556 1.05379 -0.0022351 0.00728369
0.0805369 1.55556 1.05431 -0.00276093 0.0095705
0.100671 1.55556 1.05484 -0.00317422 0.0117826
0.120805 1.55556 1.05536 -0.00347361 0.0139172
0.14094 1.55556 1.05588 -0.00365831 0.0159713
0.161074 1.55556 1.0564 -0.00372827 0.0179418
0.181208 1.55556 1.0569 -0.00368422 0.0198258
0.201342 1.55556 1.05739 -0.00352776 0.0216203
0.221477 1.55556 1.05786 -0.00326127 0.0233225
0.241611 1.55556 1.05831 -0.00288792 0.0249299
0.261745 1.55556 1.05874 -0.00241159 0.02644
0.281879 1.55556 1.05914 -0.00183676 0.027851
0.302013 1.55556 1.05951 -0.00116843 0.029161
0.322148 1.55556 1.05985 -0.000412035 0.0303688
0.342282 1.55556 1.06015 0.000426644 0.0314732
0.362416 1.55556 1.06041 0.00134158 0.0324736
0.38255 1.55556 1.06064 0.00232657 0.0333695
0.402685 1.55556 1.06081 0.00337527 0.0341606
0.422819 1.55556 1.06095 0.00448127 0.0348472
0.442953 1.55556 1.06104 0.00563812 0.0354294
0.463087 1.55556 1.06108 0.00683936 0.0359079
0.483221 1.55556 1.06107 0.00807856 0.0362833
0.503356 1.55556 1.06101 0.00934927 0.0365565
0.52349 1.55556 1.06091 0.0106451 0.0367285
0.543624 1.55556 1.06075 0.0119597 0.0368005
0.563758 1.55556 1.06054 0.0132867 0.0367739
0.583893 1.55556 1.06028 0.0146197 0.0366504
0.604027 1.55556 1.05996 0.0159525 0.0364316
0.624161 1.55556 1.0596 0.0172787 0.0361195
0.644295 1.55556 1.05919 0.0185921 0.0357164
0.66443 1.55556 1.05872 0.0198864 0.0352247
0.684564 1.55556 1.05821 0.0211554 0.0346474
0.704698 1.55556 1.05765 0.0223929 0.0339876
0.724832 1.55556 1.05704 0.0235929 0.033249
0.744966 1.55556 1.05639 0.0247494 0.0324355
0.765101 1.55556 1.0557 0.0258565 0.0315518
0.785235 1.55556 1.05496 0.0269089 0.0306027
0.805369 1.55556 1.05419 0.0279011 0.0295939
0.825503 1.55556 1.05337 0.0288284 0.0285312
0.845638 1.55556 1.05253 0.0296861 0.0274213
0.865772 1.55556 1.05165 0.0304705 0.026271
0.885906 1.55556 1.05075 0.0311782 0.0250876
0.90604 1.55556 1.04982 0.0318064 0.0238789
0.926174 1.55556 1.04887 0.0323533 0.0226526
0.946309 1.55556 1.0479 0.0328176 0.0214169
0.966443 1.55556 1.04692 0.0331991 0.0201797
0.986577 1.55556 1.04592 0.0334982 0.0189488
1.00671 1.55556 1.04492 0.0337161 0.0177318
1.02685 1.55556 1.04391 0.0338549 0.0165358
1.04698 1.55556 1.04291 0.0339174 0.0153675
1.06711 1.55556 1.0419 0.0339068 0.0142329
1.08725 1.55556 1.0409 0.0338271 0.0131372
1.10738 1.55556 1.0399 0.0336825 0.0120849
1.12752 1.55556 1.03891 0.0334778 0.0110798
1.14765 1.55556 1.03794 0.0332176 0.0101245
1.16779 1.55556 1.03697 0.032907 0.00922135
1.18792 1.55556 1.03602 0.0325509 0.00837148
1.20805 1.55556 1.03508 0.032154 0.00757549
1.22819 1.55556 1.03415 0.031721 0.00683333
1.24832 1.55556 1.03324 0.0312565 0.00614433
1.26846 1.55556 1.03235 0.0307645 0.00550736
1.28859 1.55556 1.03147 0.0302491 0.00492086
1.30872 1.55556 1.03061 0.0297138 0.00438293
1.32886 1.55556 1.02976 0.029162 0.00389138
1.34899 1.55556 1.02893 0.0285966 0.00344387
1.36913 1.55556 1.02812 0.0280205 0.00303788
1.38926 1.55556 1.02732 0.0274359 0.00267082
1.4094 1.55556 1.02653 0.026845 0.00234007
1.42953 1.55556 1.02576 0.0262499 0.00204301
1.44966 1.55556 1.02501 0.025652 0.00177706
1.4698 1.55556 1.02426 0.025053 0.00153969
1.48993 1.55556 1.02354 0.0244541 0.00132848
1.51007 1.55556 1.02283 0.0238564 0.0011411
1.5302 1.55556 1.02213 0.023261 0.000975312
1.55034 1.55556 1.02144 0.0226686 0.000829033
1.57047 1.55556 1.02077 0.02208 0.000700288
1.5906 1.55556 1.02011 0.0214958 0.000587235
1.61074 1.55556 1.01946 0.0209167 0.000488161
1.63087 1.55556 1.01883 0.020343 0.000401482
1.65101 1.55556 1.0182 0.0197751 0.00032574
1.67114 1.55556 1.01759 0.0192136 0.0002596
1.69128 1.55556 1.017 0.0186585 0.000201845
1.71141 1.55556 1.01641 0.0181103 0.000151375
1.73154 1.55556 1.01584 0.0175691 0.000107199
1.75168 1.55556 1.01528 0.0170352 6.84316e-05
1.77181 1.55556 1.01473 0.0165086 3.42907e-05
1.79195 1.55556 1.01419 0.0159896 4.08934e-06
1.81208 1.55556 1.01366 0.0154783 -2.27671e-05
1.83221 1.55556 1.01315 0.0149747 -4.67861e-05
1.85235 1.55556 1.01265 0.014479 -6.83929e-05
1.87248 1.55556 1.01216 0.0139913 -8.79362e-05
1.89262 1.55556 1.01168 0.0135116 -0.000105693
1.91275 1.55556 1.01121 0.0130401 -0.000121877
1.93289 1.55556 1.01076 0.0125768 -0.000136643
1.95302 1.55556 1.01032 0.0121218 -0.000150093
1.97315 1.55556 1.00989 0.0116752 -0.000162291
1.99329 1.55556 1.00947 0.0112371 -0.000173262
2.01342 1.55556 1.00906 0.0108076 -0.000183006
2.03356 1.55556 1.00867 0.0103869 -0.000191506
2.05369 1.55556 1.00829 0.00997508 -0.000198733
2.07383 1.55556 1.00792 0.00957228 -0.000204656
2.09396 1.55556 1.00756 0.00917864 -0.000209248
2.11409 1.55556 1.00721 0.0087943 -0.00021249
2.13423 1.55556 1.00688 0.0084194 -0.000214376
2.15436 1.55556 1.00656 0.00805405 -0.000214915
2.1745 1.55556 1.00625 0.00769836 -0.000214134
2.19463 1.55556 1.00595 0.00735243 -0.000212078
2.21477 1.55556 1.00566 0.00701633 -0.000208805
2.2349 1.55556 1.00538 0.0066901 -0.000204392
2.25503 1.55556 1.00512 0.00637376 -0.000198926
2.27517 1.55556 1.00486 0.00606731 -0.000192507
2.2953 1.55556 1.00462 0.00577072 -0.00018524
2.31544 1.55556 1.00438 0.00548392 -0.000177237
2.33557 1.55556 1.00416 0.00520682 -0.00016861
2.3557 1.55556 1.00394 0.00493931 -0.000159474
2.37584 1.55556 1.00374 0.00468125 -0.000149937
2.39597 1.55556 1.00355 0.00443247 -0.000140108
2.41611 1.55556 1.00336 0.00419279 -0.000130086
2.43624 1.55556 1.00318 0.00396199 -0.000119964
2.45638 1.55556 1.00301 0.00373986 -0.000109831
2.47651 1.55556 1.00285 0.00352614 -9.97618e-05
2.49664 1.55556 1.0027 0.00332059 -8.98279e-05
2.51678 1.55556 1.00256 0.00312292 -8.00904e-05
2.53691 1.55556 1.00242 0.00293288 -7.06032e-05
2.55705 1.55556 1.0023 0.00275015 -6.14129e-05
2.57718 1.55556 1.00218 0.00257445 -5.25593e-05
2.59732 1.55556 1.00206 0.00240547 -4.4077e-05
2.61745 1.55556 1.00196 0.00224291 -3.59955e-05
2.63758 1.55556 1.00186 0.00208646 -2.8341e-05
2.65772 1.55556 1.00176 0.00193581 -2.11371e-05
2.67785 1.55556 1.00168 0.00179064 -1.44059e-05
2.69799 1.55556 1.0016 0.00165066 -8.16986e-06
2.71812 1.55556 1.00153 0.00151555 -2.45213e-06
2.73826 1.55556 1.00146 0.00138503 2.72164e-06
2.75839 1.55556 1.0014 0.0012588 7.32247e-06
2.77852 1.55556 1.00134 0.00113658 1.1317e-05
2.79866 1.55556 1.00129 0.00101812 1.46666e-05
2.81879 1.55556 1.00125 0.000903173 1.73268e-05
2.83893 1.55556 1.00121 0.000791508 1.92467e-05
2.85906 1.55556 1.00118 0.000682927 2.0369e-05
2.87919 1.55556 1.00116 0.000577262 2.063e-05
2.89933 1.55556 1.00114 0.000474374 1.99605e-05
2.91946 1.55556 1.00112 0.000374169 1.82867e-05
2.9396 1.55556 1.00111 0.000276596 1.55313e-05
2.95973 1.55556 1.00111 0.000181658 1.16161e-05
2.97987 1.55556 1.00112 8.9411e-05 6.4636e-06
3 1.55556 1.00113 0 0

0 1.57576 1.05188 0 0
0.0201342 1.57576 1.0524 -0.000855263 0.00238894
0.0402685 1.57576 1.05291 -0.00160525 0.00470958
0.0604027 1.57576 1.05343 -0.00224861 0.0069594
0.0805369 1.57576 1.05394 -0.00278345 0.00913598
0.100671 1.57576 1.05446 -0.00320813 0.0112369
0.120805 1.57576 1.05497 -0.00352129 0.0132598
0.14094 1.57576 1.05548 -0.00372214 0.0152022
0.161074 1.57576 1.05599 -0.00381055 0.0170619
0.181208 1.57576 1.05648 -0.00378716 0.0188366
0.201342 1.57576 1.05696 -0.00365339 0.0205241
0.221477 1.57576 1.05743 -0.00341145 0.0221224
0.241611 1.57576 1.05787 -0.00306429 0.0236297
0.261745 1.57576 1.0583 -0.00261556 0.0250442
0.281879 1.57576 1.05869 -0.0020695 0.0263645
0.302013 1.57576 1.05906 -0.00143087 0.0275894
0.322148 1.57576 1.05939 -0.000704892 0.0287179
0.342282 1.57576 1.05969 0.000102894 0.0297491
0.362416 1.57576 1.05996 0.000986653 0.0306827
0.38255 1.57576 1.06018 0.00194035 0.0315183
0.402685 1.57576 1.06036 0.00295779 0.0322558
0.422819 1.57576 1.0605 0.00403271 0.0328954
0.442953 1.57576 1.06059 0.00515875 0.0334374
0.463087 1.57576 1.06064 0.00632954 0.0338823
0.483221 1.57576 1.06064 0.00753872 0.0342309
0.503356 1.57576 1.06059 0.00877989 0.0344839
0.52349 1.57576 1.06049 0.0100467 0.0346424
0.543624 1.57576 1.06034 0.0113329 0.0347075
0.563758 1.57576 1.06014 0.012632 0.0346806
0.583893 1.57576 1.05989 0.0139379 0.0345632
0.604027 1.57576 1.05959 0.0152443 0.034357
0.624161 1.57576 1.05925 0.0165449 0.034064
0.644295 1.57576 1.05885 0.0178336 0.0336863
0.66443 1.57576 1.0584 0.0191042 0.0332264
0.684564 1.57576 1.05791 0.0203507 0.0326871
0.704698 1.57576 1.05736 0.021567 0.0320714
0.724832 1.57576 1.05678 0.0227473 0.0313828
0.744966 1.57576 1.05615 0.0238859 0.0306252
0.765101 1.57576 1.05547 0.0249772 0.0298029
0.785235 1.57576 1.05476 0.0260159 0.0289205
0.805369 1.57576 1.05401 0.026997 0.0279833
0.825503 1.57576 1.05322 0.027916 0.0269967
0.845638 1.57576 1.0524 0.0287685 0.0259668
0.865772 1.57576 1.05155 0.0295509 0.0248999
0.885906 1.57576 1.05067 0.0302601 0.0238028
0.90604 1.57576 1.04977 0.0308936 0.0226824
0.926174 1.57576 1.04884 0.0314494 0.0215458
0.946309 1.57576 1.0479 0.0319265 0.0204004
0.966443 1.57576 1.04694 0.0323244 0.0192531
0.986577 1.57576 1.04597 0.0326435 0.0181112
1.00671 1.57576 1.04499 0.0328849 0.0169815
1.02685 1.57576 1.044 0.0330502 0.0158703
1.04698 1.57576 1.04302 0.0331419 0.0147837
1.06711 1.57576 1.04203 0.0331629 0.0137272
1.08725 1.57576 1.04104 0.0331166 0.0127054
1.10738 1.57576 1.04006 0.0330069 0.0117226
1.12752 1.57576 1.03908 0.032838 0.0107821
1.14765 1.57576 1.03811 0.0326142 0.00988676
1.16779 1.57576 1.03716 0.03234 0.00903848
1.18792 1.57576 1.03621 0.0320199 0.0082386
1.20805 1.57576 1.03527 0.0316583 0.00748782
1.22819 1.57576 1.03435 0.0312596 0.00678622
1.24832 1.57576 1.03344 0.0308281 0.00613338
1.26846 1.57576 1.03255 0.0303676 0.00552841
1.28859 1.57576 1.03167 0.029882 0.00497002
1.30872 1.57576 1.0308 0.0293748 0.00445662
1.32886 1.57576 1.02995 0.0288492 0.00398632
1.34899 1.57576 1.02912 0.0283082 0.00355706
1.36913 1.57576 1.0283 0.0277545 0.00316662
1.38926 1.57576 1.02749 0.0271906 0.0028127
1.4094 1.57576 1.0267 0.0266186 0.00249292
1.42953 1.57576 1.02593 0.0260406 0.00220492
1.44966 1.57576 1.02516 0.0254583 0.00194634
1.4698 1.57576 1.02442 0.0248733 0.00171485
1.48993 1.57576 1.02368 0.024287 0.00150823
1.51007 1.57576 1.02296 0.0237006 0.00132429
1.5302 1.57576 1.02225 0.0231152 0.00116097
1.55034 1.57576 1.02156 0.0225317 0.00101632
1.57047 1.57576 1.02088 0.021951 0.00088847
1.5906 1.57576 1.02022 0.0213738 0.000775693
1.61074 1.57576 1.01956 0.0208007 0.000676368
1.63087 1.57576 1.01892 0.0202324 0.000588995
1.65101 1.57576 1.01829 0.0196694 0.000512187
1.67114 1.57576 1.01768 0.0191119 0.000444673
1.69128 1.57576 1.01707 0.0185605 0.000385295
1.71141 1.57576 1.01648 0.0180155 0.000333
1.73154 1.57576 1.01591 0.0174771 0.000286841
1.75168 1.57576 1.01534 0.0169456 0.000245969
1.77181 1.57576 1.01479 0.0164213 0.000209632
1.79195 1.57576 1.01424 0.0159043 0.000177171
1.81208 1.57576 1.01371 0.0153948 0.000148011
1.83221 1.57576 1.0132 0.0148929 0.00012166
1.85235 1.57576 1.01269 0.0143988 9.77055e-05
1.87248 1.57576 1.0122 0.0139126 7.58033e-05
1.89262 1.57576 1.01172 0.0134344 5.5678e-05
1.91275 1.57576 1.01125 0.0129644 3.71141e-05
1.93289 1.57576 1.01079 0.0125027 1.995e-05
1.95302 1.57576 1.01035 0.0120493 4.07178e-06
1.97315 1.57576 1.00992 0.0116043 -1.05945e-05
1.99329 1.57576 1.0095 0.011168 -2.40896e-05
2.01342 1.57576 1.00909 0.0107404 -3.64291e-05
2.03356 1.57576 1.00869 0.0103216 -4.76099e-05
2.05369 1.57576 1.00831 0.00991181 -5.76178e-05
2.07383 1.57576 1.00794 0.0095111 -6.64336e-05
2.09396 1.57576 1.00758 0.00911962 -7.40389e-05
2.11409 1.57576 1.00723 0.00873748 -8.04204e-05
2.13423 1.57576 1.0069 0.00836482 -8.5574e-05
2.15436 1.57576 1.00657 0.00800173 -8.95072e-05
2.1745 1.57576 1.00626 0.00764832 -9.22407e-05
2.19463 1.57576 1.00596 0.00730464 -9.38089e-05
2.21477 1.57576 1.00567 0.00697077 -9.42597e-05
2.2349 1.57576 1.0054 0.00664674 -9.36537e-05
2.25503 1.57576 1.00513 0.00633254 -9.20621e-05
2.27517 1.57576 1.00487 0.00602818 -8.95653e-05
2.2953 1.57576 1.00463 0.00573361 -8.62508e-05
2.31544 1.57576 1.00439 0.00544876 -8.22105e-05
2.33557 1.57576 1.00417 0.00517354 -7.75389e-05
2.3557 1.57576 1.00395 0.00490783 -7.2331e-05
2.37584 1.57576 1.00375 0.00465149 -6.66803e-05
2.39597 1.57576 1.00355 0.00440435 -6.06774e-05
2.41611 1.57576 1.00336 0.00416624 -5.44088e-05
2.43624 1.57576 1.00319 0.00393694 -4.79555e-05
2.45638 1.57576 1.00302 0.00371624 -4.13925e-05
2.47651 1.57576 1.00286 0.00350389 -3.47886e-05
2.49664 1.57576 1.00271 0.00329965 -2.82058e-05
2.51678 1.57576 1.00256 0.00310325 -2.16999e-05
2.53691 1.57576 1.00243 0.0029144 -1.53201e-05
2.55705 1.57576 1.0023 0.00273284 -9.11049e-06
2.57718 1.57576 1.00218 0.00255826 -3.10972e-06
2.59732 1.57576 1.00206 0.00239036 2.64747e-06
2.61745 1.57576 1.00195 0.00222884 8.12954e-06
2.63758 1.57576 1.00185 0.0020734 1.3307e-05
2.65772 1.57576 1.00176 0.00192373 1.81512e-05
2.67785 1.57576 1.00168 0.00177952 2.2633e-05
2.69799 1.57576 1.0016 0.00164046 2.67217e-05
2.71812 1.57576 1.00152 0.00150625 3.03832e-05
2.73826 1.57576 1.00145 0.00137659 3.35789e-05
2.75839 1.57576 1.00139 0.00125121 3.62644e-05
2.77852 1.57576 1.00134 0.00112981 3.83878e-05
2.79866 1.57576 1.00129 0.00101213 3.98888e-05
2.81879 1.57576 1.00124 0.000897934 4.06977e-05
2.83893 1.57576 1.00121 0.000786989 4.0734e-05
2.85906 1.57576 1.00117 0.000679094 3.99064e-05
2.87919 1.57576 1.00115 0.000574078 3.81123e-05
2.89933 1.57576 1.00113 0.000471804 3.52379e-05
2.91946 1.57576 1.00112 0.000372176 3.11588e-05
2.9396 1.57576 1.00111 0.000275146 2.57408e-05
2.95973 1.57576 1.00111 0.000180717 1.88416e-05
2.97987 1.57576 1.00111 8.89518e-05 1.03124e-05
3 1.57576 1.00112 0 0

0 1.59596 1.05155 0 0
0.0201342 1.59596 1.05206 -0.000857759 0.00228397
0.0402685 1.59596 1.05256 -0.00161261 0.00449891
0.0604027 1.59596 1.05307 -0.00226313 0.00664194
0.0805369 1.59596 1.05357 -0.00280738 0.00871054
0.100671 1.59596 1.05408 -0.00324368 0.0107025
0.120805 1.59596 1.05459 -0.00357061 0.0126157
0.14094 1.59596 1.05509 -0.00378734 0.0144486
0.161074 1.59596 1.05559 -0.00389364 0.0161993
0.181208 1.59596 1.05608 -0.00389008 0.0178665
0.201342 1.59596 1.05655 -0.00377796 0.0194487
0.221477 1.59596 1.05701 -0.00355936 0.0209445
0.241611 1.59596 1.05745 -0.00323709 0.022353
0.261745 1.59596 1.05787 -0.00281463 0.0236729
0.281879 1.59596 1.05827 -0.00229605 0.0249034
0.302013 1.59596 1.05863 -0.00168593 0.0260437
0.322148 1.59596 1.05897 -0.000989299 0.0270933
0.342282 1.59596 1.05927 -0.000211542 0.0280516
0.362416 1.59596 1.05954 0.000641679 0.0289184
0.38255 1.59596 1.05976 0.00156448 0.0296937
0.402685 1.59596 1.05995 0.00255082 0.0303774
0.422819 1.59596 1.06009 0.00359453 0.0309697
0.442953 1.59596 1.06019 0.00468939 0.0314711
0.463087 1.59596 1.06024 0.00582913 0.0318821
0.483221 1.59596 1.06025 0.00700744 0.0322034
0.503356 1.59596 1.06021 0.00821804 0.0324357
0.52349 1.59596 1.06012 0.00945465 0.0325801
0.543624 1.59596 1.05998 0.010711 0.0326377
0.563758 1.59596 1.05979 0.0119809 0.0326098
0.583893 1.59596 1.05956 0.013258 0.0324979
0.604027 1.59596 1.05927 0.0145363 0.0323035
0.624161 1.59596 1.05894 0.0158097 0.0320287
0.644295 1.59596 1.05855 0.0170719 0.0316755
0.66443 1.59596 1.05812 0.0183172 0.0312463
0.684564 1.59596 1.05764 0.0195394 0.0307438
0.704698 1.59596 1.05712 0.0207329 0.0301708
0.724832 1.59596 1.05655 0.0218919 0.0295307
0.744966 1.59596 1.05594 0.0230109 0.0288272
0.765101 1.59596 1.05529 0.0240846 0.0280642
0.785235 1.59596 1.05459 0.025108 0.0272463
0.805369 1.59596 1.05386 0.0260764 0.0263781
0.825503 1.59596 1.0531 0.0269852 0.0254648
0.845638 1.59596 1.0523 0.0278307 0.0245119
0.865772 1.59596 1.05147 0.0286092 0.0235253
0.885906 1.59596 1.05061 0.0293178 0.0225111
0.90604 1.59596 1.04973 0.0299541 0.0214755
0.926174 1.59596 1.04883 0.0305164 0.0204251
0.946309 1.59596 1.04791 0.0310035 0.0193663
0.966443 1.59596 1.04697 0.0314149 0.0183057
0.986577 1.59596 1.04602 0.031751 0.0172496
1.00671 1.59596 1.04506 0.0320125 0.0162041
1.02685 1.59596 1.04409 0.0322009 0.015175
1.04698 1.59596 1.04312 0.0323184 0.0141678
1.06711 1.59596 1.04215 0.0323675 0.0131873
1.08725 1.59596 1.04118 0.0323513 0.0122379
1.10738 1.59596 1.04021 0.0322732 0.0113234
1.12752 1.59596 1.03924 0.0321369 0.010447
1.14765 1.59596 1.03828 0.0319464 0.00961121
1.16779 1.59596 1.03733 0.0317058 0.00881798
1.18792 1.59596 1.03639 0.0314192 0.00806861
1.20805 1.59596 1.03546 0.0310907 0.00736385
1.22819 1.59596 1.03454 0.0307244 0.00670392
1.24832 1.59596 1.03363 0.0303243 0.00608855
1.26846 1.59596 1.03273 0.0298941 0.00551708
1.28859 1.59596 1.03185 0.0294374 0.00498845
1.30872 1.59596 1.03098 0.0289577 0.00450129
1.32886 1.59596 1.03013 0.028458 0.00405402
1.34899 1.59596 1.02929 0.0279414 0.00364481
1.36913 1.59596 1.02847 0.0274104 0.00327171
1.38926 1.59596 1.02765 0.0268676 0.00293267
1.4094 1.59596 1.02686 0.0263152 0.00262556
1.42953 1.59596 1.02607 0.0257552 0.00234824
1.44966 1.59596 1.0253 0.0251895 0.00209857
1.4698 1.59596 1.02455 0.0246197 0.00187442
1.48993 1.59596 1.02381 0.0240473 0.00167373
1.51007 1.59596 1.02308 0.0234735 0.0014945
1.5302 1.59596 1.02237 0.0228997 0.00133481
1.55034 1.59596 1.02167 0.0223267 0.00119285
1.57047 1.59596 1.02098 0.0217555 0.00106687
1.5906 1.59596 1.02031 0.0211869 0.000955244
1.61074 1.59596 1.01965 0.0206218 0.000856462
1.63087 1.59596 1.019 0.0200606 0.000769104
1.65101 1.59596 1.01837 0.019504 0.000691864
1.67114 1.59596 1.01775 0.0189525 0.000623538
1.69128 1.59596 1.01714 0.0184065 0.000563029
1.71141 1.59596 1.01654 0.0178665 0.000509339
1.73154 1.59596 1.01596 0.0173327 0.000461565
1.75168 1.59596 1.01539 0.0168054 0.000418903
1.77181 1.59596 1.01483 0.016285 0.000380634
1.79195 1.59596 1.01429 0.0157717 0.000346128
1.81208 1.59596 1.01375 0.0152657 0.000314835
1.83221 1.59596 1.01323 0.0147672 0.000286284
1.85235 1.59596 1.01273 0.0142764 0.000260074
1.87248 1.59596 1.01223 0.0137934 0.000235872
1.89262 1.59596 1.01175 0.0133183 0.000213408
1.91275 1.59596 1.01128 0.0128514 0.000192469
1.93289 1.59596 1.01082 0.0123927 0.000172889
1.95302 1.59596 1.01037 0.0119423 0.000154551
1.97315 1.59596 1.00994 0.0115005 0.000137371
1.99329 1.59596 1.00952 0.0110673 0.000121301
2.01342 1.59596 1.00911 0.0106428 0.000106313
2.03356 1.59596 1.00871 0.0102272 9.24012e-05
2.05369 1.59596 1.00833 0.00982066 7.95692e-05
2.07383 1.59596 1.00795 0.00942321 6.78284e-05
2.09396 1.59596 1.00759 0.00903501 5.71912e-05
2.11409 1.59596 1.00724 0.00865617 4.76675e-05
2.13423 1.59596 1.00691 0.0082868 3.9261e-05
2.15436 1.59596 1.00658 0.00792699 3.19669e-05
2.1745 1.59596 1.00627 0.00757682 2.57703e-05
2.19463 1.59596 1.00597 0.00723636 2.06453e-05
2.21477 1.59596 1.00568 0.00690564 1.6555e-05
2.2349 1.59596 1.0054 0.00658469 1.34522e-05
2.25503 1.59596 1.00513 0.0062735 1.12806e-05
2.27517 1.59596 1.00488 0.00597207 9.97563e-06
2.2953 1.59596 1.00463 0.00568033 9.46675e-06
2.31544 1.59596 1.0044 0.00539822 9.67888e-06
2.33557 1.59596 1.00417 0.00512564 1.05343e-05
2.3557 1.59596 1.00395 0.00486248 1.19541e-05
2.37584 1.59596 1.00375 0.00460858 1.38603e-05
2.39597 1.59596 1.00355 0.00436379 1.61763e-05
2.41611 1.59596 1.00336 0.00412793 1.8829e-05
2.43624 1.59596 1.00319 0.00390079 2.17488e-05
2.45638 1.59596 1.00302 0.00368215 2.48709e-05
2.47651 1.59596 1.00286 0.00347179 2.81354e-05
2.49664 1.59596 1.0027 0.00326945 3.14874e-05
2.51678 1.59596 1.00256 0.00307487 3.4877e-05
2.53691 1.59596 1.00242 0.00288779 3.82589e-05
2.55705 1.59596 1.00229 0.00270791 4.15922e-05
2.57718 1.59596 1.00217 0.00253496 4.48395e-05
2.59732 1.59596 1.00206 0.00236863 4.79661e-05
2.61745 1.59596 1.00195 0.00220863 5.09389e-05
2.63758 1.59596 1.00185 0.00205466 5.37254e-05
2.65772 1.59596 1.00176 0.00190641 5.62925e-05
2.67785 1.59596 1.00167 0.00176357 5.86049e-05
2.69799 1.59596 1.00159 0.00162584 6.06236e-05
2.71812 1.59596 1.00152 0.00149292 6.23046e-05
2.73826 1.59596 1.00145 0.00136452 6.35969e-05
2.75839 1.59596 1.00139 0.00124033 6.44408e-05
2.77852 1.59596 1.00133 0.0011201 6.47666e-05
2.79866 1.59596 1.00128 0.00100354 6.44926e-05
2.81879 1.59596 1.00124 0.000890424 6.35236e-05
2.83893 1.59596 1.0012 0.000780509 6.17497e-05
2.85906 1.59596 1.00117 0.000673596 5.90452e-05
2.87919 1.59596 1.00114 0.000569512 5.52677e-05
2.89933 1.59596 1.00112 0.00046812 5.02578e-05
2.91946 1.59596 1.00111 0.000369323 4.38392e-05
2.9396 1.59596 1.0011 0.000273073 3.58191e-05
2.95973 1.59596 1.0011 0.000179377 2.59895e-05
2.97987 1.59596 1.0011 8.83007e-05 1.41281e-05
3 1.59596 1.00111 0 0

0 1.61616 1.05122 0 0
0.0201342 1.61616 1.05171 -0.000860386 0.00218163
0.0402685 1.61616 1.0522 -0.00162046 0.00429335
0.0604027 1.61616 1.0527 -0.00227859 0.00633186
0.0805369 1.61616 1.0532 -0.00283265 0.00829461
0.100671 1.61616 1.0537 -0.0032808 0.0101796
0.120805 1.61616 1.0542 -0.00362151 0.0119851
0.14094 1.61616 1.0547 -0.00385383 0.0137102
0.161074 1.61616 1.05519 -0.00397749 0.0153536
0.181208 1.61616 1.05568 -0.00399297 0.0169148
0.201342 1.61616 1.05615 -0.0039015 0.0183931
0.221477 1.61616 1.05661 -0.00370509 0.0197878
0.241611 1.61616 1.05705 -0.00340646 0.0210986
0.261745 1.61616 1.05747 -0.00300899 0.0223249
0.281879 1.61616 1.05787 -0.00251664 0.0234665
0.302013 1.61616 1.05824 -0.00193386 0.024523
0.322148 1.61616 1.05858 -0.00126557 0.0254943
0.342282 1.61616 1.05888 -0.000516991 0.0263801
0.362416 1.61616 1.05915 0.000306332 0.0271806
0.38255 1.61616 1.05938 0.00119865 0.0278957
0.402685 1.61616 1.05957 0.00215405 0.0285256
0.422819 1.61616 1.05972 0.00316649 0.0290708
0.442953 1.61616 1.05983 0.00422986 0.0295315
0.463087 1.61616 1.05989 0.00533799 0.0299083
0.483221 1.61616 1.0599 0.00648469 0.030202
0.503356 1.61616 1.05987 0.00766376 0.0304134
0.52349 1.61616 1.05979 0.00886902 0.0305433
0.543624 1.61616 1.05966 0.0100943 0.0305929
0.563758 1.61616 1.05949 0.0113335 0.0305635
0.583893 1.61616 1.05926 0.0125804 0.0304564
0.604027 1.61616 1.05899 0.0138291 0.0302732
0.624161 1.61616 1.05867 0.0150735 0.0300158
0.644295 1.61616 1.0583 0.0163077 0.0296862
0.66443 1.61616 1.05789 0.0175258 0.0292866
0.684564 1.61616 1.05742 0.0187221 0.0288196
0.704698 1.61616 1.05692 0.019891 0.0282879
0.724832 1.61616 1.05636 0.021027 0.0276947
0.744966 1.61616 1.05577 0.0221248 0.0270435
0.765101 1.61616 1.05513 0.0231792 0.0263379
0.785235 1.61616 1.05446 0.0241856 0.025582
0.805369 1.61616 1.05375 0.0251393 0.0247804
0.825503 1.61616 1.053 0.0260362 0.0239377
0.845638 1.61616 1.05223 0.0268725 0.0230589
0.865772 1.61616 1.05142 0.027645 0.0221495
0.885906 1.61616 1.05058 0.0283508 0.0212149
0.90604 1.61616 1.04972 0.0289876 0.0202609
0.926174 1.61616 1.04884 0.0295537 0.0192933
0.946309 1.61616 1.04793 0.0300481 0.018318
0.966443 1.61616 1.04701 0.0304703 0.0173407
0.986577 1.61616 1.04608 0.0308202 0.0163672
1.00671 1.61616 1.04514 0.0310987 0.0154031
1.02685 1.61616 1.04419 0.0313071 0.0144534
1.04698 1.61616 1.04323 0.031447 0.0135232
1.06711 1.61616 1.04227 0.0315209 0.0126167
1.08725 1.61616 1.04131 0.0315314 0.0117381
1.10738 1.61616 1.04035 0.0314816 0.0108907
1.12752 1.61616 1.03939 0.0313749 0.0100775
1.14765 1.61616 1.03844 0.0312148 0.00930087
1.16779 1.61616 1.03749 0.031005 0.00856257
1.18792 1.61616 1.03655 0.0307495 0.00786393
1.20805 1.61616 1.03563 0.0304519 0.00720571
1.22819 1.61616 1.03471 0.0301161 0.00658822
1.24832 1.61616 1.0338 0.0297458 0.00601133
1.26846 1.61616 1.0329 0.0293446 0.00547453
1.28859 1.61616 1.03202 0.0289159 0.00497696
1.30872 1.61616 1.03115 0.0284629 0.00451749
1.32886 1.61616 1.03029 0.0279888 0.00409472
1.34899 1.61616 1.02945 0.0274963 0.00370709
1.36913 1.61616 1.02862 0.0269882 0.00335287
1.38926 1.61616 1.0278 0.0264669 0.00303023
1.4094 1.61616 1.027 0.0259346 0.00273728
1.42953 1.61616 1.02621 0.0253934 0.00247208
1.44966 1.61616 1.02543 0.0248452 0.0022327
1.4698 1.61616 1.02467 0.0242917 0.00201719
1.48993 1.61616 1.02392 0.0237343 0.00182367
1.51007 1.61616 1.02319 0.0231746 0.00165031
1.5302 1.61616 1.02247 0.0226137 0.00149533
1.55034 1.61616 1.02176 0.0220526 0.00135704
1.57047 1.61616 1.02107 0.0214926 0.00123384
1.5906 1.61616 1.02039 0.0209343 0.00112421
1.61074 1.61616 1.01972 0.0203787 0.00102672
1.63087 1.61616 1.01907 0.0198264 0.00094007
1.65101 1.61616 1.01843 0.019278 0.000863015
1.67114 1.61616 1.01781 0.0187342 0.000794431
1.69128 1.61616 1.01719 0.0181954 0.000733283
1.71141 1.61616 1.01659 0.0176621 0.000678632
1.73154 1.61616 1.016 0.0171346 0.000629627
1.75168 1.61616 1.01543 0.0166134 0.000585505
1.77181 1.61616 1.01487 0.0160987 0.000545589
1.79195 1.61616 1.01432 0.0155909 0.00050928
1.81208 1.61616 1.01378 0.0150901 0.000476057
1.83221 1.61616 1.01326 0.0145967 0.000445469
1.85235 1.61616 1.01275 0.0141107 0.000417136
1.87248 1.61616 1.01225 0.0136325 0.000390737
1.89262 1.61616 1.01176 0.0131621 0.000366011
1.91275 1.61616 1.01129 0.0126998 0.000342749
1.93289 1.61616 1.01083 0.0122457 0.000320789
1.95302 1.61616 1.01038 0.0117999 0.00030001
1.97315 1.61616 1.00995 0.0113626 0.000280328
1.99329 1.61616 1.00952 0.0109339 0.000261686
2.01342 1.61616 1.00911 0.0105139 0.000244053
2.03356 1.61616 1.00872 0.0101029 0.000227414
2.05369 1.61616 1.00833 0.00970076 0.000211768
2.07383 1.61616 1.00796 0.00930779 0.000197121
2.09396 1.61616 1.0076 0.00892403 0.000183482
2.11409 1.61616 1.00725 0.00854961 0.000170859
2.13423 1.61616 1.00691 0.00818462 0.000159257
2.15436 1.61616 1.00659 0.00782914 0.000148675
2.1745 1.61616 1.00627 0.00748323 0.000139103
2.19463 1.61616 1.00597 0.00714695 0.000130523
2.21477 1.61616 1.00568 0.00682033 0.000122909
2.2349 1.61616 1.0054 0.00650339 0.000116225
2.25503 1.61616 1.00513 0.00619611 0.000110428
2.27517 1.61616 1.00488 0.00589847 0.000105468
2.2953 1.61616 1.00463 0.0056104 0.000101289
2.31544 1.61616 1.00439 0.00533185 9.78304e-05
2.33557 1.61616 1.00417 0.0050627 9.50304e-05
2.3557 1.61616 1.00395 0.00480285 9.28243e-05
2.37584 1.61616 1.00374 0.00455214 9.11478e-05
2.39597 1.61616 1.00355 0.00431041 8.99373e-05
2.41611 1.61616 1.00336 0.0040775 8.91314e-05
2.43624 1.61616 1.00318 0.00385319 8.86715e-05
2.45638 1.61616 1.00301 0.00363727 8.8502e-05
2.47651 1.61616 1.00285 0.00342952 8.85712e-05
2.49664 1.61616 1.0027 0.00322969 8.88311e-05
2.51678 1.61616 1.00255 0.00303752 8.92372e-05
2.53691 1.61616 1.00242 0.00285275 8.97485e-05
2.55705 1.61616 1.00229 0.00267511 9.03269e-05
2.57718 1.61616 1.00216 0.00250431 9.09367e-05
2.59732 1.61616 1.00205 0.00234006 9.15432e-05
2.61745 1.61616 1.00194 0.00218207 9.21123e-05
2.63758 1.61616 1.00184 0.00203003 9.26092e-05
2.65772 1.61616 1.00175 0.00188365 9.29967e-05
2.67785 1.61616 1.00166 0.00174262 9.32337e-05
2.69799 1.61616 1.00158 0.00160664 9.32742e-05
2.71812 1.61616 1.00151 0.00147542 9.30644e-05
2.73826 1.61616 1.00144 0.00134865 9.25417e-05
2.75839 1.61616 1.00138 0.00122605 9.1632e-05
2.77852 1.61616 1.00132 0.00110735 9.02482e-05
2.79866 1.61616 1.00127 0.000992263 8.82874e-05
2.81879 1.61616 1.00123 0.000880556 8.56296e-05
2.83893 1.61616 1.00119 0.000771993 8.21352e-05
2.85906 1.61616 1.00116 0.000666371 7.76437e-05
2.87919 1.61616 1.00113 0.000563513 7.19724e-05
2.89933 1.61616 1.00111 0.000463282 6.49154e-05
2.91946 1.61616 1.00109 0.000365579 5.6243e-05
2.9396 1.61616 1.00109 0.000270357 4.57021e-05
2.95973 1.61616 1.00108 0.000177625 3.30168e-05
2.97987 1.61616 1.00109 8.74519e-05 1.7889e-05
3 1.61616 1.0011 0 0

0 1.63636 1.05089 0 0
0.0201342 1.63636 1.05137 -0.000863125 0.00208228
0.0402685 1.63636 1.05185 -0.00162878 0.00409339
0.0604027 1.63636 1.05233 -0.00229494 0.00602971
0.0805369 1.63636 1.05283 -0.00285914 0.00788864
0.100671 1.63636 1.05332 -0.00331932 0.00966842
0.120805 1.63636 1.05382 -0.00367373 0.011368
0.14094 1.63636 1.05431 -0.00392133 0.0129867
0.161074 1.63636 1.05481 -0.00406175 0.0145243
0.181208 1.63636 1.05529 -0.00409543 0.0159808
0.201342 1.63636 1.05577 -0.00402359 0.0173564
0.221477 1.63636 1.05623 -0.0038482 0.0186513
0.241611 1.63636 1.05667 -0.00357197 0.0198655
0.261745 1.63636 1.0571 -0.00319823 0.0209993
0.281879 1.63636 1.0575 -0.00273088 0.022053
0.302013 1.63636 1.05787 -0.00217432 0.0230265
0.322148 1.63636 1.05821 -0.00153336 0.0239203
0.342282 1.63636 1.05852 -0.00081315 0.0247343
0.362416 1.63636 1.0588 -1.91124e-05 0.0254689
0.38255 1.63636 1.05903 0.000843115 0.0261243
0.402685 1.63636 1.05923 0.00176773 0.0267008
0.422819 1.63636 1.05939 0.00274882 0.0271989
0.442953 1.63636 1.0595 0.00378039 0.0276191
0.463087 1.63636 1.05957 0.00485637 0.0279619
0.483221 1.63636 1.0596 0.00597071 0.028228
0.503356 1.63636 1.05958 0.00711731 0.0284182
0.52349 1.63636 1.05951 0.0082901 0.0285334
0.543624 1.63636 1.05939 0.00948304 0.0285747
0.563758 1.63636 1.05923 0.0106901 0.0285433
0.583893 1.63636 1.05902 0.0119053 0.0284406
0.604027 1.63636 1.05876 0.0131228 0.028268
0.624161 1.63636 1.05845 0.0143366 0.0280273
0.644295 1.63636 1.05809 0.015541 0.0277203
0.66443 1.63636 1.05769 0.0167303 0.0273493
0.684564 1.63636 1.05724 0.017899 0.0269166
0.704698 1.63636 1.05675 0.0190415 0.0264249
0.724832 1.63636 1.05621 0.0201527 0.025877
0.744966 1.63636 1.05564 0.0212274 0.0252762
0.765101 1.63636 1.05502 0.0222607 0.0246259
0.785235 1.63636 1.05436 0.0232481 0.02393
0.805369 1.63636 1.05367 0.0241853 0.0231925
0.825503 1.63636 1.05294 0.0250682 0.0224177
0.845638 1.63636 1.05218 0.0258933 0.0216103
0.865772 1.63636 1.05139 0.0266576 0.0207751
0.885906 1.63636 1.05057 0.0273582 0.0199171
0.90604 1.63636 1.04972 0.0279931 0.0190414
0.926174 1.63636 1.04886 0.0285606 0.0181534
0.946309 1.63636 1.04797 0.0290595 0.0172583
0.966443 1.63636 1.04707 0.0294894 0.0163612
0.986577 1.63636 1.04615 0.0298503 0.0154674
1.00671 1.63636 1.04522 0.0301427 0.0145818
1.02685 1.63636 1.04428 0.0303677 0.013709
1.04698 1.63636 1.04334 0.0305269 0.0128534
1.06711 1.63636 1.04239 0.0306223 0.0120191
1.08725 1.63636 1.04143 0.0306563 0.0112095
1.10738 1.63636 1.04048 0.0306317 0.0104279
1.12752 1.63636 1.03953 0.0305516 0.00967685
1.14765 1.63636 1.03858 0.030419 0.00895863
1.16779 1.63636 1.03764 0.0302376 0.00827492
1.18792 1.63636 1.03671 0.0300107 0.00762696
1.20805 1.63636 1.03578 0.0297419 0.00701551
1.22819 1.63636 1.03486 0.0294347 0.00644094
1.24832 1.63636 1.03395 0.0290926 0.00590323
1.26846 1.63636 1.03306 0.028719 0.00540197
1.28859 1.63636 1.03217 0.0283172 0.00493649
1.30872 1.63636 1.0313 0.0278903 0.00450582
1.32886 1.63636 1.03043 0.0274411 0.00410877
1.34899 1.63636 1.02959 0.0269727 0.00374397
1.36913 1.63636 1.02875 0.0264874 0.00340992
1.38926 1.63636 1.02793 0.0259878 0.00310498
1.4094 1.63636 1.02712 0.0254761 0.00282747
1.42953 1.63636 1.02632 0.0249544 0.00257565
1.44966 1.63636 1.02554 0.0244245 0.00234777
1.4698 1.63636 1.02477 0.0238883 0.00214206
1.48993 1.63636 1.02402 0.0233472 0.00195683
1.51007 1.63636 1.02328 0.0228027 0.00179037
1.5302 1.63636 1.02255 0.022256 0.00164108
1.55034 1.63636 1.02184 0.0217085 0.00150738
1.57047 1.63636 1.02114 0.021161 0.00138781
1.5906 1.63636 1.02046 0.0206146 0.00128095
1.61074 1.63636 1.01978 0.0200702 0.00118548
1.63087 1.63636 1.01913 0.0195284 0.00110019
1.65101 1.63636 1.01848 0.01899 0.00102391
1.67114 1.63636 1.01785 0.0184556 0.000955609
1.69128 1.63636 1.01723 0.0179257 0.000894309
1.71141 1.63636 1.01663 0.0174009 0.000839133
1.73154 1.63636 1.01603 0.0168816 0.000789285
1.75168 1.63636 1.01546 0.0163682 0.000744049
1.77181 1.63636 1.01489 0.015861 0.000702789
1.79195 1.63636 1.01434 0.0153603 0.000664943
1.81208 1.63636 1.0138 0.0148666 0.000630019
1.83221 1.63636 1.01327 0.0143799 0.000597593
1.85235 1.63636 1.01276 0.0139005 0.000567305
1.87248 1.63636 1.01226 0.0134288 0.000538851
1.89262 1.63636 1.01177 0.0129647 0.000511982
1.91275 1.63636 1.01129 0.0125086 0.000486498
1.93289 1.63636 1.01083 0.0120606 0.000462241
1.95302 1.63636 1.01038 0.0116209 0.000439094
1.97315 1.63636 1.00995 0.0111896 0.000416971
1.99329 1.63636 1.00952 0.0107668 0.000395815
2.01342 1.63636 1.00911 0.0103527 0.000375591
2.03356 1.63636 1.00871 0.00994749 0.000356282
2.05369 1.63636 1.00833 0.00955117 0.000337884
2.07383 1.63636 1.00795 0.00916391 0.000320399
2.09396 1.63636 1.00759 0.00878581 0.000303836
2.11409 1.63636 1.00724 0.00841697 0.000288203
2.13423 1.63636 1.0069 0.00805748 0.000273506
2.15436 1.63636 1.00658 0.00770741 0.000259749
2.1745 1.63636 1.00626 0.00736682 0.000246927
2.19463 1.63636 1.00596 0.00703574 0.00023503
2.21477 1.63636 1.00567 0.00671421 0.00022404
2.2349 1.63636 1.00539 0.00640222 0.000213933
2.25503 1.63636 1.00512 0.00609977 0.000204678
2.27517 1.63636 1.00487 0.00580681 0.000196236
2.2953 1.63636 1.00462 0.00552329 0.000188565
2.31544 1.63636 1.00438 0.00524914 0.000181619
2.33557 1.63636 1.00416 0.00498424 0.000175349
2.3557 1.63636 1.00394 0.00472848 0.000169701
2.37584 1.63636 1.00373 0.00448172 0.000164626
2.39597 1.63636 1.00354 0.0042438 0.000160071
2.41611 1.63636 1.00335 0.00401455 0.000155985
2.43624 1.63636 1.00317 0.00379376 0.000152319
2.45638 1.63636 1.003 0.00358123 0.000149027
2.47651 1.63636 1.00284 0.00337673 0.000146065
2.49664 1.63636 1.00269 0.00318003 0.00014339
2.51678 1.63636 1.00254 0.00299088 0.000140964
2.53691 1.63636 1.0024 0.00280901 0.00013875
2.55705 1.63636 1.00228 0.00263416 0.000136712
2.57718 1.63636 1.00215 0.00246605 0.000134817
2.59732 1.63636 1.00204 0.0023044 0.00013303
2.61745 1.63636 1.00193 0.00214891 0.000131317
2.63758 1.63636 1.00183 0.00199929 0.000129641
2.65772 1.63636 1.00174 0.00185524 0.000127961
2.67785 1.63636 1.00165 0.00171648 0.000126231
2.69799 1.63636 1.00157 0.00158268 0.000124399
2.71812 1.63636 1.00149 0.00145357 0.000122402
2.73826 1.63636 1.00143 0.00132885 0.000120167
2.75839 1.63636 1.00136 0.00120823 0.000117606
2.77852 1.63636 1.00131 0.00109143 0.000114615
2.79866 1.63636 1.00126 0.000978178 0.00011107
2.81879 1.63636 1.00121 0.000868234 0.000106829
2.83893 1.63636 1.00118 0.000761361 0.00010172
2.85906 1.63636 1.00114 0.000657351 9.55497e-05
2.87919 1.63636 1.00112 0.000556027 8.80934e-05
2.89933 1.63636 1.0011 0.000457247 7.90979e-05
2.91946 1.63636 1.00108 0.000360912 6.82787e-05
2.9396 1.63636 1.00107 0.000266976 5.53204e-05
2.95973 1.63636 1.00107 0.000175447 3.98769e-05
2.97987 1.63636 1.00107 8.63996e-05 2.15719e-05
3 1.63636 1.00108 0 0

0 1.65657 1.05056 0 0
0.0201342 1.65657 1.05102 -0.000865952 0.00198625
0.0402685 1.65657 1.05148 -0.0016375 0.00389954
0.0604027 1.65657 1.05196 -0.00231203 0.00573597
0.0805369 1.65657 1.05245 -0.00288664 0.00749301
0.100671 1.65657 1.05294 -0.0033589 0.00916923
0.120805 1.65657 1.05343 -0.00372683 0.0107641
0.14094 1.65657 1.05393 -0.00398924 0.0122777
0.161074 1.65657 1.05443 -0.0041457 0.0137107
0.181208 1.65657 1.05491 -0.00419665 0.0150638
0.201342 1.65657 1.05539 -0.00414331 0.0163378
0.221477 1.65657 1.05586 -0.00398771 0.0175338
0.241611 1.65657 1.05631 -0.00373259 0.0186526
0.261745 1.65657 1.05674 -0.00338129 0.019695
0.281879 1.65657 1.05715 -0.00293773 0.0206617
0.302013 1.65657 1.05753 -0.00240628 0.0215534
0.322148 1.65657 1.05788 -0.0017917 0.0223705
0.342282 1.65657 1.0582 -0.00109909 0.0231136
0.362416 1.65657 1.05848 -0.000333778 0.0237831
0.38255 1.65657 1.05873 0.00049869 0.0243794
0.402685 1.65657 1.05893 0.00139262 0.0249032
0.422819 1.65657 1.0591 0.00234222 0.0253547
0.442953 1.65657 1.05922 0.00334161 0.0257347
0.463087 1.65657 1.0593 0.00438486 0.0260437
0.483221 1.65657 1.05934 0.00546603 0.0262823
0.503356 1.65657 1.05933 0.00657916 0.0264515
0.52349 1.65657 1.05927 0.00771833 0.026552
0.543624 1.65657 1.05916 0.00887762 0.0265848
0.563758 1.65657 1.05901 0.0100511 0.0265512
0.583893 1.65657 1.05881 0.0112331 0.0264524
0.604027 1.65657 1.05856 0.0124176 0.0262898
0.624161 1.65657 1.05827 0.0135992 0.026065
0.644295 1.65657 1.05792 0.014772 0.0257799
0.66443 1.65657 1.05754 0.0159307 0.0254365
0.684564 1.65657 1.0571 0.0170698 0.025037
0.704698 1.65657 1.05662 0.0181841 0.0245838
0.724832 1.65657 1.0561 0.0192686 0.0240796
0.744966 1.65657 1.05554 0.0203182 0.0235275
0.765101 1.65657 1.05493 0.0213285 0.0229306
0.785235 1.65657 1.05429 0.0222949 0.0222924
0.805369 1.65657 1.05361 0.0232134 0.0216167
0.825503 1.65657 1.0529 0.0240802 0.0209073
0.845638 1.65657 1.05215 0.0248919 0.0201685
0.865772 1.65657 1.05138 0.0256456 0.0194046
0.885906 1.65657 1.05057 0.0263387 0.0186201
0.90604 1.65657 1.04974 0.0269691 0.0178198
0.926174 1.65657 1.04889 0.0275352 0.0170083
0.946309 1.65657 1.04802 0.0280359 0.0161903
0.966443 1.65657 1.04713 0.0284707 0.0153705
0.986577 1.65657 1.04622 0.0288395 0.0145535
1.00671 1.65657 1.04531 0.0291427 0.0137436
1.02685 1.65657 1.04438 0.0293813 0.0129451
1.04698 1.65657 1.04344 0.0295566 0.0121619
1.06711 1.65657 1.0425 0.0296704 0.0113975
1.08725 1.65657 1.04156 0.0297249 0.0106552
1.10738 1.65657 1.04061 0.0297225 0.0099379
1.12752 1.65657 1.03967 0.0296659 0.00924791
1.14765 1.65657 1.03872 0.0295582 0.00858728
1.16779 1.65657 1.03778 0.0294025 0.0079576
1.18792 1.65657 1.03685 0.0292019 0.00736003
1.20805 1.65657 1.03592 0.0289597 0.00679534
1.22819 1.65657 1.03501 0.0286793 0.0062639
1.24832 1.65657 1.0341 0.0283639 0.00576576
1.26846 1.65657 1.0332 0.0280166 0.00530064
1.28859 1.65657 1.03231 0.0276406 0.00486798
1.30872 1.65657 1.03143 0.0272389 0.00446696
1.32886 1.65657 1.03056 0.0268143 0.00409657
1.34899 1.65657 1.02971 0.0263695 0.00375562
1.36913 1.65657 1.02887 0.0259071 0.00344278
1.38926 1.65657 1.02804 0.0254294 0.00315662
1.4094 1.65657 1.02723 0.0249387 0.00289563
1.42953 1.65657 1.02642 0.024437 0.00265825
1.44966 1.65657 1.02564 0.0239263 0.00244291
1.4698 1.65657 1.02486 0.0234082 0.00224802
1.48993 1.65657 1.0241 0.0228844 0.00207204
1.51007 1.65657 1.02336 0.0223563 0.00191342
1.5302 1.65657 1.02262 0.0218253 0.00177069
1.55034 1.65657 1.0219 0.0212926 0.00164241
1.57047 1.65657 1.0212 0.0207593 0.00152724
1.5906 1.65657 1.02051 0.0202263 0.00142387
1.61074 1.65657 1.01983 0.0196947 0.00133109
1.63087 1.65657 1.01917 0.0191651 0.00124777
1.65101 1.65657 1.01852 0.0186384 0.00117284
1.67114 1.65657 1.01788 0.0181152 0.00110534
1.69128 1.65657 1.01726 0.017596 0.00104437
1.71141 1.65657 1.01665 0.0170815 0.000989098
1.73154 1.65657 1.01605 0.0165721 0.000938798
1.75168 1.65657 1.01547 0.0160682 0.000892803
1.77181 1.65657 1.0149 0.0155703 0.000850517
1.79195 1.65657 1.01434 0.0150786 0.00081142
1.81208 1.65657 1.0138 0.0145936 0.000775051
1.83221 1.65657 1.01327 0.0141154 0.000741016
1.85235 1.65657 1.01276 0.0136444 0.000708976
1.87248 1.65657 1.01225 0.0131808 0.000678648
1.89262 1.65657 1.01176 0.0127247 0.000649797
1.91275 1.65657 1.01129 0.0122765 0.000622234
1.93289 1.65657 1.01082 0.0118362 0.000595812
1.95302 1.65657 1.01037 0.0114041 0.000570416
1.97315 1.65657 1.00994 0.0109802 0.000545965
1.99329 1.65657 1.00951 0.0105649 0.000522403
2.01342 1.65657 1.0091 0.0101581 0.000499695
2.03356 1.65657 1.0087 0.00976003 0.000477825
2.05369 1.65657 1.00831 0.00937082 0.000456785
2.07383 1.65657 1.00794 0.00899057 0.00043658
2.09396 1.65657 1.00758 0.00861937 0.000417218
2.11409 1.65657 1.00723 0.00825732 0.000398709
2.13423 1.65657 1.00689 0.0079045 0.000381062
2.15436 1.65657 1.00656 0.00756097 0.000364283
2.1745 1.65657 1.00625 0.00722678 0.000348375
2.19463 1.65657 1.00595 0.00690196 0.000333334
2.21477 1.65657 1.00566 0.00658654 0.000319152
2.2349 1.65657 1.00538 0.0062805 0.000305813
2.25503 1.65657 1.00511 0.00598383 0.000293296
2.27517 1.65657 1.00485 0.00569649 0.000281575
2.2953 1.65657 1.0046 0.00541842 0.00027062
2.31544 1.65657 1.00437 0.00514952 0.000260394
2.33557 1.65657 1.00414 0.00488972 0.000250862
2.3557 1.65657 1.00393 0.00463887 0.000241983
2.37584 1.65657 1.00372 0.00439686 0.000233716
2.39597 1.65657 1.00352 0.00416351 0.00022602
2.41611 1.65657 1.00333 0.00393865 0.000218854
2.43624 1.65657 1.00316 0.0037221 0.000212178
2.45638 1.65657 1.00299 0.00351365 0.000205954
2.47651 1.65657 1.00282 0.00331307 0.000200143
2.49664 1.65657 1.00267 0.00312015 0.000194711
2.51678 1.65657 1.00253 0.00293462 0.000189624
2.53691 1.65657 1.00239 0.00275625 0.000184847
2.55705 1.65657 1.00226 0.00258477 0.00018035
2.57718 1.65657 1.00214 0.00241991 0.0001761
2.59732 1.65657 1.00202 0.00226138 0.000172063
2.61745 1.65657 1.00192 0.00210891 0.000168205
2.63758 1.65657 1.00182 0.00196221 0.000164487
2.65772 1.65657 1.00172 0.00182098 0.000160867
2.67785 1.65657 1.00164 0.00168493 0.000157294
2.69799 1.65657 1.00156 0.00155377 0.000153709
2.71812 1.65657 1.00148 0.00142721 0.000150043
2.73826 1.65657 1.00141 0.00130495 0.000146211
2.75839 1.65657 1.00135 0.00118671 0.000142115
2.77852 1.65657 1.00129 0.0010722 0.000137634
2.79866 1.65657 1.00124 0.00096117 0.000132625
2.81879 1.65657 1.0012 0.000853355 0.00012692
2.83893 1.65657 1.00116 0.000748522 0.000120321
2.85906 1.65657 1.00113 0.000646462 0.000112599
2.87919 1.65657 1.0011 0.000546992 0.000103486
2.89933 1.65657 1.00108 0.000449968 9.26825e-05
2.91946 1.65657 1.00106 0.000355289 7.98465e-05
2.9396 1.65657 1.00105 0.000262906 6.45984e-05
2.95973 1.65657 1.00105 0.000172831 4.65193e-05
2.97987 1.65657 1.00105 8.51374e-05 2.51515e-05
3 1.65657 1.00106 0 0

0 1.67677 1.05022 0 0
0.0201342 1.67677 1.05066 -0.000868839 0.00189387
0.0402685 1.67677 1.05111 -0.00164654 0.00371225
0.0604027 1.67677 1.05158 -0.0023297 0.00545108
0.0805369 1.67677 1.05206 -0.00291484 0.00710798
0.100671 1.67677 1.05255 -0.00339906 0.00868201
0.120805 1.67677 1.05305 -0.00378013 0.0101733
0.14094 1.67677 1.05355 -0.00405667 0.0115829
0.161074 1.67677 1.05405 -0.00422825 0.0129121
0.181208 1.67677 1.05454 -0.00429532 0.0141626
0.201342 1.67677 1.05503 -0.00425921 0.0153361
0.221477 1.67677 1.05551 -0.00412204 0.0164343
0.241611 1.67677 1.05597 -0.00388665 0.0174588
0.261745 1.67677 1.05641 -0.00355647 0.0184109
0.281879 1.67677 1.05682 -0.00313546 0.0192918
0.302013 1.67677 1.05721 -0.00262804 0.0201027
0.322148 1.67677 1.05757 -0.00203894 0.0208443
0.342282 1.67677 1.0579 -0.00137323 0.0215175
0.362416 1.67677 1.0582 -0.00063618 0.0221229
0.38255 1.67677 1.05845 0.000166758 0.0226612
0.402685 1.67677 1.05867 0.00102999 0.0231329
0.422819 1.67677 1.05885 0.00194785 0.0235387
0.442953 1.67677 1.05898 0.00291457 0.0238791
0.463087 1.67677 1.05907 0.00392437 0.0241547
0.483221 1.67677 1.05912 0.00497146 0.0243663
0.503356 1.67677 1.05912 0.00605002 0.0245146
0.52349 1.67677 1.05907 0.00715428 0.0246005
0.543624 1.67677 1.05898 0.00827846 0.0246249
0.563758 1.67677 1.05884 0.00941687 0.0245889
0.583893 1.67677 1.05865 0.0105638 0.0244937
0.604027 1.67677 1.05841 0.0117138 0.0243407
0.624161 1.67677 1.05813 0.0128611 0.0241313
0.644295 1.67677 1.0578 0.0140005 0.0238673
0.66443 1.67677 1.05742 0.0151266 0.0235505
0.684564 1.67677 1.057 0.0162341 0.0231829
0.704698 1.67677 1.05653 0.0173181 0.022767
0.724832 1.67677 1.05603 0.0183737 0.022305
0.744966 1.67677 1.05548 0.0193962 0.0217999
0.765101 1.67677 1.05488 0.0203812 0.0212544
0.785235 1.67677 1.05426 0.0213244 0.0206718
0.805369 1.67677 1.05359 0.022222 0.0200555
0.825503 1.67677 1.05289 0.0230704 0.019409
0.845638 1.67677 1.05216 0.0238664 0.0187361
0.865772 1.67677 1.05139 0.024607 0.0180407
0.885906 1.67677 1.0506 0.02529 0.017327
0.90604 1.67677 1.04978 0.0259132 0.016599
0.926174 1.67677 1.04894 0.0264753 0.015861
0.946309 1.67677 1.04808 0.0269749 0.0151171
0.966443 1.67677 1.0472 0.0274117 0.0143716
0.986577 1.67677 1.04631 0.0277854 0.0136285
1.00671 1.67677 1.0454 0.0280964 0.0128917
1.02685 1.67677 1.04448 0.0283455 0.012165
1.04698 1.67677 1.04355 0.0285338 0.0114518
1.06711 1.67677 1.04262 0.028663 0.0107553
1.08725 1.67677 1.04168 0.0287349 0.0100785
1.10738 1.67677 1.04074 0.0287517 0.00942387
1.12752 1.67677 1.03979 0.0287161 0.0087936
1.14765 1.67677 1.03885 0.0286306 0.00818954
1.16779 1.67677 1.03792 0.028498 0.00761312
1.18792 1.67677 1.03698 0.0283215 0.00706544
1.20805 1.67677 1.03606 0.0281039 0.00654722
1.22819 1.67677 1.03514 0.0278484 0.00605886
1.24832 1.67677 1.03422 0.027558 0.00560045
1.26846 1.67677 1.03332 0.0272358 0.00517178
1.28859 1.67677 1.03243 0.0268846 0.0047724
1.30872 1.67677 1.03155 0.0265073 0.00440162
1.32886 1.67677 1.03068 0.0261067 0.00405857
1.34899 1.67677 1.02982 0.0256853 0.00374223
1.36913 1.67677 1.02897 0.0252456 0.00345142
1.38926 1.67677 1.02814 0.02479 0.00318488
1.4094 1.67677 1.02732 0.0243207 0.00294128
1.42953 1.67677 1.02651 0.0238396 0.00271922
1.44966 1.67677 1.02571 0.0233487 0.0025173
1.4698 1.67677 1.02493 0.0228497 0.00233409
1.48993 1.67677 1.02417 0.0223442 0.00216819
1.51007 1.67677 1.02341 0.0218338 0.00201822
1.5302 1.67677 1.02268 0.0213197 0.00188282
1.55034 1.67677 1.02195 0.0208032 0.0017607
1.57047 1.67677 1.02124 0.0202855 0.00165062
1.5906 1.67677 1.02054 0.0197676 0.00155139
1.61074 1.67677 1.01986 0.0192503 0.00146192
1.63087 1.67677 1.01919 0.0187347 0.00138114
1.65101 1.67677 1.01854 0.0182213 0.0013081
1.67114 1.67677 1.0179 0.017711 0.0012419
1.69128 1.67677 1.01727 0.0172044 0.00118171
1.71141 1.67677 1.01665 0.0167019 0.00112677
1.73154 1.67677 1.01605 0.0162043 0.00107641
1.75168 1.67677 1.01547 0.0157118 0.00103002
1.77181 1.67677 1.0149 0.0152249 0.000987039
1.79195 1.67677 1.01434 0.0147441 0.000946994
1.81208 1.67677 1.01379 0.0142695 0.000909459
1.83221 1.67677 1.01326 0.0138016 0.00087407
1.85235 1.67677 1.01274 0.0133407 0.000840514
1.87248 1.67677 1.01224 0.0128869 0.000808529
1.89262 1.67677 1.01175 0.0124406 0.000777897
1.91275 1.67677 1.01127 0.0120018 0.000748444
1.93289 1.67677 1.0108 0.0115709 0.000720031
1.95302 1.67677 1.01035 0.0111479 0.000692554
1.97315 1.67677 1.00991 0.0107332 0.000665937
1.99329 1.67677 1.00949 0.0103267 0.000640128
2.01342 1.67677 1.00908 0.0099287 0.000615093
2.03356 1.67677 1.00868 0.00953927 0.000590819
2.05369 1.67677 1.00829 0.00915855 0.000567299
2.07383 1.67677 1.00791 0.00878664 0.00054454
2.09396 1.67677 1.00755 0.00842364 0.000522551
2.11409 1.67677 1.0072 0.00806964 0.000501345
2.13423 1.67677 1.00686 0.0077247 0.000480934
2.15436 1.67677 1.00654 0.00738888 0.000461329
2.1745 1.67677 1.00622 0.00706223 0.000442539
2.19463 1.67677 1.00592 0.00674478 0.000424565
2.21477 1.67677 1.00563 0.00643652 0.000407408
2.2349 1.67677 1.00535 0.00613747 0.000391061
2.25503 1.67677 1.00509 0.00584758 0.000375513
2.27517 1.67677 1.00483 0.00556682 0.000360746
2.2953 1.67677 1.00458 0.00529512 0.000346741
2.31544 1.67677 1.00435 0.0050324 0.000333473
2.33557 1.67677 1.00412 0.00477856 0.000320916
2.3557 1.67677 1.0039 0.00453348 0.00030904
2.37584 1.67677 1.0037 0.00429702 0.000297813
2.39597 1.67677 1.0035 0.00406903 0.000287205
2.41611 1.67677 1.00331 0.00384934 0.000277183
2.43624 1.67677 1.00314 0.00363776 0.000267715
2.45638 1.67677 1.00297 0.00343409 0.000258769
2.47651 1.67677 1.00281 0.00323813 0.000250316
2.49664 1.67677 1.00265 0.00304964 0.000242324
2.51678 1.67677 1.00251 0.00286839 0.000234765
2.53691 1.67677 1.00237 0.00269413 0.000227609
2.55705 1.67677 1.00224 0.00252661 0.000220827
2.57718 1.67677 1.00212 0.00236556 0.000214389
2.59732 1.67677 1.00201 0.00221072 0.000208263
2.61745 1.67677 1.0019 0.0020618 0.000202414
2.63758 1.67677 1.0018 0.00191852 0.000196802
2.65772 1.67677 1.00171 0.00178061 0.000191384
2.67785 1.67677 1.00162 0.00164777 0.000186104
2.69799 1.67677 1.00154 0.0015197 0.0001809
2.71812 1.67677 1.00146 0.00139614 0.000175696
2.73826 1.67677 1.0014 0.00127677 0.000170399
2.75839 1.67677 1.00133 0.00116133 0.000164898
2.77852 1.67677 1.00128 0.00104953 0.000159058
2.79866 1.67677 1.00123 0.000941109 0.000152718
2.81879 1.67677 1.00118 0.000835804 0.000145688
2.83893 1.67677 1.00114 0.000733379 0.000137741
2.85906 1.67677 1.00111 0.00063362 0.000128612
2.87919 1.67677 1.00108 0.000536342 0.000117994
2.89933 1.67677 1.00106 0.000441394 0.000105535
2.91946 1.67677 1.00105 0.000348672 9.08372e-05
2.9396 1.67677 1.00104 0.000258123 7.34533e-05
2.95973 1.67677 1.00103 0.00016976 5.28884e-05
2.97987 1.67677 1.00103 8.36588e-05 2.86002e-05
3 1.67677 1.00104 0 0

0 1.69697 1.04987 0 0
0.0201342 1.69697 1.05029 -0.000871747 0.00180547
0.0402685 1.69697 1.05073 -0.00165578 0.00353195
0.0604027 1.69697 1.05119 -0.0023477 0.00517535
0.0805369 1.69697 1.05167 -0.00294329 0.00673365
0.100671 1.69697 1.05216 -0.00343912 0.00820659
0.120805 1.69697 1.05266 -0.00383263 0.00959521
0.14094 1.69697 1.05317 -0.00412234 0.0109014
0.161074 1.69697 1.05368 -0.00430781 0.0121275
0.181208 1.69697 1.05418 -0.0043896 0.0132762
0.201342 1.69697 1.05468 -0.00436922 0.0143501
0.221477 1.69697 1.05517 -0.00424895 0.0153515
0.241611 1.69697 1.05564 -0.0040318 0.0162827
0.261745 1.69697 1.05609 -0.00372134 0.0171457
0.281879 1.69697 1.05652 -0.00332165 0.0179422
0.302013 1.69697 1.05693 -0.0028372 0.0186736
0.322148 1.69697 1.0573 -0.00227275 0.0193411
0.342282 1.69697 1.05764 -0.00163335 0.0199457
0.362416 1.69697 1.05795 -0.000924215 0.0204883
0.38255 1.69697 1.05822 -0.000150722 0.0209696
0.402685 1.69697 1.05845 0.000681646 0.0213904
0.422819 1.69697 1.05863 0.00156733 0.0217514
0.442953 1.69697 1.05878 0.00250072 0.022053
0.463087 1.69697 1.05888 0.00347619 0.0222961
0.483221 1.69697 1.05894 0.00448809 0.0224812
0.503356 1.69697 1.05895 0.00553078 0.0226091
0.52349 1.69697 1.05892 0.00659865 0.0226807
0.543624 1.69697 1.05884 0.00768612 0.0226967
0.563758 1.69697 1.05871 0.00878765 0.0226583
0.583893 1.69697 1.05853 0.00989777 0.0225666
0.604027 1.69697 1.0583 0.0110111 0.0224228
0.624161 1.69697 1.05803 0.0121222 0.0222282
0.644295 1.69697 1.05771 0.013226 0.0219846
0.66443 1.69697 1.05735 0.0143172 0.0216935
0.684564 1.69697 1.05694 0.015391 0.0213569
0.704698 1.69697 1.05648 0.0164425 0.0209768
0.724832 1.69697 1.05599 0.0174669 0.0205556
0.744966 1.69697 1.05545 0.01846 0.0200957
0.765101 1.69697 1.05487 0.0194173 0.0195998
0.785235 1.69697 1.05425 0.0203349 0.0190707
0.805369 1.69697 1.05359 0.0212092 0.0185115
0.825503 1.69697 1.05291 0.0220366 0.0179254
0.845638 1.69697 1.05218 0.0228142 0.0173159
0.865772 1.69697 1.05143 0.0235393 0.0166864
0.885906 1.69697 1.05065 0.0242094 0.0160405
0.90604 1.69697 1.04984 0.0248227 0.015382
0.926174 1.69697 1.04901 0.0253778 0.0147145
0.946309 1.69697 1.04816 0.0258736 0.0140419
0.966443 1.69697 1.04729 0.0263093 0.0133678
0.986577 1.69697 1.0464 0.026685 0.0126958
1.00671 1.69697 1.0455 0.0270007 0.0120294
1.02685 1.69697 1.04458 0.0272573 0.0113719
1.04698 1.69697 1.04366 0.0274556 0.0107264
1.06711 1.69697 1.04273 0.0275971 0.0100956
1.08725 1.69697 1.04179 0.0276835 0.00948234
1.10738 1.69697 1.04086 0.0277168 0.00888871
1.12752 1.69697 1.03992 0.0276993 0.00831671
1.14765 1.69697 1.03898 0.0276334 0.007768
1.16779 1.69697 1.03804 0.0275217 0.00724389
1.18792 1.69697 1.0371 0.027367 0.00674537
1.20805 1.69697 1.03618 0.027172 0.00627313
1.22819 1.69697 1.03525 0.0269397 0.00582755
1.24832 1.69697 1.03434 0.0266729 0.00540875
1.26846 1.69697 1.03343 0.0263744 0.00501659
1.28859 1.69697 1.03254 0.0260469 0.00465069
1.30872 1.69697 1.03165 0.0256933 0.00431049
1.32886 1.69697 1.03077 0.0253161 0.00399522
1.34899 1.69697 1.02991 0.0249178 0.003704
1.36913 1.69697 1.02906 0.0245009 0.00343581
1.38926 1.69697 1.02822 0.0240675 0.00318953
1.4094 1.69697 1.02739 0.0236198 0.00296399
1.42953 1.69697 1.02658 0.0231599 0.00275795
1.44966 1.69697 1.02578 0.0226896 0.00257015
1.4698 1.69697 1.02499 0.0222105 0.00239932
1.48993 1.69697 1.02422 0.0217245 0.0022442
1.51007 1.69697 1.02346 0.0212328 0.00210355
1.5302 1.69697 1.02271 0.0207369 0.00197614
1.55034 1.69697 1.02198 0.0202381 0.00186082
1.57047 1.69697 1.02127 0.0197375 0.00175644
1.5906 1.69697 1.02056 0.0192361 0.00166195
1.61074 1.69697 1.01988 0.0187349 0.00157633
1.63087 1.69697 1.0192 0.0182348 0.00149863
1.65101 1.69697 1.01854 0.0177366 0.00142797
1.67114 1.69697 1.0179 0.017241 0.00136354
1.69128 1.69697 1.01726 0.0167487 0.00130457
1.71141 1.69697 1.01665 0.0162602 0.00125038
1.73154 1.69697 1.01604 0.0157761 0.00120035
1.75168 1.69697 1.01546 0.0152968 0.00115392
1.77181 1.69697 1.01488 0.0148229 0.00111059
1.79195 1.69697 1.01432 0.0143547 0.00106992
1.81208 1.69697 1.01377 0.0138925 0.00103152
1.83221 1.69697 1.01324 0.0134367 0.000995058
1.85235 1.69697 1.01272 0.0129877 0.000960252
1.87248 1.69697 1.01221 0.0125455 0.000926861
1.89262 1.69697 1.01172 0.0121106 0.000894688
1.91275 1.69697 1.01124 0.0116831 0.000863572
1.93289 1.69697 1.01077 0.0112632 0.00083339
1.95302 1.69697 1.01032 0.0108511 0.000804046
1.97315 1.69697 1.00988 0.0104469 0.000775472
1.99329 1.69697 1.00946 0.0100509 0.000747621
2.01342 1.69697 1.00904 0.00966321 0.000720466
2.03356 1.69697 1.00864 0.00928389 0.000693994
2.05369 1.69697 1.00825 0.00891309 0.000668205
2.07383 1.69697 1.00788 0.00855092 0.000643106
2.09396 1.69697 1.00752 0.00819746 0.000618709
2.11409 1.69697 1.00717 0.0078528 0.00059503
2.13423 1.69697 1.00683 0.00751701 0.000572087
2.15436 1.69697 1.00651 0.00719013 0.000549894
2.1745 1.69697 1.00619 0.00687221 0.000528465
2.19463 1.69697 1.00589 0.00656326 0.000507809
2.21477 1.69697 1.0056 0.00626329 0.000487933
2.2349 1.69697 1.00532 0.00597228 0.000468837
2.25503 1.69697 1.00506 0.00569022 0.00045052
2.27517 1.69697 1.0048 0.00541704 0.000432972
2.2953 1.69697 1.00455 0.00515269 0.000416184
2.31544 1.69697 1.00432 0.00489709 0.00040014
2.33557 1.69697 1.00409 0.00465012 0.000384823
2.3557 1.69697 1.00388 0.00441168 0.000370211
2.37584 1.69697 1.00367 0.00418163 0.000356284
2.39597 1.69697 1.00348 0.00395982 0.000343017
2.41611 1.69697 1.00329 0.00374609 0.000330387
2.43624 1.69697 1.00311 0.00354025 0.000318368
2.45638 1.69697 1.00294 0.00334211 0.000306936
2.47651 1.69697 1.00278 0.00315147 0.000296067
2.49664 1.69697 1.00263 0.0029681 0.000285735
2.51678 1.69697 1.00249 0.00279178 0.000275915
2.53691 1.69697 1.00235 0.00262227 0.000266582
2.55705 1.69697 1.00222 0.00245933 0.000257709
2.57718 1.69697 1.0021 0.00230269 0.000249269
2.59732 1.69697 1.00199 0.00215209 0.000241232
2.61745 1.69697 1.00188 0.00200728 0.000233562
2.63758 1.69697 1.00178 0.00186796 0.00022622
2.65772 1.69697 1.00169 0.00173387 0.00021916
2.67785 1.69697 1.0016 0.00160473 0.000212327
2.69799 1.69697 1.00152 0.00148025 0.000205653
2.71812 1.69697 1.00144 0.00136014 0.000199056
2.73826 1.69697 1.00138 0.00124413 0.000192437
2.75839 1.69697 1.00131 0.00113192 0.000185674
2.77852 1.69697 1.00126 0.00102325 0.000178622
2.79866 1.69697 1.00121 0.000917849 0.000171101
2.81879 1.69697 1.00116 0.000815453 0.000162899
2.83893 1.69697 1.00112 0.000715821 0.000153763
2.85906 1.69697 1.00109 0.000618735 0.000143393
2.87919 1.69697 1.00106 0.000524002 0.000131442
2.89933 1.69697 1.00104 0.000431466 0.000117507
2.91946 1.69697 1.00102 0.000341017 0.00010113
2.9396 1.69697 1.00101 0.000252597 8.17933e-05
2.95973 1.69697 1.00101 0.000166218 5.8923e-05
2.97987 1.69697 1.00101 8.19566e-05 3.18874e-05
3 1.69697 1.00102 0 0

0 1.71717 1.0495 0 0
0.0201342 1.71717 1.0499 -0.000874628 0.00172131
0.0402685 1.71717 1.05033 -0.00166507 0.00335893
0.0604027 1.71717 1.05078 -0.00236569 0.00490893
0.0805369 1.71717 1.05126 -0.00297138 0.00636988
0.100671 1.71717 1.05176 -0.0034781 0.00774249
0.120805 1.71717 1.05227 -0.00388299 0.00902888
0.14094 1.71717 1.05278 -0.00418448 0.0102321
0.161074 1.71717 1.05331 -0.00438223 0.0113556
0.181208 1.71717 1.05383 -0.00447701 0.0124032
0.201342 1.71717 1.05434 -0.00447056 0.0133781
0.221477 1.71717 1.05484 -0.00436544 0.0142838
0.241611 1.71717 1.05533 -0.00416489 0.015123
0.261745 1.71717 1.0558 -0.0038727 0.0158983
0.281879 1.71717 1.05625 -0.00349308 0.0166118
0.302013 1.71717 1.05667 -0.00303059 0.0172653
0.322148 1.71717 1.05705 -0.00249006 0.0178602
0.342282 1.71717 1.05741 -0.00187652 0.0183978
0.362416 1.71717 1.05773 -0.00119513 0.0188791
0.38255 1.71717 1.05801 -0.000451203 0.019305
0.402685 1.71717 1.05826 0.000349904 0.0196763
0.422819 1.71717 1.05846 0.00120276 0.0199936
0.442953 1.71717 1.05862 0.00210192 0.0202576
0.463087 1.71717 1.05874 0.00304191 0.020469
0.483221 1.71717 1.05881 0.00401726 0.0206285
0.503356 1.71717 1.05883 0.00502253 0.0207367
0.52349 1.71717 1.05881 0.00605229 0.0207943
0.543624 1.71717 1.05874 0.00710116 0.0208024
0.563758 1.71717 1.05862 0.0081638 0.0207617
0.583893 1.71717 1.05845 0.00923494 0.0206734
0.604027 1.71717 1.05824 0.0103094 0.0205385
0.624161 1.71717 1.05798 0.011382 0.0203583
0.644295 1.71717 1.05767 0.0124478 0.0201344
0.66443 1.71717 1.05731 0.0135018 0.0198681
0.684564 1.71717 1.05691 0.0145393 0.0195614
0.704698 1.71717 1.05647 0.0155557 0.019216
0.724832 1.71717 1.05598 0.0165465 0.018834
0.744966 1.71717 1.05545 0.0175074 0.0184177
0.765101 1.71717 1.05488 0.0184345 0.0179694
0.785235 1.71717 1.05427 0.0193239 0.0174918
0.805369 1.71717 1.05363 0.0201721 0.0169875
0.825503 1.71717 1.05295 0.0209759 0.0164595
0.845638 1.71717 1.05224 0.0217324 0.0159108
0.865772 1.71717 1.05149 0.022439 0.0153444
0.885906 1.71717 1.05072 0.0230935 0.0147636
0.90604 1.71717 1.04992 0.023694 0.0141717
0.926174 1.71717 1.04909 0.0242392 0.013572
0.946309 1.71717 1.04825 0.024728 0.0129677
0.966443 1.71717 1.04738 0.0251598 0.0123622
0.986577 1.71717 1.0465 0.0255344 0.0117585
1.00671 1.71717 1.0456 0.0258518 0.0111598
1.02685 1.71717 1.04469 0.0261128 0.0105689
1.04698 1.71717 1.04377 0.0263181 0.00998868
1.06711 1.71717 1.04284 0.026469 0.0094215
1.08725 1.71717 1.04191 0.026567 0.00886968
1.10738 1.71717 1.04097 0.026614 0.00833525
1.12752 1.71717 1.04003 0.026612 0.00781993
1.14765 1.71717 1.03909 0.0265633 0.0073252
1.16779 1.71717 1.03815 0.0264702 0.00685224
1.18792 1.71717 1.03722 0.0263352 0.00640194
1.20805 1.71717 1.03629 0.0261609 0.00597495
1.22819 1.71717 1.03536 0.0259501 0.00557162
1.24832 1.71717 1.03444 0.0257054 0.00519208
1.26846 1.71717 1.03353 0.0254294 0.00483624
1.28859 1.71717 1.03263 0.0251248 0.00450379
1.30872 1.71717 1.03174 0.0247941 0.00419424
1.32886 1.71717 1.03085 0.0244398 0.00390694
1.34899 1.71717 1.02998 0.0240644 0.00364114
1.36913 1.71717 1.02913 0.0236701 0.00339592
1.38926 1.71717 1.02828 0.0232591 0.00317033
1.4094 1.71717 1.02745 0.0228335 0.00296332
1.42953 1.71717 1.02663 0.0223953 0.0027738
1.44966 1.71717 1.02582 0.0219462 0.00260065
1.4698 1.71717 1.02503 0.0214881 0.00244275
1.48993 1.71717 1.02425 0.0210224 0.00229897
1.51007 1.71717 1.02348 0.0205508 0.00216819
1.5302 1.71717 1.02273 0.0200744 0.00204933
1.55034 1.71717 1.022 0.0195946 0.00194134
1.57047 1.71717 1.02127 0.0191126 0.0018432
1.5906 1.71717 1.02057 0.0186294 0.00175395
1.61074 1.71717 1.01987 0.018146 0.00167268
1.63087 1.71717 1.0192 0.0176632 0.00159853
1.65101 1.71717 1.01853 0.0171819 0.00153071
1.67114 1.71717 1.01788 0.0167028 0.00146848
1.69128 1.71717 1.01725 0.0162266 0.00141115
1.71141 1.71717 1.01663 0.015754 0.00135811
1.73154 1.71717 1.01602 0.0152853 0.0013088
1.75168 1.71717 1.01543 0.0148212 0.0012627
1.77181 1.71717 1.01485 0.0143621 0.00121937
1.79195 1.71717 1.01429 0.0139084 0.0011784
1.81208 1.71717 1.01374 0.0134605 0.00113946
1.83221 1.71717 1.0132 0.0130187 0.00110224
1.85235 1.71717 1.01268 0.0125833 0.00106648
1.87248 1.71717 1.01217 0.0121547 0.00103197
1.89262 1.71717 1.01168 0.011733 0.000998528
1.91275 1.71717 1.0112 0.0113184 0.00096602
1.93289 1.71717 1.01073 0.0109113 0.000934331
1.95302 1.71717 1.01028 0.0105117 0.000903378
1.97315 1.71717 1.00984 0.0101199 0.000873103
1.99329 1.71717 1.00941 0.00973599 0.000843465
2.01342 1.71717 1.009 0.00936013 0.000814443
2.03356 1.71717 1.0086 0.00899245 0.000786031
2.05369 1.71717 1.00821 0.00863306 0.00075823
2.07383 1.71717 1.00784 0.00828206 0.000731052
2.09396 1.71717 1.00748 0.00793955 0.000704514
2.11409 1.71717 1.00713 0.0076056 0.000678634
2.13423 1.71717 1.00679 0.00728027 0.000653434
2.15436 1.71717 1.00647 0.00696361 0.000628934
2.1745 1.71717 1.00615 0.00665565 0.000605152
2.19463 1.71717 1.00585 0.0063564 0.000582104
2.21477 1.71717 1.00556 0.00606587 0.000559802
2.2349 1.71717 1.00528 0.00578404 0.000538255
2.25503 1.71717 1.00502 0.00551089 0.000517467
2.27517 1.71717 1.00476 0.00524635 0.000497438
2.2953 1.71717 1.00452 0.00499036 0.000478165
2.31544 1.71717 1.00428 0.00474285 0.000459642
2.33557 1.71717 1.00406 0.00450371 0.000441859
2.3557 1.71717 1.00384 0.00427283 0.000424804
2.37584 1.71717 1.00364 0.00405007 0.000408462
2.39597 1.71717 1.00344 0.0038353 0.000392817
2.41611 1.71717 1.00326 0.00362835 0.000377853
2.43624 1.71717 1.00308 0.00342904 0.000363551
2.45638 1.71717 1.00291 0.0032372 0.000349892
2.47651 1.71717 1.00275 0.00305261 0.000336857
2.49664 1.71717 1.0026 0.00287508 0.000324426
2.51678 1.71717 1.00246 0.00270438 0.000312578
2.53691 1.71717 1.00232 0.00254028 0.000301291
2.55705 1.71717 1.0022 0.00238254 0.000290543
2.57718 1.71717 1.00208 0.00223093 0.000280306
2.59732 1.71717 1.00196 0.00208517 0.000270553
2.61745 1.71717 1.00186 0.00194503 0.00026125
2.63758 1.71717 1.00176 0.00181022 0.000252358
2.65772 1.71717 1.00166 0.00168049 0.00024383
2.67785 1.71717 1.00158 0.00155556 0.000235609
2.69799 1.71717 1.0015 0.00143515 0.000227626
2.71812 1.71717 1.00142 0.00131899 0.000219796
2.73826 1.71717 1.00136 0.00120679 0.000212012
2.75839 1.71717 1.00129 0.00109828 0.000204146
2.77852 1.71717 1.00124 0.000993181 0.000196041
2.79866 1.71717 1.00119 0.000891227 0.000187502
2.81879 1.71717 1.00114 0.000792157 0.000178299
2.83893 1.71717 1.0011 0.000695723 0.000168152
2.85906 1.71717 1.00107 0.0006017 0.000156729
2.87919 1.71717 1.00104 0.000509886 0.000143642
2.89933 1.71717 1.00102 0.000420118 0.000128435
2.91946 1.71717 1.001 0.000332276 0.00011059
2.9396 1.71717 1.00099 0.000246297 8.95158e-05
2.95973 1.71717 1.00098 0.000162186 6.45542e-05
2.97987 1.71717 1.00099 8.0023e-05 3.49792e-05
3 1.71717 1.00099 0 0

0 1.73737 1.04911 0 0
0.0201342 1.73737 1.04949 -0.000877415 0.00164166
0.0402685 1.73737 1.0499 -0.00167421 0.00319337
0.0604027 1.73737 1.05035 -0.00238319 0.00465173
0.0805369 1.73737 1.05084 -0.00299824 0.00601621
0.100671 1.73737 1.05134 -0.00351467 0.00728882
0.120805 1.73737 1.05186 -0.00392935 0.00847309
0.14094 1.73737 1.0524 -0.00424072 0.00957345
0.161074 1.73737 1.05294 -0.00444866 0.0105947
0.181208 1.73737 1.05348 -0.00455425 0.0115416
0.201342 1.73737 1.05401 -0.0045596 0.0124185
0.221477 1.73737 1.05453 -0.00446763 0.0132296
0.241611 1.73737 1.05504 -0.0042819 0.0139782
0.261745 1.73737 1.05553 -0.00400644 0.0146674
0.281879 1.73737 1.056 -0.00364566 0.0152997
0.302013 1.73737 1.05643 -0.00320423 0.0158771
0.322148 1.73737 1.05684 -0.00268703 0.0164013
0.342282 1.73737 1.05721 -0.00209909 0.0168738
0.362416 1.73737 1.05755 -0.00144552 0.0172957
0.38255 1.73737 1.05785 -0.000731533 0.0176679
0.402685 1.73737 1.05811 3.7637e-05 0.0179912
0.422819 1.73737 1.05833 0.000856716 0.0182664
0.442953 1.73737 1.0585 0.00172042 0.0184942
0.463087 1.73737 1.05863 0.00262348 0.0186752
0.483221 1.73737 1.05871 0.00356061 0.0188099
0.503356 1.73737 1.05875 0.00452658 0.0188992
0.52349 1.73737 1.05874 0.00551618 0.0189437
0.543624 1.73737 1.05868 0.00652425 0.0189441
0.563758 1.73737 1.05857 0.00754566 0.0189014
0.583893 1.73737 1.05842 0.00857536 0.0188165
0.604027 1.73737 1.05821 0.00960839 0.0186904
0.624161 1.73737 1.05796 0.0106398 0.0185242
0.644295 1.73737 1.05767 0.0116649 0.0183194
0.66443 1.73737 1.05732 0.012679 0.0180772
0.684564 1.73737 1.05693 0.0136774 0.0177993
0.704698 1.73737 1.05649 0.0146559 0.0174874
0.724832 1.73737 1.05602 0.0156101 0.0171432
0.744966 1.73737 1.05549 0.0165362 0.0167688
0.765101 1.73737 1.05493 0.0174301 0.0163664
0.785235 1.73737 1.05433 0.0182883 0.0159382
0.805369 1.73737 1.05369 0.0191076 0.0154866
0.825503 1.73737 1.05302 0.0198848 0.0150143
0.845638 1.73737 1.05231 0.0206172 0.0145238
0.865772 1.73737 1.05157 0.0213023 0.0140179
0.885906 1.73737 1.05081 0.0219381 0.0134995
0.90604 1.73737 1.05001 0.0225228 0.0129714
0.926174 1.73737 1.04919 0.0230551 0.0124365
0.946309 1.73737 1.04835 0.0235339 0.0118977
0.966443 1.73737 1.04749 0.0239586 0.0113579
0.986577 1.73737 1.04661 0.024329 0.0108198
1.00671 1.73737 1.04571 0.0246451 0.0102861
1.02685 1.73737 1.0448 0.0249074 0.00975929
1.04698 1.73737 1.04388 0.0251168 0.00924183
1.06711 1.73737 1.04296 0.0252742 0.00873587
1.08725 1.73737 1.04202 0.0253811 0.00824341
1.10738 1.73737 1.04108 0.0254391 0.00776622
1.12752 1.73737 1.04014 0.0254501 0.00730584
1.14765 1.73737 1.0392 0.0254161 0.00686354
1.16779 1.73737 1.03826 0.0253393 0.00644039
1.18792 1.73737 1.03732 0.025222 0.00603718
1.20805 1.73737 1.03638 0.0250667 0.00565449
1.22819 1.73737 1.03545 0.0248758 0.00529264
1.24832 1.73737 1.03453 0.0246518 0.00495178
1.26846 1.73737 1.03361 0.0243972 0.00463182
1.28859 1.73737 1.03271 0.0241144 0.00433253
1.30872 1.73737 1.03181 0.023806 0.00405347
1.32886 1.73737 1.03092 0.0234743 0.00379411
1.34899 1.73737 1.03004 0.0231215 0.00355378
1.36913 1.73737 1.02918 0.0227498 0.00333169
1.38926 1.73737 1.02833 0.0223615 0.003127
1.4094 1.73737 1.02749 0.0219584 0.0029388
1.42953 1.73737 1.02666 0.0215425 0.00276613
1.44966 1.73737 1.02585 0.0211155 0.002608
1.4698 1.73737 1.02505 0.0206792 0.00246341
1.48993 1.73737 1.02426 0.0202351 0.00233138
1.51007 1.73737 1.02349 0.0197846 0.0022109
1.5302 1.73737 1.02274 0.0193291 0.00210102
1.55034 1.73737 1.02199 0.0188699 0.00200079
1.57047 1.73737 1.02127 0.018408 0.00190932
1.5906 1.73737 1.02055 0.0179446 0.00182575
1.61074 1.73737 1.01986 0.0174806 0.00174927
1.63087 1.73737 1.01917 0.0170169 0.0016791
1.65101 1.73737 1.01851 0.0165544 0.00161453
1.67114 1.73737 1.01785 0.0160937 0.00155491
1.69128 1.73737 1.01721 0.0156356 0.00149963
1.71141 1.73737 1.01659 0.0151807 0.00144812
1.73154 1.73737 1.01598 0.0147294 0.0013999
1.75168 1.73737 1.01539 0.0142824 0.0013545
1.77181 1.73737 1.0148 0.0138401 0.00131152
1.79195 1.73737 1.01424 0.0134029 0.00127061
1.81208 1.73737 1.01369 0.0129712 0.00123147
1.83221 1.73737 1.01315 0.0125453 0.00119381
1.85235 1.73737 1.01263 0.0121256 0.00115742
1.87248 1.73737 1.01212 0.0117123 0.00112211
1.89262 1.73737 1.01162 0.0113057 0.00108772
1.91275 1.73737 1.01114 0.010906 0.00105413
1.93289 1.73737 1.01068 0.0105134 0.00102124
1.95302 1.73737 1.01022 0.0101281 0.000988982
1.97315 1.73737 1.00978 0.00975032 0.000957307
1.99329 1.73737 1.00936 0.00938017 0.000926185
2.01342 1.73737 1.00894 0.00901781 0.0008956
2.03356 1.73737 1.00854 0.00866336 0.000865551
2.05369 1.73737 1.00816 0.00831694 0.000836046
2.07383 1.73737 1.00778 0.00797863 0.0008071
2.09396 1.73737 1.00742 0.00764854 0.000778734
2.11409 1.73737 1.00708 0.00732671 0.000750971
2.13423 1.73737 1.00674 0.00701323 0.000723836
2.15436 1.73737 1.00642 0.00670812 0.000697354
2.1745 1.73737 1.0061 0.00641141 0.000671548
2.19463 1.73737 1.0058 0.00612312 0.000646439
2.21477 1.73737 1.00552 0.00584324 0.000622045
2.2349 1.73737 1.00524 0.00557176 0.00059838
2.25503 1.73737 1.00497 0.00530864 0.000575457
2.27517 1.73737 1.00472 0.00505384 0.000553281
2.2953 1.73737 1.00448 0.00480728 0.000531857
2.31544 1.73737 1.00424 0.00456889 0.000511186
2.33557 1.73737 1.00402 0.00433856 0.000491264
2.3557 1.73737 1.00381 0.00411619 0.000472086
2.37584 1.73737 1.0036 0.00390166 0.000453646
2.39597 1.73737 1.00341 0.00369481 0.000435933
2.41611 1.73737 1.00322 0.0034955 0.000418937
2.43624 1.73737 1.00305 0.00330356 0.000402646
2.45638 1.73737 1.00288 0.0031188 0.000387044
2.47651 1.73737 1.00272 0.00294104 0.00037212
2.49664 1.73737 1.00257 0.00277009 0.000357855
2.51678 1.73737 1.00243 0.00260572 0.000344235
2.53691 1.73737 1.00229 0.00244771 0.00033124
2.55705 1.73737 1.00217 0.00229585 0.000318849
2.57718 1.73737 1.00205 0.00214989 0.000307041
2.59732 1.73737 1.00194 0.00200959 0.000295787
2.61745 1.73737 1.00183 0.0018747 0.000285056
2.63758 1.73737 1.00173 0.00174498 0.000274811
2.65772 1.73737 1.00164 0.00162015 0.000265004
2.67785 1.73737 1.00155 0.00149996 0.000255578
2.69799 1.73737 1.00147 0.00138414 0.000246463
2.71812 1.73737 1.0014 0.00127242 0.000237571
2.73826 1.73737 1.00133 0.00116452 0.000228793
2.75839 1.73737 1.00127 0.00106018 0.000219995
2.77852 1.73737 1.00121 0.000959112 0.000211009
2.79866 1.73737 1.00116 0.000861058 0.000201631
2.81879 1.73737 1.00112 0.000765752 0.000191612
2.83893 1.73737 1.00108 0.000672942 0.00018065
2.85906 1.73737 1.00104 0.000582394 0.000168383
2.87919 1.73737 1.00101 0.000493896 0.000154379
2.89933 1.73737 1.00099 0.000407272 0.000138135
2.91946 1.73737 1.00097 0.000322393 0.000119065
2.9396 1.73737 1.00096 0.000239183 9.65048e-05
2.95973 1.73737 1.00096 0.000157643 6.97044e-05
2.97987 1.73737 1.00096 7.78491e-05 3.78369e-05
3 1.73737 1.00096 0 0

0 1.75758 1.04868 0 0
0.0201342 1.75758 1.04904 -0.00088002 0.00156668
0.0402685 1.75758 1.04945 -0.00168291 0.00303528
0.0604027 1.75758 1.0499 -0.00239954 0.00440333
0.0805369 1.75758 1.05039 -0.0030227 0.0056717
0.100671 1.75758 1.05091 -0.00354701 0.00684415
0.120805 1.75758 1.05145 -0.0039692 0.007926
0.14094 1.75758 1.052 -0.00428788 0.00892335
0.161074 1.75758 1.05257 -0.0045033 0.00984245
0.181208 1.75758 1.05313 -0.00461703 0.0106892
0.201342 1.75758 1.05369 -0.00463167 0.0114692
0.221477 1.75758 1.05424 -0.0045506 0.0121869
0.241611 1.75758 1.05477 -0.00437776 0.0128466
0.261745 1.75758 1.05528 -0.00411747 0.0134516
0.281879 1.75758 1.05577 -0.00377436 0.0140048
0.302013 1.75758 1.05623 -0.00335323 0.0145083
0.322148 1.75758 1.05666 -0.00285899 0.0149641
0.342282 1.75758 1.05705 -0.00229665 0.0153737
0.362416 1.75758 1.05741 -0.00167127 0.0157383
0.38255 1.75758 1.05772 -0.00098794 0.0160589
0.402685 1.75758 1.058 -0.000251742 0.0163363
0.422819 1.75758 1.05823 0.000532225 0.0165712
0.442953 1.75758 1.05842 0.00135888 0.0167643
0.463087 1.75758 1.05857 0.00222315 0.0169163
0.483221 1.75758 1.05866 0.00311999 0.0170276
0.503356 1.75758 1.05871 0.0040444 0.017099
0.52349 1.75758 1.05871 0.0049914 0.0171311
0.543624 1.75758 1.05867 0.00595606 0.0171245
0.563758 1.75758 1.05857 0.00693351 0.0170801
0.583893 1.75758 1.05843 0.00791895 0.0169988
0.604027 1.75758 1.05823 0.00890763 0.0168814
0.624161 1.75758 1.05799 0.00989492 0.016729
0.644295 1.75758 1.0577 0.0108762 0.0165427
0.66443 1.75758 1.05737 0.0118472 0.0163239
0.684564 1.75758 1.05698 0.0128034 0.0160739
0.704698 1.75758 1.05656 0.0137408 0.0157941
0.724832 1.75758 1.05608 0.0146554 0.0154864
0.744966 1.75758 1.05557 0.0155432 0.0151523
0.765101 1.75758 1.05501 0.0164008 0.0147939
0.785235 1.75758 1.05442 0.0172247 0.014413
0.805369 1.75758 1.05379 0.0180118 0.014012
0.825503 1.75758 1.05312 0.0187591 0.0135929
0.845638 1.75758 1.05241 0.0194642 0.0131582
0.865772 1.75758 1.05168 0.0201247 0.0127102
0.885906 1.75758 1.05091 0.0207385 0.0122514
0.90604 1.75758 1.05012 0.0213042 0.0117843
0.926174 1.75758 1.0493 0.0218203 0.0113114
0.946309 1.75758 1.04846 0.0222859 0.0108353
0.966443 1.75758 1.0476 0.0227004 0.0103583
0.986577 1.75758 1.04672 0.0230634 0.00988289
1.00671 1.75758 1.04583 0.0233751 0.0094114
1.02685 1.75758 1.04492 0.0236358 0.00894603
1.04698 1.75758 1.044 0.0238463 0.00848881
1.06711 1.75758 1.04307 0.0240074 0.00804167
1.08725 1.75758 1.04213 0.0241204 0.00760631
1.10738 1.75758 1.04119 0.0241868 0.00718429
1.12752 1.75758 1.04025 0.0242083 0.00677692
1.14765 1.75758 1.0393 0.0241868 0.00638534
1.16779 1.75758 1.03835 0.0241242 0.00601046
1.18792 1.75758 1.03741 0.0240227 0.00565299
1.20805 1.75758 1.03647 0.0238846 0.00531343
1.22819 1.75758 1.03553 0.0237121 0.00499209
1.24832 1.75758 1.0346 0.0235076 0.00468907
1.26846 1.75758 1.03368 0.0232733 0.00440434
1.28859 1.75758 1.03277 0.0230117 0.00413767
1.30872 1.75758 1.03186 0.022725 0.00388873
1.32886 1.75758 1.03097 0.0224154 0.00365703
1.34899 1.75758 1.03009 0.0220851 0.003442
1.36913 1.75758 1.02922 0.0217362 0.00324297
1.38926 1.75758 1.02836 0.0213708 0.0030592
1.4094 1.75758 1.02751 0.0209907 0.00288989
1.42953 1.75758 1.02668 0.0205978 0.00273421
1.44966 1.75758 1.02586 0.0201938 0.00259129
1.4698 1.75758 1.02505 0.0197803 0.00246026
1.48993 1.75758 1.02426 0.0193588 0.00234024
1.51007 1.75758 1.02348 0.0189308 0.00223037
1.5302 1.75758 1.02272 0.0184976 0.00212979
1.55034 1.75758 1.02197 0.0180604 0.00203767
1.57047 1.75758 1.02124 0.0176204 0.00195322
1.5906 1.75758 1.02053 0.0171785 0.00187569
1.61074 1.75758 1.01982 0.0167357 0.00180435
1.63087 1.75758 1.01914 0.016293 0.00173853
1.65101 1.75758 1.01846 0.0158511 0.00167759
1.67114 1.75758 1.01781 0.0154108 0.00162096
1.69128 1.75758 1.01716 0.0149727 0.00156809
1.71141 1.75758 1.01654 0.0145375 0.00151849
1.73154 1.75758 1.01593 0.0141057 0.00147173
1.75168 1.75758 1.01533 0.0136779 0.00142739
1.77181 1.75758 1.01475 0.0132544 0.00138514
1.79195 1.75758 1.01418 0.0128357 0.00134465
1.81208 1.75758 1.01363 0.0124222 0.00130566
1.83221 1.75758 1.01309 0.0120143 0.00126793
1.85235 1.75758 1.01256 0.0116122 0.00123127
1.87248 1.75758 1.01205 0.0112162 0.0011955
1.89262 1.75758 1.01156 0.0108266 0.00116051
1.91275 1.75758 1.01108 0.0104436 0.00112619
1.93289 1.75758 1.01061 0.0100674 0.00109244
1.95302 1.75758 1.01016 0.00969825 0.00105923
1.97315 1.75758 1.00972 0.00933628 0.0010265
1.99329 1.75758 1.00929 0.00898166 0.000994245
2.01342 1.75758 1.00888 0.0086345 0.000962448
2.03356 1.75758 1.00848 0.00829495 0.000931116
2.05369 1.75758 1.00809 0.00796311 0.000900263
2.07383 1.75758 1.00772 0.00763907 0.000869908
2.09396 1.75758 1.00736 0.00732291 0.000840076
2.11409 1.75758 1.00702 0.00701471 0.000810794
2.13423 1.75758 1.00668 0.0067145 0.000782092
2.15436 1.75758 1.00636 0.00642234 0.000753999
2.1745 1.75758 1.00605 0.00613824 0.000726541
2.19463 1.75758 1.00575 0.00586221 0.000699746
2.21477 1.75758 1.00546 0.00559426 0.000673635
2.2349 1.75758 1.00519 0.00533436 0.000648229
2.25503 1.75758 1.00492 0.00508247 0.000623544
2.27517 1.75758 1.00467 0.00483854 0.000599594
2.2953 1.75758 1.00443 0.00460252 0.000576388
2.31544 1.75758 1.00419 0.00437432 0.000553934
2.33557 1.75758 1.00397 0.00415385 0.000532233
2.3557 1.75758 1.00376 0.003941 0.000511288
2.37584 1.75758 1.00356 0.00373564 0.000491097
2.39597 1.75758 1.00337 0.00353765 0.000471656
2.41611 1.75758 1.00318 0.00334688 0.000452959
2.43624 1.75758 1.00301 0.00316316 0.000435
2.45638 1.75758 1.00284 0.00298633 0.000417769
2.47651 1.75758 1.00268 0.0028162 0.000401256
2.49664 1.75758 1.00254 0.00265259 0.000385449
2.51678 1.75758 1.00239 0.00249529 0.000370336
2.53691 1.75758 1.00226 0.00234409 0.000355901
2.55705 1.75758 1.00214 0.00219878 0.000342127
2.57718 1.75758 1.00202 0.00205914 0.000328992
2.59732 1.75758 1.00191 0.00192493 0.000316473
2.61745 1.75758 1.0018 0.00179592 0.000304539
2.63758 1.75758 1.0017 0.00167186 0.000293154
2.65772 1.75758 1.00161 0.00155251 0.000282273
2.67785 1.75758 1.00153 0.00143761 0.000271839
2.69799 1.75758 1.00145 0.00132691 0.000261783
2.71812 1.75758 1.00137 0.00122015 0.000252016
2.73826 1.75758 1.00131 0.00111706 0.000242427
2.75839 1.75758 1.00124 0.00101737 0.000232878
2.77852 1.75758 1.00119 0.000920819 0.000223198
2.79866 1.75758 1.00114 0.000827134 0.000213172
2.81879 1.75758 1.00109 0.000736051 0.000202539
2.83893 1.75758 1.00105 0.000647313 0.000190975
2.85906 1.75758 1.00102 0.000560675 0.00017809
2.87919 1.75758 1.00099 0.000475914 0.000163416
2.89933 1.75758 1.00096 0.000392838 0.000146398
2.91946 1.75758 1.00094 0.000311301 0.000126384
2.9396 1.75758 1.00093 0.000231214 0.000102628
2.95973 1.75758 1.00093 0.000152564 7.42847e-05
2.97987 1.75758 1.00092 7.54248e-05 4.04166e-05
3 1.75758 1.00093 0 0

0 1.77778 1.04821 0 0
0.0201342 1.77778 1.04855 -0.000882316 0.00149647
0.0402685 1.77778 1.04895 -0.00169073 0.00288437
0.0604027 1.77778 1.04941 -0.00241378 0.00416283
0.0805369 1.77778 1.04991 -0.00304306 0.00533477
0.100671 1.77778 1.05045 -0.00357259 0.00640631
0.120805 1.77778 1.05102 -0.00399915 0.00738501
0.14094 1.77778 1.0516 -0.00432175 0.00827895
0.161074 1.77778 1.0522 -0.00454124 0.00909601
0.181208 1.77778 1.05279 -0.00465987 0.0098434
0.201342 1.77778 1.05338 -0.00468088 0.0105275
0.221477 1.77778 1.05396 -0.00460821 0.0111536
0.241611 1.77778 1.05452 -0.00444622 0.0117264
0.261745 1.77778 1.05506 -0.00419958 0.0122496
0.281879 1.77778 1.05557 -0.0038731 0.0127261
0.302013 1.77778 1.05606 -0.00347171 0.0131585
0.322148 1.77778 1.05651 -0.00300035 0.0135486
0.342282 1.77778 1.05692 -0.00246398 0.0138979
0.362416 1.77778 1.0573 -0.00186756 0.0142078
0.38255 1.77778 1.05764 -0.00121602 0.0144792
0.402685 1.77778 1.05793 -0.000514268 0.0147129
0.422819 1.77778 1.05818 0.000232802 0.0149096
0.442953 1.77778 1.05839 0.00102033 0.01507
0.463087 1.77778 1.05855 0.0018435 0.0151946
0.483221 1.77778 1.05866 0.00269752 0.015284
0.503356 1.77778 1.05872 0.00357763 0.0153387
0.52349 1.77778 1.05874 0.00447911 0.0153594
0.543624 1.77778 1.0587 0.00539732 0.0153466
0.563758 1.77778 1.05862 0.00632763 0.015301
0.583893 1.77778 1.05848 0.00726551 0.0152235
0.604027 1.77778 1.0583 0.00820647 0.0151148
0.624161 1.77778 1.05806 0.00914615 0.0149759
0.644295 1.77778 1.05778 0.0100802 0.0148078
0.66443 1.77778 1.05745 0.0110045 0.0146116
0.684564 1.77778 1.05708 0.011915 0.0143885
0.704698 1.77778 1.05666 0.0128078 0.0141398
0.724832 1.77778 1.05619 0.013679 0.013867
0.744966 1.77778 1.05568 0.0145251 0.0135717
0.765101 1.77778 1.05513 0.0153428 0.0132554
0.785235 1.77778 1.05454 0.0161287 0.0129199
0.805369 1.77778 1.05391 0.0168801 0.0125671
0.825503 1.77778 1.05324 0.0175941 0.012199
0.845638 1.77778 1.05254 0.0182684 0.0118175
0.865772 1.77778 1.05181 0.0189007 0.0114247
0.885906 1.77778 1.05104 0.0194892 0.0110228
0.90604 1.77778 1.05025 0.0200324 0.0106139
0.926174 1.77778 1.04943 0.020529 0.0102001
0.946309 1.77778 1.04859 0.0209781 0.00978361
0.966443 1.77778 1.04773 0.0213791 0.00936657
0.986577 1.77778 1.04685 0.0217316 0.00895102
1.00671 1.77778 1.04595 0.0220358 0.00853894
1.02685 1.77778 1.04504 0.0222918 0.00813221
1.04698 1.77778 1.04412 0.0225004 0.0077326
1.06711 1.77778 1.04318 0.0226623 0.00734173
1.08725 1.77778 1.04224 0.0227788 0.00696109
1.10738 1.77778 1.0413 0.0228511 0.00659199
1.12752 1.77778 1.04035 0.0228807 0.00623557
1.14765 1.77778 1.03939 0.0228694 0.0058928
1.16779 1.77778 1.03844 0.0228191 0.00556446
1.18792 1.77778 1.03749 0.0227316 0.00525117
1.20805 1.77778 1.03655 0.0226091 0.00495336
1.22819 1.77778 1.0356 0.0224537 0.00467129
1.24832 1.77778 1.03467 0.0222675 0.00440507
1.26846 1.77778 1.03374 0.0220527 0.00415466
1.28859 1.77778 1.03282 0.0218115 0.00391988
1.30872 1.77778 1.0319 0.021546 0.00370042
1.32886 1.77778 1.031 0.0212583 0.0034959
1.34899 1.77778 1.03011 0.0209505 0.0033058
1.36913 1.77778 1.02923 0.0206246 0.00312954
1.38926 1.77778 1.02837 0.0202825 0.0029665
1.4094 1.77778 1.02751 0.019926 0.00281598
1.42953 1.77778 1.02667 0.0195568 0.00267725
1.44966 1.77778 1.02585 0.0191767 0.00254957
1.4698 1.77778 1.02504 0.0187872 0.00243218
1.48993 1.77778 1.02424 0.0183897 0.00232432
1.51007 1.77778 1.02346 0.0179856 0.00222522
1.5302 1.77778 1.02269 0.0175762 0.00213414
1.55034 1.77778 1.02194 0.0171626 0.00205038
1.57047 1.77778 1.0212 0.0167461 0.00197322
1.5906 1.77778 1.02048 0.0163275 0.00190201
1.61074 1.77778 1.01977 0.0159078 0.00183612
1.63087 1.77778 1.01908 0.015488 0.00177496
1.65101 1.77778 1.0184 0.0150688 0.00171799
1.67114 1.77778 1.01774 0.0146508 0.00166468
1.69128 1.77778 1.0171 0.0142348 0.00161457
1.71141 1.77778 1.01647 0.0138215 0.00156724
1.73154 1.77778 1.01586 0.0134112 0.0015223
1.75168 1.77778 1.01526 0.0130046 0.0014794
1.77181 1.77778 1.01467 0.012602 0.00143824
1.79195 1.77778 1.0141 0.012204 0.00139855
1.81208 1.77778 1.01355 0.0118108 0.00136009
1.83221 1.77778 1.01301 0.0114229 0.00132266
1.85235 1.77778 1.01249 0.0110404 0.00128611
1.87248 1.77778 1.01198 0.0106638 0.00125028
1.89262 1.77778 1.01148 0.0102932 0.00121507
1.91275 1.77778 1.011 0.00992896 0.0011804
1.93289 1.77778 1.01053 0.00957116 0.0011462
1.95302 1.77778 1.01008 0.00922004 0.00111242
1.97315 1.77778 1.00964 0.00887576 0.00107904
1.99329 1.77778 1.00922 0.00853847 0.00104604
2.01342 1.77778 1.0088 0.00820831 0.00101343
2.03356 1.77778 1.00841 0.00788539 0.00098122
2.05369 1.77778 1.00802 0.00756982 0.000949424
2.07383 1.77778 1.00765 0.00726169 0.000918068
2.09396 1.77778 1.00729 0.00696107 0.000887182
2.11409 1.77778 1.00695 0.00666804 0.000856795
2.13423 1.77778 1.00661 0.00638262 0.000826942
2.15436 1.77778 1.00629 0.00610487 0.000797655
2.1745 1.77778 1.00598 0.0058348 0.000768964
2.19463 1.77778 1.00569 0.00557241 0.000740901
2.21477 1.77778 1.0054 0.00531771 0.000713492
2.2349 1.77778 1.00513 0.00507067 0.000686761
2.25503 1.77778 1.00486 0.00483125 0.00066073
2.27517 1.77778 1.00461 0.00459942 0.000635417
2.2953 1.77778 1.00437 0.00437509 0.000610837
2.31544 1.77778 1.00414 0.00415821 0.000587001
2.33557 1.77778 1.00392 0.00394867 0.000563918
2.3557 1.77778 1.00371 0.00374638 0.000541595
2.37584 1.77778 1.00351 0.00355122 0.000520034
2.39597 1.77778 1.00332 0.00336306 0.000499236
2.41611 1.77778 1.00314 0.00318176 0.000479201
2.43624 1.77778 1.00296 0.00300717 0.000459926
2.45638 1.77778 1.0028 0.00283913 0.000441405
2.47651 1.77778 1.00264 0.00267747 0.000423634
2.49664 1.77778 1.0025 0.002522 0.000406603
2.51678 1.77778 1.00236 0.00237254 0.000390303
2.53691 1.77778 1.00222 0.0022289 0.000374721
2.55705 1.77778 1.0021 0.00209086 0.000359843
2.57718 1.77778 1.00198 0.00195822 0.000345651
2.59732 1.77778 1.00187 0.00183076 0.000332122
2.61745 1.77778 1.00177 0.00170826 0.000319229
2.63758 1.77778 1.00167 0.00159048 0.000306938
2.65772 1.77778 1.00158 0.0014772 0.000295205
2.67785 1.77778 1.0015 0.00136816 0.000283977
2.69799 1.77778 1.00142 0.00126314 0.000273185
2.71812 1.77778 1.00134 0.00116187 0.000262741
2.73826 1.77778 1.00128 0.0010641 0.000252536
2.75839 1.77778 1.00122 0.000969583 0.000242432
2.77852 1.77778 1.00116 0.000878042 0.000232254
2.79866 1.77778 1.00111 0.000789216 0.000221784
2.81879 1.77778 1.00106 0.000702837 0.000210749
2.83893 1.77778 1.00102 0.000618642 0.000198813
2.85906 1.77778 1.00099 0.000536377 0.00018556
2.87919 1.77778 1.00096 0.000455802 0.000170487
2.89933 1.77778 1.00093 0.000376706 0.000152988
2.91946 1.77778 1.00091 0.00029892 0.000132348
2.9396 1.77778 1.0009 0.000222334 0.000107732
2.95973 1.77778 1.00089 0.000146919 7.81919e-05
2.97987 1.77778 1.00089 7.27378e-05 4.26673e-05
3 1.77778 1.00089 0 0

0 1.79798 1.04769 0 0
0.0201342 1.79798 1.04799 -0.000884126 0.00143096
0.0402685 1.79798 1.0484 -0.00169709 0.00273993
0.0604027 1.79798 1.04887 -0.00242454 0.00392868
0.0805369 1.79798 1.0494 -0.00305695 0.005003
0.100671 1.79798 1.04997 -0.00358791 0.00597219
0.120805 1.79798 1.05057 -0.00401458 0.00684659
0.14094 1.79798 1.05119 -0.00433671 0.0076366
0.161074 1.79798 1.05182 -0.00455606 0.00835183
0.181208 1.79798 1.05246 -0.00467576 0.00900075
0.201342 1.79798 1.05308 -0.00469984 0.00959059
0.221477 1.79798 1.0537 -0.00463286 0.0101273
0.241611 1.79798 1.05429 -0.00447968 0.0106159
0.261745 1.79798 1.05486 -0.00424527 0.0110601
0.281879 1.79798 1.0554 -0.00393464 0.0114631
0.302013 1.79798 1.05592 -0.00355278 0.0118274
0.322148 1.79798 1.05639 -0.00310462 0.012155
0.342282 1.79798 1.05683 -0.00259503 0.0124472
0.362416 1.79798 1.05723 -0.00202881 0.0127053
0.38255 1.79798 1.05759 -0.00141071 0.0129303
0.402685 1.79798 1.0579 -0.000745422 0.013123
0.422819 1.79798 1.05817 -3.75805e-05 0.0132839
0.442953 1.79798 1.0584 0.000708218 0.0134137
0.463087 1.79798 1.05857 0.00148742 0.0135129
0.483221 1.79798 1.0587 0.00229552 0.013582
0.503356 1.79798 1.05877 0.00312804 0.0136215
0.52349 1.79798 1.0588 0.00398057 0.0136319
0.543624 1.79798 1.05878 0.00484872 0.0136137
0.563758 1.79798 1.0587 0.00572818 0.0135677
0.583893 1.79798 1.05858 0.00661469 0.0134943
0.604027 1.79798 1.0584 0.00750406 0.0133945
0.624161 1.79798 1.05818 0.00839218 0.0132689
0.644295 1.79798 1.05791 0.00927504 0.0131185
0.66443 1.79798 1.05758 0.0101487 0.0129442
0.684564 1.79798 1.05721 0.0110094 0.0127471
0.704698 1.79798 1.0568 0.0118535 0.0125283
0.724832 1.79798 1.05633 0.0126774 0.0122891
0.744966 1.79798 1.05583 0.0134778 0.0120307
0.765101 1.79798 1.05528 0.0142516 0.0117548
0.785235 1.79798 1.05469 0.0149957 0.0114626
0.805369 1.79798 1.05406 0.0157074 0.0111559
0.825503 1.79798 1.05339 0.0163843 0.0108363
0.845638 1.79798 1.05269 0.0170239 0.0105054
0.865772 1.79798 1.05196 0.0176244 0.0101652
0.885906 1.79798 1.05119 0.0181839 0.00981728
0.90604 1.79798 1.0504 0.018701 0.00946361
0.926174 1.79798 1.04958 0.0191746 0.00910599
0.946309 1.79798 1.04874 0.0196037 0.00874624
0.966443 1.79798 1.04787 0.0199878 0.00838614
0.986577 1.79798 1.04699 0.0203265 0.00802745
1.00671 1.79798 1.04608 0.0206199 0.00767184
1.02685 1.79798 1.04517 0.0208682 0.0073209
1.04698 1.79798 1.04424 0.021072 0.00697611
1.06711 1.79798 1.0433 0.0212321 0.00663885
1.08725 1.79798 1.04235 0.0213493 0.00631038
1.10738 1.79798 1.0414 0.021425 0.00599179
1.12752 1.79798 1.04044 0.0214605 0.00568405
1.14765 1.79798 1.03948 0.0214574 0.00538799
1.16779 1.79798 1.03852 0.0214174 0.00510426
1.18792 1.79798 1.03756 0.0213423 0.00483337
1.20805 1.79798 1.03661 0.0212339 0.0045757
1.22819 1.79798 1.03566 0.0210943 0.00433147
1.24832 1.79798 1.03471 0.0209254 0.00410076
1.26846 1.79798 1.03378 0.0207293 0.00388354
1.28859 1.79798 1.03285 0.020508 0.00367965
1.30872 1.79798 1.03193 0.0202634 0.00348885
1.32886 1.79798 1.03102 0.0199976 0.00331077
1.34899 1.79798 1.03012 0.0197124 0.003145
1.36913 1.79798 1.02923 0.0194098 0.00299104
1.38926 1.79798 1.02836 0.0190915 0.00284835
1.4094 1.79798 1.0275 0.0187593 0.00271632
1.42953 1.79798 1.02665 0.0184149 0.00259435
1.44966 1.79798 1.02582 0.0180597 0.00248178
1.4698 1.79798 1.025 0.0176953 0.00237796
1.48993 1.79798 1.0242 0.0173231 0.00228224
1.51007 1.79798 1.02341 0.0169444 0.00219397
1.5302 1.79798 1.02264 0.0165604 0.0021125
1.55034 1.79798 1.02188 0.0161722 0.00203722
1.57047 1.79798 1.02114 0.015781 0.00196753
1.5906 1.79798 1.02041 0.0153877 0.00190286
1.61074 1.79798 1.0197 0.0149931 0.00184266
1.63087 1.79798 1.01901 0.0145982 0.00178644
1.65101 1.79798 1.01833 0.0142036 0.00173371
1.67114 1.79798 1.01767 0.0138102 0.00168404
1.69128 1.79798 1.01702 0.0134185 0.00163703
1.71141 1.79798 1.01639 0.0130291 0.00159231
1.73154 1.79798 1.01577 0.0126426 0.00154954
1.75168 1.79798 1.01517 0.0122594 0.00150845
1.77181 1.79798 1.01458 0.01188 0.00146876
1.79195 1.79798 1.01401 0.0115048 0.00143025
1.81208 1.79798 1.01346 0.0111342 0.00139272
1.83221 1.79798 1.01292 0.0107684 0.00135601
1.85235 1.79798 1.01239 0.0104078 0.00131997
1.87248 1.79798 1.01188 0.0100527 0.0012845
1.89262 1.79798 1.01139 0.00970321 0.0012495
1.91275 1.79798 1.01091 0.00935969 0.00121491
1.93289 1.79798 1.01044 0.00902229 0.00118068
1.95302 1.79798 1.00999 0.00869118 0.00114677
1.97315 1.79798 1.00955 0.00836653 0.00111318
1.99329 1.79798 1.00913 0.00804849 0.00107989
2.01342 1.79798 1.00872 0.00773718 0.00104692
2.03356 1.79798 1.00832 0.00743271 0.00101428
2.05369 1.79798 1.00794 0.00713519 0.000982002
2.07383 1.79798 1.00757 0.00684469 0.000950105
2.09396 1.79798 1.00721 0.00656129 0.000918625
2.11409 1.79798 1.00687 0.00628504 0.000887598
2.13423 1.79798 1.00654 0.006016 0.000857058
2.15436 1.79798 1.00622 0.00575419 0.000827042
2.1745 1.79798 1.00591 0.00549963 0.000797584
2.19463 1.79798 1.00561 0.00525233 0.000768718
2.21477 1.79798 1.00533 0.00501227 0.000740473
2.2349 1.79798 1.00506 0.00477944 0.000712878
2.25503 1.79798 1.0048 0.00455381 0.000685958
2.27517 1.79798 1.00455 0.00433532 0.000659735
2.2953 1.79798 1.00431 0.00412391 0.000634227
2.31544 1.79798 1.00408 0.00391952 0.000609451
2.33557 1.79798 1.00386 0.00372206 0.00058542
2.3557 1.79798 1.00366 0.00353142 0.000562143
2.37584 1.79798 1.00346 0.00334751 0.000539628
2.39597 1.79798 1.00327 0.0031702 0.00051788
2.41611 1.79798 1.00309 0.00299936 0.000496902
2.43624 1.79798 1.00292 0.00283484 0.000476695
2.45638 1.79798 1.00275 0.0026765 0.000457258
2.47651 1.79798 1.0026 0.00252418 0.000438587
2.49664 1.79798 1.00245 0.0023777 0.000420678
2.51678 1.79798 1.00231 0.0022369 0.000403524
2.53691 1.79798 1.00218 0.00210158 0.000387115
2.55705 1.79798 1.00206 0.00197156 0.000371439
2.57718 1.79798 1.00194 0.00184664 0.000356481
2.59732 1.79798 1.00183 0.00172661 0.000342221
2.61745 1.79798 1.00173 0.00161128 0.000328634
2.63758 1.79798 1.00164 0.00150042 0.000315689
2.65772 1.79798 1.00155 0.00139381 0.000303345
2.67785 1.79798 1.00146 0.00129123 0.000291551
2.69799 1.79798 1.00139 0.00119245 0.000280242
2.71812 1.79798 1.00131 0.00109723 0.000269334
2.73826 1.79798 1.00125 0.00100533 0.000258721
2.75839 1.79798 1.00119 0.000916504 0.000248266
2.77852 1.79798 1.00113 0.000830491 0.000237798
2.79866 1.79798 1.00108 0.000747032 0.000227097
2.81879 1.79798 1.00103 0.000665859 0.000215887
2.83893 1.79798 1.00099 0.000586705 0.00020382
2.85906 1.79798 1.00096 0.000509302 0.000190465
2.87919 1.79798 1.00093 0.000433392 0.000175287
2.89933 1.79798 1.0009 0.000358741 0.000157635
2.91946 1.79798 1.00088 0.00028515 0.000136727
2.9396 1.79798 1.00087 0.000212478 0.000111638
2.95973 1.79798 1.00086 0.00014067 8.13044e-05
2.97987 1.79798 1.00085 6.97733e-05 4.4529e-05
3 1.79798 1.00086 0 0

0 1.81818 1.04708 0 0
0.0201342 1.81818 1.04737 -0.000885179 0.00136986
0.0402685 1.81818 1.04779 -0.00170106 0.00260068
0.0604027 1.81818 1.04828 -0.0024298 0.00369835
0.0805369 1.81818 1.04884 -0.00306096 0.00467278
0.100671 1.81818 1.04945 -0.00358809 0.00553743
0.120805 1.81818 1.0501 -0.00400924 0.00630605
0.14094 1.81818 1.05077 -0.00432536 0.00699162
0.161074 1.81818 1.05145 -0.00453946 0.00760555
0.181208 1.81818 1.05213 -0.00465581 0.00815751
0.201342 1.81818 1.0528 -0.00467934 0.0086554
0.221477 1.81818 1.05345 -0.0046153 0.00910561
0.241611 1.81818 1.05408 -0.00446899 0.00951318
0.261745 1.81818 1.05469 -0.00424567 0.00988206
0.281879 1.81818 1.05527 -0.00395048 0.0102153
0.302013 1.81818 1.05581 -0.00358841 0.0105154
0.322148 1.81818 1.05631 -0.0031643 0.010784
0.342282 1.81818 1.05678 -0.00268287 0.0110227
0.362416 1.81818 1.0572 -0.00214871 0.0112325
0.38255 1.81818 1.05759 -0.00156633 0.0114143
0.402685 1.81818 1.05792 -0.000940144 0.0115689
0.422819 1.81818 1.05821 -0.000274498 0.0116968
0.442953 1.81818 1.05845 0.000426313 0.0117985
0.463087 1.81818 1.05864 0.00115805 0.0118745
0.483221 1.81818 1.05878 0.00191651 0.0119251
0.503356 1.81818 1.05887 0.00269754 0.011951
0.52349 1.81818 1.05891 0.00349704 0.0119524
0.543624 1.81818 1.0589 0.00431095 0.01193
0.563758 1.81818 1.05884 0.00513526 0.0118841
0.583893 1.81818 1.05872 0.00596601 0.0118154
0.604027 1.81818 1.05856 0.00679933 0.0117245
0.624161 1.81818 1.05834 0.0076314 0.0116122
0.644295 1.81818 1.05807 0.00845849 0.011479
0.66443 1.81818 1.05775 0.00927699 0.011326
0.684564 1.81818 1.05739 0.0100834 0.0111539
0.704698 1.81818 1.05698 0.0108743 0.0109639
0.724832 1.81818 1.05652 0.0116464 0.0107568
0.744966 1.81818 1.05601 0.0123966 0.0105339
0.765101 1.81818 1.05546 0.0131221 0.0102963
0.785235 1.81818 1.05487 0.0138201 0.0100453
0.805369 1.81818 1.05424 0.0144879 0.00978237
0.825503 1.81818 1.05357 0.0151234 0.00950875
0.845638 1.81818 1.05287 0.0157243 0.00922594
0.865772 1.81818 1.05213 0.0162889 0.00893542
0.885906 1.81818 1.05137 0.0168154 0.0086387
0.90604 1.81818 1.05057 0.0173026 0.00833732
0.926174 1.81818 1.04974 0.0177494 0.00803281
0.946309 1.81818 1.04889 0.0181549 0.00772668
0.966443 1.81818 1.04802 0.0185186 0.00742043
0.986577 1.81818 1.04713 0.0188402 0.0071155
1.00671 1.81818 1.04622 0.0191196 0.00681329
1.02685 1.81818 1.0453 0.0193572 0.00651512
1.04698 1.81818 1.04436 0.0195533 0.00622222
1.06711 1.81818 1.04341 0.0197086 0.00593574
1.08725 1.81818 1.04246 0.0198241 0.0056567
1.10738 1.81818 1.0415 0.0199008 0.00538603
1.12752 1.81818 1.04053 0.01994 0.00512452
1.14765 1.81818 1.03956 0.0199431 0.00487285
1.16779 1.81818 1.03859 0.0199117 0.00463157
1.18792 1.81818 1.03763 0.0198474 0.0044011
1.20805 1.81818 1.03666 0.0197519 0.00418173
1.22819 1.81818 1.0357 0.019627 0.00397366
1.24832 1.81818 1.03475 0.0194746 0.00377694
1.26846 1.81818 1.0338 0.0192966 0.00359155
1.28859 1.81818 1.03286 0.0190947 0.00341735
1.30872 1.81818 1.03194 0.0188709 0.00325412
1.32886 1.81818 1.03102 0.018627 0.00310156
1.34899 1.81818 1.03011 0.0183647 0.00295932
1.36913 1.81818 1.02922 0.0180859 0.00282697
1.38926 1.81818 1.02834 0.0177922 0.00270404
1.4094 1.81818 1.02747 0.0174852 0.00259004
1.42953 1.81818 1.02661 0.0171664 0.00248444
1.44966 1.81818 1.02577 0.0168375 0.00238669
1.4698 1.81818 1.02495 0.0164996 0.00229624
1.48993 1.81818 1.02414 0.0161542 0.00221253
1.51007 1.81818 1.02335 0.0158025 0.00213502
1.5302 1.81818 1.02257 0.0154457 0.00206315
1.55034 1.81818 1.02181 0.0150848 0.00199641
1.57047 1.81818 1.02106 0.0147208 0.00193428
1.5906 1.81818 1.02033 0.0143547 0.00187628
1.61074 1.81818 1.01962 0.0139873 0.00182196
1.63087 1.81818 1.01892 0.0136195 0.00177089
1.65101 1.81818 1.01823 0.0132519 0.00172266
1.67114 1.81818 1.01757 0.0128852 0.00167691
1.69128 1.81818 1.01692 0.01252 0.00163329
1.71141 1.81818 1.01629 0.0121569 0.00159151
1.73154 1.81818 1.01567 0.0117964 0.00155129
1.75168 1.81818 1.01507 0.011439 0.00151237
1.77181 1.81818 1.01448 0.0110851 0.00147454
1.79195 1.81818 1.01391 0.010735 0.00143762
1.81208 1.81818 1.01335 0.0103891 0.00140145
1.83221 1.81818 1.01281 0.0100478 0.00136588
1.85235 1.81818 1.01229 0.0097113 0.00133081
1.87248 1.81818 1.01178 0.00937987 0.00129614
1.89262 1.81818 1.01128 0.00905375 0.00126181
1.91275 1.81818 1.0108 0.00873315 0.00122778
1.93289 1.81818 1.01034 0.00841825 0.00119399
1.95302 1.81818 1.00989 0.00810924 0.00116045
1.97315 1.81818 1.00945 0.00780627 0.00112713
1.99329 1.81818 1.00903 0.00750946 0.00109405
2.01342 1.81818 1.00862 0.00721894 0.00106121
2.03356 1.81818 1.00823 0.00693482 0.00102865
2.05369 1.81818 1.00784 0.00665719 0.000996394
2.07383 1.81818 1.00748 0.00638612 0.000964466
2.09396 1.81818 1.00712 0.00612169 0.000932906
2.11409 1.81818 1.00678 0.00586395 0.000901751
2.13423 1.81818 1.00645 0.00561293 0.00087104
2.15436 1.81818 1.00613 0.00536867 0.000840811
2.1745 1.81818 1.00583 0.00513118 0.0008111
2.19463 1.81818 1.00554 0.00490047 0.000781943
2.21477 1.81818 1.00525 0.00467652 0.000753373
2.2349 1.81818 1.00498 0.00445932 0.00072542
2.25503 1.81818 1.00473 0.00424884 0.000698112
2.27517 1.81818 1.00448 0.00404502 0.000671474
2.2953 1.81818 1.00424 0.00384782 0.000645529
2.31544 1.81818 1.00402 0.00365715 0.000620294
2.33557 1.81818 1.0038 0.00347296 0.000595787
2.3557 1.81818 1.00359 0.00329513 0.00057202
2.37584 1.81818 1.0034 0.00312358 0.000549004
2.39597 1.81818 1.00321 0.00295818 0.000526748
2.41611 1.81818 1.00303 0.00279882 0.000505257
2.43624 1.81818 1.00286 0.00264537 0.000484536
2.45638 1.81818 1.0027 0.00249768 0.000464586
2.47651 1.81818 1.00255 0.00235561 0.000445407
2.49664 1.81818 1.00241 0.00221901 0.000426996
2.51678 1.81818 1.00227 0.0020877 0.00040935
2.53691 1.81818 1.00214 0.00196152 0.000392461
2.55705 1.81818 1.00202 0.00184029 0.000376319
2.57718 1.81818 1.0019 0.00172384 0.000360913
2.59732 1.81818 1.0018 0.00161197 0.000346224
2.61745 1.81818 1.00169 0.00150449 0.000332231
2.63758 1.81818 1.0016 0.0014012 0.000318905
2.65772 1.81818 1.00151 0.0013019 0.000306209
2.67785 1.81818 1.00143 0.00120639 0.000294097
2.69799 1.81818 1.00135 0.00111445 0.000282507
2.71812 1.81818 1.00128 0.00102585 0.000271361
2.73826 1.81818 1.00121 0.000940376 0.000260558
2.75839 1.81818 1.00115 0.000857786 0.000249968
2.77852 1.81818 1.0011 0.000777836 0.000239425
2.79866 1.81818 1.00105 0.000700271 0.000228714
2.81879 1.81818 1.001 0.000624829 0.000217561
2.83893 1.81818 1.00096 0.000551235 0.000205617
2.85906 1.81818 1.00092 0.000479212 0.00019244
2.87919 1.81818 1.00089 0.000408482 0.000177474
2.89933 1.81818 1.00087 0.000338778 0.000160027
2.91946 1.81818 1.00084 0.000269866 0.000139252
2.9396 1.81818 1.00083 0.000201561 0.000114133
2.95973 1.81818 1.00082 0.000133771 8.34767e-05
2.97987 1.81818 1.00081 6.65125e-05 4.59298e-05
3 1.81818 1.00081 0 0

0 1.83838 1.04638 0 0
0.0201342 1.83838 1.04664 -0.000885058 0.00131251
0.0402685 1.83838 1.04709 -0.00170125 0.00246436
0.0604027 1.83838 1.04762 -0.00242651 0.00346793
0.0805369 1.83838 1.04823 -0.00305012 0.00433888
0.100671 1.83838 1.0489 -0.00356623 0.0050961
0.120805 1.83838 1.04961 -0.00397457 0.00575731
0.14094 1.83838 1.05034 -0.00427786 0.00633827
0.161074 1.83838 1.05108 -0.00448078 0.0068521
0.181208 1.83838 1.05181 -0.00458889 0.00730941
0.201342 1.83838 1.05253 -0.00460812 0.00771856
0.221477 1.83838 1.05323 -0.00454435 0.00808605
0.241611 1.83838 1.0539 -0.0044033 0.00841685
0.261745 1.83838 1.05455 -0.0041904 0.00871479
0.281879 1.83838 1.05516 -0.0039108 0.00898276
0.302013 1.83838 1.05574 -0.00356941 0.00922295
0.322148 1.83838 1.05627 -0.0031709 0.00943703
0.342282 1.83838 1.05677 -0.00271972 0.00962628
0.362416 1.83838 1.05722 -0.00222021 0.00979168
0.38255 1.83838 1.05762 -0.00167656 0.00993399
0.402685 1.83838 1.05798 -0.00109285 0.0100538
0.422819 1.83838 1.05829 -0.000473103 0.0101517
0.442953 1.83838 1.05855 0.000178739 0.010228
0.463087 1.83838 1.05876 0.00085878 0.0102832
0.483221 1.83838 1.05892 0.00156317 0.0103176
0.503356 1.83838 1.05902 0.00228811 0.0103315
0.52349 1.83838 1.05908 0.00302983 0.0103255
0.543624 1.83838 1.05908 0.00378462 0.0102999
0.563758 1.83838 1.05902 0.0045488 0.010255
0.583893 1.83838 1.05892 0.00531875 0.0101915
0.604027 1.83838 1.05876 0.00609092 0.0101098
0.624161 1.83838 1.05855 0.00686181 0.0100106
0.644295 1.83838 1.05828 0.00762801 0.0098944
0.66443 1.83838 1.05797 0.00838621 0.00976195
0.684564 1.83838 1.05761 0.00913317 0.00961401
0.704698 1.83838 1.05719 0.0098658 0.0094514
0.724832 1.83838 1.05673 0.0105811 0.00927498
0.744966 1.83838 1.05623 0.0112763 0.00908572
0.765101 1.83838 1.05568 0.0119486 0.00888459
0.785235 1.83838 1.05509 0.0125956 0.00867266
0.805369 1.83838 1.05446 0.0132149 0.00845104
0.825503 1.83838 1.05378 0.0138044 0.00822086
0.845638 1.83838 1.05308 0.0143621 0.00798334
0.865772 1.83838 1.05233 0.0148864 0.00773967
0.885906 1.83838 1.05156 0.0153758 0.00749112
0.90604 1.83838 1.05075 0.015829 0.00723892
0.926174 1.83838 1.04992 0.0162451 0.00698434
0.946309 1.83838 1.04906 0.0166232 0.0067286
0.966443 1.83838 1.04818 0.0169629 0.00647294
0.986577 1.83838 1.04728 0.0172639 0.00621852
1.00671 1.83838 1.04636 0.0175261 0.00596649
1.02685 1.83838 1.04543 0.0177497 0.00571791
1.04698 1.83838 1.04448 0.0179352 0.00547379
1.06711 1.83838 1.04353 0.0180831 0.00523504
1.08725 1.83838 1.04256 0.0181943 0.00500252
1.10738 1.83838 1.04159 0.0182698 0.00477695
1.12752 1.83838 1.04061 0.0183106 0.004559
1.14765 1.83838 1.03963 0.0183181 0.00434919
1.16779 1.83838 1.03865 0.0182937 0.00414797
1.18792 1.83838 1.03768 0.0182388 0.00395567
1.20805 1.83838 1.0367 0.018155 0.00377254
1.22819 1.83838 1.03573 0.018044 0.00359872
1.24832 1.83838 1.03477 0.0179074 0.00343425
1.26846 1.83838 1.03381 0.017747 0.00327909
1.28859 1.83838 1.03286 0.0175645 0.00313313
1.30872 1.83838 1.03193 0.0173615 0.00299618
1.32886 1.83838 1.031 0.0171398 0.00286799
1.34899 1.83838 1.03008 0.0169009 0.00274825
1.36913 1.83838 1.02918 0.0166465 0.00263662
1.38926 1.83838 1.02829 0.0163782 0.0025327
1.4094 1.83838 1.02742 0.0160975 0.00243608
1.42953 1.83838 1.02655 0.0158057 0.00234631
1.44966 1.83838 1.02571 0.0155043 0.00226294
1.4698 1.83838 1.02488 0.0151945 0.00218551
1.48993 1.83838 1.02406 0.0148776 0.00211355
1.51007 1.83838 1.02326 0.0145548 0.00204661
1.5302 1.83838 1.02248 0.014227 0.00198423
1.55034 1.83838 1.02171 0.0138953 0.00192598
1.57047 1.83838 1.02096 0.0135607 0.00187143
1.5906 1.83838 1.02023 0.013224 0.00182019
1.61074 1.83838 1.01951 0.0128861 0.00177187
1.63087 1.83838 1.01881 0.0125476 0.00172612
1.65101 1.83838 1.01812 0.0122092 0.00168261
1.67114 1.83838 1.01746 0.0118716 0.00164103
1.69128 1.83838 1.0168 0.0115354 0.00160111
1.71141 1.83838 1.01617 0.011201 0.00156259
1.73154 1.83838 1.01555 0.010869 0.00152525
1.75168 1.83838 1.01495 0.0105397 0.00148889
1.77181 1.83838 1.01436 0.0102137 0.00145333
1.79195 1.83838 1.01379 0.00989114 0.00141842
1.81208 1.83838 1.01323 0.00957247 0.00138404
1.83221 1.83838 1.01269 0.00925797 0.00135008
1.85235 1.83838 1.01217 0.00894789 0.00131644
1.87248 1.83838 1.01166 0.00864249 0.00128308
1.89262 1.83838 1.01117 0.00834197 0.00124993
1.91275 1.83838 1.01069 0.00804654 0.00121696
1.93289 1.83838 1.01022 0.00775637 0.00118415
1.95302 1.83838 1.00977 0.00747163 0.00115149
1.97315 1.83838 1.00934 0.00719245 0.00111899
1.99329 1.83838 1.00892 0.00691896 0.00108666
2.01342 1.83838 1.00851 0.00665127 0.00105452
2.03356 1.83838 1.00812 0.00638948 0.00102259
2.05369 1.83838 1.00774 0.00613368 0.000990915
2.07383 1.83838 1.00737 0.00588393 0.00095952
2.09396 1.83838 1.00702 0.00564031 0.000928445
2.11409 1.83838 1.00668 0.00540285 0.000897731
2.13423 1.83838 1.00636 0.00517159 0.000867416
2.15436 1.83838 1.00604 0.00494656 0.000837539
2.1745 1.83838 1.00574 0.00472778 0.00080814
2.19463 1.83838 1.00545 0.00451524 0.000779254
2.21477 1.83838 1.00517 0.00430894 0.000750916
2.2349 1.83838 1.0049 0.00410886 0.000723159
2.25503 1.83838 1.00465 0.00391496 0.000696011
2.27517 1.83838 1.0044 0.0037272 0.0006695
2.2953 1.83838 1.00417 0.00354554 0.000643649
2.31544 1.83838 1.00394 0.00336991 0.00061848
2.33557 1.83838 1.00373 0.00320023 0.000594012
2.3557 1.83838 1.00353 0.00303642 0.000570259
2.37584 1.83838 1.00333 0.00287839 0.000547235
2.39597 1.83838 1.00315 0.00272603 0.00052495
2.41611 1.83838 1.00297 0.00257924 0.000503414
2.43624 1.83838 1.0028 0.00243789 0.000482632
2.45638 1.83838 1.00265 0.00230185 0.000462608
2.47651 1.83838 1.0025 0.002171 0.000443344
2.49664 1.83838 1.00235 0.00204518 0.00042484
2.51678 1.83838 1.00222 0.00192425 0.000407095
2.53691 1.83838 1.00209 0.00180806 0.000390103
2.55705 1.83838 1.00197 0.00169644 0.000373856
2.57718 1.83838 1.00186 0.00158923 0.000358345
2.59732 1.83838 1.00175 0.00148626 0.000343555
2.61745 1.83838 1.00165 0.00138735 0.000329467
2.63758 1.83838 1.00156 0.00129233 0.000316056
2.65772 1.83838 1.00147 0.00120101 0.000303289
2.67785 1.83838 1.00139 0.0011132 0.000291124
2.69799 1.83838 1.00131 0.0010287 0.000279505
2.71812 1.83838 1.00124 0.000947317 0.000268361
2.73826 1.83838 1.00118 0.000868838 0.000257599
2.75839 1.83838 1.00112 0.000793045 0.000247098
2.77852 1.83838 1.00106 0.000719707 0.000236702
2.79866 1.83838 1.00101 0.00064858 0.000226208
2.81879 1.83838 1.00097 0.000579409 0.00021535
2.83893 1.83838 1.00093 0.000511918 0.000203788
2.85906 1.83838 1.00089 0.00044582 0.000191079
2.87919 1.83838 1.00086 0.000380816 0.000176657
2.89933 1.83838 1.00083 0.000316605 0.0001598
2.91946 1.83838 1.00081 0.000252904 0.000139605
2.9396 1.83838 1.00079 0.000189472 0.000114959
2.95973 1.83838 1.00077 0.000126157 8.45309e-05
2.97987 1.83838 1.00077 6.29303e-05 4.67815e-05
3 1.83838 1.00077 0 0

0 1.85859 1.04555 0 0
0.0201342 1.85859 1.04579 -0.000883073 0.00125763
0.0402685 1.85859 1.04629 -0.0016954 0.00232733
0.0604027 1.85859 1.04688 -0.00240998 0.00323152
0.0805369 1.85859 1.04757 -0.00301708 0.00399393
0.100671 1.85859 1.04832 -0.00351256 0.00464026
0.120805 1.85859 1.0491 -0.00389891 0.00519269
0.14094 1.85859 1.0499 -0.00418128 0.00566966
0.161074 1.85859 1.05071 -0.00436635 0.00608569
0.181208 1.85859 1.0515 -0.00446111 0.00645192
0.201342 1.85859 1.05228 -0.00447241 0.00677677
0.221477 1.85859 1.05303 -0.00440669 0.00706651
0.241611 1.85859 1.05375 -0.00426988 0.00732582
0.261745 1.85859 1.05444 -0.00406744 0.00755817
0.281879 1.85859 1.05509 -0.0038044 0.00776614
0.302013 1.85859 1.0557 -0.00348543 0.00795164
0.322148 1.85859 1.05627 -0.0031149 0.00811609
0.342282 1.85859 1.0568 -0.00269695 0.00826058
0.362416 1.85859 1.05728 -0.00223553 0.00838592
0.38255 1.85859 1.05771 -0.00173447 0.00849274
0.402685 1.85859 1.05809 -0.00119747 0.00858154
0.422819 1.85859 1.05842 -0.000628161 0.00865274
0.442953 1.85859 1.0587 -3.00917e-05 0.00870668
0.463087 1.85859 1.05893 0.000593224 0.0087437
0.483221 1.85859 1.0591 0.00123832 0.0087641
0.503356 1.85859 1.05922 0.00190177 0.00876819
0.52349 1.85859 1.05929 0.00258019 0.00875627
0.543624 1.85859 1.0593 0.00327023 0.0087287
0.563758 1.85859 1.05925 0.00396857 0.00868583
0.583893 1.85859 1.05916 0.00467195 0.00862807
0.604027 1.85859 1.059 0.00537717 0.00855585
0.624161 1.85859 1.0588 0.00608107 0.00846965
0.644295 1.85859 1.05854 0.00678058 0.00837
0.66443 1.85859 1.05823 0.00747269 0.00825745
0.684564 1.85859 1.05787 0.0081545 0.00813264
0.704698 1.85859 1.05745 0.00882321 0.00799622
0.724832 1.85859 1.05699 0.00947612 0.00784892
0.744966 1.85859 1.05649 0.0101107 0.00769149
0.765101 1.85859 1.05593 0.0107245 0.00752475
0.785235 1.85859 1.05534 0.0113152 0.00734954
0.805369 1.85859 1.0547 0.0118808 0.00716676
0.825503 1.85859 1.05402 0.0124194 0.00697733
0.845638 1.85859 1.05331 0.0129291 0.00678221
0.865772 1.85859 1.05256 0.0134085 0.00658238
0.885906 1.85859 1.05177 0.0138562 0.00637882
0.90604 1.85859 1.05096 0.0142711 0.00617254
0.926174 1.85859 1.05012 0.0146523 0.00596454
0.946309 1.85859 1.04925 0.014999 0.00575579
0.966443 1.85859 1.04836 0.015311 0.00554728
0.986577 1.85859 1.04744 0.0155877 0.00533993
1.00671 1.85859 1.04651 0.0158293 0.00513464
1.02685 1.85859 1.04557 0.016036 0.00493226
1.04698 1.85859 1.04461 0.0162079 0.00473358
1.06711 1.85859 1.04364 0.0163458 0.00453933
1.08725 1.85859 1.04266 0.0164503 0.00435016
1.10738 1.85859 1.04168 0.0165223 0.00416667
1.12752 1.85859 1.04069 0.0165628 0.00398934
1.14765 1.85859 1.0397 0.016573 0.00381862
1.16779 1.85859 1.0387 0.016554 0.00365483
1.18792 1.85859 1.03771 0.0165074 0.00349824
1.20805 1.85859 1.03673 0.0164344 0.00334903
1.22819 1.85859 1.03575 0.0163366 0.0032073
1.24832 1.85859 1.03477 0.0162155 0.00307307
1.26846 1.85859 1.0338 0.0160725 0.00294632
1.28859 1.85859 1.03285 0.0159093 0.00282693
1.30872 1.85859 1.0319 0.0157274 0.00271474
1.32886 1.85859 1.03096 0.0155283 0.00260955
1.34899 1.85859 1.03004 0.0153136 0.00251111
1.36913 1.85859 1.02912 0.0150846 0.00241911
1.38926 1.85859 1.02823 0.0148428 0.00233326
1.4094 1.85859 1.02734 0.0145896 0.00225319
1.42953 1.85859 1.02647 0.0143262 0.00217855
1.44966 1.85859 1.02562 0.0140539 0.00210897
1.4698 1.85859 1.02478 0.013774 0.00204408
1.48993 1.85859 1.02396 0.0134875 0.00198348
1.51007 1.85859 1.02316 0.0131954 0.00192682
1.5302 1.85859 1.02237 0.0128988 0.00187372
1.55034 1.85859 1.0216 0.0125986 0.00182383
1.57047 1.85859 1.02084 0.0122956 0.00177681
1.5906 1.85859 1.02011 0.0119907 0.00173233
1.61074 1.85859 1.01938 0.0116845 0.00169009
1.63087 1.85859 1.01868 0.0113778 0.0016498
1.65101 1.85859 1.01799 0.0110712 0.00161119
1.67114 1.85859 1.01732 0.0107652 0.00157402
1.69128 1.85859 1.01667 0.0104604 0.00153807
1.71141 1.85859 1.01603 0.0101573 0.00150313
1.73154 1.85859 1.01541 0.00985627 0.00146903
1.75168 1.85859 1.01481 0.00955775 0.00143562
1.77181 1.85859 1.01422 0.00926209 0.00140274
1.79195 1.85859 1.01365 0.00896963 0.0013703
1.81208 1.85859 1.0131 0.00868067 0.00133818
1.83221 1.85859 1.01256 0.00839548 0.00130631
1.85235 1.85859 1.01204 0.00811429 0.00127464
1.87248 1.85859 1.01153 0.00783734 0.0012431
1.89262 1.85859 1.01104 0.00756482 0.00121167
1.91275 1.85859 1.01056 0.00729691 0.00118032
1.93289 1.85859 1.0101 0.00703378 0.00114906
1.95302 1.85859 1.00965 0.00677557 0.00111787
1.97315 1.85859 1.00922 0.00652241 0.00108678
1.99329 1.85859 1.0088 0.00627441 0.0010558
2.01342 1.85859 1.00839 0.00603168 0.00102496
2.03356 1.85859 1.008 0.0057943 0.000994277
2.05369 1.85859 1.00763 0.00556235 0.000963796
2.07383 1.85859 1.00726 0.0053359 0.000933552
2.09396 1.85859 1.00691 0.005115 0.000903584
2.11409 1.85859 1.00658 0.0048997 0.00087393
2.13423 1.85859 1.00625 0.00469002 0.000844631
2.15436 1.85859 1.00594 0.004486 0.000815727
2.1745 1.85859 1.00564 0.00428763 0.000787256
2.19463 1.85859 1.00535 0.00409493 0.000759254
2.21477 1.85859 1.00508 0.00390788 0.000731757
2.2349 1.85859 1.00481 0.00372648 0.000704798
2.25503 1.85859 1.00456 0.00355067 0.000678406
2.27517 1.85859 1.00432 0.00338044 0.000652609
2.2953 1.85859 1.00409 0.00321574 0.000627432
2.31544 1.85859 1.00387 0.00305649 0.000602898
2.33557 1.85859 1.00366 0.00290265 0.000579026
2.3557 1.85859 1.00345 0.00275413 0.000555833
2.37584 1.85859 1.00326 0.00261084 0.000533334
2.39597 1.85859 1.00308 0.0024727 0.000511542
2.41611 1.85859 1.00291 0.00233961 0.000490465
2.43624 1.85859 1.00274 0.00221145 0.000470113
2.45638 1.85859 1.00259 0.00208812 0.000450491
2.47651 1.85859 1.00244 0.00196949 0.000431602
2.49664 1.85859 1.0023 0.00185543 0.000413448
2.51678 1.85859 1.00217 0.00174581 0.000396029
2.53691 1.85859 1.00204 0.00164049 0.000379342
2.55705 1.85859 1.00192 0.00153933 0.000363382
2.57718 1.85859 1.00181 0.00144218 0.00034814
2.59732 1.85859 1.00171 0.00134889 0.000333605
2.61745 1.85859 1.00161 0.00125931 0.000319759
2.63758 1.85859 1.00152 0.00117327 0.000306583
2.65772 1.85859 1.00143 0.0010906 0.000294047
2.67785 1.85859 1.00135 0.00101115 0.000282114
2.69799 1.85859 1.00128 0.000934732 0.000270736
2.71812 1.85859 1.00121 0.000861172 0.000259849
2.73826 1.85859 1.00114 0.000790278 0.000249371
2.75839 1.85859 1.00108 0.000721855 0.000239193
2.77852 1.85859 1.00103 0.000655689 0.000229174
2.79866 1.85859 1.00098 0.000591556 0.000219126
2.81879 1.85859 1.00093 0.000529209 0.000208802
2.83893 1.85859 1.00089 0.00046838 0.00019788
2.85906 1.85859 1.00085 0.000408776 0.000185931
2.87919 1.85859 1.00082 0.000350078 0.000172393
2.89933 1.85859 1.00079 0.000291949 0.000156533
2.91946 1.85859 1.00076 0.000234048 0.000137403
2.9396 1.85859 1.00074 0.000176057 0.000113802
2.95973 1.85859 1.00073 0.00011774 8.42444e-05
2.97987 1.85859 1.00072 5.89917e-05 4.69732e-05
3 1.85859 1.00072 0 0

0 1.87879 1.04455 0 0
0.0201342 1.87879 1.04478 -0.000878037 0.00120285
0.0402685 1.87879 1.04537 -0.00167975 0.00218367
0.0604027 1.87879 1.04604 -0.00237278 0.00298033
0.0805369 1.87879 1.04684 -0.00295081 0.00362772
0.100671 1.87879 1.04769 -0.00341312 0.00415965
0.120805 1.87879 1.04857 -0.00376633 0.00460284
0.14094 1.87879 1.04946 -0.00401862 0.00497794
0.161074 1.87879 1.05035 -0.00417887 0.00530017
0.181208 1.87879 1.05121 -0.0042554 0.00558057
0.201342 1.87879 1.05205 -0.00425577 0.00582711
0.221477 1.87879 1.05286 -0.00418669 0.00604547
0.241611 1.87879 1.05363 -0.00405408 0.00623976
0.261745 1.87879 1.05437 -0.00386318 0.00641291
0.281879 1.87879 1.05506 -0.00361871 0.00656706
0.302013 1.87879 1.05571 -0.00332495 0.00670376
0.322148 1.87879 1.05632 -0.00298584 0.00682415
0.342282 1.87879 1.05688 -0.0026051 0.00692907
0.362416 1.87879 1.05739 -0.00218623 0.00701917
0.38255 1.87879 1.05784 -0.00173261 0.00709493
0.402685 1.87879 1.05825 -0.0012475 0.00715675
0.422819 1.87879 1.0586 -0.000734095 0.00720493
0.442953 1.87879 1.0589 -0.000195517 0.00723977
0.463087 1.87879 1.05915 0.000365145 0.00726152
0.483221 1.87879 1.05934 0.000944843 0.00727041
0.503356 1.87879 1.05947 0.00154056 0.0072667
0.52349 1.87879 1.05955 0.00214931 0.00725064
0.543624 1.87879 1.05957 0.00276813 0.0072225
0.563758 1.87879 1.05954 0.00339411 0.00718258
0.583893 1.87879 1.05945 0.00402437 0.0071312
0.604027 1.87879 1.0593 0.00465606 0.00706871
0.624161 1.87879 1.0591 0.0052864 0.00699549
0.644295 1.87879 1.05884 0.00591267 0.00691197
0.66443 1.87879 1.05853 0.00653222 0.00681859
0.684564 1.87879 1.05817 0.00714247 0.00671585
0.704698 1.87879 1.05776 0.00774093 0.00660428
0.724832 1.87879 1.05729 0.00832524 0.00648443
0.744966 1.87879 1.05678 0.00889311 0.00635691
0.765101 1.87879 1.05622 0.00944242 0.00622236
0.785235 1.87879 1.05562 0.00997114 0.00608143
0.805369 1.87879 1.05498 0.0104774 0.00593483
0.825503 1.87879 1.05429 0.0109596 0.00578327
0.845638 1.87879 1.05356 0.011416 0.0056275
0.865772 1.87879 1.0528 0.0118454 0.00546828
0.885906 1.87879 1.05201 0.0122466 0.00530636
0.90604 1.87879 1.05118 0.0126186 0.00514253
0.926174 1.87879 1.05033 0.0129605 0.00497755
0.946309 1.87879 1.04945 0.0132718 0.00481217
0.966443 1.87879 1.04854 0.013552 0.00464714
0.986577 1.87879 1.04762 0.0138009 0.00448318
1.00671 1.87879 1.04667 0.0140186 0.00432097
1.02685 1.87879 1.04571 0.014205 0.00416116
1.04698 1.87879 1.04474 0.0143606 0.00400434
1.06711 1.87879 1.04375 0.0144858 0.00385107
1.08725 1.87879 1.04276 0.0145812 0.00370186
1.10738 1.87879 1.04176 0.0146477 0.00355713
1.12752 1.87879 1.04076 0.0146861 0.00341726
1.14765 1.87879 1.03975 0.0146974 0.00328259
1.16779 1.87879 1.03875 0.0146828 0.00315334
1.18792 1.87879 1.03774 0.0146434 0.00302972
1.20805 1.87879 1.03674 0.0145805 0.00291185
1.22819 1.87879 1.03575 0.0144954 0.0027998
1.24832 1.87879 1.03476 0.0143894 0.00269359
1.26846 1.87879 1.03378 0.014264 0.00259316
1.28859 1.87879 1.03281 0.0141205 0.00249843
1.30872 1.87879 1.03185 0.0139602 0.00240927
1.32886 1.87879 1.0309 0.0137845 0.0023255
1.34899 1.87879 1.02997 0.0135948 0.00224692
1.36913 1.87879 1.02905 0.0133924 0.0021733
1.38926 1.87879 1.02814 0.0131784 0.00210437
1.4094 1.87879 1.02725 0.0129543 0.00203987
1.42953 1.87879 1.02637 0.012721 0.00197951
1.44966 1.87879 1.02551 0.0124797 0.001923
1.4698 1.87879 1.02467 0.0122315 0.00187002
1.48993 1.87879 1.02384 0.0119775 0.0018203
1.51007 1.87879 1.02303 0.0117184 0.00177352
1.5302 1.87879 1.02224 0.0114553 0.00172941
1.55034 1.87879 1.02146 0.0111889 0.00168768
1.57047 1.87879 1.0207 0.01092 0.00164807
1.5906 1.87879 1.01996 0.0106493 0.00161031
1.61074 1.87879 1.01924 0.0103775 0.00157418
1.63087 1.87879 1.01853 0.0101052 0.00153945
1.65101 1.87879 1.01784 0.00983293 0.0015059
1.67114 1.87879 1.01717 0.00956124 0.00147336
1.69128 1.87879 1.01652 0.00929059 0.00144165
1.71141 1.87879 1.01588 0.0090214 0.00141061
1.73154 1.87879 1.01526 0.00875408 0.00138012
1.75168 1.87879 1.01466 0.00848897 0.00135005
1.77181 1.87879 1.01407 0.0082264 0.0013203
1.79195 1.87879 1.0135 0.00796667 0.00129078
1.81208 1.87879 1.01295 0.00771004 0.00126143
1.83221 1.87879 1.01241 0.00745675 0.00123219
1.85235 1.87879 1.01189 0.00720703 0.00120301
1.87248 1.87879 1.01138 0.00696107 0.00117387
1.89262 1.87879 1.01089 0.00671905 0.00114475
1.91275 1.87879 1.01042 0.00648113 0.00111564
1.93289 1.87879 1.00996 0.00624745 0.00108654
1.95302 1.87879 1.00951 0.00601814 0.00105747
1.97315 1.87879 1.00908 0.00579332 0.00102843
1.99329 1.87879 1.00866 0.00557309 0.000999449
2.01342 1.87879 1.00826 0.00535754 0.000970561
2.03356 1.87879 1.00788 0.00514674 0.000941793
2.05369 1.87879 1.0075 0.00494077 0.000913181
2.07383 1.87879 1.00714 0.00473968 0.000884762
2.09396 1.87879 1.00679 0.00454352 0.000856575
2.11409 1.87879 1.00646 0.00435234 0.000828658
2.13423 1.87879 1.00614 0.00416614 0.000801052
2.15436 1.87879 1.00583 0.00398497 0.000773793
2.1745 1.87879 1.00554 0.00380882 0.00074692
2.19463 1.87879 1.00525 0.0036377 0.000720469
2.21477 1.87879 1.00498 0.0034716 0.000694473
2.2349 1.87879 1.00472 0.00331051 0.000668965
2.25503 1.87879 1.00447 0.00315439 0.000643975
2.27517 1.87879 1.00423 0.00300322 0.000619529
2.2953 1.87879 1.004 0.00285695 0.000595653
2.31544 1.87879 1.00378 0.00271553 0.000572369
2.33557 1.87879 1.00357 0.0025789 0.000549697
2.3557 1.87879 1.00338 0.002447 0.000527655
2.37584 1.87879 1.00319 0.00231975 0.000506258
2.39597 1.87879 1.00301 0.00219707 0.000485519
2.41611 1.87879 1.00284 0.00207887 0.00046545
2.43624 1.87879 1.00268 0.00196505 0.000446058
2.45638 1.87879 1.00252 0.00185552 0.000427351
2.47651 1.87879 1.00238 0.00175017 0.000409334
2.49664 1.87879 1.00224 0.00164889 0.000392009
2.51678 1.87879 1.00211 0.00155155 0.000375378
2.53691 1.87879 1.00199 0.00145804 0.000359439
2.55705 1.87879 1.00187 0.00136824 0.000344188
2.57718 1.87879 1.00176 0.00128201 0.00032962
2.59732 1.87879 1.00166 0.00119922 0.000315724
2.61745 1.87879 1.00156 0.00111974 0.000302487
2.63758 1.87879 1.00147 0.00104342 0.000289892
2.65772 1.87879 1.00139 0.000970133 0.000277914
2.67785 1.87879 1.00131 0.000899721 0.000266522
2.69799 1.87879 1.00124 0.000832037 0.000255675
2.71812 1.87879 1.00117 0.000766925 0.000245319
2.73826 1.87879 1.0011 0.00070422 0.000235382
2.75839 1.87879 1.00105 0.000643749 0.000225771
2.77852 1.87879 1.00099 0.000585326 0.000216361
2.79866 1.87879 1.00094 0.000528746 0.00020699
2.81879 1.87879 1.0009 0.000473783 0.000197436
2.83893 1.87879 1.00085 0.000420182 0.000187404
2.85906 1.87879 1.00082 0.000367654 0.000176498
2.87919 1.87879 1.00078 0.000315868 0.000164181
2.89933 1.87879 1.00075 0.000264452 0.000149733
2.91946 1.87879 1.00072 0.000213 0.000132186
2.9396 1.87879 1.0007 0.0001611 0.000110266
2.95973 1.87879 1.00068 0.000108392 8.23307e-05
2.97987 1.87879 1.00067 5.46453e-05 4.63596e-05
3 1.87879 1.00066 0 0

0 1.89899 1.04333 0 0
0.0201342 1.89899 1.04356 -0.000867712 0.00114398
0.0402685 1.89899 1.0443 -0.00164763 0.00202381
0.0604027 1.89899 1.04511 -0.00230279 0.00270134
0.0805369 1.89899 1.04605 -0.00283449 0.00322628
0.100671 1.89899 1.04703 -0.00324795 0.00364127
0.120805 1.89899 1.04803 -0.00355522 0.00397683
0.14094 1.89899 1.04903 -0.00376787 0.00425461
0.161074 1.89899 1.05 -0.00389676 0.00448944
0.181208 1.89899 1.05094 -0.00395114 0.00469144
0.201342 1.89899 1.05185 -0.00393882 0.00486753
0.221477 1.89899 1.05273 -0.00386635 0.00502244
0.241611 1.89899 1.05356 -0.0037393 0.00515945
0.261745 1.89899 1.05434 -0.00356241 0.00528083
0.281879 1.89899 1.05508 -0.00333986 0.0053882
0.302013 1.89899 1.05577 -0.00307538 0.00548272
0.322148 1.89899 1.05641 -0.00277238 0.0055652
0.342282 1.89899 1.057 -0.00243402 0.00563628
0.362416 1.89899 1.05754 -0.00206328 0.00569639
0.38255 1.89899 1.05803 -0.00166303 0.0057459
0.402685 1.89899 1.05846 -0.00123605 0.00578509
0.422819 1.89899 1.05883 -0.00078505 0.00581419
0.442953 1.89899 1.05916 -0.000312684 0.00583342
0.463087 1.89899 1.05942 0.000178416 0.00584296
0.483221 1.89899 1.05963 0.000685648 0.005843
0.503356 1.89899 1.05977 0.00120644 0.00583373
0.52349 1.89899 1.05986 0.00173822 0.00581536
0.543624 1.89899 1.0599 0.00227847 0.00578809
0.563758 1.89899 1.05987 0.00282469 0.00575216
0.583893 1.89899 1.05979 0.00337439 0.00570781
0.604027 1.89899 1.05965 0.00392513 0.00565533
0.624161 1.89899 1.05945 0.00447453 0.005595
0.644295 1.89899 1.05919 0.00502023 0.00552716
0.66443 1.89899 1.05888 0.00555996 0.00545214
0.684564 1.89899 1.05852 0.00609148 0.00537033
0.704698 1.89899 1.0581 0.00661267 0.00528212
0.724832 1.89899 1.05764 0.00712147 0.00518795
0.744966 1.89899 1.05712 0.00761593 0.00508826
0.765101 1.89899 1.05655 0.00809419 0.00498353
0.785235 1.89899 1.05594 0.00855453 0.00487427
0.805369 1.89899 1.05528 0.00899534 0.00476098
0.825503 1.89899 1.05459 0.00941516 0.00464422
0.845638 1.89899 1.05385 0.00981265 0.00452452
0.865772 1.89899 1.05308 0.0101866 0.00440245
0.885906 1.89899 1.05227 0.0105361 0.00427858
0.90604 1.89899 1.05143 0.0108602 0.00415347
0.926174 1.89899 1.05056 0.0111583 0.00402769
0.946309 1.89899 1.04966 0.0114297 0.00390179
0.966443 1.89899 1.04874 0.0116742 0.00377632
0.986577 1.89899 1.0478 0.0118915 0.00365179
1.00671 1.89899 1.04683 0.0120817 0.00352871
1.02685 1.89899 1.04586 0.0122448 0.00340754
1.04698 1.89899 1.04487 0.0123811 0.00328872
1.06711 1.89899 1.04387 0.0124911 0.00317265
1.08725 1.89899 1.04285 0.0125753 0.00305968
1.10738 1.89899 1.04184 0.0126343 0.00295013
1.12752 1.89899 1.04082 0.0126689 0.00284426
1.14765 1.89899 1.0398 0.0126801 0.00274231
1.16779 1.89899 1.03878 0.0126687 0.00264443
1.18792 1.89899 1.03776 0.0126359 0.00255077
1.20805 1.89899 1.03674 0.0125826 0.0024614
1.22819 1.89899 1.03573 0.01251 0.00237637
1.24832 1.89899 1.03473 0.0124194 0.00229566
1.26846 1.89899 1.03374 0.0123118 0.00221924
1.28859 1.89899 1.03276 0.0121885 0.00214704
1.30872 1.89899 1.03178 0.0120507 0.00207893
1.32886 1.89899 1.03083 0.0118995 0.0020148
1.34899 1.89899 1.02988 0.0117361 0.00195446
1.36913 1.89899 1.02895 0.0115616 0.00189775
1.38926 1.89899 1.02803 0.0113772 0.00184446
1.4094 1.89899 1.02713 0.0111838 0.00179438
1.42953 1.89899 1.02625 0.0109826 0.0017473
1.44966 1.89899 1.02538 0.0107744 0.00170298
1.4698 1.89899 1.02453 0.0105602 0.00166121
1.48993 1.89899 1.0237 0.0103409 0.00162175
1.51007 1.89899 1.02288 0.0101173 0.00158437
1.5302 1.89899 1.02209 0.00989014 0.00154887
1.55034 1.89899 1.02131 0.00966014 0.00151503
1.57047 1.89899 1.02055 0.00942798 0.00148265
1.5906 1.89899 1.0198 0.00919428 0.00145153
1.61074 1.89899 1.01908 0.00895961 0.0014215
1.63087 1.89899 1.01837 0.0087245 0.0013924
1.65101 1.89899 1.01768 0.00848944 0.00136406
1.67114 1.89899 1.017 0.00825486 0.00133636
1.69128 1.89899 1.01635 0.00802118 0.00130916
1.71141 1.89899 1.01571 0.00778878 0.00128235
1.73154 1.89899 1.01509 0.00755798 0.00125584
1.75168 1.89899 1.01449 0.00732911 0.00122954
1.77181 1.89899 1.0139 0.00710243 0.00120337
1.79195 1.89899 1.01333 0.00687821 0.00117729
1.81208 1.89899 1.01278 0.00665667 0.00115124
1.83221 1.89899 1.01224 0.00643803 0.00112518
1.85235 1.89899 1.01172 0.00622246 0.0010991
1.87248 1.89899 1.01122 0.00601015 0.00107298
1.89262 1.89899 1.01073 0.00580124 0.0010468
1.91275 1.89899 1.01026 0.00559587 0.00102058
1.93289 1.89899 1.0098 0.00539417 0.00099432
1.95302 1.89899 1.00936 0.00519625 0.000968036
1.97315 1.89899 1.00893 0.0050022 0.000941748
1.99329 1.89899 1.00852 0.00481211 0.000915482
2.01342 1.89899 1.00812 0.00462606 0.000889266
2.03356 1.89899 1.00774 0.00444412 0.000863134
2.05369 1.89899 1.00737 0.00426634 0.000837119
2.07383 1.89899 1.00701 0.00409278 0.000811257
2.09396 1.89899 1.00667 0.00392347 0.000785584
2.11409 1.89899 1.00634 0.00375845 0.000760138
2.13423 1.89899 1.00602 0.00359774 0.000734955
2.15436 1.89899 1.00571 0.00344135 0.000710072
2.1745 1.89899 1.00542 0.00328931 0.000685524
2.19463 1.89899 1.00514 0.0031416 0.000661343
2.21477 1.89899 1.00487 0.00299822 0.000637563
2.2349 1.89899 1.00461 0.00285916 0.000614213
2.25503 1.89899 1.00437 0.00272439 0.000591321
2.27517 1.89899 1.00413 0.00259389 0.000568914
2.2953 1.89899 1.00391 0.00246761 0.000547015
2.31544 1.89899 1.00369 0.00234552 0.000525645
2.33557 1.89899 1.00349 0.00222757 0.000504825
2.3557 1.89899 1.00329 0.00211369 0.000484571
2.37584 1.89899 1.00311 0.00200383 0.000464898
2.39597 1.89899 1.00293 0.00189791 0.000445819
2.41611 1.89899 1.00276 0.00179586 0.000427346
2.43624 1.89899 1.00261 0.00169759 0.000409487
2.45638 1.89899 1.00245 0.00160303 0.000392251
2.47651 1.89899 1.00231 0.00151207 0.000375641
2.49664 1.89899 1.00218 0.00142463 0.000359663
2.51678 1.89899 1.00205 0.00134061 0.000344317
2.53691 1.89899 1.00193 0.00125989 0.000329604
2.55705 1.89899 1.00182 0.00118238 0.000315521
2.57718 1.89899 1.00171 0.00110797 0.000302064
2.59732 1.89899 1.00161 0.00103654 0.000289225
2.61745 1.89899 1.00151 0.000967983 0.000276993
2.63758 1.89899 1.00143 0.000902178 0.000265355
2.65772 1.89899 1.00134 0.000839006 0.00025429
2.67785 1.89899 1.00127 0.000778345 0.000243773
2.69799 1.89899 1.00119 0.000720071 0.00023377
2.71812 1.89899 1.00113 0.000664051 0.000224236
2.73826 1.89899 1.00106 0.000610151 0.000215114
2.75839 1.89899 1.00101 0.000558224 0.000206326
2.77852 1.89899 1.00095 0.000508114 0.000197768
2.79866 1.89899 1.0009 0.000459645 0.000189305
2.81879 1.89899 1.00086 0.00041262 0.000180748
2.83893 1.89899 1.00082 0.000366808 0.000171845
2.85906 1.89899 1.00078 0.000321937 0.000162246
2.87919 1.89899 1.00074 0.000277678 0.000151467
2.89933 1.89899 1.00071 0.000233637 0.000138832
2.91946 1.89899 1.00068 0.000189346 0.000123397
2.9396 1.89899 1.00065 0.00014428 0.000103851
2.95973 1.89899 1.00063 9.79125e-05 7.84089e-05
2.97987 1.89899 1.00061 4.98096e-05 4.47421e-05
3 1.89899 1.0006 0 0

0 1.91919 1.04178 0 0
0.0201342 1.91919 1.04205 -0.000847954 0.00107268
0.0402685 1.91919 1.04306 -0.00158716 0.0018327
0.0604027 1.91919 1.04406 -0.00217987 0.00237588
0.0805369 1.91919 1.04521 -0.00264239 0.00277163
0.100671 1.91919 1.04635 -0.00298854 0.00306998
0.120805 1.91919 1.0475 -0.00323658 0.00330313
0.14094 1.91919 1.04861 -0.00340095 0.00349166
0.161074 1.91919 1.04968 -0.00349364 0.00364855
0.181208 1.91919 1.05071 -0.00352396 0.00378209
0.201342 1.91919 1.0517 -0.00349926 0.00389759
0.221477 1.91919 1.05264 -0.0034254 0.00399854
0.241611 1.91919 1.05352 -0.00330716 0.00408724
0.261745 1.91919 1.05436 -0.0031485 0.00416527
0.281879 1.91919 1.05514 -0.00295285 0.00423369
0.302013 1.91919 1.05588 -0.00272324 0.00429328
0.322148 1.91919 1.05656 -0.00246241 0.00434456
0.342282 1.91919 1.05718 -0.00217291 0.00438793
0.362416 1.91919 1.05775 -0.00185714 0.0044237
0.38255 1.91919 1.05827 -0.0015174 0.00445209
0.402685 1.91919 1.05872 -0.00115594 0.0044733
0.422819 1.91919 1.05912 -0.00077496 0.00448749
0.442953 1.91919 1.05946 -0.000376613 0.00449481
0.463087 1.91919 1.05975 3.69543e-05 0.00449539
0.483221 1.91919 1.05997 0.000463618 0.00448938
0.503356 1.91919 1.06013 0.000901266 0.00447691
0.52349 1.91919 1.06024 0.0013478 0.00445815
0.543624 1.91919 1.06028 0.00180114 0.00443324
0.563758 1.91919 1.06026 0.00225922 0.00440237
0.583893 1.91919 1.06018 0.00272 0.00436572
0.604027 1.91919 1.06005 0.00318147 0.00432349
0.624161 1.91919 1.05985 0.00364163 0.00427591
0.644295 1.91919 1.0596 0.00409857 0.00422321
0.66443 1.91919 1.05928 0.00455037 0.00416565
0.684564 1.91919 1.05892 0.00499522 0.00410349
0.704698 1.91919 1.0585 0.00543132 0.00403703
0.724832 1.91919 1.05802 0.00585699 0.00396657
0.744966 1.91919 1.05749 0.00627059 0.00389244
0.765101 1.91919 1.05692 0.00667061 0.00381497
0.785235 1.91919 1.0563 0.00705559 0.00373452
0.805369 1.91919 1.05563 0.00742422 0.00365145
0.825503 1.91919 1.05492 0.00777527 0.00356613
0.845638 1.91919 1.05416 0.00810765 0.00347896
0.865772 1.91919 1.05337 0.00842038 0.00339032
0.885906 1.91919 1.05255 0.00871261 0.00330059
0.90604 1.91919 1.05169 0.00898364 0.00321019
0.926174 1.91919 1.0508 0.0092329 0.00311948
0.946309 1.91919 1.04989 0.00945995 0.00302885
0.966443 1.91919 1.04895 0.0096645 0.00293867
0.986577 1.91919 1.04798 0.00984639 0.0028493
1.00671 1.91919 1.047 0.0100056 0.00276107
1.02685 1.91919 1.04601 0.0101422 0.0026743
1.04698 1.91919 1.045 0.0102565 0.00258929
1.06711 1.91919 1.04398 0.0103488 0.00250629
1.08725 1.91919 1.04295 0.0104196 0.00242554
1.10738 1.91919 1.04191 0.0104694 0.00234726
1.12752 1.91919 1.04087 0.0104989 0.00227161
1.14765 1.91919 1.03983 0.0105088 0.00219875
1.16779 1.91919 1.03879 0.0104999 0.00212877
1.18792 1.91919 1.03776 0.0104731 0.00206176
1.20805 1.91919 1.03673 0.0104293 0.00199776
1.22819 1.91919 1.0357 0.0103694 0.0019368
1.24832 1.91919 1.03468 0.0102944 0.00187885
1.26846 1.91919 1.03368 0.0102054 0.00182387
1.28859 1.91919 1.03268 0.0101033 0.00177181
1.30872 1.91919 1.0317 0.00998901 0.00172258
1.32886 1.91919 1.03073 0.00986365 0.00167607
1.34899 1.91919 1.02977 0.00972814 0.00163216
1.36913 1.91919 1.02883 0.00958343 0.00159073
1.38926 1.91919 1.02791 0.00943043 0.00155161
1.4094 1.91919 1.027 0.00927003 0.00151466
1.42953 1.91919 1.02611 0.00910308 0.00147972
1.44966 1.91919 1.02523 0.00893038 0.00144662
1.4698 1.91919 1.02437 0.0087527 0.0014152
1.48993 1.91919 1.02354 0.00857078 0.00138531
1.51007 1.91919 1.02272 0.00838528 0.00135677
1.5302 1.91919 1.02191 0.00819686 0.00132943
1.55034 1.91919 1.02113 0.0080061 0.00130315
1.57047 1.91919 1.02036 0.00781357 0.00127777
1.5906 1.91919 1.01962 0.00761977 0.00125317
1.61074 1.91919 1.01889 0.00742519 0.00122923
1.63087 1.91919 1.01818 0.00723026 0.00120581
1.65101 1.91919 1.01749 0.00703538 0.00118282
1.67114 1.91919 1.01682 0.00684093 0.00116017
1.69128 1.91919 1.01616 0.00664724 0.00113776
1.71141 1.91919 1.01552 0.00645462 0.00111551
1.73154 1.91919 1.0149 0.00626334 0.00109338
1.75168 1.91919 1.0143 0.00607367 0.00107129
1.77181 1.91919 1.01372 0.00588584 0.0010492
1.79195 1.91919 1.01315 0.00570005 0.00102708
1.81208 1.91919 1.0126 0.00551649 0.00100491
1.83221 1.91919 1.01206 0.00533534 0.000982648
1.85235 1.91919 1.01155 0.00515676 0.000960298
1.87248 1.91919 1.01105 0.00498087 0.000937853
1.89262 1.91919 1.01056 0.0048078 0.000915314
1.91275 1.91919 1.01009 0.00463768 0.00089269
1.93289 1.91919 1.00964 0.00447059 0.000869994
1.95302 1.91919 1.0092 0.00430663 0.000847244
1.97315 1.91919 1.00877 0.00414589 0.000824463
1.99329 1.91919 1.00836 0.00398843 0.000801675
2.01342 1.91919 1.00797 0.00383431 0.000778909
2.03356 1.91919 1.00759 0.00368359 0.000756195
2.05369 1.91919 1.00722 0.00353633 0.000733563
2.07383 1.91919 1.00687 0.00339255 0.000711048
2.09396 1.91919 1.00653 0.00325229 0.000688682
2.11409 1.91919 1.0062 0.00311558 0.000666499
2.13423 1.91919 1.00589 0.00298244 0.000644531
2.15436 1.91919 1.00559 0.00285288 0.00062281
2.1745 1.91919 1.0053 0.00272691 0.000601368
2.19463 1.91919 1.00502 0.00260453 0.000580236
2.21477 1.91919 1.00476 0.00248573 0.00055944
2.2349 1.91919 1.0045 0.00237051 0.000539009
2.25503 1.91919 1.00426 0.00225884 0.000518968
2.27517 1.91919 1.00403 0.0021507 0.000499339
2.2953 1.91919 1.00381 0.00204606 0.000480145
2.31544 1.91919 1.0036 0.00194489 0.000461405
2.33557 1.91919 1.0034 0.00184713 0.000443136
2.3557 1.91919 1.0032 0.00175276 0.000425355
2.37584 1.91919 1.00302 0.00166171 0.000408075
2.39597 1.91919 1.00285 0.00157392 0.000391309
2.41611 1.91919 1.00269 0.00148934 0.000375067
2.43624 1.91919 1.00253 0.00140789 0.000359358
2.45638 1.91919 1.00238 0.00132952 0.000344189
2.47651 1.91919 1.00224 0.00125414 0.000329565
2.49664 1.91919 1.00211 0.00118167 0.000315491
2.51678 1.91919 1.00199 0.00111203 0.000301968
2.53691 1.91919 1.00187 0.00104515 0.000288997
2.55705 1.91919 1.00176 0.000980923 0.000276577
2.57718 1.91919 1.00165 0.000919274 0.000264704
2.59732 1.91919 1.00155 0.00086011 0.000253374
2.61745 1.91919 1.00146 0.000803336 0.000242577
2.63758 1.91919 1.00138 0.000748861 0.000232303
2.65772 1.91919 1.0013 0.000696587 0.000222536
2.67785 1.91919 1.00122 0.000646418 0.000213256
2.69799 1.91919 1.00115 0.000598254 0.000204437
2.71812 1.91919 1.00108 0.000551993 0.000196044
2.73826 1.91919 1.00102 0.000507527 0.000188031
2.75839 1.91919 1.00097 0.000464742 0.000180338
2.77852 1.91919 1.00091 0.000423515 0.000172885
2.79866 1.91919 1.00087 0.000383705 0.000165564
2.81879 1.91919 1.00082 0.000345154 0.000158228
2.83893 1.91919 1.00078 0.000307667 0.000150673
2.85906 1.91919 1.00074 0.000271007 0.000142616
2.87919 1.91919 1.0007 0.000234871 0.000133649
2.89933 1.91919 1.00067 0.000198867 0.000123186
2.91946 1.91919 1.00063 0.000162489 0.000110364
2.9396 1.91919 1.0006 0.000125104 9.39105e-05
2.95973 1.91919 1.00058 8.59743e-05 7.19538e-05
2.97987 1.91919 1.00055 4.43456e-05 4.18303e-05
3 1.91919 1.00054 0 0

0 1.93939 1.03979 0 0
0.0201342 1.93939 1.04023 -0.000809261 0.000975391
0.0402685 1.93939 1.04159 -0.00147394 0.00158426
0.0604027 1.93939 1.04291 -0.00196962 0.00197646
0.0805369 1.93939 1.04431 -0.00233502 0.00224037
0.100671 1.93939 1.04566 -0.00259511 0.00242855
0.120805 1.93939 1.04697 -0.00277269 0.00257036
0.14094 1.93939 1.04822 -0.00288333 0.00268249
0.161074 1.93939 1.04941 -0.00293841 0.00277456
0.181208 1.93939 1.05053 -0.00294607 0.00285223
0.201342 1.93939 1.05159 -0.00291231 0.00291896
0.221477 1.93939 1.05259 -0.00284171 0.00297686
0.241611 1.93939 1.05354 -0.00273787 0.00302731
0.261745 1.93939 1.05443 -0.00260373 0.00307121
0.281879 1.93939 1.05526 -0.00244181 0.00310916
0.302013 1.93939 1.05603 -0.00225432 0.00314158
0.322148 1.93939 1.05675 -0.00204327 0.00316878
0.342282 1.93939 1.05741 -0.00181054 0.00319098
0.362416 1.93939 1.05802 -0.00155791 0.00320835
0.38255 1.93939 1.05856 -0.0012871 0.00322104
0.402685 1.93939 1.05904 -0.000999788 0.00322916
0.422819 1.93939 1.05947 -0.000697632 0.00323282
0.442953 1.93939 1.05983 -0.000382274 0.00323211
0.463087 1.93939 1.06013 -5.53434e-05 0.00322714
0.483221 1.93939 1.06037 0.000281534 0.00321799
0.503356 1.93939 1.06055 0.000626739 0.00320479
0.52349 1.93939 1.06066 0.00097866 0.00318762
0.543624 1.93939 1.06072 0.00133569 0.00316661
0.563758 1.93939 1.06071 0.00169623 0.00314189
0.583893 1.93939 1.06063 0.00205872 0.00311357
0.604027 1.93939 1.0605 0.00242157 0.00308181
0.624161 1.93939 1.0603 0.00278327 0.00304675
0.644295 1.93939 1.06005 0.0031423 0.00300856
0.66443 1.93939 1.05973 0.00349719 0.00296741
0.684564 1.93939 1.05936 0.00384651 0.00292348
0.704698 1.93939 1.05893 0.00418889 0.00287697
0.724832 1.93939 1.05845 0.00452299 0.00282807
0.744966 1.93939 1.05791 0.00484757 0.00277699
0.765101 1.93939 1.05733 0.00516142 0.00272396
0.785235 1.93939 1.05669 0.00546342 0.0026692
0.805369 1.93939 1.05601 0.00575255 0.00261295
0.825503 1.93939 1.05528 0.00602784 0.00255544
0.845638 1.93939 1.05451 0.00628845 0.00249692
0.865772 1.93939 1.0537 0.00653363 0.00243763
0.885906 1.93939 1.05285 0.0067627 0.00237782
0.90604 1.93939 1.05198 0.00697512 0.00231773
0.926174 1.93939 1.05107 0.00717046 0.00225761
0.946309 1.93939 1.05013 0.00734837 0.00219767
0.966443 1.93939 1.04917 0.00750863 0.00213816
0.986577 1.93939 1.04818 0.00765113 0.0020793
1.00671 1.93939 1.04718 0.00777584 0.00202127
1.02685 1.93939 1.04616 0.00788286 0.00196428
1.04698 1.93939 1.04513 0.00797238 0.0019085
1.06711 1.93939 1.04408 0.00804467 0.00185409
1.08725 1.93939 1.04303 0.0081001 0.00180118
1.10738 1.93939 1.04198 0.00813912 0.0017499
1.12752 1.93939 1.04092 0.00816225 0.00170035
1.14765 1.93939 1.03986 0.00817005 0.00165261
1.16779 1.93939 1.0388 0.00816317 0.00160673
1.18792 1.93939 1.03774 0.00814229 0.00156276
1.20805 1.93939 1.03669 0.00810812 0.00152071
1.22819 1.93939 1.03565 0.00806142 0.00148058
1.24832 1.93939 1.03462 0.00800294 0.00144236
1.26846 1.93939 1.0336 0.00793346 0.00140601
1.28859 1.93939 1.03259 0.00785377 0.00137148
1.30872 1.93939 1.03159 0.00776466 0.00133871
1.32886 1.93939 1.03061 0.00766689 0.00130762
1.34899 1.93939 1.02964 0.00756122 0.00127814
1.36913 1.93939 1.02869 0.0074484 0.00125016
1.38926 1.93939 1.02775 0.00732915 0.0012236
1.4094 1.93939 1.02684 0.00720415 0.00119834
1.42953 1.93939 1.02594 0.00707408 0.00117428
1.44966 1.93939 1.02506 0.00693956 0.00115131
1.4698 1.93939 1.02419 0.00680119 0.00112932
1.48993 1.93939 1.02335 0.00665955 0.00110821
1.51007 1.93939 1.02252 0.00651516 0.00108786
1.5302 1.93939 1.02172 0.00636852 0.00106819
1.55034 1.93939 1.02093 0.00622009 0.00104909
1.57047 1.93939 1.02016 0.00607032 0.00103047
1.5906 1.93939 1.01941 0.00591959 0.00101224
1.61074 1.93939 1.01868 0.00576828 0.000994327
1.63087 1.93939 1.01797 0.00561672 0.000976651
1.65101 1.93939 1.01728 0.00546524 0.000959149
1.67114 1.93939 1.01661 0.00531411 0.000941759
1.69128 1.93939 1.01595 0.00516359 0.00092443
1.71141 1.93939 1.01532 0.00501392 0.000907115
1.73154 1.93939 1.0147 0.00486532 0.000889775
1.75168 1.93939 1.0141 0.00471798 0.00087238
1.77181 1.93939 1.01352 0.00457209 0.000854903
1.79195 1.93939 1.01295 0.00442779 0.000837326
1.81208 1.93939 1.0124 0.00428525 0.000819637
1.83221 1.93939 1.01187 0.00414458 0.000801826
1.85235 1.93939 1.01136 0.00400591 0.000783894
1.87248 1.93939 1.01086 0.00386934 0.000765843
1.89262 1.93939 1.01037 0.00373497 0.00074768
1.91275 1.93939 1.00991 0.00360288 0.000729418
1.93289 1.93939 1.00946 0.00347316 0.00071107
1.95302 1.93939 1.00902 0.00334587 0.000692655
1.97315 1.93939 1.0086 0.00322107 0.000674194
1.99329 1.93939 1.0082 0.00309883 0.00065571
2.01342 1.93939 1.00781 0.00297917 0.000637228
2.03356 1.93939 1.00743 0.00286216 0.000618773
2.05369 1.93939 1.00707 0.00274782 0.000600373
2.07383 1.93939 1.00672 0.00263619 0.000582055
2.09396 1.93939 1.00638 0.00252729 0.000563848
2.11409 1.93939 1.00606 0.00242113 0.000545779
2.13423 1.93939 1.00575 0.00231775 0.000527875
2.15436 1.93939 1.00545 0.00221714 0.000510163
2.1745 1.93939 1.00517 0.00211932 0.00049267
2.19463 1.93939 1.0049 0.00202428 0.000475419
2.21477 1.93939 1.00464 0.00193201 0.000458435
2.2349 1.93939 1.00439 0.00184252 0.00044174
2.25503 1.93939 1.00415 0.00175579 0.000425355
2.27517 1.93939 1.00392 0.00167179 0.0004093
2.2953 1.93939 1.0037 0.0015905 0.000393592
2.31544 1.93939 1.0035 0.00151191 0.000378248
2.33557 1.93939 1.0033 0.00143596 0.000363284
2.3557 1.93939 1.00311 0.00136264 0.000348711
2.37584 1.93939 1.00293 0.0012919 0.000334543
2.39597 1.93939 1.00276 0.0012237 0.00032079
2.41611 1.93939 1.0026 0.00115798 0.000307461
2.43624 1.93939 1.00245 0.0010947 0.000294563
2.45638 1.93939 1.00231 0.0010338 0.000282104
2.47651 1.93939 1.00217 0.000975224 0.000270087
2.49664 1.93939 1.00204 0.000918916 0.000258517
2.51678 1.93939 1.00192 0.000864812 0.000247395
2.53691 1.93939 1.0018 0.000812847 0.000236723
2.55705 1.93939 1.0017 0.000762956 0.000226501
2.57718 1.93939 1.00159 0.000715071 0.000216725
2.59732 1.93939 1.0015 0.000669123 0.000207392
2.61745 1.93939 1.00141 0.000625044 0.000198496
2.63758 1.93939 1.00133 0.000582761 0.000190028
2.65772 1.93939 1.00125 0.000542205 0.000181978
2.67785 1.93939 1.00117 0.000503303 0.000174331
2.69799 1.93939 1.0011 0.000465982 0.000167066
2.71812 1.93939 1.00104 0.000430167 0.000160159
2.73826 1.93939 1.00098 0.000395782 0.000153576
2.75839 1.93939 1.00093 0.000362743 0.000147274
2.77852 1.93939 1.00087 0.000330965 0.000141194
2.79866 1.93939 1.00083 0.000300346 0.000135261
2.81879 1.93939 1.00078 0.000270772 0.000129366
2.83893 1.93939 1.00074 0.000242099 0.000123365
2.85906 1.93939 1.0007 0.000214144 0.000117047
2.87919 1.93939 1.00066 0.000186658 0.000110108
2.89933 1.93939 1.00062 0.000159297 0.000102094
2.91946 1.93939 1.00059 0.000131571 9.23008e-05
2.9396 1.93939 1.00055 0.000102786 7.96108e-05
2.95973 1.93939 1.00052 7.1995e-05 6.22134e-05
2.97987 1.93939 1.00049 3.79916e-05 3.71707e-05
3 1.93939 1.00047 0 0

0 1.9596 1.03702 0 0
0.0201342 1.9596 1.03785 -0.000734099 0.000817154
0.0402685 1.9596 1.04002 -0.00126344 0.00124232
0.0604027 1.9596 1.04174 -0.00161271 0.00147021
0.0805369 1.9596 1.04347 -0.00185272 0.00161067
0.100671 1.9596 1.04505 -0.00201287 0.00170432
0.120805 1.9596 1.04653 -0.00211562 0.00177276
0.14094 1.9596 1.04791 -0.0021737 0.00182599
0.161074 1.9596 1.0492 -0.00219557 0.00186939
0.181208 1.9596 1.05041 -0.0021868 0.00190581
0.201342 1.9596 1.05155 -0.00215127 0.00193688
0.221477 1.9596 1.05262 -0.00209183 0.00196355
0.241611 1.9596 1.05362 -0.0020107 0.00198644
0.261745 1.9596 1.05456 -0.00190968 0.00200591
0.281879 1.9596 1.05544 -0.00179031 0.00202224
0.302013 1.9596 1.05626 -0.00165397 0.00203561
0.322148 1.9596 1.05701 -0.00150193 0.00204614
0.342282 1.9596 1.05771 -0.00133537 0.00205395
0.362416 1.9596 1.05834 -0.00115547 0.00205913
0.38255 1.9596 1.05892 -0.000963332 0.00206174
0.402685 1.9596 1.05943 -0.000760082 0.00206186
0.422819 1.9596 1.05988 -0.000546819 0.00205954
0.442953 1.9596 1.06026 -0.000324647 0.00205486
0.463087 1.9596 1.06058 -9.46651e-05 0.00204786
0.483221 1.9596 1.06084 0.000142023 0.00203862
0.503356 1.9596 1.06103 0.000384313 0.0020272
0.52349 1.9596 1.06115 0.000631104 0.00201368
0.543624 1.9596 1.06122 0.000881296 0.00199812
0.563758 1.9596 1.06121 0.00113379 0.00198061
0.583893 1.9596 1.06114 0.00138751 0.00196122
0.604027 1.9596 1.06101 0.00164136 0.00194006
0.624161 1.9596 1.06082 0.0018943 0.0019172
0.644295 1.9596 1.06056 0.00214527 0.00189275
0.66443 1.9596 1.06024 0.00239327 0.0018668
0.684564 1.9596 1.05986 0.00263731 0.00183947
0.704698 1.9596 1.05942 0.00287642 0.00181087
0.724832 1.9596 1.05893 0.00310969 0.0017811
0.744966 1.9596 1.05838 0.00333624 0.0017503
0.765101 1.9596 1.05777 0.00355525 0.00171857
0.785235 1.9596 1.05712 0.00376594 0.00168605
0.805369 1.9596 1.05642 0.0039676 0.00165287
0.825503 1.9596 1.05567 0.00415956 0.00161914
0.845638 1.9596 1.05488 0.00434123 0.00158501
0.865772 1.9596 1.05405 0.00451209 0.00155061
0.885906 1.9596 1.05318 0.00467168 0.00151605
0.90604 1.9596 1.05228 0.00481963 0.00148147
0.926174 1.9596 1.05135 0.00495563 0.001447
0.946309 1.9596 1.05038 0.00507945 0.00141274
0.966443 1.9596 1.0494 0.00519094 0.00137883
0.986577 1.9596 1.04839 0.00529002 0.00134537
1.00671 1.9596 1.04736 0.00537669 0.00131245
1.02685 1.9596 1.04631 0.00545101 0.00128018
1.04698 1.9596 1.04526 0.00551313 0.00124864
1.06711 1.9596 1.04419 0.00556323 0.00121791
1.08725 1.9596 1.04311 0.00560159 0.00118805
1.10738 1.9596 1.04203 0.00562852 0.00115911
1.12752 1.9596 1.04095 0.00564438 0.00113115
1.14765 1.9596 1.03987 0.00564958 0.0011042
1.16779 1.9596 1.03879 0.00564457 0.00107827
1.18792 1.9596 1.03771 0.00562983 0.00105338
1.20805 1.9596 1.03664 0.00560587 0.00102953
1.22819 1.9596 1.03558 0.0055732 0.00100672
1.24832 1.9596 1.03453 0.00553238 0.000984917
1.26846 1.9596 1.0335 0.00548393 0.00096411
1.28859 1.9596 1.03247 0.00542842 0.000944258
1.30872 1.9596 1.03146 0.00536639 0.000925323
1.32886 1.9596 1.03046 0.00529839 0.000907257
1.34899 1.9596 1.02948 0.00522494 0.00089001
1.36913 1.9596 1.02852 0.00514656 0.000873527
1.38926 1.9596 1.02758 0.00506375 0.000857748
1.4094 1.9596 1.02665 0.004977 0.000842614
1.42953 1.9596 1.02574 0.00488676 0.000828062
1.44966 1.9596 1.02485 0.00479349 0.000814032
1.4698 1.9596 1.02399 0.00469758 0.000800461
1.48993 1.9596 1.02314 0.00459945 0.000787289
1.51007 1.9596 1.02231 0.00449944 0.000774456
1.5302 1.9596 1.0215 0.00439792 0.000761907
1.55034 1.9596 1.02071 0.0042952 0.000749586
1.57047 1.9596 1.01994 0.00419158 0.000737444
1.5906 1.9596 1.01919 0.00408733 0.000725433
1.61074 1.9596 1.01846 0.00398271 0.000713509
1.63087 1.9596 1.01774 0.00387794 0.000701634
1.65101 1.9596 1.01705 0.00377326 0.000689771
1.67114 1.9596 1.01638 0.00366884 0.000677889
1.69128 1.9596 1.01573 0.00356487 0.000665963
1.71141 1.9596 1.01509 0.0034615 0.000653967
1.73154 1.9596 1.01448 0.00335889 0.000641886
1.75168 1.9596 1.01388 0.00325717 0.000629703
1.77181 1.9596 1.0133 0.00315646 0.000617408
1.79195 1.9596 1.01273 0.00305687 0.000604995
1.81208 1.9596 1.01219 0.0029585 0.00059246
1.83221 1.9596 1.01166 0.00286143 0.000579804
1.85235 1.9596 1.01115 0.00276574 0.000567031
1.87248 1.9596 1.01065 0.00267151 0.000554146
1.89262 1.9596 1.01018 0.00257881 0.000541158
1.91275 1.9596 1.00971 0.00248768 0.000528079
1.93289 1.9596 1.00927 0.00239819 0.000514922
1.95302 1.9596 1.00883 0.00231037 0.000501702
1.97315 1.9596 1.00842 0.00222428 0.000488437
1.99329 1.9596 1.00802 0.00213994 0.000475144
2.01342 1.9596 1.00763 0.00205739 0.000461842
2.03356 1.9596 1.00726 0.00197666 0.000448552
2.05369 1.9596 1.0069 0.00189777 0.000435293
2.07383 1.9596 1.00656 0.00182075 0.000422085
2.09396 1.9596 1.00623 0.0017456 0.000408951
2.11409 1.9596 1.00591 0.00167236 0.000395909
2.13423 1.9596 1.0056 0.00160101 0.00038298
2.15436 1.9596 1.00531 0.00153158 0.000370184
2.1745 1.9596 1.00503 0.00146407 0.00035754
2.19463 1.9596 1.00476 0.00139847 0.000345065
2.21477 1.9596 1.00451 0.00133479 0.000332778
2.2349 1.9596 1.00426 0.00127301 0.000320694
2.25503 1.9596 1.00403 0.00121313 0.00030883
2.27517 1.9596 1.0038 0.00115514 0.000297198
2.2953 1.9596 1.00359 0.00109902 0.000285814
2.31544 1.9596 1.00339 0.00104476 0.000274688
2.33557 1.9596 1.0032 0.000992318 0.000263833
2.3557 1.9596 1.00301 0.000941687 0.000253257
2.37584 1.9596 1.00284 0.000892834 0.000242971
2.39597 1.9596 1.00267 0.00084573 0.000232982
2.41611 1.9596 1.00252 0.000800343 0.000223297
2.43624 1.9596 1.00237 0.000756637 0.000213921
2.45638 1.9596 1.00223 0.000714575 0.00020486
2.47651 1.9596 1.00209 0.000674119 0.000196118
2.49664 1.9596 1.00197 0.000635228 0.000187696
2.51678 1.9596 1.00185 0.00059786 0.000179599
2.53691 1.9596 1.00174 0.000561971 0.000171825
2.55705 1.9596 1.00163 0.000527516 0.000164375
2.57718 1.9596 1.00153 0.000494451 0.000157248
2.59732 1.9596 1.00144 0.000462728 0.000150441
2.61745 1.9596 1.00135 0.000432302 0.000143951
2.63758 1.9596 1.00127 0.000403125 0.00013777
2.65772 1.9596 1.0012 0.000375151 0.000131893
2.67785 1.9596 1.00112 0.000348331 0.000126309
2.69799 1.9596 1.00106 0.000322621 0.000121005
2.71812 1.9596 1.001 0.000297971 0.000115964
2.73826 1.9596 1.00094 0.000274333 0.000111166
2.75839 1.9596 1.00088 0.000251658 0.000106581
2.77852 1.9596 1.00083 0.000229892 0.000102173
2.79866 1.9596 1.00079 0.000208977 9.78927e-05
2.81879 1.9596 1.00074 0.000188843 9.36746e-05
2.83893 1.9596 1.0007 0.000169405 8.9427e-05
2.85906 1.9596 1.00066 0.000150547 8.50198e-05
2.87919 1.9596 1.00062 0.000132107 8.02622e-05
2.89933 1.9596 1.00058 0.000113839 7.48617e-05
2.91946 1.9596 1.00054 9.53588e-05 6.83474e-05
2.9396 1.9596 1.0005 7.6043e-05 5.99122e-05
2.95973 1.9596 1.00046 5.48769e-05 4.80896e-05
2.97987 1.9596 1.00042 3.01887e-05 2.99569e-05
3 1.9596 1.00038 0 0

0 1.9798 1.03145 0 0
0.0201342 1.9798 1.03543 -0.000559162 0.000552305
0.0402685 1.9798 1.03792 -0.000839625 0.000727935
0.0604027 1.9798 1.04046 -0.00101035 0.000808861
0.0805369 1.9798 1.04256 -0.00111207 0.000856482
0.100671 1.9798 1.04445 -0.00117533 0.000886898
0.120805 1.9798 1.04613 -0.00121169 0.000908717
0.14094 1.9798 1.04765 -0.00122822 0.000925457
0.161074 1.9798 1.04906 -0.0012286 0.000938937
0.181208 1.9798 1.05036 -0.00121514 0.00095006
0.201342 1.9798 1.05157 -0.00118934 0.000959318
0.221477 1.9798 1.0527 -0.0011523 0.000966992
0.241611 1.9798 1.05376 -0.0011049 0.000973253
0.261745 1.9798 1.05475 -0.00104786 0.000978214
0.281879 1.9798 1.05567 -0.000981838 0.000981954
0.302013 1.9798 1.05653 -0.00090743 0.000984532
0.322148 1.9798 1.05733 -0.000825212 0.000985994
0.342282 1.9798 1.05806 -0.000735742 0.000986381
0.362416 1.9798 1.05873 -0.00063957 0.000985728
0.38255 1.9798 1.05933 -0.000537243 0.000984068
0.402685 1.9798 1.05987 -0.000429307 0.000981432
0.422819 1.9798 1.06034 -0.000316312 0.000977851
0.442953 1.9798 1.06075 -0.000198811 0.000973359
0.463087 1.9798 1.06109 -7.73621e-05 0.000967986
0.483221 1.9798 1.06136 4.74745e-05 0.000961766
0.503356 1.9798 1.06156 0.000175135 0.000954734
0.52349 1.9798 1.0617 0.000305054 0.000946924
0.543624 1.9798 1.06177 0.000436666 0.000938375
0.563758 1.9798 1.06177 0.000569405 0.000929123
0.583893 1.9798 1.06171 0.000702709 0.000919209
0.604027 1.9798 1.06158 0.000836023 0.000908674
0.624161 1.9798 1.06138 0.000968794 0.00089756
0.644295 1.9798 1.06112 0.00110048 0.00088591
0.66443 1.9798 1.06079 0.00123056 0.000873768
0.684564 1.9798 1.0604 0.00135852 0.000861181
0.704698 1.9798 1.05996 0.00148385 0.000848194
0.724832 1.9798 1.05945 0.00160608 0.000834854
0.744966 1.9798 1.05888 0.00172475 0.000821211
0.765101 1.9798 1.05826 0.00183943 0.000807311
0.785235 1.9798 1.05759 0.00194973 0.000793204
0.805369 1.9798 1.05687 0.00205525 0.000778939
0.825503 1.9798 1.0561 0.00215567 0.000764562
0.845638 1.9798 1.05528 0.00225066 0.000750123
0.865772 1.9798 1.05443 0.00233997 0.000735669
0.885906 1.9798 1.05353 0.00242335 0.000721246
0.90604 1.9798 1.05261 0.00250061 0.000706897
0.926174 1.9798 1.05164 0.00257159 0.000692667
0.946309 1.9798 1.05065 0.00263617 0.000678596
0.966443 1.9798 1.04964 0.00269428 0.000664722
0.986577 1.9798 1.0486 0.00274587 0.000651081
1.00671 1.9798 1.04754 0.00279096 0.000637706
1.02685 1.9798 1.04647 0.00282957 0.000624627
1.04698 1.9798 1.04539 0.00286179 0.000611869
1.06711 1.9798 1.04429 0.00288772 0.000599455
1.08725 1.9798 1.04319 0.0029075 0.000587403
1.10738 1.9798 1.04208 0.0029213 0.000575728
1.12752 1.9798 1.04097 0.00292932 0.00056444
1.14765 1.9798 1.03987 0.00293178 0.000553546
1.16779 1.9798 1.03876 0.00292891 0.000543048
1.18792 1.9798 1.03767 0.00292097 0.000532945
1.20805 1.9798 1.03658 0.00290823 0.000523233
1.22819 1.9798 1.0355 0.00289095 0.000513903
1.24832 1.9798 1.03443 0.00286944 0.000504944
1.26846 1.9798 1.03337 0.00284398 0.000496341
1.28859 1.9798 1.03233 0.00281485 0.000488077
1.30872 1.9798 1.03131 0.00278235 0.000480134
1.32886 1.9798 1.0303 0.00274675 0.00047249
1.34899 1.9798 1.0293 0.00270835 0.000465122
1.36913 1.9798 1.02833 0.00266741 0.000458007
1.38926 1.9798 1.02738 0.00262419 0.000451119
1.4094 1.9798 1.02644 0.00257895 0.000444434
1.42953 1.9798 1.02553 0.00253193 0.000437925
1.44966 1.9798 1.02463 0.00248335 0.000431568
1.4698 1.9798 1.02375 0.00243343 0.000425337
1.48993 1.9798 1.0229 0.00238238 0.000419209
1.51007 1.9798 1.02207 0.00233039 0.000413159
1.5302 1.9798 1.02125 0.00227764 0.000407165
1.55034 1.9798 1.02046 0.00222429 0.000401206
1.57047 1.9798 1.01969 0.00217049 0.000395263
1.5906 1.9798 1.01894 0.00211639 0.000389317
1.61074 1.9798 1.01821 0.00206212 0.000383352
1.63087 1.9798 1.0175 0.0020078 0.000377353
1.65101 1.9798 1.01681 0.00195353 0.000371308
1.67114 1.9798 1.01613 0.00189942 0.000365206
1.69128 1.9798 1.01548 0.00184556 0.000359037
1.71141 1.9798 1.01485 0.00179202 0.000352794
1.73154 1.9798 1.01423 0.00173889 0.000346472
1.75168 1.9798 1.01364 0.00168623 0.000340067
1.77181 1.9798 1.01306 0.0016341 0.000333577
1.79195 1.9798 1.0125 0.00158256 0.000327001
1.81208 1.9798 1.01196 0.00153166 0.000320342
1.83221 1.9798 1.01143 0.00148143 0.000313601
1.85235 1.9798 1.01093 0.00143193 0.000306783
1.87248 1.9798 1.01044 0.00138319 0.000299893
1.89262 1.9798 1.00996 0.00133523 0.000292937
1.91275 1.9798 1.0095 0.0012881 0.000285924
1.93289 1.9798 1.00906 0.00124181 0.000278861
1.95302 1.9798 1.00864 0.00119639 0.000271758
1.97315 1.9798 1.00822 0.00115185 0.000264625
1.99329 1.9798 1.00783 0.00110823 0.000257471
2.01342 1.9798 1.00745 0.00106553 0.000250309
2.03356 1.9798 1.00708 0.00102377 0.000243148
2.05369 1.9798 1.00673 0.00098296 0.000236001
2.07383 1.9798 1.00639 0.000943113 0.000228878
2.09396 1.9798 1.00606 0.000904236 0.000221791
2.11409 1.9798 1.00575 0.000866337 0.000214751
2.13423 1.9798 1.00545 0.000829421 0.000207769
2.15436 1.9798 1.00516 0.000793492 0.000200856
2.1745 1.9798 1.00489 0.000758552 0.000194022
2.19463 1.9798 1.00462 0.000724601 0.000187277
2.21477 1.9798 1.00437 0.000691639 0.000180631
2.2349 1.9798 1.00413 0.000659661 0.000174091
2.25503 1.9798 1.0039 0.000628663 0.000167668
2.27517 1.9798 1.00368 0.00059864 0.000161369
2.2953 1.9798 1.00347 0.000569583 0.0001552
2.31544 1.9798 1.00328 0.000541483 0.00014917
2.33557 1.9798 1.00309 0.000514328 0.000143283
2.3557 1.9798 1.00291 0.000488108 0.000137547
2.37584 1.9798 1.00274 0.000462806 0.000131964
2.39597 1.9798 1.00258 0.000438409 0.000126541
2.41611 1.9798 1.00242 0.000414899 0.000121281
2.43624 1.9798 1.00228 0.00039226 0.000116187
2.45638 1.9798 1.00214 0.000370471 0.000111262
2.47651 1.9798 1.00201 0.000349513 0.000106508
2.49664 1.9798 1.00189 0.000329366 0.000101927
2.51678 1.9798 1.00177 0.000310008 9.75207e-05
2.53691 1.9798 1.00167 0.000291416 9.32886e-05
2.55705 1.9798 1.00156 0.000273568 8.92311e-05
2.57718 1.9798 1.00147 0.000256441 8.53476e-05
2.59732 1.9798 1.00138 0.000240012 8.16369e-05
2.61745 1.9798 1.00129 0.000224257 7.80968e-05
2.63758 1.9798 1.00122 0.000209153 7.47245e-05
2.65772 1.9798 1.00114 0.000194677 7.15161e-05
2.67785 1.9798 1.00107 0.000180806 6.84665e-05
2.69799 1.9798 1.00101 0.000167517 6.55691e-05
2.71812 1.9798 1.00095 0.000154789 6.28155e-05
2.73826 1.9798 1.00089 0.000142598 6.01949e-05
2.75839 1.9798 1.00084 0.000130923 5.76935e-05
2.77852 1.9798 1.00079 0.000119742 5.52935e-05
2.79866 1.9798 1.00075 0.000109031 5.29715e-05
2.81879 1.9798 1.0007 9.87617e-05 5.06962e-05
2.83893 1.9798 1.00066 8.8902e-05 4.84252e-05
2.85906 1.9798 1.00062 7.94064e-05 4.60993e-05
2.87919 1.9798 1.00058 7.02076e-05 4.36324e-05
2.89933 1.9798 1.00054 6.11966e-05 4.08936e-05
2.91946 1.9798 1.0005 5.2181e-05 3.76711e-05
2.9396 1.9798 1.00045 4.28063e-05 3.35918e-05
2.95973 1.9798 1.0004 3.2338e-05 2.79164e-05
2.97987 1.9798 1.00035 1.94075e-05 1.88047e-05
3 1.9798 1.00027 0 0

0 2 1 0 0
0.0201342 2 1.03133 0 0
0.0402685 2 1.03697 0 0
0.0604027 2 1.03994 0 0
0.0805369 2 1.04227 0 0
0.100671 2 1.04426 0 0
0.120805 2 1.04602 0 0
0.14094 2 1.04761 0 0
0.161074 2 1.04908 0 0
0.181208 2 1.05043 0 0
0.201342 2 1.0517 0 0
0.221477 2 1.05288 0 0
0.241611 2 1.05398 0 0
0.261745 2 1.05502 0 0
0.281879 2 1.05599 0 0
0.302013 2 1.05689 0 0
0.322148 2 1.05772 0 0
0.342282 2 1.05849 0 0
0.362416 2 1.05919 0 0
0.38255 2 1.05982 0 0
0.402685 2 1.06039 0 0
0.422819 2 1.06088 0 0
0.442953 2 1.06131 0 0
0.463087 2 1.06167 0 0
0.483221 2 1.06196 0 0
0.503356 2 1.06218 0 0
0.52349 2 1.06233 0 0
0.543624 2 1.0624 0 0
0.563758 2 1.06241 0 0
0.583893 2 1.06235 0 0
0.604027 2 1.06222 0 0
0.624161 2 1.06202 0 0
0.644295 2 1.06175 0 0
0.66443 2 1.06141 0 0
0.684564 2 1.06101 0 0
0.704698 2 1.06055 0 0
0.724832 2 1.06003 0 0
0.744966 2 1.05944 0 0
0.765101 2 1.0588 0 0
0.785235 2 1.05811 0 0
0.805369 2 1.05736 0 0
0.825503 2 1.05657 0 0
0.845638 2 1.05572 0 0
0.865772 2 1.05484 0 0
0.885906 2 1.05392 0 0
0.90604 2 1.05296 0 0
0.926174 2 1.05196 0 0
0.946309 2 1.05094 0 0
0.966443 2 1.04989 0 0
0.986577 2 1.04882 0 0
1.00671 2 1.04773 0 0
1.02685 2 1.04663 0 0
1.04698 2 1.04551 0 0
1.06711 2 1.04439 0 0
1.08725 2 1.04325 0 0
1.10738 2 1.04212 0 0
1.12752 2 1.04098 0 0
1.14765 2 1.03985 0 0
1.16779 2 1.03872 0 0
1.18792 2 1.0376 0 0
1.20805 2 1.03649 0 0
1.22819 2 1.03538 0 0
1.24832 2 1.0343 0 0
1.26846 2 1.03322 0 0
1.28859 2 1.03216 0 0
1.30872 2 1.03112 0 0
1.32886 2 1.0301 0 0
1.34899 2 1.02909 0 0
1.36913 2 1.02811 0 0
1.38926 2 1.02714 0 0
1.4094 2 1.0262 0 0
1.42953 2 1.02528 0 0
1.44966 2 1.02437 0 0
1.4698 2 1.02349 0 0
1.48993 2 1.02264 0 0
1.51007 2 1.0218 0 0
1.5302 2 1.02098 0 0
1.55034 2 1.02019 0 0
1.57047 2 1.01942 0 0
1.5906 2 1.01866 0 0
1.61074 2 1.01793 0 0
1.63087 2 1.01722 0 0
1.65101 2 1.01653 0 0
1.67114 2 1.01586 0 0
1.69128 2 1.01521 0 0
1.71141 2 1.01458 0 0
1.73154 2 1.01397 0 0
1.75168 2 1.01338 0 0
1.77181 2 1.01281 0 0
1.79195 2 1.01225 0 0
1.81208 2 1.01171 0 0
1.83221 2 1.01119 0 0
1.85235 2 1.01069 0 0
1.87248 2 1.0102 0 0
1.89262 2 1.00973 0 0
1.91275 2 1.00928 0 0
1.93289 2 1.00884 0 0
1.95302 2 1.00842 0 0
1.97315 2 1.00802 0 0
1.99329 2 1.00763 0 0
2.01342 2 1.00725 0 0
2.03356 2 1.00689 0 0
2.05369 2 1.00654 0 0
2.07383 2 1.00621 0 0
2.09396 2 1.00589 0 0
2.11409 2 1.00558 0 0
2.13423 2 1.00528 0 0
2.15436 2 1.005 0 0
2.1745 2 1.00473 0 0
2.19463 2 1.00447 0 0
2.21477 2 1.00423 0 0
2.2349 2 1.00399 0 0
2.25503 2 1.00377 0 0
2.27517 2 1.00355 0 0
2.2953 2 1.00335 0 0
2.31544 2 1.00316 0 0
2.33557 2 1.00297 0 0
2.3557 2 1.0028 0 0
2.37584 2 1.00263 0 0
2.39597 2 1.00248 0 0
2.41611 2 1.00233 0 0
2.43624 2 1.00219 0 0
2.45638 2 1.00205 0 0
2.47651 2 1.00193 0 0
2.49664 2 1.00181 0 0
2.51678 2 1.0017 0 0
2.53691 2 1.00159 0 0
2.55705 2 1.00149 0 0
2.57718 2 1.0014 0 0
2.59732 2 1.00132 0 0
2.61745 2 1.00123 0 0
2.63758 2 1.00116 0 0
2.65772 2 1.00109 0 0
2.67785 2 1.00102 0 0
2.69799 2 1.00096 0 0
2.71812 2 1.0009 0 0
2.73826 2 1.00085 0 0
2.75839 2 1.0008 0 0
2.77852 2 1.00075 0 0
2.79866 2 1.00071 0 0
2.81879 2 1.00067 0 0
2.83893 2 1.00063 0 0
2.85906 2 1.00059 0 0
2.87919 2 1.00055 0 0
2.89933 2 1.00051 0 0
2.91946 2 1.00047 0 0
2.9396 2 1.00042 0 0
2.95973 2 1.00036 0 0
2.97987 2 1.00026 0 0
3 2 1 0 0

