0 0 1 0.1 0
0.0201342 0 1.48305 0 0
0.0402685 0 1.3072 0 0
0.0604027 0 1.27982 0 0
0.0805369 0 1.23036 0 0
0.100671 0 1.21092 0 0
0.120805 0 1.19588 0 0
0.14094 0 1.18776 0 0
0.161074 0 1.18225 0 0
0.181208 0 1.17847 0 0
0.201342 0 1.17534 0 0
0.221477 0 1.17246 0 0
0.241611 0 1.16966 0 0
0.261745 0 1.1669 0 0
0.281879 0 1.16423 0 0
0.302013 0 1.16169 0 0
0.322148 0 1.15933 0 0
0.342282 0 1.15717 0 0
0.362416 0 1.15522 0 0
0.38255 0 1.15347 0 0
0.402685 0 1.1519 0 0
0.422819 0 1.15052 0 0
0.442953 0 1.14931 0 0
0.463087 0 1.14825 0 0
0.483221 0 1.14734 0 0
0.503356 0 1.14656 0 0
0.52349 0 1.14592 0 0
0.543624 0 1.1454 0 0
0.563758 0 1.14499 0 0
0.583893 0 1.1447 0 0
0.604027 0 1.14451 0 0
0.624161 0 1.14442 0 0
0.644295 0 1.14443 0 0
0.66443 0 1.14452 0 0
0.684564 0 1.14469 0 0
0.704698 0 1.14494 0 0
0.724832 0 1.14525 0 0
0.744966 0 1.14562 0 0
0.765101 0 1.14602 0 0
0.785235 0 1.14644 0 0
0.805369 0 1.14687 0 0
0.825503 0 1.14727 0 0
0.845638 0 1.14761 0 0
0.865772 0 1.14785 0 0
0.885906 0 1.1479 0 0
0.90604 0 1.14777 0 0
0.926174 0 1.14705 0 0
0.946309 0 1.14632 0 0
0.966443 0 1.14167 0 0
0.986577 0 1 0 0
1.00671 0 0 0 0
1.02685 0 0 0 0
1.04698 0 0 0 0
1.06711 0 0 0 0
1.08725 0 0 0 0
1.10738 0 0 0 0
1.12752 0 0 0 0
1.14765 0 0 0 0
1.16779 0 0 0 0
1.18792 0 0 0 0
1.20805 0 0 0 0
1.22819 0 0 0 0
1.24832 0 0 0 0
1.26846 0 0 0 0
1.28859 0 0 0 0
1.30872 0 0 0 0
1.32886 0 0 0 0
1.34899 0 0 0 0
1.36913 0 0 0 0
1.38926 0 0 0 0
1.4094 0 0 0 0
1.42953 0 0 0 0
1.44966 0 0 0 0
1.4698 0 0 0 0
1.48993 0 0 0 0
1.51007 0 0 0 0
1.5302 0 0 0 0
1.55034 0 0 0 0
1.57047 0 0 0 0
1.5906 0 0 0 0
1.61074 0 0 0 0
1.63087 0 0 0 0
1.65101 0 0 0 0
1.67114 0 0 0 0
1.69128 0 0 0 0
1.71141 0 0 0 0
1.73154 0 0 0 0
1.75168 0 0 0 0
1.77181 0 0 0 0
1.79195 0 0 0 0
1.81208 0 0 0 0
1.83221 0 0 0 0
1.85235 0 0 0 0
1.87248 0 0 0 0
1.89262 0 0 0 0
1.91275 0 0 0 0
1.93289 0 0 0 0
1.95302 0 0 0 0
1.97315 0 0 0 0
1.99329 0 0 0 0
2.01342 0 1.00008 0 0
2.03356 0 1.00009 -4.19731e-06 -0.000107454
2.05369 0 1.00008 -7.74023e-06 -0.000210675
2.07383 0 1.00008 -1.07904e-05 -0.000309128
2.09396 0 1.00007 -1.3358e-05 -0.000402611
2.11409 0 1.00006 -1.54554e-05 -0.000491077
2.13423 0 1.00006 -1.70857e-05 -0.000574547
2.15436 0 1.00005 -1.82544e-05 -0.000653077
2.1745 0 1.00004 -1.89692e-05 -0.000726741
2.19463 0 1.00003 -1.92409e-05 -0.000795615
2.21477 0 1.00003 -1.9084e-05 -0.000859775
2.2349 0 1.00002 -1.85158e-05 -0.000919294
2.25503 0 1.00001 -1.75571e-05 -0.000974242
2.27517 0 1.00001 -1.62316e-05 -0.00102468
2.2953 0 1 -1.45654e-05 -0.00107068
2.31544 0 0.999999 -1.25872e-05 -0.00111229
2.33557 0 0.999996 -1.03279e-05 -0.00114955
2.3557 0 0.999993 -7.82011e-06 -0.00118254
2.37584 0 0.999991 -5.09789e-06 -0.00121128
2.39597 0 0.999989 -2.19666e-06 -0.00123582
2.41611 0 0.999989 8.47249e-07 -0.00125621
2.43624 0 0.999989 3.99683e-06 -0.00127248
2.45638 0 0.99999 7.21464e-06 -0.00128467
2.47651 0 0.999991 1.04631e-05 -0.00129281
2.49664 0 0.999994 1.37045e-05 -0.00129692
2.51678 0 0.999996 1.69018e-05 -0.00129704
2.53691 0 1 2.00178e-05 -0.00129316
2.55705 0 1 2.30164e-05 -0.00128532
2.57718 0 1.00001 2.5862e-05 -0.0012735
2.59732 0 1.00001 2.85199e-05 -0.0012577
2.61745 0 1.00002 3.09565e-05 -0.0012379
2.63758 0 1.00003 3.31391e-05 -0.00121407
2.65772 0 1.00003 3.50363e-05 -0.00118618
2.67785 0 1.00004 3.66178e-05 -0.00115417
2.69799 0 1.00005 3.78548e-05 -0.00111798
2.71812 0 1.00006 3.87195e-05 -0.00107753
2.73826 0 1.00006 3.9186e-05 -0.00103273
2.75839 0 1.00007 3.92296e-05 -0.000983476
2.77852 0 1.00008 3.88271e-05 -0.000929644
2.79866 0 1.00009 3.79574e-05 -0.000871107
2.81879 0 1.0001 3.66008e-05 -0.000807725
2.83893 0 1.00011 3.47398e-05 -0.00073935
2.85906 0 1.00012 3.23587e-05 -0.000665833
2.87919 0 1.00012 2.94443e-05 -0.000587028
2.89933 0 1.00013 2.59854e-05 -0.0005028
2.91946 0 1.00014 2.19726e-05 -0.000413046
2.9396 0 1.00015 1.73982e-05 -0.000317718
2.95973 0 1.00015 1.2246e-05 -0.000216867
2.97987 0 1.00016 6.50171e-06 -0.000110747
3 0 1.00016 0 0

0 0.020202 1 0.1 0
0.0201342 0.020202 1.85176 0.0453768 0.00792137
0.0402685 0.020202 1.4995 0.0463767 0.00692322
0.0604027 0.020202 1.46026 0.0385781 0.00582347
0.0805369 0.020202 1.36515 0.0340807 0.00432656
0.100671 0.020202 1.31961 0.0294767 0.00319043
0.120805 0.020202 1.27927 0.0259189 0.00230622
0.14094 0.020202 1.25151 0.022913 0.00167349
0.161074 0.020202 1.22954 0.020452 0.00121712
0.181208 0.020202 1.21286 0.0183859 0.000890119
0.201342 0.020202 1.19986 0.0166429 0.000652368
0.221477 0.020202 1.1898 0.0151544 0.000476811
0.241611 0.020202 1.18196 0.0138718 0.000344514
0.261745 0.020202 1.17579 0.0127556 0.000242727
0.281879 0.020202 1.17086 0.011774 0.000162765
0.302013 0.020202 1.16687 0.0109016 9.86589e-05
0.322148 0.020202 1.16357 0.010118 4.62321e-05
0.342282 0.020202 1.16079 0.00940694 2.51092e-06
0.362416 0.020202 1.15842 0.00875552 -3.46545e-05
0.38255 0.020202 1.15637 0.00815371 -6.68371e-05
0.402685 0.020202 1.15459 0.00759362 -9.51987e-05
0.422819 0.020202 1.15303 0.00706907 -0.000120604
0.442953 0.020202 1.15168 0.0065752 -0.000143702
0.463087 0.020202 1.15049 0.00610816 -0.000164981
0.483221 0.020202 1.14947 0.00566495 -0.000184815
0.503356 0.020202 1.1486 0.00524319 -0.000203489
0.52349 0.020202 1.14787 0.00484106 -0.000221223
0.543624 0.020202 1.14726 0.00445717 -0.000238188
0.563758 0.020202 1.14677 0.0040905 -0.000254516
0.583893 0.020202 1.1464 0.00374035 -0.000270312
0.604027 0.020202 1.14613 0.00340628 -0.000285655
0.624161 0.020202 1.14597 0.00308814 -0.000300609
0.644295 0.020202 1.14589 0.00278594 -0.000315223
0.66443 0.020202 1.14591 0.00249993 -0.000329533
0.684564 0.020202 1.146 0.00223052 -0.000343569
0.704698 0.020202 1.14616 0.00197828 -0.000357349
0.724832 0.020202 1.14638 0.00174389 -0.000370883
0.744966 0.020202 1.14664 0.00152818 -0.000384175
0.765101 0.020202 1.14693 0.00133203 -0.000397207
0.785235 0.020202 1.14723 0.00115634 -0.00040995
0.805369 0.020202 1.14752 0.00100199 -0.000422304
0.825503 0.020202 1.14777 0.000869546 -0.000434173
0.845638 0.020202 1.14794 0.000759458 -0.000445041
0.865772 0.020202 1.14797 0.00067039 -0.00045485
0.885906 0.020202 1.14789 0.000602013 -0.000460799
0.90604 0.020202 1.1474 0.000544414 -0.000464097
0.926174 0.020202 1.14699 0.00049754 -0.000450311
0.946309 0.020202 1.14535 0.000418493 -0.00042424
0.966443 0.020202 1.14495 0.000300843 -0.000332541
0.986577 0.020202 1.1414 0 0
1.00671 0.020202 0 0 0
1.02685 0.020202 0 0 0
1.04698 0.020202 0 0 0
1.06711 0.020202 0 0 0
1.08725 0.020202 0 0 0
1.10738 0.020202 0 0 0
1.12752 0.020202 0 0 0
1.14765 0.020202 0 0 0
1.16779 0.020202 0 0 0
1.18792 0.020202 0 0 0
1.20805 0.020202 0 0 0
1.22819 0.020202 0 0 0
1.24832 0.020202 0 0 0
1.26846 0.020202 0 0 0
1.28859 0.020202 0 0 0
1.30872 0.020202 0 0 0
1.32886 0.020202 0 0 0
1.34899 0.020202 0 0 0
1.36913 0.020202 0 0 0
1.38926 0.020202 0 0 0
1.4094 0.020202 0 0 0
1.42953 0.020202 0 0 0
1.44966 0.020202 0 0 0
1.4698 0.020202 0 0 0
1.48993 0.020202 0 0 0
1.51007 0.020202 0 0 0
1.5302 0.020202 0 0 0
1.55034 0.020202 0 0 0
1.57047 0.020202 0 0 0
1.5906 0.020202 0 0 0
1.61074 0.020202 0 0 0
1.63087 0.020202 0 0 0
1.65101 0.020202 0 0 0
1.67114 0.020202 0 0 0
1.69128 0.020202 0 0 0
1.71141 0.020202 0 0 0
1.73154 0.020202 0 0 0
1.75168 0.020202 0 0 0
1.77181 0.020202 0 0 0
1.79195 0.020202 0 0 0
1.81208 0.020202 0 0 0
1.83221 0.020202 0 0 0
1.85235 0.020202 0 0 0
1.87248 0.020202 0 0 0
1.89262 0.020202 0 0 0
1.91275 0.020202 0 0 0
1.93289 0.020202 0 0 0
1.95302 0.020202 0 0 0
1.97315 0.020202 0 0 0
1.99329 0.020202 0 0 0
2.01342 0.020202 1.00008 0 0
2.03356 0.020202 1.00009 -4.19731e-06 -0.000107454
2.05369 0.020202 1.00008 -7.74023e-06 -0.000210675
2.07383 0.020202 1.00008 -1.07904e-05 -0.000309128
2.09396 0.020202 1.00007 -1.3358e-05 -0.000402611
2.11409 0.020202 1.00006 -1.54554e-05 -0.000491077
2.13423 0.020202 1.00006 -1.70857e-05 -0.000574547
2.15436 0.020202 1.00005 -1.82544e-05 -0.000653077
2.1745 0.020202 1.00004 -1.89692e-05 -0.000726741
2.19463 0.020202 1.00003 -1.92409e-05 -0.000795615
2.21477 0.020202 1.00003 -1.9084e-05 -0.000859775
2.2349 0.020202 1.00002 -1.85158e-05 -0.000919294
2.25503 0.020202 1.00001 -1.75571e-05 -0.000974242
2.27517 0.020202 1.00001 -1.62316e-05 -0.00102468
2.2953 0.020202 1 -1.45654e-05 -0.00107068
2.31544 0.020202 0.999999 -1.25872e-05 -0.00111229
2.33557 0.020202 0.999996 -1.03279e-05 -0.00114955
2.3557 0.020202 0.999993 -7.82011e-06 -0.00118254
2.37584 0.020202 0.999991 -5.09789e-06 -0.00121128
2.39597 0.020202 0.999989 -2.19666e-06 -0.00123582
2.41611 0.020202 0.999989 8.47249e-07 -0.00125621
2.43624 0.020202 0.999989 3.99683e-06 -0.00127248
2.45638 0.020202 0.99999 7.21464e-06 -0.00128467
2.47651 0.020202 0.999991 1.04631e-05 -0.00129281
2.49664 0.020202 0.999994 1.37045e-05 -0.00129692
2.51678 0.020202 0.999996 1.69018e-05 -0.00129704
2.53691 0.020202 1 2.00178e-05 -0.00129316
2.55705 0.020202 1 2.30164e-05 -0.00128532
2.57718 0.020202 1.00001 2.5862e-05 -0.0012735
2.59732 0.020202 1.00001 2.85199e-05 -0.0012577
2.61745 0.020202 1.00002 3.09565e-05 -0.0012379
2.63758 0.020202 1.00003 3.31391e-05 -0.00121407
2.65772 0.020202 1.00003 3.50363e-05 -0.00118618
2.67785 0.020202 1.00004 3.66178e-05 -0.00115417
2.69799 0.020202 1.00005 3.78548e-05 -0.00111798
2.71812 0.020202 1.00006 3.87195e-05 -0.00107753
2.73826 0.020202 1.00006 3.9186e-05 -0.00103273
2.75839 0.020202 1.00007 3.92296e-05 -0.000983476
2.77852 0.020202 1.00008 3.88271e-05 -0.000929644
2.79866 0.020202 1.00009 3.79574e-05 -0.000871107
2.81879 0.020202 1.0001 3.66008e-05 -0.000807725
2.83893 0.020202 1.00011 3.47398e-05 -0.00073935
2.85906 0.020202 1.00012 3.23587e-05 -0.000665833
2.87919 0.020202 1.00012 2.94443e-05 -0.000587028
2.89933 0.020202 1.00013 2.59854e-05 -0.0005028
2.91946 0.020202 1.00014 2.19726e-05 -0.000413046
2.9396 0.020202 1.00015 1.73982e-05 -0.000317718
2.95973 0.020202 1.00015 1.2246e-05 -0.000216867
2.97987 0.020202 1.00016 6.50171e-06 -0.000110747
3 0.020202 1.00016 0 0

0 0.040404 1 0.1 0
0.0201342 0.040404 1.50266 0.0648609 0.0200444
0.0402685 0.040404 1.35748 0.0652402 0.0180708
0.0604027 0.040404 1.32388 0.0595571 0.015955
0.0805369 0.040404 1.27477 0.0545707 0.0123887
0.100671 0.040404 1.24733 0.0492602 0.00957805
0.120805 0.040404 1.22615 0.0445213 0.00727661
0.14094 0.040404 1.21235 0.0402969 0.00557126
0.161074 0.040404 1.20253 0.0366359 0.00430124
0.181208 0.040404 1.19541 0.0334623 0.00336827
0.201342 0.040404 1.18976 0.030706 0.00267474
0.221477 0.040404 1.18495 0.0282919 0.00215227
0.241611 0.040404 1.18062 0.0261575 0.00175053
0.261745 0.040404 1.17665 0.0242517 0.00143512
0.281879 0.040404 1.17298 0.0225346 0.0011824
0.302013 0.040404 1.16961 0.0209746 0.000976179
0.322148 0.040404 1.16655 0.0195471 0.000805145
0.342282 0.040404 1.1638 0.0182322 0.0006612
0.362416 0.040404 1.16134 0.0170136 0.000538385
0.38255 0.040404 1.15915 0.0158779 0.000432207
0.402685 0.040404 1.15722 0.014814 0.00033922
0.422819 0.040404 1.15551 0.0138129 0.00025674
0.442953 0.040404 1.15401 0.0128671 0.00018266
0.463087 0.040404 1.1527 0.0119702 0.000115312
0.483221 0.040404 1.15156 0.0111174 5.33619e-05
0.503356 0.040404 1.15058 0.0103046 -4.25969e-06
0.52349 0.040404 1.14975 0.00952866 -5.84204e-05
0.543624 0.040404 1.14905 0.00878712 -0.000109828
0.563758 0.040404 1.14848 0.00807819 -0.000159066
0.583893 0.040404 1.14802 0.0074006 -0.000206618
0.604027 0.040404 1.14768 0.0067536 -0.000252887
0.624161 0.040404 1.14744 0.00613683 -0.000298213
0.644295 0.040404 1.14729 0.00555032 -0.000342882
0.66443 0.040404 1.14723 0.00499444 -0.000387135
0.684564 0.040404 1.14724 0.00446983 -0.00043117
0.704698 0.040404 1.14733 0.00397735 -0.000475144
0.724832 0.040404 1.14747 0.00351808 -0.000519166
0.744966 0.040404 1.14766 0.00309318 -0.00056329
0.765101 0.040404 1.14789 0.00270386 -0.000607483
0.785235 0.040404 1.14813 0.00235124 -0.000651604
0.805369 0.040404 1.14836 0.00203609 -0.000695269
0.825503 0.040404 1.14858 0.0017588 -0.000737884
0.845638 0.040404 1.14874 0.00151824 -0.000777901
0.865772 0.040404 1.14885 0.0013132 -0.000813737
0.885906 0.040404 1.14876 0.00113551 -0.000839084
0.90604 0.040404 1.14872 0.000982858 -0.000850583
0.926174 0.040404 1.14795 0.000822389 -0.000821264
0.946309 0.040404 1.14803 0.000655828 -0.000741698
0.966443 0.040404 1.14573 0.000385948 -0.00049896
0.986577 0.040404 1.14639 0 0
1.00671 0.040404 0 0 0
1.02685 0.040404 0 0 0
1.04698 0.040404 0 0 0
1.06711 0.040404 0 0 0
1.08725 0.040404 0 0 0
1.10738 0.040404 0 0 0
1.12752 0.040404 0 0 0
1.14765 0.040404 0 0 0
1.16779 0.040404 0 0 0
1.18792 0.040404 0 0 0
1.20805 0.040404 0 0 0
1.22819 0.040404 0 0 0
1.24832 0.040404 0 0 0
1.26846 0.040404 0 0 0
1.28859 0.040404 0 0 0
1.30872 0.040404 0 0 0
1.32886 0.040404 0 0 0
1.34899 0.040404 0 0 0
1.36913 0.040404 0 0 0
1.38926 0.040404 0 0 0
1.4094 0.040404 0 0 0
1.42953 0.040404 0 0 0
1.44966 0.040404 0 0 0
1.4698 0.040404 0 0 0
1.48993 0.040404 0 0 0
1.51007 0.040404 0 0 0
1.5302 0.040404 0 0 0
1.55034 0.040404 0 0 0
1.57047 0.040404 0 0 0
1.5906 0.040404 0 0 0
1.61074 0.040404 0 0 0
1.63087 0.040404 0 0 0
1.65101 0.040404 0 0 0
1.67114 0.040404 0 0 0
1.69128 0.040404 0 0 0
1.71141 0.040404 0 0 0
1.73154 0.040404 0 0 0
1.75168 0.040404 0 0 0
1.77181 0.040404 0 0 0
1.79195 0.040404 0 0 0
1.81208 0.040404 0 0 0
1.83221 0.040404 0 0 0
1.85235 0.040404 0 0 0
1.87248 0.040404 0 0 0
1.89262 0.040404 0 0 0
1.91275 0.040404 0 0 0
1.93289 0.040404 0 0 0
1.95302 0.040404 0 0 0
1.97315 0.040404 0 0 0
1.99329 0.040404 0 0 0
2.01342 0.040404 1.00011 0 0
2.03356 0.040404 1.00012 -5.18199e-06 -0.000109049
2.05369 0.040404 1.00012 -9.26317e-06 -0.000213076
2.07383 0.040404 1.00012 -1.26402e-05 -0.000312046
2.09396 0.040404 1.00012 -1.54072e-05 -0.000405921
2.11409 0.040404 1.00011 -1.76233e-05 -0.000494713
2.13423 0.040404 1.00011 -1.93141e-05 -0.000578471
2.15436 0.040404 1.00011 -2.04978e-05 -0.000657263
2.1745 0.040404 1.0001 -2.119e-05 -0.000731167
2.19463 0.040404 1.0001 -2.14073e-05 -0.000800264
2.21477 0.040404 1.00009 -2.11681e-05 -0.000864632
2.2349 0.040404 1.00009 -2.04934e-05 -0.000924345
2.25503 0.040404 1.00009 -1.94072e-05 -0.000979473
2.27517 0.040404 1.00008 -1.79359e-05 -0.00103008
2.2953 0.040404 1.00008 -1.61083e-05 -0.00107623
2.31544 0.040404 1.00008 -1.39557e-05 -0.00111798
2.33557 0.040404 1.00008 -1.15112e-05 -0.00115538
2.3557 0.040404 1.00008 -8.80966e-06 -0.00118847
2.37584 0.040404 1.00007 -5.88741e-06 -0.00121731
2.39597 0.040404 1.00007 -2.7818e-06 -0.00124195
2.41611 0.040404 1.00007 4.68957e-07 -0.00126241
2.43624 0.040404 1.00008 3.82611e-06 -0.00127875
2.45638 0.040404 1.00008 7.25064e-06 -0.00129099
2.47651 0.040404 1.00008 1.07035e-05 -0.00129917
2.49664 0.040404 1.00008 1.41457e-05 -0.00130331
2.51678 0.040404 1.00008 1.75389e-05 -0.00130344
2.53691 0.040404 1.00009 2.08452e-05 -0.00129957
2.55705 0.040404 1.00009 2.40273e-05 -0.00129171
2.57718 0.040404 1.0001 2.70489e-05 -0.00127987
2.59732 0.040404 1.0001 2.98748e-05 -0.00126404
2.61745 0.040404 1.0001 3.24707e-05 -0.00124419
2.63758 0.040404 1.00011 3.48034e-05 -0.00122031
2.65772 0.040404 1.00012 3.68411e-05 -0.00119235
2.67785 0.040404 1.00012 3.8553e-05 -0.00116026
2.69799 0.040404 1.00013 3.99097e-05 -0.00112398
2.71812 0.040404 1.00013 4.08832e-05 -0.00108343
2.73826 0.040404 1.00014 4.14466e-05 -0.00103851
2.75839 0.040404 1.00015 4.15745e-05 -0.000989115
2.77852 0.040404 1.00015 4.12427e-05 -0.000935134
2.79866 0.040404 1.00016 4.04283e-05 -0.000876431
2.81879 0.040404 1.00016 3.91097e-05 -0.000812864
2.83893 0.040404 1.00017 3.72664e-05 -0.000744284
2.85906 0.040404 1.00018 3.48789e-05 -0.000670536
2.87919 0.040404 1.00018 3.19277e-05 -0.000591469
2.89933 0.040404 1.00019 2.83923e-05 -0.00050694
2.91946 0.040404 1.00019 2.42475e-05 -0.00041683
2.9396 0.040404 1.00019 1.9458e-05 -0.00032106
2.95973 0.040404 1.00019 1.3951e-05 -0.000219614
2.97987 0.040404 1.00019 7.61207e-06 -0.00011256
3 0.040404 1.00018 0 0

0 0.0606061 1 0.1 0
0.0201342 0.0606061 1.47145 0.0714921 0.0184183
0.0402685 0.0606061 1.39199 0.073815 0.0207645
0.0604027 0.0606061 1.37224 0.0712587 0.0200986
0.0805369 0.0606061 1.33311 0.0679591 0.017344
0.100671 0.0606061 1.30514 0.0636069 0.0145137
0.120805 0.0606061 1.27924 0.0591337 0.0119299
0.14094 0.0606061 1.25773 0.0547436 0.00979699
0.161074 0.0606061 1.23925 0.0506265 0.00807534
0.181208 0.0606061 1.22373 0.0468307 0.00670343
0.201342 0.0606061 1.21079 0.0433695 0.00560645
0.221477 0.0606061 1.20017 0.0402267 0.00472361
0.241611 0.0606061 1.19152 0.0373763 0.00400678
0.261745 0.0606061 1.1845 0.034787 0.00341967
0.281879 0.0606061 1.17878 0.0324268 0.00293467
0.302013 0.0606061 1.17409 0.0302653 0.00253057
0.322148 0.0606061 1.17017 0.0282752 0.00219089
0.342282 0.0606061 1.16687 0.0264326 0.00190266
0.362416 0.0606061 1.16406 0.024717 0.00165565
0.38255 0.0606061 1.16162 0.0231113 0.00144173
0.402685 0.0606061 1.15951 0.0216015 0.00125443
0.422819 0.0606061 1.15766 0.0201756 0.00108859
0.442953 0.0606061 1.15605 0.0188241 0.000940055
0.463087 0.0606061 1.15464 0.0175392 0.000805488
0.483221 0.0606061 1.15342 0.0163144 0.00068217
0.503356 0.0606061 1.15236 0.0151446 0.000567885
0.52349 0.0606061 1.15145 0.0140259 0.000460805
0.543624 0.0606061 1.15068 0.0129551 0.000359411
0.563758 0.0606061 1.15004 0.0119299 0.000262436
0.583893 0.0606061 1.14952 0.0109487 0.000168809
0.604027 0.0606061 1.14911 0.0100106 7.7624e-05
0.624161 0.0606061 1.14881 0.00911518 -1.18897e-05
0.644295 0.0606061 1.1486 0.00826238 -0.000100385
0.66443 0.0606061 1.14847 0.00745268 -0.000188409
0.684564 0.0606061 1.14842 0.00668688 -0.000276406
0.704698 0.0606061 1.14844 0.00596601 -0.000364711
0.724832 0.0606061 1.14852 0.0052913 -0.00045353
0.744966 0.0606061 1.14864 0.00466408 -0.000542908
0.765101 0.0606061 1.14879 0.00408558 -0.000632659
0.785235 0.0606061 1.14896 0.00355678 -0.000722276
0.805369 0.0606061 1.14912 0.00307811 -0.000810729
0.825503 0.0606061 1.14927 0.0026492 -0.000896257
0.845638 0.0606061 1.14936 0.0022678 -0.000975724
0.865772 0.0606061 1.1494 0.00193033 -0.00104416
0.885906 0.0606061 1.14932 0.00162774 -0.0010928
0.90604 0.0606061 1.14917 0.00135015 -0.00110716
0.926174 0.0606061 1.14883 0.00107361 -0.00106394
0.946309 0.0606061 1.14851 0.000779101 -0.000915761
0.966443 0.0606061 1.14797 0.000421209 -0.000608056
0.986577 0.0606061 1.14787 0 0
1.00671 0.0606061 0 0 0
1.02685 0.0606061 0 0 0
1.04698 0.0606061 0 0 0
1.06711 0.0606061 0 0 0
1.08725 0.0606061 0 0 0
1.10738 0.0606061 0 0 0
1.12752 0.0606061 0 0 0
1.14765 0.0606061 0 0 0
1.16779 0.0606061 0 0 0
1.18792 0.0606061 0 0 0
1.20805 0.0606061 0 0 0
1.22819 0.0606061 0 0 0
1.24832 0.0606061 0 0 0
1.26846 0.0606061 0 0 0
1.28859 0.0606061 0 0 0
1.30872 0.0606061 0 0 0
1.32886 0.0606061 0 0 0
1.34899 0.0606061 0 0 0
1.36913 0.0606061 0 0 0
1.38926 0.0606061 0 0 0
1.4094 0.0606061 0 0 0
1.42953 0.0606061 0 0 0
1.44966 0.0606061 0 0 0
1.4698 0.0606061 0 0 0
1.48993 0.0606061 0 0 0
1.51007 0.0606061 0 0 0
1.5302 0.0606061 0 0 0
1.55034 0.0606061 0 0 0
1.57047 0.0606061 0 0 0
1.5906 0.0606061 0 0 0
1.61074 0.0606061 0 0 0
1.63087 0.0606061 0 0 0
1.65101 0.0606061 0 0 0
1.67114 0.0606061 0 0 0
1.69128 0.0606061 0 0 0
1.71141 0.0606061 0 0 0
1.73154 0.0606061 0 0 0
1.75168 0.0606061 0 0 0
1.77181 0.0606061 0 0 0
1.79195 0.0606061 0 0 0
1.81208 0.0606061 0 0 0
1.83221 0.0606061 0 0 0
1.85235 0.0606061 0 0 0
1.87248 0.0606061 0 0 0
1.89262 0.0606061 0 0 0
1.91275 0.0606061 0 0 0
1.93289 0.0606061 0 0 0
1.95302 0.0606061 0 0 0
1.97315 0.0606061 0 0 0
1.99329 0.0606061 0 0 0
2.01342 0.0606061 1.00013 0 0
2.03356 0.0606061 1.00014 -6.37123e-06 -0.000110715
2.05369 0.0606061 1.00015 -1.13849e-05 -0.000215852
2.07383 0.0606061 1.00015 -1.54155e-05 -0.000315592
2.09396 0.0606061 1.00015 -1.86328e-05 -0.000410052
2.11409 0.0606061 1.00015 -2.11441e-05 -0.000499323
2.13423 0.0606061 1.00015 -2.30107e-05 -0.000583494
2.15436 0.0606061 1.00015 -2.42746e-05 -0.000662653
2.1745 0.0606061 1.00014 -2.4968e-05 -0.000736892
2.19463 0.0606061 1.00014 -2.51199e-05 -0.000806297
2.21477 0.0606061 1.00014 -2.47581e-05 -0.00087095
2.2349 0.0606061 1.00014 -2.39116e-05 -0.000930928
2.25503 0.0606061 1.00014 -2.2611e-05 -0.000986302
2.27517 0.0606061 1.00013 -2.08886e-05 -0.00103714
2.2953 0.0606061 1.00013 -1.87787e-05 -0.0010835
2.31544 0.0606061 1.00013 -1.63177e-05 -0.00112544
2.33557 0.0606061 1.00013 -1.35434e-05 -0.00116301
2.3557 0.0606061 1.00013 -1.0495e-05 -0.00119626
2.37584 0.0606061 1.00013 -7.21299e-06 -0.00122524
2.39597 0.0606061 1.00013 -3.73869e-06 -0.00124999
2.41611 0.0606061 1.00013 -1.13932e-07 -0.00127056
2.43624 0.0606061 1.00013 3.61917e-06 -0.00128699
2.45638 0.0606061 1.00013 7.41849e-06 -0.0012993
2.47651 0.0606061 1.00014 1.12421e-05 -0.00130753
2.49664 0.0606061 1.00014 1.50486e-05 -0.00131171
2.51678 0.0606061 1.00014 1.87973e-05 -0.00131186
2.53691 0.0606061 1.00015 2.24481e-05 -0.001308
2.55705 0.0606061 1.00015 2.59621e-05 -0.00130014
2.57718 0.0606061 1.00015 2.93013e-05 -0.00128827
2.59732 0.0606061 1.00016 3.24291e-05 -0.0012724
2.61745 0.0606061 1.00016 3.531e-05 -0.0012525
2.63758 0.0606061 1.00017 3.79095e-05 -0.00122854
2.65772 0.0606061 1.00017 4.01948e-05 -0.0012005
2.67785 0.0606061 1.00018 4.2134e-05 -0.00116831
2.69799 0.0606061 1.00018 4.36964e-05 -0.0011319
2.71812 0.0606061 1.00019 4.48525e-05 -0.00109121
2.73826 0.0606061 1.00019 4.55739e-05 -0.00104614
2.75839 0.0606061 1.0002 4.58326e-05 -0.000996571
2.77852 0.0606061 1.0002 4.56019e-05 -0.000942392
2.79866 0.0606061 1.00021 4.4855e-05 -0.000883467
2.81879 0.0606061 1.00021 4.35652e-05 -0.000819651
2.83893 0.0606061 1.00022 4.17053e-05 -0.000750788
2.85906 0.0606061 1.00022 3.92459e-05 -0.000676719
2.87919 0.0606061 1.00022 3.61541e-05 -0.000597282
2.89933 0.0606061 1.00022 3.23897e-05 -0.000512318
2.91946 0.0606061 1.00023 2.78984e-05 -0.000421681
2.9396 0.0606061 1.00023 2.26008e-05 -0.000325243
2.95973 0.0606061 1.00022 1.63627e-05 -0.000222896
2.97987 0.0606061 1.00022 8.97629e-06 -0.000114532
3 0.0606061 1.00021 0 0

0 0.0808081 1 0.1 0
0.0201342 0.0808081 1.3688 0.0758046 0.0181426
0.0402685 0.0808081 1.33202 0.0780374 0.0233869
0.0604027 0.0808081 1.31443 0.0775425 0.024572
0.0805369 0.0808081 1.28682 0.0757512 0.0229123
0.100671 0.0808081 1.26492 0.0726368 0.0203776
0.120805 0.0808081 1.24555 0.0689057 0.017623
0.14094 0.0808081 1.23009 0.0648939 0.0150554
0.161074 0.0808081 1.21776 0.0608764 0.0127991
0.181208 0.0808081 1.20805 0.0569992 0.0108856
0.201342 0.0808081 1.20028 0.053339 0.00929057
0.221477 0.0808081 1.19387 0.0499223 0.00797215
0.241611 0.0808081 1.1884 0.046748 0.00688401
0.261745 0.0808081 1.1836 0.0438012 0.00598333
0.281879 0.0808081 1.17933 0.0410616 0.00523343
0.302013 0.0808081 1.17549 0.0385082 0.00460429
0.322148 0.0808081 1.17204 0.0361209 0.00407189
0.342282 0.0808081 1.16895 0.0338817 0.00361721
0.362416 0.0808081 1.1662 0.0317743 0.00322522
0.38255 0.0808081 1.16374 0.0297846 0.00288399
0.402685 0.0808081 1.16157 0.0279001 0.00258396
0.422819 0.0808081 1.15964 0.0261101 0.00231745
0.442953 0.0808081 1.15795 0.0244053 0.00207822
0.463087 0.0808081 1.15646 0.0227781 0.00186117
0.483221 0.0808081 1.15515 0.0212219 0.00166208
0.503356 0.0808081 1.15402 0.0197316 0.00147748
0.52349 0.0808081 1.15304 0.0183028 0.00130445
0.543624 0.0808081 1.15221 0.0169324 0.00114052
0.563758 0.0808081 1.15151 0.0156179 0.000983642
0.583893 0.0808081 1.15093 0.0143577 0.00083203
0.604027 0.0808081 1.15046 0.0131508 0.000684182
0.624161 0.0808081 1.1501 0.0119968 0.000538808
0.644295 0.0808081 1.14983 0.0108957 0.00039482
0.66443 0.0808081 1.14965 0.00984804 0.000251308
0.684564 0.0808081 1.14955 0.00885479 0.000107551
0.704698 0.0808081 1.14951 0.00791703 -3.69726e-05
0.724832 0.0808081 1.14954 0.00703604 -0.000182547
0.744966 0.0808081 1.14961 0.00621307 -0.000329153
0.765101 0.0808081 1.14972 0.00544924 -0.000476357
0.785235 0.0808081 1.14986 0.00474525 -0.000623152
0.805369 0.0808081 1.15 0.00410103 -0.000767669
0.825503 0.0808081 1.15014 0.00351566 -0.000906813
0.845638 0.0808081 1.15025 0.00298589 -0.00103547
0.865772 0.0808081 1.15034 0.00250787 -0.00114581
0.885906 0.0808081 1.15032 0.00207075 -0.00122491
0.90604 0.0808081 1.15037 0.00166806 -0.0012539
0.926174 0.0808081 1.15004 0.00127301 -0.00120135
0.946309 0.0808081 1.1502 0.0008823 -0.00102311
0.966443 0.0808081 1.1494 0.000454492 -0.000652729
0.986577 0.0808081 1.14983 0 0
1.00671 0.0808081 0 0 0
1.02685 0.0808081 0 0 0
1.04698 0.0808081 0 0 0
1.06711 0.0808081 0 0 0
1.08725 0.0808081 0 0 0
1.10738 0.0808081 0 0 0
1.12752 0.0808081 0 0 0
1.14765 0.0808081 0 0 0
1.16779 0.0808081 0 0 0
1.18792 0.0808081 0 0 0
1.20805 0.0808081 0 0 0
1.22819 0.0808081 0 0 0
1.24832 0.0808081 0 0 0
1.26846 0.0808081 0 0 0
1.28859 0.0808081 0 0 0
1.30872 0.0808081 0 0 0
1.32886 0.0808081 0 0 0
1.34899 0.0808081 0 0 0
1.36913 0.0808081 0 0 0
1.38926 0.0808081 0 0 0
1.4094 0.0808081 0 0 0
1.42953 0.0808081 0 0 0
1.44966 0.0808081 0 0 0
1.4698 0.0808081 0 0 0
1.48993 0.0808081 0 0 0
1.51007 0.0808081 0 0 0
1.5302 0.0808081 0 0 0
1.55034 0.0808081 0 0 0
1.57047 0.0808081 0 0 0
1.5906 0.0808081 0 0 0
1.61074 0.0808081 0 0 0
1.63087 0.0808081 0 0 0
1.65101 0.0808081 0 0 0
1.67114 0.0808081 0 0 0
1.69128 0.0808081 0 0 0
1.71141 0.0808081 0 0 0
1.73154 0.0808081 0 0 0
1.75168 0.0808081 0 0 0
1.77181 0.0808081 0 0 0
1.79195 0.0808081 0 0 0
1.81208 0.0808081 0 0 0
1.83221 0.0808081 0 0 0
1.85235 0.0808081 0 0 0
1.87248 0.0808081 0 0 0
1.89262 0.0808081 0 0 0
1.91275 0.0808081 0 0 0
1.93289 0.0808081 0 0 0
1.95302 0.0808081 0 0 0
1.97315 0.0808081 0 0 0
1.99329 0.0808081 0 0 0
2.01342 0.0808081 1.00016 0 0
2.03356 0.0808081 1.00017 -7.77469e-06 -0.000112737
2.05369 0.0808081 1.00018 -1.39424e-05 -0.000219365
2.07383 0.0808081 1.00018 -1.88555e-05 -0.000320241
2.09396 0.0808081 1.00019 -2.27202e-05 -0.000415606
2.11409 0.0808081 1.00019 -2.56815e-05 -0.000505631
2.13423 0.0808081 1.00019 -2.78346e-05 -0.000590452
2.15436 0.0808081 1.00019 -2.92488e-05 -0.00067019
2.1745 0.0808081 1.00019 -2.99773e-05 -0.000744952
2.19463 0.0808081 1.00019 -3.00659e-05 -0.000814834
2.21477 0.0808081 1.00019 -2.95561e-05 -0.000879927
2.2349 0.0808081 1.00019 -2.84883e-05 -0.00094031
2.25503 0.0808081 1.00019 -2.69031e-05 -0.000996058
2.27517 0.0808081 1.00019 -2.48417e-05 -0.00104724
2.2953 0.0808081 1.00019 -2.23466e-05 -0.00109391
2.31544 0.0808081 1.00019 -1.94616e-05 -0.00113613
2.33557 0.0808081 1.00019 -1.62314e-05 -0.00117396
2.3557 0.0808081 1.00019 -1.2702e-05 -0.00120744
2.37584 0.0808081 1.00019 -8.91986e-06 -0.00123663
2.39597 0.0808081 1.0002 -4.93204e-06 -0.00126156
2.41611 0.0808081 1.0002 -7.8573e-07 -0.00128228
2.43624 0.0808081 1.0002 3.47198e-06 -0.00129882
2.45638 0.0808081 1.0002 7.79441e-06 -0.00131123
2.47651 0.0808081 1.0002 1.21355e-05 -0.00131953
2.49664 0.0808081 1.00021 1.645e-05 -0.00132376
2.51678 0.0808081 1.00021 2.06938e-05 -0.00132394
2.53691 0.0808081 1.00021 2.48238e-05 -0.00132007
2.55705 0.0808081 1.00022 2.87983e-05 -0.00131218
2.57718 0.0808081 1.00022 3.25771e-05 -0.00130027
2.59732 0.0808081 1.00022 3.61212e-05 -0.00128433
2.61745 0.0808081 1.00023 3.93931e-05 -0.00126434
2.63758 0.0808081 1.00023 4.23567e-05 -0.00124027
2.65772 0.0808081 1.00024 4.4977e-05 -0.00121209
2.67785 0.0808081 1.00024 4.72204e-05 -0.00117973
2.69799 0.0808081 1.00024 4.90541e-05 -0.00114315
2.71812 0.0808081 1.00025 5.04463e-05 -0.00110224
2.73826 0.0808081 1.00025 5.13655e-05 -0.00105693
2.75839 0.0808081 1.00025 5.17805e-05 -0.0010071
2.77852 0.0808081 1.00026 5.16597e-05 -0.000952615
2.79866 0.0808081 1.00026 5.09705e-05 -0.000893351
2.81879 0.0808081 1.00026 4.96785e-05 -0.000829152
2.83893 0.0808081 1.00027 4.77459e-05 -0.000759857
2.85906 0.0808081 1.00027 4.51299e-05 -0.000685293
2.87919 0.0808081 1.00027 4.1779e-05 -0.000605282
2.89933 0.0808081 1.00027 3.76277e-05 -0.000519642
2.91946 0.0808081 1.00027 3.25886e-05 -0.000428188
2.9396 0.0808081 1.00026 2.65386e-05 -0.000330731
2.95973 0.0808081 1.00026 1.9293e-05 -0.000227067
2.97987 0.0808081 1.00025 1.05919e-05 -0.000116943
3 0.0808081 1.00024 0 0

0 0.10101 1 0.1 0
0.0201342 0.10101 1.32196 0.0779137 0.0160848
0.0402685 0.10101 1.31288 0.0797859 0.0229607
0.0604027 0.10101 1.30382 0.0805044 0.0256415
0.0805369 0.10101 1.28725 0.0799877 0.0253214
0.100671 0.10101 1.27205 0.0781664 0.023612
0.120805 0.10101 1.25718 0.0754905 0.0213006
0.14094 0.10101 1.24371 0.0722689 0.01889
0.161074 0.10101 1.23151 0.0687742 0.0166144
0.181208 0.10101 1.2206 0.0651876 0.0145756
0.201342 0.10101 1.21092 0.0616286 0.0127963
0.221477 0.10101 1.20243 0.0581685 0.011264
0.241611 0.10101 1.19506 0.0548471 0.00995136
0.261745 0.10101 1.18873 0.0516833 0.00882813
0.281879 0.10101 1.18331 0.0486822 0.00786557
0.302013 0.10101 1.17867 0.0458405 0.00703817
0.322148 0.10101 1.17469 0.0431502 0.00632395
0.342282 0.10101 1.17125 0.0406005 0.00570422
0.362416 0.10101 1.16827 0.0381801 0.00516314
0.38255 0.10101 1.16566 0.0358778 0.0046874
0.402685 0.10101 1.16338 0.0336832 0.00426582
0.422819 0.10101 1.16137 0.0315869 0.00388902
0.442953 0.10101 1.1596 0.0295807 0.00354913
0.463087 0.10101 1.15805 0.0276577 0.00323955
0.483221 0.10101 1.15669 0.0258119 0.00295469
0.503356 0.10101 1.1555 0.0240385 0.00268988
0.52349 0.10101 1.15448 0.0223336 0.0024411
0.543624 0.10101 1.15359 0.0206942 0.00220496
0.563758 0.10101 1.15284 0.0191181 0.00197856
0.583893 0.10101 1.15221 0.017604 0.0017594
0.604027 0.10101 1.1517 0.0161509 0.00154533
0.624161 0.10101 1.15129 0.0147586 0.00133452
0.644295 0.10101 1.15098 0.0134274 0.00112543
0.66443 0.10101 1.15075 0.012158 0.000916781
0.684564 0.10101 1.1506 0.0109514 0.000707594
0.704698 0.10101 1.15053 0.00980865 0.000497194
0.724832 0.10101 1.15051 0.0087312 0.00028528
0.744966 0.10101 1.15054 0.00772021 7.20277e-05
0.765101 0.10101 1.15061 0.00677667 -0.000141763
0.785235 0.10101 1.15072 0.00590105 -0.000354434
0.805369 0.10101 1.15083 0.005093 -0.00056313
0.825503 0.10101 1.15095 0.00435121 -0.000763277
0.845638 0.10101 1.15106 0.00367223 -0.000947905
0.865772 0.10101 1.15116 0.00305188 -0.00110634
0.885906 0.10101 1.15119 0.00248064 -0.00122346
0.90604 0.10101 1.15128 0.00195197 -0.00127533
0.926174 0.10101 1.15117 0.00144711 -0.00123275
0.946309 0.10101 1.15133 0.000962345 -0.00104401
0.966443 0.10101 1.15109 0.000476596 -0.000663704
0.986577 0.10101 1.15143 0 0
1.00671 0.10101 0 0 0
1.02685 0.10101 0 0 0
1.04698 0.10101 0 0 0
1.06711 0.10101 0 0 0
1.08725 0.10101 0 0 0
1.10738 0.10101 0 0 0
1.12752 0.10101 0 0 0
1.14765 0.10101 0 0 0
1.16779 0.10101 0 0 0
1.18792 0.10101 0 0 0
1.20805 0.10101 0 0 0
1.22819 0.10101 0 0 0
1.24832 0.10101 0 0 0
1.26846 0.10101 0 0 0
1.28859 0.10101 0 0 0
1.30872 0.10101 0 0 0
1.32886 0.10101 0 0 0
1.34899 0.10101 0 0 0
1.36913 0.10101 0 0 0
1.38926 0.10101 0 0 0
1.4094 0.10101 0 0 0
1.42953 0.10101 0 0 0
1.44966 0.10101 0 0 0
1.4698 0.10101 0 0 0
1.48993 0.10101 0 0 0
1.51007 0.10101 0 0 0
1.5302 0.10101 0 0 0
1.55034 0.10101 0 0 0
1.57047 0.10101 0 0 0
1.5906 0.10101 0 0 0
1.61074 0.10101 0 0 0
1.63087 0.10101 0 0 0
1.65101 0.10101 0 0 0
1.67114 0.10101 0 0 0
1.69128 0.10101 0 0 0
1.71141 0.10101 0 0 0
1.73154 0.10101 0 0 0
1.75168 0.10101 0 0 0
1.77181 0.10101 0 0 0
1.79195 0.10101 0 0 0
1.81208 0.10101 0 0 0
1.83221 0.10101 0 0 0
1.85235 0.10101 0 0 0
1.87248 0.10101 0 0 0
1.89262 0.10101 0 0 0
1.91275 0.10101 0 0 0
1.93289 0.10101 0 0 0
1.95302 0.10101 0 0 0
1.97315 0.10101 0 0 0
1.99329 0.10101 0 0 0
2.01342 0.10101 1.0002 0 0
2.03356 0.10101 1.00021 -9.28955e-06 -0.000114958
2.05369 0.10101 1.00021 -1.67546e-05 -0.00022337
2.07383 0.10101 1.00022 -2.27081e-05 -0.000325693
2.09396 0.10101 1.00023 -2.73704e-05 -0.000422258
2.11409 0.10101 1.00023 -3.09095e-05 -0.000513303
2.13423 0.10101 1.00023 -3.34483e-05 -0.000599015
2.15436 0.10101 1.00024 -3.50813e-05 -0.000679544
2.1745 0.10101 1.00024 -3.5884e-05 -0.000755021
2.19463 0.10101 1.00024 -3.59209e-05 -0.000825555
2.21477 0.10101 1.00024 -3.52503e-05 -0.000891244
2.2349 0.10101 1.00024 -3.39266e-05 -0.000952175
2.25503 0.10101 1.00025 -3.2003e-05 -0.00100843
2.27517 0.10101 1.00025 -2.95323e-05 -0.00106006
2.2953 0.10101 1.00025 -2.65675e-05 -0.00110716
2.31544 0.10101 1.00025 -2.3162e-05 -0.00114976
2.33557 0.10101 1.00025 -1.93699e-05 -0.00118792
2.3557 0.10101 1.00025 -1.52455e-05 -0.00122171
2.37584 0.10101 1.00026 -1.08434e-05 -0.00125115
2.39597 0.10101 1.00026 -6.21811e-06 -0.00127631
2.41611 0.10101 1.00026 -1.42384e-06 -0.00129722
2.43624 0.10101 1.00026 3.48587e-06 -0.00131392
2.45638 0.10101 1.00027 8.45838e-06 -0.00132645
2.47651 0.10101 1.00027 1.34422e-05 -0.00133484
2.49664 0.10101 1.00027 1.8387e-05 -0.00133912
2.51678 0.10101 1.00027 2.32443e-05 -0.00133931
2.53691 0.10101 1.00028 2.7967e-05 -0.00133544
2.55705 0.10101 1.00028 3.25098e-05 -0.00132751
2.57718 0.10101 1.00028 3.6829e-05 -0.00131553
2.59732 0.10101 1.00029 4.08828e-05 -0.00129949
2.61745 0.10101 1.00029 4.4631e-05 -0.00127937
2.63758 0.10101 1.00029 4.80348e-05 -0.00125514
2.65772 0.10101 1.0003 5.10568e-05 -0.00122677
2.67785 0.10101 1.0003 5.36606e-05 -0.0011942
2.69799 0.10101 1.0003 5.58106e-05 -0.00115736
2.71812 0.10101 1.00031 5.74716e-05 -0.00111617
2.73826 0.10101 1.00031 5.86081e-05 -0.00107054
2.75839 0.10101 1.00031 5.9184e-05 -0.00102034
2.77852 0.10101 1.00031 5.91617e-05 -0.000965453
2.79866 0.10101 1.00032 5.85008e-05 -0.000905731
2.81879 0.10101 1.00032 5.71569e-05 -0.000841016
2.83893 0.10101 1.00032 5.50797e-05 -0.000771134
2.85906 0.10101 1.00032 5.22097e-05 -0.000695897
2.87919 0.10101 1.00032 4.84748e-05 -0.000615107
2.89933 0.10101 1.00031 4.37834e-05 -0.00052855
2.91946 0.10101 1.00031 3.8016e-05 -0.000435999
2.9396 0.10101 1.00031 3.10129e-05 -0.0003372
2.95973 0.10101 1.0003 2.25544e-05 -0.000231864
2.97987 0.10101 1.00029 1.23532e-05 -0.000119625
3 0.10101 1.00028 0 0

0 0.121212 1 0.1 0
0.0201342 0.121212 1.28196 0.0794892 0.0143985
0.0402685 0.121212 1.28485 0.0808409 0.0221482
0.0604027 0.121212 1.27857 0.0820936 0.0260445
0.0805369 0.121212 1.26721 0.0823766 0.0270183
0.100671 0.121212 1.25545 0.0815295 0.0263031
0.120805 0.121212 1.24348 0.0797692 0.0246569
0.14094 0.121212 1.23232 0.0773219 0.0226074
0.161074 0.121212 1.22222 0.0744223 0.0204612
0.181208 0.121212 1.21333 0.0712581 0.0183907
0.201342 0.121212 1.20559 0.0679714 0.0164804
0.221477 0.121212 1.19889 0.0646609 0.0147638
0.241611 0.121212 1.19305 0.0613912 0.0132452
0.261745 0.121212 1.18793 0.0582015 0.0119136
0.281879 0.121212 1.1834 0.0551135 0.0107506
0.302013 0.121212 1.17937 0.0521376 0.00973577
0.322148 0.121212 1.17578 0.0492767 0.00884865
0.342282 0.121212 1.17257 0.0465295 0.00807045
0.362416 0.121212 1.16971 0.0438919 0.00738444
0.38255 0.121212 1.16715 0.0413588 0.00677606
0.402685 0.121212 1.16487 0.0389245 0.00623277
0.422819 0.121212 1.16285 0.0365831 0.00574385
0.442953 0.121212 1.16106 0.0343292 0.00530016
0.463087 0.121212 1.15947 0.0321578 0.00489387
0.483221 0.121212 1.15807 0.0300646 0.0045183
0.503356 0.121212 1.15684 0.028046 0.00416772
0.52349 0.121212 1.15577 0.026099 0.0038372
0.543624 0.121212 1.15485 0.0242214 0.00352248
0.563758 0.121212 1.15406 0.0224116 0.00321989
0.583893 0.121212 1.15339 0.0206686 0.00292626
0.604027 0.121212 1.15284 0.0189921 0.00263884
0.624161 0.121212 1.15239 0.0173821 0.0023553
0.644295 0.121212 1.15204 0.0158391 0.00207365
0.66443 0.121212 1.15178 0.0143641 0.00179229
0.684564 0.121212 1.1516 0.0129583 0.00151001
0.704698 0.121212 1.15149 0.0116229 0.00122602
0.724832 0.121212 1.15144 0.0103594 0.000940048
0.744966 0.121212 1.15145 0.00916886 0.000652477
0.765101 0.121212 1.1515 0.0080523 0.000364511
0.785235 0.121212 1.15158 0.00701012 7.84703e-05
0.805369 0.121212 1.1517 0.0060419 -0.000201834
0.825503 0.121212 1.15183 0.00514638 -0.000470524
0.845638 0.121212 1.15196 0.00432041 -0.000718992
0.865772 0.121212 1.15211 0.00356052 -0.0009346
0.885906 0.121212 1.15221 0.00285889 -0.00110015
0.90604 0.121212 1.15239 0.00221136 -0.00119028
0.926174 0.121212 1.1524 0.00160403 -0.00117437
0.946309 0.121212 1.15269 0.00103778 -0.00100533
0.966443 0.121212 1.15259 0.000499472 -0.000638081
0.986577 0.121212 1.15306 0 0
1.00671 0.121212 0 0 0
1.02685 0.121212 0 0 0
1.04698 0.121212 0 0 0
1.06711 0.121212 0 0 0
1.08725 0.121212 0 0 0
1.10738 0.121212 0 0 0
1.12752 0.121212 0 0 0
1.14765 0.121212 0 0 0
1.16779 0.121212 0 0 0
1.18792 0.121212 0 0 0
1.20805 0.121212 0 0 0
1.22819 0.121212 0 0 0
1.24832 0.121212 0 0 0
1.26846 0.121212 0 0 0
1.28859 0.121212 0 0 0
1.30872 0.121212 0 0 0
1.32886 0.121212 0 0 0
1.34899 0.121212 0 0 0
1.36913 0.121212 0 0 0
1.38926 0.121212 0 0 0
1.4094 0.121212 0 0 0
1.42953 0.121212 0 0 0
1.44966 0.121212 0 0 0
1.4698 0.121212 0 0 0
1.48993 0.121212 0 0 0
1.51007 0.121212 0 0 0
1.5302 0.121212 0 0 0
1.55034 0.121212 0 0 0
1.57047 0.121212 0 0 0
1.5906 0.121212 0 0 0
1.61074 0.121212 0 0 0
1.63087 0.121212 0 0 0
1.65101 0.121212 0 0 0
1.67114 0.121212 0 0 0
1.69128 0.121212 0 0 0
1.71141 0.121212 0 0 0
1.73154 0.121212 0 0 0
1.75168 0.121212 0 0 0
1.77181 0.121212 0 0 0
1.79195 0.121212 0 0 0
1.81208 0.121212 0 0 0
1.83221 0.121212 0 0 0
1.85235 0.121212 0 0 0
1.87248 0.121212 0 0 0
1.89262 0.121212 0 0 0
1.91275 0.121212 0 0 0
1.93289 0.121212 0 0 0
1.95302 0.121212 0 0 0
1.97315 0.121212 0 0 0
1.99329 0.121212 0 0 0
2.01342 0.121212 1.00023 0 0
2.03356 0.121212 1.00024 -1.08898e-05 -0.000117394
2.05369 0.121212 1.00025 -1.97442e-05 -0.000227867
2.07383 0.121212 1.00026 -2.68432e-05 -0.000331939
2.09396 0.121212 1.00027 -3.24083e-05 -0.000430001
2.11409 0.121212 1.00027 -3.66205e-05 -0.00052235
2.13423 0.121212 1.00028 -3.96227e-05 -0.000609213
2.15436 0.121212 1.00028 -4.15309e-05 -0.000690773
2.1745 0.121212 1.00029 -4.24418e-05 -0.000767181
2.19463 0.121212 1.00029 -4.24393e-05 -0.000838564
2.21477 0.121212 1.00029 -4.15989e-05 -0.00090503
2.2349 0.121212 1.0003 -3.99915e-05 -0.000966671
2.25503 0.121212 1.0003 -3.76847e-05 -0.00102357
2.27517 0.121212 1.0003 -3.47449e-05 -0.0010758
2.2953 0.121212 1.00031 -3.12377e-05 -0.00112343
2.31544 0.121212 1.00031 -2.72284e-05 -0.00116651
2.33557 0.121212 1.00031 -2.27819e-05 -0.00120511
2.3557 0.121212 1.00031 -1.79631e-05 -0.00123927
2.37584 0.121212 1.00032 -1.28364e-05 -0.00126905
2.39597 0.121212 1.00032 -7.46541e-06 -0.00129449
2.41611 0.121212 1.00032 -1.91285e-06 -0.00131563
2.43624 0.121212 1.00033 3.75979e-06 -0.00133251
2.45638 0.121212 1.00033 9.49257e-06 -0.00134518
2.47651 0.121212 1.00033 1.52273e-05 -0.00135367
2.49664 0.121212 1.00034 2.09076e-05 -0.00135801
2.51678 0.121212 1.00034 2.64794e-05 -0.00135822
2.53691 0.121212 1.00034 3.18907e-05 -0.00135432
2.55705 0.121212 1.00035 3.70916e-05 -0.00134633
2.57718 0.121212 1.00035 4.20344e-05 -0.00133425
2.59732 0.121212 1.00035 4.66737e-05 -0.00131807
2.61745 0.121212 1.00036 5.09657e-05 -0.00129777
2.63758 0.121212 1.00036 5.48683e-05 -0.00127333
2.65772 0.121212 1.00036 5.8341e-05 -0.00124471
2.67785 0.121212 1.00036 6.13438e-05 -0.00121185
2.69799 0.121212 1.00037 6.38377e-05 -0.00117468
2.71812 0.121212 1.00037 6.5783e-05 -0.00113312
2.73826 0.121212 1.00037 6.71396e-05 -0.00108707
2.75839 0.121212 1.00037 6.78654e-05 -0.0010364
2.77852 0.121212 1.00037 6.79154e-05 -0.000980984
2.79866 0.121212 1.00037 6.72401e-05 -0.000920668
2.81879 0.121212 1.00037 6.5784e-05 -0.000855282
2.83893 0.121212 1.00037 6.34827e-05 -0.000784639
2.85906 0.121212 1.00037 6.02596e-05 -0.000708532
2.87919 0.121212 1.00036 5.60215e-05 -0.000626736
2.89933 0.121212 1.00036 5.06523e-05 -0.000539005
2.91946 0.121212 1.00036 4.40045e-05 -0.000445066
2.9396 0.121212 1.00035 3.58902e-05 -0.000344607
2.95973 0.121212 1.00034 2.60662e-05 -0.000237263
2.97987 0.121212 1.00033 1.42323e-05 -0.000122583
3 0.121212 1.00032 0 0

0 0.141414 1 0.1 0
0.0201342 0.141414 1.25602 0.080587 0.0128002
0.0402685 0.141414 1.26593 0.0814539 0.0207967
0.0604027 0.141414 1.26273 0.0828584 0.0254602
0.0805369 0.141414 1.25597 0.0835893 0.0274491
0.100671 0.141414 1.24796 0.0834236 0.0276587
0.120805 0.141414 1.23923 0.0824117 0.026748
0.14094 0.141414 1.23056 0.0806851 0.0252178
0.161074 0.141414 1.22226 0.0784162 0.0234015
0.181208 0.141414 1.2145 0.0757659 0.0215113
0.201342 0.141414 1.20736 0.0728696 0.0196715
0.221477 0.141414 1.20086 0.0698328 0.017948
0.241611 0.141414 1.195 0.0667336 0.0163703
0.261745 0.141414 1.18974 0.0636277 0.0149457
0.281879 0.141414 1.18506 0.0605531 0.0136697
0.302013 0.141414 1.1809 0.0575346 0.0125312
0.322148 0.141414 1.17721 0.0545876 0.0115167
0.342282 0.141414 1.17393 0.0517207 0.0106119
0.362416 0.141414 1.17102 0.0489378 0.00980293
0.38255 0.141414 1.16844 0.0462399 0.00907667
0.402685 0.141414 1.16615 0.043626 0.0084213
0.422819 0.141414 1.16411 0.0410943 0.00782615
0.442953 0.141414 1.16229 0.0386424 0.0072818
0.463087 0.141414 1.16069 0.0362677 0.00677992
0.483221 0.141414 1.15927 0.0339679 0.00631318
0.503356 0.141414 1.15802 0.031741 0.0058752
0.52349 0.141414 1.15692 0.0295855 0.00546035
0.543624 0.141414 1.15597 0.0275 0.00506371
0.563758 0.141414 1.15515 0.025484 0.00468101
0.583893 0.141414 1.15446 0.0235371 0.00430849
0.604027 0.141414 1.15388 0.0216597 0.0039429
0.624161 0.141414 1.1534 0.0198524 0.00358145
0.644295 0.141414 1.15302 0.018116 0.00322182
0.66443 0.141414 1.15273 0.0164519 0.00286212
0.684564 0.141414 1.15252 0.0148614 0.00250096
0.704698 0.141414 1.15239 0.0133462 0.00213749
0.724832 0.141414 1.15232 0.0119076 0.00177152
0.744966 0.141414 1.1523 0.0105471 0.00140366
0.765101 0.141414 1.15234 0.00926574 0.00103555
0.785235 0.141414 1.15242 0.00806398 0.000670138
0.805369 0.141414 1.15253 0.00694165 0.000312091
0.825503 0.141414 1.15268 0.00589786 -3.16214e-05
0.845638 0.141414 1.15283 0.00493025 -0.000351158
0.865772 0.141414 1.15302 0.00403632 -0.000632539
0.885906 0.141414 1.15318 0.0032106 -0.000857575
0.90604 0.141414 1.15343 0.00245082 -0.00100027
0.926174 0.141414 1.15357 0.00174864 -0.00103112
0.946309 0.141414 1.15393 0.00110679 -0.000905436
0.966443 0.141414 1.15407 0.000520154 -0.000583424
0.986577 0.141414 1.15459 0 0
1.00671 0.141414 0 0 0
1.02685 0.141414 0 0 0
1.04698 0.141414 0 0 0
1.06711 0.141414 0 0 0
1.08725 0.141414 0 0 0
1.10738 0.141414 0 0 0
1.12752 0.141414 0 0 0
1.14765 0.141414 0 0 0
1.16779 0.141414 0 0 0
1.18792 0.141414 0 0 0
1.20805 0.141414 0 0 0
1.22819 0.141414 0 0 0
1.24832 0.141414 0 0 0
1.26846 0.141414 0 0 0
1.28859 0.141414 0 0 0
1.30872 0.141414 0 0 0
1.32886 0.141414 0 0 0
1.34899 0.141414 0 0 0
1.36913 0.141414 0 0 0
1.38926 0.141414 0 0 0
1.4094 0.141414 0 0 0
1.42953 0.141414 0 0 0
1.44966 0.141414 0 0 0
1.4698 0.141414 0 0 0
1.48993 0.141414 0 0 0
1.51007 0.141414 0 0 0
1.5302 0.141414 0 0 0
1.55034 0.141414 0 0 0
1.57047 0.141414 0 0 0
1.5906 0.141414 0 0 0
1.61074 0.141414 0 0 0
1.63087 0.141414 0 0 0
1.65101 0.141414 0 0 0
1.67114 0.141414 0 0 0
1.69128 0.141414 0 0 0
1.71141 0.141414 0 0 0
1.73154 0.141414 0 0 0
1.75168 0.141414 0 0 0
1.77181 0.141414 0 0 0
1.79195 0.141414 0 0 0
1.81208 0.141414 0 0 0
1.83221 0.141414 0 0 0
1.85235 0.141414 0 0 0
1.87248 0.141414 0 0 0
1.89262 0.141414 0 0 0
1.91275 0.141414 0 0 0
1.93289 0.141414 0 0 0
1.95302 0.141414 0 0 0
1.97315 0.141414 0 0 0
1.99329 0.141414 0 0 0
2.01342 0.141414 1.00027 0 0
2.03356 0.141414 1.00028 -1.25505e-05 -0.000120037
2.05369 0.141414 1.00029 -2.28559e-05 -0.000232829
2.07383 0.141414 1.0003 -3.11695e-05 -0.000338934
2.09396 0.141414 1.00031 -3.77085e-05 -0.000438785
2.11409 0.141414 1.00032 -4.26603e-05 -0.000532718
2.13423 0.141414 1.00032 -4.6182e-05 -0.000620999
2.15436 0.141414 1.00033 -4.84072e-05 -0.000703839
2.1745 0.141414 1.00033 -4.94513e-05 -0.000781409
2.19463 0.141414 1.00034 -4.94169e-05 -0.000853852
2.21477 0.141414 1.00035 -4.83976e-05 -0.000921285
2.2349 0.141414 1.00035 -4.6481e-05 -0.000983812
2.25503 0.141414 1.00036 -4.37509e-05 -0.00104152
2.27517 0.141414 1.00036 -4.02889e-05 -0.00109448
2.2953 0.141414 1.00036 -3.61748e-05 -0.00114277
2.31544 0.141414 1.00037 -3.14875e-05 -0.00118645
2.33557 0.141414 1.00037 -2.63047e-05 -0.00122557
2.3557 0.141414 1.00038 -2.07035e-05 -0.0012602
2.37584 0.141414 1.00038 -1.47596e-05 -0.00129037
2.39597 0.141414 1.00038 -8.5474e-06 -0.00131615
2.41611 0.141414 1.00039 -2.13961e-06 -0.00133757
2.43624 0.141414 1.00039 4.39299e-06 -0.00135467
2.45638 0.141414 1.0004 1.09819e-05 -0.0013675
2.47651 0.141414 1.0004 1.75609e-05 -0.0013761
2.49664 0.141414 1.0004 2.40668e-05 -0.00138049
2.51678 0.141414 1.00041 3.04387e-05 -0.00138071
2.53691 0.141414 1.00041 3.66188e-05 -0.00137677
2.55705 0.141414 1.00041 4.25519e-05 -0.00136868
2.57718 0.141414 1.00041 4.81857e-05 -0.00135646
2.59732 0.141414 1.00042 5.34701e-05 -0.00134009
2.61745 0.141414 1.00042 5.83573e-05 -0.00131957
2.63758 0.141414 1.00042 6.28014e-05 -0.00129486
2.65772 0.141414 1.00042 6.67579e-05 -0.00126591
2.67785 0.141414 1.00043 7.01829e-05 -0.00123269
2.69799 0.141414 1.00043 7.3033e-05 -0.0011951
2.71812 0.141414 1.00043 7.52638e-05 -0.00115307
2.73826 0.141414 1.00043 7.68294e-05 -0.00110649
2.75839 0.141414 1.00043 7.7681e-05 -0.00105524
2.77852 0.141414 1.00043 7.77658e-05 -0.000999163
2.79866 0.141414 1.00043 7.70244e-05 -0.000938106
2.81879 0.141414 1.00042 7.53894e-05 -0.000871886
2.83893 0.141414 1.00042 7.27822e-05 -0.000800297
2.85906 0.141414 1.00042 6.91094e-05 -0.000723112
2.87919 0.141414 1.00041 6.42579e-05 -0.000640079
2.89933 0.141414 1.00041 5.80898e-05 -0.000550917
2.91946 0.141414 1.0004 5.04347e-05 -0.000455307
2.9396 0.141414 1.00039 4.10829e-05 -0.000352884
2.95973 0.141414 1.00038 2.97752e-05 -0.000243221
2.97987 0.141414 1.00037 1.62054e-05 -0.000125802
3 0.141414 1.00036 0 0

0 0.161616 1 0.1 0
0.0201342 0.161616 1.23661 0.0814637 0.011483
0.0402685 0.161616 1.24943 0.0819278 0.0194225
0.0604027 0.161616 1.24774 0.0832862 0.0245635
0.0805369 0.161616 1.24351 0.0842203 0.0273387
0.100671 0.161616 1.23778 0.0844829 0.0283736
0.120805 0.161616 1.23113 0.0840177 0.0282013
0.14094 0.161616 1.22419 0.082874 0.0272612
0.161074 0.161616 1.21731 0.0811607 0.0258766
0.181208 0.161616 1.21075 0.0790015 0.0242743
0.201342 0.161616 1.20461 0.0765139 0.0226037
0.221477 0.161616 1.19898 0.0737994 0.0209582
0.241611 0.161616 1.19384 0.0709398 0.0193922
0.261745 0.161616 1.18918 0.0679985 0.0179336
0.281879 0.161616 1.18497 0.065023 0.0165935
0.302013 0.161616 1.18117 0.0620474 0.0153725
0.322148 0.161616 1.17774 0.0590961 0.0142649
0.342282 0.161616 1.17466 0.0561857 0.0132618
0.362416 0.161616 1.17188 0.0533273 0.0123527
0.38255 0.161616 1.16938 0.0505281 0.0115269
0.402685 0.161616 1.16713 0.0477923 0.0107737
0.422819 0.161616 1.16512 0.0451223 0.0100832
0.442953 0.161616 1.16332 0.0425195 0.00944617
0.463087 0.161616 1.16172 0.0399843 0.0088543
0.483221 0.161616 1.16029 0.0375168 0.00830006
0.503356 0.161616 1.15904 0.035117 0.00777672
0.52349 0.161616 1.15793 0.032785 0.00727827
0.543624 0.161616 1.15696 0.0305211 0.00679938
0.563758 0.161616 1.15613 0.0283256 0.00633532
0.583893 0.161616 1.15541 0.0261993 0.00588195
0.604027 0.161616 1.15481 0.0241433 0.00543561
0.624161 0.161616 1.15432 0.0221587 0.0049932
0.644295 0.161616 1.15392 0.0202471 0.00455211
0.66443 0.161616 1.15361 0.0184103 0.00411025
0.684564 0.161616 1.15338 0.0166499 0.00366611
0.704698 0.161616 1.15323 0.014968 0.00321884
0.724832 0.161616 1.15314 0.0133662 0.00276835
0.744966 0.161616 1.15312 0.0118461 0.0023155
0.765101 0.161616 1.15315 0.0104091 0.0018623
0.785235 0.161616 1.15323 0.00905605 0.00141225
0.805369 0.161616 1.15336 0.00778721 0.000970716
0.825503 0.161616 1.15352 0.00660232 0.000545456
0.845638 0.161616 1.15371 0.0055001 0.000147157
0.865772 0.161616 1.15393 0.00447938 -0.000209496
0.885906 0.161616 1.15417 0.00353704 -0.000505833
0.90604 0.161616 1.15448 0.00267293 -0.000716395
0.926174 0.161616 1.15473 0.00188302 -0.000812395
0.946309 0.161616 1.15517 0.00117224 -0.000753306
0.966443 0.161616 1.15547 0.000540473 -0.000501137
0.986577 0.161616 1.15607 0 0
1.00671 0.161616 0 0 0
1.02685 0.161616 0 0 0
1.04698 0.161616 0 0 0
1.06711 0.161616 0 0 0
1.08725 0.161616 0 0 0
1.10738 0.161616 0 0 0
1.12752 0.161616 0 0 0
1.14765 0.161616 0 0 0
1.16779 0.161616 0 0 0
1.18792 0.161616 0 0 0
1.20805 0.161616 0 0 0
1.22819 0.161616 0 0 0
1.24832 0.161616 0 0 0
1.26846 0.161616 0 0 0
1.28859 0.161616 0 0 0
1.30872 0.161616 0 0 0
1.32886 0.161616 0 0 0
1.34899 0.161616 0 0 0
1.36913 0.161616 0 0 0
1.38926 0.161616 0 0 0
1.4094 0.161616 0 0 0
1.42953 0.161616 0 0 0
1.44966 0.161616 0 0 0
1.4698 0.161616 0 0 0
1.48993 0.161616 0 0 0
1.51007 0.161616 0 0 0
1.5302 0.161616 0 0 0
1.55034 0.161616 0 0 0
1.57047 0.161616 0 0 0
1.5906 0.161616 0 0 0
1.61074 0.161616 0 0 0
1.63087 0.161616 0 0 0
1.65101 0.161616 0 0 0
1.67114 0.161616 0 0 0
1.69128 0.161616 0 0 0
1.71141 0.161616 0 0 0
1.73154 0.161616 0 0 0
1.75168 0.161616 0 0 0
1.77181 0.161616 0 0 0
1.79195 0.161616 0 0 0
1.81208 0.161616 0 0 0
1.83221 0.161616 0 0 0
1.85235 0.161616 0 0 0
1.87248 0.161616 0 0 0
1.89262 0.161616 0 0 0
1.91275 0.161616 0 0 0
1.93289 0.161616 0 0 0
1.95302 0.161616 0 0 0
1.97315 0.161616 0 0 0
1.99329 0.161616 0 0 0
2.01342 0.161616 1.00031 0 0
2.03356 0.161616 1.00032 -1.42575e-05 -0.000122896
2.05369 0.161616 1.00033 -2.60559e-05 -0.000238262
2.07383 0.161616 1.00034 -3.56284e-05 -0.000346676
2.09396 0.161616 1.00035 -4.31866e-05 -0.000448599
2.11409 0.161616 1.00036 -4.89207e-05 -0.0005444
2.13423 0.161616 1.00037 -5.29978e-05 -0.000634371
2.15436 0.161616 1.00038 -5.55659e-05 -0.000718746
2.1745 0.161616 1.00038 -5.67568e-05 -0.000797718
2.19463 0.161616 1.00039 -5.66907e-05 -0.000871442
2.21477 0.161616 1.0004 -5.54787e-05 -0.000940048
2.2349 0.161616 1.0004 -5.3226e-05 -0.00100365
2.25503 0.161616 1.00041 -5.00334e-05 -0.00106233
2.27517 0.161616 1.00042 -4.59987e-05 -0.00111618
2.2953 0.161616 1.00042 -4.12175e-05 -0.00116526
2.31544 0.161616 1.00043 -3.57837e-05 -0.00120965
2.33557 0.161616 1.00043 -2.97896e-05 -0.00124941
2.3557 0.161616 1.00044 -2.33257e-05 -0.00128458
2.37584 0.161616 1.00044 -1.64809e-05 -0.00131522
2.39597 0.161616 1.00045 -9.34164e-06 -0.00134139
2.41611 0.161616 1.00045 -1.99209e-06 -0.00136313
2.43624 0.161616 1.00046 5.48639e-06 -0.00138048
2.45638 0.161616 1.00046 1.30155e-05 -0.0013935
2.47651 0.161616 1.00046 2.05201e-05 -0.00140221
2.49664 0.161616 1.00047 2.79287e-05 -0.00140665
2.51678 0.161616 1.00047 3.51732e-05 -0.00140685
2.53691 0.161616 1.00048 4.21889e-05 -0.00140284
2.55705 0.161616 1.00048 4.89146e-05 -0.00139463
2.57718 0.161616 1.00048 5.52925e-05 -0.00138223
2.59732 0.161616 1.00048 6.12676e-05 -0.00136563
2.61745 0.161616 1.00049 6.67873e-05 -0.00134481
2.63758 0.161616 1.00049 7.18014e-05 -0.00131976
2.65772 0.161616 1.00049 7.62609e-05 -0.00129042
2.67785 0.161616 1.00049 8.01176e-05 -0.00125674
2.69799 0.161616 1.00049 8.33231e-05 -0.00121864
2.71812 0.161616 1.00049 8.58279e-05 -0.00117604
2.73826 0.161616 1.00049 8.758e-05 -0.00112882
2.75839 0.161616 1.00049 8.85234e-05 -0.00107685
2.77852 0.161616 1.00049 8.8597e-05 -0.00101997
2.79866 0.161616 1.00048 8.77314e-05 -0.000958017
2.81879 0.161616 1.00048 8.58476e-05 -0.000890789
2.83893 0.161616 1.00048 8.28531e-05 -0.000818062
2.85906 0.161616 1.00047 7.86385e-05 -0.000739588
2.87919 0.161616 1.00047 7.30733e-05 -0.000655083
2.89933 0.161616 1.00046 6.60004e-05 -0.000564233
2.91946 0.161616 1.00045 5.72308e-05 -0.000466676
2.9396 0.161616 1.00044 4.65379e-05 -0.000362
2.95973 0.161616 1.00043 3.36512e-05 -0.000249724
2.97987 0.161616 1.00042 1.82602e-05 -0.000129281
3 0.161616 1.0004 0 0

0 0.181818 1 0.1 0
0.0201342 0.181818 1.22232 0.0821666 0.0103815
0.0402685 0.181818 1.23651 0.0823093 0.0180877
0.0604027 0.181818 1.23588 0.0835329 0.0234742
0.0805369 0.181818 1.23343 0.0845181 0.0268085
0.100671 0.181818 1.22951 0.0850222 0.0285151
0.120805 0.181818 1.22462 0.084931 0.0290061
0.14094 0.181818 1.21925 0.0842338 0.0286488
0.161074 0.181818 1.21371 0.0829853 0.0277378
0.181208 0.181818 1.20823 0.08127 0.0264959
0.201342 0.181818 1.20296 0.0791802 0.025083
0.221477 0.181818 1.19797 0.0768039 0.0236086
0.241611 0.181818 1.19332 0.0742182 0.0221441
0.261745 0.181818 1.18901 0.0714871 0.0207331
0.281879 0.181818 1.18507 0.0686625 0.0194001
0.302013 0.181818 1.18146 0.0657847 0.0181565
0.322148 0.181818 1.17818 0.0628847 0.0170052
0.342282 0.181818 1.17521 0.0599857 0.015944
0.362416 0.181818 1.17252 0.0571049 0.0149671
0.38255 0.181818 1.17008 0.054255 0.0140674
0.402685 0.181818 1.16789 0.051445 0.0132367
0.422819 0.181818 1.16592 0.0486817 0.0124667
0.442953 0.181818 1.16415 0.0459697 0.0117494
0.463087 0.181818 1.16256 0.0433126 0.0110771
0.483221 0.181818 1.16115 0.0407131 0.0104425
0.503356 0.181818 1.1599 0.0381734 0.00983897
0.52349 0.181818 1.15879 0.0356954 0.00926052
0.543624 0.181818 1.15782 0.0332808 0.00870163
0.563758 0.181818 1.15698 0.0309314 0.00815738
0.583893 0.181818 1.15625 0.0286491 0.00762337
0.604027 0.181818 1.15564 0.0264359 0.00709575
0.624161 0.181818 1.15513 0.0242938 0.00657118
0.644295 0.181818 1.15472 0.0222249 0.0060469
0.66443 0.181818 1.1544 0.0202317 0.00552069
0.684564 0.181818 1.15416 0.0183163 0.00499099
0.704698 0.181818 1.154 0.0164811 0.004457
0.724832 0.181818 1.15391 0.0147282 0.00391874
0.744966 0.181818 1.15388 0.0130597 0.0033773
0.765101 0.181818 1.15391 0.0114773 0.00283503
0.785235 0.181818 1.154 0.00998232 0.00229587
0.805369 0.181818 1.15414 0.0085758 0.00176567
0.825503 0.181818 1.15432 0.0072583 0.00125273
0.845638 0.181818 1.15455 0.00602976 0.000768213
0.865772 0.181818 1.15482 0.00489044 0.000327015
0.885906 0.181818 1.15511 0.00383952 -5.22627e-05
0.90604 0.181818 1.15549 0.00287881 -0.00034515
0.926174 0.181818 1.15584 0.00200795 -0.000524142
0.946309 0.181818 1.15636 0.00123366 -0.000552304
0.966443 0.181818 1.1568 0.000559825 -0.000394042
0.986577 0.181818 1.15749 0 0
1.00671 0.181818 0 0 0
1.02685 0.181818 0 0 0
1.04698 0.181818 0 0 0
1.06711 0.181818 0 0 0
1.08725 0.181818 0 0 0
1.10738 0.181818 0 0 0
1.12752 0.181818 0 0 0
1.14765 0.181818 0 0 0
1.16779 0.181818 0 0 0
1.18792 0.181818 0 0 0
1.20805 0.181818 0 0 0
1.22819 0.181818 0 0 0
1.24832 0.181818 0 0 0
1.26846 0.181818 0 0 0
1.28859 0.181818 0 0 0
1.30872 0.181818 0 0 0
1.32886 0.181818 0 0 0
1.34899 0.181818 0 0 0
1.36913 0.181818 0 0 0
1.38926 0.181818 0 0 0
1.4094 0.181818 0 0 0
1.42953 0.181818 0 0 0
1.44966 0.181818 0 0 0
1.4698 0.181818 0 0 0
1.48993 0.181818 0 0 0
1.51007 0.181818 0 0 0
1.5302 0.181818 0 0 0
1.55034 0.181818 0 0 0
1.57047 0.181818 0 0 0
1.5906 0.181818 0 0 0
1.61074 0.181818 0 0 0
1.63087 0.181818 0 0 0
1.65101 0.181818 0 0 0
1.67114 0.181818 0 0 0
1.69128 0.181818 0 0 0
1.71141 0.181818 0 0 0
1.73154 0.181818 0 0 0
1.75168 0.181818 0 0 0
1.77181 0.181818 0 0 0
1.79195 0.181818 0 0 0
1.81208 0.181818 0 0 0
1.83221 0.181818 0 0 0
1.85235 0.181818 0 0 0
1.87248 0.181818 0 0 0
1.89262 0.181818 0 0 0
1.91275 0.181818 0 0 0
1.93289 0.181818 0 0 0
1.95302 0.181818 0 0 0
1.97315 0.181818 0 0 0
1.99329 0.181818 0 0 0
2.01342 0.181818 1.00034 0 0
2.03356 0.181818 1.00036 -1.60002e-05 -0.000125981
2.05369 0.181818 1.00037 -2.93202e-05 -0.000244175
2.07383 0.181818 1.00038 -4.0179e-05 -0.000355171
2.09396 0.181818 1.00039 -4.87826e-05 -0.000459448
2.11409 0.181818 1.00041 -5.53226e-05 -0.000557397
2.13423 0.181818 1.00042 -5.99738e-05 -0.000649331
2.15436 0.181818 1.00043 -6.28956e-05 -0.000735505
2.1745 0.181818 1.00043 -6.42348e-05 -0.000816126
2.19463 0.181818 1.00044 -6.41277e-05 -0.000891362
2.21477 0.181818 1.00045 -6.27028e-05 -0.000961354
2.2349 0.181818 1.00046 -6.00828e-05 -0.00102622
2.25503 0.181818 1.00047 -5.63861e-05 -0.00108605
2.27517 0.181818 1.00048 -5.17278e-05 -0.00114094
2.2953 0.181818 1.00048 -4.62204e-05 -0.00119097
2.31544 0.181818 1.00049 -3.99743e-05 -0.00123619
2.33557 0.181818 1.0005 -3.30976e-05 -0.00127668
2.3557 0.181818 1.0005 -2.56959e-05 -0.00131249
2.37584 0.181818 1.00051 -1.78725e-05 -0.00134368
2.39597 0.181818 1.00051 -9.72734e-06 -0.0013703
2.41611 0.181818 1.00052 -1.35739e-06 -0.0013924
2.43624 0.181818 1.00052 7.14418e-06 -0.00141003
2.45638 0.181818 1.00053 1.56881e-05 -0.00142324
2.47651 0.181818 1.00053 2.41894e-05 -0.00143207
2.49664 0.181818 1.00054 3.25673e-05 -0.00143655
2.51678 0.181818 1.00054 4.07454e-05 -0.00143673
2.53691 0.181818 1.00054 4.86517e-05 -0.00143262
2.55705 0.181818 1.00055 5.62183e-05 -0.00142424
2.57718 0.181818 1.00055 6.33813e-05 -0.0014116
2.59732 0.181818 1.00055 7.008e-05 -0.00139471
2.61745 0.181818 1.00055 7.62569e-05 -0.00137354
2.63758 0.181818 1.00055 8.18569e-05 -0.00134806
2.65772 0.181818 1.00055 8.68263e-05 -0.00131824
2.67785 0.181818 1.00055 9.11121e-05 -0.00128401
2.69799 0.181818 1.00055 9.46608e-05 -0.0012453
2.71812 0.181818 1.00055 9.74174e-05 -0.00120201
2.73826 0.181818 1.00055 9.93237e-05 -0.00115403
2.75839 0.181818 1.00055 0.000100317 -0.0011012
2.77852 0.181818 1.00055 0.000100326 -0.00104338
2.79866 0.181818 1.00054 9.92743e-05 -0.000980364
2.81879 0.181818 1.00054 9.70698e-05 -0.000911949
2.83893 0.181818 1.00053 9.36077e-05 -0.00083789
2.85906 0.181818 1.00053 8.87643e-05 -0.000757911
2.87919 0.181818 1.00052 8.23933e-05 -0.000671702
2.89933 0.181818 1.00051 7.43218e-05 -0.000578912
2.91946 0.181818 1.0005 6.43449e-05 -0.000479142
2.9396 0.181818 1.00049 5.22228e-05 -0.000371935
2.95973 0.181818 1.00048 3.76756e-05 -0.000256765
2.97987 0.181818 1.00046 2.03886e-05 -0.000133023
3 0.181818 1.00045 0 0

0 0.20202 1 0.1 0
0.0201342 0.20202 1.21127 0.0827497 0.00947259
0.0402685 0.20202 1.22589 0.0826412 0.0168744
0.0604027 0.20202 1.22584 0.0837005 0.0223593
0.0805369 0.20202 1.22448 0.0846497 0.0260815
0.100671 0.20202 1.22178 0.0852672 0.0283221
0.120805 0.20202 1.21815 0.0854132 0.0293893
0.14094 0.20202 1.21396 0.0850381 0.0295794
0.161074 0.20202 1.20948 0.084155 0.0291476
0.181208 0.20202 1.20492 0.0828132 0.0283004
0.201342 0.20202 1.20042 0.0810792 0.0271961
0.221477 0.20202 1.19609 0.079024 0.0259512
0.241611 0.20202 1.19198 0.0767151 0.0246477
0.261745 0.20202 1.18813 0.0742127 0.0233415
0.281879 0.20202 1.18454 0.0715685 0.0220682
0.302013 0.20202 1.18123 0.0688252 0.0208494
0.322148 0.20202 1.17819 0.0660173 0.0196962
0.342282 0.20202 1.17539 0.0631724 0.018613
0.362416 0.20202 1.17285 0.0603123 0.0175994
0.38255 0.20202 1.17052 0.0574539 0.0166521
0.402685 0.20202 1.16842 0.0546106 0.015766
0.422819 0.20202 1.16651 0.0517927 0.014935
0.442953 0.20202 1.16478 0.0490082 0.0141525
0.463087 0.20202 1.16323 0.0462637 0.0134119
0.483221 0.20202 1.16185 0.0435645 0.0127068
0.503356 0.20202 1.16061 0.0409149 0.0120309
0.52349 0.20202 1.15951 0.0383187 0.0113784
0.543624 0.20202 1.15855 0.0357795 0.010744
0.563758 0.20202 1.15771 0.0333003 0.0101228
0.583893 0.20202 1.15698 0.0308843 0.00951035
0.604027 0.20202 1.15637 0.0285344 0.00890271
0.624161 0.20202 1.15585 0.0262537 0.00829649
0.644295 0.20202 1.15544 0.024045 0.00768884
0.66443 0.20202 1.15511 0.0219114 0.00707753
0.684564 0.20202 1.15487 0.0198557 0.00646103
0.704698 0.20202 1.1547 0.0178808 0.00583857
0.724832 0.20202 1.15461 0.0159894 0.00521035
0.744966 0.20202 1.15459 0.014184 0.00457764
0.765101 0.20202 1.15463 0.012467 0.00394306
0.785235 0.20202 1.15473 0.0108403 0.00331086
0.805369 0.20202 1.15488 0.00930572 0.00268723
0.825503 0.20202 1.15509 0.00786487 0.00208073
0.845638 0.20202 1.15535 0.00651898 0.00150266
0.865772 0.20202 1.15567 0.00526981 0.000967797
0.885906 0.20202 1.15602 0.00411861 0.000494295
0.90604 0.20202 1.15645 0.00306908 0.000105314
0.926174 0.20202 1.1569 0.00212383 -0.000173067
0.946309 0.20202 1.15749 0.00129127 -0.000307389
0.966443 0.20202 1.15804 0.000578349 -0.000264217
0.986577 0.20202 1.15882 0 0
1.00671 0.20202 0 0 0
1.02685 0.20202 0 0 0
1.04698 0.20202 0 0 0
1.06711 0.20202 0 0 0
1.08725 0.20202 0 0 0
1.10738 0.20202 0 0 0
1.12752 0.20202 0 0 0
1.14765 0.20202 0 0 0
1.16779 0.20202 0 0 0
1.18792 0.20202 0 0 0
1.20805 0.20202 0 0 0
1.22819 0.20202 0 0 0
1.24832 0.20202 0 0 0
1.26846 0.20202 0 0 0
1.28859 0.20202 0 0 0
1.30872 0.20202 0 0 0
1.32886 0.20202 0 0 0
1.34899 0.20202 0 0 0
1.36913 0.20202 0 0 0
1.38926 0.20202 0 0 0
1.4094 0.20202 0 0 0
1.42953 0.20202 0 0 0
1.44966 0.20202 0 0 0
1.4698 0.20202 0 0 0
1.48993 0.20202 0 0 0
1.51007 0.20202 0 0 0
1.5302 0.20202 0 0 0
1.55034 0.20202 0 0 0
1.57047 0.20202 0 0 0
1.5906 0.20202 0 0 0
1.61074 0.20202 0 0 0
1.63087 0.20202 0 0 0
1.65101 0.20202 0 0 0
1.67114 0.20202 0 0 0
1.69128 0.20202 0 0 0
1.71141 0.20202 0 0 0
1.73154 0.20202 0 0 0
1.75168 0.20202 0 0 0
1.77181 0.20202 0 0 0
1.79195 0.20202 0 0 0
1.81208 0.20202 0 0 0
1.83221 0.20202 0 0 0
1.85235 0.20202 0 0 0
1.87248 0.20202 0 0 0
1.89262 0.20202 0 0 0
1.91275 0.20202 0 0 0
1.93289 0.20202 0 0 0
1.95302 0.20202 0 0 0
1.97315 0.20202 0 0 0
1.99329 0.20202 0 0 0
2.01342 0.20202 1.00038 0 0
2.03356 0.20202 1.0004 -1.77711e-05 -0.000129304
2.05369 0.20202 1.00041 -3.26322e-05 -0.000250585
2.07383 0.20202 1.00043 -4.47923e-05 -0.000364436
2.09396 0.20202 1.00044 -5.44533e-05 -0.000471348
2.11409 0.20202 1.00045 -6.18077e-05 -0.000571726
2.13423 0.20202 1.00046 -6.70364e-05 -0.000665901
2.15436 0.20202 1.00048 -7.03092e-05 -0.00075414
2.1745 0.20202 1.00049 -7.1786e-05 -0.000836663
2.19463 0.20202 1.0005 -7.16186e-05 -0.000913649
2.21477 0.20202 1.00051 -6.99523e-05 -0.000985247
2.2349 0.20202 1.00052 -6.69274e-05 -0.00105158
2.25503 0.20202 1.00053 -6.26804e-05 -0.00111275
2.27517 0.20202 1.00053 -5.73446e-05 -0.00116885
2.2953 0.20202 1.00054 -5.10506e-05 -0.00121996
2.31544 0.20202 1.00055 -4.39262e-05 -0.00126614
2.33557 0.20202 1.00056 -3.60968e-05 -0.00130748
2.3557 0.20202 1.00057 -2.76845e-05 -0.00134402
2.37584 0.20202 1.00057 -1.88083e-05 -0.00137582
2.39597 0.20202 1.00058 -9.58308e-06 -0.00140295
2.41611 0.20202 1.00058 -1.19728e-07 -0.00142546
2.43624 0.20202 1.00059 9.47559e-06 -0.0014434
2.45638 0.20202 1.00059 1.91017e-05 -0.00145681
2.47651 0.20202 1.0006 2.86624e-05 -0.00146576
2.49664 0.20202 1.0006 3.80671e-05 -0.00147027
2.51678 0.20202 1.00061 4.72305e-05 -0.00147039
2.53691 0.20202 1.00061 5.60722e-05 -0.00146614
2.55705 0.20202 1.00061 6.45173e-05 -0.00145755
2.57718 0.20202 1.00062 7.24951e-05 -0.00144462
2.59732 0.20202 1.00062 7.99393e-05 -0.00142737
2.61745 0.20202 1.00062 8.67868e-05 -0.00140576
2.63758 0.20202 1.00062 9.29773e-05 -0.00137979
2.65772 0.20202 1.00062 9.84523e-05 -0.00134939
2.67785 0.20202 1.00062 0.000103154 -0.00131452
2.69799 0.20202 1.00062 0.000107023 -0.00127508
2.71812 0.20202 1.00062 0.00011 -0.00123099
2.73826 0.20202 1.00061 0.00011202 -0.0011821
2.75839 0.20202 1.00061 0.000113013 -0.00112828
2.77852 0.20202 1.00061 0.000112901 -0.00106935
2.79866 0.20202 1.0006 0.000111596 -0.00100512
2.81879 0.20202 1.0006 0.000108998 -0.000935332
2.83893 0.20202 1.00059 0.000104989 -0.000859742
2.85906 0.20202 1.00058 9.94336e-05 -0.000778045
2.87919 0.20202 1.00057 9.21713e-05 -0.000689901
2.89933 0.20202 1.00057 8.30155e-05 -0.000594927
2.91946 0.20202 1.00055 7.17484e-05 -0.000492684
2.9396 0.20202 1.00054 5.81186e-05 -0.000382679
2.95973 0.20202 1.00053 4.18378e-05 -0.000264343
2.97987 0.20202 1.00051 2.25862e-05 -0.00013703
3 0.20202 1.0005 0 0

0 0.222222 1 0.1 0
0.0201342 0.222222 1.20253 0.0832385 0.00871668
0.0402685 0.222222 1.21721 0.0829332 0.015793
0.0604027 0.222222 1.2175 0.0838271 0.0212804
0.0805369 0.222222 1.21682 0.0846947 0.0252594
0.100671 0.222222 1.215 0.0853421 0.0279112
0.120805 0.222222 1.21233 0.0856241 0.0294608
0.14094 0.222222 1.20908 0.085469 0.030141
0.161074 0.222222 1.20548 0.0848607 0.0301659
0.181208 0.222222 1.20171 0.0838204 0.029719
0.201342 0.222222 1.1979 0.0823907 0.0289493
0.221477 0.222222 1.19416 0.080625 0.0279729
0.241611 0.222222 1.19054 0.0785787 0.0268768
0.261745 0.222222 1.18709 0.0763052 0.025724
0.281879 0.222222 1.18384 0.0738526 0.0245584
0.302013 0.222222 1.1808 0.071263 0.0234094
0.322148 0.222222 1.17797 0.0685723 0.0222954
0.342282 0.222222 1.17536 0.0658104 0.0212269
0.362416 0.222222 1.17296 0.063002 0.0202087
0.38255 0.222222 1.17075 0.0601673 0.0192417
0.402685 0.222222 1.16874 0.0573229 0.0183239
0.422819 0.222222 1.1669 0.0544822 0.017452
0.442953 0.222222 1.16524 0.0516562 0.0166213
0.463087 0.222222 1.16373 0.048854 0.0158267
0.483221 0.222222 1.16238 0.0460834 0.0150628
0.503356 0.222222 1.16117 0.0433507 0.0143242
0.52349 0.222222 1.1601 0.0406617 0.0136056
0.543624 0.222222 1.15915 0.0380216 0.012902
0.563758 0.222222 1.15832 0.0354349 0.0122089
0.583893 0.222222 1.1576 0.0329059 0.0115217
0.604027 0.222222 1.15699 0.0304388 0.0108369
0.624161 0.222222 1.15648 0.0280375 0.0101509
0.644295 0.222222 1.15606 0.0257058 0.00946111
0.66443 0.222222 1.15574 0.0234475 0.0087652
0.684564 0.222222 1.15549 0.021266 0.00806177
0.704698 0.222222 1.15533 0.019165 0.00735015
0.724832 0.222222 1.15524 0.0171476 0.00663067
0.744966 0.222222 1.15523 0.0152172 0.00590479
0.765101 0.222222 1.15528 0.0133767 0.00517533
0.785235 0.222222 1.1554 0.0116288 0.00444672
0.805369 0.222222 1.15557 0.00997637 0.00372531
0.825503 0.222222 1.15581 0.00842192 0.00301973
0.845638 0.222222 1.1561 0.00696804 0.00234118
0.865772 0.222222 1.15646 0.00561797 0.00170401
0.885906 0.222222 1.15687 0.00437484 0.00112566
0.90604 0.222222 1.15736 0.0032441 0.000627827
0.926174 0.222222 1.15789 0.0022308 0.000234968
0.946309 0.222222 1.15855 0.00134495 -2.2604e-05
0.966443 0.222222 1.15921 0.000595904 -0.00011382
0.986577 0.222222 1.16006 0 0
1.00671 0.222222 0 0 0
1.02685 0.222222 0 0 0
1.04698 0.222222 0 0 0
1.06711 0.222222 0 0 0
1.08725 0.222222 0 0 0
1.10738 0.222222 0 0 0
1.12752 0.222222 0 0 0
1.14765 0.222222 0 0 0
1.16779 0.222222 0 0 0
1.18792 0.222222 0 0 0
1.20805 0.222222 0 0 0
1.22819 0.222222 0 0 0
1.24832 0.222222 0 0 0
1.26846 0.222222 0 0 0
1.28859 0.222222 0 0 0
1.30872 0.222222 0 0 0
1.32886 0.222222 0 0 0
1.34899 0.222222 0 0 0
1.36913 0.222222 0 0 0
1.38926 0.222222 0 0 0
1.4094 0.222222 0 0 0
1.42953 0.222222 0 0 0
1.44966 0.222222 0 0 0
1.4698 0.222222 0 0 0
1.48993 0.222222 0 0 0
1.51007 0.222222 0 0 0
1.5302 0.222222 0 0 0
1.55034 0.222222 0 0 0
1.57047 0.222222 0 0 0
1.5906 0.222222 0 0 0
1.61074 0.222222 0 0 0
1.63087 0.222222 0 0 0
1.65101 0.222222 0 0 0
1.67114 0.222222 0 0 0
1.69128 0.222222 0 0 0
1.71141 0.222222 0 0 0
1.73154 0.222222 0 0 0
1.75168 0.222222 0 0 0
1.77181 0.222222 0 0 0
1.79195 0.222222 0 0 0
1.81208 0.222222 0 0 0
1.83221 0.222222 0 0 0
1.85235 0.222222 0 0 0
1.87248 0.222222 0 0 0
1.89262 0.222222 0 0 0
1.91275 0.222222 0 0 0
1.93289 0.222222 0 0 0
1.95302 0.222222 0 0 0
1.97315 0.222222 0 0 0
1.99329 0.222222 0 0 0
2.01342 0.222222 1.00043 0 0
2.03356 0.222222 1.00044 -1.95644e-05 -0.000132878
2.05369 0.222222 1.00046 -3.59791e-05 -0.000257511
2.07383 0.222222 1.00047 -4.94466e-05 -0.000374494
2.09396 0.222222 1.00049 -6.0166e-05 -0.000484325
2.11409 0.222222 1.0005 -6.83311e-05 -0.000587416
2.13423 0.222222 1.00051 -7.41284e-05 -0.00068411
2.15436 0.222222 1.00053 -7.77369e-05 -0.000774685
2.1745 0.222222 1.00054 -7.9329e-05 -0.000859368
2.19463 0.222222 1.00055 -7.90712e-05 -0.000938348
2.21477 0.222222 1.00056 -7.71256e-05 -0.00101178
2.2349 0.222222 1.00057 -7.36503e-05 -0.00107979
2.25503 0.222222 1.00058 -6.88004e-05 -0.00114249
2.27517 0.222222 1.00059 -6.27281e-05 -0.00119996
2.2953 0.222222 1.0006 -5.5583e-05 -0.00125231
2.31544 0.222222 1.00061 -4.7512e-05 -0.00129959
2.33557 0.222222 1.00062 -3.86587e-05 -0.00134187
2.3557 0.222222 1.00063 -2.91632e-05 -0.00137924
2.37584 0.222222 1.00064 -1.91614e-05 -0.00141173
2.39597 0.222222 1.00064 -8.78437e-06 -0.00143943
2.41611 0.222222 1.00065 1.84178e-06 -0.00146238
2.43624 0.222222 1.00066 1.25968e-05 -0.00148064
2.45638 0.222222 1.00066 2.33665e-05 -0.00149428
2.47651 0.222222 1.00067 3.40429e-05 -0.00150333
2.49664 0.222222 1.00067 4.45246e-05 -0.00150785
2.51678 0.222222 1.00068 5.47164e-05 -0.00150789
2.53691 0.222222 1.00068 6.45297e-05 -0.00150346
2.55705 0.222222 1.00068 7.38814e-05 -0.0014946
2.57718 0.222222 1.00069 8.26942e-05 -0.00148132
2.59732 0.222222 1.00069 9.08954e-05 -0.00146363
2.61745 0.222222 1.00069 9.84164e-05 -0.00144151
2.63758 0.222222 1.00069 0.000105192 -0.00141494
2.65772 0.222222 1.00069 0.000111158 -0.00138387
2.67785 0.222222 1.00069 0.000116252 -0.00134824
2.69799 0.222222 1.00069 0.00012041 -0.00130797
2.71812 0.222222 1.00068 0.000123567 -0.00126294
2.73826 0.222222 1.00068 0.000125652 -0.00121302
2.75839 0.222222 1.00068 0.000126589 -0.00115807
2.77852 0.222222 1.00067 0.000126292 -0.00109788
2.79866 0.222222 1.00067 0.000124665 -0.00103224
2.81879 0.222222 1.00066 0.000121599 -0.000960903
2.83893 0.222222 1.00065 0.000116965 -0.000883585
2.85906 0.222222 1.00064 0.000110616 -0.000799957
2.87919 0.222222 1.00063 0.000102381 -0.000709653
2.89933 0.222222 1.00062 9.20606e-05 -0.000612254
2.91946 0.222222 1.00061 7.9426e-05 -0.000507289
2.9396 0.222222 1.0006 6.42157e-05 -0.000394225
2.95973 0.222222 1.00058 4.61326e-05 -0.000272458
2.97987 0.222222 1.00056 2.48506e-05 -0.000141306
3 0.222222 1.00055 0 0

0 0.242424 1 0.1 0
0.0201342 0.242424 1.19543 0.0836537 0.00808502
0.0402685 0.242424 1.20999 0.083193 0.0148437
0.0604027 0.242424 1.21045 0.0839331 0.0202773
0.0805369 0.242424 1.2102 0.0846985 0.0244195
0.100671 0.242424 1.20898 0.0853239 0.0273837
0.120805 0.242424 1.207 0.0856702 0.0293306
0.14094 0.242424 1.20448 0.0856555 0.0304394
0.161074 0.242424 1.20159 0.0852448 0.0308853
0.181208 0.242424 1.19847 0.0844381 0.0308266
0.201342 0.242424 1.19526 0.0832583 0.0303984
0.221477 0.242424 1.19203 0.0817423 0.029711
0.241611 0.242424 1.18887 0.0799331 0.0288516
0.261745 0.242424 1.18581 0.0778755 0.0278866
0.281879 0.242424 1.18288 0.0756124 0.0268651
0.302013 0.242424 1.18012 0.0731831 0.0258221
0.322148 0.242424 1.17752 0.0706228 0.0247821
0.342282 0.242424 1.1751 0.0679619 0.0237606
0.362416 0.242424 1.17285 0.0652267 0.0227672
0.38255 0.242424 1.17078 0.0624394 0.0218068
0.402685 0.242424 1.16887 0.0596188 0.0208808
0.422819 0.242424 1.16712 0.0567807 0.0199884
0.442953 0.242424 1.16552 0.0539386 0.0191272
0.463087 0.242424 1.16408 0.0511037 0.0182938
0.483221 0.242424 1.16277 0.0482859 0.0174842
0.503356 0.242424 1.1616 0.0454937 0.0166939
0.52349 0.242424 1.16055 0.0427344 0.0159184
0.543624 0.242424 1.15962 0.0400147 0.0151533
0.563758 0.242424 1.15881 0.0373407 0.0143945
0.583893 0.242424 1.15811 0.034718 0.0136379
0.604027 0.242424 1.15751 0.0321518 0.0128798
0.624161 0.242424 1.15701 0.0296469 0.0121173
0.644295 0.242424 1.1566 0.0272082 0.0113476
0.66443 0.242424 1.15628 0.0248401 0.0105686
0.684564 0.242424 1.15604 0.0225471 0.00977903
0.704698 0.242424 1.15589 0.0203332 0.00897841
0.724832 0.242424 1.15581 0.0182025 0.00816715
0.744966 0.242424 1.1558 0.0161589 0.00734688
0.765101 0.242424 1.15587 0.0142062 0.00652052
0.785235 0.242424 1.156 0.012348 0.00569262
0.805369 0.242424 1.1562 0.010588 0.00486953
0.825503 0.242424 1.15647 0.00892983 0.00405977
0.845638 0.242424 1.1568 0.00737745 0.00327424
0.865772 0.242424 1.1572 0.00593546 0.00252667
0.885906 0.242424 1.15766 0.0046087 0.00183361
0.90604 0.242424 1.15821 0.00340419 0.0012152
0.926174 0.242424 1.1588 0.00232903 0.000694173
0.946309 0.242424 1.15953 0.00139468 0.000297931
0.966443 0.242424 1.16027 0.000612461 5.50834e-05
0.986577 0.242424 1.16121 0 0
1.00671 0.242424 0 0 0
1.02685 0.242424 0 0 0
1.04698 0.242424 0 0 0
1.06711 0.242424 0 0 0
1.08725 0.242424 0 0 0
1.10738 0.242424 0 0 0
1.12752 0.242424 0 0 0
1.14765 0.242424 0 0 0
1.16779 0.242424 0 0 0
1.18792 0.242424 0 0 0
1.20805 0.242424 0 0 0
1.22819 0.242424 0 0 0
1.24832 0.242424 0 0 0
1.26846 0.242424 0 0 0
1.28859 0.242424 0 0 0
1.30872 0.242424 0 0 0
1.32886 0.242424 0 0 0
1.34899 0.242424 0 0 0
1.36913 0.242424 0 0 0
1.38926 0.242424 0 0 0
1.4094 0.242424 0 0 0
1.42953 0.242424 0 0 0
1.44966 0.242424 0 0 0
1.4698 0.242424 0 0 0
1.48993 0.242424 0 0 0
1.51007 0.242424 0 0 0
1.5302 0.242424 0 0 0
1.55034 0.242424 0 0 0
1.57047 0.242424 0 0 0
1.5906 0.242424 0 0 0
1.61074 0.242424 0 0 0
1.63087 0.242424 0 0 0
1.65101 0.242424 0 0 0
1.67114 0.242424 0 0 0
1.69128 0.242424 0 0 0
1.71141 0.242424 0 0 0
1.73154 0.242424 0 0 0
1.75168 0.242424 0 0 0
1.77181 0.242424 0 0 0
1.79195 0.242424 0 0 0
1.81208 0.242424 0 0 0
1.83221 0.242424 0 0 0
1.85235 0.242424 0 0 0
1.87248 0.242424 0 0 0
1.89262 0.242424 0 0 0
1.91275 0.242424 0 0 0
1.93289 0.242424 0 0 0
1.95302 0.242424 0 0 0
1.97315 0.242424 0 0 0
1.99329 0.242424 0 0 0
2.01342 0.242424 1.00047 0 0
2.03356 0.242424 1.00048 -2.13754e-05 -0.000136716
2.05369 0.242424 1.0005 -3.93509e-05 -0.000264976
2.07383 0.242424 1.00052 -5.41249e-05 -0.000385374
2.09396 0.242424 1.00053 -6.58951e-05 -0.00049841
2.11409 0.242424 1.00055 -7.48571e-05 -0.000604503
2.13423 0.242424 1.00056 -8.12027e-05 -0.000704
2.15436 0.242424 1.00058 -8.51202e-05 -0.000797185
2.1745 0.242424 1.00059 -8.67937e-05 -0.000884294
2.19463 0.242424 1.00061 -8.64048e-05 -0.000965517
2.21477 0.242424 1.00062 -8.41319e-05 -0.00104101
2.2349 0.242424 1.00063 -8.01515e-05 -0.00111091
2.25503 0.242424 1.00064 -7.46378e-05 -0.00117533
2.27517 0.242424 1.00066 -6.7763e-05 -0.00123436
2.2953 0.242424 1.00067 -5.96969e-05 -0.00128809
2.31544 0.242424 1.00068 -5.06065e-05 -0.0013366
2.33557 0.242424 1.00069 -4.0655e-05 -0.00137996
2.3557 0.242424 1.0007 -3.00017e-05 -0.00141823
2.37584 0.242424 1.0007 -1.88009e-05 -0.00145149
2.39597 0.242424 1.00071 -7.20108e-06 -0.00147981
2.41611 0.242424 1.00072 4.65534e-06 -0.00150324
2.43624 0.242424 1.00073 1.66329e-05 -0.00152185
2.45638 0.242424 1.00073 2.86036e-05 -0.00153571
2.47651 0.242424 1.00074 4.04466e-05 -0.00154486
2.49664 0.242424 1.00074 5.20491e-05 -0.00154936
2.51678 0.242424 1.00075 6.33058e-05 -0.00154927
2.53691 0.242424 1.00075 7.41186e-05 -0.00154461
2.55705 0.242424 1.00075 8.43968e-05 -0.00153543
2.57718 0.242424 1.00076 9.40556e-05 -0.00152173
2.59732 0.242424 1.00076 0.000103016 -0.00150352
2.61745 0.242424 1.00076 0.000111204 -0.0014808
2.63758 0.242424 1.00076 0.000118549 -0.00145354
2.65772 0.242424 1.00076 0.000124982 -0.00142169
2.67785 0.242424 1.00076 0.000130436 -0.00138519
2.69799 0.242424 1.00075 0.000134843 -0.00134395
2.71812 0.242424 1.00075 0.000138131 -0.00129786
2.73826 0.242424 1.00075 0.000140225 -0.00124677
2.75839 0.242424 1.00074 0.000141044 -0.00119052
2.77852 0.242424 1.00074 0.000140494 -0.00112891
2.79866 0.242424 1.00073 0.000138472 -0.0010617
2.81879 0.242424 1.00072 0.00013486 -0.00098863
2.83893 0.242424 1.00071 0.000129522 -0.000909387
2.85906 0.242424 1.0007 0.0001223 -0.00082362
2.87919 0.242424 1.00069 0.000113012 -0.000730933
2.89933 0.242424 1.00068 0.000101449 -0.000630877
2.91946 0.242424 1.00067 8.73723e-05 -0.000522946
2.9396 0.242424 1.00065 7.05108e-05 -0.000406571
2.95973 0.242424 1.00063 5.05584e-05 -0.000281112
2.97987 0.242424 1.00062 2.7181e-05 -0.000145855
3 0.242424 1.0006 0 0

0 0.262626 1 0.1 0
0.0201342 0.262626 1.18955 0.0840096 0.00755382
0.0402685 0.262626 1.20392 0.0834249 0.0140162
0.0604027 0.262626 1.20445 0.0840269 0.0193648
0.0805369 0.262626 1.20446 0.0846839 0.0236047
0.100671 0.262626 1.20366 0.0852569 0.0268034
0.120805 0.262626 1.2022 0.0856184 0.0290737
0.14094 0.262626 1.20024 0.0856843 0.0305511
0.161074 0.262626 1.19791 0.0854085 0.0313763
0.181208 0.262626 1.19534 0.0847762 0.0316827
0.201342 0.262626 1.19263 0.0837948 0.0315893
0.221477 0.262626 1.18986 0.082487 0.0311979
0.241611 0.262626 1.18709 0.0808842 0.030592
0.261745 0.262626 1.18439 0.0790223 0.0298381
0.281879 0.262626 1.18177 0.0769376 0.0289878
0.302013 0.262626 1.17926 0.0746658 0.02808
0.322148 0.262626 1.17689 0.0722396 0.0271429
0.342282 0.262626 1.17466 0.0696888 0.0261967
0.362416 0.262626 1.17257 0.0670398 0.0252547
0.38255 0.262626 1.17063 0.0643158 0.0243254
0.402685 0.262626 1.16883 0.0615371 0.0234134
0.422819 0.262626 1.16717 0.058721 0.0225206
0.442953 0.262626 1.16566 0.0558829 0.0216467
0.463087 0.262626 1.16427 0.0530358 0.0207901
0.483221 0.262626 1.16302 0.0501913 0.0199483
0.503356 0.262626 1.16189 0.0473595 0.019118
0.52349 0.262626 1.16088 0.0445494 0.0182958
0.543624 0.262626 1.15998 0.0417692 0.0174778
0.563758 0.262626 1.15919 0.0390262 0.0166606
0.583893 0.262626 1.15851 0.0363271 0.0158405
0.604027 0.262626 1.15793 0.0336784 0.0150144
0.624161 0.262626 1.15744 0.0310858 0.0141793
0.644295 0.262626 1.15704 0.0285552 0.0133328
0.66443 0.262626 1.15673 0.0260917 0.0124731
0.684564 0.262626 1.15651 0.0237005 0.0115991
0.704698 0.262626 1.15637 0.0213867 0.0107103
0.724832 0.262626 1.1563 0.019155 0.00980743
0.744966 0.262626 1.15631 0.01701 0.00889209
0.765101 0.262626 1.15639 0.0149564 0.00796735
0.785235 0.262626 1.15655 0.0129986 0.00703773
0.805369 0.262626 1.15677 0.0111414 0.00610949
0.825503 0.262626 1.15707 0.00938952 0.0051909
0.845638 0.262626 1.15743 0.00774808 0.00429242
0.865772 0.262626 1.15787 0.00622304 0.00342703
0.885906 0.262626 1.15838 0.00482076 0.00261023
0.90604 0.262626 1.15898 0.00354971 0.0018606
0.926174 0.262626 1.15963 0.00241869 0.00119906
0.946309 0.262626 1.16042 0.00144047 0.000650331
0.966443 0.262626 1.16124 0.000627988 0.000240474
0.986577 0.262626 1.16225 0 0
1.00671 0.262626 0 0 0
1.02685 0.262626 0 0 0
1.04698 0.262626 0 0 0
1.06711 0.262626 0 0 0
1.08725 0.262626 0 0 0
1.10738 0.262626 0 0 0
1.12752 0.262626 0 0 0
1.14765 0.262626 0 0 0
1.16779 0.262626 0 0 0
1.18792 0.262626 0 0 0
1.20805 0.262626 0 0 0
1.22819 0.262626 0 0 0
1.24832 0.262626 0 0 0
1.26846 0.262626 0 0 0
1.28859 0.262626 0 0 0
1.30872 0.262626 0 0 0
1.32886 0.262626 0 0 0
1.34899 0.262626 0 0 0
1.36913 0.262626 0 0 0
1.38926 0.262626 0 0 0
1.4094 0.262626 0 0 0
1.42953 0.262626 0 0 0
1.44966 0.262626 0 0 0
1.4698 0.262626 0 0 0
1.48993 0.262626 0 0 0
1.51007 0.262626 0 0 0
1.5302 0.262626 0 0 0
1.55034 0.262626 0 0 0
1.57047 0.262626 0 0 0
1.5906 0.262626 0 0 0
1.61074 0.262626 0 0 0
1.63087 0.262626 0 0 0
1.65101 0.262626 0 0 0
1.67114 0.262626 0 0 0
1.69128 0.262626 0 0 0
1.71141 0.262626 0 0 0
1.73154 0.262626 0 0 0
1.75168 0.262626 0 0 0
1.77181 0.262626 0 0 0
1.79195 0.262626 0 0 0
1.81208 0.262626 0 0 0
1.83221 0.262626 0 0 0
1.85235 0.262626 0 0 0
1.87248 0.262626 0 0 0
1.89262 0.262626 0 0 0
1.91275 0.262626 0 0 0
1.93289 0.262626 0 0 0
1.95302 0.262626 0 0 0
1.97315 0.262626 0 0 0
1.99329 0.262626 0 0 0
2.01342 0.262626 1.00051 0 0
2.03356 0.262626 1.00053 -2.32003e-05 -0.000140831
2.05369 0.262626 1.00055 -4.27394e-05 -0.000273002
2.07383 0.262626 1.00056 -5.88132e-05 -0.000397106
2.09396 0.262626 1.00058 -7.16191e-05 -0.000513642
2.11409 0.262626 1.0006 -8.13552e-05 -0.00062303
2.13423 0.262626 1.00062 -8.8219e-05 -0.00072562
2.15436 0.262626 1.00063 -9.24077e-05 -0.000821698
2.1745 0.262626 1.00065 -9.41179e-05 -0.0009115
2.19463 0.262626 1.00066 -9.35455e-05 -0.000995222
2.21477 0.262626 1.00068 -9.08864e-05 -0.00107302
2.2349 0.262626 1.00069 -8.63358e-05 -0.00114504
2.25503 0.262626 1.00071 -8.0088e-05 -0.00121137
2.27517 0.262626 1.00072 -7.23363e-05 -0.00127214
2.2953 0.262626 1.00073 -6.32718e-05 -0.00132741
2.31544 0.262626 1.00074 -5.30828e-05 -0.00137728
2.33557 0.262626 1.00075 -4.19539e-05 -0.00142181
2.3557 0.262626 1.00076 -3.00647e-05 -0.00146109
2.37584 0.262626 1.00077 -1.75893e-05 -0.00149519
2.39597 0.262626 1.00078 -4.69478e-06 -0.00152417
2.41611 0.262626 1.00079 8.45893e-06 -0.00154812
2.43624 0.262626 1.0008 2.17202e-05 -0.00156709
2.45638 0.262626 1.0008 3.49461e-05 -0.00158116
2.47651 0.262626 1.00081 4.80026e-05 -0.0015904
2.49664 0.262626 1.00081 6.07645e-05 -0.00159485
2.51678 0.262626 1.00082 7.3116e-05 -0.00159459
2.53691 0.262626 1.00082 8.49497e-05 -0.00158964
2.55705 0.262626 1.00083 9.61661e-05 -0.00158006
2.57718 0.262626 1.00083 0.000106674 -0.00156586
2.59732 0.262626 1.00083 0.000116387 -0.00154705
2.61745 0.262626 1.00083 0.000125226 -0.00152363
2.63758 0.262626 1.00083 0.000133116 -0.00149558
2.65772 0.262626 1.00083 0.000139983 -0.00146284
2.67785 0.262626 1.00083 0.000145756 -0.00142535
2.69799 0.262626 1.00082 0.000150361 -0.00138301
2.71812 0.262626 1.00082 0.000153724 -0.00133572
2.73826 0.262626 1.00081 0.000155765 -0.00128331
2.75839 0.262626 1.00081 0.000156396 -0.00122562
2.77852 0.262626 1.0008 0.000155519 -0.00116242
2.79866 0.262626 1.00079 0.000153025 -0.00109347
2.81879 0.262626 1.00079 0.000148788 -0.00101848
2.83893 0.262626 1.00078 0.000142663 -0.000937118
2.85906 0.262626 1.00076 0.000134486 -0.000849007
2.87919 0.262626 1.00075 0.000124065 -0.000753722
2.89933 0.262626 1.00074 0.000111182 -0.000650781
2.91946 0.262626 1.00072 9.55888e-05 -0.000539646
2.9396 0.262626 1.00071 7.70054e-05 -0.000419713
2.95973 0.262626 1.00069 5.51163e-05 -0.000290307
2.97987 0.262626 1.00067 2.95778e-05 -0.000150679
3 0.262626 1.00065 0 0

0 0.282828 1 0.1 0
0.0201342 0.282828 1.18459 0.0843177 0.00710493
0.0402685 0.282828 1.19875 0.0836325 0.0132982
0.0604027 0.282828 1.1993 0.0841127 0.0185473
0.0805369 0.282828 1.19946 0.0846629 0.0228406
0.100671 0.282828 1.19894 0.0851671 0.0262147
0.120805 0.282828 1.19786 0.0855114 0.028747
0.14094 0.282828 1.19633 0.0856141 0.0305387
0.161074 0.282828 1.19445 0.0854241 0.0317009
0.181208 0.282828 1.19232 0.0849166 0.0323439
0.201342 0.282828 1.19004 0.0840875 0.0325706
0.221477 0.282828 1.18766 0.0829481 0.0324721
0.241611 0.282828 1.18525 0.0815195 0.0321261
0.261745 0.282828 1.18286 0.0798289 0.0315971
0.281879 0.282828 1.18053 0.0779064 0.0309367
0.302013 0.282828 1.17827 0.0757827 0.0301855
0.322148 0.282828 1.17611 0.0734875 0.0293746
0.342282 0.282828 1.17406 0.0710488 0.028527
0.362416 0.282828 1.17213 0.0684923 0.0276593
0.38255 0.282828 1.17032 0.0658414 0.0267829
0.402685 0.282828 1.16864 0.0631167 0.0259053
0.422819 0.282828 1.16708 0.0603368 0.0250306
0.442953 0.282828 1.16564 0.057518 0.024161
0.463087 0.282828 1.16433 0.0546748 0.0232965
0.483221 0.282828 1.16314 0.0518202 0.0224361
0.503356 0.282828 1.16206 0.0489657 0.0215779
0.52349 0.282828 1.16109 0.0461216 0.0207194
0.543624 0.282828 1.16022 0.0432973 0.0198578
0.563758 0.282828 1.15947 0.0405014 0.0189901
0.583893 0.282828 1.15881 0.0377417 0.0181133
0.604027 0.282828 1.15824 0.0350256 0.0172247
0.624161 0.282828 1.15777 0.03236 0.0163218
0.644295 0.282828 1.1574 0.0297514 0.0154025
0.66443 0.282828 1.1571 0.027206 0.0144652
0.684564 0.282828 1.15689 0.0247297 0.0135089
0.704698 0.282828 1.15676 0.0223284 0.0125334
0.724832 0.282828 1.15671 0.0200075 0.0115395
0.744966 0.282828 1.15674 0.0177726 0.0105289
0.765101 0.282828 1.15684 0.0156291 0.00950471
0.785235 0.282828 1.15702 0.0135824 0.00847138
0.805369 0.282828 1.15727 0.0116382 0.00743497
0.825503 0.282828 1.1576 0.00980231 0.00640339
0.845638 0.282828 1.15799 0.00808107 0.00538654
0.865772 0.282828 1.15847 0.00648163 0.00439658
0.885906 0.282828 1.15902 0.00501174 0.00344787
0.90604 0.282828 1.15967 0.0036811 0.00255743
0.926174 0.282828 1.16038 0.00250002 0.00174437
0.946309 0.282828 1.16122 0.0014824 0.00103085
0.966443 0.282828 1.16211 0.000642485 0.000440401
0.986577 0.282828 1.16318 0 0
1.00671 0.282828 0 0 0
1.02685 0.282828 0 0 0
1.04698 0.282828 0 0 0
1.06711 0.282828 0 0 0
1.08725 0.282828 0 0 0
1.10738 0.282828 0 0 0
1.12752 0.282828 0 0 0
1.14765 0.282828 0 0 0
1.16779 0.282828 0 0 0
1.18792 0.282828 0 0 0
1.20805 0.282828 0 0 0
1.22819 0.282828 0 0 0
1.24832 0.282828 0 0 0
1.26846 0.282828 0 0 0
1.28859 0.282828 0 0 0
1.30872 0.282828 0 0 0
1.32886 0.282828 0 0 0
1.34899 0.282828 0 0 0
1.36913 0.282828 0 0 0
1.38926 0.282828 0 0 0
1.4094 0.282828 0 0 0
1.42953 0.282828 0 0 0
1.44966 0.282828 0 0 0
1.4698 0.282828 0 0 0
1.48993 0.282828 0 0 0
1.51007 0.282828 0 0 0
1.5302 0.282828 0 0 0
1.55034 0.282828 0 0 0
1.57047 0.282828 0 0 0
1.5906 0.282828 0 0 0
1.61074 0.282828 0 0 0
1.63087 0.282828 0 0 0
1.65101 0.282828 0 0 0
1.67114 0.282828 0 0 0
1.69128 0.282828 0 0 0
1.71141 0.282828 0 0 0
1.73154 0.282828 0 0 0
1.75168 0.282828 0 0 0
1.77181 0.282828 0 0 0
1.79195 0.282828 0 0 0
1.81208 0.282828 0 0 0
1.83221 0.282828 0 0 0
1.85235 0.282828 0 0 0
1.87248 0.282828 0 0 0
1.89262 0.282828 0 0 0
1.91275 0.282828 0 0 0
1.93289 0.282828 0 0 0
1.95302 0.282828 0 0 0
1.97315 0.282828 0 0 0
1.99329 0.282828 0 0 0
2.01342 0.282828 1.00055 0 0
2.03356 0.282828 1.00057 -2.50356e-05 -0.000145235
2.05369 0.282828 1.00059 -4.61371e-05 -0.000281614
2.07383 0.282828 1.00061 -6.34989e-05 -0.000409723
2.09396 0.282828 1.00063 -7.73188e-05 -0.000530062
2.11409 0.282828 1.00065 -8.7798e-05 -0.000643048
2.13423 0.282828 1.00067 -9.51402e-05 -0.000749027
2.15436 0.282828 1.00069 -9.95519e-05 -0.000848286
2.1745 0.282828 1.0007 -0.000101242 -0.00094106
2.19463 0.282828 1.00072 -0.000100423 -0.00102754
2.21477 0.282828 1.00074 -9.73066e-05 -0.00110789
2.2349 0.282828 1.00075 -9.21092e-05 -0.00118224
2.25503 0.282828 1.00077 -8.50462e-05 -0.0012507
2.27517 0.282828 1.00078 -7.6333e-05 -0.00131337
2.2953 0.282828 1.0008 -6.61837e-05 -0.00137035
2.31544 0.282828 1.00081 -5.48093e-05 -0.00142171
2.33557 0.282828 1.00082 -4.24171e-05 -0.00146754
2.3557 0.282828 1.00083 -2.92088e-05 -0.00150791
2.37584 0.282828 1.00084 -1.53793e-05 -0.00154291
2.39597 0.282828 1.00085 -1.11603e-06 -0.00157261
2.41611 0.282828 1.00086 1.34028e-05 -0.00159709
2.43624 0.282828 1.00087 2.80082e-05 -0.00161644
2.45638 0.282828 1.00088 4.25417e-05 -0.00163071
2.47651 0.282828 1.00088 5.6855e-05 -0.00164
2.49664 0.282828 1.00089 7.08107e-05 -0.00164437
2.51678 0.282828 1.00089 8.42814e-05 -0.00164388
2.53691 0.282828 1.0009 9.71503e-05 -0.00163858
2.55705 0.282828 1.0009 0.00010931 -0.00162853
2.57718 0.282828 1.0009 0.000120661 -0.00161374
2.59732 0.282828 1.0009 0.000131112 -0.00159424
2.61745 0.282828 1.0009 0.000140578 -0.00157001
2.63758 0.282828 1.0009 0.000148978 -0.00154105
2.65772 0.282828 1.0009 0.000156237 -0.0015073
2.67785 0.282828 1.0009 0.000162277 -0.00146869
2.69799 0.282828 1.00089 0.000167024 -0.00142513
2.71812 0.282828 1.00089 0.000170397 -0.00137649
2.73826 0.282828 1.00088 0.000172313 -0.00132262
2.75839 0.282828 1.00088 0.000172681 -0.00126333
2.77852 0.282828 1.00087 0.000171397 -0.00119838
2.79866 0.282828 1.00086 0.000168348 -0.00112751
2.81879 0.282828 1.00085 0.0001634 -0.00105042
2.83893 0.282828 1.00084 0.000156404 -0.000966749
2.85906 0.282828 1.00083 0.000147187 -0.000876092
2.87919 0.282828 1.00082 0.000135551 -0.000777997
2.89933 0.282828 1.0008 0.000121268 -0.00067195
2.91946 0.282828 1.00079 0.000104082 -0.00055738
2.9396 0.282828 1.00077 8.37046e-05 -0.000433647
2.95973 0.282828 1.00075 5.98092e-05 -0.000300042
2.97987 0.282828 1.00073 3.20422e-05 -0.000155781
3 0.282828 1.00071 0 0

0 0.30303 1 0.1 0
0.0201342 0.30303 1.18035 0.0845867 0.00672422
0.0402685 0.30303 1.1943 0.0838191 0.0126771
0.0604027 0.30303 1.19483 0.0841926 0.0178229
0.0805369 0.30303 1.19507 0.0846414 0.0221404
0.100671 0.30303 1.19475 0.0850693 0.0256458
0.120805 0.30303 1.19395 0.0853757 0.0283906
0.14094 0.30303 1.19275 0.0854842 0.0304493
0.161074 0.30303 1.19122 0.0853423 0.0319084
0.181208 0.30303 1.18945 0.0849193 0.0328581
0.201342 0.30303 1.18752 0.0842031 0.0333853
0.221477 0.30303 1.18548 0.0831958 0.0335701
0.241611 0.30303 1.18338 0.0819101 0.0334833
0.261745 0.30303 1.18128 0.0803655 0.0331852
0.281879 0.30303 1.1792 0.0785858 0.0327261
0.302013 0.30303 1.17717 0.0765968 0.0321467
0.322148 0.30303 1.17521 0.0744248 0.0314794
0.342282 0.30303 1.17334 0.0720952 0.0307491
0.362416 0.30303 1.17156 0.0696324 0.0299748
0.38255 0.30303 1.16988 0.067059 0.0291701
0.402685 0.30303 1.16831 0.0643957 0.0283449
0.422819 0.30303 1.16685 0.0616614 0.0275055
0.442953 0.30303 1.1655 0.0588731 0.0266559
0.463087 0.30303 1.16426 0.0560463 0.025798
0.483221 0.30303 1.16313 0.0531948 0.0249322
0.503356 0.30303 1.1621 0.0503314 0.0240579
0.52349 0.30303 1.16118 0.0474673 0.0231737
0.543624 0.30303 1.16036 0.0446131 0.0222777
0.563758 0.30303 1.15963 0.0417783 0.0213677
0.583893 0.30303 1.159 0.0389718 0.0204414
0.604027 0.30303 1.15846 0.036202 0.0194966
0.624161 0.30303 1.15802 0.0334766 0.0185311
0.644295 0.30303 1.15766 0.030803 0.0175432
0.66443 0.30303 1.15738 0.0281882 0.0165317
0.684564 0.30303 1.15719 0.025639 0.0154958
0.704698 0.30303 1.15708 0.0231619 0.0144355
0.724832 0.30303 1.15705 0.0207634 0.0133517
0.744966 0.30303 1.1571 0.0184496 0.0122461
0.765101 0.30303 1.15722 0.0162268 0.0111219
0.785235 0.30303 1.15742 0.0141015 0.00998322
0.805369 0.30303 1.1577 0.0120803 0.00883603
0.825503 0.30303 1.15805 0.0101699 0.00768778
0.845638 0.30303 1.15848 0.00837782 0.00654773
0.865772 0.30303 1.15899 0.00671235 0.00542714
0.885906 0.30303 1.15958 0.00518243 0.00433922
0.90604 0.30303 1.16027 0.00379891 0.00329944
0.926174 0.30303 1.16103 0.00257332 0.00232508
0.946309 0.30303 1.16192 0.00152056 0.00143592
0.966443 0.30303 1.16287 0.000655965 0.000652992
0.986577 0.30303 1.16399 0 0
1.00671 0.30303 0 0 0
1.02685 0.30303 0 0 0
1.04698 0.30303 0 0 0
1.06711 0.30303 0 0 0
1.08725 0.30303 0 0 0
1.10738 0.30303 0 0 0
1.12752 0.30303 0 0 0
1.14765 0.30303 0 0 0
1.16779 0.30303 0 0 0
1.18792 0.30303 0 0 0
1.20805 0.30303 0 0 0
1.22819 0.30303 0 0 0
1.24832 0.30303 0 0 0
1.26846 0.30303 0 0 0
1.28859 0.30303 0 0 0
1.30872 0.30303 0 0 0
1.32886 0.30303 0 0 0
1.34899 0.30303 0 0 0
1.36913 0.30303 0 0 0
1.38926 0.30303 0 0 0
1.4094 0.30303 0 0 0
1.42953 0.30303 0 0 0
1.44966 0.30303 0 0 0
1.4698 0.30303 0 0 0
1.48993 0.30303 0 0 0
1.51007 0.30303 0 0 0
1.5302 0.30303 0 0 0
1.55034 0.30303 0 0 0
1.57047 0.30303 0 0 0
1.5906 0.30303 0 0 0
1.61074 0.30303 0 0 0
1.63087 0.30303 0 0 0
1.65101 0.30303 0 0 0
1.67114 0.30303 0 0 0
1.69128 0.30303 0 0 0
1.71141 0.30303 0 0 0
1.73154 0.30303 0 0 0
1.75168 0.30303 0 0 0
1.77181 0.30303 0 0 0
1.79195 0.30303 0 0 0
1.81208 0.30303 0 0 0
1.83221 0.30303 0 0 0
1.85235 0.30303 0 0 0
1.87248 0.30303 0 0 0
1.89262 0.30303 0 0 0
1.91275 0.30303 0 0 0
1.93289 0.30303 0 0 0
1.95302 0.30303 0 0 0
1.97315 0.30303 0 0 0
1.99329 0.30303 0 0 0
2.01342 0.30303 1.0006 0 0
2.03356 0.30303 1.00062 -2.68782e-05 -0.000149942
2.05369 0.30303 1.00064 -4.95371e-05 -0.000290836
2.07383 0.30303 1.00066 -6.81701e-05 -0.000423264
2.09396 0.30303 1.00068 -8.29759e-05 -0.000547719
2.11409 0.30303 1.0007 -9.41591e-05 -0.000664613
2.13423 0.30303 1.00072 -0.00010193 -0.000774288
2.15436 0.30303 1.00074 -0.000106506 -0.000877025
2.1745 0.30303 1.00076 -0.000108108 -0.000973055
2.19463 0.30303 1.00078 -0.000106965 -0.00106257
2.21477 0.30303 1.0008 -0.000103308 -0.00114571
2.2349 0.30303 1.00082 -9.73749e-05 -0.00122263
2.25503 0.30303 1.00083 -8.94032e-05 -0.00129342
2.27517 0.30303 1.00085 -7.96326e-05 -0.00135819
2.2953 0.30303 1.00086 -6.83013e-05 -0.00141702
2.31544 0.30303 1.00088 -5.56454e-05 -0.00147001
2.33557 0.30303 1.00089 -4.18961e-05 -0.00151724
2.3557 0.30303 1.0009 -2.72788e-05 -0.0015588
2.37584 0.30303 1.00091 -1.20111e-05 -0.00159476
2.39597 0.30303 1.00092 3.69855e-06 -0.00162521
2.41611 0.30303 1.00093 1.9652e-05 -0.00165025
2.43624 0.30303 1.00094 3.56623e-05 -0.00166996
2.45638 0.30303 1.00095 5.15543e-05 -0.00168443
2.47651 0.30303 1.00096 6.71653e-05 -0.00169374
2.49664 0.30303 1.00096 8.23446e-05 -0.00169796
2.51678 0.30303 1.00097 9.69538e-05 -0.00169719
2.53691 0.30303 1.00097 0.000110866 -0.00169146
2.55705 0.30303 1.00098 0.000123966 -0.00168085
2.57718 0.30303 1.00098 0.000136147 -0.00166538
2.59732 0.30303 1.00098 0.000147312 -0.00164507
2.61745 0.30303 1.00098 0.000157371 -0.00161993
2.63758 0.30303 1.00098 0.000166239 -0.00158994
2.65772 0.30303 1.00097 0.000173837 -0.00155505
2.67785 0.30303 1.00097 0.000180086 -0.00151519
2.69799 0.30303 1.00097 0.000184906 -0.00147027
2.71812 0.30303 1.00096 0.000188216 -0.00142015
2.73826 0.30303 1.00096 0.000189928 -0.00136466
2.75839 0.30303 1.00095 0.000189949 -0.00130361
2.77852 0.30303 1.00094 0.000188172 -0.00123674
2.79866 0.30303 1.00093 0.000184477 -0.00116379
2.81879 0.30303 1.00092 0.000178729 -0.00108442
2.83893 0.30303 1.00091 0.000170772 -0.000998247
2.85906 0.30303 1.0009 0.000160426 -0.000904847
2.87919 0.30303 1.00088 0.000147488 -0.000803735
2.89933 0.30303 1.00087 0.000131722 -0.000694368
2.91946 0.30303 1.00085 0.000112864 -0.000576136
2.9396 0.30303 1.00083 9.0616e-05 -0.000448368
2.95973 0.30303 1.00081 6.46419e-05 -0.000310315
2.97987 0.30303 1.00079 3.45761e-05 -0.000161159
3 0.30303 1.00077 0 0

0 0.323232 1 0.1 0
0.0201342 0.323232 1.17668 0.0848237 0.00640063
0.0402685 0.323232 1.19042 0.0839876 0.0121413
0.0604027 0.323232 1.19092 0.0842677 0.0171865
0.0805369 0.323232 1.1912 0.0846226 0.0215099
0.100671 0.323232 1.19101 0.0849718 0.0251144
0.120805 0.323232 1.19041 0.0852279 0.0280326
0.14094 0.323232 1.18946 0.0853207 0.0303184
0.161074 0.323232 1.18821 0.0851986 0.0320385
0.181208 0.323232 1.18674 0.0848282 0.0332652
0.201342 0.323232 1.1851 0.0841917 0.0340714
0.221477 0.323232 1.18334 0.0832848 0.0345261
0.241611 0.323232 1.18152 0.0821131 0.0346925
0.261745 0.323232 1.17966 0.0806897 0.0346258
0.281879 0.323232 1.17781 0.0790326 0.0343737
0.302013 0.323232 1.17599 0.0771629 0.0339757
0.322148 0.323232 1.17421 0.0751031 0.0334645
0.342282 0.323232 1.17251 0.072876 0.0328658
0.362416 0.323232 1.17087 0.0705041 0.0322001
0.38255 0.323232 1.16933 0.0680088 0.0314828
0.402685 0.323232 1.16787 0.0654102 0.0307255
0.422819 0.323232 1.16651 0.0627272 0.0299364
0.442953 0.323232 1.16524 0.059977 0.0291211
0.463087 0.323232 1.16408 0.0571755 0.0282831
0.483221 0.323232 1.16301 0.0543374 0.0274242
0.503356 0.323232 1.16204 0.0514759 0.0265451
0.52349 0.323232 1.16116 0.0486034 0.0256455
0.543624 0.323232 1.16038 0.0457312 0.0247244
0.563758 0.323232 1.15969 0.0428697 0.0237804
0.583893 0.323232 1.1591 0.0400286 0.0228118
0.604027 0.323232 1.15859 0.0372172 0.021817
0.624161 0.323232 1.15817 0.0344441 0.0207944
0.644295 0.323232 1.15783 0.0317173 0.0197427
0.66443 0.323232 1.15758 0.0290448 0.0186609
0.684564 0.323232 1.15741 0.026434 0.0175484
0.704698 0.323232 1.15732 0.0238922 0.0164055
0.724832 0.323232 1.15731 0.0214267 0.0152331
0.744966 0.323232 1.15737 0.0190446 0.0140331
0.765101 0.323232 1.15752 0.0167528 0.0128085
0.785235 0.323232 1.15774 0.0145588 0.0115633
0.805369 0.323232 1.15804 0.01247 0.0103032
0.825503 0.323232 1.15842 0.0104943 0.00903503
0.845638 0.323232 1.15888 0.00863997 0.00776751
0.865772 0.323232 1.15943 0.00691646 0.00651093
0.885906 0.323232 1.16006 0.00533377 0.00527733
0.90604 0.323232 1.16078 0.00390375 0.00408066
0.926174 0.323232 1.16159 0.00263895 0.00293643
0.946309 0.323232 1.16252 0.00155512 0.00186218
0.966443 0.323232 1.16352 0.000668459 0.000876469
0.986577 0.323232 1.16468 0 0
1.00671 0.323232 0 0 0
1.02685 0.323232 0 0 0
1.04698 0.323232 0 0 0
1.06711 0.323232 0 0 0
1.08725 0.323232 0 0 0
1.10738 0.323232 0 0 0
1.12752 0.323232 0 0 0
1.14765 0.323232 0 0 0
1.16779 0.323232 0 0 0
1.18792 0.323232 0 0 0
1.20805 0.323232 0 0 0
1.22819 0.323232 0 0 0
1.24832 0.323232 0 0 0
1.26846 0.323232 0 0 0
1.28859 0.323232 0 0 0
1.30872 0.323232 0 0 0
1.32886 0.323232 0 0 0
1.34899 0.323232 0 0 0
1.36913 0.323232 0 0 0
1.38926 0.323232 0 0 0
1.4094 0.323232 0 0 0
1.42953 0.323232 0 0 0
1.44966 0.323232 0 0 0
1.4698 0.323232 0 0 0
1.48993 0.323232 0 0 0
1.51007 0.323232 0 0 0
1.5302 0.323232 0 0 0
1.55034 0.323232 0 0 0
1.57047 0.323232 0 0 0
1.5906 0.323232 0 0 0
1.61074 0.323232 0 0 0
1.63087 0.323232 0 0 0
1.65101 0.323232 0 0 0
1.67114 0.323232 0 0 0
1.69128 0.323232 0 0 0
1.71141 0.323232 0 0 0
1.73154 0.323232 0 0 0
1.75168 0.323232 0 0 0
1.77181 0.323232 0 0 0
1.79195 0.323232 0 0 0
1.81208 0.323232 0 0 0
1.83221 0.323232 0 0 0
1.85235 0.323232 0 0 0
1.87248 0.323232 0 0 0
1.89262 0.323232 0 0 0
1.91275 0.323232 0 0 0
1.93289 0.323232 0 0 0
1.95302 0.323232 0 0 0
1.97315 0.323232 0 0 0
1.99329 0.323232 0 0 0
2.01342 0.323232 1.00064 0 0
2.03356 0.323232 1.00067 -2.87249e-05 -0.000154965
2.05369 0.323232 1.00069 -5.29324e-05 -0.000300695
2.07383 0.323232 1.00071 -7.28146e-05 -0.000437766
2.09396 0.323232 1.00073 -8.85714e-05 -0.000566662
2.11409 0.323232 1.00076 -0.000100411 -0.000687788
2.13423 0.323232 1.00078 -0.000108552 -0.000801477
2.15436 0.323232 1.0008 -0.00011322 -0.000908
2.1745 0.323232 1.00082 -0.000114653 -0.00100758
2.19463 0.323232 1.00084 -0.000113096 -0.0011004
2.21477 0.323232 1.00086 -0.000108802 -0.0011866
2.2349 0.323232 1.00088 -0.000102029 -0.00126631
2.25503 0.323232 1.0009 -9.3042e-05 -0.00133965
2.27517 0.323232 1.00091 -8.21047e-05 -0.00140669
2.2953 0.323232 1.00093 -6.94826e-05 -0.00146755
2.31544 0.323232 1.00095 -5.5438e-05 -0.0015223
2.33557 0.323232 1.00096 -4.02286e-05 -0.00157104
2.3557 0.323232 1.00097 -2.41048e-05 -0.00161385
2.37584 0.323232 1.00099 -7.30851e-06 -0.00165083
2.39597 0.323232 1.001 9.92926e-06 -0.00168207
2.41611 0.323232 1.00101 2.73894e-05 -0.00170768
2.43624 0.323232 1.00102 4.48659e-05 -0.00172774
2.45638 0.323232 1.00103 6.21666e-05 -0.00174237
2.47651 0.323232 1.00103 7.91134e-05 -0.00175165
2.49664 0.323232 1.00104 9.55425e-05 -0.00175568
2.51678 0.323232 1.00105 0.000111304 -0.00175454
2.53691 0.323232 1.00105 0.000126262 -0.00174831
2.55705 0.323232 1.00105 0.000140292 -0.00173704
2.57718 0.323232 1.00105 0.000153281 -0.00172078
2.59732 0.323232 1.00106 0.000165127 -0.00169955
2.61745 0.323232 1.00106 0.000175736 -0.00167338
2.63758 0.323232 1.00105 0.00018502 -0.00164223
2.65772 0.323232 1.00105 0.000192896 -0.00160607
2.67785 0.323232 1.00105 0.000199283 -0.00156483
2.69799 0.323232 1.00104 0.000204099 -0.0015184
2.71812 0.323232 1.00104 0.000207262 -0.00146664
2.73826 0.323232 1.00103 0.000208683 -0.00140938
2.75839 0.323232 1.00102 0.000208265 -0.00134641
2.77852 0.323232 1.00101 0.000205898 -0.00127747
2.79866 0.323232 1.001 0.000201462 -0.00120226
2.81879 0.323232 1.00099 0.000194817 -0.00112043
2.83893 0.323232 1.00098 0.000185801 -0.00103157
2.85906 0.323232 1.00097 0.000174233 -0.00093524
2.87919 0.323232 1.00095 0.0001599 -0.000830912
2.89933 0.323232 1.00093 0.000142563 -0.000718013
2.91946 0.323232 1.00092 0.000121948 -0.000595901
2.9396 0.323232 1.0009 9.77494e-05 -0.000463866
2.95973 0.323232 1.00088 6.962e-05 -0.000321123
2.97987 0.323232 1.00085 3.71819e-05 -0.000166814
3 0.323232 1.00083 0 0

0 0.343434 1 0.1 0
0.0201342 0.343434 1.17346 0.0850343 0.00612538
0.0402685 0.343434 1.18702 0.0841406 0.0116806
0.0604027 0.343434 1.18748 0.084339 0.0166318
0.0805369 0.343434 1.18776 0.0846076 0.0209505
0.100671 0.343434 1.18766 0.0848794 0.0246309
0.120805 0.343434 1.1872 0.0850783 0.0276921
0.14094 0.343434 1.18644 0.0851408 0.0301722
0.161074 0.343434 1.18541 0.0850178 0.0321216
0.181208 0.343434 1.18418 0.084675 0.0335979
0.201342 0.343434 1.18278 0.0840913 0.0346613
0.221477 0.343434 1.18126 0.0832576 0.0353705
0.241611 0.343434 1.17967 0.0821741 0.0357807
0.261745 0.343434 1.17803 0.0808486 0.0359419
0.281879 0.343434 1.17639 0.0792941 0.0358979
0.302013 0.343434 1.17475 0.0775273 0.0356866
0.322148 0.343434 1.17315 0.0755672 0.0353395
0.342282 0.343434 1.17159 0.0734337 0.0348828
0.362416 0.343434 1.1701 0.0711471 0.0343375
0.38255 0.343434 1.16867 0.0687274 0.0337202
0.402685 0.343434 1.16732 0.0661938 0.0330438
0.422819 0.343434 1.16606 0.0635647 0.0323179
0.442953 0.343434 1.16488 0.0608572 0.0315494
0.463087 0.343434 1.16378 0.0580873 0.0307433
0.483221 0.343434 1.16278 0.0552699 0.0299027
0.503356 0.343434 1.16187 0.052419 0.0290294
0.52349 0.343434 1.16104 0.0495474 0.0281241
0.543624 0.343434 1.16031 0.046667 0.0271867
0.563758 0.343434 1.15966 0.043789 0.0262166
0.583893 0.343434 1.15909 0.040924 0.025213
0.604027 0.343434 1.15862 0.0380817 0.0241747
0.624161 0.343434 1.15822 0.0352715 0.0231006
0.644295 0.343434 1.15791 0.0325022 0.0219897
0.66443 0.343434 1.15768 0.0297826 0.0208415
0.684564 0.343434 1.15754 0.0271207 0.0196557
0.704698 0.343434 1.15747 0.0245246 0.0184326
0.724832 0.343434 1.15748 0.0220024 0.0171734
0.744966 0.343434 1.15757 0.0195618 0.0158798
0.765101 0.343434 1.15774 0.0172108 0.0145548
0.785235 0.343434 1.15798 0.0149574 0.0132022
0.805369 0.343434 1.15831 0.0128101 0.0118273
0.825503 0.343434 1.15872 0.0107776 0.0104365
0.845638 0.343434 1.15921 0.0088693 0.00903783
0.865772 0.343434 1.15978 0.00709536 0.00764056
0.885906 0.343434 1.16044 0.00546678 0.00625562
0.90604 0.343434 1.1612 0.00399628 0.00489549
0.926174 0.343434 1.16205 0.0026973 0.00357395
0.946309 0.343434 1.16302 0.00158624 0.00230643
0.966443 0.343434 1.16405 0.000680007 0.00110915
0.986577 0.343434 1.16526 0 0
1.00671 0.343434 0 0 0
1.02685 0.343434 0 0 0
1.04698 0.343434 0 0 0
1.06711 0.343434 0 0 0
1.08725 0.343434 0 0 0
1.10738 0.343434 0 0 0
1.12752 0.343434 0 0 0
1.14765 0.343434 0 0 0
1.16779 0.343434 0 0 0
1.18792 0.343434 0 0 0
1.20805 0.343434 0 0 0
1.22819 0.343434 0 0 0
1.24832 0.343434 0 0 0
1.26846 0.343434 0 0 0
1.28859 0.343434 0 0 0
1.30872 0.343434 0 0 0
1.32886 0.343434 0 0 0
1.34899 0.343434 0 0 0
1.36913 0.343434 0 0 0
1.38926 0.343434 0 0 0
1.4094 0.343434 0 0 0
1.42953 0.343434 0 0 0
1.44966 0.343434 0 0 0
1.4698 0.343434 0 0 0
1.48993 0.343434 0 0 0
1.51007 0.343434 0 0 0
1.5302 0.343434 0 0 0
1.55034 0.343434 0 0 0
1.57047 0.343434 0 0 0
1.5906 0.343434 0 0 0
1.61074 0.343434 0 0 0
1.63087 0.343434 0 0 0
1.65101 0.343434 0 0 0
1.67114 0.343434 0 0 0
1.69128 0.343434 0 0 0
1.71141 0.343434 0 0 0
1.73154 0.343434 0 0 0
1.75168 0.343434 0 0 0
1.77181 0.343434 0 0 0
1.79195 0.343434 0 0 0
1.81208 0.343434 0 0 0
1.83221 0.343434 0 0 0
1.85235 0.343434 0 0 0
1.87248 0.343434 0 0 0
1.89262 0.343434 0 0 0
1.91275 0.343434 0 0 0
1.93289 0.343434 0 0 0
1.95302 0.343434 0 0 0
1.97315 0.343434 0 0 0
1.99329 0.343434 0 0 0
2.01342 0.343434 1.00069 0 0
2.03356 0.343434 1.00072 -3.05725e-05 -0.000160318
2.05369 0.343434 1.00074 -5.63157e-05 -0.00031122
2.07383 0.343434 1.00076 -7.74197e-05 -0.000453273
2.09396 0.343434 1.00079 -9.40853e-05 -0.000586951
2.11409 0.343434 1.00081 -0.000106525 -0.000712646
2.13423 0.343434 1.00084 -0.000114964 -0.000830678
2.15436 0.343434 1.00086 -0.000119642 -0.000941307
2.1745 0.343434 1.00088 -0.000120811 -0.00104474
2.19463 0.343434 1.0009 -0.000118735 -0.00114115
2.21477 0.343434 1.00092 -0.00011369 -0.00123067
2.2349 0.343434 1.00094 -0.000105959 -0.00131343
2.25503 0.343434 1.00096 -9.58338e-05 -0.00138951
2.27517 0.343434 1.00098 -8.36062e-05 -0.00145903
2.2953 0.343434 1.001 -6.95706e-05 -0.00152206
2.31544 0.343434 1.00102 -5.40182e-05 -0.0015787
2.33557 0.343434 1.00103 -3.72348e-05 -0.00162905
2.3557 0.343434 1.00105 -1.94983e-05 -0.00167319
2.37584 0.343434 1.00106 -1.07611e-06 -0.00171123
2.39597 0.343434 1.00108 1.77765e-05 -0.00174329
2.41611 0.343434 1.00109 3.68184e-05 -0.00176946
2.43624 0.343434 1.0011 5.58237e-05 -0.00178987
2.45638 0.343434 1.00111 7.45823e-05 -0.00180461
2.47651 0.343434 1.00111 9.29008e-05 -0.00181381
2.49664 0.343434 1.00112 0.000110602 -0.00181757
2.51678 0.343434 1.00113 0.000127524 -0.00181598
2.53691 0.343434 1.00113 0.000143522 -0.00180914
2.55705 0.343434 1.00113 0.000158464 -0.0017971
2.57718 0.343434 1.00113 0.000172231 -0.00177994
2.59732 0.343434 1.00114 0.000184717 -0.00175768
2.61745 0.343434 1.00113 0.000195823 -0.00173034
2.63758 0.343434 1.00113 0.000205459 -0.0016979
2.65772 0.343434 1.00113 0.00021354 -0.00166033
2.67785 0.343434 1.00113 0.000219984 -0.00161756
2.69799 0.343434 1.00112 0.00022471 -0.00156947
2.71812 0.343434 1.00111 0.000227633 -0.00151593
2.73826 0.343434 1.00111 0.000228664 -0.00145674
2.75839 0.343434 1.0011 0.000227704 -0.0013917
2.77852 0.343434 1.00109 0.000224645 -0.00132051
2.79866 0.343434 1.00108 0.000219362 -0.00124288
2.81879 0.343434 1.00107 0.000211713 -0.00115841
2.83893 0.343434 1.00105 0.000201536 -0.00106669
2.85906 0.343434 1.00104 0.000188642 -0.000967235
2.87919 0.343434 1.00102 0.000172816 -0.000859495
2.89933 0.343434 1.001 0.000153813 -0.000742862
2.91946 0.343434 1.00098 0.000131352 -0.000616657
2.9396 0.343434 1.00096 0.000105117 -0.000480131
2.95973 0.343434 1.00094 7.47503e-05 -0.00033246
2.97987 0.343434 1.00092 3.98623e-05 -0.000172743
3 0.343434 1.00089 0 0

0 0.363636 1 0.1 0
0.0201342 0.363636 1.1706 0.0852228 0.00589138
0.0402685 0.363636 1.184 0.0842802 0.0112859
0.0604027 0.363636 1.18441 0.0844069 0.016152
0.0805369 0.363636 1.18469 0.084597 0.0204609
0.100671 0.363636 1.18464 0.0847944 0.024201
0.120805 0.363636 1.18429 0.0849329 0.0273819
0.14094 0.363636 1.18366 0.0849557 0.0300294
0.161074 0.363636 1.18281 0.0848169 0.0321812
0.181208 0.363636 1.18176 0.0844826 0.0338826
0.201342 0.363636 1.18056 0.0839299 0.0351823
0.221477 0.363636 1.17925 0.0831466 0.0361298
0.241611 0.363636 1.17785 0.0821289 0.0367727
0.261745 0.363636 1.17641 0.0808802 0.0371553
0.281879 0.363636 1.17494 0.0794093 0.0373175
0.302013 0.363636 1.17347 0.0777292 0.0372943
0.322148 0.363636 1.17202 0.0758554 0.0371161
0.342282 0.363636 1.17061 0.0738052 0.0368084
0.362416 0.363636 1.16924 0.0715966 0.0363921
0.38255 0.363636 1.16793 0.069248 0.0358846
0.402685 0.363636 1.16668 0.0667774 0.0352995
0.422819 0.363636 1.16551 0.0642024 0.0346474
0.442953 0.363636 1.16441 0.0615397 0.0339366
0.463087 0.363636 1.16339 0.0588051 0.0331729
0.483221 0.363636 1.16245 0.0560138 0.0323607
0.503356 0.363636 1.1616 0.0531798 0.0315027
0.52349 0.363636 1.16082 0.0503164 0.0306007
0.543624 0.363636 1.16013 0.0474359 0.0296553
0.563758 0.363636 1.15953 0.0445501 0.0286669
0.583893 0.363636 1.159 0.0416701 0.0276351
0.604027 0.363636 1.15856 0.0388062 0.0265594
0.624161 0.363636 1.15819 0.0359685 0.0254393
0.644295 0.363636 1.15791 0.0331664 0.0242741
0.66443 0.363636 1.15771 0.0304093 0.0230636
0.684564 0.363636 1.15758 0.0277059 0.0218078
0.704698 0.363636 1.15754 0.0250651 0.0205072
0.724832 0.363636 1.15757 0.0224956 0.0191629
0.744966 0.363636 1.15768 0.0200058 0.0177768
0.765101 0.363636 1.15787 0.0176046 0.0163516
0.785235 0.363636 1.15814 0.0153008 0.0148911
0.805369 0.363636 1.15849 0.0131035 0.0134
0.825503 0.363636 1.15893 0.0110225 0.0118843
0.845638 0.363636 1.15944 0.0090678 0.0103512
0.865772 0.363636 1.16005 0.00725056 0.00880914
0.885906 0.363636 1.16074 0.00558256 0.00726796
0.90604 0.363636 1.16153 0.00407725 0.00573869
0.926174 0.363636 1.1624 0.0027488 0.00423346
0.946309 0.363636 1.1634 0.00161413 0.00276572
0.966443 0.363636 1.16448 0.000690658 0.00134948
0.986577 0.363636 1.16572 0 0
1.00671 0.363636 0 0 0
1.02685 0.363636 0 0 0
1.04698 0.363636 0 0 0
1.06711 0.363636 0 0 0
1.08725 0.363636 0 0 0
1.10738 0.363636 0 0 0
1.12752 0.363636 0 0 0
1.14765 0.363636 0 0 0
1.16779 0.363636 0 0 0
1.18792 0.363636 0 0 0
1.20805 0.363636 0 0 0
1.22819 0.363636 0 0 0
1.24832 0.363636 0 0 0
1.26846 0.363636 0 0 0
1.28859 0.363636 0 0 0
1.30872 0.363636 0 0 0
1.32886 0.363636 0 0 0
1.34899 0.363636 0 0 0
1.36913 0.363636 0 0 0
1.38926 0.363636 0 0 0
1.4094 0.363636 0 0 0
1.42953 0.363636 0 0 0
1.44966 0.363636 0 0 0
1.4698 0.363636 0 0 0
1.48993 0.363636 0 0 0
1.51007 0.363636 0 0 0
1.5302 0.363636 0 0 0
1.55034 0.363636 0 0 0
1.57047 0.363636 0 0 0
1.5906 0.363636 0 0 0
1.61074 0.363636 0 0 0
1.63087 0.363636 0 0 0
1.65101 0.363636 0 0 0
1.67114 0.363636 0 0 0
1.69128 0.363636 0 0 0
1.71141 0.363636 0 0 0
1.73154 0.363636 0 0 0
1.75168 0.363636 0 0 0
1.77181 0.363636 0 0 0
1.79195 0.363636 0 0 0
1.81208 0.363636 0 0 0
1.83221 0.363636 0 0 0
1.85235 0.363636 0 0 0
1.87248 0.363636 0 0 0
1.89262 0.363636 0 0 0
1.91275 0.363636 0 0 0
1.93289 0.363636 0 0 0
1.95302 0.363636 0 0 0
1.97315 0.363636 0 0 0
1.99329 0.363636 0 0 0
2.01342 0.363636 1.00074 0 0
2.03356 0.363636 1.00076 -3.24175e-05 -0.000166015
2.05369 0.363636 1.00079 -5.96789e-05 -0.00032244
2.07383 0.363636 1.00082 -8.1971e-05 -0.00046983
2.09396 0.363636 1.00084 -9.94951e-05 -0.000608646
2.11409 0.363636 1.00087 -0.000112468 -0.000739264
2.13423 0.363636 1.00089 -0.000121123 -0.000861986
2.15436 0.363636 1.00092 -0.000125713 -0.000977054
2.1745 0.363636 1.00094 -0.000126506 -0.00108466
2.19463 0.363636 1.00097 -0.00012379 -0.00118496
2.21477 0.363636 1.00099 -0.000117863 -0.00127808
2.2349 0.363636 1.00101 -0.000109038 -0.00136412
2.25503 0.363636 1.00103 -9.76344e-05 -0.00144318
2.27517 0.363636 1.00105 -8.39765e-05 -0.00151534
2.2953 0.363636 1.00107 -6.83897e-05 -0.00158071
2.31544 0.363636 1.00109 -5.11966e-05 -0.00163936
2.33557 0.363636 1.00111 -3.27137e-05 -0.00169141
2.3557 0.363636 1.00113 -1.32483e-05 -0.00173695
2.37584 0.363636 1.00114 6.90453e-06 -0.0017761
2.39597 0.363636 1.00115 2.74642e-05 -0.00180897
2.41611 0.363636 1.00117 4.81662e-05 -0.0018357
2.43624 0.363636 1.00118 6.87638e-05 -0.00185641
2.45638 0.363636 1.00119 8.90288e-05 -0.00187122
2.47651 0.363636 1.00119 0.000108752 -0.00188027
2.49664 0.363636 1.0012 0.000127742 -0.00188367
2.51678 0.363636 1.00121 0.000145828 -0.00188154
2.53691 0.363636 1.00121 0.000162854 -0.00187397
2.55705 0.363636 1.00121 0.000178681 -0.00186106
2.57718 0.363636 1.00122 0.000193186 -0.00184286
2.59732 0.363636 1.00122 0.000206259 -0.00181943
2.61745 0.363636 1.00122 0.000217797 -0.00179078
2.63758 0.363636 1.00121 0.000227711 -0.00175692
2.65772 0.363636 1.00121 0.000235914 -0.00171779
2.67785 0.363636 1.00121 0.000242324 -0.00167334
2.69799 0.363636 1.0012 0.00024686 -0.00162344
2.71812 0.363636 1.00119 0.000249438 -0.00156795
2.73826 0.363636 1.00119 0.000249969 -0.00150669
2.75839 0.363636 1.00118 0.000248356 -0.0014394
2.77852 0.363636 1.00117 0.000244488 -0.00136581
2.79866 0.363636 1.00115 0.000238243 -0.00128558
2.81879 0.363636 1.00114 0.000229477 -0.00119831
2.83893 0.363636 1.00113 0.000218024 -0.00110355
2.85906 0.363636 1.00111 0.000203695 -0.00100079
2.87919 0.363636 1.00109 0.000186271 -0.00088945
2.89933 0.363636 1.00108 0.000165499 -0.000768886
2.91946 0.363636 1.00106 0.000141094 -0.000638381
2.9396 0.363636 1.00103 0.00011273 -0.000497146
2.95973 0.363636 1.00101 8.00403e-05 -0.000344314
2.97987 0.363636 1.00099 4.26205e-05 -0.000178941
3 0.363636 1.00096 0 0

0 0.383838 1 0.1 0
0.0201342 0.383838 1.16806 0.085393 0.00569283
0.0402685 0.383838 1.1813 0.0844085 0.0109492
0.0604027 0.383838 1.18166 0.084472 0.0157404
0.0805369 0.383838 1.18192 0.084591 0.0200379
0.100671 0.383838 1.1819 0.084718 0.0238269
0.120805 0.383838 1.18162 0.0847955 0.0271099
0.14094 0.383838 1.1811 0.0847728 0.0299035
0.161074 0.383838 1.18038 0.0846076 0.0322352
0.181208 0.383838 1.17949 0.0842672 0.0341398
0.201342 0.383838 1.17845 0.0837283 0.0356567
0.221477 0.383838 1.1773 0.0829765 0.0368266
0.241611 0.383838 1.17608 0.0820053 0.0376902
0.261745 0.383838 1.17479 0.0808146 0.0382862
0.281879 0.383838 1.17348 0.07941 0.0386501
0.302013 0.383838 1.17216 0.0778011 0.0388142
0.322148 0.383838 1.17085 0.0760004 0.0388066
0.342282 0.383838 1.16956 0.0740225 0.0386518
0.362416 0.383838 1.16831 0.0718836 0.0383705
0.38255 0.383838 1.16711 0.0696001 0.03798
0.402685 0.383838 1.16596 0.0671887 0.0374943
0.422819 0.383838 1.16488 0.0646662 0.0369248
0.442953 0.383838 1.16386 0.0620485 0.0362805
0.463087 0.383838 1.16291 0.0593513 0.0355682
0.483221 0.383838 1.16204 0.0565894 0.0347932
0.503356 0.383838 1.16124 0.0537769 0.0339591
0.52349 0.383838 1.16052 0.0509273 0.0330684
0.543624 0.383838 1.15987 0.0480532 0.0321227
0.563758 0.383838 1.1593 0.0451667 0.031123
0.583893 0.383838 1.15881 0.0422793 0.0300696
0.604027 0.383838 1.1584 0.039402 0.0289626
0.624161 0.383838 1.15807 0.0365451 0.0278017
0.644295 0.383838 1.15782 0.0337188 0.0265869
0.66443 0.383838 1.15764 0.0309329 0.0253181
0.684564 0.383838 1.15754 0.0281968 0.0239957
0.704698 0.383838 1.15752 0.0255201 0.0226202
0.724832 0.383838 1.15758 0.0229119 0.0211928
0.744966 0.383838 1.15771 0.0203816 0.0197153
0.765101 0.383838 1.15793 0.0179386 0.0181905
0.785235 0.383838 1.15822 0.0155926 0.0166216
0.805369 0.383838 1.15859 0.0133533 0.0150132
0.825503 0.383838 1.15905 0.0112314 0.0133706
0.845638 0.383838 1.15959 0.00923752 0.0117004
0.865772 0.383838 1.16022 0.00738365 0.0100102
0.885906 0.383838 1.16094 0.00568227 0.00830861
0.90604 0.383838 1.16176 0.00414743 0.00660537
0.926174 0.383838 1.16266 0.0027939 0.00491106
0.946309 0.383838 1.16369 0.00163899 0.0032373
0.966443 0.383838 1.16479 0.000700465 0.00159599
0.986577 0.383838 1.16605 0 0
1.00671 0.383838 0 0 0
1.02685 0.383838 0 0 0
1.04698 0.383838 0 0 0
1.06711 0.383838 0 0 0
1.08725 0.383838 0 0 0
1.10738 0.383838 0 0 0
1.12752 0.383838 0 0 0
1.14765 0.383838 0 0 0
1.16779 0.383838 0 0 0
1.18792 0.383838 0 0 0
1.20805 0.383838 0 0 0
1.22819 0.383838 0 0 0
1.24832 0.383838 0 0 0
1.26846 0.383838 0 0 0
1.28859 0.383838 0 0 0
1.30872 0.383838 0 0 0
1.32886 0.383838 0 0 0
1.34899 0.383838 0 0 0
1.36913 0.383838 0 0 0
1.38926 0.383838 0 0 0
1.4094 0.383838 0 0 0
1.42953 0.383838 0 0 0
1.44966 0.383838 0 0 0
1.4698 0.383838 0 0 0
1.48993 0.383838 0 0 0
1.51007 0.383838 0 0 0
1.5302 0.383838 0 0 0
1.55034 0.383838 0 0 0
1.57047 0.383838 0 0 0
1.5906 0.383838 0 0 0
1.61074 0.383838 0 0 0
1.63087 0.383838 0 0 0
1.65101 0.383838 0 0 0
1.67114 0.383838 0 0 0
1.69128 0.383838 0 0 0
1.71141 0.383838 0 0 0
1.73154 0.383838 0 0 0
1.75168 0.383838 0 0 0
1.77181 0.383838 0 0 0
1.79195 0.383838 0 0 0
1.81208 0.383838 0 0 0
1.83221 0.383838 0 0 0
1.85235 0.383838 0 0 0
1.87248 0.383838 0 0 0
1.89262 0.383838 0 0 0
1.91275 0.383838 0 0 0
1.93289 0.383838 0 0 0
1.95302 0.383838 0 0 0
1.97315 0.383838 0 0 0
1.99329 0.383838 0 0 0
2.01342 0.383838 1.00079 0 0
2.03356 0.383838 1.00081 -3.42561e-05 -0.000172072
2.05369 0.383838 1.00084 -6.3013e-05 -0.000334388
2.07383 0.383838 1.00087 -8.64522e-05 -0.00048749
2.09396 0.383838 1.0009 -0.000104775 -0.000631819
2.11409 0.383838 1.00093 -0.000118202 -0.000767732
2.13423 0.383838 1.00095 -0.000126976 -0.000895508
2.15436 0.383838 1.00098 -0.000131364 -0.00101537
2.1745 0.383838 1.00101 -0.000131653 -0.00112748
2.19463 0.383838 1.00103 -0.000128155 -0.00123197
2.21477 0.383838 1.00106 -0.000121197 -0.00132897
2.2349 0.383838 1.00108 -0.000111121 -0.00141854
2.25503 0.383838 1.00111 -9.82804e-05 -0.00150079
2.27517 0.383838 1.00113 -8.30337e-05 -0.0015758
2.2953 0.383838 1.00115 -6.5741e-05 -0.00164365
2.31544 0.383838 1.00117 -4.67594e-05 -0.00170444
2.33557 0.383838 1.00119 -2.64388e-05 -0.00175827
2.3557 0.383838 1.0012 -5.11786e-06 -0.00180527
2.37584 0.383838 1.00122 1.68787e-05 -0.00184554
2.39597 0.383838 1.00124 3.92431e-05 -0.00187924
2.41611 0.383838 1.00125 6.16867e-05 -0.0019065
2.43624 0.383838 1.00126 8.39411e-05 -0.00192746
2.45638 0.383838 1.00127 0.000105759 -0.00194227
2.47651 0.383838 1.00128 0.000126916 -0.00195108
2.49664 0.383838 1.00129 0.000147208 -0.00195402
2.51678 0.383838 1.00129 0.000166452 -0.00195123
2.53691 0.383838 1.0013 0.000184485 -0.00194282
2.55705 0.383838 1.0013 0.000201162 -0.00192889
2.57718 0.383838 1.0013 0.000216355 -0.00190952
2.59732 0.383838 1.0013 0.00022995 -0.00188478
2.61745 0.383838 1.0013 0.000241845 -0.00185468
2.63758 0.383838 1.0013 0.00025195 -0.00181923
2.65772 0.383838 1.00129 0.000260178 -0.00177839
2.67785 0.383838 1.00129 0.000266448 -0.0017321
2.69799 0.383838 1.00128 0.000270683 -0.00168024
2.71812 0.383838 1.00128 0.000272798 -0.00162265
2.73826 0.383838 1.00127 0.000272708 -0.00155914
2.75839 0.383838 1.00126 0.000270317 -0.00148946
2.77852 0.383838 1.00125 0.000265516 -0.0014133
2.79866 0.383838 1.00123 0.000258182 -0.00133031
2.81879 0.383838 1.00122 0.000248173 -0.00124007
2.83893 0.383838 1.0012 0.000235323 -0.0011421
2.85906 0.383838 1.00119 0.000219439 -0.00103586
2.87919 0.383838 1.00117 0.000200299 -0.000920734
2.89933 0.383838 1.00115 0.000177649 -0.000796049
2.91946 0.383838 1.00113 0.000151195 -0.000661046
2.9396 0.383838 1.00111 0.000120604 -0.000514891
2.95973 0.383838 1.00108 8.54981e-05 -0.000356675
2.97987 0.383838 1.00106 4.54597e-05 -0.000185403
3 0.383838 1.00103 0 0

0 0.40404 1 0.1 0
0.0201342 0.40404 1.16576 0.0855476 0.00552491
0.0402685 0.40404 1.17887 0.084527 0.0106638
0.0604027 0.40404 1.17918 0.0845347 0.0153905
0.0805369 0.40404 1.17941 0.0845894 0.0196778
0.100671 0.40404 1.1794 0.0846504 0.0235088
0.120805 0.40404 1.17917 0.0846678 0.026881
0.14094 0.40404 1.17874 0.0845964 0.0298039
0.161074 0.40404 1.17812 0.0843976 0.0322968
0.181208 0.40404 1.17735 0.0840404 0.0343861
0.201342 0.40404 1.17644 0.0835017 0.0361027
0.221477 0.40404 1.17543 0.082766 0.0374801
0.241611 0.40404 1.17434 0.0818248 0.0385523
0.261745 0.40404 1.1732 0.0806759 0.0393527
0.281879 0.40404 1.17203 0.0793218 0.0399125
0.302013 0.40404 1.17084 0.0777696 0.0402607
0.322148 0.40404 1.16965 0.0760291 0.0404233
0.342282 0.40404 1.16848 0.0741128 0.0404233
0.362416 0.40404 1.16733 0.0720346 0.0402805
0.38255 0.40404 1.16623 0.0698093 0.0400118
0.402685 0.40404 1.16517 0.0674524 0.0396315
0.422819 0.40404 1.16417 0.0649794 0.0391514
0.442953 0.40404 1.16323 0.0624057 0.0385808
0.463087 0.40404 1.16235 0.0597462 0.0379274
0.483221 0.40404 1.16153 0.0570155 0.037197
0.503356 0.40404 1.16079 0.0542277 0.0363941
0.52349 0.40404 1.16012 0.051396 0.035522
0.543624 0.40404 1.15952 0.0485334 0.0345829
0.563758 0.40404 1.15899 0.0456521 0.0335784
0.583893 0.40404 1.15854 0.0427639 0.0325094
0.604027 0.40404 1.15817 0.03988 0.0313765
0.624161 0.40404 1.15787 0.0370113 0.0301799
0.644295 0.40404 1.15764 0.0341684 0.02892
0.66443 0.40404 1.15749 0.0313615 0.0275969
0.684564 0.40404 1.15742 0.0286007 0.0262111
0.704698 0.40404 1.15742 0.025896 0.0247633
0.724832 0.40404 1.1575 0.0232572 0.0232548
0.744966 0.40404 1.15766 0.0206943 0.0216874
0.765101 0.40404 1.1579 0.0182173 0.0200635
0.785235 0.40404 1.15821 0.0158366 0.0183862
0.805369 0.40404 1.15861 0.0135628 0.0166597
0.825503 0.40404 1.15909 0.0114069 0.0148887
0.845638 0.40404 1.15965 0.0093806 0.0130792
0.865772 0.40404 1.16031 0.00749629 0.0112379
0.885906 0.40404 1.16105 0.00576711 0.0093723
0.90604 0.40404 1.16189 0.00420763 0.00749104
0.926174 0.40404 1.16281 0.00283308 0.00560318
0.946309 0.40404 1.16386 0.00166104 0.00371862
0.966443 0.40404 1.16499 0.000709485 0.00184735
0.986577 0.40404 1.16627 0 0
1.00671 0.40404 0 0 0
1.02685 0.40404 0 0 0
1.04698 0.40404 0 0 0
1.06711 0.40404 0 0 0
1.08725 0.40404 0 0 0
1.10738 0.40404 0 0 0
1.12752 0.40404 0 0 0
1.14765 0.40404 0 0 0
1.16779 0.40404 0 0 0
1.18792 0.40404 0 0 0
1.20805 0.40404 0 0 0
1.22819 0.40404 0 0 0
1.24832 0.40404 0 0 0
1.26846 0.40404 0 0 0
1.28859 0.40404 0 0 0
1.30872 0.40404 0 0 0
1.32886 0.40404 0 0 0
1.34899 0.40404 0 0 0
1.36913 0.40404 0 0 0
1.38926 0.40404 0 0 0
1.4094 0.40404 0 0 0
1.42953 0.40404 0 0 0
1.44966 0.40404 0 0 0
1.4698 0.40404 0 0 0
1.48993 0.40404 0 0 0
1.51007 0.40404 0 0 0
1.5302 0.40404 0 0 0
1.55034 0.40404 0 0 0
1.57047 0.40404 0 0 0
1.5906 0.40404 0 0 0
1.61074 0.40404 0 0 0
1.63087 0.40404 0 0 0
1.65101 0.40404 0 0 0
1.67114 0.40404 0 0 0
1.69128 0.40404 0 0 0
1.71141 0.40404 0 0 0
1.73154 0.40404 0 0 0
1.75168 0.40404 0 0 0
1.77181 0.40404 0 0 0
1.79195 0.40404 0 0 0
1.81208 0.40404 0 0 0
1.83221 0.40404 0 0 0
1.85235 0.40404 0 0 0
1.87248 0.40404 0 0 0
1.89262 0.40404 0 0 0
1.91275 0.40404 0 0 0
1.93289 0.40404 0 0 0
1.95302 0.40404 0 0 0
1.97315 0.40404 0 0 0
1.99329 0.40404 0 0 0
2.01342 0.40404 1.00084 0 0
2.03356 0.40404 1.00087 -3.6084e-05 -0.000178506
2.05369 0.40404 1.00089 -6.63075e-05 -0.000347101
2.07383 0.40404 1.00092 -9.08447e-05 -0.000506309
2.09396 0.40404 1.00095 -0.000109895 -0.000656549
2.11409 0.40404 1.00098 -0.000123684 -0.000798151
2.13423 0.40404 1.00101 -0.000132463 -0.000931365
2.15436 0.40404 1.00104 -0.000136516 -0.00105638
2.1745 0.40404 1.00107 -0.000136153 -0.00117335
2.19463 0.40404 1.0011 -0.00013171 -0.00128236
2.21477 0.40404 1.00113 -0.000123548 -0.00138352
2.2349 0.40404 1.00115 -0.000112042 -0.0014769
2.25503 0.40404 1.00118 -9.7584e-05 -0.00156256
2.27517 0.40404 1.0012 -8.05698e-05 -0.00164059
2.2953 0.40404 1.00123 -6.13982e-05 -0.00171108
2.31544 0.40404 1.00125 -4.0464e-05 -0.00177411
2.33557 0.40404 1.00127 -1.81533e-05 -0.00182981
2.3557 0.40404 1.00129 5.16095e-06 -0.0018783
2.37584 0.40404 1.0013 2.91225e-05 -0.00191971
2.39597 0.40404 1.00132 5.33951e-05 -0.00195421
2.41611 0.40404 1.00133 7.76645e-05 -0.00198195
2.43624 0.40404 1.00135 0.00010164 -0.0020031
2.45638 0.40404 1.00136 0.000125057 -0.00201783
2.47651 0.40404 1.00137 0.000147673 -0.00202629
2.49664 0.40404 1.00137 0.000169272 -0.00202866
2.51678 0.40404 1.00138 0.000189661 -0.00202508
2.53691 0.40404 1.00138 0.000208671 -0.00201568
2.55705 0.40404 1.00139 0.00022615 -0.00200059
2.57718 0.40404 1.00139 0.000241967 -0.0019799
2.59732 0.40404 1.00139 0.000256008 -0.00195368
2.61745 0.40404 1.00139 0.000268171 -0.00192197
2.63758 0.40404 1.00138 0.000278365 -0.00188478
2.65772 0.40404 1.00138 0.000286507 -0.00184207
2.67785 0.40404 1.00138 0.00029252 -0.00179378
2.69799 0.40404 1.00137 0.000296327 -0.00173979
2.71812 0.40404 1.00136 0.000297849 -0.00167995
2.73826 0.40404 1.00135 0.000297003 -0.00161404
2.75839 0.40404 1.00134 0.000293696 -0.0015418
2.77852 0.40404 1.00133 0.000287823 -0.00146291
2.79866 0.40404 1.00132 0.000279262 -0.00137699
2.81879 0.40404 1.0013 0.000267873 -0.00128362
2.83893 0.40404 1.00128 0.00025349 -0.00118227
2.85906 0.40404 1.00127 0.000235922 -0.00107238
2.87919 0.40404 1.00125 0.000214943 -0.000953298
2.89933 0.40404 1.00123 0.000190294 -0.00082431
2.91946 0.40404 1.00121 0.000161678 -0.000684618
2.9396 0.40404 1.00118 0.000128754 -0.000533342
2.95973 0.40404 1.00116 9.11323e-05 -0.000369525
2.97987 0.40404 1.00113 4.83836e-05 -0.000192121
3 0.40404 1.0011 0 0

0 0.424242 1 0.1 0
0.0201342 0.424242 1.16368 0.0856892 0.00538356
0.0402685 0.424242 1.17666 0.0846372 0.0104235
0.0604027 0.424242 1.17692 0.0845954 0.0150965
0.0805369 0.424242 1.17712 0.0845919 0.0193765
0.100671 0.424242 1.17712 0.0845916 0.0232456
0.120805 0.424242 1.17692 0.0845508 0.0266976
0.14094 0.424242 1.17654 0.0844293 0.0297368
0.161074 0.424242 1.176 0.084192 0.0323758
0.181208 0.424242 1.17532 0.08381 0.0346339
0.201342 0.424242 1.17452 0.0832609 0.0365351
0.221477 0.424242 1.17363 0.0825288 0.0381063
0.241611 0.424242 1.17266 0.081604 0.0393754
0.261745 0.424242 1.17164 0.0804826 0.0403708
0.281879 0.424242 1.17058 0.0791652 0.0411197
0.302013 0.424242 1.1695 0.0776564 0.0416477
0.322148 0.424242 1.16842 0.0759641 0.0419784
0.342282 0.424242 1.16735 0.0740987 0.0421329
0.362416 0.424242 1.1663 0.0720722 0.0421302
0.38255 0.424242 1.16529 0.0698979 0.0419864
0.402685 0.424242 1.16432 0.0675899 0.0417157
0.422819 0.424242 1.16339 0.0651627 0.0413297
0.442953 0.424242 1.16252 0.0626308 0.0408385
0.463087 0.424242 1.1617 0.0600084 0.0402498
0.483221 0.424242 1.16095 0.0573097 0.0395703
0.503356 0.424242 1.16026 0.0545485 0.0388048
0.52349 0.424242 1.15964 0.0517379 0.0379574
0.543624 0.424242 1.15908 0.0488907 0.0370309
0.563758 0.424242 1.1586 0.0460193 0.0360274
0.583893 0.424242 1.15819 0.0431356 0.0349483
0.604027 0.424242 1.15785 0.0402511 0.0337947
0.624161 0.424242 1.15758 0.037377 0.0325671
0.644295 0.424242 1.15738 0.0345242 0.0312663
0.66443 0.424242 1.15726 0.0317033 0.0298925
0.684564 0.424242 1.15721 0.0289249 0.0284466
0.704698 0.424242 1.15724 0.0261994 0.0269292
0.724832 0.424242 1.15734 0.0235373 0.0253417
0.744966 0.424242 1.15752 0.020949 0.0236857
0.765101 0.424242 1.15778 0.0184453 0.0219634
0.785235 0.424242 1.15812 0.0160369 0.0201779
0.805369 0.424242 1.15854 0.0137353 0.0183327
0.825503 0.424242 1.15904 0.011552 0.0164321
0.845638 0.424242 1.15963 0.00949927 0.0144815
0.865772 0.424242 1.1603 0.00759017 0.0124866
0.885906 0.424242 1.16106 0.00583831 0.0104542
0.90604 0.424242 1.16192 0.00425867 0.00839159
0.926174 0.424242 1.16287 0.00286683 0.00630654
0.946309 0.424242 1.16393 0.0016805 0.00420738
0.966443 0.424242 1.16507 0.000717778 0.00210232
0.986577 0.424242 1.16636 0 0
1.00671 0.424242 0 0 0
1.02685 0.424242 0 0 0
1.04698 0.424242 0 0 0
1.06711 0.424242 0 0 0
1.08725 0.424242 0 0 0
1.10738 0.424242 0 0 0
1.12752 0.424242 0 0 0
1.14765 0.424242 0 0 0
1.16779 0.424242 0 0 0
1.18792 0.424242 0 0 0
1.20805 0.424242 0 0 0
1.22819 0.424242 0 0 0
1.24832 0.424242 0 0 0
1.26846 0.424242 0 0 0
1.28859 0.424242 0 0 0
1.30872 0.424242 0 0 0
1.32886 0.424242 0 0 0
1.34899 0.424242 0 0 0
1.36913 0.424242 0 0 0
1.38926 0.424242 0 0 0
1.4094 0.424242 0 0 0
1.42953 0.424242 0 0 0
1.44966 0.424242 0 0 0
1.4698 0.424242 0 0 0
1.48993 0.424242 0 0 0
1.51007 0.424242 0 0 0
1.5302 0.424242 0 0 0
1.55034 0.424242 0 0 0
1.57047 0.424242 0 0 0
1.5906 0.424242 0 0 0
1.61074 0.424242 0 0 0
1.63087 0.424242 0 0 0
1.65101 0.424242 0 0 0
1.67114 0.424242 0 0 0
1.69128 0.424242 0 0 0
1.71141 0.424242 0 0 0
1.73154 0.424242 0 0 0
1.75168 0.424242 0 0 0
1.77181 0.424242 0 0 0
1.79195 0.424242 0 0 0
1.81208 0.424242 0 0 0
1.83221 0.424242 0 0 0
1.85235 0.424242 0 0 0
1.87248 0.424242 0 0 0
1.89262 0.424242 0 0 0
1.91275 0.424242 0 0 0
1.93289 0.424242 0 0 0
1.95302 0.424242 0 0 0
1.97315 0.424242 0 0 0
1.99329 0.424242 0 0 0
2.01342 0.424242 1.00089 0 0
2.03356 0.424242 1.00092 -3.78963e-05 -0.000185334
2.05369 0.424242 1.00095 -6.95505e-05 -0.000360618
2.07383 0.424242 1.00098 -9.51263e-05 -0.000526351
2.09396 0.424242 1.00101 -0.000114821 -0.000682925
2.11409 0.424242 1.00104 -0.000128862 -0.000830635
2.13423 0.424242 1.00108 -0.000137514 -0.000969695
2.15436 0.424242 1.00111 -0.000141078 -0.00110026
2.1745 0.424242 1.00114 -0.000139888 -0.00122244
2.19463 0.424242 1.00117 -0.000134313 -0.00133632
2.21477 0.424242 1.0012 -0.000124748 -0.00144194
2.2349 0.424242 1.00123 -0.00011161 -0.00153938
2.25503 0.424242 1.00125 -9.53289e-05 -0.00162868
2.27517 0.424242 1.00128 -7.63459e-05 -0.00170992
2.2953 0.424242 1.00131 -5.51019e-05 -0.00178318
2.31544 0.424242 1.00133 -3.20332e-05 -0.00184856
2.33557 0.424242 1.00135 -7.56555e-06 -0.00190619
2.3557 0.424242 1.00137 1.78913e-05 -0.0019562
2.37584 0.424242 1.00139 4.39476e-05 -0.00199875
2.39597 0.424242 1.00141 7.02368e-05 -0.00203402
2.41611 0.424242 1.00142 9.64184e-05 -0.00206218
2.43624 0.424242 1.00143 0.00012218 -0.00208343
2.45638 0.424242 1.00144 0.000147235 -0.00209796
2.47651 0.424242 1.00145 0.000171329 -0.00210596
2.49664 0.424242 1.00146 0.000194233 -0.00210761
2.51678 0.424242 1.00147 0.000215745 -0.00210309
2.53691 0.424242 1.00147 0.000235689 -0.00209256
2.55705 0.424242 1.00148 0.00025391 -0.00207615
2.57718 0.424242 1.00148 0.000270276 -0.00205397
2.59732 0.424242 1.00148 0.000284671 -0.00202611
2.61745 0.424242 1.00148 0.000296997 -0.00199262
2.63758 0.424242 1.00147 0.000307164 -0.00195351
2.65772 0.424242 1.00147 0.000315095 -0.00190876
2.67785 0.424242 1.00146 0.000320715 -0.00185831
2.69799 0.424242 1.00146 0.000323953 -0.00180202
2.71812 0.424242 1.00145 0.000324735 -0.00173975
2.73826 0.424242 1.00144 0.000322983 -0.00167128
2.75839 0.424242 1.00143 0.000318609 -0.00159632
2.77852 0.424242 1.00141 0.000311511 -0.00151454
2.79866 0.424242 1.0014 0.000301572 -0.00142555
2.81879 0.424242 1.00138 0.000288653 -0.00132887
2.83893 0.424242 1.00137 0.000272593 -0.00122399
2.85906 0.424242 1.00135 0.000253197 -0.00111029
2.87919 0.424242 1.00133 0.000230242 -0.000987083
2.89933 0.424242 1.00131 0.000203466 -0.00085362
2.91946 0.424242 1.00129 0.000172566 -0.000709057
2.9396 0.424242 1.00126 0.000137194 -0.000552469
2.95973 0.424242 1.00124 9.69517e-05 -0.000382845
2.97987 0.424242 1.00121 5.13957e-05 -0.000199085
3 0.424242 1.00118 0 0

0 0.444444 1 0.1 0
0.0201342 0.444444 1.16177 0.0858195 0.00526535
0.0402685 0.444444 1.17464 0.0847401 0.0102233
0.0604027 0.444444 1.17486 0.0846544 0.0148529
0.0805369 0.444444 1.17502 0.0845983 0.0191297
0.100671 0.444444 1.17501 0.0845412 0.0230353
0.120805 0.444444 1.17483 0.0844446 0.0265608
0.14094 0.444444 1.1745 0.0842729 0.0297064
0.161074 0.444444 1.17402 0.083994 0.0324794
0.181208 0.444444 1.17341 0.0835814 0.0348933
0.201342 0.444444 1.1727 0.0830135 0.0369659
0.221477 0.444444 1.17189 0.0822749 0.0387184
0.241611 0.444444 1.17102 0.0813551 0.0401735
0.261745 0.444444 1.1701 0.0802491 0.0413548
0.281879 0.444444 1.16914 0.078956 0.0422854
0.302013 0.444444 1.16816 0.0774787 0.0429879
0.322148 0.444444 1.16717 0.0758235 0.0434832
0.342282 0.444444 1.1662 0.0739989 0.0437908
0.362416 0.444444 1.16524 0.0720154 0.0439281
0.38255 0.444444 1.1643 0.0698848 0.0439105
0.402685 0.444444 1.16341 0.06762 0.0437517
0.422819 0.444444 1.16255 0.0652343 0.0434634
0.442953 0.444444 1.16174 0.0627413 0.0430554
0.463087 0.444444 1.16099 0.0601546 0.042536
0.483221 0.444444 1.16029 0.0574878 0.0419122
0.503356 0.444444 1.15965 0.0547542 0.0411893
0.52349 0.444444 1.15908 0.0519667 0.0403718
0.543624 0.444444 1.15857 0.0491381 0.039463
0.563758 0.444444 1.15812 0.0462804 0.0384656
0.583893 0.444444 1.15775 0.0434058 0.0373812
0.604027 0.444444 1.15744 0.0405259 0.0362115
0.624161 0.444444 1.1572 0.0376519 0.0349573
0.644295 0.444444 1.15704 0.0347951 0.0336194
0.66443 0.444444 1.15694 0.0319665 0.0321986
0.684564 0.444444 1.15692 0.0291769 0.0306956
0.704698 0.444444 1.15697 0.0264372 0.0291112
0.724832 0.444444 1.1571 0.0237583 0.0274466
0.744966 0.444444 1.1573 0.0211512 0.0257035
0.765101 0.444444 1.15759 0.0186271 0.0238839
0.785235 0.444444 1.15794 0.0161975 0.0219903
0.805369 0.444444 1.15838 0.0138741 0.0200261
0.825503 0.444444 1.1589 0.0116693 0.0179951
0.845638 0.444444 1.15951 0.00959576 0.0159019
0.865772 0.444444 1.1602 0.00766701 0.0137515
0.885906 0.444444 1.16098 0.00589712 0.0115499
0.90604 0.444444 1.16186 0.00430138 0.00930329
0.926174 0.444444 1.16282 0.00289563 0.00701816
0.946309 0.444444 1.16389 0.00169761 0.00470147
0.966443 0.444444 1.16505 0.000725403 0.00235981
0.986577 0.444444 1.16635 0 0
1.00671 0.444444 0 0 0
1.02685 0.444444 0 0 0
1.04698 0.444444 0 0 0
1.06711 0.444444 0 0 0
1.08725 0.444444 0 0 0
1.10738 0.444444 0 0 0
1.12752 0.444444 0 0 0
1.14765 0.444444 0 0 0
1.16779 0.444444 0 0 0
1.18792 0.444444 0 0 0
1.20805 0.444444 0 0 0
1.22819 0.444444 0 0 0
1.24832 0.444444 0 0 0
1.26846 0.444444 0 0 0
1.28859 0.444444 0 0 0
1.30872 0.444444 0 0 0
1.32886 0.444444 0 0 0
1.34899 0.444444 0 0 0
1.36913 0.444444 0 0 0
1.38926 0.444444 0 0 0
1.4094 0.444444 0 0 0
1.42953 0.444444 0 0 0
1.44966 0.444444 0 0 0
1.4698 0.444444 0 0 0
1.48993 0.444444 0 0 0
1.51007 0.444444 0 0 0
1.5302 0.444444 0 0 0
1.55034 0.444444 0 0 0
1.57047 0.444444 0 0 0
1.5906 0.444444 0 0 0
1.61074 0.444444 0 0 0
1.63087 0.444444 0 0 0
1.65101 0.444444 0 0 0
1.67114 0.444444 0 0 0
1.69128 0.444444 0 0 0
1.71141 0.444444 0 0 0
1.73154 0.444444 0 0 0
1.75168 0.444444 0 0 0
1.77181 0.444444 0 0 0
1.79195 0.444444 0 0 0
1.81208 0.444444 0 0 0
1.83221 0.444444 0 0 0
1.85235 0.444444 0 0 0
1.87248 0.444444 0 0 0
1.89262 0.444444 0 0 0
1.91275 0.444444 0 0 0
1.93289 0.444444 0 0 0
1.95302 0.444444 0 0 0
1.97315 0.444444 0 0 0
1.99329 0.444444 0 0 0
2.01342 0.444444 1.00094 0 0
2.03356 0.444444 1.00097 -3.96872e-05 -0.000192579
2.05369 0.444444 1.001 -7.27278e-05 -0.000374985
2.07383 0.444444 1.00104 -9.92711e-05 -0.00054769
2.09396 0.444444 1.00107 -0.00011951 -0.000711049
2.11409 0.444444 1.00111 -0.000133676 -0.000865314
2.13423 0.444444 1.00114 -0.000142046 -0.00101066
2.15436 0.444444 1.00117 -0.00014494 -0.00114719
2.1745 0.444444 1.00121 -0.000142723 -0.00127497
2.19463 0.444444 1.00124 -0.000135799 -0.00139406
2.21477 0.444444 1.00127 -0.000124604 -0.00150447
2.2349 0.444444 1.0013 -0.0001096 -0.00160623
2.25503 0.444444 1.00133 -9.12643e-05 -0.0016994
2.27517 0.444444 1.00136 -7.00863e-05 -0.00178403
2.2953 0.444444 1.00139 -4.65543e-05 -0.00186019
2.31544 0.444444 1.00141 -2.11504e-05 -0.00192801
2.33557 0.444444 1.00144 5.65648e-06 -0.00198761
2.3557 0.444444 1.00146 3.3417e-05 -0.00203915
2.37584 0.444444 1.00148 6.17055e-05 -0.00208281
2.39597 0.444444 1.00149 9.01241e-05 -0.00211878
2.41611 0.444444 1.00151 0.000118305 -0.00214728
2.43624 0.444444 1.00152 0.000145913 -0.00216852
2.45638 0.444444 1.00154 0.000172644 -0.00218273
2.47651 0.444444 1.00155 0.000198227 -0.00219012
2.49664 0.444444 1.00156 0.000222423 -0.0021909
2.51678 0.444444 1.00156 0.000245023 -0.00218528
2.53691 0.444444 1.00157 0.000265845 -0.00217343
2.55705 0.444444 1.00157 0.000284733 -0.00215552
2.57718 0.444444 1.00157 0.000301555 -0.00213167
2.59732 0.444444 1.00157 0.000316197 -0.00210199
2.61745 0.444444 1.00157 0.000328564 -0.00206653
2.63758 0.444444 1.00157 0.000338572 -0.00202533
2.65772 0.444444 1.00156 0.000346147 -0.00197837
2.67785 0.444444 1.00156 0.000351223 -0.00192557
2.69799 0.444444 1.00155 0.000353735 -0.00186683
2.71812 0.444444 1.00154 0.000353614 -0.00180197
2.73826 0.444444 1.00153 0.00035079 -0.00173076
2.75839 0.444444 1.00152 0.00034518 -0.00165292
2.77852 0.444444 1.0015 0.00033669 -0.0015681
2.79866 0.444444 1.00149 0.000325206 -0.00147587
2.81879 0.444444 1.00147 0.000310595 -0.00137575
2.83893 0.444444 1.00145 0.000292697 -0.00126718
2.85906 0.444444 1.00144 0.000271321 -0.00114951
2.87919 0.444444 1.00141 0.000246243 -0.00102202
2.89933 0.444444 1.00139 0.0002172 -0.000883921
2.91946 0.444444 1.00137 0.000183883 -0.000734317
2.9396 0.444444 1.00134 0.000145942 -0.000572236
2.95973 0.444444 1.00132 0.000102966 -0.00039661
2.97987 0.444444 1.00129 5.44997e-05 -0.000206283
3 0.444444 1.00126 0 0

0 0.464646 1 0.1 0
0.0201342 0.464646 1.16002 0.0859402 0.00516729
0.0402685 0.464646 1.17278 0.0848368 0.0100584
0.0604027 0.464646 1.17296 0.0847119 0.0146547
0.0805369 0.464646 1.17309 0.0846083 0.0189332
0.100671 0.464646 1.17307 0.0844986 0.0228753
0.120805 0.464646 1.17289 0.084349 0.0264704
0.14094 0.464646 1.17258 0.0841275 0.0297152
0.161074 0.464646 1.17215 0.0838053 0.0326128
0.181208 0.464646 1.1716 0.0833578 0.0351717
0.201342 0.464646 1.17095 0.0827648 0.0374046
0.221477 0.464646 1.17022 0.0820114 0.0393276
0.241611 0.464646 1.16943 0.0810871 0.0409586
0.261745 0.464646 1.16859 0.079986 0.0423168
0.281879 0.464646 1.16771 0.0787065 0.0434218
0.302013 0.464646 1.16681 0.0772501 0.0442929
0.322148 0.464646 1.16591 0.0756218 0.0449487
0.342282 0.464646 1.16501 0.0738287 0.0454065
0.362416 0.464646 1.16413 0.0718798 0.0456824
0.38255 0.464646 1.16327 0.0697859 0.0457909
0.402685 0.464646 1.16244 0.0675584 0.045745
0.422819 0.464646 1.16165 0.0652097 0.0455561
0.442953 0.464646 1.16091 0.0627524 0.045234
0.463087 0.464646 1.16021 0.0601996 0.0447872
0.483221 0.464646 1.15956 0.0575639 0.0442228
0.503356 0.464646 1.15897 0.0548584 0.0435465
0.52349 0.464646 1.15844 0.0520955 0.0427631
0.543624 0.464646 1.15798 0.0492877 0.0418764
0.563758 0.464646 1.15757 0.046447 0.0408893
0.583893 0.464646 1.15723 0.0435853 0.039804
0.604027 0.464646 1.15696 0.0407142 0.0386222
0.624161 0.464646 1.15675 0.0378453 0.0373452
0.644295 0.464646 1.15661 0.0349898 0.035974
0.66443 0.464646 1.15655 0.032159 0.0345094
0.684564 0.464646 1.15655 0.0293639 0.0329522
0.704698 0.464646 1.15663 0.0266158 0.0313033
0.724832 0.464646 1.15678 0.0239261 0.0295637
0.744966 0.464646 1.157 0.0213061 0.027735
0.765101 0.464646 1.1573 0.0187675 0.0258189
0.785235 0.464646 1.15768 0.0163223 0.0238178
0.805369 0.464646 1.15814 0.0139828 0.0217345
0.825503 0.464646 1.15868 0.0117617 0.0195724
0.845638 0.464646 1.1593 0.00967234 0.0173355
0.865772 0.464646 1.16001 0.00772855 0.0150282
0.885906 0.464646 1.1608 0.00594479 0.0126556
0.90604 0.464646 1.16169 0.00433661 0.0102228
0.926174 0.464646 1.16267 0.00291997 0.0077354
0.946309 0.464646 1.16375 0.00171259 0.00519901
0.966443 0.464646 1.16492 0.000732423 0.00261882
0.986577 0.464646 1.16622 0 0
1.00671 0.464646 0 0 0
1.02685 0.464646 0 0 0
1.04698 0.464646 0 0 0
1.06711 0.464646 0 0 0
1.08725 0.464646 0 0 0
1.10738 0.464646 0 0 0
1.12752 0.464646 0 0 0
1.14765 0.464646 0 0 0
1.16779 0.464646 0 0 0
1.18792 0.464646 0 0 0
1.20805 0.464646 0 0 0
1.22819 0.464646 0 0 0
1.24832 0.464646 0 0 0
1.26846 0.464646 0 0 0
1.28859 0.464646 0 0 0
1.30872 0.464646 0 0 0
1.32886 0.464646 0 0 0
1.34899 0.464646 0 0 0
1.36913 0.464646 0 0 0
1.38926 0.464646 0 0 0
1.4094 0.464646 0 0 0
1.42953 0.464646 0 0 0
1.44966 0.464646 0 0 0
1.4698 0.464646 0 0 0
1.48993 0.464646 0 0 0
1.51007 0.464646 0 0 0
1.5302 0.464646 0 0 0
1.55034 0.464646 0 0 0
1.57047 0.464646 0 0 0
1.5906 0.464646 0 0 0
1.61074 0.464646 0 0 0
1.63087 0.464646 0 0 0
1.65101 0.464646 0 0 0
1.67114 0.464646 0 0 0
1.69128 0.464646 0 0 0
1.71141 0.464646 0 0 0
1.73154 0.464646 0 0 0
1.75168 0.464646 0 0 0
1.77181 0.464646 0 0 0
1.79195 0.464646 0 0 0
1.81208 0.464646 0 0 0
1.83221 0.464646 0 0 0
1.85235 0.464646 0 0 0
1.87248 0.464646 0 0 0
1.89262 0.464646 0 0 0
1.91275 0.464646 0 0 0
1.93289 0.464646 0 0 0
1.95302 0.464646 0 0 0
1.97315 0.464646 0 0 0
1.99329 0.464646 0 0 0
2.01342 0.464646 1.00099 0 0
2.03356 0.464646 1.00102 -4.14502e-05 -0.000200262
2.05369 0.464646 1.00106 -7.58228e-05 -0.000390255
2.07383 0.464646 1.00109 -0.000103248 -0.000570411
2.09396 0.464646 1.00113 -0.000123914 -0.000741039
2.11409 0.464646 1.00117 -0.000138054 -0.00090234
2.13423 0.464646 1.00121 -0.000145958 -0.00105443
2.15436 0.464646 1.00124 -0.000147972 -0.00119737
2.1745 0.464646 1.00128 -0.000144495 -0.00133117
2.19463 0.464646 1.00131 -0.000135972 -0.00145583
2.21477 0.464646 1.00135 -0.000122886 -0.00157135
2.2349 0.464646 1.00138 -0.000105751 -0.00167772
2.25503 0.464646 1.00141 -8.50987e-05 -0.00177498
2.27517 0.464646 1.00144 -6.14719e-05 -0.00186316
2.2953 0.464646 1.00147 -3.54124e-05 -0.00194236
2.31544 0.464646 1.0015 -7.45269e-06 -0.00201268
2.33557 0.464646 1.00152 2.18914e-05 -0.00207429
2.3557 0.464646 1.00155 5.21279e-05 -0.00212734
2.37584 0.464646 1.00157 8.27933e-05 -0.00217206
2.39597 0.464646 1.00159 0.000113457 -0.00220865
2.41611 0.464646 1.0016 0.000143724 -0.00223738
2.43624 0.464646 1.00162 0.000173235 -0.00225848
2.45638 0.464646 1.00163 0.000201669 -0.0022722
2.47651 0.464646 1.00164 0.000228743 -0.00227881
2.49664 0.464646 1.00165 0.000254206 -0.00227854
2.51678 0.464646 1.00166 0.000277844 -0.00227163
2.53691 0.464646 1.00166 0.000299472 -0.00225827
2.55705 0.464646 1.00167 0.000318935 -0.00223866
2.57718 0.464646 1.00167 0.000336102 -0.00221294
2.59732 0.464646 1.00167 0.000350865 -0.00218124
2.61745 0.464646 1.00166 0.000363132 -0.00214363
2.63758 0.464646 1.00166 0.000372828 -0.00210015
2.65772 0.464646 1.00166 0.000379886 -0.00205078
2.67785 0.464646 1.00165 0.000384247 -0.00199546
2.69799 0.464646 1.00164 0.000385855 -0.00193409
2.71812 0.464646 1.00163 0.000384651 -0.00186647
2.73826 0.464646 1.00162 0.000380571 -0.00179237
2.75839 0.464646 1.00161 0.000373542 -0.0017115
2.77852 0.464646 1.00159 0.000363475 -0.00162347
2.79866 0.464646 1.00158 0.000350266 -0.00152786
2.81879 0.464646 1.00156 0.000333784 -0.00142415
2.83893 0.464646 1.00154 0.000313876 -0.00131174
2.85906 0.464646 1.00152 0.000290353 -0.00118995
2.87919 0.464646 1.0015 0.000262992 -0.00105804
2.89933 0.464646 1.00148 0.000231529 -0.000915147
2.91946 0.464646 1.00146 0.000195656 -0.000760344
2.9396 0.464646 1.00143 0.000155013 -0.000592601
2.95973 0.464646 1.0014 0.000109183 -0.000410793
2.97987 0.464646 1.00137 5.76992e-05 -0.0002137
3 0.464646 1.00134 0 0

0 0.484848 1 0.1 0
0.0201342 0.484848 1.1584 0.0860525 0.00508682
0.0402685 0.484848 1.17106 0.0849279 0.00992479
0.0604027 0.484848 1.17121 0.0847681 0.0144973
0.0805369 0.484848 1.1713 0.0846214 0.0187829
0.100671 0.484848 1.17126 0.0844632 0.022763
0.120805 0.484848 1.17109 0.0842634 0.0264257
0.14094 0.484848 1.17079 0.0839932 0.0297648
0.161074 0.484848 1.17038 0.0836266 0.0327798
0.181208 0.484848 1.16987 0.083141 0.0354751
0.201342 0.484848 1.16928 0.0825179 0.037859
0.221477 0.484848 1.16861 0.0817429 0.039943
0.241611 0.484848 1.16788 0.080806 0.0417408
0.261745 0.484848 1.1671 0.079701 0.0432676
0.281879 0.484848 1.1663 0.0784257 0.0445397
0.302013 0.484848 1.16547 0.0769808 0.0455733
0.322148 0.484848 1.16464 0.0753702 0.0463845
0.342282 0.484848 1.16381 0.0736 0.0469889
0.362416 0.484848 1.16299 0.0716781 0.0474009
0.38255 0.484848 1.1622 0.069614 0.0476342
0.402685 0.484848 1.16143 0.0674182 0.0477009
0.422819 0.484848 1.1607 0.065102 0.0476121
0.442953 0.484848 1.16001 0.0626772 0.0473773
0.463087 0.484848 1.15936 0.060156 0.0470051
0.483221 0.484848 1.15877 0.0575506 0.0465026
0.503356 0.484848 1.15823 0.0548731 0.0458758
0.52349 0.484848 1.15774 0.0521358 0.0451298
0.543624 0.484848 1.15731 0.0493506 0.0442687
0.563758 0.484848 1.15694 0.0465295 0.0432955
0.583893 0.484848 1.15664 0.043684 0.0422129
0.604027 0.484848 1.15639 0.0408257 0.0410227
0.624161 0.484848 1.15622 0.0379661 0.0397264
0.644295 0.484848 1.15611 0.0351166 0.0383252
0.66443 0.484848 1.15607 0.0322884 0.0368198
0.684564 0.484848 1.1561 0.029493 0.0352112
0.704698 0.484848 1.1562 0.0267419 0.0335001
0.724832 0.484848 1.15637 0.0240466 0.0316876
0.744966 0.484848 1.15662 0.021419 0.0297748
0.765101 0.484848 1.15694 0.0188712 0.0277634
0.785235 0.484848 1.15734 0.0164155 0.0256554
0.805369 0.484848 1.15781 0.0140647 0.0234531
0.825503 0.484848 1.15837 0.0118321 0.0211596
0.845638 0.484848 1.15901 0.0097313 0.0187782
0.865772 0.484848 1.15973 0.00777654 0.0163128
0.885906 0.484848 1.16054 0.0059826 0.0137676
0.90604 0.484848 1.16144 0.00436519 0.0111472
0.926174 0.484848 1.16242 0.00294035 0.00845588
0.946309 0.484848 1.16351 0.00172568 0.00569834
0.966443 0.484848 1.16468 0.000738899 0.00287846
0.986577 0.484848 1.16598 0 0
1.00671 0.484848 0 0 0
1.02685 0.484848 0 0 0
1.04698 0.484848 0 0 0
1.06711 0.484848 0 0 0
1.08725 0.484848 0 0 0
1.10738 0.484848 0 0 0
1.12752 0.484848 0 0 0
1.14765 0.484848 0 0 0
1.16779 0.484848 0 0 0
1.18792 0.484848 0 0 0
1.20805 0.484848 0 0 0
1.22819 0.484848 0 0 0
1.24832 0.484848 0 0 0
1.26846 0.484848 0 0 0
1.28859 0.484848 0 0 0
1.30872 0.484848 0 0 0
1.32886 0.484848 0 0 0
1.34899 0.484848 0 0 0
1.36913 0.484848 0 0 0
1.38926 0.484848 0 0 0
1.4094 0.484848 0 0 0
1.42953 0.484848 0 0 0
1.44966 0.484848 0 0 0
1.4698 0.484848 0 0 0
1.48993 0.484848 0 0 0
1.51007 0.484848 0 0 0
1.5302 0.484848 0 0 0
1.55034 0.484848 0 0 0
1.57047 0.484848 0 0 0
1.5906 0.484848 0 0 0
1.61074 0.484848 0 0 0
1.63087 0.484848 0 0 0
1.65101 0.484848 0 0 0
1.67114 0.484848 0 0 0
1.69128 0.484848 0 0 0
1.71141 0.484848 0 0 0
1.73154 0.484848 0 0 0
1.75168 0.484848 0 0 0
1.77181 0.484848 0 0 0
1.79195 0.484848 0 0 0
1.81208 0.484848 0 0 0
1.83221 0.484848 0 0 0
1.85235 0.484848 0 0 0
1.87248 0.484848 0 0 0
1.89262 0.484848 0 0 0
1.91275 0.484848 0 0 0
1.93289 0.484848 0 0 0
1.95302 0.484848 0 0 0
1.97315 0.484848 0 0 0
1.99329 0.484848 0 0 0
2.01342 0.484848 1.00104 0 0
2.03356 0.484848 1.00107 -4.31775e-05 -0.000208412
2.05369 0.484848 1.00111 -7.88158e-05 -0.000406486
2.07383 0.484848 1.00115 -0.000107022 -0.000594609
2.09396 0.484848 1.00119 -0.000127973 -0.00077303
2.11409 0.484848 1.00123 -0.000141908 -0.000941887
2.13423 0.484848 1.00127 -0.000149132 -0.00110123
2.15436 0.484848 1.00131 -0.000150022 -0.00125105
2.1745 0.484848 1.00135 -0.000145014 -0.0013913
2.19463 0.484848 1.00139 -0.000134602 -0.00152193
2.21477 0.484848 1.00143 -0.000119325 -0.00164289
2.2349 0.484848 1.00146 -9.97576e-05 -0.00175415
2.25503 0.484848 1.0015 -7.64922e-05 -0.00185571
2.27517 0.484848 1.00153 -5.01329e-05 -0.00194761
2.2953 0.484848 1.00156 -2.12807e-05 -0.00202994
2.31544 0.484848 1.00159 9.47622e-06 -0.00210283
2.33557 0.484848 1.00162 4.15711e-05 -0.00216644
2.3557 0.484848 1.00164 7.44663e-05 -0.00222097
2.37584 0.484848 1.00166 0.000107659 -0.00226666
2.39597 0.484848 1.00168 0.000140684 -0.00230377
2.41611 0.484848 1.0017 0.000173119 -0.00233257
2.43624 0.484848 1.00172 0.000204584 -0.00235336
2.45638 0.484848 1.00173 0.000234739 -0.00236643
2.47651 0.484848 1.00174 0.00026329 -0.00237206
2.49664 0.484848 1.00175 0.000289979 -0.00237053
2.51678 0.484848 1.00176 0.000314588 -0.00236211
2.53691 0.484848 1.00176 0.000336932 -0.00234703
2.55705 0.484848 1.00177 0.000356858 -0.0023255
2.57718 0.484848 1.00177 0.000374239 -0.0022977
2.59732 0.484848 1.00177 0.000388974 -0.00226377
2.61745 0.484848 1.00176 0.00040098 -0.0022238
2.63758 0.484848 1.00176 0.000410189 -0.00217784
2.65772 0.484848 1.00175 0.000416546 -0.00212588
2.67785 0.484848 1.00175 0.000420002 -0.00206786
2.69799 0.484848 1.00174 0.000420509 -0.00200367
2.71812 0.484848 1.00173 0.000418021 -0.00193312
2.73826 0.484848 1.00172 0.000412483 -0.00185597
2.75839 0.484848 1.0017 0.000403832 -0.0017719
2.77852 0.484848 1.00169 0.000391988 -0.00168053
2.79866 0.484848 1.00167 0.000376855 -0.00158139
2.81879 0.484848 1.00165 0.000358309 -0.00147394
2.83893 0.484848 1.00164 0.000336202 -0.00135756
2.85906 0.484848 1.00162 0.000310351 -0.00123152
2.87919 0.484848 1.00159 0.000280535 -0.00109504
2.89933 0.484848 1.00157 0.000246492 -0.000947222
2.91946 0.484848 1.00154 0.000207909 -0.000787075
2.9396 0.484848 1.00152 0.000164425 -0.000613516
2.95973 0.484848 1.00149 0.000115614 -0.00042536
2.97987 0.484848 1.00146 6.0998e-05 -0.000221319
3 0.484848 1.00143 0 0

0 0.505051 1 0.1 0
0.0201342 0.505051 1.1569 0.0861573 0.00502167
0.0402685 0.505051 1.16947 0.085014 0.00981882
0.0604027 0.505051 1.16958 0.084823 0.0143767
0.0805369 0.505051 1.16964 0.0846373 0.0186752
0.100671 0.505051 1.16957 0.0844342 0.0226959
0.120805 0.505051 1.16939 0.0841868 0.0264255
0.14094 0.505051 1.1691 0.0838691 0.0298558
0.161074 0.505051 1.16871 0.0834575 0.0329832
0.181208 0.505051 1.16823 0.0829316 0.0358083
0.201342 0.505051 1.16767 0.0822742 0.0383356
0.221477 0.505051 1.16704 0.0814721 0.0405725
0.241611 0.505051 1.16636 0.0805157 0.0425289
0.261745 0.505051 1.16564 0.0793991 0.0442167
0.281879 0.505051 1.16489 0.0781198 0.0456486
0.302013 0.505051 1.16413 0.0766781 0.0468384
0.322148 0.505051 1.16335 0.0750771 0.0477997
0.342282 0.505051 1.16258 0.073322 0.0485463
0.362416 0.505051 1.16183 0.0714199 0.0490912
0.38255 0.505051 1.16109 0.0693794 0.0494468
0.402685 0.505051 1.16038 0.06721 0.0496247
0.422819 0.505051 1.1597 0.064922 0.0496354
0.442953 0.505051 1.15906 0.0625266 0.0494881
0.463087 0.505051 1.15846 0.0600349 0.0491914
0.483221 0.505051 1.15791 0.0574585 0.0487523
0.503356 0.505051 1.15741 0.054809 0.0481771
0.52349 0.505051 1.15696 0.052098 0.0474709
0.543624 0.505051 1.15657 0.049337 0.046638
0.563758 0.505051 1.15624 0.0465376 0.0456817
0.583893 0.505051 1.15596 0.0437112 0.0446048
0.604027 0.505051 1.15575 0.0408692 0.0434094
0.624161 0.505051 1.15561 0.0380228 0.0420969
0.644295 0.505051 1.15552 0.0351834 0.0406686
0.66443 0.505051 1.15551 0.0323624 0.0391254
0.684564 0.505051 1.15556 0.0295713 0.0374679
0.704698 0.505051 1.15569 0.0268218 0.035697
0.724832 0.505051 1.15588 0.0241257 0.0338135
0.744966 0.505051 1.15615 0.0214952 0.0318183
0.765101 0.505051 1.15649 0.0189428 0.0297127
0.785235 0.505051 1.15691 0.0164811 0.0274985
0.805369 0.505051 1.1574 0.0141234 0.0251775
0.825503 0.505051 1.15797 0.0118834 0.0227524
0.845638 0.505051 1.15863 0.00977496 0.0202261
0.865772 0.505051 1.15936 0.00781278 0.0176018
0.885906 0.505051 1.16018 0.00601184 0.0148831
0.90604 0.505051 1.16109 0.00438798 0.0120738
0.926174 0.505051 1.16208 0.00295727 0.00917757
0.946309 0.505051 1.16317 0.00173709 0.006198
0.966443 0.505051 1.16434 0.000744892 0.00313795
0.986577 0.505051 1.16563 0 0
1.00671 0.505051 0 0 0
1.02685 0.505051 0 0 0
1.04698 0.505051 0 0 0
1.06711 0.505051 0 0 0
1.08725 0.505051 0 0 0
1.10738 0.505051 0 0 0
1.12752 0.505051 0 0 0
1.14765 0.505051 0 0 0
1.16779 0.505051 0 0 0
1.18792 0.505051 0 0 0
1.20805 0.505051 0 0 0
1.22819 0.505051 0 0 0
1.24832 0.505051 0 0 0
1.26846 0.505051 0 0 0
1.28859 0.505051 0 0 0
1.30872 0.505051 0 0 0
1.32886 0.505051 0 0 0
1.34899 0.505051 0 0 0
1.36913 0.505051 0 0 0
1.38926 0.505051 0 0 0
1.4094 0.505051 0 0 0
1.42953 0.505051 0 0 0
1.44966 0.505051 0 0 0
1.4698 0.505051 0 0 0
1.48993 0.505051 0 0 0
1.51007 0.505051 0 0 0
1.5302 0.505051 0 0 0
1.55034 0.505051 0 0 0
1.57047 0.505051 0 0 0
1.5906 0.505051 0 0 0
1.61074 0.505051 0 0 0
1.63087 0.505051 0 0 0
1.65101 0.505051 0 0 0
1.67114 0.505051 0 0 0
1.69128 0.505051 0 0 0
1.71141 0.505051 0 0 0
1.73154 0.505051 0 0 0
1.75168 0.505051 0 0 0
1.77181 0.505051 0 0 0
1.79195 0.505051 0 0 0
1.81208 0.505051 0 0 0
1.83221 0.505051 0 0 0
1.85235 0.505051 0 0 0
1.87248 0.505051 0 0 0
1.89262 0.505051 0 0 0
1.91275 0.505051 0 0 0
1.93289 0.505051 0 0 0
1.95302 0.505051 0 0 0
1.97315 0.505051 0 0 0
1.99329 0.505051 0 0 0
2.01342 0.505051 1.00109 0 0
2.03356 0.505051 1.00113 -4.48599e-05 -0.00021706
2.05369 0.505051 1.00117 -8.16834e-05 -0.000423751
2.07383 0.505051 1.00121 -0.000110547 -0.000620399
2.09396 0.505051 1.00125 -0.000131617 -0.000807182
2.11409 0.505051 1.0013 -0.000145135 -0.000984158
2.13423 0.505051 1.00134 -0.000151428 -0.00115129
2.15436 0.505051 1.00138 -0.000150904 -0.0013085
2.1745 0.505051 1.00143 -0.000144048 -0.00145567
2.19463 0.505051 1.00147 -0.000131414 -0.00159267
2.21477 0.505051 1.00151 -0.000113604 -0.00171942
2.2349 0.505051 1.00155 -9.12602e-05 -0.00183584
2.25503 0.505051 1.00158 -6.5048e-05 -0.00194192
2.27517 0.505051 1.00162 -3.56398e-05 -0.00203769
2.2953 0.505051 1.00165 -3.70276e-06 -0.00212325
2.31544 0.505051 1.00168 3.01137e-05 -0.00219872
2.33557 0.505051 1.00171 6.51878e-05 -0.0022643
2.3557 0.505051 1.00174 0.000100934 -0.00232024
2.37584 0.505051 1.00176 0.000136806 -0.00236679
2.39597 0.505051 1.00178 0.000172308 -0.00240426
2.41611 0.505051 1.0018 0.000206988 -0.00243297
2.43624 0.505051 1.00182 0.000240445 -0.00245325
2.45638 0.505051 1.00183 0.000272326 -0.00246544
2.47651 0.505051 1.00184 0.000302324 -0.00246987
2.49664 0.505051 1.00185 0.000330179 -0.00246685
2.51678 0.505051 1.00186 0.000355671 -0.00245668
2.53691 0.505051 1.00186 0.000378617 -0.00243964
2.55705 0.505051 1.00187 0.00039887 -0.00241597
2.57718 0.505051 1.00187 0.00041631 -0.00238586
2.59732 0.505051 1.00187 0.000430845 -0.00234947
2.61745 0.505051 1.00187 0.000442404 -0.00230692
2.63758 0.505051 1.00186 0.000450929 -0.00225827
2.65772 0.505051 1.00185 0.000456378 -0.00220351
2.67785 0.505051 1.00185 0.000458713 -0.0021426
2.69799 0.505051 1.00184 0.000457902 -0.00207542
2.71812 0.505051 1.00183 0.000453908 -0.00200177
2.73826 0.505051 1.00181 0.00044669 -0.00192141
2.75839 0.505051 1.0018 0.000436194 -0.00183399
2.77852 0.505051 1.00179 0.000422354 -0.00173913
2.79866 0.505051 1.00177 0.000405081 -0.00163632
2.81879 0.505051 1.00175 0.000384261 -0.00152501
2.83893 0.505051 1.00173 0.000359753 -0.00140452
2.85906 0.505051 1.00171 0.000331379 -0.00127411
2.87919 0.505051 1.00169 0.000298923 -0.00113294
2.89933 0.505051 1.00166 0.000262123 -0.000980061
2.91946 0.505051 1.00164 0.000220669 -0.000814439
2.9396 0.505051 1.00161 0.000174194 -0.000634927
2.95973 0.505051 1.00158 0.000122266 -0.000440274
2.97987 0.505051 1.00155 6.43996e-05 -0.000229122
3 0.505051 1.00152 0 0

0 0.525253 1 0.1 0
0.0201342 0.525253 1.15549 0.0862554 0.00496984
0.0402685 0.525253 1.16799 0.0850956 0.00973727
0.0604027 0.525253 1.16807 0.0848766 0.0142892
0.0805369 0.525253 1.16809 0.0846554 0.0186066
0.100671 0.525253 1.168 0.0844108 0.0226712
0.120805 0.525253 1.1678 0.0841182 0.0264687
0.14094 0.525253 1.16751 0.0837541 0.0299888
0.161074 0.525253 1.16713 0.0832972 0.0332251
0.181208 0.525253 1.16666 0.082729 0.0361751
0.201342 0.525253 1.16613 0.0820339 0.0388396
0.221477 0.525253 1.16553 0.0811999 0.0412227
0.241611 0.525253 1.16489 0.0802182 0.0433307
0.261745 0.525253 1.16421 0.0790832 0.0451721
0.281879 0.525253 1.1635 0.0777927 0.0467571
0.302013 0.525253 1.16278 0.0763467 0.0480966
0.322148 0.525253 1.16206 0.0747479 0.0492023
0.342282 0.525253 1.16134 0.0730011 0.0500861
0.362416 0.525253 1.16063 0.0711126 0.0507598
0.38255 0.525253 1.15994 0.06909 0.0512346
0.402685 0.525253 1.15928 0.0669421 0.0515213
0.422819 0.525253 1.15865 0.0646786 0.0516298
0.442953 0.525253 1.15805 0.0623094 0.0515694
0.463087 0.525253 1.1575 0.0598453 0.051348
0.483221 0.525253 1.15699 0.0572969 0.050973
0.503356 0.525253 1.15653 0.0546751 0.0504504
0.52349 0.525253 1.15612 0.0519911 0.0497855
0.543624 0.525253 1.15576 0.0492558 0.0489828
0.563758 0.525253 1.15546 0.0464803 0.0480457
0.583893 0.525253 1.15522 0.0436756 0.0469771
0.604027 0.525253 1.15504 0.0408529 0.045779
0.624161 0.525253 1.15492 0.0380232 0.0444531
0.644295 0.525253 1.15486 0.0351978 0.0430005
0.66443 0.525253 1.15487 0.032388 0.041422
0.684564 0.525253 1.15495 0.0296054 0.0397182
0.704698 0.525253 1.1551 0.0268618 0.0378898
0.724832 0.525253 1.15531 0.0241692 0.0359373
0.744966 0.525253 1.1556 0.02154 0.0338613
0.765101 0.525253 1.15596 0.018987 0.0316629
0.785235 0.525253 1.15639 0.0165233 0.0293433
0.805369 0.525253 1.1569 0.0141625 0.0269042
0.825503 0.525253 1.15749 0.0119185 0.0243477
0.845638 0.525253 1.15816 0.00980569 0.0216761
0.865772 0.525253 1.15891 0.00783907 0.0188924
0.885906 0.525253 1.15974 0.00603382 0.0159995
0.90604 0.525253 1.16065 0.00440585 0.0130006
0.926174 0.525253 1.16165 0.00297124 0.00989871
0.946309 0.525253 1.16274 0.00174708 0.00669674
0.966443 0.525253 1.16391 0.000750465 0.00339665
0.986577 0.525253 1.16519 0 0
1.00671 0.525253 0 0 0
1.02685 0.525253 0 0 0
1.04698 0.525253 0 0 0
1.06711 0.525253 0 0 0
1.08725 0.525253 0 0 0
1.10738 0.525253 0 0 0
1.12752 0.525253 0 0 0
1.14765 0.525253 0 0 0
1.16779 0.525253 0 0 0
1.18792 0.525253 0 0 0
1.20805 0.525253 0 0 0
1.22819 0.525253 0 0 0
1.24832 0.525253 0 0 0
1.26846 0.525253 0 0 0
1.28859 0.525253 0 0 0
1.30872 0.525253 0 0 0
1.32886 0.525253 0 0 0
1.34899 0.525253 0 0 0
1.36913 0.525253 0 0 0
1.38926 0.525253 0 0 0
1.4094 0.525253 0 0 0
1.42953 0.525253 0 0 0
1.44966 0.525253 0 0 0
1.4698 0.525253 0 0 0
1.48993 0.525253 0 0 0
1.51007 0.525253 0 0 0
1.5302 0.525253 0 0 0
1.55034 0.525253 0 0 0
1.57047 0.525253 0 0 0
1.5906 0.525253 0 0 0
1.61074 0.525253 0 0 0
1.63087 0.525253 0 0 0
1.65101 0.525253 0 0 0
1.67114 0.525253 0 0 0
1.69128 0.525253 0 0 0
1.71141 0.525253 0 0 0
1.73154 0.525253 0 0 0
1.75168 0.525253 0 0 0
1.77181 0.525253 0 0 0
1.79195 0.525253 0 0 0
1.81208 0.525253 0 0 0
1.83221 0.525253 0 0 0
1.85235 0.525253 0 0 0
1.87248 0.525253 0 0 0
1.89262 0.525253 0 0 0
1.91275 0.525253 0 0 0
1.93289 0.525253 0 0 0
1.95302 0.525253 0 0 0
1.97315 0.525253 0 0 0
1.99329 0.525253 0 0 0
2.01342 0.525253 1.00114 0 0
2.03356 0.525253 1.00118 -4.64866e-05 -0.000226242
2.05369 0.525253 1.00123 -8.43977e-05 -0.000442131
2.07383 0.525253 1.00127 -0.000113771 -0.000647914
2.09396 0.525253 1.00132 -0.000134761 -0.000843682
2.11409 0.525253 1.00136 -0.000147611 -0.00102939
2.13423 0.525253 1.00141 -0.000152672 -0.00120491
2.15436 0.525253 1.00146 -0.000150396 -0.00137006
2.1745 0.525253 1.0015 -0.000141326 -0.00152463
2.19463 0.525253 1.00155 -0.000126082 -0.00166844
2.21477 0.525253 1.00159 -0.000105345 -0.00180132
2.2349 0.525253 1.00164 -7.9836e-05 -0.00192319
2.25503 0.525253 1.00168 -5.03019e-05 -0.00203399
2.27517 0.525253 1.00171 -1.74935e-05 -0.00213376
2.2953 0.525253 1.00175 1.78484e-05 -0.00222259
2.31544 0.525253 1.00178 5.50075e-05 -0.00230064
2.33557 0.525253 1.00181 9.33028e-05 -0.00236814
2.3557 0.525253 1.00184 0.000132097 -0.00242537
2.37584 0.525253 1.00186 0.000170805 -0.00247262
2.39597 0.525253 1.00189 0.000208892 -0.00251027
2.41611 0.525253 1.00191 0.000245882 -0.00253867
2.43624 0.525253 1.00192 0.000281355 -0.00255821
2.45638 0.525253 1.00194 0.000314946 -0.00256927
2.47651 0.525253 1.00195 0.000346341 -0.00257224
2.49664 0.525253 1.00196 0.000375278 -0.00256746
2.51678 0.525253 1.00197 0.000401539 -0.00255529
2.53691 0.525253 1.00197 0.000424947 -0.00253603
2.55705 0.525253 1.00197 0.000445364 -0.00250994
2.57718 0.525253 1.00198 0.000462681 -0.00247727
2.59732 0.525253 1.00197 0.000476817 -0.00243819
2.61745 0.525253 1.00197 0.000487715 -0.00239283
2.63758 0.525253 1.00197 0.000495333 -0.00234127
2.65772 0.525253 1.00196 0.000499641 -0.00228352
2.67785 0.525253 1.00195 0.000500618 -0.00221952
2.69799 0.525253 1.00194 0.000498245 -0.00214916
2.71812 0.525253 1.00193 0.000492502 -0.00207224
2.73826 0.525253 1.00192 0.000483359 -0.00198851
2.75839 0.525253 1.0019 0.000470777 -0.0018976
2.77852 0.525253 1.00189 0.000454702 -0.0017991
2.79866 0.525253 1.00187 0.000435055 -0.0016925
2.81879 0.525253 1.00185 0.000411734 -0.00157719
2.83893 0.525253 1.00183 0.000384605 -0.00145248
2.85906 0.525253 1.00181 0.000353498 -0.00131759
2.87919 0.525253 1.00178 0.000318203 -0.00117161
2.89933 0.525253 1.00176 0.000278461 -0.00101357
2.91946 0.525253 1.00173 0.000233961 -0.000842358
2.9396 0.525253 1.00171 0.000184337 -0.000656773
2.95973 0.525253 1.00168 0.00012915 -0.000455494
2.97987 0.525253 1.00164 6.79075e-05 -0.000237087
3 0.525253 1.00161 0 0

0 0.545455 1 0.1 0
0.0201342 0.545455 1.15419 0.0863473 0.00492955
0.0402685 0.545455 1.16661 0.0851729 0.00967729
0.0604027 0.545455 1.16666 0.0849288 0.0142315
0.0805369 0.545455 1.16664 0.0846753 0.0185742
0.100671 0.545455 1.16652 0.0843919 0.0226869
0.120805 0.545455 1.16631 0.0840562 0.0265543
0.14094 0.545455 1.166 0.0836467 0.0301641
0.161074 0.545455 1.16562 0.0831442 0.0335075
0.181208 0.545455 1.16516 0.0825318 0.0365789
0.201342 0.545455 1.16463 0.0817959 0.039376
0.221477 0.545455 1.16406 0.0809256 0.0418995
0.241611 0.545455 1.16344 0.0799133 0.0441527
0.261745 0.545455 1.16279 0.0787541 0.0461413
0.281879 0.545455 1.16212 0.0774459 0.0478727
0.302013 0.545455 1.16144 0.0759891 0.0493555
0.322148 0.545455 1.16075 0.0743862 0.0505997
0.342282 0.545455 1.16008 0.0726415 0.0516153
0.362416 0.545455 1.15941 0.0707608 0.0524129
0.38255 0.545455 1.15876 0.0687512 0.0530028
0.402685 0.545455 1.15814 0.0666207 0.053395
0.422819 0.545455 1.15755 0.0643782 0.053599
0.442953 0.545455 1.157 0.0620329 0.0536236
0.463087 0.545455 1.15648 0.0595946 0.0534766
0.483221 0.545455 1.15601 0.0570734 0.0531652
0.503356 0.545455 1.15559 0.0544794 0.0526955
0.52349 0.545455 1.15521 0.0518231 0.0520729
0.543624 0.545455 1.15489 0.0491149 0.0513017
0.563758 0.545455 1.15462 0.0463653 0.0503855
0.583893 0.545455 1.15441 0.043585 0.0493271
0.604027 0.545455 1.15425 0.0407845 0.0481286
0.624161 0.545455 1.15416 0.0379749 0.0467917
0.644295 0.545455 1.15413 0.0351671 0.0453172
0.66443 0.545455 1.15416 0.0323723 0.043706
0.684564 0.545455 1.15426 0.029602 0.0419584
0.704698 0.545455 1.15443 0.0268682 0.0400747
0.724832 0.545455 1.15466 0.0241828 0.0380552
0.744966 0.545455 1.15497 0.0215587 0.0359003
0.765101 0.545455 1.15534 0.0190087 0.0336105
0.785235 0.545455 1.1558 0.0165463 0.0311866
0.805369 0.545455 1.15632 0.0141854 0.0286301
0.825503 0.545455 1.15693 0.0119404 0.0259424
0.845638 0.545455 1.15761 0.00982592 0.0231257
0.865772 0.545455 1.15837 0.00785729 0.0201822
0.885906 0.545455 1.1592 0.00604989 0.0171146
0.90604 0.545455 1.16013 0.00441971 0.0139257
0.926174 0.545455 1.16112 0.00298277 0.0106179
0.946309 0.545455 1.16222 0.00175587 0.00719354
0.966443 0.545455 1.16338 0.000755683 0.00365398
0.986577 0.545455 1.16464 0 0
1.00671 0.545455 0 0 0
1.02685 0.545455 0 0 0
1.04698 0.545455 0 0 0
1.06711 0.545455 0 0 0
1.08725 0.545455 0 0 0
1.10738 0.545455 0 0 0
1.12752 0.545455 0 0 0
1.14765 0.545455 0 0 0
1.16779 0.545455 0 0 0
1.18792 0.545455 0 0 0
1.20805 0.545455 0 0 0
1.22819 0.545455 0 0 0
1.24832 0.545455 0 0 0
1.26846 0.545455 0 0 0
1.28859 0.545455 0 0 0
1.30872 0.545455 0 0 0
1.32886 0.545455 0 0 0
1.34899 0.545455 0 0 0
1.36913 0.545455 0 0 0
1.38926 0.545455 0 0 0
1.4094 0.545455 0 0 0
1.42953 0.545455 0 0 0
1.44966 0.545455 0 0 0
1.4698 0.545455 0 0 0
1.48993 0.545455 0 0 0
1.51007 0.545455 0 0 0
1.5302 0.545455 0 0 0
1.55034 0.545455 0 0 0
1.57047 0.545455 0 0 0
1.5906 0.545455 0 0 0
1.61074 0.545455 0 0 0
1.63087 0.545455 0 0 0
1.65101 0.545455 0 0 0
1.67114 0.545455 0 0 0
1.69128 0.545455 0 0 0
1.71141 0.545455 0 0 0
1.73154 0.545455 0 0 0
1.75168 0.545455 0 0 0
1.77181 0.545455 0 0 0
1.79195 0.545455 0 0 0
1.81208 0.545455 0 0 0
1.83221 0.545455 0 0 0
1.85235 0.545455 0 0 0
1.87248 0.545455 0 0 0
1.89262 0.545455 0 0 0
1.91275 0.545455 0 0 0
1.93289 0.545455 0 0 0
1.95302 0.545455 0 0 0
1.97315 0.545455 0 0 0
1.99329 0.545455 0 0 0
2.01342 0.545455 1.00119 0 0
2.03356 0.545455 1.00124 -4.80447e-05 -0.000236002
2.05369 0.545455 1.00128 -8.69251e-05 -0.000461723
2.07383 0.545455 1.00133 -0.000116631 -0.000677314
2.09396 0.545455 1.00138 -0.0001373 -0.000882751
2.11409 0.545455 1.00143 -0.000149182 -0.00107787
2.13423 0.545455 1.00148 -0.000152659 -0.00126242
2.15436 0.545455 1.00153 -0.000148234 -0.00143609
2.1745 0.545455 1.00158 -0.000136519 -0.00159859
2.19463 0.545455 1.00163 -0.000118218 -0.00174965
2.21477 0.545455 1.00168 -9.41016e-05 -0.00188904
2.2349 0.545455 1.00173 -6.49861e-05 -0.00201662
2.25503 0.545455 1.00177 -3.17102e-05 -0.00213233
2.27517 0.545455 1.00181 4.88639e-06 -0.00223619
2.2953 0.545455 1.00185 4.39815e-05 -0.00232832
2.31544 0.545455 1.00188 8.47858e-05 -0.00240891
2.33557 0.545455 1.00192 0.000126555 -0.00247822
2.3557 0.545455 1.00194 0.0001686 -0.00253658
2.37584 0.545455 1.00197 0.000210291 -0.00258434
2.39597 0.545455 1.00199 0.000251061 -0.00262193
2.41611 0.545455 1.00202 0.000290412 -0.00264976
2.43624 0.545455 1.00203 0.000327905 -0.00266828
2.45638 0.545455 1.00205 0.000363166 -0.00267793
2.47651 0.545455 1.00206 0.000395881 -0.00267913
2.49664 0.545455 1.00207 0.000425787 -0.00267231
2.51678 0.545455 1.00208 0.000452673 -0.00265783
2.53691 0.545455 1.00208 0.000476373 -0.00263606
2.55705 0.545455 1.00208 0.00049676 -0.00260729
2.57718 0.545455 1.00208 0.00051374 -0.00257179
2.59732 0.545455 1.00208 0.000527248 -0.00252977
2.61745 0.545455 1.00208 0.000537243 -0.00248136
2.63758 0.545455 1.00207 0.0005437 -0.00242667
2.65772 0.545455 1.00207 0.000546608 -0.0023657
2.67785 0.545455 1.00206 0.000545962 -0.00229842
2.69799 0.545455 1.00205 0.00054176 -0.0022247
2.71812 0.545455 1.00204 0.000533998 -0.00214434
2.73826 0.545455 1.00202 0.000522664 -0.00205708
2.75839 0.545455 1.00201 0.000507732 -0.00196253
2.77852 0.545455 1.00199 0.000489162 -0.00186027
2.79866 0.545455 1.00197 0.000466889 -0.00174975
2.81879 0.545455 1.00195 0.000440822 -0.00163034
2.83893 0.545455 1.00193 0.000410836 -0.0015013
2.85906 0.545455 1.00191 0.000376772 -0.00136182
2.87919 0.545455 1.00189 0.000338425 -0.00121094
2.89933 0.545455 1.00186 0.000295541 -0.00104764
2.91946 0.545455 1.00183 0.000247812 -0.000870742
2.9396 0.545455 1.0018 0.00019487 -0.000678983
2.95973 0.545455 1.00177 0.000136274 -0.00047097
2.97987 0.545455 1.00174 7.15248e-05 -0.000245189
3 0.545455 1.00171 0 0

0 0.565657 1 0.1 0
0.0201342 0.565657 1.15297 0.0864333 0.00489919
0.0402685 0.565657 1.16532 0.0852461 0.00963631
0.0604027 0.565657 1.16534 0.0849794 0.0142008
0.0805369 0.565657 1.16529 0.0846961 0.0185752
0.100671 0.565657 1.16514 0.0843764 0.022741
0.120805 0.565657 1.1649 0.0839991 0.0266814
0.14094 0.565657 1.16458 0.0835448 0.0303823
0.161074 0.565657 1.16418 0.082996 0.0338323
0.181208 0.565657 1.16371 0.0823377 0.037023
0.201342 0.565657 1.16319 0.0815579 0.0399491
0.221477 0.565657 1.16262 0.0806473 0.0426084
0.241611 0.565657 1.16202 0.0795995 0.0450013
0.261745 0.565657 1.16139 0.0784105 0.0471308
0.281879 0.565657 1.16074 0.077079 0.0490021
0.302013 0.565657 1.16009 0.0756056 0.0506219
0.322148 0.565657 1.15944 0.0739928 0.0519981
0.342282 0.565657 1.15879 0.0722449 0.0531396
0.362416 0.565657 1.15816 0.0703673 0.0540558
0.38255 0.565657 1.15755 0.0683665 0.054756
0.402685 0.565657 1.15696 0.0662499 0.0552498
0.422819 0.565657 1.15641 0.0640256 0.0555459
0.442953 0.565657 1.15589 0.0617022 0.0556529
0.463087 0.565657 1.15541 0.0592886 0.0555784
0.483221 0.565657 1.15497 0.0567942 0.0553296
0.503356 0.565657 1.15458 0.0542284 0.0549123
0.52349 0.565657 1.15424 0.0516009 0.054332
0.543624 0.565657 1.15394 0.0489214 0.053593
0.563758 0.565657 1.1537 0.0461998 0.0526989
0.583893 0.565657 1.15352 0.0434464 0.0516523
0.604027 0.565657 1.15339 0.0406713 0.0504554
0.624161 0.565657 1.15332 0.0378849 0.0491096
0.644295 0.565657 1.15331 0.0350981 0.0476157
0.66443 0.565657 1.15337 0.0323219 0.0459741
0.684564 0.565657 1.15349 0.0295676 0.0441851
0.704698 0.565657 1.15368 0.026847 0.0422484
0.724832 0.565657 1.15393 0.0241724 0.0401641
0.744966 0.565657 1.15425 0.0215565 0.0379321
0.765101 0.565657 1.15465 0.0190126 0.0355525
0.785235 0.565657 1.15512 0.0165543 0.0330258
0.805369 0.565657 1.15566 0.014196 0.0303527
0.825503 0.565657 1.15628 0.0119522 0.0275344
0.845638 0.565657 1.15697 0.00983822 0.0245727
0.865772 0.565657 1.15774 0.00786941 0.0214694
0.885906 0.565657 1.15859 0.00606147 0.018227
0.90604 0.565657 1.15951 0.00443048 0.0148477
0.926174 0.565657 1.16051 0.00299241 0.011334
0.946309 0.565657 1.1616 0.00176371 0.00768758
0.966443 0.565657 1.16276 0.00076061 0.0039095
0.986577 0.565657 1.16401 0 0
1.00671 0.565657 0 0 0
1.02685 0.565657 0 0 0
1.04698 0.565657 0 0 0
1.06711 0.565657 0 0 0
1.08725 0.565657 0 0 0
1.10738 0.565657 0 0 0
1.12752 0.565657 0 0 0
1.14765 0.565657 0 0 0
1.16779 0.565657 0 0 0
1.18792 0.565657 0 0 0
1.20805 0.565657 0 0 0
1.22819 0.565657 0 0 0
1.24832 0.565657 0 0 0
1.26846 0.565657 0 0 0
1.28859 0.565657 0 0 0
1.30872 0.565657 0 0 0
1.32886 0.565657 0 0 0
1.34899 0.565657 0 0 0
1.36913 0.565657 0 0 0
1.38926 0.565657 0 0 0
1.4094 0.565657 0 0 0
1.42953 0.565657 0 0 0
1.44966 0.565657 0 0 0
1.4698 0.565657 0 0 0
1.48993 0.565657 0 0 0
1.51007 0.565657 0 0 0
1.5302 0.565657 0 0 0
1.55034 0.565657 0 0 0
1.57047 0.565657 0 0 0
1.5906 0.565657 0 0 0
1.61074 0.565657 0 0 0
1.63087 0.565657 0 0 0
1.65101 0.565657 0 0 0
1.67114 0.565657 0 0 0
1.69128 0.565657 0 0 0
1.71141 0.565657 0 0 0
1.73154 0.565657 0 0 0
1.75168 0.565657 0 0 0
1.77181 0.565657 0 0 0
1.79195 0.565657 0 0 0
1.81208 0.565657 0 0 0
1.83221 0.565657 0 0 0
1.85235 0.565657 0 0 0
1.87248 0.565657 0 0 0
1.89262 0.565657 0 0 0
1.91275 0.565657 0 0 0
1.93289 0.565657 0 0 0
1.95302 0.565657 0 0 0
1.97315 0.565657 0 0 0
1.99329 0.565657 0 0 0
2.01342 0.565657 1.00124 0 0
2.03356 0.565657 1.00129 -4.9519e-05 -0.000246393
2.05369 0.565657 1.00134 -8.92251e-05 -0.000482647
2.07383 0.565657 1.00139 -0.000119049 -0.000708788
2.09396 0.565657 1.00145 -0.000139109 -0.000924654
2.11409 0.565657 1.0015 -0.000149665 -0.00112993
2.13423 0.565657 1.00156 -0.000151136 -0.0013242
2.15436 0.565657 1.00161 -0.000144092 -0.00150705
2.1745 0.565657 1.00167 -0.000129231 -0.00167804
2.19463 0.565657 1.00172 -0.000107355 -0.0018368
2.21477 0.565657 1.00177 -7.93431e-05 -0.00198306
2.2349 0.565657 1.00182 -4.61217e-05 -0.00211661
2.25503 0.565657 1.00187 -8.63569e-06 -0.00223738
2.27517 0.565657 1.00191 3.21754e-05 -0.00234541
2.2953 0.565657 1.00195 7.53993e-05 -0.00244082
2.31544 0.565657 1.00199 0.000120168 -0.00252385
2.33557 0.565657 1.00202 0.000165671 -0.00259482
2.3557 0.565657 1.00205 0.000211166 -0.00265409
2.37584 0.565657 1.00208 0.000255979 -0.00270211
2.39597 0.565657 1.00211 0.000299515 -0.00273935
2.41611 0.565657 1.00213 0.000341252 -0.0027663
2.43624 0.565657 1.00215 0.000380742 -0.00278348
2.45638 0.565657 1.00216 0.000417605 -0.00279138
2.47651 0.565657 1.00217 0.000451527 -0.0027905
2.49664 0.565657 1.00218 0.000482255 -0.00278129
2.51678 0.565657 1.00219 0.000509587 -0.0027642
2.53691 0.565657 1.0022 0.000533373 -0.0027396
2.55705 0.565657 1.0022 0.0005535 -0.00270785
2.57718 0.565657 1.0022 0.000569895 -0.00266924
2.59732 0.565657 1.0022 0.000582512 -0.002624
2.61745 0.565657 1.00219 0.000591328 -0.0025723
2.63758 0.565657 1.00219 0.000596341 -0.00251423
2.65772 0.565657 1.00218 0.000597558 -0.00244984
2.67785 0.565657 1.00217 0.000594996 -0.00237907
2.69799 0.565657 1.00216 0.000588671 -0.00230181
2.71812 0.565657 1.00214 0.000578597 -0.00221785
2.73826 0.565657 1.00213 0.00056478 -0.0021269
2.75839 0.565657 1.00211 0.000547212 -0.00202858
2.77852 0.565657 1.0021 0.000525867 -0.00192243
2.79866 0.565657 1.00208 0.000500696 -0.00180788
2.81879 0.565657 1.00206 0.000471619 -0.00168426
2.83893 0.565657 1.00204 0.000438525 -0.00155081
2.85906 0.565657 1.00201 0.000401263 -0.00140665
2.87919 0.565657 1.00199 0.000359637 -0.0012508
2.89933 0.565657 1.00196 0.000313399 -0.00108215
2.91946 0.565657 1.00194 0.000262245 -0.000899494
2.9396 0.565657 1.00191 0.000205808 -0.000701483
2.95973 0.565657 1.00188 0.000143647 -0.00048665
2.97987 0.565657 1.00184 7.52546e-05 -0.0002534
3 0.565657 1.00181 0 0

0 0.585859 1 0.1 0
0.0201342 0.585859 1.15184 0.0865136 0.00487732
0.0402685 0.585859 1.16413 0.0853151 0.00961207
0.0604027 0.585859 1.16412 0.0850279 0.0141945
0.0805369 0.585859 1.16403 0.0847172 0.0186076
0.100671 0.585859 1.16384 0.0843629 0.022832
0.120805 0.585859 1.16357 0.0839452 0.0268497
0.14094 0.585859 1.16322 0.083446 0.0306442
0.161074 0.585859 1.1628 0.0828497 0.0342016
0.181208 0.585859 1.16232 0.0821432 0.0375107
0.201342 0.585859 1.16179 0.0813163 0.0405633
0.221477 0.585859 1.16122 0.0803614 0.0433545
0.241611 0.585859 1.16062 0.0792734 0.0458821
0.261745 0.585859 1.16 0.0780496 0.0481468
0.281879 0.585859 1.15937 0.0766896 0.0501517
0.302013 0.585859 1.15874 0.0751944 0.0519017
0.322148 0.585859 1.15811 0.0735669 0.0534034
0.342282 0.585859 1.15749 0.0718113 0.0546645
0.362416 0.585859 1.15688 0.0699327 0.0556932
0.38255 0.585859 1.1563 0.0679372 0.0564983
0.402685 0.585859 1.15575 0.0658318 0.0570887
0.422819 0.585859 1.15523 0.0636238 0.0574728
0.442953 0.585859 1.15474 0.061321 0.0576588
0.463087 0.585859 1.15429 0.0589316 0.0576543
0.483221 0.585859 1.15388 0.0564642 0.0574661
0.503356 0.585859 1.15352 0.0539273 0.0571002
0.52349 0.585859 1.1532 0.0513299 0.0565618
0.543624 0.585859 1.15294 0.0486811 0.0558551
0.563758 0.585859 1.15272 0.0459901 0.0549838
0.583893 0.585859 1.15256 0.0432664 0.0539503
0.604027 0.585859 1.15246 0.0405197 0.0527566
0.624161 0.585859 1.15241 0.03776 0.0514038
0.644295 0.585859 1.15243 0.0349976 0.0498926
0.66443 0.585859 1.1525 0.0322434 0.0482231
0.684564 0.585859 1.15264 0.0295085 0.0463951
0.704698 0.585859 1.15285 0.0268045 0.0444079
0.724832 0.585859 1.15312 0.0241438 0.0422612
0.744966 0.585859 1.15346 0.0215391 0.0399543
0.765101 0.585859 1.15387 0.0190038 0.0374867
0.785235 0.585859 1.15436 0.016552 0.0348586
0.805369 0.585859 1.15491 0.0141982 0.0320701
0.825503 0.585859 1.15555 0.0119575 0.0291221
0.845638 0.585859 1.15625 0.00984531 0.0260157
0.865772 0.585859 1.15703 0.00787754 0.0227528
0.885906 0.585859 1.15789 0.00607011 0.0193355
0.90604 0.585859 1.15882 0.00443919 0.0157659
0.926174 0.585859 1.15982 0.00300075 0.0120462
0.946309 0.585859 1.16091 0.00177087 0.0081783
0.966443 0.585859 1.16206 0.000765318 0.00416288
0.986577 0.585859 1.16329 0 0
1.00671 0.585859 0 0 0
1.02685 0.585859 0 0 0
1.04698 0.585859 0 0 0
1.06711 0.585859 0 0 0
1.08725 0.585859 0 0 0
1.10738 0.585859 0 0 0
1.12752 0.585859 0 0 0
1.14765 0.585859 0 0 0
1.16779 0.585859 0 0 0
1.18792 0.585859 0 0 0
1.20805 0.585859 0 0 0
1.22819 0.585859 0 0 0
1.24832 0.585859 0 0 0
1.26846 0.585859 0 0 0
1.28859 0.585859 0 0 0
1.30872 0.585859 0 0 0
1.32886 0.585859 0 0 0
1.34899 0.585859 0 0 0
1.36913 0.585859 0 0 0
1.38926 0.585859 0 0 0
1.4094 0.585859 0 0 0
1.42953 0.585859 0 0 0
1.44966 0.585859 0 0 0
1.4698 0.585859 0 0 0
1.48993 0.585859 0 0 0
1.51007 0.585859 0 0 0
1.5302 0.585859 0 0 0
1.55034 0.585859 0 0 0
1.57047 0.585859 0 0 0
1.5906 0.585859 0 0 0
1.61074 0.585859 0 0 0
1.63087 0.585859 0 0 0
1.65101 0.585859 0 0 0
1.67114 0.585859 0 0 0
1.69128 0.585859 0 0 0
1.71141 0.585859 0 0 0
1.73154 0.585859 0 0 0
1.75168 0.585859 0 0 0
1.77181 0.585859 0 0 0
1.79195 0.585859 0 0 0
1.81208 0.585859 0 0 0
1.83221 0.585859 0 0 0
1.85235 0.585859 0 0 0
1.87248 0.585859 0 0 0
1.89262 0.585859 0 0 0
1.91275 0.585859 0 0 0
1.93289 0.585859 0 0 0
1.95302 0.585859 0 0 0
1.97315 0.585859 0 0 0
1.99329 0.585859 0 0 0
2.01342 0.585859 1.00129 0 0
2.03356 0.585859 1.00134 -5.08909e-05 -0.000257477
2.05369 0.585859 1.0014 -9.12483e-05 -0.000505043
2.07383 0.585859 1.00145 -0.00012093 -0.000742565
2.09396 0.585859 1.00151 -0.000140034 -0.000969706
2.11409 0.585859 1.00157 -0.000148831 -0.00118596
2.13423 0.585859 1.00163 -0.000147796 -0.00139074
2.15436 0.585859 1.00169 -0.000137578 -0.00158344
2.1745 0.585859 1.00175 -0.000118982 -0.00176351
2.19463 0.585859 1.00181 -9.29324e-05 -0.00193046
2.21477 0.585859 1.00187 -6.04355e-05 -0.00208394
2.2349 0.585859 1.00192 -2.25457e-05 -0.0022237
2.25503 0.585859 1.00197 1.96698e-05 -0.00234967
2.27517 0.585859 1.00202 6.51597e-05 -0.00246187
2.2953 0.585859 1.00206 0.000112913 -0.00256049
2.31544 0.585859 1.0021 0.000161978 -0.00264581
2.33557 0.585859 1.00214 0.000211477 -0.0027182
2.3557 0.585859 1.00217 0.00026061 -0.00277812
2.37584 0.585859 1.0022 0.000308668 -0.00282608
2.39597 0.585859 1.00222 0.000355026 -0.00286263
2.41611 0.585859 1.00225 0.000399146 -0.00288834
2.43624 0.585859 1.00227 0.000440574 -0.0029038
2.45638 0.585859 1.00228 0.00047893 -0.00290958
2.47651 0.585859 1.00229 0.00051391 -0.00290624
2.49664 0.585859 1.0023 0.00054527 -0.00289429
2.51678 0.585859 1.00231 0.000572829 -0.00287422
2.53691 0.585859 1.00231 0.000596452 -0.00284647
2.55705 0.585859 1.00232 0.000616051 -0.00281142
2.57718 0.585859 1.00232 0.000631573 -0.0027694
2.59732 0.585859 1.00231 0.000642997 -0.00272066
2.61745 0.585859 1.00231 0.000650325 -0.0026654
2.63758 0.585859 1.0023 0.000653575 -0.00260372
2.65772 0.585859 1.00229 0.00065278 -0.00253568
2.67785 0.585859 1.00228 0.000647977 -0.00246123
2.69799 0.585859 1.00227 0.000639205 -0.00238025
2.71812 0.585859 1.00226 0.000626499 -0.00229251
2.73826 0.585859 1.00224 0.000609884 -0.00219774
2.75839 0.585859 1.00223 0.000589371 -0.00209551
2.77852 0.585859 1.00221 0.00056495 -0.00198536
2.79866 0.585859 1.00219 0.000536587 -0.00186667
2.81879 0.585859 1.00217 0.000504219 -0.00173876
2.83893 0.585859 1.00215 0.000467748 -0.00160081
2.85906 0.585859 1.00212 0.000427032 -0.00145191
2.87919 0.585859 1.0021 0.000381886 -0.00129102
2.89933 0.585859 1.00207 0.00033207 -0.00111698
2.91946 0.585859 1.00204 0.000277285 -0.000928506
2.9396 0.585859 1.00201 0.000217168 -0.000724188
2.95973 0.585859 1.00198 0.000151275 -0.000502478
2.97987 0.585859 1.00195 7.90996e-05 -0.000261691
3 0.585859 1.00191 0 0

0 0.606061 1 0.1 0
0.0201342 0.606061 1.1508 0.086588 0.00486259
0.0402685 0.606061 1.16303 0.0853796 0.00960257
0.0604027 0.606061 1.16299 0.0850739 0.0142107
0.0805369 0.606061 1.16285 0.0847375 0.0186698
0.100671 0.606061 1.16262 0.0843498 0.0229594
0.120805 0.606061 1.16231 0.0838918 0.0270596
0.14094 0.606061 1.16193 0.083347 0.0309514
0.161074 0.606061 1.16148 0.0827014 0.0346181
0.181208 0.606061 1.16097 0.0819439 0.0380456
0.201342 0.606061 1.16042 0.0810663 0.041223
0.221477 0.606061 1.15984 0.0800627 0.0441428
0.241611 0.606061 1.15924 0.07893 0.0468004
0.261745 0.606061 1.15862 0.0776667 0.0491946
0.281879 0.606061 1.15799 0.0762733 0.0513266
0.302013 0.606061 1.15737 0.0747517 0.0532001
0.322148 0.606061 1.15675 0.0731053 0.0548202
0.342282 0.606061 1.15615 0.0713382 0.0561939
0.362416 0.606061 1.15557 0.0694555 0.0573285
0.38255 0.606061 1.15502 0.0674629 0.0582325
0.402685 0.606061 1.15449 0.0653668 0.0589139
0.422819 0.606061 1.15399 0.0631739 0.0593812
0.442953 0.606061 1.15353 0.0608913 0.0596423
0.463087 0.606061 1.15311 0.0585264 0.0597044
0.483221 0.606061 1.15273 0.0560867 0.0595743
0.503356 0.606061 1.1524 0.0535803 0.059258
0.52349 0.606061 1.15211 0.051015 0.0587604
0.543624 0.606061 1.15187 0.0483993 0.0580859
0.563758 0.606061 1.15168 0.0457416 0.0572376
0.583893 0.606061 1.15154 0.0430508 0.0562181
0.604027 0.606061 1.15146 0.0403358 0.055029
0.624161 0.606061 1.15143 0.0376063 0.0536712
0.644295 0.606061 1.15147 0.0348719 0.0521449
0.66443 0.606061 1.15156 0.0321432 0.0504499
0.684564 0.606061 1.15172 0.029431 0.0485854
0.704698 0.606061 1.15194 0.0267469 0.0465505
0.724832 0.606061 1.15223 0.0241029 0.0443438
0.744966 0.606061 1.15259 0.021512 0.0419644
0.765101 0.606061 1.15302 0.0189876 0.0394112
0.785235 0.606061 1.15352 0.0165441 0.0366835
0.805369 0.606061 1.15409 0.0141963 0.0337811
0.825503 0.606061 1.15473 0.0119597 0.0307043
0.845638 0.606061 1.15545 0.00985018 0.027454
0.865772 0.606061 1.15624 0.00788401 0.0240318
0.885906 0.606061 1.15711 0.00607749 0.0204396
0.90604 0.606061 1.15805 0.00444697 0.0166796
0.926174 0.606061 1.15905 0.00300843 0.0127542
0.946309 0.606061 1.16013 0.00177764 0.00866536
0.966443 0.606061 1.16128 0.000769884 0.00441391
0.986577 0.606061 1.16249 0 0
1.00671 0.606061 0 0 0
1.02685 0.606061 0 0 0
1.04698 0.606061 0 0 0
1.06711 0.606061 0 0 0
1.08725 0.606061 0 0 0
1.10738 0.606061 0 0 0
1.12752 0.606061 0 0 0
1.14765 0.606061 0 0 0
1.16779 0.606061 0 0 0
1.18792 0.606061 0 0 0
1.20805 0.606061 0 0 0
1.22819 0.606061 0 0 0
1.24832 0.606061 0 0 0
1.26846 0.606061 0 0 0
1.28859 0.606061 0 0 0
1.30872 0.606061 0 0 0
1.32886 0.606061 0 0 0
1.34899 0.606061 0 0 0
1.36913 0.606061 0 0 0
1.38926 0.606061 0 0 0
1.4094 0.606061 0 0 0
1.42953 0.606061 0 0 0
1.44966 0.606061 0 0 0
1.4698 0.606061 0 0 0
1.48993 0.606061 0 0 0
1.51007 0.606061 0 0 0
1.5302 0.606061 0 0 0
1.55034 0.606061 0 0 0
1.57047 0.606061 0 0 0
1.5906 0.606061 0 0 0
1.61074 0.606061 0 0 0
1.63087 0.606061 0 0 0
1.65101 0.606061 0 0 0
1.67114 0.606061 0 0 0
1.69128 0.606061 0 0 0
1.71141 0.606061 0 0 0
1.73154 0.606061 0 0 0
1.75168 0.606061 0 0 0
1.77181 0.606061 0 0 0
1.79195 0.606061 0 0 0
1.81208 0.606061 0 0 0
1.83221 0.606061 0 0 0
1.85235 0.606061 0 0 0
1.87248 0.606061 0 0 0
1.89262 0.606061 0 0 0
1.91275 0.606061 0 0 0
1.93289 0.606061 0 0 0
1.95302 0.606061 0 0 0
1.97315 0.606061 0 0 0
1.99329 0.606061 0 0 0
2.01342 0.606061 1.00134 0 0
2.03356 0.606061 1.00139 -5.21383e-05 -0.000269331
2.05369 0.606061 1.00145 -9.29344e-05 -0.000529083
2.07383 0.606061 1.00151 -0.000122156 -0.000778923
2.09396 0.606061 1.00158 -0.000139882 -0.00101829
2.11409 0.606061 1.00164 -0.000146401 -0.00124644
2.13423 0.606061 1.00171 -0.000142259 -0.00146258
2.15436 0.606061 1.00177 -0.00012821 -0.00166589
2.1745 0.606061 1.00184 -0.000105192 -0.00185566
2.19463 0.606061 1.0019 -7.42753e-05 -0.00203128
2.21477 0.606061 1.00196 -3.66209e-05 -0.00219232
2.2349 0.606061 1.00202 6.56794e-06 -0.0023385
2.25503 0.606061 1.00208 5.40847e-05 -0.00246972
2.27517 0.606061 1.00213 0.000104754 -0.00258607
2.2953 0.606061 1.00217 0.000157458 -0.00268775
2.31544 0.606061 1.00222 0.000211158 -0.00277513
2.33557 0.606061 1.00225 0.000264905 -0.00284865
2.3557 0.606061 1.00229 0.000317849 -0.00290887
2.37584 0.606061 1.00232 0.000369245 -0.00295638
2.39597 0.606061 1.00235 0.000418447 -0.00299183
2.41611 0.606061 1.00237 0.000464906 -0.00301589
2.43624 0.606061 1.00239 0.000508168 -0.00302921
2.45638 0.606061 1.00241 0.000547864 -0.00303244
2.47651 0.606061 1.00242 0.000583701 -0.00302622
2.49664 0.606061 1.00243 0.000615458 -0.00301113
2.51678 0.606061 1.00243 0.000642974 -0.0029877
2.53691 0.606061 1.00244 0.000666141 -0.00295643
2.55705 0.606061 1.00244 0.000684896 -0.00291775
2.57718 0.606061 1.00244 0.000699216 -0.002872
2.59732 0.606061 1.00243 0.000709105 -0.00281947
2.61745 0.606061 1.00243 0.000714593 -0.00276038
2.63758 0.606061 1.00242 0.000715726 -0.00269486
2.65772 0.606061 1.00241 0.000712562 -0.00262295
2.67785 0.606061 1.0024 0.000705163 -0.00254461
2.69799 0.606061 1.00239 0.000693592 -0.00245972
2.71812 0.606061 1.00237 0.000677906 -0.00236807
2.73826 0.606061 1.00236 0.000658152 -0.00226932
2.75839 0.606061 1.00234 0.000634359 -0.00216307
2.77852 0.606061 1.00232 0.000606539 -0.00204881
2.79866 0.606061 1.0023 0.000574673 -0.0019259
2.81879 0.606061 1.00228 0.000538714 -0.00179362
2.83893 0.606061 1.00226 0.000498578 -0.00165112
2.85906 0.606061 1.00223 0.000454138 -0.00149742
2.87919 0.606061 1.00221 0.000405217 -0.00133145
2.89933 0.606061 1.00218 0.000351587 -0.00115198
2.91946 0.606061 1.00215 0.000292955 -0.000957661
2.9396 0.606061 1.00212 0.000228962 -0.000747007
2.95973 0.606061 1.00209 0.000159167 -0.000518387
2.97987 0.606061 1.00206 8.30621e-05 -0.000270028
3 0.606061 1.00202 0 0

0 0.626263 1 0.1 0
0.0201342 0.626263 1.14984 0.0866563 0.00485379
0.0402685 0.626263 1.16202 0.0854392 0.0096061
0.0604027 0.626263 1.16195 0.0851167 0.0142478
0.0805369 0.626263 1.16176 0.0847557 0.0187608
0.100671 0.626263 1.16149 0.0843349 0.0231232
0.120805 0.626263 1.16113 0.083836 0.0273123
0.14094 0.626263 1.1607 0.0832438 0.0313063
0.161074 0.626263 1.16021 0.082546 0.0350853
0.181208 0.626263 1.15967 0.0817339 0.0386324
0.201342 0.626263 1.1591 0.0808012 0.0419337
0.221477 0.626263 1.1585 0.0797445 0.0449792
0.241611 0.626263 1.15788 0.0785622 0.0477625
0.261745 0.626263 1.15725 0.0772547 0.0502805
0.281879 0.626263 1.15663 0.0758236 0.052533
0.302013 0.626263 1.15601 0.0742719 0.0545225
0.322148 0.626263 1.1554 0.0726031 0.0562535
0.342282 0.626263 1.15481 0.0708217 0.0577321
0.362416 0.626263 1.15424 0.0689327 0.0589653
0.38255 0.626263 1.1537 0.0669415 0.059961
0.402685 0.626263 1.1532 0.0648539 0.0607272
0.422819 0.626263 1.15272 0.0626759 0.0612721
0.442953 0.626263 1.15229 0.060414 0.0616033
0.463087 0.626263 1.15189 0.0580745 0.0617281
0.483221 0.626263 1.15153 0.0556643 0.061653
0.503356 0.626263 1.15122 0.0531904 0.061384
0.52349 0.626263 1.15095 0.05066 0.0609259
0.543624 0.626263 1.15073 0.0480804 0.0602827
0.563758 0.626263 1.15057 0.0454594 0.0594576
0.583893 0.626263 1.15045 0.0428049 0.0584527
0.604027 0.626263 1.15039 0.0401255 0.0572695
0.624161 0.626263 1.15038 0.0374298 0.0559084
0.644295 0.626263 1.15043 0.0347273 0.0543693
0.66443 0.626263 1.15055 0.0320278 0.0526514
0.684564 0.626263 1.15072 0.0293417 0.0507533
0.704698 0.626263 1.15096 0.0266805 0.0486734
0.724832 0.626263 1.15127 0.0240561 0.0464098
0.744966 0.626263 1.15164 0.0214812 0.0439607
0.765101 0.626263 1.15208 0.0189696 0.0413243
0.785235 0.626263 1.1526 0.0165358 0.0384993
0.805369 0.626263 1.15318 0.0141949 0.0354849
0.825503 0.626263 1.15384 0.0119629 0.0322808
0.845638 0.626263 1.15457 0.00985616 0.0288875
0.865772 0.626263 1.15538 0.00789146 0.0253064
0.885906 0.626263 1.15625 0.00608555 0.0215394
0.90604 0.626263 1.1572 0.00445509 0.0175891
0.926174 0.626263 1.15821 0.00301619 0.013458
0.946309 0.626263 1.15928 0.00178436 0.00914874
0.966443 0.626263 1.16042 0.000774396 0.00466253
0.986577 0.626263 1.16162 0 0
1.00671 0.626263 0 0 0
1.02685 0.626263 0 0 0
1.04698 0.626263 0 0 0
1.06711 0.626263 0 0 0
1.08725 0.626263 0 0 0
1.10738 0.626263 0 0 0
1.12752 0.626263 0 0 0
1.14765 0.626263 0 0 0
1.16779 0.626263 0 0 0
1.18792 0.626263 0 0 0
1.20805 0.626263 0 0 0
1.22819 0.626263 0 0 0
1.24832 0.626263 0 0 0
1.26846 0.626263 0 0 0
1.28859 0.626263 0 0 0
1.30872 0.626263 0 0 0
1.32886 0.626263 0 0 0
1.34899 0.626263 0 0 0
1.36913 0.626263 0 0 0
1.38926 0.626263 0 0 0
1.4094 0.626263 0 0 0
1.42953 0.626263 0 0 0
1.44966 0.626263 0 0 0
1.4698 0.626263 0 0 0
1.48993 0.626263 0 0 0
1.51007 0.626263 0 0 0
1.5302 0.626263 0 0 0
1.55034 0.626263 0 0 0
1.57047 0.626263 0 0 0
1.5906 0.626263 0 0 0
1.61074 0.626263 0 0 0
1.63087 0.626263 0 0 0
1.65101 0.626263 0 0 0
1.67114 0.626263 0 0 0
1.69128 0.626263 0 0 0
1.71141 0.626263 0 0 0
1.73154 0.626263 0 0 0
1.75168 0.626263 0 0 0
1.77181 0.626263 0 0 0
1.79195 0.626263 0 0 0
1.81208 0.626263 0 0 0
1.83221 0.626263 0 0 0
1.85235 0.626263 0 0 0
1.87248 0.626263 0 0 0
1.89262 0.626263 0 0 0
1.91275 0.626263 0 0 0
1.93289 0.626263 0 0 0
1.95302 0.626263 0 0 0
1.97315 0.626263 0 0 0
1.99329 0.626263 0 0 0
2.01342 0.626263 1.00138 0 0
2.03356 0.626263 1.00144 -5.32337e-05 -0.00028205
2.05369 0.626263 1.0015 -9.42085e-05 -0.00055498
2.07383 0.626263 1.00157 -0.000122583 -0.000818201
2.09396 0.626263 1.00164 -0.000138414 -0.00107087
2.11409 0.626263 1.00171 -0.000142026 -0.00131196
2.13423 0.626263 1.00179 -0.000134056 -0.00154038
2.15436 0.626263 1.00186 -0.000115396 -0.00175511
2.1745 0.626263 1.00193 -8.71486e-05 -0.00195523
2.19463 0.626263 1.002 -5.05662e-05 -0.00214001
2.21477 0.626263 1.00207 -6.99113e-06 -0.00230892
2.2349 0.626263 1.00213 4.21994e-05 -0.00246167
2.25503 0.626263 1.00219 9.56413e-05 -0.00259816
2.27517 0.626263 1.00224 0.000152022 -0.00271852
2.2953 0.626263 1.00229 0.000210112 -0.00282304
2.31544 0.626263 1.00234 0.00026878 -0.00291216
2.33557 0.626263 1.00238 0.00032701 -0.00298644
2.3557 0.626263 1.00241 0.000383907 -0.00304652
2.37584 0.626263 1.00245 0.000438695 -0.00309313
2.39597 0.626263 1.00247 0.000490714 -0.003127
2.41611 0.626263 1.0025 0.000539415 -0.0031489
2.43624 0.626263 1.00252 0.000584354 -0.00315959
2.45638 0.626263 1.00253 0.000625177 -0.00315981
2.47651 0.626263 1.00255 0.000661616 -0.00315026
2.49664 0.626263 1.00256 0.000693476 -0.00313159
2.51678 0.626263 1.00256 0.000720625 -0.0031044
2.53691 0.626263 1.00256 0.000742989 -0.00306923
2.55705 0.626263 1.00257 0.000760536 -0.00302654
2.57718 0.626263 1.00256 0.000773274 -0.00297674
2.59732 0.626263 1.00256 0.000781242 -0.00292013
2.61745 0.626263 1.00255 0.000784498 -0.00285694
2.63758 0.626263 1.00254 0.000783121 -0.00278731
2.65772 0.626263 1.00253 0.000777195 -0.00271131
2.67785 0.626263 1.00252 0.000766811 -0.0026289
2.69799 0.626263 1.00251 0.000752057 -0.00253994
2.71812 0.626263 1.00249 0.000733015 -0.0024442
2.73826 0.626263 1.00248 0.000709754 -0.00234136
2.75839 0.626263 1.00246 0.000682326 -0.00223098
2.77852 0.626263 1.00244 0.00065076 -0.00211252
2.79866 0.626263 1.00242 0.000615058 -0.00198532
2.81879 0.626263 1.0024 0.000575191 -0.00184862
2.83893 0.626263 1.00237 0.000531088 -0.00170151
2.85906 0.626263 1.00235 0.000482636 -0.00154299
2.87919 0.626263 1.00232 0.000429674 -0.00137192
2.89933 0.626263 1.0023 0.000371981 -0.001187
2.91946 0.626263 1.00227 0.000309275 -0.000986833
2.9396 0.626263 1.00224 0.000241203 -0.000769841
2.95973 0.626263 1.00221 0.000167328 -0.000534311
2.97987 0.626263 1.00217 8.7144e-05 -0.000278375
3 0.626263 1.00214 0 0

0 0.646465 1 0.1 0
0.0201342 0.646465 1.14899 0.0867179 0.00484979
0.0402685 0.646465 1.16111 0.0854933 0.00962123
0.0604027 0.646465 1.161 0.0851551 0.0143047
0.0805369 0.646465 1.16076 0.0847702 0.0188806
0.100671 0.646465 1.16043 0.0843157 0.0233244
0.120805 0.646465 1.16001 0.0837741 0.0276101
0.14094 0.646465 1.15952 0.0831314 0.0317123
0.161074 0.646465 1.15898 0.0823776 0.0356075
0.181208 0.646465 1.15839 0.0815061 0.0392754
0.201342 0.646465 1.15777 0.0805134 0.0426996
0.221477 0.646465 1.15713 0.0793983 0.0458677
0.241611 0.646465 1.15648 0.0781615 0.0487717
0.261745 0.646465 1.15583 0.0768051 0.0514071
0.281879 0.646465 1.1552 0.0753323 0.0537729
0.302013 0.646465 1.15458 0.0737468 0.0558706
0.322148 0.646465 1.15398 0.0720529 0.0577044
0.342282 0.646465 1.1534 0.0702553 0.0592799
0.362416 0.646465 1.15285 0.0683589 0.0606039
0.38255 0.646465 1.15233 0.0663687 0.061684
0.402685 0.646465 1.15185 0.0642899 0.0625283
0.422819 0.646465 1.1514 0.0621278 0.0631446
0.442953 0.646465 1.15098 0.0598881 0.0635407
0.463087 0.646465 1.15061 0.0575763 0.0637237
0.483221 0.646465 1.15027 0.0551982 0.0637001
0.503356 0.646465 1.14998 0.05276 0.0634756
0.52349 0.646465 1.14974 0.0502677 0.0630551
0.543624 0.646465 1.14954 0.047728 0.0624423
0.563758 0.646465 1.14939 0.0451476 0.0616401
0.583893 0.646465 1.14929 0.0425338 0.0606505
0.604027 0.646465 1.14925 0.039894 0.0594745
0.624161 0.646465 1.14926 0.0372365 0.058112
0.644295 0.646465 1.14933 0.0345698 0.0565624
0.66443 0.646465 1.14946 0.0319034 0.0548243
0.684564 0.646465 1.14965 0.0292471 0.0528956
0.704698 0.646465 1.1499 0.026612 0.0507741
0.724832 0.646465 1.15022 0.0240098 0.0484569
0.744966 0.646465 1.15061 0.0214533 0.0459414
0.765101 0.646465 1.15107 0.0189561 0.0432251
0.785235 0.646465 1.1516 0.0165329 0.0403056
0.805369 0.646465 1.1522 0.0141993 0.0371814
0.825503 0.646465 1.15287 0.0119717 0.0338518
0.845638 0.646465 1.15362 0.0098671 0.0303167
0.865772 0.646465 1.15443 0.00790292 0.0265773
0.885906 0.646465 1.15532 0.00609654 0.0226358
0.90604 0.646465 1.15627 0.00446506 0.018495
0.926174 0.646465 1.15729 0.00302492 0.0141581
0.946309 0.646465 1.15837 0.00179141 0.00962872
0.966443 0.646465 1.15951 0.000778959 0.0049088
0.986577 0.646465 1.16069 0 0
1.00671 0.646465 0 0 0
1.02685 0.646465 0 0 0
1.04698 0.646465 0 0 0
1.06711 0.646465 0 0 0
1.08725 0.646465 0 0 0
1.10738 0.646465 0 0 0
1.12752 0.646465 0 0 0
1.14765 0.646465 0 0 0
1.16779 0.646465 0 0 0
1.18792 0.646465 0 0 0
1.20805 0.646465 0 0 0
1.22819 0.646465 0 0 0
1.24832 0.646465 0 0 0
1.26846 0.646465 0 0 0
1.28859 0.646465 0 0 0
1.30872 0.646465 0 0 0
1.32886 0.646465 0 0 0
1.34899 0.646465 0 0 0
1.36913 0.646465 0 0 0
1.38926 0.646465 0 0 0
1.4094 0.646465 0 0 0
1.42953 0.646465 0 0 0
1.44966 0.646465 0 0 0
1.4698 0.646465 0 0 0
1.48993 0.646465 0 0 0
1.51007 0.646465 0 0 0
1.5302 0.646465 0 0 0
1.55034 0.646465 0 0 0
1.57047 0.646465 0 0 0
1.5906 0.646465 0 0 0
1.61074 0.646465 0 0 0
1.63087 0.646465 0 0 0
1.65101 0.646465 0 0 0
1.67114 0.646465 0 0 0
1.69128 0.646465 0 0 0
1.71141 0.646465 0 0 0
1.73154 0.646465 0 0 0
1.75168 0.646465 0 0 0
1.77181 0.646465 0 0 0
1.79195 0.646465 0 0 0
1.81208 0.646465 0 0 0
1.83221 0.646465 0 0 0
1.85235 0.646465 0 0 0
1.87248 0.646465 0 0 0
1.89262 0.646465 0 0 0
1.91275 0.646465 0 0 0
1.93289 0.646465 0 0 0
1.95302 0.646465 0 0 0
1.97315 0.646465 0 0 0
1.99329 0.646465 0 0 0
2.01342 0.646465 1.00142 0 0
2.03356 0.646465 1.00149 -5.41437e-05 -0.000295749
2.05369 0.646465 1.00156 -9.4977e-05 -0.000582996
2.07383 0.646465 1.00163 -0.000122024 -0.000860818
2.09396 0.646465 1.00171 -0.000135328 -0.00112801
2.11409 0.646465 1.00179 -0.000135265 -0.00138319
2.13423 0.646465 1.00187 -0.0001226 -0.00162494
2.15436 0.646465 1.00195 -9.84012e-05 -0.00185195
2.1745 0.646465 1.00203 -6.39812e-05 -0.00206309
2.19463 0.646465 1.0021 -2.08128e-05 -0.00225749
2.21477 0.646465 1.00217 2.95446e-05 -0.00243455
2.2349 0.646465 1.00224 8.55131e-05 -0.00259394
2.25503 0.646465 1.0023 0.000145552 -0.00273563
2.27517 0.646465 1.00236 0.000208201 -0.00285978
2.2953 0.646465 1.00242 0.000272111 -0.0029668
2.31544 0.646465 1.00246 0.000336063 -0.00305724
2.33557 0.646465 1.00251 0.000398979 -0.00313179
2.3557 0.646465 1.00255 0.000459924 -0.00319121
2.37584 0.646465 1.00258 0.000518101 -0.00323636
2.39597 0.646465 1.00261 0.00057285 -0.00326809
2.41611 0.646465 1.00263 0.000623631 -0.00328729
2.43624 0.646465 1.00265 0.00067002 -0.00329482
2.45638 0.646465 1.00267 0.000711691 -0.00329149
2.47651 0.646465 1.00268 0.000748408 -0.00327811
2.49664 0.646465 1.00269 0.000780011 -0.00325539
2.51678 0.646465 1.00269 0.000806409 -0.003224
2.53691 0.646465 1.0027 0.000827562 -0.00318452
2.55705 0.646465 1.0027 0.00084348 -0.00313747
2.57718 0.646465 1.00269 0.000854207 -0.00308327
2.59732 0.646465 1.00269 0.000859817 -0.00302227
2.61745 0.646465 1.00268 0.000860406 -0.0029547
2.63758 0.646465 1.00267 0.000856083 -0.00288074
2.65772 0.646465 1.00266 0.000846966 -0.00280043
2.67785 0.646465 1.00265 0.000833173 -0.00271375
2.69799 0.646465 1.00263 0.000814821 -0.00262055
2.71812 0.646465 1.00262 0.000792018 -0.0025206
2.73826 0.646465 1.0026 0.000764857 -0.00241355
2.75839 0.646465 1.00258 0.000733411 -0.00229894
2.77852 0.646465 1.00256 0.000697733 -0.0021762
2.79866 0.646465 1.00254 0.000657844 -0.00204466
2.81879 0.646465 1.00252 0.000613731 -0.00190348
2.83893 0.646465 1.00249 0.000565342 -0.00175175
2.85906 0.646465 1.00247 0.00051258 -0.0015884
2.87919 0.646465 1.00244 0.000455295 -0.00141223
2.89933 0.646465 1.00242 0.00039328 -0.00122189
2.91946 0.646465 1.00239 0.000326264 -0.00101589
2.9396 0.646465 1.00236 0.000253902 -0.000792583
2.95973 0.646465 1.00232 0.000175764 -0.000550175
2.97987 0.646465 1.00229 9.13466e-05 -0.000286694
3 0.646465 1.00226 0 0

0 0.666667 1 0.1 0
0.0201342 0.666667 1.14824 0.0867719 0.00484954
0.0402685 0.666667 1.16031 0.0855409 0.00964686
0.0604027 0.666667 1.16016 0.085188 0.0143811
0.0805369 0.666667 1.15986 0.0847786 0.0190303
0.100671 0.666667 1.15946 0.0842886 0.0235658
0.120805 0.666667 1.15897 0.0837008 0.0279575
0.14094 0.666667 1.15842 0.0830028 0.0321753
0.161074 0.666667 1.15782 0.082187 0.0361919
0.181208 0.666667 1.15718 0.0812499 0.0399834
0.201342 0.666667 1.15653 0.0801909 0.0435306
0.221477 0.666667 1.15587 0.0790117 0.0468192
0.241611 0.666667 1.1552 0.0777154 0.0498394
0.261745 0.666667 1.15454 0.0763062 0.0525858
0.281879 0.666667 1.15389 0.0747885 0.0550566
0.302013 0.666667 1.15325 0.0731671 0.0572535
0.322148 0.666667 1.15264 0.0714468 0.0591802
0.342282 0.666667 1.15205 0.0696324 0.0608427
0.362416 0.666667 1.15149 0.0677286 0.0622479
0.38255 0.666667 1.15097 0.06574 0.0634035
0.402685 0.666667 1.15049 0.0636714 0.0643176
0.422819 0.666667 1.15004 0.0615273 0.0649982
0.442953 0.666667 1.14964 0.0593124 0.0654529
0.463087 0.666667 1.14928 0.0570314 0.0656889
0.483221 0.666667 1.14896 0.054689 0.0657126
0.503356 0.666667 1.14869 0.0522903 0.0655296
0.52349 0.666667 1.14846 0.0498406 0.0651444
0.543624 0.666667 1.14828 0.0473453 0.0645608
0.563758 0.666667 1.14815 0.0448103 0.0637813
0.583893 0.666667 1.14807 0.0422419 0.0628074
0.604027 0.666667 1.14804 0.0396466 0.0616397
0.624161 0.666667 1.14807 0.037032 0.0602777
0.644295 0.666667 1.14815 0.0344057 0.0587202
0.66443 0.666667 1.14829 0.0317766 0.056965
0.684564 0.666667 1.14849 0.029154 0.0550094
0.704698 0.666667 1.14876 0.0265485 0.05285
0.724832 0.666667 1.1491 0.0239713 0.0504832
0.744966 0.666667 1.1495 0.0214352 0.0479053
0.765101 0.666667 1.14997 0.0189537 0.0451127
0.785235 0.666667 1.15051 0.0165418 0.0421022
0.805369 0.666667 1.15113 0.0142153 0.0388712
0.825503 0.666667 1.15182 0.0119913 0.0354183
0.845638 0.666667 1.15258 0.00988749 0.031743
0.865772 0.666667 1.15342 0.00792203 0.0278463
0.885906 0.666667 1.15432 0.00611317 0.0237304
0.90604 0.666667 1.15528 0.00447873 0.0193988
0.926174 0.666667 1.15631 0.00303568 0.0148557
0.946309 0.666667 1.15739 0.00179928 0.010106
0.966443 0.666667 1.15853 0.000783701 0.00515303
0.986577 0.666667 1.1597 0 0
1.00671 0.666667 0 0 0
1.02685 0.666667 0 0 0
1.04698 0.666667 0 0 0
1.06711 0.666667 0 0 0
1.08725 0.666667 0 0 0
1.10738 0.666667 0 0 0
1.12752 0.666667 0 0 0
1.14765 0.666667 0 0 0
1.16779 0.666667 0 0 0
1.18792 0.666667 0 0 0
1.20805 0.666667 0 0 0
1.22819 0.666667 0 0 0
1.24832 0.666667 0 0 0
1.26846 0.666667 0 0 0
1.28859 0.666667 0 0 0
1.30872 0.666667 0 0 0
1.32886 0.666667 0 0 0
1.34899 0.666667 0 0 0
1.36913 0.666667 0 0 0
1.38926 0.666667 0 0 0
1.4094 0.666667 0 0 0
1.42953 0.666667 0 0 0
1.44966 0.666667 0 0 0
1.4698 0.666667 0 0 0
1.48993 0.666667 0 0 0
1.51007 0.666667 0 0 0
1.5302 0.666667 0 0 0
1.55034 0.666667 0 0 0
1.57047 0.666667 0 0 0
1.5906 0.666667 0 0 0
1.61074 0.666667 0 0 0
1.63087 0.666667 0 0 0
1.65101 0.666667 0 0 0
1.67114 0.666667 0 0 0
1.69128 0.666667 0 0 0
1.71141 0.666667 0 0 0
1.73154 0.666667 0 0 0
1.75168 0.666667 0 0 0
1.77181 0.666667 0 0 0
1.79195 0.666667 0 0 0
1.81208 0.666667 0 0 0
1.83221 0.666667 0 0 0
1.85235 0.666667 0 0 0
1.87248 0.666667 0 0 0
1.89262 0.666667 0 0 0
1.91275 0.666667 0 0 0
1.93289 0.666667 0 0 0
1.95302 0.666667 0 0 0
1.97315 0.666667 0 0 0
1.99329 0.666667 0 0 0
2.01342 0.666667 1.00146 0 0
2.03356 0.666667 1.00153 -5.48262e-05 -0.000310576
2.05369 0.666667 1.0016 -9.5121e-05 -0.000613461
2.07383 0.666667 1.00169 -0.000120246 -0.000907296
2.09396 0.666667 1.00177 -0.00013024 -0.00119043
2.11409 0.666667 1.00186 -0.000125563 -0.001461
2.13423 0.666667 1.00195 -0.000107153 -0.00171721
2.15436 0.666667 1.00204 -7.63121e-05 -0.00195742
2.1745 0.666667 1.00213 -3.46157e-05 -0.00218026
2.19463 0.666667 1.00221 1.61932e-05 -0.00238471
2.21477 0.666667 1.00229 7.42987e-05 -0.00257011
2.2349 0.666667 1.00236 0.000137893 -0.00273614
2.25503 0.666667 1.00243 0.00020524 -0.00288281
2.27517 0.666667 1.00249 0.000274724 -0.00301042
2.2953 0.666667 1.00255 0.000344875 -0.00311948
2.31544 0.666667 1.0026 0.000414391 -0.00321069
2.33557 0.666667 1.00264 0.00048214 -0.0032849
2.3557 0.666667 1.00268 0.000547161 -0.00334304
2.37584 0.666667 1.00272 0.000608652 -0.00338608
2.39597 0.666667 1.00275 0.000665963 -0.00341503
2.41611 0.666667 1.00277 0.000718579 -0.0034309
2.43624 0.666667 1.00279 0.000766109 -0.00343465
2.45638 0.666667 1.00281 0.000808267 -0.00342721
2.47651 0.666667 1.00282 0.00084486 -0.00340946
2.49664 0.666667 1.00283 0.000875775 -0.0033822
2.51678 0.666667 1.00283 0.000900964 -0.00334614
2.53691 0.666667 1.00283 0.000920435 -0.00330194
2.55705 0.666667 1.00283 0.000934242 -0.00325014
2.57718 0.666667 1.00283 0.000942472 -0.0031912
2.59732 0.666667 1.00282 0.000945239 -0.00312549
2.61745 0.666667 1.00281 0.000942677 -0.00305328
2.63758 0.666667 1.0028 0.000934931 -0.00297473
2.65772 0.666667 1.00279 0.000922153 -0.00288991
2.67785 0.666667 1.00278 0.000904492 -0.00279877
2.69799 0.666667 1.00276 0.000882096 -0.00270119
2.71812 0.666667 1.00274 0.000855097 -0.0025969
2.73826 0.666667 1.00272 0.000823616 -0.00248553
2.75839 0.666667 1.00271 0.000787749 -0.00236662
2.77852 0.666667 1.00268 0.000747571 -0.00223955
2.79866 0.666667 1.00266 0.000703123 -0.00210361
2.81879 0.666667 1.00264 0.000654412 -0.00195796
2.83893 0.666667 1.00262 0.000601403 -0.0018016
2.85906 0.666667 1.00259 0.000544015 -0.00163343
2.87919 0.666667 1.00256 0.000482115 -0.00145218
2.89933 0.666667 1.00254 0.000415509 -0.00125645
2.91946 0.666667 1.00251 0.000343938 -0.00104467
2.9396 0.666667 1.00248 0.000267068 -0.000815119
2.95973 0.666667 1.00245 0.000184478 -0.000565899
2.97987 0.666667 1.00241 9.56709e-05 -0.000294943
3 0.666667 1.00238 0 0

0 0.686869 1 0.1 0
0.0201342 0.686869 1.14762 0.0868171 0.00485202
0.0402685 0.686869 1.15964 0.0855808 0.00968226
0.0604027 0.686869 1.15943 0.0852135 0.0144776
0.0805369 0.686869 1.15906 0.0847784 0.0192119
0.100671 0.686869 1.15857 0.0842496 0.0238512
0.120805 0.686869 1.15798 0.0836105 0.0283592
0.14094 0.686869 1.15732 0.082851 0.0327004
0.161074 0.686869 1.15661 0.0819664 0.0368424
0.181208 0.686869 1.15587 0.0809566 0.0407578
0.201342 0.686869 1.1551 0.0798243 0.0444249
0.221477 0.686869 1.15434 0.0785743 0.0478281
0.241611 0.686869 1.1536 0.0772125 0.0509569
0.261745 0.686869 1.15289 0.0757451 0.0538057
0.281879 0.686869 1.15222 0.0741785 0.0563729
0.302013 0.686869 1.15159 0.0725186 0.0586601
0.322148 0.686869 1.151 0.0707708 0.0606713
0.342282 0.686869 1.15046 0.0689399 0.0624123
0.362416 0.686869 1.14994 0.0670303 0.0638905
0.38255 0.686869 1.14946 0.0650461 0.0651137
0.402685 0.686869 1.14901 0.0629911 0.0660902
0.422819 0.686869 1.1486 0.0608689 0.0668283
0.442953 0.686869 1.14822 0.0586832 0.0673356
0.463087 0.686869 1.14789 0.0564376 0.0676194
0.483221 0.686869 1.14759 0.0541359 0.0676862
0.503356 0.686869 1.14734 0.0517821 0.0675413
0.52349 0.686869 1.14713 0.0493802 0.0671892
0.543624 0.686869 1.14696 0.0469349 0.0666334
0.563758 0.686869 1.14685 0.0444509 0.0658761
0.583893 0.686869 1.14678 0.0419334 0.0649184
0.604027 0.686869 1.14677 0.0393882 0.0637604
0.624161 0.686869 1.1468 0.0368218 0.0624011
0.644295 0.686869 1.1469 0.0342411 0.0608385
0.66443 0.686869 1.14705 0.0316541 0.0590698
0.684564 0.686869 1.14727 0.0290695 0.0570911
0.704698 0.686869 1.14755 0.0264972 0.0548983
0.724832 0.686869 1.14789 0.0239481 0.0524865
0.744966 0.686869 1.14831 0.0214346 0.0498509
0.765101 0.686869 1.14879 0.0189702 0.0469867
0.785235 0.686869 1.14935 0.0165699 0.0438894
0.805369 0.686869 1.14998 0.01425 0.0405554
0.825503 0.686869 1.15069 0.0120281 0.0369822
0.845638 0.686869 1.15147 0.00992275 0.0331688
0.865772 0.686869 1.15232 0.0079532 0.0291158
0.885906 0.686869 1.15325 0.00613879 0.0248257
0.90604 0.686869 1.15423 0.00449838 0.0203028
0.926174 0.686869 1.15527 0.00304982 0.0155525
0.946309 0.686869 1.15636 0.00180858 0.0105817
0.966443 0.686869 1.15751 0.000788782 0.0053957
0.986577 0.686869 1.15866 0 0
1.00671 0.686869 0 0 0
1.02685 0.686869 0 0 0
1.04698 0.686869 0 0 0
1.06711 0.686869 0 0 0
1.08725 0.686869 0 0 0
1.10738 0.686869 0 0 0
1.12752 0.686869 0 0 0
1.14765 0.686869 0 0 0
1.16779 0.686869 0 0 0
1.18792 0.686869 0 0 0
1.20805 0.686869 0 0 0
1.22819 0.686869 0 0 0
1.24832 0.686869 0 0 0
1.26846 0.686869 0 0 0
1.28859 0.686869 0 0 0
1.30872 0.686869 0 0 0
1.32886 0.686869 0 0 0
1.34899 0.686869 0 0 0
1.36913 0.686869 0 0 0
1.38926 0.686869 0 0 0
1.4094 0.686869 0 0 0
1.42953 0.686869 0 0 0
1.44966 0.686869 0 0 0
1.4698 0.686869 0 0 0
1.48993 0.686869 0 0 0
1.51007 0.686869 0 0 0
1.5302 0.686869 0 0 0
1.55034 0.686869 0 0 0
1.57047 0.686869 0 0 0
1.5906 0.686869 0 0 0
1.61074 0.686869 0 0 0
1.63087 0.686869 0 0 0
1.65101 0.686869 0 0 0
1.67114 0.686869 0 0 0
1.69128 0.686869 0 0 0
1.71141 0.686869 0 0 0
1.73154 0.686869 0 0 0
1.75168 0.686869 0 0 0
1.77181 0.686869 0 0 0
1.79195 0.686869 0 0 0
1.81208 0.686869 0 0 0
1.83221 0.686869 0 0 0
1.85235 0.686869 0 0 0
1.87248 0.686869 0 0 0
1.89262 0.686869 0 0 0
1.91275 0.686869 0 0 0
1.93289 0.686869 0 0 0
1.95302 0.686869 0 0 0
1.97315 0.686869 0 0 0
1.99329 0.686869 0 0 0
2.01342 0.686869 1.00149 0 0
2.03356 0.686869 1.00156 -5.52278e-05 -0.000326716
2.05369 0.686869 1.00165 -9.44875e-05 -0.000646791
2.07383 0.686869 1.00174 -0.000116944 -0.000958291
2.09396 0.686869 1.00184 -0.000122654 -0.00125898
2.11409 0.686869 1.00194 -0.000112205 -0.00154643
2.13423 0.686869 1.00204 -8.67792e-05 -0.00181835
2.15436 0.686869 1.00213 -4.79821e-05 -0.00207272
2.1745 0.686869 1.00223 2.27747e-06 -0.00230792
2.19463 0.686869 1.00232 6.19281e-05 -0.00252278
2.21477 0.686869 1.00241 0.000128852 -0.0027166
2.2349 0.686869 1.00249 0.000200983 -0.00288911
2.25503 0.686869 1.00256 0.000276374 -0.00304042
2.27517 0.686869 1.00263 0.000353248 -0.00317098
2.2953 0.686869 1.00269 0.00043002 -0.00328147
2.31544 0.686869 1.00274 0.000505317 -0.00337277
2.33557 0.686869 1.00279 0.000577969 -0.00344592
2.3557 0.686869 1.00283 0.000647005 -0.00350201
2.37584 0.686869 1.00287 0.000711636 -0.0035422
2.39597 0.686869 1.00289 0.000771242 -0.00356764
2.41611 0.686869 1.00292 0.000825349 -0.00357947
2.43624 0.686869 1.00294 0.000873614 -0.00357878
2.45638 0.686869 1.00295 0.000915804 -0.00356661
2.47651 0.686869 1.00296 0.000951782 -0.00354392
2.49664 0.686869 1.00297 0.000981491 -0.00351158
2.51678 0.686869 1.00298 0.00100494 -0.00347038
2.53691 0.686869 1.00298 0.00102218 -0.00342102
2.55705 0.686869 1.00297 0.00103333 -0.00336408
2.57718 0.686869 1.00297 0.00103852 -0.00330006
2.59732 0.686869 1.00296 0.0010379 -0.00322934
2.61745 0.686869 1.00295 0.00103166 -0.00315221
2.63758 0.686869 1.00294 0.00101997 -0.00306885
2.65772 0.686869 1.00292 0.00100302 -0.00297931
2.67785 0.686869 1.00291 0.000980998 -0.00288357
2.69799 0.686869 1.00289 0.000954078 -0.00278146
2.71812 0.686869 1.00287 0.000922422 -0.00267271
2.73826 0.686869 1.00285 0.000886175 -0.00255695
2.75839 0.686869 1.00283 0.000845461 -0.00243366
2.77852 0.686869 1.00281 0.000800374 -0.00230223
2.79866 0.686869 1.00279 0.000750978 -0.00216188
2.81879 0.686869 1.00277 0.000697299 -0.00201175
2.83893 0.686869 1.00274 0.000639322 -0.00185078
2.85906 0.686869 1.00272 0.000576982 -0.00167783
2.87919 0.686869 1.00269 0.000510164 -0.00149157
2.89933 0.686869 1.00266 0.000438689 -0.00129051
2.91946 0.686869 1.00263 0.00036231 -0.00107304
2.9396 0.686869 1.0026 0.000280708 -0.000837328
2.95973 0.686869 1.00257 0.000193473 -0.000581399
2.97987 0.686869 1.00254 0.000100117 -0.000303078
3 0.686869 1.0025 0 0

0 0.707071 1 0.1 0
0.0201342 0.707071 1.14714 0.0868519 0.00485634
0.0402685 0.707071 1.15911 0.0856111 0.00972735
0.0604027 0.707071 1.15884 0.0852289 0.0145962
0.0805369 0.707071 1.15837 0.0847649 0.0194304
0.100671 0.707071 1.15779 0.0841911 0.0241886
0.120805 0.707071 1.15711 0.0834919 0.0288268
0.14094 0.707071 1.15639 0.0826601 0.0333029
0.161074 0.707071 1.15565 0.0816953 0.0375793
0.181208 0.707071 1.15491 0.0806019 0.0416246
0.201342 0.707071 1.15418 0.0793876 0.0454144
0.221477 0.707071 1.15346 0.0780608 0.048931
0.241611 0.707071 1.15274 0.0766304 0.0521631
0.261745 0.707071 1.15201 0.0751043 0.0551051
0.281879 0.707071 1.15128 0.0734897 0.0577563
0.302013 0.707071 1.15057 0.0717929 0.0601193
0.322148 0.707071 1.14989 0.0700195 0.0621995
0.342282 0.707071 1.14924 0.0681744 0.0640042
0.362416 0.707071 1.14865 0.0662615 0.0655414
0.38255 0.707071 1.14811 0.0642846 0.0668197
0.402685 0.707071 1.14762 0.0622467 0.0678477
0.422819 0.707071 1.14719 0.0601506 0.0686338
0.442953 0.707071 1.1468 0.0579988 0.069186
0.463087 0.707071 1.14647 0.055794 0.0695113
0.483221 0.707071 1.14618 0.0535387 0.069616
0.503356 0.707071 1.14594 0.0512357 0.0695054
0.52349 0.707071 1.14574 0.0488881 0.0691839
0.543624 0.707071 1.14559 0.0464991 0.0686543
0.563758 0.707071 1.14548 0.0440725 0.0679188
0.583893 0.707071 1.14543 0.0416124 0.0669778
0.604027 0.707071 1.14542 0.0391237 0.0658311
0.624161 0.707071 1.14547 0.0366116 0.0644769
0.644295 0.707071 1.14558 0.0340823 0.0629125
0.66443 0.707071 1.14574 0.0315428 0.0611341
0.684564 0.707071 1.14597 0.0290011 0.059137
0.704698 0.707071 1.14625 0.0264662 0.0569158
0.724832 0.707071 1.14661 0.0239486 0.0544645
0.744966 0.707071 1.14704 0.0214602 0.0517769
0.765101 0.707071 1.14753 0.0190142 0.0488466
0.785235 0.707071 1.14811 0.0166257 0.0456679
0.805369 0.707071 1.14876 0.0143114 0.0422356
0.825503 0.707071 1.14948 0.0120895 0.0385461
0.845638 0.707071 1.15028 0.00997946 0.0345973
0.865772 0.707071 1.15116 0.00800191 0.0303896
0.885906 0.707071 1.1521 0.00617765 0.0259255
0.90604 0.707071 1.15311 0.00452695 0.0212104
0.926174 0.707071 1.15418 0.0030691 0.0162514
0.946309 0.707071 1.15528 0.00182012 0.0110578
0.966443 0.707071 1.15644 0.000794423 0.00563767
0.986577 0.707071 1.15758 0 0
1.00671 0.707071 0 0 0
1.02685 0.707071 0 0 0
1.04698 0.707071 0 0 0
1.06711 0.707071 0 0 0
1.08725 0.707071 0 0 0
1.10738 0.707071 0 0 0
1.12752 0.707071 0 0 0
1.14765 0.707071 0 0 0
1.16779 0.707071 0 0 0
1.18792 0.707071 0 0 0
1.20805 0.707071 0 0 0
1.22819 0.707071 0 0 0
1.24832 0.707071 0 0 0
1.26846 0.707071 0 0 0
1.28859 0.707071 0 0 0
1.30872 0.707071 0 0 0
1.32886 0.707071 0 0 0
1.34899 0.707071 0 0 0
1.36913 0.707071 0 0 0
1.38926 0.707071 0 0 0
1.4094 0.707071 0 0 0
1.42953 0.707071 0 0 0
1.44966 0.707071 0 0 0
1.4698 0.707071 0 0 0
1.48993 0.707071 0 0 0
1.51007 0.707071 0 0 0
1.5302 0.707071 0 0 0
1.55034 0.707071 0 0 0
1.57047 0.707071 0 0 0
1.5906 0.707071 0 0 0
1.61074 0.707071 0 0 0
1.63087 0.707071 0 0 0
1.65101 0.707071 0 0 0
1.67114 0.707071 0 0 0
1.69128 0.707071 0 0 0
1.71141 0.707071 0 0 0
1.73154 0.707071 0 0 0
1.75168 0.707071 0 0 0
1.77181 0.707071 0 0 0
1.79195 0.707071 0 0 0
1.81208 0.707071 0 0 0
1.83221 0.707071 0 0 0
1.85235 0.707071 0 0 0
1.87248 0.707071 0 0 0
1.89262 0.707071 0 0 0
1.91275 0.707071 0 0 0
1.93289 0.707071 0 0 0
1.95302 0.707071 0 0 0
1.97315 0.707071 0 0 0
1.99329 0.707071 0 0 0
2.01342 0.707071 1.00151 0 0
2.03356 0.707071 1.00159 -5.52795e-05 -0.000344411
2.05369 0.707071 1.00169 -9.28763e-05 -0.000683522
2.07383 0.707071 1.00179 -0.000111717 -0.00101464
2.09396 0.707071 1.0019 -0.00011192 -0.00133476
2.11409 0.707071 1.00201 -9.42675e-05 -0.00164075
2.13423 0.707071 1.00212 -6.02805e-05 -0.00192973
2.15436 0.707071 1.00223 -1.19648e-05 -0.00219925
2.1745 0.707071 1.00234 4.83512e-05 -0.00244741
2.19463 0.707071 1.00244 0.000118199 -0.00267293
2.21477 0.707071 1.00253 0.000195111 -0.00287511
2.2349 0.707071 1.00262 0.000276736 -0.00305377
2.25503 0.707071 1.0027 0.000360904 -0.0032092
2.27517 0.707071 1.00277 0.000445682 -0.00334201
2.2953 0.707071 1.00283 0.000529385 -0.00345313
2.31544 0.707071 1.00289 0.000610586 -0.00354368
2.33557 0.707071 1.00294 0.000688099 -0.00361488
2.3557 0.707071 1.00298 0.000760969 -0.00366805
2.37584 0.707071 1.00302 0.000828444 -0.00370452
2.39597 0.707071 1.00305 0.000889954 -0.00372563
2.41611 0.707071 1.00307 0.000945086 -0.00373266
2.43624 0.707071 1.00309 0.000993563 -0.00372681
2.45638 0.707071 1.00311 0.00103522 -0.00370925
2.47651 0.707071 1.00312 0.00106999 -0.00368101
2.49664 0.707071 1.00312 0.00109789 -0.00364305
2.51678 0.707071 1.00312 0.00111898 -0.00359621
2.53691 0.707071 1.00312 0.00113338 -0.00354125
2.55705 0.707071 1.00312 0.00114125 -0.00347878
2.57718 0.707071 1.00311 0.00114279 -0.00340934
2.59732 0.707071 1.0031 0.00113819 -0.00333331
2.61745 0.707071 1.00309 0.00112768 -0.00325101
2.63758 0.707071 1.00308 0.00111148 -0.00316261
2.65772 0.707071 1.00306 0.00108981 -0.00306818
2.67785 0.707071 1.00304 0.0010629 -0.00296767
2.69799 0.707071 1.00303 0.00103095 -0.00286091
2.71812 0.707071 1.00301 0.000994145 -0.00274763
2.73826 0.707071 1.00299 0.000952664 -0.0026274
2.75839 0.707071 1.00297 0.000906653 -0.00249971
2.77852 0.707071 1.00294 0.00085623 -0.00236388
2.79866 0.707071 1.00292 0.00080148 -0.00221914
2.81879 0.707071 1.0029 0.00074245 -0.00206455
2.83893 0.707071 1.00287 0.000679144 -0.00189902
2.85906 0.707071 1.00285 0.000611515 -0.00172135
2.87919 0.707071 1.00282 0.000539466 -0.00153015
2.89933 0.707071 1.00279 0.000462834 -0.00132388
2.91946 0.707071 1.00276 0.000381389 -0.00110082
2.9396 0.707071 1.00273 0.000294827 -0.000859083
2.95973 0.707071 1.0027 0.00020275 -0.000596585
2.97987 0.707071 1.00267 0.000104684 -0.000311052
3 0.707071 1.00264 0 0

0 0.727273 1 0.1 0
0.0201342 0.727273 1.14685 0.086874 0.00486147
0.0402685 0.727273 1.15876 0.0856299 0.00978235
0.0604027 0.727273 1.15839 0.0852319 0.0147395
0.0805369 0.727273 1.15779 0.0847346 0.0196908
0.100671 0.727273 1.15703 0.0841087 0.0245837
0.120805 0.727273 1.15616 0.0833405 0.0293637
0.14094 0.727273 1.15519 0.0824273 0.0339797
0.161074 0.727273 1.15415 0.0813732 0.0383879
0.181208 0.727273 1.15307 0.0801874 0.0425539
0.201342 0.727273 1.152 0.0788812 0.0464529
0.221477 0.727273 1.151 0.0774669 0.0500684
0.241611 0.727273 1.1501 0.0759569 0.0533908
0.261745 0.727273 1.14933 0.0743627 0.0564159
0.281879 0.727273 1.14868 0.0726937 0.0591435
0.302013 0.727273 1.14811 0.0709577 0.0615767
0.322148 0.727273 1.14762 0.0691602 0.0637213
0.342282 0.727273 1.14716 0.0673054 0.0655846
0.362416 0.727273 1.14673 0.0653961 0.0671753
0.38255 0.727273 1.14633 0.0634345 0.0685026
0.402685 0.727273 1.14594 0.0614222 0.0695758
0.422819 0.727273 1.14558 0.0593607 0.0704038
0.442953 0.727273 1.14525 0.0572514 0.0709948
0.463087 0.727273 1.14495 0.0550955 0.0713563
0.483221 0.727273 1.14469 0.0528946 0.0714946
0.503356 0.727273 1.14447 0.0506504 0.071415
0.52349 0.727273 1.14429 0.0483646 0.0711214
0.543624 0.727273 1.14415 0.0460396 0.0706168
0.563758 0.727273 1.14406 0.043678 0.0699027
0.583893 0.727273 1.14401 0.0412828 0.0689792
0.604027 0.727273 1.14402 0.0388576 0.0678454
0.624161 0.727273 1.14407 0.0364069 0.066499
0.644295 0.727273 1.14419 0.0339357 0.0649364
0.66443 0.727273 1.14436 0.03145 0.0631528
0.684564 0.727273 1.14459 0.0289567 0.0611426
0.704698 0.727273 1.14488 0.0264642 0.058899
0.724832 0.727273 1.14525 0.023982 0.0564147
0.744966 0.727273 1.14568 0.0215215 0.0536818
0.765101 0.727273 1.14619 0.0190956 0.0506923
0.785235 0.727273 1.14678 0.0167192 0.0474386
0.805369 0.727273 1.14744 0.0144092 0.043914
0.825503 0.727273 1.14819 0.0121845 0.0401132
0.845638 0.727273 1.14902 0.0100658 0.0360328
0.865772 0.727273 1.14992 0.0080751 0.0316725
0.885906 0.727273 1.1509 0.00623518 0.0270349
0.90604 0.727273 1.15193 0.00456832 0.0221264
0.926174 0.727273 1.15304 0.00309586 0.0169561
0.946309 0.727273 1.15416 0.00183497 0.0115367
0.966443 0.727273 1.15535 0.000800911 0.00588014
0.986577 0.727273 1.15648 0 0
1.00671 0.727273 0 0 0
1.02685 0.727273 0 0 0
1.04698 0.727273 0 0 0
1.06711 0.727273 0 0 0
1.08725 0.727273 0 0 0
1.10738 0.727273 0 0 0
1.12752 0.727273 0 0 0
1.14765 0.727273 0 0 0
1.16779 0.727273 0 0 0
1.18792 0.727273 0 0 0
1.20805 0.727273 0 0 0
1.22819 0.727273 0 0 0
1.24832 0.727273 0 0 0
1.26846 0.727273 0 0 0
1.28859 0.727273 0 0 0
1.30872 0.727273 0 0 0
1.32886 0.727273 0 0 0
1.34899 0.727273 0 0 0
1.36913 0.727273 0 0 0
1.38926 0.727273 0 0 0
1.4094 0.727273 0 0 0
1.42953 0.727273 0 0 0
1.44966 0.727273 0 0 0
1.4698 0.727273 0 0 0
1.48993 0.727273 0 0 0
1.51007 0.727273 0 0 0
1.5302 0.727273 0 0 0
1.55034 0.727273 0 0 0
1.57047 0.727273 0 0 0
1.5906 0.727273 0 0 0
1.61074 0.727273 0 0 0
1.63087 0.727273 0 0 0
1.65101 0.727273 0 0 0
1.67114 0.727273 0 0 0
1.69128 0.727273 0 0 0
1.71141 0.727273 0 0 0
1.73154 0.727273 0 0 0
1.75168 0.727273 0 0 0
1.77181 0.727273 0 0 0
1.79195 0.727273 0 0 0
1.81208 0.727273 0 0 0
1.83221 0.727273 0 0 0
1.85235 0.727273 0 0 0
1.87248 0.727273 0 0 0
1.89262 0.727273 0 0 0
1.91275 0.727273 0 0 0
1.93289 0.727273 0 0 0
1.95302 0.727273 0 0 0
1.97315 0.727273 0 0 0
1.99329 0.727273 0 0 0
2.01342 0.727273 1.00152 0 0
2.03356 0.727273 1.00161 -5.48903e-05 -0.000363974
2.05369 0.727273 1.00172 -9.00193e-05 -0.00072435
2.07383 0.727273 1.00184 -0.000104031 -0.0010774
2.09396 0.727273 1.00196 -9.71762e-05 -0.00141915
2.11409 0.727273 1.00209 -7.05395e-05 -0.00174556
2.13423 0.727273 1.00222 -2.61111e-05 -0.00205305
2.15436 0.727273 1.00234 3.3576e-05 -0.00233869
2.1745 0.727273 1.00246 0.000105667 -0.00260031
2.19463 0.727273 1.00257 0.00018722 -0.00283657
2.21477 0.727273 1.00267 0.000275372 -0.00304683
2.2349 0.727273 1.00276 0.000367461 -0.00323108
2.25503 0.727273 1.00285 0.000461101 -0.00338983
2.27517 0.727273 1.00292 0.000554213 -0.00352398
2.2953 0.727273 1.00299 0.00064504 -0.00363474
2.31544 0.727273 1.00305 0.000732129 -0.00372348
2.33557 0.727273 1.0031 0.000814314 -0.0037917
2.3557 0.727273 1.00314 0.000890683 -0.00384093
2.37584 0.727273 1.00318 0.000960551 -0.00387274
2.39597 0.727273 1.00321 0.00102342 -0.00388861
2.41611 0.727273 1.00323 0.00107898 -0.00388998
2.43624 0.727273 1.00325 0.00112701 -0.00387822
2.45638 0.727273 1.00326 0.00116745 -0.00385456
2.47651 0.727273 1.00327 0.00120032 -0.00382014
2.49664 0.727273 1.00328 0.00122569 -0.003776
2.51678 0.727273 1.00328 0.0012437 -0.00372303
2.53691 0.727273 1.00327 0.00125456 -0.00366203
2.55705 0.727273 1.00327 0.00125847 -0.00359366
2.57718 0.727273 1.00326 0.00125568 -0.00351845
2.59732 0.727273 1.00325 0.00124645 -0.00343684
2.61745 0.727273 1.00323 0.00123104 -0.00334913
2.63758 0.727273 1.00322 0.00120972 -0.0032555
2.65772 0.727273 1.0032 0.00118275 -0.00315601
2.67785 0.727273 1.00318 0.00115039 -0.0030506
2.69799 0.727273 1.00316 0.00111286 -0.0029391
2.71812 0.727273 1.00314 0.0010704 -0.0028212
2.73826 0.727273 1.00312 0.00102319 -0.00269647
2.75839 0.727273 1.0031 0.000971415 -0.00256435
2.77852 0.727273 1.00308 0.000915212 -0.00242415
2.79866 0.727273 1.00305 0.000854688 -0.00227504
2.81879 0.727273 1.00303 0.00078991 -0.00211604
2.83893 0.727273 1.003 0.000720903 -0.00194603
2.85906 0.727273 1.00298 0.000647639 -0.00176373
2.87919 0.727273 1.00295 0.000570037 -0.00156771
2.89933 0.727273 1.00292 0.000487956 -0.00135634
2.91946 0.727273 1.0029 0.000401181 -0.00112785
2.9396 0.727273 1.00287 0.000309425 -0.000880249
2.95973 0.727273 1.00284 0.000212308 -0.000611366
2.97987 0.727273 1.0028 0.000109372 -0.000318816
3 0.727273 1.00277 0 0

0 0.747475 1 0.1 0
0.0201342 0.747475 1.14679 0.0868799 0.00486684
0.0402685 0.747475 1.15863 0.0856329 0.00984974
0.0604027 0.747475 1.15816 0.0852153 0.0149157
0.0805369 0.747475 1.15743 0.0846745 0.0200086
0.100671 0.747475 1.15658 0.0839796 0.0250616
0.120805 0.747475 1.15569 0.0831207 0.0300078
0.14094 0.747475 1.15484 0.0821015 0.034787
0.161074 0.747475 1.15407 0.0809354 0.0393489
0.181208 0.747475 1.15337 0.0796403 0.043654
0.201342 0.747475 1.1527 0.0782351 0.0476734
0.221477 0.747475 1.15197 0.0767362 0.0513887
0.241611 0.747475 1.15115 0.075157 0.0547906
0.261745 0.747475 1.15023 0.0735077 0.0578777
0.281879 0.747475 1.14925 0.0717968 0.0606539
0.302013 0.747475 1.14828 0.0700308 0.0631266
0.322148 0.747475 1.14736 0.0682154 0.0653053
0.342282 0.747475 1.14652 0.0663548 0.0672
0.362416 0.747475 1.14579 0.0644519 0.068821
0.38255 0.747475 1.14516 0.0625086 0.0701781
0.402685 0.747475 1.14462 0.0605258 0.0712811
0.422819 0.747475 1.14416 0.058504 0.0721387
0.442953 0.747475 1.14378 0.0564431 0.072759
0.463087 0.747475 1.14346 0.0543433 0.0731492
0.483221 0.747475 1.14318 0.0522044 0.0733154
0.503356 0.747475 1.14296 0.050027 0.0732626
0.52349 0.747475 1.14279 0.0478114 0.0729943
0.543624 0.747475 1.14266 0.0455587 0.0725131
0.563758 0.747475 1.14257 0.0432704 0.0718201
0.583893 0.747475 1.14254 0.0409483 0.070915
0.604027 0.747475 1.14255 0.038595 0.0697961
0.624161 0.747475 1.14261 0.0362135 0.0684605
0.644295 0.747475 1.14272 0.0338079 0.0669037
0.66443 0.747475 1.1429 0.031383 0.0651201
0.684564 0.747475 1.14313 0.0289448 0.0631027
0.704698 0.747475 1.14343 0.0265003 0.0608435
0.724832 0.747475 1.1438 0.0240584 0.0583337
0.744966 0.747475 1.14424 0.0216294 0.0555635
0.765101 0.747475 1.14476 0.0192257 0.0525231
0.785235 0.747475 1.14536 0.0168619 0.0492027
0.805369 0.747475 1.14604 0.0145549 0.0455934
0.825503 0.747475 1.14681 0.0123244 0.0416878
0.845638 0.747475 1.14767 0.010192 0.037481
0.865772 0.747475 1.1486 0.00818165 0.0329712
0.885906 0.747475 1.14962 0.00631855 0.0281609
0.90604 0.747475 1.1507 0.00462768 0.0230574
0.926174 0.747475 1.15185 0.00313333 0.0176723
0.946309 0.747475 1.15301 0.0018547 0.0120225
0.966443 0.747475 1.15424 0.000808707 0.00612501
0.986577 0.747475 1.15538 0 0
1.00671 0.747475 0 0 0
1.02685 0.747475 0 0 0
1.04698 0.747475 0 0 0
1.06711 0.747475 0 0 0
1.08725 0.747475 0 0 0
1.10738 0.747475 0 0 0
1.12752 0.747475 0 0 0
1.14765 0.747475 0 0 0
1.16779 0.747475 0 0 0
1.18792 0.747475 0 0 0
1.20805 0.747475 0 0 0
1.22819 0.747475 0 0 0
1.24832 0.747475 0 0 0
1.26846 0.747475 0 0 0
1.28859 0.747475 0 0 0
1.30872 0.747475 0 0 0
1.32886 0.747475 0 0 0
1.34899 0.747475 0 0 0
1.36913 0.747475 0 0 0
1.38926 0.747475 0 0 0
1.4094 0.747475 0 0 0
1.42953 0.747475 0 0 0
1.44966 0.747475 0 0 0
1.4698 0.747475 0 0 0
1.48993 0.747475 0 0 0
1.51007 0.747475 0 0 0
1.5302 0.747475 0 0 0
1.55034 0.747475 0 0 0
1.57047 0.747475 0 0 0
1.5906 0.747475 0 0 0
1.61074 0.747475 0 0 0
1.63087 0.747475 0 0 0
1.65101 0.747475 0 0 0
1.67114 0.747475 0 0 0
1.69128 0.747475 0 0 0
1.71141 0.747475 0 0 0
1.73154 0.747475 0 0 0
1.75168 0.747475 0 0 0
1.77181 0.747475 0 0 0
1.79195 0.747475 0 0 0
1.81208 0.747475 0 0 0
1.83221 0.747475 0 0 0
1.85235 0.747475 0 0 0
1.87248 0.747475 0 0 0
1.89262 0.747475 0 0 0
1.91275 0.747475 0 0 0
1.93289 0.747475 0 0 0
1.95302 0.747475 0 0 0
1.97315 0.747475 0 0 0
1.99329 0.747475 0 0 0
2.01342 0.747475 1.00153 0 0
2.03356 0.747475 1.00163 -5.3937e-05 -0.000385825
2.05369 0.747475 1.00175 -8.55504e-05 -0.000770191
2.07383 0.747475 1.00188 -9.31571e-05 -0.00114797
2.09396 0.747475 1.00203 -7.72635e-05 -0.0015139
2.11409 0.747475 1.00217 -3.94158e-05 -0.00186282
2.13423 0.747475 1.00231 1.77407e-05 -0.00219033
2.15436 0.747475 1.00245 9.09832e-05 -0.00249298
2.1745 0.747475 1.00258 0.000176805 -0.00276839
2.19463 0.747475 1.0027 0.000271708 -0.00301521
2.21477 0.747475 1.00281 0.000372393 -0.00323297
2.2349 0.747475 1.00291 0.000475885 -0.00342193
2.25503 0.747475 1.00301 0.000579592 -0.00358295
2.27517 0.747475 1.00309 0.000681328 -0.00371726
2.2953 0.747475 1.00316 0.000779299 -0.00382641
2.31544 0.747475 1.00322 0.000872073 -0.00391211
2.33557 0.747475 1.00327 0.000958543 -0.00397614
2.3557 0.747475 1.00331 0.00103788 -0.0040203
2.37584 0.747475 1.00335 0.00110951 -0.00404635
2.39597 0.747475 1.00338 0.00117303 -0.004056
2.41611 0.747475 1.0034 0.00122823 -0.00405084
2.43624 0.747475 1.00342 0.00127502 -0.00403234
2.45638 0.747475 1.00343 0.00131342 -0.00400186
2.47651 0.747475 1.00344 0.00134355 -0.00396063
2.49664 0.747475 1.00344 0.00136557 -0.00390974
2.51678 0.747475 1.00344 0.00137972 -0.00385016
2.53691 0.747475 1.00343 0.00138624 -0.00378269
2.55705 0.747475 1.00342 0.00138542 -0.00370804
2.57718 0.747475 1.00341 0.00137757 -0.00362677
2.59732 0.747475 1.0034 0.001363 -0.00353931
2.61745 0.747475 1.00338 0.00134201 -0.00344597
2.63758 0.747475 1.00337 0.00131492 -0.00334693
2.65772 0.747475 1.00335 0.00128203 -0.00324224
2.67785 0.747475 1.00333 0.00124361 -0.00313184
2.69799 0.747475 1.00331 0.00119995 -0.00301552
2.71812 0.747475 1.00328 0.00115128 -0.00289297
2.73826 0.747475 1.00326 0.00109784 -0.00276372
2.75839 0.747475 1.00324 0.00103982 -0.00262718
2.77852 0.747475 1.00322 0.000977374 -0.00248263
2.79866 0.747475 1.00319 0.000910643 -0.00232921
2.81879 0.747475 1.00317 0.000839711 -0.00216588
2.83893 0.747475 1.00314 0.000764621 -0.00199148
2.85906 0.747475 1.00311 0.000685367 -0.00180468
2.87919 0.747475 1.00309 0.000601887 -0.00160398
2.89933 0.747475 1.00306 0.000514058 -0.00138769
2.91946 0.747475 1.00303 0.000421685 -0.00115395
2.9396 0.747475 1.003 0.000324501 -0.000900688
2.95973 0.747475 1.00297 0.000222145 -0.000625642
2.97987 0.747475 1.00294 0.000114177 -0.000326319
3 0.747475 1.00291 0 0

0 0.767677 1 0.1 0
0.0201342 0.767677 1.147 0.0868668 0.0048707
0.0402685 0.767677 1.15874 0.085619 0.00993037
0.0604027 0.767677 1.15804 0.0851794 0.0151285
0.0805369 0.767677 1.15699 0.0845876 0.0203861
0.100671 0.767677 1.1557 0.0838148 0.0256138
0.120805 0.767677 1.15418 0.0828579 0.0307256
0.14094 0.767677 1.15246 0.0817281 0.0356492
0.161074 0.767677 1.15059 0.0804438 0.0403301
0.181208 0.767677 1.14872 0.0790265 0.044732
0.201342 0.767677 1.14703 0.0774992 0.0488331
0.221477 0.767677 1.14568 0.0758848 0.0526216
0.241611 0.767677 1.14473 0.0742045 0.0560921
0.261745 0.767677 1.14413 0.0724752 0.0592437
0.281879 0.767677 1.1438 0.0707088 0.0620793
0.302013 0.767677 1.14361 0.0689123 0.0646048
0.322148 0.767677 1.14347 0.0670886 0.0668293
0.342282 0.767677 1.1433 0.0652385 0.0687632
0.362416 0.767677 1.1431 0.0633614 0.0704178
0.38255 0.767677 1.14286 0.0614561 0.0718048
0.402685 0.767677 1.14259 0.0595214 0.0729348
0.422819 0.767677 1.14231 0.0575558 0.0738179
0.442953 0.767677 1.14204 0.0555582 0.0744628
0.463087 0.767677 1.14179 0.0535274 0.0748773
0.483221 0.767677 1.14157 0.0514625 0.0750674
0.503356 0.767677 1.14137 0.0493628 0.0750381
0.52349 0.767677 1.14122 0.0472278 0.074793
0.543624 0.767677 1.1411 0.0450575 0.0743342
0.563758 0.767677 1.14103 0.0428522 0.0736623
0.583893 0.767677 1.141 0.0406126 0.0727766
0.604027 0.767677 1.14101 0.0383402 0.0716749
0.624161 0.767677 1.14108 0.0360369 0.0703534
0.644295 0.767677 1.14119 0.0337055 0.068807
0.66443 0.767677 1.14137 0.0313497 0.0670289
0.684564 0.767677 1.1416 0.028974 0.0650111
0.704698 0.767677 1.1419 0.0265845 0.0627441
0.724832 0.767677 1.14227 0.0241887 0.0602174
0.744966 0.767677 1.14271 0.0217958 0.0574194
0.765101 0.767677 1.14324 0.0194174 0.0543379
0.785235 0.767677 1.14385 0.0170674 0.0509608
0.805369 0.767677 1.14455 0.0147625 0.0472764
0.825503 0.767677 1.14534 0.0125227 0.0432748
0.845638 0.767677 1.14622 0.010371 0.0389483
0.865772 0.767677 1.1472 0.00833315 0.0342936
0.885906 0.767677 1.14826 0.00643732 0.0293121
0.90604 0.767677 1.1494 0.0047121 0.0240117
0.926174 0.767677 1.15061 0.00318597 0.0184072
0.946309 0.767677 1.15183 0.00188143 0.01252
0.966443 0.767677 1.15313 0.000818347 0.00637472
0.986577 0.767677 1.15428 0 0
1.00671 0.767677 0 0 0
1.02685 0.767677 0 0 0
1.04698 0.767677 0 0 0
1.06711 0.767677 0 0 0
1.08725 0.767677 0 0 0
1.10738 0.767677 0 0 0
1.12752 0.767677 0 0 0
1.14765 0.767677 0 0 0
1.16779 0.767677 0 0 0
1.18792 0.767677 0 0 0
1.20805 0.767677 0 0 0
1.22819 0.767677 0 0 0
1.24832 0.767677 0 0 0
1.26846 0.767677 0 0 0
1.28859 0.767677 0 0 0
1.30872 0.767677 0 0 0
1.32886 0.767677 0 0 0
1.34899 0.767677 0 0 0
1.36913 0.767677 0 0 0
1.38926 0.767677 0 0 0
1.4094 0.767677 0 0 0
1.42953 0.767677 0 0 0
1.44966 0.767677 0 0 0
1.4698 0.767677 0 0 0
1.48993 0.767677 0 0 0
1.51007 0.767677 0 0 0
1.5302 0.767677 0 0 0
1.55034 0.767677 0 0 0
1.57047 0.767677 0 0 0
1.5906 0.767677 0 0 0
1.61074 0.767677 0 0 0
1.63087 0.767677 0 0 0
1.65101 0.767677 0 0 0
1.67114 0.767677 0 0 0
1.69128 0.767677 0 0 0
1.71141 0.767677 0 0 0
1.73154 0.767677 0 0 0
1.75168 0.767677 0 0 0
1.77181 0.767677 0 0 0
1.79195 0.767677 0 0 0
1.81208 0.767677 0 0 0
1.83221 0.767677 0 0 0
1.85235 0.767677 0 0 0
1.87248 0.767677 0 0 0
1.89262 0.767677 0 0 0
1.91275 0.767677 0 0 0
1.93289 0.767677 0 0 0
1.95302 0.767677 0 0 0
1.97315 0.767677 0 0 0
1.99329 0.767677 0 0 0
2.01342 0.767677 1.00151 0 0
2.03356 0.767677 1.00162 -5.22473e-05 -0.000410536
2.05369 0.767677 1.00177 -7.89553e-05 -0.000822278
2.07383 0.767677 1.00192 -7.80807e-05 -0.00122817
2.09396 0.767677 1.00209 -5.0594e-05 -0.00162125
2.11409 0.767677 1.00225 1.25563e-06 -0.00199498
2.13423 0.767677 1.00241 7.39132e-05 -0.00234401
2.15436 0.767677 1.00257 0.00016326 -0.0026644
2.1745 0.767677 1.00271 0.000264996 -0.00295362
2.19463 0.767677 1.00285 0.000374989 -0.00321046
2.21477 0.767677 1.00297 0.000489482 -0.00343476
2.2349 0.767677 1.00308 0.0006052 -0.0036272
2.25503 0.767677 1.00318 0.000719394 -0.00378906
2.27517 0.767677 1.00326 0.000829822 -0.00392204
2.2953 0.767677 1.00334 0.000934715 -0.00402809
2.31544 0.767677 1.0034 0.00103272 -0.00410929
2.33557 0.767677 1.00345 0.00112284 -0.00416776
2.3557 0.767677 1.0035 0.00120438 -0.00420556
2.37584 0.767677 1.00353 0.0012769 -0.00422471
2.39597 0.767677 1.00356 0.00134015 -0.00422708
2.41611 0.767677 1.00358 0.00139404 -0.00421443
2.43624 0.767677 1.00359 0.00143862 -0.00418837
2.45638 0.767677 1.0036 0.00147402 -0.00415035
2.47651 0.767677 1.00361 0.00150046 -0.00410167
2.49664 0.767677 1.00361 0.0015182 -0.00404349
2.51678 0.767677 1.0036 0.00152756 -0.0039768
2.53691 0.767677 1.00359 0.00152888 -0.00390247
2.55705 0.767677 1.00358 0.0015225 -0.00382121
2.57718 0.767677 1.00357 0.00150879 -0.00373359
2.59732 0.767677 1.00355 0.00148811 -0.00364005
2.61745 0.767677 1.00354 0.00146082 -0.0035409
2.63758 0.767677 1.00352 0.00142726 -0.0034363
2.65772 0.767677 1.0035 0.00138779 -0.00332631
2.67785 0.767677 1.00347 0.0013427 -0.00321083
2.69799 0.767677 1.00345 0.00129231 -0.00308966
2.71812 0.767677 1.00343 0.00123688 -0.00296243
2.73826 0.767677 1.0034 0.00117667 -0.00282867
2.75839 0.767677 1.00338 0.0011119 -0.00268776
2.77852 0.767677 1.00336 0.00104275 -0.00253893
2.79866 0.767677 1.00333 0.000969368 -0.00238128
2.81879 0.767677 1.0033 0.000891866 -0.00221373
2.83893 0.767677 1.00328 0.000810307 -0.00203508
2.85906 0.767677 1.00325 0.000724704 -0.00184393
2.87919 0.767677 1.00323 0.000635015 -0.00163872
2.89933 0.767677 1.0032 0.000541138 -0.0014177
2.91946 0.767677 1.00317 0.000442898 -0.00117893
2.9396 0.767677 1.00314 0.000340051 -0.000920256
2.95973 0.767677 1.00311 0.000232256 -0.000639314
2.97987 0.767677 1.00309 0.000119097 -0.000333509
3 0.767677 1.00305 0 0

0 0.787879 1 0.1 0
0.0201342 0.787879 1.14764 0.0868252 0.00487458
0.0402685 0.787879 1.15929 0.0855736 0.0100367
0.0604027 0.787879 1.15846 0.0850957 0.0154087
0.0805369 0.787879 1.15738 0.0844196 0.0208807
0.100671 0.787879 1.15631 0.0835199 0.0263377
0.120805 0.787879 1.15546 0.0824061 0.0316758
0.14094 0.787879 1.15496 0.0811086 0.0368101
0.161074 0.787879 1.15474 0.0796675 0.0416744
0.181208 0.787879 1.15457 0.0781214 0.0462219
0.201342 0.787879 1.15415 0.0764997 0.0504243
0.221477 0.787879 1.15327 0.0748214 0.0542704
0.241611 0.787879 1.15193 0.0730982 0.0577627
0.261745 0.787879 1.15026 0.0713383 0.0609119
0.281879 0.787879 1.14847 0.069549 0.0637327
0.302013 0.787879 1.14675 0.0677368 0.0662405
0.322148 0.787879 1.14523 0.065907 0.0684498
0.342282 0.787879 1.14395 0.0640628 0.0703738
0.362416 0.787879 1.14291 0.0622054 0.0720248
0.38255 0.787879 1.1421 0.0603338 0.0734136
0.402685 0.787879 1.14146 0.058446 0.0745503
0.422819 0.787879 1.14096 0.056539 0.0754441
0.442953 0.787879 1.14056 0.0546098 0.0761029
0.463087 0.787879 1.14024 0.0526555 0.0765336
0.483221 0.787879 1.13998 0.0506732 0.076742
0.503356 0.787879 1.13978 0.0486608 0.0767324
0.52349 0.787879 1.13962 0.0466164 0.0765079
0.543624 0.787879 1.1395 0.0445385 0.0760702
0.563758 0.787879 1.13943 0.0424263 0.0754195
0.583893 0.787879 1.1394 0.0402794 0.0745545
0.604027 0.787879 1.13941 0.038098 0.0734724
0.624161 0.787879 1.13948 0.0358828 0.0721688
0.644295 0.787879 1.13959 0.0336353 0.0706376
0.66443 0.787879 1.13976 0.0313578 0.0688712
0.684564 0.787879 1.13999 0.0290536 0.0668604
0.704698 0.787879 1.14029 0.0267272 0.0645944
0.724832 0.787879 1.14065 0.0243848 0.0620607
0.744966 0.787879 1.1411 0.022034 0.0592457
0.765101 0.787879 1.14162 0.0196852 0.056135
0.785235 0.787879 1.14224 0.0173513 0.0527134
0.805369 0.787879 1.14296 0.0150483 0.0489661
0.825503 0.787879 1.14378 0.0127962 0.0448797
0.845638 0.787879 1.1447 0.010619 0.0404433
0.865772 0.787879 1.14573 0.00854444 0.0356504
0.885906 0.787879 1.14685 0.00660418 0.0305008
0.90604 0.787879 1.14806 0.00483145 0.0250022
0.926174 0.787879 1.14936 0.00326038 0.0191723
0.946309 0.787879 1.15066 0.00191867 0.0130379
0.966443 0.787879 1.15205 0.000831108 0.00663394
0.986577 0.787879 1.15323 0 0
1.00671 0.787879 0 0 0
1.02685 0.787879 0 0 0
1.04698 0.787879 0 0 0
1.06711 0.787879 0 0 0
1.08725 0.787879 0 0 0
1.10738 0.787879 0 0 0
1.12752 0.787879 0 0 0
1.14765 0.787879 0 0 0
1.16779 0.787879 0 0 0
1.18792 0.787879 0 0 0
1.20805 0.787879 0 0 0
1.22819 0.787879 0 0 0
1.24832 0.787879 0 0 0
1.26846 0.787879 0 0 0
1.28859 0.787879 0 0 0
1.30872 0.787879 0 0 0
1.32886 0.787879 0 0 0
1.34899 0.787879 0 0 0
1.36913 0.787879 0 0 0
1.38926 0.787879 0 0 0
1.4094 0.787879 0 0 0
1.42953 0.787879 0 0 0
1.44966 0.787879 0 0 0
1.4698 0.787879 0 0 0
1.48993 0.787879 0 0 0
1.51007 0.787879 0 0 0
1.5302 0.787879 0 0 0
1.55034 0.787879 0 0 0
1.57047 0.787879 0 0 0
1.5906 0.787879 0 0 0
1.61074 0.787879 0 0 0
1.63087 0.787879 0 0 0
1.65101 0.787879 0 0 0
1.67114 0.787879 0 0 0
1.69128 0.787879 0 0 0
1.71141 0.787879 0 0 0
1.73154 0.787879 0 0 0
1.75168 0.787879 0 0 0
1.77181 0.787879 0 0 0
1.79195 0.787879 0 0 0
1.81208 0.787879 0 0 0
1.83221 0.787879 0 0 0
1.85235 0.787879 0 0 0
1.87248 0.787879 0 0 0
1.89262 0.787879 0 0 0
1.91275 0.787879 0 0 0
1.93289 0.787879 0 0 0
1.95302 0.787879 0 0 0
1.97315 0.787879 0 0 0
1.99329 0.787879 0 0 0
2.01342 0.787879 1.00147 0 0
2.03356 0.787879 1.0016 -4.95725e-05 -0.000438904
2.05369 0.787879 1.00177 -6.94913e-05 -0.000882289
2.07383 0.787879 1.00196 -5.73602e-05 -0.00132042
2.09396 0.787879 1.00215 -1.49598e-05 -0.0017441
2.11409 0.787879 1.00234 5.43931e-05 -0.00214509
2.13423 0.787879 1.00252 0.00014589 -0.00251703
2.15436 0.787879 1.0027 0.000254267 -0.00285555
2.1745 0.787879 1.00286 0.000374283 -0.00315816
2.19463 0.787879 1.00301 0.000501118 -0.00342398
2.21477 0.787879 1.00314 0.000630568 -0.00365337
2.2349 0.787879 1.00326 0.000759118 -0.00384757
2.25503 0.787879 1.00336 0.000883933 -0.00400845
2.27517 0.787879 1.00345 0.0010028 -0.00413826
2.2953 0.787879 1.00353 0.00111406 -0.00423944
2.31544 0.787879 1.00359 0.00121652 -0.00431448
2.33557 0.787879 1.00364 0.00130935 -0.00436585
2.3557 0.787879 1.00369 0.00139204 -0.00439591
2.37584 0.787879 1.00372 0.00146434 -0.00440691
2.39597 0.787879 1.00375 0.00152616 -0.00440091
2.41611 0.787879 1.00376 0.00157758 -0.00437982
2.43624 0.787879 1.00377 0.00161879 -0.00434536
2.45638 0.787879 1.00378 0.00165006 -0.00429907
2.47651 0.787879 1.00378 0.00167172 -0.00424232
2.49664 0.787879 1.00378 0.00168415 -0.00417632
2.51678 0.787879 1.00377 0.00168773 -0.0041021
2.53691 0.787879 1.00376 0.00168288 -0.00402054
2.55705 0.787879 1.00375 0.00167003 -0.00393236
2.57718 0.787879 1.00373 0.00164959 -0.00383815
2.59732 0.787879 1.00371 0.00162199 -0.00373833
2.61745 0.787879 1.00369 0.00158762 -0.00363322
2.63758 0.787879 1.00367 0.00154688 -0.00352296
2.65772 0.787879 1.00365 0.00150013 -0.00340759
2.67785 0.787879 1.00362 0.00144773 -0.00328701
2.69799 0.787879 1.0036 0.00138999 -0.00316096
2.71812 0.787879 1.00358 0.00132723 -0.00302909
2.73826 0.787879 1.00355 0.00125972 -0.00289087
2.75839 0.787879 1.00352 0.00118769 -0.00274564
2.77852 0.787879 1.0035 0.00111135 -0.00259262
2.79866 0.787879 1.00347 0.00103087 -0.00243086
2.81879 0.787879 1.00345 0.000946375 -0.00225923
2.83893 0.787879 1.00342 0.000857956 -0.00207649
2.85906 0.787879 1.00339 0.000765642 -0.00188117
2.87919 0.787879 1.00337 0.000669412 -0.00167167
2.89933 0.787879 1.00334 0.000569185 -0.00144615
2.91946 0.787879 1.00331 0.00046481 -0.00120261
2.9396 0.787879 1.00329 0.000356065 -0.000938804
2.95973 0.787879 1.00326 0.000242634 -0.000652279
2.97987 0.787879 1.00323 0.000124128 -0.00034033
3 0.787879 1.0032 0 0

0 0.808081 1 0.1 0
0.0201342 0.808081 1.1487 0.0867564 0.0048717
0.0402685 0.808081 1.16 0.0855101 0.010163
0.0604027 0.808081 1.15847 0.0849955 0.0157413
0.0805369 0.808081 1.15631 0.0842362 0.0214417
0.100671 0.808081 1.15358 0.0832205 0.0271039
0.120805 0.808081 1.15024 0.0819713 0.0325975
0.14094 0.808081 1.14643 0.0805227 0.0378331
0.161074 0.808081 1.14256 0.0789125 0.0427605
0.181208 0.808081 1.13921 0.0771812 0.0473561
0.201342 0.808081 1.13687 0.0753718 0.0516095
0.221477 0.808081 1.13572 0.0735244 0.0555156
0.241611 0.808081 1.1356 0.07167 0.0590727
0.261745 0.808081 1.13615 0.0698274 0.0622837
0.281879 0.808081 1.13699 0.0680034 0.0651567
0.302013 0.808081 1.13783 0.0661969 0.0677039
0.322148 0.808081 1.13848 0.0644027 0.0699404
0.342282 0.808081 1.13889 0.0626143 0.0718822
0.362416 0.808081 1.13908 0.0608254 0.0735447
0.38255 0.808081 1.13909 0.0590309 0.0749421
0.402685 0.808081 1.13899 0.057226 0.0760866
0.422819 0.808081 1.13882 0.0554068 0.0769891
0.442953 0.808081 1.13862 0.0535696 0.0776583
0.463087 0.808081 1.13842 0.0517108 0.0781018
0.483221 0.808081 1.13824 0.0498275 0.0783251
0.503356 0.808081 1.13807 0.0479166 0.0783327
0.52349 0.808081 1.13794 0.0459756 0.0781272
0.543624 0.808081 1.13783 0.0440023 0.0777101
0.563758 0.808081 1.13777 0.0419949 0.077081
0.583893 0.808081 1.13774 0.0399519 0.0762382
0.604027 0.808081 1.13776 0.0378726 0.0751784
0.624161 0.808081 1.13782 0.0357564 0.0738965
0.644295 0.808081 1.13792 0.0336036 0.0723857
0.66443 0.808081 1.13809 0.031415 0.0706377
0.684564 0.808081 1.13831 0.0291926 0.0686419
0.704698 0.808081 1.13859 0.0269392 0.0663862
0.724832 0.808081 1.13895 0.0246591 0.0638565
0.744966 0.808081 1.13938 0.0223585 0.0610372
0.765101 0.808081 1.13991 0.0200457 0.0579108
0.785235 0.808081 1.14052 0.017732 0.0544593
0.805369 0.808081 1.14125 0.0154324 0.050664
0.825503 0.808081 1.14208 0.013166 0.0465071
0.845638 0.808081 1.14304 0.0109573 0.0419733
0.865772 0.808081 1.14411 0.00883596 0.0370517
0.885906 0.808081 1.1453 0.00683713 0.0317389
0.90604 0.808081 1.1466 0.00499986 0.026041
0.926174 0.808081 1.148 0.00336573 0.0199785
0.946309 0.808081 1.14943 0.00197089 0.013584
0.966443 0.808081 1.15096 0.000847748 0.00690631
0.986577 0.808081 1.15223 0 0
1.00671 0.808081 0 0 0
1.02685 0.808081 0 0 0
1.04698 0.808081 0 0 0
1.06711 0.808081 0 0 0
1.08725 0.808081 0 0 0
1.10738 0.808081 0 0 0
1.12752 0.808081 0 0 0
1.14765 0.808081 0 0 0
1.16779 0.808081 0 0 0
1.18792 0.808081 0 0 0
1.20805 0.808081 0 0 0
1.22819 0.808081 0 0 0
1.24832 0.808081 0 0 0
1.26846 0.808081 0 0 0
1.28859 0.808081 0 0 0
1.30872 0.808081 0 0 0
1.32886 0.808081 0 0 0
1.34899 0.808081 0 0 0
1.36913 0.808081 0 0 0
1.38926 0.808081 0 0 0
1.4094 0.808081 0 0 0
1.42953 0.808081 0 0 0
1.44966 0.808081 0 0 0
1.4698 0.808081 0 0 0
1.48993 0.808081 0 0 0
1.51007 0.808081 0 0 0
1.5302 0.808081 0 0 0
1.55034 0.808081 0 0 0
1.57047 0.808081 0 0 0
1.5906 0.808081 0 0 0
1.61074 0.808081 0 0 0
1.63087 0.808081 0 0 0
1.65101 0.808081 0 0 0
1.67114 0.808081 0 0 0
1.69128 0.808081 0 0 0
1.71141 0.808081 0 0 0
1.73154 0.808081 0 0 0
1.75168 0.808081 0 0 0
1.77181 0.808081 0 0 0
1.79195 0.808081 0 0 0
1.81208 0.808081 0 0 0
1.83221 0.808081 0 0 0
1.85235 0.808081 0 0 0
1.87248 0.808081 0 0 0
1.89262 0.808081 0 0 0
1.91275 0.808081 0 0 0
1.93289 0.808081 0 0 0
1.95302 0.808081 0 0 0
1.97315 0.808081 0 0 0
1.99329 0.808081 0 0 0
2.01342 0.808081 1.00141 0 0
2.03356 0.808081 1.00155 -4.5539e-05 -0.000472078
2.05369 0.808081 1.00177 -5.60506e-05 -0.000952556
2.07383 0.808081 1.00198 -2.88983e-05 -0.00142799
2.09396 0.808081 1.00221 3.27606e-05 -0.00188618
2.11409 0.808081 1.00243 0.000123995 -0.00231693
2.13423 0.808081 1.00264 0.000238296 -0.00271284
2.15436 0.808081 1.00284 0.00036897 -0.00306934
2.1745 0.808081 1.00302 0.000509713 -0.00338426
2.19463 0.808081 1.00319 0.000655011 -0.00365735
2.21477 0.808081 1.00333 0.000800286 -0.00388972
2.2349 0.808081 1.00345 0.000941892 -0.00408343
2.25503 0.808081 1.00356 0.00107703 -0.00424107
2.27517 0.808081 1.00365 0.00120365 -0.00436552
2.2953 0.808081 1.00373 0.0013203 -0.00445978
2.31544 0.808081 1.0038 0.00142603 -0.0045268
2.33557 0.808081 1.00385 0.00152025 -0.0045694
2.3557 0.808081 1.00389 0.00160271 -0.00459025
2.37584 0.808081 1.00392 0.00167337 -0.00459181
2.39597 0.808081 1.00394 0.00173236 -0.00457632
2.41611 0.808081 1.00396 0.00177994 -0.00454584
2.43624 0.808081 1.00396 0.00181645 -0.00450216
2.45638 0.808081 1.00397 0.00184231 -0.00444692
2.47651 0.808081 1.00396 0.00185796 -0.00438153
2.49664 0.808081 1.00396 0.00186389 -0.00430724
2.51678 0.808081 1.00395 0.00186059 -0.00422509
2.53691 0.808081 1.00393 0.00184855 -0.00413598
2.55705 0.808081 1.00392 0.00182825 -0.00404063
2.57718 0.808081 1.0039 0.00180017 -0.00393963
2.59732 0.808081 1.00388 0.00176479 -0.00383339
2.61745 0.808081 1.00385 0.00172254 -0.00372221
2.63758 0.808081 1.00383 0.00167384 -0.00360623
2.65772 0.808081 1.0038 0.00161911 -0.00348545
2.67785 0.808081 1.00378 0.00155872 -0.00335976
2.69799 0.808081 1.00375 0.00149302 -0.00322888
2.71812 0.808081 1.00373 0.00142234 -0.0030924
2.73826 0.808081 1.0037 0.00134697 -0.0029498
2.75839 0.808081 1.00367 0.00126716 -0.00280037
2.77852 0.808081 1.00365 0.00118315 -0.00264328
2.79866 0.808081 1.00362 0.00109512 -0.00247755
2.81879 0.808081 1.00359 0.00100322 -0.00230202
2.83893 0.808081 1.00357 0.000907545 -0.00211538
2.85906 0.808081 1.00354 0.000808159 -0.00191611
2.87919 0.808081 1.00351 0.000705058 -0.00170255
2.89933 0.808081 1.00349 0.000598182 -0.00147281
2.91946 0.808081 1.00346 0.000487405 -0.00122479
2.9396 0.808081 1.00343 0.00037253 -0.000956184
2.95973 0.808081 1.00341 0.00025327 -0.000664432
2.97987 0.808081 1.00338 0.000129265 -0.000346728
3 0.808081 1.00335 0 0

0 0.828283 1 0.1 0
0.0201342 0.828283 1.15076 0.0866235 0.00487803
0.0402685 0.828283 1.16203 0.0853583 0.0103708
0.0604027 0.828283 1.1607 0.0847372 0.0162615
0.0805369 0.828283 1.15953 0.0837783 0.0223201
0.100671 0.828283 1.15911 0.0824986 0.0283428
0.120805 0.828283 1.15974 0.0809688 0.0341687
0.14094 0.828283 1.16114 0.0792788 0.0396792
0.161074 0.828283 1.16253 0.0775071 0.044796
0.181208 0.828283 1.16297 0.0757022 0.0494813
0.201342 0.828283 1.16193 0.0738837 0.0537319
0.221477 0.828283 1.15946 0.0720556 0.0575678
0.241611 0.828283 1.15602 0.0702202 0.0610192
0.261745 0.828283 1.15223 0.0683832 0.0641166
0.281879 0.828283 1.14863 0.0665535 0.0668859
0.302013 0.828283 1.14553 0.0647396 0.0693479
0.322148 0.828283 1.14305 0.0629464 0.0715193
0.342282 0.828283 1.14116 0.0611747 0.0734139
0.362416 0.828283 1.13978 0.0594212 0.0750439
0.38255 0.828283 1.13877 0.0576805 0.0764204
0.402685 0.828283 1.13805 0.0559458 0.0775532
0.422819 0.828283 1.13752 0.0542103 0.0784511
0.442953 0.828283 1.13712 0.0524671 0.0791218
0.463087 0.828283 1.13681 0.0507104 0.0795716
0.483221 0.828283 1.13657 0.0489349 0.0798055
0.503356 0.828283 1.13638 0.0471359 0.0798273
0.52349 0.828283 1.13624 0.0453095 0.0796392
0.543624 0.828283 1.13613 0.0434522 0.079242
0.563758 0.828283 1.13607 0.0415611 0.0786351
0.583893 0.828283 1.13603 0.0396338 0.0778162
0.604027 0.828283 1.13604 0.0376682 0.0767814
0.624161 0.828283 1.13609 0.0356628 0.0755253
0.644295 0.828283 1.13619 0.0336165 0.0740404
0.66443 0.828283 1.13634 0.0315288 0.0723175
0.684564 0.828283 1.13654 0.0294 0.0703451
0.704698 0.828283 1.13681 0.0272311 0.06811
0.724832 0.828283 1.13715 0.0250245 0.0655963
0.744966 0.828283 1.13758 0.0227841 0.0627864
0.765101 0.828283 1.13809 0.0205161 0.0596602
0.785235 0.828283 1.13871 0.0182293 0.0561963
0.805369 0.828283 1.13945 0.0159366 0.0523716
0.825503 0.828283 1.14031 0.0136558 0.0481634
0.845638 0.828283 1.14132 0.0114105 0.0435505
0.865772 0.828283 1.14248 0.0092319 0.0385157
0.885906 0.828283 1.14377 0.00715849 0.03305
0.90604 0.828283 1.14522 0.00523649 0.0271552
0.926174 0.828283 1.14677 0.00351658 0.0208534
0.946309 0.828283 1.14836 0.00204733 0.0141808
0.966443 0.828283 1.15006 0.000872968 0.00720683
0.986577 0.828283 1.15142 0 0
1.00671 0.828283 0 0 0
1.02685 0.828283 0 0 0
1.04698 0.828283 0 0 0
1.06711 0.828283 0 0 0
1.08725 0.828283 0 0 0
1.10738 0.828283 0 0 0
1.12752 0.828283 0 0 0
1.14765 0.828283 0 0 0
1.16779 0.828283 0 0 0
1.18792 0.828283 0 0 0
1.20805 0.828283 0 0 0
1.22819 0.828283 0 0 0
1.24832 0.828283 0 0 0
1.26846 0.828283 0 0 0
1.28859 0.828283 0 0 0
1.30872 0.828283 0 0 0
1.32886 0.828283 0 0 0
1.34899 0.828283 0 0 0
1.36913 0.828283 0 0 0
1.38926 0.828283 0 0 0
1.4094 0.828283 0 0 0
1.42953 0.828283 0 0 0
1.44966 0.828283 0 0 0
1.4698 0.828283 0 0 0
1.48993 0.828283 0 0 0
1.51007 0.828283 0 0 0
1.5302 0.828283 0 0 0
1.55034 0.828283 0 0 0
1.57047 0.828283 0 0 0
1.5906 0.828283 0 0 0
1.61074 0.828283 0 0 0
1.63087 0.828283 0 0 0
1.65101 0.828283 0 0 0
1.67114 0.828283 0 0 0
1.69128 0.828283 0 0 0
1.71141 0.828283 0 0 0
1.73154 0.828283 0 0 0
1.75168 0.828283 0 0 0
1.77181 0.828283 0 0 0
1.79195 0.828283 0 0 0
1.81208 0.828283 0 0 0
1.83221 0.828283 0 0 0
1.85235 0.828283 0 0 0
1.87248 0.828283 0 0 0
1.89262 0.828283 0 0 0
1.91275 0.828283 0 0 0
1.93289 0.828283 0 0 0
1.95302 0.828283 0 0 0
1.97315 0.828283 0 0 0
1.99329 0.828283 0 0 0
2.01342 0.828283 1.0013 0 0
2.03356 0.828283 1.00148 -3.95601e-05 -0.000511772
2.05369 0.828283 1.00174 -3.69256e-05 -0.00103639
2.07383 0.828283 1.002 1.0425e-05 -0.00155529
2.09396 0.828283 1.00227 9.70471e-05 -0.00205233
2.11409 0.828283 1.00254 0.000215585 -0.00251513
2.13423 0.828283 1.00278 0.000357284 -0.00293545
2.15436 0.828283 1.003 0.000513742 -0.00330891
2.1745 0.828283 1.0032 0.000677537 -0.00363413
2.19463 0.828283 1.00338 0.000842557 -0.0039119
2.21477 0.828283 1.00354 0.00100401 -0.00414442
2.2349 0.828283 1.00367 0.00115831 -0.00433475
2.25503 0.828283 1.00378 0.00130289 -0.00448638
2.27517 0.828283 1.00387 0.00143598 -0.00460294
2.2953 0.828283 1.00395 0.0015565 -0.00468799
2.31544 0.828283 1.00401 0.00166382 -0.00474495
2.33557 0.828283 1.00406 0.0017577 -0.00477703
2.3557 0.828283 1.0041 0.00183818 -0.00478715
2.37584 0.828283 1.00413 0.00190547 -0.00477798
2.39597 0.828283 1.00415 0.00195995 -0.00475192
2.41611 0.828283 1.00416 0.00200207 -0.00471112
2.43624 0.828283 1.00416 0.00203235 -0.00465748
2.45638 0.828283 1.00416 0.00205135 -0.00459266
2.47651 0.828283 1.00415 0.00205964 -0.00451812
2.49664 0.828283 1.00414 0.00205781 -0.00443512
2.51678 0.828283 1.00413 0.00204644 -0.00434471
2.53691 0.828283 1.00411 0.00202609 -0.0042478
2.55705 0.828283 1.00409 0.00199731 -0.00414509
2.57718 0.828283 1.00407 0.00196063 -0.00403716
2.59732 0.828283 1.00404 0.00191656 -0.00392441
2.61745 0.828283 1.00402 0.00186559 -0.00380711
2.63758 0.828283 1.00399 0.00180816 -0.00368539
2.65772 0.828283 1.00396 0.00174472 -0.00355922
2.67785 0.828283 1.00394 0.00167567 -0.00342846
2.69799 0.828283 1.00391 0.00160137 -0.00329281
2.71812 0.828283 1.00388 0.00152217 -0.00315184
2.73826 0.828283 1.00385 0.00143838 -0.00300496
2.75839 0.828283 1.00382 0.00135028 -0.00285147
2.77852 0.828283 1.00379 0.00125811 -0.00269048
2.79866 0.828283 1.00377 0.00116208 -0.00252096
2.81879 0.828283 1.00374 0.00106235 -0.00234173
2.83893 0.828283 1.00371 0.000959036 -0.00215141
2.85906 0.828283 1.00369 0.000852221 -0.00194845
2.87919 0.828283 1.00366 0.000741921 -0.00173111
2.89933 0.828283 1.00363 0.000628101 -0.00149745
2.91946 0.828283 1.00361 0.000510661 -0.00124529
2.9396 0.828283 1.00358 0.00038943 -0.000972244
2.95973 0.828283 1.00356 0.000264153 -0.000675665
2.97987 0.828283 1.00353 0.000134502 -0.000352647
3 0.828283 1.00351 0 0

0 0.848485 1 0.1 0
0.0201342 0.848485 1.1532 0.08647 0.00485633
0.0402685 0.848485 1.16289 0.0852329 0.0105916
0.0604027 0.848485 1.15878 0.0845496 0.0167983
0.0805369 0.848485 1.15315 0.0834628 0.0231232
0.100671 0.848485 1.14599 0.0820186 0.0293007
0.120805 0.848485 1.13773 0.0802861 0.0351776
0.14094 0.848485 1.1296 0.0783366 0.0406894
0.161074 0.848485 1.12314 0.076248 0.0458172
0.181208 0.848485 1.11946 0.0741045 0.0505534
0.201342 0.848485 1.11875 0.0719825 0.0548904
0.221477 0.848485 1.12037 0.0699345 0.0588244
0.241611 0.848485 1.1233 0.0679835 0.0623616
0.261745 0.848485 1.12658 0.0661283 0.0655182
0.281879 0.848485 1.12954 0.0643537 0.0683178
0.302013 0.848485 1.13186 0.0626404 0.0707861
0.322148 0.848485 1.13348 0.0609707 0.072948
0.342282 0.848485 1.13449 0.0593305 0.0748252
0.362416 0.848485 1.13503 0.0577089 0.076436
0.38255 0.848485 1.13525 0.0560978 0.0777952
0.402685 0.848485 1.13527 0.0544903 0.0789151
0.422819 0.848485 1.13518 0.0528807 0.0798053
0.442953 0.848485 1.13504 0.0512632 0.0804738
0.463087 0.848485 1.13488 0.0496328 0.0809266
0.483221 0.848485 1.13473 0.0479845 0.0811685
0.503356 0.848485 1.13458 0.0463138 0.0812027
0.52349 0.848485 1.13446 0.0446165 0.0810309
0.543624 0.848485 1.13437 0.0428886 0.0806535
0.563758 0.848485 1.13431 0.0411267 0.0800695
0.583893 0.848485 1.13427 0.0393276 0.0792763
0.604027 0.848485 1.13427 0.0374883 0.0782694
0.624161 0.848485 1.13431 0.0356064 0.0770431
0.644295 0.848485 1.13439 0.0336795 0.0755893
0.66443 0.848485 1.13452 0.0317058 0.0738983
0.684564 0.848485 1.1347 0.029684 0.0719579
0.704698 0.848485 1.13495 0.0276133 0.0697537
0.724832 0.848485 1.13526 0.0254938 0.0672686
0.744966 0.848485 1.13566 0.0233269 0.064483
0.765101 0.848485 1.13615 0.0211161 0.0613743
0.785235 0.848485 1.13675 0.0188671 0.0579174
0.805369 0.848485 1.13746 0.0165897 0.0540849
0.825503 0.848485 1.13831 0.0142986 0.0498477
0.845638 0.848485 1.13932 0.0120156 0.0451775
0.865772 0.848485 1.14048 0.00977106 0.0400479
0.885906 0.848485 1.14182 0.00760578 0.0344426
0.90604 0.848485 1.14334 0.00557328 0.0283535
0.926174 0.848485 1.14504 0.00373442 0.0218053
0.946309 0.848485 1.14691 0.00215854 0.0148316
0.966443 0.848485 1.14885 0.000906118 0.00753372
0.986577 0.848485 1.1506 0 0
1.00671 0.848485 0 0 0
1.02685 0.848485 0 0 0
1.04698 0.848485 0 0 0
1.06711 0.848485 0 0 0
1.08725 0.848485 0 0 0
1.10738 0.848485 0 0 0
1.12752 0.848485 0 0 0
1.14765 0.848485 0 0 0
1.16779 0.848485 0 0 0
1.18792 0.848485 0 0 0
1.20805 0.848485 0 0 0
1.22819 0.848485 0 0 0
1.24832 0.848485 0 0 0
1.26846 0.848485 0 0 0
1.28859 0.848485 0 0 0
1.30872 0.848485 0 0 0
1.32886 0.848485 0 0 0
1.34899 0.848485 0 0 0
1.36913 0.848485 0 0 0
1.38926 0.848485 0 0 0
1.4094 0.848485 0 0 0
1.42953 0.848485 0 0 0
1.44966 0.848485 0 0 0
1.4698 0.848485 0 0 0
1.48993 0.848485 0 0 0
1.51007 0.848485 0 0 0
1.5302 0.848485 0 0 0
1.55034 0.848485 0 0 0
1.57047 0.848485 0 0 0
1.5906 0.848485 0 0 0
1.61074 0.848485 0 0 0
1.63087 0.848485 0 0 0
1.65101 0.848485 0 0 0
1.67114 0.848485 0 0 0
1.69128 0.848485 0 0 0
1.71141 0.848485 0 0 0
1.73154 0.848485 0 0 0
1.75168 0.848485 0 0 0
1.77181 0.848485 0 0 0
1.79195 0.848485 0 0 0
1.81208 0.848485 0 0 0
1.83221 0.848485 0 0 0
1.85235 0.848485 0 0 0
1.87248 0.848485 0 0 0
1.89262 0.848485 0 0 0
1.91275 0.848485 0 0 0
1.93289 0.848485 0 0 0
1.95302 0.848485 0 0 0
1.97315 0.848485 0 0 0
1.99329 0.848485 0 0 0
2.01342 0.848485 1.00115 0 0
2.03356 0.848485 1.00137 -3.06795e-05 -0.00056059
2.05369 0.848485 1.0017 -9.38475e-06 -0.00113852
2.07383 0.848485 1.00202 6.53642e-05 -0.00170839
2.09396 0.848485 1.00235 0.000184425 -0.00224877
2.11409 0.848485 1.00266 0.000336845 -0.00274528
2.13423 0.848485 1.00294 0.000511042 -0.0031893
2.15436 0.848485 1.00319 0.000696704 -0.00357741
2.1745 0.848485 1.00341 0.00088541 -0.00390967
2.19463 0.848485 1.0036 0.00107069 -0.00418845
2.21477 0.848485 1.00377 0.00124786 -0.0044174
2.2349 0.848485 1.0039 0.00141364 -0.00460083
2.25503 0.848485 1.00402 0.00156594 -0.00474323
2.27517 0.848485 1.00411 0.0017035 -0.00484903
2.2953 0.848485 1.00419 0.0018257 -0.00492239
2.31544 0.848485 1.00425 0.00193238 -0.00496719
2.33557 0.848485 1.00429 0.0020237 -0.00498695
2.3557 0.848485 1.00433 0.00210004 -0.00498484
2.37584 0.848485 1.00435 0.0021619 -0.0049637
2.39597 0.848485 1.00436 0.00220991 -0.00492605
2.41611 0.848485 1.00437 0.00224474 -0.00487411
2.43624 0.848485 1.00437 0.00226708 -0.00480982
2.45638 0.848485 1.00436 0.00227763 -0.00473489
2.47651 0.848485 1.00435 0.00227709 -0.00465078
2.49664 0.848485 1.00433 0.00226613 -0.00455874
2.51678 0.848485 1.00432 0.00224542 -0.00445984
2.53691 0.848485 1.00429 0.00221559 -0.00435494
2.55705 0.848485 1.00427 0.00217724 -0.00424476
2.57718 0.848485 1.00424 0.00213096 -0.00412983
2.59732 0.848485 1.00421 0.00207728 -0.00401054
2.61745 0.848485 1.00419 0.00201673 -0.00388714
2.63758 0.848485 1.00416 0.00194978 -0.00375971
2.65772 0.848485 1.00413 0.00187689 -0.00362822
2.67785 0.848485 1.00409 0.00179848 -0.00349249
2.69799 0.848485 1.00406 0.00171494 -0.00335218
2.71812 0.848485 1.00403 0.00162663 -0.00320684
2.73826 0.848485 1.004 0.00153387 -0.00305585
2.75839 0.848485 1.00397 0.00143697 -0.00289846
2.77852 0.848485 1.00395 0.00133616 -0.00273376
2.79866 0.848485 1.00392 0.00123168 -0.00256068
2.81879 0.848485 1.00389 0.00112371 -0.00237798
2.83893 0.848485 1.00386 0.00101237 -0.00218424
2.85906 0.848485 1.00384 0.000897777 -0.00197787
2.87919 0.848485 1.00381 0.000779959 -0.00175707
2.89933 0.848485 1.00379 0.000658908 -0.00151983
2.91946 0.848485 1.00376 0.00053455 -0.00126391
2.9396 0.848485 1.00374 0.000406744 -0.000986831
2.95973 0.848485 1.00371 0.000275268 -0.000685874
2.97987 0.848485 1.00369 0.000139832 -0.00035803
3 0.848485 1.00367 0 0

0 0.868687 1 0.1 0
0.0201342 0.868687 1.15904 0.0861087 0.00491519
0.0402685 0.868687 1.16953 0.0847607 0.0111435
0.0604027 0.868687 1.16848 0.0837328 0.0179927
0.0805369 0.868687 1.16958 0.0821571 0.0249721
0.100671 0.868687 1.17319 0.0802192 0.0317197
0.120805 0.868687 1.17813 0.078127 0.038003
0.14094 0.868687 1.18214 0.0760289 0.0437041
0.161074 0.868687 1.18318 0.0739863 0.0488025
0.181208 0.868687 1.18049 0.0719975 0.0533432
0.201342 0.868687 1.1747 0.0700419 0.0573984
0.221477 0.868687 1.16723 0.0681102 0.0610374
0.241611 0.868687 1.15951 0.0662095 0.0643128
0.261745 0.868687 1.15257 0.0643555 0.0672603
0.281879 0.868687 1.1469 0.0625621 0.0699033
0.302013 0.868687 1.1426 0.0608356 0.0722584
0.322148 0.868687 1.13951 0.0591743 0.0743392
0.342282 0.868687 1.13736 0.0575701 0.0761583
0.362416 0.868687 1.1359 0.0560117 0.0777273
0.38255 0.868687 1.13492 0.0544869 0.0790568
0.402685 0.868687 1.13425 0.0529835 0.0801564
0.422819 0.868687 1.13378 0.0514909 0.0810343
0.442953 0.868687 1.13343 0.0499996 0.0816974
0.463087 0.868687 1.13317 0.0485016 0.082151
0.483221 0.868687 1.13297 0.0469898 0.0823992
0.503356 0.868687 1.13281 0.0454583 0.0824447
0.52349 0.868687 1.13268 0.0439017 0.0822888
0.543624 0.868687 1.13258 0.0423152 0.0819316
0.563758 0.868687 1.13251 0.0406947 0.0813715
0.583893 0.868687 1.13247 0.0390362 0.0806056
0.604027 0.868687 1.13246 0.037336 0.0796294
0.624161 0.868687 1.13248 0.0355906 0.0784366
0.644295 0.868687 1.13254 0.0337968 0.077019
0.66443 0.868687 1.13264 0.0319513 0.0753664
0.684564 0.868687 1.13279 0.0300514 0.0734662
0.704698 0.868687 1.133 0.0280943 0.0713032
0.724832 0.868687 1.13329 0.0260779 0.0688595
0.744966 0.868687 1.13365 0.0240008 0.0661139
0.765101 0.868687 1.13412 0.0218629 0.0630417
0.785235 0.868687 1.1347 0.0196664 0.0596146
0.805369 0.868687 1.13542 0.0174162 0.0558007
0.825503 0.868687 1.13632 0.0151229 0.0515649
0.845638 0.868687 1.13741 0.0128033 0.0468703
0.865772 0.868687 1.13876 0.0104867 0.04168
0.885906 0.868687 1.14029 0.00821224 0.0359647
0.90604 0.868687 1.14222 0.00604332 0.0297025
0.926174 0.868687 1.14414 0.00404968 0.0229104
0.946309 0.868687 1.14651 0.00232923 0.015612
0.966443 0.868687 1.14863 0.000966153 0.00794685
0.986577 0.868687 1.15061 0 0
1.00671 0.868687 0 0 0
1.02685 0.868687 0 0 0
1.04698 0.868687 0 0 0
1.06711 0.868687 0 0 0
1.08725 0.868687 0 0 0
1.10738 0.868687 0 0 0
1.12752 0.868687 0 0 0
1.14765 0.868687 0 0 0
1.16779 0.868687 0 0 0
1.18792 0.868687 0 0 0
1.20805 0.868687 0 0 0
1.22819 0.868687 0 0 0
1.24832 0.868687 0 0 0
1.26846 0.868687 0 0 0
1.28859 0.868687 0 0 0
1.30872 0.868687 0 0 0
1.32886 0.868687 0 0 0
1.34899 0.868687 0 0 0
1.36913 0.868687 0 0 0
1.38926 0.868687 0 0 0
1.4094 0.868687 0 0 0
1.42953 0.868687 0 0 0
1.44966 0.868687 0 0 0
1.4698 0.868687 0 0 0
1.48993 0.868687 0 0 0
1.51007 0.868687 0 0 0
1.5302 0.868687 0 0 0
1.55034 0.868687 0 0 0
1.57047 0.868687 0 0 0
1.5906 0.868687 0 0 0
1.61074 0.868687 0 0 0
1.63087 0.868687 0 0 0
1.65101 0.868687 0 0 0
1.67114 0.868687 0 0 0
1.69128 0.868687 0 0 0
1.71141 0.868687 0 0 0
1.73154 0.868687 0 0 0
1.75168 0.868687 0 0 0
1.77181 0.868687 0 0 0
1.79195 0.868687 0 0 0
1.81208 0.868687 0 0 0
1.83221 0.868687 0 0 0
1.85235 0.868687 0 0 0
1.87248 0.868687 0 0 0
1.89262 0.868687 0 0 0
1.91275 0.868687 0 0 0
1.93289 0.868687 0 0 0
1.95302 0.868687 0 0 0
1.97315 0.868687 0 0 0
1.99329 0.868687 0 0 0
2.01342 0.868687 1.00092 0 0
2.03356 0.868687 1.00121 -1.72462e-05 -0.000622839
2.05369 0.868687 1.00163 3.10706e-05 -0.00126602
2.07383 0.868687 1.00204 0.000143293 -0.00189568
2.09396 0.868687 1.00244 0.000304479 -0.00248347
2.11409 0.868687 1.0028 0.000498456 -0.00301391
2.13423 0.868687 1.00312 0.000710375 -0.00347906
2.15436 0.868687 1.00341 0.000928063 -0.00387766
2.1745 0.868687 1.00365 0.00114251 -0.00421209
2.19463 0.868687 1.00385 0.00134739 -0.00448694
2.21477 0.868687 1.00402 0.00153855 -0.00470768
2.2349 0.868687 1.00417 0.00171345 -0.00488004
2.25503 0.868687 1.00428 0.00187073 -0.00500961
2.27517 0.868687 1.00437 0.00200984 -0.00510158
2.2953 0.868687 1.00444 0.00213081 -0.00516069
2.31544 0.868687 1.0045 0.00223399 -0.0051912
2.33557 0.868687 1.00454 0.00232002 -0.00519691
2.3557 0.868687 1.00457 0.00238964 -0.00518117
2.37584 0.868687 1.00458 0.00244368 -0.00514694
2.39597 0.868687 1.00459 0.00248301 -0.0050968
2.41611 0.868687 1.00459 0.0025085 -0.00503302
2.43624 0.868687 1.00458 0.00252101 -0.00495755
2.45638 0.868687 1.00457 0.00252139 -0.00487209
2.47651 0.868687 1.00455 0.00251042 -0.0047781
2.49664 0.868687 1.00453 0.00248889 -0.00467682
2.51678 0.868687 1.00451 0.00245752 -0.00456927
2.53691 0.868687 1.00448 0.00241699 -0.00445631
2.55705 0.868687 1.00445 0.00236796 -0.00433862
2.57718 0.868687 1.00442 0.00231105 -0.0042167
2.59732 0.868687 1.00439 0.00224682 -0.00409092
2.61745 0.868687 1.00436 0.00217582 -0.00396148
2.63758 0.868687 1.00432 0.00209854 -0.00382845
2.65772 0.868687 1.00429 0.00201546 -0.00369176
2.67785 0.868687 1.00426 0.00192701 -0.00355119
2.69799 0.868687 1.00422 0.0018336 -0.00340639
2.71812 0.868687 1.00419 0.00173559 -0.00325685
2.73826 0.868687 1.00416 0.00163332 -0.00310195
2.75839 0.868687 1.00413 0.0015271 -0.00294088
2.77852 0.868687 1.0041 0.00141719 -0.0027727
2.79866 0.868687 1.00407 0.00130383 -0.0025963
2.81879 0.868687 1.00404 0.0011872 -0.0024104
2.83893 0.868687 1.00401 0.00106748 -0.00221355
2.85906 0.868687 1.00399 0.000944762 -0.00200409
2.87919 0.868687 1.00396 0.000819117 -0.00178017
2.89933 0.868687 1.00394 0.000690557 -0.00153972
2.91946 0.868687 1.00392 0.000559036 -0.00128045
2.9396 0.868687 1.00389 0.000424445 -0.000999795
2.95973 0.868687 1.00387 0.000286599 -0.000694953
2.97987 0.868687 1.00385 0.000145246 -0.000362822
3 0.868687 1.00383 0 0

0 0.888889 1 0.1 0
0.0201342 0.888889 1.16284 0.0858571 0.00483557
0.0402685 0.888889 1.16528 0.084618 0.0115347
0.0604027 0.888889 1.15202 0.0834695 0.0187552
0.0805369 0.888889 1.13568 0.0816546 0.0258751
0.100671 0.888889 1.11837 0.0793593 0.0326027
0.120805 0.888889 1.10339 0.0767667 0.0388599
0.14094 0.888889 1.09377 0.0740584 0.0446268
0.161074 0.888889 1.09069 0.0714031 0.0498835
0.181208 0.888889 1.09329 0.068924 0.0546152
0.201342 0.888889 1.0995 0.066679 0.0588301
0.221477 0.888889 1.10707 0.0646677 0.0625622
0.241611 0.888889 1.11431 0.0628541 0.0658603
0.261745 0.888889 1.1203 0.0611913 0.0687762
0.281879 0.888889 1.12475 0.0596363 0.0713554
0.302013 0.888889 1.12778 0.0581568 0.0736344
0.322148 0.888889 1.12967 0.0567301 0.0756406
0.342282 0.888889 1.13074 0.055341 0.077394
0.362416 0.888889 1.13129 0.0539787 0.0789094
0.38255 0.888889 1.1315 0.0526346 0.080198
0.402685 0.888889 1.13152 0.0513013 0.0812683
0.422819 0.888889 1.13145 0.0499718 0.0821272
0.442953 0.888889 1.13133 0.0486396 0.0827803
0.463087 0.888889 1.1312 0.0472984 0.0832316
0.483221 0.888889 1.13107 0.0459425 0.0834843
0.503356 0.888889 1.13094 0.0445662 0.0835402
0.52349 0.888889 1.13083 0.0431646 0.0834
0.543624 0.888889 1.13074 0.0417329 0.0830632
0.563758 0.888889 1.13067 0.0402665 0.082528
0.583893 0.888889 1.13062 0.0387613 0.0817912
0.604027 0.888889 1.13059 0.0372131 0.0808481
0.624161 0.888889 1.13059 0.0356177 0.0796921
0.644295 0.888889 1.13062 0.0339711 0.0783151
0.66443 0.888889 1.13069 0.032269 0.0767067
0.684564 0.888889 1.13081 0.0305072 0.0748541
0.704698 0.888889 1.13098 0.0286813 0.072742
0.724832 0.888889 1.13121 0.026787 0.0703517
0.744966 0.888889 1.13152 0.02482 0.0676611
0.765101 0.888889 1.13192 0.0227769 0.0646441
0.785235 0.888889 1.13243 0.0206553 0.0612695
0.805369 0.888889 1.13307 0.0184551 0.0575014
0.825503 0.888889 1.13386 0.0161802 0.0532977
0.845638 0.888889 1.13483 0.013841 0.0486129
0.865772 0.888889 1.13599 0.0114589 0.0433935
0.885906 0.888889 1.13739 0.00906798 0.0375987
0.90604 0.888889 1.13911 0.00673322 0.0311726
0.926174 0.888889 1.14102 0.00452784 0.0241383
0.946309 0.888889 1.14378 0.00259561 0.0164718
0.966443 0.888889 1.14619 0.00104423 0.00839721
0.986577 0.888889 1.14964 0 0
1.00671 0.888889 0 0 0
1.02685 0.888889 0 0 0
1.04698 0.888889 0 0 0
1.06711 0.888889 0 0 0
1.08725 0.888889 0 0 0
1.10738 0.888889 0 0 0
1.12752 0.888889 0 0 0
1.14765 0.888889 0 0 0
1.16779 0.888889 0 0 0
1.18792 0.888889 0 0 0
1.20805 0.888889 0 0 0
1.22819 0.888889 0 0 0
1.24832 0.888889 0 0 0
1.26846 0.888889 0 0 0
1.28859 0.888889 0 0 0
1.30872 0.888889 0 0 0
1.32886 0.888889 0 0 0
1.34899 0.888889 0 0 0
1.36913 0.888889 0 0 0
1.38926 0.888889 0 0 0
1.4094 0.888889 0 0 0
1.42953 0.888889 0 0 0
1.44966 0.888889 0 0 0
1.4698 0.888889 0 0 0
1.48993 0.888889 0 0 0
1.51007 0.888889 0 0 0
1.5302 0.888889 0 0 0
1.55034 0.888889 0 0 0
1.57047 0.888889 0 0 0
1.5906 0.888889 0 0 0
1.61074 0.888889 0 0 0
1.63087 0.888889 0 0 0
1.65101 0.888889 0 0 0
1.67114 0.888889 0 0 0
1.69128 0.888889 0 0 0
1.71141 0.888889 0 0 0
1.73154 0.888889 0 0 0
1.75168 0.888889 0 0 0
1.77181 0.888889 0 0 0
1.79195 0.888889 0 0 0
1.81208 0.888889 0 0 0
1.83221 0.888889 0 0 0
1.85235 0.888889 0 0 0
1.87248 0.888889 0 0 0
1.89262 0.888889 0 0 0
1.91275 0.888889 0 0 0
1.93289 0.888889 0 0 0
1.95302 0.888889 0 0 0
1.97315 0.888889 0 0 0
1.99329 0.888889 0 0 0
2.01342 0.888889 1.0006 0 0
2.03356 0.888889 1.00101 3.61976e-06 -0.000705113
2.05369 0.888889 1.00155 9.22299e-05 -0.00142901
2.07383 0.888889 1.00208 0.000255985 -0.00212837
2.09396 0.888889 1.00256 0.000471491 -0.0027661
2.11409 0.888889 1.00299 0.000715274 -0.00332808
2.13423 0.888889 1.00335 0.000969392 -0.00380896
2.15436 0.888889 1.00367 0.00122038 -0.00421139
2.1745 0.888889 1.00393 0.00145954 -0.00454125
2.19463 0.888889 1.00414 0.00168146 -0.0048059
2.21477 0.888889 1.00432 0.00188318 -0.00501294
2.2349 0.888889 1.00446 0.00206333 -0.0051696
2.25503 0.888889 1.00457 0.00222159 -0.00528249
2.27517 0.888889 1.00465 0.00235834 -0.00535751
2.2953 0.888889 1.00472 0.00247432 -0.00539987
2.31544 0.888889 1.00477 0.00257051 -0.00541411
2.33557 0.888889 1.0048 0.002648 -0.00540422
2.3557 0.888889 1.00482 0.00270794 -0.00537364
2.37584 0.888889 1.00483 0.00275145 -0.00532539
2.39597 0.888889 1.00483 0.00277963 -0.00526205
2.41611 0.888889 1.00482 0.00279356 -0.0051859
2.43624 0.888889 1.00481 0.00279423 -0.00509887
2.45638 0.888889 1.00479 0.0027826 -0.00500263
2.47651 0.888889 1.00476 0.00275956 -0.0048986
2.49664 0.888889 1.00474 0.00272595 -0.00478798
2.51678 0.888889 1.00471 0.00268255 -0.00467176
2.53691 0.888889 1.00467 0.00263008 -0.00455077
2.55705 0.888889 1.00464 0.00256924 -0.00442562
2.57718 0.888889 1.0046 0.00250067 -0.00429681
2.59732 0.888889 1.00457 0.00242494 -0.00416465
2.61745 0.888889 1.00453 0.00234262 -0.00402932
2.63758 0.888889 1.00449 0.00225422 -0.00389085
2.65772 0.888889 1.00446 0.00216022 -0.00374914
2.67785 0.888889 1.00442 0.00206106 -0.00360393
2.69799 0.888889 1.00439 0.00195715 -0.00345484
2.71812 0.888889 1.00435 0.00184887 -0.00330134
2.73826 0.888889 1.00432 0.00173656 -0.00314275
2.75839 0.888889 1.00428 0.00162053 -0.00297825
2.77852 0.888889 1.00425 0.00150106 -0.00280686
2.79866 0.888889 1.00422 0.00137839 -0.00262743
2.81879 0.888889 1.00419 0.00125273 -0.00243864
2.83893 0.888889 1.00417 0.00112426 -0.002239
2.85906 0.888889 1.00414 0.000993095 -0.0020268
2.87919 0.888889 1.00412 0.000859327 -0.00180014
2.89933 0.888889 1.00409 0.000722994 -0.00155691
2.91946 0.888889 1.00407 0.000584078 -0.00129473
2.9396 0.888889 1.00405 0.000442505 -0.00101099
2.95973 0.888889 1.00403 0.000298127 -0.000702797
2.97987 0.888889 1.00401 0.000150737 -0.000366968
3 0.888889 1.00399 0 0

0 0.909091 1 0.1 0
0.0201342 0.909091 1.18246 0.0846853 0.00532498
0.0402685 0.909091 1.19232 0.0829203 0.0134563
0.0604027 0.909091 1.19735 0.0808237 0.0220218
0.0805369 0.909091 1.20661 0.0782054 0.0300967
0.100671 0.909091 1.21558 0.0755393 0.0372227
0.120805 0.909091 1.21934 0.0730454 0.0433396
0.14094 0.909091 1.21576 0.0707328 0.0485874
0.161074 0.909091 1.20579 0.0685393 0.053165
0.181208 0.909091 1.19217 0.0664216 0.0572407
0.201342 0.909091 1.17779 0.0643779 0.0609238
0.221477 0.909091 1.16474 0.0624298 0.064273
0.241611 0.909091 1.15409 0.0605999 0.0673163
0.261745 0.909091 1.14604 0.058899 0.0700686
0.281879 0.909091 1.14033 0.0573239 0.0725418
0.302013 0.909091 1.13645 0.0558612 0.0747481
0.322148 0.909091 1.13391 0.0544919 0.0767004
0.342282 0.909091 1.13227 0.0531954 0.0784114
0.362416 0.909091 1.13123 0.0519528 0.0798927
0.38255 0.909091 1.13055 0.0507472 0.0811545
0.402685 0.909091 1.1301 0.0495646 0.0822049
0.422819 0.909091 1.12979 0.0483931 0.0830509
0.442953 0.909091 1.12955 0.0472231 0.0836975
0.463087 0.909091 1.12937 0.0460464 0.0841488
0.483221 0.909091 1.12922 0.044856 0.0844072
0.503356 0.909091 1.12909 0.0436459 0.0844745
0.52349 0.909091 1.12898 0.0424105 0.0843508
0.543624 0.909091 1.12888 0.0411449 0.0840354
0.563758 0.909091 1.1288 0.0398444 0.0835263
0.583893 0.909091 1.12874 0.0385045 0.0828201
0.604027 0.909091 1.12869 0.0371207 0.081912
0.624161 0.909091 1.12866 0.0356886 0.0807955
0.644295 0.909091 1.12866 0.0342033 0.0794627
0.66443 0.909091 1.12869 0.0326601 0.0779031
0.684564 0.909091 1.12876 0.0310533 0.0761044
0.704698 0.909091 1.12888 0.0293774 0.0740511
0.724832 0.909091 1.12905 0.0276257 0.0717249
0.744966 0.909091 1.1293 0.0257917 0.0691035
0.765101 0.909091 1.12965 0.0238677 0.0661601
0.785235 0.909091 1.13013 0.0218469 0.0628623
0.805369 0.909091 1.13076 0.0197219 0.0591715
0.825503 0.909091 1.13164 0.0174894 0.0550413
0.845638 0.909091 1.13272 0.0151467 0.0504179
0.865772 0.909091 1.13439 0.0127098 0.045236
0.885906 0.909091 1.13612 0.0101916 0.0394327
0.90604 0.909091 1.13919 0.00767238 0.0329256
0.926174 0.909091 1.14146 0.00520681 0.0257
0.946309 0.909091 1.14627 0.0030064 0.0176787
0.966443 0.909091 1.14854 0.00120642 0.00912565
0.986577 0.909091 1.1528 0 0
1.00671 0.909091 0 0 0
1.02685 0.909091 0 0 0
1.04698 0.909091 0 0 0
1.06711 0.909091 0 0 0
1.08725 0.909091 0 0 0
1.10738 0.909091 0 0 0
1.12752 0.909091 0 0 0
1.14765 0.909091 0 0 0
1.16779 0.909091 0 0 0
1.18792 0.909091 0 0 0
1.20805 0.909091 0 0 0
1.22819 0.909091 0 0 0
1.24832 0.909091 0 0 0
1.26846 0.909091 0 0 0
1.28859 0.909091 0 0 0
1.30872 0.909091 0 0 0
1.32886 0.909091 0 0 0
1.34899 0.909091 0 0 0
1.36913 0.909091 0 0 0
1.38926 0.909091 0 0 0
1.4094 0.909091 0 0 0
1.42953 0.909091 0 0 0
1.44966 0.909091 0 0 0
1.4698 0.909091 0 0 0
1.48993 0.909091 0 0 0
1.51007 0.909091 0 0 0
1.5302 0.909091 0 0 0
1.55034 0.909091 0 0 0
1.57047 0.909091 0 0 0
1.5906 0.909091 0 0 0
1.61074 0.909091 0 0 0
1.63087 0.909091 0 0 0
1.65101 0.909091 0 0 0
1.67114 0.909091 0 0 0
1.69128 0.909091 0 0 0
1.71141 0.909091 0 0 0
1.73154 0.909091 0 0 0
1.75168 0.909091 0 0 0
1.77181 0.909091 0 0 0
1.79195 0.909091 0 0 0
1.81208 0.909091 0 0 0
1.83221 0.909091 0 0 0
1.85235 0.909091 0 0 0
1.87248 0.909091 0 0 0
1.89262 0.909091 0 0 0
1.91275 0.909091 0 0 0
1.93289 0.909091 0 0 0
1.95302 0.909091 0 0 0
1.97315 0.909091 0 0 0
1.99329 0.909091 0 0 0
2.01342 0.909091 1.00012 0 0
2.03356 0.909091 1.00074 3.7453e-05 -0.000820875
2.05369 0.909091 1.00143 0.000187496 -0.00164429
2.07383 0.909091 1.00214 0.000422046 -0.0024226
2.09396 0.909091 1.00271 0.000706308 -0.00310856
2.11409 0.909091 1.00322 0.00100738 -0.00369489
2.13423 0.909091 1.00364 0.00130585 -0.00418188
2.15436 0.909091 1.00398 0.00158843 -0.00457842
2.1745 0.909091 1.00425 0.0018483 -0.00489488
2.19463 0.909091 1.00447 0.00208207 -0.00514187
2.21477 0.909091 1.00464 0.0022887 -0.00532912
2.2349 0.909091 1.00478 0.00246844 -0.00546523
2.25503 0.909091 1.00488 0.00262231 -0.00555767
2.27517 0.909091 1.00496 0.00275169 -0.00561283
2.2953 0.909091 1.00501 0.00285811 -0.0056362
2.31544 0.909091 1.00505 0.00294318 -0.00563249
2.33557 0.909091 1.00507 0.00300843 -0.00560574
2.3557 0.909091 1.00508 0.00305537 -0.0055594
2.37584 0.909091 1.00508 0.00308539 -0.00549646
2.39597 0.909091 1.00507 0.00309979 -0.00541948
2.41611 0.909091 1.00506 0.00309979 -0.00533066
2.43624 0.909091 1.00504 0.00308651 -0.0052319
2.45638 0.909091 1.00501 0.00306098 -0.0051248
2.47651 0.909091 1.00498 0.00302417 -0.00501072
2.49664 0.909091 1.00494 0.00297694 -0.00489082
2.51678 0.909091 1.00491 0.00292013 -0.00476604
2.53691 0.909091 1.00487 0.00285449 -0.00463714
2.55705 0.909091 1.00483 0.00278071 -0.00450471
2.57718 0.909091 1.00479 0.00269944 -0.00436919
2.59732 0.909091 1.00475 0.00261128 -0.00423086
2.61745 0.909091 1.00471 0.0025168 -0.00408986
2.63758 0.909091 1.00467 0.0024165 -0.00394618
2.65772 0.909091 1.00463 0.00231087 -0.00379968
2.67785 0.909091 1.00459 0.00220035 -0.00365008
2.69799 0.909091 1.00455 0.00208534 -0.00349696
2.71812 0.909091 1.00451 0.00196623 -0.00333975
2.73826 0.909091 1.00448 0.00184337 -0.00317776
2.75839 0.909091 1.00444 0.00171706 -0.00301012
2.77852 0.909091 1.00441 0.0015876 -0.00283582
2.79866 0.909091 1.00438 0.00145522 -0.00265368
2.81879 0.909091 1.00435 0.00132016 -0.00246234
2.83893 0.909091 1.00432 0.0011826 -0.00226026
2.85906 0.909091 1.0043 0.00104268 -0.00204571
2.87919 0.909091 1.00427 0.00090051 -0.00181674
2.89933 0.909091 1.00425 0.000756155 -0.00157116
2.91946 0.909091 1.00423 0.000609627 -0.00130656
2.9396 0.909091 1.00421 0.000460887 -0.00102027
2.95973 0.909091 1.00419 0.000309829 -0.000709306
2.97987 0.909091 1.00418 0.000156292 -0.000370415
3 0.909091 1.00416 0 0

0 0.929293 1 0.1 0
0.0201342 0.929293 1.17639 0.0844496 0.00493618
0.0402685 0.929293 1.14609 0.0828129 0.0138489
0.0604027 0.929293 1.10741 0.0800451 0.0226197
0.0805369 0.929293 1.07554 0.0764477 0.0308045
0.100671 0.929293 1.05644 0.0726182 0.0381793
0.120805 0.929293 1.05101 0.0689982 0.0446935
0.14094 0.929293 1.05648 0.0658252 0.0503398
0.161074 0.929293 1.06836 0.0631699 0.0551875
0.181208 0.929293 1.08241 0.0609866 0.0593554
0.201342 0.929293 1.09561 0.0591757 0.0629739
0.221477 0.929293 1.10643 0.0576314 0.0661571
0.241611 0.929293 1.11446 0.0562673 0.0689905
0.261745 0.929293 1.11996 0.055023 0.071532
0.281879 0.929293 1.12349 0.0538602 0.073818
0.302013 0.929293 1.1256 0.0527553 0.0758706
0.322148 0.929293 1.12677 0.0516937 0.0777032
0.342282 0.929293 1.12737 0.0506648 0.0793245
0.362416 0.929293 1.12763 0.04966 0.0807407
0.38255 0.929293 1.1277 0.0486715 0.0819568
0.402685 0.929293 1.12767 0.0476918 0.0829768
0.422819 0.929293 1.1276 0.046714 0.0838042
0.442953 0.929293 1.1275 0.0457316 0.0844421
0.463087 0.929293 1.1274 0.0447386 0.0848924
0.483221 0.929293 1.12729 0.0437292 0.0851568
0.503356 0.929293 1.12719 0.0426982 0.0852359
0.52349 0.929293 1.12709 0.0416409 0.0851295
0.543624 0.929293 1.12699 0.0405527 0.0848364
0.563758 0.929293 1.12691 0.0394291 0.0843543
0.583893 0.929293 1.12683 0.0382658 0.0836797
0.604027 0.929293 1.12676 0.0370583 0.082808
0.624161 0.929293 1.1267 0.035802 0.0817329
0.644295 0.929293 1.12666 0.0344919 0.0804466
0.66443 0.929293 1.12664 0.0331228 0.0789391
0.684564 0.929293 1.12665 0.0316885 0.0771985
0.704698 0.929293 1.1267 0.0301823 0.07521
0.724832 0.929293 1.1268 0.0285964 0.072956
0.744966 0.929293 1.12695 0.0269221 0.0704147
0.765101 0.929293 1.12719 0.0251493 0.0675597
0.785235 0.929293 1.12752 0.0232668 0.0643586
0.805369 0.929293 1.12797 0.0212623 0.0607719
0.825503 0.929293 1.12854 0.0191238 0.0567487
0.845638 0.929293 1.1293 0.016839 0.0522307
0.865772 0.929293 1.13021 0.0144046 0.0471308
0.885906 0.929293 1.13134 0.0118153 0.0413785
0.90604 0.929293 1.13286 0.00912235 0.0348091
0.926174 0.929293 1.13429 0.00634304 0.0274315
0.946309 0.929293 1.13822 0.00374687 0.0189549
0.966443 0.929293 1.13992 0.00143906 0.00988311
0.986577 0.929293 1.14921 0 0
1.00671 0.929293 0 0 0
1.02685 0.929293 0 0 0
1.04698 0.929293 0 0 0
1.06711 0.929293 0 0 0
1.08725 0.929293 0 0 0
1.10738 0.929293 0 0 0
1.12752 0.929293 0 0 0
1.14765 0.929293 0 0 0
1.16779 0.929293 0 0 0
1.18792 0.929293 0 0 0
1.20805 0.929293 0 0 0
1.22819 0.929293 0 0 0
1.24832 0.929293 0 0 0
1.26846 0.929293 0 0 0
1.28859 0.929293 0 0 0
1.30872 0.929293 0 0 0
1.32886 0.929293 0 0 0
1.34899 0.929293 0 0 0
1.36913 0.929293 0 0 0
1.38926 0.929293 0 0 0
1.4094 0.929293 0 0 0
1.42953 0.929293 0 0 0
1.44966 0.929293 0 0 0
1.4698 0.929293 0 0 0
1.48993 0.929293 0 0 0
1.51007 0.929293 0 0 0
1.5302 0.929293 0 0 0
1.55034 0.929293 0 0 0
1.57047 0.929293 0 0 0
1.5906 0.929293 0 0 0
1.61074 0.929293 0 0 0
1.63087 0.929293 0 0 0
1.65101 0.929293 0 0 0
1.67114 0.929293 0 0 0
1.69128 0.929293 0 0 0
1.71141 0.929293 0 0 0
1.73154 0.929293 0 0 0
1.75168 0.929293 0 0 0
1.77181 0.929293 0 0 0
1.79195 0.929293 0 0 0
1.81208 0.929293 0 0 0
1.83221 0.929293 0 0 0
1.85235 0.929293 0 0 0
1.87248 0.929293 0 0 0
1.89262 0.929293 0 0 0
1.91275 0.929293 0 0 0
1.93289 0.929293 0 0 0
1.95302 0.929293 0 0 0
1.97315 0.929293 0 0 0
1.99329 0.929293 0 0 0
2.01342 0.929293 0.999459 0 0
2.03356 0.929293 1.00057 9.42203e-05 -0.000986477
2.05369 0.929293 1.00138 0.00034296 -0.00193203
2.07383 0.929293 1.00232 0.000673143 -0.00279571
2.09396 0.929293 1.00298 0.00104055 -0.00352122
2.11409 0.929293 1.00356 0.00140206 -0.00411814
2.13423 0.929293 1.004 0.0017416 -0.00459677
2.15436 0.929293 1.00436 0.00204882 -0.00497468
2.1745 0.929293 1.00463 0.00232098 -0.00526738
2.19463 0.929293 1.00485 0.00255792 -0.00548865
2.21477 0.929293 1.00501 0.00276117 -0.00565002
2.2349 0.929293 1.00513 0.00293291 -0.00576105
2.25503 0.929293 1.00522 0.00307557 -0.0058297
2.27517 0.929293 1.00529 0.00319154 -0.00586258
2.2953 0.929293 1.00533 0.00328312 -0.00586525
2.31544 0.929293 1.00535 0.00335242 -0.00584239
2.33557 0.929293 1.00536 0.00340137 -0.00579795
2.3557 0.929293 1.00536 0.00343175 -0.00573533
2.37584 0.929293 1.00535 0.00344514 -0.00565739
2.39597 0.929293 1.00533 0.003443 -0.00556662
2.41611 0.929293 1.0053 0.00342664 -0.00546511
2.43624 0.929293 1.00527 0.00339725 -0.00535467
2.45638 0.929293 1.00524 0.00335592 -0.00523684
2.47651 0.929293 1.0052 0.00330362 -0.0051129
2.49664 0.929293 1.00516 0.00324127 -0.00498393
2.51678 0.929293 1.00511 0.00316969 -0.00485082
2.53691 0.929293 1.00507 0.00308964 -0.00471428
2.55705 0.929293 1.00502 0.00300182 -0.00457484
2.57718 0.929293 1.00498 0.00290687 -0.00443289
2.59732 0.929293 1.00493 0.00280538 -0.00428868
2.61745 0.929293 1.00489 0.00269792 -0.0041423
2.63758 0.929293 1.00484 0.00258497 -0.0039937
2.65772 0.929293 1.0048 0.00246703 -0.00384271
2.67785 0.929293 1.00476 0.00234452 -0.00368902
2.69799 0.929293 1.00472 0.00221785 -0.00353218
2.71812 0.929293 1.00468 0.00208739 -0.00337158
2.73826 0.929293 1.00464 0.00195349 -0.00320651
2.75839 0.929293 1.0046 0.00181646 -0.00303605
2.77852 0.929293 1.00457 0.00167659 -0.00285918
2.79866 0.929293 1.00454 0.00153414 -0.00267468
2.81879 0.929293 1.00451 0.00138933 -0.00248116
2.83893 0.929293 1.00448 0.00124236 -0.00227704
2.85906 0.929293 1.00445 0.0010934 -0.00206056
2.87919 0.929293 1.00443 0.000942574 -0.0018297
2.89933 0.929293 1.00441 0.000789967 -0.00158227
2.91946 0.929293 1.00439 0.000635628 -0.00131577
2.9396 0.929293 1.00437 0.000479553 -0.00102749
2.95973 0.929293 1.00436 0.000321681 -0.000714381
2.97987 0.929293 1.00434 0.000161902 -0.00037311
3 0.929293 1.00433 0 0

0 0.949495 1 0.1 0
0.0201342 0.949495 1.26909 0.0795373 0.00860085
0.0402685 0.949495 1.27598 0.0767162 0.0209851
0.0604027 0.949495 1.28735 0.073095 0.0307412
0.0805369 0.949495 1.28449 0.0698997 0.0381907
0.100671 0.949495 1.26924 0.0670481 0.0439714
0.120805 0.949495 1.24554 0.0644455 0.0487855
0.14094 0.949495 1.21933 0.062024 0.0530453
0.161074 0.949495 1.19481 0.0597974 0.0569462
0.181208 0.949495 1.17427 0.0577913 0.0605557
0.201342 0.949495 1.1584 0.0560166 0.063887
0.221477 0.949495 1.14693 0.0544635 0.0669409
0.241611 0.949495 1.13908 0.0531066 0.0697209
0.261745 0.949495 1.13393 0.051913 0.0722372
0.281879 0.949495 1.13068 0.0508488 0.0745033
0.302013 0.949495 1.12868 0.0498829 0.0765336
0.322148 0.949495 1.12748 0.0489889 0.0783412
0.342282 0.949495 1.12675 0.0481453 0.0799373
0.362416 0.949495 1.12631 0.047335 0.0813306
0.38255 0.949495 1.12603 0.0465444 0.082528
0.402685 0.949495 1.12584 0.0457629 0.0835347
0.422819 0.949495 1.1257 0.0449817 0.0843547
0.442953 0.949495 1.12558 0.0441937 0.0849908
0.463087 0.949495 1.12548 0.0433926 0.0854451
0.483221 0.949495 1.12538 0.0425732 0.0857187
0.503356 0.949495 1.12528 0.0417307 0.085812
0.52349 0.949495 1.12519 0.0408607 0.0857245
0.543624 0.949495 1.12509 0.0399591 0.0854548
0.563758 0.949495 1.12499 0.0390218 0.0850006
0.583893 0.949495 1.12489 0.0380448 0.0843586
0.604027 0.949495 1.1248 0.0370239 0.083524
0.624161 0.949495 1.12471 0.0359548 0.082491
0.644295 0.949495 1.12462 0.0348326 0.0812521
0.66443 0.949495 1.12455 0.0336518 0.0797981
0.684564 0.949495 1.1245 0.0324064 0.0781177
0.704698 0.949495 1.12447 0.0310891 0.0761972
0.724832 0.949495 1.12448 0.0296914 0.07402
0.744966 0.949495 1.12454 0.0282032 0.0715657
0.765101 0.949495 1.12468 0.0266121 0.0688098
0.785235 0.949495 1.12493 0.0249037 0.0657215
0.805369 0.949495 1.12531 0.0230586 0.0622633
0.825503 0.949495 1.12601 0.0210587 0.058385
0.845638 0.949495 1.12683 0.0188688 0.0540302
0.865772 0.949495 1.12879 0.0164832 0.0491053
0.885906 0.949495 1.13027 0.0138281 0.0435323
0.90604 0.949495 1.13578 0.0109933 0.0371116
0.926174 0.949495 1.13747 0.00784073 0.0297884
0.946309 0.949495 1.15044 0.00481383 0.0211181
0.966443 0.949495 1.15037 0.00190515 0.0115051
0.986577 0.949495 1.16413 0 0
1.00671 0.949495 0 0 0
1.02685 0.949495 0 0 0
1.04698 0.949495 0 0 0
1.06711 0.949495 0 0 0
1.08725 0.949495 0 0 0
1.10738 0.949495 0 0 0
1.12752 0.949495 0 0 0
1.14765 0.949495 0 0 0
1.16779 0.949495 0 0 0
1.18792 0.949495 0 0 0
1.20805 0.949495 0 0 0
1.22819 0.949495 0 0 0
1.24832 0.949495 0 0 0
1.26846 0.949495 0 0 0
1.28859 0.949495 0 0 0
1.30872 0.949495 0 0 0
1.32886 0.949495 0 0 0
1.34899 0.949495 0 0 0
1.36913 0.949495 0 0 0
1.38926 0.949495 0 0 0
1.4094 0.949495 0 0 0
1.42953 0.949495 0 0 0
1.44966 0.949495 0 0 0
1.4698 0.949495 0 0 0
1.48993 0.949495 0 0 0
1.51007 0.949495 0 0 0
1.5302 0.949495 0 0 0
1.55034 0.949495 0 0 0
1.57047 0.949495 0 0 0
1.5906 0.949495 0 0 0
1.61074 0.949495 0 0 0
1.63087 0.949495 0 0 0
1.65101 0.949495 0 0 0
1.67114 0.949495 0 0 0
1.69128 0.949495 0 0 0
1.71141 0.949495 0 0 0
1.73154 0.949495 0 0 0
1.75168 0.949495 0 0 0
1.77181 0.949495 0 0 0
1.79195 0.949495 0 0 0
1.81208 0.949495 0 0 0
1.83221 0.949495 0 0 0
1.85235 0.949495 0 0 0
1.87248 0.949495 0 0 0
1.89262 0.949495 0 0 0
1.91275 0.949495 0 0 0
1.93289 0.949495 0 0 0
1.95302 0.949495 0 0 0
1.97315 0.949495 0 0 0
1.99329 0.949495 0 0 0
2.01342 0.949495 0.998243 0 0
2.03356 0.949495 1.00013 0.000195754 -0.00125801
2.05369 0.949495 1.00112 0.00060195 -0.00234073
2.07383 0.949495 1.00251 0.00105558 -0.00327815
2.09396 0.949495 1.00329 0.00151511 -0.00401689
2.11409 0.949495 1.00398 0.00193093 -0.00459854
2.13423 0.949495 1.00445 0.00229951 -0.00504781
2.15436 0.949495 1.00482 0.0026173 -0.00539144
2.1745 0.949495 1.00508 0.00288802 -0.00564922
2.19463 0.949495 1.00528 0.00311564 -0.00583701
2.21477 0.949495 1.00542 0.0033046 -0.00596717
2.2349 0.949495 1.00553 0.00345895 -0.00604952
2.25503 0.949495 1.0056 0.00358238 -0.00609198
2.27517 0.949495 1.00564 0.00367813 -0.00610104
2.2953 0.949495 1.00567 0.00374904 -0.00608204
2.31544 0.949495 1.00567 0.0037976 -0.00603947
2.33557 0.949495 1.00567 0.00382598 -0.00597711
2.3557 0.949495 1.00565 0.00383612 -0.00589814
2.37584 0.949495 1.00563 0.0038297 -0.00580531
2.39597 0.949495 1.0056 0.00380825 -0.00570094
2.41611 0.949495 1.00556 0.00377311 -0.00558701
2.43624 0.949495 1.00552 0.00372549 -0.00546522
2.45638 0.949495 1.00547 0.00366647 -0.005337
2.47651 0.949495 1.00542 0.00359704 -0.00520356
2.49664 0.949495 1.00538 0.00351809 -0.00506591
2.51678 0.949495 1.00532 0.00343043 -0.00492486
2.53691 0.949495 1.00527 0.00333481 -0.00478106
2.55705 0.949495 1.00522 0.00323189 -0.00463499
2.57718 0.949495 1.00517 0.00312231 -0.00448699
2.59732 0.949495 1.00512 0.00300665 -0.00433727
2.61745 0.949495 1.00507 0.00288542 -0.00418587
2.63758 0.949495 1.00502 0.00275914 -0.00403272
2.65772 0.949495 1.00497 0.00262824 -0.0038776
2.67785 0.949495 1.00493 0.00249317 -0.00372017
2.69799 0.949495 1.00488 0.0023543 -0.00355996
2.71812 0.949495 1.00484 0.002212 -0.00339633
2.73826 0.949495 1.0048 0.00206662 -0.00322852
2.75839 0.949495 1.00476 0.00191846 -0.00305562
2.77852 0.949495 1.00473 0.00176781 -0.00287656
2.79866 0.949495 1.00469 0.00161493 -0.00269008
2.81879 0.949495 1.00466 0.00146006 -0.00249478
2.83893 0.949495 1.00464 0.0013034 -0.00228904
2.85906 0.949495 1.00461 0.00114514 -0.00207106
2.87919 0.949495 1.00459 0.000985414 -0.00183881
2.89933 0.949495 1.00457 0.000824349 -0.00159003
2.91946 0.949495 1.00455 0.000662018 -0.0013222
2.9396 0.949495 1.00453 0.000498459 -0.00103253
2.95973 0.949495 1.00452 0.000333657 -0.000717931
2.97987 0.949495 1.00451 0.000167554 -0.000375006
3 0.949495 1.0045 0 0

0 0.969697 1 0.1 0
0.0201342 0.969697 1.12138 0.0780557 0.00603235
0.0402685 0.969697 1.02142 0.0727312 0.02131
0.0604027 0.969697 0.991439 0.0660978 0.0322999
0.0805369 0.969697 0.993932 0.0609746 0.0408594
0.100671 0.969697 1.01358 0.0572699 0.0472672
0.120805 0.969697 1.03843 0.0547206 0.0522677
0.14094 0.969697 1.06212 0.0529439 0.0563424
0.161074 0.969697 1.08173 0.0516509 0.0598337
0.181208 0.969697 1.0965 0.0506453 0.0629455
0.201342 0.969697 1.10687 0.0498061 0.0657902
0.221477 0.969697 1.11372 0.0490643 0.0684232
0.241611 0.969697 1.11801 0.0483827 0.0708676
0.261745 0.969697 1.12059 0.047742 0.0731309
0.281879 0.969697 1.12207 0.0471316 0.0752137
0.302013 0.969697 1.12289 0.0465444 0.0771148
0.322148 0.969697 1.12332 0.0459746 0.0788332
0.342282 0.969697 1.12353 0.0454165 0.0803687
0.362416 0.969697 1.12363 0.0448644 0.0817218
0.38255 0.969697 1.12365 0.044313 0.0828938
0.402685 0.969697 1.12365 0.0437569 0.0838862
0.422819 0.969697 1.12362 0.0431913 0.0847004
0.442953 0.969697 1.12357 0.0426117 0.0853375
0.463087 0.969697 1.12352 0.0420138 0.0857986
0.483221 0.969697 1.12345 0.0413937 0.0860839
0.503356 0.969697 1.12337 0.040748 0.0861935
0.52349 0.969697 1.12328 0.0400731 0.0861265
0.543624 0.969697 1.12318 0.0393656 0.0858815
0.563758 0.969697 1.12307 0.0386223 0.0854559
0.583893 0.969697 1.12295 0.0378397 0.0848465
0.604027 0.969697 1.12282 0.0370142 0.084049
0.624161 0.969697 1.12269 0.0361419 0.0830578
0.644295 0.969697 1.12256 0.0352184 0.0818659
0.66443 0.969697 1.12243 0.0342387 0.0804648
0.684564 0.969697 1.1223 0.033197 0.0788442
0.704698 0.969697 1.12219 0.0320865 0.0769915
0.724832 0.969697 1.12209 0.0308989 0.0748916
0.744966 0.969697 1.12202 0.0296245 0.0725262
0.765101 0.969697 1.12199 0.0282507 0.069873
0.785235 0.969697 1.12202 0.0267631 0.0669043
0.805369 0.969697 1.1221 0.0251415 0.0635868
0.825503 0.969697 1.12232 0.0233661 0.0598733
0.845638 0.969697 1.12247 0.0213986 0.0557135
0.865772 0.969697 1.12301 0.0192202 0.0510075
0.885906 0.969697 1.12286 0.0167406 0.0456882
0.90604 0.969697 1.12401 0.0139819 0.0394678
0.926174 0.969697 1.12212 0.0106875 0.0323371
0.946309 0.969697 1.12672 0.00716259 0.0233132
0.966443 0.969697 1.1197 0.00277515 0.0132392
0.986577 0.969697 1.14996 0 0
1.00671 0.969697 0 0 0
1.02685 0.969697 0 0 0
1.04698 0.969697 0 0 0
1.06711 0.969697 0 0 0
1.08725 0.969697 0 0 0
1.10738 0.969697 0 0 0
1.12752 0.969697 0 0 0
1.14765 0.969697 0 0 0
1.16779 0.969697 0 0 0
1.18792 0.969697 0 0 0
1.20805 0.969697 0 0 0
1.22819 0.969697 0 0 0
1.24832 0.969697 0 0 0
1.26846 0.969697 0 0 0
1.28859 0.969697 0 0 0
1.30872 0.969697 0 0 0
1.32886 0.969697 0 0 0
1.34899 0.969697 0 0 0
1.36913 0.969697 0 0 0
1.38926 0.969697 0 0 0
1.4094 0.969697 0 0 0
1.42953 0.969697 0 0 0
1.44966 0.969697 0 0 0
1.4698 0.969697 0 0 0
1.48993 0.969697 0 0 0
1.51007 0.969697 0 0 0
1.5302 0.969697 0 0 0
1.55034 0.969697 0 0 0
1.57047 0.969697 0 0 0
1.5906 0.969697 0 0 0
1.61074 0.969697 0 0 0
1.63087 0.969697 0 0 0
1.65101 0.969697 0 0 0
1.67114 0.969697 0 0 0
1.69128 0.969697 0 0 0
1.71141 0.969697 0 0 0
1.73154 0.969697 0 0 0
1.75168 0.969697 0 0 0
1.77181 0.969697 0 0 0
1.79195 0.969697 0 0 0
1.81208 0.969697 0 0 0
1.83221 0.969697 0 0 0
1.85235 0.969697 0 0 0
1.87248 0.969697 0 0 0
1.89262 0.969697 0 0 0
1.91275 0.969697 0 0 0
1.93289 0.969697 0 0 0
1.95302 0.969697 0 0 0
1.97315 0.969697 0 0 0
1.99329 0.969697 0 0 0
2.01342 0.969697 0.996269 0 0
2.03356 0.969697 1.00128 0.000385518 -0.00165721
2.05369 0.969697 1.0017 0.00107327 -0.00288542
2.07383 0.969697 1.00337 0.00166153 -0.00386759
2.09396 0.969697 1.00401 0.00219524 -0.00458052
2.11409 0.969697 1.00467 0.00263553 -0.00511637
2.13423 0.969697 1.00508 0.00300435 -0.00551523
2.15436 0.969697 1.00539 0.00330783 -0.00581086
2.1745 0.969697 1.00561 0.00355672 -0.00602508
2.19463 0.969697 1.00577 0.00375856 -0.00617407
2.21477 0.969697 1.00588 0.00391993 -0.00626982
2.2349 0.969697 1.00595 0.00404614 -0.00632168
2.25503 0.969697 1.006 0.00414157 -0.00633704
2.27517 0.969697 1.00602 0.00420987 -0.00632192
2.2953 0.969697 1.00602 0.00425411 -0.00628127
2.31544 0.969697 1.00601 0.00427689 -0.00621925
2.33557 0.969697 1.00599 0.00428046 -0.00613934
2.3557 0.969697 1.00595 0.00426673 -0.00604454
2.37584 0.969697 1.00591 0.00423741 -0.00593735
2.39597 0.969697 1.00587 0.00419397 -0.00581995
2.41611 0.969697 1.00582 0.00413773 -0.00569418
2.43624 0.969697 1.00577 0.00406985 -0.00556162
2.45638 0.969697 1.00571 0.00399137 -0.00542359
2.47651 0.969697 1.00565 0.00390325 -0.00528122
2.49664 0.969697 1.0056 0.00380632 -0.00513543
2.51678 0.969697 1.00554 0.00370136 -0.00498696
2.53691 0.969697 1.00548 0.00358906 -0.0048364
2.55705 0.969697 1.00542 0.00347008 -0.00468419
2.57718 0.969697 1.00536 0.003345 -0.00453062
2.59732 0.969697 1.00531 0.00321436 -0.00437584
2.61745 0.969697 1.00525 0.00307868 -0.00421986
2.63758 0.969697 1.0052 0.00293841 -0.00406258
2.65772 0.969697 1.00515 0.00279398 -0.00390375
2.67785 0.969697 1.0051 0.0026458 -0.00374299
2.69799 0.969697 1.00505 0.00249426 -0.0035798
2.71812 0.969697 1.005 0.00233968 -0.00341353
2.73826 0.969697 1.00496 0.00218241 -0.00324339
2.75839 0.969697 1.00492 0.00202275 -0.00306844
2.77852 0.969697 1.00489 0.00186099 -0.00288758
2.79866 0.969697 1.00485 0.00169737 -0.00269954
2.81879 0.969697 1.00482 0.00153215 -0.00250289
2.83893 0.969697 1.00479 0.00136554 -0.00229599
2.85906 0.969697 1.00477 0.00119774 -0.00207699
2.87919 0.969697 1.00475 0.00102891 -0.00184385
2.89933 0.969697 1.00473 0.000859208 -0.00159426
2.91946 0.969697 1.00471 0.00068873 -0.00132567
2.9396 0.969697 1.0047 0.000517558 -0.00103525
2.95973 0.969697 1.00469 0.000345727 -0.000719869
2.97987 0.969697 1.00468 0.000173234 -0.000376056
3 0.969697 1.00467 0 0

0 0.989899 1 0.1 0
0.0201342 0.989899 1.65021 0.0548347 0.0267047
0.0402685 0.989899 1.43183 0.0578494 0.0364626
0.0604027 0.989899 1.35375 0.0548806 0.0407472
0.0805369 0.989899 1.27842 0.0527091 0.0446734
0.100671 0.989899 1.22822 0.050571 0.0484802
0.120805 0.989899 1.19159 0.0488906 0.052285
0.14094 0.989899 1.16635 0.0475739 0.0559611
0.161074 0.989899 1.14926 0.0465642 0.0594385
0.181208 0.989899 1.1381 0.0457834 0.0626778
0.201342 0.989899 1.13106 0.0451697 0.0656695
0.221477 0.989899 1.12679 0.0446737 0.0684196
0.241611 0.989899 1.1243 0.0442587 0.0709404
0.261745 0.989899 1.12291 0.0438973 0.073245
0.281879 0.989899 1.12217 0.0435696 0.0753447
0.302013 0.989899 1.12181 0.0432612 0.0772482
0.322148 0.989899 1.12165 0.0429616 0.0789621
0.342282 0.989899 1.1216 0.0426628 0.0804914
0.362416 0.989899 1.12159 0.0423589 0.0818396
0.38255 0.989899 1.1216 0.0420449 0.0830096
0.402685 0.989899 1.12162 0.041717 0.0840034
0.422819 0.989899 1.12162 0.0413715 0.0848227
0.442953 0.989899 1.1216 0.0410055 0.0854688
0.463087 0.989899 1.12157 0.0406161 0.0859424
0.483221 0.989899 1.12152 0.0402008 0.0862438
0.503356 0.989899 1.12146 0.039757 0.0863727
0.52349 0.989899 1.12137 0.0392823 0.0863282
0.543624 0.989899 1.12127 0.0387743 0.0861088
0.563758 0.989899 1.12114 0.0382304 0.0857123
0.583893 0.989899 1.121 0.037648 0.0851354
0.604027 0.989899 1.12085 0.0370243 0.0843742
0.624161 0.989899 1.12068 0.036356 0.0834234
0.644295 0.989899 1.12049 0.0356395 0.0822766
0.66443 0.989899 1.12029 0.0348707 0.0809259
0.684564 0.989899 1.12009 0.0340446 0.0793621
0.704698 0.989899 1.11988 0.0331553 0.0775737
0.724832 0.989899 1.11967 0.0321955 0.0755471
0.744966 0.989899 1.11947 0.0311566 0.0732661
0.765101 0.989899 1.11928 0.030027 0.0707112
0.785235 0.989899 1.11916 0.0287937 0.0678577
0.805369 0.989899 1.11905 0.0274349 0.0646785
0.825503 0.989899 1.11926 0.0259339 0.0611303
0.845638 0.989899 1.11928 0.0242342 0.0571812
0.865772 0.989899 1.12093 0.0223358 0.0527298
0.885906 0.989899 1.12085 0.0200471 0.0477755
0.90604 0.989899 1.12896 0.0175071 0.0420035
0.926174 0.989899 1.12681 0.0140198 0.0355713
0.946309 0.989899 1.16138 0.0104189 0.0273691
0.966443 0.989899 1.14697 0.00435899 0.0174602
0.986577 0.989899 1.28146 0 0
1.00671 0.989899 0 0 0
1.02685 0.989899 0 0 0
1.04698 0.989899 0 0 0
1.06711 0.989899 0 0 0
1.08725 0.989899 0 0 0
1.10738 0.989899 0 0 0
1.12752 0.989899 0 0 0
1.14765 0.989899 0 0 0
1.16779 0.989899 0 0 0
1.18792 0.989899 0 0 0
1.20805 0.989899 0 0 0
1.22819 0.989899 0 0 0
1.24832 0.989899 0 0 0
1.26846 0.989899 0 0 0
1.28859 0.989899 0 0 0
1.30872 0.989899 0 0 0
1.32886 0.989899 0 0 0
1.34899 0.989899 0 0 0
1.36913 0.989899 0 0 0
1.38926 0.989899 0 0 0
1.4094 0.989899 0 0 0
1.42953 0.989899 0 0 0
1.44966 0.989899 0 0 0
1.4698 0.989899 0 0 0
1.48993 0.989899 0 0 0
1.51007 0.989899 0 0 0
1.5302 0.989899 0 0 0
1.55034 0.989899 0 0 0
1.57047 0.989899 0 0 0
1.5906 0.989899 0 0 0
1.61074 0.989899 0 0 0
1.63087 0.989899 0 0 0
1.65101 0.989899 0 0 0
1.67114 0.989899 0 0 0
1.69128 0.989899 0 0 0
1.71141 0.989899 0 0 0
1.73154 0.989899 0 0 0
1.75168 0.989899 0 0 0
1.77181 0.989899 0 0 0
1.79195 0.989899 0 0 0
1.81208 0.989899 0 0 0
1.83221 0.989899 0 0 0
1.85235 0.989899 0 0 0
1.87248 0.989899 0 0 0
1.89262 0.989899 0 0 0
1.91275 0.989899 0 0 0
1.93289 0.989899 0 0 0
1.95302 0.989899 0 0 0
1.97315 0.989899 0 0 0
1.99329 0.989899 0 0 0
2.01342 0.989899 0.980383 0 0
2.03356 0.989899 0.999861 0.000837279 -0.00248623
2.05369 0.989899 1.00012 0.00190151 -0.00375363
2.07383 0.989899 1.00362 0.00256213 -0.00460669
2.09396 0.989899 1.00448 0.00311602 -0.00520688
2.11409 0.989899 1.00533 0.00353057 -0.00564903
2.13423 0.989899 1.00574 0.00386088 -0.00597462
2.15436 0.989899 1.00603 0.00412019 -0.00621118
2.1745 0.989899 1.0062 0.00432443 -0.00637691
2.19463 0.989899 1.00631 0.00448293 -0.00648521
2.21477 0.989899 1.00638 0.00460307 -0.00654625
2.2349 0.989899 1.00641 0.00469036 -0.00656807
2.25503 0.989899 1.00642 0.00474918 -0.00655716
2.27517 0.989899 1.00642 0.00478306 -0.00651888
2.2953 0.989899 1.00639 0.00479491 -0.00645767
2.31544 0.989899 1.00636 0.00478718 -0.0063773
2.33557 0.989899 1.00632 0.00476195 -0.00628094
2.3557 0.989899 1.00627 0.004721 -0.00617133
2.37584 0.989899 1.00621 0.00466591 -0.00605078
2.39597 0.989899 1.00615 0.00459802 -0.0059213
2.41611 0.989899 1.00609 0.00451855 -0.00578458
2.43624 0.989899 1.00602 0.00442857 -0.00564208
2.45638 0.989899 1.00596 0.00432903 -0.00549504
2.47651 0.989899 1.00589 0.00422079 -0.00534447
2.49664 0.989899 1.00582 0.00410463 -0.00519124
2.51678 0.989899 1.00575 0.00398126 -0.00503601
2.53691 0.989899 1.00569 0.00385132 -0.00487933
2.55705 0.989899 1.00562 0.00371539 -0.00472156
2.57718 0.989899 1.00556 0.00357403 -0.00456297
2.59732 0.989899 1.0055 0.00342772 -0.00440366
2.61745 0.989899 1.00543 0.00327693 -0.00424361
2.63758 0.989899 1.00538 0.0031221 -0.00408268
2.65772 0.989899 1.00532 0.00296363 -0.0039206
2.67785 0.989899 1.00527 0.00280189 -0.00375696
2.69799 0.989899 1.00522 0.00263723 -0.00359124
2.71812 0.989899 1.00517 0.00246999 -0.00342277
2.73826 0.989899 1.00513 0.00230048 -0.00325072
2.75839 0.989899 1.00508 0.00212899 -0.00307415
2.77852 0.989899 1.00505 0.00195581 -0.00289192
2.79866 0.989899 1.00501 0.00178119 -0.00270277
2.81879 0.989899 1.00498 0.00160537 -0.00250522
2.83893 0.989899 1.00495 0.00142859 -0.00229762
2.85906 0.989899 1.00493 0.00125106 -0.00207811
2.87919 0.989899 1.00491 0.00107295 -0.00184461
2.89933 0.989899 1.00489 0.000894447 -0.00159478
2.91946 0.989899 1.00487 0.00071569 -0.00132605
2.9396 0.989899 1.00486 0.000536799 -0.00103556
2.95973 0.989899 1.00485 0.000357859 -0.000720114
2.97987 0.989899 1.00485 0.000178928 -0.000376217
3 0.989899 1.00485 0 0

0 1.0101 0.387976 0 0
0.0201342 1.0101 0.789959 0.00840127 0.0323002
0.0402685 1.0101 0.86325 0.021769 0.0419417
0.0604027 1.0101 0.965371 0.0278259 0.0461833
0.0805369 1.0101 1.01685 0.0322446 0.0493884
0.100671 1.0101 1.05382 0.0347901 0.0521357
0.120805 1.0101 1.0774 0.0364558 0.0549461
0.14094 1.0101 1.09284 0.0375452 0.0577789
0.161074 1.0101 1.10265 0.0382876 0.0606088
0.181208 1.0101 1.10884 0.0388018 0.0633794
0.201342 1.0101 1.11268 0.0391637 0.0660492
0.221477 1.0101 1.11506 0.03942 0.0685878
0.241611 1.0101 1.11655 0.039601 0.0709748
0.261745 1.0101 1.1175 0.0397263 0.073198
0.281879 1.0101 1.11813 0.0398083 0.0752502
0.302013 1.0101 1.11857 0.0398547 0.0771278
0.322148 1.0101 1.11888 0.0398702 0.0788295
0.342282 1.0101 1.11912 0.0398575 0.0803553
0.362416 1.0101 1.1193 0.0398177 0.0817061
0.38255 1.0101 1.11944 0.0397513 0.0828829
0.402685 1.0101 1.11954 0.0396581 0.0838869
0.422819 1.0101 1.1196 0.0395375 0.0847193
0.442953 1.0101 1.11963 0.0393889 0.0853808
0.463087 1.0101 1.11964 0.0392111 0.0858722
0.483221 1.0101 1.11961 0.0390033 0.0861935
0.503356 1.0101 1.11956 0.0387641 0.0863446
0.52349 1.0101 1.11948 0.0384922 0.0863245
0.543624 1.0101 1.11937 0.0381864 0.0861318
0.563758 1.0101 1.11923 0.0378449 0.0857644
0.583893 1.0101 1.11906 0.037466 0.0852194
0.604027 1.0101 1.11888 0.0370479 0.084493
0.624161 1.0101 1.11866 0.0365881 0.0835802
0.644295 1.0101 1.11842 0.036084 0.0824754
0.66443 1.0101 1.11815 0.0355326 0.0811712
0.684564 1.0101 1.11787 0.0349301 0.079659
0.704698 1.0101 1.11756 0.0342721 0.0779286
0.724832 1.0101 1.11722 0.0335531 0.0759678
0.744966 1.0101 1.11687 0.0327668 0.073762
0.765101 1.0101 1.11649 0.0319046 0.0712942
0.785235 1.0101 1.11613 0.0309589 0.0685429
0.805369 1.0101 1.11563 0.0299123 0.0654864
0.825503 1.0101 1.11539 0.0287643 0.062087
0.845638 1.0101 1.11436 0.0274656 0.0583265
0.865772 1.0101 1.11487 0.0260703 0.0541189
0.885906 1.0101 1.11124 0.0244045 0.0494843
0.90604 1.0101 1.1146 0.0227574 0.0441939
0.926174 1.0101 1.10054 0.0205422 0.0383397
0.946309 1.0101 1.11135 0.0187351 0.0313807
0.966443 1.0101 1.06237 0.0154599 0.0229848
0.986577 1.0101 1.0855 0.0125925 0.0127464
1.00671 1.0101 0.885504 0 0
1.02685 1.0101 1.01206 0 0
1.04698 1.0101 1.01513 0 0
1.06711 1.0101 1.02543 0 0
1.08725 1.0101 1.02928 0 0
1.10738 1.0101 1.03302 0 0
1.12752 1.0101 1.03526 0 0
1.14765 1.0101 1.03692 0 0
1.16779 1.0101 1.03803 0 0
1.18792 1.0101 1.03879 0 0
1.20805 1.0101 1.03927 0 0
1.22819 1.0101 1.03954 0 0
1.24832 1.0101 1.03964 0 0
1.26846 1.0101 1.03961 0 0
1.28859 1.0101 1.03948 0 0
1.30872 1.0101 1.03925 0 0
1.32886 1.0101 1.03894 0 0
1.34899 1.0101 1.03858 0 0
1.36913 1.0101 1.03816 0 0
1.38926 1.0101 1.0377 0 0
1.4094 1.0101 1.0372 0 0
1.42953 1.0101 1.03666 0 0
1.44966 1.0101 1.0361 0 0
1.4698 1.0101 1.03552 0 0
1.48993 1.0101 1.03492 0 0
1.51007 1.0101 1.0343 0 0
1.5302 1.0101 1.03368 0 0
1.55034 1.0101 1.03304 0 0
1.57047 1.0101 1.03239 0 0
1.5906 1.0101 1.03174 0 0
1.61074 1.0101 1.03108 0 0
1.63087 1.0101 1.03043 0 0
1.65101 1.0101 1.02977 0 0
1.67114 1.0101 1.02911 0 0
1.69128 1.0101 1.02846 0 0
1.71141 1.0101 1.02782 0 0
1.73154 1.0101 1.02718 0 0
1.75168 1.0101 1.02655 0 0
1.77181 1.0101 1.02594 0 0
1.79195 1.0101 1.02533 0 0
1.81208 1.0101 1.02475 0 0
1.83221 1.0101 1.0242 0 0
1.85235 1.0101 1.02367 0 0
1.87248 1.0101 1.02319 0 0
1.89262 1.0101 1.02277 0 0
1.91275 1.0101 1.02245 0 0
1.93289 1.0101 1.02222 0 0
1.95302 1.0101 1.02243 0 0
1.97315 1.0101 1.02307 0 0
1.99329 1.0101 1.03773 0 0
2.01342 1.0101 1.00255 0.00245021 -0.00224552
2.03356 1.0101 1.0098 0.00294349 -0.00360313
2.05369 1.0101 1.00598 0.00361323 -0.00460789
2.07383 1.0101 1.00679 0.00401118 -0.00526883
2.09396 1.0101 1.00652 0.00437316 -0.00575786
2.11409 1.0101 1.0067 0.00465077 -0.00611424
2.13423 1.0101 1.00677 0.00487548 -0.00637496
2.15436 1.0101 1.00685 0.00504996 -0.0065593
2.1745 1.0101 1.0069 0.00518298 -0.00668212
2.19463 1.0101 1.00692 0.00527992 -0.00675428
2.21477 1.0101 1.00692 0.00534567 -0.0067844
2.2349 1.0101 1.00691 0.00538415 -0.00677942
2.25503 1.0101 1.00687 0.00539867 -0.00674504
2.27517 1.0101 1.00683 0.005392 -0.00668604
2.2953 1.0101 1.00678 0.00536648 -0.00660643
2.31544 1.0101 1.00672 0.00532411 -0.00650962
2.33557 1.0101 1.00665 0.00526664 -0.00639853
2.3557 1.0101 1.00658 0.00519557 -0.00627565
2.37584 1.0101 1.00651 0.00511222 -0.00614315
2.39597 1.0101 1.00644 0.00501776 -0.00600286
2.41611 1.0101 1.00636 0.00491323 -0.00585636
2.43624 1.0101 1.00628 0.00479954 -0.005705
2.45638 1.0101 1.0062 0.00467754 -0.00554992
2.47651 1.0101 1.00612 0.00454797 -0.00539207
2.49664 1.0101 1.00605 0.0044115 -0.00523223
2.51678 1.0101 1.00597 0.00426877 -0.00507103
2.53691 1.0101 1.0059 0.00412033 -0.00490894
2.55705 1.0101 1.00582 0.0039667 -0.0047463
2.57718 1.0101 1.00575 0.00380837 -0.00458332
2.59732 1.0101 1.00569 0.00364579 -0.00442008
2.61745 1.0101 1.00562 0.00347937 -0.00425652
2.63758 1.0101 1.00556 0.00330949 -0.00409249
2.65772 1.0101 1.0055 0.00313652 -0.00392767
2.67785 1.0101 1.00544 0.00296081 -0.00376165
2.69799 1.0101 1.00539 0.00278268 -0.00359387
2.71812 1.0101 1.00534 0.00260244 -0.00342365
2.73826 1.0101 1.00529 0.00242039 -0.00325016
2.75839 1.0101 1.00524 0.00223681 -0.00307242
2.77852 1.0101 1.00521 0.00205196 -0.00288929
2.79866 1.0101 1.00517 0.0018661 -0.00269949
2.81879 1.0101 1.00514 0.00167949 -0.00250152
2.83893 1.0101 1.00511 0.00149235 -0.00229373
2.85906 1.0101 1.00508 0.00130491 -0.00207422
2.87919 1.0101 1.00506 0.00111738 -0.00184091
2.89933 1.0101 1.00505 0.000929958 -0.00159144
2.91946 1.0101 1.00503 0.000742818 -0.00132321
2.9396 1.0101 1.00503 0.000556127 -0.00103333
2.95973 1.0101 1.00502 0.000370021 -0.000718593
2.97987 1.0101 1.00502 0.000184621 -0.000375451
3 1.0101 1.00502 0 0

0 1.0303 1.03919 0 0
0.0201342 1.0303 1.14084 0.0043127 0.0129819
0.0402685 1.0303 1.08713 0.01254 0.0245347
0.0604027 1.0303 1.1233 0.0176842 0.0339742
0.0805369 1.0303 1.11285 0.0227111 0.0411127
0.100671 1.0303 1.1157 0.02599 0.046617
0.120805 1.0303 1.11396 0.0285371 0.0512503
0.14094 1.0303 1.11355 0.0303996 0.0552542
0.161074 1.0303 1.11329 0.0318324 0.058834
0.181208 1.0303 1.11342 0.0329522 0.0620806
0.201342 1.0303 1.11378 0.0338503 0.0650531
0.221477 1.0303 1.11426 0.0345842 0.067785
0.241611 1.0303 1.11479 0.0351935 0.0702978
0.261745 1.0303 1.1153 0.0357049 0.0726049
0.281879 1.0303 1.11578 0.0361373 0.0747156
0.302013 1.0303 1.1162 0.0365041 0.0766365
0.322148 1.0303 1.11657 0.0368147 0.0783723
0.342282 1.0303 1.11688 0.0370763 0.0799268
0.362416 1.0303 1.11714 0.0372936 0.0813031
0.38255 1.0303 1.11735 0.0374704 0.0825038
0.402685 1.0303 1.11751 0.0376092 0.0835308
0.422819 1.0303 1.11762 0.0377116 0.0843859
0.442953 1.0303 1.1177 0.037779 0.0850705
0.463087 1.0303 1.11773 0.037812 0.0855853
0.483221 1.0303 1.11772 0.0378109 0.0859309
0.503356 1.0303 1.11768 0.0377758 0.086107
0.52349 1.0303 1.1176 0.0377067 0.0861131
0.543624 1.0303 1.11748 0.037603 0.085948
0.563758 1.0303 1.11733 0.0374642 0.0856096
0.583893 1.0303 1.11714 0.0372895 0.0850953
0.604027 1.0303 1.11692 0.0370778 0.0844016
0.624161 1.0303 1.11666 0.0368279 0.0835241
0.644295 1.0303 1.11636 0.0365381 0.0824571
0.66443 1.0303 1.11603 0.0362066 0.0811941
0.684564 1.0303 1.11566 0.035831 0.079727
0.704698 1.0303 1.11525 0.0354086 0.0780463
0.724832 1.0303 1.11479 0.0349358 0.0761408
0.744966 1.0303 1.11429 0.0344092 0.0739967
0.765101 1.0303 1.11372 0.033823 0.0715987
0.785235 1.0303 1.11315 0.0331749 0.0689263
0.805369 1.0303 1.11233 0.0324506 0.0659597
0.825503 1.0303 1.11187 0.0316629 0.062662
0.845638 1.0303 1.11024 0.0307595 0.0590147
0.865772 1.0303 1.1108 0.0298287 0.0549325
0.885906 1.0303 1.10619 0.0286693 0.0504135
0.90604 1.0303 1.11119 0.0276333 0.0452494
0.926174 1.0303 1.09719 0.0260718 0.0394225
0.946309 1.0303 1.11497 0.0249502 0.0325724
0.966443 1.0303 1.07816 0.0226053 0.0243039
0.986577 1.0303 1.11713 0.020604 0.0151012
1.00671 1.0303 1.03434 0.015609 0.00351512
1.02685 1.0303 1.0498 0.0109372 0.00164354
1.04698 1.0303 1.03309 0.00882709 0.000672194
1.06711 1.0303 1.03667 0.0071563 0.000156008
1.08725 1.0303 1.03513 0.006201 -0.000133827
1.10738 1.0303 1.0367 0.00549499 -0.00029883
1.12752 1.0303 1.03745 0.0050195 -0.000395172
1.14765 1.0303 1.0384 0.00466409 -0.000453154
1.16779 1.0303 1.03907 0.00439798 -0.000488593
1.18792 1.0303 1.03958 0.00418939 -0.000510656
1.20805 1.0303 1.03991 0.00402215 -0.000524353
1.22819 1.0303 1.04008 0.00388441 -0.000532662
1.24832 1.0303 1.04011 0.00376853 -0.000537337
1.26846 1.0303 1.04003 0.00366914 -0.000539469
1.28859 1.0303 1.03985 0.00358242 -0.000539752
1.30872 1.0303 1.03959 0.00350559 -0.00053865
1.32886 1.0303 1.03926 0.00343658 -0.00053648
1.34899 1.0303 1.03887 0.0033738 -0.000533472
1.36913 1.0303 1.03843 0.00331604 -0.000529794
1.38926 1.0303 1.03796 0.00326235 -0.000525576
1.4094 1.0303 1.03744 0.00321198 -0.000520921
1.42953 1.0303 1.0369 0.00316433 -0.000515911
1.44966 1.0303 1.03633 0.00311892 -0.000510615
1.4698 1.0303 1.03574 0.00307538 -0.00050509
1.48993 1.0303 1.03513 0.00303342 -0.000499386
1.51007 1.0303 1.03451 0.00299279 -0.000493548
1.5302 1.0303 1.03388 0.00295331 -0.000487614
1.55034 1.0303 1.03323 0.00291485 -0.000481621
1.57047 1.0303 1.03258 0.00287732 -0.000475602
1.5906 1.0303 1.03193 0.00284066 -0.000469592
1.61074 1.0303 1.03127 0.00280485 -0.000463622
1.63087 1.0303 1.03061 0.0027699 -0.000457728
1.65101 1.0303 1.02995 0.00273587 -0.000451946
1.67114 1.0303 1.02929 0.00270285 -0.000446318
1.69128 1.0303 1.02863 0.00267096 -0.000440893
1.71141 1.0303 1.02798 0.00264042 -0.00043573
1.73154 1.0303 1.02733 0.00261149 -0.000430906
1.75168 1.0303 1.0267 0.00258454 -0.000426522
1.77181 1.0303 1.02607 0.00256009 -0.000422721
1.79195 1.0303 1.02545 0.00253886 -0.000419707
1.81208 1.0303 1.02485 0.00252189 -0.00041779
1.83221 1.0303 1.02427 0.00251072 -0.000417464
1.85235 1.0303 1.0237 0.00250769 -0.000419531
1.87248 1.0303 1.02316 0.00251664 -0.000425395
1.89262 1.0303 1.02261 0.00254327 -0.000437446
1.91275 1.0303 1.0221 0.00259969 -0.000460456
1.93289 1.0303 1.02141 0.00269854 -0.000502227
1.95302 1.0303 1.02093 0.00289189 -0.000582146
1.97315 1.0303 1.01869 0.00318613 -0.000732046
1.99329 1.0303 1.01901 0.00385978 -0.00111784
2.01342 1.0303 1.00839 0.00475118 -0.00306598
2.03356 1.0303 1.00981 0.00502657 -0.00416234
2.05369 1.0303 1.00779 0.00534779 -0.00507893
2.07383 1.0303 1.00802 0.0055428 -0.00569113
2.09396 1.0303 1.00773 0.00572515 -0.00613996
2.11409 1.0303 1.00773 0.00586377 -0.00645726
2.13423 1.0303 1.00768 0.00597311 -0.00668116
2.15436 1.0303 1.00764 0.00605161 -0.00683167
2.1745 1.0303 1.00759 0.00610285 -0.00692403
2.19463 1.0303 1.00754 0.00612902 -0.006969
2.21477 1.0303 1.00748 0.00613262 -0.00697493
2.2349 1.0303 1.00741 0.00611585 -0.00694841
2.25503 1.0303 1.00734 0.00608072 -0.00689481
2.27517 1.0303 1.00726 0.00602903 -0.00681861
2.2953 1.0303 1.00718 0.00596241 -0.00672357
2.31544 1.0303 1.00709 0.00588226 -0.00661289
2.33557 1.0303 1.007 0.00578988 -0.00648929
2.3557 1.0303 1.00691 0.0056864 -0.00635512
2.37584 1.0303 1.00682 0.00557284 -0.00621239
2.39597 1.0303 1.00673 0.00545011 -0.00606285
2.41611 1.0303 1.00663 0.00531903 -0.00590796
2.43624 1.0303 1.00654 0.00518036 -0.005749
2.45638 1.0303 1.00645 0.00503476 -0.00558703
2.47651 1.0303 1.00636 0.00488285 -0.00542294
2.49664 1.0303 1.00628 0.0047252 -0.00525746
2.51678 1.0303 1.00619 0.00456233 -0.00509116
2.53691 1.0303 1.00611 0.0043947 -0.00492448
2.55705 1.0303 1.00603 0.00422276 -0.00475773
2.57718 1.0303 1.00595 0.00404692 -0.00459106
2.59732 1.0303 1.00588 0.00386757 -0.00442455
2.61745 1.0303 1.0058 0.00368506 -0.0042581
2.63758 1.0303 1.00574 0.00349974 -0.00409154
2.65772 1.0303 1.00567 0.00331192 -0.00392454
2.67785 1.0303 1.00561 0.00312192 -0.00375666
2.69799 1.0303 1.00555 0.00293003 -0.00358733
2.71812 1.0303 1.0055 0.00273653 -0.00341586
2.73826 1.0303 1.00545 0.00254169 -0.00324141
2.75839 1.0303 1.00541 0.00234579 -0.00306298
2.77852 1.0303 1.00536 0.00214908 -0.00287943
2.79866 1.0303 1.00533 0.00195181 -0.00268946
2.81879 1.0303 1.00529 0.00175424 -0.00249158
2.83893 1.0303 1.00527 0.0015566 -0.0022841
2.85906 1.0303 1.00524 0.00135913 -0.00206515
2.87919 1.0303 1.00522 0.00116207 -0.0018326
2.89933 1.0303 1.00521 0.000965628 -0.0015841
2.91946 1.0303 1.0052 0.000770031 -0.00131704
2.9396 1.0303 1.00519 0.000575482 -0.00102849
2.95973 1.0303 1.00519 0.000382178 -0.000715243
2.97987 1.0303 1.00519 0.000190299 -0.000373724
3 1.0303 1.00519 0 0

0 1.05051 0.978272 0 0
0.0201342 1.05051 1.0017 0.00156201 0.0118024
0.0402685 1.05051 1.01834 0.00524805 0.0211668
0.0604027 1.05051 1.05535 0.00949197 0.030396
0.0805369 1.05051 1.06652 0.0140687 0.0377304
0.100671 1.05051 1.08286 0.0177438 0.0437719
0.120805 1.05051 1.09113 0.0209224 0.0488701
0.14094 1.05051 1.09798 0.0234688 0.0532539
0.161074 1.05051 1.10248 0.0255615 0.0571304
0.181208 1.05051 1.10574 0.0272767 0.0606071
0.201342 1.05051 1.10809 0.0287027 0.0637602
0.221477 1.05051 1.10982 0.029902 0.0666352
0.241611 1.05051 1.11115 0.0309235 0.0692627
0.261745 1.05051 1.11218 0.0318033 0.0716628
0.281879 1.05051 1.113 0.0325686 0.0738499
0.302013 1.05051 1.11366 0.0332395 0.0758343
0.322148 1.05051 1.1142 0.033831 0.0776239
0.342282 1.05051 1.11465 0.0343547 0.0792248
0.362416 1.05051 1.11501 0.0348189 0.0806418
0.38255 1.05051 1.11529 0.0352303 0.081879
0.402685 1.05051 1.11552 0.0355939 0.0829395
0.422819 1.05051 1.11568 0.0359133 0.0838259
0.442953 1.05051 1.11579 0.0361916 0.0845401
0.463087 1.05051 1.11585 0.0364309 0.0850835
0.483221 1.05051 1.11586 0.0366328 0.085457
0.503356 1.05051 1.11583 0.0367985 0.0856609
0.52349 1.05051 1.11575 0.0369291 0.0856947
0.543624 1.05051 1.11563 0.0370249 0.0855575
0.563758 1.05051 1.11546 0.0370864 0.0852477
0.583893 1.05051 1.11525 0.0371136 0.0847628
0.604027 1.05051 1.11499 0.0371064 0.0840996
0.624161 1.05051 1.11469 0.0370644 0.0832538
0.644295 1.05051 1.11434 0.0369872 0.0822203
0.66443 1.05051 1.11394 0.0368739 0.0809928
0.684564 1.05051 1.11349 0.0367236 0.0795636
0.704698 1.05051 1.11297 0.0365351 0.0779236
0.724832 1.05051 1.1124 0.0363067 0.0760621
0.744966 1.05051 1.11176 0.0360375 0.0739659
0.765101 1.05051 1.111 0.0357241 0.0716201
0.785235 1.05051 1.11023 0.035369 0.0690048
0.805369 1.05051 1.10909 0.0349602 0.0661002
0.825503 1.05051 1.10836 0.0345211 0.0628714
0.845638 1.05051 1.10608 0.0339975 0.0592952
0.865772 1.05051 1.10627 0.0335 0.055302
0.885906 1.05051 1.10028 0.0328191 0.0508595
0.90604 1.05051 1.10416 0.0323185 0.0458544
0.926174 1.05051 1.08791 0.0313827 0.0401519
0.946309 1.05051 1.10019 0.0308127 0.0337904
0.966443 1.05051 1.06269 0.0292628 0.0261449
0.986577 1.05051 1.08456 0.0276972 0.0185262
1.00671 1.05051 1.01669 0.0240125 0.00938313
1.02685 1.05051 1.03965 0.0188778 0.00519449
1.04698 1.05051 1.03227 0.0160685 0.00261986
1.06711 1.05051 1.03696 0.0137502 0.00125799
1.08725 1.05051 1.03722 0.012189 0.000412912
1.10738 1.05051 1.03877 0.0109891 -8.31843e-05
1.12752 1.05051 1.03949 0.0100994 -0.000398801
1.14765 1.05051 1.04016 0.00940721 -0.000599814
1.16779 1.05051 1.04057 0.00886395 -0.000733105
1.18792 1.05051 1.04083 0.008427 -0.000822886
1.20805 1.05051 1.04094 0.00806965 -0.000884491
1.22819 1.05051 1.04094 0.00777206 -0.000927037
1.24832 1.05051 1.04084 0.0075202 -0.000956335
1.26846 1.05051 1.04065 0.00730372 -0.000976132
1.28859 1.05051 1.04039 0.00711496 -0.000988933
1.30872 1.05051 1.04006 0.00694812 -0.000996462
1.32886 1.05051 1.03968 0.00679881 -0.000999938
1.34899 1.05051 1.03925 0.00666359 -0.00100025
1.36913 1.05051 1.03878 0.00653982 -0.000998048
1.38926 1.05051 1.03827 0.00642538 -0.000993846
1.4094 1.05051 1.03774 0.00631861 -0.000988035
1.42953 1.05051 1.03717 0.00621818 -0.000980925
1.44966 1.05051 1.03659 0.00612303 -0.000972772
1.4698 1.05051 1.03599 0.00603231 -0.000963784
1.48993 1.05051 1.03537 0.00594532 -0.000954137
1.51007 1.05051 1.03474 0.00586155 -0.000943983
1.5302 1.05051 1.03409 0.00578056 -0.000933454
1.55034 1.05051 1.03344 0.00570205 -0.000922668
1.57047 1.05051 1.03279 0.00562578 -0.000911736
1.5906 1.05051 1.03212 0.00555161 -0.000900759
1.61074 1.05051 1.03146 0.00547947 -0.000889842
1.63087 1.05051 1.03079 0.00540936 -0.000879088
1.65101 1.05051 1.03012 0.00534137 -0.00086861
1.67114 1.05051 1.02946 0.00527567 -0.000858533
1.69128 1.05051 1.02879 0.00521252 -0.000849006
1.71141 1.05051 1.02813 0.00515231 -0.000840209
1.73154 1.05051 1.02747 0.00509558 -0.000832375
1.75168 1.05051 1.02682 0.00504306 -0.000825815
1.77181 1.05051 1.02618 0.00499577 -0.000820956
1.79195 1.05051 1.02554 0.00495508 -0.000818417
1.81208 1.05051 1.02491 0.00492294 -0.000819117
1.83221 1.05051 1.02429 0.00490207 -0.000824475
1.85235 1.05051 1.02367 0.00489636 -0.000836759
1.87248 1.05051 1.02306 0.00491159 -0.000859702
1.89262 1.05051 1.02244 0.00495573 -0.000899728
1.91275 1.05051 1.02183 0.00504273 -0.000967806
1.93289 1.05051 1.02109 0.00518604 -0.00108519
1.95302 1.05051 1.0206 0.00542981 -0.00128596
1.97315 1.05051 1.01893 0.00576258 -0.00165908
1.99329 1.05051 1.02012 0.00637539 -0.00230787
2.01342 1.05051 1.01232 0.00685422 -0.00365164
2.03356 1.05051 1.01247 0.00695318 -0.00460751
2.05369 1.05051 1.01028 0.00706322 -0.00541153
2.07383 1.05051 1.00982 0.00708951 -0.00598013
2.09396 1.05051 1.0092 0.00711399 -0.00639844
2.11409 1.05051 1.0089 0.00711904 -0.00669231
2.13423 1.05051 1.00865 0.00711301 -0.00689448
2.15436 1.05051 1.00847 0.00709275 -0.0070244
2.1745 1.05051 1.00831 0.00705852 -0.00709724
2.19463 1.05051 1.00818 0.0070101 -0.00712391
2.21477 1.05051 1.00805 0.00694791 -0.00711284
2.2349 1.05051 1.00793 0.00687255 -0.00707065
2.25503 1.05051 1.00781 0.00678479 -0.00700269
2.27517 1.05051 1.00769 0.00668548 -0.00691336
2.2953 1.05051 1.00758 0.00657544 -0.00680633
2.31544 1.05051 1.00746 0.00645549 -0.00668471
2.33557 1.05051 1.00735 0.00632643 -0.00655115
2.3557 1.05051 1.00724 0.00618898 -0.00640791
2.37584 1.05051 1.00713 0.00604383 -0.00625694
2.39597 1.05051 1.00702 0.00589163 -0.00609988
2.41611 1.05051 1.00691 0.00573295 -0.00593817
2.43624 1.05051 1.0068 0.00556835 -0.00577301
2.45638 1.05051 1.0067 0.00539833 -0.00560542
2.47651 1.05051 1.0066 0.00522336 -0.00543624
2.49664 1.05051 1.0065 0.00504387 -0.00526617
2.51678 1.05051 1.00641 0.00486027 -0.00509573
2.53691 1.05051 1.00632 0.00467294 -0.00492535
2.55705 1.05051 1.00623 0.00448222 -0.00475528
2.57718 1.05051 1.00615 0.00428846 -0.00458569
2.59732 1.05051 1.00606 0.00409197 -0.0044166
2.61745 1.05051 1.00599 0.00389305 -0.00424793
2.63758 1.05051 1.00591 0.00369198 -0.00407945
2.65772 1.05051 1.00585 0.00348905 -0.00391085
2.67785 1.05051 1.00578 0.00328452 -0.00374166
2.69799 1.05051 1.00572 0.00307864 -0.00357133
2.71812 1.05051 1.00566 0.00287168 -0.00339912
2.73826 1.05051 1.00561 0.00266389 -0.00322421
2.75839 1.05051 1.00556 0.00245551 -0.00304559
2.77852 1.05051 1.00552 0.0022468 -0.00286212
2.79866 1.05051 1.00548 0.002038 -0.00267249
2.81879 1.05051 1.00545 0.00182935 -0.00247521
2.83893 1.05051 1.00542 0.00162111 -0.00226858
2.85906 1.05051 1.0054 0.00141353 -0.00205073
2.87919 1.05051 1.00538 0.00120685 -0.00181954
2.89933 1.05051 1.00537 0.00100134 -0.00157264
2.91946 1.05051 1.00536 0.000797238 -0.00130742
2.9396 1.05051 1.00535 0.000594806 -0.00102095
2.95973 1.05051 1.00535 0.000394291 -0.000710008
2.97987 1.05051 1.00536 0.000195943 -0.000371007
3 1.05051 1.00537 0 0

0 1.07071 1.04364 0 0
0.0201342 1.07071 1.07179 0.000696384 0.00783356
0.0402685 1.07071 1.06082 0.00292021 0.0164241
0.0604027 1.07071 1.0815 0.00570525 0.0253106
0.0805369 1.07071 1.0808 0.00923863 0.0329804
0.100671 1.07071 1.09001 0.0124154 0.039652
0.120805 1.07071 1.09336 0.0154605 0.0453749
0.14094 1.07071 1.09771 0.018094 0.0503193
0.161074 1.07071 1.10072 0.0204085 0.054654
0.181208 1.07071 1.10331 0.0224071 0.0584931
0.201342 1.07071 1.10538 0.0241429 0.061929
0.221477 1.07071 1.10708 0.0256554 0.0650243
0.241611 1.07071 1.10846 0.0269824 0.0678244
0.261745 1.07071 1.10961 0.0281548 0.0703614
0.281879 1.07071 1.11055 0.0291981 0.0726587
0.302013 1.07071 1.11133 0.0301326 0.0747331
0.322148 1.07071 1.11198 0.0309743 0.0765975
0.342282 1.07071 1.11252 0.0317363 0.0782616
0.362416 1.07071 1.11295 0.0324287 0.0797331
0.38255 1.07071 1.11331 0.0330595 0.081018
0.402685 1.07071 1.11358 0.0336354 0.082121
0.422819 1.07071 1.11379 0.0341614 0.0830458
0.442953 1.07071 1.11394 0.0346416 0.0837953
0.463087 1.07071 1.11402 0.0350794 0.0843716
0.483221 1.07071 1.11405 0.0354774 0.0847762
0.503356 1.07071 1.11402 0.0358378 0.0850098
0.52349 1.07071 1.11394 0.0361624 0.0850725
0.543624 1.07071 1.11381 0.0364524 0.0849635
0.563758 1.07071 1.11363 0.0367091 0.0846816
0.583893 1.07071 1.11339 0.0369333 0.0842245
0.604027 1.07071 1.1131 0.0371256 0.0835892
0.624161 1.07071 1.11276 0.0372866 0.0827718
0.644295 1.07071 1.11236 0.0374166 0.0817674
0.66443 1.07071 1.11189 0.0375159 0.0805697
0.684564 1.07071 1.11136 0.0375845 0.0791715
0.704698 1.07071 1.11076 0.0376225 0.0775638
0.724832 1.07071 1.11007 0.0376297 0.075736
0.744966 1.07071 1.1093 0.0376068 0.0736751
0.765101 1.07071 1.10838 0.037552 0.0713662
0.785235 1.07071 1.10744 0.0374705 0.0687896
0.805369 1.07071 1.10606 0.0373505 0.0659243
0.825503 1.07071 1.10511 0.0372197 0.0627385
0.845638 1.07071 1.10247 0.0370207 0.0592008
0.865772 1.07071 1.10238 0.0368621 0.0552626
0.885906 1.07071 1.09619 0.0365373 0.0508558
0.90604 1.07071 1.09933 0.0363504 0.0459593
0.926174 1.07071 1.08509 0.0357697 0.0403416
0.946309 1.07071 1.09447 0.0353277 0.0342928
0.966443 1.07071 1.06825 0.0341079 0.0270993
0.986577 1.07071 1.08224 0.0324895 0.0202754
1.00671 1.07071 1.04898 0.0297245 0.0124243
1.02685 1.07071 1.0553 0.0256875 0.00795418
1.04698 1.07071 1.04599 0.0226969 0.00474381
1.06711 1.07071 1.04556 0.0200495 0.0027709
1.08725 1.07071 1.04332 0.0180319 0.00144092
1.10738 1.07071 1.04288 0.0164085 0.000572104
1.12752 1.07071 1.04243 0.0151379 -1.97993e-05
1.14765 1.07071 1.0423 0.014121 -0.000425278
1.16779 1.07071 1.0422 0.0133026 -0.000709479
1.18792 1.07071 1.04211 0.0126336 -0.000911214
1.20805 1.07071 1.04199 0.0120795 -0.00105633
1.22819 1.07071 1.04181 0.011614 -0.00116155
1.24832 1.07071 1.04158 0.0112175 -0.00123811
1.26846 1.07071 1.04129 0.0108754 -0.00129365
1.28859 1.07071 1.04094 0.0105764 -0.00133348
1.30872 1.07071 1.04055 0.0103119 -0.00136136
1.32886 1.07071 1.04012 0.0100753 -0.00138001
1.34899 1.07071 1.03965 0.00986139 -0.00139142
1.36913 1.07071 1.03914 0.00966597 -0.00139713
1.38926 1.07071 1.03861 0.0094858 -0.00139826
1.4094 1.07071 1.03805 0.00931827 -0.00139574
1.42953 1.07071 1.03746 0.00916126 -0.00139026
1.44966 1.07071 1.03686 0.00901307 -0.00138241
1.4698 1.07071 1.03624 0.00887233 -0.00137266
1.48993 1.07071 1.03561 0.00873795 -0.00136139
1.51007 1.07071 1.03497 0.00860905 -0.00134894
1.5302 1.07071 1.03432 0.00848492 -0.0013356
1.55034 1.07071 1.03366 0.00836505 -0.00132162
1.57047 1.07071 1.03299 0.00824903 -0.00130724
1.5906 1.07071 1.03232 0.00813661 -0.00129267
1.61074 1.07071 1.03165 0.00802764 -0.00127812
1.63087 1.07071 1.03097 0.0079221 -0.00126382
1.65101 1.07071 1.0303 0.00782006 -0.00124998
1.67114 1.07071 1.02962 0.00772176 -0.00123686
1.69128 1.07071 1.02895 0.00762755 -0.00122477
1.71141 1.07071 1.02828 0.00753797 -0.00121406
1.73154 1.07071 1.02761 0.00745377 -0.0012052
1.75168 1.07071 1.02695 0.00737597 -0.00119879
1.77181 1.07071 1.02629 0.00730593 -0.00119566
1.79195 1.07071 1.02563 0.00724552 -0.00119698
1.81208 1.07071 1.02498 0.0071972 -0.00120443
1.83221 1.07071 1.02432 0.00716438 -0.00122048
1.85235 1.07071 1.02366 0.00715159 -0.00124891
1.87248 1.07071 1.02299 0.00716513 -0.00129549
1.89262 1.07071 1.02229 0.00721301 -0.00136941
1.91275 1.07071 1.02157 0.00730714 -0.00148482
1.93289 1.07071 1.02069 0.00745745 -0.00166606
1.95302 1.07071 1.01986 0.00768732 -0.00194505
1.97315 1.07071 1.01829 0.00797796 -0.0023939
1.99329 1.07071 1.01757 0.00836645 -0.00303053
2.01342 1.07071 1.01392 0.00861551 -0.00406618
2.03356 1.07071 1.01316 0.00864147 -0.00488993
2.05369 1.07071 1.01163 0.0086225 -0.0056086
2.07383 1.07071 1.01096 0.00854204 -0.0061433
2.09396 1.07071 1.01031 0.00845196 -0.00654316
2.11409 1.07071 1.00988 0.00835101 -0.00682605
2.13423 1.07071 1.00952 0.00824634 -0.00701855
2.15436 1.07071 1.00924 0.00813684 -0.00713878
2.1745 1.07071 1.00901 0.00802225 -0.00720153
2.19463 1.07071 1.0088 0.00790167 -0.00721792
2.21477 1.07071 1.00861 0.00777458 -0.00719662
2.2349 1.07071 1.00844 0.00764065 -0.00714448
2.25503 1.07071 1.00828 0.00749981 -0.00706699
2.27517 1.07071 1.00813 0.00735215 -0.00696865
2.2953 1.07071 1.00798 0.00719788 -0.00685317
2.31544 1.07071 1.00784 0.00703729 -0.00672369
2.33557 1.07071 1.0077 0.00687071 -0.00658285
2.3557 1.07071 1.00757 0.00669851 -0.0064329
2.37584 1.07071 1.00744 0.00652104 -0.00627574
2.39597 1.07071 1.00731 0.00633868 -0.00611303
2.41611 1.07071 1.00719 0.00615179 -0.00594614
2.43624 1.07071 1.00707 0.0059607 -0.00577627
2.45638 1.07071 1.00695 0.00576575 -0.0056044
2.47651 1.07071 1.00684 0.00556725 -0.00543135
2.49664 1.07071 1.00673 0.00536552 -0.00525779
2.51678 1.07071 1.00663 0.00516082 -0.00508423
2.53691 1.07071 1.00653 0.00495345 -0.00491107
2.55705 1.07071 1.00643 0.00474367 -0.00473856
2.57718 1.07071 1.00634 0.00453172 -0.00456683
2.59732 1.07071 1.00625 0.00431785 -0.0043959
2.61745 1.07071 1.00617 0.0041023 -0.00422567
2.63758 1.07071 1.00609 0.0038853 -0.00405593
2.65772 1.07071 1.00602 0.00366708 -0.00388633
2.67785 1.07071 1.00595 0.00344787 -0.00371643
2.69799 1.07071 1.00588 0.00322787 -0.00354563
2.71812 1.07071 1.00583 0.00300734 -0.00337323
2.73826 1.07071 1.00577 0.00278648 -0.00319837
2.75839 1.07071 1.00572 0.00256553 -0.00302008
2.77852 1.07071 1.00568 0.00234473 -0.0028372
2.79866 1.07071 1.00564 0.00212431 -0.00264842
2.81879 1.07071 1.0056 0.00190453 -0.00245226
2.83893 1.07071 1.00558 0.00168563 -0.00224703
2.85906 1.07071 1.00555 0.00146789 -0.00203086
2.87919 1.07071 1.00554 0.00125157 -0.00180162
2.89933 1.07071 1.00552 0.00103696 -0.00155697
2.91946 1.07071 1.00552 0.00082435 -0.00129429
2.9396 1.07071 1.00551 0.000614034 -0.00101066
2.95973 1.07071 1.00552 0.000406324 -0.000702843
2.97987 1.07071 1.00553 0.000201538 -0.000367274
3 1.07071 1.00554 0 0

0 1.09091 1.04095 0 0
0.0201342 1.09091 1.0485 8.23397e-05 0.00709557
0.0402685 1.09091 1.05394 0.00108848 0.0144586
0.0604027 1.09091 1.06939 0.00303421 0.0224591
0.0805369 1.09091 1.07399 0.00567986 0.0297154
0.100671 1.09091 1.08369 0.0083868 0.0363792
0.120805 1.09091 1.08835 0.0111588 0.042263
0.14094 1.09091 1.09348 0.0137188 0.0474673
0.161074 1.09091 1.097 0.0160865 0.052076
0.181208 1.09091 1.10001 0.0182185 0.0561754
0.201342 1.09091 1.10237 0.0201367 0.0598425
0.221477 1.09091 1.10429 0.0218577 0.0631368
0.241611 1.09091 1.10587 0.0234057 0.0661054
0.261745 1.09091 1.10717 0.024803 0.0687842
0.281879 1.09091 1.10824 0.0260701 0.0712004
0.302013 1.09091 1.10913 0.0272247 0.0733752
0.322148 1.09091 1.10987 0.0282817 0.0753249
0.342282 1.09091 1.11049 0.0292535 0.077062
0.362416 1.09091 1.11099 0.0301506 0.0785965
0.38255 1.09091 1.1114 0.0309816 0.0799365
0.402685 1.09091 1.11172 0.0317534 0.0810882
0.422819 1.09091 1.11196 0.0324719 0.0820565
0.442953 1.09091 1.11213 0.033142 0.0828454
0.463087 1.09091 1.11224 0.0337677 0.0834577
0.483221 1.09091 1.11228 0.0343523 0.0838956
0.503356 1.09091 1.11226 0.0348986 0.0841604
0.52349 1.09091 1.11218 0.035409 0.0842524
0.543624 1.09091 1.11204 0.0358855 0.0841715
0.563758 1.09091 1.11184 0.0363299 0.0839166
0.583893 1.09091 1.11158 0.0367436 0.0834857
0.604027 1.09091 1.11126 0.0371279 0.082876
0.624161 1.09091 1.11088 0.037484 0.0820839
0.644295 1.09091 1.11043 0.0378128 0.0811045
0.66443 1.09091 1.10991 0.0381153 0.0799318
0.684564 1.09091 1.10931 0.0383923 0.0785587
0.704698 1.09091 1.10862 0.0386448 0.0769763
0.724832 1.09091 1.10784 0.0388731 0.075174
0.744966 1.09091 1.10696 0.039079 0.073139
0.765101 1.09091 1.10591 0.039261 0.0708561
0.785235 1.09091 1.10482 0.0394248 0.0683067
0.805369 1.09091 1.10326 0.0395584 0.0654683
0.825503 1.09091 1.10211 0.0396872 0.0623146
0.845638 1.09091 1.0993 0.0397542 0.0588077
0.865772 1.09091 1.09883 0.0398511 0.0549233
0.885906 1.09091 1.09286 0.03979 0.0505727
0.90604 1.09091 1.09478 0.0397992 0.0458104
0.926174 1.09091 1.08254 0.0394525 0.0403799
0.946309 1.09091 1.0883 0.0390809 0.0346882
0.966443 1.09091 1.06811 0.0380727 0.0281234
0.986577 1.09091 1.07534 0.0365616 0.021989
1.00671 1.09091 1.05205 0.0342543 0.0153749
1.02685 1.09091 1.05423 0.0309271 0.010749
1.04698 1.09091 1.04785 0.0280747 0.00713361
1.06711 1.09091 1.0472 0.0254232 0.00463314
1.08725 1.09091 1.04558 0.0232337 0.00283305
1.10738 1.09091 1.04502 0.0213928 0.00157162
1.12752 1.09091 1.04447 0.0198802 0.000669726
1.14765 1.09091 1.0441 0.0186276 2.31037e-05
1.16779 1.09091 1.04377 0.0175886 -0.000446968
1.18792 1.09091 1.04346 0.0167193 -0.000791921
1.20805 1.09091 1.04313 0.0159861 -0.00104761
1.22819 1.09091 1.04279 0.0153614 -0.0012385
1.24832 1.09091 1.04242 0.0148238 -0.00138167
1.26846 1.09091 1.04202 0.0143562 -0.00148916
1.28859 1.09091 1.04158 0.0139454 -0.00156954
1.30872 1.09091 1.04112 0.0135808 -0.00162908
1.32886 1.09091 1.04062 0.0132539 -0.00167235
1.34899 1.09091 1.0401 0.0129581 -0.00170282
1.36913 1.09091 1.03955 0.0126879 -0.00172311
1.38926 1.09091 1.03898 0.0124391 -0.00173523
1.4094 1.09091 1.03839 0.0122081 -0.00174079
1.42953 1.09091 1.03778 0.011992 -0.00174103
1.44966 1.09091 1.03716 0.0117886 -0.00173699
1.4698 1.09091 1.03652 0.011596 -0.00172949
1.48993 1.09091 1.03587 0.0114125 -0.00171924
1.51007 1.09091 1.03522 0.0112371 -0.0017068
1.5302 1.09091 1.03455 0.0110686 -0.0016927
1.55034 1.09091 1.03388 0.0109064 -0.00167738
1.57047 1.09091 1.0332 0.0107499 -0.00166123
1.5906 1.09091 1.03252 0.0105987 -0.00164463
1.61074 1.09091 1.03184 0.0104524 -0.00162795
1.63087 1.09091 1.03116 0.0103111 -0.00161154
1.65101 1.09091 1.03047 0.0101749 -0.00159579
1.67114 1.09091 1.02979 0.0100438 -0.00158111
1.69128 1.09091 1.02911 0.00991846 -0.001568
1.71141 1.09091 1.02843 0.00979935 -0.00155704
1.73154 1.09091 1.02775 0.00968738 -0.00154896
1.75168 1.09091 1.02707 0.00958372 -0.0015447
1.77181 1.09091 1.02639 0.00948991 -0.00154553
1.79195 1.09091 1.02572 0.00940798 -0.00155317
1.81208 1.09091 1.02504 0.00934056 -0.00157001
1.83221 1.09091 1.02436 0.009291 -0.00159946
1.85235 1.09091 1.02366 0.00926358 -0.00164643
1.87248 1.09091 1.02296 0.00926364 -0.00171802
1.89262 1.09091 1.02222 0.00929722 -0.00182466
1.91275 1.09091 1.02144 0.00937174 -0.0019811
1.93289 1.09091 1.02056 0.00949085 -0.0022096
1.95302 1.09091 1.0197 0.00966188 -0.00253521
1.97315 1.09091 1.01837 0.00985909 -0.00300195
1.99329 1.09091 1.01757 0.0100804 -0.00360588
2.01342 1.09091 1.0151 0.0101916 -0.0044089
2.03356 1.09091 1.01414 0.0101499 -0.00511619
2.05369 1.09091 1.01282 0.0100482 -0.0057433
2.07383 1.09091 1.01202 0.00989114 -0.00623512
2.09396 1.09091 1.01131 0.00971695 -0.00661146
2.11409 1.09091 1.01078 0.00953264 -0.00688316
2.13423 1.09091 1.01034 0.00934644 -0.0070691
2.15436 1.09091 1.00998 0.00915976 -0.00718453
2.1745 1.09091 1.00967 0.00897314 -0.00724276
2.19463 1.09091 1.0094 0.00878602 -0.00725442
2.21477 1.09091 1.00916 0.00859773 -0.00722812
2.2349 1.09091 1.00895 0.00840764 -0.00717077
2.25503 1.09091 1.00874 0.00821522 -0.007088
2.27517 1.09091 1.00856 0.00802012 -0.00698442
2.2953 1.09091 1.00838 0.00782213 -0.00686383
2.31544 1.09091 1.00821 0.00762114 -0.00672944
2.33557 1.09091 1.00805 0.00741712 -0.00658394
2.3557 1.09091 1.00789 0.00721012 -0.00642959
2.37584 1.09091 1.00774 0.00700022 -0.00626834
2.39597 1.09091 1.0076 0.00678756 -0.00610182
2.41611 1.09091 1.00746 0.00657227 -0.00593144
2.43624 1.09091 1.00733 0.00635451 -0.00575837
2.45638 1.09091 1.0072 0.00613444 -0.00558358
2.47651 1.09091 1.00708 0.00591225 -0.00540791
2.49664 1.09091 1.00696 0.0056881 -0.00523199
2.51678 1.09091 1.00684 0.00546216 -0.00505635
2.53691 1.09091 1.00674 0.00523461 -0.00488136
2.55705 1.09091 1.00663 0.00500562 -0.00470727
2.57718 1.09091 1.00653 0.00477537 -0.00453422
2.59732 1.09091 1.00644 0.00454402 -0.00436221
2.61745 1.09091 1.00635 0.00431175 -0.00419114
2.63758 1.09091 1.00627 0.00407874 -0.00402078
2.65772 1.09091 1.00619 0.00384516 -0.00385081
2.67785 1.09091 1.00612 0.0036112 -0.00368077
2.69799 1.09091 1.00605 0.00337704 -0.00351007
2.71812 1.09091 1.00599 0.00314288 -0.00333802
2.73826 1.09091 1.00593 0.00290892 -0.00316376
2.75839 1.09091 1.00588 0.00267537 -0.00298631
2.77852 1.09091 1.00583 0.00244246 -0.00280453
2.79866 1.09091 1.00579 0.00221041 -0.00261713
2.81879 1.09091 1.00576 0.00197948 -0.00242263
2.83893 1.09091 1.00573 0.00174992 -0.00221935
2.85906 1.09091 1.00571 0.00152202 -0.00200543
2.87919 1.09091 1.00569 0.00129607 -0.00177877
2.89933 1.09091 1.00568 0.00107238 -0.00153702
2.91946 1.09091 1.00567 0.000851271 -0.00127758
2.9396 1.09091 1.00567 0.000633102 -0.000997549
2.95973 1.09091 1.00568 0.000418238 -0.000693713
2.97987 1.09091 1.00569 0.000207066 -0.000362509
3 1.09091 1.00571 0 0

0 1.11111 1.05897 0 0
0.0201342 1.11111 1.06658 -0.000138426 0.00591745
0.0402685 1.11111 1.06635 0.000401422 0.0126267
0.0604027 1.11111 1.07554 0.00164613 0.0199065
0.0805369 1.11111 1.07774 0.00354809 0.0268185
0.100671 1.11111 1.08439 0.00569806 0.033361
0.120805 1.11111 1.08779 0.0080548 0.0392861
0.14094 1.11111 1.09199 0.0103746 0.0446354
0.161074 1.11111 1.09504 0.01263 0.0494295
0.181208 1.11111 1.09783 0.0147488 0.0537269
0.201342 1.11111 1.1001 0.0167239 0.0575843
0.221477 1.11111 1.10203 0.0185491 0.061053
0.241611 1.11111 1.10364 0.0202326 0.0641766
0.261745 1.11111 1.105 0.0217851 0.0669911
0.281879 1.11111 1.10614 0.0232192 0.0695251
0.302013 1.11111 1.1071 0.0245473 0.0718019
0.322148 1.11111 1.10791 0.0257812 0.0738398
0.342282 1.11111 1.10858 0.0269312 0.0756535
0.362416 1.11111 1.10913 0.0280065 0.077255
0.38255 1.11111 1.10958 0.0290151 0.0786537
0.402685 1.11111 1.10993 0.0299637 0.0798574
0.422819 1.11111 1.11021 0.0308582 0.0808721
0.442953 1.11111 1.1104 0.0317036 0.0817026
0.463087 1.11111 1.11052 0.0325041 0.0823526
0.483221 1.11111 1.11057 0.0332635 0.082825
0.503356 1.11111 1.11055 0.0339848 0.0831215
0.52349 1.11111 1.11047 0.0346708 0.083243
0.543624 1.11111 1.11032 0.035324 0.0831896
0.563758 1.11111 1.1101 0.0359464 0.0829606
0.583893 1.11111 1.10982 0.03654 0.0825543
0.604027 1.11111 1.10947 0.0371063 0.0819681
0.624161 1.11111 1.10906 0.037647 0.0811985
0.644295 1.11111 1.10856 0.0381635 0.0802409
0.66443 1.11111 1.10799 0.0386571 0.0790895
0.684564 1.11111 1.10733 0.0391289 0.077737
0.704698 1.11111 1.10658 0.0395801 0.0761749
0.724832 1.11111 1.10571 0.0400113 0.0743927
0.744966 1.11111 1.10474 0.0404242 0.0723779
0.765101 1.11111 1.10359 0.0408168 0.0701155
0.785235 1.11111 1.10238 0.0411938 0.0675882
0.805369 1.11111 1.10072 0.041542 0.0647735
0.825503 1.11111 1.0994 0.0418812 0.0616508
0.845638 1.11111 1.09659 0.0421569 0.0581806
0.865772 1.11111 1.09573 0.0424364 0.0543586
0.885906 1.11111 1.09036 0.0425599 0.0500917
0.90604 1.11111 1.0911 0.042678 0.0454787
0.926174 1.11111 1.08135 0.0424721 0.0402794
0.946309 1.11111 1.08425 0.0421175 0.034917
0.966443 1.11111 1.07014 0.0412397 0.0289069
0.986577 1.11111 1.07314 0.039838 0.0232893
1.00671 1.11111 1.05923 0.0378726 0.0174497
1.02685 1.11111 1.05874 0.0351703 0.0129214
1.04698 1.11111 1.05342 0.0326003 0.00920302
1.06711 1.11111 1.05152 0.0300995 0.00641746
1.08725 1.11111 1.04931 0.0278909 0.00430188
1.10738 1.11111 1.04798 0.0259517 0.00272984
1.12752 1.11111 1.04688 0.0242899 0.00155368
1.14765 1.11111 1.04607 0.0228699 0.000673791
1.16779 1.11111 1.04539 0.0216598 1.11154e-05
1.18792 1.11111 1.04482 0.0206256 -0.00049069
1.20805 1.11111 1.04429 0.0197378 -0.000873003
1.22819 1.11111 1.04378 0.0189707 -0.00116571
1.24832 1.11111 1.04327 0.018303 -0.00139058
1.26846 1.11111 1.04276 0.0177171 -0.00156356
1.28859 1.11111 1.04224 0.0171988 -0.00169644
1.30872 1.11111 1.0417 0.0167363 -0.001798
1.32886 1.11111 1.04114 0.0163202 -0.00187487
1.34899 1.11111 1.04057 0.0159426 -0.0019321
1.36913 1.11111 1.03997 0.0155973 -0.0019736
1.38926 1.11111 1.03937 0.0152791 -0.00200242
1.4094 1.11111 1.03874 0.0149837 -0.00202098
1.42953 1.11111 1.03811 0.0147076 -0.00203121
1.44966 1.11111 1.03746 0.014448 -0.00203468
1.4698 1.11111 1.03681 0.0142025 -0.00203267
1.48993 1.11111 1.03614 0.0139691 -0.00202626
1.51007 1.11111 1.03547 0.0137464 -0.00201635
1.5302 1.11111 1.03479 0.0135329 -0.00200372
1.55034 1.11111 1.03411 0.0133279 -0.00198907
1.57047 1.11111 1.03342 0.0131304 -0.00197299
1.5906 1.11111 1.03273 0.01294 -0.00195607
1.61074 1.11111 1.03204 0.0127562 -0.00193884
1.63087 1.11111 1.03134 0.0125789 -0.00192185
1.65101 1.11111 1.03065 0.0124082 -0.00190567
1.67114 1.11111 1.02996 0.0122442 -0.00189091
1.69128 1.11111 1.02926 0.0120872 -0.00187826
1.71141 1.11111 1.02857 0.0119381 -0.00186855
1.73154 1.11111 1.02788 0.0117976 -0.00186279
1.75168 1.11111 1.02719 0.0116669 -0.00186225
1.77181 1.11111 1.0265 0.0115476 -0.0018686
1.79195 1.11111 1.02581 0.0114415 -0.00188402
1.81208 1.11111 1.02511 0.0113511 -0.00191145
1.83221 1.11111 1.02441 0.0112793 -0.0019549
1.85235 1.11111 1.02369 0.0112295 -0.00201981
1.87248 1.11111 1.02295 0.0112055 -0.00211362
1.89262 1.11111 1.02219 0.0112107 -0.00224643
1.91275 1.11111 1.02138 0.0112483 -0.00243126
1.93289 1.11111 1.02049 0.011317 -0.0026854
1.95302 1.11111 1.01958 0.011414 -0.00302516
1.97315 1.11111 1.01841 0.0115155 -0.00347398
1.99329 1.11111 1.01742 0.0116039 -0.00401717
2.01342 1.11111 1.01579 0.0116087 -0.00467129
2.03356 1.11111 1.01478 0.0115076 -0.00527721
2.05369 1.11111 1.01367 0.0113443 -0.00582421
2.07383 1.11111 1.01286 0.0111309 -0.00627054
2.09396 1.11111 1.01214 0.0108947 -0.00662069
2.11409 1.11111 1.01156 0.0106464 -0.00687942
2.13423 1.11111 1.01107 0.0103949 -0.00705912
2.15436 1.11111 1.01066 0.0101439 -0.00717166
2.1745 1.11111 1.01029 0.00989507 -0.00722831
2.19463 1.11111 1.00998 0.0096488 -0.00723874
2.21477 1.11111 1.00969 0.00940482 -0.00721109
2.2349 1.11111 1.00943 0.00916259 -0.00715214
2.25503 1.11111 1.0092 0.00892156 -0.00706752
2.27517 1.11111 1.00898 0.00868121 -0.00696187
2.2953 1.11111 1.00877 0.00844108 -0.00683909
2.31544 1.11111 1.00857 0.00820085 -0.00670245
2.33557 1.11111 1.00839 0.00796023 -0.00655469
2.3557 1.11111 1.00821 0.00771906 -0.00639814
2.37584 1.11111 1.00805 0.00747719 -0.00623477
2.39597 1.11111 1.00789 0.00723455 -0.00606625
2.41611 1.11111 1.00773 0.00699111 -0.005894
2.43624 1.11111 1.00759 0.00674686 -0.0057192
2.45638 1.11111 1.00745 0.00650182 -0.00554286
2.47651 1.11111 1.00731 0.00625603 -0.00536579
2.49664 1.11111 1.00718 0.00600954 -0.00518865
2.51678 1.11111 1.00706 0.00576242 -0.00501196
2.53691 1.11111 1.00694 0.00551474 -0.0048361
2.55705 1.11111 1.00683 0.00526659 -0.00466132
2.57718 1.11111 1.00672 0.00501807 -0.00448775
2.59732 1.11111 1.00662 0.00476927 -0.00431541
2.61745 1.11111 1.00653 0.00452032 -0.0041442
2.63758 1.11111 1.00644 0.00427132 -0.00397391
2.65772 1.11111 1.00636 0.00402242 -0.00380419
2.67785 1.11111 1.00628 0.00377375 -0.0036346
2.69799 1.11111 1.00621 0.00352545 -0.00346458
2.71812 1.11111 1.00614 0.0032777 -0.00329341
2.73826 1.11111 1.00608 0.00303067 -0.00312028
2.75839 1.11111 1.00603 0.00278456 -0.0029442
2.77852 1.11111 1.00598 0.00253957 -0.00276406
2.79866 1.11111 1.00594 0.00229594 -0.00257856
2.81879 1.11111 1.00591 0.0020539 -0.00238625
2.83893 1.11111 1.00588 0.00181373 -0.00218548
2.85906 1.11111 1.00586 0.00157571 -0.0019744
2.87919 1.11111 1.00584 0.00134017 -0.00175092
2.89933 1.11111 1.00583 0.00110745 -0.00151273
2.91946 1.11111 1.00583 0.000877904 -0.00125725
2.9396 1.11111 1.00583 0.000651943 -0.000981599
2.95973 1.11111 1.00584 0.000429992 -0.000682593
2.97987 1.11111 1.00586 0.00021251 -0.000356696
3 1.11111 1.00588 0 0

0 1.13131 1.06306 0 0
0.0201342 1.13131 1.06554 -0.000280445 0.00550522
0.0402685 1.13131 1.06837 -9.94067e-05 0.011575
0.0604027 1.13131 1.07466 0.00071181 0.0181733
0.0805369 1.13131 1.07783 0.00207476 0.0246215
0.100671 1.13131 1.08328 0.00377845 0.030875
0.120805 1.13131 1.0866 0.00574746 0.036676
0.14094 1.13131 1.0904 0.00779744 0.0420204
0.161074 1.13131 1.09329 0.00987596 0.0468811
0.181208 1.13131 1.09594 0.0119042 0.0512867
0.201342 1.13131 1.09815 0.0138559 0.0552698
0.221477 1.13131 1.10006 0.0157099 0.0588677
0.241611 1.13131 1.10168 0.0174608 0.0621161
0.261745 1.13131 1.10306 0.0191087 0.0650463
0.281879 1.13131 1.10424 0.0206583 0.0676855
0.302013 1.13131 1.10524 0.022116 0.0700565
0.322148 1.13131 1.10608 0.0234891 0.0721783
0.342282 1.13131 1.10678 0.0247851 0.0740666
0.362416 1.13131 1.10737 0.026011 0.0757341
0.38255 1.13131 1.10785 0.0271733 0.0771915
0.402685 1.13131 1.10823 0.0282779 0.0784474
0.422819 1.13131 1.10852 0.0293301 0.0795088
0.442953 1.13131 1.10873 0.0303344 0.0803813
0.463087 1.13131 1.10886 0.031295 0.0810694
0.483221 1.13131 1.10892 0.0322156 0.0815762
0.503356 1.13131 1.1089 0.0330993 0.0819042
0.52349 1.13131 1.10881 0.033949 0.0820546
0.543624 1.13131 1.10865 0.0347672 0.0820279
0.563758 1.13131 1.10843 0.0355563 0.0818236
0.583893 1.13131 1.10812 0.0363182 0.0814404
0.604027 1.13131 1.10775 0.0370548 0.080876
0.624161 1.13131 1.1073 0.0377679 0.0801269
0.644295 1.13131 1.10677 0.0384588 0.0791887
0.66443 1.13131 1.10615 0.039129 0.0780559
0.684564 1.13131 1.10544 0.0397797 0.0767214
0.704698 1.13131 1.10463 0.0404117 0.0751769
0.724832 1.13131 1.1037 0.0410254 0.0734122
0.744966 1.13131 1.10266 0.0416215 0.0714156
0.765101 1.13131 1.10144 0.0421972 0.0691728
0.785235 1.13131 1.10014 0.0427549 0.0666682
0.805369 1.13131 1.09842 0.0432805 0.0638808
0.825503 1.13131 1.09697 0.0437859 0.0607959
0.845638 1.13131 1.09426 0.0442218 0.0573764
0.865772 1.13131 1.09305 0.0446303 0.0536323
0.885906 1.13131 1.08838 0.0448828 0.0494802
0.90604 1.13131 1.0881 0.0450667 0.0450342
0.926174 1.13131 1.08045 0.0449541 0.0401018
0.946309 1.13131 1.08123 0.0446251 0.035057
0.966443 1.13131 1.07111 0.0438554 0.0295653
0.986577 1.13131 1.07144 0.0426037 0.024385
1.00671 1.13131 1.06199 0.0409087 0.0191638
1.02685 1.13131 1.06009 0.038658 0.0148112
1.04698 1.13131 1.05577 0.0363715 0.0111021
1.06711 1.13131 1.05361 0.0340743 0.00814985
1.08725 1.13131 1.05148 0.0319449 0.00580601
1.10738 1.13131 1.04998 0.0300076 0.00398228
1.12752 1.13131 1.04873 0.0282881 0.00256572
1.14765 1.13131 1.04773 0.0267755 0.00146896
1.16779 1.13131 1.04687 0.0254532 0.000618309
1.18792 1.13131 1.04611 0.0242987 -4.29362e-05
1.20805 1.13131 1.04542 0.0232895 -0.000558573
1.22819 1.13131 1.04477 0.0224041 -0.000961817
1.24832 1.13131 1.04414 0.0216239 -0.00127785
1.26846 1.13131 1.04353 0.0209323 -0.00152576
1.28859 1.13131 1.04292 0.0203154 -0.00172007
1.30872 1.13131 1.0423 0.0197613 -0.0018719
1.32886 1.13131 1.04168 0.0192603 -0.00198982
1.34899 1.13131 1.04105 0.018804 -0.00208048
1.36913 1.13131 1.04042 0.0183855 -0.00214913
1.38926 1.13131 1.03977 0.0179991 -0.00219989
1.4094 1.13131 1.03912 0.0176401 -0.00223609
1.42953 1.13131 1.03845 0.0173044 -0.00226038
1.44966 1.13131 1.03778 0.0169888 -0.00227497
1.4698 1.13131 1.0371 0.0166904 -0.00228164
1.48993 1.13131 1.03642 0.0164071 -0.00228192
1.51007 1.13131 1.03573 0.016137 -0.00227707
1.5302 1.13131 1.03503 0.0158785 -0.0022682
1.55034 1.13131 1.03434 0.0156305 -0.00225627
1.57047 1.13131 1.03364 0.015392 -0.00224215
1.5906 1.13131 1.03294 0.0151622 -0.00222663
1.61074 1.13131 1.03223 0.0149408 -0.00221047
1.63087 1.13131 1.03153 0.0147274 -0.00219442
1.65101 1.13131 1.03083 0.014522 -0.00217924
1.67114 1.13131 1.03012 0.0143246 -0.00216576
1.69128 1.13131 1.02942 0.0141357 -0.00215489
1.71141 1.13131 1.02872 0.0139559 -0.00214769
1.73154 1.13131 1.02802 0.0137858 -0.00214543
1.75168 1.13131 1.02732 0.0136266 -0.00214966
1.77181 1.13131 1.02661 0.0134797 -0.00216237
1.79195 1.13131 1.02591 0.0133466 -0.00218607
1.81208 1.13131 1.02519 0.0132294 -0.00222401
1.83221 1.13131 1.02447 0.0131301 -0.00228041
1.85235 1.13131 1.02374 0.0130511 -0.00236078
1.87248 1.13131 1.02299 0.0129943 -0.00247212
1.89262 1.13131 1.0222 0.0129611 -0.00262328
1.91275 1.13131 1.02139 0.0129511 -0.0028247
1.93289 1.13131 1.02052 0.0129601 -0.00308848
1.95302 1.13131 1.01962 0.0129807 -0.00342414
1.97315 1.13131 1.01857 0.012993 -0.00384143
1.99329 1.13131 1.01761 0.0129792 -0.00432539
2.01342 1.13131 1.01633 0.0129003 -0.00487016
2.03356 1.13131 1.01536 0.0127431 -0.00539036
2.05369 1.13131 1.01438 0.0125292 -0.00586561
2.07383 1.13131 1.01358 0.0122702 -0.00626555
2.09396 1.13131 1.01286 0.0119857 -0.00658656
2.11409 1.13131 1.01226 0.011687 -0.00682932
2.13423 1.13131 1.01173 0.0113831 -0.00700107
2.15436 1.13131 1.01128 0.0110789 -0.00711042
2.1745 1.13131 1.01087 0.0107774 -0.00716636
2.19463 1.13131 1.01052 0.0104796 -0.00717724
2.21477 1.13131 1.01019 0.0101861 -0.00715043
2.2349 1.13131 1.0099 0.00989663 -0.00709232
2.25503 1.13131 1.00963 0.00961083 -0.00700835
2.27517 1.13131 1.00938 0.00932823 -0.00690314
2.2953 1.13131 1.00915 0.00904836 -0.00678056
2.31544 1.13131 1.00893 0.00877075 -0.00664393
2.33557 1.13131 1.00873 0.00849503 -0.00649603
2.3557 1.13131 1.00853 0.00822086 -0.00633923
2.37584 1.13131 1.00835 0.00794797 -0.00617555
2.39597 1.13131 1.00817 0.00767612 -0.00600669
2.41611 1.13131 1.008 0.00740516 -0.0058341
2.43624 1.13131 1.00784 0.00713494 -0.00565899
2.45638 1.13131 1.00769 0.00686535 -0.00548238
2.47651 1.13131 1.00754 0.00659631 -0.00530511
2.49664 1.13131 1.0074 0.00632779 -0.00512784
2.51678 1.13131 1.00727 0.00605975 -0.00495112
2.53691 1.13131 1.00714 0.00579217 -0.00477532
2.55705 1.13131 1.00703 0.00552506 -0.00460071
2.57718 1.13131 1.00691 0.00525846 -0.00442744
2.59732 1.13131 1.00681 0.00499238 -0.00425553
2.61745 1.13131 1.0067 0.0047269 -0.00408488
2.63758 1.13131 1.00661 0.00446206 -0.00391529
2.65772 1.13131 1.00652 0.00419797 -0.00374645
2.67785 1.13131 1.00644 0.00393471 -0.00357791
2.69799 1.13131 1.00637 0.00367239 -0.00340912
2.71812 1.13131 1.0063 0.00341117 -0.00323939
2.73826 1.13131 1.00624 0.00315119 -0.00306791
2.75839 1.13131 1.00618 0.00289261 -0.00289373
2.77852 1.13131 1.00613 0.00263565 -0.00271574
2.79866 1.13131 1.00609 0.00238052 -0.00253267
2.81879 1.13131 1.00605 0.00212747 -0.0023431
2.83893 1.13131 1.00603 0.00187678 -0.00214539
2.85906 1.13131 1.006 0.00162874 -0.00193772
2.87919 1.13131 1.00599 0.00138371 -0.00171805
2.89933 1.13131 1.00598 0.00114204 -0.00148409
2.91946 1.13131 1.00598 0.000904151 -0.00123328
2.9396 1.13131 1.00599 0.00067049 -0.000962788
2.95973 1.13131 1.006 0.000441547 -0.000669471
2.97987 1.13131 1.00602 0.000217852 -0.000349829
3 1.13131 1.00604 0 0

0 1.15152 1.06926 0 0
0.0201342 1.15152 1.07132 -0.000343174 0.0050695
0.0402685 1.15152 1.073 -0.00033021 0.0107038
0.0604027 1.15152 1.07701 0.000168538 0.0167624
0.0805369 1.15152 1.07954 0.00113558 0.0228072
0.100671 1.15152 1.08352 0.00246024 0.0287486
0.120805 1.15152 1.08635 0.00407539 0.0343661
0.14094 1.15152 1.08953 0.0058476 0.0396242
0.161074 1.15152 1.0921 0.00771635 0.0444719
0.181208 1.15152 1.09452 0.00960625 0.0489146
0.201342 1.15152 1.09659 0.0114801 0.0529646
0.221477 1.15152 1.09841 0.0133072 0.0566456
0.241611 1.15152 1.09999 0.0150721 0.0599833
0.261745 1.15152 1.10135 0.0167662 0.0630031
0.281879 1.15152 1.10253 0.0183867 0.0657283
0.302013 1.15152 1.10354 0.0199343 0.0681798
0.322148 1.15152 1.10439 0.0214117 0.0703757
0.342282 1.15152 1.10512 0.0228228 0.0723314
0.362416 1.15152 1.10572 0.0241721 0.0740601
0.38255 1.15152 1.10622 0.0254641 0.0755727
0.402685 1.15152 1.10662 0.0267033 0.0768783
0.422819 1.15152 1.10692 0.0278939 0.0779847
0.442953 1.15152 1.10714 0.0290398 0.0788977
0.463087 1.15152 1.10728 0.0301447 0.0796225
0.483221 1.15152 1.10734 0.0312118 0.0801627
0.503356 1.15152 1.10732 0.032244 0.080521
0.52349 1.15152 1.10722 0.0332441 0.0806992
0.543624 1.15152 1.10705 0.0342145 0.0806981
0.563758 1.15152 1.10681 0.0351574 0.0805174
0.583893 1.15152 1.10649 0.0360748 0.080156
0.604027 1.15152 1.1061 0.0369685 0.0796118
0.624161 1.15152 1.10562 0.0378401 0.0788818
0.644295 1.15152 1.10506 0.0386909 0.0779617
0.66443 1.15152 1.1044 0.0395221 0.0768461
0.684564 1.15152 1.10365 0.0403344 0.0755286
0.704698 1.15152 1.1028 0.0411282 0.0740011
0.724832 1.15152 1.10182 0.041903 0.0722541
0.744966 1.15152 1.10073 0.0426585 0.0702769
0.765101 1.15152 1.09945 0.0433906 0.0680563
0.785235 1.15152 1.0981 0.0440986 0.0655792
0.805369 1.15152 1.09637 0.0447682 0.0628271
0.825503 1.15152 1.09481 0.0454033 0.0597905
0.845638 1.15152 1.09227 0.0459606 0.0564383
0.865772 1.15152 1.09076 0.0464609 0.0527884
0.885906 1.15152 1.08677 0.0468042 0.0487753
0.90604 1.15152 1.08573 0.0470323 0.0445088
0.926174 1.15152 1.07979 0.046987 0.0398519
0.946309 1.15152 1.07916 0.0466934 0.0351071
0.966443 1.15152 1.07188 0.0460206 0.0300647
0.986577 1.15152 1.07073 0.0449208 0.0252576
1.00671 1.15152 1.06421 0.0434516 0.0205005
1.02685 1.15152 1.0618 0.0415548 0.0163493
1.04698 1.15152 1.05819 0.0395416 0.0127198
1.06711 1.15152 1.05585 0.0374669 0.0097048
1.08725 1.15152 1.05367 0.0354693 0.00722648
1.10738 1.15152 1.05197 0.0335946 0.00522627
1.12752 1.15152 1.05052 0.0318793 0.00362215
1.14765 1.15152 1.04931 0.0303305 0.00234265
1.16779 1.15152 1.04827 0.0289447 0.00132371
1.18792 1.15152 1.04735 0.0277101 0.000512593
1.20805 1.15152 1.04651 0.026612 -0.000133526
1.22819 1.15152 1.04574 0.0256343 -0.000648689
1.24832 1.15152 1.045 0.0247618 -0.00105974
1.26846 1.15152 1.04429 0.0239801 -0.00138775
1.28859 1.15152 1.0436 0.0232767 -0.00164924
1.30872 1.15152 1.04291 0.0226403 -0.00185718
1.32886 1.15152 1.04223 0.0220613 -0.00202182
1.34899 1.15152 1.04155 0.0215315 -0.00215128
1.36913 1.15152 1.04087 0.0210439 -0.00225202
1.38926 1.15152 1.04019 0.0205924 -0.00232926
1.4094 1.15152 1.0395 0.020172 -0.00238719
1.42953 1.15152 1.0388 0.0197784 -0.00242927
1.44966 1.15152 1.03811 0.0194081 -0.00245832
1.4698 1.15152 1.0374 0.0190579 -0.00247669
1.48993 1.15152 1.0367 0.0187255 -0.00248637
1.51007 1.15152 1.03599 0.0184085 -0.00248904
1.5302 1.15152 1.03528 0.0181054 -0.00248614
1.55034 1.15152 1.03457 0.0178148 -0.00247896
1.57047 1.15152 1.03386 0.0175355 -0.00246864
1.5906 1.15152 1.03314 0.0172666 -0.00245622
1.61074 1.15152 1.03243 0.0170076 -0.00244269
1.63087 1.15152 1.03172 0.0167581 -0.00242901
1.65101 1.15152 1.031 0.0165179 -0.00241618
1.67114 1.15152 1.03029 0.016287 -0.0024052
1.69128 1.15152 1.02958 0.0160657 -0.00239722
1.71141 1.15152 1.02887 0.0158544 -0.00239351
1.73154 1.15152 1.02816 0.0156537 -0.00239555
1.75168 1.15152 1.02744 0.0154646 -0.00240512
1.77181 1.15152 1.02673 0.015288 -0.00242442
1.79195 1.15152 1.02601 0.0151253 -0.00245611
1.81208 1.15152 1.02529 0.0149778 -0.00250355
1.83221 1.15152 1.02455 0.0148467 -0.00257088
1.85235 1.15152 1.02381 0.0147333 -0.00266322
1.87248 1.15152 1.02305 0.0146381 -0.00278672
1.89262 1.15152 1.02226 0.0145606 -0.00294857
1.91275 1.15152 1.02145 0.0144983 -0.00315648
1.93289 1.15152 1.02059 0.0144456 -0.00341821
1.95302 1.15152 1.01971 0.0143937 -0.00373834
1.97315 1.15152 1.01875 0.0143271 -0.00411911
1.99329 1.15152 1.01782 0.0142305 -0.00454685
2.01342 1.15152 1.01677 0.0140819 -0.00500965
2.03356 1.15152 1.01585 0.0138731 -0.00545783
2.05369 1.15152 1.01496 0.013615 -0.00587108
2.07383 1.15152 1.01419 0.013317 -0.00622668
2.09396 1.15152 1.01349 0.0129931 -0.00651776
2.11409 1.15152 1.01287 0.0126537 -0.00674244
2.13423 1.15152 1.01232 0.0123073 -0.00690439
2.15436 1.15152 1.01184 0.0119593 -0.00700943
2.1745 1.15152 1.01141 0.0116133 -0.00706442
2.19463 1.15152 1.01102 0.0112713 -0.00707624
2.21477 1.15152 1.01067 0.0109344 -0.00705134
2.2349 1.15152 1.01035 0.0106028 -0.00699554
2.25503 1.15152 1.01005 0.0102765 -0.00691393
2.27517 1.15152 1.00978 0.00995521 -0.00681096
2.2953 1.15152 1.00952 0.00963846 -0.00669044
2.31544 1.15152 1.00928 0.00932586 -0.00655564
2.33557 1.15152 1.00905 0.00901698 -0.00640936
2.3557 1.15152 1.00884 0.00871144 -0.00625401
2.37584 1.15152 1.00864 0.00840886 -0.0060916
2.39597 1.15152 1.00845 0.00810894 -0.0059239
2.41611 1.15152 1.00826 0.0078114 -0.00575236
2.43624 1.15152 1.00809 0.00751601 -0.00557824
2.45638 1.15152 1.00793 0.00722256 -0.00540257
2.47651 1.15152 1.00777 0.00693088 -0.00522621
2.49664 1.15152 1.00762 0.00664085 -0.00504986
2.51678 1.15152 1.00748 0.00635234 -0.00487406
2.53691 1.15152 1.00734 0.00606526 -0.00469923
2.55705 1.15152 1.00722 0.00577957 -0.00452563
2.57718 1.15152 1.0071 0.0054952 -0.00435343
2.59732 1.15152 1.00698 0.00521215 -0.00418267
2.61745 1.15152 1.00688 0.0049304 -0.00401327
2.63758 1.15152 1.00678 0.00464998 -0.00384504
2.65772 1.15152 1.00669 0.00437092 -0.00367767
2.67785 1.15152 1.0066 0.00409329 -0.00351076
2.69799 1.15152 1.00652 0.00381717 -0.00334376
2.71812 1.15152 1.00645 0.00354266 -0.00317601
2.73826 1.15152 1.00639 0.0032699 -0.00300671
2.75839 1.15152 1.00633 0.00299904 -0.00283494
2.77852 1.15152 1.00628 0.00273027 -0.00265961
2.79866 1.15152 1.00623 0.00246381 -0.0024795
2.81879 1.15152 1.0062 0.00219989 -0.00229319
2.83893 1.15152 1.00617 0.00193882 -0.00209909
2.85906 1.15152 1.00615 0.0016809 -0.00189542
2.87919 1.15152 1.00613 0.0014265 -0.00168017
2.89933 1.15152 1.00613 0.00117602 -0.00145108
2.91946 1.15152 1.00613 0.000929914 -0.00120566
2.9396 1.15152 1.00614 0.000688676 -0.000941114
2.95973 1.15152 1.00615 0.000452862 -0.000654342
2.97987 1.15152 1.00618 0.000223074 -0.000341906
3 1.15152 1.00621 0 0

0 1.17172 1.07242 0 0
0.0201342 1.17172 1.07334 -0.000379557 0.00482011
0.0402685 1.17172 1.07527 -0.000485374 0.0100812
0.0604027 1.17172 1.07807 -0.000192085 0.0156876
0.0805369 1.17172 1.08049 0.000494082 0.021347
0.100671 1.17172 1.08361 0.00152614 0.0269615
0.120805 1.17172 1.08615 0.00284803 0.0323513
0.14094 1.17172 1.08886 0.00436816 0.0374626
0.161074 1.17172 1.09118 0.00602813 0.0422339
0.181208 1.17172 1.09337 0.00776204 0.0466529
0.201342 1.17172 1.09529 0.00952872 0.0507164
0.221477 1.17172 1.09701 0.0112935 0.0544354
0.241611 1.17172 1.09852 0.0130345 0.0578257
0.261745 1.17172 1.09984 0.014737 0.0609056
0.281879 1.17172 1.10099 0.0163922 0.0636938
0.302013 1.17172 1.10199 0.0179959 0.066208
0.322148 1.17172 1.10285 0.0195466 0.0684642
0.342282 1.17172 1.10357 0.0210446 0.0704769
0.362416 1.17172 1.10419 0.0224917 0.0722587
0.38255 1.17172 1.10469 0.0238903 0.0738202
0.402685 1.17172 1.10509 0.025243 0.0751707
0.422819 1.17172 1.10541 0.0265529 0.0763181
0.442953 1.17172 1.10563 0.0278228 0.0772687
0.463087 1.17172 1.10577 0.0290554 0.0780276
0.483221 1.17172 1.10582 0.0302535 0.0785991
0.503356 1.17172 1.1058 0.0314196 0.078986
0.52349 1.17172 1.1057 0.032556 0.0791904
0.543624 1.17172 1.10552 0.0336648 0.0792133
0.563758 1.17172 1.10527 0.0347478 0.0790548
0.583893 1.17172 1.10493 0.035807 0.078714
0.604027 1.17172 1.10452 0.0368436 0.0781892
0.624161 1.17172 1.10402 0.0378591 0.0774774
0.644295 1.17172 1.10343 0.0388544 0.0765749
0.66443 1.17172 1.10275 0.0398301 0.0754766
0.684564 1.17172 1.10196 0.0407864 0.0741764
0.704698 1.17172 1.10107 0.0417228 0.0726671
0.724832 1.17172 1.10006 0.042638 0.07094
0.744966 1.17172 1.09894 0.04353 0.0689856
0.765101 1.17172 1.09764 0.0443936 0.0667926
0.785235 1.17172 1.09624 0.0452254 0.0643502
0.805369 1.17172 1.09454 0.0460105 0.0616435
0.825503 1.17172 1.0929 0.0467464 0.0586671
0.845638 1.17172 1.09054 0.0473958 0.055398
0.865772 1.17172 1.08883 0.0479633 0.051857
0.885906 1.17172 1.08542 0.0483729 0.0479994
0.90604 1.17172 1.08386 0.0486369 0.0439205
0.926174 1.17172 1.07919 0.0486471 0.0395351
0.946309 1.17172 1.07771 0.0484007 0.0350738
0.966443 1.17172 1.07229 0.0478214 0.0304224
0.986577 1.17172 1.07037 0.0468699 0.0259453
1.00671 1.17172 1.06554 0.045598 0.0215645
1.02685 1.17172 1.06294 0.0439825 0.0176233
1.04698 1.17172 1.0598 0.0422143 0.0141082
1.06711 1.17172 1.05745 0.0403549 0.0110931
1.08725 1.17172 1.05532 0.0385109 0.00854365
1.10738 1.17172 1.05355 0.0367351 0.00642435
1.12752 1.17172 1.05202 0.0350679 0.00467843
1.14765 1.17172 1.05069 0.0335273 0.00325023
1.16779 1.17172 1.04953 0.0321195 0.00208656
1.18792 1.17172 1.04849 0.0308415 0.00114071
1.20805 1.17172 1.04754 0.0296858 0.000372836
1.22819 1.17172 1.04666 0.0286419 -0.000250128
1.24832 1.17172 1.04583 0.0276983 -0.000755267
1.26846 1.17172 1.04504 0.0268439 -0.00116454
1.28859 1.17172 1.04427 0.0260678 -0.00149569
1.30872 1.17172 1.04352 0.0253601 -0.001763
1.32886 1.17172 1.04278 0.0247121 -0.00197799
1.34899 1.17172 1.04205 0.0241158 -0.00214997
1.36913 1.17172 1.04133 0.0235646 -0.00228652
1.38926 1.17172 1.0406 0.0230525 -0.00239379
1.4094 1.17172 1.03988 0.0225743 -0.00247683
1.42953 1.17172 1.03916 0.0221257 -0.00253983
1.44966 1.17172 1.03843 0.0217029 -0.00258625
1.4698 1.17172 1.03771 0.0213028 -0.002619
1.48993 1.17172 1.03698 0.0209226 -0.00264053
1.51007 1.17172 1.03626 0.0205601 -0.00265296
1.5302 1.17172 1.03553 0.0202134 -0.0026581
1.55034 1.17172 1.03481 0.019881 -0.00265756
1.57047 1.17172 1.03408 0.0195615 -0.00265276
1.5906 1.17172 1.03335 0.0192541 -0.00264502
1.61074 1.17172 1.03263 0.0189579 -0.00263556
1.63087 1.17172 1.03191 0.0186725 -0.00262558
1.65101 1.17172 1.03118 0.0183975 -0.00261627
1.67114 1.17172 1.03046 0.0181329 -0.00260885
1.69128 1.17172 1.02974 0.0178788 -0.00260465
1.71141 1.17172 1.02902 0.0176355 -0.00260513
1.73154 1.17172 1.02829 0.0174033 -0.00261194
1.75168 1.17172 1.02757 0.017183 -0.00262702
1.77181 1.17172 1.02685 0.0169752 -0.00265264
1.79195 1.17172 1.02612 0.0167806 -0.00269152
1.81208 1.17172 1.02539 0.0166001 -0.00274691
1.83221 1.17172 1.02465 0.0164342 -0.00282267
1.85235 1.17172 1.0239 0.016283 -0.00292331
1.87248 1.17172 1.02313 0.0161461 -0.00305392
1.89262 1.17172 1.02235 0.0160215 -0.00322002
1.91275 1.17172 1.02155 0.0159059 -0.00342694
1.93289 1.17172 1.02071 0.0157931 -0.00367916
1.95302 1.17172 1.01986 0.0156748 -0.0039781
1.97315 1.17172 1.01896 0.0155389 -0.00432206
1.99329 1.17172 1.01808 0.0153736 -0.0046994
2.01342 1.17172 1.01715 0.0151657 -0.00509716
2.03356 1.17172 1.01629 0.0149101 -0.00548471
2.05369 1.17172 1.01546 0.0146123 -0.00584433
2.07383 1.17172 1.01471 0.0142795 -0.0061588
2.09396 1.17172 1.01403 0.013922 -0.00642035
2.11409 1.17172 1.01341 0.0135487 -0.00662579
2.13423 1.17172 1.01286 0.0131669 -0.00677638
2.15436 1.17172 1.01236 0.0127824 -0.00687579
2.1745 1.17172 1.0119 0.0123991 -0.00692903
2.19463 1.17172 1.01149 0.0120194 -0.00694159
2.21477 1.17172 1.01111 0.0116448 -0.00691891
2.2349 1.17172 1.01077 0.0112762 -0.00686612
2.25503 1.17172 1.01045 0.0109137 -0.0067879
2.27517 1.17172 1.01015 0.0105573 -0.00668839
2.2953 1.17172 1.00987 0.0102068 -0.00657126
2.31544 1.17172 1.00961 0.00986191 -0.0064397
2.33557 1.17172 1.00937 0.00952214 -0.00629646
2.3557 1.17172 1.00914 0.00918715 -0.00614393
2.37584 1.17172 1.00892 0.00885654 -0.00598416
2.39597 1.17172 1.00871 0.00852995 -0.0058189
2.41611 1.17172 1.00852 0.00820705 -0.00564965
2.43624 1.17172 1.00833 0.00788754 -0.00547767
2.45638 1.17172 1.00816 0.00757114 -0.00530404
2.47651 1.17172 1.00799 0.00725763 -0.00512963
2.49664 1.17172 1.00783 0.00694679 -0.00495516
2.51678 1.17172 1.00768 0.00663844 -0.00478119
2.53691 1.17172 1.00754 0.00633244 -0.00460816
2.55705 1.17172 1.0074 0.00602865 -0.00443637
2.57718 1.17172 1.00728 0.00572699 -0.00426599
2.59732 1.17172 1.00716 0.00542737 -0.00409707
2.61745 1.17172 1.00704 0.00512975 -0.00392957
2.63758 1.17172 1.00694 0.00483409 -0.00376332
2.65772 1.17172 1.00684 0.00454041 -0.00359802
2.67785 1.17172 1.00675 0.00424871 -0.0034333
2.69799 1.17172 1.00667 0.00395907 -0.00326863
2.71812 1.17172 1.0066 0.00367154 -0.00310337
2.73826 1.17172 1.00653 0.00338626 -0.00293676
2.75839 1.17172 1.00647 0.00310336 -0.0027679
2.77852 1.17172 1.00642 0.002823 -0.00259575
2.79866 1.17172 1.00638 0.00254542 -0.0024191
2.81879 1.17172 1.00634 0.00227085 -0.00223657
2.83893 1.17172 1.00631 0.00199959 -0.00204664
2.85906 1.17172 1.00629 0.00173197 -0.00184753
2.87919 1.17172 1.00628 0.00146838 -0.0016373
2.89933 1.17172 1.00627 0.00120926 -0.00141375
2.91946 1.17172 1.00627 0.000955093 -0.00117442
2.9396 1.17172 1.00628 0.000706433 -0.000916589
2.95973 1.17172 1.0063 0.000463897 -0.000637216
2.97987 1.17172 1.00633 0.000228158 -0.00033293
3 1.17172 1.00636 0 0

0 1.19192 1.07517 0 0
0.0201342 1.19192 1.07591 -0.000398919 0.00459848
0.0402685 1.19192 1.07746 -0.000571682 0.00956514
0.0604027 1.19192 1.07946 -0.000421217 0.0148033
0.0805369 1.19192 1.08152 6.33868e-05 0.0201242
0.100671 1.19192 1.08395 0.000867011 0.0254296
0.120805 1.19192 1.08615 0.0019492 0.03058
0.14094 1.19192 1.08844 0.00324843 0.0355131
0.161074 1.19192 1.0905 0.00471361 0.0401669
0.181208 1.19192 1.09246 0.00628978 0.0445175
0.201342 1.19192 1.09422 0.00793625 0.0485511
0.221477 1.19192 1.09582 0.009618 0.0522685
0.241611 1.19192 1.09724 0.0113099 0.0556769
0.261745 1.19192 1.0985 0.0129932 0.0587879
0.281879 1.19192 1.09962 0.0146552 0.061615
0.302013 1.19192 1.10059 0.0162875 0.0641721
0.322148 1.19192 1.10143 0.0178851 0.0664727
0.342282 1.19192 1.10215 0.0194452 0.0685295
0.362416 1.19192 1.10276 0.020967 0.0703539
0.38255 1.19192 1.10326 0.0224505 0.071956
0.402685 1.19192 1.10366 0.0238968 0.0733448
0.422819 1.19192 1.10397 0.0253072 0.0745278
0.442953 1.19192 1.10419 0.0266836 0.0755114
0.463087 1.19192 1.10433 0.0280276 0.0763009
0.483221 1.19192 1.10438 0.0293411 0.0769006
0.503356 1.19192 1.10436 0.0306261 0.0773135
0.52349 1.19192 1.10425 0.0318842 0.077542
0.543624 1.19192 1.10406 0.033117 0.0775873
0.563758 1.19192 1.10379 0.034326 0.0774497
0.583893 1.19192 1.10344 0.0355126 0.0771286
0.604027 1.19192 1.10301 0.0366776 0.0766224
0.624161 1.19192 1.10249 0.0378219 0.0759287
0.644295 1.19192 1.10188 0.038946 0.075044
0.66443 1.19192 1.10118 0.0400497 0.0739638
0.684564 1.19192 1.10038 0.0411325 0.0726826
0.704698 1.19192 1.09946 0.0421931 0.071194
0.724832 1.19192 1.09843 0.0432288 0.0694905
0.744966 1.19192 1.09728 0.0442365 0.067564
0.765101 1.19192 1.09598 0.0452096 0.0654052
0.785235 1.19192 1.09456 0.0461422 0.063006
0.805369 1.19192 1.09289 0.0470196 0.0603552
0.825503 1.19192 1.09123 0.0478342 0.0574509
0.845638 1.19192 1.08903 0.0485541 0.0542781
0.865772 1.19192 1.08721 0.0491733 0.050858
0.885906 1.19192 1.08426 0.0496341 0.0471649
0.90604 1.19192 1.08241 0.0499319 0.0432774
0.926174 1.19192 1.07863 0.0499924 0.0391512
0.946309 1.19192 1.0767 0.0498012 0.0349567
0.966443 1.19192 1.0725 0.0493131 0.0306449
0.986577 1.19192 1.07024 0.0485001 0.0264626
1.00671 1.19192 1.06646 0.0474028 0.0223943
1.02685 1.19192 1.06388 0.0460189 0.0186578
1.04698 1.19192 1.0611 0.0444692 0.0152733
1.06711 1.19192 1.05881 0.0428113 0.0122999
1.08725 1.19192 1.05673 0.0411277 0.00972827
1.10738 1.19192 1.05493 0.0394699 0.00753898
1.12752 1.19192 1.05334 0.0378786 0.00569426
1.14765 1.19192 1.05193 0.0363775 0.00415237
1.16779 1.19192 1.05068 0.0349794 0.00287066
1.18792 1.19192 1.04954 0.0336881 0.00180938
1.20805 1.19192 1.0485 0.032502 0.000932969
1.22819 1.19192 1.04754 0.0314157 0.000210644
1.24832 1.19192 1.04663 0.0304217 -0.000383723
1.26846 1.19192 1.04576 0.0295118 -0.00087201
1.28859 1.19192 1.04493 0.0286775 -0.00127239
1.30872 1.19192 1.04412 0.0279106 -0.00159986
1.32886 1.19192 1.04333 0.0272035 -0.00186681
1.34899 1.19192 1.04255 0.026549 -0.00208343
1.36913 1.19192 1.04178 0.025941 -0.00225815
1.38926 1.19192 1.04102 0.0253737 -0.00239795
1.4094 1.19192 1.04027 0.0248423 -0.00250861
1.42953 1.19192 1.03951 0.0243424 -0.00259499
1.44966 1.19192 1.03876 0.0238703 -0.00266113
1.4698 1.19192 1.03802 0.0234228 -0.00271049
1.48993 1.19192 1.03727 0.0229971 -0.00274598
1.51007 1.19192 1.03653 0.0225908 -0.00277013
1.5302 1.19192 1.03578 0.022202 -0.00278513
1.55034 1.19192 1.03504 0.021829 -0.0027929
1.57047 1.19192 1.0343 0.0214704 -0.00279518
1.5906 1.19192 1.03356 0.0211252 -0.00279353
1.61074 1.19192 1.03283 0.0207924 -0.00278944
1.63087 1.19192 1.03209 0.0204716 -0.0027843
1.65101 1.19192 1.03136 0.0201622 -0.00277953
1.67114 1.19192 1.03063 0.019864 -0.00277652
1.69128 1.19192 1.0299 0.019577 -0.00277678
1.71141 1.19192 1.02917 0.0193013 -0.0027819
1.73154 1.19192 1.02844 0.019037 -0.00279368
1.75168 1.19192 1.02771 0.0187845 -0.0028141
1.77181 1.19192 1.02697 0.0185441 -0.00284548
1.79195 1.19192 1.02624 0.0183162 -0.00289044
1.81208 1.19192 1.0255 0.018101 -0.00295202
1.83221 1.19192 1.02476 0.0178983 -0.00303366
1.85235 1.19192 1.024 0.0177077 -0.00313916
1.87248 1.19192 1.02324 0.0175276 -0.00327257
1.89262 1.19192 1.02246 0.0173556 -0.00343791
1.91275 1.19192 1.02167 0.0171879 -0.00363859
1.93289 1.19192 1.02086 0.0170185 -0.00387682
1.95302 1.19192 1.02003 0.0168402 -0.0041521
1.97315 1.19192 1.01918 0.0166436 -0.00446093
1.99329 1.19192 1.01834 0.0164198 -0.00479353
2.01342 1.19192 1.01749 0.0161605 -0.00513811
2.03356 1.19192 1.01668 0.0158624 -0.00547436
2.05369 1.19192 1.0159 0.0155286 -0.0057877
2.07383 1.19192 1.01518 0.0151644 -0.00606482
2.09396 1.19192 1.01451 0.0147773 -0.00629822
2.11409 1.19192 1.0139 0.0143748 -0.00648416
2.13423 1.19192 1.01334 0.0139633 -0.00662242
2.15436 1.19192 1.01282 0.013548 -0.00671508
2.1745 1.19192 1.01236 0.013133 -0.00676566
2.19463 1.19192 1.01192 0.0127211 -0.00677839
2.21477 1.19192 1.01153 0.012314 -0.00675777
2.2349 1.19192 1.01116 0.0119129 -0.00670822
2.25503 1.19192 1.01082 0.0115184 -0.00663388
2.27517 1.19192 1.01051 0.0111307 -0.00653858
2.2953 1.19192 1.01021 0.0107498 -0.00642575
2.31544 1.19192 1.00993 0.0103753 -0.00629844
2.33557 1.19192 1.00967 0.0100071 -0.00615931
2.3557 1.19192 1.00943 0.00964483 -0.00601071
2.37584 1.19192 1.00919 0.00928805 -0.00585467
2.39597 1.19192 1.00897 0.00893641 -0.00569295
2.41611 1.19192 1.00877 0.00858957 -0.00552704
2.43624 1.19192 1.00857 0.00824719 -0.00535823
2.45638 1.19192 1.00838 0.00790895 -0.00518761
2.47651 1.19192 1.0082 0.00757457 -0.00501607
2.49664 1.19192 1.00804 0.0072438 -0.00484436
2.51678 1.19192 1.00788 0.00691639 -0.00467305
2.53691 1.19192 1.00773 0.00659217 -0.00450261
2.55705 1.19192 1.00758 0.00627093 -0.00433336
2.57718 1.19192 1.00745 0.00595255 -0.00416548
2.59732 1.19192 1.00733 0.00563691 -0.00399907
2.61745 1.19192 1.00721 0.0053239 -0.0038341
2.63758 1.19192 1.0071 0.00501346 -0.00367041
2.65772 1.19192 1.007 0.00470557 -0.00350774
2.67785 1.19192 1.0069 0.0044002 -0.00334574
2.69799 1.19192 1.00682 0.0040974 -0.00318392
2.71812 1.19192 1.00674 0.00379721 -0.00302166
2.73826 1.19192 1.00667 0.00349972 -0.00285823
2.75839 1.19192 1.00661 0.00320508 -0.00269278
2.77852 1.19192 1.00656 0.00291343 -0.00252428
2.79866 1.19192 1.00651 0.002625 -0.00235158
2.81879 1.19192 1.00647 0.00234003 -0.00217336
2.83893 1.19192 1.00645 0.00205882 -0.0019881
2.85906 1.19192 1.00642 0.00178174 -0.00179412
2.87919 1.19192 1.00641 0.00150918 -0.00158951
2.89933 1.19192 1.00641 0.00124162 -0.00137213
2.91946 1.19192 1.00641 0.000979592 -0.0011396
2.9396 1.19192 1.00643 0.000723695 -0.000889244
2.95973 1.19192 1.00645 0.000474611 -0.000618113
2.97987 1.19192 1.00648 0.000233088 -0.000322913
3 1.19192 1.00652 0 0

0 1.21212 1.07704 0 0
0.0201342 1.21212 1.07757 -0.000410469 0.00442613
0.0402685 1.21212 1.07896 -0.000628878 0.00914121
0.0604027 1.21212 1.08049 -0.000576198 0.0140699
0.0805369 1.21212 1.08229 -0.000236023 0.019087
0.100671 1.21212 1.08426 0.000393442 0.0241042
0.120805 1.21212 1.08619 0.0012847 0.0290136
0.14094 1.21212 1.08814 0.00239736 0.0337522
0.161074 1.21212 1.08998 0.00368944 0.0382617
0.181208 1.21212 1.09172 0.00511652 0.0425114
0.201342 1.21212 1.09333 0.00664118 0.0464811
0.221477 1.21212 1.0948 0.00823034 0.0501639
0.241611 1.21212 1.09613 0.00985798 0.0535601
0.261745 1.21212 1.09732 0.0115035 0.056675
0.281879 1.21212 1.09839 0.0131516 0.0595174
0.302013 1.21212 1.09932 0.014791 0.0620974
0.322148 1.21212 1.10013 0.0164139 0.0644255
0.342282 1.21212 1.10083 0.018015 0.0665123
0.362416 1.21212 1.10143 0.0195909 0.0683676
0.38255 1.21212 1.10192 0.0211399 0.0700007
0.402685 1.21212 1.10232 0.0226612 0.0714196
0.422819 1.21212 1.10262 0.0241546 0.0726316
0.442953 1.21212 1.10284 0.0256206 0.0736428
0.463087 1.21212 1.10297 0.0270599 0.0744583
0.483221 1.21212 1.10302 0.0284735 0.0750825
0.503356 1.21212 1.10298 0.0298623 0.0755185
0.52349 1.21212 1.10287 0.0312275 0.0757687
0.543624 1.21212 1.10267 0.03257 0.0758345
0.563758 1.21212 1.10239 0.0338906 0.0757164
0.583893 1.21212 1.10203 0.0351901 0.0754141
0.604027 1.21212 1.10159 0.0364689 0.0749263
0.624161 1.21212 1.10105 0.037727 0.0742509
0.644295 1.21212 1.10043 0.0389644 0.0733848
0.66443 1.21212 1.09971 0.0401801 0.0723243
0.684564 1.21212 1.09889 0.0413726 0.0710646
0.704698 1.21212 1.09796 0.0425398 0.0696002
0.724832 1.21212 1.09692 0.043678 0.0679249
0.744966 1.21212 1.09576 0.0447825 0.0660322
0.765101 1.21212 1.09446 0.045846 0.0639149
0.785235 1.21212 1.09305 0.0468606 0.0615673
0.805369 1.21212 1.09143 0.0478117 0.0589823
0.825503 1.21212 1.08976 0.0486884 0.0561604
0.845638 1.21212 1.08771 0.0494634 0.0530941
0.865772 1.21212 1.08584 0.0501245 0.0498037
0.885906 1.21212 1.08325 0.0506275 0.0462791
0.90604 1.21212 1.08125 0.0509593 0.0425829
0.926174 1.21212 1.07811 0.0510684 0.0387006
0.946309 1.21212 1.07598 0.0509372 0.0347567
0.966443 1.21212 1.07258 0.050538 0.0307426
0.986577 1.21212 1.07023 0.049853 0.026827
1.00671 1.21212 1.06709 0.0489119 0.0230274
1.02685 1.21212 1.06462 0.0477238 0.0194872
1.04698 1.21212 1.06209 0.0463678 0.0162404
1.06711 1.21212 1.0599 0.0448946 0.0133353
1.08725 1.21212 1.05788 0.0433685 0.0107761
1.10738 1.21212 1.05609 0.0418367 0.00855458
1.12752 1.21212 1.05447 0.0403377 0.00664682
1.14765 1.21212 1.05302 0.0388976 0.00502262
1.16779 1.21212 1.0517 0.0375329 0.00364878
1.18792 1.21212 1.0505 0.0362523 0.00249245
1.20805 1.21212 1.04939 0.0350587 0.00152286
1.22819 1.21212 1.04835 0.033951 0.000712275
1.24832 1.21212 1.04738 0.0329254 3.63231e-05
1.26846 1.21212 1.04645 0.0319766 -0.000526039
1.28859 1.21212 1.04556 0.0310984 -0.000992767
1.30872 1.21212 1.0447 0.0302846 -0.00137906
1.32886 1.21212 1.04386 0.0295287 -0.00169772
1.34899 1.21212 1.04304 0.0288248 -0.0019595
1.36913 1.21212 1.04223 0.0281674 -0.00217345
1.38926 1.21212 1.04144 0.0275513 -0.00234716
1.4094 1.21212 1.04065 0.0269719 -0.00248703
1.42953 1.21212 1.03987 0.0264253 -0.00259848
1.44966 1.21212 1.03909 0.0259076 -0.00268608
1.4698 1.21212 1.03832 0.0254159 -0.00275376
1.48993 1.21212 1.03756 0.0249474 -0.00280489
1.51007 1.21212 1.03679 0.0244996 -0.00284236
1.5302 1.21212 1.03604 0.0240706 -0.00286874
1.55034 1.21212 1.03528 0.0236587 -0.00288625
1.57047 1.21212 1.03452 0.0232623 -0.00289693
1.5906 1.21212 1.03377 0.0228805 -0.00290259
1.61074 1.21212 1.03302 0.0225121 -0.00290495
1.63087 1.21212 1.03228 0.0221566 -0.00290564
1.65101 1.21212 1.03154 0.0218133 -0.00290622
1.67114 1.21212 1.03079 0.0214818 -0.00290829
1.69128 1.21212 1.03005 0.021162 -0.00291348
1.71141 1.21212 1.02932 0.0208538 -0.0029235
1.73154 1.21212 1.02858 0.0205571 -0.0029402
1.75168 1.21212 1.02784 0.0202719 -0.00296563
1.77181 1.21212 1.0271 0.0199983 -0.003002
1.79195 1.21212 1.02636 0.0197363 -0.00305183
1.81208 1.21212 1.02562 0.0194854 -0.00311783
1.83221 1.21212 1.02487 0.0192452 -0.00320299
1.85235 1.21212 1.02412 0.0190145 -0.00331042
1.87248 1.21212 1.02336 0.0187915 -0.0034432
1.89262 1.21212 1.02259 0.0185732 -0.00360413
1.91275 1.21212 1.02181 0.0183559 -0.00379519
1.93289 1.21212 1.02101 0.0181342 -0.00401708
1.95302 1.21212 1.02021 0.0179019 -0.00426821
1.97315 1.21212 1.01941 0.0176518 -0.00454445
1.99329 1.21212 1.0186 0.0173774 -0.00483762
2.01342 1.21212 1.0178 0.017073 -0.00513761
2.03356 1.21212 1.01703 0.0167366 -0.00543012
2.05369 1.21212 1.01629 0.0163699 -0.00570341
2.07383 1.21212 1.01559 0.015977 -0.00594702
2.09396 1.21212 1.01494 0.0155635 -0.00615417
2.11409 1.21212 1.01433 0.0151353 -0.00632103
2.13423 1.21212 1.01377 0.0146981 -0.00644654
2.15436 1.21212 1.01325 0.0142567 -0.00653166
2.1745 1.21212 1.01277 0.0138147 -0.00657876
2.19463 1.21212 1.01233 0.0133752 -0.00659102
2.21477 1.21212 1.01192 0.0129401 -0.00657207
2.2349 1.21212 1.01153 0.0125108 -0.00652563
2.25503 1.21212 1.01118 0.0120882 -0.00645534
2.27517 1.21212 1.01084 0.0116726 -0.00636462
2.2953 1.21212 1.01053 0.0112644 -0.00625665
2.31544 1.21212 1.01024 0.0108633 -0.00613426
2.33557 1.21212 1.00996 0.0104692 -0.00600003
2.3557 1.21212 1.0097 0.0100818 -0.0058562
2.37584 1.21212 1.00946 0.00970081 -0.00570477
2.39597 1.21212 1.00923 0.0093259 -0.00554747
2.41611 1.21212 1.009 0.00895668 -0.00538579
2.43624 1.21212 1.0088 0.00859283 -0.00522101
2.45638 1.21212 1.0086 0.00823399 -0.00505424
2.47651 1.21212 1.00841 0.00787987 -0.00488639
2.49664 1.21212 1.00823 0.00753018 -0.00471821
2.51678 1.21212 1.00807 0.00718463 -0.00455031
2.53691 1.21212 1.00791 0.00684301 -0.00438317
2.55705 1.21212 1.00776 0.00650508 -0.00421713
2.57718 1.21212 1.00762 0.00617068 -0.00405241
2.59732 1.21212 1.00749 0.00583964 -0.00388911
2.61745 1.21212 1.00737 0.00551183 -0.00372724
2.63758 1.21212 1.00725 0.00518716 -0.00356666
2.65772 1.21212 1.00715 0.00486557 -0.00340716
2.67785 1.21212 1.00705 0.00454701 -0.00324839
2.69799 1.21212 1.00696 0.00423149 -0.0030899
2.71812 1.21212 1.00688 0.00391904 -0.00293111
2.73826 1.21212 1.00681 0.00360975 -0.00277134
2.75839 1.21212 1.00674 0.00330373 -0.00260975
2.77852 1.21212 1.00669 0.00300114 -0.00244538
2.79866 1.21212 1.00664 0.00270218 -0.00227711
2.81879 1.21212 1.00661 0.00240712 -0.00210368
2.83893 1.21212 1.00658 0.00211627 -0.00192362
2.85906 1.21212 1.00656 0.00182999 -0.00173531
2.87919 1.21212 1.00654 0.00154873 -0.0015369
2.89933 1.21212 1.00654 0.00127297 -0.00132631
2.91946 1.21212 1.00655 0.00100331 -0.00110125
2.9396 1.21212 1.00656 0.000740395 -0.000859125
2.95973 1.21212 1.00659 0.000484965 -0.000597063
2.97987 1.21212 1.00662 0.000237845 -0.000311869
3 1.21212 1.00667 0 0

0 1.23232 1.07847 0 0
0.0201342 1.23232 1.07897 -0.000417949 0.00427162
0.0402685 1.23232 1.08016 -0.000665738 0.00877086
0.0604027 1.23232 1.08139 -0.00068166 0.0134362
0.0805369 1.23232 1.08294 -0.00044618 0.0181835
0.100671 1.23232 1.08457 5.00809e-05 0.0229367
0.120805 1.23232 1.08625 0.000790065 0.0276125
0.14094 1.23232 1.08793 0.00174766 0.0321517
0.161074 1.23232 1.08956 0.00288983 0.0365016
0.181208 1.23232 1.09112 0.00418135 0.0406287
0.201342 1.23232 1.09258 0.00558935 0.0445093
0.221477 1.23232 1.09393 0.00708389 0.0481312
0.241611 1.23232 1.09516 0.00863967 0.0514894
0.261745 1.23232 1.09628 0.0102357 0.0545844
0.281879 1.23232 1.09728 0.0118554 0.0574204
0.302013 1.23232 1.09817 0.0134857 0.060004
0.322148 1.23232 1.09895 0.0151167 0.0623429
0.342282 1.23232 1.09962 0.0167412 0.0644453
0.362416 1.23232 1.1002 0.0183539 0.0663193
0.38255 1.23232 1.10068 0.0199511 0.0679728
0.402685 1.23232 1.10106 0.0215305 0.0694131
0.422819 1.23232 1.10136 0.0230906 0.0706467
0.442953 1.23232 1.10156 0.0246305 0.0716792
0.463087 1.23232 1.10169 0.0261498 0.0725157
0.483221 1.23232 1.10173 0.0276484 0.0731601
0.503356 1.23232 1.10168 0.0291266 0.0736157
0.52349 1.23232 1.10156 0.0305846 0.0738849
0.543624 1.23232 1.10136 0.0320225 0.0739691
0.563758 1.23232 1.10107 0.0334406 0.0738692
0.583893 1.23232 1.1007 0.0348387 0.0735849
0.604027 1.23232 1.10024 0.0362168 0.0731153
0.624161 1.23232 1.0997 0.0375741 0.0724588
0.644295 1.23232 1.09906 0.0389098 0.0716128
0.66443 1.23232 1.09833 0.0402221 0.0705741
0.684564 1.23232 1.0975 0.0415087 0.0693389
0.704698 1.23232 1.09657 0.0427664 0.0679026
0.724832 1.23232 1.09553 0.0439907 0.0662605
0.744966 1.23232 1.09437 0.0451757 0.0644075
0.765101 1.23232 1.09308 0.0463133 0.0623389
0.785235 1.23232 1.09168 0.0473943 0.0600511
0.805369 1.23232 1.09011 0.0484044 0.0575404
0.825503 1.23232 1.08846 0.0493308 0.0548095
0.845638 1.23232 1.08654 0.0501501 0.0518572
0.865772 1.23232 1.08468 0.0508468 0.0487022
0.885906 1.23232 1.08235 0.0513869 0.0453459
0.90604 1.23232 1.08033 0.0517538 0.0418384
0.926174 1.23232 1.07762 0.0519111 0.0381842
0.946309 1.23232 1.07545 0.0518418 0.0344749
0.966443 1.23232 1.07257 0.0515285 0.030725
0.986577 1.23232 1.07025 0.0509608 0.0270523
1.00671 1.23232 1.06755 0.0501605 0.0234896
1.02685 1.23232 1.0652 0.0491413 0.0201356
1.04698 1.23232 1.06288 0.0479577 0.0170284
1.06711 1.23232 1.06078 0.0466526 0.0142081
1.08725 1.23232 1.05884 0.045277 0.0116861
1.10738 1.23232 1.05707 0.0438724 0.00946156
1.12752 1.23232 1.05545 0.0424742 0.00752041
1.14765 1.23232 1.05397 0.0411086 0.00584156
1.16779 1.23232 1.05262 0.0397941 0.00439981
1.18792 1.23232 1.05137 0.0385424 0.00316867
1.20805 1.23232 1.0502 0.0373597 0.00212217
1.22819 1.23232 1.04911 0.0362484 0.00123595
1.24832 1.23232 1.04808 0.0352076 0.000487909
1.26846 1.23232 1.0471 0.0342349 -0.000141648
1.28859 1.23232 1.04616 0.0333264 -0.00066995
1.30872 1.23232 1.04525 0.0324774 -0.00111193
1.32886 1.23232 1.04437 0.0316832 -0.00148045
1.34899 1.23232 1.04351 0.0309389 -0.0017865
1.36913 1.23232 1.04267 0.0302398 -0.00203949
1.38926 1.23232 1.04184 0.0295816 -0.00224744
1.4094 1.23232 1.04102 0.02896 -0.0024172
1.42953 1.23232 1.04022 0.0283715 -0.00255464
1.44966 1.23232 1.03942 0.0278126 -0.00266478
1.4698 1.23232 1.03863 0.0272803 -0.00275196
1.48993 1.23232 1.03784 0.026772 -0.00281992
1.51007 1.23232 1.03706 0.0262855 -0.00287193
1.5302 1.23232 1.03628 0.0258186 -0.00291086
1.55034 1.23232 1.03551 0.0253698 -0.00293925
1.57047 1.23232 1.03474 0.0249374 -0.00295938
1.5906 1.23232 1.03398 0.0245204 -0.00297334
1.61074 1.23232 1.03322 0.0241177 -0.00298304
1.63087 1.23232 1.03246 0.0237284 -0.00299031
1.65101 1.23232 1.03171 0.023352 -0.00299689
1.67114 1.23232 1.03096 0.0229878 -0.00300452
1.69128 1.23232 1.03021 0.0226357 -0.00301493
1.71141 1.23232 1.02947 0.0222952 -0.00302993
1.73154 1.23232 1.02872 0.0219661 -0.00305139
1.75168 1.23232 1.02798 0.0216483 -0.00308134
1.77181 1.23232 1.02723 0.0213413 -0.0031219
1.79195 1.23232 1.02649 0.0210449 -0.00317538
1.81208 1.23232 1.02575 0.0207584 -0.0032442
1.83221 1.23232 1.025 0.0204807 -0.00333086
1.85235 1.23232 1.02424 0.0202105 -0.00343785
1.87248 1.23232 1.02349 0.0199456 -0.00356744
1.89262 1.23232 1.02272 0.0196831 -0.00372147
1.91275 1.23232 1.02196 0.0194194 -0.00390091
1.93289 1.23232 1.02118 0.0191498 -0.00410549
1.95302 1.23232 1.0204 0.018869 -0.0043331
1.97315 1.23232 1.01963 0.0185717 -0.00457956
1.99329 1.23232 1.01885 0.0182528 -0.00483801
2.01342 1.23232 1.01809 0.0179086 -0.00510002
2.03356 1.23232 1.01735 0.0175376 -0.005355
2.05369 1.23232 1.01664 0.0171409 -0.00559353
2.07383 1.23232 1.01596 0.0167217 -0.00580727
2.09396 1.23232 1.01532 0.0162842 -0.00599031
2.11409 1.23232 1.01472 0.0158333 -0.00613899
2.13423 1.23232 1.01416 0.0153737 -0.00625179
2.15436 1.23232 1.01364 0.0149095 -0.00632894
2.1745 1.23232 1.01315 0.0144444 -0.00637194
2.19463 1.23232 1.0127 0.0139812 -0.00638314
2.21477 1.23232 1.01227 0.0135219 -0.00636539
2.2349 1.23232 1.01188 0.0130682 -0.00632179
2.25503 1.23232 1.01151 0.012621 -0.00625546
2.27517 1.23232 1.01116 0.0121809 -0.00616945
2.2953 1.23232 1.01084 0.0117484 -0.00606661
2.31544 1.23232 1.01053 0.0113234 -0.00594958
2.33557 1.23232 1.01024 0.0109059 -0.00582077
2.3557 1.23232 1.00997 0.0104957 -0.00568233
2.37584 1.23232 1.00971 0.0100926 -0.00553617
2.39597 1.23232 1.00947 0.00969629 -0.00538398
2.41611 1.23232 1.00923 0.00930638 -0.00522724
2.43624 1.23232 1.00902 0.00892255 -0.00506722
2.45638 1.23232 1.00881 0.00854449 -0.00490502
2.47651 1.23232 1.00861 0.00817186 -0.00474155
2.49664 1.23232 1.00843 0.00780436 -0.00457759
2.51678 1.23232 1.00825 0.0074417 -0.00441376
2.53691 1.23232 1.00809 0.00708361 -0.00425055
2.55705 1.23232 1.00793 0.00672985 -0.00408832
2.57718 1.23232 1.00778 0.00638022 -0.00392733
2.59732 1.23232 1.00765 0.00603451 -0.00376771
2.61745 1.23232 1.00752 0.00569259 -0.00360946
2.63758 1.23232 1.0074 0.00535431 -0.00345251
2.65772 1.23232 1.00729 0.0050196 -0.00329665
2.67785 1.23232 1.00719 0.0046884 -0.00314159
2.69799 1.23232 1.0071 0.00436068 -0.00298689
2.71812 1.23232 1.00701 0.00403647 -0.00283203
2.73826 1.23232 1.00694 0.00371582 -0.00267635
2.75839 1.23232 1.00687 0.00339886 -0.00251907
2.77852 1.23232 1.00682 0.00308572 -0.00235927
2.79866 1.23232 1.00677 0.00277663 -0.00219589
2.81879 1.23232 1.00673 0.00247184 -0.00202771
2.83893 1.23232 1.0067 0.00217167 -0.00185335
2.85906 1.23232 1.00668 0.00187652 -0.00167122
2.87919 1.23232 1.00667 0.00158685 -0.00147957
2.89933 1.23232 1.00667 0.00130319 -0.00127639
2.91946 1.23232 1.00668 0.00102616 -0.00105946
2.9396 1.23232 1.0067 0.000756469 -0.000826292
2.95973 1.23232 1.00672 0.000494921 -0.000574108
2.97987 1.23232 1.00676 0.000242412 -0.000299819
3 1.23232 1.00681 0 0

0 1.25253 1.07952 0 0
0.0201342 1.25253 1.08001 -0.000423391 0.00413217
0.0402685 1.25253 1.08105 -0.000691735 0.00843965
0.0604027 1.25253 1.0821 -0.000756278 0.0128752
0.0805369 1.25253 1.08345 -0.000597432 0.0173803
0.100671 1.25253 1.08483 -0.000202884 0.0218917
0.120805 1.25253 1.0863 0.000417799 0.0263447
0.14094 1.25253 1.08777 0.00124804 0.0306859
0.161074 1.25253 1.08922 0.00226266 0.0348686
0.181208 1.25253 1.09061 0.00343405 0.0388591
0.201342 1.25253 1.09193 0.00473426 0.0426325
0.221477 1.25253 1.09317 0.00613693 0.0461733
0.241611 1.25253 1.09431 0.00761853 0.0494726
0.261745 1.25253 1.09535 0.0091587 0.0525273
0.281879 1.25253 1.09629 0.0107404 0.0553378
0.302013 1.25253 1.09713 0.0123498 0.0579074
0.322148 1.25253 1.09787 0.0139757 0.0602412
0.342282 1.25253 1.09851 0.0156094 0.0623451
0.362416 1.25253 1.09906 0.0172441 0.0642255
0.38255 1.25253 1.09952 0.0188747 0.0658889
0.402685 1.25253 1.09989 0.0204974 0.0673414
0.422819 1.25253 1.10017 0.0221094 0.0685887
0.442953 1.25253 1.10037 0.0237086 0.0696361
0.463087 1.25253 1.10048 0.0252935 0.0704879
0.483221 1.25253 1.10051 0.0268631 0.071148
0.503356 1.25253 1.10046 0.0284167 0.0716195
0.52349 1.25253 1.10033 0.0299536 0.0719048
0.543624 1.25253 1.10011 0.0314732 0.0720054
0.563758 1.25253 1.09982 0.0329749 0.0719222
0.583893 1.25253 1.09944 0.034458 0.0716552
0.604027 1.25253 1.09897 0.0359215 0.0712039
0.624161 1.25253 1.09842 0.037364 0.0705671
0.644295 1.25253 1.09778 0.0387837 0.0697426
0.66443 1.25253 1.09704 0.0401783 0.0687281
0.684564 1.25253 1.09621 0.0415445 0.0675205
0.704698 1.25253 1.09528 0.0428782 0.0661165
0.724832 1.25253 1.09424 0.044174 0.0645126
0.744966 1.25253 1.09309 0.0454253 0.0627054
0.765101 1.25253 1.09183 0.0466233 0.0606919
0.785235 1.25253 1.09045 0.047758 0.0584709
0.805369 1.25253 1.08893 0.0488157 0.0560416
0.825503 1.25253 1.08732 0.0497826 0.0534085
0.845638 1.25253 1.08551 0.0506384 0.0505749
0.865772 1.25253 1.08368 0.0513668 0.0475585
0.885906 1.25253 1.08156 0.0519409 0.0443682
0.90604 1.25253 1.07957 0.0523437 0.0410446
0.926174 1.25253 1.07717 0.0525488 0.0376035
0.946309 1.25253 1.07504 0.0525416 0.0341136
0.966443 1.25253 1.07252 0.0523106 0.0306013
0.986577 1.25253 1.07029 0.0518504 0.0271512
1.00671 1.25253 1.06788 0.0511773 0.0238016
1.02685 1.25253 1.06567 0.0503063 0.0206239
1.04698 1.25253 1.06351 0.0492767 0.0176553
1.06711 1.25253 1.06151 0.0481243 0.0149299
1.08725 1.25253 1.05964 0.0468899 0.0124627
1.10738 1.25253 1.0579 0.0456098 0.0102573
1.12752 1.25253 1.05629 0.0443156 0.00830669
1.14765 1.25253 1.05481 0.0430324 0.00659668
1.16779 1.25253 1.05343 0.0417794 0.00510866
1.18792 1.25253 1.05215 0.0405698 0.00382173
1.20805 1.25253 1.05094 0.0394125 0.00271439
1.22819 1.25253 1.04981 0.038312 0.00176573
1.24832 1.25253 1.04874 0.0372702 0.000956089
1.26846 1.25253 1.04771 0.0362868 0.000267483
1.28859 1.25253 1.04673 0.03536 -0.000316245
1.30872 1.25253 1.04578 0.034487 -0.000809424
1.32886 1.25253 1.04486 0.0336644 -0.00122463
1.34899 1.25253 1.04397 0.0328885 -0.00157284
1.36913 1.25253 1.04309 0.0321555 -0.00186359
1.38926 1.25253 1.04223 0.0314619 -0.00210513
1.4094 1.25253 1.04139 0.0308042 -0.00230462
1.42953 1.25253 1.04056 0.030179 -0.00246823
1.44966 1.25253 1.03974 0.0295833 -0.00260135
1.4698 1.25253 1.03892 0.0290145 -0.00270863
1.48993 1.25253 1.03812 0.02847 -0.00279415
1.51007 1.25253 1.03732 0.0279477 -0.00286148
1.5302 1.25253 1.03653 0.0274456 -0.00291378
1.55034 1.25253 1.03574 0.0269622 -0.00295386
1.57047 1.25253 1.03496 0.0264958 -0.00298424
1.5906 1.25253 1.03418 0.0260453 -0.00300722
1.61074 1.25253 1.03341 0.0256097 -0.00302493
1.63087 1.25253 1.03265 0.025188 -0.00303935
1.65101 1.25253 1.03188 0.0247795 -0.00305238
1.67114 1.25253 1.03112 0.0243836 -0.00306587
1.69128 1.25253 1.03037 0.0239998 -0.00308166
1.71141 1.25253 1.02961 0.0236277 -0.00310158
1.73154 1.25253 1.02886 0.0232667 -0.00312754
1.75168 1.25253 1.02812 0.0229166 -0.00316149
1.77181 1.25253 1.02737 0.0225766 -0.00320544
1.79195 1.25253 1.02662 0.0222463 -0.00326148
1.81208 1.25253 1.02587 0.0219246 -0.00333172
1.83221 1.25253 1.02513 0.0216103 -0.00341824
1.85235 1.25253 1.02438 0.0213018 -0.00352299
1.87248 1.25253 1.02362 0.0209969 -0.0036476
1.89262 1.25253 1.02287 0.0206927 -0.00379317
1.91275 1.25253 1.02211 0.020386 -0.00395998
1.93289 1.25253 1.02135 0.0200727 -0.00414721
1.95302 1.25253 1.0206 0.0197485 -0.00435253
1.97315 1.25253 1.01984 0.0194092 -0.00457202
1.99329 1.25253 1.01909 0.0190511 -0.00479989
2.01342 1.25253 1.01836 0.0186714 -0.00502918
2.03356 1.25253 1.01764 0.0182691 -0.00525176
2.05369 1.25253 1.01695 0.0178452 -0.00546004
2.07383 1.25253 1.01629 0.0174019 -0.00564729
2.09396 1.25253 1.01567 0.0169427 -0.00580843
2.11409 1.25253 1.01508 0.0164714 -0.00594009
2.13423 1.25253 1.01452 0.0159919 -0.00604058
2.15436 1.25253 1.01399 0.015508 -0.00610965
2.1745 1.25253 1.0135 0.0150229 -0.00614815
2.19463 1.25253 1.01304 0.0145392 -0.0061578
2.21477 1.25253 1.01261 0.0140592 -0.0061408
2.2349 1.25253 1.0122 0.0135843 -0.0060997
2.25503 1.25253 1.01182 0.0131157 -0.00603714
2.27517 1.25253 1.01146 0.0126541 -0.00595578
2.2953 1.25253 1.01112 0.0122002 -0.00585817
2.31544 1.25253 1.0108 0.0117539 -0.00574672
2.33557 1.25253 1.0105 0.0113155 -0.00562366
2.3557 1.25253 1.01022 0.0108848 -0.00549102
2.37584 1.25253 1.00995 0.0104617 -0.00535062
2.39597 1.25253 1.00969 0.0100458 -0.00520408
2.41611 1.25253 1.00945 0.00963689 -0.00505284
2.43624 1.25253 1.00922 0.00923468 -0.00489816
2.45638 1.25253 1.00901 0.00883883 -0.0047411
2.47651 1.25253 1.0088 0.00844901 -0.00458261
2.49664 1.25253 1.00861 0.00806492 -0.00442344
2.51678 1.25253 1.00843 0.00768624 -0.00426425
2.53691 1.25253 1.00825 0.00731272 -0.00410552
2.55705 1.25253 1.00809 0.00694407 -0.00394766
2.57718 1.25253 1.00794 0.00658007 -0.00379092
2.59732 1.25253 1.0078 0.00622052 -0.00363546
2.61745 1.25253 1.00766 0.00586523 -0.00348132
2.63758 1.25253 1.00754 0.00551406 -0.00332846
2.65772 1.25253 1.00743 0.0051669 -0.0031767
2.67785 1.25253 1.00732 0.00482367 -0.00302577
2.69799 1.25253 1.00723 0.00448434 -0.00287529
2.71812 1.25253 1.00714 0.00414891 -0.00272477
2.73826 1.25253 1.00706 0.00381743 -0.00257359
2.75839 1.25253 1.007 0.00349001 -0.00242104
2.77852 1.25253 1.00694 0.00316679 -0.00226623
2.79866 1.25253 1.00689 0.00284799 -0.00210816
2.81879 1.25253 1.00685 0.00253388 -0.00194568
2.83893 1.25253 1.00682 0.00222479 -0.00177747
2.85906 1.25253 1.0068 0.00192113 -0.00160203
2.87919 1.25253 1.00679 0.0016234 -0.00141767
2.89933 1.25253 1.00679 0.00133215 -0.00122248
2.91946 1.25253 1.0068 0.00104805 -0.00101433
2.9396 1.25253 1.00682 0.000771853 -0.000790821
2.95973 1.25253 1.00685 0.00050444 -0.000549298
2.97987 1.25253 1.00689 0.000246773 -0.00028679
3 1.25253 1.00695 0 0

0 1.27273 1.0803 0 0
0.0201342 1.27273 1.08081 -0.00042792 0.00400037
0.0402685 1.27273 1.08173 -0.00071091 0.00813412
0.0604027 1.27273 1.08266 -0.000810639 0.012365
0.0805369 1.27273 1.08384 -0.000708682 0.0166511
0.100671 1.27273 1.08504 -0.000392271 0.0209409
0.120805 1.27273 1.08634 0.000134156 0.0251831
0.14094 1.27273 1.08763 0.00086032 0.0293312
0.161074 1.27273 1.08892 0.00176744 0.0333444
0.181208 1.27273 1.09017 0.00283407 0.0371903
0.201342 1.27273 1.09137 0.00403692 0.0408443
0.221477 1.27273 1.0925 0.00535325 0.044289
0.241611 1.27273 1.09355 0.00676177 0.0475131
0.261745 1.27273 1.09452 0.00824339 0.0505105
0.281879 1.27273 1.09539 0.00978146 0.053279
0.302013 1.27273 1.09618 0.0113618 0.055819
0.322148 1.27273 1.09688 0.0129727 0.0581332
0.342282 1.27273 1.09749 0.0146044 0.0602255
0.362416 1.27273 1.09801 0.016249 0.0621006
0.38255 1.27273 1.09845 0.0179003 0.0637634
0.402685 1.27273 1.0988 0.0195533 0.065219
0.422819 1.27273 1.09906 0.021204 0.0664722
0.442953 1.27273 1.09925 0.0228492 0.0675275
0.463087 1.27273 1.09935 0.0244866 0.068389
0.483221 1.27273 1.09937 0.026114 0.0690601
0.503356 1.27273 1.09931 0.0277298 0.0695437
0.52349 1.27273 1.09916 0.0293325 0.0698421
0.543624 1.27273 1.09894 0.0309208 0.0699569
0.563758 1.27273 1.09864 0.0324931 0.0698889
0.583893 1.27273 1.09825 0.034048 0.0696387
0.604027 1.27273 1.09778 0.0355838 0.0692058
0.624161 1.27273 1.09723 0.0370982 0.0685894
0.644295 1.27273 1.09658 0.0385888 0.0677882
0.66443 1.27273 1.09584 0.0400523 0.0668003
0.684564 1.27273 1.09501 0.0414848 0.0656236
0.704698 1.27273 1.09409 0.0428814 0.0642559
0.724832 1.27273 1.09306 0.0442361 0.0626948
0.744966 1.27273 1.09193 0.0455415 0.0609386
0.765101 1.27273 1.09069 0.0467885 0.0589862
0.785235 1.27273 1.08934 0.0479666 0.0568379
0.805369 1.27273 1.08787 0.0490628 0.0544955
0.825503 1.27273 1.0863 0.0500632 0.051965
0.845638 1.27273 1.08458 0.0509501 0.0492529
0.865772 1.27273 1.08282 0.0517074 0.0463761
0.885906 1.27273 1.08086 0.0523135 0.0433478
0.90604 1.27273 1.07893 0.0527526 0.0402021
0.926174 1.27273 1.07676 0.053005 0.0369604
0.946309 1.27273 1.0747 0.0530586 0.033676
0.966443 1.27273 1.07244 0.0529057 0.0303797
0.986577 1.27273 1.07032 0.0525442 0.0271349
1.00671 1.27273 1.06812 0.0519864 0.02398
1.02685 1.27273 1.06604 0.0512471 0.0209691
1.04698 1.27273 1.06402 0.0503555 0.0181367
1.06711 1.27273 1.06211 0.0493417 0.0155124
1.08725 1.27273 1.0603 0.0482389 0.0131122
1.10738 1.27273 1.05861 0.0470782 0.0109427
1.12752 1.27273 1.05702 0.0458876 0.00900168
1.14765 1.27273 1.05554 0.0446906 0.00728017
1.16779 1.27273 1.05415 0.0435061 0.0057648
1.18792 1.27273 1.05284 0.0423481 0.00443939
1.20805 1.27273 1.05161 0.0412268 0.00328651
1.22819 1.27273 1.05045 0.0401486 0.00228845
1.24832 1.27273 1.04934 0.0391174 0.00142809
1.26846 1.27273 1.04828 0.0381347 0.000689283
1.28859 1.27273 1.04727 0.0372004 5.7166e-05
1.30872 1.27273 1.04628 0.0363134 -0.000481727
1.32886 1.27273 1.04533 0.0354715 -0.00093946
1.34899 1.27273 1.0444 0.0346723 -0.00132675
1.36913 1.27273 1.0435 0.033913 -0.00165305
1.38926 1.27273 1.04261 0.0331909 -0.00192669
1.4094 1.27273 1.04174 0.0325029 -0.00215496
1.42953 1.27273 1.04089 0.0318464 -0.00234424
1.44966 1.27273 1.04004 0.0312187 -0.00250015
1.4698 1.27273 1.03921 0.0306175 -0.00262761
1.48993 1.27273 1.03839 0.0300404 -0.00273094
1.51007 1.27273 1.03757 0.0294857 -0.00281397
1.5302 1.27273 1.03677 0.0289513 -0.0028801
1.55034 1.27273 1.03597 0.0284357 -0.00293236
1.57047 1.27273 1.03517 0.0279376 -0.00297349
1.5906 1.27273 1.03438 0.0274557 -0.00300598
1.61074 1.27273 1.0336 0.0269889 -0.00303212
1.63087 1.27273 1.03282 0.0265363 -0.00305406
1.65101 1.27273 1.03205 0.0260971 -0.00307381
1.67114 1.27273 1.03129 0.0256706 -0.00309333
1.69128 1.27273 1.03052 0.0252562 -0.00311451
1.71141 1.27273 1.02976 0.0248533 -0.00313923
1.73154 1.27273 1.02901 0.0244613 -0.00316936
1.75168 1.27273 1.02825 0.0240796 -0.00320677
1.77181 1.27273 1.0275 0.0237075 -0.00325337
1.79195 1.27273 1.02675 0.0233441 -0.00331102
1.81208 1.27273 1.026 0.0229883 -0.00338156
1.83221 1.27273 1.02526 0.0226388 -0.00346669
1.85235 1.27273 1.02451 0.0222938 -0.00356791
1.87248 1.27273 1.02376 0.0219511 -0.00368636
1.89262 1.27273 1.02302 0.0216081 -0.0038226
1.91275 1.27273 1.02227 0.0212618 -0.0039765
1.93289 1.27273 1.02152 0.0209089 -0.0041469
1.95302 1.27273 1.02078 0.0205458 -0.00433148
1.97315 1.27273 1.02005 0.0201691 -0.00452667
1.99329 1.27273 1.01932 0.0197761 -0.0047276
2.01342 1.27273 1.01861 0.0193648 -0.00492851
2.03356 1.27273 1.01791 0.0189344 -0.00512298
2.05369 1.27273 1.01724 0.0184858 -0.00530487
2.07383 1.27273 1.0166 0.0180206 -0.00546868
2.09396 1.27273 1.01598 0.0175415 -0.00561009
2.11409 1.27273 1.0154 0.0170518 -0.00572605
2.13423 1.27273 1.01484 0.0165548 -0.00581487
2.15436 1.27273 1.01432 0.0160536 -0.00587598
2.1745 1.27273 1.01382 0.0155511 -0.00590982
2.19463 1.27273 1.01335 0.0150498 -0.00591758
2.21477 1.27273 1.01291 0.0145518 -0.00590096
2.2349 1.27273 1.0125 0.0140586 -0.00586201
2.25503 1.27273 1.01211 0.0135714 -0.00580297
2.27517 1.27273 1.01174 0.0130912 -0.00572611
2.2953 1.27273 1.01139 0.0126185 -0.0056337
2.31544 1.27273 1.01106 0.0121535 -0.00552791
2.33557 1.27273 1.01075 0.0116965 -0.00541078
2.3557 1.27273 1.01046 0.0112475 -0.0052842
2.37584 1.27273 1.01018 0.0108063 -0.00514988
2.39597 1.27273 1.00991 0.0103728 -0.00500937
2.41611 1.27273 1.00966 0.00994671 -0.00486406
2.43624 1.27273 1.00942 0.00952772 -0.00471516
2.45638 1.27273 1.0092 0.00911557 -0.00456373
2.47651 1.27273 1.00899 0.00870995 -0.00441069
2.49664 1.27273 1.00878 0.00831053 -0.00425681
2.51678 1.27273 1.00859 0.00791703 -0.00410273
2.53691 1.27273 1.00842 0.00752916 -0.00394896
2.55705 1.27273 1.00825 0.00714665 -0.00379592
2.57718 1.27273 1.00809 0.00676924 -0.00364388
2.59732 1.27273 1.00794 0.00639672 -0.00349303
2.61745 1.27273 1.0078 0.0060289 -0.00334344
2.63758 1.27273 1.00768 0.00566561 -0.00319507
2.65772 1.27273 1.00756 0.00530672 -0.00304781
2.67785 1.27273 1.00745 0.00495215 -0.00290141
2.69799 1.27273 1.00735 0.00460185 -0.00275554
2.71812 1.27273 1.00726 0.00425581 -0.00260973
2.73826 1.27273 1.00718 0.00391408 -0.00246345
2.75839 1.27273 1.00711 0.00357674 -0.00231599
2.77852 1.27273 1.00705 0.00324396 -0.00216655
2.79866 1.27273 1.007 0.00291594 -0.0020142
2.81879 1.27273 1.00696 0.00259297 -0.00185784
2.83893 1.27273 1.00693 0.00227539 -0.00169623
2.85906 1.27273 1.00692 0.00196363 -0.00152795
2.87919 1.27273 1.00691 0.0016582 -0.00135138
2.89933 1.27273 1.00691 0.00135972 -0.00116474
2.91946 1.27273 1.00692 0.00106887 -0.000965967
2.9396 1.27273 1.00694 0.000786486 -0.000752802
2.95973 1.27273 1.00698 0.000513486 -0.000522697
2.97987 1.27273 1.00702 0.000250911 -0.000272813
3 1.27273 1.00708 0 0

0 1.29293 1.08088 0 0
0.0201342 1.29293 1.0814 -0.000432103 0.00387347
0.0402685 1.29293 1.08223 -0.000726155 0.00784644
0.0604027 1.29293 1.08308 -0.000851928 0.0118914
0.0805369 1.29293 1.08413 -0.000792877 0.0159773
0.100671 1.29293 1.0852 -0.000536967 0.0200625
0.120805 1.29293 1.08635 -8.53434e-05 0.024106
0.14094 1.29293 1.0875 0.000555829 0.0280678
0.161074 1.29293 1.08866 0.00137278 0.0319125
0.181208 1.29293 1.08979 0.00234889 0.03561
0.201342 1.29293 1.09087 0.00346506 0.0391367
0.221477 1.29293 1.09191 0.00470192 0.0424745
0.241611 1.29293 1.09287 0.0060406 0.0456108
0.261745 1.29293 1.09377 0.00746358 0.0485375
0.281879 1.29293 1.09458 0.00895506 0.05125
0.302013 1.29293 1.09532 0.0105011 0.053747
0.322148 1.29293 1.09598 0.0120897 0.0560288
0.342282 1.29293 1.09655 0.0137107 0.0580975
0.362416 1.29293 1.09704 0.0153555 0.0599562
0.38255 1.29293 1.09745 0.0170168 0.0616086
0.402685 1.29293 1.09778 0.0186889 0.0630585
0.422819 1.29293 1.09803 0.0203667 0.0643099
0.442953 1.29293 1.0982 0.0220462 0.0653666
0.463087 1.29293 1.09829 0.0237239 0.0662321
0.483221 1.29293 1.09829 0.025397 0.0669094
0.503356 1.29293 1.09822 0.0270629 0.0674013
0.52349 1.29293 1.09807 0.0287192 0.0677097
0.543624 1.29293 1.09785 0.0303638 0.0678364
0.563758 1.29293 1.09754 0.0319945 0.0677824
0.583893 1.29293 1.09714 0.033609 0.0675482
0.604027 1.29293 1.09667 0.0352047 0.0671338
0.624161 1.29293 1.09611 0.0367788 0.0665388
0.644295 1.29293 1.09546 0.038328 0.0657624
0.66443 1.29293 1.09473 0.0398484 0.0648035
0.684564 1.29293 1.09391 0.0413353 0.0636607
0.704698 1.29293 1.09299 0.0427833 0.0623329
0.724832 1.29293 1.09197 0.0441857 0.060819
0.744966 1.29293 1.09086 0.0455347 0.0591185
0.765101 1.29293 1.08965 0.0468211 0.0572318
0.785235 1.29293 1.08833 0.0480343 0.055161
0.805369 1.29293 1.08691 0.0491618 0.0529097
0.825503 1.29293 1.0854 0.0501904 0.0504849
0.845638 1.29293 1.08376 0.0511042 0.0478955
0.865772 1.29293 1.08207 0.0518883 0.0451575
0.885906 1.29293 1.08023 0.052525 0.0422867
0.90604 1.29293 1.07838 0.0530002 0.0393121
0.926174 1.29293 1.07638 0.0532987 0.0362576
0.946309 1.29293 1.07442 0.053411 0.0331656
0.966443 1.29293 1.07235 0.0533318 0.0300679
0.986577 1.29293 1.07034 0.0530609 0.0270135
1.00671 1.29293 1.06831 0.052608 0.0240386
1.02685 1.29293 1.06634 0.0519865 0.021186
1.04698 1.29293 1.06443 0.0512194 0.0184867
1.06711 1.29293 1.0626 0.0503316 0.0159666
1.08725 1.29293 1.06086 0.0493506 0.013642
1.10738 1.29293 1.05921 0.048303 0.011521
1.12752 1.29293 1.05765 0.0472135 0.00960463
1.14765 1.29293 1.05618 0.0461037 0.00788784
1.16779 1.29293 1.05478 0.0449916 0.00636135
1.18792 1.29293 1.05347 0.0438914 0.00501291
1.20805 1.29293 1.05222 0.0428139 0.00382857
1.22819 1.29293 1.05103 0.0417669 0.00279361
1.24832 1.29293 1.0499 0.0407555 0.00189329
1.26846 1.29293 1.04881 0.0397829 0.00111337
1.28859 1.29293 1.04776 0.0388504 0.000440398
1.30872 1.29293 1.04675 0.0379581 -0.000138091
1.32886 1.29293 1.04577 0.0371053 -0.000633465
1.34899 1.29293 1.04482 0.0362906 -0.001056
1.36913 1.29293 1.04389 0.0355121 -0.00141492
1.38926 1.29293 1.04298 0.0347677 -0.00171845
1.4094 1.29293 1.04208 0.0340554 -0.0019739
1.42953 1.29293 1.04121 0.0333729 -0.00218774
1.44966 1.29293 1.04034 0.0327179 -0.00236571
1.4698 1.29293 1.03949 0.0320886 -0.00251292
1.48993 1.29293 1.03865 0.0314829 -0.00263386
1.51007 1.29293 1.03782 0.030899 -0.00273256
1.5302 1.29293 1.037 0.0303354 -0.00281261
1.55034 1.29293 1.03618 0.0297905 -0.00287723
1.57047 1.29293 1.03538 0.0292631 -0.00292933
1.5906 1.29293 1.03458 0.0287519 -0.00297157
1.61074 1.29293 1.03379 0.0282559 -0.00300637
1.63087 1.29293 1.033 0.0277741 -0.003036
1.65101 1.29293 1.03222 0.0273058 -0.00306259
1.67114 1.29293 1.03144 0.0268502 -0.00308817
1.69128 1.29293 1.03067 0.0264065 -0.00311466
1.71141 1.29293 1.02991 0.025974 -0.00314396
1.73154 1.29293 1.02915 0.0255522 -0.00317791
1.75168 1.29293 1.02839 0.0251401 -0.0032183
1.77181 1.29293 1.02763 0.024737 -0.0032669
1.79195 1.29293 1.02688 0.0243419 -0.00332538
1.81208 1.29293 1.02613 0.0239536 -0.00339534
1.83221 1.29293 1.02539 0.0235705 -0.00347816
1.85235 1.29293 1.02464 0.0231911 -0.00357499
1.87248 1.29293 1.0239 0.0228131 -0.00368659
1.89262 1.29293 1.02316 0.0224343 -0.00381319
1.91275 1.29293 1.02243 0.0220519 -0.00395434
1.93289 1.29293 1.02169 0.0216632 -0.00410878
1.95302 1.29293 1.02096 0.0212652 -0.00427429
1.97315 1.29293 1.02025 0.0208552 -0.00444769
1.99329 1.29293 1.01954 0.0204312 -0.00462486
2.01342 1.29293 1.01884 0.0199916 -0.00480104
2.03356 1.29293 1.01816 0.019536 -0.00497105
2.05369 1.29293 1.01751 0.0190649 -0.00512987
2.07383 1.29293 1.01688 0.0185798 -0.00527299
2.09396 1.29293 1.01627 0.0180828 -0.00539672
2.11409 1.29293 1.01569 0.0175766 -0.00549838
2.13423 1.29293 1.01514 0.0170639 -0.00557631
2.15436 1.29293 1.01461 0.0165475 -0.00562981
2.1745 1.29293 1.01411 0.0160299 -0.005659
2.19463 1.29293 1.01364 0.0155134 -0.00566468
2.21477 1.29293 1.0132 0.0149999 -0.00564815
2.2349 1.29293 1.01278 0.014491 -0.00561106
2.25503 1.29293 1.01238 0.0139878 -0.00555526
2.27517 1.29293 1.012 0.0134914 -0.00548271
2.2953 1.29293 1.01164 0.0130024 -0.00539539
2.31544 1.29293 1.0113 0.0125211 -0.00529523
2.33557 1.29293 1.01098 0.0120478 -0.00518409
2.3557 1.29293 1.01068 0.0115826 -0.0050637
2.37584 1.29293 1.01039 0.0111254 -0.00493567
2.39597 1.29293 1.01012 0.0106761 -0.00480146
2.41611 1.29293 1.00986 0.0102345 -0.00466238
2.43624 1.29293 1.00961 0.00980038 -0.00451961
2.45638 1.29293 1.00938 0.00937346 -0.00437417
2.47651 1.29293 1.00916 0.00895344 -0.00422697
2.49664 1.29293 1.00895 0.00854003 -0.00407876
2.51678 1.29293 1.00875 0.00813294 -0.00393019
2.53691 1.29293 1.00857 0.00773188 -0.00378179
2.55705 1.29293 1.00839 0.00733657 -0.00363396
2.57718 1.29293 1.00823 0.00694676 -0.00348702
2.59732 1.29293 1.00808 0.00656223 -0.00334115
2.61745 1.29293 1.00794 0.00618276 -0.00319648
2.63758 1.29293 1.0078 0.00580819 -0.00305298
2.65772 1.29293 1.00768 0.00543837 -0.00291057
2.67785 1.29293 1.00757 0.00507321 -0.00276906
2.69799 1.29293 1.00747 0.00471264 -0.00262813
2.71812 1.29293 1.00738 0.00435666 -0.00248739
2.73826 1.29293 1.0073 0.0040053 -0.00234633
2.75839 1.29293 1.00722 0.00365865 -0.00220432
2.77852 1.29293 1.00716 0.00331686 -0.00206061
2.79866 1.29293 1.00711 0.00298016 -0.00191434
2.81879 1.29293 1.00707 0.00264882 -0.00176449
2.83893 1.29293 1.00704 0.00232322 -0.00160988
2.85906 1.29293 1.00702 0.00200381 -0.00144919
2.87919 1.29293 1.00701 0.00169111 -0.00128091
2.89933 1.29293 1.00702 0.00138578 -0.00110332
2.91946 1.29293 1.00703 0.00108856 -0.000914521
2.9396 1.29293 1.00705 0.000800308 -0.000712341
2.95973 1.29293 1.00709 0.000522022 -0.000494375
2.97987 1.29293 1.00714 0.000254811 -0.000257926
3 1.29293 1.0072 0 0

0 1.31313 1.0813 0 0
0.0201342 1.31313 1.08184 -0.00043627 0.0037492
0.0402685 1.31313 1.08261 -0.000739129 0.00757085
0.0604027 1.31313 1.0834 -0.000884749 0.0114441
0.0805369 1.31313 1.08434 -0.000858704 0.0153449
0.100671 1.31313 1.0853 -0.000650212 0.0192401
0.120805 1.31313 1.08633 -0.000258443 0.0230961
0.14094 1.31313 1.08737 0.000313095 0.0268791
0.161074 1.31313 1.08842 0.00105442 0.0305582
0.181208 1.31313 1.08944 0.00195266 0.0341064
0.201342 1.31313 1.09043 0.00299229 0.0375011
0.221477 1.31313 1.09137 0.00415694 0.0407247
0.241611 1.31313 1.09226 0.00543012 0.0437638
0.261745 1.31313 1.09309 0.00679602 0.0466091
0.281879 1.31313 1.09385 0.00823991 0.0492546
0.302013 1.31313 1.09454 0.00974845 0.051697
0.322148 1.31313 1.09515 0.0113098 0.0539352
0.342282 1.31313 1.09569 0.0129135 0.0559697
0.362416 1.31313 1.09615 0.0145505 0.0578022
0.38255 1.31313 1.09653 0.0162132 0.059435
0.402685 1.31313 1.09684 0.0178948 0.060871
0.422819 1.31313 1.09707 0.0195897 0.0621133
0.442953 1.31313 1.09722 0.0212929 0.0631649
0.463087 1.31313 1.0973 0.0230003 0.0640289
0.483221 1.31313 1.09729 0.024708 0.0647078
0.503356 1.31313 1.09721 0.0264128 0.0652041
0.52349 1.31313 1.09705 0.0281115 0.0655197
0.543624 1.31313 1.09682 0.0298011 0.0656562
0.563758 1.31313 1.0965 0.0314788 0.0656146
0.583893 1.31313 1.09611 0.0331414 0.0653958
0.604027 1.31313 1.09563 0.0347857 0.065
0.624161 1.31313 1.09507 0.0364082 0.0644272
0.644295 1.31313 1.09443 0.0380049 0.0636771
0.66443 1.31313 1.0937 0.0395712 0.0627492
0.684564 1.31313 1.09288 0.041102 0.0616431
0.704698 1.31313 1.09197 0.0425911 0.0603585
0.724832 1.31313 1.09098 0.0440315 0.0588953
0.744966 1.31313 1.08989 0.0454153 0.0572544
0.765101 1.31313 1.0887 0.0467331 0.0554374
0.785235 1.31313 1.08743 0.0479744 0.0534476
0.805369 1.31313 1.08605 0.0491276 0.0512901
0.825503 1.31313 1.08459 0.05018 0.0489729
0.845638 1.31313 1.08303 0.0511175 0.046506
0.865772 1.31313 1.0814 0.0519266 0.043905
0.885906 1.31313 1.07967 0.0525925 0.0411866
0.90604 1.31313 1.0779 0.053103 0.0383762
0.926174 1.31313 1.07604 0.0534462 0.0354978
0.946309 1.31313 1.07418 0.0536146 0.0325866
0.966443 1.31313 1.07225 0.0536045 0.0296728
0.986577 1.31313 1.07035 0.0534166 0.0267961
1.00671 1.31313 1.06844 0.0530592 0.0239891
1.02685 1.31313 1.06658 0.052544 0.021287
1.04698 1.31313 1.06477 0.0518894 0.0187173
1.06711 1.31313 1.06302 0.0511164 0.016303
1.08725 1.31313 1.06133 0.0502478 0.0140598
1.10738 1.31313 1.05972 0.0493065 0.0119968
1.12752 1.31313 1.05819 0.0483143 0.0101169
1.14765 1.31313 1.05673 0.0472907 0.0084181
1.16779 1.31313 1.05535 0.0462525 0.00689425
1.18792 1.31313 1.05403 0.0452137 0.00553628
1.20805 1.31313 1.05277 0.0441854 0.00433322
1.22819 1.31313 1.05156 0.0431761 0.00327299
1.24832 1.31313 1.05041 0.0421919 0.00234308
1.26846 1.31313 1.0493 0.041237 0.00153105
1.28859 1.31313 1.04823 0.0403139 0.000824909
1.30872 1.31313 1.04719 0.0394241 0.000213288
1.32886 1.31313 1.04619 0.0385677 -0.000314379
1.34899 1.31313 1.04521 0.0377444 -0.000767808
1.36913 1.31313 1.04426 0.0369533 -0.00115585
1.38926 1.31313 1.04332 0.0361929 -0.0014865
1.4094 1.31313 1.04241 0.0354618 -0.00176698
1.42953 1.31313 1.04151 0.0347584 -0.00200374
1.44966 1.31313 1.04063 0.0340809 -0.00220256
1.4698 1.31313 1.03976 0.0334276 -0.00236864
1.48993 1.31313 1.0389 0.0327971 -0.00250659
1.51007 1.31313 1.03806 0.0321877 -0.00262057
1.5302 1.31313 1.03722 0.031598 -0.00271431
1.55034 1.31313 1.03639 0.0310266 -0.00279117
1.57047 1.31313 1.03558 0.0304725 -0.0028542
1.5906 1.31313 1.03477 0.0299344 -0.00290618
1.61074 1.31313 1.03396 0.0294113 -0.00294965
1.63087 1.31313 1.03317 0.0289024 -0.00298698
1.65101 1.31313 1.03238 0.0284068 -0.00302038
1.67114 1.31313 1.0316 0.0279236 -0.00305192
1.69128 1.31313 1.03082 0.0274522 -0.00308356
1.71141 1.31313 1.03005 0.0269917 -0.00311718
1.73154 1.31313 1.02928 0.0265414 -0.00315459
1.75168 1.31313 1.02852 0.0261005 -0.0031975
1.77181 1.31313 1.02777 0.025668 -0.00324755
1.79195 1.31313 1.02701 0.0252428 -0.00330626
1.81208 1.31313 1.02626 0.0248236 -0.00337498
1.83221 1.31313 1.02552 0.0244092 -0.00345487
1.85235 1.31313 1.02478 0.0239976 -0.00354681
1.87248 1.31313 1.02404 0.0235871 -0.00365126
1.89262 1.31313 1.02331 0.0231754 -0.00376824
1.91275 1.31313 1.02258 0.0227602 -0.00389715
1.93289 1.31313 1.02185 0.0223392 -0.0040367
1.95302 1.31313 1.02114 0.02191 -0.00418483
1.97315 1.31313 1.02043 0.0214704 -0.00433875
1.99329 1.31313 1.01974 0.0210187 -0.00449498
2.01342 1.31313 1.01906 0.0205539 -0.00464954
2.03356 1.31313 1.01839 0.0200757 -0.00479821
2.05369 1.31313 1.01775 0.0195844 -0.00493686
2.07383 1.31313 1.01713 0.0190814 -0.00506174
2.09396 1.31313 1.01653 0.0185683 -0.00516973
2.11409 1.31313 1.01595 0.0180473 -0.00525847
2.13423 1.31313 1.01541 0.0175207 -0.00532639
2.15436 1.31313 1.01488 0.0169909 -0.00537274
2.1745 1.31313 1.01438 0.0164602 -0.00539743
2.19463 1.31313 1.01391 0.0159306 -0.00540099
2.21477 1.31313 1.01346 0.0154039 -0.00538437
2.2349 1.31313 1.01303 0.0148815 -0.0053489
2.25503 1.31313 1.01263 0.0143647 -0.0052961
2.27517 1.31313 1.01224 0.0138544 -0.00522765
2.2953 1.31313 1.01188 0.0133513 -0.00514525
2.31544 1.31313 1.01153 0.0128558 -0.00505064
2.33557 1.31313 1.0112 0.0123684 -0.00494547
2.3557 1.31313 1.01089 0.011889 -0.00483132
2.37584 1.31313 1.01059 0.0114177 -0.00470969
2.39597 1.31313 1.01031 0.0109545 -0.00458193
2.41611 1.31313 1.01004 0.0104991 -0.00444929
2.43624 1.31313 1.00979 0.0100515 -0.00431289
2.45638 1.31313 1.00955 0.00961136 -0.00417372
2.47651 1.31313 1.00932 0.0091784 -0.00403264
2.49664 1.31313 1.00911 0.00875235 -0.00389042
2.51678 1.31313 1.00891 0.00833293 -0.00374768
2.53691 1.31313 1.00871 0.00791988 -0.00360497
2.55705 1.31313 1.00853 0.0075129 -0.00346268
2.57718 1.31313 1.00837 0.00711176 -0.00332116
2.59732 1.31313 1.00821 0.0067162 -0.00318061
2.61745 1.31313 1.00806 0.00632604 -0.00304117
2.63758 1.31313 1.00792 0.00594108 -0.00290286
2.65772 1.31313 1.0078 0.00556117 -0.00276562
2.67785 1.31313 1.00768 0.00518622 -0.00262929
2.69799 1.31313 1.00758 0.00481615 -0.00249361
2.71812 1.31313 1.00748 0.00445094 -0.00235824
2.73826 1.31313 1.0074 0.00409063 -0.00222271
2.75839 1.31313 1.00733 0.00373532 -0.00208645
2.77852 1.31313 1.00727 0.00338514 -0.0019488
2.79866 1.31313 1.00721 0.00304033 -0.00180894
2.81879 1.31313 1.00717 0.00270119 -0.00166594
2.83893 1.31313 1.00714 0.00236809 -0.00151871
2.85906 1.31313 1.00712 0.0020415 -0.00136602
2.87919 1.31313 1.00711 0.00172199 -0.00120646
2.89933 1.31313 1.00712 0.00141023 -0.00103843
2.91946 1.31313 1.00713 0.00110702 -0.000860141
2.9396 1.31313 1.00716 0.000813262 -0.000669557
2.95973 1.31313 1.0072 0.000530015 -0.000464413
2.97987 1.31313 1.00725 0.000258458 -0.000242169
3 1.31313 1.00731 0 0

0 1.33333 1.08159 0 0
0.0201342 1.33333 1.08215 -0.000440601 0.0036263
0.0402685 1.33333 1.08287 -0.000750929 0.00730357
0.0604027 1.33333 1.08362 -0.000912226 0.0110157
0.0805369 1.33333 1.08448 -0.00091219 0.0147439
0.100671 1.33333 1.08536 -0.00074146 0.0184611
0.120805 1.33333 1.08629 -0.000398137 0.0221399
0.14094 1.33333 1.08724 0.000115949 0.0257515
0.161074 1.33333 1.08819 0.000793601 0.0292692
0.181208 1.33333 1.08912 0.00162486 0.0326687
0.201342 1.33333 1.09002 0.00259711 0.0359293
0.221477 1.33333 1.09089 0.00369663 0.0390339
0.241611 1.33333 1.09171 0.0049091 0.0419691
0.261745 1.33333 1.09248 0.0062204 0.0447249
0.281879 1.33333 1.09318 0.00761702 0.0472943
0.302013 1.33333 1.09382 0.00908639 0.0496728
0.322148 1.33333 1.09439 0.010617 0.0518579
0.342282 1.33333 1.09489 0.0121985 0.053849
0.362416 1.33333 1.09532 0.0138217 0.0556463
0.38255 1.33333 1.09568 0.0154785 0.0572514
0.402685 1.33333 1.09597 0.0171616 0.0586659
0.422819 1.33333 1.09618 0.0188649 0.0598923
0.442953 1.33333 1.09631 0.0205827 0.0609329
0.463087 1.33333 1.09637 0.0223101 0.0617901
0.483221 1.33333 1.09636 0.0240426 0.0624663
0.503356 1.33333 1.09627 0.0257762 0.0629633
0.52349 1.33333 1.0961 0.027507 0.0632831
0.543624 1.33333 1.09586 0.0292313 0.0634272
0.563758 1.33333 1.09554 0.0309455 0.0633968
0.583893 1.33333 1.09514 0.0326458 0.0631926
0.604027 1.33333 1.09466 0.0343284 0.0628154
0.624161 1.33333 1.09411 0.0359891 0.0622654
0.644295 1.33333 1.09347 0.0376232 0.0615429
0.66443 1.33333 1.09274 0.0392256 0.060648
0.684564 1.33333 1.09194 0.0407907 0.0595809
0.704698 1.33333 1.09104 0.042312 0.0583422
0.724832 1.33333 1.09006 0.0437822 0.0569328
0.744966 1.33333 1.089 0.045193 0.0553545
0.765101 1.33333 1.08784 0.0465354 0.05361
0.785235 1.33333 1.0866 0.0477992 0.0517038
0.805369 1.33333 1.08528 0.0489733 0.0496419
0.825503 1.33333 1.08387 0.0500459 0.0474328
0.845638 1.33333 1.08237 0.0510045 0.0450874
0.865772 1.33333 1.08081 0.0518368 0.0426206
0.885906 1.33333 1.07917 0.0525306 0.0400493
0.90604 1.33333 1.07748 0.0530751 0.0373961
0.926174 1.33333 1.07573 0.0534611 0.0346841
0.946309 1.33333 1.07396 0.0536825 0.0319431
0.966443 1.33333 1.07215 0.0537368 0.029201
0.986577 1.33333 1.07035 0.0536253 0.0264908
1.00671 1.33333 1.06855 0.0533548 0.0238417
1.02685 1.33333 1.06678 0.0529358 0.021283
1.04698 1.33333 1.06504 0.0523833 0.0188394
1.06711 1.33333 1.06336 0.0517149 0.0165313
1.08725 1.33333 1.06173 0.0509499 0.0143734
1.10738 1.33333 1.06016 0.0501081 0.0123752
1.12752 1.33333 1.05866 0.0492085 0.0105412
1.14765 1.33333 1.05722 0.0482687 0.00887118
1.16779 1.33333 1.05584 0.0473043 0.00736153
1.18792 1.33333 1.05452 0.0463288 0.00600573
1.20805 1.33333 1.05326 0.045353 0.00479529
1.22819 1.33333 1.05204 0.044386 0.00372042
1.24832 1.33333 1.05087 0.0434344 0.00277062
1.26846 1.33333 1.04974 0.0425033 0.00193518
1.28859 1.33333 1.04866 0.0415962 0.00120348
1.30872 1.33333 1.0476 0.0407153 0.000565297
1.32886 1.33333 1.04658 0.0398617 1.09253e-05
1.34899 1.33333 1.04558 0.0390361 -0.000468702
1.36913 1.33333 1.0446 0.0382381 -0.000881969
1.38926 1.33333 1.04365 0.0374673 -0.00123656
1.4094 1.33333 1.04272 0.0367227 -0.00153949
1.42953 1.33333 1.0418 0.0360032 -0.00179711
1.44966 1.33333 1.0409 0.0353077 -0.00201516
1.4698 1.33333 1.04002 0.0346348 -0.00219885
1.48993 1.33333 1.03915 0.0339832 -0.00235285
1.51007 1.33333 1.03828 0.0333517 -0.00248138
1.5302 1.33333 1.03744 0.0327392 -0.00258828
1.55034 1.33333 1.0366 0.0321443 -0.00267699
1.57047 1.33333 1.03577 0.0315662 -0.00275066
1.5906 1.33333 1.03495 0.0310037 -0.00281216
1.61074 1.33333 1.03413 0.0304559 -0.00286414
1.63087 1.33333 1.03333 0.0299219 -0.00290901
1.65101 1.33333 1.03253 0.0294009 -0.00294904
1.67114 1.33333 1.03174 0.0288922 -0.00298634
1.69128 1.33333 1.03096 0.0283948 -0.00302289
1.71141 1.33333 1.03019 0.027908 -0.00306055
1.73154 1.33333 1.02942 0.027431 -0.00310108
1.75168 1.33333 1.02865 0.0269629 -0.00314611
1.77181 1.33333 1.02789 0.0265028 -0.00319716
1.79195 1.33333 1.02714 0.0260494 -0.00325562
1.81208 1.33333 1.02639 0.0256015 -0.00332265
1.83221 1.33333 1.02565 0.0251578 -0.00339924
1.85235 1.33333 1.02491 0.0247166 -0.00348603
1.87248 1.33333 1.02417 0.0242762 -0.00358333
1.89262 1.33333 1.02345 0.0238347 -0.00369099
1.91275 1.33333 1.02272 0.0233899 -0.00380835
1.93289 1.33333 1.02201 0.02294 -0.00393416
1.95302 1.33333 1.02131 0.0224828 -0.00406657
1.97315 1.33333 1.02061 0.0220169 -0.00420314
1.99329 1.33333 1.01993 0.0215407 -0.00434091
2.01342 1.33333 1.01926 0.0210535 -0.00447655
2.03356 1.33333 1.01861 0.0205551 -0.00460659
2.05369 1.33333 1.01797 0.0200458 -0.0047276
2.07383 1.33333 1.01736 0.0195267 -0.00483644
2.09396 1.33333 1.01677 0.0189992 -0.00493048
2.11409 1.33333 1.0162 0.0184651 -0.00500763
2.13423 1.33333 1.01565 0.0179263 -0.00506648
2.15436 1.33333 1.01513 0.0173849 -0.00510624
2.1745 1.33333 1.01463 0.0168429 -0.0051267
2.19463 1.33333 1.01415 0.0163021 -0.00512818
2.21477 1.33333 1.0137 0.0157641 -0.00511138
2.2349 1.33333 1.01327 0.0152303 -0.00507736
2.25503 1.33333 1.01285 0.0147019 -0.00502736
2.27517 1.33333 1.01246 0.0141798 -0.0049628
2.2953 1.33333 1.01209 0.0136647 -0.00488516
2.31544 1.33333 1.01174 0.0131572 -0.00479596
2.33557 1.33333 1.0114 0.0126575 -0.00469668
2.3557 1.33333 1.01108 0.0121659 -0.00458876
2.37584 1.33333 1.01078 0.0116824 -0.00447355
2.39597 1.33333 1.01049 0.011207 -0.00435233
2.41611 1.33333 1.01022 0.0107397 -0.00422625
2.43624 1.33333 1.00996 0.0102801 -0.00409637
2.45638 1.33333 1.00971 0.00982828 -0.00396366
2.47651 1.33333 1.00948 0.00938382 -0.00382893
2.49664 1.33333 1.00926 0.00894651 -0.00369293
2.51678 1.33333 1.00905 0.00851608 -0.00355628
2.53691 1.33333 1.00885 0.00809225 -0.0034195
2.55705 1.33333 1.00866 0.00767478 -0.00328303
2.57718 1.33333 1.00849 0.0072634 -0.00314719
2.59732 1.33333 1.00833 0.00685788 -0.00301223
2.61745 1.33333 1.00818 0.006458 -0.00287829
2.63758 1.33333 1.00804 0.00606359 -0.00274543
2.65772 1.33333 1.00791 0.0056745 -0.00261361
2.67785 1.33333 1.00779 0.0052906 -0.00248273
2.69799 1.33333 1.00768 0.00491183 -0.00235257
2.71812 1.33333 1.00759 0.00453817 -0.00222282
2.73826 1.33333 1.0075 0.00416965 -0.00209309
2.75839 1.33333 1.00742 0.00380636 -0.00196287
2.77852 1.33333 1.00736 0.00344845 -0.00183155
2.79866 1.33333 1.00731 0.00309617 -0.0016984
2.81879 1.33333 1.00727 0.0027498 -0.00156256
2.83893 1.33333 1.00723 0.00240975 -0.00142305
2.85906 1.33333 1.00722 0.00207651 -0.00127873
2.87919 1.33333 1.00721 0.00175068 -0.0011283
2.89933 1.33333 1.00721 0.00143295 -0.000970278
2.91946 1.33333 1.00723 0.00112417 -0.000803
2.9396 1.33333 1.00726 0.000825291 -0.00062458
2.95973 1.33333 1.0073 0.000537431 -0.000432901
2.97987 1.33333 1.00735 0.000261836 -0.00022559
3 1.33333 1.00742 0 0

0 1.35354 1.0818 0 0
0.0201342 1.35354 1.08236 -0.0004452 0.00350399
0.0402685 1.35354 1.08305 -0.000762267 0.00704198
0.0604027 1.35354 1.08376 -0.00093649 0.0106013
0.0805369 1.35354 1.08456 -0.000957556 0.0141667
0.100671 1.35354 1.08537 -0.000817522 0.0177161
0.120805 1.35354 1.08623 -0.000514017 0.0212266
0.14094 1.35354 1.0871 -4.78397e-05 0.024674
0.161074 1.35354 1.08796 0.000575825 0.0280349
0.181208 1.35354 1.08882 0.00134922 0.0312878
0.201342 1.35354 1.08965 0.00226214 0.0344137
0.221477 1.35354 1.09045 0.00330304 0.0373965
0.241611 1.35354 1.09121 0.00445957 0.0402232
0.261745 1.35354 1.09191 0.00571922 0.0428835
0.281879 1.35354 1.09257 0.0070697 0.0453697
0.302013 1.35354 1.09316 0.00849928 0.0476766
0.322148 1.35354 1.0937 0.009997 0.0498008
0.342282 1.35354 1.09416 0.0115528 0.0517405
0.362416 1.35354 1.09456 0.0131573 0.0534951
0.38255 1.35354 1.0949 0.0148024 0.055065
0.402685 1.35354 1.09516 0.0164804 0.0564514
0.422819 1.35354 1.09535 0.0181846 0.0576557
0.442953 1.35354 1.09547 0.019909 0.0586797
0.463087 1.35354 1.09552 0.021648 0.0595253
0.483221 1.35354 1.09549 0.0233966 0.0601944
0.503356 1.35354 1.09539 0.0251499 0.0606888
0.52349 1.35354 1.09522 0.0269035 0.0610102
0.543624 1.35354 1.09497 0.0286531 0.0611599
0.563758 1.35354 1.09464 0.0303944 0.0611391
0.583893 1.35354 1.09424 0.0321231 0.0609489
0.604027 1.35354 1.09377 0.0338345 0.0605902
0.624161 1.35354 1.09321 0.035524 0.0600635
0.644295 1.35354 1.09258 0.0371865 0.0593696
0.66443 1.35354 1.09186 0.0388163 0.0585091
0.684564 1.35354 1.09107 0.0404074 0.057483
0.704698 1.35354 1.09019 0.041953 0.0562924
0.724832 1.35354 1.08923 0.0434456 0.0549391
0.744966 1.35354 1.08819 0.044877 0.0534257
0.765101 1.35354 1.08706 0.0462383 0.051756
0.785235 1.35354 1.08586 0.0475196 0.0499349
0.805369 1.35354 1.08458 0.0487105 0.0479692
0.825503 1.35354 1.08322 0.0498003 0.045868
0.845638 1.35354 1.08178 0.0507776 0.0436423
0.865772 1.35354 1.08029 0.0516315 0.0413065
0.885906 1.35354 1.07872 0.0523515 0.038877
0.90604 1.35354 1.07711 0.0529285 0.0363742
0.926174 1.35354 1.07545 0.053355 0.0338197
0.946309 1.35354 1.07376 0.0536262 0.0312394
0.966443 1.35354 1.07205 0.0537402 0.0286586
0.986577 1.35354 1.07033 0.0536988 0.0261053
1.00671 1.35354 1.06862 0.0535077 0.0236053
1.02685 1.35354 1.06693 0.0531759 0.0211839
1.04698 1.35354 1.06527 0.0527162 0.0188628
1.06711 1.35354 1.06364 0.0521433 0.0166602
1.08725 1.35354 1.06207 0.0514737 0.0145902
1.10738 1.35354 1.06054 0.0507245 0.0126621
1.12752 1.35354 1.05907 0.0499124 0.0108811
1.14765 1.35354 1.05765 0.0490533 0.00924859
1.16779 1.35354 1.05628 0.0481614 0.0077628
1.18792 1.35354 1.05496 0.0472494 0.0064192
1.20805 1.35354 1.05369 0.0463281 0.00521135
1.22819 1.35354 1.05247 0.0454065 0.00413142
1.24832 1.35354 1.05129 0.0444915 0.00317069
1.26846 1.35354 1.05015 0.0435889 0.00232002
1.28859 1.35354 1.04905 0.0427027 0.00157013
1.30872 1.35354 1.04798 0.041836 0.000911878
1.32886 1.35354 1.04694 0.0409908 0.000336457
1.34899 1.35354 1.04592 0.0401682 -0.000164505
1.36913 1.35354 1.04493 0.0393687 -0.000598865
1.38926 1.35354 1.04396 0.0385925 -0.000973921
1.4094 1.35354 1.04301 0.0378393 -0.00129641
1.42953 1.35354 1.04208 0.0371083 -0.00157249
1.44966 1.35354 1.04116 0.036399 -0.00180783
1.4698 1.35354 1.04026 0.0357104 -0.00200755
1.48993 1.35354 1.03938 0.0350416 -0.00217632
1.51007 1.35354 1.0385 0.0343915 -0.0023184
1.5302 1.35354 1.03764 0.0337593 -0.00243765
1.55034 1.35354 1.03679 0.033144 -0.00253757
1.57047 1.35354 1.03595 0.0325446 -0.00262138
1.5906 1.35354 1.03512 0.0319603 -0.00269201
1.61074 1.35354 1.0343 0.0313902 -0.00275213
1.63087 1.35354 1.03349 0.0308334 -0.00280425
1.65101 1.35354 1.03268 0.0302893 -0.00285063
1.67114 1.35354 1.03189 0.0297569 -0.00289342
1.69128 1.35354 1.0311 0.0292355 -0.00293459
1.71141 1.35354 1.03032 0.0287244 -0.00297597
1.73154 1.35354 1.02954 0.0282226 -0.00301927
1.75168 1.35354 1.02878 0.0277293 -0.00306606
1.77181 1.35354 1.02801 0.0272435 -0.00311776
1.79195 1.35354 1.02726 0.026764 -0.00317561
1.81208 1.35354 1.02651 0.0262896 -0.00324068
1.83221 1.35354 1.02577 0.0258191 -0.00331376
1.85235 1.35354 1.02503 0.0253509 -0.00339538
1.87248 1.35354 1.0243 0.0248833 -0.00348571
1.89262 1.35354 1.02358 0.0244148 -0.00358452
1.91275 1.35354 1.02287 0.0239435 -0.00369115
1.93289 1.35354 1.02216 0.0234677 -0.00380442
1.95302 1.35354 1.02146 0.0229859 -0.00392269
1.97315 1.35354 1.02078 0.0224966 -0.00404384
1.99329 1.35354 1.0201 0.0219987 -0.00416535
2.01342 1.35354 1.01944 0.0214917 -0.00428444
2.03356 1.35354 1.0188 0.0209755 -0.0043982
2.05369 1.35354 1.01817 0.0204503 -0.00450379
2.07383 1.35354 1.01757 0.0199169 -0.00459857
2.09396 1.35354 1.01698 0.0193767 -0.00468029
2.11409 1.35354 1.01642 0.018831 -0.00474715
2.13423 1.35354 1.01587 0.0182816 -0.00479785
2.15436 1.35354 1.01535 0.0177302 -0.00483163
2.1745 1.35354 1.01485 0.0171785 -0.00484821
2.19463 1.35354 1.01437 0.0166282 -0.00484775
2.21477 1.35354 1.01392 0.0160808 -0.00483077
2.2349 1.35354 1.01348 0.0155375 -0.00479809
2.25503 1.35354 1.01307 0.0149994 -0.00475073
2.27517 1.35354 1.01267 0.0144674 -0.00468989
2.2953 1.35354 1.01229 0.0139423 -0.00461684
2.31544 1.35354 1.01193 0.0134246 -0.0045329
2.33557 1.35354 1.01159 0.0129146 -0.0044394
2.3557 1.35354 1.01126 0.0124126 -0.00433763
2.37584 1.35354 1.01095 0.0119187 -0.00422882
2.39597 1.35354 1.01066 0.0114329 -0.00411415
2.41611 1.35354 1.01038 0.0109552 -0.00399469
2.43624 1.35354 1.01011 0.0104854 -0.00387143
2.45638 1.35354 1.00986 0.0100233 -0.00374529
2.47651 1.35354 1.00962 0.00956883 -0.00361706
2.49664 1.35354 1.00939 0.00912164 -0.00348744
2.51678 1.35354 1.00918 0.00868151 -0.00335706
2.53691 1.35354 1.00898 0.00824818 -0.00322643
2.55705 1.35354 1.00879 0.0078214 -0.00309597
2.57718 1.35354 1.00861 0.00740092 -0.00296603
2.59732 1.35354 1.00844 0.00698651 -0.00283687
2.61745 1.35354 1.00829 0.00657796 -0.00270865
2.63758 1.35354 1.00814 0.00617509 -0.00258145
2.65772 1.35354 1.00801 0.00577774 -0.00245529
2.67785 1.35354 1.00789 0.0053858 -0.00233007
2.69799 1.35354 1.00778 0.00499919 -0.00220564
2.71812 1.35354 1.00768 0.00461789 -0.00208175
2.73826 1.35354 1.00759 0.00424193 -0.00195804
2.75839 1.35354 1.00751 0.00387141 -0.00183408
2.77852 1.35354 1.00745 0.00350647 -0.00170933
2.79866 1.35354 1.00739 0.00314737 -0.00158314
2.81879 1.35354 1.00735 0.00279441 -0.00145474
2.83893 1.35354 1.00732 0.00244801 -0.00132325
2.85906 1.35354 1.0073 0.00210869 -0.00118763
2.87919 1.35354 1.00729 0.00177705 -0.00104669
2.89933 1.35354 1.0073 0.00145384 -0.000899087
2.91946 1.35354 1.00732 0.00113994 -0.000743287
2.9396 1.35354 1.00735 0.000836343 -0.000577556
2.95973 1.35354 1.00739 0.000544238 -0.000399939
2.97987 1.35354 1.00744 0.000264932 -0.000208239
3 1.35354 1.00751 0 0

0 1.37374 1.08192 0 0
0.0201342 1.37374 1.0825 -0.000450131 0.00338184
0.0402685 1.37374 1.08316 -0.000773628 0.00678437
0.0604027 1.37374 1.08385 -0.000959029 0.0101973
0.0805369 1.37374 1.08459 -0.000997816 0.0136079
0.100671 1.37374 1.08536 -0.00088337 0.016998
0.120805 1.37374 1.08615 -0.000613223 0.0203482
0.14094 1.37374 1.08695 -0.000187574 0.0236378
0.161074 1.37374 1.08775 0.000389822 0.0268467
0.181208 1.37374 1.08854 0.00111289 0.0299556
0.201342 1.37374 1.08931 0.0019733 0.0329475
0.221477 1.37374 1.09004 0.00296138 0.0358072
0.241611 1.37374 1.09074 0.00406647 0.0385224
0.261745 1.37374 1.0914 0.00527752 0.0410827
0.281879 1.37374 1.09201 0.00658342 0.0434805
0.302013 1.37374 1.09256 0.00797332 0.0457097
0.322148 1.37374 1.09306 0.00943687 0.0477665
0.342282 1.37374 1.09349 0.0109643 0.0496482
0.362416 1.37374 1.09386 0.0125465 0.0513534
0.38255 1.37374 1.09417 0.0141752 0.052882
0.402685 1.37374 1.09441 0.0158425 0.0542342
0.422819 1.37374 1.09458 0.0175415 0.0554108
0.442953 1.37374 1.09469 0.0192657 0.0564132
0.463087 1.37374 1.09472 0.0210089 0.0572428
0.483221 1.37374 1.09468 0.0227657 0.0579011
0.503356 1.37374 1.09458 0.0245307 0.0583897
0.52349 1.37374 1.0944 0.0262989 0.0587099
0.543624 1.37374 1.09414 0.0280654 0.0588632
0.563758 1.37374 1.09381 0.0298253 0.0588509
0.583893 1.37374 1.09341 0.0315737 0.0586739
0.604027 1.37374 1.09294 0.0333056 0.0583334
0.624161 1.37374 1.09238 0.0350157 0.0578304
0.644295 1.37374 1.09176 0.0366985 0.0571659
0.66443 1.37374 1.09105 0.0383479 0.0563411
0.684564 1.37374 1.09027 0.0399576 0.0553573
0.704698 1.37374 1.0894 0.0415206 0.0542165
0.724832 1.37374 1.08847 0.0430293 0.052921
0.744966 1.37374 1.08745 0.0444756 0.0514742
0.765101 1.37374 1.08636 0.0458507 0.0498804
0.785235 1.37374 1.08519 0.0471454 0.0481452
0.805369 1.37374 1.08394 0.0483498 0.0462758
0.825503 1.37374 1.08263 0.0494539 0.0442814
0.845638 1.37374 1.08125 0.0504476 0.0421732
0.865772 1.37374 1.07981 0.0513213 0.0399648
0.885906 1.37374 1.07832 0.0520659 0.0376718
0.90604 1.37374 1.07678 0.0526735 0.0353129
0.926174 1.37374 1.07519 0.0531379 0.0329081
0.946309 1.37374 1.07358 0.0534554 0.0304799
0.966443 1.37374 1.07195 0.0536246 0.0280513
0.986577 1.37374 1.07031 0.0536474 0.0256464
1.00671 1.37374 1.06868 0.0535286 0.023288
1.02685 1.37374 1.06705 0.0532762 0.0209981
1.04698 1.37374 1.06545 0.0529008 0.018796
1.06711 1.37374 1.06389 0.0524152 0.0166981
1.08725 1.37374 1.06235 0.0518334 0.0147174
1.10738 1.37374 1.06086 0.0511702 0.012863
1.12752 1.37374 1.05942 0.0504404 0.0111406
1.14765 1.37374 1.05802 0.0496582 0.00955275
1.16779 1.37374 1.05666 0.0488366 0.00809881
1.18792 1.37374 1.05535 0.0479876 0.00677593
1.20805 1.37374 1.05409 0.0471214 0.00557936
1.22819 1.37374 1.05286 0.0462469 0.00450291
1.24832 1.37374 1.05168 0.0453713 0.00353941
1.26846 1.37374 1.05053 0.0445006 0.00268112
1.28859 1.37374 1.04941 0.0436394 0.00192
1.30872 1.37374 1.04833 0.0427913 0.00124797
1.32886 1.37374 1.04727 0.0419589 0.000657081
1.34899 1.37374 1.04624 0.0411439 0.00013968
1.36913 1.37374 1.04523 0.0403476 -0.000311523
1.38926 1.37374 1.04425 0.0395706 -0.000703387
1.4094 1.37374 1.04328 0.038813 -0.00104232
1.42953 1.37374 1.04234 0.0380749 -0.00133425
1.44966 1.37374 1.04141 0.0373558 -0.00158466
1.4698 1.37374 1.04049 0.0366553 -0.00179857
1.48993 1.37374 1.03959 0.0359728 -0.00198061
1.51007 1.37374 1.03871 0.0353076 -0.00213499
1.5302 1.37374 1.03783 0.0346589 -0.00226556
1.55034 1.37374 1.03697 0.0340261 -0.00237586
1.57047 1.37374 1.03612 0.0334083 -0.00246912
1.5906 1.37374 1.03528 0.0328048 -0.00254828
1.61074 1.37374 1.03445 0.0322148 -0.00261608
1.63087 1.37374 1.03363 0.0316376 -0.002675
1.65101 1.37374 1.03282 0.0310726 -0.00272736
1.67114 1.37374 1.03202 0.0305188 -0.00277527
1.69128 1.37374 1.03123 0.0299756 -0.00282071
1.71141 1.37374 1.03044 0.0294422 -0.00286548
1.73154 1.37374 1.02966 0.0289177 -0.00291123
1.75168 1.37374 1.02889 0.0284012 -0.00295947
1.77181 1.37374 1.02813 0.0278919 -0.00301153
1.79195 1.37374 1.02738 0.0273885 -0.00306855
1.81208 1.37374 1.02663 0.02689 -0.00313148
1.83221 1.37374 1.02589 0.0263951 -0.00320102
1.85235 1.37374 1.02515 0.0259024 -0.00327758
1.87248 1.37374 1.02443 0.0254105 -0.00336126
1.89262 1.37374 1.02371 0.0249178 -0.00345181
1.91275 1.37374 1.023 0.0244229 -0.00354857
1.93289 1.37374 1.0223 0.0239242 -0.00365049
1.95302 1.37374 1.02161 0.0234206 -0.0037561
1.97315 1.37374 1.02093 0.0229108 -0.00386359
1.99329 1.37374 1.02026 0.0223939 -0.00397081
2.01342 1.37374 1.01961 0.0218696 -0.00407542
2.03356 1.37374 1.01898 0.0213377 -0.00417499
2.05369 1.37374 1.01836 0.0207985 -0.00426712
2.07383 1.37374 1.01776 0.0202528 -0.00434961
2.09396 1.37374 1.01718 0.0197014 -0.00442052
2.11409 1.37374 1.01662 0.0191458 -0.00447828
2.13423 1.37374 1.01607 0.0185873 -0.00452175
2.15436 1.37374 1.01555 0.0180274 -0.0045502
2.1745 1.37374 1.01505 0.0174677 -0.0045633
2.19463 1.37374 1.01458 0.0169095 -0.00456111
2.21477 1.37374 1.01412 0.0163543 -0.004544
2.2349 1.37374 1.01368 0.0158032 -0.0045126
2.25503 1.37374 1.01326 0.0152571 -0.00446777
2.27517 1.37374 1.01286 0.0147171 -0.00441049
2.2953 1.37374 1.01248 0.0141838 -0.00434187
2.31544 1.37374 1.01211 0.0136577 -0.00426305
2.33557 1.37374 1.01176 0.0131392 -0.0041752
2.3557 1.37374 1.01143 0.0126286 -0.00407948
2.37584 1.37374 1.01111 0.012126 -0.00397701
2.39597 1.37374 1.01081 0.0116314 -0.00386885
2.41611 1.37374 1.01053 0.011145 -0.00375601
2.43624 1.37374 1.01026 0.0106664 -0.00363941
2.45638 1.37374 1.01 0.0101957 -0.00351991
2.47651 1.37374 1.00975 0.00973261 -0.00339826
2.49664 1.37374 1.00952 0.00927693 -0.00327514
2.51678 1.37374 1.0093 0.00882843 -0.00315115
2.53691 1.37374 1.00909 0.00838687 -0.0030268
2.55705 1.37374 1.0089 0.007952 -0.00290251
2.57718 1.37374 1.00872 0.0075236 -0.00277863
2.59732 1.37374 1.00855 0.00710142 -0.00265543
2.61745 1.37374 1.00839 0.00668527 -0.00253309
2.63758 1.37374 1.00824 0.00627496 -0.00241173
2.65772 1.37374 1.0081 0.00587033 -0.00229139
2.67785 1.37374 1.00798 0.00547128 -0.00217202
2.69799 1.37374 1.00786 0.00507773 -0.0020535
2.71812 1.37374 1.00776 0.00468965 -0.00193563
2.73826 1.37374 1.00767 0.00430707 -0.00181813
2.75839 1.37374 1.00759 0.00393009 -0.00170062
2.77852 1.37374 1.00753 0.00355888 -0.00158264
2.79866 1.37374 1.00747 0.00319366 -0.00146363
2.81879 1.37374 1.00743 0.00283479 -0.00134291
2.83893 1.37374 1.0074 0.00248267 -0.00121969
2.85906 1.37374 1.00738 0.00213785 -0.00109305
2.87919 1.37374 1.00737 0.00180096 -0.00096193
2.89933 1.37374 1.00738 0.00147279 -0.000825112
2.91946 1.37374 1.00739 0.00115424 -0.000681207
2.9396 1.37374 1.00743 0.000846365 -0.000528642
2.95973 1.37374 1.00747 0.000550405 -0.000365633
2.97987 1.37374 1.00753 0.000267732 -0.00019017
3 1.37374 1.0076 0 0

0 1.39394 1.08199 0 0
0.0201342 1.39394 1.08258 -0.000455434 0.00325965
0.0402685 1.39394 1.08322 -0.00078535 0.00652966
0.0604027 1.39394 1.08389 -0.000980904 0.00980136
0.0805369 1.39394 1.08459 -0.00103516 0.0130637
0.100671 1.39394 1.08531 -0.000942675 0.0163016
0.120805 1.39394 1.08605 -0.000701121 0.0194984
0.14094 1.39394 1.08679 -0.000310372 0.0226363
0.161074 1.39394 1.08754 0.000226819 0.0256977
0.181208 1.39394 1.08827 0.000905633 0.0286658
0.201342 1.39394 1.08898 0.00171926 0.0315249
0.221477 1.39394 1.08967 0.00265953 0.0342613
0.241611 1.39394 1.09032 0.00371724 0.0368631
0.261745 1.39394 1.09093 0.00488263 0.0393206
0.281879 1.39394 1.09149 0.00614569 0.0416258
0.302013 1.39394 1.09201 0.00749644 0.0437727
0.322148 1.39394 1.09247 0.00892515 0.0457568
0.342282 1.39394 1.09287 0.0104225 0.047575
0.362416 1.39394 1.09322 0.0119796 0.0492254
0.38255 1.39394 1.0935 0.0135881 0.0507071
0.402685 1.39394 1.09372 0.0152402 0.0520199
0.422819 1.39394 1.09388 0.0169286 0.0531641
0.442953 1.39394 1.09397 0.0186466 0.0541404
0.463087 1.39394 1.09399 0.0203878 0.05495
0.483221 1.39394 1.09394 0.022146 0.055594
0.503356 1.39394 1.09382 0.0239156 0.0560738
0.52349 1.39394 1.09364 0.025691 0.0563906
0.543624 1.39394 1.09338 0.0274669 0.0565457
0.563758 1.39394 1.09305 0.0292378 0.0565403
0.583893 1.39394 1.09265 0.0309985 0.0563758
0.604027 1.39394 1.09217 0.0327433 0.0560533
0.624161 1.39394 1.09162 0.0344666 0.0555741
0.644295 1.39394 1.091 0.0361625 0.0549395
0.66443 1.39394 1.0903 0.0378246 0.0541511
0.684564 1.39394 1.08953 0.0394464 0.0532108
0.704698 1.39394 1.08869 0.0410207 0.052121
0.724832 1.39394 1.08777 0.04254 0.0508845
0.744966 1.39394 1.08678 0.0439962 0.0495053
0.765101 1.39394 1.08571 0.0453809 0.047988
0.785235 1.39394 1.08458 0.0466851 0.0463387
0.805369 1.39394 1.08337 0.0478999 0.044565
0.825503 1.39394 1.08211 0.0490158 0.0426759
0.845638 1.39394 1.08078 0.0500239 0.0406825
0.865772 1.39394 1.07939 0.0509155 0.0385976
0.885906 1.39394 1.07795 0.0516826 0.0364361
0.90604 1.39394 1.07648 0.0523186 0.034215
0.926174 1.39394 1.07496 0.0528183 0.0319526
0.946309 1.39394 1.07342 0.0531786 0.0296689
0.966443 1.39394 1.07185 0.0533986 0.0273845
0.986577 1.39394 1.07028 0.05348 0.0251204
1.00671 1.39394 1.06871 0.0534272 0.022897
1.02685 1.39394 1.06715 0.0532469 0.0207334
1.04698 1.39394 1.06561 0.0529483 0.018647
1.06711 1.39394 1.06409 0.0525424 0.0166524
1.08725 1.39394 1.0626 0.0520412 0.0147617
1.10738 1.39394 1.06114 0.0514578 0.0129837
1.12752 1.39394 1.05972 0.050805 0.0113243
1.14765 1.39394 1.05834 0.0500957 0.00978664
1.16779 1.39394 1.057 0.0493417 0.00837114
1.18792 1.39394 1.0557 0.0485542 0.00707621
1.20805 1.39394 1.05444 0.0477428 0.00589842
1.22819 1.39394 1.05321 0.0469162 0.00483297
1.24832 1.39394 1.05202 0.0460816 0.00387404
1.26846 1.39394 1.05087 0.0452453 0.00301511
1.28859 1.39394 1.04974 0.0444121 0.00224928
1.30872 1.39394 1.04864 0.043586 0.00156943
1.32886 1.39394 1.04758 0.0427701 0.000968467
1.34899 1.39394 1.04653 0.0419667 0.00043945
1.36913 1.39394 1.04551 0.0411775 -2.43344e-05
1.38926 1.39394 1.04451 0.0404037 -0.00042928
1.4094 1.39394 1.04354 0.0396458 -0.000781421
1.42953 1.39394 1.04258 0.0389043 -0.00108641
1.44966 1.39394 1.04163 0.0381792 -0.00134952
1.4698 1.39394 1.04071 0.0374704 -0.00157561
1.48993 1.39394 1.0398 0.0367776 -0.0017692
1.51007 1.39394 1.0389 0.0361005 -0.00193444
1.5302 1.39394 1.03802 0.0354385 -0.00207514
1.55034 1.39394 1.03715 0.0347911 -0.0021948
1.57047 1.39394 1.03629 0.0341576 -0.00229664
1.5906 1.39394 1.03544 0.0335376 -0.00238363
1.61074 1.39394 1.0346 0.0329304 -0.00245847
1.63087 1.39394 1.03377 0.0323352 -0.00252367
1.65101 1.39394 1.03296 0.0317516 -0.00258153
1.67114 1.39394 1.03215 0.0311787 -0.00263415
1.69128 1.39394 1.03135 0.0306159 -0.00268348
1.71141 1.39394 1.03056 0.0300624 -0.00273129
1.73154 1.39394 1.02978 0.0295174 -0.00277918
1.75168 1.39394 1.02901 0.02898 -0.00282859
1.77181 1.39394 1.02824 0.0284494 -0.00288078
1.79195 1.39394 1.02749 0.0279245 -0.00293682
1.81208 1.39394 1.02674 0.0274043 -0.00299756
1.83221 1.39394 1.026 0.0268875 -0.00306361
1.85235 1.39394 1.02526 0.0263729 -0.00313533
1.87248 1.39394 1.02454 0.0258593 -0.00321278
1.89262 1.39394 1.02383 0.0253452 -0.0032957
1.91275 1.39394 1.02312 0.0248295 -0.00338348
1.93289 1.39394 1.02243 0.0243109 -0.00347519
1.95302 1.39394 1.02174 0.0237882 -0.00356954
1.97315 1.39394 1.02107 0.0232605 -0.00366497
1.99329 1.39394 1.02041 0.0227272 -0.00375966
2.01342 1.39394 1.01977 0.0221878 -0.00385163
2.03356 1.39394 1.01914 0.0216424 -0.00393883
2.05369 1.39394 1.01853 0.0210912 -0.00401925
2.07383 1.39394 1.01793 0.0205348 -0.00409102
2.09396 1.39394 1.01735 0.019974 -0.00415249
2.11409 1.39394 1.0168 0.01941 -0.0042023
2.13423 1.39394 1.01626 0.0188438 -0.00423942
2.15436 1.39394 1.01574 0.018277 -0.00426318
2.1745 1.39394 1.01524 0.0177107 -0.00427323
2.19463 1.39394 1.01476 0.0171462 -0.00426956
2.21477 1.39394 1.0143 0.0165847 -0.00425242
2.2349 1.39394 1.01386 0.0160274 -0.00422232
2.25503 1.39394 1.01343 0.0154752 -0.00417994
2.27517 1.39394 1.01303 0.0149288 -0.00412611
2.2953 1.39394 1.01264 0.0143889 -0.00406177
2.31544 1.39394 1.01227 0.0138561 -0.00398792
2.33557 1.39394 1.01192 0.0133308 -0.00390558
2.3557 1.39394 1.01158 0.0128133 -0.00381579
2.37584 1.39394 1.01126 0.0123036 -0.00371955
2.39597 1.39394 1.01096 0.011802 -0.00361784
2.41611 1.39394 1.01067 0.0113083 -0.00351158
2.43624 1.39394 1.01039 0.0108226 -0.00340163
2.45638 1.39394 1.01012 0.0103447 -0.00328877
2.47651 1.39394 1.00987 0.00987443 -0.00317374
2.49664 1.39394 1.00964 0.00941165 -0.00305718
2.51678 1.39394 1.00941 0.00895612 -0.00293966
2.53691 1.39394 1.0092 0.00850761 -0.00282168
2.55705 1.39394 1.009 0.0080659 -0.00270366
2.57718 1.39394 1.00882 0.00763075 -0.00258595
2.59732 1.39394 1.00864 0.00720195 -0.00246883
2.61745 1.39394 1.00848 0.0067793 -0.0023525
2.63758 1.39394 1.00833 0.0063626 -0.00223711
2.65772 1.39394 1.00819 0.00595172 -0.00212271
2.67785 1.39394 1.00806 0.00554654 -0.00200932
2.69799 1.39394 1.00794 0.00514698 -0.00189684
2.71812 1.39394 1.00784 0.00475301 -0.00178514
2.73826 1.39394 1.00775 0.00436468 -0.00167399
2.75839 1.39394 1.00767 0.00398207 -0.00156308
2.77852 1.39394 1.0076 0.00360535 -0.00145204
2.79866 1.39394 1.00754 0.00323478 -0.00134038
2.81879 1.39394 1.0075 0.00287069 -0.00122752
2.83893 1.39394 1.00746 0.00251353 -0.00111279
2.85906 1.39394 1.00744 0.00216384 -0.000995373
2.87919 1.39394 1.00744 0.0018223 -0.000874343
2.89933 1.39394 1.00744 0.0014897 -0.000748623
2.91946 1.39394 1.00746 0.001167 -0.000616981
2.9396 1.39394 1.0075 0.000855308 -0.000478006
2.95973 1.39394 1.00754 0.000555902 -0.000330098
2.97987 1.39394 1.0076 0.000270223 -0.000171443
3 1.39394 1.00768 0 0

0 1.41414 1.08202 0 0
0.0201342 1.41414 1.08262 -0.000461133 0.0031374
0.0402685 1.41414 1.08324 -0.000797672 0.00627721
0.0604027 1.41414 1.08389 -0.00100288 0.00941179
0.0805369 1.41414 1.08456 -0.00107118 0.0125314
0.100671 1.41414 1.08524 -0.000998178 0.015623
0.120805 1.41414 1.08594 -0.000781777 0.0186724
0.14094 1.41414 1.08664 -0.000421712 0.021664
0.161074 1.41414 1.08733 7.99562e-05 0.0245825
0.181208 1.41414 1.08802 0.000719357 0.0274128
0.201342 1.41414 1.08868 0.00149086 0.0301409
0.221477 1.41414 1.08932 0.00238754 0.0327544
0.241611 1.41414 1.08992 0.00340141 0.0352422
0.261745 1.41414 1.09049 0.00452386 0.0375948
0.281879 1.41414 1.09102 0.00574584 0.0398047
0.302013 1.41414 1.0915 0.0070582 0.0418656
0.322148 1.41414 1.09193 0.00845183 0.0437729
0.342282 1.41414 1.09231 0.00991784 0.0455232
0.362416 1.41414 1.09263 0.0114476 0.0471142
0.38255 1.41414 1.09289 0.013033 0.0485445
0.402685 1.41414 1.09309 0.0146662 0.0498134
0.422819 1.41414 1.09323 0.0163397 0.0509209
0.442953 1.41414 1.0933 0.0180465 0.0518673
0.463087 1.41414 1.09331 0.01978 0.0526533
0.483221 1.41414 1.09325 0.0215338 0.05328
0.503356 1.41414 1.09313 0.0233018 0.0537482
0.52349 1.41414 1.09293 0.025078 0.0540594
0.543624 1.41414 1.09267 0.0268566 0.0542145
0.563758 1.41414 1.09234 0.0286318 0.054215
0.583893 1.41414 1.09194 0.0303979 0.0540621
0.604027 1.41414 1.09147 0.0321489 0.0537572
0.624161 1.41414 1.09092 0.0338788 0.0533017
0.644295 1.41414 1.09031 0.0355815 0.0526973
0.66443 1.41414 1.08962 0.0372503 0.0519459
0.684564 1.41414 1.08886 0.0388784 0.0510498
0.704698 1.41414 1.08803 0.0404587 0.0500116
0.724832 1.41414 1.08714 0.0419837 0.0488348
0.744966 1.41414 1.08617 0.0434455 0.0475235
0.765101 1.41414 1.08513 0.0448358 0.0460829
0.785235 1.41414 1.08403 0.0461464 0.0445191
0.805369 1.41414 1.08286 0.0473686 0.0428399
0.825503 1.41414 1.08163 0.0484939 0.0410541
0.845638 1.41414 1.08035 0.0495142 0.0391725
0.865772 1.41414 1.07901 0.0504216 0.0372073
0.885906 1.41414 1.07763 0.0512093 0.0351724
0.90604 1.41414 1.0762 0.0518713 0.0330833
0.926174 1.41414 1.07475 0.0524035 0.0309567
0.946309 1.41414 1.07326 0.052803 0.0288106
0.966443 1.41414 1.07176 0.0530695 0.0266632
0.986577 1.41414 1.07025 0.0532043 0.0245334
1.00671 1.41414 1.06874 0.0532114 0.0224389
1.02685 1.41414 1.06723 0.0530967 0.020397
1.04698 1.41414 1.06573 0.0528681 0.018423
1.06711 1.41414 1.06426 0.0525349 0.0165302
1.08725 1.41414 1.06281 0.0521078 0.0147296
1.10738 1.41414 1.06138 0.051598 0.0130298
1.12752 1.41414 1.05999 0.0510171 0.0114367
1.14765 1.41414 1.05863 0.0503764 0.00995361
1.16779 1.41414 1.0573 0.049687 0.00858197
1.18792 1.41414 1.05601 0.0489589 0.00732104
1.20805 1.41414 1.05475 0.0482013 0.00616848
1.22819 1.41414 1.05353 0.0474227 0.00512062
1.24832 1.41414 1.05233 0.04663 0.00417279
1.26846 1.41414 1.05117 0.0458296 0.00331955
1.28859 1.41414 1.05004 0.0450265 0.00255499
1.30872 1.41414 1.04893 0.0442251 0.00187292
1.32886 1.41414 1.04786 0.0434287 0.00126703
1.34899 1.41414 1.0468 0.0426402 0.000731062
1.36913 1.41414 1.04577 0.0418615 0.00025888
1.38926 1.41414 1.04476 0.0410942 -0.000155427
1.4094 1.41414 1.04377 0.0403395 -0.000517502
1.42953 1.41414 1.0428 0.0395981 -0.000832687
1.44966 1.41414 1.04185 0.0388704 -0.001106
1.4698 1.41414 1.04091 0.0381567 -0.00134212
1.48993 1.41414 1.03999 0.0374569 -0.00154542
1.51007 1.41414 1.03908 0.0367709 -0.00171993
1.5302 1.41414 1.03819 0.0360986 -0.0018694
1.55034 1.41414 1.03731 0.0354395 -0.00199728
1.57047 1.41414 1.03644 0.0347932 -0.00210673
1.5906 1.41414 1.03558 0.0341593 -0.0022007
1.61074 1.41414 1.03474 0.0335373 -0.00228188
1.63087 1.41414 1.0339 0.0329267 -0.00235273
1.65101 1.41414 1.03308 0.0323269 -0.00241555
1.67114 1.41414 1.03227 0.0317373 -0.00247241
1.69128 1.41414 1.03146 0.0311571 -0.00252522
1.71141 1.41414 1.03067 0.0305859 -0.00257571
1.73154 1.41414 1.02989 0.0300227 -0.00262544
1.75168 1.41414 1.02911 0.0294668 -0.00267578
1.77181 1.41414 1.02834 0.0289173 -0.00272792
1.79195 1.41414 1.02759 0.0283732 -0.00278287
1.81208 1.41414 1.02684 0.0278337 -0.00284143
1.83221 1.41414 1.0261 0.0272976 -0.00290413
1.85235 1.41414 1.02537 0.0267637 -0.00297131
1.87248 1.41414 1.02465 0.026231 -0.00304299
1.89262 1.41414 1.02394 0.0256983 -0.00311894
1.91275 1.41414 1.02324 0.0251645 -0.00319862
1.93289 1.41414 1.02255 0.0246285 -0.0032812
1.95302 1.41414 1.02187 0.0240894 -0.00336558
1.97315 1.41414 1.0212 0.0235464 -0.0034504
1.99329 1.41414 1.02055 0.022999 -0.00353413
2.01342 1.41414 1.01991 0.0224469 -0.00361509
2.03356 1.41414 1.01929 0.02189 -0.00369155
2.05369 1.41414 1.01868 0.0213286 -0.00376181
2.07383 1.41414 1.01809 0.0207633 -0.00382428
2.09396 1.41414 1.01751 0.0201947 -0.00387756
2.11409 1.41414 1.01696 0.0196237 -0.00392046
2.13423 1.41414 1.01642 0.0190515 -0.00395207
2.15436 1.41414 1.0159 0.0184791 -0.00397177
2.1745 1.41414 1.0154 0.0179077 -0.00397922
2.19463 1.41414 1.01492 0.0173384 -0.00397435
2.21477 1.41414 1.01446 0.0167722 -0.00395734
2.2349 1.41414 1.01402 0.0162103 -0.00392857
2.25503 1.41414 1.01359 0.0156533 -0.0038886
2.27517 1.41414 1.01319 0.0151021 -0.00383812
2.2953 1.41414 1.0128 0.0145574 -0.00377794
2.31544 1.41414 1.01242 0.0140196 -0.00370892
2.33557 1.41414 1.01206 0.0134891 -0.00363196
2.3557 1.41414 1.01172 0.0129662 -0.00354796
2.37584 1.41414 1.0114 0.0124511 -0.00345785
2.39597 1.41414 1.01109 0.0119439 -0.00336249
2.41611 1.41414 1.01079 0.0114446 -0.00326274
2.43624 1.41414 1.01051 0.0109532 -0.00315938
2.45638 1.41414 1.01024 0.0104696 -0.00305315
2.47651 1.41414 1.00999 0.0099936 -0.00294474
2.49664 1.41414 1.00974 0.00952509 -0.00283474
2.51678 1.41414 1.00952 0.00906387 -0.00272372
2.53691 1.41414 1.0093 0.00860971 -0.00261216
2.55705 1.41414 1.0091 0.00816241 -0.00250046
2.57718 1.41414 1.00891 0.00772173 -0.00238899
2.59732 1.41414 1.00873 0.00728748 -0.00227802
2.61745 1.41414 1.00856 0.00685945 -0.00216779
2.63758 1.41414 1.00841 0.00643747 -0.00205844
2.65772 1.41414 1.00826 0.00602138 -0.00195009
2.67785 1.41414 1.00813 0.00561107 -0.00184275
2.69799 1.41414 1.00801 0.00520648 -0.00173641
2.71812 1.41414 1.00791 0.00480756 -0.00163097
2.73826 1.41414 1.00781 0.00441437 -0.00152627
2.75839 1.41414 1.00773 0.00402699 -0.00142208
2.77852 1.41414 1.00766 0.0036456 -0.00131809
2.79866 1.41414 1.0076 0.00327045 -0.00121391
2.81879 1.41414 1.00756 0.0029019 -0.00110906
2.83893 1.41414 1.00752 0.00254039 -0.00100298
2.85906 1.41414 1.0075 0.0021865 -0.00089498
2.87919 1.41414 1.0075 0.00184092 -0.000784267
2.89933 1.41414 1.0075 0.00150447 -0.000669912
2.91946 1.41414 1.00752 0.00117816 -0.000550845
2.9396 1.41414 1.00756 0.000863124 -0.00042583
2.95973 1.41414 1.00761 0.000560702 -0.000293458
2.97987 1.41414 1.00767 0.000272393 -0.000152121
3 1.41414 1.00775 0 0

0 1.43434 1.08202 0 0
0.0201342 1.43434 1.08262 -0.000467248 0.00301516
0.0402685 1.43434 1.08323 -0.000810772 0.00602674
0.0604027 1.43434 1.08386 -0.00102553 0.00902767
0.0805369 1.43434 1.08451 -0.00110709 0.0120091
0.100671 1.43434 1.08516 -0.00105195 0.0149597
0.120805 1.43434 1.08582 -0.000858296 0.0178668
0.14094 1.43434 1.08648 -0.000525835 0.0207169
0.161074 1.43434 1.08713 -5.61462e-05 0.0234965
0.181208 1.43434 1.08777 0.000547613 0.0261923
0.201342 1.43434 1.08839 0.00128074 0.0287916
0.221477 1.43434 1.08899 0.00213731 0.0312831
0.241611 1.43434 1.08956 0.00311037 0.0336566
0.261745 1.43434 1.09009 0.00419226 0.0359033
0.281879 1.43434 1.09059 0.00537482 0.0380159
0.302013 1.43434 1.09103 0.00664965 0.0399882
0.322148 1.43434 1.09144 0.00800822 0.0418156
0.342282 1.43434 1.09179 0.00944209 0.0434945
0.362416 1.43434 1.09208 0.010943 0.0450223
0.38255 1.43434 1.09232 0.0125029 0.0463974
0.402685 1.43434 1.09251 0.014114 0.0476187
0.422819 1.43434 1.09263 0.0157688 0.0486858
0.442953 1.43434 1.09269 0.0174603 0.0495989
0.463087 1.43434 1.09269 0.0191814 0.0503583
0.483221 1.43434 1.09262 0.0209257 0.0509648
0.503356 1.43434 1.09249 0.0226866 0.0514193
0.52349 1.43434 1.09229 0.0244579 0.0517228
0.543624 1.43434 1.09203 0.0262334 0.0518764
0.563758 1.43434 1.09169 0.0280069 0.0518815
0.583893 1.43434 1.09129 0.0297725 0.0517394
0.604027 1.43434 1.09082 0.0315238 0.0514516
0.624161 1.43434 1.09028 0.0332545 0.0510196
0.644295 1.43434 1.08968 0.0349583 0.0504455
0.66443 1.43434 1.089 0.0366283 0.0497313
0.684564 1.43434 1.08825 0.0382577 0.0488796
0.704698 1.43434 1.08744 0.0398393 0.0478934
0.724832 1.43434 1.08656 0.0413656 0.0467765
0.744966 1.43434 1.08561 0.042829 0.0455331
0.765101 1.43434 1.0846 0.0442216 0.0441687
0.785235 1.43434 1.08353 0.0455354 0.0426896
0.805369 1.43434 1.08239 0.0467624 0.0411033
0.825503 1.43434 1.0812 0.0478948 0.0394186
0.845638 1.43434 1.07996 0.0489251 0.0376458
0.865772 1.43434 1.07867 0.0498463 0.0357964
0.885906 1.43434 1.07733 0.0506523 0.0338833
0.90604 1.43434 1.07596 0.0513379 0.0319208
0.926174 1.43434 1.07455 0.0518995 0.029924
0.946309 1.43434 1.07312 0.0523348 0.0279091
0.966443 1.43434 1.07168 0.0526434 0.0258925
0.986577 1.43434 1.07022 0.0528268 0.0238908
1.00671 1.43434 1.06875 0.0528883 0.02192
1.02685 1.43434 1.06729 0.0528331 0.0199954
1.04698 1.43434 1.06584 0.052668 0.0181306
1.06711 1.43434 1.0644 0.0524012 0.0163378
1.08725 1.43434 1.06298 0.0520419 0.0146272
1.10738 1.43434 1.06159 0.0516001 0.0130067
1.12752 1.43434 1.06022 0.051086 0.0114821
1.14765 1.43434 1.05888 0.0505098 0.0100573
1.16779 1.43434 1.05756 0.0498815 0.00873388
1.18792 1.43434 1.05628 0.0492104 0.007512
1.20805 1.43434 1.05503 0.0485052 0.00639016
1.22819 1.43434 1.05381 0.0477739 0.00536562
1.24832 1.43434 1.05261 0.0470233 0.00443465
1.26846 1.43434 1.05145 0.0462597 0.00359278
1.28859 1.43434 1.05031 0.0454882 0.00283497
1.30872 1.43434 1.0492 0.0447134 0.00215585
1.32886 1.43434 1.04811 0.0439389 0.00154986
1.34899 1.43434 1.04705 0.0431678 0.00101138
1.36913 1.43434 1.04601 0.0424024 0.00053484
1.38926 1.43434 1.04499 0.0416448 0.000114815
1.4094 1.43434 1.04399 0.0408963 -0.000253942
1.42953 1.43434 1.04301 0.0401581 -0.000576435
1.44966 1.43434 1.04204 0.0394309 -0.000857412
1.4698 1.43434 1.04109 0.0387153 -0.00110134
1.48993 1.43434 1.04016 0.0380115 -0.00131241
1.51007 1.43434 1.03925 0.0373197 -0.00149453
1.5302 1.43434 1.03834 0.0366398 -0.00165132
1.55034 1.43434 1.03745 0.0359718 -0.00178615
1.57047 1.43434 1.03658 0.0353154 -0.00190214
1.5906 1.43434 1.03571 0.0346703 -0.00200217
1.61074 1.43434 1.03486 0.0340362 -0.00208887
1.63087 1.43434 1.03402 0.0334126 -0.0021647
1.65101 1.43434 1.03319 0.032799 -0.00223188
1.67114 1.43434 1.03238 0.032195 -0.00229247
1.69128 1.43434 1.03157 0.0316 -0.00234833
1.71141 1.43434 1.03077 0.0310133 -0.00240113
1.73154 1.43434 1.02998 0.0304343 -0.00245239
1.75168 1.43434 1.02921 0.0298622 -0.00250343
1.77181 1.43434 1.02844 0.0292962 -0.00255539
1.79195 1.43434 1.02768 0.0287355 -0.00260921
1.81208 1.43434 1.02693 0.0281792 -0.00266563
1.83221 1.43434 1.02619 0.0276262 -0.00272518
1.85235 1.43434 1.02546 0.0270757 -0.00278814
1.87248 1.43434 1.02475 0.0265266 -0.00285455
1.89262 1.43434 1.02404 0.0259778 -0.0029242
1.91275 1.43434 1.02334 0.0254285 -0.00299662
1.93289 1.43434 1.02265 0.0248777 -0.00307109
1.95302 1.43434 1.02198 0.0243247 -0.00314667
1.97315 1.43434 1.02132 0.0237688 -0.00322221
1.99329 1.43434 1.02067 0.0232096 -0.00329638
2.01342 1.43434 1.02004 0.0226469 -0.00336778
2.03356 1.43434 1.01942 0.0220806 -0.00343494
2.05369 1.43434 1.01881 0.0215109 -0.00349642
2.07383 1.43434 1.01823 0.0209384 -0.00355087
2.09396 1.43434 1.01766 0.0203636 -0.00359709
2.11409 1.43434 1.0171 0.0197873 -0.00363404
2.13423 1.43434 1.01657 0.0192104 -0.00366092
2.15436 1.43434 1.01605 0.0186339 -0.00367718
2.1745 1.43434 1.01555 0.0180588 -0.00368248
2.19463 1.43434 1.01507 0.0174861 -0.00367671
2.21477 1.43434 1.01461 0.0169167 -0.00366
2.2349 1.43434 1.01416 0.0163516 -0.00363263
2.25503 1.43434 1.01374 0.0157915 -0.00359506
2.27517 1.43434 1.01333 0.015237 -0.00354788
2.2953 1.43434 1.01293 0.0146889 -0.00349175
2.31544 1.43434 1.01255 0.0141476 -0.00342743
2.33557 1.43434 1.01219 0.0136135 -0.0033557
2.3557 1.43434 1.01185 0.0130869 -0.00327737
2.37584 1.43434 1.01152 0.0125679 -0.00319325
2.39597 1.43434 1.0112 0.0120566 -0.00310413
2.41611 1.43434 1.0109 0.0115532 -0.00301079
2.43624 1.43434 1.01062 0.0110576 -0.00291395
2.45638 1.43434 1.01034 0.0105697 -0.00281429
2.47651 1.43434 1.01009 0.0100894 -0.00271245
2.49664 1.43434 1.00984 0.0096166 -0.002609
2.51678 1.43434 1.00961 0.00915103 -0.00250447
2.53691 1.43434 1.00939 0.00869252 -0.00239933
2.55705 1.43434 1.00918 0.00824089 -0.00229398
2.57718 1.43434 1.00899 0.00779592 -0.00218876
2.59732 1.43434 1.0088 0.0073574 -0.00208399
2.61745 1.43434 1.00863 0.00692515 -0.00197988
2.63758 1.43434 1.00848 0.00649899 -0.00187663
2.65772 1.43434 1.00833 0.00607878 -0.00177436
2.67785 1.43434 1.0082 0.0056644 -0.00167314
2.69799 1.43434 1.00808 0.00525578 -0.00157299
2.71812 1.43434 1.00797 0.00485289 -0.00147387
2.73826 1.43434 1.00787 0.00445577 -0.00137568
2.75839 1.43434 1.00779 0.00406453 -0.00127827
2.77852 1.43434 1.00771 0.00367932 -0.0011814
2.79866 1.43434 1.00765 0.00330042 -0.00108478
2.81879 1.43434 1.00761 0.00292819 -0.000988044
2.83893 1.43434 1.00757 0.00256308 -0.00089073
2.85906 1.43434 1.00755 0.00220568 -0.000792289
2.87919 1.43434 1.00755 0.0018567 -0.000692066
2.89933 1.43434 1.00755 0.00151702 -0.000589288
2.91946 1.43434 1.00757 0.00118764 -0.000483052
2.9396 1.43434 1.00761 0.000869765 -0.000372308
2.95973 1.43434 1.00766 0.000564775 -0.000255846
2.97987 1.43434 1.00772 0.000274229 -0.000132272
3 1.43434 1.0078 0 0

0 1.45455 1.082 0 0
0.0201342 1.45455 1.08259 -0.000473794 0.00289313
0.0402685 1.45455 1.0832 -0.000824781 0.00577822
0.0604027 1.45455 1.08381 -0.00104927 0.00864849
0.0805369 1.45455 1.08443 -0.00114378 0.0114957
0.100671 1.45455 1.08506 -0.00110556 0.0143096
0.120805 1.45455 1.08569 -0.00093307 0.017079
0.14094 1.45455 1.08632 -0.00062604 0.0197921
0.161074 1.45455 1.08693 -0.00018572 0.0224366
0.181208 1.45455 1.08754 0.000385273 0.0250009
0.201342 1.45455 1.08813 0.00108296 0.0274736
0.221477 1.45455 1.08869 0.00190223 0.0298445
0.241611 1.45455 1.08922 0.00283698 0.0321041
0.261745 1.45455 1.08972 0.00388038 0.0342443
0.281879 1.45455 1.09019 0.00502502 0.0362583
0.302013 1.45455 1.09061 0.00626317 0.0381401
0.322148 1.45455 1.09098 0.00758685 0.0398852
0.342282 1.45455 1.09131 0.00898806 0.0414899
0.362416 1.45455 1.09159 0.0104588 0.0429516
0.38255 1.45455 1.09181 0.0119913 0.0442684
0.402685 1.45455 1.09197 0.0135779 0.0454389
0.422819 1.45455 1.09208 0.015211 0.0464627
0.442953 1.45455 1.09213 0.0168835 0.0473396
0.463087 1.45455 1.09212 0.0185883 0.0480698
0.483221 1.45455 1.09204 0.0203185 0.0486538
0.503356 1.45455 1.09191 0.0220676 0.0490923
0.52349 1.45455 1.0917 0.023829 0.0493864
0.543624 1.45455 1.09144 0.0255963 0.0495371
0.563758 1.45455 1.0911 0.0273629 0.0495457
0.583893 1.45455 1.0907 0.0291226 0.0494135
0.604027 1.45455 1.09024 0.030869 0.0491422
0.624161 1.45455 1.0897 0.0325954 0.0487335
0.644295 1.45455 1.0891 0.0342952 0.0481895
0.66443 1.45455 1.08843 0.0359617 0.0475125
0.684564 1.45455 1.0877 0.0375878 0.0467053
0.704698 1.45455 1.0869 0.0391665 0.0457711
0.724832 1.45455 1.08604 0.0406903 0.0447137
0.744966 1.45455 1.08512 0.0421518 0.0435379
0.765101 1.45455 1.08413 0.0435435 0.0422489
0.785235 1.45455 1.08308 0.0448577 0.0408531
0.805369 1.45455 1.08198 0.046087 0.039358
0.825503 1.45455 1.08082 0.0472241 0.037772
0.845638 1.45455 1.07962 0.0482622 0.0361048
0.865772 1.45455 1.07836 0.049195 0.0343673
0.885906 1.45455 1.07707 0.0500169 0.0325715
0.90604 1.45455 1.07574 0.0507235 0.0307304
0.926174 1.45455 1.07438 0.0513115 0.0288579
0.946309 1.45455 1.073 0.051779 0.0269684
0.966443 1.45455 1.07159 0.0521257 0.0250768
0.986577 1.45455 1.07018 0.052353 0.0231979
1.00671 1.45455 1.06876 0.0524636 0.0213459
1.02685 1.45455 1.06734 0.0524623 0.0195345
1.04698 1.45455 1.06593 0.0523548 0.017776
1.06711 1.45455 1.06452 0.0521484 0.0160814
1.08725 1.45455 1.06313 0.0518512 0.0144601
1.10738 1.45455 1.06177 0.0514719 0.0129195
1.12752 1.45455 1.06042 0.0510197 0.0114653
1.14765 1.45455 1.05909 0.0505038 0.0101013
1.16779 1.45455 1.05779 0.0499331 0.00882971
1.18792 1.45455 1.05652 0.0493164 0.00765108
1.20805 1.45455 1.05527 0.0486618 0.00656459
1.22819 1.45455 1.05406 0.0479766 0.0055683
1.24832 1.45455 1.05286 0.0472678 0.00465926
1.26846 1.45455 1.0517 0.0465412 0.0038338
1.28859 1.45455 1.05055 0.0458022 0.00308768
1.30872 1.45455 1.04944 0.0450553 0.00241625
1.32886 1.45455 1.04834 0.0443045 0.00181463
1.34899 1.45455 1.04727 0.0435528 0.00127781
1.36913 1.45455 1.04622 0.0428032 0.000800765
1.38926 1.45455 1.04519 0.0420577 0.00037853
1.4094 1.45455 1.04419 0.0413181 6.26766e-06
1.42953 1.45455 1.04319 0.0405858 -0.000320687
1.44966 1.45455 1.04222 0.039862 -0.000606794
1.4698 1.45455 1.04126 0.0391473 -0.000856282
1.48993 1.45455 1.04032 0.0384423 -0.00107314
1.51007 1.45455 1.0394 0.0377474 -0.00126112
1.5302 1.45455 1.03849 0.0370628 -0.00142372
1.55034 1.45455 1.03759 0.0363886 -0.0015642
1.57047 1.45455 1.03671 0.0357247 -0.00168558
1.5906 1.45455 1.03584 0.035071 -0.00179066
1.61074 1.45455 1.03498 0.0344272 -0.00188204
1.63087 1.45455 1.03413 0.0337931 -0.0019621
1.65101 1.45455 1.0333 0.0331683 -0.00203302
1.67114 1.45455 1.03248 0.0325524 -0.00209679
1.69128 1.45455 1.03166 0.0319449 -0.00215523
1.71141 1.45455 1.03086 0.0313452 -0.00220998
1.73154 1.45455 1.03007 0.0307527 -0.00226248
1.75168 1.45455 1.02929 0.0301668 -0.00231401
1.77181 1.45455 1.02852 0.0295868 -0.00236566
1.79195 1.45455 1.02777 0.0290119 -0.00241834
1.81208 1.45455 1.02702 0.0284413 -0.00247272
1.83221 1.45455 1.02628 0.027874 -0.00252932
1.85235 1.45455 1.02555 0.0273094 -0.00258841
1.87248 1.45455 1.02483 0.0267464 -0.00265004
1.89262 1.45455 1.02413 0.0261842 -0.00271403
1.91275 1.45455 1.02343 0.0256219 -0.00278
1.93289 1.45455 1.02275 0.0250589 -0.00284732
1.95302 1.45455 1.02208 0.0244944 -0.00291518
1.97315 1.45455 1.02142 0.023928 -0.00298261
1.99329 1.45455 1.02078 0.0233592 -0.00304849
2.01342 1.45455 1.02015 0.0227879 -0.00311162
2.03356 1.45455 1.01953 0.0222141 -0.00317076
2.05369 1.45455 1.01893 0.021638 -0.0032247
2.07383 1.45455 1.01835 0.02106 -0.00327227
2.09396 1.45455 1.01778 0.0204806 -0.00331245
2.11409 1.45455 1.01723 0.0199005 -0.00334434
2.13423 1.45455 1.0167 0.0193204 -0.00336724
2.15436 1.45455 1.01618 0.0187413 -0.00338063
2.1745 1.45455 1.01568 0.018164 -0.00338421
2.19463 1.45455 1.0152 0.0175893 -0.00337785
2.21477 1.45455 1.01474 0.0170181 -0.00336162
2.2349 1.45455 1.01429 0.0164512 -0.00333575
2.25503 1.45455 1.01386 0.0158894 -0.0033006
2.27517 1.45455 1.01345 0.0153332 -0.00325665
2.2953 1.45455 1.01305 0.0147833 -0.00320449
2.31544 1.45455 1.01267 0.01424 -0.00314475
2.33557 1.45455 1.01231 0.0137037 -0.00307813
2.3557 1.45455 1.01196 0.0131748 -0.00300532
2.37584 1.45455 1.01163 0.0126534 -0.00292707
2.39597 1.45455 1.01131 0.0121397 -0.00284406
2.41611 1.45455 1.011 0.0116336 -0.00275702
2.43624 1.45455 1.01071 0.0111353 -0.00266659
2.45638 1.45455 1.01044 0.0106445 -0.00257341
2.47651 1.45455 1.01017 0.0101613 -0.00247807
2.49664 1.45455 1.00992 0.00968553 -0.00238112
2.51678 1.45455 1.00969 0.00921695 -0.00228304
2.53691 1.45455 1.00947 0.00875541 -0.00218429
2.55705 1.45455 1.00925 0.00830073 -0.00208526
2.57718 1.45455 1.00906 0.0078527 -0.00198631
2.59732 1.45455 1.00887 0.00741113 -0.00188772
2.61745 1.45455 1.0087 0.00697584 -0.00178975
2.63758 1.45455 1.00854 0.00654665 -0.0016926
2.65772 1.45455 1.00839 0.00612342 -0.00159642
2.67785 1.45455 1.00825 0.00570604 -0.00150133
2.69799 1.45455 1.00813 0.00529444 -0.00140739
2.71812 1.45455 1.00802 0.00488858 -0.0013146
2.73826 1.45455 1.00792 0.00448852 -0.00122295
2.75839 1.45455 1.00783 0.00409434 -0.00113233
2.77852 1.45455 1.00776 0.00370622 -0.00104261
2.79866 1.45455 1.0077 0.00332443 -0.000953594
2.81879 1.45455 1.00765 0.00294933 -0.000865015
2.83893 1.45455 1.00761 0.00258139 -0.000776537
2.85906 1.45455 1.00759 0.00222122 -0.000687744
2.87919 1.45455 1.00759 0.00186954 -0.000598129
2.89933 1.45455 1.00759 0.00152724 -0.000507079
2.91946 1.45455 1.00761 0.00119538 -0.00041387
2.9396 1.45455 1.00765 0.000875187 -0.000317645
2.95973 1.45455 1.0077 0.000568096 -0.000217399
2.97987 1.45455 1.00776 0.00027572 -0.000111966
3 1.45455 1.00785 0 0

0 1.47475 1.08195 0 0
0.0201342 1.47475 1.08255 -0.000480782 0.00277153
0.0402685 1.47475 1.08315 -0.000839803 0.00553181
0.0604027 1.47475 1.08375 -0.00107444 0.00827409
0.0805369 1.47475 1.08435 -0.00118196 0.0109905
0.100671 1.47475 1.08495 -0.00116022 0.0136716
0.120805 1.47475 1.08556 -0.00100795 0.0163074
0.14094 1.47475 1.08615 -0.000724904 0.0188872
0.161074 1.47475 1.08674 -0.0003121 0.0214003
0.181208 1.47475 1.08732 0.000228255 0.023836
0.201342 1.47475 1.08787 0.000892757 0.0261843
0.221477 1.47475 1.08841 0.00167694 0.028436
0.241611 1.47475 1.08891 0.00257542 0.0305824
0.261745 1.47475 1.08938 0.00358205 0.0326162
0.281879 1.47475 1.08982 0.00469008 0.0345309
0.302013 1.47475 1.09022 0.00589234 0.036321
0.322148 1.47475 1.09057 0.00718138 0.037982
0.342282 1.47475 1.09088 0.00854959 0.0395105
0.362416 1.47475 1.09113 0.00998931 0.0409037
0.38255 1.47475 1.09134 0.0114929 0.0421596
0.402685 1.47475 1.09149 0.0130528 0.043277
0.422819 1.47475 1.09159 0.0146616 0.044255
0.442953 1.47475 1.09162 0.0163121 0.0450932
0.463087 1.47475 1.0916 0.017997 0.0457919
0.483221 1.47475 1.09152 0.0197095 0.0463513
0.503356 1.47475 1.09138 0.0214427 0.0467722
0.52349 1.47475 1.09117 0.0231899 0.0470553
0.543624 1.47475 1.0909 0.0249443 0.0472017
0.563758 1.47475 1.09056 0.0266994 0.0472127
0.583893 1.47475 1.09017 0.0284487 0.0470897
0.604027 1.47475 1.0897 0.0301854 0.0468343
0.624161 1.47475 1.08917 0.0319028 0.0464484
0.644295 1.47475 1.08858 0.0335943 0.0459342
0.66443 1.47475 1.08792 0.035253 0.0452941
0.684564 1.47475 1.0872 0.0368718 0.0445311
0.704698 1.47475 1.08642 0.0384437 0.0436485
0.724832 1.47475 1.08557 0.0399615 0.0426504
0.744966 1.47475 1.08467 0.0414179 0.0415412
0.765101 1.47475 1.0837 0.0428057 0.0403266
0.785235 1.47475 1.08268 0.0441177 0.0390127
0.805369 1.47475 1.08161 0.0453468 0.0376066
0.825503 1.47475 1.08048 0.0464863 0.0361167
0.845638 1.47475 1.07931 0.04753 0.0345519
0.865772 1.47475 1.07809 0.048472 0.0329226
0.885906 1.47475 1.07683 0.0493074 0.0312397
0.90604 1.47475 1.07554 0.0500323 0.0295153
0.926174 1.47475 1.07422 0.0506436 0.0277619
0.946309 1.47475 1.07288 0.0511399 0.0259926
0.966443 1.47475 1.07152 0.0515207 0.0242208
0.986577 1.47475 1.07014 0.0517873 0.0224596
1.00671 1.47475 1.06876 0.0519422 0.020722
1.02685 1.47475 1.06738 0.0519894 0.01902
1.04698 1.47475 1.066 0.0519341 0.0173649
1.06711 1.47475 1.06463 0.0517826 0.0157666
1.08725 1.47475 1.06327 0.051542 0.0142337
1.10738 1.47475 1.06192 0.0512201 0.0127732
1.12752 1.47475 1.06059 0.0508251 0.0113905
1.14765 1.47475 1.05928 0.0503652 0.0100895
1.16779 1.47475 1.058 0.0498487 0.0088725
1.18792 1.47475 1.05673 0.0492835 0.00774054
1.20805 1.47475 1.05549 0.0486772 0.00669331
1.22819 1.47475 1.05428 0.0480368 0.00572947
1.24832 1.47475 1.05309 0.0473689 0.00484675
1.26846 1.47475 1.05192 0.0466792 0.00404216
1.28859 1.47475 1.05077 0.0459731 0.00331214
1.30872 1.47475 1.04965 0.045255 0.00265269
1.32886 1.47475 1.04855 0.044529 0.00205954
1.34899 1.47475 1.04748 0.0437985 0.00152826
1.36913 1.47475 1.04642 0.0430665 0.00105432
1.38926 1.47475 1.04538 0.0423352 0.000633215
1.4094 1.47475 1.04436 0.0416068 0.000260496
1.42953 1.47475 1.04336 0.040883 -6.8154e-05
1.44966 1.47475 1.04238 0.0401649 -0.000356898
1.4698 1.47475 1.04142 0.0394537 -0.000609717
1.48993 1.47475 1.04047 0.0387501 -0.000830387
1.51007 1.47475 1.03953 0.0380547 -0.00102248
1.5302 1.47475 1.03862 0.037368 -0.00118934
1.55034 1.47475 1.03771 0.0366901 -0.0013341
1.57047 1.47475 1.03682 0.0360213 -0.00145968
1.5906 1.47475 1.03595 0.0353615 -0.0015688
1.61074 1.47475 1.03508 0.0347106 -0.00166396
1.63087 1.47475 1.03423 0.0340685 -0.00174747
1.65101 1.47475 1.03339 0.0334349 -0.00182145
1.67114 1.47475 1.03256 0.0328095 -0.00188785
1.69128 1.47475 1.03175 0.0321919 -0.00194841
1.71141 1.47475 1.03095 0.0315817 -0.00200472
1.73154 1.47475 1.03015 0.0309782 -0.00205818
1.75168 1.47475 1.02937 0.030381 -0.00211001
1.77181 1.47475 1.0286 0.0297894 -0.00216125
1.79195 1.47475 1.02784 0.0292027 -0.00221277
1.81208 1.47475 1.02709 0.0286203 -0.00226523
1.83221 1.47475 1.02635 0.0280413 -0.00231911
1.85235 1.47475 1.02563 0.0274651 -0.00237468
1.87248 1.47475 1.02491 0.0268907 -0.002432
1.89262 1.47475 1.02421 0.0263176 -0.00249096
1.91275 1.47475 1.02352 0.0257449 -0.00255122
1.93289 1.47475 1.02284 0.025172 -0.00261225
1.95302 1.47475 1.02217 0.0245984 -0.00267338
1.97315 1.47475 1.02151 0.0240237 -0.00273378
1.99329 1.47475 1.02087 0.0234475 -0.00279249
2.01342 1.47475 1.02025 0.0228698 -0.00284851
2.03356 1.47475 1.01964 0.0222904 -0.00290078
2.05369 1.47475 1.01904 0.0217097 -0.00294827
2.07383 1.47475 1.01846 0.0211279 -0.00298999
2.09396 1.47475 1.01789 0.0205455 -0.00302505
2.11409 1.47475 1.01734 0.0199631 -0.00305268
2.13423 1.47475 1.01681 0.0193814 -0.00307227
2.15436 1.47475 1.0163 0.0188011 -0.00308334
2.1745 1.47475 1.0158 0.0182229 -0.00308562
2.19463 1.47475 1.01532 0.0176476 -0.00307897
2.21477 1.47475 1.01485 0.0170761 -0.00306342
2.2349 1.47475 1.01441 0.0165089 -0.00303915
2.25503 1.47475 1.01397 0.0159468 -0.00300645
2.27517 1.47475 1.01356 0.0153903 -0.00296572
2.2953 1.47475 1.01316 0.0148399 -0.00291744
2.31544 1.47475 1.01278 0.0142961 -0.00286218
2.33557 1.47475 1.01241 0.0137593 -0.00280053
2.3557 1.47475 1.01206 0.0132296 -0.00273312
2.37584 1.47475 1.01172 0.0127073 -0.00266058
2.39597 1.47475 1.0114 0.0121925 -0.00258356
2.41611 1.47475 1.01109 0.0116852 -0.00250268
2.43624 1.47475 1.0108 0.0111855 -0.00241854
2.45638 1.47475 1.01052 0.0106934 -0.00233174
2.47651 1.47475 1.01025 0.0102087 -0.00224281
2.49664 1.47475 1.01 0.00973125 -0.00215227
2.51678 1.47475 1.00976 0.009261 -0.00206057
2.53691 1.47475 1.00953 0.00879775 -0.00196816
2.55705 1.47475 1.00932 0.0083413 -0.00187541
2.57718 1.47475 1.00912 0.00789148 -0.00178266
2.59732 1.47475 1.00893 0.00744808 -0.00169023
2.61745 1.47475 1.00875 0.00701095 -0.00159836
2.63758 1.47475 1.00859 0.00657989 -0.00150729
2.65772 1.47475 1.00844 0.00615479 -0.00141718
2.67785 1.47475 1.0083 0.00573552 -0.0013282
2.69799 1.47475 1.00817 0.00532201 -0.00124044
2.71812 1.47475 1.00806 0.00491424 -0.00115397
2.73826 1.47475 1.00796 0.00451223 -0.00106882
2.75839 1.47475 1.00787 0.0041161 -0.000984979
2.77852 1.47475 1.00779 0.003726 -0.000902398
2.79866 1.47475 1.00773 0.00334222 -0.000820973
2.81879 1.47475 1.00768 0.00296511 -0.000740553
2.83893 1.47475 1.00765 0.00259515 -0.000660926
2.85906 1.47475 1.00762 0.00223296 -0.000581814
2.87919 1.47475 1.00762 0.00187929 -0.000502865
2.89933 1.47475 1.00762 0.00153505 -0.000423636
2.91946 1.47475 1.00764 0.00120131 -0.000343585
2.9396 1.47475 1.00768 0.000879345 -0.000262058
2.95973 1.47475 1.00773 0.000570639 -0.000178267
2.97987 1.47475 1.00779 0.000276855 -9.12787e-05
3 1.47475 1.00788 0 0

0 1.49495 1.0819 0 0
0.0201342 1.49495 1.0825 -0.000488223 0.00265065
0.0402685 1.49495 1.08308 -0.000855921 0.00528782
0.0604027 1.49495 1.08367 -0.00110128 0.0079046
0.0805369 1.49495 1.08426 -0.00122216 0.0104933
0.100671 1.49495 1.08484 -0.00121688 0.0130451
0.120805 1.49495 1.08542 -0.00108438 0.0155509
0.14094 1.49495 1.086 -0.000824441 0.018001
0.161074 1.49495 1.08656 -0.000437915 0.0203857
0.181208 1.49495 1.08711 7.33195e-05 0.0226956
0.201342 1.49495 1.08764 0.000706311 0.0249217
0.221477 1.49495 1.08814 0.00145713 0.0270557
0.241611 1.49495 1.08862 0.00232095 0.02909
0.261745 1.49495 1.08907 0.00329221 0.0310176
0.281879 1.49495 1.08948 0.00436472 0.0328327
0.302013 1.49495 1.08986 0.00553181 0.0345303
0.322148 1.49495 1.09019 0.00678648 0.0361061
0.342282 1.49495 1.09048 0.00812147 0.0375568
0.362416 1.49495 1.09072 0.00952942 0.0388798
0.38255 1.49495 1.09091 0.0110029 0.040073
0.402685 1.49495 1.09105 0.0125345 0.0411351
0.422819 1.49495 1.09113 0.0141168 0.0420652
0.442953 1.49495 1.09116 0.0157426 0.0428629
0.463087 1.49495 1.09113 0.0174048 0.0435282
0.483221 1.49495 1.09104 0.0190962 0.0440614
0.503356 1.49495 1.0909 0.0208098 0.044463
0.52349 1.49495 1.09069 0.0225389 0.0447337
0.543624 1.49495 1.09041 0.0242766 0.0448747
0.563758 1.49495 1.09008 0.0260161 0.0448872
0.583893 1.49495 1.08968 0.0277507 0.0447725
0.604027 1.49495 1.08922 0.0294736 0.0445324
0.624161 1.49495 1.0887 0.0311781 0.0441688
0.644295 1.49495 1.08811 0.0328572 0.043684
0.66443 1.49495 1.08747 0.0345042 0.0430804
0.684564 1.49495 1.08676 0.036112 0.0423611
0.704698 1.49495 1.08599 0.0376737 0.0415296
0.724832 1.49495 1.08516 0.0391822 0.0405898
0.744966 1.49495 1.08427 0.0406306 0.0395465
0.765101 1.49495 1.08332 0.0420117 0.0384048
0.785235 1.49495 1.08232 0.0433189 0.037171
0.805369 1.49495 1.08127 0.0445454 0.0358519
0.825503 1.49495 1.08018 0.045685 0.0344553
0.845638 1.49495 1.07903 0.0467319 0.0329898
0.865772 1.49495 1.07785 0.0476808 0.0314649
0.885906 1.49495 1.07662 0.0485272 0.0298908
0.90604 1.49495 1.07537 0.0492676 0.0282785
0.926174 1.49495 1.07408 0.0498992 0.0266394
0.946309 1.49495 1.07278 0.0504206 0.0249855
0.966443 1.49495 1.07145 0.0508317 0.0233285
0.986577 1.49495 1.07011 0.0511333 0.0216806
1.00671 1.49495 1.06876 0.0513278 0.0200531
1.02685 1.49495 1.06741 0.0514187 0.0184571
1.04698 1.49495 1.06606 0.0514104 0.0169026
1.06711 1.49495 1.06471 0.0513085 0.0153987
1.08725 1.49495 1.06338 0.0511195 0.0139531
1.10738 1.49495 1.06205 0.0508501 0.0125725
1.12752 1.49495 1.06074 0.0505077 0.0112621
1.14765 1.49495 1.05945 0.0500998 0.0100255
1.16779 1.49495 1.05817 0.0496339 0.00886535
1.18792 1.49495 1.05692 0.0491172 0.00778284
1.20805 1.49495 1.05569 0.0485569 0.0067781
1.22819 1.49495 1.05447 0.0479596 0.00585028
1.24832 1.49495 1.05328 0.0473315 0.00499766
1.26846 1.49495 1.05212 0.0466782 0.00421783
1.28859 1.49495 1.05097 0.0460048 0.00350781
1.30872 1.49495 1.04984 0.045316 0.00286419
1.32886 1.49495 1.04874 0.0446158 0.00228325
1.34899 1.49495 1.04766 0.0439077 0.00176107
1.36913 1.49495 1.04659 0.0431947 0.00129359
1.38926 1.49495 1.04555 0.0424795 0.000876733
1.4094 1.49495 1.04452 0.0417642 0.000506448
1.42953 1.49495 1.04352 0.0410508 0.000178751
1.44966 1.49495 1.04253 0.0403408 -0.000110225
1.4698 1.49495 1.04155 0.0396354 -0.0003642
1.48993 1.49495 1.0406 0.0389356 -0.000586729
1.51007 1.49495 1.03966 0.0382422 -0.000781188
1.5302 1.49495 1.03873 0.0375558 -0.000950761
1.55034 1.49495 1.03782 0.0368768 -0.00109844
1.57047 1.49495 1.03692 0.0362055 -0.00122703
1.5906 1.49495 1.03604 0.035542 -0.00133912
1.61074 1.49495 1.03517 0.0348865 -0.00143714
1.63087 1.49495 1.03432 0.0342388 -0.00152332
1.65101 1.49495 1.03347 0.0335989 -0.0015997
1.67114 1.49495 1.03264 0.0329664 -0.00166814
1.69128 1.49495 1.03182 0.0323412 -0.00173036
1.71141 1.49495 1.03102 0.0317228 -0.00178785
1.73154 1.49495 1.03022 0.0311108 -0.00184198
1.75168 1.49495 1.02944 0.0305047 -0.00189392
1.77181 1.49495 1.02867 0.029904 -0.00194466
1.79195 1.49495 1.0279 0.0293081 -0.00199503
1.81208 1.49495 1.02716 0.0287163 -0.00204567
1.83221 1.49495 1.02642 0.0281281 -0.00209705
1.85235 1.49495 1.02569 0.0275427 -0.00214944
1.87248 1.49495 1.02498 0.0269595 -0.00220293
1.89262 1.49495 1.02428 0.0263779 -0.00225743
1.91275 1.49495 1.02359 0.0257972 -0.00231267
1.93289 1.49495 1.02291 0.0252169 -0.00236822
1.95302 1.49495 1.02224 0.0246365 -0.0024235
1.97315 1.49495 1.02159 0.0240557 -0.00247782
1.99329 1.49495 1.02096 0.0234742 -0.00253038
2.01342 1.49495 1.02033 0.022892 -0.00258031
2.03356 1.49495 1.01972 0.0223091 -0.00262672
2.05369 1.49495 1.01913 0.0217255 -0.00266874
2.07383 1.49495 1.01855 0.0211416 -0.00270552
2.09396 1.49495 1.01799 0.0205579 -0.0027363
2.11409 1.49495 1.01744 0.0199748 -0.00276041
2.13423 1.49495 1.01691 0.0193929 -0.0027773
2.15436 1.49495 1.0164 0.0188128 -0.00278657
2.1745 1.49495 1.0159 0.0182352 -0.00278794
2.19463 1.49495 1.01542 0.0176608 -0.00278129
2.21477 1.49495 1.01495 0.0170903 -0.00276662
2.2349 1.49495 1.0145 0.0165242 -0.00274406
2.25503 1.49495 1.01407 0.0159633 -0.00271384
2.27517 1.49495 1.01365 0.0154079 -0.0026763
2.2953 1.49495 1.01325 0.0148585 -0.00263185
2.31544 1.49495 1.01287 0.0143157 -0.00258097
2.33557 1.49495 1.0125 0.0137796 -0.00252418
2.3557 1.49495 1.01214 0.0132506 -0.00246202
2.37584 1.49495 1.0118 0.0127288 -0.00239506
2.39597 1.49495 1.01148 0.0122144 -0.00232387
2.41611 1.49495 1.01117 0.0117074 -0.00224901
2.43624 1.49495 1.01087 0.0112078 -0.00217104
2.45638 1.49495 1.01059 0.0107156 -0.00209049
2.47651 1.49495 1.01032 0.0102308 -0.00200786
2.49664 1.49495 1.01006 0.00975312 -0.00192362
2.51678 1.49495 1.00982 0.00928255 -0.00183821
2.53691 1.49495 1.00959 0.0088189 -0.00175205
2.55705 1.49495 1.00937 0.00836199 -0.0016655
2.57718 1.49495 1.00917 0.00791164 -0.0015789
2.59732 1.49495 1.00898 0.00746768 -0.00149255
2.61745 1.49495 1.0088 0.00702991 -0.00140673
2.63758 1.49495 1.00863 0.0065982 -0.00132168
2.65772 1.49495 1.00848 0.00617238 -0.00123759
2.67785 1.49495 1.00834 0.00575236 -0.00115465
2.69799 1.49495 1.00821 0.00533806 -0.00107301
2.71812 1.49495 1.00809 0.00492944 -0.000992798
2.73826 1.49495 1.00799 0.00452654 -0.000914097
2.75839 1.49495 1.0079 0.00412946 -0.000836976
2.77852 1.49495 1.00782 0.00373836 -0.00076147
2.79866 1.49495 1.00775 0.00335352 -0.00068758
2.81879 1.49495 1.0077 0.00297529 -0.000615267
2.83893 1.49495 1.00767 0.00260417 -0.00054445
2.85906 1.49495 1.00764 0.00224076 -0.000474996
2.87919 1.49495 1.00763 0.00188585 -0.00040671
2.89933 1.49495 1.00764 0.00154034 -0.000339328
2.91946 1.49495 1.00766 0.00120536 -0.000272499
2.9396 1.49495 1.0077 0.000882193 -0.000205779
2.95973 1.49495 1.00775 0.000572377 -0.000138606
2.97987 1.49495 1.00781 0.000277622 -7.02901e-05
3 1.49495 1.0079 0 0

0 1.51515 1.08185 0 0
0.0201342 1.51515 1.08243 -0.000496127 0.00253084
0.0402685 1.51515 1.08301 -0.0008732 0.00504667
0.0604027 1.51515 1.08359 -0.00113 0.00754034
0.0805369 1.51515 1.08416 -0.0012648 0.0100042
0.100671 1.51515 1.08473 -0.00127627 0.0124299
0.120805 1.51515 1.08529 -0.00116347 0.0148088
0.14094 1.51515 1.08584 -0.000926227 0.0171323
0.161074 1.51515 1.08638 -0.000565226 0.0193915
0.181208 1.51515 1.08691 -8.20898e-05 0.0215782
0.201342 1.51515 1.08741 0.000520593 0.0236843
0.221477 1.51515 1.0879 0.00123932 0.0257023
0.241611 1.51515 1.08835 0.00206974 0.0276253
0.261745 1.51515 1.08878 0.00300676 0.0294473
0.281879 1.51515 1.08918 0.00404465 0.031163
0.302013 1.51515 1.08953 0.00517717 0.0327677
0.322148 1.51515 1.08985 0.00639771 0.0342575
0.342282 1.51515 1.09012 0.00769934 0.0356294
0.362416 1.51515 1.09035 0.00907494 0.0368808
0.38255 1.51515 1.09053 0.0105173 0.0380099
0.402685 1.51515 1.09065 0.0120191 0.0390152
0.422819 1.51515 1.09073 0.0135731 0.0398959
0.442953 1.51515 1.09075 0.0151721 0.0406515
0.463087 1.51515 1.09071 0.0168089 0.0412819
0.483221 1.51515 1.09062 0.0184763 0.0417874
0.503356 1.51515 1.09047 0.0201673 0.0421684
0.52349 1.51515 1.09025 0.021875 0.0424257
0.543624 1.51515 1.08998 0.0235924 0.0425602
0.563758 1.51515 1.08965 0.0253126 0.0425733
0.583893 1.51515 1.08925 0.0270289 0.0424662
0.604027 1.51515 1.08879 0.0287343 0.0422407
0.624161 1.51515 1.08828 0.030422 0.0418988
0.644295 1.51515 1.0877 0.0320852 0.0414428
0.66443 1.51515 1.08706 0.033717 0.0408751
0.684564 1.51515 1.08636 0.0353105 0.040199
0.704698 1.51515 1.0856 0.0368588 0.0394177
0.724832 1.51515 1.08478 0.0383551 0.0385354
0.744966 1.51515 1.08391 0.0397925 0.0375565
0.765101 1.51515 1.08299 0.0411643 0.0364863
0.785235 1.51515 1.08201 0.0424641 0.0353307
0.805369 1.51515 1.08098 0.0436857 0.0340962
0.825503 1.51515 1.07991 0.044823 0.0327903
0.845638 1.51515 1.07879 0.0458708 0.0314208
0.865772 1.51515 1.07763 0.0468241 0.0299968
0.885906 1.51515 1.07644 0.0476789 0.0285276
0.90604 1.51515 1.07521 0.0484319 0.0270232
0.926174 1.51515 1.07396 0.0490806 0.025494
0.946309 1.51515 1.07268 0.0496239 0.0239508
0.966443 1.51515 1.07139 0.0500613 0.0224043
0.986577 1.51515 1.07008 0.0503939 0.0208653
1.00671 1.51515 1.06876 0.0506235 0.0193442
1.02685 1.51515 1.06744 0.0507532 0.0178508
1.04698 1.51515 1.06611 0.0507871 0.0163941
1.06711 1.51515 1.06479 0.0507301 0.0149826
1.08725 1.51515 1.06348 0.0505877 0.0136232
1.10738 1.51515 1.06217 0.0503662 0.0123221
1.12752 1.51515 1.06087 0.0500721 0.0110842
1.14765 1.51515 1.05959 0.0497122 0.00991311
1.16779 1.51515 1.05833 0.0492933 0.00881143
1.18792 1.51515 1.05708 0.0488222 0.00778057
1.20805 1.51515 1.05585 0.0483055 0.00682097
1.22819 1.51515 1.05465 0.0477493 0.00593215
1.24832 1.51515 1.05346 0.0471596 0.00511284
1.26846 1.51515 1.05229 0.0465418 0.00436114
1.28859 1.51515 1.05114 0.045901 0.00367455
1.30872 1.51515 1.05001 0.0452415 0.00305017
1.32886 1.51515 1.04891 0.0445675 0.00248479
1.34899 1.51515 1.04782 0.0438826 0.00197492
1.36913 1.51515 1.04675 0.0431899 0.00151698
1.38926 1.51515 1.0457 0.0424921 0.00110728
1.4094 1.51515 1.04467 0.0417917 0.00074213
1.42953 1.51515 1.04365 0.0410907 0.000417884
1.44966 1.51515 1.04266 0.0403907 0.00013097
1.4698 1.51515 1.04168 0.0396932 -0.000122074
1.48993 1.51515 1.04071 0.0389993 -0.000344574
1.51007 1.51515 1.03977 0.0383102 -0.000539703
1.5302 1.51515 1.03883 0.0376264 -0.000710472
1.55034 1.51515 1.03792 0.0369486 -0.000859721
1.57047 1.51515 1.03701 0.0362772 -0.000990113
1.5906 1.51515 1.03613 0.0356125 -0.00110414
1.61074 1.51515 1.03525 0.0349547 -0.0012041
1.63087 1.51515 1.03439 0.0343039 -0.00129215
1.65101 1.51515 1.03354 0.03366 -0.00137023
1.67114 1.51515 1.03271 0.033023 -0.00144016
1.69128 1.51515 1.03189 0.0323925 -0.00150354
1.71141 1.51515 1.03108 0.0317684 -0.00156185
1.73154 1.51515 1.03028 0.0311503 -0.00161637
1.75168 1.51515 1.02949 0.0305378 -0.00166823
1.77181 1.51515 1.02872 0.0299304 -0.00171838
1.79195 1.51515 1.02796 0.0293277 -0.00176762
1.81208 1.51515 1.02721 0.0287292 -0.00181656
1.83221 1.51515 1.02647 0.0281341 -0.00186566
1.85235 1.51515 1.02575 0.0275421 -0.00191519
1.87248 1.51515 1.02503 0.0269525 -0.00196527
1.89262 1.51515 1.02433 0.0263648 -0.00201584
1.91275 1.51515 1.02365 0.0257784 -0.0020667
1.93289 1.51515 1.02297 0.025193 -0.00211749
1.95302 1.51515 1.02231 0.0246081 -0.00216773
1.97315 1.51515 1.02166 0.0240234 -0.00221683
1.99329 1.51515 1.02102 0.0234388 -0.00226412
2.01342 1.51515 1.0204 0.0228541 -0.00230888
2.03356 1.51515 1.0198 0.0222694 -0.00235034
2.05369 1.51515 1.01921 0.0216849 -0.00238776
2.07383 1.51515 1.01863 0.0211007 -0.00242041
2.09396 1.51515 1.01807 0.0205172 -0.00244765
2.11409 1.51515 1.01752 0.0199349 -0.00246889
2.13423 1.51515 1.01699 0.0193543 -0.00248366
2.15436 1.51515 1.01648 0.018776 -0.00249158
2.1745 1.51515 1.01598 0.0182005 -0.00249242
2.19463 1.51515 1.0155 0.0176284 -0.00248604
2.21477 1.51515 1.01504 0.0170603 -0.00247243
2.2349 1.51515 1.01459 0.0164967 -0.00245169
2.25503 1.51515 1.01415 0.0159383 -0.002424
2.27517 1.51515 1.01373 0.0153854 -0.00238964
2.2953 1.51515 1.01333 0.0148386 -0.00234896
2.31544 1.51515 1.01295 0.0142981 -0.00230237
2.33557 1.51515 1.01257 0.0137642 -0.00225031
2.3557 1.51515 1.01222 0.0132373 -0.00219327
2.37584 1.51515 1.01187 0.0127175 -0.00213174
2.39597 1.51515 1.01155 0.0122048 -0.00206624
2.41611 1.51515 1.01123 0.0116995 -0.00199726
2.43624 1.51515 1.01093 0.0112014 -0.00192531
2.45638 1.51515 1.01065 0.0107106 -0.00185087
2.47651 1.51515 1.01037 0.010227 -0.00177441
2.49664 1.51515 1.01012 0.00975051 -0.00169635
2.51678 1.51515 1.00987 0.00928097 -0.00161712
2.53691 1.51515 1.00964 0.00881825 -0.0015371
2.55705 1.51515 1.00942 0.00836218 -0.00145665
2.57718 1.51515 1.00921 0.00791259 -0.0013761
2.59732 1.51515 1.00901 0.00746931 -0.00129576
2.61745 1.51515 1.00883 0.00703217 -0.00121589
2.63758 1.51515 1.00866 0.00660101 -0.00113677
2.65772 1.51515 1.00851 0.00617568 -0.00105861
2.67785 1.51515 1.00836 0.00575607 -0.000981631
2.69799 1.51515 1.00823 0.00534211 -0.000906025
2.71812 1.51515 1.00811 0.00493377 -0.000831967
2.73826 1.51515 1.00801 0.00453106 -0.000759615
2.75839 1.51515 1.00791 0.00413408 -0.000689109
2.77852 1.51515 1.00783 0.003743 -0.000620573
2.79866 1.51515 1.00777 0.00335807 -0.000554111
2.81879 1.51515 1.00772 0.00297965 -0.000489803
2.83893 1.51515 1.00768 0.00260824 -0.000427699
2.85906 1.51515 1.00765 0.00224446 -0.000367816
2.87919 1.51515 1.00764 0.00188908 -0.000310127
2.89933 1.51515 1.00765 0.00154303 -0.000254548
2.91946 1.51515 1.00767 0.00120746 -0.000200933
2.9396 1.51515 1.0077 0.000883689 -0.000149052
2.95973 1.51515 1.00775 0.000573286 -9.85811e-05
2.97987 1.51515 1.00782 0.000278012 -4.90843e-05
3 1.51515 1.00791 0 0

0 1.53535 1.08179 0 0
0.0201342 1.53535 1.08237 -0.000504505 0.00241244
0.0402685 1.53535 1.08294 -0.000891698 0.0048089
0.0604027 1.53535 1.0835 -0.00116075 0.00718181
0.0805369 1.53535 1.08406 -0.00131021 0.00952347
0.100671 1.53535 1.08461 -0.00133895 0.0118258
0.120805 1.53535 1.08515 -0.00124611 0.0140809
0.14094 1.53535 1.08569 -0.00103148 0.0162806
0.161074 1.53535 1.08621 -0.000695637 0.0184171
0.181208 1.53535 1.08672 -0.000239968 0.0204829
0.201342 1.53535 1.0872 0.000333228 0.0224709
0.221477 1.53535 1.08767 0.00102079 0.0243744
0.241611 1.53535 1.08811 0.00181876 0.0261874
0.261745 1.53535 1.08852 0.00272241 0.0279046
0.281879 1.53535 1.0889 0.0037264 0.0295211
0.302013 1.53535 1.08924 0.00482486 0.0310328
0.322148 1.53535 1.08954 0.00601148 0.0324363
0.342282 1.53535 1.0898 0.00727962 0.0337287
0.362416 1.53535 1.09001 0.00862241 0.0349077
0.38255 1.53535 1.09018 0.0100328 0.0359716
0.402685 1.53535 1.0903 0.0115036 0.0369189
0.422819 1.53535 1.09037 0.0130277 0.037749
0.442953 1.53535 1.09038 0.0145979 0.0384613
0.463087 1.53535 1.09034 0.016207 0.0390557
0.483221 1.53535 1.09024 0.0178479 0.0395323
0.503356 1.53535 1.09008 0.0195135 0.0398917
0.52349 1.53535 1.08987 0.0211968 0.0401346
0.543624 1.53535 1.08959 0.0228908 0.0402618
0.563758 1.53535 1.08926 0.0245885 0.0402746
0.583893 1.53535 1.08887 0.026283 0.0401744
0.604027 1.53535 1.08841 0.0279676 0.0399629
0.624161 1.53535 1.0879 0.0296353 0.0396421
0.644295 1.53535 1.08733 0.0312792 0.0392142
0.66443 1.53535 1.0867 0.0328926 0.0386818
0.684564 1.53535 1.08601 0.0344686 0.0380479
0.704698 1.53535 1.08526 0.0360005 0.037316
0.724832 1.53535 1.08446 0.0374817 0.03649
0.744966 1.53535 1.0836 0.0389054 0.0355743
0.765101 1.53535 1.08269 0.0402654 0.0345739
0.785235 1.53535 1.08173 0.0415554 0.0334945
0.805369 1.53535 1.08073 0.0427695 0.0323423
0.825503 1.53535 1.07967 0.0439022 0.0311242
0.845638 1.53535 1.07858 0.0449484 0.0298478
0.865772 1.53535 1.07745 0.0459036 0.0285212
0.885906 1.53535 1.07628 0.0467641 0.027153
0.90604 1.53535 1.07508 0.0475269 0.0257524
0.926174 1.53535 1.07385 0.0481896 0.0243289
0.946309 1.53535 1.0726 0.0487512 0.0228922
0.966443 1.53535 1.07134 0.0492114 0.0214521
0.986577 1.53535 1.07005 0.0495708 0.0200181
1.00671 1.53535 1.06876 0.0498313 0.0185997
1.02685 1.53535 1.06746 0.0499955 0.0172057
1.04698 1.53535 1.06616 0.050067 0.0158443
1.06711 1.53535 1.06486 0.05005 0.014523
1.08725 1.53535 1.06356 0.0499498 0.0132485
1.10738 1.53535 1.06227 0.0497717 0.0120262
1.12752 1.53535 1.06099 0.0495217 0.0108608
1.14765 1.53535 1.05972 0.0492059 0.00975588
1.16779 1.53535 1.05847 0.0488307 0.00871388
1.18792 1.53535 1.05723 0.0484022 0.00773638
1.20805 1.53535 1.056 0.0479264 0.00682403
1.22819 1.53535 1.0548 0.0474094 0.00597667
1.24832 1.53535 1.05361 0.0468566 0.00519339
1.26846 1.53535 1.05244 0.0462733 0.00447268
1.28859 1.53535 1.05129 0.0456643 0.00381249
1.30872 1.53535 1.05016 0.045034 0.00321035
1.32886 1.53535 1.04905 0.0443865 0.00266348
1.34899 1.53535 1.04796 0.0437254 0.00216884
1.36913 1.53535 1.04688 0.0430538 0.00172322
1.38926 1.53535 1.04583 0.0423747 0.00132333
1.4094 1.53535 1.04479 0.0416905 0.000965813
1.42953 1.53535 1.04377 0.0410034 0.000647347
1.44966 1.53535 1.04277 0.0403152 0.000364647
1.4698 1.53535 1.04178 0.0396275 0.00011451
1.48993 1.53535 1.04081 0.0389417 -0.000106158
1.51007 1.53535 1.03986 0.0382588 -0.000300327
1.5302 1.53535 1.03892 0.0375798 -0.000470823
1.55034 1.53535 1.038 0.0369055 -0.000620326
1.57047 1.53535 1.03709 0.0362363 -0.000751356
1.5906 1.53535 1.0362 0.0355727 -0.000866275
1.61074 1.53535 1.03532 0.034915 -0.00096728
1.63087 1.53535 1.03445 0.0342634 -0.00105641
1.65101 1.53535 1.0336 0.033618 -0.00113553
1.67114 1.53535 1.03276 0.0329787 -0.00120637
1.69128 1.53535 1.03194 0.0323454 -0.00127046
1.71141 1.53535 1.03112 0.0317181 -0.00132921
1.73154 1.53535 1.03032 0.0310963 -0.00138384
1.75168 1.53535 1.02954 0.0304798 -0.00143544
1.77181 1.53535 1.02876 0.0298683 -0.00148491
1.79195 1.53535 1.028 0.0292612 -0.00153302
1.81208 1.53535 1.02725 0.0286583 -0.00158037
1.83221 1.53535 1.02651 0.0280589 -0.00162739
1.85235 1.53535 1.02579 0.0274627 -0.00167436
1.87248 1.53535 1.02508 0.0268691 -0.00172143
1.89262 1.53535 1.02438 0.0262777 -0.00176856
1.91275 1.53535 1.02369 0.0256881 -0.00181561
1.93289 1.53535 1.02302 0.0250998 -0.00186229
1.95302 1.53535 1.02236 0.0245126 -0.0019082
1.97315 1.53535 1.02171 0.0239263 -0.00195285
1.99329 1.53535 1.02108 0.0233405 -0.00199568
2.01342 1.53535 1.02046 0.0227554 -0.00203606
2.03356 1.53535 1.01986 0.0221708 -0.00207337
2.05369 1.53535 1.01927 0.0215871 -0.00210696
2.07383 1.53535 1.01869 0.0210043 -0.00213622
2.09396 1.53535 1.01813 0.0204227 -0.00216058
2.11409 1.53535 1.01759 0.0198429 -0.00217954
2.13423 1.53535 1.01706 0.0192652 -0.00219268
2.15436 1.53535 1.01655 0.01869 -0.00219969
2.1745 1.53535 1.01605 0.018118 -0.00220032
2.19463 1.53535 1.01557 0.0175496 -0.00219447
2.21477 1.53535 1.0151 0.0169854 -0.0021821
2.2349 1.53535 1.01465 0.0164258 -0.00216327
2.25503 1.53535 1.01422 0.0158713 -0.00213815
2.27517 1.53535 1.0138 0.0153224 -0.00210697
2.2953 1.53535 1.0134 0.0147794 -0.00207
2.31544 1.53535 1.01301 0.0142427 -0.00202761
2.33557 1.53535 1.01264 0.0137125 -0.00198017
2.3557 1.53535 1.01228 0.0131891 -0.00192812
2.37584 1.53535 1.01193 0.0126726 -0.00187188
2.39597 1.53535 1.0116 0.0121632 -0.00181191
2.41611 1.53535 1.01129 0.0116609 -0.00174866
2.43624 1.53535 1.01098 0.0111658 -0.00168257
2.45638 1.53535 1.01069 0.0106777 -0.0016141
2.47651 1.53535 1.01042 0.0101967 -0.00154365
2.49664 1.53535 1.01016 0.00972274 -0.00147164
2.51678 1.53535 1.00991 0.00925558 -0.00139845
2.53691 1.53535 1.00967 0.00879512 -0.00132445
2.55705 1.53535 1.00945 0.00834122 -0.00124998
2.57718 1.53535 1.00924 0.0078937 -0.00117537
2.59732 1.53535 1.00904 0.00745239 -0.00110091
2.61745 1.53535 1.00886 0.00701713 -0.0010269
2.63758 1.53535 1.00869 0.00658776 -0.000953588
2.65772 1.53535 1.00853 0.00616414 -0.000881245
2.67785 1.53535 1.00838 0.00574615 -0.000810108
2.69799 1.53535 1.00825 0.00533372 -0.000740411
2.71812 1.53535 1.00813 0.00492679 -0.000672381
2.73826 1.53535 1.00802 0.00452539 -0.00060624
2.75839 1.53535 1.00792 0.0041296 -0.000542205
2.77852 1.53535 1.00784 0.00373958 -0.000480489
2.79866 1.53535 1.00777 0.00335558 -0.0004213
2.81879 1.53535 1.00772 0.00297795 -0.000364838
2.83893 1.53535 1.00768 0.00260718 -0.000311292
2.85906 1.53535 1.00765 0.00224389 -0.000260833
2.87919 1.53535 1.00764 0.00188885 -0.000213604
2.89933 1.53535 1.00764 0.00154302 -0.000169715
2.91946 1.53535 1.00766 0.00120755 -0.000129226
2.9396 1.53535 1.0077 0.000883787 -9.21369e-05
2.95973 1.53535 1.00775 0.00057334 -5.83693e-05
2.97987 1.53535 1.00782 0.000278014 -2.77503e-05
3 1.53535 1.0079 0 0

0 1.55556 1.08173 0 0
0.0201342 1.55556 1.0823 -0.000513367 0.00229587
0.0402685 1.55556 1.08286 -0.000911465 0.00457508
0.0604027 1.55556 1.08341 -0.00119367 0.00682963
0.0805369 1.55556 1.08395 -0.00135865 0.00905169
0.100671 1.55556 1.08449 -0.00140536 0.0112334
0.120805 1.55556 1.08502 -0.00133295 0.0133673
0.14094 1.55556 1.08554 -0.00114114 0.0154458
0.161074 1.55556 1.08604 -0.000830368 0.0174619
0.181208 1.55556 1.08654 -0.000401837 0.019409
0.201342 1.55556 1.08701 0.000142399 0.0212807
0.221477 1.55556 1.08746 0.000799459 0.0230713
0.241611 1.55556 1.08788 0.00156567 0.0247755
0.261745 1.55556 1.08828 0.00243662 0.0263886
0.281879 1.55556 1.08864 0.00340729 0.0279065
0.302013 1.55556 1.08897 0.00447208 0.0293255
0.322148 1.55556 1.08926 0.00562495 0.0306425
0.342282 1.55556 1.08951 0.00685949 0.0318551
0.362416 1.55556 1.08972 0.00816904 0.0329612
0.38255 1.55556 1.08988 0.00954671 0.0339591
0.402685 1.55556 1.08999 0.0109855 0.0348478
0.422819 1.55556 1.09005 0.0124783 0.0356264
0.442953 1.55556 1.09005 0.014018 0.0362945
0.463087 1.55556 1.09001 0.0155975 0.0368519
0.483221 1.55556 1.0899 0.0172095 0.0372989
0.503356 1.55556 1.08975 0.0188472 0.0376359
0.52349 1.55556 1.08953 0.0205033 0.0378635
0.543624 1.55556 1.08926 0.022171 0.0379826
0.563758 1.55556 1.08892 0.0238432 0.0379945
0.583893 1.55556 1.08853 0.025513 0.0379006
0.604027 1.55556 1.08808 0.0271736 0.0377024
0.624161 1.55556 1.08758 0.0288181 0.037402
0.644295 1.55556 1.08701 0.0304397 0.0370015
0.66443 1.55556 1.08638 0.0320316 0.0365036
0.684564 1.55556 1.0857 0.0335873 0.0359112
0.704698 1.55556 1.08497 0.0351 0.0352276
0.724832 1.55556 1.08418 0.0365633 0.0344567
0.744966 1.55556 1.08333 0.0379707 0.0336026
0.765101 1.55556 1.08244 0.0393163 0.0326703
0.785235 1.55556 1.08149 0.0405939 0.0316651
0.805369 1.55556 1.08051 0.0417981 0.0305927
0.825503 1.55556 1.07947 0.0429237 0.0294598
0.845638 1.55556 1.0784 0.0439658 0.0282733
0.865772 1.55556 1.07729 0.0449204 0.0270407
0.885906 1.55556 1.07614 0.0457838 0.0257699
0.90604 1.55556 1.07497 0.0465534 0.0244693
0.926174 1.55556 1.07376 0.0472271 0.0231476
0.946309 1.55556 1.07254 0.0478036 0.0218135
0.966443 1.55556 1.07129 0.0482829 0.0204757
0.986577 1.55556 1.07003 0.0486653 0.019143
1.00671 1.55556 1.06876 0.0489525 0.0178239
1.02685 1.55556 1.06748 0.0491469 0.0165262
1.04698 1.55556 1.0662 0.0492516 0.0152575
1.06711 1.55556 1.06491 0.0492704 0.0140245
1.08725 1.55556 1.06363 0.0492079 0.0128333
1.10738 1.55556 1.06236 0.049069 0.011689
1.12752 1.55556 1.06109 0.0488591 0.0105959
1.14765 1.55556 1.05983 0.0485838 0.00955735
1.16779 1.55556 1.05858 0.0482488 0.00857582
1.18792 1.55556 1.05735 0.0478598 0.00765294
1.20805 1.55556 1.05613 0.0474226 0.0067895
1.22819 1.55556 1.05493 0.0469425 0.00598558
1.24832 1.55556 1.05374 0.046425 0.00524056
1.26846 1.55556 1.05258 0.0458749 0.00455326
1.28859 1.55556 1.05142 0.045297 0.003922
1.30872 1.55556 1.05029 0.0446955 0.0033447
1.32886 1.55556 1.04918 0.0440745 0.00281895
1.34899 1.55556 1.04808 0.0434375 0.0023421
1.36913 1.55556 1.047 0.0427878 0.0019113
1.38926 1.55556 1.04594 0.0421282 0.00152361
1.4094 1.55556 1.0449 0.0414614 0.001176
1.42953 1.55556 1.04387 0.0407896 0.000865454
1.44966 1.55556 1.04286 0.0401148 0.000588962
1.4698 1.55556 1.04187 0.0394387 0.000343577
1.48993 1.55556 1.04089 0.0387627 0.000126433
1.51007 1.55556 1.03994 0.0380881 -6.52304e-05
1.5302 1.55556 1.03899 0.037416 -0.000234056
1.55034 1.55556 1.03806 0.0367472 -0.000382555
1.57047 1.55556 1.03715 0.0360824 -0.000513099
1.5906 1.55556 1.03625 0.0354222 -0.000627916
1.61074 1.55556 1.03537 0.0347669 -0.000729084
1.63087 1.55556 1.0345 0.0341168 -0.000818532
1.65101 1.55556 1.03364 0.0334722 -0.000898037
1.67114 1.55556 1.0328 0.0328331 -0.000969224
1.69128 1.55556 1.03197 0.0321994 -0.00103357
1.71141 1.55556 1.03116 0.0315712 -0.00109239
1.73154 1.55556 1.03036 0.0309482 -0.00114687
1.75168 1.55556 1.02957 0.0303302 -0.00119803
1.77181 1.55556 1.02879 0.0297169 -0.00124674
1.79195 1.55556 1.02803 0.0291079 -0.00129373
1.81208 1.55556 1.02728 0.0285031 -0.00133957
1.83221 1.55556 1.02654 0.0279018 -0.00138469
1.85235 1.55556 1.02582 0.0273038 -0.00142938
1.87248 1.55556 1.02511 0.0267087 -0.00147379
1.89262 1.55556 1.02441 0.026116 -0.00151793
1.91275 1.55556 1.02373 0.0255254 -0.00156169
1.93289 1.55556 1.02305 0.0249366 -0.00160484
1.95302 1.55556 1.0224 0.0243493 -0.00164705
1.97315 1.55556 1.02175 0.0237633 -0.00168793
1.99329 1.55556 1.02112 0.0231785 -0.001727
2.01342 1.55556 1.0205 0.0225948 -0.00176373
2.03356 1.55556 1.0199 0.0220124 -0.00179758
2.05369 1.55556 1.01931 0.0214312 -0.00182802
2.07383 1.55556 1.01874 0.0208516 -0.00185452
2.09396 1.55556 1.01818 0.0202737 -0.00187658
2.11409 1.55556 1.01764 0.0196979 -0.00189379
2.13423 1.55556 1.01711 0.0191246 -0.00190576
2.15436 1.55556 1.0166 0.0185542 -0.00191222
2.1745 1.55556 1.01611 0.0179871 -0.00191296
2.19463 1.55556 1.01562 0.0174239 -0.00190786
2.21477 1.55556 1.01516 0.016865 -0.00189688
2.2349 1.55556 1.01471 0.0163107 -0.00188007
2.25503 1.55556 1.01427 0.0157616 -0.00185756
2.27517 1.55556 1.01385 0.0152181 -0.00182953
2.2953 1.55556 1.01345 0.0146804 -0.00179622
2.31544 1.55556 1.01306 0.0141488 -0.00175794
2.33557 1.55556 1.01268 0.0136237 -0.00171501
2.3557 1.55556 1.01232 0.0131052 -0.00166781
2.37584 1.55556 1.01198 0.0125936 -0.00161671
2.39597 1.55556 1.01164 0.0120888 -0.00156212
2.41611 1.55556 1.01133 0.0115909 -0.00150443
2.43624 1.55556 1.01102 0.0111001 -0.00144405
2.45638 1.55556 1.01073 0.0106162 -0.00138138
2.47651 1.55556 1.01045 0.0101393 -0.00131679
2.49664 1.55556 1.01019 0.00966913 -0.00125068
2.51678 1.55556 1.00994 0.0092057 -0.00118339
2.53691 1.55556 1.0097 0.00874886 -0.00111526
2.55705 1.55556 1.00947 0.00829845 -0.00104664
2.57718 1.55556 1.00926 0.00785432 -0.000977826
2.59732 1.55556 1.00906 0.00741628 -0.000909123
2.61745 1.55556 1.00887 0.00698419 -0.00084082
2.63758 1.55556 1.0087 0.00655789 -0.000773197
2.65772 1.55556 1.00854 0.00613722 -0.000706528
2.67785 1.55556 1.00839 0.00572208 -0.000641087
2.69799 1.55556 1.00825 0.00531237 -0.000577146
2.71812 1.55556 1.00813 0.00490805 -0.000514983
2.73826 1.55556 1.00802 0.00450912 -0.00045488
2.75839 1.55556 1.00792 0.00411565 -0.000397131
2.77852 1.55556 1.00784 0.00372778 -0.00034204
2.79866 1.55556 1.00777 0.00334576 -0.00028992
2.81879 1.55556 1.00771 0.00296994 -0.000241093
2.83893 1.55556 1.00767 0.00260077 -0.000195889
2.85906 1.55556 1.00764 0.00223888 -0.000154637
2.87919 1.55556 1.00763 0.00188504 -0.000117662
2.89933 1.55556 1.00763 0.00154021 -8.52702e-05
2.91946 1.55556 1.00765 0.00120555 -5.77405e-05
2.9396 1.55556 1.00768 0.00088244 -3.53097e-05
2.95973 1.55556 1.00773 0.000572514 -1.81563e-05
2.97987 1.55556 1.0078 0.000277618 -6.38219e-06
3 1.55556 1.00788 0 0

0 1.57576 1.08167 0 0
0.0201342 1.57576 1.08223 -0.000522722 0.00218153
0.0402685 1.57576 1.08278 -0.000932545 0.00434586
0.0604027 1.57576 1.08332 -0.00122886 0.00648454
0.0805369 1.57576 1.08385 -0.00141033 0.00858951
0.100671 1.57576 1.08437 -0.00147585 0.0106531
0.120805 1.57576 1.08489 -0.00142449 0.0126682
0.14094 1.57576 1.08539 -0.00125589 0.0146278
0.161074 1.57576 1.08589 -0.000970311 0.0165258
0.181208 1.57576 1.08637 -0.000568803 0.0183561
0.201342 1.57576 1.08683 -5.32172e-05 0.0201133
0.221477 1.57576 1.08726 0.000573781 0.0217924
0.241611 1.57576 1.08768 0.00130875 0.0233889
0.261745 1.57576 1.08806 0.00214752 0.0248989
0.281879 1.57576 1.08842 0.0030853 0.0263187
0.302013 1.57576 1.08874 0.00411672 0.0276454
0.322148 1.57576 1.08902 0.00523594 0.0288761
0.342282 1.57576 1.08926 0.00643677 0.0300089
0.362416 1.57576 1.08946 0.00771269 0.0310418
0.38255 1.57576 1.08961 0.00905697 0.0319735
0.402685 1.57576 1.08971 0.0104627 0.032803
0.422819 1.57576 1.08977 0.0119229 0.0335296
0.442953 1.57576 1.08977 0.0134306 0.0341529
0.463087 1.57576 1.08972 0.0149785 0.0346728
0.483221 1.57576 1.08962 0.0165597 0.0350895
0.503356 1.57576 1.08946 0.0181671 0.0354035
0.52349 1.57576 1.08924 0.0197936 0.0356152
0.543624 1.57576 1.08897 0.0214323 0.0357257
0.563758 1.57576 1.08863 0.0230762 0.0357362
0.583893 1.57576 1.08825 0.0247185 0.0356478
0.604027 1.57576 1.0878 0.0263522 0.0354624
0.624161 1.57576 1.0873 0.0279705 0.0351817
0.644295 1.57576 1.08673 0.0295669 0.034808
0.66443 1.57576 1.08612 0.0311346 0.0343437
0.684564 1.57576 1.08544 0.032667 0.0337918
0.704698 1.57576 1.08472 0.0341577 0.0331554
0.724832 1.57576 1.08394 0.0356004 0.0324382
0.744966 1.57576 1.0831 0.036989 0.0316443
0.765101 1.57576 1.08222 0.0383175 0.0307782
0.785235 1.57576 1.08129 0.0395803 0.029845
0.805369 1.57576 1.08032 0.0407721 0.0288501
0.825503 1.57576 1.0793 0.041888 0.0277996
0.845638 1.57576 1.07825 0.0429234 0.0267
0.865772 1.57576 1.07715 0.0438747 0.0255582
0.885906 1.57576 1.07603 0.0447383 0.0243814
0.90604 1.57576 1.07487 0.0455117 0.0231772
0.926174 1.57576 1.07369 0.0461931 0.0219534
0.946309 1.57576 1.07248 0.0467813 0.020718
0.966443 1.57576 1.07126 0.0472759 0.019479
0.986577 1.57576 1.07002 0.0476776 0.0182441
1.00671 1.57576 1.06876 0.0479876 0.0170209
1.02685 1.57576 1.0675 0.0482081 0.0158166
1.04698 1.57576 1.06623 0.0483418 0.0146381
1.06711 1.57576 1.06497 0.0483921 0.0134913
1.08725 1.57576 1.0637 0.0483632 0.0123819
1.10738 1.57576 1.06243 0.0482596 0.0113145
1.12752 1.57576 1.06118 0.0480859 0.0102931
1.14765 1.57576 1.05993 0.0478475 0.00932092
1.16779 1.57576 1.05869 0.0475494 0.00840031
1.18792 1.57576 1.05746 0.0471971 0.00753291
1.20805 1.57576 1.05624 0.0467957 0.00671963
1.22819 1.57576 1.05504 0.0463506 0.00596069
1.24832 1.57576 1.05386 0.0458665 0.00525573
1.26846 1.57576 1.05269 0.0453484 0.00460383
1.28859 1.57576 1.05154 0.0448006 0.00400364
1.30872 1.57576 1.0504 0.0442274 0.00345338
1.32886 1.57576 1.04928 0.0436327 0.002951
1.34899 1.57576 1.04818 0.04302 0.00249418
1.36913 1.57576 1.0471 0.0423925 0.0020804
1.38926 1.57576 1.04603 0.0417533 0.00170704
1.4094 1.57576 1.04499 0.0411049 0.00137139
1.42953 1.57576 1.04395 0.0404496 0.0010707
1.44966 1.57576 1.04294 0.0397896 0.000802237
1.4698 1.57576 1.04194 0.0391266 0.0005633
1.48993 1.57576 1.04096 0.0384622 0.00035125
1.51007 1.57576 1.04 0.0377978 0.00016353
1.5302 1.57576 1.03905 0.0371345 -2.31307e-06
1.55034 1.57576 1.03811 0.0364734 -0.000148622
1.57047 1.57576 1.0372 0.0358151 -0.000277615
1.5906 1.57576 1.03629 0.0351603 -0.000391381
1.61074 1.57576 1.03541 0.0345097 -0.000491873
1.63087 1.57576 1.03453 0.0338634 -0.000580909
1.65101 1.57576 1.03367 0.0332219 -0.000660163
1.67114 1.57576 1.03283 0.0325853 -0.00073117
1.69128 1.57576 1.032 0.0319536 -0.000795326
1.71141 1.57576 1.03118 0.0313269 -0.00085388
1.73154 1.57576 1.03038 0.0307051 -0.000907946
1.75168 1.57576 1.02959 0.030088 -0.000958492
1.77181 1.57576 1.02881 0.0294753 -0.00100635
1.79195 1.57576 1.02805 0.028867 -0.00105221
1.81208 1.57576 1.0273 0.0282626 -0.00109662
1.83221 1.57576 1.02656 0.0276619 -0.00114001
1.85235 1.57576 1.02584 0.0270645 -0.00118266
1.87248 1.57576 1.02513 0.0264702 -0.00122473
1.89262 1.57576 1.02443 0.0258785 -0.00126626
1.91275 1.57576 1.02375 0.0252892 -0.00130719
1.93289 1.57576 1.02308 0.0247021 -0.00134732
1.95302 1.57576 1.02242 0.0241169 -0.00138641
1.97315 1.57576 1.02178 0.0235335 -0.00142411
1.99329 1.57576 1.02115 0.0229517 -0.00146003
2.01342 1.57576 1.02053 0.0223715 -0.00149373
2.03356 1.57576 1.01993 0.0217931 -0.00152475
2.05369 1.57576 1.01935 0.0212163 -0.00155263
2.07383 1.57576 1.01878 0.0206416 -0.00157692
2.09396 1.57576 1.01822 0.020069 -0.00159721
2.11409 1.57576 1.01768 0.0194989 -0.00161312
2.13423 1.57576 1.01715 0.0189316 -0.00162432
2.15436 1.57576 1.01664 0.0183675 -0.00163056
2.1745 1.57576 1.01615 0.0178069 -0.00163167
2.19463 1.57576 1.01566 0.0172504 -0.00162752
2.21477 1.57576 1.0152 0.0166982 -0.00161807
2.2349 1.57576 1.01475 0.0161508 -0.00160336
2.25503 1.57576 1.01431 0.0156085 -0.00158348
2.27517 1.57576 1.01389 0.0150717 -0.00155859
2.2953 1.57576 1.01349 0.0145407 -0.00152888
2.31544 1.57576 1.0131 0.0140158 -0.00149462
2.33557 1.57576 1.01272 0.0134972 -0.00145608
2.3557 1.57576 1.01236 0.012985 -0.00141359
2.37584 1.57576 1.01201 0.0124795 -0.00136748
2.39597 1.57576 1.01167 0.0119808 -0.0013181
2.41611 1.57576 1.01135 0.0114888 -0.00126581
2.43624 1.57576 1.01105 0.0110037 -0.00121097
2.45638 1.57576 1.01075 0.0105254 -0.00115393
2.47651 1.57576 1.01047 0.0100538 -0.00109505
2.49664 1.57576 1.01021 0.00958895 -0.00103466
2.51678 1.57576 1.00995 0.00913063 -0.000973108
2.53691 1.57576 1.00971 0.00867876 -0.000910709
2.55705 1.57576 1.00949 0.00823319 -0.000847775
2.57718 1.57576 1.00927 0.00779377 -0.000784611
2.59732 1.57576 1.00907 0.00736033 -0.000721513
2.61745 1.57576 1.00888 0.00693272 -0.000658771
2.63758 1.57576 1.0087 0.00651076 -0.000596677
2.65772 1.57576 1.00854 0.00609433 -0.000535523
2.67785 1.57576 1.00839 0.0056833 -0.000475609
2.69799 1.57576 1.00825 0.00527756 -0.000417244
2.71812 1.57576 1.00812 0.00487706 -0.000360753
2.73826 1.57576 1.00801 0.00448179 -0.000306482
2.75839 1.57576 1.00791 0.00409181 -0.000254798
2.77852 1.57576 1.00782 0.00370724 -0.000206092
2.79866 1.57576 1.00775 0.00332831 -0.000160786
2.81879 1.57576 1.00769 0.00295533 -0.000119327
2.83893 1.57576 1.00765 0.00258878 -8.21865e-05
2.85906 1.57576 1.00762 0.00222924 -4.986e-05
2.87919 1.57576 1.0076 0.00187749 -2.28557e-05
2.89933 1.57576 1.0076 0.00153449 -1.68734e-06
2.91946 1.57576 1.00762 0.00120139 1.31382e-05
2.9396 1.57576 1.00765 0.000879603 2.11361e-05
2.95973 1.57576 1.0077 0.000570782 2.18594e-05
2.97987 1.57576 1.00776 0.000276814 1.49198e-05
3 1.57576 1.00785 0 0

0 1.59596 1.08162 0 0
0.0201342 1.59596 1.08216 -0.000532584 0.00206986
0.0402685 1.59596 1.08269 -0.000954978 0.00412196
0.0604027 1.59596 1.08322 -0.00126642 0.00614732
0.0805369 1.59596 1.08374 -0.00146539 0.0081377
0.100671 1.59596 1.08425 -0.00155065 0.0100856
0.120805 1.59596 1.08476 -0.00152108 0.0119841
0.14094 1.59596 1.08525 -0.00137618 0.013827
0.161074 1.59596 1.08574 -0.00111606 0.0156087
0.181208 1.59596 1.0862 -0.000741597 0.0173239
0.201342 1.59596 1.08666 -0.000254497 0.0189682
0.221477 1.59596 1.08708 0.000342745 0.0205372
0.241611 1.59596 1.08749 0.00104685 0.0220273
0.261745 1.59596 1.08787 0.00185384 0.023435
0.281879 1.59596 1.08821 0.00275906 0.0247576
0.302013 1.59596 1.08853 0.00375732 0.0259924
0.322148 1.59596 1.0888 0.00484296 0.0271372
0.342282 1.59596 1.08904 0.00600991 0.0281903
0.362416 1.59596 1.08923 0.0072518 0.0291502
0.38255 1.59596 1.08938 0.00856203 0.0300157
0.402685 1.59596 1.08948 0.00993381 0.0307859
0.422819 1.59596 1.08953 0.0113602 0.0314602
0.442953 1.59596 1.08953 0.0128343 0.0320385
0.463087 1.59596 1.08948 0.014349 0.0325205
0.483221 1.59596 1.08937 0.0158974 0.0329065
0.503356 1.59596 1.08921 0.0174723 0.033197
0.52349 1.59596 1.08899 0.0190669 0.0333925
0.543624 1.59596 1.08872 0.0206741 0.0334939
0.563758 1.59596 1.08839 0.022287 0.0335024
0.583893 1.59596 1.088 0.0238989 0.0334192
0.604027 1.59596 1.08756 0.0255029 0.0332459
0.624161 1.59596 1.08706 0.0270924 0.0329843
0.644295 1.59596 1.0865 0.0286607 0.0326366
0.66443 1.59596 1.08589 0.0302012 0.0322051
0.684564 1.59596 1.08523 0.0317076 0.0316926
0.704698 1.59596 1.08451 0.0331736 0.0311022
0.724832 1.59596 1.08374 0.0345931 0.0304374
0.744966 1.59596 1.08291 0.0359601 0.0297019
0.765101 1.59596 1.08204 0.037269 0.0289002
0.785235 1.59596 1.08113 0.0385144 0.0280369
0.805369 1.59596 1.08017 0.0396912 0.0271171
0.825503 1.59596 1.07916 0.0407948 0.0261464
0.845638 1.59596 1.07812 0.0418209 0.0251308
0.865772 1.59596 1.07704 0.042766 0.0240766
0.885906 1.59596 1.07593 0.043627 0.0229903
0.90604 1.59596 1.07479 0.0444013 0.021879
0.926174 1.59596 1.07363 0.0450871 0.0207497
0.946309 1.59596 1.07244 0.0456836 0.0196095
0.966443 1.59596 1.07123 0.0461902 0.0184656
0.986577 1.59596 1.07001 0.0466074 0.0173251
1.00671 1.59596 1.06877 0.0469363 0.0161947
1.02685 1.59596 1.06752 0.0471789 0.015081
1.04698 1.59596 1.06627 0.0473376 0.0139901
1.06711 1.59596 1.06501 0.0474155 0.0129275
1.08725 1.59596 1.06376 0.0474163 0.0118981
1.10738 1.59596 1.0625 0.0473439 0.0109064
1.12752 1.59596 1.06125 0.0472029 0.00995601
1.14765 1.59596 1.06001 0.0469978 0.00904989
1.16779 1.59596 1.05877 0.0467335 0.00819032
1.18792 1.59596 1.05755 0.046415 0.00737892
1.20805 1.59596 1.05634 0.046047 0.00661664
1.22819 1.59596 1.05514 0.0456346 0.00590385
1.24832 1.59596 1.05396 0.0451822 0.00524035
1.26846 1.59596 1.05279 0.0446946 0.00462546
1.28859 1.59596 1.05163 0.044176 0.00405807
1.30872 1.59596 1.05049 0.0436304 0.00353671
1.32886 1.59596 1.04937 0.0430617 0.0030596
1.34899 1.59596 1.04827 0.0424733 0.00262472
1.36913 1.59596 1.04718 0.0418684 0.00222988
1.38926 1.59596 1.04611 0.0412501 0.00187272
1.4094 1.59596 1.04506 0.0406209 0.00155083
1.42953 1.59596 1.04402 0.0399833 0.00126173
1.44966 1.59596 1.043 0.0393393 0.00100293
1.4698 1.59596 1.042 0.0386909 0.000771982
1.48993 1.59596 1.04101 0.0380397 0.000566455
1.51007 1.59596 1.04004 0.0373872 0.000384001
1.5302 1.59596 1.03909 0.0367347 0.000222351
1.55034 1.59596 1.03815 0.0360831 7.93333e-05
1.57047 1.59596 1.03723 0.0354334 -4.71143e-05
1.5906 1.59596 1.03632 0.0347863 -0.000158939
1.61074 1.59596 1.03543 0.0341424 -0.000257968
1.63087 1.59596 1.03455 0.0335023 -0.000345899
1.65101 1.59596 1.03369 0.0328662 -0.000424304
1.67114 1.59596 1.03284 0.0322344 -0.000494625
1.69128 1.59596 1.03201 0.031607 -0.000558171
1.71141 1.59596 1.03119 0.0309842 -0.000616121
1.73154 1.59596 1.03039 0.030366 -0.000669519
1.75168 1.59596 1.0296 0.0297522 -0.000719283
1.77181 1.59596 1.02882 0.0291427 -0.000766196
1.79195 1.59596 1.02806 0.0285373 -0.000810916
1.81208 1.59596 1.02731 0.0279358 -0.00085397
1.83221 1.59596 1.02657 0.0273381 -0.000895766
1.85235 1.59596 1.02584 0.0267437 -0.000936586
1.87248 1.59596 1.02514 0.0261525 -0.000976602
1.89262 1.59596 1.02444 0.0255642 -0.00101587
1.91275 1.59596 1.02376 0.0249786 -0.00105436
1.93289 1.59596 1.02309 0.0243954 -0.00109193
1.95302 1.59596 1.02243 0.0238145 -0.00112838
1.97315 1.59596 1.02179 0.0232357 -0.00116342
1.99329 1.59596 1.02116 0.022659 -0.00119673
2.01342 1.59596 1.02055 0.0220843 -0.00122794
2.03356 1.59596 1.01995 0.0215117 -0.00125666
2.05369 1.59596 1.01937 0.0209413 -0.0012825
2.07383 1.59596 1.0188 0.0203732 -0.00130508
2.09396 1.59596 1.01824 0.0198077 -0.00132403
2.11409 1.59596 1.0177 0.0192449 -0.00133904
2.13423 1.59596 1.01718 0.0186852 -0.00134981
2.15436 1.59596 1.01667 0.018129 -0.00135613
2.1745 1.59596 1.01617 0.0175765 -0.00135783
2.19463 1.59596 1.01569 0.0170281 -0.0013548
2.21477 1.59596 1.01523 0.0164841 -0.001347
2.2349 1.59596 1.01478 0.015945 -0.00133445
2.25503 1.59596 1.01434 0.015411 -0.00131721
2.27517 1.59596 1.01392 0.0148824 -0.00129543
2.2953 1.59596 1.01351 0.0143596 -0.00126925
2.31544 1.59596 1.01312 0.0138427 -0.00123891
2.33557 1.59596 1.01274 0.013332 -0.00120465
2.3557 1.59596 1.01238 0.0128276 -0.00116673
2.37584 1.59596 1.01203 0.0123298 -0.00112545
2.39597 1.59596 1.01169 0.0118385 -0.00108112
2.41611 1.59596 1.01137 0.0113538 -0.00103406
2.43624 1.59596 1.01106 0.0108758 -0.000984574
2.45638 1.59596 1.01077 0.0104045 -0.000932994
2.47651 1.59596 1.01049 0.00993968 -0.000879634
2.49664 1.59596 1.01022 0.00948143 -0.000824807
2.51678 1.59596 1.00996 0.0090296 -0.000768821
2.53691 1.59596 1.00972 0.00858407 -0.000711976
2.55705 1.59596 1.00949 0.0081447 -0.000654569
2.57718 1.59596 1.00927 0.00771135 -0.00059689
2.59732 1.59596 1.00907 0.00728384 -0.000539231
2.61745 1.59596 1.00887 0.00686203 -0.000481883
2.63758 1.59596 1.0087 0.00644576 -0.000425146
2.65772 1.59596 1.00853 0.00603486 -0.000369325
2.67785 1.59596 1.00837 0.00562922 -0.000314747
2.69799 1.59596 1.00823 0.00522873 -0.000261753
2.71812 1.59596 1.00811 0.00483331 -0.000210716
2.73826 1.59596 1.00799 0.00444294 -0.000162038
2.75839 1.59596 1.00789 0.00405766 -0.000116157
2.77852 1.59596 1.0078 0.00367757 -7.35565e-05
2.79866 1.59596 1.00772 0.00330287 -3.47615e-05
2.81879 1.59596 1.00766 0.00293386 -3.45313e-07
2.83893 1.59596 1.00761 0.00257097 2.90726e-05
2.85906 1.59596 1.00758 0.00221479 5.28293e-05
2.87919 1.59596 1.00756 0.00186606 7.02244e-05
2.89933 1.59596 1.00756 0.00152574 8.0529e-05
2.91946 1.59596 1.00758 0.00119499 8.29981e-05
2.9396 1.59596 1.00761 0.000875223 7.68865e-05
2.95973 1.59596 1.00765 0.000568115 6.14665e-05
2.97987 1.59596 1.00772 0.00027559 3.60494e-05
3 1.59596 1.0078 0 0

0 1.61616 1.08157 0 0
0.0201342 1.61616 1.08209 -0.000542964 0.00196133
0.0402685 1.61616 1.08261 -0.000978801 0.00390411
0.0604027 1.61616 1.08312 -0.0013064 0.00581883
0.0805369 1.61616 1.08363 -0.00152395 0.00769708
0.100671 1.61616 1.08413 -0.0016299 0.00953145
0.120805 1.61616 1.08463 -0.00162291 0.0113155
0.14094 1.61616 1.08512 -0.00150226 0.0130436
0.161074 1.61616 1.08559 -0.00126791 0.0147107
0.181208 1.61616 1.08605 -0.000920592 0.0163125
0.201342 1.61616 1.0865 -0.000461884 0.0178452
0.221477 1.61616 1.08692 0.000105829 0.0193054
0.241611 1.61616 1.08732 0.000779377 0.0206901
0.261745 1.61616 1.08769 0.00155488 0.0219967
0.281879 1.61616 1.08804 0.0024278 0.0232228
0.302013 1.61616 1.08834 0.00339306 0.0243665
0.322148 1.61616 1.08862 0.0044451 0.025426
0.342282 1.61616 1.08885 0.00557797 0.0263999
0.362416 1.61616 1.08904 0.00678541 0.027287
0.38255 1.61616 1.08918 0.00806091 0.0280865
0.402685 1.61616 1.08928 0.00939777 0.0287975
0.422819 1.61616 1.08933 0.0107892 0.0294196
0.442953 1.61616 1.08933 0.0122283 0.0299528
0.463087 1.61616 1.08928 0.0137081 0.0303968
0.483221 1.61616 1.08917 0.0152216 0.0307521
0.503356 1.61616 1.08901 0.016762 0.0310189
0.52349 1.61616 1.08879 0.0183223 0.0311979
0.543624 1.61616 1.08852 0.0198955 0.0312899
0.563758 1.61616 1.08819 0.021475 0.031296
0.583893 1.61616 1.08781 0.0230538 0.0312175
0.604027 1.61616 1.08737 0.0246254 0.0310558
0.624161 1.61616 1.08687 0.0261832 0.0308127
0.644295 1.61616 1.08632 0.0277206 0.0304902
0.66443 1.61616 1.08571 0.0292312 0.0300906
0.684564 1.61616 1.08505 0.0307088 0.0296166
0.704698 1.61616 1.08434 0.0321473 0.029071
0.724832 1.61616 1.08358 0.0335408 0.0284571
0.744966 1.61616 1.08276 0.0348836 0.0277785
0.765101 1.61616 1.0819 0.0361701 0.0270392
0.785235 1.61616 1.081 0.0373954 0.0262436
0.805369 1.61616 1.08005 0.0385545 0.0253965
0.825503 1.61616 1.07905 0.0396431 0.024503
0.845638 1.61616 1.07803 0.0406572 0.0235685
0.865772 1.61616 1.07696 0.0415933 0.0225988
0.885906 1.61616 1.07586 0.0424486 0.0215999
0.90604 1.61616 1.07474 0.0432207 0.020578
0.926174 1.61616 1.07359 0.0439079 0.0195397
0.946309 1.61616 1.07241 0.0445092 0.0184912
0.966443 1.61616 1.07121 0.0450242 0.0174392
0.986577 1.61616 1.07 0.0454533 0.0163898
1.00671 1.61616 1.06878 0.0457975 0.0153492
1.02685 1.61616 1.06754 0.0460584 0.0143232
1.04698 1.61616 1.0663 0.0462383 0.0133174
1.06711 1.61616 1.06505 0.0463399 0.0123368
1.08725 1.61616 1.06381 0.0463665 0.0113858
1.10738 1.61616 1.06256 0.0463218 0.0104684
1.12752 1.61616 1.06132 0.0462098 0.00958803
1.14765 1.61616 1.06008 0.0460348 0.00874742
1.16779 1.61616 1.05885 0.0458013 0.00794874
1.18792 1.61616 1.05763 0.0455137 0.00719352
1.20805 1.61616 1.05642 0.0451767 0.00648276
1.22819 1.61616 1.05522 0.0447948 0.00581691
1.24832 1.61616 1.05404 0.0443724 0.0051959
1.26846 1.61616 1.05287 0.0439139 0.00461925
1.28859 1.61616 1.05171 0.0434233 0.00408605
1.30872 1.61616 1.05057 0.0429046 0.00359508
1.32886 1.61616 1.04944 0.0423615 0.00314481
1.34899 1.61616 1.04834 0.0417973 0.0027335
1.36913 1.61616 1.04724 0.0412153 0.0023592
1.38926 1.61616 1.04617 0.0406183 0.00201986
1.4094 1.61616 1.04511 0.0400091 0.0017133
1.42953 1.61616 1.04407 0.0393901 0.0014373
1.44966 1.61616 1.04305 0.0387634 0.00118962
1.4698 1.61616 1.04204 0.0381309 0.000968024
1.48993 1.61616 1.04105 0.0374945 0.000770305
1.51007 1.61616 1.04007 0.0368556 0.000594308
1.5302 1.61616 1.03911 0.0362155 0.000437951
1.55034 1.61616 1.03817 0.0355754 0.000299231
1.57047 1.61616 1.03725 0.0349362 0.000176242
1.5906 1.61616 1.03634 0.0342989 6.71785e-05
1.61074 1.61616 1.03544 0.033664 -2.96543e-05
1.63087 1.61616 1.03456 0.0330321 -0.000115838
1.65101 1.61616 1.0337 0.0324037 -0.000192837
1.67114 1.61616 1.03285 0.031779 -0.000261996
1.69128 1.61616 1.03201 0.0311584 -0.000324538
1.71141 1.61616 1.03119 0.0305419 -0.000381565
1.73154 1.61616 1.03038 0.0299296 -0.000434057
1.75168 1.61616 1.02959 0.0293215 -0.000482873
1.77181 1.61616 1.02881 0.0287175 -0.000528751
1.79195 1.61616 1.02805 0.0281175 -0.00057231
1.81208 1.61616 1.0273 0.0275214 -0.000614055
1.83221 1.61616 1.02656 0.026929 -0.000654374
1.85235 1.61616 1.02584 0.0263401 -0.000693546
1.87248 1.61616 1.02513 0.0257544 -0.000731748
1.89262 1.61616 1.02443 0.0251718 -0.000769056
1.91275 1.61616 1.02375 0.0245921 -0.000805457
1.93289 1.61616 1.02308 0.024015 -0.000840856
1.95302 1.61616 1.02243 0.0234406 -0.000875085
1.97315 1.61616 1.02179 0.0228686 -0.000907918
1.99329 1.61616 1.02116 0.022299 -0.000939081
2.01342 1.61616 1.02055 0.0217318 -0.000968268
2.03356 1.61616 1.01996 0.021167 -0.00099515
2.05369 1.61616 1.01937 0.0206048 -0.00101939
2.07383 1.61616 1.0188 0.0200452 -0.00104067
2.09396 1.61616 1.01825 0.0194884 -0.00105867
2.11409 1.61616 1.01771 0.0189347 -0.0010731
2.13423 1.61616 1.01719 0.0183843 -0.00108374
2.15436 1.61616 1.01668 0.0178375 -0.00109037
2.1745 1.61616 1.01618 0.0172946 -0.00109286
2.19463 1.61616 1.0157 0.0167559 -0.00109109
2.21477 1.61616 1.01524 0.0162217 -0.00108502
2.2349 1.61616 1.01479 0.0156924 -0.00107467
2.25503 1.61616 1.01435 0.0151681 -0.00106008
2.27517 1.61616 1.01393 0.0146493 -0.00104136
2.2953 1.61616 1.01352 0.014136 -0.00101864
2.31544 1.61616 1.01313 0.0136286 -0.000992122
2.33557 1.61616 1.01275 0.0131273 -0.000961997
2.3557 1.61616 1.01239 0.0126322 -0.000928506
2.37584 1.61616 1.01204 0.0121434 -0.0008919
2.39597 1.61616 1.0117 0.011661 -0.000852448
2.41611 1.61616 1.01138 0.011185 -0.000810427
2.43624 1.61616 1.01107 0.0107156 -0.000766121
2.45638 1.61616 1.01077 0.0102526 -0.000719815
2.47651 1.61616 1.01049 0.00979599 -0.000671794
2.49664 1.61616 1.01022 0.00934577 -0.000622344
2.51678 1.61616 1.00996 0.00890182 -0.000571745
2.53691 1.61616 1.00971 0.00846402 -0.000520277
2.55705 1.61616 1.00948 0.00803222 -0.000468219
2.57718 1.61616 1.00926 0.0076063 -0.000415849
2.59732 1.61616 1.00905 0.00718609 -0.000363452
2.61745 1.61616 1.00886 0.00677144 -0.000311317
2.63758 1.61616 1.00868 0.00636218 -0.000259748
2.65772 1.61616 1.00851 0.00595816 -0.000209065
2.67785 1.61616 1.00835 0.00555924 -0.000159613
2.69799 1.61616 1.00821 0.0051653 -0.000111766
2.71812 1.61616 1.00808 0.00477626 -6.59365e-05
2.73826 1.61616 1.00796 0.00439207 -2.25822e-05
2.75839 1.61616 1.00786 0.00401274 1.7788e-05
2.77852 1.61616 1.00776 0.00363836 5.46066e-05
2.79866 1.61616 1.00769 0.00326908 8.72419e-05
2.81879 1.61616 1.00762 0.00290519 0.000114995
2.83893 1.61616 1.00757 0.00254707 0.000137098
2.85906 1.61616 1.00754 0.00219529 0.000152714
2.87919 1.61616 1.00752 0.00185057 0.000160945
2.89933 1.61616 1.00751 0.00151385 0.000160837
2.91946 1.61616 1.00752 0.00118627 0.000151397
2.9396 1.61616 1.00755 0.000869248 0.000131605
2.95973 1.61616 1.0076 0.000564487 0.000100438
2.97987 1.61616 1.00766 0.000273936 5.68925e-05
3 1.61616 1.00774 0 0

0 1.63636 1.08151 0 0
0.0201342 1.63636 1.08202 -0.000553874 0.0018564
0.0402685 1.63636 1.08252 -0.00100405 0.00369305
0.0604027 1.63636 1.08302 -0.00134887 0.00549995
0.0805369 1.63636 1.08352 -0.00158605 0.00726851
0.100671 1.63636 1.08401 -0.00171365 0.00899153
0.120805 1.63636 1.0845 -0.00173001 0.010663
0.14094 1.63636 1.08498 -0.00163416 0.0122779
0.161074 1.63636 1.08545 -0.00142588 0.013832
0.181208 1.63636 1.08591 -0.00110579 0.0153218
0.201342 1.63636 1.08635 -0.000675388 0.0167442
0.221477 1.63636 1.08677 -0.000136997 0.0180968
0.241611 1.63636 1.08717 0.000506259 0.0193773
0.261745 1.63636 1.08754 0.00125054 0.0205837
0.281879 1.63636 1.08788 0.00209137 0.0217143
0.302013 1.63636 1.08819 0.00302372 0.0227677
0.322148 1.63636 1.08846 0.0040421 0.0237427
0.342282 1.63636 1.08869 0.00514062 0.024638
0.362416 1.63636 1.08888 0.00631311 0.025453
0.38255 1.63636 1.08902 0.00755314 0.0261868
0.402685 1.63636 1.08912 0.0088541 0.026839
0.422819 1.63636 1.08917 0.0102093 0.0274093
0.442953 1.63636 1.08917 0.0116119 0.0278976
0.463087 1.63636 1.08912 0.013055 0.0283038
0.483221 1.63636 1.08901 0.0145318 0.0286283
0.503356 1.63636 1.08885 0.0160355 0.0288714
0.52349 1.63636 1.08864 0.0175591 0.0290338
0.543624 1.63636 1.08837 0.019096 0.0291163
0.563758 1.63636 1.08804 0.0206393 0.0291198
0.583893 1.63636 1.08766 0.0221824 0.0290456
0.604027 1.63636 1.08722 0.0237189 0.028895
0.624161 1.63636 1.08673 0.0252421 0.0286698
0.644295 1.63636 1.08618 0.0267457 0.0283719
0.66443 1.63636 1.08558 0.0282236 0.0280033
0.684564 1.63636 1.08492 0.0296695 0.0275667
0.704698 1.63636 1.08421 0.0310777 0.0270646
0.724832 1.63636 1.08346 0.0324424 0.0265001
0.744966 1.63636 1.08265 0.0337581 0.0258767
0.765101 1.63636 1.0818 0.0350196 0.025198
0.785235 1.63636 1.0809 0.0362219 0.024468
0.805369 1.63636 1.07996 0.0373606 0.0236912
0.825503 1.63636 1.07898 0.0384313 0.0228722
0.845638 1.63636 1.07796 0.0394304 0.022016
0.865772 1.63636 1.0769 0.0403547 0.0211278
0.885906 1.63636 1.07582 0.0412012 0.0202131
0.90604 1.63636 1.0747 0.0419679 0.0192775
0.926174 1.63636 1.07356 0.0426532 0.0183268
0.946309 1.63636 1.07239 0.043256 0.0173668
0.966443 1.63636 1.07121 0.0437761 0.0164032
0.986577 1.63636 1.07001 0.0442135 0.0154418
1.00671 1.63636 1.06879 0.0445693 0.014488
1.02685 1.63636 1.06757 0.0448448 0.013547
1.04698 1.63636 1.06633 0.0450421 0.0126238
1.06711 1.63636 1.0651 0.0451637 0.0117229
1.08725 1.63636 1.06385 0.0452125 0.0108484
1.10738 1.63636 1.06261 0.045192 0.0100039
1.12752 1.63636 1.06137 0.0451057 0.00919243
1.14765 1.63636 1.06014 0.0449576 0.00841656
1.16779 1.63636 1.05891 0.0447519 0.00767832
1.18792 1.63636 1.05769 0.0444926 0.00697919
1.20805 1.63636 1.05649 0.0441842 0.00632014
1.22819 1.63636 1.05529 0.0438308 0.00570169
1.24832 1.63636 1.0541 0.0434366 0.00512387
1.26846 1.63636 1.05293 0.0430057 0.00458634
1.28859 1.63636 1.05177 0.0425421 0.00408838
1.30872 1.63636 1.05063 0.0420495 0.00362896
1.32886 1.63636 1.0495 0.0415315 0.00320679
1.34899 1.63636 1.04839 0.0409914 0.00282035
1.36913 1.63636 1.04729 0.0404324 0.00246795
1.38926 1.63636 1.04621 0.0398572 0.00214776
1.4094 1.63636 1.04515 0.0392687 0.00185786
1.42953 1.63636 1.0441 0.0386691 0.00159627
1.44966 1.63636 1.04307 0.0380607 0.00136095
1.4698 1.63636 1.04206 0.0374455 0.00114991
1.48993 1.63636 1.04107 0.0368253 0.000961121
1.51007 1.63636 1.04009 0.0362015 0.000792639
1.5302 1.63636 1.03912 0.0355757 0.000642555
1.55034 1.63636 1.03818 0.0349489 0.000509036
1.57047 1.63636 1.03725 0.0343223 0.000390329
1.5906 1.63636 1.03633 0.0336968 0.000284772
1.61074 1.63636 1.03544 0.033073 0.000190802
1.63087 1.63636 1.03455 0.0324516 0.000106955
1.65101 1.63636 1.03369 0.0318331 3.18759e-05
1.67114 1.63636 1.03283 0.0312179 -3.56808e-05
1.69128 1.63636 1.032 0.0306063 -9.68514e-05
1.71141 1.63636 1.03117 0.0299984 -0.00015266
1.73154 1.63636 1.03037 0.0293945 -0.000204018
1.75168 1.63636 1.02957 0.0287945 -0.000251727
1.77181 1.63636 1.02879 0.0281984 -0.000296477
1.79195 1.63636 1.02803 0.0276063 -0.000338849
1.81208 1.63636 1.02728 0.0270179 -0.000379317
1.83221 1.63636 1.02654 0.0264333 -0.000418253
1.85235 1.63636 1.02582 0.0258521 -0.000455929
1.87248 1.63636 1.02511 0.0252743 -0.000492522
1.89262 1.63636 1.02441 0.0246997 -0.00052812
1.91275 1.63636 1.02373 0.0241282 -0.000562731
1.93289 1.63636 1.02307 0.0235596 -0.000596288
1.95302 1.63636 1.02241 0.0229938 -0.00062866
1.97315 1.63636 1.02178 0.0224307 -0.000659665
1.99329 1.63636 1.02115 0.0218703 -0.000689075
2.01342 1.63636 1.02054 0.0213126 -0.000716633
2.03356 1.63636 1.01995 0.0207576 -0.000742062
2.05369 1.63636 1.01937 0.0202054 -0.000765078
2.07383 1.63636 1.0188 0.0196562 -0.0007854
2.09396 1.63636 1.01825 0.01911 -0.000802761
2.11409 1.63636 1.01771 0.018567 -0.000816917
2.13423 1.63636 1.01718 0.0180276 -0.000827656
2.15436 1.63636 1.01668 0.0174919 -0.0008348
2.1745 1.63636 1.01618 0.0169602 -0.000838216
2.19463 1.63636 1.0157 0.0164328 -0.000837811
2.21477 1.63636 1.01524 0.01591 -0.000833539
2.2349 1.63636 1.01479 0.0153919 -0.0008254
2.25503 1.63636 1.01435 0.0148789 -0.000813433
2.27517 1.63636 1.01393 0.0143712 -0.000797721
2.2953 1.63636 1.01352 0.0138691 -0.00077838
2.31544 1.63636 1.01313 0.0133727 -0.000755561
2.33557 1.63636 1.01275 0.0128822 -0.000729441
2.3557 1.63636 1.01238 0.0123977 -0.00070022
2.37584 1.63636 1.01203 0.0119194 -0.000668116
2.39597 1.63636 1.01169 0.0114473 -0.000633362
2.41611 1.63636 1.01137 0.0109815 -0.0005962
2.43624 1.63636 1.01106 0.010522 -0.000556881
2.45638 1.63636 1.01076 0.0100688 -0.000515657
2.47651 1.63636 1.01047 0.00962189 -0.000472785
2.49664 1.63636 1.0102 0.00918112 -0.00042852
2.51678 1.63636 1.00994 0.00874645 -0.000383119
2.53691 1.63636 1.0097 0.00831777 -0.000336841
2.55705 1.63636 1.00946 0.00789495 -0.000289946
2.57718 1.63636 1.00924 0.00747785 -0.0002427
2.59732 1.63636 1.00903 0.00706631 -0.000195376
2.61745 1.63636 1.00884 0.00666019 -0.000148262
2.63758 1.63636 1.00865 0.00625931 -0.000101663
2.65772 1.63636 1.00848 0.00586352 -5.59068e-05
2.67785 1.63636 1.00832 0.00547268 -1.13562e-05
2.69799 1.63636 1.00818 0.00508664 3.15881e-05
2.71812 1.63636 1.00804 0.00470531 7.24762e-05
2.73826 1.63636 1.00792 0.00432862 0.000110801
2.75839 1.63636 1.00781 0.00395655 0.000145987
2.77852 1.63636 1.00772 0.00358915 0.000177384
2.79866 1.63636 1.00764 0.00322654 0.000204258
2.81879 1.63636 1.00757 0.00286897 0.000225784
2.83893 1.63636 1.00752 0.00251679 0.000241045
2.85906 1.63636 1.00748 0.00217052 0.000249027
2.87919 1.63636 1.00746 0.00183084 0.000248626
2.89933 1.63636 1.00745 0.00149866 0.000238655
2.91946 1.63636 1.00746 0.00117512 0.000217859
2.9396 1.63636 1.00748 0.000861617 0.00018493
2.95973 1.63636 1.00753 0.000559866 0.000138531
2.97987 1.63636 1.00759 0.000271842 7.73273e-05
3 1.63636 1.00767 0 0

0 1.65657 1.08145 0 0
0.0201342 1.65657 1.08194 -0.000565329 0.00175557
0.0402685 1.65657 1.08243 -0.00103074 0.00348959
0.0604027 1.65657 1.08291 -0.00139383 0.00519157
0.0805369 1.65657 1.0834 -0.0016517 0.00685286
0.100671 1.65657 1.08389 -0.00180186 0.00846653
0.120805 1.65657 1.08437 -0.00184225 0.0100271
0.14094 1.65657 1.08485 -0.00177165 0.0115303
0.161074 1.65657 1.08532 -0.00158966 0.0129727
0.181208 1.65657 1.08577 -0.00129681 0.0143516
0.201342 1.65657 1.08621 -0.000894558 0.015665
0.221477 1.65657 1.08664 -0.000385241 0.0169111
0.241611 1.65657 1.08704 0.000228007 0.0180884
0.261745 1.65657 1.08741 0.000941327 0.0191957
0.281879 1.65657 1.08775 0.00175023 0.0202319
0.302013 1.65657 1.08806 0.00264971 0.0211961
0.322148 1.65657 1.08833 0.00363427 0.0220874
0.342282 1.65657 1.08856 0.00469809 0.0229052
0.362416 1.65657 1.08876 0.00583504 0.0236488
0.38255 1.65657 1.0889 0.00703877 0.0243178
0.402685 1.65657 1.089 0.00830275 0.0249118
0.422819 1.65657 1.08905 0.00962034 0.0254308
0.442953 1.65657 1.08905 0.0109848 0.0258746
0.463087 1.65657 1.089 0.0123895 0.0262434
0.483221 1.65657 1.0889 0.0138275 0.0265374
0.503356 1.65657 1.08874 0.0152922 0.0267571
0.52349 1.65657 1.08852 0.0167768 0.026903
0.543624 1.65657 1.08825 0.0182747 0.0269758
0.563758 1.65657 1.08793 0.0197792 0.0269766
0.583893 1.65657 1.08755 0.0212839 0.0269064
0.604027 1.65657 1.08711 0.0227823 0.0267666
0.624161 1.65657 1.08662 0.024268 0.0265588
0.644295 1.65657 1.08608 0.025735 0.0262846
0.66443 1.65657 1.08548 0.0271771 0.0259462
0.684564 1.65657 1.08483 0.0285885 0.0255458
0.704698 1.65657 1.08413 0.0299634 0.025086
0.724832 1.65657 1.08337 0.0312963 0.0245695
0.744966 1.65657 1.08257 0.032582 0.0239995
0.765101 1.65657 1.08173 0.0338154 0.0233795
0.785235 1.65657 1.08083 0.0349919 0.022713
0.805369 1.65657 1.0799 0.0361071 0.0220041
0.825503 1.65657 1.07893 0.0371571 0.0212571
0.845638 1.65657 1.07791 0.0381382 0.0204764
0.865772 1.65657 1.07687 0.0390475 0.0196667
0.885906 1.65657 1.07579 0.0398822 0.0188332
0.90604 1.65657 1.07468 0.0406404 0.0179806
0.926174 1.65657 1.07355 0.0413204 0.0171144
0.946309 1.65657 1.07239 0.0419214 0.0162395
0.966443 1.65657 1.07122 0.042443 0.0153613
0.986577 1.65657 1.07002 0.0428853 0.0144847
1.00671 1.65657 1.06881 0.043249 0.0136147
1.02685 1.65657 1.06759 0.0435356 0.012756
1.04698 1.65657 1.06637 0.0437467 0.0119129
1.06711 1.65657 1.06513 0.0438848 0.0110895
1.08725 1.65657 1.0639 0.0439523 0.0102896
1.10738 1.65657 1.06266 0.0439525 0.00951622
1.12752 1.65657 1.06142 0.0438887 0.00877232
1.14765 1.65657 1.06019 0.0437645 0.0080602
1.16779 1.65657 1.05897 0.0435837 0.00738172
1.18792 1.65657 1.05775 0.0433502 0.00673829
1.20805 1.65657 1.05654 0.0430681 0.00613086
1.22819 1.65657 1.05534 0.0427412 0.00555995
1.24832 1.65657 1.05415 0.0423735 0.00502569
1.26846 1.65657 1.05298 0.0419689 0.00452784
1.28859 1.65657 1.05182 0.0415312 0.00406584
1.30872 1.65657 1.05067 0.041064 0.00363882
1.32886 1.65657 1.04954 0.0405706 0.0032457
1.34899 1.65657 1.04842 0.0400545 0.00288516
1.36913 1.65657 1.04732 0.0395185 0.00255572
1.38926 1.65657 1.04624 0.0389655 0.00225578
1.4094 1.65657 1.04517 0.0383982 0.00198364
1.42953 1.65657 1.04412 0.037819 0.00173753
1.44966 1.65657 1.04309 0.03723 0.00151564
1.4698 1.65657 1.04207 0.0366333 0.00131615
1.48993 1.65657 1.04107 0.0360306 0.00113727
1.51007 1.65657 1.04009 0.0354236 0.00097722
1.5302 1.65657 1.03912 0.0348137 0.000834267
1.55034 1.65657 1.03817 0.0342021 0.000706742
1.57047 1.65657 1.03724 0.03359 0.000593046
1.5906 1.65657 1.03632 0.0329783 0.000491659
1.61074 1.65657 1.03542 0.0323677 0.000401147
1.63087 1.65657 1.03453 0.031759 0.000320168
1.65101 1.65657 1.03366 0.0311526 0.000247475
1.67114 1.65657 1.03281 0.0305492 0.00018192
1.69128 1.65657 1.03197 0.0299489 0.000122458
1.71141 1.65657 1.03114 0.0293521 6.81425e-05
1.73154 1.65657 1.03033 0.0287589 1.81306e-05
1.75168 1.65657 1.02954 0.0281694 -2.83189e-05
1.77181 1.65657 1.02876 0.0275838 -7.18465e-05
1.79195 1.65657 1.02799 0.0270018 -0.000112993
1.81208 1.65657 1.02724 0.0264237 -0.000152204
1.83221 1.65657 1.02651 0.0258491 -0.00018983
1.85235 1.65657 1.02578 0.0252781 -0.00022613
1.87248 1.65657 1.02508 0.0247106 -0.000261281
1.89262 1.65657 1.02438 0.0241464 -0.000295379
1.91275 1.65657 1.0237 0.0235853 -0.000328445
1.93289 1.65657 1.02304 0.0230274 -0.000360437
1.95302 1.65657 1.02239 0.0224724 -0.000391254
1.97315 1.65657 1.02175 0.0219204 -0.000420747
1.99329 1.65657 1.02113 0.0213713 -0.000448731
2.01342 1.65657 1.02052 0.0208251 -0.000474988
2.03356 1.65657 1.01992 0.0202819 -0.000499285
2.05369 1.65657 1.01934 0.0197417 -0.000521381
2.07383 1.65657 1.01878 0.0192046 -0.000541035
2.09396 1.65657 1.01823 0.0186708 -0.000558018
2.11409 1.65657 1.01769 0.0181405 -0.000572117
2.13423 1.65657 1.01717 0.0176137 -0.000583148
2.15436 1.65657 1.01666 0.0170908 -0.000590954
2.1745 1.65657 1.01617 0.016572 -0.000595413
2.19463 1.65657 1.01569 0.0160575 -0.000596443
2.21477 1.65657 1.01522 0.0155475 -0.000593995
2.2349 1.65657 1.01477 0.0150423 -0.000588064
2.25503 1.65657 1.01434 0.0145421 -0.000578678
2.27517 1.65657 1.01392 0.0140472 -0.0005659
2.2953 1.65657 1.01351 0.0135576 -0.000549827
2.31544 1.65657 1.01311 0.0130737 -0.000530584
2.33557 1.65657 1.01273 0.0125955 -0.000508318
2.3557 1.65657 1.01237 0.0121232 -0.000483202
2.37584 1.65657 1.01202 0.0116568 -0.000455421
2.39597 1.65657 1.01168 0.0111966 -0.000425177
2.41611 1.65657 1.01135 0.0107424 -0.00039268
2.43624 1.65657 1.01104 0.0102943 -0.000358149
2.45638 1.65657 1.01074 0.00985235 -0.000321808
2.47651 1.65657 1.01045 0.00941645 -0.000283883
2.49664 1.65657 1.01018 0.00898656 -0.000244604
2.51678 1.65657 1.00992 0.0085626 -0.000204204
2.53691 1.65657 1.00967 0.00814445 -0.000162921
2.55705 1.65657 1.00944 0.00773201 -0.000120995
2.57718 1.65657 1.00921 0.00732514 -7.86774e-05
2.59732 1.65657 1.009 0.00692368 -3.62316e-05
2.61745 1.65657 1.0088 0.00652748 6.06267e-06
2.63758 1.65657 1.00862 0.00613638 4.79015e-05
2.65772 1.65657 1.00844 0.00575021 8.89505e-05
2.67785 1.65657 1.00828 0.00536882 0.000128836
2.69799 1.65657 1.00813 0.00499207 0.000167135
2.71812 1.65657 1.008 0.00461982 0.000203366
2.73826 1.65657 1.00787 0.00425199 0.000236977
2.75839 1.65657 1.00776 0.00388852 0.000267333
2.77852 1.65657 1.00767 0.00352943 0.000293705
2.79866 1.65657 1.00758 0.0031748 0.00031526
2.81879 1.65657 1.00751 0.00282483 0.000331051
2.83893 1.65657 1.00745 0.00247981 0.000340009
2.85906 1.65657 1.00741 0.0021402 0.000340941
2.87919 1.65657 1.00739 0.00180666 0.000332532
2.89933 1.65657 1.00737 0.00148004 0.000313352
2.91946 1.65657 1.00738 0.00116145 0.000281868
2.9396 1.65657 1.0074 0.000852267 0.000236467
2.95973 1.65657 1.00744 0.000554217 0.000175481
2.97987 1.65657 1.0075 0.000269294 9.7222e-05
3 1.65657 1.00758 0 0

0 1.67677 1.08139 0 0
0.0201342 1.67677 1.08186 -0.000577342 0.00165935
0.0402685 1.67677 1.08232 -0.0010589 0.00329448
0.0604027 1.67677 1.0828 -0.00144129 0.00489455
0.0805369 1.67677 1.08327 -0.00172081 0.0064509
0.100671 1.67677 1.08375 -0.00189431 0.00795706
0.120805 1.67677 1.08423 -0.00195929 0.00940822
0.14094 1.67677 1.08471 -0.00191422 0.0108009
0.161074 1.67677 1.08518 -0.00175856 0.0121327
0.181208 1.67677 1.08564 -0.0014928 0.0134019
0.201342 1.67677 1.08609 -0.00111842 0.0146073
0.221477 1.67677 1.08651 -0.000637839 0.015748
0.241611 1.67677 1.08692 -5.42636e-05 0.0168233
0.261745 1.67677 1.0873 0.000628365 0.0178327
0.281879 1.67677 1.08764 0.00140549 0.0187757
0.302013 1.67677 1.08796 0.00227206 0.0196518
0.322148 1.67677 1.08823 0.00322259 0.0204607
0.342282 1.67677 1.08847 0.00425124 0.0212019
0.362416 1.67677 1.08867 0.00535193 0.0218752
0.38255 1.67677 1.08881 0.00651837 0.0224804
0.402685 1.67677 1.08892 0.00774411 0.0230173
0.422819 1.67677 1.08897 0.00902262 0.0234857
0.442953 1.67677 1.08897 0.0103473 0.0238859
0.463087 1.67677 1.08892 0.0117115 0.0242178
0.483221 1.67677 1.08882 0.0131085 0.0244818
0.503356 1.67677 1.08867 0.0145318 0.0246784
0.52349 1.67677 1.08845 0.0159748 0.024808
0.543624 1.67677 1.08819 0.017431 0.0248713
0.563758 1.67677 1.08787 0.0188939 0.0248693
0.583893 1.67677 1.08749 0.0203571 0.024803
0.604027 1.67677 1.08705 0.0218144 0.0246736
0.624161 1.67677 1.08657 0.0232597 0.0244826
0.644295 1.67677 1.08602 0.0246869 0.0242316
0.66443 1.67677 1.08543 0.0260901 0.0239224
0.684564 1.67677 1.08478 0.0274637 0.0235573
0.704698 1.67677 1.08408 0.0288022 0.0231384
0.724832 1.67677 1.08333 0.0301002 0.0226684
0.744966 1.67677 1.08253 0.0313528 0.0221502
0.765101 1.67677 1.08169 0.0325551 0.0215868
0.785235 1.67677 1.0808 0.0337026 0.0209817
0.805369 1.67677 1.07987 0.0347913 0.0203383
0.825503 1.67677 1.0789 0.0358173 0.0196607
0.845638 1.67677 1.0779 0.0367774 0.0189527
0.865772 1.67677 1.07686 0.0376684 0.0182188
0.885906 1.67677 1.07579 0.0384881 0.0174633
0.90604 1.67677 1.07468 0.0392345 0.0166907
0.926174 1.67677 1.07356 0.039906 0.0159057
0.946309 1.67677 1.0724 0.0405017 0.0151129
0.966443 1.67677 1.07123 0.0410214 0.0143168
0.986577 1.67677 1.07004 0.041465 0.013522
1.00671 1.67677 1.06884 0.0418333 0.0127329
1.02685 1.67677 1.06763 0.0421274 0.0119536
1.04698 1.67677 1.0664 0.0423489 0.0111881
1.06711 1.67677 1.06517 0.0424999 0.0104399
1.08725 1.67677 1.06394 0.0425829 0.0097124
1.10738 1.67677 1.0627 0.0426006 0.00900847
1.12752 1.67677 1.06147 0.0425562 0.00833066
1.14765 1.67677 1.06024 0.042453 0.00768108
1.16779 1.67677 1.05901 0.0422945 0.00706145
1.18792 1.67677 1.05779 0.0420843 0.00647308
1.20805 1.67677 1.05658 0.0418262 0.00591687
1.22819 1.67677 1.05538 0.0415239 0.00539337
1.24832 1.67677 1.05419 0.0411811 0.00490273
1.26846 1.67677 1.05301 0.0408015 0.00444483
1.28859 1.67677 1.05185 0.0403887 0.0040192
1.30872 1.67677 1.0507 0.0399461 0.00362514
1.32886 1.67677 1.04956 0.039477 0.00326172
1.34899 1.67677 1.04844 0.0389846 0.00292781
1.36913 1.67677 1.04734 0.0384717 0.00262214
1.38926 1.67677 1.04625 0.0379413 0.00234329
1.4094 1.67677 1.04518 0.0373959 0.00208977
1.42953 1.67677 1.04412 0.0368378 0.00186001
1.44966 1.67677 1.04308 0.0362693 0.00165239
1.4698 1.67677 1.04206 0.0356923 0.00146531
1.48993 1.67677 1.04106 0.0351086 0.00129715
1.51007 1.67677 1.04007 0.0345199 0.0011463
1.5302 1.67677 1.0391 0.0339277 0.0010112
1.55034 1.67677 1.03814 0.0333331 0.000890351
1.57047 1.67677 1.03721 0.0327374 0.000782296
1.5906 1.67677 1.03629 0.0321415 0.000685657
1.61074 1.67677 1.03538 0.0315462 0.000599128
1.63087 1.67677 1.03449 0.0309523 0.000521485
1.65101 1.67677 1.03362 0.0303605 0.000451592
1.67114 1.67677 1.03276 0.029771 0.0003884
1.69128 1.67677 1.03192 0.0291844 0.000330951
1.71141 1.67677 1.0311 0.028601 0.000278379
1.73154 1.67677 1.03029 0.028021 0.000229912
1.75168 1.67677 1.02949 0.0274445 0.000184867
1.77181 1.67677 1.02871 0.0268716 0.000142656
1.79195 1.67677 1.02795 0.0263024 0.000102778
1.81208 1.67677 1.0272 0.0257368 6.48217e-05
1.83221 1.67677 1.02646 0.0251748 2.84584e-05
1.85235 1.67677 1.02574 0.0246164 -6.55857e-06
1.87248 1.67677 1.02503 0.0240614 -4.03994e-05
1.89262 1.67677 1.02434 0.0235099 -7.31629e-05
1.91275 1.67677 1.02366 0.0229616 -0.000104883
1.93289 1.67677 1.02299 0.0224166 -0.000135533
1.95302 1.67677 1.02234 0.0218747 -0.000165038
1.97315 1.67677 1.02171 0.021336 -0.000193278
1.99329 1.67677 1.02109 0.0208003 -0.000220098
2.01342 1.67677 1.02048 0.0202677 -0.000245318
2.03356 1.67677 1.01989 0.0197383 -0.00026874
2.05369 1.67677 1.01931 0.019212 -0.00029016
2.07383 1.67677 1.01874 0.0186891 -0.000309372
2.09396 1.67677 1.01819 0.0181695 -0.000326177
2.11409 1.67677 1.01766 0.0176535 -0.000340393
2.13423 1.67677 1.01714 0.0171412 -0.000351857
2.15436 1.67677 1.01663 0.0166328 -0.00036043
2.1745 1.67677 1.01614 0.0161285 -0.000366005
2.19463 1.67677 1.01566 0.0156285 -0.000368503
2.21477 1.67677 1.0152 0.0151331 -0.000367879
2.2349 1.67677 1.01475 0.0146423 -0.000364121
2.25503 1.67677 1.01431 0.0141565 -0.000357249
2.27517 1.67677 1.01389 0.0136758 -0.00034731
2.2953 1.67677 1.01348 0.0132004 -0.000334384
2.31544 1.67677 1.01309 0.0127305 -0.000318573
2.33557 1.67677 1.01271 0.0122661 -0.0003
2.3557 1.67677 1.01234 0.0118075 -0.000278811
2.37584 1.67677 1.01199 0.0113546 -0.000255164
2.39597 1.67677 1.01165 0.0109076 -0.000229231
2.41611 1.67677 1.01132 0.0104665 -0.000201194
2.43624 1.67677 1.01101 0.0100314 -0.000171243
2.45638 1.67677 1.01071 0.0096021 -0.000139574
2.47651 1.67677 1.01042 0.00917871 -0.000106388
2.49664 1.67677 1.01015 0.00876114 -7.18876e-05
2.51678 1.67677 1.00988 0.00834932 -3.62837e-05
2.53691 1.67677 1.00964 0.00794315 2.08953e-07
2.55705 1.67677 1.0094 0.00754252 3.73673e-05
2.57718 1.67677 1.00917 0.00714729 7.4957e-05
2.59732 1.67677 1.00896 0.00675733 0.000112728
2.61745 1.67677 1.00876 0.00637247 0.00015041
2.63758 1.67677 1.00857 0.00599256 0.000187703
2.65772 1.67677 1.0084 0.00561743 0.000224273
2.67785 1.67677 1.00823 0.00524691 0.000259738
2.69799 1.67677 1.00808 0.00488084 0.00029366
2.71812 1.67677 1.00794 0.00451908 0.000325531
2.73826 1.67677 1.00782 0.00416151 0.000354762
2.75839 1.67677 1.0077 0.00380805 0.000380665
2.77852 1.67677 1.0076 0.00345865 0.00040244
2.79866 1.67677 1.00751 0.00311337 0.000419159
2.81879 1.67677 1.00744 0.00277231 0.000429758
2.83893 1.67677 1.00738 0.00243573 0.000433018
2.85906 1.67677 1.00733 0.00210403 0.000427566
2.87919 1.67677 1.0073 0.00177779 0.000411869
2.89933 1.67677 1.00729 0.00145779 0.000384242
2.91946 1.67677 1.00729 0.00114512 0.000342861
2.9396 1.67677 1.00731 0.000841121 0.000285789
2.95973 1.67677 1.00734 0.000547504 0.000211002
2.97987 1.67677 1.0074 0.000266279 0.000116434
3 1.67677 1.00747 0 0

0 1.69697 1.08132 0 0
0.0201342 1.69697 1.08176 -0.000589928 0.00156823
0.0402685 1.69697 1.08221 -0.00108855 0.00310848
0.0604027 1.69697 1.08267 -0.00149119 0.00460968
0.0805369 1.69697 1.08313 -0.00179319 0.00606333
0.100671 1.69697 1.08361 -0.00199063 0.00746362
0.120805 1.69697 1.08409 -0.00208051 0.00880659
0.14094 1.69697 1.08457 -0.002061 0.0100898
0.161074 1.69697 1.08505 -0.00193145 0.011312
0.181208 1.69697 1.08552 -0.0016924 0.0124723
0.201342 1.69697 1.08597 -0.00134542 0.0135707
0.221477 1.69697 1.08641 -0.000893083 0.0146072
0.241611 1.69697 1.08682 -0.000338752 0.0155817
0.261745 1.69697 1.0872 0.000313484 0.0164945
0.281879 1.69697 1.08756 0.00105896 0.0173456
0.302013 1.69697 1.08788 0.00189253 0.0181351
0.322148 1.69697 1.08816 0.00280866 0.0188629
0.342282 1.69697 1.08841 0.00380153 0.019529
0.362416 1.69697 1.08861 0.00486506 0.0201334
0.38255 1.69697 1.08876 0.00599304 0.0206761
0.402685 1.69697 1.08887 0.00717909 0.0211569
0.422819 1.69697 1.08893 0.00841677 0.021576
0.442953 1.69697 1.08894 0.00969961 0.0219334
0.463087 1.69697 1.08889 0.0110211 0.0222293
0.483221 1.69697 1.08879 0.0123747 0.0224641
0.503356 1.69697 1.08864 0.0137541 0.022638
0.52349 1.69697 1.08843 0.0151527 0.0227517
0.543624 1.69697 1.08817 0.0165642 0.0228058
0.563758 1.69697 1.08785 0.0179823 0.0228011
0.583893 1.69697 1.08747 0.019401 0.0227385
0.604027 1.69697 1.08704 0.020814 0.0226193
0.624161 1.69697 1.08655 0.0222154 0.0224446
0.644295 1.69697 1.08601 0.0235995 0.0222161
0.66443 1.69697 1.08542 0.0249605 0.0219353
0.684564 1.69697 1.08477 0.0262931 0.0216043
0.704698 1.69697 1.08407 0.0275917 0.0212251
0.724832 1.69697 1.08333 0.0288516 0.0208001
0.744966 1.69697 1.08253 0.0300677 0.0203319
0.765101 1.69697 1.08169 0.0312355 0.0198233
0.785235 1.69697 1.08081 0.0323508 0.0192773
0.805369 1.69697 1.07988 0.0334096 0.0186971
0.825503 1.69697 1.07891 0.0344084 0.0180863
0.845638 1.69697 1.07791 0.035344 0.0174484
0.865772 1.69697 1.07687 0.0362136 0.0167873
0.885906 1.69697 1.0758 0.0370149 0.0161068
0.90604 1.69697 1.0747 0.037746 0.0154111
0.926174 1.69697 1.07358 0.0384056 0.0147042
0.946309 1.69697 1.07243 0.0389927 0.0139902
0.966443 1.69697 1.07126 0.039507 0.0132732
0.986577 1.69697 1.07008 0.0399485 0.0125572
1.00671 1.69697 1.06887 0.0403178 0.011846
1.02685 1.69697 1.06766 0.040616 0.0111433
1.04698 1.69697 1.06644 0.0408445 0.0104527
1.06711 1.69697 1.06521 0.0410053 0.00977732
1.08725 1.69697 1.06398 0.0411004 0.0091201
1.10738 1.69697 1.06274 0.0411326 0.00848365
1.12752 1.69697 1.06151 0.0411047 0.00787024
1.14765 1.69697 1.06027 0.0410198 0.0072818
1.16779 1.69697 1.05905 0.040881 0.00671987
1.18792 1.69697 1.05782 0.0406918 0.00618567
1.20805 1.69697 1.05661 0.0404557 0.00568004
1.22819 1.69697 1.05541 0.0401762 0.00520351
1.24832 1.69697 1.05421 0.0398568 0.00475629
1.26846 1.69697 1.05303 0.0395009 0.00433828
1.28859 1.69697 1.05186 0.039112 0.00394915
1.30872 1.69697 1.05071 0.0386934 0.00358831
1.32886 1.69697 1.04957 0.0382481 0.00325498
1.34899 1.69697 1.04844 0.0377793 0.00294818
1.36913 1.69697 1.04733 0.0372899 0.00266681
1.38926 1.69697 1.04624 0.0367824 0.00240965
1.4094 1.69697 1.04516 0.0362594 0.00217538
1.42953 1.69697 1.0441 0.0357233 0.00196262
1.44966 1.69697 1.04306 0.0351763 0.00176995
1.4698 1.69697 1.04203 0.0346202 0.00159594
1.48993 1.69697 1.04103 0.034057 0.00143913
1.51007 1.69697 1.04003 0.0334882 0.0012981
1.5302 1.69697 1.03906 0.0329153 0.00117146
1.55034 1.69697 1.0381 0.0323395 0.00105786
1.57047 1.69697 1.03716 0.0317622 0.000955973
1.5906 1.69697 1.03624 0.0311841 0.000864572
1.61074 1.69697 1.03533 0.0306064 0.000782475
1.63087 1.69697 1.03444 0.0300295 0.000708575
1.65101 1.69697 1.03357 0.0294543 0.000641844
1.67114 1.69697 1.03271 0.0288813 0.000581331
1.69128 1.69697 1.03186 0.0283107 0.000526168
1.71141 1.69697 1.03104 0.0277431 0.000475567
1.73154 1.69697 1.03023 0.0271787 0.000428826
1.75168 1.69697 1.02943 0.0266175 0.000385325
1.77181 1.69697 1.02865 0.0260599 0.000344526
1.79195 1.69697 1.02788 0.0255058 0.00030597
1.81208 1.69697 1.02713 0.0249552 0.00026928
1.83221 1.69697 1.0264 0.0244083 0.000234152
1.85235 1.69697 1.02568 0.0238648 0.000200356
1.87248 1.69697 1.02497 0.0233249 0.00016773
1.89262 1.69697 1.02428 0.0227884 0.000136174
1.91275 1.69697 1.0236 0.0222553 0.00010565
1.93289 1.69697 1.02294 0.0217254 7.61678e-05
1.95302 1.69697 1.02229 0.0211989 4.77862e-05
1.97315 1.69697 1.02165 0.0206755 2.06012e-05
1.99329 1.69697 1.02103 0.0201554 -5.25987e-06
2.01342 1.69697 1.02043 0.0196385 -2.96462e-05
2.03356 1.69697 1.01984 0.0191249 -5.23913e-05
2.05369 1.69697 1.01926 0.0186146 -7.33201e-05
2.07383 1.69697 1.0187 0.0181077 -9.22567e-05
2.09396 1.69697 1.01815 0.0176042 -0.000109031
2.11409 1.69697 1.01761 0.0171044 -0.000123483
2.13423 1.69697 1.01709 0.0166084 -0.000135471
2.15436 1.69697 1.01659 0.0161162 -0.000144874
2.1745 1.69697 1.0161 0.0156282 -0.000151593
2.19463 1.69697 1.01562 0.0151445 -0.000155558
2.21477 1.69697 1.01516 0.0146652 -0.000156725
2.2349 1.69697 1.01471 0.0141906 -0.000155078
2.25503 1.69697 1.01427 0.0137208 -0.000150628
2.27517 1.69697 1.01385 0.013256 -0.000143412
2.2953 1.69697 1.01344 0.0127963 -0.000133491
2.31544 1.69697 1.01305 0.0123419 -0.000120951
2.33557 1.69697 1.01267 0.011893 -0.000105893
2.3557 1.69697 1.0123 0.0114495 -8.8439e-05
2.37584 1.69697 1.01195 0.0110116 -6.87223e-05
2.39597 1.69697 1.01161 0.0105794 -4.68895e-05
2.41611 1.69697 1.01128 0.0101529 -2.30967e-05
2.43624 1.69697 1.01097 0.00973212 2.49251e-06
2.45638 1.69697 1.01067 0.00931703 2.97083e-05
2.47651 1.69697 1.01038 0.00890762 5.83754e-05
2.49664 1.69697 1.0101 0.00850384 8.83133e-05
2.51678 1.69697 1.00984 0.00810563 0.000119335
2.53691 1.69697 1.00959 0.00771288 0.000151248
2.55705 1.69697 1.00935 0.0073255 0.000183848
2.57718 1.69697 1.00912 0.00694337 0.000216917
2.59732 1.69697 1.00891 0.00656633 0.000250222
2.61745 1.69697 1.00871 0.00619426 0.000283504
2.63758 1.69697 1.00852 0.00582697 0.000316471
2.65772 1.69697 1.00834 0.00546431 0.000348793
2.67785 1.69697 1.00817 0.0051061 0.000380086
2.69799 1.69697 1.00802 0.00475217 0.000409904
2.71812 1.69697 1.00788 0.00440234 0.000437722
2.73826 1.69697 1.00775 0.00405648 0.000462919
2.75839 1.69697 1.00763 0.00371446 0.000484764
2.77852 1.69697 1.00753 0.00337619 0.000502393
2.79866 1.69697 1.00744 0.00304166 0.000514797
2.81879 1.69697 1.00736 0.00271092 0.000520795
2.83893 1.69697 1.00729 0.00238415 0.000519026
2.85906 1.69697 1.00724 0.00206166 0.000507935
2.87919 1.69697 1.00721 0.00174394 0.000485768
2.89933 1.69697 1.00719 0.00143172 0.000450575
2.91946 1.69697 1.00718 0.001126 0.000400223
2.9396 1.69697 1.0072 0.000828095 0.000332427
2.95973 1.69697 1.00723 0.000539683 0.00024478
2.97987 1.69697 1.00728 0.000262784 0.000134807
3 1.69697 1.00735 0 0

0 1.71717 1.08123 0 0
0.0201342 1.71717 1.08164 -0.000603099 0.00148274
0.0402685 1.71717 1.08207 -0.00111965 0.00293232
0.0604027 1.71717 1.08252 -0.0015434 0.00433764
0.0805369 1.71717 1.08298 -0.00186853 0.00569065
0.100671 1.71717 1.08346 -0.00209022 0.00698643
0.120805 1.71717 1.08394 -0.00220495 0.00822217
0.14094 1.71717 1.08443 -0.00221065 0.00939672
0.161074 1.71717 1.08492 -0.00210665 0.0105099
0.181208 1.71717 1.0854 -0.00189359 0.0115623
0.201342 1.71717 1.08586 -0.00157328 0.0125548
0.221477 1.71717 1.08631 -0.00114851 0.0134881
0.241611 1.71717 1.08673 -0.000622884 0.0143632
0.261745 1.71717 1.08713 -7.01152e-07 0.0151809
0.281879 1.71717 1.0875 0.000713207 0.0159417
0.302013 1.71717 1.08783 0.00151358 0.0166462
0.322148 1.71717 1.08812 0.00239482 0.0172948
0.342282 1.71717 1.08838 0.00335109 0.0178875
0.362416 1.71717 1.08859 0.00437634 0.0184247
0.38255 1.71717 1.08875 0.00546441 0.0189063
0.402685 1.71717 1.08887 0.00660902 0.0193326
0.422819 1.71717 1.08893 0.00780387 0.0197036
0.442953 1.71717 1.08894 0.00904259 0.0200195
0.463087 1.71717 1.0889 0.0103189 0.0202805
0.483221 1.71717 1.08881 0.0116263 0.0204869
0.503356 1.71717 1.08866 0.0129587 0.020639
0.52349 1.71717 1.08845 0.0143098 0.0207374
0.543624 1.71717 1.08819 0.0156734 0.0207826
0.563758 1.71717 1.08787 0.0170435 0.0207753
0.583893 1.71717 1.0875 0.0184141 0.0207165
0.604027 1.71717 1.08707 0.0197793 0.0206071
0.624161 1.71717 1.08658 0.0211333 0.0204484
0.644295 1.71717 1.08604 0.0224707 0.0202417
0.66443 1.71717 1.08545 0.0237859 0.0199885
0.684564 1.71717 1.0848 0.0250736 0.0196905
0.704698 1.71717 1.08411 0.0263289 0.0193497
0.724832 1.71717 1.08336 0.0275469 0.0189681
0.744966 1.71717 1.08257 0.028723 0.0185482
0.765101 1.71717 1.08173 0.0298528 0.0180923
0.785235 1.71717 1.08084 0.0309323 0.0176033
0.805369 1.71717 1.07992 0.0319577 0.0170839
0.825503 1.71717 1.07895 0.0329258 0.0165373
0.845638 1.71717 1.07795 0.0338335 0.0159667
0.865772 1.71717 1.07691 0.0346781 0.0153755
0.885906 1.71717 1.07584 0.0354575 0.0147672
0.90604 1.71717 1.07474 0.03617 0.0141452
0.926174 1.71717 1.07362 0.0368142 0.0135133
0.946309 1.71717 1.07247 0.0373892 0.0128749
0.966443 1.71717 1.0713 0.0378946 0.0122338
0.986577 1.71717 1.07012 0.0383306 0.0115935
1.00671 1.71717 1.06892 0.0386976 0.0109572
1.02685 1.71717 1.0677 0.0389966 0.0103284
1.04698 1.71717 1.06648 0.0392288 0.00970996
1.06711 1.71717 1.06525 0.039396 0.00910484
1.08725 1.71717 1.06401 0.0395003 0.0085156
1.10738 1.71717 1.06278 0.0395441 0.00794455
1.12752 1.71717 1.06154 0.0395298 0.00739371
1.14765 1.71717 1.0603 0.0394605 0.00686479
1.16779 1.71717 1.05907 0.0393391 0.0063592
1.18792 1.71717 1.05785 0.0391688 0.00587803
1.20805 1.71717 1.05663 0.0389528 0.00542208
1.22819 1.71717 1.05542 0.0386945 0.00499183
1.24832 1.71717 1.05422 0.038397 0.00458751
1.26846 1.71717 1.05304 0.0380638 0.0042091
1.28859 1.71717 1.05186 0.037698 0.00385631
1.30872 1.71717 1.0507 0.0373027 0.00352867
1.32886 1.71717 1.04956 0.036881 0.00322552
1.34899 1.71717 1.04843 0.0364358 0.00294605
1.36913 1.71717 1.04731 0.0359699 0.00268928
1.38926 1.71717 1.04622 0.0354858 0.00245417
1.4094 1.71717 1.04513 0.034986 0.00223956
1.42953 1.71717 1.04407 0.0344728 0.00204425
1.44966 1.71717 1.04302 0.0339483 0.001867
1.4698 1.71717 1.04199 0.0334145 0.00170653
1.48993 1.71717 1.04098 0.0328731 0.00156157
1.51007 1.71717 1.03998 0.0323258 0.00143085
1.5302 1.71717 1.03901 0.0317739 0.00131314
1.55034 1.71717 1.03804 0.0312189 0.00120722
1.57047 1.71717 1.0371 0.0306619 0.00111194
1.5906 1.71717 1.03617 0.0301038 0.00102618
1.61074 1.71717 1.03526 0.0295456 0.000948889
1.63087 1.71717 1.03437 0.0289881 0.000879075
1.65101 1.71717 1.0335 0.0284319 0.000815815
1.67114 1.71717 1.03264 0.0278775 0.000758256
1.69128 1.71717 1.03179 0.0273254 0.000705618
1.71141 1.71717 1.03096 0.026776 0.000657192
1.73154 1.71717 1.03015 0.0262296 0.000612346
1.75168 1.71717 1.02936 0.0256863 0.000570521
1.77181 1.71717 1.02857 0.0251464 0.000531229
1.79195 1.71717 1.02781 0.0246099 0.000494058
1.81208 1.71717 1.02706 0.0240768 0.000458662
1.83221 1.71717 1.02632 0.0235473 0.000424767
1.85235 1.71717 1.0256 0.0230213 0.000392158
1.87248 1.71717 1.0249 0.0224988 0.000360684
1.89262 1.71717 1.02421 0.0219797 0.000330251
1.91275 1.71717 1.02353 0.021464 0.000300815
1.93289 1.71717 1.02287 0.0209517 0.000272378
1.95302 1.71717 1.02222 0.0204428 0.000244984
1.97315 1.71717 1.02159 0.0199371 0.00021871
1.99329 1.71717 1.02097 0.0194347 0.00019366
2.01342 1.71717 1.02036 0.0189357 0.000169962
2.03356 1.71717 1.01977 0.0184399 0.000147757
2.05369 1.71717 1.0192 0.0179476 0.000127192
2.07383 1.71717 1.01864 0.0174587 0.000108419
2.09396 1.71717 1.01809 0.0169733 9.15842e-05
2.11409 1.71717 1.01756 0.0164916 7.68261e-05
2.13423 1.71717 1.01704 0.0160136 6.42687e-05
2.15436 1.71717 1.01653 0.0155396 5.40193e-05
2.1745 1.71717 1.01604 0.0150696 4.61651e-05
2.19463 1.71717 1.01557 0.0146039 4.07715e-05
2.21477 1.71717 1.0151 0.0141425 3.78805e-05
2.2349 1.71717 1.01465 0.0136856 3.75107e-05
2.25503 1.71717 1.01422 0.0132335 3.96572e-05
2.27517 1.71717 1.0138 0.0127862 4.42928e-05
2.2953 1.71717 1.01339 0.0123439 5.13692e-05
2.31544 1.71717 1.013 0.0119066 6.08191e-05
2.33557 1.71717 1.01262 0.0114746 7.25578e-05
2.3557 1.71717 1.01225 0.0110479 8.64855e-05
2.37584 1.71717 1.0119 0.0106266 0.00010249
2.39597 1.71717 1.01156 0.0102107 0.000120447
2.41611 1.71717 1.01123 0.00980034 0.000140225
2.43624 1.71717 1.01092 0.00939545 0.000161684
2.45638 1.71717 1.01061 0.00899604 0.000184678
2.47651 1.71717 1.01033 0.00860211 0.000209055
2.49664 1.71717 1.01005 0.00821361 0.000234657
2.51678 1.71717 1.00979 0.00783047 0.000261321
2.53691 1.71717 1.00953 0.00745262 0.000288873
2.55705 1.71717 1.00929 0.00707996 0.000317129
2.57718 1.71717 1.00907 0.00671237 0.000345893
2.59732 1.71717 1.00885 0.00634973 0.000374944
2.61745 1.71717 1.00865 0.00599189 0.000404041
2.63758 1.71717 1.00846 0.00563868 0.000432903
2.65772 1.71717 1.00828 0.00528995 0.00046121
2.67785 1.71717 1.00811 0.00494551 0.000488582
2.69799 1.71717 1.00795 0.00460518 0.000514571
2.71812 1.71717 1.00781 0.00426876 0.000538642
2.73826 1.71717 1.00767 0.00393609 0.000560157
2.75839 1.71717 1.00755 0.003607 0.000578349
2.77852 1.71717 1.00744 0.00328135 0.000592305
2.79866 1.71717 1.00735 0.00295905 0.00060094
2.81879 1.71717 1.00727 0.0026401 0.000602972
2.83893 1.71717 1.0072 0.00232456 0.000596903
2.85906 1.71717 1.00714 0.00201266 0.000580999
2.87919 1.71717 1.0071 0.00170479 0.000553282
2.89933 1.71717 1.00707 0.00140158 0.000511526
2.91946 1.71717 1.00706 0.00110393 0.000453273
2.9396 1.71717 1.00707 0.000813088 0.000375861
2.95973 1.71717 1.0071 0.000530703 0.000276467
2.97987 1.71717 1.00714 0.000258789 0.00015217
3 1.71717 1.00721 0 0

0 1.73737 1.08111 0 0
0.0201342 1.73737 1.08149 -0.000616867 0.00140338
0.0402685 1.73737 1.0819 -0.00115219 0.00276661
0.0604027 1.73737 1.08234 -0.0015977 0.00407894
0.0805369 1.73737 1.0828 -0.00194629 0.00533305
0.100671 1.73737 1.08329 -0.00219211 0.00652535
0.120805 1.73737 1.08378 -0.00233117 0.00765451
0.14094 1.73737 1.08428 -0.00236124 0.00872089
0.161074 1.73737 1.08478 -0.00228174 0.00972581
0.181208 1.73737 1.08528 -0.00209358 0.010671
0.201342 1.73737 1.08576 -0.00179887 0.0115585
0.221477 1.73737 1.08622 -0.00140076 0.0123901
0.241611 1.73737 1.08667 -0.000903181 0.0131674
0.261745 1.73737 1.08708 -0.000310691 0.0138917
0.281879 1.73737 1.08746 0.000371673 0.0145643
0.302013 1.73737 1.08781 0.00113851 0.0151859
0.322148 1.73737 1.08812 0.00198416 0.0157572
0.342282 1.73737 1.08838 0.00290275 0.0162786
0.362416 1.73737 1.0886 0.00388829 0.0167505
0.38255 1.73737 1.08877 0.00493468 0.0171731
0.402685 1.73737 1.0889 0.00603576 0.0175466
0.422819 1.73737 1.08897 0.00718537 0.0178712
0.442953 1.73737 1.08899 0.00837731 0.0181471
0.463087 1.73737 1.08896 0.00960543 0.0183744
0.483221 1.73737 1.08887 0.0108636 0.0185535
0.503356 1.73737 1.08872 0.0121457 0.0186847
0.52349 1.73737 1.08852 0.0134458 0.0187684
0.543624 1.73737 1.08826 0.0147579 0.0188052
0.563758 1.73737 1.08794 0.0160762 0.0187957
0.583893 1.73737 1.08757 0.0173949 0.0187407
0.604027 1.73737 1.08714 0.0187083 0.018641
0.624161 1.73737 1.08666 0.0200111 0.0184978
0.644295 1.73737 1.08612 0.0212977 0.0183123
0.66443 1.73737 1.08553 0.0225631 0.0180857
0.684564 1.73737 1.08488 0.0238022 0.0178197
0.704698 1.73737 1.08418 0.0250102 0.0175159
0.724832 1.73737 1.08344 0.0261825 0.0171763
0.744966 1.73737 1.08264 0.0273146 0.0168028
0.765101 1.73737 1.0818 0.0284025 0.0163977
0.785235 1.73737 1.08091 0.0294425 0.0159634
0.805369 1.73737 1.07999 0.0304308 0.0155024
0.825503 1.73737 1.07902 0.0313644 0.0150174
0.845638 1.73737 1.07801 0.0322405 0.0145114
0.865772 1.73737 1.07698 0.0330565 0.0139871
0.885906 1.73737 1.07591 0.0338105 0.0134478
0.90604 1.73737 1.07481 0.0345007 0.0128965
0.926174 1.73737 1.07368 0.0351259 0.0123363
0.946309 1.73737 1.07253 0.0356852 0.0117705
0.966443 1.73737 1.07136 0.0361784 0.0112021
0.986577 1.73737 1.07017 0.0366054 0.0106343
1.00671 1.73737 1.06897 0.0369667 0.0100699
1.02685 1.73737 1.06775 0.0372632 0.00951191
1.04698 1.73737 1.06652 0.0374959 0.00896292
1.06711 1.73737 1.06529 0.0376666 0.00842544
1.08725 1.73737 1.06405 0.0377771 0.00790173
1.10738 1.73737 1.06281 0.0378295 0.00739383
1.12752 1.73737 1.06157 0.0378264 0.00690352
1.14765 1.73737 1.06033 0.0377703 0.00643232
1.16779 1.73737 1.05909 0.0376641 0.00598147
1.18792 1.73737 1.05786 0.0375106 0.00555196
1.20805 1.73737 1.05664 0.037313 0.00514451
1.22819 1.73737 1.05542 0.0370743 0.00475959
1.24832 1.73737 1.05422 0.0367976 0.00439743
1.26846 1.73737 1.05303 0.036486 0.00405801
1.28859 1.73737 1.05185 0.0361426 0.00374114
1.30872 1.73737 1.05068 0.0357702 0.00344643
1.32886 1.73737 1.04953 0.0353719 0.00317332
1.34899 1.73737 1.0484 0.0349504 0.00292111
1.36913 1.73737 1.04728 0.0345082 0.002689
1.38926 1.73737 1.04618 0.0340481 0.00247606
1.4094 1.73737 1.04509 0.0335722 0.00228132
1.42953 1.73737 1.04402 0.0330829 0.00210371
1.44966 1.73737 1.04297 0.0325822 0.00194215
1.4698 1.73737 1.04193 0.0320719 0.00179554
1.48993 1.73737 1.04092 0.0315539 0.00166276
1.51007 1.73737 1.03992 0.0310297 0.00154269
1.5302 1.73737 1.03893 0.0305007 0.00143424
1.55034 1.73737 1.03797 0.0299683 0.00133636
1.57047 1.73737 1.03702 0.0294336 0.00124801
1.5906 1.73737 1.03609 0.0288976 0.00116821
1.61074 1.73737 1.03518 0.0283613 0.00109602
1.63087 1.73737 1.03429 0.0278253 0.00103058
1.65101 1.73737 1.03341 0.0272904 0.000971046
1.67114 1.73737 1.03255 0.0267571 0.000916676
1.69128 1.73737 1.0317 0.0262259 0.000866771
1.71141 1.73737 1.03087 0.0256972 0.000820702
1.73154 1.73737 1.03006 0.0251713 0.000777905
1.75168 1.73737 1.02927 0.0246484 0.000737882
1.77181 1.73737 1.02848 0.0241286 0.000700197
1.79195 1.73737 1.02772 0.0236122 0.000664482
1.81208 1.73737 1.02697 0.0230992 0.000630426
1.83221 1.73737 1.02623 0.0225896 0.000597781
1.85235 1.73737 1.02551 0.0220835 0.000566355
1.87248 1.73737 1.02481 0.0215808 0.000536008
1.89262 1.73737 1.02412 0.0210816 0.000506652
1.91275 1.73737 1.02344 0.0205858 0.000478241
1.93289 1.73737 1.02278 0.0200934 0.000450774
1.95302 1.73737 1.02214 0.0196043 0.000424282
1.97315 1.73737 1.0215 0.0191185 0.000398828
1.99329 1.73737 1.02089 0.0186361 0.000374499
2.01342 1.73737 1.02028 0.018157 0.0003514
2.03356 1.73737 1.0197 0.0176813 0.000329651
2.05369 1.73737 1.01912 0.017209 0.000309379
2.07383 1.73737 1.01856 0.0167401 0.000290712
2.09396 1.73737 1.01802 0.0162748 0.000273776
2.11409 1.73737 1.01748 0.0158131 0.000258693
2.13423 1.73737 1.01697 0.0153551 0.000245569
2.15436 1.73737 1.01646 0.014901 0.000234499
2.1745 1.73737 1.01597 0.0144509 0.000225561
2.19463 1.73737 1.0155 0.0140049 0.000218816
2.21477 1.73737 1.01504 0.0135632 0.000214301
2.2349 1.73737 1.01459 0.0131259 0.000212039
2.25503 1.73737 1.01416 0.0126931 0.000212029
2.27517 1.73737 1.01373 0.012265 0.000214251
2.2953 1.73737 1.01333 0.0118417 0.00021867
2.31544 1.73737 1.01294 0.0114232 0.000225232
2.33557 1.73737 1.01256 0.0110098 0.000233867
2.3557 1.73737 1.01219 0.0106015 0.000244495
2.37584 1.73737 1.01184 0.0101983 0.000257022
2.39597 1.73737 1.0115 0.00980032 0.000271344
2.41611 1.73737 1.01117 0.00940761 0.000287352
2.43624 1.73737 1.01085 0.00902015 0.000304926
2.45638 1.73737 1.01055 0.00863797 0.000323942
2.47651 1.73737 1.01026 0.00826104 0.000344271
2.49664 1.73737 1.00999 0.00788932 0.000365776
2.51678 1.73737 1.00972 0.00752276 0.000388315
2.53691 1.73737 1.00947 0.00716129 0.000411734
2.55705 1.73737 1.00923 0.00680483 0.000435871
2.57718 1.73737 1.009 0.00645327 0.000460547
2.59732 1.73737 1.00878 0.00610649 0.000485563
2.61745 1.73737 1.00858 0.00576435 0.000510692
2.63758 1.73737 1.00838 0.0054267 0.000535673
2.65772 1.73737 1.0082 0.00509337 0.000560195
2.67785 1.73737 1.00803 0.00476418 0.000583893
2.69799 1.73737 1.00787 0.00443893 0.000606324
2.71812 1.73737 1.00772 0.00411743 0.000626954
2.73826 1.73737 1.00759 0.00379946 0.000645136
2.75839 1.73737 1.00746 0.00348482 0.000660084
2.77852 1.73737 1.00735 0.00317332 0.000670846
2.79866 1.73737 1.00725 0.00286481 0.00067628
2.81879 1.73737 1.00716 0.00255918 0.000675014
2.83893 1.73737 1.00709 0.0022564 0.000665425
2.85906 1.73737 1.00703 0.00195657 0.000645609
2.87919 1.73737 1.00698 0.00165996 0.000613364
2.89933 1.73737 1.00695 0.00136708 0.00056618
2.91946 1.73737 1.00693 0.0010787 0.000501253
2.9396 1.73737 1.00693 0.000795976 0.000415512
2.95973 1.73737 1.00695 0.000520503 0.000305676
2.97987 1.73737 1.00699 0.000254275 0.000168333
3 1.73737 1.00705 0 0

0 1.75758 1.08096 0 0
0.0201342 1.75758 1.08131 -0.000631238 0.00133061
0.0402685 1.75758 1.0817 -0.00118606 0.00261185
0.0604027 1.75758 1.08213 -0.00165372 0.00383379
0.0805369 1.75758 1.0826 -0.00202564 0.00499032
0.100671 1.75758 1.08309 -0.00229488 0.00607974
0.120805 1.75758 1.0836 -0.00245711 0.00710259
0.14094 1.75758 1.08412 -0.00251004 0.00806112
0.161074 1.75758 1.08464 -0.00245341 0.00895826
0.181208 1.75758 1.08516 -0.00228853 0.0097972
0.201342 1.75758 1.08566 -0.002018 0.010581
0.221477 1.75758 1.08615 -0.00164542 0.0113124
0.241611 1.75758 1.08661 -0.00117512 0.0119938
0.261745 1.75758 1.08705 -0.000611973 0.012627
0.281879 1.75758 1.08745 3.87543e-05 0.0132136
0.302013 1.75758 1.08781 0.000771519 0.0137547
0.322148 1.75758 1.08814 0.00158059 0.0142512
0.342282 1.75758 1.08842 0.00246009 0.0147037
0.362416 1.75758 1.08865 0.0034041 0.0151127
0.38255 1.75758 1.08884 0.00440662 0.0154786
0.402685 1.75758 1.08897 0.00546164 0.0158014
0.422819 1.75758 1.08905 0.00656316 0.0160816
0.442953 1.75758 1.08908 0.00770519 0.0163191
0.463087 1.75758 1.08905 0.00888179 0.0165144
0.483221 1.75758 1.08897 0.010087 0.0166675
0.503356 1.75758 1.08883 0.0113151 0.0167788
0.52349 1.75758 1.08863 0.0125603 0.0168488
0.543624 1.75758 1.08837 0.0138168 0.0168777
0.563758 1.75758 1.08806 0.015079 0.0168663
0.583893 1.75758 1.08769 0.0163416 0.0168152
0.604027 1.75758 1.08726 0.017599 0.0167252
0.624161 1.75758 1.08678 0.0188461 0.0165971
0.644295 1.75758 1.08624 0.0200777 0.0164321
0.66443 1.75758 1.08564 0.021289 0.0162313
0.684564 1.75758 1.085 0.0224751 0.0159962
0.704698 1.75758 1.0843 0.0236314 0.0157281
0.724832 1.75758 1.08355 0.0247537 0.0154287
0.744966 1.75758 1.08275 0.0258377 0.0150998
0.765101 1.75758 1.08191 0.0268797 0.0147433
0.785235 1.75758 1.08102 0.0278759 0.0143615
0.805369 1.75758 1.08009 0.0288231 0.0139563
0.825503 1.75758 1.07912 0.0297184 0.0135304
0.845638 1.75758 1.07811 0.0305589 0.013086
0.865772 1.75758 1.07707 0.0313425 0.0126258
0.885906 1.75758 1.07599 0.0320672 0.0121524
0.90604 1.75758 1.07489 0.0327314 0.0116685
0.926174 1.75758 1.07376 0.033334 0.0111769
0.946309 1.75758 1.0726 0.0338742 0.0106803
0.966443 1.75758 1.07143 0.0343516 0.0101814
0.986577 1.75758 1.07023 0.0347662 0.00968286
1.00671 1.75758 1.06902 0.0351185 0.00918725
1.02685 1.75758 1.0678 0.0354092 0.00869705
1.04698 1.75758 1.06657 0.0356394 0.00821455
1.06711 1.75758 1.06533 0.0358105 0.00774192
1.08725 1.75758 1.06408 0.0359243 0.00728114
1.10738 1.75758 1.06284 0.0359829 0.00683396
1.12752 1.75758 1.06159 0.0359884 0.00640195
1.14765 1.75758 1.06034 0.0359433 0.00598644
1.16779 1.75758 1.0591 0.0358502 0.00558852
1.18792 1.75758 1.05787 0.0357118 0.00520906
1.20805 1.75758 1.05664 0.035531 0.00484872
1.22819 1.75758 1.05542 0.0353106 0.00450791
1.24832 1.75758 1.05421 0.0350536 0.00418687
1.26846 1.75758 1.05301 0.0347628 0.0038856
1.28859 1.75758 1.05182 0.0344412 0.00360397
1.30872 1.75758 1.05065 0.0340915 0.00334164
1.32886 1.75758 1.04949 0.0337165 0.00309816
1.34899 1.75758 1.04835 0.0333188 0.00287295
1.36913 1.75758 1.04723 0.0329009 0.00266531
1.38926 1.75758 1.04612 0.0324654 0.00247446
1.4094 1.75758 1.04503 0.0320143 0.00229956
1.42953 1.75758 1.04395 0.0315499 0.0021397
1.44966 1.75758 1.0429 0.0310742 0.00199394
1.4698 1.75758 1.04186 0.0305889 0.00186134
1.48993 1.75758 1.04084 0.0300958 0.00174091
1.51007 1.75758 1.03983 0.0295965 0.00163169
1.5302 1.75758 1.03885 0.0290923 0.00153274
1.55034 1.75758 1.03788 0.0285845 0.00144312
1.57047 1.75758 1.03693 0.0280743 0.00136193
1.5906 1.75758 1.036 0.0275626 0.00128832
1.61074 1.75758 1.03508 0.0270503 0.00122147
1.63087 1.75758 1.03419 0.0265382 0.00116061
1.65101 1.75758 1.03331 0.026027 0.00110502
1.67114 1.75758 1.03245 0.0255173 0.00105403
1.69128 1.75758 1.0316 0.0250095 0.00100704
1.71141 1.75758 1.03077 0.0245039 0.000963493
1.73154 1.75758 1.02996 0.024001 0.000922889
1.75168 1.75758 1.02916 0.023501 0.000884791
1.77181 1.75758 1.02838 0.023004 0.000848817
1.79195 1.75758 1.02761 0.0225103 0.000814639
1.81208 1.75758 1.02686 0.0220198 0.000781986
1.83221 1.75758 1.02613 0.0215327 0.000750635
1.85235 1.75758 1.02541 0.021049 0.000720417
1.87248 1.75758 1.02471 0.0205686 0.000691205
1.89262 1.75758 1.02402 0.0200917 0.000662919
1.91275 1.75758 1.02334 0.0196181 0.000635516
1.93289 1.75758 1.02268 0.0191479 0.00060899
1.95302 1.75758 1.02204 0.0186811 0.000583366
1.97315 1.75758 1.02141 0.0182175 0.000558693
1.99329 1.75758 1.02079 0.0177573 0.000535045
2.01342 1.75758 1.02019 0.0173004 0.000512511
2.03356 1.75758 1.0196 0.0168469 0.000491191
2.05369 1.75758 1.01903 0.0163967 0.000471193
2.07383 1.75758 1.01847 0.01595 0.000452627
2.09396 1.75758 1.01793 0.0155067 0.000435602
2.11409 1.75758 1.0174 0.015067 0.000420222
2.13423 1.75758 1.01688 0.014631 0.00040658
2.15436 1.75758 1.01638 0.0141988 0.000394761
2.1745 1.75758 1.01589 0.0137704 0.000384832
2.19463 1.75758 1.01542 0.013346 0.000376848
2.21477 1.75758 1.01496 0.0129257 0.000370847
2.2349 1.75758 1.01451 0.0125097 0.000366849
2.25503 1.75758 1.01408 0.012098 0.000364858
2.27517 1.75758 1.01366 0.0116908 0.000364863
2.2953 1.75758 1.01325 0.0112882 0.000366836
2.31544 1.75758 1.01286 0.0108902 0.000370735
2.33557 1.75758 1.01248 0.0104971 0.000376505
2.3557 1.75758 1.01212 0.0101087 0.000384079
2.37584 1.75758 1.01176 0.00972533 0.000393382
2.39597 1.75758 1.01142 0.00934688 0.000404329
2.41611 1.75758 1.01109 0.00897342 0.000416827
2.43624 1.75758 1.01078 0.008605 0.000430778
2.45638 1.75758 1.01048 0.00824159 0.000446077
2.47651 1.75758 1.01019 0.0078832 0.000462614
2.49664 1.75758 1.00991 0.0075298 0.000480273
2.51678 1.75758 1.00965 0.00718135 0.000498931
2.53691 1.75758 1.00939 0.00683777 0.000518457
2.55705 1.75758 1.00915 0.00649901 0.000538708
2.57718 1.75758 1.00892 0.00616497 0.000559523
2.59732 1.75758 1.0087 0.00583553 0.000580726
2.61745 1.75758 1.0085 0.00551058 0.000602108
2.63758 1.75758 1.0083 0.00518996 0.000623427
2.65772 1.75758 1.00812 0.00487352 0.000644394
2.67785 1.75758 1.00795 0.00456108 0.000664659
2.69799 1.75758 1.00778 0.00425242 0.000683795
2.71812 1.75758 1.00763 0.00394735 0.000701279
2.73826 1.75758 1.00749 0.00364562 0.000716468
2.75839 1.75758 1.00737 0.003347 0.000728572
2.77852 1.75758 1.00725 0.00305124 0.00073662
2.79866 1.75758 1.00715 0.0027581 0.000739427
2.81879 1.75758 1.00705 0.00246739 0.000735553
2.83893 1.75758 1.00697 0.00217897 0.000723268
2.85906 1.75758 1.0069 0.00189279 0.000700511
2.87919 1.75758 1.00685 0.00160897 0.000664859
2.89933 1.75758 1.00681 0.00132785 0.000613516
2.91946 1.75758 1.00679 0.00105006 0.000543309
2.9396 1.75758 1.00678 0.000776608 0.000450726
2.95973 1.75758 1.00679 0.000509008 0.000331972
2.97987 1.75758 1.00683 0.000249217 0.000183084
3 1.75758 1.00688 0 0

0 1.77778 1.08076 0 0
0.0201342 1.77778 1.08107 -0.000646208 0.00126484
0.0402685 1.77778 1.08146 -0.0012211 0.00246827
0.0604027 1.77778 1.08188 -0.00171085 0.00360196
0.0805369 1.77778 1.08236 -0.0021053 0.00466166
0.100671 1.77778 1.08287 -0.00239645 0.00564825
0.120805 1.77778 1.0834 -0.00257979 0.00656471
0.14094 1.77778 1.08395 -0.00265327 0.00741549
0.161074 1.77778 1.0845 -0.00261715 0.00820541
0.181208 1.77778 1.08504 -0.00247338 0.00893912
0.201342 1.77778 1.08558 -0.00222521 0.00962084
0.221477 1.77778 1.08609 -0.00187681 0.0102541
0.241611 1.77778 1.08658 -0.00143295 0.010842
0.261745 1.77778 1.08704 -0.000898881 0.0113867
0.281879 1.77778 1.08747 -0.000280083 0.0118902
0.302013 1.77778 1.08785 0.000417765 0.0123538
0.322148 1.77778 1.08819 0.00118889 0.0127784
0.342282 1.77778 1.08849 0.00202747 0.013165
0.362416 1.77778 1.08874 0.00292765 0.0135139
0.38255 1.77778 1.08894 0.0038836 0.0138255
0.402685 1.77778 1.08909 0.00488948 0.0141002
0.422819 1.77778 1.08918 0.00593952 0.0143381
0.442953 1.77778 1.08922 0.00702796 0.0145394
0.463087 1.77778 1.0892 0.0081491 0.0147043
0.483221 1.77778 1.08912 0.0092973 0.014833
0.503356 1.77778 1.08898 0.010467 0.0149257
0.52349 1.77778 1.08879 0.0116527 0.0149828
0.543624 1.77778 1.08854 0.012849 0.0150047
0.563758 1.77778 1.08823 0.0140506 0.0149919
0.583893 1.77778 1.08786 0.0152522 0.0149448
0.604027 1.77778 1.08743 0.0164488 0.0148642
0.624161 1.77778 1.08694 0.0176354 0.0147509
0.644295 1.77778 1.0864 0.0188072 0.0146058
0.66443 1.77778 1.08581 0.0199595 0.0144299
0.684564 1.77778 1.08516 0.0210879 0.0142244
0.704698 1.77778 1.08446 0.0221879 0.0139905
0.724832 1.77778 1.0837 0.0232555 0.0137297
0.744966 1.77778 1.0829 0.0242869 0.0134435
0.765101 1.77778 1.08205 0.0252783 0.0131336
0.785235 1.77778 1.08116 0.0262265 0.0128017
0.805369 1.77778 1.08022 0.0271283 0.0124499
0.825503 1.77778 1.07924 0.0279809 0.0120801
0.845638 1.77778 1.07823 0.0287818 0.0116945
0.865772 1.77778 1.07718 0.0295289 0.0112953
0.885906 1.77778 1.0761 0.0302204 0.0108846
0.90604 1.77778 1.07499 0.0308547 0.0104649
0.926174 1.77778 1.07385 0.031431 0.0100386
0.946309 1.77778 1.07269 0.0319483 0.00960782
0.966443 1.77778 1.07151 0.0324064 0.00917503
0.986577 1.77778 1.07031 0.0328052 0.00874247
1.00671 1.77778 1.06909 0.0331452 0.00831234
1.02685 1.77778 1.06786 0.033427 0.00788674
1.04698 1.77778 1.06662 0.0336516 0.00746767
1.06711 1.77778 1.06537 0.0338204 0.00705696
1.08725 1.77778 1.06412 0.0339349 0.00665631
1.10738 1.77778 1.06286 0.0339971 0.00626724
1.12752 1.77778 1.06161 0.034009 0.0058911
1.14765 1.77778 1.06036 0.0339728 0.00552903
1.16779 1.77778 1.05911 0.0338909 0.00518199
1.18792 1.77778 1.05786 0.033766 0.00485073
1.20805 1.77778 1.05662 0.0336006 0.00453584
1.22819 1.77778 1.0554 0.0333974 0.00423769
1.24832 1.77778 1.05418 0.0331592 0.00395649
1.26846 1.77778 1.05297 0.0328887 0.00369227
1.28859 1.77778 1.05178 0.0325885 0.00344492
1.30872 1.77778 1.0506 0.0322613 0.00321419
1.32886 1.77778 1.04944 0.0319097 0.0029997
1.34899 1.77778 1.04829 0.0315363 0.00280096
1.36913 1.77778 1.04716 0.0311433 0.00261739
1.38926 1.77778 1.04605 0.0307331 0.00244832
1.4094 1.77778 1.04495 0.0303079 0.00229305
1.42953 1.77778 1.04387 0.0298696 0.0021508
1.44966 1.77778 1.04281 0.0294203 0.00202078
1.4698 1.77778 1.04176 0.0289616 0.00190217
1.48993 1.77778 1.04074 0.0284952 0.00179413
1.51007 1.77778 1.03973 0.0280226 0.00169583
1.5302 1.77778 1.03874 0.0275451 0.00160647
1.55034 1.77778 1.03777 0.027064 0.00152524
1.57047 1.77778 1.03682 0.0265804 0.00145136
1.5906 1.77778 1.03589 0.0260952 0.0013841
1.61074 1.77778 1.03497 0.0256094 0.00132275
1.63087 1.77778 1.03407 0.0251236 0.00126664
1.65101 1.77778 1.03319 0.0246386 0.00121515
1.67114 1.77778 1.03233 0.0241549 0.00116771
1.69128 1.77778 1.03148 0.023673 0.00112379
1.71141 1.77778 1.03065 0.0231932 0.0010829
1.73154 1.77778 1.02984 0.0227159 0.00104462
1.75168 1.77778 1.02904 0.0222414 0.00100857
1.77181 1.77778 1.02826 0.0217698 0.00097442
1.79195 1.77778 1.02749 0.0213012 0.000941877
1.81208 1.77778 1.02674 0.0208359 0.000910709
1.83221 1.77778 1.02601 0.0203738 0.000880722
1.85235 1.77778 1.02529 0.019915 0.000851766
1.87248 1.77778 1.02459 0.0194596 0.000823734
1.89262 1.77778 1.0239 0.0190074 0.000796552
1.91275 1.77778 1.02323 0.0185586 0.000770181
1.93289 1.77778 1.02257 0.0181131 0.000744615
1.95302 1.77778 1.02193 0.0176708 0.000719872
1.97315 1.77778 1.0213 0.0172318 0.000695994
1.99329 1.77778 1.02069 0.0167961 0.000673041
2.01342 1.77778 1.02009 0.0163636 0.000651089
2.03356 1.77778 1.0195 0.0159344 0.000630223
2.05369 1.77778 1.01893 0.0155086 0.000610533
2.07383 1.77778 1.01837 0.0150861 0.000592116
2.09396 1.77778 1.01783 0.014667 0.000575062
2.11409 1.77778 1.0173 0.0142513 0.000559463
2.13423 1.77778 1.01679 0.0138393 0.000545399
2.15436 1.77778 1.01629 0.0134308 0.000532942
2.1745 1.77778 1.0158 0.0130261 0.000522155
2.19463 1.77778 1.01533 0.0126252 0.000513086
2.21477 1.77778 1.01487 0.0122283 0.000505769
2.2349 1.77778 1.01442 0.0118353 0.000500226
2.25503 1.77778 1.01399 0.0114466 0.000496464
2.27517 1.77778 1.01357 0.0110621 0.000494475
2.2953 1.77778 1.01317 0.0106819 0.00049424
2.31544 1.77778 1.01277 0.0103061 0.000495727
2.33557 1.77778 1.0124 0.00993493 0.000498892
2.3557 1.77778 1.01203 0.00956829 0.000503683
2.37584 1.77778 1.01168 0.00920631 0.000510038
2.39597 1.77778 1.01134 0.00884902 0.000517888
2.41611 1.77778 1.01101 0.00849646 0.000527157
2.43624 1.77778 1.0107 0.00814867 0.000537764
2.45638 1.77778 1.01039 0.00780564 0.000549623
2.47651 1.77778 1.0101 0.00746737 0.000562641
2.49664 1.77778 1.00983 0.00713385 0.000576721
2.51678 1.77778 1.00956 0.00680504 0.000591759
2.53691 1.77778 1.00931 0.0064809 0.000607643
2.55705 1.77778 1.00907 0.00616135 0.00062425
2.57718 1.77778 1.00884 0.00584633 0.000641441
2.59732 1.77778 1.00862 0.00553574 0.000659058
2.61745 1.77778 1.00841 0.00522946 0.000676916
2.63758 1.77778 1.00821 0.00492737 0.000694797
2.65772 1.77778 1.00803 0.00462931 0.000712432
2.67785 1.77778 1.00785 0.00433511 0.000729497
2.69799 1.77778 1.00769 0.00404456 0.000745589
2.71812 1.77778 1.00754 0.00375745 0.000760208
2.73826 1.77778 1.00739 0.00347352 0.000772727
2.75839 1.77778 1.00726 0.00319249 0.00078237
2.77852 1.77778 1.00714 0.00291407 0.000788167
2.79866 1.77778 1.00703 0.00263796 0.000788914
2.81879 1.77778 1.00693 0.00236385 0.000783129
2.83893 1.77778 1.00685 0.00209147 0.000768998
2.85906 1.77778 1.00677 0.00182062 0.000744324
2.87919 1.77778 1.00671 0.00155124 0.000706481
2.89933 1.77778 1.00666 0.00128345 0.000652383
2.91946 1.77778 1.00663 0.00101769 0.000578474
2.9396 1.77778 1.00662 0.00075479 0.000480755
2.95973 1.77778 1.00662 0.000496121 0.000354857
2.97987 1.77778 1.00664 0.000243581 0.00019618
3 1.77778 1.00669 0 0

0 1.79798 1.0805 0 0
0.0201342 1.79798 1.08077 -0.000661751 0.00120639
0.0402685 1.79798 1.08115 -0.001257 0.00233575
0.0604027 1.79798 1.08158 -0.0017681 0.0033826
0.0805369 1.79798 1.08207 -0.00218335 0.00434539
0.100671 1.79798 1.08261 -0.00249375 0.0052286
0.120805 1.79798 1.08318 -0.00269503 0.00603819
0.14094 1.79798 1.08376 -0.0027857 0.00678129
0.161074 1.79798 1.08435 -0.0027669 0.00746472
0.181208 1.79798 1.08493 -0.00264148 0.00809466
0.201342 1.79798 1.0855 -0.00241348 0.00867639
0.221477 1.79798 1.08605 -0.00208772 0.00921422
0.241611 1.79798 1.08657 -0.00166952 0.00971159
0.261745 1.79798 1.08706 -0.00116444 0.0101712
0.281879 1.79798 1.08751 -0.000578183 0.010595
0.302013 1.79798 1.08792 8.349e-05 0.0109845
0.322148 1.79798 1.08828 0.000814818 0.0113409
0.342282 1.79798 1.0886 0.00161007 0.0116648
0.362416 1.79798 1.08887 0.00246354 0.0119569
0.38255 1.79798 1.08909 0.00336959 0.0122174
0.402685 1.79798 1.08925 0.00432264 0.0124467
0.422819 1.79798 1.08935 0.00531715 0.0126449
0.442953 1.79798 1.0894 0.00634766 0.0128122
0.463087 1.79798 1.08939 0.00740876 0.0129487
0.483221 1.79798 1.08932 0.00849512 0.0130547
0.503356 1.79798 1.08919 0.00960147 0.0131302
0.52349 1.79798 1.089 0.0107226 0.0131756
0.543624 1.79798 1.08875 0.0118535 0.0131912
0.563758 1.79798 1.08844 0.0129891 0.0131774
0.583893 1.79798 1.08807 0.0141245 0.0131346
0.604027 1.79798 1.08764 0.0152549 0.0130634
0.624161 1.79798 1.08716 0.0163757 0.0129645
0.644295 1.79798 1.08662 0.0174823 0.0128386
0.66443 1.79798 1.08602 0.0185704 0.0126866
0.684564 1.79798 1.08536 0.0196357 0.0125094
0.704698 1.79798 1.08465 0.0206743 0.0123083
0.724832 1.79798 1.0839 0.0216822 0.0120842
0.744966 1.79798 1.08309 0.0226559 0.0118387
0.765101 1.79798 1.08223 0.023592 0.011573
0.785235 1.79798 1.08133 0.0244873 0.0112888
0.805369 1.79798 1.08039 0.025339 0.0109875
0.825503 1.79798 1.0794 0.0261444 0.0106711
0.845638 1.79798 1.07838 0.0269013 0.0103411
0.865772 1.79798 1.07732 0.0276077 0.00999963
0.885906 1.79798 1.07623 0.0282618 0.00964845
0.90604 1.79798 1.07511 0.0288624 0.00928956
0.926174 1.79798 1.07397 0.0294084 0.00892494
0.946309 1.79798 1.07279 0.0298991 0.00855655
0.966443 1.79798 1.0716 0.0303344 0.00818637
0.986577 1.79798 1.07039 0.030714 0.00781631
1.00671 1.79798 1.06916 0.0310384 0.00744822
1.02685 1.79798 1.06792 0.0313082 0.00708388
1.04698 1.79798 1.06667 0.0315243 0.00672497
1.06711 1.79798 1.06542 0.031688 0.00637305
1.08725 1.79798 1.06416 0.0318007 0.00602955
1.10738 1.79798 1.06289 0.0318642 0.00569577
1.12752 1.79798 1.06163 0.0318803 0.00537284
1.14765 1.79798 1.06036 0.0318511 0.00506174
1.16779 1.79798 1.0591 0.0317789 0.00476329
1.18792 1.79798 1.05785 0.0316661 0.00447815
1.20805 1.79798 1.0566 0.031515 0.0042068
1.22819 1.79798 1.05537 0.0313281 0.00394959
1.24832 1.79798 1.05414 0.031108 0.00370669
1.26846 1.79798 1.05293 0.0308573 0.00347817
1.28859 1.79798 1.05173 0.0305784 0.00326393
1.30872 1.79798 1.05054 0.0302739 0.00306377
1.32886 1.79798 1.04937 0.0299461 0.00287738
1.34899 1.79798 1.04821 0.0295974 0.00270436
1.36913 1.79798 1.04708 0.0292301 0.00254423
1.38926 1.79798 1.04595 0.0288463 0.00239645
1.4094 1.79798 1.04485 0.0284481 0.0022604
1.42953 1.79798 1.04377 0.0280374 0.00213545
1.44966 1.79798 1.0427 0.0276159 0.00202092
1.4698 1.79798 1.04165 0.0271855 0.00191613
1.48993 1.79798 1.04062 0.0267476 0.00182038
1.51007 1.79798 1.03961 0.0263037 0.00173295
1.5302 1.79798 1.03862 0.0258551 0.00165317
1.55034 1.79798 1.03765 0.0254029 0.00158035
1.57047 1.79798 1.03669 0.0249482 0.00151384
1.5906 1.79798 1.03576 0.0244919 0.00145301
1.61074 1.79798 1.03484 0.024035 0.00139726
1.63087 1.79798 1.03394 0.0235781 0.00134602
1.65101 1.79798 1.03306 0.0231218 0.00129876
1.67114 1.79798 1.03219 0.0226667 0.001255
1.69128 1.79798 1.03134 0.0222133 0.00121428
1.71141 1.79798 1.03051 0.0217619 0.00117619
1.73154 1.79798 1.0297 0.0213129 0.00114037
1.75168 1.79798 1.0289 0.0208665 0.0011065
1.77181 1.79798 1.02812 0.0204229 0.00107428
1.79195 1.79798 1.02736 0.0199823 0.00104349
1.81208 1.79798 1.02661 0.0195447 0.00101391
1.83221 1.79798 1.02588 0.0191103 0.000985379
1.85235 1.79798 1.02516 0.018679 0.000957776
1.87248 1.79798 1.02446 0.018251 0.000931003
1.89262 1.79798 1.02377 0.0178261 0.000904998
1.91275 1.79798 1.0231 0.0174045 0.000879729
1.93289 1.79798 1.02245 0.0169861 0.000855187
1.95302 1.79798 1.0218 0.0165709 0.000831388
1.97315 1.79798 1.02118 0.0161588 0.000808368
1.99329 1.79798 1.02056 0.0157499 0.000786176
2.01342 1.79798 1.01997 0.0153442 0.000764876
2.03356 1.79798 1.01938 0.0149417 0.00074454
2.05369 1.79798 1.01881 0.0145423 0.000725245
2.07383 1.79798 1.01826 0.0141462 0.000707072
2.09396 1.79798 1.01772 0.0137534 0.0006901
2.11409 1.79798 1.01719 0.0133639 0.000674406
2.13423 1.79798 1.01668 0.0129778 0.000660059
2.15436 1.79798 1.01618 0.0125952 0.000647124
2.1745 1.79798 1.01569 0.0122161 0.000635652
2.19463 1.79798 1.01522 0.0118406 0.000625689
2.21477 1.79798 1.01476 0.0114689 0.000617265
2.2349 1.79798 1.01432 0.011101 0.000610402
2.25503 1.79798 1.01389 0.010737 0.000605107
2.27517 1.79798 1.01347 0.010377 0.000601379
2.2953 1.79798 1.01307 0.0100211 0.000599203
2.31544 1.79798 1.01268 0.00966932 0.000598555
2.33557 1.79798 1.0123 0.00932181 0.000599402
2.3557 1.79798 1.01193 0.0089786 0.000601703
2.37584 1.79798 1.01158 0.00863976 0.000605409
2.39597 1.79798 1.01124 0.00830532 0.000610463
2.41611 1.79798 1.01092 0.00797534 0.000616805
2.43624 1.79798 1.0106 0.00764982 0.000624369
2.45638 1.79798 1.0103 0.0073288 0.000633084
2.47651 1.79798 1.01001 0.00701227 0.000642874
2.49664 1.79798 1.00973 0.00670022 0.00065366
2.51678 1.79798 1.00947 0.00639262 0.000665355
2.53691 1.79798 1.00921 0.00608946 0.000677865
2.55705 1.79798 1.00897 0.00579067 0.000691086
2.57718 1.79798 1.00874 0.00549619 0.000704899
2.59732 1.79798 1.00852 0.00520595 0.000719168
2.61745 1.79798 1.00831 0.00491985 0.000733732
2.63758 1.79798 1.00812 0.00463778 0.000748395
2.65772 1.79798 1.00793 0.00435959 0.00076292
2.67785 1.79798 1.00775 0.00408512 0.000777011
2.69799 1.79798 1.00759 0.00381419 0.000790296
2.71812 1.79798 1.00743 0.00354656 0.000802308
2.73826 1.79798 1.00728 0.00328198 0.000812456
2.75839 1.79798 1.00715 0.00302014 0.000819993
2.77852 1.79798 1.00702 0.0027607 0.000823972
2.79866 1.79798 1.00691 0.00250329 0.000823202
2.81879 1.79798 1.0068 0.0022475 0.000816187
2.83893 1.79798 1.00671 0.00199293 0.000801064
2.85906 1.79798 1.00663 0.0017392 0.000775533
2.87919 1.79798 1.00656 0.00148603 0.000736792
2.89933 1.79798 1.0065 0.00123331 0.000681475
2.91946 1.79798 1.00646 0.000981191 0.000605631
2.9396 1.79798 1.00643 0.000730265 0.000504732
2.95973 1.79798 1.00643 0.000481715 0.000373749
2.97987 1.79798 1.00644 0.000237325 0.000207343
3 1.79798 1.00648 0 0

0 1.81818 1.08016 0 0
0.0201342 1.81818 1.08037 -0.000677795 0.00115537
0.0402685 1.81818 1.08076 -0.00129324 0.00221359
0.0604027 1.81818 1.0812 -0.00182391 0.00317386
0.0805369 1.81818 1.08174 -0.00225684 0.00403865
0.100671 1.81818 1.08231 -0.00258232 0.0048172
0.120805 1.81818 1.08293 -0.00279693 0.00551921
0.14094 1.81818 1.08355 -0.00290023 0.00615481
0.161074 1.81818 1.08419 -0.00289465 0.00673292
0.181208 1.81818 1.08482 -0.00278419 0.0072612
0.201342 1.81818 1.08543 -0.00257387 0.00774581
0.221477 1.81818 1.08602 -0.00226922 0.00819163
0.241611 1.81818 1.08658 -0.00187604 0.0086024
0.261745 1.81818 1.0871 -0.00140022 0.00898094
0.281879 1.81818 1.08758 -0.000847592 0.00932932
0.302013 1.81818 1.08802 -0.000223927 0.00964904
0.322148 1.81818 1.08841 0.000465104 0.00994116
0.342282 1.81818 1.08875 0.00121393 0.0102064
0.362416 1.81818 1.08904 0.00201709 0.0104453
0.38255 1.81818 1.08927 0.00286919 0.0106582
0.402685 1.81818 1.08945 0.00376494 0.0108452
0.422819 1.81818 1.08957 0.00469914 0.0110066
0.442953 1.81818 1.08963 0.00566665 0.0111425
0.463087 1.81818 1.08963 0.00666239 0.0112529
0.483221 1.81818 1.08957 0.00768138 0.0113379
0.503356 1.81818 1.08944 0.0087187 0.0113978
0.52349 1.81818 1.08926 0.00976952 0.0114327
0.543624 1.81818 1.08901 0.0108291 0.0114429
0.563758 1.81818 1.08871 0.0118927 0.0114286
0.583893 1.81818 1.08834 0.0129559 0.0113903
0.604027 1.81818 1.08791 0.0140141 0.0113284
0.624161 1.81818 1.08742 0.0150631 0.0112434
0.644295 1.81818 1.08687 0.0160986 0.011136
0.66443 1.81818 1.08627 0.0171166 0.0110068
0.684564 1.81818 1.08561 0.0181132 0.0108568
0.704698 1.81818 1.0849 0.0190846 0.0106867
0.724832 1.81818 1.08413 0.0200273 0.0104975
0.744966 1.81818 1.08332 0.0209379 0.0102905
0.765101 1.81818 1.08245 0.0218133 0.0100666
0.785235 1.81818 1.08154 0.0226506 0.00982731
0.805369 1.81818 1.08059 0.0234472 0.00957383
0.825503 1.81818 1.07959 0.0242007 0.00930763
0.845638 1.81818 1.07856 0.0249088 0.0090302
0.865772 1.81818 1.07749 0.0255699 0.00874309
0.885906 1.81818 1.07639 0.0261824 0.00844788
0.90604 1.81818 1.07526 0.026745 0.00814621
0.926174 1.81818 1.0741 0.0272568 0.00783971
0.946309 1.81818 1.07292 0.0277172 0.00753001
0.966443 1.81818 1.07171 0.0281259 0.00721875
0.986577 1.81818 1.07049 0.0284829 0.00690752
1.00671 1.81818 1.06925 0.0287885 0.00659785
1.02685 1.81818 1.068 0.0290433 0.00629121
1.04698 1.81818 1.06673 0.0292481 0.00598901
1.06711 1.81818 1.06547 0.0294041 0.00569254
1.08725 1.81818 1.06419 0.0295127 0.00540298
1.10738 1.81818 1.06291 0.0295753 0.00512143
1.12752 1.81818 1.06164 0.0295937 0.00484882
1.14765 1.81818 1.06036 0.02957 0.00458598
1.16779 1.81818 1.05909 0.029506 0.0043336
1.18792 1.81818 1.05783 0.029404 0.00409222
1.20805 1.81818 1.05657 0.0292663 0.00386226
1.22819 1.81818 1.05532 0.0290951 0.00364402
1.24832 1.81818 1.05409 0.0288928 0.00343765
1.26846 1.81818 1.05287 0.0286618 0.00324322
1.28859 1.81818 1.05166 0.0284043 0.00306065
1.30872 1.81818 1.05046 0.0281228 0.00288979
1.32886 1.81818 1.04928 0.0278193 0.0027304
1.34899 1.81818 1.04812 0.0274962 0.00258214
1.36913 1.81818 1.04697 0.0271556 0.00244463
1.38926 1.81818 1.04585 0.0267994 0.00231741
1.4094 1.81818 1.04474 0.0264296 0.0022
1.42953 1.81818 1.04365 0.0260479 0.00209186
1.44966 1.81818 1.04258 0.0256562 0.00199244
1.4698 1.81818 1.04152 0.0252559 0.00190117
1.48993 1.81818 1.04049 0.0248486 0.00181746
1.51007 1.81818 1.03948 0.0244355 0.00174074
1.5302 1.81818 1.03848 0.0240179 0.00167043
1.55034 1.81818 1.0375 0.023597 0.00160597
1.57047 1.81818 1.03655 0.0231736 0.00154681
1.5906 1.81818 1.03561 0.0227488 0.00149242
1.61074 1.81818 1.03469 0.0223233 0.00144232
1.63087 1.81818 1.03379 0.0218978 0.00139602
1.65101 1.81818 1.03291 0.0214729 0.00135308
1.67114 1.81818 1.03204 0.0210492 0.0013131
1.69128 1.81818 1.03119 0.020627 0.0012757
1.71141 1.81818 1.03036 0.0202067 0.00124054
1.73154 1.81818 1.02955 0.0197887 0.00120731
1.75168 1.81818 1.02875 0.0193732 0.00117574
1.77181 1.81818 1.02797 0.0189603 0.0011456
1.79195 1.81818 1.02721 0.0185503 0.00111669
1.81208 1.81818 1.02646 0.0181432 0.00108883
1.83221 1.81818 1.02573 0.017739 0.00106189
1.85235 1.81818 1.02501 0.017338 0.00103576
1.87248 1.81818 1.02431 0.01694 0.00101036
1.89262 1.81818 1.02363 0.016545 0.000985653
1.91275 1.81818 1.02296 0.0161532 0.000961597
1.93289 1.81818 1.0223 0.0157644 0.000938191
1.95302 1.81818 1.02166 0.0153787 0.000915448
1.97315 1.81818 1.02104 0.014996 0.000893398
1.99329 1.81818 1.02043 0.0146163 0.000872083
2.01342 1.81818 1.01983 0.0142397 0.000851556
2.03356 1.81818 1.01925 0.0138661 0.000831878
2.05369 1.81818 1.01868 0.0134955 0.000813114
2.07383 1.81818 1.01813 0.0131281 0.000795333
2.09396 1.81818 1.01759 0.0127637 0.0007786
2.11409 1.81818 1.01706 0.0124025 0.000762982
2.13423 1.81818 1.01655 0.0120444 0.000748538
2.15436 1.81818 1.01606 0.0116897 0.000735323
2.1745 1.81818 1.01557 0.0113383 0.000723382
2.19463 1.81818 1.0151 0.0109903 0.000712755
2.21477 1.81818 1.01465 0.0106457 0.000703469
2.2349 1.81818 1.0142 0.0103048 0.000695545
2.25503 1.81818 1.01377 0.00996744 0.000688991
2.27517 1.81818 1.01336 0.00963383 0.000683808
2.2953 1.81818 1.01295 0.00930402 0.000679987
2.31544 1.81818 1.01256 0.00897809 0.000677511
2.33557 1.81818 1.01219 0.00865609 0.000676354
2.3557 1.81818 1.01182 0.00833809 0.000676485
2.37584 1.81818 1.01147 0.00802415 0.000677864
2.39597 1.81818 1.01114 0.00771431 0.000680448
2.41611 1.81818 1.01081 0.0074086 0.000684189
2.43624 1.81818 1.0105 0.00710706 0.000689033
2.45638 1.81818 1.0102 0.00680971 0.000694924
2.47651 1.81818 1.00991 0.00651656 0.000701802
2.49664 1.81818 1.00963 0.0062276 0.0007096
2.51678 1.81818 1.00937 0.00594282 0.000718249
2.53691 1.81818 1.00911 0.00566221 0.00072767
2.55705 1.81818 1.00887 0.00538574 0.000737779
2.57718 1.81818 1.00864 0.00511334 0.000748477
2.59732 1.81818 1.00842 0.00484497 0.000759648
2.61745 1.81818 1.00821 0.00458055 0.000771154
2.63758 1.81818 1.00801 0.00431998 0.000782829
2.65772 1.81818 1.00782 0.00406315 0.000794464
2.67785 1.81818 1.00764 0.00380991 0.000805797
2.69799 1.81818 1.00748 0.00356007 0.000816498
2.71812 1.81818 1.00732 0.00331344 0.000826141
2.73826 1.81818 1.00717 0.00306974 0.000834184
2.75839 1.81818 1.00703 0.00282866 0.000839929
2.77852 1.81818 1.0069 0.00258983 0.000842481
2.79866 1.81818 1.00678 0.00235281 0.000840689
2.81879 1.81818 1.00667 0.00211711 0.000833084
2.83893 1.81818 1.00657 0.00188218 0.000817799
2.85906 1.81818 1.00648 0.00164747 0.000792478
2.87919 1.81818 1.0064 0.00141244 0.000754182
2.89933 1.81818 1.00633 0.00117667 0.000699301
2.91946 1.81818 1.00628 0.000940009 0.000623484
2.9396 1.81818 1.00624 0.000702687 0.000521631
2.95973 1.81818 1.00622 0.000465613 0.000387961
2.97987 1.81818 1.00622 0.000230389 0.000216247
3 1.81818 1.00625 0 0

0 1.83838 1.0797 0 0
0.0201342 1.83838 1.07986 -0.000694185 0.00111155
0.0402685 1.83838 1.08028 -0.00132887 0.00210015
0.0604027 1.83838 1.08075 -0.00187573 0.00297251
0.0805369 1.83838 1.08134 -0.00232125 0.00373692
0.100671 1.83838 1.08197 -0.00265561 0.00440889
0.120805 1.83838 1.08264 -0.00287718 0.00500253
0.14094 1.83838 1.08333 -0.00298718 0.00553126
0.161074 1.83838 1.08403 -0.00298983 0.00600605
0.181208 1.83838 1.08471 -0.00289048 0.00643576
0.201342 1.83838 1.08537 -0.00269522 0.00682721
0.221477 1.83838 1.08601 -0.00241029 0.00718557
0.241611 1.83838 1.08661 -0.00204193 0.00751462
0.261745 1.83838 1.08717 -0.00159619 0.00781716
0.281879 1.83838 1.08769 -0.00107897 0.00809516
0.302013 1.83838 1.08816 -0.000495904 0.00835
0.322148 1.83838 1.08858 0.000147516 0.00858265
0.342282 1.83838 1.08895 0.000845989 0.00879375
0.362416 1.83838 1.08926 0.00159435 0.00898371
0.38255 1.83838 1.08951 0.00238758 0.00915278
0.402685 1.83838 1.0897 0.00322072 0.00930114
0.422819 1.83838 1.08984 0.00408896 0.00942887
0.442953 1.83838 1.08991 0.00498752 0.00953605
0.463087 1.83838 1.08992 0.00591175 0.00962272
0.483221 1.83838 1.08987 0.00685703 0.00968896
0.503356 1.83838 1.08975 0.00781884 0.00973487
0.52349 1.83838 1.08957 0.00879273 0.00976057
0.543624 1.83838 1.08933 0.00977432 0.00976623
0.563758 1.83838 1.08902 0.0107593 0.0097521
0.583893 1.83838 1.08865 0.0117436 0.00971846
0.604027 1.83838 1.08822 0.012723 0.00966565
0.624161 1.83838 1.08773 0.0136935 0.00959411
0.644295 1.83838 1.08718 0.0146514 0.00950433
0.66443 1.83838 1.08657 0.0155928 0.00939688
0.684564 1.83838 1.08591 0.0165142 0.0092724
0.704698 1.83838 1.08519 0.0174122 0.00913161
0.724832 1.83838 1.08441 0.0182835 0.00897533
0.744966 1.83838 1.08359 0.0191251 0.00880442
0.765101 1.83838 1.08271 0.0199341 0.00861984
0.785235 1.83838 1.08179 0.0207079 0.00842262
0.805369 1.83838 1.08082 0.021444 0.00821385
0.825503 1.83838 1.07982 0.0221403 0.00799468
0.845638 1.83838 1.07877 0.0227948 0.00776633
0.865772 1.83838 1.07769 0.0234058 0.00753005
0.885906 1.83838 1.07657 0.023972 0.00728713
0.90604 1.83838 1.07543 0.0244923 0.00703889
0.926174 1.83838 1.07425 0.0249658 0.00678665
0.946309 1.83838 1.07305 0.0253919 0.00653175
0.966443 1.83838 1.07183 0.0257705 0.00627551
0.986577 1.83838 1.0706 0.0261014 0.00601921
1.00671 1.83838 1.06934 0.026385 0.0057641
1.02685 1.83838 1.06808 0.0266219 0.00551139
1.04698 1.83838 1.0668 0.0268127 0.00526219
1.06711 1.83838 1.06552 0.0269586 0.00501758
1.08725 1.83838 1.06423 0.0270607 0.00477852
1.10738 1.83838 1.06294 0.0271206 0.00454589
1.12752 1.83838 1.06164 0.0271397 0.00432046
1.14765 1.83838 1.06036 0.0271199 0.00410291
1.16779 1.83838 1.05907 0.0270631 0.00389379
1.18792 1.83838 1.0578 0.0269711 0.00369357
1.20805 1.83838 1.05653 0.0268461 0.00350259
1.22819 1.83838 1.05527 0.0266903 0.00332109
1.24832 1.83838 1.05402 0.0265056 0.00314922
1.26846 1.83838 1.05279 0.0262944 0.00298702
1.28859 1.83838 1.05157 0.0260588 0.00283446
1.30872 1.83838 1.05037 0.0258008 0.00269141
1.32886 1.83838 1.04918 0.0255225 0.00255768
1.34899 1.83838 1.04801 0.0252261 0.00243301
1.36913 1.83838 1.04686 0.0249134 0.00231709
1.38926 1.83838 1.04572 0.0245862 0.00220955
1.4094 1.83838 1.04461 0.0242465 0.00211002
1.42953 1.83838 1.04351 0.0238957 0.00201804
1.44966 1.83838 1.04243 0.0235356 0.00193319
1.4698 1.83838 1.04138 0.0231676 0.001855
1.48993 1.83838 1.04034 0.022793 0.00178299
1.51007 1.83838 1.03932 0.0224131 0.0017167
1.5302 1.83838 1.03832 0.022029 0.00165566
1.55034 1.83838 1.03734 0.0216418 0.00159941
1.57047 1.83838 1.03638 0.0212524 0.00154752
1.5906 1.83838 1.03544 0.0208617 0.00149955
1.61074 1.83838 1.03452 0.0204703 0.00145509
1.63087 1.83838 1.03362 0.020079 0.00141377
1.65101 1.83838 1.03274 0.0196882 0.00137523
1.67114 1.83838 1.03187 0.0192986 0.00133912
1.69128 1.83838 1.03102 0.0189104 0.00130515
1.71141 1.83838 1.03019 0.0185241 0.00127304
1.73154 1.83838 1.02938 0.0181399 0.00124254
1.75168 1.83838 1.02859 0.017758 0.00121343
1.77181 1.83838 1.02781 0.0173787 0.00118552
1.79195 1.83838 1.02704 0.017002 0.00115864
1.81208 1.83838 1.0263 0.0166281 0.00113266
1.83221 1.83838 1.02557 0.0162571 0.00110746
1.85235 1.83838 1.02485 0.0158889 0.00108297
1.87248 1.83838 1.02415 0.0155236 0.00105911
1.89262 1.83838 1.02347 0.0151612 0.00103585
1.91275 1.83838 1.0228 0.0148017 0.00101317
1.93289 1.83838 1.02215 0.0144451 0.000991056
1.95302 1.83838 1.02151 0.0140914 0.000969529
1.97315 1.83838 1.02089 0.0137406 0.000948612
1.99329 1.83838 1.02028 0.0133926 0.00092834
2.01342 1.83838 1.01968 0.0130474 0.000908757
2.03356 1.83838 1.0191 0.0127051 0.000889915
2.05369 1.83838 1.01854 0.0123657 0.000871868
2.07383 1.83838 1.01799 0.0120291 0.000854673
2.09396 1.83838 1.01745 0.0116954 0.000838385
2.11409 1.83838 1.01693 0.0113647 0.00082306
2.13423 1.83838 1.01642 0.0110369 0.000808749
2.15436 1.83838 1.01592 0.0107122 0.000795496
2.1745 1.83838 1.01544 0.0103905 0.000783342
2.19463 1.83838 1.01497 0.010072 0.000772319
2.21477 1.83838 1.01452 0.00975668 0.000762453
2.2349 1.83838 1.01407 0.00944465 0.000753762
2.25503 1.83838 1.01365 0.00913597 0.000746256
2.27517 1.83838 1.01323 0.0088307 0.000739936
2.2953 1.83838 1.01283 0.00852892 0.000734798
2.31544 1.83838 1.01244 0.00823069 0.000730829
2.33557 1.83838 1.01207 0.00793608 0.00072801
2.3557 1.83838 1.01171 0.00764513 0.000726317
2.37584 1.83838 1.01136 0.0073579 0.000725721
2.39597 1.83838 1.01102 0.00707444 0.000726188
2.41611 1.83838 1.01069 0.00679478 0.000727679
2.43624 1.83838 1.01038 0.00651895 0.000730153
2.45638 1.83838 1.01008 0.00624698 0.000733566
2.47651 1.83838 1.00979 0.00597889 0.000737869
2.49664 1.83838 1.00952 0.00571469 0.00074301
2.51678 1.83838 1.00925 0.00545436 0.000748934
2.53691 1.83838 1.009 0.00519791 0.000755577
2.55705 1.83838 1.00876 0.00494532 0.000762872
2.57718 1.83838 1.00853 0.00469656 0.000770736
2.59732 1.83838 1.00831 0.00445159 0.000779076
2.61745 1.83838 1.0081 0.00421035 0.000787778
2.63758 1.83838 1.0079 0.00397277 0.000796701
2.65772 1.83838 1.00771 0.00373877 0.000805669
2.67785 1.83838 1.00753 0.00350821 0.00081446
2.69799 1.83838 1.00736 0.00328094 0.000822785
2.71812 1.83838 1.0072 0.00305677 0.000830274
2.73826 1.83838 1.00705 0.00283545 0.000836444
2.75839 1.83838 1.00691 0.00261666 0.000840666
2.77852 1.83838 1.00677 0.00240003 0.00084212
2.79866 1.83838 1.00664 0.00218507 0.000839733
2.81879 1.83838 1.00653 0.00197122 0.000832107
2.83893 1.83838 1.00642 0.00175781 0.000817427
2.85906 1.83838 1.00632 0.00154408 0.000793343
2.87919 1.83838 1.00623 0.00132925 0.000756849
2.89933 1.83838 1.00615 0.00111255 0.000704141
2.91946 1.83838 1.00608 0.000893392 0.000630499
2.9396 1.83838 1.00603 0.000671564 0.000530221
2.95973 1.83838 1.00599 0.000447563 0.000396656
2.97987 1.83838 1.00598 0.000222685 0.000222494
3 1.83838 1.006 0 0

0 1.85859 1.07909 0 0
0.0201342 1.85859 1.07921 -0.000710542 0.00107412
0.0402685 1.85859 1.07968 -0.00136216 0.00199228
0.0604027 1.85859 1.0802 -0.00191935 0.00277316
0.0805369 1.85859 1.08087 -0.0023696 0.00343334
0.100671 1.85859 1.08157 -0.00270406 0.00399631
0.120805 1.85859 1.08233 -0.00292416 0.00448122
0.14094 1.85859 1.0831 -0.00303356 0.00490471
0.161074 1.85859 1.08386 -0.00303866 0.00527948
0.181208 1.85859 1.08461 -0.00294635 0.00561519
0.201342 1.85859 1.08533 -0.00276374 0.00591889
0.221477 1.85859 1.08602 -0.00249766 0.00619565
0.241611 1.85859 1.08667 -0.00215459 0.0064491
0.261745 1.85859 1.08728 -0.00174064 0.00668176
0.281879 1.85859 1.08783 -0.00126151 0.00689536
0.302013 1.85859 1.08834 -0.000722636 0.00709108
0.322148 1.85859 1.08879 -0.000129148 0.0072697
0.342282 1.85859 1.08918 0.000514021 0.00743171
0.362416 1.85859 1.08952 0.00120212 0.00757743
0.38255 1.85859 1.08979 0.00193052 0.00770701
0.402685 1.85859 1.09001 0.00269475 0.00782054
0.422819 1.85859 1.09016 0.0034904 0.00791808
0.442953 1.85859 1.09024 0.00431316 0.00799962
0.463087 1.85859 1.09026 0.00515878 0.00806517
0.483221 1.85859 1.09022 0.0060231 0.00811477
0.503356 1.85859 1.09011 0.00690203 0.00814846
0.52349 1.85859 1.08994 0.00779153 0.0081663
0.543624 1.85859 1.0897 0.00868765 0.00816842
0.563758 1.85859 1.08939 0.00958651 0.00815498
0.583893 1.85859 1.08903 0.0104843 0.00812618
0.604027 1.85859 1.08859 0.0113774 0.00808228
0.624161 1.85859 1.0881 0.0122621 0.0080236
0.644295 1.85859 1.08754 0.013135 0.00795052
0.66443 1.85859 1.08693 0.0139927 0.00786347
0.684564 1.85859 1.08625 0.014832 0.00776296
0.704698 1.85859 1.08552 0.0156498 0.00764955
0.724832 1.85859 1.08474 0.0164431 0.00752386
0.744966 1.85859 1.0839 0.0172092 0.00738658
0.765101 1.85859 1.08301 0.0179455 0.00723845
0.785235 1.85859 1.08208 0.0186497 0.00708029
0.805369 1.85859 1.0811 0.0193195 0.00691295
0.825503 1.85859 1.08007 0.019953 0.00673733
0.845638 1.85859 1.07901 0.0205485 0.0065544
0.865772 1.85859 1.07791 0.0211045 0.00636514
0.885906 1.85859 1.07678 0.0216196 0.00617056
0.90604 1.85859 1.07562 0.0220931 0.00597171
0.926174 1.85859 1.07443 0.022524 0.00576962
0.946309 1.85859 1.07321 0.0229119 0.00556536
0.966443 1.85859 1.07197 0.0232565 0.00535996
0.986577 1.85859 1.07072 0.023558 0.00515443
1.00671 1.85859 1.06945 0.0238165 0.00494977
1.02685 1.85859 1.06816 0.0240325 0.00474691
1.04698 1.85859 1.06687 0.0242068 0.00454677
1.06711 1.85859 1.06557 0.0243402 0.00435016
1.08725 1.85859 1.06426 0.024434 0.00415786
1.10738 1.85859 1.06295 0.0244893 0.00397057
1.12752 1.85859 1.06165 0.0245077 0.00378889
1.14765 1.85859 1.06035 0.0244907 0.00361338
1.16779 1.85859 1.05905 0.0244401 0.00344447
1.18792 1.85859 1.05776 0.0243575 0.00328253
1.20805 1.85859 1.05647 0.024245 0.00312785
1.22819 1.85859 1.0552 0.0241044 0.00298061
1.24832 1.85859 1.05395 0.0239377 0.00284095
1.26846 1.85859 1.0527 0.0237467 0.00270889
1.28859 1.85859 1.05147 0.0235336 0.00258443
1.30872 1.85859 1.05026 0.0233001 0.00246747
1.32886 1.85859 1.04906 0.0230483 0.00235785
1.34899 1.85859 1.04788 0.0227798 0.00225539
1.36913 1.85859 1.04672 0.0224966 0.00215985
1.38926 1.85859 1.04558 0.0222002 0.00207094
1.4094 1.85859 1.04446 0.0218924 0.00198835
1.42953 1.85859 1.04335 0.0215746 0.00191175
1.44966 1.85859 1.04227 0.0212484 0.0018408
1.4698 1.85859 1.04121 0.0209149 0.00177512
1.48993 1.85859 1.04017 0.0205755 0.00171436
1.51007 1.85859 1.03915 0.0202313 0.00165814
1.5302 1.85859 1.03815 0.0198833 0.00160609
1.55034 1.85859 1.03717 0.0195326 0.00155785
1.57047 1.85859 1.0362 0.0191799 0.00151308
1.5906 1.85859 1.03526 0.018826 0.00147144
1.61074 1.85859 1.03434 0.0184716 0.00143261
1.63087 1.85859 1.03344 0.0181174 0.00139629
1.65101 1.85859 1.03255 0.0177637 0.00136218
1.67114 1.85859 1.03169 0.017411 0.00133004
1.69128 1.85859 1.03084 0.0170598 0.00129961
1.71141 1.85859 1.03001 0.0167103 0.00127069
1.73154 1.85859 1.0292 0.0163628 0.00124306
1.75168 1.85859 1.0284 0.0160175 0.00121658
1.77181 1.85859 1.02762 0.0156746 0.00119107
1.79195 1.85859 1.02686 0.0153342 0.00116641
1.81208 1.85859 1.02612 0.0149963 0.0011425
1.83221 1.85859 1.02539 0.0146611 0.00111924
1.85235 1.85859 1.02468 0.0143286 0.00109658
1.87248 1.85859 1.02398 0.0139987 0.00107447
1.89262 1.85859 1.0233 0.0136715 0.00105286
1.91275 1.85859 1.02263 0.0133471 0.00103176
1.93289 1.85859 1.02198 0.0130253 0.00101115
1.95302 1.85859 1.02134 0.0127062 0.000991049
1.97315 1.85859 1.02072 0.0123897 0.000971477
1.99329 1.85859 1.02012 0.0120759 0.000952464
2.01342 1.85859 1.01952 0.0117647 0.000934047
2.03356 1.85859 1.01895 0.0114561 0.000916268
2.05369 1.85859 1.01838 0.0111501 0.000899172
2.07383 1.85859 1.01783 0.0108468 0.000882806
2.09396 1.85859 1.0173 0.0105461 0.000867216
2.11409 1.85859 1.01677 0.0102481 0.000852446
2.13423 1.85859 1.01627 0.0099528 0.000838539
2.15436 1.85859 1.01577 0.00966026 0.000825533
2.1745 1.85859 1.01529 0.00937051 0.000813461
2.19463 1.85859 1.01483 0.00908361 0.000802351
2.21477 1.85859 1.01437 0.00879962 0.000792224
2.2349 1.85859 1.01393 0.00851859 0.000783097
2.25503 1.85859 1.01351 0.00824059 0.000774979
2.27517 1.85859 1.0131 0.00796567 0.000767872
2.2953 1.85859 1.0127 0.0076939 0.000761775
2.31544 1.85859 1.01231 0.00742533 0.000756679
2.33557 1.85859 1.01194 0.00716002 0.000752571
2.3557 1.85859 1.01158 0.00689802 0.000749432
2.37584 1.85859 1.01123 0.00663937 0.00074724
2.39597 1.85859 1.01089 0.00638413 0.00074597
2.41611 1.85859 1.01057 0.00613234 0.000745592
2.43624 1.85859 1.01026 0.00588401 0.000746074
2.45638 1.85859 1.00996 0.00563919 0.000747382
2.47651 1.85859 1.00967 0.00539789 0.000749479
2.49664 1.85859 1.0094 0.00516014 0.000752323
2.51678 1.85859 1.00913 0.00492593 0.000755871
2.53691 1.85859 1.00888 0.00469528 0.000760074
2.55705 1.85859 1.00864 0.00446818 0.000764877
2.57718 1.85859 1.00841 0.00424462 0.000770217
2.59732 1.85859 1.00819 0.00402459 0.000776017
2.61745 1.85859 1.00798 0.00380804 0.000782188
2.63758 1.85859 1.00778 0.00359493 0.000788614
2.65772 1.85859 1.00759 0.0033852 0.000795152
2.67785 1.85859 1.00741 0.00317875 0.000801618
2.69799 1.85859 1.00724 0.00297547 0.000807773
2.71812 1.85859 1.00708 0.00277518 0.000813304
2.73826 1.85859 1.00692 0.00257767 0.0008178
2.75839 1.85859 1.00678 0.00238264 0.000820717
2.77852 1.85859 1.00664 0.00218972 0.000821333
2.79866 1.85859 1.0065 0.00199843 0.00081869
2.81879 1.85859 1.00638 0.00180814 0.000811509
2.83893 1.85859 1.00626 0.0016181 0.000798089
2.85906 1.85859 1.00615 0.00142738 0.000776174
2.87919 1.85859 1.00605 0.00123492 0.000742782
2.89933 1.85859 1.00596 0.00103958 0.000694012
2.91946 1.85859 1.00587 0.00084028 0.000624845
2.9396 1.85859 1.0058 0.000636179 0.00052898
2.95973 1.85859 1.00575 0.000427183 0.000398779
2.97987 1.85859 1.00572 0.00021408 0.000225587
3 1.85859 1.00572 0 0

0 1.87879 1.07829 0 0
0.0201342 1.87879 1.07835 -0.000726169 0.00104101
0.0402685 1.87879 1.07894 -0.00139006 0.00188464
0.0604027 1.87879 1.07953 -0.00194783 0.00256744
0.0805369 1.87879 1.08032 -0.00239107 0.00311819
0.100671 1.87879 1.08113 -0.00271362 0.00356982
0.120805 1.87879 1.08199 -0.00292166 0.00394677
0.14094 1.87879 1.08285 -0.00302197 0.00426839
0.161074 1.87879 1.0837 -0.00302343 0.00454842
0.181208 1.87879 1.08452 -0.00293437 0.00479663
0.201342 1.87879 1.08531 -0.0027627 0.00501975
0.221477 1.87879 1.08606 -0.00251555 0.0052224
0.241611 1.87879 1.08676 -0.00219939 0.00540771
0.261745 1.87879 1.08742 -0.00182009 0.00557775
0.281879 1.87879 1.08802 -0.001383 0.00573391
0.302013 1.87879 1.08856 -0.000893112 0.00587707
0.322148 1.87879 1.08904 -0.00035509 0.00600778
0.342282 1.87879 1.08947 0.000226634 0.00612637
0.362416 1.87879 1.08983 0.000847814 0.00623301
0.38255 1.87879 1.09013 0.00150435 0.00632779
0.402685 1.87879 1.09036 0.00219224 0.00641071
0.422819 1.87879 1.09053 0.0029076 0.00648175
0.442953 1.87879 1.09063 0.00364661 0.0065409
0.463087 1.87879 1.09067 0.00440552 0.00658811
0.483221 1.87879 1.09063 0.00518063 0.00662336
0.503356 1.87879 1.09053 0.00596833 0.00664666
0.52349 1.87879 1.09036 0.00676504 0.00665805
0.543624 1.87879 1.09012 0.00756726 0.00665757
0.563758 1.87879 1.08982 0.00837156 0.00664533
0.583893 1.87879 1.08945 0.00917458 0.00662147
0.604027 1.87879 1.08902 0.00997304 0.00658617
0.624161 1.87879 1.08852 0.0107638 0.00653964
0.644295 1.87879 1.08795 0.0115437 0.00648218
0.66443 1.87879 1.08733 0.0123097 0.00641408
0.684564 1.87879 1.08665 0.0130591 0.00633572
0.704698 1.87879 1.0859 0.0137891 0.00624753
0.724832 1.87879 1.08511 0.0144971 0.00614995
0.744966 1.87879 1.08426 0.0151807 0.00604352
0.765101 1.87879 1.08335 0.0158375 0.00592878
0.785235 1.87879 1.0824 0.0164655 0.00580636
0.805369 1.87879 1.08141 0.0170628 0.00567688
0.825503 1.87879 1.08037 0.0176276 0.00554105
0.845638 1.87879 1.07928 0.0181584 0.00539958
0.865772 1.87879 1.07817 0.0186539 0.00525322
0.885906 1.87879 1.07702 0.019113 0.00510273
0.90604 1.87879 1.07583 0.0195349 0.00494892
0.926174 1.87879 1.07462 0.0199188 0.00479256
0.946309 1.87879 1.07338 0.0202644 0.00463447
0.966443 1.87879 1.07213 0.0205714 0.00447542
0.986577 1.87879 1.07085 0.0208399 0.00431619
1.00671 1.87879 1.06956 0.0210702 0.00415753
1.02685 1.87879 1.06825 0.0212626 0.00400016
1.04698 1.87879 1.06694 0.0214179 0.00384477
1.06711 1.87879 1.06562 0.0215368 0.003692
1.08725 1.87879 1.0643 0.0216203 0.00354242
1.10738 1.87879 1.06297 0.0216697 0.00339658
1.12752 1.87879 1.06165 0.0216862 0.00325494
1.14765 1.87879 1.06033 0.0216711 0.00311792
1.16779 1.87879 1.05901 0.0216261 0.00298587
1.18792 1.87879 1.05771 0.0215528 0.00285906
1.20805 1.87879 1.05641 0.0214527 0.00273771
1.22819 1.87879 1.05512 0.0213277 0.00262199
1.24832 1.87879 1.05385 0.0211794 0.00251199
1.26846 1.87879 1.0526 0.0210096 0.00240775
1.28859 1.87879 1.05135 0.02082 0.00230925
1.30872 1.87879 1.05013 0.0206123 0.00221643
1.32886 1.87879 1.04892 0.0203883 0.00212919
1.34899 1.87879 1.04773 0.0201496 0.00204737
1.36913 1.87879 1.04657 0.0198978 0.00197081
1.38926 1.87879 1.04542 0.0196343 0.00189929
1.4094 1.87879 1.04429 0.0193606 0.00183259
1.42953 1.87879 1.04318 0.0190782 0.00177045
1.44966 1.87879 1.04209 0.0187882 0.0017126
1.4698 1.87879 1.04103 0.0184919 0.00165879
1.48993 1.87879 1.03998 0.0181904 0.00160872
1.51007 1.87879 1.03895 0.0178847 0.00156212
1.5302 1.87879 1.03795 0.0175757 0.00151872
1.55034 1.87879 1.03697 0.0172643 0.00147824
1.57047 1.87879 1.036 0.0169512 0.00144041
1.5906 1.87879 1.03506 0.0166372 0.00140499
1.61074 1.87879 1.03414 0.0163228 0.00137173
1.63087 1.87879 1.03323 0.0160086 0.0013404
1.65101 1.87879 1.03235 0.015695 0.00131079
1.67114 1.87879 1.03148 0.0153824 0.00128269
1.69128 1.87879 1.03064 0.0150712 0.00125593
1.71141 1.87879 1.02981 0.0147615 0.00123034
1.73154 1.87879 1.029 0.0144538 0.00120578
1.75168 1.87879 1.0282 0.014148 0.0011821
1.77181 1.87879 1.02743 0.0138445 0.00115921
1.79195 1.87879 1.02667 0.0135432 0.00113699
1.81208 1.87879 1.02592 0.0132443 0.00111538
1.83221 1.87879 1.0252 0.0129478 0.00109431
1.85235 1.87879 1.02449 0.0126537 0.00107373
1.87248 1.87879 1.02379 0.0123621 0.0010536
1.89262 1.87879 1.02311 0.0120729 0.0010339
1.91275 1.87879 1.02245 0.0117862 0.00101463
1.93289 1.87879 1.0218 0.0115019 0.000995781
1.95302 1.87879 1.02116 0.01122 0.000977364
1.97315 1.87879 1.02054 0.0109405 0.0009594
1.99329 1.87879 1.01994 0.0106634 0.000941912
2.01342 1.87879 1.01935 0.0103886 0.000924932
2.03356 1.87879 1.01877 0.0101162 0.000908492
2.05369 1.87879 1.01821 0.00984618 0.00089263
2.07383 1.87879 1.01766 0.00957848 0.000877382
2.09396 1.87879 1.01713 0.00931314 0.000862786
2.11409 1.87879 1.01661 0.00905019 0.000848878
2.13423 1.87879 1.01611 0.00878966 0.000835692
2.15436 1.87879 1.01561 0.00853156 0.000823258
2.1745 1.87879 1.01514 0.00827595 0.000811604
2.19463 1.87879 1.01467 0.00802287 0.000800752
2.21477 1.87879 1.01422 0.00777235 0.00079072
2.2349 1.87879 1.01378 0.00752446 0.000781523
2.25503 1.87879 1.01336 0.00727923 0.000773168
2.27517 1.87879 1.01295 0.00703673 0.000765658
2.2953 1.87879 1.01255 0.00679701 0.000758994
2.31544 1.87879 1.01216 0.00656012 0.000753169
2.33557 1.87879 1.01179 0.0063261 0.000748175
2.3557 1.87879 1.01143 0.00609501 0.000743997
2.37584 1.87879 1.01109 0.00586689 0.00074062
2.39597 1.87879 1.01075 0.00564178 0.000738024
2.41611 1.87879 1.01043 0.00541972 0.000736188
2.43624 1.87879 1.01012 0.00520074 0.000735088
2.45638 1.87879 1.00982 0.00498488 0.000734696
2.47651 1.87879 1.00954 0.00477216 0.000734985
2.49664 1.87879 1.00927 0.0045626 0.000735924
2.51678 1.87879 1.009 0.00435622 0.000737479
2.53691 1.87879 1.00875 0.00415304 0.000739612
2.55705 1.87879 1.00851 0.00395307 0.000742282
2.57718 1.87879 1.00828 0.00375631 0.000745438
2.59732 1.87879 1.00806 0.00356276 0.000749023
2.61745 1.87879 1.00785 0.00337241 0.000752966
2.63758 1.87879 1.00765 0.00318524 0.000757176
2.65772 1.87879 1.00746 0.00300121 0.000761543
2.67785 1.87879 1.00728 0.00282027 0.000765918
2.69799 1.87879 1.00711 0.00264233 0.000770113
2.71812 1.87879 1.00695 0.00246727 0.000773876
2.73826 1.87879 1.00679 0.00229491 0.000776873
2.75839 1.87879 1.00664 0.00212499 0.000778656
2.77852 1.87879 1.0065 0.00195719 0.000778623
2.79866 1.87879 1.00636 0.00179104 0.000775959
2.81879 1.87879 1.00623 0.00162591 0.000769553
2.83893 1.87879 1.0061 0.001461 0.000757893
2.85906 1.87879 1.00598 0.00129526 0.000738908
2.87919 1.87879 1.00587 0.00112741 0.00070977
2.89933 1.87879 1.00576 0.000955926 0.000666631
2.91946 1.87879 1.00565 0.000779135 0.000604312
2.9396 1.87879 1.00556 0.000595437 0.00051599
2.95973 1.87879 1.00549 0.000403868 0.000392955
2.97987 1.87879 1.00543 0.000204354 0.000224864
3 1.87879 1.00542 0 0

0 1.89899 1.07723 0 0
0.0201342 1.89899 1.07724 -0.000739128 0.00100863
0.0402685 1.89899 1.078 -0.00140623 0.00176737
0.0604027 1.89899 1.07873 -0.00194924 0.00234201
0.0805369 1.89899 1.07968 -0.00236862 0.0027772
0.100671 1.89899 1.08063 -0.00266384 0.00311648
0.120805 1.89899 1.08162 -0.00284739 0.00338873
0.14094 1.89899 1.0826 -0.00292967 0.00361477
0.161074 1.89899 1.08354 -0.00292186 0.00380815
0.181208 1.89899 1.08445 -0.00283331 0.00397788
0.201342 1.89899 1.08532 -0.00267226 0.00412976
0.221477 1.89899 1.08613 -0.00244567 0.00426754
0.241611 1.89899 1.0869 -0.00215961 0.00439362
0.261745 1.89899 1.0876 -0.00181941 0.00450951
0.281879 1.89899 1.08825 -0.00142982 0.00461615
0.302013 1.89899 1.08883 -0.000995202 0.00471409
0.322148 1.89899 1.08935 -0.000519596 0.00480366
0.342282 1.89899 1.08981 -6.81402e-06 0.00488501
0.362416 1.89899 1.0902 0.000539499 0.00495819
0.38255 1.89899 1.09052 0.00111583 0.0050232
0.402685 1.89899 1.09077 0.00171876 0.00507999
0.422819 1.89899 1.09096 0.00234496 0.0051285
0.442953 1.89899 1.09108 0.00299114 0.00516865
0.463087 1.89899 1.09112 0.0036541 0.00520041
0.483221 1.89899 1.0911 0.00433066 0.0052237
0.503356 1.89899 1.09101 0.00501772 0.00523851
0.52349 1.89899 1.09084 0.00571219 0.00524483
0.543624 1.89899 1.09061 0.00641108 0.00524268
0.563758 1.89899 1.09031 0.00711143 0.0052321
0.583893 1.89899 1.08993 0.00781034 0.00521319
0.604027 1.89899 1.0895 0.00850499 0.00518604
0.624161 1.89899 1.08899 0.00919263 0.00515081
0.644295 1.89899 1.08842 0.00987061 0.00510768
0.66443 1.89899 1.08779 0.0105363 0.00505686
0.684564 1.89899 1.08709 0.0111874 0.0049986
0.704698 1.89899 1.08634 0.0118214 0.00493321
0.724832 1.89899 1.08552 0.0124361 0.00486101
0.744966 1.89899 1.08466 0.0130294 0.00478235
0.765101 1.89899 1.08374 0.0135993 0.00469764
0.785235 1.89899 1.08277 0.0141441 0.0046073
0.805369 1.89899 1.08175 0.0146621 0.00451181
0.825503 1.89899 1.08069 0.0151517 0.00441165
0.845638 1.89899 1.07959 0.0156118 0.00430733
0.865772 1.89899 1.07845 0.0160412 0.00419939
0.885906 1.89899 1.07728 0.0164389 0.00408839
0.90604 1.89899 1.07607 0.0168042 0.0039749
0.926174 1.89899 1.07484 0.0171366 0.00385948
0.946309 1.89899 1.07358 0.0174356 0.00374271
0.966443 1.89899 1.0723 0.0177012 0.00362516
0.986577 1.89899 1.071 0.0179334 0.00350739
1.00671 1.89899 1.06968 0.0181324 0.00338994
1.02685 1.89899 1.06835 0.0182986 0.00327333
1.04698 1.89899 1.06702 0.0184325 0.00315807
1.06711 1.89899 1.06568 0.0185349 0.00304461
1.08725 1.89899 1.06433 0.0186067 0.00293338
1.10738 1.89899 1.06299 0.0186489 0.00282476
1.12752 1.89899 1.06164 0.0186626 0.00271911
1.14765 1.89899 1.0603 0.018649 0.00261673
1.16779 1.89899 1.05897 0.0186094 0.00251787
1.18792 1.89899 1.05765 0.0185453 0.00242274
1.20805 1.89899 1.05633 0.0184582 0.0023315
1.22819 1.89899 1.05503 0.0183494 0.00224427
1.24832 1.89899 1.05375 0.0182205 0.00216113
1.26846 1.89899 1.05247 0.018073 0.00208212
1.28859 1.89899 1.05122 0.0179084 0.00200722
1.30872 1.89899 1.04998 0.0177283 0.00193639
1.32886 1.89899 1.04877 0.0175341 0.00186957
1.34899 1.89899 1.04757 0.0173272 0.00180666
1.36913 1.89899 1.04639 0.017109 0.00174753
1.38926 1.89899 1.04523 0.0168808 0.00169203
1.4094 1.89899 1.0441 0.0166439 0.00164
1.42953 1.89899 1.04298 0.0163994 0.00159127
1.44966 1.89899 1.04189 0.0161485 0.00154565
1.4698 1.89899 1.04082 0.0158923 0.00150294
1.48993 1.89899 1.03977 0.0156316 0.00146295
1.51007 1.89899 1.03874 0.0153674 0.00142548
1.5302 1.89899 1.03774 0.0151005 0.00139033
1.55034 1.89899 1.03675 0.0148316 0.0013573
1.57047 1.89899 1.03579 0.0145613 0.00132622
1.5906 1.89899 1.03484 0.0142903 0.00129688
1.61074 1.89899 1.03392 0.0140191 0.00126914
1.63087 1.89899 1.03301 0.0137482 0.00124281
1.65101 1.89899 1.03213 0.0134778 0.00121774
1.67114 1.89899 1.03126 0.0132085 0.0011938
1.69128 1.89899 1.03042 0.0129404 0.00117085
1.71141 1.89899 1.02959 0.0126738 0.00114877
1.73154 1.89899 1.02878 0.0124088 0.00112747
1.75168 1.89899 1.02799 0.0121457 0.00110684
1.77181 1.89899 1.02721 0.0118846 0.00108681
1.79195 1.89899 1.02645 0.0116255 0.0010673
1.81208 1.89899 1.02571 0.0113685 0.00104827
1.83221 1.89899 1.02499 0.0111136 0.00102966
1.85235 1.89899 1.02428 0.0108609 0.00101145
1.87248 1.89899 1.02359 0.0106104 0.000993604
1.89262 1.89899 1.02291 0.010362 0.000976116
1.91275 1.89899 1.02225 0.0101158 0.000958978
1.93289 1.89899 1.0216 0.00987174 0.000942193
1.95302 1.89899 1.02097 0.00962978 0.000925771
1.97315 1.89899 1.02035 0.00938991 0.000909726
1.99329 1.89899 1.01975 0.00915211 0.00089408
2.01342 1.89899 1.01916 0.00891636 0.000878855
2.03356 1.89899 1.01859 0.00868267 0.000864079
2.05369 1.89899 1.01803 0.00845101 0.00084978
2.07383 1.89899 1.01748 0.0082214 0.000835986
2.09396 1.89899 1.01695 0.00799384 0.000822726
2.11409 1.89899 1.01643 0.00776833 0.00081003
2.13423 1.89899 1.01593 0.00754491 0.000797921
2.15436 1.89899 1.01544 0.00732359 0.000786426
2.1745 1.89899 1.01496 0.0071044 0.000775564
2.19463 1.89899 1.0145 0.00688738 0.000765354
2.21477 1.89899 1.01405 0.00667257 0.00075581
2.2349 1.89899 1.01362 0.00646001 0.000746943
2.25503 1.89899 1.0132 0.00624974 0.000738761
2.27517 1.89899 1.01279 0.00604181 0.000731266
2.2953 1.89899 1.01239 0.00583626 0.000724458
2.31544 1.89899 1.01201 0.00563313 0.000718335
2.33557 1.89899 1.01164 0.00543247 0.00071289
2.3557 1.89899 1.01128 0.00523432 0.000708113
2.37584 1.89899 1.01094 0.00503873 0.000703994
2.39597 1.89899 1.0106 0.00484572 0.000700517
2.41611 1.89899 1.01028 0.00465534 0.000697666
2.43624 1.89899 1.00998 0.00446762 0.000695425
2.45638 1.89899 1.00968 0.00428259 0.000693774
2.47651 1.89899 1.0094 0.00410029 0.00069269
2.49664 1.89899 1.00912 0.00392073 0.000692152
2.51678 1.89899 1.00886 0.00374394 0.000692133
2.53691 1.89899 1.00861 0.00356995 0.000692606
2.55705 1.89899 1.00838 0.00339877 0.000693539
2.57718 1.89899 1.00815 0.00323043 0.000694894
2.59732 1.89899 1.00793 0.00306494 0.000696628
2.61745 1.89899 1.00772 0.00290231 0.000698686
2.63758 1.89899 1.00752 0.00274254 0.000701003
2.65772 1.89899 1.00733 0.00258563 0.000703492
2.67785 1.89899 1.00715 0.00243155 0.000706043
2.69799 1.89899 1.00698 0.00228026 0.000708513
2.71812 1.89899 1.00681 0.00213168 0.000710709
2.73826 1.89899 1.00666 0.00198568 0.000712375
2.75839 1.89899 1.0065 0.00184209 0.000713166
2.77852 1.89899 1.00636 0.00170062 0.000712609
2.79866 1.89899 1.00622 0.00156087 0.000710055
2.81879 1.89899 1.00608 0.00142229 0.000704603
2.83893 1.89899 1.00594 0.00128407 0.000694993
2.85906 1.89899 1.00581 0.00114513 0.000679449
2.87919 1.89899 1.00568 0.00100406 0.000655448
2.89933 1.89899 1.00555 0.000858985 0.000619405
2.91946 1.89899 1.00543 0.000707679 0.000566226
2.9396 1.89899 1.00531 0.000547607 0.000488779
2.95973 1.89899 1.00521 0.000376594 0.000377311
2.97987 1.89899 1.00512 0.000193125 0.000219398
3 1.89899 1.00509 0 0

0 1.91919 1.0758 0 0
0.0201342 1.91919 1.07576 -0.000746504 0.000967551
0.0402685 1.91919 1.07689 -0.00140002 0.00162629
0.0604027 1.91919 1.0778 -0.00190316 0.00207825
0.0805369 1.91919 1.07899 -0.00227557 0.00239315
0.100671 1.91919 1.08012 -0.0025247 0.00262213
0.120805 1.91919 1.08126 -0.00267075 0.00279704
0.14094 1.91919 1.08236 -0.00272706 0.00293763
0.161074 1.91919 1.08342 -0.00270625 0.00305585
0.181208 1.91919 1.08442 -0.00261776 0.00315889
0.201342 1.91919 1.08537 -0.00246933 0.00325106
0.221477 1.91919 1.08625 -0.00226721 0.00333495
0.241611 1.91919 1.08708 -0.00201659 0.00341208
0.261745 1.91919 1.08783 -0.00172193 0.00348333
0.281879 1.91919 1.08853 -0.00138715 0.00354921
0.302013 1.91919 1.08915 -0.00101579 0.00360996
0.322148 1.91919 1.08971 -0.000611148 0.0036657
0.342282 1.91919 1.0902 -0.000176316 0.00371644
0.362416 1.91919 1.09062 0.000285746 0.00376214
0.38255 1.91919 1.09097 0.000772178 0.00380272
0.402685 1.91919 1.09125 0.00128019 0.00383811
0.422819 1.91919 1.09145 0.00180706 0.00386821
0.442953 1.91919 1.09159 0.00235011 0.00389294
0.463087 1.91919 1.09165 0.00290668 0.00391222
0.483221 1.91919 1.09163 0.00347418 0.00392599
0.503356 1.91919 1.09155 0.00405005 0.00393421
0.52349 1.91919 1.09139 0.00463174 0.00393683
0.543624 1.91919 1.09116 0.00521678 0.00393386
0.563758 1.91919 1.09085 0.00580273 0.00392531
0.583893 1.91919 1.09048 0.00638719 0.00391121
0.604027 1.91919 1.09004 0.00696783 0.00389162
0.624161 1.91919 1.08952 0.00754237 0.00386662
0.644295 1.91919 1.08894 0.00810861 0.00383632
0.66443 1.91919 1.0883 0.00866442 0.00380085
0.684564 1.91919 1.08759 0.00920776 0.00376037
0.704698 1.91919 1.08682 0.00973668 0.00371507
0.724832 1.91919 1.08599 0.0102493 0.00366515
0.744966 1.91919 1.08511 0.010744 0.00361085
0.765101 1.91919 1.08417 0.011219 0.00355242
0.785235 1.91919 1.08318 0.0116729 0.00349016
0.805369 1.91919 1.08214 0.0121043 0.00342436
0.825503 1.91919 1.08105 0.0125119 0.00335535
0.845638 1.91919 1.07993 0.0128948 0.00328346
0.865772 1.91919 1.07876 0.013252 0.00320906
0.885906 1.91919 1.07756 0.0135827 0.00313251
0.90604 1.91919 1.07633 0.0138863 0.00305419
0.926174 1.91919 1.07507 0.0141624 0.00297449
0.946309 1.91919 1.07379 0.0144106 0.00289378
0.966443 1.91919 1.07248 0.0146309 0.00281245
0.986577 1.91919 1.07115 0.0148234 0.00273087
1.00671 1.91919 1.06981 0.0149881 0.00264942
1.02685 1.91919 1.06846 0.0151255 0.00256843
1.04698 1.91919 1.0671 0.015236 0.00248825
1.06711 1.91919 1.06573 0.0153202 0.0024092
1.08725 1.91919 1.06436 0.0153789 0.00233155
1.10738 1.91919 1.063 0.015413 0.00225557
1.12752 1.91919 1.06163 0.0154233 0.00218151
1.14765 1.91919 1.06027 0.015411 0.00210956
1.16779 1.91919 1.05892 0.0153771 0.0020399
1.18792 1.91919 1.05757 0.0153228 0.00197269
1.20805 1.91919 1.05624 0.0152493 0.00190802
1.22819 1.91919 1.05493 0.0151579 0.00184599
1.24832 1.91919 1.05362 0.0150498 0.00178666
1.26846 1.91919 1.05234 0.0149263 0.00173005
1.28859 1.91919 1.05107 0.0147887 0.00167616
1.30872 1.91919 1.04982 0.0146382 0.00162497
1.32886 1.91919 1.04859 0.0144761 0.00157644
1.34899 1.91919 1.04738 0.0143035 0.00153051
1.36913 1.91919 1.0462 0.0141216 0.0014871
1.38926 1.91919 1.04503 0.0139315 0.00144612
1.4094 1.91919 1.04389 0.0137343 0.00140745
1.42953 1.91919 1.04277 0.0135309 0.00137099
1.44966 1.91919 1.04167 0.0133223 0.00133661
1.4698 1.91919 1.04059 0.0131093 0.00130419
1.48993 1.91919 1.03954 0.0128928 0.00127361
1.51007 1.91919 1.03851 0.0126734 0.00124472
1.5302 1.91919 1.0375 0.0124519 0.0012174
1.55034 1.91919 1.03651 0.0122289 0.00119152
1.57047 1.91919 1.03555 0.0120048 0.00116695
1.5906 1.91919 1.0346 0.0117803 0.00114359
1.61074 1.91919 1.03368 0.0115557 0.00112131
1.63087 1.91919 1.03277 0.0113313 0.0011
1.65101 1.91919 1.03189 0.0111076 0.00107956
1.67114 1.91919 1.03103 0.0108848 0.00105991
1.69128 1.91919 1.03018 0.0106632 0.00104095
1.71141 1.91919 1.02935 0.0104428 0.00102261
1.73154 1.91919 1.02855 0.0102239 0.00100481
1.75168 1.91919 1.02775 0.0100067 0.000987501
1.77181 1.91919 1.02698 0.00979107 0.000970626
1.79195 1.91919 1.02623 0.00957724 0.000954141
1.81208 1.91919 1.02549 0.00936522 0.00093801
1.83221 1.91919 1.02476 0.00915502 0.000922204
1.85235 1.91919 1.02406 0.00894666 0.000906703
1.87248 1.91919 1.02337 0.00874015 0.000891493
1.89262 1.91919 1.02269 0.00853546 0.000876566
1.91275 1.91919 1.02203 0.00833259 0.000861921
1.93289 1.91919 1.02139 0.00813152 0.000847561
1.95302 1.91919 1.02076 0.00793222 0.000833494
1.97315 1.91919 1.02014 0.00773468 0.000819733
1.99329 1.91919 1.01954 0.00753887 0.000806293
2.01342 1.91919 1.01896 0.00734477 0.000793193
2.03356 1.91919 1.01839 0.00715238 0.000780451
2.05369 1.91919 1.01783 0.00696169 0.00076809
2.07383 1.91919 1.01729 0.00677268 0.00075613
2.09396 1.91919 1.01676 0.00658537 0.000744592
2.11409 1.91919 1.01624 0.00639977 0.000733498
2.13423 1.91919 1.01574 0.00621588 0.000722866
2.15436 1.91919 1.01525 0.00603372 0.000712714
2.1745 1.91919 1.01478 0.00585332 0.000703058
2.19463 1.91919 1.01432 0.00567471 0.00069391
2.21477 1.91919 1.01387 0.00549791 0.000685282
2.2349 1.91919 1.01344 0.00532296 0.000677183
2.25503 1.91919 1.01302 0.0051499 0.000669616
2.27517 1.91919 1.01261 0.00497875 0.000662587
2.2953 1.91919 1.01222 0.00480956 0.000656094
2.31544 1.91919 1.01184 0.00464237 0.000650136
2.33557 1.91919 1.01147 0.00447721 0.000644709
2.3557 1.91919 1.01112 0.00431411 0.000639806
2.37584 1.91919 1.01077 0.00415312 0.000635419
2.39597 1.91919 1.01044 0.00399427 0.000631539
2.41611 1.91919 1.01013 0.00383758 0.000628153
2.43624 1.91919 1.00982 0.0036831 0.00062525
2.45638 1.91919 1.00953 0.00353085 0.000622815
2.47651 1.91919 1.00925 0.00338086 0.000620832
2.49664 1.91919 1.00898 0.00323317 0.000619285
2.51678 1.91919 1.00872 0.00308779 0.000618154
2.53691 1.91919 1.00847 0.00294475 0.00061742
2.55705 1.91919 1.00823 0.00280409 0.000617059
2.57718 1.91919 1.008 0.00266584 0.000617043
2.59732 1.91919 1.00779 0.00253001 0.00061734
2.61745 1.91919 1.00758 0.00239664 0.000617911
2.63758 1.91919 1.00738 0.00226574 0.000618707
2.65772 1.91919 1.0072 0.00213734 0.000619667
2.67785 1.91919 1.00702 0.00201144 0.000620711
2.69799 1.91919 1.00684 0.00188803 0.000621736
2.71812 1.91919 1.00668 0.00176709 0.000622605
2.73826 1.91919 1.00652 0.00164856 0.000623135
2.75839 1.91919 1.00637 0.00153232 0.000623076
2.77852 1.91919 1.00622 0.00141818 0.000622088
2.79866 1.91919 1.00607 0.00130583 0.000619696
2.81879 1.91919 1.00593 0.00119483 0.000615231
2.83893 1.91919 1.00578 0.00108449 0.000607736
2.85906 1.91919 1.00564 0.000973816 0.00059582
2.87919 1.91919 1.0055 0.000861371 0.000577431
2.89933 1.91919 1.00535 0.000745156 0.000549503
2.91946 1.91919 1.0052 0.000622478 0.000507403
2.9396 1.91919 1.00505 0.000489856 0.000444123
2.95973 1.91919 1.00491 0.000343549 0.000349193
2.97987 1.91919 1.00478 0.000179685 0.00020774
3 1.91919 1.00472 0 0

0 1.93939 1.07381 0 0
0.0201342 1.93939 1.07396 -0.000737496 0.000905649
0.0402685 1.93939 1.07541 -0.00134429 0.00143075
0.0604027 1.93939 1.0767 -0.0017738 0.00174574
0.0805369 1.93939 1.07816 -0.00207015 0.00193991
0.100671 1.93939 1.07954 -0.00225465 0.00206848
0.120805 1.93939 1.08088 -0.00235228 0.0021604
0.14094 1.93939 1.08214 -0.00237815 0.00223149
0.161074 1.93939 1.08332 -0.00234428 0.00229037
0.181208 1.93939 1.08443 -0.00225893 0.00234169
0.201342 1.93939 1.08546 -0.00212841 0.00238798
0.221477 1.93939 1.08642 -0.00195755 0.00243059
0.241611 1.93939 1.0873 -0.00175027 0.00247026
0.261745 1.93939 1.08812 -0.00150988 0.00250731
0.281879 1.93939 1.08886 -0.00123925 0.0025419
0.302013 1.93939 1.08953 -0.000941025 0.00257404
0.322148 1.93939 1.09013 -0.000617626 0.00260371
0.342282 1.93939 1.09065 -0.000271366 0.00263083
0.362416 1.93939 1.0911 9.55352e-05 0.00265531
0.38255 1.93939 1.09148 0.000480917 0.00267704
0.402685 1.93939 1.09178 0.000882664 0.00269594
0.422819 1.93939 1.092 0.0012987 0.00271191
0.442953 1.93939 1.09215 0.00172696 0.00272486
0.463087 1.93939 1.09223 0.00216544 0.00273472
0.483221 1.93939 1.09223 0.00261211 0.00274142
0.503356 1.93939 1.09215 0.00306501 0.00274492
0.52349 1.93939 1.09199 0.00352218 0.00274517
0.543624 1.93939 1.09176 0.0039817 0.00274215
0.563758 1.93939 1.09146 0.00444167 0.00273585
0.583893 1.93939 1.09108 0.00490023 0.00272627
0.604027 1.93939 1.09063 0.00535559 0.00271343
0.624161 1.93939 1.09011 0.00580597 0.00269737
0.644295 1.93939 1.08952 0.00624965 0.00267814
0.66443 1.93939 1.08887 0.00668499 0.0026558
0.684564 1.93939 1.08814 0.0071104 0.00263044
0.704698 1.93939 1.08736 0.00752436 0.00260217
0.724832 1.93939 1.08651 0.00792543 0.00257108
0.744966 1.93939 1.0856 0.00831226 0.00253732
0.765101 1.93939 1.08464 0.00868359 0.00250104
0.785235 1.93939 1.08363 0.00903826 0.00246239
0.805369 1.93939 1.08256 0.00937521 0.00242155
0.825503 1.93939 1.08145 0.00969349 0.00237871
0.845638 1.93939 1.0803 0.00999227 0.00233406
0.865772 1.93939 1.07911 0.0102708 0.00228782
0.885906 1.93939 1.07788 0.0105286 0.00224021
0.90604 1.93939 1.07662 0.0107651 0.00219144
0.926174 1.93939 1.07533 0.0109799 0.00214174
0.946309 1.93939 1.07402 0.011173 0.00209134
0.966443 1.93939 1.07268 0.0113442 0.00204048
0.986577 1.93939 1.07132 0.0114934 0.00198936
1.00671 1.93939 1.06996 0.011621 0.00193822
1.02685 1.93939 1.06857 0.0117272 0.00188726
1.04698 1.93939 1.06719 0.0118123 0.00183669
1.06711 1.93939 1.06579 0.0118769 0.0017867
1.08725 1.93939 1.0644 0.0119216 0.00173746
1.10738 1.93939 1.063 0.011947 0.00168913
1.12752 1.93939 1.06161 0.0119538 0.00164187
1.14765 1.93939 1.06023 0.011943 0.00159579
1.16779 1.93939 1.05885 0.0119154 0.00155101
1.18792 1.93939 1.05749 0.0118718 0.00150762
1.20805 1.93939 1.05614 0.0118133 0.00146569
1.22819 1.93939 1.0548 0.0117409 0.00142528
1.24832 1.93939 1.05348 0.0116555 0.00138642
1.26846 1.93939 1.05218 0.0115582 0.00134915
1.28859 1.93939 1.0509 0.01145 0.00131347
1.30872 1.93939 1.04964 0.0113317 0.00127936
1.32886 1.93939 1.0484 0.0112045 0.00124682
1.34899 1.93939 1.04718 0.0110692 0.0012158
1.36913 1.93939 1.04598 0.0109268 0.00118626
1.38926 1.93939 1.04481 0.0107781 0.00115816
1.4094 1.93939 1.04366 0.0106239 0.00113144
1.42953 1.93939 1.04253 0.010465 0.00110603
1.44966 1.93939 1.04143 0.0103022 0.00108186
1.4698 1.93939 1.04035 0.010136 0.00105887
1.48993 1.93939 1.03929 0.00996724 0.00103697
1.51007 1.93939 1.03826 0.00979636 0.0010161
1.5302 1.93939 1.03725 0.00962393 0.00099618
1.55034 1.93939 1.03626 0.0094504 0.000977134
1.57047 1.93939 1.03529 0.00927621 0.000958892
1.5906 1.93939 1.03434 0.00910173 0.000941386
1.61074 1.93939 1.03342 0.00892729 0.000924549
1.63087 1.93939 1.03252 0.00875317 0.000908318
1.65101 1.93939 1.03163 0.00857964 0.000892635
1.67114 1.93939 1.03077 0.00840688 0.000877447
1.69128 1.93939 1.02993 0.00823509 0.000862702
1.71141 1.93939 1.0291 0.0080644 0.000848357
1.73154 1.93939 1.02829 0.00789494 0.000834372
1.75168 1.93939 1.02751 0.00772677 0.000820712
1.77181 1.93939 1.02674 0.00755999 0.000807346
1.79195 1.93939 1.02598 0.00739462 0.000794251
1.81208 1.93939 1.02524 0.0072307 0.000781405
1.83221 1.93939 1.02452 0.00706825 0.000768794
1.85235 1.93939 1.02382 0.00690727 0.000756406
1.87248 1.93939 1.02313 0.00674775 0.000744235
1.89262 1.93939 1.02246 0.00658968 0.000732278
1.91275 1.93939 1.0218 0.00643304 0.000720535
1.93289 1.93939 1.02116 0.00627783 0.000709011
1.95302 1.93939 1.02053 0.006124 0.000697712
1.97315 1.93939 1.01992 0.00597155 0.000686648
1.99329 1.93939 1.01932 0.00582046 0.000675828
2.01342 1.93939 1.01874 0.0056707 0.000665267
2.03356 1.93939 1.01817 0.00552226 0.000654977
2.05369 1.93939 1.01762 0.00537514 0.000644973
2.07383 1.93939 1.01708 0.00522934 0.00063527
2.09396 1.93939 1.01655 0.00508484 0.000625881
2.11409 1.93939 1.01604 0.00494166 0.00061682
2.13423 1.93939 1.01554 0.0047998 0.000608102
2.15436 1.93939 1.01506 0.00465928 0.000599736
2.1745 1.93939 1.01458 0.00452011 0.000591734
2.19463 1.93939 1.01413 0.00438231 0.000584106
2.21477 1.93939 1.01368 0.00424591 0.000576858
2.2349 1.93939 1.01325 0.00411093 0.000569995
2.25503 1.93939 1.01283 0.0039774 0.000563523
2.27517 1.93939 1.01243 0.00384535 0.000557443
2.2953 1.93939 1.01204 0.00371481 0.000551755
2.31544 1.93939 1.01166 0.0035858 0.000546459
2.33557 1.93939 1.0113 0.00345835 0.000541552
2.3557 1.93939 1.01094 0.0033325 0.000537029
2.37584 1.93939 1.0106 0.00320828 0.000532885
2.39597 1.93939 1.01028 0.00308571 0.000529114
2.41611 1.93939 1.00996 0.00296482 0.000525708
2.43624 1.93939 1.00966 0.00284563 0.000522659
2.45638 1.93939 1.00937 0.00272818 0.000519955
2.47651 1.93939 1.00909 0.00261249 0.000517587
2.49664 1.93939 1.00882 0.00249859 0.000515542
2.51678 1.93939 1.00856 0.00238651 0.000513808
2.53691 1.93939 1.00831 0.00227627 0.000512369
2.55705 1.93939 1.00808 0.00216791 0.000511208
2.57718 1.93939 1.00786 0.00206145 0.000510307
2.59732 1.93939 1.00764 0.00195693 0.000509641
2.61745 1.93939 1.00744 0.00185438 0.000509184
2.63758 1.93939 1.00724 0.00175384 0.000508902
2.65772 1.93939 1.00705 0.00165535 0.000508751
2.67785 1.93939 1.00687 0.00155892 0.000508679
2.69799 1.93939 1.0067 0.00146459 0.000508615
2.71812 1.93939 1.00654 0.00137238 0.000508469
2.73826 1.93939 1.00638 0.00128226 0.000508119
2.75839 1.93939 1.00623 0.00119421 0.000507404
2.77852 1.93939 1.00607 0.00110812 0.0005061
2.79866 1.93939 1.00593 0.00102382 0.000503897
2.81879 1.93939 1.00578 0.000941013 0.000500355
2.83893 1.93939 1.00563 0.000859197 0.000494834
2.85906 1.93939 1.00547 0.000777592 0.000486381
2.87919 1.93939 1.00532 0.000694981 0.000473542
2.89933 1.93939 1.00515 0.000609496 0.000454029
2.91946 1.93939 1.00497 0.000518344 0.000424145
2.9396 1.93939 1.00478 0.000417402 0.000377761
2.95973 1.93939 1.00459 0.000301236 0.000304594
2.97987 1.93939 1.0044 0.000162575 0.000187563
3 1.93939 1.00429 0 0

0 1.9596 1.07099 0 0
0.0201342 1.9596 1.07131 -0.000699697 0.000779583
0.0402685 1.9596 1.074 -0.00119749 0.00114974
0.0604027 1.9596 1.07563 -0.00149671 0.00131293
0.0805369 1.9596 1.07751 -0.00168807 0.00139987
0.100671 1.9596 1.07911 -0.0017936 0.00144687
0.120805 1.9596 1.08063 -0.00183983 0.00147732
0.14094 1.9596 1.08203 -0.00183824 0.00149939
0.161074 1.9596 1.08332 -0.00179791 0.00151771
0.181208 1.9596 1.08452 -0.00172431 0.00153415
0.201342 1.9596 1.08563 -0.00162146 0.0015496
0.221477 1.9596 1.08666 -0.00149235 0.00156442
0.241611 1.9596 1.0876 -0.00133938 0.00157871
0.261745 1.9596 1.08847 -0.00116457 0.00159246
0.281879 1.9596 1.08926 -0.000969727 0.00160559
0.302013 1.9596 1.08997 -0.000756497 0.00161801
0.322148 1.9596 1.09061 -0.000526443 0.00162963
0.342282 1.9596 1.09117 -0.000281068 0.00164034
0.362416 1.9596 1.09165 -2.18343e-05 0.00165006
0.38255 1.9596 1.09206 0.000249822 0.00165868
0.402685 1.9596 1.09238 0.000532483 0.00166614
0.422819 1.9596 1.09263 0.000824745 0.00167234
0.442953 1.9596 1.0928 0.00112522 0.00167723
0.463087 1.9596 1.09288 0.00143252 0.00168074
0.483221 1.9596 1.09289 0.00174528 0.00168282
0.503356 1.9596 1.09282 0.00206214 0.00168343
0.52349 1.9596 1.09267 0.00238177 0.00168253
0.543624 1.9596 1.09245 0.00270283 0.0016801
0.563758 1.9596 1.09214 0.00302403 0.00167611
0.583893 1.9596 1.09176 0.00334409 0.00167055
0.604027 1.9596 1.0913 0.00366175 0.00166342
0.624161 1.9596 1.09077 0.00397579 0.00165472
0.644295 1.9596 1.09017 0.00428504 0.00164447
0.66443 1.9596 1.0895 0.00458834 0.00163269
0.684564 1.9596 1.08876 0.0048846 0.00161941
0.704698 1.9596 1.08795 0.00517276 0.00160468
0.724832 1.9596 1.08708 0.00545184 0.00158853
0.744966 1.9596 1.08615 0.0057209 0.00157103
0.765101 1.9596 1.08517 0.00597906 0.00155224
0.785235 1.9596 1.08412 0.00622551 0.00153223
0.805369 1.9596 1.08303 0.00645954 0.00151108
0.825503 1.9596 1.08189 0.00668048 0.00148888
0.845638 1.9596 1.08071 0.00688776 0.00146573
0.865772 1.9596 1.07949 0.00708089 0.00144171
0.885906 1.9596 1.07823 0.00725946 0.00141693
0.90604 1.9596 1.07693 0.00742315 0.0013915
0.926174 1.9596 1.07561 0.00757174 0.00136553
0.946309 1.9596 1.07426 0.00770509 0.00133912
0.966443 1.9596 1.07289 0.00782315 0.00131239
0.986577 1.9596 1.07151 0.00792595 0.00128545
1.00671 1.9596 1.0701 0.00801361 0.0012584
1.02685 1.9596 1.06869 0.00808635 0.00123134
1.04698 1.9596 1.06727 0.00814443 0.00120439
1.06711 1.9596 1.06585 0.00818822 0.00117762
1.08725 1.9596 1.06442 0.00821813 0.00115114
1.10738 1.9596 1.063 0.00823464 0.00112502
1.12752 1.9596 1.06159 0.00823829 0.00109934
1.14765 1.9596 1.06018 0.00822966 0.00107416
1.16779 1.9596 1.05878 0.00820936 0.00104955
1.18792 1.9596 1.05739 0.00817806 0.00102554
1.20805 1.9596 1.05602 0.00813643 0.00100219
1.22819 1.9596 1.05466 0.00808516 0.000979526
1.24832 1.9596 1.05333 0.00802496 0.000957568
1.26846 1.9596 1.05201 0.00795652 0.000936334
1.28859 1.9596 1.05071 0.00788055 0.000915834
1.30872 1.9596 1.04943 0.00779775 0.000896068
1.32886 1.9596 1.04818 0.00770878 0.000877033
1.34899 1.9596 1.04695 0.0076143 0.000858717
1.36913 1.9596 1.04574 0.00751495 0.000841105
1.38926 1.9596 1.04456 0.00741134 0.000824176
1.4094 1.9596 1.0434 0.00730402 0.000807908
1.42953 1.9596 1.04227 0.00719355 0.000792274
1.44966 1.9596 1.04116 0.00708042 0.000777243
1.4698 1.9596 1.04008 0.00696512 0.000762785
1.48993 1.9596 1.03902 0.00684807 0.000748867
1.51007 1.9596 1.03798 0.00672966 0.000735458
1.5302 1.9596 1.03697 0.00661027 0.000722522
1.55034 1.9596 1.03598 0.00649022 0.000710028
1.57047 1.9596 1.03501 0.00636979 0.000697943
1.5906 1.9596 1.03406 0.00624924 0.000686236
1.61074 1.9596 1.03314 0.00612881 0.000674876
1.63087 1.9596 1.03224 0.00600868 0.000663836
1.65101 1.9596 1.03136 0.00588901 0.000653088
1.67114 1.9596 1.0305 0.00576997 0.000642607
1.69128 1.9596 1.02965 0.00565164 0.000632372
1.71141 1.9596 1.02883 0.00553415 0.000622361
1.73154 1.9596 1.02803 0.00541754 0.000612556
1.75168 1.9596 1.02724 0.0053019 0.000602943
1.77181 1.9596 1.02647 0.00518724 0.000593507
1.79195 1.9596 1.02572 0.00507361 0.000584238
1.81208 1.9596 1.02499 0.00496102 0.000575127
1.83221 1.9596 1.02427 0.00484947 0.000566168
1.85235 1.9596 1.02357 0.00473896 0.000557356
1.87248 1.9596 1.02288 0.00462949 0.000548691
1.89262 1.9596 1.02221 0.00452104 0.000540171
1.91275 1.9596 1.02156 0.00441359 0.000531798
1.93289 1.9596 1.02092 0.00430713 0.000523577
1.95302 1.9596 1.02029 0.00420164 0.000515511
1.97315 1.9596 1.01969 0.00409711 0.000507606
1.99329 1.9596 1.01909 0.00399351 0.00049987
2.01342 1.9596 1.01851 0.00389084 0.000492309
2.03356 1.9596 1.01794 0.00378908 0.000484933
2.05369 1.9596 1.01739 0.00368823 0.000477749
2.07383 1.9596 1.01685 0.00358827 0.000470766
2.09396 1.9596 1.01633 0.00348921 0.000463992
2.11409 1.9596 1.01582 0.00339105 0.000457436
2.13423 1.9596 1.01533 0.0032938 0.000451104
2.15436 1.9596 1.01484 0.00319746 0.000445004
2.1745 1.9596 1.01437 0.00310204 0.000439142
2.19463 1.9596 1.01392 0.00300755 0.000433523
2.21477 1.9596 1.01348 0.00291402 0.000428152
2.2349 1.9596 1.01305 0.00282146 0.000423031
2.25503 1.9596 1.01264 0.00272989 0.000418163
2.27517 1.9596 1.01223 0.00263933 0.00041355
2.2953 1.9596 1.01185 0.0025498 0.000409191
2.31544 1.9596 1.01147 0.00246131 0.000405087
2.33557 1.9596 1.01111 0.0023739 0.000401235
2.3557 1.9596 1.01076 0.00228759 0.000397634
2.37584 1.9596 1.01042 0.00220238 0.000394279
2.39597 1.9596 1.01009 0.00211831 0.000391167
2.41611 1.9596 1.00978 0.0020354 0.000388293
2.43624 1.9596 1.00948 0.00195366 0.000385651
2.45638 1.9596 1.00919 0.00187312 0.000383236
2.47651 1.9596 1.00892 0.00179379 0.00038104
2.49664 1.9596 1.00865 0.00171571 0.000379056
2.51678 1.9596 1.0084 0.00163889 0.000377274
2.53691 1.9596 1.00815 0.00156336 0.000375685
2.55705 1.9596 1.00792 0.00148914 0.000374278
2.57718 1.9596 1.0077 0.00141626 0.000373039
2.59732 1.9596 1.00749 0.00134476 0.000371953
2.61745 1.9596 1.00728 0.00127466 0.000371002
2.63758 1.9596 1.00709 0.00120601 0.000370164
2.65772 1.9596 1.00691 0.00113883 0.000369412
2.67785 1.9596 1.00673 0.00107319 0.000368712
2.69799 1.9596 1.00656 0.0010091 0.000368021
2.71812 1.9596 1.0064 0.000946615 0.000367284
2.73826 1.9596 1.00624 0.000885759 0.000366432
2.75839 1.9596 1.00609 0.000826548 0.000365369
2.77852 1.9596 1.00594 0.000768969 0.00036397
2.79866 1.9596 1.00579 0.000712965 0.000362062
2.81879 1.9596 1.00564 0.0006584 0.000359402
2.83893 1.9596 1.00548 0.000605017 0.000355638
2.85906 1.9596 1.00532 0.000552352 0.00035024
2.87919 1.9596 1.00515 0.000499606 0.000342384
2.89933 1.9596 1.00496 0.000445423 0.000330715
2.91946 1.9596 1.00475 0.000387528 0.000312902
2.9396 1.9596 1.00452 0.000322053 0.000284625
2.95973 1.9596 1.00427 0.000242838 0.000237744
2.97987 1.9596 1.00397 0.000138668 0.000154099
3 1.9596 1.00378 0 0

0 1.9798 1.06413 0 0
0.0201342 1.9798 1.06895 -0.000563063 0.000548831
0.0402685 1.9798 1.07142 -0.000820504 0.000681611
0.0604027 1.9798 1.07432 -0.000968296 0.000723123
0.0805369 1.9798 1.07654 -0.00104015 0.00074095
0.100671 1.9798 1.07857 -0.0010736 0.000745644
0.120805 1.9798 1.08033 -0.00107855 0.000746874
0.14094 1.9798 1.08191 -0.00106295 0.000746717
0.161074 1.9798 1.08334 -0.00103016 0.000746577
0.181208 1.9798 1.08464 -0.000982484 0.000746763
0.201342 1.9798 1.08584 -0.000921363 0.000747382
0.221477 1.9798 1.08694 -0.000847901 0.000748391
0.241611 1.9798 1.08795 -0.000763012 0.000749714
0.261745 1.9798 1.08887 -0.000667512 0.000751262
0.281879 1.9798 1.08971 -0.000562166 0.00075295
0.302013 1.9798 1.09047 -0.000447711 0.000754701
0.322148 1.9798 1.09115 -0.000324872 0.000756442
0.342282 1.9798 1.09175 -0.000194362 0.000758112
0.362416 1.9798 1.09226 -5.68942e-05 0.000759653
0.38255 1.9798 1.09269 8.68222e-05 0.000761015
0.402685 1.9798 1.09304 0.000236079 0.000762153
0.422819 1.9798 1.09331 0.000390167 0.000763024
0.442953 1.9798 1.0935 0.000548382 0.000763594
0.463087 1.9798 1.0936 0.000710018 0.000763828
0.483221 1.9798 1.09362 0.000874374 0.000763698
0.503356 1.9798 1.09356 0.00104075 0.000763178
0.52349 1.9798 1.09341 0.00120847 0.000762246
0.543624 1.9798 1.09319 0.00137683 0.000760882
0.563758 1.9798 1.09288 0.00154516 0.000759071
0.583893 1.9798 1.09249 0.00171281 0.0007568
0.604027 1.9798 1.09203 0.00187913 0.00075406
0.624161 1.9798 1.09149 0.00204347 0.000750843
0.644295 1.9798 1.09087 0.00220523 0.000747147
0.66443 1.9798 1.09018 0.00236382 0.000742971
0.684564 1.9798 1.08942 0.00251865 0.000738318
0.704698 1.9798 1.08859 0.00266919 0.000733193
0.724832 1.9798 1.0877 0.00281492 0.000727606
0.744966 1.9798 1.08675 0.00295535 0.000721567
0.765101 1.9798 1.08573 0.00309003 0.000715091
0.785235 1.9798 1.08466 0.00321853 0.000708196
0.805369 1.9798 1.08354 0.00334048 0.000700902
0.825503 1.9798 1.08237 0.00345554 0.00069323
0.845638 1.9798 1.08115 0.00356341 0.000685205
0.865772 1.9798 1.07989 0.00366384 0.000676855
0.885906 1.9798 1.0786 0.00375662 0.000668208
0.90604 1.9798 1.07727 0.00384158 0.000659293
0.926174 1.9798 1.07591 0.00391861 0.000650142
0.946309 1.9798 1.07453 0.00398764 0.000640789
0.966443 1.9798 1.07312 0.00404866 0.000631264
0.986577 1.9798 1.0717 0.00410167 0.000621602
1.00671 1.9798 1.07026 0.00414676 0.000611835
1.02685 1.9798 1.06882 0.00418403 0.000601996
1.04698 1.9798 1.06736 0.00421363 0.000592116
1.06711 1.9798 1.06591 0.00423576 0.000582225
1.08725 1.9798 1.06445 0.00425064 0.000572354
1.10738 1.9798 1.063 0.00425853 0.000562528
1.12752 1.9798 1.06155 0.00425972 0.000552774
1.14765 1.9798 1.06012 0.00425451 0.000543115
1.16779 1.9798 1.05869 0.00424323 0.000533571
1.18792 1.9798 1.05728 0.00422623 0.000524162
1.20805 1.9798 1.05589 0.00420387 0.000514903
1.22819 1.9798 1.05451 0.00417652 0.000505808
1.24832 1.9798 1.05315 0.00414454 0.000496889
1.26846 1.9798 1.05182 0.00410832 0.000488155
1.28859 1.9798 1.0505 0.00406821 0.000479613
1.30872 1.9798 1.04921 0.0040246 0.000471267
1.32886 1.9798 1.04795 0.00397782 0.000463119
1.34899 1.9798 1.0467 0.00392823 0.000455172
1.36913 1.9798 1.04549 0.00387616 0.000447424
1.38926 1.9798 1.0443 0.00382192 0.000439873
1.4094 1.9798 1.04313 0.00376582 0.000432515
1.42953 1.9798 1.04199 0.00370813 0.000425345
1.44966 1.9798 1.04088 0.00364912 0.000418358
1.4698 1.9798 1.03979 0.00358904 0.000411548
1.48993 1.9798 1.03872 0.00352811 0.000404908
1.51007 1.9798 1.03769 0.00346654 0.000398429
1.5302 1.9798 1.03667 0.0034045 0.000392105
1.55034 1.9798 1.03568 0.00334218 0.000385928
1.57047 1.9798 1.03471 0.00327972 0.000379889
1.5906 1.9798 1.03377 0.00321724 0.000373982
1.61074 1.9798 1.03284 0.00315487 0.000368198
1.63087 1.9798 1.03194 0.0030927 0.000362531
1.65101 1.9798 1.03106 0.00303082 0.000356973
1.67114 1.9798 1.0302 0.0029693 0.000351518
1.69128 1.9798 1.02936 0.00290819 0.000346162
1.71141 1.9798 1.02854 0.00284754 0.000340897
1.73154 1.9798 1.02774 0.00278739 0.000335721
1.75168 1.9798 1.02696 0.00272776 0.000330628
1.77181 1.9798 1.02619 0.00266868 0.000325616
1.79195 1.9798 1.02544 0.00261014 0.000320682
1.81208 1.9798 1.02471 0.00255216 0.000315825
1.83221 1.9798 1.024 0.00249474 0.000311043
1.85235 1.9798 1.0233 0.00243787 0.000306336
1.87248 1.9798 1.02262 0.00238155 0.000301705
1.89262 1.9798 1.02195 0.00232577 0.000297149
1.91275 1.9798 1.0213 0.00227052 0.000292671
1.93289 1.9798 1.02066 0.00221578 0.000288272
1.95302 1.9798 1.02004 0.00216155 0.000283955
1.97315 1.9798 1.01944 0.00210782 0.000279723
1.99329 1.9798 1.01884 0.00205457 0.000275578
2.01342 1.9798 1.01827 0.00200179 0.000271525
2.03356 1.9798 1.0177 0.00194949 0.000267565
2.05369 1.9798 1.01715 0.00189765 0.000263704
2.07383 1.9798 1.01662 0.00184627 0.000259944
2.09396 1.9798 1.0161 0.00179535 0.000256289
2.11409 1.9798 1.01559 0.00174489 0.000252742
2.13423 1.9798 1.0151 0.0016949 0.000249307
2.15436 1.9798 1.01462 0.00164536 0.000245985
2.1745 1.9798 1.01415 0.0015963 0.00024278
2.19463 1.9798 1.0137 0.00154772 0.000239694
2.21477 1.9798 1.01326 0.00149962 0.000236729
2.2349 1.9798 1.01284 0.00145202 0.000233886
2.25503 1.9798 1.01242 0.00140493 0.000231166
2.27517 1.9798 1.01203 0.00135835 0.000228569
2.2953 1.9798 1.01164 0.00131229 0.000226096
2.31544 1.9798 1.01127 0.00126678 0.000223746
2.33557 1.9798 1.01091 0.00122181 0.000221519
2.3557 1.9798 1.01056 0.00117741 0.000219413
2.37584 1.9798 1.01023 0.00113358 0.000217428
2.39597 1.9798 1.0099 0.00109033 0.00021556
2.41611 1.9798 1.00959 0.00104767 0.000213809
2.43624 1.9798 1.0093 0.00100563 0.00021217
2.45638 1.9798 1.00901 0.0009642 0.000210642
2.47651 1.9798 1.00874 0.000923403 0.00020922
2.49664 1.9798 1.00847 0.000883251 0.000207901
2.51678 1.9798 1.00822 0.000843755 0.00020668
2.53691 1.9798 1.00798 0.000804933 0.000205552
2.55705 1.9798 1.00775 0.000766799 0.000204511
2.57718 1.9798 1.00753 0.000729373 0.000203549
2.59732 1.9798 1.00733 0.000692674 0.00020266
2.61745 1.9798 1.00713 0.000656725 0.000201832
2.63758 1.9798 1.00694 0.000621551 0.000201054
2.65772 1.9798 1.00675 0.000587181 0.000200313
2.67785 1.9798 1.00658 0.000553646 0.000199592
2.69799 1.9798 1.00641 0.00052098 0.000198869
2.71812 1.9798 1.00625 0.000489218 0.000198118
2.73826 1.9798 1.0061 0.000458397 0.000197305
2.75839 1.9798 1.00595 0.000428552 0.00019639
2.77852 1.9798 1.0058 0.000399712 0.000195314
2.79866 1.9798 1.00565 0.000371894 0.000194006
2.81879 1.9798 1.0055 0.000345088 0.000192364
2.83893 1.9798 1.00534 0.00031924 0.000190246
2.85906 1.9798 1.00518 0.00029421 0.000187442
2.87919 1.9798 1.005 0.000269703 0.000183629
2.89933 1.9798 1.00479 0.000245134 0.000178278
2.91946 1.9798 1.00455 0.000219335 0.000170461
2.9396 1.9798 1.00427 0.00019012 0.000158383
2.95973 1.9798 1.00392 0.000152464 0.000138375
2.97987 1.9798 1.00353 9.82071e-05 9.9807e-05
3 1.9798 1.00295 0 0

0 2 1 0 0
0.0201342 2 1.06397 0 0
0.0402685 2 1.07095 0 0
0.0604027 2 1.07406 0 0
0.0805369 2 1.07656 0 0
0.100671 2 1.07864 0 0
0.120805 2 1.08046 0 0
0.14094 2 1.08209 0 0
0.161074 2 1.08358 0 0
0.181208 2 1.08494 0 0
0.201342 2 1.08619 0 0
0.221477 2 1.08734 0 0
0.241611 2 1.0884 0 0
0.261745 2 1.08938 0 0
0.281879 2 1.09026 0 0
0.302013 2 1.09107 0 0
0.322148 2 1.09178 0 0
0.342282 2 1.09241 0 0
0.362416 2 1.09296 0 0
0.38255 2 1.09342 0 0
0.402685 2 1.0938 0 0
0.422819 2 1.09409 0 0
0.442953 2 1.09429 0 0
0.463087 2 1.09441 0 0
0.483221 2 1.09444 0 0
0.503356 2 1.09438 0 0
0.52349 2 1.09424 0 0
0.543624 2 1.09402 0 0
0.563758 2 1.09371 0 0
0.583893 2 1.09331 0 0
0.604027 2 1.09284 0 0
0.624161 2 1.09229 0 0
0.644295 2 1.09165 0 0
0.66443 2 1.09095 0 0
0.684564 2 1.09016 0 0
0.704698 2 1.08931 0 0
0.724832 2 1.08839 0 0
0.744966 2 1.08741 0 0
0.765101 2 1.08636 0 0
0.785235 2 1.08526 0 0
0.805369 2 1.0841 0 0
0.825503 2 1.08289 0 0
0.845638 2 1.08164 0 0
0.865772 2 1.08034 0 0
0.885906 2 1.07901 0 0
0.90604 2 1.07764 0 0
0.926174 2 1.07624 0 0
0.946309 2 1.07481 0 0
0.966443 2 1.07337 0 0
0.986577 2 1.0719 0 0
1.00671 2 1.07043 0 0
1.02685 2 1.06894 0 0
1.04698 2 1.06745 0 0
1.06711 2 1.06596 0 0
1.08725 2 1.06447 0 0
1.10738 2 1.06298 0 0
1.12752 2 1.0615 0 0
1.14765 2 1.06004 0 0
1.16779 2 1.05858 0 0
1.18792 2 1.05714 0 0
1.20805 2 1.05573 0 0
1.22819 2 1.05433 0 0
1.24832 2 1.05295 0 0
1.26846 2 1.05159 0 0
1.28859 2 1.05026 0 0
1.30872 2 1.04896 0 0
1.32886 2 1.04768 0 0
1.34899 2 1.04642 0 0
1.36913 2 1.0452 0 0
1.38926 2 1.044 0 0
1.4094 2 1.04282 0 0
1.42953 2 1.04168 0 0
1.44966 2 1.04056 0 0
1.4698 2 1.03947 0 0
1.48993 2 1.0384 0 0
1.51007 2 1.03736 0 0
1.5302 2 1.03635 0 0
1.55034 2 1.03535 0 0
1.57047 2 1.03439 0 0
1.5906 2 1.03344 0 0
1.61074 2 1.03252 0 0
1.63087 2 1.03162 0 0
1.65101 2 1.03075 0 0
1.67114 2 1.02989 0 0
1.69128 2 1.02905 0 0
1.71141 2 1.02823 0 0
1.73154 2 1.02744 0 0
1.75168 2 1.02666 0 0
1.77181 2 1.02589 0 0
1.79195 2 1.02515 0 0
1.81208 2 1.02442 0 0
1.83221 2 1.02371 0 0
1.85235 2 1.02302 0 0
1.87248 2 1.02234 0 0
1.89262 2 1.02167 0 0
1.91275 2 1.02103 0 0
1.93289 2 1.02039 0 0
1.95302 2 1.01977 0 0
1.97315 2 1.01917 0 0
1.99329 2 1.01858 0 0
2.01342 2 1.01801 0 0
2.03356 2 1.01745 0 0
2.05369 2 1.0169 0 0
2.07383 2 1.01637 0 0
2.09396 2 1.01585 0 0
2.11409 2 1.01535 0 0
2.13423 2 1.01486 0 0
2.15436 2 1.01438 0 0
2.1745 2 1.01392 0 0
2.19463 2 1.01347 0 0
2.21477 2 1.01303 0 0
2.2349 2 1.01261 0 0
2.25503 2 1.0122 0 0
2.27517 2 1.0118 0 0
2.2953 2 1.01142 0 0
2.31544 2 1.01105 0 0
2.33557 2 1.0107 0 0
2.3557 2 1.01035 0 0
2.37584 2 1.01002 0 0
2.39597 2 1.0097 0 0
2.41611 2 1.0094 0 0
2.43624 2 1.0091 0 0
2.45638 2 1.00882 0 0
2.47651 2 1.00855 0 0
2.49664 2 1.00829 0 0
2.51678 2 1.00804 0 0
2.53691 2 1.0078 0 0
2.55705 2 1.00758 0 0
2.57718 2 1.00736 0 0
2.59732 2 1.00716 0 0
2.61745 2 1.00696 0 0
2.63758 2 1.00677 0 0
2.65772 2 1.0066 0 0
2.67785 2 1.00643 0 0
2.69799 2 1.00626 0 0
2.71812 2 1.00611 0 0
2.73826 2 1.00596 0 0
2.75839 2 1.00581 0 0
2.77852 2 1.00567 0 0
2.79866 2 1.00552 0 0
2.81879 2 1.00538 0 0
2.83893 2 1.00523 0 0
2.85906 2 1.00506 0 0
2.87919 2 1.00488 0 0
2.89933 2 1.00468 0 0
2.91946 2 1.00443 0 0
2.9396 2 1.00413 0 0
2.95973 2 1.00371 0 0
2.97987 2 1.00295 0 0
3 2 1 0 0

