0 0 1 0.1 0
0.0201342 0 1.41513 0 0
0.0402685 0 1.27263 0 0
0.0604027 0 1.2322 0 0
0.0805369 0 1.19332 0 0
0.100671 0 1.17384 0 0
0.120805 0 1.15996 0 0
0.14094 0 1.14982 0 0
0.161074 0 1.14162 0 0
0.181208 0 1.13481 0 0
0.201342 0 1.1291 0 0
0.221477 0 1.12432 0 0
0.241611 0 1.12034 0 0
0.261745 0 1.11704 0 0
0.281879 0 1.1143 0 0
0.302013 0 1.11204 0 0
0.322148 0 1.11017 0 0
0.342282 0 1.10863 0 0
0.362416 0 1.10738 0 0
0.38255 0 1.10636 0 0
0.402685 0 1.10556 0 0
0.422819 0 1.10493 0 0
0.442953 0 1.10445 0 0
0.463087 0 1.10412 0 0
0.483221 0 1.10389 0 0
0.503356 0 1.10377 0 0
0.52349 0 1.10374 0 0
0.543624 0 1.10378 0 0
0.563758 0 1.10387 0 0
0.583893 0 1.10401 0 0
0.604027 0 1.10419 0 0
0.624161 0 1.10437 0 0
0.644295 0 1.10456 0 0
0.66443 0 1.10473 0 0
0.684564 0 1.10487 0 0
0.704698 0 1.10495 0 0
0.724832 0 1.10495 0 0
0.744966 0 1.10484 0 0
0.765101 0 1.10459 0 0
0.785235 0 1.10416 0 0
0.805369 0 1.10349 0 0
0.825503 0 1.10253 0 0
0.845638 0 1.10119 0 0
0.865772 0 1.09935 0 0
0.885906 0 1.09685 0 0
0.90604 0 1.09347 0 0
0.926174 0 1.08881 0 0
0.946309 0 1.0819 0 0
0.966443 0 1.06772 0 0
0.986577 0 1 0 0
1.00671 0 0 0 0
1.02685 0 0 0 0
1.04698 0 0 0 0
1.06711 0 0 0 0
1.08725 0 0 0 0
1.10738 0 0 0 0
1.12752 0 0 0 0
1.14765 0 0 0 0
1.16779 0 0 0 0
1.18792 0 0 0 0
1.20805 0 0 0 0
1.22819 0 0 0 0
1.24832 0 0 0 0
1.26846 0 0 0 0
1.28859 0 0 0 0
1.30872 0 0 0 0
1.32886 0 0 0 0
1.34899 0 0 0 0
1.36913 0 0 0 0
1.38926 0 0 0 0
1.4094 0 0 0 0
1.42953 0 0 0 0
1.44966 0 0 0 0
1.4698 0 0 0 0
1.48993 0 0 0 0
1.51007 0 0 0 0
1.5302 0 0 0 0
1.55034 0 0 0 0
1.57047 0 0 0 0
1.5906 0 0 0 0
1.61074 0 0 0 0
1.63087 0 0 0 0
1.65101 0 0 0 0
1.67114 0 0 0 0
1.69128 0 0 0 0
1.71141 0 0 0 0
1.73154 0 0 0 0
1.75168 0 0 0 0
1.77181 0 0 0 0
1.79195 0 0 0 0
1.81208 0 0 0 0
1.83221 0 0 0 0
1.85235 0 0 0 0
1.87248 0 0 0 0
1.89262 0 0 0 0
1.91275 0 0 0 0
1.93289 0 0 0 0
1.95302 0 0 0 0
1.97315 0 0 0 0
1.99329 0 0 0 0
2.01342 0 1 0 0
2.03356 0 1 -5.93223e-09 -5.57519e-08
2.05369 0 1 -1.09038e-08 -1.09515e-07
2.07383 0 1 -1.47385e-08 -1.6081e-07
2.09396 0 1 -1.73481e-08 -2.09329e-07
2.11409 0 1 -1.87037e-08 -2.54856e-07
2.13423 0 1 -1.88222e-08 -2.97218e-07
2.15436 0 1 -1.77554e-08 -3.36282e-07
2.1745 0 1 -1.5581e-08 -3.71937e-07
2.19463 0 1 -1.23968e-08 -4.04104e-07
2.21477 0 1 -8.31503e-09 -4.32725e-07
2.2349 0 1 -3.45835e-09 -4.5777e-07
2.25503 0 1 2.0442e-09 -4.79237e-07
2.27517 0 1 8.06024e-09 -4.97148e-07
2.2953 0 1 1.44571e-08 -5.11556e-07
2.31544 0 1 2.11041e-08 -5.22541e-07
2.33557 0 1 2.78751e-08 -5.30206e-07
2.3557 0 1 3.46504e-08 -5.34683e-07
2.37584 0 1 4.13179e-08 -5.36122e-07
2.39597 0 1 4.7775e-08 -5.34697e-07
2.41611 0 1 5.39294e-08 -5.30595e-07
2.43624 0 1 5.96995e-08 -5.24021e-07
2.45638 0 1 6.50152e-08 -5.15186e-07
2.47651 0 1 6.98181e-08 -5.04311e-07
2.49664 0 1 7.40608e-08 -4.91618e-07
2.51678 0 1 7.77073e-08 -4.77329e-07
2.53691 0 1 8.0732e-08 -4.61662e-07
2.55705 0 1 8.31191e-08 -4.44831e-07
2.57718 0 1 8.48618e-08 -4.27036e-07
2.59732 0 1 8.5961e-08 -4.08469e-07
2.61745 0 1 8.64247e-08 -3.89304e-07
2.63758 0 1 8.62667e-08 -3.697e-07
2.65772 0 1 8.55052e-08 -3.49798e-07
2.67785 0 1 8.41618e-08 -3.29719e-07
2.69799 0 1 8.22605e-08 -3.09563e-07
2.71812 0 1 7.98264e-08 -2.89408e-07
2.73826 0 1 7.68848e-08 -2.69311e-07
2.75839 0 1 7.34599e-08 -2.49305e-07
2.77852 0 1 6.95743e-08 -2.29401e-07
2.79866 0 1 6.5248e-08 -2.09586e-07
2.81879 0 1 6.04981e-08 -1.89824e-07
2.83893 0 1 5.53379e-08 -1.7006e-07
2.85906 0 1 4.97769e-08 -1.50216e-07
2.87919 0 1 4.38214e-08 -1.30195e-07
2.89933 0 1 3.74742e-08 -1.09885e-07
2.91946 0 1 3.07365e-08 -8.91627e-08
2.9396 0 1 2.36098e-08 -6.7903e-08
2.95973 0 1 1.60992e-08 -4.59912e-08
2.97987 0 1 8.21884e-09 -2.3351e-08
3 0 1 0 0

0 0.020202 1 0.1 0
0.0201342 0.020202 1.78329 0.0470323 0.00780163
0.0402685 0.020202 1.46047 0.047563 0.00706415
0.0604027 0.020202 1.39375 0.0401048 0.00581509
0.0805369 0.020202 1.30085 0.0351538 0.00433143
0.100671 0.020202 1.24675 0.0303199 0.00312476
0.120805 0.020202 1.20675 0.0263784 0.00220763
0.14094 0.020202 1.17991 0.0231093 0.00154795
0.161074 0.020202 1.16129 0.0204455 0.00108261
0.181208 0.020202 1.14824 0.0182605 0.000755067
0.201342 0.020202 1.13881 0.0164499 0.000521279
0.221477 0.020202 1.13178 0.0149274 0.000350033
0.241611 0.020202 1.12639 0.0136275 0.00022019
0.261745 0.020202 1.12213 0.0125015 0.000117776
0.281879 0.020202 1.11871 0.0115134 3.36142e-05
0.302013 0.020202 1.11593 0.0106367 -3.83437e-05
0.322148 0.020202 1.11365 0.00985145 -0.000102137
0.342282 0.020202 1.11178 0.00914246 -0.000160509
0.362416 0.020202 1.11024 0.00849798 -0.000215357
0.38255 0.020202 1.10898 0.00790876 -0.000268016
0.402685 0.020202 1.10796 0.00736745 -0.000319439
0.422819 0.020202 1.10715 0.00686815 -0.000370309
0.442953 0.020202 1.10651 0.00640608 -0.000421114
0.463087 0.020202 1.10603 0.00597738 -0.000472203
0.483221 0.020202 1.10568 0.0055789 -0.000523815
0.503356 0.020202 1.10545 0.00520809 -0.000576106
0.52349 0.020202 1.10531 0.00486289 -0.000629169
0.543624 0.020202 1.10525 0.00454164 -0.000683046
0.563758 0.020202 1.10526 0.00424303 -0.000737738
0.583893 0.020202 1.10531 0.00396605 -0.000793218
0.604027 0.020202 1.1054 0.00370991 -0.000849433
0.624161 0.020202 1.10551 0.00347406 -0.000906315
0.644295 0.020202 1.10562 0.0032581 -0.000963781
0.66443 0.020202 1.10572 0.0030618 -0.00102174
0.684564 0.020202 1.10578 0.00288503 -0.00108011
0.704698 0.020202 1.10578 0.00272775 -0.0011388
0.724832 0.020202 1.10571 0.00258996 -0.0011977
0.744966 0.020202 1.10552 0.00247165 -0.00125673
0.765101 0.020202 1.10519 0.00237272 -0.00131577
0.785235 0.020202 1.10468 0.00229285 -0.00137469
0.805369 0.020202 1.10394 0.00223132 -0.00143323
0.825503 0.020202 1.1029 0.00218663 -0.00149095
0.845638 0.020202 1.10148 0.00215594 -0.00154696
0.865772 0.020202 1.09959 0.00213386 -0.0015994
0.885906 0.020202 1.09709 0.00211044 -0.00164428
0.90604 0.020202 1.09379 0.00206579 -0.00167314
0.926174 0.020202 1.08956 0.00196553 -0.00166608
0.946309 0.020202 1.08384 0.00172305 -0.00158159
0.966443 0.020202 1.07775 0.00122177 -0.00126702
0.986577 0.020202 1.06729 0 0
1.00671 0.020202 0 0 0
1.02685 0.020202 0 0 0
1.04698 0.020202 0 0 0
1.06711 0.020202 0 0 0
1.08725 0.020202 0 0 0
1.10738 0.020202 0 0 0
1.12752 0.020202 0 0 0
1.14765 0.020202 0 0 0
1.16779 0.020202 0 0 0
1.18792 0.020202 0 0 0
1.20805 0.020202 0 0 0
1.22819 0.020202 0 0 0
1.24832 0.020202 0 0 0
1.26846 0.020202 0 0 0
1.28859 0.020202 0 0 0
1.30872 0.020202 0 0 0
1.32886 0.020202 0 0 0
1.34899 0.020202 0 0 0
1.36913 0.020202 0 0 0
1.38926 0.020202 0 0 0
1.4094 0.020202 0 0 0
1.42953 0.020202 0 0 0
1.44966 0.020202 0 0 0
1.4698 0.020202 0 0 0
1.48993 0.020202 0 0 0
1.51007 0.020202 0 0 0
1.5302 0.020202 0 0 0
1.55034 0.020202 0 0 0
1.57047 0.020202 0 0 0
1.5906 0.020202 0 0 0
1.61074 0.020202 0 0 0
1.63087 0.020202 0 0 0
1.65101 0.020202 0 0 0
1.67114 0.020202 0 0 0
1.69128 0.020202 0 0 0
1.71141 0.020202 0 0 0
1.73154 0.020202 0 0 0
1.75168 0.020202 0 0 0
1.77181 0.020202 0 0 0
1.79195 0.020202 0 0 0
1.81208 0.020202 0 0 0
1.83221 0.020202 0 0 0
1.85235 0.020202 0 0 0
1.87248 0.020202 0 0 0
1.89262 0.020202 0 0 0
1.91275 0.020202 0 0 0
1.93289 0.020202 0 0 0
1.95302 0.020202 0 0 0
1.97315 0.020202 0 0 0
1.99329 0.020202 0 0 0
2.01342 0.020202 1 0 0
2.03356 0.020202 1 -5.93223e-09 -5.57519e-08
2.05369 0.020202 1 -1.09038e-08 -1.09515e-07
2.07383 0.020202 1 -1.47385e-08 -1.6081e-07
2.09396 0.020202 1 -1.73481e-08 -2.09329e-07
2.11409 0.020202 1 -1.87037e-08 -2.54856e-07
2.13423 0.020202 1 -1.88222e-08 -2.97218e-07
2.15436 0.020202 1 -1.77554e-08 -3.36282e-07
2.1745 0.020202 1 -1.5581e-08 -3.71937e-07
2.19463 0.020202 1 -1.23968e-08 -4.04104e-07
2.21477 0.020202 1 -8.31503e-09 -4.32725e-07
2.2349 0.020202 1 -3.45835e-09 -4.5777e-07
2.25503 0.020202 1 2.0442e-09 -4.79237e-07
2.27517 0.020202 1 8.06024e-09 -4.97148e-07
2.2953 0.020202 1 1.44571e-08 -5.11556e-07
2.31544 0.020202 1 2.11041e-08 -5.22541e-07
2.33557 0.020202 1 2.78751e-08 -5.30206e-07
2.3557 0.020202 1 3.46504e-08 -5.34683e-07
2.37584 0.020202 1 4.13179e-08 -5.36122e-07
2.39597 0.020202 1 4.7775e-08 -5.34697e-07
2.41611 0.020202 1 5.39294e-08 -5.30595e-07
2.43624 0.020202 1 5.96995e-08 -5.24021e-07
2.45638 0.020202 1 6.50152e-08 -5.15186e-07
2.47651 0.020202 1 6.98181e-08 -5.04311e-07
2.49664 0.020202 1 7.40608e-08 -4.91618e-07
2.51678 0.020202 1 7.77073e-08 -4.77329e-07
2.53691 0.020202 1 8.0732e-08 -4.61662e-07
2.55705 0.020202 1 8.31191e-08 -4.44831e-07
2.57718 0.020202 1 8.48618e-08 -4.27036e-07
2.59732 0.020202 1 8.5961e-08 -4.08469e-07
2.61745 0.020202 1 8.64247e-08 -3.89304e-07
2.63758 0.020202 1 8.62667e-08 -3.697e-07
2.65772 0.020202 1 8.55052e-08 -3.49798e-07
2.67785 0.020202 1 8.41618e-08 -3.29719e-07
2.69799 0.020202 1 8.22605e-08 -3.09563e-07
2.71812 0.020202 1 7.98264e-08 -2.89408e-07
2.73826 0.020202 1 7.68848e-08 -2.69311e-07
2.75839 0.020202 1 7.34599e-08 -2.49305e-07
2.77852 0.020202 1 6.95743e-08 -2.29401e-07
2.79866 0.020202 1 6.5248e-08 -2.09586e-07
2.81879 0.020202 1 6.04981e-08 -1.89824e-07
2.83893 0.020202 1 5.53379e-08 -1.7006e-07
2.85906 0.020202 1 4.97769e-08 -1.50216e-07
2.87919 0.020202 1 4.38214e-08 -1.30195e-07
2.89933 0.020202 1 3.74742e-08 -1.09885e-07
2.91946 0.020202 1 3.07365e-08 -8.91627e-08
2.9396 0.020202 1 2.36098e-08 -6.7903e-08
2.95973 0.020202 1 1.60992e-08 -4.59912e-08
2.97987 0.020202 1 8.21884e-09 -2.3351e-08
3 0.020202 1 0 0

0 0.040404 1 0.1 0
0.0201342 0.040404 1.44358 0.0670367 0.0200951
0.0402685 0.040404 1.31973 0.0667237 0.0184579
0.0604027 0.040404 1.27818 0.061145 0.0159757
0.0805369 0.040404 1.2361 0.0557835 0.0123687
0.100671 0.040404 1.20996 0.0503311 0.00941469
0.120805 0.040404 1.19026 0.0454081 0.00709518
0.14094 0.040404 1.17518 0.0410387 0.0053809
0.161074 0.040404 1.16293 0.0372128 0.004122
0.181208 0.040404 1.15281 0.0338682 0.00319336
0.201342 0.040404 1.14441 0.0309401 0.00249706
0.221477 0.040404 1.13745 0.0283678 0.00196371
0.241611 0.040404 1.1317 0.026097 0.00154513
0.261745 0.040404 1.12695 0.024081 0.00120812
0.281879 0.040404 1.12303 0.0222802 0.000929673
0.302013 0.040404 1.11978 0.0206616 0.000693651
0.322148 0.040404 1.1171 0.0191977 0.000488609
0.342282 0.040404 1.11488 0.0178663 0.0003063
0.362416 0.040404 1.11305 0.0166489 0.000140706
0.38255 0.040404 1.11154 0.0155305 -1.26277e-05
0.402685 0.040404 1.1103 0.0144987 -0.000157033
0.422819 0.040404 1.1093 0.0135435 -0.000295025
0.442953 0.040404 1.10851 0.0126566 -0.000428513
0.463087 0.040404 1.10788 0.0118312 -0.000558948
0.483221 0.040404 1.10741 0.0110616 -0.000687434
0.503356 0.040404 1.10706 0.0103433 -0.000814802
0.52349 0.040404 1.10682 0.00967239 -0.000941671
0.543624 0.040404 1.10667 0.00904594 -0.00106849
0.563758 0.040404 1.10659 0.00846144 -0.00119558
0.583893 0.040404 1.10656 0.0079169 -0.00132313
0.604027 0.040404 1.10658 0.00741078 -0.00145128
0.624161 0.040404 1.10662 0.00694184 -0.00158007
0.644295 0.040404 1.10667 0.00650915 -0.00170948
0.66443 0.040404 1.1067 0.00611196 -0.00183946
0.684564 0.040404 1.10671 0.00574967 -0.00196988
0.704698 0.040404 1.10666 0.0054217 -0.00210057
0.724832 0.040404 1.10654 0.00512742 -0.0022313
0.744966 0.040404 1.10631 0.00486597 -0.00236172
0.765101 0.040404 1.10596 0.00463605 -0.00249129
0.785235 0.040404 1.10544 0.00443559 -0.00261922
0.805369 0.040404 1.10471 0.00426125 -0.00274414
0.825503 0.040404 1.10372 0.00410764 -0.00286376
0.845638 0.040404 1.10243 0.00396604 -0.00297402
0.865772 0.040404 1.10076 0.0038223 -0.0030675
0.885906 0.040404 1.09864 0.00365341 -0.00313019
0.90604 0.040404 1.09599 0.00342205 -0.00313517
0.926174 0.040404 1.09273 0.00306511 -0.00302612
0.946309 0.040404 1.089 0.00248842 -0.00269333
0.966443 0.040404 1.08406 0.00150129 -0.00185377
0.986577 0.040404 1.08161 0 0
1.00671 0.040404 0 0 0
1.02685 0.040404 0 0 0
1.04698 0.040404 0 0 0
1.06711 0.040404 0 0 0
1.08725 0.040404 0 0 0
1.10738 0.040404 0 0 0
1.12752 0.040404 0 0 0
1.14765 0.040404 0 0 0
1.16779 0.040404 0 0 0
1.18792 0.040404 0 0 0
1.20805 0.040404 0 0 0
1.22819 0.040404 0 0 0
1.24832 0.040404 0 0 0
1.26846 0.040404 0 0 0
1.28859 0.040404 0 0 0
1.30872 0.040404 0 0 0
1.32886 0.040404 0 0 0
1.34899 0.040404 0 0 0
1.36913 0.040404 0 0 0
1.38926 0.040404 0 0 0
1.4094 0.040404 0 0 0
1.42953 0.040404 0 0 0
1.44966 0.040404 0 0 0
1.4698 0.040404 0 0 0
1.48993 0.040404 0 0 0
1.51007 0.040404 0 0 0
1.5302 0.040404 0 0 0
1.55034 0.040404 0 0 0
1.57047 0.040404 0 0 0
1.5906 0.040404 0 0 0
1.61074 0.040404 0 0 0
1.63087 0.040404 0 0 0
1.65101 0.040404 0 0 0
1.67114 0.040404 0 0 0
1.69128 0.040404 0 0 0
1.71141 0.040404 0 0 0
1.73154 0.040404 0 0 0
1.75168 0.040404 0 0 0
1.77181 0.040404 0 0 0
1.79195 0.040404 0 0 0
1.81208 0.040404 0 0 0
1.83221 0.040404 0 0 0
1.85235 0.040404 0 0 0
1.87248 0.040404 0 0 0
1.89262 0.040404 0 0 0
1.91275 0.040404 0 0 0
1.93289 0.040404 0 0 0
1.95302 0.040404 0 0 0
1.97315 0.040404 0 0 0
1.99329 0.040404 0 0 0
2.01342 0.040404 1 0 0
2.03356 0.040404 1 -7.21561e-09 -5.77586e-08
2.05369 0.040404 1 -1.29455e-08 -1.13065e-07
2.07383 0.040404 1 -1.72288e-08 -1.65688e-07
2.09396 0.040404 1 -2.00716e-08 -2.15402e-07
2.11409 0.040404 1 -2.14995e-08 -2.62019e-07
2.13423 0.040404 1 -2.15638e-08 -3.0538e-07
2.15436 0.040404 1 -2.03403e-08 -3.45352e-07
2.1745 0.040404 1 -1.79257e-08 -3.81828e-07
2.19463 0.040404 1 -1.44334e-08 -4.14727e-07
2.21477 0.040404 1 -9.98943e-09 -4.43992e-07
2.2349 0.040404 1 -4.72868e-09 -4.6959e-07
2.25503 0.040404 1 1.20835e-09 -4.9152e-07
2.27517 0.040404 1 7.67875e-09 -5.09805e-07
2.2953 0.040404 1 1.454e-08 -5.245e-07
2.31544 0.040404 1 2.16527e-08 -5.35685e-07
2.33557 0.040404 1 2.88824e-08 -5.43468e-07
2.3557 0.040404 1 3.61021e-08 -5.47982e-07
2.37584 0.040404 1 4.31934e-08 -5.49385e-07
2.39597 0.040404 1 5.00481e-08 -5.47854e-07
2.41611 0.040404 1 5.65694e-08 -5.43582e-07
2.43624 0.040404 1 6.26721e-08 -5.36778e-07
2.45638 0.040404 1 6.82834e-08 -5.27661e-07
2.47651 0.040404 1 7.33429e-08 -5.16458e-07
2.49664 0.040404 1 7.78025e-08 -5.03396e-07
2.51678 0.040404 1 8.16257e-08 -4.88705e-07
2.53691 0.040404 1 8.47873e-08 -4.72609e-07
2.55705 0.040404 1 8.72727e-08 -4.55326e-07
2.57718 0.040404 1 8.90765e-08 -4.37063e-07
2.59732 0.040404 1 9.02016e-08 -4.18016e-07
2.61745 0.040404 1 9.06583e-08 -3.98365e-07
2.63758 0.040404 1 9.04629e-08 -3.78272e-07
2.65772 0.040404 1 8.96362e-08 -3.57883e-07
2.67785 0.040404 1 8.82027e-08 -3.3732e-07
2.69799 0.040404 1 8.61892e-08 -3.16687e-07
2.71812 0.040404 1 8.36233e-08 -2.96064e-07
2.73826 0.040404 1 8.05329e-08 -2.75508e-07
2.75839 0.040404 1 7.69445e-08 -2.55055e-07
2.77852 0.040404 1 7.28826e-08 -2.34714e-07
2.79866 0.040404 1 6.83688e-08 -2.14472e-07
2.81879 0.040404 1 6.34211e-08 -1.94293e-07
2.83893 0.040404 1 5.80532e-08 -1.74119e-07
2.85906 0.040404 1 5.22741e-08 -1.53868e-07
2.87919 0.040404 1 4.60881e-08 -1.33439e-07
2.89933 0.040404 1 3.94945e-08 -1.12716e-07
2.91946 0.040404 1 3.24879e-08 -9.15657e-08
2.9396 0.040404 1 2.50583e-08 -6.985e-08
2.95973 0.040404 1 1.71901e-08 -4.74311e-08
2.97987 0.040404 1 8.85804e-09 -2.41842e-08
3 0.040404 1 0 0

0 0.0606061 1 0.1 0
0.0201342 0.0606061 1.40595 0.0741853 0.0185975
0.0402685 0.0606061 1.34463 0.0758686 0.0213216
0.0604027 0.0606061 1.31379 0.073454 0.0205136
0.0805369 0.0606061 1.27429 0.0698379 0.0177813
0.100671 0.0606061 1.24172 0.065243 0.0148691
0.120805 0.0606061 1.21403 0.0604184 0.0122117
0.14094 0.0606061 1.19191 0.0556888 0.00997216
0.161074 0.0606061 1.1746 0.0512538 0.0081412
0.181208 0.0606061 1.16119 0.0471925 0.00666473
0.201342 0.0606061 1.15076 0.0435191 0.00547707
0.221477 0.0606061 1.14256 0.0402123 0.00451746
0.241611 0.0606061 1.13602 0.0372362 0.00373472
0.261745 0.0606061 1.13073 0.0345517 0.00308789
0.281879 0.0606061 1.12641 0.0321212 0.00254509
0.302013 0.0606061 1.12285 0.0299113 0.00208187
0.322148 0.0606061 1.1199 0.0278931 0.00167958
0.342282 0.0606061 1.11745 0.0260421 0.00132403
0.362416 0.0606061 1.11542 0.0243374 0.00100438
0.38255 0.0606061 1.11373 0.0227615 0.000712307
0.402685 0.0606061 1.11234 0.0212999 0.00044139
0.422819 0.0606061 1.1112 0.0199403 0.000186636
0.442953 0.0606061 1.11028 0.0186724 -5.58486e-05
0.463087 0.0606061 1.10954 0.0174875 -0.000289109
0.483221 0.0606061 1.10897 0.0163786 -0.000515534
0.503356 0.0606061 1.10853 0.0153396 -0.000736988
0.52349 0.0606061 1.1082 0.0143656 -0.000954925
0.543624 0.0606061 1.10797 0.0134524 -0.00117046
0.563758 0.0606061 1.10783 0.0125968 -0.00138445
0.583893 0.0606061 1.10774 0.011796 -0.00159751
0.604027 0.0606061 1.1077 0.0110476 -0.00181007
0.624161 0.0606061 1.10769 0.0103499 -0.00202241
0.644295 0.0606061 1.10768 0.00970114 -0.00223466
0.66443 0.0606061 1.10768 0.00910004 -0.00244677
0.684564 0.0606061 1.10764 0.00854525 -0.00265859
0.704698 0.0606061 1.10756 0.00803537 -0.00286974
0.724832 0.0606061 1.10742 0.00756875 -0.00307961
0.744966 0.0606061 1.10718 0.0071432 -0.00328725
0.765101 0.0606061 1.10683 0.00675569 -0.00349119
0.785235 0.0606061 1.10633 0.00640181 -0.00368909
0.805369 0.0606061 1.10565 0.00607511 -0.00387732
0.825503 0.0606061 1.10476 0.00576598 -0.00405002
0.845638 0.0606061 1.10361 0.00546016 -0.00419761
0.865772 0.0606061 1.10217 0.00513644 -0.00430412
0.885906 0.0606061 1.10041 0.00476338 -0.00434241
0.90604 0.0606061 1.0983 0.00429537 -0.00426573
0.926174 0.0606061 1.09584 0.00366599 -0.00399209
0.946309 0.0606061 1.09325 0.00279357 -0.00337806
0.966443 0.0606061 1.09032 0.00156277 -0.00217893
0.986577 0.0606061 1.0892 0 0
1.00671 0.0606061 0 0 0
1.02685 0.0606061 0 0 0
1.04698 0.0606061 0 0 0
1.06711 0.0606061 0 0 0
1.08725 0.0606061 0 0 0
1.10738 0.0606061 0 0 0
1.12752 0.0606061 0 0 0
1.14765 0.0606061 0 0 0
1.16779 0.0606061 0 0 0
1.18792 0.0606061 0 0 0
1.20805 0.0606061 0 0 0
1.22819 0.0606061 0 0 0
1.24832 0.0606061 0 0 0
1.26846 0.0606061 0 0 0
1.28859 0.0606061 0 0 0
1.30872 0.0606061 0 0 0
1.32886 0.0606061 0 0 0
1.34899 0.0606061 0 0 0
1.36913 0.0606061 0 0 0
1.38926 0.0606061 0 0 0
1.4094 0.0606061 0 0 0
1.42953 0.0606061 0 0 0
1.44966 0.0606061 0 0 0
1.4698 0.0606061 0 0 0
1.48993 0.0606061 0 0 0
1.51007 0.0606061 0 0 0
1.5302 0.0606061 0 0 0
1.55034 0.0606061 0 0 0
1.57047 0.0606061 0 0 0
1.5906 0.0606061 0 0 0
1.61074 0.0606061 0 0 0
1.63087 0.0606061 0 0 0
1.65101 0.0606061 0 0 0
1.67114 0.0606061 0 0 0
1.69128 0.0606061 0 0 0
1.71141 0.0606061 0 0 0
1.73154 0.0606061 0 0 0
1.75168 0.0606061 0 0 0
1.77181 0.0606061 0 0 0
1.79195 0.0606061 0 0 0
1.81208 0.0606061 0 0 0
1.83221 0.0606061 0 0 0
1.85235 0.0606061 0 0 0
1.87248 0.0606061 0 0 0
1.89262 0.0606061 0 0 0
1.91275 0.0606061 0 0 0
1.93289 0.0606061 0 0 0
1.95302 0.0606061 0 0 0
1.97315 0.0606061 0 0 0
1.99329 0.0606061 0 0 0
2.01342 0.0606061 1 0 0
2.03356 0.0606061 1 -9.13725e-09 -6.09722e-08
2.05369 0.0606061 1 -1.61945e-08 -1.19008e-07
2.07383 0.0606061 1 -2.13304e-08 -1.74033e-07
2.09396 0.0606061 1 -2.46541e-08 -2.25912e-07
2.11409 0.0606061 1 -2.62664e-08 -2.745e-07
2.13423 0.0606061 1 -2.62741e-08 -3.19658e-07
2.15436 0.0606061 1 -2.47963e-08 -3.61263e-07
2.1745 0.0606061 1 -2.19645e-08 -3.99211e-07
2.19463 0.0606061 1 -1.7922e-08 -4.33419e-07
2.21477 0.0606061 1 -1.28212e-08 -4.63831e-07
2.2349 0.0606061 1 -6.82112e-09 -4.90415e-07
2.25503 0.0606061 1 -8.41486e-11 -5.13168e-07
2.27517 0.0606061 1 7.2264e-09 -5.32116e-07
2.2953 0.0606061 1 1.49492e-08 -5.47316e-07
2.31544 0.0606061 1 2.29275e-08 -5.58853e-07
2.33557 0.0606061 1 3.10113e-08 -5.6684e-07
2.3557 0.0606061 1 3.90594e-08 -5.71417e-07
2.37584 0.0606061 1 4.69412e-08 -5.7275e-07
2.39597 0.0606061 1 5.4538e-08 -5.71023e-07
2.41611 0.0606061 1 6.17441e-08 -5.66442e-07
2.43624 0.0606061 1 6.84674e-08 -5.59226e-07
2.45638 0.0606061 1 7.46298e-08 -5.49603e-07
2.47651 0.0606061 1 8.01675e-08 -5.37813e-07
2.49664 0.0606061 1 8.503e-08 -5.24094e-07
2.51678 0.0606061 1 8.91806e-08 -5.08686e-07
2.53691 0.0606061 1 9.25947e-08 -4.91825e-07
2.55705 0.0606061 1 9.52594e-08 -4.7374e-07
2.57718 0.0606061 1 9.71721e-08 -4.54646e-07
2.59732 0.0606061 1 9.83396e-08 -4.34749e-07
2.61745 0.0606061 1 9.87762e-08 -4.14237e-07
2.63758 0.0606061 1 9.85029e-08 -3.93279e-07
2.65772 0.0606061 1 9.75456e-08 -3.72027e-07
2.67785 0.0606061 1 9.59338e-08 -3.5061e-07
2.69799 0.0606061 1 9.36993e-08 -3.29136e-07
2.71812 0.0606061 1 9.08748e-08 -3.07687e-07
2.73826 0.0606061 1 8.74926e-08 -2.86324e-07
2.75839 0.0606061 1 8.35833e-08 -2.65082e-07
2.77852 0.0606061 1 7.91751e-08 -2.43971e-07
2.79866 0.0606061 1 7.4292e-08 -2.22978e-07
2.81879 0.0606061 1 6.89535e-08 -2.02063e-07
2.83893 0.0606061 1 6.31736e-08 -1.81164e-07
2.85906 0.0606061 1 5.69598e-08 -1.60194e-07
2.87919 0.0606061 1 5.03122e-08 -1.39044e-07
2.89933 0.0606061 1 4.3223e-08 -1.17585e-07
2.91946 0.0606061 1 3.56748e-08 -9.56695e-08
2.9396 0.0606061 1 2.76386e-08 -7.31358e-08
2.95973 0.0606061 1 1.9069e-08 -4.98088e-08
2.97987 0.0606061 1 9.89623e-09 -2.55011e-08
3 0.0606061 1 0 0

0 0.0808081 1 0.1 0
0.0201342 0.0808081 1.30955 0.0786921 0.0182426
0.0402685 0.0808081 1.28615 0.0802928 0.0238962
0.0604027 0.0808081 1.26465 0.079774 0.0249477
0.0805369 0.0808081 1.23958 0.077687 0.0232338
0.100671 0.0808081 1.21826 0.0743373 0.0205479
0.120805 0.0808081 1.20005 0.070337 0.0176707
0.14094 0.0808081 1.18489 0.0660758 0.0149946
0.161074 0.0808081 1.17221 0.0618167 0.0126571
0.181208 0.0808081 1.16158 0.0577092 0.0106776
0.201342 0.0808081 1.15264 0.0538308 0.00902314
0.221477 0.0808081 1.14514 0.0502134 0.00764388
0.241611 0.0808081 1.13884 0.0468623 0.0064896
0.261745 0.0808081 1.13356 0.0437678 0.00551588
0.281879 0.0808081 1.12914 0.0409126 0.00468577
0.302013 0.0808081 1.12542 0.0382764 0.0039694
0.322148 0.0808081 1.12231 0.0358384 0.00334298
0.342282 0.0808081 1.11969 0.0335787 0.0027877
0.362416 0.0808081 1.11751 0.0314792 0.00228867
0.38255 0.0808081 1.11568 0.0295237 0.00183412
0.402685 0.0808081 1.11416 0.0276981 0.0014147
0.422819 0.0808081 1.11291 0.0259899 0.00102298
0.442953 0.0808081 1.11188 0.0243886 0.00065301
0.463087 0.0808081 1.11105 0.022885 0.000300047
0.483221 0.0808081 1.11039 0.0214714 -3.97103e-05
0.503356 0.0808081 1.10988 0.0201411 -0.000369298
0.52349 0.0808081 1.10948 0.0188887 -0.000691134
0.543624 0.0808081 1.10919 0.0177095 -0.00100712
0.563758 0.0808081 1.10899 0.0165994 -0.00131875
0.583893 0.0808081 1.10885 0.0155552 -0.00162713
0.604027 0.0808081 1.10876 0.014574 -0.00193309
0.624161 0.0808081 1.10871 0.0136534 -0.00223714
0.644295 0.0808081 1.10867 0.0127912 -0.00253953
0.66443 0.0808081 1.10863 0.0119852 -0.00284026
0.684564 0.0808081 1.10858 0.0112334 -0.00313896
0.704698 0.0808081 1.10849 0.0105335 -0.00343494
0.724832 0.0808081 1.10834 0.00988255 -0.00372696
0.744966 0.0808081 1.10812 0.00927699 -0.00401313
0.765101 0.0808081 1.10779 0.00871196 -0.00429052
0.785235 0.0808081 1.10735 0.00818082 -0.00455475
0.805369 0.0808081 1.10676 0.00767438 -0.00479913
0.825503 0.0808081 1.106 0.00717978 -0.00501345
0.845638 0.0808081 1.10504 0.00667918 -0.00518197
0.865772 0.0808081 1.10387 0.00614801 -0.0052802
0.885906 0.0808081 1.10249 0.00555291 -0.00526976
0.90604 0.0808081 1.1009 0.00485061 -0.00509039
0.926174 0.0808081 1.09913 0.00398622 -0.00464805
0.946309 0.0808081 1.0974 0.00290727 -0.00379913
0.966443 0.0808081 1.09552 0.00155675 -0.00234048
0.986577 0.0808081 1.09504 0 0
1.00671 0.0808081 0 0 0
1.02685 0.0808081 0 0 0
1.04698 0.0808081 0 0 0
1.06711 0.0808081 0 0 0
1.08725 0.0808081 0 0 0
1.10738 0.0808081 0 0 0
1.12752 0.0808081 0 0 0
1.14765 0.0808081 0 0 0
1.16779 0.0808081 0 0 0
1.18792 0.0808081 0 0 0
1.20805 0.0808081 0 0 0
1.22819 0.0808081 0 0 0
1.24832 0.0808081 0 0 0
1.26846 0.0808081 0 0 0
1.28859 0.0808081 0 0 0
1.30872 0.0808081 0 0 0
1.32886 0.0808081 0 0 0
1.34899 0.0808081 0 0 0
1.36913 0.0808081 0 0 0
1.38926 0.0808081 0 0 0
1.4094 0.0808081 0 0 0
1.42953 0.0808081 0 0 0
1.44966 0.0808081 0 0 0
1.4698 0.0808081 0 0 0
1.48993 0.0808081 0 0 0
1.51007 0.0808081 0 0 0
1.5302 0.0808081 0 0 0
1.55034 0.0808081 0 0 0
1.57047 0.0808081 0 0 0
1.5906 0.0808081 0 0 0
1.61074 0.0808081 0 0 0
1.63087 0.0808081 0 0 0
1.65101 0.0808081 0 0 0
1.67114 0.0808081 0 0 0
1.69128 0.0808081 0 0 0
1.71141 0.0808081 0 0 0
1.73154 0.0808081 0 0 0
1.75168 0.0808081 0 0 0
1.77181 0.0808081 0 0 0
1.79195 0.0808081 0 0 0
1.81208 0.0808081 0 0 0
1.83221 0.0808081 0 0 0
1.85235 0.0808081 0 0 0
1.87248 0.0808081 0 0 0
1.89262 0.0808081 0 0 0
1.91275 0.0808081 0 0 0
1.93289 0.0808081 0 0 0
1.95302 0.0808081 0 0 0
1.97315 0.0808081 0 0 0
1.99329 0.0808081 0 0 0
2.01342 0.0808081 1 0 0
2.03356 0.0808081 1 -1.15342e-08 -6.54463e-08
2.05369 0.0808081 1 -2.03344e-08 -1.2746e-07
2.07383 0.0808081 1 -2.66435e-08 -1.86066e-07
2.09396 0.0808081 1 -3.06589e-08 -2.41198e-07
2.11409 0.0808081 1 -3.25591e-08 -2.92754e-07
2.13423 0.0808081 1 -3.25161e-08 -3.40616e-07
2.15436 0.0808081 1 -3.07038e-08 -3.84674e-07
2.1745 0.0808081 1 -2.7301e-08 -4.24828e-07
2.19463 0.0808081 1 -2.24929e-08 -4.60996e-07
2.21477 0.0808081 1 -1.64696e-08 -4.93122e-07
2.2349 0.0808081 1 -9.42476e-09 -5.21174e-07
2.25503 0.0808081 1 -1.55293e-09 -5.4515e-07
2.27517 0.0808081 1 6.95279e-09 -5.65079e-07
2.2953 0.0808081 1 1.59035e-08 -5.81021e-07
2.31544 0.0808081 1 2.5117e-08 -5.9307e-07
2.33557 0.0808081 1 3.44205e-08 -6.01346e-07
2.3557 0.0808081 1 4.3652e-08 -6.06e-07
2.37584 0.0808081 1 5.26631e-08 -6.0721e-07
2.39597 0.0808081 1 6.13195e-08 -6.05176e-07
2.41611 0.0808081 1 6.95027e-08 -6.00118e-07
2.43624 0.0808081 1 7.71105e-08 -5.9227e-07
2.45638 0.0808081 1 8.40571e-08 -5.81879e-07
2.47651 0.0808081 1 9.02732e-08 -5.69199e-07
2.49664 0.0808081 1 9.57058e-08 -5.54489e-07
2.51678 0.0808081 1 1.00317e-07 -5.38003e-07
2.53691 0.0808081 1 1.04083e-07 -5.19995e-07
2.55705 0.0808081 1 1.06994e-07 -5.00707e-07
2.57718 0.0808081 1 1.09052e-07 -4.80372e-07
2.59732 0.0808081 1 1.10267e-07 -4.59208e-07
2.61745 0.0808081 1 1.10662e-07 -4.37413e-07
2.63758 0.0808081 1 1.10262e-07 -4.1517e-07
2.65772 0.0808081 1 1.09103e-07 -3.9264e-07
2.67785 0.0808081 1 1.07219e-07 -3.69958e-07
2.69799 0.0808081 1 1.0465e-07 -3.47238e-07
2.71812 0.0808081 1 1.01437e-07 -3.2457e-07
2.73826 0.0808081 1 9.76171e-08 -3.02015e-07
2.75839 0.0808081 1 9.32272e-08 -2.79612e-07
2.77852 0.0808081 1 8.83e-08 -2.57369e-07
2.79866 0.0808081 1 8.28634e-08 -2.3527e-07
2.81879 0.0808081 1 7.69387e-08 -2.13273e-07
2.83893 0.0808081 1 7.054e-08 -1.91308e-07
2.85906 0.0808081 1 6.36721e-08 -1.6928e-07
2.87919 0.0808081 1 5.63299e-08 -1.47068e-07
2.89933 0.0808081 1 4.84957e-08 -1.24525e-07
2.91946 0.0808081 1 4.01371e-08 -1.01483e-07
2.9396 0.0808081 1 3.12029e-08 -7.77459e-08
2.95973 0.0808081 1 2.16172e-08 -5.30954e-08
2.97987 0.0808081 1 1.12708e-08 -2.72799e-08
3 0.0808081 1 0 0

0 0.10101 1 0.1 0
0.0201342 0.10101 1.26212 0.0810828 0.0162703
0.0402685 0.10101 1.26168 0.0823613 0.0235534
0.0604027 0.10101 1.24941 0.082979 0.0262319
0.0805369 0.10101 1.23279 0.0822052 0.0259227
0.100671 0.10101 1.21617 0.0801416 0.0241368
0.120805 0.10101 1.20042 0.077178 0.0217302
0.14094 0.10101 1.18629 0.0736602 0.0191978
0.161074 0.10101 1.17399 0.0698696 0.0167856
0.181208 0.10101 1.1635 0.066005 0.0146003
0.201342 0.10101 1.15462 0.0621968 0.012672
0.221477 0.10101 1.14716 0.0585231 0.0109925
0.241611 0.10101 1.14088 0.0550258 0.00953706
0.261745 0.10101 1.13559 0.0517229 0.00827496
0.281879 0.10101 1.13113 0.0486177 0.0071758
0.302013 0.10101 1.12736 0.0457051 0.00621189
0.322148 0.10101 1.12418 0.0429752 0.00535917
0.342282 0.10101 1.12149 0.0404157 0.00459733
0.362416 0.10101 1.11922 0.0380143 0.00390946
0.38255 0.10101 1.11731 0.0357583 0.00328163
0.402685 0.10101 1.11571 0.0336363 0.0027024
0.422819 0.10101 1.11438 0.0316376 0.00216239
0.442953 0.10101 1.11328 0.0297526 0.00165394
0.463087 0.10101 1.11239 0.027973 0.0011708
0.483221 0.10101 1.11166 0.0262913 0.000707848
0.503356 0.10101 1.11109 0.024701 0.000260939
0.52349 0.10101 1.11064 0.0231967 -0.000173285
0.543624 0.10101 1.1103 0.0217735 -0.000597515
0.563758 0.10101 1.11006 0.0204272 -0.00101387
0.583893 0.10101 1.10988 0.0191542 -0.00142397
0.604027 0.10101 1.10976 0.0179513 -0.00182898
0.624161 0.10101 1.10968 0.0168157 -0.00222967
0.644295 0.10101 1.10962 0.0157447 -0.00262636
0.66443 0.10101 1.10957 0.0147354 -0.00301894
0.684564 0.10101 1.10951 0.0137852 -0.0034068
0.704698 0.10101 1.10942 0.0128907 -0.00378871
0.724832 0.10101 1.10929 0.012048 -0.00416262
0.744966 0.10101 1.1091 0.0112523 -0.00452541
0.765101 0.10101 1.10882 0.0104973 -0.00487246
0.785235 0.10101 1.10845 0.0097745 -0.00519696
0.805369 0.10101 1.10797 0.00907303 -0.00548896
0.825503 0.10101 1.10736 0.00837834 -0.00573392
0.845638 0.10101 1.1066 0.00767143 -0.0059105
0.865772 0.10101 1.1057 0.00692792 -0.00598741
0.885906 0.10101 1.10466 0.00611745 -0.00591884
0.90604 0.10101 1.10352 0.0052047 -0.00563832
0.926174 0.10101 1.1023 0.00415113 -0.00505158
0.946309 0.10101 1.10119 0.00292948 -0.00402872
0.966443 0.10101 1.10009 0.00152219 -0.00240943
0.986577 0.10101 1.09996 0 0
1.00671 0.10101 0 0 0
1.02685 0.10101 0 0 0
1.04698 0.10101 0 0 0
1.06711 0.10101 0 0 0
1.08725 0.10101 0 0 0
1.10738 0.10101 0 0 0
1.12752 0.10101 0 0 0
1.14765 0.10101 0 0 0
1.16779 0.10101 0 0 0
1.18792 0.10101 0 0 0
1.20805 0.10101 0 0 0
1.22819 0.10101 0 0 0
1.24832 0.10101 0 0 0
1.26846 0.10101 0 0 0
1.28859 0.10101 0 0 0
1.30872 0.10101 0 0 0
1.32886 0.10101 0 0 0
1.34899 0.10101 0 0 0
1.36913 0.10101 0 0 0
1.38926 0.10101 0 0 0
1.4094 0.10101 0 0 0
1.42953 0.10101 0 0 0
1.44966 0.10101 0 0 0
1.4698 0.10101 0 0 0
1.48993 0.10101 0 0 0
1.51007 0.10101 0 0 0
1.5302 0.10101 0 0 0
1.55034 0.10101 0 0 0
1.57047 0.10101 0 0 0
1.5906 0.10101 0 0 0
1.61074 0.10101 0 0 0
1.63087 0.10101 0 0 0
1.65101 0.10101 0 0 0
1.67114 0.10101 0 0 0
1.69128 0.10101 0 0 0
1.71141 0.10101 0 0 0
1.73154 0.10101 0 0 0
1.75168 0.10101 0 0 0
1.77181 0.10101 0 0 0
1.79195 0.10101 0 0 0
1.81208 0.10101 0 0 0
1.83221 0.10101 0 0 0
1.85235 0.10101 0 0 0
1.87248 0.10101 0 0 0
1.89262 0.10101 0 0 0
1.91275 0.10101 0 0 0
1.93289 0.10101 0 0 0
1.95302 0.10101 0 0 0
1.97315 0.10101 0 0 0
1.99329 0.10101 0 0 0
2.01342 0.10101 1 0 0
2.03356 0.10101 1 -1.4326e-08 -7.12261e-08
2.05369 0.10101 1 -2.52024e-08 -1.38512e-07
2.07383 0.10101 1 -3.29417e-08 -2.01934e-07
2.09396 0.10101 1 -3.78196e-08 -2.61477e-07
2.11409 0.10101 1 -4.00894e-08 -3.17069e-07
2.13423 0.10101 1 -3.99921e-08 -3.68615e-07
2.15436 0.10101 1 -3.77638e-08 -4.16013e-07
2.1745 0.10101 1 -3.364e-08 -4.59168e-07
2.19463 0.10101 1 -2.78576e-08 -4.97999e-07
2.21477 0.10101 1 -2.06546e-08 -5.32448e-07
2.2349 0.10101 1 -1.22695e-08 -5.62485e-07
2.25503 0.10101 1 -2.93852e-09 -5.8811e-07
2.27517 0.10101 1 7.1061e-09 -6.09355e-07
2.2953 0.10101 1 1.76392e-08 -6.26288e-07
2.31544 0.10101 1 2.84454e-08 -6.39011e-07
2.33557 0.10101 1 3.93214e-08 -6.47657e-07
2.3557 0.10101 1 5.00783e-08 -6.52394e-07
2.37584 0.10101 1 6.05437e-08 -6.53415e-07
2.39597 0.10101 1 7.05634e-08 -6.50941e-07
2.41611 0.10101 1 8.00019e-08 -6.45212e-07
2.43624 0.10101 1 8.87437e-08 -6.36485e-07
2.45638 0.10101 1 9.66929e-08 -6.25032e-07
2.47651 0.10101 1 1.03774e-07 -6.11129e-07
2.49664 0.10101 1 1.09929e-07 -5.95058e-07
2.51678 0.10101 1 1.1512e-07 -5.77099e-07
2.53691 0.10101 1 1.19324e-07 -5.57525e-07
2.55705 0.10101 1 1.22535e-07 -5.36601e-07
2.57718 0.10101 1 1.2476e-07 -5.1458e-07
2.59732 0.10101 1 1.26017e-07 -4.91696e-07
2.61745 0.10101 1 1.26335e-07 -4.68167e-07
2.63758 0.10101 1 1.2575e-07 -4.44188e-07
2.65772 0.10101 1 1.24305e-07 -4.19932e-07
2.67785 0.10101 1 1.22046e-07 -3.95547e-07
2.69799 0.10101 1 1.19021e-07 -3.71155e-07
2.71812 0.10101 1 1.15279e-07 -3.4685e-07
2.73826 0.10101 1 1.10867e-07 -3.22698e-07
2.75839 0.10101 1 1.05828e-07 -2.98739e-07
2.77852 0.10101 1 1.00202e-07 -2.74982e-07
2.79866 0.10101 1 9.40199e-08 -2.51407e-07
2.81879 0.10101 1 8.73063e-08 -2.27966e-07
2.83893 0.10101 1 8.0075e-08 -2.0458e-07
2.85906 0.10101 1 7.23283e-08 -1.81141e-07
2.87919 0.10101 1 6.40541e-08 -1.57512e-07
2.89933 0.10101 1 5.5224e-08 -1.33525e-07
2.91946 0.10101 1 4.57891e-08 -1.08981e-07
2.9396 0.10101 1 3.56758e-08 -8.36498e-08
2.95973 0.10101 1 2.47787e-08 -5.72621e-08
2.97987 0.10101 1 1.29537e-08 -2.95038e-08
3 0.10101 1 0 0

0 0.121212 1 0.1 0
0.0201342 0.121212 1.2242 0.0828149 0.0145861
0.0402685 0.121212 1.2331 0.0836019 0.0226946
0.0604027 0.121212 1.22592 0.0846604 0.0266274
0.0805369 0.121212 1.21518 0.0846845 0.0275964
0.100671 0.121212 1.20345 0.0835868 0.0267866
0.120805 0.121212 1.19176 0.0815545 0.025012
0.14094 0.121212 1.1808 0.0788357 0.0228114
0.161074 0.121212 1.17087 0.0756708 0.0205077
0.181208 0.121212 1.16205 0.0722564 0.0182793
0.201342 0.121212 1.15431 0.0687398 0.0162132
0.221477 0.121212 1.14758 0.065224 0.0143417
0.241611 0.121212 1.14175 0.0617773 0.0126674
0.261745 0.121212 1.13674 0.0584419 0.0111771
0.281879 0.121212 1.13243 0.0552416 0.00985138
0.302013 0.121212 1.12873 0.0521875 0.00866862
0.322148 0.121212 1.12558 0.0492827 0.00760802
0.342282 0.121212 1.12288 0.0465252 0.00665057
0.362416 0.121212 1.12059 0.0439097 0.00577949
0.38255 0.121212 1.11864 0.0414295 0.00498032
0.402685 0.121212 1.117 0.0390771 0.00424068
0.422819 0.121212 1.11563 0.0368451 0.00355016
0.442953 0.121212 1.11448 0.0347261 0.00289998
0.463087 0.121212 1.11354 0.0327134 0.00228281
0.483221 0.121212 1.11278 0.0308007 0.00169257
0.503356 0.121212 1.11216 0.0289824 0.00112421
0.52349 0.121212 1.11168 0.0272535 0.00057359
0.543624 0.121212 1.11131 0.0256094 3.7366e-05
0.563758 0.121212 1.11103 0.0240463 -0.000487124
0.583893 0.121212 1.11083 0.0225605 -0.00100192
0.604027 0.121212 1.11069 0.0211488 -0.00150848
0.624161 0.121212 1.1106 0.0198079 -0.00200772
0.644295 0.121212 1.11053 0.0185348 -0.00249995
0.66443 0.121212 1.11048 0.0173265 -0.0029849
0.684564 0.121212 1.11042 0.0161794 -0.00346156
0.704698 0.121212 1.11035 0.0150897 -0.00392806
0.724832 0.121212 1.11025 0.0140527 -0.0043814
0.744966 0.121212 1.1101 0.0130624 -0.00481714
0.765101 0.121212 1.10989 0.0121118 -0.00522883
0.785235 0.121212 1.10961 0.0111914 -0.0056073
0.805369 0.121212 1.10925 0.0102897 -0.00593959
0.825503 0.121212 1.10879 0.00939206 -0.00620747
0.845638 0.121212 1.10823 0.00848032 -0.00638533
0.865772 0.121212 1.10758 0.00753291 -0.0064375
0.885906 0.121212 1.10685 0.00652517 -0.0063147
0.90604 0.121212 1.10609 0.00543167 -0.00594996
0.926174 0.121212 1.10531 0.00422929 -0.00525513
0.946309 0.121212 1.10468 0.00290956 -0.0041184
0.966443 0.121212 1.1041 0.00147748 -0.00241327
0.986577 0.121212 1.10424 0 0
1.00671 0.121212 0 0 0
1.02685 0.121212 0 0 0
1.04698 0.121212 0 0 0
1.06711 0.121212 0 0 0
1.08725 0.121212 0 0 0
1.10738 0.121212 0 0 0
1.12752 0.121212 0 0 0
1.14765 0.121212 0 0 0
1.16779 0.121212 0 0 0
1.18792 0.121212 0 0 0
1.20805 0.121212 0 0 0
1.22819 0.121212 0 0 0
1.24832 0.121212 0 0 0
1.26846 0.121212 0 0 0
1.28859 0.121212 0 0 0
1.30872 0.121212 0 0 0
1.32886 0.121212 0 0 0
1.34899 0.121212 0 0 0
1.36913 0.121212 0 0 0
1.38926 0.121212 0 0 0
1.4094 0.121212 0 0 0
1.42953 0.121212 0 0 0
1.44966 0.121212 0 0 0
1.4698 0.121212 0 0 0
1.48993 0.121212 0 0 0
1.51007 0.121212 0 0 0
1.5302 0.121212 0 0 0
1.55034 0.121212 0 0 0
1.57047 0.121212 0 0 0
1.5906 0.121212 0 0 0
1.61074 0.121212 0 0 0
1.63087 0.121212 0 0 0
1.65101 0.121212 0 0 0
1.67114 0.121212 0 0 0
1.69128 0.121212 0 0 0
1.71141 0.121212 0 0 0
1.73154 0.121212 0 0 0
1.75168 0.121212 0 0 0
1.77181 0.121212 0 0 0
1.79195 0.121212 0 0 0
1.81208 0.121212 0 0 0
1.83221 0.121212 0 0 0
1.85235 0.121212 0 0 0
1.87248 0.121212 0 0 0
1.89262 0.121212 0 0 0
1.91275 0.121212 0 0 0
1.93289 0.121212 0 0 0
1.95302 0.121212 0 0 0
1.97315 0.121212 0 0 0
1.99329 0.121212 0 0 0
2.01342 0.121212 1 0 0
2.03356 0.121212 1 -1.74875e-08 -7.84139e-08
2.05369 0.121212 1 -3.07347e-08 -1.52348e-07
2.07383 0.121212 1 -4.01228e-08 -2.21907e-07
2.09396 0.121212 1 -4.60006e-08 -2.87105e-07
2.11409 0.121212 1 -4.86957e-08 -3.47891e-07
2.13423 0.121212 1 -4.85206e-08 -4.04185e-07
2.15436 0.121212 1 -4.57793e-08 -4.5589e-07
2.1745 0.121212 1 -4.07717e-08 -5.02912e-07
2.19463 0.121212 1 -3.37953e-08 -5.4517e-07
2.21477 0.121212 1 -2.51458e-08 -5.82607e-07
2.2349 0.121212 1 -1.51157e-08 -6.15189e-07
2.25503 0.121212 1 -3.99318e-09 -6.42922e-07
2.27517 0.121212 1 7.94145e-09 -6.65842e-07
2.2953 0.121212 1 2.04179e-08 -6.84027e-07
2.31544 0.121212 1 3.31791e-08 -6.97591e-07
2.33557 0.121212 1 4.59841e-08 -7.06686e-07
2.3557 0.121212 1 5.86102e-08 -7.11497e-07
2.37584 0.121212 1 7.08555e-08 -7.12243e-07
2.39597 0.121212 1 8.25405e-08 -7.0917e-07
2.41611 0.121212 1 9.35089e-08 -7.02547e-07
2.43624 0.121212 1 1.03629e-07 -6.92661e-07
2.45638 0.121212 1 1.12792e-07 -6.79813e-07
2.47651 0.121212 1 1.20915e-07 -6.64311e-07
2.49664 0.121212 1 1.27935e-07 -6.46469e-07
2.51678 0.121212 1 1.33813e-07 -6.26595e-07
2.53691 0.121212 1 1.38529e-07 -6.04993e-07
2.55705 0.121212 1 1.4208e-07 -5.81955e-07
2.57718 0.121212 1 1.44481e-07 -5.57758e-07
2.59732 0.121212 1 1.45758e-07 -5.32661e-07
2.61745 0.121212 1 1.45951e-07 -5.06904e-07
2.63758 0.121212 1 1.45106e-07 -4.80698e-07
2.65772 0.121212 1 1.43278e-07 -4.54235e-07
2.67785 0.121212 1 1.40525e-07 -4.27673e-07
2.69799 0.121212 1 1.36906e-07 -4.01146e-07
2.71812 0.121212 1 1.32481e-07 -3.74755e-07
2.73826 0.121212 1 1.27308e-07 -3.48572e-07
2.75839 0.121212 1 1.21438e-07 -3.22638e-07
2.77852 0.121212 1 1.14918e-07 -2.9696e-07
2.79866 0.121212 1 1.07786e-07 -2.71515e-07
2.81879 0.121212 1 1.00069e-07 -2.46246e-07
2.83893 0.121212 1 9.17801e-08 -2.21062e-07
2.85906 0.121212 1 8.29195e-08 -1.9584e-07
2.87919 0.121212 1 7.34681e-08 -1.70423e-07
2.89933 0.121212 1 6.33858e-08 -1.44615e-07
2.91946 0.121212 1 5.26072e-08 -1.18185e-07
2.9396 0.121212 1 4.10361e-08 -9.08581e-08
2.95973 0.121212 1 2.85392e-08 -6.23148e-08
2.97987 0.121212 1 1.49396e-08 -3.21777e-08
3 0.121212 1 0 0

0 0.141414 1 0.1 0
0.0201342 0.141414 1.1987 0.0840672 0.0130293
0.0402685 0.141414 1.2122 0.0844041 0.0213535
0.0604027 0.141414 1.20871 0.0855531 0.0261021
0.0805369 0.141414 1.20206 0.0860236 0.0281085
0.100671 0.141414 1.19381 0.0856035 0.0282494
0.120805 0.141414 1.18494 0.0843254 0.0272219
0.14094 0.141414 1.17617 0.0823316 0.0255389
0.161074 0.141414 1.16786 0.0798 0.0235468
0.181208 0.141414 1.16024 0.0769001 0.0214655
0.201342 0.141414 1.15337 0.0737745 0.0194245
0.221477 0.141414 1.14728 0.0705349 0.0174938
0.241611 0.141414 1.14191 0.0672639 0.015705
0.261745 0.141414 1.13721 0.0640197 0.0140671
0.281879 0.141414 1.13312 0.0608416 0.0125756
0.302013 0.141414 1.12958 0.0577547 0.0112194
0.322148 0.141414 1.12651 0.0547738 0.00998438
0.342282 0.141414 1.12387 0.0519066 0.00885567
0.362416 0.141414 1.12161 0.0491559 0.00781883
0.38255 0.141414 1.11967 0.0465212 0.00686058
0.402685 0.141414 1.11803 0.0440001 0.00596901
0.422819 0.141414 1.11664 0.0415889 0.00513362
0.442953 0.141414 1.11548 0.0392836 0.00434533
0.463087 0.141414 1.11452 0.0370795 0.00359633
0.483221 0.141414 1.11373 0.0349723 0.00288
0.503356 0.141414 1.1131 0.0329577 0.00219074
0.52349 0.141414 1.11259 0.0310317 0.00152391
0.543624 0.141414 1.1122 0.0291906 0.000875708
0.563758 0.141414 1.11191 0.0274309 0.000243088
0.583893 0.141414 1.1117 0.0257494 -0.000376265
0.604027 0.141414 1.11155 0.0241427 -0.000983987
0.624161 0.141414 1.11145 0.022608 -0.00158103
0.644295 0.141414 1.11139 0.0211419 -0.00216762
0.66443 0.141414 1.11134 0.0197412 -0.00274321
0.684564 0.141414 1.11131 0.018402 -0.00330631
0.704698 0.141414 1.11126 0.0171201 -0.00385435
0.724832 0.141414 1.1112 0.0158903 -0.00438335
0.744966 0.141414 1.11111 0.0147063 -0.00488754
0.765101 0.141414 1.11098 0.0135605 -0.00535879
0.785235 0.141414 1.11079 0.0124436 -0.00578585
0.805369 0.141414 1.11055 0.0113443 -0.0061533
0.825503 0.141414 1.11024 0.010249 -0.00644017
0.845638 0.141414 1.10987 0.00914215 -0.0066182
0.865772 0.141414 1.10946 0.00800624 -0.00664965
0.885906 0.141414 1.109 0.00682329 -0.00648493
0.90604 0.141414 1.10855 0.00557744 -0.00606022
0.926174 0.141414 1.10814 0.00425819 -0.00529637
0.946309 0.141414 1.10787 0.00286987 -0.00409921
0.966443 0.141414 1.10769 0.00143009 -0.00236843
0.986577 0.141414 1.10803 0 0
1.00671 0.141414 0 0 0
1.02685 0.141414 0 0 0
1.04698 0.141414 0 0 0
1.06711 0.141414 0 0 0
1.08725 0.141414 0 0 0
1.10738 0.141414 0 0 0
1.12752 0.141414 0 0 0
1.14765 0.141414 0 0 0
1.16779 0.141414 0 0 0
1.18792 0.141414 0 0 0
1.20805 0.141414 0 0 0
1.22819 0.141414 0 0 0
1.24832 0.141414 0 0 0
1.26846 0.141414 0 0 0
1.28859 0.141414 0 0 0
1.30872 0.141414 0 0 0
1.32886 0.141414 0 0 0
1.34899 0.141414 0 0 0
1.36913 0.141414 0 0 0
1.38926 0.141414 0 0 0
1.4094 0.141414 0 0 0
1.42953 0.141414 0 0 0
1.44966 0.141414 0 0 0
1.4698 0.141414 0 0 0
1.48993 0.141414 0 0 0
1.51007 0.141414 0 0 0
1.5302 0.141414 0 0 0
1.55034 0.141414 0 0 0
1.57047 0.141414 0 0 0
1.5906 0.141414 0 0 0
1.61074 0.141414 0 0 0
1.63087 0.141414 0 0 0
1.65101 0.141414 0 0 0
1.67114 0.141414 0 0 0
1.69128 0.141414 0 0 0
1.71141 0.141414 0 0 0
1.73154 0.141414 0 0 0
1.75168 0.141414 0 0 0
1.77181 0.141414 0 0 0
1.79195 0.141414 0 0 0
1.81208 0.141414 0 0 0
1.83221 0.141414 0 0 0
1.85235 0.141414 0 0 0
1.87248 0.141414 0 0 0
1.89262 0.141414 0 0 0
1.91275 0.141414 0 0 0
1.93289 0.141414 0 0 0
1.95302 0.141414 0 0 0
1.97315 0.141414 0 0 0
1.99329 0.141414 0 0 0
2.01342 0.141414 1 0 0
2.03356 0.141414 1 -2.1023e-08 -8.71451e-08
2.05369 0.141414 1 -3.69254e-08 -1.69221e-07
2.07383 0.141414 1 -4.81605e-08 -2.46348e-07
2.09396 0.141414 1 -5.51518e-08 -3.1855e-07
2.11409 0.141414 1 -5.83026e-08 -3.85791e-07
2.13423 0.141414 1 -5.80007e-08 -4.47993e-07
2.15436 0.141414 1 -5.46241e-08 -5.05062e-07
2.1745 0.141414 1 -4.85445e-08 -5.569e-07
2.19463 0.141414 1 -4.0129e-08 -6.03423e-07
2.21477 0.141414 1 -2.97402e-08 -6.4457e-07
2.2349 0.141414 1 -1.77354e-08 -6.80309e-07
2.25503 0.141414 1 -4.46383e-09 -7.10646e-07
2.27517 0.141414 1 9.73579e-09 -7.35627e-07
2.2953 0.141414 1 2.45388e-08 -7.5534e-07
2.31544 0.141414 1 3.96379e-08 -7.69917e-07
2.33557 0.141414 1 5.47463e-08 -7.79531e-07
2.3557 0.141414 1 6.96006e-08 -7.84395e-07
2.37584 0.141414 1 8.39633e-08 -7.84758e-07
2.39597 0.141414 1 9.76245e-08 -7.80897e-07
2.41611 0.141414 1 1.10403e-07 -7.7312e-07
2.43624 0.141414 1 1.22148e-07 -7.61751e-07
2.45638 0.141414 1 1.32735e-07 -7.4713e-07
2.47651 0.141414 1 1.42073e-07 -7.29605e-07
2.49664 0.141414 1 1.50093e-07 -7.09529e-07
2.51678 0.141414 1 1.56757e-07 -6.87248e-07
2.53691 0.141414 1 1.62045e-07 -6.63102e-07
2.55705 0.141414 1 1.65963e-07 -6.37418e-07
2.57718 0.141414 1 1.68532e-07 -6.10505e-07
2.59732 0.141414 1 1.69791e-07 -5.82652e-07
2.61745 0.141414 1 1.69791e-07 -5.54123e-07
2.63758 0.141414 1 1.68592e-07 -5.25155e-07
2.65772 0.141414 1 1.66264e-07 -4.95955e-07
2.67785 0.141414 1 1.62877e-07 -4.66702e-07
2.69799 0.141414 1 1.58506e-07 -4.37539e-07
2.71812 0.141414 1 1.53224e-07 -4.08578e-07
2.73826 0.141414 1 1.47101e-07 -3.79896e-07
2.75839 0.141414 1 1.40198e-07 -3.51535e-07
2.77852 0.141414 1 1.32572e-07 -3.23501e-07
2.79866 0.141414 1 1.24267e-07 -2.95764e-07
2.81879 0.141414 1 1.15313e-07 -2.68257e-07
2.83893 0.141414 1 1.05726e-07 -2.40877e-07
2.85906 0.141414 1 9.55015e-08 -2.1348e-07
2.87919 0.141414 1 8.46145e-08 -1.85883e-07
2.89933 0.141414 1 7.30131e-08 -1.57861e-07
2.91946 0.141414 1 6.06149e-08 -1.29143e-07
2.9396 0.141414 1 4.73016e-08 -9.94084e-08
2.95973 0.141414 1 3.29121e-08 -6.82806e-08
2.97987 0.141414 1 1.72367e-08 -3.53177e-08
3 0.141414 1 0 0

0 0.161616 1 0.1 0
0.0201342 0.161616 1.17978 0.0850551 0.01173
0.0402685 0.161616 1.19483 0.0850165 0.0199585
0.0604027 0.161616 1.1935 0.0860719 0.0251988
0.0805369 0.161616 1.18949 0.0867358 0.027989
0.100671 0.161616 1.18382 0.0867379 0.0289528
0.120805 0.161616 1.17729 0.0860119 0.0286519
0.14094 0.161616 1.17049 0.084612 0.0275405
0.161074 0.161616 1.16379 0.0826512 0.0259563
0.181208 0.161616 1.15743 0.0802593 0.0241356
0.201342 0.161616 1.15154 0.0775593 0.0222347
0.221477 0.161616 1.14618 0.0746572 0.0203512
0.241611 0.161616 1.14136 0.0716386 0.0185416
0.261745 0.161616 1.13707 0.0685697 0.0168351
0.281879 0.161616 1.13328 0.0654994 0.0152432
0.302013 0.161616 1.12995 0.0624631 0.0137663
0.322148 0.161616 1.12704 0.0594852 0.012399
0.342282 0.161616 1.1245 0.0565818 0.0111323
0.362416 0.161616 1.12231 0.0537632 0.0099557
0.38255 0.161616 1.12042 0.0510352 0.0088587
0.402685 0.161616 1.11881 0.0484005 0.00783097
0.422819 0.161616 1.11744 0.0458597 0.00686299
0.442953 0.161616 1.11628 0.043412 0.00594615
0.463087 0.161616 1.11532 0.0410558 0.00507282
0.483221 0.161616 1.11453 0.0387889 0.00423635
0.503356 0.161616 1.11389 0.0366087 0.003431
0.52349 0.161616 1.11338 0.0345127 0.00265196
0.543624 0.161616 1.11299 0.0324982 0.00189521
0.563758 0.161616 1.11269 0.0305624 0.00115757
0.583893 0.161616 1.11248 0.0287028 0.000436608
0.604027 0.161616 1.11233 0.0269165 -0.000269346
0.624161 0.161616 1.11224 0.0252007 -0.000961165
0.644295 0.161616 1.11219 0.0235524 -0.00163889
0.66443 0.161616 1.11216 0.0219683 -0.00230161
0.684564 0.161616 1.11215 0.0204444 -0.00294734
0.704698 0.161616 1.11215 0.0189765 -0.00357277
0.724832 0.161616 1.11214 0.0175593 -0.004173
0.744966 0.161616 1.11211 0.0161866 -0.00474105
0.765101 0.161616 1.11205 0.0148511 -0.00526739
0.785235 0.161616 1.11196 0.013544 -0.00573912
0.805369 0.161616 1.11184 0.0122552 -0.00613907
0.825503 0.161616 1.11168 0.0109732 -0.00644461
0.845638 0.161616 1.11149 0.00968546 -0.00662627
0.865772 0.161616 1.11128 0.00837937 -0.00664619
0.885906 0.161616 1.11107 0.00704345 -0.00645662
0.90604 0.161616 1.11089 0.00567012 -0.00599889
0.926174 0.161616 1.11076 0.00425852 -0.00520357
0.946309 0.161616 1.11078 0.00282144 -0.00399208
0.966443 0.161616 1.1109 0.00138331 -0.00228409
0.986577 0.161616 1.11142 0 0
1.00671 0.161616 0 0 0
1.02685 0.161616 0 0 0
1.04698 0.161616 0 0 0
1.06711 0.161616 0 0 0
1.08725 0.161616 0 0 0
1.10738 0.161616 0 0 0
1.12752 0.161616 0 0 0
1.14765 0.161616 0 0 0
1.16779 0.161616 0 0 0
1.18792 0.161616 0 0 0
1.20805 0.161616 0 0 0
1.22819 0.161616 0 0 0
1.24832 0.161616 0 0 0
1.26846 0.161616 0 0 0
1.28859 0.161616 0 0 0
1.30872 0.161616 0 0 0
1.32886 0.161616 0 0 0
1.34899 0.161616 0 0 0
1.36913 0.161616 0 0 0
1.38926 0.161616 0 0 0
1.4094 0.161616 0 0 0
1.42953 0.161616 0 0 0
1.44966 0.161616 0 0 0
1.4698 0.161616 0 0 0
1.48993 0.161616 0 0 0
1.51007 0.161616 0 0 0
1.5302 0.161616 0 0 0
1.55034 0.161616 0 0 0
1.57047 0.161616 0 0 0
1.5906 0.161616 0 0 0
1.61074 0.161616 0 0 0
1.63087 0.161616 0 0 0
1.65101 0.161616 0 0 0
1.67114 0.161616 0 0 0
1.69128 0.161616 0 0 0
1.71141 0.161616 0 0 0
1.73154 0.161616 0 0 0
1.75168 0.161616 0 0 0
1.77181 0.161616 0 0 0
1.79195 0.161616 0 0 0
1.81208 0.161616 0 0 0
1.83221 0.161616 0 0 0
1.85235 0.161616 0 0 0
1.87248 0.161616 0 0 0
1.89262 0.161616 0 0 0
1.91275 0.161616 0 0 0
1.93289 0.161616 0 0 0
1.95302 0.161616 0 0 0
1.97315 0.161616 0 0 0
1.99329 0.161616 0 0 0
2.01342 0.161616 1 0 0
2.03356 0.161616 1 -2.49564e-08 -9.75863e-08
2.05369 0.161616 1 -4.38052e-08 -1.89449e-07
2.07383 0.161616 1 -5.70788e-08 -2.7571e-07
2.09396 0.161616 1 -6.52802e-08 -3.56398e-07
2.11409 0.161616 1 -6.88929e-08 -4.31477e-07
2.13423 0.161616 1 -6.83861e-08 -5.00864e-07
2.15436 0.161616 1 -6.42186e-08 -5.64459e-07
2.1745 0.161616 1 -5.68426e-08 -6.22157e-07
2.19463 0.161616 1 -4.67042e-08 -6.73866e-07
2.21477 0.161616 1 -3.42438e-08 -7.19518e-07
2.2349 0.161616 1 -1.98936e-08 -7.59081e-07
2.25503 0.161616 1 -4.07541e-09 -7.92563e-07
2.27517 0.161616 1 1.28034e-08 -8.20019e-07
2.2953 0.161616 1 3.03535e-08 -8.41553e-07
2.31544 0.161616 1 4.82078e-08 -8.57318e-07
2.33557 0.161616 1 6.60252e-08 -8.67516e-07
2.3557 0.161616 1 8.3494e-08 -8.72391e-07
2.37584 0.161616 1 1.00334e-07 -8.72232e-07
2.39597 0.161616 1 1.16301e-07 -8.67358e-07
2.41611 0.161616 1 1.31183e-07 -8.58122e-07
2.43624 0.161616 1 1.44807e-07 -8.44896e-07
2.45638 0.161616 1 1.57033e-07 -8.28069e-07
2.47651 0.161616 1 1.67758e-07 -8.08039e-07
2.49664 0.161616 1 1.76909e-07 -7.85205e-07
2.51678 0.161616 1 1.84446e-07 -7.59961e-07
2.53691 0.161616 1 1.90356e-07 -7.32694e-07
2.55705 0.161616 1 1.9465e-07 -7.0377e-07
2.57718 0.161616 1 1.97362e-07 -6.7354e-07
2.59732 0.161616 1 1.98543e-07 -6.42327e-07
2.61745 0.161616 1 1.9826e-07 -6.10426e-07
2.63758 0.161616 1 1.9659e-07 -5.78103e-07
2.65772 0.161616 1 1.93618e-07 -5.45588e-07
2.67785 0.161616 1 1.89434e-07 -5.13079e-07
2.69799 0.161616 1 1.84127e-07 -4.80734e-07
2.71812 0.161616 1 1.77787e-07 -4.48675e-07
2.73826 0.161616 1 1.70498e-07 -4.16985e-07
2.75839 0.161616 1 1.62336e-07 -3.85709e-07
2.77852 0.161616 1 1.53366e-07 -3.54848e-07
2.79866 0.161616 1 1.4364e-07 -3.24367e-07
2.81879 0.161616 1 1.33194e-07 -2.94187e-07
2.83893 0.161616 1 1.22045e-07 -2.64185e-07
2.85906 0.161616 1 1.10187e-07 -2.34195e-07
2.87919 0.161616 1 9.75876e-08 -2.04006e-07
2.89933 0.161616 1 8.41828e-08 -1.73357e-07
2.91946 0.161616 1 6.98738e-08 -1.41932e-07
2.9396 0.161616 1 5.45195e-08 -1.0936e-07
2.95973 0.161616 1 3.79307e-08 -7.52023e-08
2.97987 0.161616 1 1.98631e-08 -3.89482e-08
3 0.161616 1 0 0

0 0.181818 1 0.1 0
0.0201342 0.181818 1.16554 0.0858524 0.0106419
0.0402685 0.181818 1.18094 0.0855156 0.018607
0.0604027 0.181818 1.18093 0.0864033 0.0240981
0.0805369 0.181818 1.17866 0.0871081 0.0274455
0.100671 0.181818 1.17485 0.0873472 0.0290803
0.120805 0.181818 1.17008 0.0869992 0.0294364
0.14094 0.181818 1.16484 0.0860549 0.0288957
0.161074 0.181818 1.15948 0.0845714 0.027766
0.181208 0.181818 1.15422 0.0826371 0.02628
0.201342 0.181818 1.14923 0.0803489 0.0246051
0.221477 0.181818 1.14458 0.0777988 0.0228559
0.241611 0.181818 1.14031 0.0750674 0.0211075
0.261745 0.181818 1.13645 0.0722215 0.0194061
0.281879 0.181818 1.13299 0.0693143 0.0177778
0.302013 0.181818 1.12991 0.0663872 0.016235
0.322148 0.181818 1.12719 0.0634713 0.0147811
0.342282 0.181818 1.1248 0.0605893 0.0134144
0.362416 0.181818 1.12271 0.0577576 0.0121294
0.38255 0.181818 1.1209 0.0549875 0.0109194
0.402685 0.181818 1.11934 0.0522866 0.00977655
0.422819 0.181818 1.11801 0.0496596 0.00869328
0.442953 0.181818 1.11689 0.0471093 0.00766214
0.463087 0.181818 1.11595 0.0446368 0.0066763
0.483221 0.181818 1.11517 0.0422424 0.00572959
0.503356 0.181818 1.11454 0.0399256 0.00481657
0.52349 0.181818 1.11404 0.0376854 0.00393257
0.543624 0.181818 1.11366 0.0355204 0.0030737
0.563758 0.181818 1.11337 0.033429 0.00223683
0.583893 0.181818 1.11316 0.0314093 0.00141961
0.604027 0.181818 1.11303 0.0294592 0.000620499
0.624161 0.181818 1.11295 0.0275763 -0.00016118
0.644295 0.181818 1.11292 0.0257581 -0.000925179
0.66443 0.181818 1.11293 0.0240014 -0.0016702
0.684564 0.181818 1.11295 0.0223026 -0.00239372
0.704698 0.181818 1.11299 0.0206576 -0.00309176
0.724832 0.181818 1.11303 0.0190616 -0.00375858
0.744966 0.181818 1.11307 0.0175088 -0.00438624
0.765101 0.181818 1.1131 0.0159926 -0.00496411
0.785235 0.181818 1.11311 0.0145055 -0.00547817
0.805369 0.181818 1.11311 0.013039 -0.00591023
0.825503 0.181818 1.11309 0.0115842 -0.00623698
0.845638 0.181818 1.11306 0.0101321 -0.00642897
0.865772 0.181818 1.11303 0.00867479 -0.00644961
0.885906 0.181818 1.11303 0.00720664 -0.00625436
0.90604 0.181818 1.11307 0.00572689 -0.00579052
0.926174 0.181818 1.11319 0.00424179 -0.00499807
0.946309 0.181818 1.11344 0.00276964 -0.00381166
0.966443 0.181818 1.11379 0.00133851 -0.00216641
0.986577 0.181818 1.11448 0 0
1.00671 0.181818 0 0 0
1.02685 0.181818 0 0 0
1.04698 0.181818 0 0 0
1.06711 0.181818 0 0 0
1.08725 0.181818 0 0 0
1.10738 0.181818 0 0 0
1.12752 0.181818 0 0 0
1.14765 0.181818 0 0 0
1.16779 0.181818 0 0 0
1.18792 0.181818 0 0 0
1.20805 0.181818 0 0 0
1.22819 0.181818 0 0 0
1.24832 0.181818 0 0 0
1.26846 0.181818 0 0 0
1.28859 0.181818 0 0 0
1.30872 0.181818 0 0 0
1.32886 0.181818 0 0 0
1.34899 0.181818 0 0 0
1.36913 0.181818 0 0 0
1.38926 0.181818 0 0 0
1.4094 0.181818 0 0 0
1.42953 0.181818 0 0 0
1.44966 0.181818 0 0 0
1.4698 0.181818 0 0 0
1.48993 0.181818 0 0 0
1.51007 0.181818 0 0 0
1.5302 0.181818 0 0 0
1.55034 0.181818 0 0 0
1.57047 0.181818 0 0 0
1.5906 0.181818 0 0 0
1.61074 0.181818 0 0 0
1.63087 0.181818 0 0 0
1.65101 0.181818 0 0 0
1.67114 0.181818 0 0 0
1.69128 0.181818 0 0 0
1.71141 0.181818 0 0 0
1.73154 0.181818 0 0 0
1.75168 0.181818 0 0 0
1.77181 0.181818 0 0 0
1.79195 0.181818 0 0 0
1.81208 0.181818 0 0 0
1.83221 0.181818 0 0 0
1.85235 0.181818 0 0 0
1.87248 0.181818 0 0 0
1.89262 0.181818 0 0 0
1.91275 0.181818 0 0 0
1.93289 0.181818 0 0 0
1.95302 0.181818 0 0 0
1.97315 0.181818 0 0 0
1.99329 0.181818 0 0 0
2.01342 0.181818 1 0 0
2.03356 0.181818 1 -2.93246e-08 -1.09935e-07
2.05369 0.181818 1 -5.14297e-08 -2.1341e-07
2.07383 0.181818 1 -6.6935e-08 -3.10543e-07
2.09396 0.181818 1 -7.64304e-08 -4.01357e-07
2.11409 0.181818 1 -8.04875e-08 -4.85804e-07
2.13423 0.181818 1 -7.96642e-08 -5.63791e-07
2.15436 0.181818 1 -7.45095e-08 -6.35201e-07
2.1745 0.181818 1 -6.55661e-08 -6.99915e-07
2.19463 0.181818 1 -5.33705e-08 -7.57827e-07
2.21477 0.181818 1 -3.84522e-08 -8.0886e-07
2.2349 0.181818 1 -2.1331e-08 -8.52979e-07
2.25503 0.181818 1 -2.51325e-09 -8.90195e-07
2.27517 0.181818 1 1.75129e-08 -9.20574e-07
2.2953 0.181818 1 3.82821e-08 -9.44239e-07
2.31544 0.181818 1 5.93571e-08 -9.6137e-07
2.33557 0.181818 1 8.03328e-08 -9.72203e-07
2.3557 0.181818 1 1.00841e-07 -9.77025e-07
2.37584 0.181818 1 1.20552e-07 -9.76169e-07
2.39597 0.181818 1 1.39179e-07 -9.70012e-07
2.41611 0.181818 1 1.56478e-07 -9.58958e-07
2.43624 0.181818 1 1.7225e-07 -9.43441e-07
2.45638 0.181818 1 1.86336e-07 -9.23908e-07
2.47651 0.181818 1 1.98621e-07 -9.00819e-07
2.49664 0.181818 1 2.09029e-07 -8.74631e-07
2.51678 0.181818 1 2.17519e-07 -8.45796e-07
2.53691 0.181818 1 2.24084e-07 -8.14754e-07
2.55705 0.181818 1 2.28746e-07 -7.81925e-07
2.57718 0.181818 1 2.31553e-07 -7.47703e-07
2.59732 0.181818 1 2.32573e-07 -7.12456e-07
2.61745 0.181818 1 2.31889e-07 -6.76516e-07
2.63758 0.181818 1 2.29601e-07 -6.40182e-07
2.65772 0.181818 1 2.25812e-07 -6.03713e-07
2.67785 0.181818 1 2.20633e-07 -5.67326e-07
2.69799 0.181818 1 2.14174e-07 -5.31198e-07
2.71812 0.181818 1 2.06544e-07 -4.95464e-07
2.73826 0.181818 1 1.97842e-07 -4.60213e-07
2.75839 0.181818 1 1.8816e-07 -4.25491e-07
2.77852 0.181818 1 1.77577e-07 -3.91296e-07
2.79866 0.181818 1 1.66153e-07 -3.57583e-07
2.81879 0.181818 1 1.53931e-07 -3.24258e-07
2.83893 0.181818 1 1.4093e-07 -2.91179e-07
2.85906 0.181818 1 1.27141e-07 -2.58154e-07
2.87919 0.181818 1 1.12527e-07 -2.24935e-07
2.89933 0.181818 1 9.70114e-08 -1.91221e-07
2.91946 0.181818 1 8.04777e-08 -1.56649e-07
2.9396 0.181818 1 6.27618e-08 -1.20789e-07
2.95973 0.181818 1 4.36443e-08 -8.31346e-08
2.97987 0.181818 1 2.28445e-08 -4.30994e-08
3 0.181818 1 0 0

0 0.20202 1 0.1 0
0.0201342 0.20202 1.1544 0.0865123 0.00973278
0.0402685 0.20202 1.16958 0.0859415 0.0173639
0.0604027 0.20202 1.17033 0.0866405 0.0229451
0.0805369 0.20202 1.16919 0.0872992 0.0266695
0.100671 0.20202 1.16669 0.0876473 0.0288282
0.120805 0.20202 1.16326 0.0875398 0.029747
0.14094 0.20202 1.15928 0.0869262 0.029736
0.161074 0.20202 1.15504 0.0858206 0.0290633
0.181208 0.20202 1.15075 0.0842748 0.0279452
0.201342 0.20202 1.14657 0.0823585 0.0265483
0.221477 0.20202 1.14259 0.0801457 0.0249949
0.241611 0.20202 1.13887 0.0777068 0.0233717
0.261745 0.20202 1.13544 0.075104 0.0217375
0.281879 0.20202 1.13233 0.0723906 0.0201303
0.302013 0.20202 1.12952 0.06961 0.018573
0.322148 0.20202 1.12702 0.0667969 0.017078
0.342282 0.20202 1.1248 0.0639787 0.0156505
0.362416 0.20202 1.12284 0.0611762 0.0142908
0.38255 0.20202 1.12113 0.0584052 0.0129964
0.402685 0.20202 1.11966 0.0556773 0.011763
0.422819 0.20202 1.11839 0.053001 0.0105851
0.442953 0.20202 1.11731 0.0503824 0.00945734
0.463087 0.20202 1.11641 0.0478253 0.00837409
0.483221 0.20202 1.11566 0.0453327 0.00733014
0.503356 0.20202 1.11506 0.0429059 0.00632075
0.52349 0.20202 1.11458 0.0405457 0.00534174
0.543624 0.20202 1.11421 0.0382522 0.0043896
0.563758 0.20202 1.11394 0.036025 0.00346149
0.583893 0.20202 1.11376 0.0338631 0.00255534
0.604027 0.20202 1.11365 0.0317654 0.0016699
0.624161 0.20202 1.11359 0.0297302 0.000804784
0.644295 0.20202 1.11359 0.0277554 -3.93984e-05
0.66443 0.20202 1.11363 0.0258384 -0.000860918
0.684564 0.20202 1.11369 0.0239762 -0.00165674
0.704698 0.20202 1.11378 0.0221653 -0.0024223
0.724832 0.20202 1.11388 0.0204013 -0.00315116
0.744966 0.20202 1.11399 0.0186795 -0.00383469
0.765101 0.20202 1.1141 0.0169944 -0.00446151
0.785235 0.20202 1.11421 0.0153399 -0.005017
0.805369 0.20202 1.11431 0.0137098 -0.00548262
0.825503 0.20202 1.11442 0.0120979 -0.0058352
0.845638 0.20202 1.11454 0.0104986 -0.00604625
0.865772 0.20202 1.11468 0.00890841 -0.00608137
0.885906 0.20202 1.11486 0.00732678 -0.00589998
0.90604 0.20202 1.11509 0.00575834 -0.0054555
0.926174 0.20202 1.11541 0.00421448 -0.00469658
0.946309 0.20202 1.11585 0.00271711 -0.00356896
0.966443 0.20202 1.1164 0.00129619 -0.00201992
0.986577 0.20202 1.11723 0 0
1.00671 0.20202 0 0 0
1.02685 0.20202 0 0 0
1.04698 0.20202 0 0 0
1.06711 0.20202 0 0 0
1.08725 0.20202 0 0 0
1.10738 0.20202 0 0 0
1.12752 0.20202 0 0 0
1.14765 0.20202 0 0 0
1.16779 0.20202 0 0 0
1.18792 0.20202 0 0 0
1.20805 0.20202 0 0 0
1.22819 0.20202 0 0 0
1.24832 0.20202 0 0 0
1.26846 0.20202 0 0 0
1.28859 0.20202 0 0 0
1.30872 0.20202 0 0 0
1.32886 0.20202 0 0 0
1.34899 0.20202 0 0 0
1.36913 0.20202 0 0 0
1.38926 0.20202 0 0 0
1.4094 0.20202 0 0 0
1.42953 0.20202 0 0 0
1.44966 0.20202 0 0 0
1.4698 0.20202 0 0 0
1.48993 0.20202 0 0 0
1.51007 0.20202 0 0 0
1.5302 0.20202 0 0 0
1.55034 0.20202 0 0 0
1.57047 0.20202 0 0 0
1.5906 0.20202 0 0 0
1.61074 0.20202 0 0 0
1.63087 0.20202 0 0 0
1.65101 0.20202 0 0 0
1.67114 0.20202 0 0 0
1.69128 0.20202 0 0 0
1.71141 0.20202 0 0 0
1.73154 0.20202 0 0 0
1.75168 0.20202 0 0 0
1.77181 0.20202 0 0 0
1.79195 0.20202 0 0 0
1.81208 0.20202 0 0 0
1.83221 0.20202 0 0 0
1.85235 0.20202 0 0 0
1.87248 0.20202 0 0 0
1.89262 0.20202 0 0 0
1.91275 0.20202 0 0 0
1.93289 0.20202 0 0 0
1.95302 0.20202 0 0 0
1.97315 0.20202 0 0 0
1.99329 0.20202 0 0 0
2.01342 0.20202 1 0 0
2.03356 0.20202 1 -3.41748e-08 -1.24423e-07
2.05369 0.20202 1 -5.9872e-08 -2.41551e-07
2.07383 0.20202 1 -7.7809e-08 -3.51496e-07
2.09396 0.20202 1 -8.86719e-08 -4.54265e-07
2.11409 0.20202 1 -9.31297e-08 -5.49789e-07
2.13423 0.20202 1 -9.18398e-08 -6.37952e-07
2.15436 0.20202 1 -8.54526e-08 -7.18613e-07
2.1745 0.20202 1 -7.46135e-08 -7.91629e-07
2.19463 0.20202 1 -5.99625e-08 -8.56875e-07
2.21477 0.20202 1 -4.21324e-08 -9.14261e-07
2.2349 0.20202 1 -2.17445e-08 -9.63744e-07
2.25503 0.20202 1 5.96163e-10 -1.00534e-06
2.27517 0.20202 1 2.43068e-08 -1.03913e-06
2.2953 0.20202 1 4.88332e-08 -1.06525e-06
2.31544 0.20202 1 7.36556e-08 -1.08392e-06
2.33557 0.20202 1 9.82944e-08 -1.09543e-06
2.3557 0.20202 1 1.22315e-07 -1.1001e-06
2.37584 0.20202 1 1.45331e-07 -1.09833e-06
2.39597 0.20202 1 1.67008e-07 -1.09056e-06
2.41611 0.20202 1 1.87064e-07 -1.07726e-06
2.43624 0.20202 1 2.05269e-07 -1.05895e-06
2.45638 0.20202 1 2.21446e-07 -1.03613e-06
2.47651 0.20202 1 2.35468e-07 -1.00934e-06
2.49664 0.20202 1 2.47253e-07 -9.7912e-07
2.51678 0.20202 1 2.56763e-07 -9.45978e-07
2.53691 0.20202 1 2.64001e-07 -9.10422e-07
2.55705 0.20202 1 2.69001e-07 -8.72933e-07
2.57718 0.20202 1 2.71828e-07 -8.33962e-07
2.59732 0.20202 1 2.72571e-07 -7.93926e-07
2.61745 0.20202 1 2.71336e-07 -7.53202e-07
2.63758 0.20202 1 2.68246e-07 -7.12128e-07
2.65772 0.20202 1 2.63429e-07 -6.70993e-07
2.67785 0.20202 1 2.57021e-07 -6.30041e-07
2.69799 0.20202 1 2.49155e-07 -5.89471e-07
2.71812 0.20202 1 2.39961e-07 -5.49428e-07
2.73826 0.20202 1 2.29561e-07 -5.10009e-07
2.75839 0.20202 1 2.18062e-07 -4.71262e-07
2.77852 0.20202 1 2.05558e-07 -4.3318e-07
2.79866 0.20202 1 1.92122e-07 -3.95707e-07
2.81879 0.20202 1 1.77803e-07 -3.58732e-07
2.83893 0.20202 1 1.62625e-07 -3.22088e-07
2.85906 0.20202 1 1.46577e-07 -2.85551e-07
2.87919 0.20202 1 1.29615e-07 -2.48836e-07
2.89933 0.20202 1 1.1165e-07 -2.11596e-07
2.91946 0.20202 1 9.25486e-08 -1.73411e-07
2.9396 0.20202 1 7.21212e-08 -1.33786e-07
2.95973 0.20202 1 5.01164e-08 -9.21421e-08
2.97987 0.20202 1 2.62136e-08 -4.78063e-08
3 0.20202 1 0 0

0 0.222222 1 0.1 0
0.0201342 0.222222 1.14543 0.0870671 0.00896637
0.0402685 0.222222 1.1602 0.086312 0.0162424
0.0604027 0.222222 1.16137 0.0868272 0.0218102
0.0805369 0.222222 1.16096 0.0873948 0.0257752
0.100671 0.222222 1.15939 0.087769 0.0283302
0.120805 0.222222 1.15696 0.0878001 0.0297147
0.14094 0.222222 1.15397 0.0874142 0.0301744
0.161074 0.222222 1.15065 0.0865948 0.0299352
0.181208 0.222222 1.14719 0.0853643 0.0291908
0.201342 0.222222 1.14372 0.0837675 0.0280983
0.221477 0.222222 1.14034 0.0818599 0.0267804
0.241611 0.222222 1.13714 0.0796989 0.025329
0.261745 0.222222 1.13414 0.0773396 0.023811
0.281879 0.222222 1.13137 0.0748313 0.0222732
0.302013 0.222222 1.12885 0.0722167 0.0207472
0.322148 0.222222 1.12657 0.0695318 0.0192532
0.342282 0.222222 1.12454 0.0668062 0.0178028
0.362416 0.222222 1.12273 0.0640635 0.0164022
0.38255 0.222222 1.12115 0.0613229 0.0150531
0.402685 0.222222 1.11977 0.0585991 0.013755
0.422819 0.222222 1.11858 0.0559038 0.0125053
0.442953 0.222222 1.11756 0.0532457 0.0113007
0.463087 0.222222 1.11671 0.0506316 0.0101373
0.483221 0.222222 1.11601 0.0480663 0.00901139
0.503356 0.222222 1.11544 0.0455534 0.00791908
0.52349 0.222222 1.11499 0.0430954 0.00685703
0.543624 0.222222 1.11465 0.040694 0.00582234
0.563758 0.222222 1.11441 0.0383499 0.00481271
0.583893 0.222222 1.11425 0.0360634 0.00382651
0.604027 0.222222 1.11417 0.0338343 0.0028629
0.624161 0.222222 1.11415 0.0316618 0.0019219
0.644295 0.222222 1.11418 0.0295444 0.00100452
0.66443 0.222222 1.11426 0.0274806 0.000112952
0.684564 0.222222 1.11437 0.0254678 -0.000749321
0.704698 0.222222 1.11451 0.0235035 -0.00157723
0.724832 0.222222 1.11467 0.0215842 -0.00236385
0.744966 0.222222 1.11485 0.0197063 -0.00310007
0.765101 0.222222 1.11504 0.0178658 -0.00377417
0.785235 0.222222 1.11524 0.0160582 -0.00437137
0.805369 0.222222 1.11545 0.0142797 -0.00487335
0.825503 0.222222 1.11568 0.0125268 -0.00525772
0.845638 0.222222 1.11593 0.0107973 -0.00549761
0.865772 0.222222 1.11622 0.00909156 -0.00556139
0.885906 0.222222 1.11655 0.00741319 -0.00541272
0.90604 0.222222 1.11695 0.00577105 -0.00501102
0.926174 0.222222 1.11743 0.00418027 -0.00431265
0.946309 0.222222 1.11804 0.0026651 -0.00327271
0.966443 0.222222 1.11874 0.00125644 -0.00184833
0.986577 0.222222 1.11969 0 0
1.00671 0.222222 0 0 0
1.02685 0.222222 0 0 0
1.04698 0.222222 0 0 0
1.06711 0.222222 0 0 0
1.08725 0.222222 0 0 0
1.10738 0.222222 0 0 0
1.12752 0.222222 0 0 0
1.14765 0.222222 0 0 0
1.16779 0.222222 0 0 0
1.18792 0.222222 0 0 0
1.20805 0.222222 0 0 0
1.22819 0.222222 0 0 0
1.24832 0.222222 0 0 0
1.26846 0.222222 0 0 0
1.28859 0.222222 0 0 0
1.30872 0.222222 0 0 0
1.32886 0.222222 0 0 0
1.34899 0.222222 0 0 0
1.36913 0.222222 0 0 0
1.38926 0.222222 0 0 0
1.4094 0.222222 0 0 0
1.42953 0.222222 0 0 0
1.44966 0.222222 0 0 0
1.4698 0.222222 0 0 0
1.48993 0.222222 0 0 0
1.51007 0.222222 0 0 0
1.5302 0.222222 0 0 0
1.55034 0.222222 0 0 0
1.57047 0.222222 0 0 0
1.5906 0.222222 0 0 0
1.61074 0.222222 0 0 0
1.63087 0.222222 0 0 0
1.65101 0.222222 0 0 0
1.67114 0.222222 0 0 0
1.69128 0.222222 0 0 0
1.71141 0.222222 0 0 0
1.73154 0.222222 0 0 0
1.75168 0.222222 0 0 0
1.77181 0.222222 0 0 0
1.79195 0.222222 0 0 0
1.81208 0.222222 0 0 0
1.83221 0.222222 0 0 0
1.85235 0.222222 0 0 0
1.87248 0.222222 0 0 0
1.89262 0.222222 0 0 0
1.91275 0.222222 0 0 0
1.93289 0.222222 0 0 0
1.95302 0.222222 0 0 0
1.97315 0.222222 0 0 0
1.99329 0.222222 0 0 0
2.01342 0.222222 1 0 0
2.03356 0.222222 1 -3.95617e-08 -1.41316e-07
2.05369 0.222222 1 -6.92185e-08 -2.74395e-07
2.07383 0.222222 1 -8.97961e-08 -3.99331e-07
2.09396 0.222222 1 -1.02088e-07 -5.16107e-07
2.11409 0.222222 1 -1.06874e-07 -6.24626e-07
2.13423 0.222222 1 -1.04921e-07 -7.24734e-07
2.15436 0.222222 1 -9.69972e-08 -8.16255e-07
2.1745 0.222222 1 -8.38643e-08 -8.99013e-07
2.19463 0.222222 1 -6.62821e-08 -9.72855e-07
2.21477 0.222222 1 -4.5003e-08 -1.03767e-06
2.2349 0.222222 1 -2.07667e-08 -1.09341e-06
2.25503 0.222222 1 5.70657e-09 -1.1401e-06
2.27517 0.222222 1 3.37234e-08 -1.17781e-06
2.2953 0.222222 1 6.26255e-08 -1.20674e-06
2.31544 0.222222 1 9.17971e-08 -1.22713e-06
2.33557 0.222222 1 1.20672e-07 -1.23932e-06
2.3557 0.222222 1 1.48738e-07 -1.2437e-06
2.37584 0.222222 1 1.75544e-07 -1.24074e-06
2.39597 0.222222 1 2.00701e-07 -1.23096e-06
2.41611 0.222222 1 2.23883e-07 -1.21492e-06
2.43624 0.222222 1 2.44828e-07 -1.19321e-06
2.45638 0.222222 1 2.63338e-07 -1.16644e-06
2.47651 0.222222 1 2.79273e-07 -1.13522e-06
2.49664 0.222222 1 2.92549e-07 -1.10018e-06
2.51678 0.222222 1 3.03134e-07 -1.06191e-06
2.53691 0.222222 1 3.11039e-07 -1.021e-06
2.55705 0.222222 1 3.16319e-07 -9.77993e-07
2.57718 0.222222 1 3.19059e-07 -9.33416e-07
2.59732 0.222222 1 3.19372e-07 -8.87742e-07
2.61745 0.222222 1 3.17395e-07 -8.414e-07
2.63758 0.222222 1 3.13276e-07 -7.94769e-07
2.65772 0.222222 1 3.07176e-07 -7.48179e-07
2.67785 0.222222 1 2.99257e-07 -7.01902e-07
2.69799 0.222222 1 2.89681e-07 -6.56157e-07
2.71812 0.222222 1 2.78604e-07 -6.11107e-07
2.73826 0.222222 1 2.66172e-07 -5.66855e-07
2.75839 0.222222 1 2.52512e-07 -5.2345e-07
2.77852 0.222222 1 2.37736e-07 -4.8088e-07
2.79866 0.222222 1 2.21929e-07 -4.39074e-07
2.81879 0.222222 1 2.05152e-07 -3.97901e-07
2.83893 0.222222 1 1.8743e-07 -3.57165e-07
2.85906 0.222222 1 1.68754e-07 -3.16608e-07
2.87919 0.222222 1 1.49072e-07 -2.75901e-07
2.89933 0.222222 1 1.28283e-07 -2.34641e-07
2.91946 0.222222 1 1.06235e-07 -1.92348e-07
2.9396 0.222222 1 8.27098e-08 -1.48455e-07
2.95973 0.222222 1 5.74228e-08 -1.02298e-07
2.97987 0.222222 1 3.00091e-08 -5.31082e-08
3 0.222222 1 0 0

0 0.242424 1 0.1 0
0.0201342 0.242424 1.13804 0.0875398 0.00831414
0.0402685 0.242424 1.15233 0.0866382 0.0152405
0.0604027 0.242424 1.15374 0.0869843 0.0207311
0.0805369 0.242424 1.15379 0.0874412 0.0248374
0.100671 0.242424 1.15287 0.08779 0.0276841
0.120805 0.242424 1.15119 0.0878873 0.0294446
0.14094 0.242424 1.14897 0.0876482 0.0303102
0.161074 0.242424 1.1464 0.0870366 0.030467
0.181208 0.242424 1.14362 0.0860525 0.0300832
0.201342 0.242424 1.14078 0.0847199 0.029302
0.221477 0.242424 1.13795 0.0830768 0.0282407
0.241611 0.242424 1.13521 0.0811678 0.0269919
0.261745 0.242424 1.13261 0.0790386 0.0256263
0.281879 0.242424 1.13019 0.0767328 0.0241965
0.302013 0.242424 1.12795 0.0742904 0.0227404
0.322148 0.242424 1.1259 0.0717463 0.0212843
0.342282 0.242424 1.12406 0.0691304 0.0198459
0.362416 0.242424 1.12241 0.0664681 0.0184363
0.38255 0.242424 1.12096 0.0637803 0.0170616
0.402685 0.242424 1.11969 0.0610841 0.0157249
0.422819 0.242424 1.11859 0.0583934 0.0144267
0.442953 0.242424 1.11765 0.0557195 0.0131662
0.463087 0.242424 1.11686 0.0530711 0.0119414
0.483221 0.242424 1.11621 0.0504552 0.01075
0.503356 0.242424 1.11569 0.0478773 0.00958963
0.52349 0.242424 1.11528 0.0453416 0.00845789
0.543624 0.242424 1.11498 0.042851 0.00735273
0.563758 0.242424 1.11478 0.0404079 0.00627253
0.583893 0.242424 1.11465 0.0380136 0.00521626
0.604027 0.242424 1.1146 0.035669 0.00418359
0.624161 0.242424 1.11462 0.0333741 0.00317504
0.644295 0.242424 1.11469 0.0311287 0.00219206
0.66443 0.242424 1.11481 0.0289319 0.00123726
0.684564 0.242424 1.11497 0.0267823 0.000314553
0.704698 0.242424 1.11516 0.0246782 -0.000570624
0.724832 0.242424 1.11539 0.0226173 -0.00141103
0.744966 0.242424 1.11563 0.0205973 -0.00219733
0.765101 0.242424 1.1159 0.0186157 -0.00291779
0.785235 0.242424 1.11619 0.0166701 -0.00355786
0.805369 0.242424 1.1165 0.0147589 -0.00409989
0.825503 0.242424 1.11684 0.0128811 -0.00452273
0.845638 0.242424 1.11721 0.0110377 -0.00480159
0.865772 0.242424 1.11762 0.00923239 -0.00490791
0.885906 0.242424 1.11809 0.00747218 -0.00480963
0.90604 0.242424 1.11863 0.0057692 -0.00447179
0.926174 0.242424 1.11926 0.00414127 -0.00385765
0.946309 0.242424 1.12 0.00261416 -0.00293024
0.966443 0.242424 1.12084 0.00121919 -0.00165482
0.986577 0.242424 1.1219 0 0
1.00671 0.242424 0 0 0
1.02685 0.242424 0 0 0
1.04698 0.242424 0 0 0
1.06711 0.242424 0 0 0
1.08725 0.242424 0 0 0
1.10738 0.242424 0 0 0
1.12752 0.242424 0 0 0
1.14765 0.242424 0 0 0
1.16779 0.242424 0 0 0
1.18792 0.242424 0 0 0
1.20805 0.242424 0 0 0
1.22819 0.242424 0 0 0
1.24832 0.242424 0 0 0
1.26846 0.242424 0 0 0
1.28859 0.242424 0 0 0
1.30872 0.242424 0 0 0
1.32886 0.242424 0 0 0
1.34899 0.242424 0 0 0
1.36913 0.242424 0 0 0
1.38926 0.242424 0 0 0
1.4094 0.242424 0 0 0
1.42953 0.242424 0 0 0
1.44966 0.242424 0 0 0
1.4698 0.242424 0 0 0
1.48993 0.242424 0 0 0
1.51007 0.242424 0 0 0
1.5302 0.242424 0 0 0
1.55034 0.242424 0 0 0
1.57047 0.242424 0 0 0
1.5906 0.242424 0 0 0
1.61074 0.242424 0 0 0
1.63087 0.242424 0 0 0
1.65101 0.242424 0 0 0
1.67114 0.242424 0 0 0
1.69128 0.242424 0 0 0
1.71141 0.242424 0 0 0
1.73154 0.242424 0 0 0
1.75168 0.242424 0 0 0
1.77181 0.242424 0 0 0
1.79195 0.242424 0 0 0
1.81208 0.242424 0 0 0
1.83221 0.242424 0 0 0
1.85235 0.242424 0 0 0
1.87248 0.242424 0 0 0
1.89262 0.242424 0 0 0
1.91275 0.242424 0 0 0
1.93289 0.242424 0 0 0
1.95302 0.242424 0 0 0
1.97315 0.242424 0 0 0
1.99329 0.242424 0 0 0
2.01342 0.242424 1 0 0
2.03356 0.242424 1 -4.55469e-08 -1.60925e-07
2.05369 0.242424 1 -7.95653e-08 -3.12543e-07
2.07383 0.242424 1 -1.03002e-07 -4.54929e-07
2.09396 0.242424 1 -1.1677e-07 -5.88031e-07
2.11409 0.242424 1 -1.21773e-07 -7.11705e-07
2.13423 0.242424 1 -1.18908e-07 -8.25751e-07
2.15436 0.242424 1 -1.09071e-07 -9.29944e-07
2.1745 0.242424 1 -9.3162e-08 -1.02406e-06
2.19463 0.242424 1 -7.20788e-08 -1.10792e-06
2.21477 0.242424 1 -4.67131e-08 -1.18137e-06
2.2349 0.242424 1 -1.79429e-08 -1.24436e-06
2.25503 0.242424 1 1.33765e-08 -1.29691e-06
2.27517 0.242424 1 4.64227e-08 -1.33912e-06
2.2953 0.242424 1 8.04155e-08 -1.37121e-06
2.31544 0.242424 1 1.14627e-07 -1.39348e-06
2.33557 0.242424 1 1.4839e-07 -1.40633e-06
2.3557 0.242424 1 1.81105e-07 -1.41024e-06
2.37584 0.242424 1 2.12244e-07 -1.40575e-06
2.39597 0.242424 1 2.41357e-07 -1.39349e-06
2.41611 0.242424 1 2.68068e-07 -1.3741e-06
2.43624 0.242424 1 2.92083e-07 -1.34829e-06
2.45638 0.242424 1 3.13179e-07 -1.31678e-06
2.47651 0.242424 1 3.31204e-07 -1.28028e-06
2.49664 0.242424 1 3.46075e-07 -1.23951e-06
2.51678 0.242424 1 3.57767e-07 -1.19517e-06
2.53691 0.242424 1 3.66308e-07 -1.14794e-06
2.55705 0.242424 1 3.71774e-07 -1.09845e-06
2.57718 0.242424 1 3.74279e-07 -1.0473e-06
2.59732 0.242424 1 3.73966e-07 -9.95035e-07
2.61745 0.242424 1 3.71004e-07 -9.42135e-07
2.63758 0.242424 1 3.65579e-07 -8.89036e-07
2.65772 0.242424 1 3.57884e-07 -8.36108e-07
2.67785 0.242424 1 3.48117e-07 -7.83658e-07
2.69799 0.242424 1 3.36473e-07 -7.3193e-07
2.71812 0.242424 1 3.23138e-07 -6.81102e-07
2.73826 0.242424 1 3.08284e-07 -6.31287e-07
2.75839 0.242424 1 2.92065e-07 -5.82531e-07
2.77852 0.242424 1 2.74611e-07 -5.34816e-07
2.79866 0.242424 1 2.56025e-07 -4.88054e-07
2.81879 0.242424 1 2.36376e-07 -4.42089e-07
2.83893 0.242424 1 2.15697e-07 -3.96695e-07
2.85906 0.242424 1 1.93977e-07 -3.51571e-07
2.87919 0.242424 1 1.71158e-07 -3.06338e-07
2.89933 0.242424 1 1.47127e-07 -2.60534e-07
2.91946 0.242424 1 1.21708e-07 -2.13608e-07
2.9396 0.242424 1 9.4658e-08 -1.64909e-07
2.95973 0.242424 1 6.56513e-08 -1.13681e-07
2.97987 0.242424 1 3.42756e-08 -5.90476e-08
3 0.242424 1 0 0

0 0.262626 1 0.1 0
0.0201342 0.262626 1.13182 0.0879473 0.0077537
0.0402685 0.262626 1.14565 0.0869276 0.0143482
0.0604027 0.262626 1.14717 0.0871226 0.0197244
0.0805369 0.262626 1.14752 0.0874629 0.0239014
0.100671 0.262626 1.14706 0.0877561 0.0269572
0.120805 0.262626 1.14594 0.08787 0.029016
0.14094 0.262626 1.14431 0.0877168 0.0302245
0.161074 0.262626 1.14234 0.0872489 0.0307338
0.181208 0.262626 1.14014 0.0864504 0.0306864
0.201342 0.262626 1.13782 0.085329 0.0302098
0.221477 0.262626 1.13547 0.0839076 0.0294126
0.241611 0.262626 1.13316 0.0822185 0.0283841
0.261745 0.262626 1.13093 0.0802979 0.0271956
0.281879 0.262626 1.12882 0.0781828 0.0259027
0.302013 0.262626 1.12685 0.0759086 0.0245474
0.322148 0.262626 1.12504 0.0735079 0.0231606
0.342282 0.262626 1.12339 0.0710098 0.0217648
0.362416 0.262626 1.12191 0.0684396 0.0203752
0.38255 0.262626 1.1206 0.0658193 0.0190021
0.402685 0.262626 1.11944 0.0631674 0.017652
0.422819 0.262626 1.11844 0.0604992 0.0163284
0.442953 0.262626 1.11759 0.0578278 0.0150328
0.463087 0.262626 1.11687 0.0551638 0.0137655
0.483221 0.262626 1.11628 0.0525158 0.012526
0.503356 0.262626 1.11582 0.049891 0.0113132
0.52349 0.262626 1.11546 0.0472951 0.0101259
0.543624 0.262626 1.1152 0.0447324 0.00896318
0.563758 0.262626 1.11504 0.0422066 0.00782413
0.583893 0.262626 1.11495 0.0397204 0.00670846
0.604027 0.262626 1.11494 0.0372755 0.00561646
0.624161 0.262626 1.115 0.0348732 0.00454916
0.644295 0.262626 1.11512 0.0325142 0.00350849
0.66443 0.262626 1.11528 0.0301986 0.00249745
0.684564 0.262626 1.11549 0.0279262 0.00152031
0.704698 0.262626 1.11574 0.0256963 0.000582761
0.724832 0.262626 1.11602 0.0235081 -0.000307806
0.744966 0.262626 1.11634 0.0213605 -0.00114208
0.765101 0.262626 1.11668 0.0192528 -0.00190854
0.785235 0.262626 1.11705 0.0171845 -0.00259324
0.805369 0.262626 1.11745 0.015156 -0.0031795
0.825503 0.262626 1.11789 0.013169 -0.00364778
0.845638 0.262626 1.11837 0.0112272 -0.00397559
0.865772 0.262626 1.1189 0.00933694 -0.00413757
0.885906 0.262626 1.11948 0.00750818 -0.00410584
0.90604 0.262626 1.12014 0.00575551 -0.00385065
0.926174 0.262626 1.12089 0.0040987 -0.00334138
0.946309 0.262626 1.12175 0.00256449 -0.00254785
0.966443 0.262626 1.1227 0.00118427 -0.00144227
0.986577 0.262626 1.12385 0 0
1.00671 0.262626 0 0 0
1.02685 0.262626 0 0 0
1.04698 0.262626 0 0 0
1.06711 0.262626 0 0 0
1.08725 0.262626 0 0 0
1.10738 0.262626 0 0 0
1.12752 0.262626 0 0 0
1.14765 0.262626 0 0 0
1.16779 0.262626 0 0 0
1.18792 0.262626 0 0 0
1.20805 0.262626 0 0 0
1.22819 0.262626 0 0 0
1.24832 0.262626 0 0 0
1.26846 0.262626 0 0 0
1.28859 0.262626 0 0 0
1.30872 0.262626 0 0 0
1.32886 0.262626 0 0 0
1.34899 0.262626 0 0 0
1.36913 0.262626 0 0 0
1.38926 0.262626 0 0 0
1.4094 0.262626 0 0 0
1.42953 0.262626 0 0 0
1.44966 0.262626 0 0 0
1.4698 0.262626 0 0 0
1.48993 0.262626 0 0 0
1.51007 0.262626 0 0 0
1.5302 0.262626 0 0 0
1.55034 0.262626 0 0 0
1.57047 0.262626 0 0 0
1.5906 0.262626 0 0 0
1.61074 0.262626 0 0 0
1.63087 0.262626 0 0 0
1.65101 0.262626 0 0 0
1.67114 0.262626 0 0 0
1.69128 0.262626 0 0 0
1.71141 0.262626 0 0 0
1.73154 0.262626 0 0 0
1.75168 0.262626 0 0 0
1.77181 0.262626 0 0 0
1.79195 0.262626 0 0 0
1.81208 0.262626 0 0 0
1.83221 0.262626 0 0 0
1.85235 0.262626 0 0 0
1.87248 0.262626 0 0 0
1.89262 0.262626 0 0 0
1.91275 0.262626 0 0 0
1.93289 0.262626 0 0 0
1.95302 0.262626 0 0 0
1.97315 0.262626 0 0 0
1.99329 0.262626 0 0 0
2.01342 0.262626 1 0 0
2.03356 0.262626 1 -5.21972e-08 -1.83603e-07
2.05369 0.262626 1 -9.10156e-08 -3.56693e-07
2.07383 0.262626 1 -1.17536e-07 -5.19313e-07
2.09396 0.262626 1 -1.32807e-07 -6.71363e-07
2.11409 0.262626 1 -1.37873e-07 -8.12641e-07
2.13423 0.262626 1 -1.33775e-07 -9.42881e-07
2.15436 0.262626 1 -1.21564e-07 -1.06179e-06
2.1745 0.262626 1 -1.02295e-07 -1.1691e-06
2.19463 0.262626 1 -7.70281e-08 -1.26455e-06
2.21477 0.262626 1 -4.68181e-08 -1.34799e-06
2.2349 0.262626 1 -1.27048e-08 -1.41933e-06
2.25503 0.262626 1 2.42982e-08 -1.47859e-06
2.27517 0.262626 1 6.32168e-08 -1.52592e-06
2.2953 0.262626 1 1.03129e-07 -1.56155e-06
2.31544 0.262626 1 1.43175e-07 -1.58585e-06
2.33557 0.262626 1 1.82573e-07 -1.5993e-06
2.3557 0.262626 1 2.20619e-07 -1.60248e-06
2.37584 0.262626 1 2.567e-07 -1.59604e-06
2.39597 0.262626 1 2.90296e-07 -1.5807e-06
2.41611 0.262626 1 3.20979e-07 -1.55726e-06
2.43624 0.262626 1 3.48414e-07 -1.52652e-06
2.45638 0.262626 1 3.72357e-07 -1.48935e-06
2.47651 0.262626 1 3.92646e-07 -1.44657e-06
2.49664 0.262626 1 4.092e-07 -1.39903e-06
2.51678 0.262626 1 4.22006e-07 -1.34755e-06
2.53691 0.262626 1 4.31115e-07 -1.2929e-06
2.55705 0.262626 1 4.3663e-07 -1.23583e-06
2.57718 0.262626 1 4.387e-07 -1.17701e-06
2.59732 0.262626 1 4.37508e-07 -1.11706e-06
2.61745 0.262626 1 4.33261e-07 -1.05654e-06
2.63758 0.262626 1 4.26188e-07 -9.95954e-07
2.65772 0.262626 1 4.16523e-07 -9.35704e-07
2.67785 0.262626 1 4.04506e-07 -8.7614e-07
2.69799 0.262626 1 3.90368e-07 -8.17531e-07
2.71812 0.262626 1 3.74333e-07 -7.60073e-07
2.73826 0.262626 1 3.56604e-07 -7.03888e-07
2.75839 0.262626 1 3.37363e-07 -6.49021e-07
2.77852 0.262626 1 3.16765e-07 -5.95443e-07
2.79866 0.262626 1 2.94928e-07 -5.43047e-07
2.81879 0.262626 1 2.71937e-07 -4.91649e-07
2.83893 0.262626 1 2.4783e-07 -4.40984e-07
2.85906 0.262626 1 2.22596e-07 -3.90706e-07
2.87919 0.262626 1 1.96171e-07 -3.40376e-07
2.89933 0.262626 1 1.68427e-07 -2.89467e-07
2.91946 0.262626 1 1.39167e-07 -2.37345e-07
2.9396 0.262626 1 1.08114e-07 -1.8327e-07
2.95973 0.262626 1 7.49013e-08 -1.26377e-07
2.97987 0.262626 1 3.90631e-08 -6.56698e-08
3 0.262626 1 0 0

0 0.282828 1 0.1 0
0.0201342 0.282828 1.12651 0.0883023 0.00726791
0.0402685 0.282828 1.13989 0.087186 0.0135534
0.0604027 0.282828 1.14146 0.0872476 0.0187956
0.0805369 0.282828 1.142 0.0874734 0.0229939
0.100671 0.282828 1.14186 0.0876945 0.0261953
0.120805 0.282828 1.14115 0.0877917 0.0284874
0.14094 0.282828 1.13999 0.0876797 0.0299817
0.161074 0.282828 1.1385 0.0873048 0.030799
0.181208 0.282828 1.13677 0.0866407 0.0310587
0.201342 0.282828 1.1349 0.0856826 0.0308716
0.221477 0.282828 1.13297 0.0844414 0.0303358
0.241611 0.282828 1.13104 0.0829384 0.0295351
0.261745 0.282828 1.12914 0.0812007 0.0285389
0.281879 0.282828 1.12733 0.0792583 0.0274032
0.302013 0.282828 1.12562 0.0771416 0.0261723
0.322148 0.282828 1.12403 0.0748799 0.0248803
0.342282 0.282828 1.12257 0.0725003 0.0235528
0.362416 0.282828 1.12126 0.0700273 0.0222088
0.38255 0.282828 1.12008 0.0674827 0.020862
0.402685 0.282828 1.11905 0.0648857 0.0195218
0.422819 0.282828 1.11815 0.0622526 0.0181945
0.442953 0.282828 1.11739 0.0595975 0.0168842
0.463087 0.282828 1.11675 0.0569324 0.0155932
0.483221 0.282828 1.11623 0.0542674 0.0143228
0.503356 0.282828 1.11582 0.0516109 0.0130733
0.52349 0.282828 1.11552 0.04897 0.011845
0.543624 0.282828 1.11531 0.0463504 0.0106379
0.563758 0.282828 1.11519 0.0437569 0.00945205
0.583893 0.282828 1.11515 0.0411933 0.00828798
0.604027 0.282828 1.11519 0.0386626 0.00714663
0.624161 0.282828 1.11529 0.0361671 0.00602957
0.644295 0.282828 1.11545 0.0337087 0.00493921
0.66443 0.282828 1.11567 0.0312885 0.00387892
0.684564 0.282828 1.11593 0.0289074 0.00285322
0.704698 0.282828 1.11623 0.026566 0.00186795
0.724832 0.282828 1.11657 0.0242648 0.000930506
0.744966 0.282828 1.11695 0.0220042 4.99879e-05
0.765101 0.282828 1.11737 0.0197852 -0.000762564
0.785235 0.282828 1.11782 0.0176092 -0.00149399
0.805369 0.282828 1.1183 0.0154786 -0.00212889
0.825503 0.282828 1.11883 0.0133974 -0.0026495
0.845638 0.282828 1.1194 0.0113715 -0.00303577
0.865772 0.282828 1.12003 0.00940978 -0.00326555
0.885906 0.282828 1.12072 0.00752439 -0.00331494
0.90604 0.282828 1.12148 0.00573184 -0.00315896
0.926174 0.282828 1.12233 0.00405331 -0.00277246
0.946309 0.282828 1.12329 0.0025161 -0.00213117
0.966443 0.282828 1.12434 0.0011515 -0.00121328
0.986577 0.282828 1.12557 0 0
1.00671 0.282828 0 0 0
1.02685 0.282828 0 0 0
1.04698 0.282828 0 0 0
1.06711 0.282828 0 0 0
1.08725 0.282828 0 0 0
1.10738 0.282828 0 0 0
1.12752 0.282828 0 0 0
1.14765 0.282828 0 0 0
1.16779 0.282828 0 0 0
1.18792 0.282828 0 0 0
1.20805 0.282828 0 0 0
1.22819 0.282828 0 0 0
1.24832 0.282828 0 0 0
1.26846 0.282828 0 0 0
1.28859 0.282828 0 0 0
1.30872 0.282828 0 0 0
1.32886 0.282828 0 0 0
1.34899 0.282828 0 0 0
1.36913 0.282828 0 0 0
1.38926 0.282828 0 0 0
1.4094 0.282828 0 0 0
1.42953 0.282828 0 0 0
1.44966 0.282828 0 0 0
1.4698 0.282828 0 0 0
1.48993 0.282828 0 0 0
1.51007 0.282828 0 0 0
1.5302 0.282828 0 0 0
1.55034 0.282828 0 0 0
1.57047 0.282828 0 0 0
1.5906 0.282828 0 0 0
1.61074 0.282828 0 0 0
1.63087 0.282828 0 0 0
1.65101 0.282828 0 0 0
1.67114 0.282828 0 0 0
1.69128 0.282828 0 0 0
1.71141 0.282828 0 0 0
1.73154 0.282828 0 0 0
1.75168 0.282828 0 0 0
1.77181 0.282828 0 0 0
1.79195 0.282828 0 0 0
1.81208 0.282828 0 0 0
1.83221 0.282828 0 0 0
1.85235 0.282828 0 0 0
1.87248 0.282828 0 0 0
1.89262 0.282828 0 0 0
1.91275 0.282828 0 0 0
1.93289 0.282828 0 0 0
1.95302 0.282828 0 0 0
1.97315 0.282828 0 0 0
1.99329 0.282828 0 0 0
2.01342 0.282828 1 0 0
2.03356 0.282828 1 -5.95841e-08 -2.09757e-07
2.05369 0.282828 1 -1.03677e-07 -4.07644e-07
2.07383 0.282828 1 -1.33509e-07 -5.93659e-07
2.09396 0.282828 1 -1.50282e-07 -7.67638e-07
2.11409 0.282828 1 -1.55197e-07 -9.293e-07
2.13423 0.282828 1 -1.49465e-07 -1.07829e-06
2.15436 0.282828 1 -1.34311e-07 -1.21425e-06
2.1745 0.282828 1 -1.10976e-07 -1.3368e-06
2.19463 0.282828 1 -8.07068e-08 -1.44565e-06
2.21477 0.282828 1 -4.47508e-08 -1.54058e-06
2.2349 0.282828 1 -4.33813e-09 -1.6215e-06
2.25503 0.282828 1 3.93317e-08 -1.68842e-06
2.27517 0.282828 1 8.51066e-08 -1.7415e-06
2.2953 0.282828 1 1.31898e-07 -1.78105e-06
2.31544 0.282828 1 1.78695e-07 -1.80752e-06
2.33557 0.282828 1 2.24578e-07 -1.82146e-06
2.3557 0.282828 1 2.68728e-07 -1.82357e-06
2.37584 0.282828 1 3.10434e-07 -1.81464e-06
2.39597 0.282828 1 3.49097e-07 -1.79553e-06
2.41611 0.282828 1 3.8423e-07 -1.76717e-06
2.43624 0.282828 1 4.15459e-07 -1.73054e-06
2.45638 0.282828 1 4.42515e-07 -1.68662e-06
2.47651 0.282828 1 4.65231e-07 -1.63642e-06
2.49664 0.282828 1 4.83532e-07 -1.58091e-06
2.51678 0.282828 1 4.97423e-07 -1.52104e-06
2.53691 0.282828 1 5.06986e-07 -1.45771e-06
2.55705 0.282828 1 5.12359e-07 -1.39179e-06
2.57718 0.282828 1 5.13734e-07 -1.32404e-06
2.59732 0.282828 1 5.11339e-07 -1.25519e-06
2.61745 0.282828 1 5.05435e-07 -1.18588e-06
2.63758 0.282828 1 4.96296e-07 -1.11665e-06
2.65772 0.282828 1 4.84208e-07 -1.04798e-06
2.67785 0.282828 1 4.69459e-07 -9.80247e-07
2.69799 0.282828 1 4.52325e-07 -9.13761e-07
2.71812 0.282828 1 4.3307e-07 -8.48733e-07
2.73826 0.282828 1 4.11936e-07 -7.85292e-07
2.75839 0.282828 1 3.89138e-07 -7.2348e-07
2.77852 0.282828 1 3.64855e-07 -6.63254e-07
2.79866 0.282828 1 3.39229e-07 -6.04486e-07
2.81879 0.282828 1 3.12357e-07 -5.46957e-07
2.83893 0.282828 1 2.84286e-07 -4.90361e-07
2.85906 0.282828 1 2.55007e-07 -4.34295e-07
2.87919 0.282828 1 2.24447e-07 -3.78258e-07
2.89933 0.282828 1 1.92463e-07 -3.21643e-07
2.91946 0.282828 1 1.58832e-07 -2.63728e-07
2.9396 0.282828 1 1.23243e-07 -2.03667e-07
2.95973 0.282828 1 8.52833e-08 -1.40477e-07
2.97987 0.282828 1 4.44275e-08 -7.30226e-08
3 0.282828 1 0 0

0 0.30303 1 0.1 0
0.0201342 0.30303 1.1219 0.0886146 0.00684362
0.0402685 0.30303 1.13489 0.0874184 0.0128445
0.0604027 0.30303 1.13647 0.0873626 0.0179438
0.0805369 0.30303 1.13712 0.0874797 0.02213
0.100671 0.30303 1.1372 0.0876208 0.0254289
0.120805 0.30303 1.1368 0.0876801 0.0279015
0.14094 0.30303 1.136 0.087577 0.0296317
0.161074 0.30303 1.13489 0.0872559 0.0307152
0.181208 0.30303 1.13355 0.0866841 0.0312507
0.201342 0.30303 1.13206 0.085848 0.0313332
0.221477 0.30303 1.13049 0.0847489 0.0310496
0.241611 0.30303 1.12888 0.0833988 0.0304767
0.261745 0.30303 1.12729 0.0818168 0.0296802
0.281879 0.30303 1.12574 0.0800262 0.0287149
0.302013 0.30303 1.12427 0.078052 0.0276256
0.322148 0.30303 1.12289 0.0759198 0.026448
0.342282 0.30303 1.12162 0.0736541 0.0252101
0.362416 0.30303 1.12047 0.0712778 0.0239335
0.38255 0.30303 1.11943 0.068812 0.0226345
0.402685 0.30303 1.11852 0.0662757 0.0213252
0.422819 0.30303 1.11773 0.0636856 0.0200145
0.442953 0.30303 1.11706 0.0610566 0.0187085
0.463087 0.30303 1.1165 0.0584014 0.0174117
0.483221 0.30303 1.11605 0.0557312 0.0161269
0.503356 0.30303 1.11571 0.0530555 0.0148563
0.52349 0.30303 1.11547 0.0503826 0.0136012
0.543624 0.30303 1.11531 0.0477192 0.0123628
0.563758 0.30303 1.11524 0.0450714 0.0111423
0.583893 0.30303 1.11525 0.0424439 0.00994081
0.604027 0.30303 1.11534 0.039841 0.00876008
0.624161 0.30303 1.11549 0.037266 0.00760222
0.644295 0.30303 1.11569 0.0347217 0.00647008
0.66443 0.30303 1.11596 0.0322106 0.00536734
0.684564 0.30303 1.11627 0.0297347 0.00429873
0.704698 0.30303 1.11663 0.0272958 0.00327012
0.724832 0.30303 1.11703 0.0248958 0.00228876
0.744966 0.30303 1.11747 0.0225367 0.00136339
0.765101 0.30303 1.11795 0.020221 0.000504399
0.785235 0.30303 1.11848 0.0179518 -0.000276052
0.805369 0.30303 1.11904 0.0157335 -0.00096396
0.825503 0.30303 1.11965 0.013572 -0.00154349
0.845638 0.30303 1.1203 0.0114755 -0.00199707
0.865772 0.30303 1.12102 0.00945456 -0.00230567
0.885906 0.30303 1.1218 0.00752325 -0.00244913
0.90604 0.30303 1.12265 0.00569953 -0.00240687
0.926174 0.30303 1.12359 0.00400556 -0.0021586
0.946309 0.30303 1.12463 0.00246893 -0.00168526
0.966443 0.30303 1.12575 0.0011207 -0.000970266
0.986577 0.30303 1.12705 0 0
1.00671 0.30303 0 0 0
1.02685 0.30303 0 0 0
1.04698 0.30303 0 0 0
1.06711 0.30303 0 0 0
1.08725 0.30303 0 0 0
1.10738 0.30303 0 0 0
1.12752 0.30303 0 0 0
1.14765 0.30303 0 0 0
1.16779 0.30303 0 0 0
1.18792 0.30303 0 0 0
1.20805 0.30303 0 0 0
1.22819 0.30303 0 0 0
1.24832 0.30303 0 0 0
1.26846 0.30303 0 0 0
1.28859 0.30303 0 0 0
1.30872 0.30303 0 0 0
1.32886 0.30303 0 0 0
1.34899 0.30303 0 0 0
1.36913 0.30303 0 0 0
1.38926 0.30303 0 0 0
1.4094 0.30303 0 0 0
1.42953 0.30303 0 0 0
1.44966 0.30303 0 0 0
1.4698 0.30303 0 0 0
1.48993 0.30303 0 0 0
1.51007 0.30303 0 0 0
1.5302 0.30303 0 0 0
1.55034 0.30303 0 0 0
1.57047 0.30303 0 0 0
1.5906 0.30303 0 0 0
1.61074 0.30303 0 0 0
1.63087 0.30303 0 0 0
1.65101 0.30303 0 0 0
1.67114 0.30303 0 0 0
1.69128 0.30303 0 0 0
1.71141 0.30303 0 0 0
1.73154 0.30303 0 0 0
1.75168 0.30303 0 0 0
1.77181 0.30303 0 0 0
1.79195 0.30303 0 0 0
1.81208 0.30303 0 0 0
1.83221 0.30303 0 0 0
1.85235 0.30303 0 0 0
1.87248 0.30303 0 0 0
1.89262 0.30303 0 0 0
1.91275 0.30303 0 0 0
1.93289 0.30303 0 0 0
1.95302 0.30303 0 0 0
1.97315 0.30303 0 0 0
1.99329 0.30303 0 0 0
2.01342 0.30303 1 0 0
2.03356 0.30303 1 -6.77822e-08 -2.39855e-07
2.05369 0.30303 1 -1.1766e-07 -4.66316e-07
2.07383 0.30303 1 -1.51027e-07 -6.79322e-07
2.09396 0.30303 1 -1.69259e-07 -8.78624e-07
2.11409 0.30303 1 -1.73736e-07 -1.06384e-06
2.13423 0.30303 1 -1.65864e-07 -1.2345e-06
2.15436 0.30303 1 -1.47071e-07 -1.39013e-06
2.1745 0.30303 1 -1.18814e-07 -1.53026e-06
2.19463 0.30303 1 -8.25627e-08 -1.65453e-06
2.21477 0.30303 1 -3.9788e-08 -1.76266e-06
2.2349 0.30303 1 8.05429e-09 -1.85451e-06
2.25503 0.30303 1 5.95457e-08 -1.93011e-06
2.27517 0.30303 1 1.13325e-07 -1.98966e-06
2.2953 0.30303 1 1.68109e-07 -2.03352e-06
2.31544 0.30303 1 2.2271e-07 -2.06223e-06
2.33557 0.30303 1 2.76051e-07 -2.07648e-06
2.3557 0.30303 1 3.27179e-07 -2.07709e-06
2.37584 0.30303 1 3.75272e-07 -2.06501e-06
2.39597 0.30303 1 4.19644e-07 -2.04127e-06
2.41611 0.30303 1 4.59745e-07 -2.00698e-06
2.43624 0.30303 1 4.95157e-07 -1.96329e-06
2.45638 0.30303 1 5.25592e-07 -1.91138e-06
2.47651 0.30303 1 5.50879e-07 -1.8524e-06
2.49664 0.30303 1 5.70956e-07 -1.78752e-06
2.51678 0.30303 1 5.85857e-07 -1.71783e-06
2.53691 0.30303 1 5.95698e-07 -1.64438e-06
2.55705 0.30303 1 6.00667e-07 -1.56817e-06
2.57718 0.30303 1 6.01008e-07 -1.49009e-06
2.59732 0.30303 1 5.97008e-07 -1.41096e-06
2.61745 0.30303 1 5.88983e-07 -1.3315e-06
2.63758 0.30303 1 5.77271e-07 -1.25234e-06
2.65772 0.30303 1 5.62216e-07 -1.17402e-06
2.67785 0.30303 1 5.44161e-07 -1.09695e-06
2.69799 0.30303 1 5.23435e-07 -1.02149e-06
2.71812 0.30303 1 5.00352e-07 -9.47848e-07
2.73826 0.30303 1 4.75195e-07 -8.76174e-07
2.75839 0.30303 1 4.48216e-07 -8.06501e-07
2.77852 0.30303 1 4.19626e-07 -7.38771e-07
2.79866 0.30303 1 3.89591e-07 -6.72827e-07
2.81879 0.30303 1 3.58224e-07 -6.08413e-07
2.83893 0.30303 1 3.25581e-07 -5.45172e-07
2.85906 0.30303 1 2.91654e-07 -4.82638e-07
2.87919 0.30303 1 2.56361e-07 -4.20238e-07
2.89933 0.30303 1 2.19543e-07 -3.57277e-07
2.91946 0.30303 1 1.80949e-07 -2.92931e-07
2.9396 0.30303 1 1.40229e-07 -2.26236e-07
2.95973 0.30303 1 9.69198e-08 -1.56074e-07
2.97987 0.30303 1 5.04299e-08 -8.11557e-08
3 0.30303 1 0 0

0 0.323232 1 0.1 0
0.0201342 0.323232 1.11787 0.0888919 0.00647058
0.0402685 0.323232 1.1305 0.0876287 0.0122108
0.0604027 0.323232 1.13205 0.0874697 0.0171656
0.0805369 0.323232 1.13277 0.0874857 0.0213173
0.100671 0.323232 1.13301 0.0875444 0.0246779
0.120805 0.323232 1.13284 0.0875526 0.0272888
0.14094 0.323232 1.13231 0.0874357 0.0292126
0.161074 0.323232 1.13151 0.0871386 0.0305246
0.181208 0.323232 1.13048 0.0866254 0.0313055
0.201342 0.323232 1.12931 0.0858763 0.0316356
0.221477 0.323232 1.12804 0.0848855 0.0315909
0.241611 0.323232 1.12672 0.0836575 0.0312406
0.261745 0.323232 1.1254 0.0822044 0.0306455
0.281879 0.323232 1.12409 0.0805433 0.0298579
0.302013 0.323232 1.12284 0.0786943 0.0289218
0.322148 0.323232 1.12166 0.0766789 0.0278732
0.342282 0.323232 1.12057 0.0745188 0.0267416
0.362416 0.323232 1.11957 0.0722348 0.0255503
0.38255 0.323232 1.11867 0.0698467 0.0243176
0.402685 0.323232 1.11788 0.067373 0.0230577
0.422819 0.323232 1.11719 0.0648303 0.0217815
0.442953 0.323232 1.11661 0.0622335 0.0204973
0.463087 0.323232 1.11614 0.059596 0.0192113
0.483221 0.323232 1.11577 0.0569297 0.0179279
0.503356 0.323232 1.11549 0.0542449 0.0166508
0.52349 0.323232 1.11531 0.0515507 0.0153827
0.543624 0.323232 1.11521 0.048855 0.0141258
0.563758 0.323232 1.1152 0.0461646 0.0128823
0.583893 0.323232 1.11526 0.0434855 0.0116542
0.604027 0.323232 1.11539 0.0408227 0.0104438
0.624161 0.323232 1.11559 0.0381808 0.00925385
0.644295 0.323232 1.11584 0.0355637 0.00808757
0.66443 0.323232 1.11616 0.0329749 0.00694894
0.684564 0.323232 1.11652 0.0304175 0.00584276
0.704698 0.323232 1.11693 0.0278948 0.00477488
0.724832 0.323232 1.11739 0.0254098 0.00375228
0.744966 0.323232 1.11789 0.0229661 0.00278319
0.765101 0.323232 1.11844 0.0205675 0.00187723
0.785235 0.323232 1.11902 0.018219 0.00104545
0.805369 0.323232 1.11966 0.0159267 0.000300319
0.825503 0.323232 1.12034 0.0136981 -0.000344278
0.845638 0.323232 1.12107 0.0115432 -0.000873244
0.865772 0.323232 1.12186 0.00947425 -0.00127051
0.885906 0.323232 1.12272 0.00750669 -0.00151948
0.90604 0.323232 1.12365 0.00565958 -0.00160352
0.926174 0.323232 1.12466 0.00395576 -0.00150674
0.946309 0.323232 1.12577 0.0024229 -0.00121469
0.966443 0.323232 1.12696 0.00109168 -0.000715465
0.986577 0.323232 1.12831 0 0
1.00671 0.323232 0 0 0
1.02685 0.323232 0 0 0
1.04698 0.323232 0 0 0
1.06711 0.323232 0 0 0
1.08725 0.323232 0 0 0
1.10738 0.323232 0 0 0
1.12752 0.323232 0 0 0
1.14765 0.323232 0 0 0
1.16779 0.323232 0 0 0
1.18792 0.323232 0 0 0
1.20805 0.323232 0 0 0
1.22819 0.323232 0 0 0
1.24832 0.323232 0 0 0
1.26846 0.323232 0 0 0
1.28859 0.323232 0 0 0
1.30872 0.323232 0 0 0
1.32886 0.323232 0 0 0
1.34899 0.323232 0 0 0
1.36913 0.323232 0 0 0
1.38926 0.323232 0 0 0
1.4094 0.323232 0 0 0
1.42953 0.323232 0 0 0
1.44966 0.323232 0 0 0
1.4698 0.323232 0 0 0
1.48993 0.323232 0 0 0
1.51007 0.323232 0 0 0
1.5302 0.323232 0 0 0
1.55034 0.323232 0 0 0
1.57047 0.323232 0 0 0
1.5906 0.323232 0 0 0
1.61074 0.323232 0 0 0
1.63087 0.323232 0 0 0
1.65101 0.323232 0 0 0
1.67114 0.323232 0 0 0
1.69128 0.323232 0 0 0
1.71141 0.323232 0 0 0
1.73154 0.323232 0 0 0
1.75168 0.323232 0 0 0
1.77181 0.323232 0 0 0
1.79195 0.323232 0 0 0
1.81208 0.323232 0 0 0
1.83221 0.323232 0 0 0
1.85235 0.323232 0 0 0
1.87248 0.323232 0 0 0
1.89262 0.323232 0 0 0
1.91275 0.323232 0 0 0
1.93289 0.323232 0 0 0
1.95302 0.323232 0 0 0
1.97315 0.323232 0 0 0
1.99329 0.323232 0 0 0
2.01342 0.323232 1 0 0
2.03356 0.323232 1 -7.68686e-08 -2.74431e-07
2.05369 0.323232 1 -1.33071e-07 -5.33764e-07
2.07383 0.323232 1 -1.70185e-07 -7.7786e-07
2.09396 0.323232 1 -1.89776e-07 -1.00635e-06
2.11409 0.323232 1 -1.93435e-07 -1.21873e-06
2.13423 0.323232 1 -1.82787e-07 -1.41438e-06
2.15436 0.323232 1 -1.59503e-07 -1.59269e-06
2.1745 0.323232 1 -1.2529e-07 -1.75307e-06
2.19463 0.323232 1 -8.1879e-08 -1.89504e-06
2.21477 0.323232 1 -3.10091e-08 -2.01826e-06
2.2349 0.323232 1 2.5599e-08 -2.12256e-06
2.25503 0.323232 1 8.62682e-08 -2.20797e-06
2.27517 0.323232 1 1.49392e-07 -2.27473e-06
2.2953 0.323232 1 2.13457e-07 -2.32328e-06
2.31544 0.323232 1 2.77072e-07 -2.35427e-06
2.33557 0.323232 1 3.38977e-07 -2.36855e-06
2.3557 0.323232 1 3.98067e-07 -2.36709e-06
2.37584 0.323232 1 4.53395e-07 -2.35104e-06
2.39597 0.323232 1 5.04178e-07 -2.32164e-06
2.41611 0.323232 1 5.49797e-07 -2.2802e-06
2.43624 0.323232 1 5.89795e-07 -2.22809e-06
2.45638 0.323232 1 6.23864e-07 -2.16669e-06
2.47651 0.323232 1 6.51836e-07 -2.09738e-06
2.49664 0.323232 1 6.7367e-07 -2.02151e-06
2.51678 0.323232 1 6.89439e-07 -1.94035e-06
2.53691 0.323232 1 6.99309e-07 -1.85514e-06
2.55705 0.323232 1 7.03526e-07 -1.767e-06
2.57718 0.323232 1 7.02399e-07 -1.67697e-06
2.59732 0.323232 1 6.96285e-07 -1.58599e-06
2.61745 0.323232 1 6.85575e-07 -1.49488e-06
2.63758 0.323232 1 6.70674e-07 -1.40435e-06
2.65772 0.323232 1 6.51997e-07 -1.315e-06
2.67785 0.323232 1 6.29953e-07 -1.2273e-06
2.69799 0.323232 1 6.04934e-07 -1.14163e-06
2.71812 0.323232 1 5.77308e-07 -1.05823e-06
2.73826 0.323232 1 5.47407e-07 -9.77248e-07
2.75839 0.323232 1 5.15527e-07 -8.98712e-07
2.77852 0.323232 1 4.81913e-07 -8.22543e-07
2.79866 0.323232 1 4.46758e-07 -7.4855e-07
2.81879 0.323232 1 4.10194e-07 -6.76433e-07
2.83893 0.323232 1 3.72287e-07 -6.05776e-07
2.85906 0.323232 1 3.33028e-07 -5.36045e-07
2.87919 0.323232 1 2.92329e-07 -4.6658e-07
2.89933 0.323232 1 2.50009e-07 -3.96588e-07
2.91946 0.323232 1 2.05789e-07 -3.25132e-07
2.9396 0.323232 1 1.59274e-07 -2.51114e-07
2.95973 0.323232 1 1.09945e-07 -1.73265e-07
2.97987 0.323232 1 5.71373e-08 -9.012e-08
3 0.323232 1 0 0

0 0.343434 1 0.1 0
0.0201342 0.343434 1.11431 0.08914 0.00614075
0.0402685 0.343434 1.1266 0.0878204 0.0116429
0.0604027 0.343434 1.12813 0.0875704 0.0164559
0.0805369 0.343434 1.12887 0.0874933 0.0205591
0.100671 0.343434 1.12922 0.0874706 0.0239551
0.120805 0.343434 1.12922 0.08742 0.0266712
0.14094 0.343434 1.12891 0.0872736 0.0287535
0.161074 0.343434 1.12834 0.0869784 0.0302609
0.181208 0.343434 1.12758 0.086497 0.0312587
0.201342 0.343434 1.12667 0.085806 0.0318143
0.221477 0.343434 1.12566 0.0848943 0.0319933
0.241611 0.343434 1.12459 0.0837605 0.031857
0.261745 0.343434 1.12349 0.0824109 0.0314609
0.281879 0.343434 1.12241 0.0808574 0.0308537
0.302013 0.343434 1.12136 0.0791153 0.0300777
0.322148 0.343434 1.12036 0.0772023 0.0291686
0.342282 0.343434 1.11942 0.075137 0.028156
0.362416 0.343434 1.11857 0.0729381 0.0270642
0.38255 0.343434 1.1178 0.0706238 0.025913
0.402685 0.343434 1.11713 0.0682115 0.0247183
0.422819 0.343434 1.11655 0.0657174 0.0234925
0.442953 0.343434 1.11606 0.0631562 0.0222456
0.463087 0.343434 1.11567 0.0605416 0.0209854
0.483221 0.343434 1.11538 0.0578858 0.0197179
0.503356 0.343434 1.11517 0.0551996 0.0184481
0.52349 0.343434 1.11505 0.052493 0.0171798
0.543624 0.343434 1.11501 0.0497745 0.0159165
0.563758 0.343434 1.11505 0.0470519 0.0146611
0.583893 0.343434 1.11516 0.044332 0.0134166
0.604027 0.343434 1.11534 0.0416208 0.0121859
0.624161 0.343434 1.11559 0.0389238 0.0109721
0.644295 0.343434 1.1159 0.036246 0.00977898
0.66443 0.343434 1.11626 0.0335919 0.00861061
0.684564 0.343434 1.11667 0.0309658 0.00747188
0.704698 0.343434 1.11714 0.0283722 0.00636848
0.724832 0.343434 1.11765 0.0258154 0.00530703
0.744966 0.343434 1.11821 0.0233002 0.00429517
0.765101 0.343434 1.11881 0.0208321 0.00334164
0.785235 0.343434 1.11946 0.0184174 0.00245627
0.805369 0.343434 1.12015 0.0160637 0.00164999
0.825503 0.343434 1.1209 0.0137802 0.000934697
0.845638 0.343434 1.1217 0.0115782 0.000323105
0.865772 0.343434 1.12256 0.00947143 -0.000171569
0.885906 0.343434 1.12348 0.00747634 -0.000535981
0.90604 0.343434 1.12447 0.00561283 -0.000757165
0.926174 0.343434 1.12555 0.00390415 -0.000823165
0.946309 0.343434 1.12672 0.0023779 -0.000723676
0.966443 0.343434 1.12796 0.00106428 -0.000450934
0.986577 0.343434 1.12936 0 0
1.00671 0.343434 0 0 0
1.02685 0.343434 0 0 0
1.04698 0.343434 0 0 0
1.06711 0.343434 0 0 0
1.08725 0.343434 0 0 0
1.10738 0.343434 0 0 0
1.12752 0.343434 0 0 0
1.14765 0.343434 0 0 0
1.16779 0.343434 0 0 0
1.18792 0.343434 0 0 0
1.20805 0.343434 0 0 0
1.22819 0.343434 0 0 0
1.24832 0.343434 0 0 0
1.26846 0.343434 0 0 0
1.28859 0.343434 0 0 0
1.30872 0.343434 0 0 0
1.32886 0.343434 0 0 0
1.34899 0.343434 0 0 0
1.36913 0.343434 0 0 0
1.38926 0.343434 0 0 0
1.4094 0.343434 0 0 0
1.42953 0.343434 0 0 0
1.44966 0.343434 0 0 0
1.4698 0.343434 0 0 0
1.48993 0.343434 0 0 0
1.51007 0.343434 0 0 0
1.5302 0.343434 0 0 0
1.55034 0.343434 0 0 0
1.57047 0.343434 0 0 0
1.5906 0.343434 0 0 0
1.61074 0.343434 0 0 0
1.63087 0.343434 0 0 0
1.65101 0.343434 0 0 0
1.67114 0.343434 0 0 0
1.69128 0.343434 0 0 0
1.71141 0.343434 0 0 0
1.73154 0.343434 0 0 0
1.75168 0.343434 0 0 0
1.77181 0.343434 0 0 0
1.79195 0.343434 0 0 0
1.81208 0.343434 0 0 0
1.83221 0.343434 0 0 0
1.85235 0.343434 0 0 0
1.87248 0.343434 0 0 0
1.89262 0.343434 0 0 0
1.91275 0.343434 0 0 0
1.93289 0.343434 0 0 0
1.95302 0.343434 0 0 0
1.97315 0.343434 0 0 0
1.99329 0.343434 0 0 0
2.01342 0.343434 1 0 0
2.03356 0.343434 1 -8.69209e-08 -3.14095e-07
2.05369 0.343434 1 -1.50014e-07 -6.11199e-07
2.07383 0.343434 1 -1.91057e-07 -8.91061e-07
2.09396 0.343434 1 -2.11834e-07 -1.15317e-06
2.11409 0.343434 1 -2.14171e-07 -1.39684e-06
2.13423 0.343434 1 -1.99955e-07 -1.62127e-06
2.15436 0.343434 1 -1.71132e-07 -1.82568e-06
2.1745 0.343434 1 -1.2971e-07 -2.00931e-06
2.19463 0.343434 1 -7.77293e-08 -2.17157e-06
2.21477 0.343434 1 -1.72449e-08 -2.31202e-06
2.2349 0.343434 1 4.97079e-08 -2.43045e-06
2.25503 0.343434 1 1.21146e-07 -2.52689e-06
2.27517 0.343434 1 1.95174e-07 -2.60164e-06
2.2953 0.343434 1 2.70012e-07 -2.65525e-06
2.31544 0.343434 1 3.44027e-07 -2.68849e-06
2.33557 0.343434 1 4.15752e-07 -2.70239e-06
2.3557 0.343434 1 4.83907e-07 -2.69814e-06
2.37584 0.343434 1 5.47406e-07 -2.67712e-06
2.39597 0.343434 1 6.0536e-07 -2.6408e-06
2.41611 0.343434 1 6.57081e-07 -2.59075e-06
2.43624 0.343434 1 7.02067e-07 -2.52861e-06
2.45638 0.343434 1 7.39999e-07 -2.45599e-06
2.47651 0.343434 1 7.70723e-07 -2.37453e-06
2.49664 0.343434 1 7.9423e-07 -2.28579e-06
2.51678 0.343434 1 8.10643e-07 -2.19127e-06
2.53691 0.343434 1 8.20192e-07 -2.09239e-06
2.55705 0.343434 1 8.23199e-07 -1.99045e-06
2.57718 0.343434 1 8.20054e-07 -1.88665e-06
2.59732 0.343434 1 8.11198e-07 -1.78206e-06
2.61745 0.343434 1 7.97107e-07 -1.6776e-06
2.63758 0.343434 1 7.78274e-07 -1.57408e-06
2.65772 0.343434 1 7.55193e-07 -1.47217e-06
2.67785 0.343434 1 7.28351e-07 -1.37239e-06
2.69799 0.343434 1 6.98211e-07 -1.27516e-06
2.71812 0.343434 1 6.65205e-07 -1.18073e-06
2.73826 0.343434 1 6.29723e-07 -1.08926e-06
2.75839 0.343434 1 5.92107e-07 -1.00077e-06
2.77852 0.343434 1 5.52644e-07 -9.1514e-07
2.79866 0.343434 1 5.11555e-07 -8.3215e-07
2.81879 0.343434 1 4.68993e-07 -7.51446e-07
2.83893 0.343434 1 4.25035e-07 -6.72545e-07
2.85906 0.343434 1 3.79673e-07 -5.94832e-07
2.87919 0.343434 1 3.32807e-07 -5.17552e-07
2.89933 0.343434 1 2.84237e-07 -4.39802e-07
2.91946 0.343434 1 2.33648e-07 -3.60514e-07
2.9396 0.343434 1 1.80598e-07 -2.78442e-07
2.95973 0.343434 1 1.24503e-07 -1.92146e-07
2.97987 0.343434 1 6.46223e-08 -9.9967e-08
3 0.343434 1 0 0

0 0.363636 1 0.1 0
0.0201342 0.363636 1.11113 0.0893636 0.0058477
0.0402685 0.363636 1.12312 0.0879962 0.0111329
0.0604027 0.363636 1.12461 0.0876658 0.0158096
0.0805369 0.363636 1.12537 0.0875037 0.0198559
0.100671 0.363636 1.12578 0.0874022 0.0232682
0.120805 0.363636 1.1259 0.0872891 0.0260638
0.14094 0.363636 1.12576 0.0871026 0.0282761
0.161074 0.363636 1.12538 0.086793 0.0299505
0.181208 0.363636 1.12483 0.0863226 0.0311398
0.201342 0.363636 1.12414 0.0856661 0.0318998
0.221477 0.363636 1.12334 0.0848086 0.0322866
0.241611 0.363636 1.12249 0.0837444 0.0323538
0.261745 0.363636 1.1216 0.0824752 0.0321513
0.281879 0.363636 1.12071 0.0810082 0.031724
0.302013 0.363636 1.11983 0.0793548 0.0311116
0.322148 0.363636 1.119 0.077529 0.0303484
0.342282 0.363636 1.11821 0.0755465 0.0294639
0.362416 0.363636 1.1175 0.0734237 0.0284828
0.38255 0.363636 1.11685 0.071177 0.0274255
0.402685 0.363636 1.11629 0.0688227 0.026309
0.422819 0.363636 1.11581 0.066376 0.0251471
0.442953 0.363636 1.11542 0.0638515 0.0239511
0.463087 0.363636 1.11511 0.0612627 0.02273
0.483221 0.363636 1.11489 0.0586218 0.0214914
0.503356 0.363636 1.11475 0.0559403 0.0202412
0.52349 0.363636 1.11469 0.0532283 0.0189847
0.543624 0.363636 1.11471 0.0504951 0.0177261
0.563758 0.363636 1.1148 0.0477492 0.0164693
0.583893 0.363636 1.11497 0.0449981 0.0152179
0.604027 0.363636 1.1152 0.0422487 0.0139755
0.624161 0.363636 1.1155 0.0395074 0.0127457
0.644295 0.363636 1.11585 0.0367801 0.0115325
0.66443 0.363636 1.11626 0.0340724 0.0103401
0.684564 0.363636 1.11673 0.0313896 0.00917346
0.704698 0.363636 1.11724 0.0287373 0.00803796
0.724832 0.363636 1.1178 0.026121 0.0069398
0.744966 0.363636 1.11841 0.0235469 0.00588595
0.765101 0.363636 1.11907 0.0210216 0.0048842
0.785235 0.363636 1.11977 0.0185529 0.00394314
0.805369 0.363636 1.12053 0.0161497 0.00307211
0.825503 0.363636 1.12133 0.0138225 0.00228108
0.845638 0.363636 1.12219 0.0115838 0.00158044
0.865772 0.363636 1.1231 0.00944838 0.000980733
0.885906 0.363636 1.12408 0.00743365 0.000492282
0.90604 0.363636 1.12513 0.00556002 0.000124713
0.926174 0.363636 1.12626 0.00385096 -0.000113584
0.946309 0.363636 1.12747 0.00233385 -0.000216022
0.966443 0.363636 1.12876 0.00103836 -0.000178571
0.986577 0.363636 1.13019 0 0
1.00671 0.363636 0 0 0
1.02685 0.363636 0 0 0
1.04698 0.363636 0 0 0
1.06711 0.363636 0 0 0
1.08725 0.363636 0 0 0
1.10738 0.363636 0 0 0
1.12752 0.363636 0 0 0
1.14765 0.363636 0 0 0
1.16779 0.363636 0 0 0
1.18792 0.363636 0 0 0
1.20805 0.363636 0 0 0
1.22819 0.363636 0 0 0
1.24832 0.363636 0 0 0
1.26846 0.363636 0 0 0
1.28859 0.363636 0 0 0
1.30872 0.363636 0 0 0
1.32886 0.363636 0 0 0
1.34899 0.363636 0 0 0
1.36913 0.363636 0 0 0
1.38926 0.363636 0 0 0
1.4094 0.363636 0 0 0
1.42953 0.363636 0 0 0
1.44966 0.363636 0 0 0
1.4698 0.363636 0 0 0
1.48993 0.363636 0 0 0
1.51007 0.363636 0 0 0
1.5302 0.363636 0 0 0
1.55034 0.363636 0 0 0
1.57047 0.363636 0 0 0
1.5906 0.363636 0 0 0
1.61074 0.363636 0 0 0
1.63087 0.363636 0 0 0
1.65101 0.363636 0 0 0
1.67114 0.363636 0 0 0
1.69128 0.363636 0 0 0
1.71141 0.363636 0 0 0
1.73154 0.363636 0 0 0
1.75168 0.363636 0 0 0
1.77181 0.363636 0 0 0
1.79195 0.363636 0 0 0
1.81208 0.363636 0 0 0
1.83221 0.363636 0 0 0
1.85235 0.363636 0 0 0
1.87248 0.363636 0 0 0
1.89262 0.363636 0 0 0
1.91275 0.363636 0 0 0
1.93289 0.363636 0 0 0
1.95302 0.363636 0 0 0
1.97315 0.363636 0 0 0
1.99329 0.363636 0 0 0
2.01342 0.363636 1 0 0
2.03356 0.363636 1 -9.80148e-08 -3.59547e-07
2.05369 0.363636 1 -1.68579e-07 -7.00006e-07
2.07383 0.363636 1 -2.1369e-07 -1.02098e-06
2.09396 0.363636 1 -2.35376e-07 -1.32177e-06
2.11409 0.363636 1 -2.35736e-07 -1.60145e-06
2.13423 0.363636 1 -2.16956e-07 -1.859e-06
2.15436 0.363636 1 -1.81313e-07 -2.09341e-06
2.1745 0.363636 1 -1.31165e-07 -2.30373e-06
2.19463 0.363636 1 -6.89229e-08 -2.4892e-06
2.21477 0.363636 1 2.9843e-09 -2.64928e-06
2.2349 0.363636 1 8.21473e-08 -2.7837e-06
2.25503 0.363636 1 1.66222e-07 -2.8925e-06
2.27517 0.363636 1 2.52969e-07 -2.97605e-06
2.2953 0.363636 1 3.40299e-07 -3.03502e-06
2.31544 0.363636 1 4.26299e-07 -3.07038e-06
2.33557 0.363636 1 5.09263e-07 -3.08334e-06
2.3557 0.363636 1 5.87715e-07 -3.07538e-06
2.37584 0.363636 1 6.60411e-07 -3.04814e-06
2.39597 0.363636 1 7.26351e-07 -3.00339e-06
2.41611 0.363636 1 7.84772e-07 -2.943e-06
2.43624 0.363636 1 8.35137e-07 -2.86892e-06
2.45638 0.363636 1 8.77121e-07 -2.78305e-06
2.47651 0.363636 1 9.10595e-07 -2.68731e-06
2.49664 0.363636 1 9.35599e-07 -2.58354e-06
2.51678 0.363636 1 9.52323e-07 -2.47347e-06
2.53691 0.363636 1 9.61081e-07 -2.35876e-06
2.55705 0.363636 1 9.62285e-07 -2.2409e-06
2.57718 0.363636 1 9.56427e-07 -2.12126e-06
2.59732 0.363636 1 9.44051e-07 -2.00106e-06
2.61745 0.363636 1 9.25734e-07 -1.88134e-06
2.63758 0.363636 1 9.0207e-07 -1.76303e-06
2.65772 0.363636 1 8.73652e-07 -1.64684e-06
2.67785 0.363636 1 8.41053e-07 -1.53339e-06
2.69799 0.363636 1 8.0482e-07 -1.42309e-06
2.71812 0.363636 1 7.65458e-07 -1.31625e-06
2.73826 0.363636 1 7.23422e-07 -1.213e-06
2.75839 0.363636 1 6.79108e-07 -1.11334e-06
2.77852 0.363636 1 6.32846e-07 -1.01715e-06
2.79866 0.363636 1 5.84891e-07 -9.24133e-07
2.81879 0.363636 1 5.35419e-07 -8.33887e-07
2.83893 0.363636 1 4.84519e-07 -7.45851e-07
2.85906 0.363636 1 4.32182e-07 -6.59318e-07
2.87919 0.363636 1 3.78296e-07 -5.73426e-07
2.89933 0.363636 1 3.22636e-07 -4.87143e-07
2.91946 0.363636 1 2.64848e-07 -3.99258e-07
2.9396 0.363636 1 2.04439e-07 -3.0836e-07
2.95973 0.363636 1 1.40754e-07 -2.12816e-07
2.97987 0.363636 1 7.29632e-08 -1.10748e-07
3 0.363636 1 0 0

0 0.383838 1 0.1 0
0.0201342 0.383838 1.10828 0.0895666 0.00558625
0.0402685 0.383838 1.11999 0.0881584 0.0106739
0.0604027 0.383838 1.12143 0.087757 0.0152213
0.0805369 0.383838 1.12219 0.0875173 0.0192065
0.100671 0.383838 1.12265 0.0873409 0.022622
0.120805 0.383838 1.12286 0.087164 0.0254773
0.14094 0.383838 1.12284 0.0869307 0.0277966
0.161074 0.383838 1.12262 0.0865946 0.0296144
0.181208 0.383838 1.12223 0.0861191 0.0309728
0.201342 0.383838 1.12172 0.0854779 0.0319178
0.221477 0.383838 1.12111 0.0846538 0.0324968
0.241611 0.383838 1.12043 0.083638 0.0327562
0.261745 0.383838 1.11972 0.0824283 0.0327402
0.281879 0.383838 1.119 0.0810284 0.0324897
0.302013 0.383838 1.11828 0.0794462 0.0320414
0.322148 0.383838 1.1176 0.0776924 0.031428
0.342282 0.383838 1.11695 0.07578 0.0306778
0.362416 0.383838 1.11636 0.0737232 0.0298154
0.38255 0.383838 1.11583 0.0715367 0.0288615
0.402685 0.383838 1.11537 0.0692352 0.0278338
0.422819 0.383838 1.11499 0.0668332 0.026747
0.442953 0.383838 1.11468 0.0643447 0.0256133
0.463087 0.383838 1.11446 0.0617827 0.0244431
0.483221 0.383838 1.11431 0.0591596 0.0232447
0.503356 0.383838 1.11423 0.0564869 0.0220254
0.52349 0.383838 1.11424 0.0537751 0.0207912
0.543624 0.383838 1.11432 0.0510339 0.0195474
0.563758 0.383838 1.11447 0.0482722 0.0182986
0.583893 0.383838 1.11468 0.0454984 0.0170491
0.604027 0.383838 1.11497 0.0427201 0.015803
0.624161 0.383838 1.11531 0.0399443 0.0145643
0.644295 0.383838 1.11571 0.0371779 0.0133373
0.66443 0.383838 1.11617 0.0344273 0.0121262
0.684564 0.383838 1.11668 0.0316989 0.0109358
0.704698 0.383838 1.11724 0.0289993 0.00977123
0.724832 0.383838 1.11785 0.0263352 0.00863827
0.744966 0.383838 1.11851 0.0237137 0.0075431
0.765101 0.383838 1.11922 0.0211428 0.00649251
0.785235 0.383838 1.11997 0.0186313 0.00549382
0.805369 0.383838 1.12077 0.0161895 0.00455481
0.825503 0.383838 1.12163 0.0138288 0.00368355
0.845638 0.383838 1.12254 0.0115628 0.00288824
0.865772 0.383838 1.1235 0.0094072 0.00217691
0.885906 0.383838 1.12453 0.00737992 0.00155709
0.90604 0.383838 1.12563 0.0055018 0.00103534
0.926174 0.383838 1.12679 0.00379638 0.000616826
0.946309 0.383838 1.12805 0.00229069 0.000304787
0.966443 0.383838 1.12937 0.00101379 9.98816e-05
0.986577 0.383838 1.13083 0 0
1.00671 0.383838 0 0 0
1.02685 0.383838 0 0 0
1.04698 0.383838 0 0 0
1.06711 0.383838 0 0 0
1.08725 0.383838 0 0 0
1.10738 0.383838 0 0 0
1.12752 0.383838 0 0 0
1.14765 0.383838 0 0 0
1.16779 0.383838 0 0 0
1.18792 0.383838 0 0 0
1.20805 0.383838 0 0 0
1.22819 0.383838 0 0 0
1.24832 0.383838 0 0 0
1.26846 0.383838 0 0 0
1.28859 0.383838 0 0 0
1.30872 0.383838 0 0 0
1.32886 0.383838 0 0 0
1.34899 0.383838 0 0 0
1.36913 0.383838 0 0 0
1.38926 0.383838 0 0 0
1.4094 0.383838 0 0 0
1.42953 0.383838 0 0 0
1.44966 0.383838 0 0 0
1.4698 0.383838 0 0 0
1.48993 0.383838 0 0 0
1.51007 0.383838 0 0 0
1.5302 0.383838 0 0 0
1.55034 0.383838 0 0 0
1.57047 0.383838 0 0 0
1.5906 0.383838 0 0 0
1.61074 0.383838 0 0 0
1.63087 0.383838 0 0 0
1.65101 0.383838 0 0 0
1.67114 0.383838 0 0 0
1.69128 0.383838 0 0 0
1.71141 0.383838 0 0 0
1.73154 0.383838 0 0 0
1.75168 0.383838 0 0 0
1.77181 0.383838 0 0 0
1.79195 0.383838 0 0 0
1.81208 0.383838 0 0 0
1.83221 0.383838 0 0 0
1.85235 0.383838 0 0 0
1.87248 0.383838 0 0 0
1.89262 0.383838 0 0 0
1.91275 0.383838 0 0 0
1.93289 0.383838 0 0 0
1.95302 0.383838 0 0 0
1.97315 0.383838 0 0 0
1.99329 0.383838 0 0 0
2.01342 0.383838 1 0 0
2.03356 0.383838 1 -1.10222e-07 -4.11588e-07
2.05369 0.383838 1 -1.88838e-07 -8.01779e-07
2.07383 0.383838 1 -2.38086e-07 -1.16998e-06
2.09396 0.383838 1 -2.6027e-07 -1.51524e-06
2.11409 0.383838 1 -2.578e-07 -1.83635e-06
2.13423 0.383838 1 -2.33215e-07 -2.132e-06
2.15436 0.383838 1 -1.89179e-07 -2.40087e-06
2.1745 0.383838 1 -1.2847e-07 -2.64178e-06
2.19463 0.383838 1 -5.39351e-08 -2.85376e-06
2.21477 0.383838 1 3.15467e-08 -3.03614e-06
2.2349 0.383838 1 1.25123e-07 -3.1886e-06
2.25503 0.383838 1 2.24019e-07 -3.31119e-06
2.27517 0.383838 1 3.25596e-07 -3.40437e-06
2.2953 0.383838 1 4.27397e-07 -3.46896e-06
2.31544 0.383838 1 5.27187e-07 -3.50615e-06
2.33557 0.383838 1 6.22988e-07 -3.51743e-06
2.3557 0.383838 1 7.13098e-07 -3.50459e-06
2.37584 0.383838 1 7.96107e-07 -3.46959e-06
2.39597 0.383838 1 8.70892e-07 -3.41458e-06
2.41611 0.383838 1 9.36617e-07 -3.34179e-06
2.43624 0.383838 1 9.92716e-07 -3.2535e-06
2.45638 0.383838 1 1.03887e-06 -3.152e-06
2.47651 0.383838 1 1.075e-06 -3.03952e-06
2.49664 0.383838 1 1.10121e-06 -2.91821e-06
2.51678 0.383838 1 1.11777e-06 -2.79009e-06
2.53691 0.383838 1 1.12511e-06 -2.65707e-06
2.55705 0.383838 1 1.12375e-06 -2.52087e-06
2.57718 0.383838 1 1.11431e-06 -2.38305e-06
2.59732 0.383838 1 1.09745e-06 -2.24499e-06
2.61745 0.383838 1 1.07389e-06 -2.10789e-06
2.63758 0.383838 1 1.04432e-06 -1.97275e-06
2.65772 0.383838 1 1.00945e-06 -1.8404e-06
2.67785 0.383838 1 9.69959e-07 -1.71149e-06
2.69799 0.383838 1 9.26493e-07 -1.58648e-06
2.71812 0.383838 1 8.79638e-07 -1.46568e-06
2.73826 0.383838 1 8.29921e-07 -1.34924e-06
2.75839 0.383838 1 7.77799e-07 -1.23712e-06
2.77852 0.383838 1 7.2365e-07 -1.12915e-06
2.79866 0.383838 1 6.67768e-07 -1.02501e-06
2.81879 0.383838 1 6.10351e-07 -9.24195e-07
2.83893 0.383838 1 5.51499e-07 -8.2607e-07
2.85906 0.383838 1 4.91203e-07 -7.29822e-07
2.87919 0.383838 1 4.29338e-07 -6.34467e-07
2.89933 0.383838 1 3.65648e-07 -5.38833e-07
2.91946 0.383838 1 2.99738e-07 -4.41545e-07
2.9396 0.383838 1 2.31054e-07 -3.41006e-07
2.95973 0.383838 1 1.58865e-07 -2.3537e-07
2.97987 0.383838 1 8.22439e-08 -1.22513e-07
3 0.383838 1 0 0

0 0.40404 1 0.1 0
0.0201342 0.40404 1.1057 0.089752 0.00535217
0.0402685 0.40404 1.11716 0.0883089 0.0102601
0.0604027 0.40404 1.11856 0.0878447 0.0146862
0.0805369 0.40404 1.1193 0.0875344 0.018609
0.100671 0.40404 1.11979 0.0872874 0.0220187
0.120805 0.40404 1.12006 0.087047 0.0249193
0.14094 0.40404 1.12013 0.0867628 0.0273274
0.161074 0.40404 1.12003 0.0863917 0.029269
0.181208 0.40404 1.11978 0.0858988 0.0307773
0.201342 0.40404 1.11941 0.0852576 0.0318899
0.221477 0.40404 1.11895 0.0844496 0.0326463
0.241611 0.40404 1.11843 0.0834637 0.0330864
0.261745 0.40404 1.11787 0.0822952 0.0332491
0.281879 0.40404 1.11729 0.0809447 0.0331708
0.302013 0.40404 1.11672 0.0794172 0.0328852
0.322148 0.40404 1.11616 0.0777207 0.0324227
0.342282 0.40404 1.11564 0.0758658 0.0318105
0.362416 0.40404 1.11517 0.0738644 0.0310724
0.38255 0.40404 1.11475 0.0717297 0.030229
0.402685 0.40404 1.11439 0.069475 0.0292984
0.422819 0.40404 1.11409 0.0671137 0.0282957
0.442953 0.40404 1.11387 0.064659 0.0272339
0.463087 0.40404 1.11372 0.0621237 0.0261242
0.483221 0.40404 1.11364 0.0595198 0.0249759
0.503356 0.40404 1.11363 0.0568588 0.0237971
0.52349 0.40404 1.1137 0.0541514 0.0225946
0.543624 0.40404 1.11383 0.0514076 0.0213745
0.563758 0.40404 1.11403 0.0486368 0.0201422
0.583893 0.40404 1.1143 0.0458476 0.0189025
0.604027 0.40404 1.11463 0.0430485 0.0176599
0.624161 0.40404 1.11502 0.0402471 0.0164188
0.644295 0.40404 1.11547 0.0374509 0.0151834
0.66443 0.40404 1.11598 0.0346674 0.0139583
0.684564 0.40404 1.11653 0.0319037 0.0127479
0.704698 0.40404 1.11714 0.0291674 0.0115572
0.724832 0.40404 1.11779 0.026466 0.0103911
0.744966 0.40404 1.1185 0.023808 0.00925513
0.765101 0.40404 1.11925 0.0212021 0.00815511
0.785235 0.40404 1.12005 0.0186583 0.00709706
0.805369 0.40404 1.12089 0.0161877 0.0060872
0.825503 0.40404 1.12179 0.0138029 0.0051318
0.845638 0.40404 1.12275 0.0115182 0.00423697
0.865772 0.40404 1.12375 0.00934983 0.0034084
0.885906 0.40404 1.12482 0.00731638 0.002651
0.90604 0.40404 1.12596 0.00543883 0.00196859
0.926174 0.40404 1.12716 0.00374062 0.00136338
0.946309 0.40404 1.12844 0.00224837 0.000835589
0.966443 0.40404 1.12979 0.000990456 0.000382838
0.986577 0.40404 1.13126 0 0
1.00671 0.40404 0 0 0
1.02685 0.40404 0 0 0
1.04698 0.40404 0 0 0
1.06711 0.40404 0 0 0
1.08725 0.40404 0 0 0
1.10738 0.40404 0 0 0
1.12752 0.40404 0 0 0
1.14765 0.40404 0 0 0
1.16779 0.40404 0 0 0
1.18792 0.40404 0 0 0
1.20805 0.40404 0 0 0
1.22819 0.40404 0 0 0
1.24832 0.40404 0 0 0
1.26846 0.40404 0 0 0
1.28859 0.40404 0 0 0
1.30872 0.40404 0 0 0
1.32886 0.40404 0 0 0
1.34899 0.40404 0 0 0
1.36913 0.40404 0 0 0
1.38926 0.40404 0 0 0
1.4094 0.40404 0 0 0
1.42953 0.40404 0 0 0
1.44966 0.40404 0 0 0
1.4698 0.40404 0 0 0
1.48993 0.40404 0 0 0
1.51007 0.40404 0 0 0
1.5302 0.40404 0 0 0
1.55034 0.40404 0 0 0
1.57047 0.40404 0 0 0
1.5906 0.40404 0 0 0
1.61074 0.40404 0 0 0
1.63087 0.40404 0 0 0
1.65101 0.40404 0 0 0
1.67114 0.40404 0 0 0
1.69128 0.40404 0 0 0
1.71141 0.40404 0 0 0
1.73154 0.40404 0 0 0
1.75168 0.40404 0 0 0
1.77181 0.40404 0 0 0
1.79195 0.40404 0 0 0
1.81208 0.40404 0 0 0
1.83221 0.40404 0 0 0
1.85235 0.40404 0 0 0
1.87248 0.40404 0 0 0
1.89262 0.40404 0 0 0
1.91275 0.40404 0 0 0
1.93289 0.40404 0 0 0
1.95302 0.40404 0 0 0
1.97315 0.40404 0 0 0
1.99329 0.40404 0 0 0
2.01342 0.40404 1 0 0
2.03356 0.40404 1 -1.23604e-07 -4.71134e-07
2.05369 0.40404 1 -2.10834e-07 -9.18345e-07
2.07383 0.40404 1 -2.64187e-07 -1.34079e-06
2.09396 0.40404 1 -2.8628e-07 -1.73717e-06
2.11409 0.40404 1 -2.7988e-07 -2.10593e-06
2.13423 0.40404 1 -2.47939e-07 -2.44535e-06
2.15436 0.40404 1 -1.93583e-07 -2.75378e-06
2.1745 0.40404 1 -1.20086e-07 -3.02971e-06
2.19463 0.40404 1 -3.08222e-08 -3.27194e-06
2.21477 0.40404 1 7.07951e-08 -3.47962e-06
2.2349 0.40404 1 1.81383e-07 -3.65237e-06
2.25503 0.40404 1 2.9766e-07 -3.79027e-06
2.27517 0.40404 1 4.16513e-07 -3.89388e-06
2.2953 0.40404 1 5.35056e-07 -3.96424e-06
2.31544 0.40404 1 6.50683e-07 -4.00281e-06
2.33557 0.40404 1 7.61106e-07 -4.01142e-06
2.3557 0.40404 1 8.64373e-07 -3.99221e-06
2.37584 0.40404 1 9.58889e-07 -3.94758e-06
2.39597 0.40404 1 1.04341e-06 -3.8801e-06
2.41611 0.40404 1 1.11702e-06 -3.79244e-06
2.43624 0.40404 1 1.17915e-06 -3.6873e-06
2.45638 0.40404 1 1.2295e-06 -3.56737e-06
2.47651 0.40404 1 1.26806e-06 -3.43529e-06
2.49664 0.40404 1 1.29501e-06 -3.29354e-06
2.51678 0.40404 1 1.31076e-06 -3.1445e-06
2.53691 0.40404 1 1.31586e-06 -2.99034e-06
2.55705 0.40404 1 1.31097e-06 -2.83306e-06
2.57718 0.40404 1 1.29687e-06 -2.67441e-06
2.59732 0.40404 1 1.27436e-06 -2.51598e-06
2.61745 0.40404 1 1.2443e-06 -2.3591e-06
2.63758 0.40404 1 1.20753e-06 -2.20489e-06
2.65772 0.40404 1 1.1649e-06 -2.05426e-06
2.67785 0.40404 1 1.11719e-06 -1.90793e-06
2.69799 0.40404 1 1.06516e-06 -1.7664e-06
2.71812 0.40404 1 1.00948e-06 -1.62997e-06
2.73826 0.40404 1 9.50784e-07 -1.49879e-06
2.75839 0.40404 1 8.89579e-07 -1.37279e-06
2.77852 0.40404 1 8.26299e-07 -1.25175e-06
2.79866 0.40404 1 7.61279e-07 -1.13528e-06
2.81879 0.40404 1 6.94741e-07 -1.0228e-06
2.83893 0.40404 1 6.26799e-07 -9.13566e-07
2.85906 0.40404 1 5.5744e-07 -8.06653e-07
2.87919 0.40404 1 4.8652e-07 -7.00935e-07
2.89933 0.40404 1 4.13752e-07 -5.95085e-07
2.91946 0.40404 1 3.38692e-07 -4.87546e-07
2.9396 0.40404 1 2.60719e-07 -3.76512e-07
2.95973 0.40404 1 1.79018e-07 -2.59899e-07
2.97987 0.40404 1 9.2554e-08 -1.35312e-07
3 0.40404 1 0 0

0 0.424242 1 0.1 0
0.0201342 0.424242 1.10336 0.0899221 0.00514194
0.0402685 0.424242 1.11458 0.0884494 0.00988648
0.0604027 0.424242 1.11594 0.0879293 0.0141997
0.0805369 0.424242 1.11666 0.087555 0.0180612
0.100671 0.424242 1.11716 0.087242 0.0214595
0.120805 0.424242 1.11748 0.0869394 0.0243947
0.14094 0.424242 1.11762 0.086602 0.0268774
0.161074 0.424242 1.11761 0.0861899 0.028927
0.181208 0.424242 1.11746 0.0856702 0.0305692
0.201342 0.424242 1.11721 0.0850167 0.0318341
0.221477 0.424242 1.11688 0.0842104 0.0327545
0.241611 0.424242 1.11649 0.0832389 0.0333644
0.261745 0.424242 1.11605 0.0820954 0.0336973
0.281879 0.424242 1.1156 0.0807785 0.0337856
0.302013 0.424242 1.11515 0.0792905 0.0336597
0.322148 0.424242 1.11471 0.0776375 0.0333477
0.342282 0.424242 1.1143 0.0758277 0.032875
0.362416 0.424242 1.11393 0.0738713 0.0322647
0.38255 0.424242 1.11361 0.0717797 0.0315369
0.402685 0.424242 1.11334 0.069565 0.0307094
0.422819 0.424242 1.11313 0.0672396 0.0297978
0.442953 0.424242 1.11298 0.0648159 0.0288155
0.463087 0.424242 1.1129 0.062306 0.0277743
0.483221 0.424242 1.11289 0.0597216 0.0266843
0.503356 0.424242 1.11295 0.0570742 0.0255541
0.52349 0.424242 1.11307 0.0543744 0.0243914
0.543624 0.424242 1.11326 0.0516324 0.0232028
0.563758 0.424242 1.11351 0.0488578 0.0219944
0.583893 0.424242 1.11383 0.0460598 0.0207713
0.604027 0.424242 1.11421 0.043247 0.0195385
0.624161 0.424242 1.11464 0.0404279 0.0183006
0.644295 0.424242 1.11513 0.0376107 0.0170621
0.66443 0.424242 1.11568 0.0348032 0.0158271
0.684564 0.424242 1.11628 0.0320137 0.0146001
0.704698 0.424242 1.11693 0.0292503 0.0133855
0.724832 0.424242 1.11762 0.0265216 0.0121878
0.744966 0.424242 1.11837 0.0238368 0.0110115
0.765101 0.424242 1.11916 0.0212056 0.00986155
0.785235 0.424242 1.12 0.0186389 0.0087426
0.805369 0.424242 1.12089 0.0161486 0.0076594
0.825503 0.424242 1.12183 0.0137481 0.00661649
0.845638 0.424242 1.12282 0.0114524 0.005618
0.865772 0.424242 1.12386 0.00927812 0.00466744
0.885906 0.424242 1.12496 0.00724422 0.00376734
0.90604 0.424242 1.12613 0.00537173 0.00291895
0.926174 0.424242 1.12736 0.00368391 0.00212186
0.946309 0.424242 1.12867 0.00220688 0.00137353
0.966443 0.424242 1.13003 0.000968275 0.000668859
0.986577 0.424242 1.13151 0 0
1.00671 0.424242 0 0 0
1.02685 0.424242 0 0 0
1.04698 0.424242 0 0 0
1.06711 0.424242 0 0 0
1.08725 0.424242 0 0 0
1.10738 0.424242 0 0 0
1.12752 0.424242 0 0 0
1.14765 0.424242 0 0 0
1.16779 0.424242 0 0 0
1.18792 0.424242 0 0 0
1.20805 0.424242 0 0 0
1.22819 0.424242 0 0 0
1.24832 0.424242 0 0 0
1.26846 0.424242 0 0 0
1.28859 0.424242 0 0 0
1.30872 0.424242 0 0 0
1.32886 0.424242 0 0 0
1.34899 0.424242 0 0 0
1.36913 0.424242 0 0 0
1.38926 0.424242 0 0 0
1.4094 0.424242 0 0 0
1.42953 0.424242 0 0 0
1.44966 0.424242 0 0 0
1.4698 0.424242 0 0 0
1.48993 0.424242 0 0 0
1.51007 0.424242 0 0 0
1.5302 0.424242 0 0 0
1.55034 0.424242 0 0 0
1.57047 0.424242 0 0 0
1.5906 0.424242 0 0 0
1.61074 0.424242 0 0 0
1.63087 0.424242 0 0 0
1.65101 0.424242 0 0 0
1.67114 0.424242 0 0 0
1.69128 0.424242 0 0 0
1.71141 0.424242 0 0 0
1.73154 0.424242 0 0 0
1.75168 0.424242 0 0 0
1.77181 0.424242 0 0 0
1.79195 0.424242 0 0 0
1.81208 0.424242 0 0 0
1.83221 0.424242 0 0 0
1.85235 0.424242 0 0 0
1.87248 0.424242 0 0 0
1.89262 0.424242 0 0 0
1.91275 0.424242 0 0 0
1.93289 0.424242 0 0 0
1.95302 0.424242 0 0 0
1.97315 0.424242 0 0 0
1.99329 0.424242 0 0 0
2.01342 0.424242 1 0 0
2.03356 0.424242 1 -1.38211e-07 -5.39235e-07
2.05369 0.424242 1 -2.34568e-07 -1.05181e-06
2.07383 0.424242 1 -2.91854e-07 -1.53652e-06
2.09396 0.424242 1 -3.13031e-07 -1.99168e-06
2.11409 0.424242 1 -3.01286e-07 -2.41521e-06
2.13423 0.424242 1 -2.60055e-07 -2.80495e-06
2.15436 0.424242 1 -1.93013e-07 -3.15876e-06
2.1745 0.424242 1 -1.04031e-07 -3.47476e-06
2.19463 0.424242 1 2.88716e-09 -3.75143e-06
2.21477 0.424242 1 1.23687e-07 -3.98775e-06
2.2349 0.424242 1 2.54353e-07 -4.18325e-06
2.25503 0.424242 1 3.90999e-07 -4.33805e-06
2.27517 0.424242 1 5.29956e-07 -4.45287e-06
2.2953 0.424242 1 6.67839e-07 -4.52901e-06
2.31544 0.424242 1 8.01615e-07 -4.56825e-06
2.33557 0.424242 1 9.28641e-07 -4.57286e-06
2.3557 0.424242 1 1.04669e-06 -4.54544e-06
2.37584 0.424242 1 1.15398e-06 -4.48889e-06
2.39597 0.424242 1 1.24912e-06 -4.40628e-06
2.41611 0.424242 1 1.33116e-06 -4.3008e-06
2.43624 0.424242 1 1.39952e-06 -4.17568e-06
2.45638 0.424242 1 1.45395e-06 -4.03407e-06
2.47651 0.424242 1 1.49452e-06 -3.87905e-06
2.49664 0.424242 1 1.52156e-06 -3.71355e-06
2.51678 0.424242 1 1.53562e-06 -3.54029e-06
2.53691 0.424242 1 1.53742e-06 -3.36178e-06
2.55705 0.424242 1 1.52779e-06 -3.1803e-06
2.57718 0.424242 1 1.50769e-06 -2.99786e-06
2.59732 0.424242 1 1.4781e-06 -2.81622e-06
2.61745 0.424242 1 1.44005e-06 -2.63689e-06
2.63758 0.424242 1 1.39454e-06 -2.46111e-06
2.65772 0.424242 1 1.34258e-06 -2.28988e-06
2.67785 0.424242 1 1.28508e-06 -2.12398e-06
2.69799 0.424242 1 1.22293e-06 -1.96392e-06
2.71812 0.424242 1 1.15691e-06 -1.81004e-06
2.73826 0.424242 1 1.08773e-06 -1.66244e-06
2.75839 0.424242 1 1.01598e-06 -1.52102e-06
2.77852 0.424242 1 9.42146e-07 -1.38552e-06
2.79866 0.424242 1 8.66613e-07 -1.25543e-06
2.81879 0.424242 1 7.89628e-07 -1.13011e-06
2.83893 0.424242 1 7.11313e-07 -1.00869e-06
2.85906 0.424242 1 6.3165e-07 -8.90103e-07
2.87919 0.424242 1 5.50474e-07 -7.73076e-07
2.89933 0.424242 1 4.67462e-07 -6.56102e-07
2.91946 0.424242 1 3.82112e-07 -5.37423e-07
2.9396 0.424242 1 2.93731e-07 -4.15001e-07
2.95973 0.424242 1 2.01407e-07 -2.86489e-07
2.97987 0.424242 1 1.03989e-07 -1.49188e-07
3 0.424242 1 0 0

0 0.444444 1 0.1 0
0.0201342 0.444444 1.10122 0.090079 0.00495265
0.0402685 0.444444 1.11224 0.088581 0.00954876
0.0604027 0.444444 1.11354 0.0880115 0.0137578
0.0805369 0.444444 1.11424 0.0875791 0.0175605
0.100671 0.444444 1.11474 0.0872044 0.0209445
0.120805 0.444444 1.11509 0.0868418 0.0239068
0.14094 0.444444 1.11528 0.0864502 0.0264537
0.161074 0.444444 1.11533 0.085993 0.0285987
0.181208 0.444444 1.11527 0.0854391 0.0303614
0.201342 0.444444 1.11512 0.0847635 0.0317656
0.221477 0.444444 1.11488 0.0839471 0.0328381
0.241611 0.444444 1.1146 0.0829767 0.0336074
0.261745 0.444444 1.11427 0.0818443 0.0341023
0.281879 0.444444 1.11393 0.0805467 0.034351
0.302013 0.444444 1.11358 0.0790846 0.0343808
0.322148 0.444444 1.11325 0.0774621 0.0342174
0.342282 0.444444 1.11293 0.0756857 0.0338844
0.362416 0.444444 1.11266 0.073764 0.0334035
0.38255 0.444444 1.11242 0.071707 0.0327942
0.402685 0.444444 1.11223 0.0695253 0.0320741
0.422819 0.444444 1.1121 0.0672306 0.0312587
0.442953 0.444444 1.11203 0.0648342 0.0303618
0.463087 0.444444 1.11201 0.0623478 0.0293954
0.483221 0.444444 1.11207 0.0597826 0.0283701
0.503356 0.444444 1.11218 0.0571498 0.0272953
0.52349 0.444444 1.11236 0.05446 0.0261791
0.543624 0.444444 1.1126 0.0517233 0.0250286
0.563758 0.444444 1.1129 0.0489496 0.0238503
0.583893 0.444444 1.11327 0.0461483 0.0226498
0.604027 0.444444 1.11369 0.0433284 0.0214324
0.624161 0.444444 1.11417 0.0404987 0.0202027
0.644295 0.444444 1.1147 0.0376681 0.0189652
0.66443 0.444444 1.11529 0.034845 0.017724
0.684564 0.444444 1.11592 0.0320381 0.0164833
0.704698 0.444444 1.11661 0.0292565 0.015247
0.724832 0.444444 1.11735 0.0265095 0.0140189
0.744966 0.444444 1.11813 0.0238069 0.0128027
0.765101 0.444444 1.11896 0.0211593 0.0116023
0.785235 0.444444 1.11983 0.0185782 0.0104212
0.805369 0.444444 1.12076 0.0160765 0.00926249
0.825503 0.444444 1.12173 0.0136679 0.0081292
0.845638 0.444444 1.12275 0.0113679 0.00702358
0.865772 0.444444 1.12383 0.00919384 0.00594708
0.885906 0.444444 1.12496 0.00716455 0.00490007
0.90604 0.444444 1.12615 0.00530111 0.00388148
0.926174 0.444444 1.1274 0.00362648 0.00288846
0.946309 0.444444 1.12872 0.00216622 0.00191604
0.966443 0.444444 1.1301 0.000947165 0.000956648
0.986577 0.444444 1.13158 0 0
1.00671 0.444444 0 0 0
1.02685 0.444444 0 0 0
1.04698 0.444444 0 0 0
1.06711 0.444444 0 0 0
1.08725 0.444444 0 0 0
1.10738 0.444444 0 0 0
1.12752 0.444444 0 0 0
1.14765 0.444444 0 0 0
1.16779 0.444444 0 0 0
1.18792 0.444444 0 0 0
1.20805 0.444444 0 0 0
1.22819 0.444444 0 0 0
1.24832 0.444444 0 0 0
1.26846 0.444444 0 0 0
1.28859 0.444444 0 0 0
1.30872 0.444444 0 0 0
1.32886 0.444444 0 0 0
1.34899 0.444444 0 0 0
1.36913 0.444444 0 0 0
1.38926 0.444444 0 0 0
1.4094 0.444444 0 0 0
1.42953 0.444444 0 0 0
1.44966 0.444444 0 0 0
1.4698 0.444444 0 0 0
1.48993 0.444444 0 0 0
1.51007 0.444444 0 0 0
1.5302 0.444444 0 0 0
1.55034 0.444444 0 0 0
1.57047 0.444444 0 0 0
1.5906 0.444444 0 0 0
1.61074 0.444444 0 0 0
1.63087 0.444444 0 0 0
1.65101 0.444444 0 0 0
1.67114 0.444444 0 0 0
1.69128 0.444444 0 0 0
1.71141 0.444444 0 0 0
1.73154 0.444444 0 0 0
1.75168 0.444444 0 0 0
1.77181 0.444444 0 0 0
1.79195 0.444444 0 0 0
1.81208 0.444444 0 0 0
1.83221 0.444444 0 0 0
1.85235 0.444444 0 0 0
1.87248 0.444444 0 0 0
1.89262 0.444444 0 0 0
1.91275 0.444444 0 0 0
1.93289 0.444444 0 0 0
1.95302 0.444444 0 0 0
1.97315 0.444444 0 0 0
1.99329 0.444444 0 0 0
2.01342 0.444444 1 0 0
2.03356 0.444444 1 -1.5407e-07 -6.17098e-07
2.05369 0.444444 1 -2.59986e-07 -1.20458e-06
2.07383 0.444444 1 -3.20832e-07 -1.76081e-06
2.09396 0.444444 1 -3.39968e-07 -2.28352e-06
2.11409 0.444444 1 -3.21063e-07 -2.77005e-06
2.13423 0.444444 1 -2.68129e-07 -3.21758e-06
2.15436 0.444444 1 -1.85497e-07 -3.62344e-06
2.1745 0.444444 1 -7.7758e-08 -3.98524e-06
2.19463 0.444444 1 5.03269e-08 -4.3011e-06
2.21477 0.444444 1 1.93933e-07 -4.56976e-06
2.2349 0.444444 1 3.48288e-07 -4.79067e-06
2.25503 0.444444 1 5.0879e-07 -4.96402e-06
2.27517 0.444444 1 6.71113e-07 -5.09074e-06
2.2953 0.444444 1 8.31294e-07 -5.17243e-06
2.31544 0.444444 1 9.8581e-07 -5.21134e-06
2.33557 0.444444 1 1.13162e-06 -5.21023e-06
2.3557 0.444444 1 1.2662e-06 -5.17228e-06
2.37584 0.444444 1 1.38756e-06 -5.10098e-06
2.39597 0.444444 1 1.49419e-06 -5.00005e-06
2.41611 0.444444 1 1.5851e-06 -4.87328e-06
2.43624 0.444444 1 1.65973e-06 -4.72448e-06
2.45638 0.444444 1 1.71792e-06 -4.55739e-06
2.47651 0.444444 1 1.75988e-06 -4.3756e-06
2.49664 0.444444 1 1.7861e-06 -4.18251e-06
2.51678 0.444444 1 1.7973e-06 -3.98127e-06
2.53691 0.444444 1 1.79443e-06 -3.77476e-06
2.55705 0.444444 1 1.77854e-06 -3.56557e-06
2.57718 0.444444 1 1.75079e-06 -3.35598e-06
2.59732 0.444444 1 1.71239e-06 -3.14798e-06
2.61745 0.444444 1 1.66455e-06 -2.94323e-06
2.63758 0.444444 1 1.60848e-06 -2.74312e-06
2.65772 0.444444 1 1.54535e-06 -2.54873e-06
2.67785 0.444444 1 1.47624e-06 -2.36088e-06
2.69799 0.444444 1 1.40216e-06 -2.18014e-06
2.71812 0.444444 1 1.32402e-06 -2.0068e-06
2.73826 0.444444 1 1.24263e-06 -1.84097e-06
2.75839 0.444444 1 1.15866e-06 -1.68249e-06
2.77852 0.444444 1 1.07266e-06 -1.531e-06
2.79866 0.444444 1 9.8506e-07 -1.38594e-06
2.81879 0.444444 1 8.9613e-07 -1.24653e-06
2.83893 0.444444 1 8.06e-07 -1.11177e-06
2.85906 0.444444 1 7.14647e-07 -9.80445e-07
2.87919 0.444444 1 6.21878e-07 -8.51113e-07
2.89933 0.444444 1 5.27325e-07 -7.22066e-07
2.91946 0.444444 1 4.30425e-07 -5.91322e-07
2.9396 0.444444 1 3.30401e-07 -4.56586e-07
2.95973 0.444444 1 2.26235e-07 -3.15217e-07
2.97987 0.444444 1 1.16648e-07 -1.64183e-07
3 0.444444 1 0 0

0 0.464646 1 0.1 0
0.0201342 0.464646 1.09927 0.0902242 0.00478184
0.0402685 0.464646 1.11009 0.0887049 0.00924328
0.0604027 0.464646 1.11135 0.0880915 0.0133569
0.0805369 0.464646 1.11201 0.0876065 0.0171046
0.100671 0.464646 1.11251 0.0871745 0.0204734
0.120805 0.464646 1.11287 0.0867541 0.0234582
0.14094 0.464646 1.11309 0.0863081 0.0260615
0.161074 0.464646 1.11319 0.0858029 0.0282923
0.181208 0.464646 1.1132 0.0852095 0.0301647
0.201342 0.464646 1.11311 0.0845039 0.0316972
0.221477 0.464646 1.11296 0.0836676 0.0329115
0.241611 0.464646 1.11276 0.082687 0.0338308
0.261745 0.464646 1.11253 0.0815534 0.0344796
0.281879 0.464646 1.11228 0.0802626 0.0348825
0.302013 0.464646 1.11202 0.078814 0.0350634
0.322148 0.464646 1.11177 0.0772102 0.0350456
0.342282 0.464646 1.11154 0.0754564 0.0348508
0.362416 0.464646 1.11135 0.0735596 0.0344995
0.38255 0.464646 1.11119 0.0715287 0.0340102
0.402685 0.464646 1.11108 0.0693732 0.0334
0.422819 0.464646 1.11102 0.0671037 0.0326843
0.442953 0.464646 1.11101 0.0647308 0.0318768
0.463087 0.464646 1.11106 0.0622655 0.0309899
0.483221 0.464646 1.11117 0.0597187 0.0300346
0.503356 0.464646 1.11134 0.057101 0.0290204
0.52349 0.464646 1.11157 0.0544228 0.027956
0.543624 0.464646 1.11186 0.0516944 0.026849
0.563758 0.464646 1.11221 0.0489255 0.025706
0.583893 0.464646 1.11261 0.0461258 0.0245331
0.604027 0.464646 1.11308 0.0433044 0.0233356
0.624161 0.464646 1.1136 0.0404707 0.0221183
0.644295 0.464646 1.11417 0.0376336 0.0208856
0.66443 0.464646 1.11479 0.0348023 0.0196414
0.684564 0.464646 1.11547 0.031986 0.0183895
0.704698 0.464646 1.11619 0.0291943 0.0171332
0.724832 0.464646 1.11696 0.026437 0.0158758
0.744966 0.464646 1.11778 0.0237248 0.0146201
0.765101 0.464646 1.11864 0.0210687 0.0133689
0.785235 0.464646 1.11955 0.0184811 0.0121244
0.805369 0.464646 1.1205 0.0159752 0.0108884
0.825503 0.464646 1.1215 0.0135653 0.00966237
0.845638 0.464646 1.12255 0.0112673 0.00844675
0.865772 0.464646 1.12365 0.00909871 0.00724113
0.885906 0.464646 1.1248 0.00707851 0.00604385
0.90604 0.464646 1.12601 0.0052276 0.00485175
0.926174 0.464646 1.12728 0.00356859 0.0036598
0.946309 0.464646 1.12861 0.00212642 0.00246082
0.966443 0.464646 1.12999 0.000927066 0.00124504
0.986577 0.464646 1.13147 0 0
1.00671 0.464646 0 0 0
1.02685 0.464646 0 0 0
1.04698 0.464646 0 0 0
1.06711 0.464646 0 0 0
1.08725 0.464646 0 0 0
1.10738 0.464646 0 0 0
1.12752 0.464646 0 0 0
1.14765 0.464646 0 0 0
1.16779 0.464646 0 0 0
1.18792 0.464646 0 0 0
1.20805 0.464646 0 0 0
1.22819 0.464646 0 0 0
1.24832 0.464646 0 0 0
1.26846 0.464646 0 0 0
1.28859 0.464646 0 0 0
1.30872 0.464646 0 0 0
1.32886 0.464646 0 0 0
1.34899 0.464646 0 0 0
1.36913 0.464646 0 0 0
1.38926 0.464646 0 0 0
1.4094 0.464646 0 0 0
1.42953 0.464646 0 0 0
1.44966 0.464646 0 0 0
1.4698 0.464646 0 0 0
1.48993 0.464646 0 0 0
1.51007 0.464646 0 0 0
1.5302 0.464646 0 0 0
1.55034 0.464646 0 0 0
1.57047 0.464646 0 0 0
1.5906 0.464646 0 0 0
1.61074 0.464646 0 0 0
1.63087 0.464646 0 0 0
1.65101 0.464646 0 0 0
1.67114 0.464646 0 0 0
1.69128 0.464646 0 0 0
1.71141 0.464646 0 0 0
1.73154 0.464646 0 0 0
1.75168 0.464646 0 0 0
1.77181 0.464646 0 0 0
1.79195 0.464646 0 0 0
1.81208 0.464646 0 0 0
1.83221 0.464646 0 0 0
1.85235 0.464646 0 0 0
1.87248 0.464646 0 0 0
1.89262 0.464646 0 0 0
1.91275 0.464646 0 0 0
1.93289 0.464646 0 0 0
1.95302 0.464646 0 0 0
1.97315 0.464646 0 0 0
1.99329 0.464646 0 0 0
2.01342 0.464646 1 0 0
2.03356 0.464646 1 -1.71178e-07 -7.0611e-07
2.05369 0.464646 1 -2.86948e-07 -1.37946e-06
2.07383 0.464646 1 -3.50718e-07 -2.01783e-06
2.09396 0.464646 1 -3.66292e-07 -2.61823e-06
2.11409 0.464646 1 -3.37907e-07 -3.17719e-06
2.13423 0.464646 1 -2.70261e-07 -3.69115e-06
2.15436 0.464646 1 -1.68474e-07 -4.15668e-06
2.1745 0.464646 1 -3.80062e-08 -4.57079e-06
2.19463 0.464646 1 1.15464e-07 -4.93115e-06
2.21477 0.464646 1 2.86184e-07 -5.23624e-06
2.2349 0.464646 1 4.68478e-07 -5.48541e-06
2.25503 0.464646 1 6.56893e-07 -5.67896e-06
2.27517 0.464646 1 8.46331e-07 -5.8181e-06
2.2953 0.464646 1 1.03216e-06 -5.90485e-06
2.31544 0.464646 1 1.2103e-06 -5.942e-06
2.33557 0.464646 1 1.37727e-06 -5.93294e-06
2.3557 0.464646 1 1.53023e-06 -5.88158e-06
2.37584 0.464646 1 1.66696e-06 -5.79212e-06
2.39597 0.464646 1 1.78587e-06 -5.66902e-06
2.41611 0.464646 1 1.88594e-06 -5.51682e-06
2.43624 0.464646 1 1.96667e-06 -5.34002e-06
2.45638 0.464646 1 2.02806e-06 -5.14302e-06
2.47651 0.464646 1 2.07046e-06 -4.93001e-06
2.49664 0.464646 1 2.09459e-06 -4.70493e-06
2.51678 0.464646 1 2.10144e-06 -4.47142e-06
2.53691 0.464646 1 2.09218e-06 -4.23278e-06
2.55705 0.464646 1 2.06813e-06 -3.99193e-06
2.57718 0.464646 1 2.03072e-06 -3.75145e-06
2.59732 0.464646 1 1.9814e-06 -3.51357e-06
2.61745 0.464646 1 1.92163e-06 -3.28012e-06
2.63758 0.464646 1 1.85283e-06 -3.05262e-06
2.65772 0.464646 1 1.77636e-06 -2.83225e-06
2.67785 0.464646 1 1.6935e-06 -2.61988e-06
2.69799 0.464646 1 1.60539e-06 -2.41608e-06
2.71812 0.464646 1 1.5131e-06 -2.22114e-06
2.73826 0.464646 1 1.41752e-06 -2.03512e-06
2.75839 0.464646 1 1.31943e-06 -1.8578e-06
2.77852 0.464646 1 1.21943e-06 -1.68873e-06
2.79866 0.464646 1 1.11801e-06 -1.52723e-06
2.81879 0.464646 1 1.01545e-06 -1.3724e-06
2.83893 0.464646 1 9.11891e-07 -1.22309e-06
2.85906 0.464646 1 8.07301e-07 -1.07792e-06
2.87919 0.464646 1 7.01452e-07 -9.35245e-07
2.89933 0.464646 1 5.93924e-07 -7.93138e-07
2.91946 0.464646 1 4.84084e-07 -6.4937e-07
2.9396 0.464646 1 3.71059e-07 -5.01362e-07
2.95973 0.464646 1 2.53719e-07 -3.46151e-07
2.97987 0.464646 1 1.30638e-07 -1.80332e-07
3 0.464646 1 0 0

0 0.484848 1 0.1 0
0.0201342 0.484848 1.09748 0.0903589 0.0046274
0.0402685 0.484848 1.10811 0.0888219 0.00896686
0.0604027 0.484848 1.10933 0.0881696 0.0129937
0.0805369 0.484848 1.10996 0.0876369 0.0166911
0.100671 0.484848 1.11044 0.0871516 0.0200455
0.120805 0.484848 1.1108 0.0866759 0.0230504
0.14094 0.484848 1.11104 0.086176 0.0257049
0.161074 0.484848 1.11118 0.0856209 0.0280142
0.181208 0.484848 1.11123 0.0849836 0.029988
0.201342 0.484848 1.1112 0.0842416 0.03164
0.221477 0.484848 1.11112 0.083377 0.032987
0.241611 0.484848 1.11099 0.0823765 0.034048
0.261745 0.484848 1.11082 0.0812312 0.0348433
0.281879 0.484848 1.11064 0.0799362 0.035394
0.302013 0.484848 1.11046 0.07849 0.035721
0.322148 0.484848 1.11029 0.0768941 0.0358451
0.342282 0.484848 1.11014 0.0751527 0.0357862
0.362416 0.484848 1.11001 0.0732719 0.0355632
0.38255 0.484848 1.10992 0.0712591 0.0351939
0.402685 0.484848 1.10988 0.0691231 0.0346946
0.422819 0.484848 1.10988 0.0668735 0.0340804
0.442953 0.484848 1.10993 0.0645203 0.0333651
0.463087 0.484848 1.11004 0.0620736 0.0325609
0.483221 0.484848 1.1102 0.0595438 0.0316791
0.503356 0.484848 1.11042 0.0569413 0.0307295
0.52349 0.484848 1.1107 0.0542762 0.0297211
0.543624 0.484848 1.11103 0.0515585 0.0286617
0.563758 0.484848 1.11143 0.0487979 0.0275582
0.583893 0.484848 1.11187 0.046004 0.0264169
0.604027 0.484848 1.11238 0.0431864 0.0252431
0.624161 0.484848 1.11293 0.0403543 0.0240417
0.644295 0.484848 1.11354 0.0375172 0.0228168
0.66443 0.484848 1.1142 0.0346845 0.0215722
0.684564 0.484848 1.11491 0.0318658 0.0203112
0.704698 0.484848 1.11566 0.0290712 0.0190366
0.724832 0.484848 1.11647 0.0263112 0.0177508
0.744966 0.484848 1.11731 0.0235966 0.0164559
0.765101 0.484848 1.1182 0.0209394 0.0151535
0.785235 0.484848 1.11914 0.0183521 0.0138447
0.805369 0.484848 1.12012 0.0158485 0.01253
0.825503 0.484848 1.12115 0.0134433 0.0112093
0.845638 0.484848 1.12222 0.0111528 0.00988134
0.865772 0.484848 1.12334 0.00899439 0.00854405
0.885906 0.484848 1.12451 0.00698717 0.00719392
0.90604 0.484848 1.12573 0.00515181 0.00582585
0.926174 0.484848 1.127 0.00351051 0.00443288
0.946309 0.484848 1.12834 0.0020875 0.00300585
0.966443 0.484848 1.12972 0.00090793 0.00153302
0.986577 0.484848 1.13119 0 0
1.00671 0.484848 0 0 0
1.02685 0.484848 0 0 0
1.04698 0.484848 0 0 0
1.06711 0.484848 0 0 0
1.08725 0.484848 0 0 0
1.10738 0.484848 0 0 0
1.12752 0.484848 0 0 0
1.14765 0.484848 0 0 0
1.16779 0.484848 0 0 0
1.18792 0.484848 0 0 0
1.20805 0.484848 0 0 0
1.22819 0.484848 0 0 0
1.24832 0.484848 0 0 0
1.26846 0.484848 0 0 0
1.28859 0.484848 0 0 0
1.30872 0.484848 0 0 0
1.32886 0.484848 0 0 0
1.34899 0.484848 0 0 0
1.36913 0.484848 0 0 0
1.38926 0.484848 0 0 0
1.4094 0.484848 0 0 0
1.42953 0.484848 0 0 0
1.44966 0.484848 0 0 0
1.4698 0.484848 0 0 0
1.48993 0.484848 0 0 0
1.51007 0.484848 0 0 0
1.5302 0.484848 0 0 0
1.55034 0.484848 0 0 0
1.57047 0.484848 0 0 0
1.5906 0.484848 0 0 0
1.61074 0.484848 0 0 0
1.63087 0.484848 0 0 0
1.65101 0.484848 0 0 0
1.67114 0.484848 0 0 0
1.69128 0.484848 0 0 0
1.71141 0.484848 0 0 0
1.73154 0.484848 0 0 0
1.75168 0.484848 0 0 0
1.77181 0.484848 0 0 0
1.79195 0.484848 0 0 0
1.81208 0.484848 0 0 0
1.83221 0.484848 0 0 0
1.85235 0.484848 0 0 0
1.87248 0.484848 0 0 0
1.89262 0.484848 0 0 0
1.91275 0.484848 0 0 0
1.93289 0.484848 0 0 0
1.95302 0.484848 0 0 0
1.97315 0.484848 0 0 0
1.99329 0.484848 0 0 0
2.01342 0.484848 1 0 0
2.03356 0.484848 1 -1.89489e-07 -8.07868e-07
2.05369 0.484848 1 -3.15208e-07 -1.57968e-06
2.07383 0.484848 1 -3.80903e-07 -2.31244e-06
2.09396 0.484848 1 -3.90886e-07 -3.0022e-06
2.11409 0.484848 1 -3.50061e-07 -3.64452e-06
2.13423 0.484848 1 -2.63948e-07 -4.23479e-06
2.15436 0.484848 1 -1.38625e-07 -4.7687e-06
2.1745 0.484848 1 1.93916e-08 -5.24251e-06
2.19463 0.484848 1 2.03313e-07 -5.65333e-06
2.21477 0.484848 1 4.06266e-07 -5.99932e-06
2.2349 0.484848 1 6.21491e-07 -6.27978e-06
2.25503 0.484848 1 8.42525e-07 -6.49514e-06
2.27517 0.484848 1 1.06337e-06 -6.64698e-06
2.2953 0.484848 1 1.27862e-06 -6.73788e-06
2.31544 0.484848 1 1.48357e-06 -6.77132e-06
2.33557 0.484848 1 1.67424e-06 -6.75148e-06
2.3557 0.484848 1 1.84747e-06 -6.6831e-06
2.37584 0.484848 1 2.00084e-06 -6.57132e-06
2.39597 0.484848 1 2.13266e-06 -6.42146e-06
2.41611 0.484848 1 2.24195e-06 -6.23893e-06
2.43624 0.484848 1 2.32834e-06 -6.02905e-06
2.45638 0.484848 1 2.39198e-06 -5.797e-06
2.47651 0.484848 1 2.4335e-06 -5.54765e-06
2.49664 0.484848 1 2.45388e-06 -5.28557e-06
2.51678 0.484848 1 2.45441e-06 -5.01492e-06
2.53691 0.484848 1 2.43659e-06 -4.73946e-06
2.55705 0.484848 1 2.40206e-06 -4.46252e-06
2.57718 0.484848 1 2.35253e-06 -4.18698e-06
2.59732 0.484848 1 2.28978e-06 -3.9153e-06
2.61745 0.484848 1 2.21552e-06 -3.64953e-06
2.63758 0.484848 1 2.13142e-06 -3.39129e-06
2.65772 0.484848 1 2.03909e-06 -3.14187e-06
2.67785 0.484848 1 1.93998e-06 -2.90216e-06
2.69799 0.484848 1 1.83543e-06 -2.67274e-06
2.71812 0.484848 1 1.72664e-06 -2.45389e-06
2.73826 0.484848 1 1.61461e-06 -2.24557e-06
2.75839 0.484848 1 1.50023e-06 -2.04751e-06
2.77852 0.484848 1 1.38417e-06 -1.85915e-06
2.79866 0.484848 1 1.26694e-06 -1.67967e-06
2.81879 0.484848 1 1.14886e-06 -1.50803e-06
2.83893 0.484848 1 1.03008e-06 -1.34291e-06
2.85906 0.484848 1 9.10532e-07 -1.18273e-06
2.87919 0.484848 1 7.89957e-07 -1.02563e-06
2.89933 0.484848 1 6.67873e-07 -8.69447e-07
2.91946 0.484848 1 5.43564e-07 -7.11668e-07
2.9396 0.484848 1 4.16054e-07 -5.49406e-07
2.95973 0.484848 1 2.84082e-07 -3.79342e-07
2.97987 0.484848 1 1.46068e-07 -1.97664e-07
3 0.484848 1 0 0

0 0.505051 1 0.1 0
0.0201342 0.505051 1.09584 0.0904841 0.00448754
0.0402685 0.505051 1.1063 0.0889325 0.00871676
0.0604027 0.505051 1.10748 0.0882459 0.0126655
0.0805369 0.505051 1.10807 0.08767 0.0163179
0.100671 0.505051 1.10853 0.0871351 0.0196603
0.120805 0.505051 1.10888 0.0866066 0.0226845
0.14094 0.505051 1.10913 0.0860533 0.0253873
0.161074 0.505051 1.10929 0.0854468 0.0277702
0.181208 0.505051 1.10937 0.0847622 0.0298391
0.201342 0.505051 1.10938 0.0839784 0.0316034
0.221477 0.505051 1.10934 0.0830785 0.0330757
0.241611 0.505051 1.10926 0.0820499 0.0342711
0.261745 0.505051 1.10915 0.0808836 0.035206
0.281879 0.505051 1.10904 0.0795745 0.0358982
0.302013 0.505051 1.10892 0.0781207 0.036366
0.322148 0.505051 1.10881 0.0765231 0.0366277
0.342282 0.505051 1.10872 0.0747851 0.0367014
0.362416 0.505051 1.10865 0.0729117 0.0366046
0.38255 0.505051 1.10862 0.0709097 0.036354
0.402685 0.505051 1.10863 0.068787 0.0359653
0.422819 0.505051 1.10869 0.0665523 0.0354532
0.442953 0.505051 1.1088 0.0642149 0.0348311
0.463087 0.505051 1.10895 0.0617843 0.0341115
0.483221 0.505051 1.10917 0.0592704 0.0333055
0.503356 0.505051 1.10943 0.056683 0.0324232
0.52349 0.505051 1.10975 0.054032 0.0314737
0.543624 0.505051 1.11013 0.0513271 0.030465
0.563758 0.505051 1.11056 0.0485778 0.0294042
0.583893 0.505051 1.11105 0.0457938 0.0282976
0.604027 0.505051 1.11159 0.0429845 0.0271505
0.624161 0.505051 1.11218 0.0401593 0.0259677
0.644295 0.505051 1.11282 0.037328 0.0247532
0.66443 0.505051 1.11351 0.0345 0.0235104
0.684564 0.505051 1.11425 0.0316855 0.022242
0.704698 0.505051 1.11504 0.0288948 0.0209502
0.724832 0.505051 1.11586 0.0261386 0.0196369
0.744966 0.505051 1.11674 0.0234284 0.0183031
0.765101 0.505051 1.11766 0.0207764 0.0169493
0.785235 0.505051 1.11862 0.0181957 0.0155755
0.805369 0.505051 1.11962 0.0157002 0.014181
0.825503 0.505051 1.12067 0.013305 0.012764
0.845638 0.505051 1.12176 0.0110266 0.0113219
0.865772 0.505051 1.12289 0.00888249 0.00985102
0.885906 0.505051 1.12407 0.00689161 0.00834611
0.90604 0.505051 1.1253 0.00507437 0.00680037
0.926174 0.505051 1.12658 0.00345251 0.00520508
0.946309 0.505051 1.12792 0.00204954 0.00354933
0.966443 0.505051 1.12929 0.000889723 0.00181967
0.986577 0.505051 1.13075 0 0
1.00671 0.505051 0 0 0
1.02685 0.505051 0 0 0
1.04698 0.505051 0 0 0
1.06711 0.505051 0 0 0
1.08725 0.505051 0 0 0
1.10738 0.505051 0 0 0
1.12752 0.505051 0 0 0
1.14765 0.505051 0 0 0
1.16779 0.505051 0 0 0
1.18792 0.505051 0 0 0
1.20805 0.505051 0 0 0
1.22819 0.505051 0 0 0
1.24832 0.505051 0 0 0
1.26846 0.505051 0 0 0
1.28859 0.505051 0 0 0
1.30872 0.505051 0 0 0
1.32886 0.505051 0 0 0
1.34899 0.505051 0 0 0
1.36913 0.505051 0 0 0
1.38926 0.505051 0 0 0
1.4094 0.505051 0 0 0
1.42953 0.505051 0 0 0
1.44966 0.505051 0 0 0
1.4698 0.505051 0 0 0
1.48993 0.505051 0 0 0
1.51007 0.505051 0 0 0
1.5302 0.505051 0 0 0
1.55034 0.505051 0 0 0
1.57047 0.505051 0 0 0
1.5906 0.505051 0 0 0
1.61074 0.505051 0 0 0
1.63087 0.505051 0 0 0
1.65101 0.505051 0 0 0
1.67114 0.505051 0 0 0
1.69128 0.505051 0 0 0
1.71141 0.505051 0 0 0
1.73154 0.505051 0 0 0
1.75168 0.505051 0 0 0
1.77181 0.505051 0 0 0
1.79195 0.505051 0 0 0
1.81208 0.505051 0 0 0
1.83221 0.505051 0 0 0
1.85235 0.505051 0 0 0
1.87248 0.505051 0 0 0
1.89262 0.505051 0 0 0
1.91275 0.505051 0 0 0
1.93289 0.505051 0 0 0
1.95302 0.505051 0 0 0
1.97315 0.505051 0 0 0
1.99329 0.505051 0 0 0
2.01342 0.505051 1 0 0
2.03356 0.505051 1 -2.08898e-07 -9.24221e-07
2.05369 0.505051 1 -3.44369e-07 -1.80899e-06
2.07383 0.505051 1 -4.10511e-07 -2.65027e-06
2.09396 0.505051 1 -4.12217e-07 -3.44292e-06
2.11409 0.505051 1 -3.5518e-07 -4.18118e-06
2.13423 0.505051 1 -2.45916e-07 -4.85917e-06
2.15436 0.505051 1 -9.167e-08 -5.47142e-06
2.1745 0.505051 1 9.97516e-08 -6.01328e-06
2.19463 0.505051 1 3.20207e-07 -6.48119e-06
2.21477 0.505051 1 5.61467e-07 -6.87296e-06
2.2349 0.505051 1 8.15474e-07 -7.18783e-06
2.25503 0.505051 1 1.07457e-06 -7.42647e-06
2.27517 0.505051 1 1.33171e-06 -7.59096e-06
2.2953 0.505051 1 1.58059e-06 -7.68457e-06
2.31544 0.505051 1 1.81581e-06 -7.71166e-06
2.33557 0.505051 1 2.03288e-06 -7.6774e-06
2.3557 0.505051 1 2.22827e-06 -7.58758e-06
2.37584 0.505051 1 2.39939e-06 -7.44841e-06
2.39597 0.505051 1 2.54453e-06 -7.26629e-06
2.41611 0.505051 1 2.66279e-06 -7.04764e-06
2.43624 0.505051 1 2.75396e-06 -6.79877e-06
2.45638 0.505051 1 2.81848e-06 -6.52571e-06
2.47651 0.505051 1 2.85728e-06 -6.23414e-06
2.49664 0.505051 1 2.87172e-06 -5.92932e-06
2.51678 0.505051 1 2.86345e-06 -5.61601e-06
2.53691 0.505051 1 2.83436e-06 -5.29849e-06
2.55705 0.505051 1 2.78647e-06 -4.9805e-06
2.57718 0.505051 1 2.72187e-06 -4.66525e-06
2.59732 0.505051 1 2.64265e-06 -4.35547e-06
2.61745 0.505051 1 2.55086e-06 -4.05338e-06
2.63758 0.505051 1 2.44847e-06 -3.76075e-06
2.65772 0.505051 1 2.33731e-06 -3.47892e-06
2.67785 0.505051 1 2.21908e-06 -3.20883e-06
2.69799 0.505051 1 2.0953e-06 -2.95104e-06
2.71812 0.505051 1 1.96731e-06 -2.70577e-06
2.73826 0.505051 1 1.83628e-06 -2.47294e-06
2.75839 0.505051 1 1.70315e-06 -2.25213e-06
2.77852 0.505051 1 1.56868e-06 -2.04266e-06
2.79866 0.505051 1 1.43343e-06 -1.84359e-06
2.81879 0.505051 1 1.29773e-06 -1.65368e-06
2.83893 0.505051 1 1.16172e-06 -1.47142e-06
2.85906 0.505051 1 1.02531e-06 -1.29503e-06
2.87919 0.505051 1 8.88197e-07 -1.12239e-06
2.89933 0.505051 1 7.49816e-07 -9.51085e-07
2.91946 0.505051 1 6.09363e-07 -7.78288e-07
2.9396 0.505051 1 4.65747e-07 -6.00772e-07
2.95973 0.505051 1 3.1756e-07 -4.14827e-07
2.97987 0.505051 1 1.63051e-07 -2.16199e-07
3 0.505051 1 0 0

0 0.525253 1 0.1 0
0.0201342 0.525253 1.09433 0.0906006 0.0043607
0.0402685 0.525253 1.10464 0.0890371 0.00849062
0.0604027 0.525253 1.10577 0.0883203 0.0123699
0.0805369 0.525253 1.10632 0.0877053 0.0159832
0.100671 0.525253 1.10676 0.0871242 0.0193171
0.120805 0.525253 1.10709 0.086545 0.0223618
0.14094 0.525253 1.10734 0.0859391 0.0251117
0.161074 0.525253 1.1075 0.0852801 0.0275652
0.181208 0.525253 1.1076 0.0845452 0.0297247
0.201342 0.525253 1.10763 0.083715 0.0315958
0.221477 0.525253 1.10762 0.0827737 0.0331874
0.241611 0.525253 1.10758 0.0817094 0.0345107
0.261745 0.525253 1.10752 0.0805138 0.0355789
0.281879 0.525253 1.10745 0.079182 0.0364067
0.302013 0.525253 1.10738 0.0777118 0.0370098
0.322148 0.525253 1.10732 0.0761038 0.0374043
0.342282 0.525253 1.10728 0.0743608 0.0376067
0.362416 0.525253 1.10727 0.0724873 0.0376329
0.38255 0.525253 1.10729 0.0704894 0.0374987
0.402685 0.525253 1.10735 0.0683743 0.0372191
0.422819 0.525253 1.10746 0.0661499 0.0368082
0.442953 0.525253 1.10761 0.0638248 0.0362794
0.463087 0.525253 1.10781 0.0614081 0.0356448
0.483221 0.525253 1.10807 0.0589089 0.0349156
0.503356 0.525253 1.10838 0.0563366 0.034102
0.52349 0.525253 1.10874 0.0537007 0.0332133
0.543624 0.525253 1.10915 0.0510105 0.0322573
0.563758 0.525253 1.10962 0.0482754 0.0312414
0.583893 0.525253 1.11014 0.0455048 0.0301718
0.604027 0.525253 1.11071 0.0427082 0.0290537
0.624161 0.525253 1.11134 0.0398949 0.0278917
0.644295 0.525253 1.11201 0.0370746 0.0266895
0.66443 0.525253 1.11273 0.0342571 0.0254502
0.684564 0.525253 1.11349 0.0314526 0.0241758
0.704698 0.525253 1.1143 0.0286717 0.0228681
0.724832 0.525253 1.11516 0.0259255 0.0215279
0.744966 0.525253 1.11605 0.0232257 0.0201554
0.765101 0.525253 1.11699 0.0205847 0.0187502
0.785235 0.525253 1.11797 0.0180159 0.0173109
0.805369 0.525253 1.119 0.0155337 0.0158356
0.825503 0.525253 1.12006 0.0131532 0.0143212
0.845638 0.525253 1.12116 0.010891 0.0127637
0.865772 0.525253 1.12231 0.00876464 0.0111578
0.885906 0.525253 1.1235 0.00679292 0.00949679
0.90604 0.525253 1.12474 0.00499593 0.00777232
0.926174 0.525253 1.12601 0.0033949 0.00597412
0.946309 0.525253 1.12735 0.00201262 0.00408974
0.966443 0.525253 1.12871 0.000872423 0.00210422
0.986577 0.525253 1.13015 0 0
1.00671 0.525253 0 0 0
1.02685 0.525253 0 0 0
1.04698 0.525253 0 0 0
1.06711 0.525253 0 0 0
1.08725 0.525253 0 0 0
1.10738 0.525253 0 0 0
1.12752 0.525253 0 0 0
1.14765 0.525253 0 0 0
1.16779 0.525253 0 0 0
1.18792 0.525253 0 0 0
1.20805 0.525253 0 0 0
1.22819 0.525253 0 0 0
1.24832 0.525253 0 0 0
1.26846 0.525253 0 0 0
1.28859 0.525253 0 0 0
1.30872 0.525253 0 0 0
1.32886 0.525253 0 0 0
1.34899 0.525253 0 0 0
1.36913 0.525253 0 0 0
1.38926 0.525253 0 0 0
1.4094 0.525253 0 0 0
1.42953 0.525253 0 0 0
1.44966 0.525253 0 0 0
1.4698 0.525253 0 0 0
1.48993 0.525253 0 0 0
1.51007 0.525253 0 0 0
1.5302 0.525253 0 0 0
1.55034 0.525253 0 0 0
1.57047 0.525253 0 0 0
1.5906 0.525253 0 0 0
1.61074 0.525253 0 0 0
1.63087 0.525253 0 0 0
1.65101 0.525253 0 0 0
1.67114 0.525253 0 0 0
1.69128 0.525253 0 0 0
1.71141 0.525253 0 0 0
1.73154 0.525253 0 0 0
1.75168 0.525253 0 0 0
1.77181 0.525253 0 0 0
1.79195 0.525253 0 0 0
1.81208 0.525253 0 0 0
1.83221 0.525253 0 0 0
1.85235 0.525253 0 0 0
1.87248 0.525253 0 0 0
1.89262 0.525253 0 0 0
1.91275 0.525253 0 0 0
1.93289 0.525253 0 0 0
1.95302 0.525253 0 0 0
1.97315 0.525253 0 0 0
1.99329 0.525253 0 0 0
2.01342 0.525253 1 0 0
2.03356 0.525253 1 -2.29217e-07 -1.05731e-06
2.05369 0.525253 1 -3.73835e-07 -2.07174e-06
2.07383 0.525253 1 -4.38311e-07 -3.03793e-06
2.09396 0.525253 1 -4.28203e-07 -3.94912e-06
2.11409 0.525253 1 -3.50152e-07 -4.79788e-06
2.13423 0.525253 1 -2.11888e-07 -5.57671e-06
2.15436 0.525253 1 -2.20913e-08 -6.2787e-06
2.1745 0.525253 1 2.09849e-07 -6.89803e-06
2.19463 0.525253 1 4.74139e-07 -7.4304e-06
2.21477 0.525253 1 7.60907e-07 -7.87318e-06
2.2349 0.525253 1.00001 1.06054e-06 -8.22563e-06
2.25503 0.525253 1.00001 1.36396e-06 -8.48876e-06
2.27517 0.525253 1.00001 1.66291e-06 -8.66531e-06
2.2953 0.525253 1.00001 1.95008e-06 -8.75949e-06
2.31544 0.525253 1.00001 2.21929e-06 -8.77673e-06
2.33557 0.525253 1.00001 2.46551e-06 -8.72345e-06
2.3557 0.525253 1.00001 2.68487e-06 -8.60671e-06
2.37584 0.525253 1.00001 2.87464e-06 -8.43404e-06
2.39597 0.525253 1.00001 3.03314e-06 -8.2131e-06
2.41611 0.525253 1.00001 3.15963e-06 -7.95153e-06
2.43624 0.525253 1 3.25419e-06 -7.65674e-06
2.45638 0.525253 1 3.31761e-06 -7.33579e-06
2.47651 0.525253 1 3.35124e-06 -6.99526e-06
2.49664 0.525253 1 3.35689e-06 -6.64119e-06
2.51678 0.525253 1 3.33669e-06 -6.27901e-06
2.53691 0.525253 1 3.29297e-06 -5.91355e-06
2.55705 0.525253 1 3.22822e-06 -5.54898e-06
2.57718 0.525253 1 3.14496e-06 -5.18889e-06
2.59732 0.525253 1 3.04567e-06 -4.83626e-06
2.61745 0.525253 1 2.93277e-06 -4.49349e-06
2.63758 0.525253 1 2.80855e-06 -4.16249e-06
2.65772 0.525253 1 2.67513e-06 -3.84464e-06
2.67785 0.525253 1 2.53445e-06 -3.54089e-06
2.69799 0.525253 1 2.38824e-06 -3.25178e-06
2.71812 0.525253 1 2.23801e-06 -2.97745e-06
2.73826 0.525253 1 2.08505e-06 -2.71771e-06
2.75839 0.525253 1 1.93041e-06 -2.47203e-06
2.77852 0.525253 1 1.77492e-06 -2.23957e-06
2.79866 0.525253 1 1.61916e-06 -2.0192e-06
2.81879 0.525253 1 1.46349e-06 -1.80951e-06
2.83893 0.525253 1 1.30804e-06 -1.60875e-06
2.85906 0.525253 1 1.15267e-06 -1.4149e-06
2.87919 0.525253 1 9.97006e-07 -1.2256e-06
2.89933 0.525253 1 8.40423e-07 -1.0381e-06
2.91946 0.525253 1 6.81999e-07 -8.49263e-07
2.9396 0.525253 1 5.20511e-07 -6.55483e-07
2.95973 0.525253 1 3.54393e-07 -4.52624e-07
2.97987 0.525253 1 1.81706e-07 -2.35945e-07
3 0.525253 1 0 0

0 0.545455 1 0.1 0
0.0201342 0.545455 1.09296 0.0907087 0.00424554
0.0402685 0.545455 1.10311 0.0891361 0.00828639
0.0604027 0.545455 1.1042 0.0883927 0.0121046
0.0805369 0.545455 1.10471 0.0877421 0.0156857
0.100671 0.545455 1.10511 0.0871179 0.0190156
0.120805 0.545455 1.10542 0.08649 0.0220833
0.14094 0.545455 1.10565 0.0858318 0.0248808
0.161074 0.545455 1.10581 0.0851192 0.0274037
0.181208 0.545455 1.10591 0.0843313 0.0296511
0.201342 0.545455 1.10596 0.0834504 0.031625
0.221477 0.545455 1.10597 0.082462 0.0333309
0.241611 0.545455 1.10595 0.0813555 0.0347767
0.261745 0.545455 1.10592 0.0801233 0.0359724
0.281879 0.545455 1.10588 0.0787609 0.03693
0.302013 0.545455 1.10585 0.0772663 0.0376628
0.322148 0.545455 1.10583 0.0756401 0.0381851
0.342282 0.545455 1.10583 0.0738847 0.0385114
0.362416 0.545455 1.10586 0.0720044 0.0386566
0.38255 0.545455 1.10593 0.0700047 0.0386355
0.402685 0.545455 1.10603 0.0678921 0.0384623
0.422819 0.545455 1.10618 0.0656739 0.0381508
0.442953 0.545455 1.10637 0.0633582 0.0377139
0.463087 0.545455 1.10662 0.0609534 0.0371636
0.483221 0.545455 1.10691 0.058468 0.0365112
0.503356 0.545455 1.10725 0.055911 0.0357668
0.52349 0.545455 1.10765 0.0532912 0.0349395
0.543624 0.545455 1.1081 0.0506177 0.0340374
0.563758 0.545455 1.1086 0.0478996 0.0330677
0.583893 0.545455 1.10915 0.0451459 0.0320365
0.604027 0.545455 1.10975 0.042366 0.030949
0.624161 0.545455 1.11041 0.0395691 0.0298094
0.644295 0.545455 1.1111 0.0367649 0.0286211
0.66443 0.545455 1.11185 0.0339632 0.0273865
0.684564 0.545455 1.11264 0.0311743 0.0261074
0.704698 0.545455 1.11347 0.0284088 0.0247846
0.724832 0.545455 1.11435 0.025678 0.0234182
0.744966 0.545455 1.11526 0.0229938 0.0220074
0.765101 0.545455 1.11622 0.020369 0.0205507
0.785235 0.545455 1.11722 0.0178171 0.0190457
0.805369 0.545455 1.11826 0.0153525 0.0174891
0.825503 0.545455 1.11933 0.0129907 0.0158765
0.845638 0.545455 1.12045 0.0107481 0.0142026
0.865772 0.545455 1.1216 0.00864243 0.0124608
0.885906 0.545455 1.1228 0.00669218 0.0106429
0.90604 0.545455 1.12404 0.00491715 0.00873918
0.926174 0.545455 1.12531 0.00333802 0.00673805
0.946309 0.545455 1.12663 0.00197684 0.00462574
0.966443 0.545455 1.12799 0.000856023 0.00238599
0.986577 0.545455 1.12941 0 0
1.00671 0.545455 0 0 0
1.02685 0.545455 0 0 0
1.04698 0.545455 0 0 0
1.06711 0.545455 0 0 0
1.08725 0.545455 0 0 0
1.10738 0.545455 0 0 0
1.12752 0.545455 0 0 0
1.14765 0.545455 0 0 0
1.16779 0.545455 0 0 0
1.18792 0.545455 0 0 0
1.20805 0.545455 0 0 0
1.22819 0.545455 0 0 0
1.24832 0.545455 0 0 0
1.26846 0.545455 0 0 0
1.28859 0.545455 0 0 0
1.30872 0.545455 0 0 0
1.32886 0.545455 0 0 0
1.34899 0.545455 0 0 0
1.36913 0.545455 0 0 0
1.38926 0.545455 0 0 0
1.4094 0.545455 0 0 0
1.42953 0.545455 0 0 0
1.44966 0.545455 0 0 0
1.4698 0.545455 0 0 0
1.48993 0.545455 0 0 0
1.51007 0.545455 0 0 0
1.5302 0.545455 0 0 0
1.55034 0.545455 0 0 0
1.57047 0.545455 0 0 0
1.5906 0.545455 0 0 0
1.61074 0.545455 0 0 0
1.63087 0.545455 0 0 0
1.65101 0.545455 0 0 0
1.67114 0.545455 0 0 0
1.69128 0.545455 0 0 0
1.71141 0.545455 0 0 0
1.73154 0.545455 0 0 0
1.75168 0.545455 0 0 0
1.77181 0.545455 0 0 0
1.79195 0.545455 0 0 0
1.81208 0.545455 0 0 0
1.83221 0.545455 0 0 0
1.85235 0.545455 0 0 0
1.87248 0.545455 0 0 0
1.89262 0.545455 0 0 0
1.91275 0.545455 0 0 0
1.93289 0.545455 0 0 0
1.95302 0.545455 0 0 0
1.97315 0.545455 0 0 0
1.99329 0.545455 0 0 0
2.01342 0.545455 1 0 0
2.03356 0.545455 1 -2.5015e-07 -1.20964e-06
2.05369 0.545455 1 -4.02744e-07 -2.37307e-06
2.07383 0.545455 1 -4.62597e-07 -3.48315e-06
2.09396 0.545455 1 -4.36043e-07 -4.53107e-06
2.11409 0.545455 1 -3.30867e-07 -5.5072e-06
2.13423 0.545455 1 -1.56297e-07 -6.40198e-06
2.15436 0.545455 1 7.72122e-08 -7.2067e-06
2.1745 0.545455 1 3.58318e-07 -7.91413e-06
2.19463 0.545455 1.00001 6.75197e-07 -8.51903e-06
2.21477 0.545455 1.00001 1.01599e-06 -9.01839e-06
2.2349 0.545455 1.00001 1.36921e-06 -9.41149e-06
2.25503 0.545455 1.00001 1.72414e-06 -9.6999e-06
2.27517 0.545455 1.00001 2.07108e-06 -9.88723e-06
2.2953 0.545455 1.00001 2.40162e-06 -9.97888e-06
2.31544 0.545455 1.00001 2.70874e-06 -9.98168e-06
2.33557 0.545455 1.00001 2.98683e-06 -9.90357e-06
2.3557 0.545455 1.00001 3.23174e-06 -9.75319e-06
2.37584 0.545455 1.00001 3.44067e-06 -9.53964e-06
2.39597 0.545455 1.00001 3.61206e-06 -9.27208e-06
2.41611 0.545455 1.00001 3.74543e-06 -8.95959e-06
2.43624 0.545455 1.00001 3.84128e-06 -8.61086e-06
2.45638 0.545455 1.00001 3.90087e-06 -8.2341e-06
2.47651 0.545455 1.00001 3.92609e-06 -7.83693e-06
2.49664 0.545455 1 3.91931e-06 -7.42624e-06
2.51678 0.545455 1 3.88323e-06 -7.0082e-06
2.53691 0.545455 1 3.82076e-06 -6.58823e-06
2.55705 0.545455 1 3.73491e-06 -6.17098e-06
2.57718 0.545455 1 3.62869e-06 -5.7604e-06
2.59732 0.545455 1 3.50505e-06 -5.35973e-06
2.61745 0.545455 1 3.36683e-06 -4.97155e-06
2.63758 0.545455 1 3.21667e-06 -4.59786e-06
2.65772 0.545455 1 3.05701e-06 -4.2401e-06
2.67785 0.545455 1 2.89006e-06 -3.8992e-06
2.69799 0.545455 1 2.71776e-06 -3.57562e-06
2.71812 0.545455 1 2.54181e-06 -3.26943e-06
2.73826 0.545455 1 2.36362e-06 -2.98028e-06
2.75839 0.545455 1 2.18436e-06 -2.7075e-06
2.77852 0.545455 1 2.00491e-06 -2.45007e-06
2.79866 0.545455 1 1.82588e-06 -2.20665e-06
2.81879 0.545455 1 1.64765e-06 -1.9756e-06
2.83893 0.545455 1 1.47029e-06 -1.75494e-06
2.85906 0.545455 1 1.29364e-06 -1.54238e-06
2.87919 0.545455 1 1.11725e-06 -1.33525e-06
2.89933 0.545455 1 9.40387e-07 -1.13049e-06
2.91946 0.545455 1 7.62003e-07 -9.24586e-07
2.9396 0.545455 1 5.8073e-07 -7.13531e-07
2.95973 0.545455 1 3.94828e-07 -4.92726e-07
2.97987 0.545455 1 2.02151e-07 -2.569e-07
3 0.545455 1 0 0

0 0.565657 1 0.1 0
0.0201342 0.565657 1.0917 0.0908089 0.00414085
0.0402685 0.565657 1.10172 0.0892294 0.00810231
0.0604027 0.565657 1.10276 0.0884629 0.0118681
0.0805369 0.565657 1.10323 0.0877799 0.0154242
0.100671 0.565657 1.10359 0.087115 0.0187558
0.120805 0.565657 1.10387 0.0864397 0.0218503
0.14094 0.565657 1.10407 0.0857294 0.0246976
0.161074 0.565657 1.10422 0.084962 0.0272903
0.181208 0.565657 1.10431 0.0841183 0.0296243
0.201342 0.565657 1.10435 0.0831824 0.0316984
0.221477 0.565657 1.10437 0.0821418 0.0335148
0.241611 0.565657 1.10436 0.0809869 0.0350782
0.261745 0.565657 1.10435 0.0797113 0.0363961
0.281879 0.565657 1.10433 0.0783111 0.0374779
0.302013 0.565657 1.10433 0.076785 0.0383347
0.322148 0.565657 1.10434 0.0751336 0.038979
0.342282 0.565657 1.10437 0.0733594 0.0394241
0.362416 0.565657 1.10443 0.0714664 0.0396835
0.38255 0.565657 1.10453 0.0694596 0.0397712
0.402685 0.565657 1.10467 0.0673452 0.0397008
0.422819 0.565657 1.10486 0.06513 0.0394857
0.442953 0.565657 1.10509 0.0628213 0.0391383
0.463087 0.565657 1.10536 0.0604269 0.0386707
0.483221 0.565657 1.10569 0.0579548 0.0380939
0.503356 0.565657 1.10607 0.0554135 0.0374179
0.52349 0.565657 1.1065 0.0528112 0.0366519
0.543624 0.565657 1.10698 0.0501565 0.0358039
0.563758 0.565657 1.10751 0.0474582 0.034881
0.583893 0.565657 1.10808 0.0447249 0.033889
0.604027 0.565657 1.10871 0.0419657 0.032833
0.624161 0.565657 1.10939 0.0391897 0.0317168
0.644295 0.565657 1.11011 0.0364063 0.0305434
0.66443 0.565657 1.11087 0.0336254 0.0293148
0.684564 0.565657 1.11168 0.030857 0.0280319
0.704698 0.565657 1.11254 0.028112 0.0266948
0.724832 0.565657 1.11343 0.0254017 0.0253029
0.744966 0.565657 1.11436 0.0227381 0.0238542
0.765101 0.565657 1.11534 0.020134 0.0223462
0.785235 0.565657 1.11635 0.0176031 0.0207753
0.805369 0.565657 1.1174 0.01516 0.0191371
0.825503 0.565657 1.11849 0.0128202 0.017426
0.845638 0.565657 1.11961 0.0106002 0.0156352
0.865772 0.565657 1.12077 0.0085175 0.0137569
0.885906 0.565657 1.12197 0.00659054 0.0117818
0.90604 0.565657 1.1232 0.00483872 0.00969884
0.926174 0.565657 1.12447 0.00328221 0.00749529
0.946309 0.565657 1.12579 0.00194232 0.00515626
0.966443 0.565657 1.12713 0.000840527 0.00266443
0.986577 0.565657 1.12852 0 0
1.00671 0.565657 0 0 0
1.02685 0.565657 0 0 0
1.04698 0.565657 0 0 0
1.06711 0.565657 0 0 0
1.08725 0.565657 0 0 0
1.10738 0.565657 0 0 0
1.12752 0.565657 0 0 0
1.14765 0.565657 0 0 0
1.16779 0.565657 0 0 0
1.18792 0.565657 0 0 0
1.20805 0.565657 0 0 0
1.22819 0.565657 0 0 0
1.24832 0.565657 0 0 0
1.26846 0.565657 0 0 0
1.28859 0.565657 0 0 0
1.30872 0.565657 0 0 0
1.32886 0.565657 0 0 0
1.34899 0.565657 0 0 0
1.36913 0.565657 0 0 0
1.38926 0.565657 0 0 0
1.4094 0.565657 0 0 0
1.42953 0.565657 0 0 0
1.44966 0.565657 0 0 0
1.4698 0.565657 0 0 0
1.48993 0.565657 0 0 0
1.51007 0.565657 0 0 0
1.5302 0.565657 0 0 0
1.55034 0.565657 0 0 0
1.57047 0.565657 0 0 0
1.5906 0.565657 0 0 0
1.61074 0.565657 0 0 0
1.63087 0.565657 0 0 0
1.65101 0.565657 0 0 0
1.67114 0.565657 0 0 0
1.69128 0.565657 0 0 0
1.71141 0.565657 0 0 0
1.73154 0.565657 0 0 0
1.75168 0.565657 0 0 0
1.77181 0.565657 0 0 0
1.79195 0.565657 0 0 0
1.81208 0.565657 0 0 0
1.83221 0.565657 0 0 0
1.85235 0.565657 0 0 0
1.87248 0.565657 0 0 0
1.89262 0.565657 0 0 0
1.91275 0.565657 0 0 0
1.93289 0.565657 0 0 0
1.95302 0.565657 0 0 0
1.97315 0.565657 0 0 0
1.99329 0.565657 0 0 0
2.01342 0.565657 1 0 0
2.03356 0.565657 1 -2.71248e-07 -1.38412e-06
2.05369 0.565657 1 -4.29874e-07 -2.71897e-06
2.07383 0.565657 1 -4.81039e-07 -3.99505e-06
2.09396 0.565657 1 -4.31987e-07 -5.20086e-06
2.11409 0.565657 1 -2.9191e-07 -6.32395e-06
2.13423 0.565657 1 -7.18993e-08 -7.35211e-06
2.15436 0.565657 1.00001 2.15379e-07 -8.27436e-06
2.1745 0.565657 1.00001 5.56155e-07 -9.08178e-06
2.19463 0.565657 1.00001 9.36115e-07 -9.76804e-06
2.21477 0.565657 1.00001 1.34098e-06 -1.03297e-05
2.2349 0.565657 1.00001 1.75704e-06 -1.07663e-05
2.25503 0.565657 1.00001 2.17162e-06 -1.10801e-05
2.27517 0.565657 1.00001 2.57342e-06 -1.12759e-05
2.2953 0.565657 1.00001 2.95278e-06 -1.13608e-05
2.31544 0.565657 1.00001 3.30178e-06 -1.13431e-05
2.33557 0.565657 1.00001 3.61431e-06 -1.12329e-05
2.3557 0.565657 1.00001 3.88596e-06 -1.10407e-05
2.37584 0.565657 1.00001 4.11397e-06 -1.07774e-05
2.39597 0.565657 1.00001 4.29704e-06 -1.0454e-05
2.41611 0.565657 1.00001 4.43511e-06 -1.00812e-05
2.43624 0.565657 1.00001 4.52923e-06 -9.66921e-06
2.45638 0.565657 1.00001 4.58131e-06 -9.22759e-06
2.47651 0.565657 1.00001 4.5939e-06 -8.76504e-06
2.49664 0.565657 1.00001 4.57009e-06 -8.28944e-06
2.51678 0.565657 1.00001 4.51325e-06 -7.80774e-06
2.53691 0.565657 1.00001 4.42697e-06 -7.32598e-06
2.55705 0.565657 1 4.31488e-06 -6.84932e-06
2.57718 0.565657 1 4.18059e-06 -6.38206e-06
2.59732 0.565657 1 4.02755e-06 -5.9277e-06
2.61745 0.565657 1 3.85907e-06 -5.489e-06
2.63758 0.565657 1 3.67819e-06 -5.06801e-06
2.65772 0.565657 1 3.4877e-06 -4.66618e-06
2.67785 0.565657 1 3.29009e-06 -4.2844e-06
2.69799 0.565657 1 3.08755e-06 -3.92304e-06
2.71812 0.565657 1 2.88194e-06 -3.58202e-06
2.73826 0.565657 1 2.67483e-06 -3.26086e-06
2.75839 0.565657 1 2.46746e-06 -2.95867e-06
2.77852 0.565657 1 2.26078e-06 -2.67422e-06
2.79866 0.565657 1 2.05542e-06 -2.40594e-06
2.81879 0.565657 1 1.85175e-06 -2.15194e-06
2.83893 0.565657 1 1.6498e-06 -1.90996e-06
2.85906 0.565657 1 1.44934e-06 -1.6774e-06
2.87919 0.565657 1 1.24983e-06 -1.45129e-06
2.89933 0.565657 1 1.05042e-06 -1.22818e-06
2.91946 0.565657 1 8.49918e-07 -1.0042e-06
2.9396 0.565657 1 6.46796e-07 -7.74871e-07
2.95973 0.565657 1 4.39116e-07 -5.35102e-07
2.97987 0.565657 1 2.24506e-07 -2.79048e-07
3 0.565657 1 0 0

0 0.585859 1 0.1 0
0.0201342 0.585859 1.09057 0.0909011 0.0040456
0.0402685 0.585859 1.10046 0.0893169 0.0079369
0.0604027 0.585859 1.10145 0.0885302 0.0116591
0.0805369 0.585859 1.10187 0.0878176 0.015198
0.100671 0.585859 1.10219 0.0871139 0.018538
0.120805 0.585859 1.10242 0.0863923 0.0216648
0.14094 0.585859 1.10259 0.0856294 0.0245654
0.161074 0.585859 1.10271 0.0848053 0.0272297
0.181208 0.585859 1.10278 0.0839026 0.0296503
0.201342 0.585859 1.10281 0.0829076 0.0318231
0.221477 0.585859 1.10282 0.0818095 0.0337469
0.241611 0.585859 1.10281 0.0806003 0.0354239
0.261745 0.585859 1.1028 0.0792749 0.036859
0.281879 0.585859 1.1028 0.0778305 0.0380593
0.302013 0.585859 1.10281 0.0762664 0.0390342
0.322148 0.585859 1.10284 0.0745837 0.0397946
0.342282 0.585859 1.10289 0.0727851 0.0403524
0.362416 0.585859 1.10298 0.0708743 0.0407205
0.38255 0.585859 1.10311 0.0688563 0.0409119
0.402685 0.585859 1.10328 0.0667366 0.0409397
0.422819 0.585859 1.10349 0.0645217 0.0408168
0.442953 0.585859 1.10375 0.0622183 0.0405557
0.463087 0.585859 1.10406 0.0598335 0.040168
0.483221 0.585859 1.10441 0.0573749 0.0396646
0.503356 0.585859 1.10482 0.0548501 0.0390555
0.52349 0.585859 1.10527 0.052267 0.0383498
0.543624 0.585859 1.10578 0.0496335 0.0375553
0.563758 0.585859 1.10633 0.046958 0.0366789
0.583893 0.585859 1.10694 0.0442487 0.0357263
0.604027 0.585859 1.10759 0.0415142 0.0347022
0.624161 0.585859 1.10828 0.0387634 0.0336101
0.644295 0.585859 1.10902 0.0360055 0.0324524
0.66443 0.585859 1.10981 0.03325 0.0312305
0.684564 0.585859 1.11064 0.0305071 0.0299446
0.704698 0.585859 1.11151 0.0277874 0.0285941
0.724832 0.585859 1.11241 0.0251022 0.0271773
0.744966 0.585859 1.11336 0.0224635 0.0256912
0.765101 0.585859 1.11435 0.0198842 0.0241324
0.785235 0.585859 1.11537 0.0173781 0.0224959
0.805369 0.585859 1.11643 0.0149597 0.0207762
0.825503 0.585859 1.11753 0.0126446 0.0189664
0.845638 0.585859 1.11866 0.0104495 0.0170586
0.865772 0.585859 1.11982 0.00839155 0.0150438
0.885906 0.585859 1.12102 0.00648917 0.0129115
0.90604 0.585859 1.12225 0.00476139 0.0106496
0.926174 0.585859 1.12351 0.00322788 0.00824455
0.946309 0.585859 1.12481 0.00190921 0.00568042
0.966443 0.585859 1.12613 0.000825953 0.0029391
0.986577 0.585859 1.1275 0 0
1.00671 0.585859 0 0 0
1.02685 0.585859 0 0 0
1.04698 0.585859 0 0 0
1.06711 0.585859 0 0 0
1.08725 0.585859 0 0 0
1.10738 0.585859 0 0 0
1.12752 0.585859 0 0 0
1.14765 0.585859 0 0 0
1.16779 0.585859 0 0 0
1.18792 0.585859 0 0 0
1.20805 0.585859 0 0 0
1.22819 0.585859 0 0 0
1.24832 0.585859 0 0 0
1.26846 0.585859 0 0 0
1.28859 0.585859 0 0 0
1.30872 0.585859 0 0 0
1.32886 0.585859 0 0 0
1.34899 0.585859 0 0 0
1.36913 0.585859 0 0 0
1.38926 0.585859 0 0 0
1.4094 0.585859 0 0 0
1.42953 0.585859 0 0 0
1.44966 0.585859 0 0 0
1.4698 0.585859 0 0 0
1.48993 0.585859 0 0 0
1.51007 0.585859 0 0 0
1.5302 0.585859 0 0 0
1.55034 0.585859 0 0 0
1.57047 0.585859 0 0 0
1.5906 0.585859 0 0 0
1.61074 0.585859 0 0 0
1.63087 0.585859 0 0 0
1.65101 0.585859 0 0 0
1.67114 0.585859 0 0 0
1.69128 0.585859 0 0 0
1.71141 0.585859 0 0 0
1.73154 0.585859 0 0 0
1.75168 0.585859 0 0 0
1.77181 0.585859 0 0 0
1.79195 0.585859 0 0 0
1.81208 0.585859 0 0 0
1.83221 0.585859 0 0 0
1.85235 0.585859 0 0 0
1.87248 0.585859 0 0 0
1.89262 0.585859 0 0 0
1.91275 0.585859 0 0 0
1.93289 0.585859 0 0 0
1.95302 0.585859 0 0 0
1.97315 0.585859 0 0 0
1.99329 0.585859 0 0 0
2.01342 0.585859 1 0 0
2.03356 0.585859 1 -2.91863e-07 -1.5842e-06
2.05369 0.585859 1 -4.53529e-07 -3.11656e-06
2.07383 0.585859 1 -4.90475e-07 -4.58448e-06
2.09396 0.585859 1 -4.11038e-07 -5.97289e-06
2.11409 0.585859 1 -2.26158e-07 -7.26569e-06
2.13423 0.585859 1.00001 5.07279e-08 -8.44729e-06
2.15436 0.585859 1.00001 4.04173e-07 -9.50391e-06
2.1745 0.585859 1.00001 8.17382e-07 -1.04246e-05
2.19463 0.585859 1.00001 1.27297e-06 -1.12017e-05
2.21477 0.585859 1.00001 1.75372e-06 -1.18315e-05
2.2349 0.585859 1.00001 2.24327e-06 -1.23138e-05
2.25503 0.585859 1.00001 2.72668e-06 -1.26522e-05
2.27517 0.585859 1.00001 3.19083e-06 -1.28529e-05
2.2953 0.585859 1.00001 3.62472e-06 -1.2925e-05
2.31544 0.585859 1.00001 4.01952e-06 -1.28793e-05
2.33557 0.585859 1.00001 4.36864e-06 -1.27279e-05
2.3557 0.585859 1.00001 4.66758e-06 -1.24837e-05
2.37584 0.585859 1.00001 4.91376e-06 -1.21601e-05
2.39597 0.585859 1.00001 5.1063e-06 -1.17699e-05
2.41611 0.585859 1.00001 5.2458e-06 -1.13259e-05
2.43624 0.585859 1.00001 5.33402e-06 -1.084e-05
2.45638 0.585859 1.00001 5.3737e-06 -1.03232e-05
2.47651 0.585859 1.00001 5.36825e-06 -9.78537e-06
2.49664 0.585859 1.00001 5.32161e-06 -9.23556e-06
2.51678 0.585859 1.00001 5.238e-06 -8.68152e-06
2.53691 0.585859 1.00001 5.12177e-06 -8.12996e-06
2.55705 0.585859 1.00001 4.97731e-06 -7.58652e-06
2.57718 0.585859 1.00001 4.80885e-06 -7.05587e-06
2.59732 0.585859 1 4.62048e-06 -6.54174e-06
2.61745 0.585859 1 4.41598e-06 -6.047e-06
2.63758 0.585859 1 4.19887e-06 -5.57378e-06
2.65772 0.585859 1 3.97228e-06 -5.12348e-06
2.67785 0.585859 1 3.73902e-06 -4.6969e-06
2.69799 0.585859 1 3.50152e-06 -4.29428e-06
2.71812 0.585859 1 3.26182e-06 -3.91538e-06
2.73826 0.585859 1 3.02163e-06 -3.55948e-06
2.75839 0.585859 1 2.78227e-06 -3.22549e-06
2.77852 0.585859 1 2.54474e-06 -2.91193e-06
2.79866 0.585859 1 2.30967e-06 -2.61696e-06
2.81879 0.585859 1 2.0774e-06 -2.33838e-06
2.83893 0.585859 1 1.8479e-06 -2.07364e-06
2.85906 0.585859 1 1.62087e-06 -1.81982e-06
2.87919 0.585859 1 1.39564e-06 -1.57356e-06
2.89933 0.585859 1 1.17123e-06 -1.33106e-06
2.91946 0.585859 1 9.46292e-07 -1.08799e-06
2.9396 0.585859 1 7.19102e-07 -8.39413e-07
2.95973 0.585859 1 4.87508e-07 -5.79689e-07
2.97987 0.585859 1 2.48893e-07 -3.02358e-07
3 0.585859 1 0 0

0 0.606061 1 0.1 0
0.0201342 0.606061 1.08955 0.0909852 0.00395884
0.0402685 0.606061 1.09933 0.0893983 0.00778895
0.0604027 0.606061 1.10027 0.0885941 0.0114766
0.0805369 0.606061 1.10064 0.087854 0.0150071
0.100671 0.606061 1.1009 0.087113 0.0183635
0.120805 0.606061 1.10108 0.086345 0.021529
0.14094 0.606061 1.10121 0.0855284 0.024488
0.161074 0.606061 1.10128 0.084645 0.0272271
0.181208 0.606061 1.10132 0.0836797 0.0297357
0.201342 0.606061 1.10132 0.0826209 0.0320064
0.221477 0.606061 1.10131 0.0814598 0.0340355
0.241611 0.606061 1.10129 0.0801905 0.0358223
0.261745 0.606061 1.10128 0.0788093 0.0373695
0.281879 0.606061 1.10127 0.0773147 0.0386826
0.302013 0.606061 1.10129 0.0757069 0.0397692
0.322148 0.606061 1.10133 0.0739876 0.0406391
0.342282 0.606061 1.1014 0.0721598 0.0413032
0.362416 0.606061 1.10151 0.0702272 0.0417735
0.38255 0.606061 1.10166 0.0681945 0.0420625
0.402685 0.606061 1.10185 0.0660671 0.042183
0.422819 0.606061 1.10208 0.0638508 0.0421476
0.442953 0.606061 1.10237 0.0615518 0.0419683
0.463087 0.606061 1.1027 0.0591766 0.0416568
0.483221 0.606061 1.10308 0.0567322 0.0412238
0.503356 0.606061 1.10351 0.0542254 0.0406793
0.52349 0.606061 1.10399 0.0516636 0.040032
0.543624 0.606061 1.10451 0.0490542 0.0392897
0.563758 0.606061 1.10509 0.0464047 0.038459
0.583893 0.606061 1.10571 0.0437232 0.0375455
0.604027 0.606061 1.10638 0.0410176 0.0365533
0.624161 0.606061 1.10709 0.0382965 0.0354855
0.644295 0.606061 1.10785 0.0355686 0.034344
0.66443 0.606061 1.10865 0.0328433 0.0331294
0.684564 0.606061 1.10949 0.0301305 0.0318414
0.704698 0.606061 1.11038 0.0274406 0.0304783
0.724832 0.606061 1.1113 0.0247848 0.0290373
0.744966 0.606061 1.11226 0.0221751 0.0275147
0.765101 0.606061 1.11325 0.0196242 0.0259056
0.785235 0.606061 1.11428 0.017146 0.0242041
0.805369 0.606061 1.11535 0.014755 0.0224032
0.825503 0.606061 1.11645 0.0124669 0.0204951
0.845638 0.606061 1.11758 0.0102983 0.0184705
0.865772 0.606061 1.11875 0.00826639 0.0163194
0.885906 0.606061 1.11994 0.00638936 0.0140303
0.90604 0.606061 1.12117 0.00468599 0.0115903
0.926174 0.606061 1.12242 0.00317548 0.00898489
0.946309 0.606061 1.12371 0.0018777 0.00619759
0.966443 0.606061 1.12501 0.000812334 0.00320967
0.986577 0.606061 1.12635 0 0
1.00671 0.606061 0 0 0
1.02685 0.606061 0 0 0
1.04698 0.606061 0 0 0
1.06711 0.606061 0 0 0
1.08725 0.606061 0 0 0
1.10738 0.606061 0 0 0
1.12752 0.606061 0 0 0
1.14765 0.606061 0 0 0
1.16779 0.606061 0 0 0
1.18792 0.606061 0 0 0
1.20805 0.606061 0 0 0
1.22819 0.606061 0 0 0
1.24832 0.606061 0 0 0
1.26846 0.606061 0 0 0
1.28859 0.606061 0 0 0
1.30872 0.606061 0 0 0
1.32886 0.606061 0 0 0
1.34899 0.606061 0 0 0
1.36913 0.606061 0 0 0
1.38926 0.606061 0 0 0
1.4094 0.606061 0 0 0
1.42953 0.606061 0 0 0
1.44966 0.606061 0 0 0
1.4698 0.606061 0 0 0
1.48993 0.606061 0 0 0
1.51007 0.606061 0 0 0
1.5302 0.606061 0 0 0
1.55034 0.606061 0 0 0
1.57047 0.606061 0 0 0
1.5906 0.606061 0 0 0
1.61074 0.606061 0 0 0
1.63087 0.606061 0 0 0
1.65101 0.606061 0 0 0
1.67114 0.606061 0 0 0
1.69128 0.606061 0 0 0
1.71141 0.606061 0 0 0
1.73154 0.606061 0 0 0
1.75168 0.606061 0 0 0
1.77181 0.606061 0 0 0
1.79195 0.606061 0 0 0
1.81208 0.606061 0 0 0
1.83221 0.606061 0 0 0
1.85235 0.606061 0 0 0
1.87248 0.606061 0 0 0
1.89262 0.606061 0 0 0
1.91275 0.606061 0 0 0
1.93289 0.606061 0 0 0
1.95302 0.606061 0 0 0
1.97315 0.606061 0 0 0
1.99329 0.606061 0 0 0
2.01342 0.606061 1 0 0
2.03356 0.606061 1 -3.11076e-07 -1.81395e-06
2.05369 0.606061 1 -4.71372e-07 -3.57431e-06
2.07383 0.606061 1 -4.86639e-07 -5.26435e-06
2.09396 0.606061 1 -3.66543e-07 -6.86429e-06
2.11409 0.606061 1.00001 -1.24241e-07 -8.3533e-06
2.13423 0.606061 1.00001 2.23849e-07 -9.71149e-06
2.15436 0.606061 1.00001 6.58755e-07 -1.09215e-05
2.1745 0.606061 1.00001 1.15989e-06 -1.197e-05
2.19463 0.606061 1.00001 1.70607e-06 -1.2848e-05
2.21477 0.606061 1.00001 2.27652e-06 -1.35515e-05
2.2349 0.606061 1.00001 2.85175e-06 -1.4081e-05
2.25503 0.606061 1.00001 3.4142e-06 -1.44417e-05
2.27517 0.606061 1.00001 3.94873e-06 -1.4642e-05
2.2953 0.606061 1.00001 4.44292e-06 -1.46935e-05
2.31544 0.606061 1.00001 4.88709e-06 -1.46098e-05
2.33557 0.606061 1.00001 5.27429e-06 -1.4406e-05
2.3557 0.606061 1.00001 5.6001e-06 -1.40977e-05
2.37584 0.606061 1.00001 5.86235e-06 -1.3701e-05
2.39597 0.606061 1.00001 6.06085e-06 -1.32313e-05
2.41611 0.606061 1.00001 6.19706e-06 -1.27034e-05
2.43624 0.606061 1.00001 6.27374e-06 -1.21313e-05
2.45638 0.606061 1.00001 6.29465e-06 -1.15275e-05
2.47651 0.606061 1.00001 6.26429e-06 -1.09034e-05
2.49664 0.606061 1.00001 6.18763e-06 -1.0269e-05
2.51678 0.606061 1.00001 6.06987e-06 -9.63308e-06
2.53691 0.606061 1.00001 5.9163e-06 -9.00292e-06
2.55705 0.606061 1.00001 5.73212e-06 -8.3847e-06
2.57718 0.606061 1.00001 5.52234e-06 -7.7834e-06
2.59732 0.606061 1.00001 5.29168e-06 -7.20297e-06
2.61745 0.606061 1 5.04451e-06 -6.64637e-06
2.63758 0.606061 1 4.78481e-06 -6.11569e-06
2.65772 0.606061 1 4.51611e-06 -5.6123e-06
2.67785 0.606061 1 4.24154e-06 -5.13683e-06
2.69799 0.606061 1 3.96375e-06 -4.68934e-06
2.71812 0.606061 1 3.685e-06 -4.26937e-06
2.73826 0.606061 1 3.4071e-06 -3.87597e-06
2.75839 0.606061 1 3.13144e-06 -3.50775e-06
2.77852 0.606061 1 2.85905e-06 -3.16295e-06
2.79866 0.606061 1 2.59055e-06 -2.83942e-06
2.81879 0.606061 1 2.32622e-06 -2.53464e-06
2.83893 0.606061 1 2.06597e-06 -2.24572e-06
2.85906 0.606061 1 1.80936e-06 -1.96936e-06
2.87919 0.606061 1 1.5556e-06 -1.70183e-06
2.89933 0.606061 1 1.30355e-06 -1.43891e-06
2.91946 0.606061 1 1.05168e-06 -1.17579e-06
2.9396 0.606061 1 7.9804e-07 -9.07022e-07
2.95973 0.606061 1 5.40253e-07 -6.26393e-07
2.97987 0.606061 1 2.75429e-07 -3.2678e-07
3 0.606061 1 0 0

0 0.626263 1 0.1 0
0.0201342 0.626263 1.08866 0.0910608 0.00387977
0.0402685 0.626263 1.09833 0.0894729 0.0076575
0.0604027 0.626263 1.09922 0.0886536 0.0113202
0.0805369 0.626263 1.09952 0.0878876 0.014852
0.100671 0.626263 1.09972 0.0871097 0.0182341
0.120805 0.626263 1.09984 0.0862945 0.0214465
0.14094 0.626263 1.09991 0.085422 0.0244703
0.161074 0.626263 1.09993 0.0844758 0.0272886
0.181208 0.626263 1.09992 0.0834434 0.0298873
0.201342 0.626263 1.09988 0.0823156 0.0322562
0.221477 0.626263 1.09984 0.0810858 0.0343885
0.241611 0.626263 1.0998 0.0797504 0.0362815
0.261745 0.626263 1.09977 0.0783076 0.0379359
0.281879 0.626263 1.09976 0.0767572 0.0393555
0.302013 0.626263 1.09977 0.0751007 0.0405471
0.322148 0.626263 1.09981 0.0733403 0.0415192
0.342282 0.626263 1.09989 0.0714794 0.0422821
0.362416 0.626263 1.10001 0.0695219 0.0428475
0.38255 0.626263 1.10017 0.0674724 0.0432273
0.402685 0.626263 1.10038 0.0653357 0.0434341
0.422819 0.626263 1.10063 0.0631173 0.0434802
0.442953 0.626263 1.10093 0.0608228 0.0433777
0.463087 0.626263 1.10129 0.0584581 0.0431378
0.483221 0.626263 1.10169 0.0560294 0.0427715
0.503356 0.626263 1.10213 0.0535428 0.0422882
0.52349 0.626263 1.10263 0.0510051 0.0416969
0.543624 0.626263 1.10318 0.048423 0.0410049
0.563758 0.626263 1.10377 0.0458034 0.0402187
0.583893 0.626263 1.10441 0.0431537 0.0393433
0.604027 0.626263 1.1051 0.0404814 0.0383826
0.624161 0.626263 1.10582 0.0377945 0.0373391
0.644295 0.626263 1.10659 0.0351014 0.0362141
0.66443 0.626263 1.10741 0.032411 0.0350076
0.684564 0.626263 1.10826 0.0297329 0.0337182
0.704698 0.626263 1.10915 0.0270771 0.0323433
0.724832 0.626263 1.11008 0.0244548 0.0308793
0.744966 0.626263 1.11105 0.0218777 0.0293211
0.765101 0.626263 1.11205 0.0193585 0.0276627
0.785235 0.626263 1.11309 0.0169109 0.0258971
0.805369 0.626263 1.11416 0.0145496 0.0240159
0.825503 0.626263 1.11526 0.0122902 0.02201
0.845638 0.626263 1.1164 0.0101492 0.0198693
0.865772 0.626263 1.11756 0.00814401 0.0175826
0.885906 0.626263 1.11875 0.00629256 0.0151374
0.90604 0.626263 1.11997 0.00461345 0.0125201
0.926174 0.626263 1.12122 0.00312553 0.00971576
0.946309 0.626263 1.12249 0.00184801 0.00670737
0.966443 0.626263 1.12377 0.00079972 0.00347591
0.986577 0.626263 1.12508 0 0
1.00671 0.626263 0 0 0
1.02685 0.626263 0 0 0
1.04698 0.626263 0 0 0
1.06711 0.626263 0 0 0
1.08725 0.626263 0 0 0
1.10738 0.626263 0 0 0
1.12752 0.626263 0 0 0
1.14765 0.626263 0 0 0
1.16779 0.626263 0 0 0
1.18792 0.626263 0 0 0
1.20805 0.626263 0 0 0
1.22819 0.626263 0 0 0
1.24832 0.626263 0 0 0
1.26846 0.626263 0 0 0
1.28859 0.626263 0 0 0
1.30872 0.626263 0 0 0
1.32886 0.626263 0 0 0
1.34899 0.626263 0 0 0
1.36913 0.626263 0 0 0
1.38926 0.626263 0 0 0
1.4094 0.626263 0 0 0
1.42953 0.626263 0 0 0
1.44966 0.626263 0 0 0
1.4698 0.626263 0 0 0
1.48993 0.626263 0 0 0
1.51007 0.626263 0 0 0
1.5302 0.626263 0 0 0
1.55034 0.626263 0 0 0
1.57047 0.626263 0 0 0
1.5906 0.626263 0 0 0
1.61074 0.626263 0 0 0
1.63087 0.626263 0 0 0
1.65101 0.626263 0 0 0
1.67114 0.626263 0 0 0
1.69128 0.626263 0 0 0
1.71141 0.626263 0 0 0
1.73154 0.626263 0 0 0
1.75168 0.626263 0 0 0
1.77181 0.626263 0 0 0
1.79195 0.626263 0 0 0
1.81208 0.626263 0 0 0
1.83221 0.626263 0 0 0
1.85235 0.626263 0 0 0
1.87248 0.626263 0 0 0
1.89262 0.626263 0 0 0
1.91275 0.626263 0 0 0
1.93289 0.626263 0 0 0
1.95302 0.626263 0 0 0
1.97315 0.626263 0 0 0
1.99329 0.626263 0 0 0
2.01342 0.626263 1 0 0
2.03356 0.626263 1 -3.27603e-07 -2.07824e-06
2.05369 0.626263 1 -4.80209e-07 -4.10241e-06
2.07383 0.626263 1 -4.6378e-07 -6.05023e-06
2.09396 0.626263 1.00001 -2.89648e-07 -7.8957e-06
2.11409 0.626263 1.00001 2.61843e-08 -9.61182e-06
2.13423 0.626263 1.00001 4.63453e-07 -1.11732e-05
2.15436 0.626263 1.00001 9.98686e-07 -1.25582e-05
2.1745 0.626263 1.00001 1.60652e-06 -1.37504e-05
2.19463 0.626263 1.00001 2.26108e-06 -1.47396e-05
2.21477 0.626263 1.00001 2.93731e-06 -1.55217e-05
2.2349 0.626263 1.00001 3.61201e-06 -1.60985e-05
2.25503 0.626263 1.00001 4.26465e-06 -1.64773e-05
2.27517 0.626263 1.00001 4.87793e-06 -1.66694e-05
2.2953 0.626263 1.00001 5.43797e-06 -1.66899e-05
2.31544 0.626263 1.00001 5.93438e-06 -1.65557e-05
2.33557 0.626263 1.00001 6.36005e-06 -1.62855e-05
2.3557 0.626263 1.00001 6.71091e-06 -1.58985e-05
2.37584 0.626263 1.00001 6.98553e-06 -1.54137e-05
2.39597 0.626263 1.00001 7.18472e-06 -1.48495e-05
2.41611 0.626263 1.00001 7.31111e-06 -1.42232e-05
2.43624 0.626263 1.00001 7.36875e-06 -1.35508e-05
2.45638 0.626263 1.00001 7.36272e-06 -1.28469e-05
2.47651 0.626263 1.00001 7.29882e-06 -1.21241e-05
2.49664 0.626263 1.00001 7.18326e-06 -1.13937e-05
2.51678 0.626263 1.00001 7.02241e-06 -1.06654e-05
2.53691 0.626263 1.00001 6.82262e-06 -9.94706e-06
2.55705 0.626263 1.00001 6.59005e-06 -9.24543e-06
2.57718 0.626263 1.00001 6.33053e-06 -8.56574e-06
2.59732 0.626263 1.00001 6.04952e-06 -7.91208e-06
2.61745 0.626263 1.00001 5.752e-06 -7.28744e-06
2.63758 0.626263 1.00001 5.44244e-06 -6.69386e-06
2.65772 0.626263 1 5.12479e-06 -6.13254e-06
2.67785 0.626263 1 4.80251e-06 -5.60395e-06
2.69799 0.626263 1 4.47849e-06 -5.10789e-06
2.71812 0.626263 1 4.15514e-06 -4.64362e-06
2.73826 0.626263 1 3.83438e-06 -4.20988e-06
2.75839 0.626263 1 3.51767e-06 -3.80498e-06
2.77852 0.626263 1 3.20601e-06 -3.42681e-06
2.79866 0.626263 1 2.90001e-06 -3.07288e-06
2.81879 0.626263 1 2.59986e-06 -2.74029e-06
2.83893 0.626263 1 2.30535e-06 -2.42579e-06
2.85906 0.626263 1 2.01592e-06 -2.12567e-06
2.87919 0.626263 1 1.73061e-06 -1.83578e-06
2.89933 0.626263 1 1.44809e-06 -1.55143e-06
2.91946 0.626263 1 1.16661e-06 -1.26735e-06
2.9396 0.626263 1 8.83994e-07 -9.7751e-07
2.95973 0.626263 1 5.97595e-07 -6.75086e-07
2.97987 0.626263 1 3.04231e-07 -3.52247e-07
3 0.626263 1 0 0

0 0.646465 1 0.1 0
0.0201342 0.646465 1.0879 0.0911272 0.00380763
0.0402685 0.646465 1.09746 0.0895399 0.00754189
0.0604027 0.646465 1.09829 0.0887074 0.01119
0.0805369 0.646465 1.09853 0.0879164 0.0147342
0.100671 0.646465 1.09865 0.0871011 0.0181527
0.120805 0.646465 1.0987 0.0862367 0.0214217
0.14094 0.646465 1.0987 0.0853047 0.0245181
0.161074 0.646465 1.09865 0.084291 0.0274212
0.181208 0.646465 1.09858 0.0831859 0.0301132
0.201342 0.646465 1.09849 0.0819828 0.0325806
0.221477 0.646465 1.0984 0.0806782 0.0348144
0.241611 0.646465 1.09833 0.0792706 0.0368097
0.261745 0.646465 1.09827 0.0777605 0.0385658
0.281879 0.646465 1.09824 0.0761493 0.0400853
0.302013 0.646465 1.09824 0.0744396 0.0413742
0.322148 0.646465 1.09828 0.0726345 0.0424405
0.342282 0.646465 1.09836 0.0707378 0.0432941
0.362416 0.646465 1.09848 0.0687535 0.0439464
0.38255 0.646465 1.09865 0.066686 0.0444093
0.402685 0.646465 1.09887 0.0645398 0.044695
0.422819 0.646465 1.09914 0.0623198 0.044816
0.442953 0.646465 1.09945 0.0600309 0.0447841
0.463087 0.646465 1.09982 0.0576785 0.0446108
0.483221 0.646465 1.10024 0.0552679 0.0443064
0.503356 0.646465 1.1007 0.0528046 0.0438808
0.52349 0.646465 1.10122 0.0502945 0.0433422
0.543624 0.646465 1.10178 0.0477436 0.0426981
0.563758 0.646465 1.10238 0.0451581 0.0419545
0.583893 0.646465 1.10304 0.0425448 0.0411162
0.604027 0.646465 1.10373 0.0399106 0.0401863
0.624161 0.646465 1.10447 0.0372628 0.039167
0.644295 0.646465 1.10525 0.0346093 0.0380588
0.66443 0.646465 1.10607 0.0319586 0.0368608
0.684564 0.646465 1.10694 0.0293197 0.0355708
0.704698 0.646465 1.10784 0.0267024 0.0341854
0.724832 0.646465 1.10877 0.0241175 0.0326995
0.744966 0.646465 1.10974 0.0215766 0.0311071
0.765101 0.646465 1.11075 0.019092 0.0294009
0.785235 0.646465 1.11179 0.0166775 0.0275724
0.805369 0.646465 1.11286 0.0143476 0.0256122
0.825503 0.646465 1.11397 0.0121179 0.0235098
0.845638 0.646465 1.1151 0.0100052 0.021254
0.865772 0.646465 1.11627 0.00802663 0.0188325
0.885906 0.646465 1.11745 0.00620038 0.0162321
0.90604 0.646465 1.11867 0.00454488 0.0134388
0.926174 0.646465 1.1199 0.00307866 0.010437
0.946309 0.646465 1.12115 0.00182042 0.00720964
0.966443 0.646465 1.12242 0.000788182 0.00373776
0.986577 0.646465 1.1237 0 0
1.00671 0.646465 0 0 0
1.02685 0.646465 0 0 0
1.04698 0.646465 0 0 0
1.06711 0.646465 0 0 0
1.08725 0.646465 0 0 0
1.10738 0.646465 0 0 0
1.12752 0.646465 0 0 0
1.14765 0.646465 0 0 0
1.16779 0.646465 0 0 0
1.18792 0.646465 0 0 0
1.20805 0.646465 0 0 0
1.22819 0.646465 0 0 0
1.24832 0.646465 0 0 0
1.26846 0.646465 0 0 0
1.28859 0.646465 0 0 0
1.30872 0.646465 0 0 0
1.32886 0.646465 0 0 0
1.34899 0.646465 0 0 0
1.36913 0.646465 0 0 0
1.38926 0.646465 0 0 0
1.4094 0.646465 0 0 0
1.42953 0.646465 0 0 0
1.44966 0.646465 0 0 0
1.4698 0.646465 0 0 0
1.48993 0.646465 0 0 0
1.51007 0.646465 0 0 0
1.5302 0.646465 0 0 0
1.55034 0.646465 0 0 0
1.57047 0.646465 0 0 0
1.5906 0.646465 0 0 0
1.61074 0.646465 0 0 0
1.63087 0.646465 0 0 0
1.65101 0.646465 0 0 0
1.67114 0.646465 0 0 0
1.69128 0.646465 0 0 0
1.71141 0.646465 0 0 0
1.73154 0.646465 0 0 0
1.75168 0.646465 0 0 0
1.77181 0.646465 0 0 0
1.79195 0.646465 0 0 0
1.81208 0.646465 0 0 0
1.83221 0.646465 0 0 0
1.85235 0.646465 0 0 0
1.87248 0.646465 0 0 0
1.89262 0.646465 0 0 0
1.91275 0.646465 0 0 0
1.93289 0.646465 0 0 0
1.95302 0.646465 0 0 0
1.97315 0.646465 0 0 0
1.99329 0.646465 0 0 0
2.01342 0.646465 1 0 0
2.03356 0.646465 1 -3.39665e-07 -2.38296e-06
2.05369 0.646465 1 -4.75689e-07 -4.71321e-06
2.07383 0.646465 1.00001 -4.14156e-07 -6.961e-06
2.09396 0.646465 1.00001 -1.68547e-07 -9.09208e-06
2.11409 0.646465 1.00001 2.41409e-07 -1.10714e-05
2.13423 0.646465 1.00001 7.90433e-07 -1.28665e-05
2.15436 0.646465 1.00001 1.44926e-06 -1.44505e-05
2.1745 0.646465 1.00001 2.1865e-06 -1.58036e-05
2.19463 0.646465 1.00001 2.9705e-06 -1.69142e-05
2.21477 0.646465 1.00001 3.77102e-06 -1.77786e-05
2.2349 0.646465 1.00001 4.56056e-06 -1.84007e-05
2.25503 0.646465 1.00001 5.31533e-06 -1.87907e-05
2.27517 0.646465 1.00001 6.01571e-06 -1.8964e-05
2.2953 0.646465 1.00001 6.64649e-06 -1.89397e-05
2.31544 0.646465 1.00001 7.19678e-06 -1.87393e-05
2.33557 0.646465 1.00001 7.65967e-06 -1.83858e-05
2.3557 0.646465 1.00001 8.03182e-06 -1.79024e-05
2.37584 0.646465 1.00001 8.31296e-06 -1.73118e-05
2.39597 0.646465 1.00001 8.50529e-06 -1.66357e-05
2.41611 0.646465 1.00001 8.61303e-06 -1.58942e-05
2.43624 0.646465 1.00001 8.64186e-06 -1.51058e-05
2.45638 0.646465 1.00001 8.59851e-06 -1.42868e-05
2.47651 0.646465 1.00001 8.49033e-06 -1.34516e-05
2.49664 0.646465 1.00001 8.32502e-06 -1.26127e-05
2.51678 0.646465 1.00001 8.1103e-06 -1.17806e-05
2.53691 0.646465 1.00001 7.85373e-06 -1.09639e-05
2.55705 0.646465 1.00001 7.56254e-06 -1.01696e-05
2.57718 0.646465 1.00001 7.24349e-06 -9.40331e-06
2.59732 0.646465 1.00001 6.9028e-06 -8.66912e-06
2.61745 0.646465 1.00001 6.54612e-06 -7.97001e-06
2.63758 0.646465 1.00001 6.17844e-06 -7.30787e-06
2.65772 0.646465 1.00001 5.80413e-06 -6.68368e-06
2.67785 0.646465 1 5.42695e-06 -6.09764e-06
2.69799 0.646465 1 5.05004e-06 -5.54924e-06
2.71812 0.646465 1 4.67594e-06 -5.0374e-06
2.73826 0.646465 1 4.30665e-06 -4.5605e-06
2.75839 0.646465 1 3.94365e-06 -4.11648e-06
2.77852 0.646465 1 3.58793e-06 -3.70284e-06
2.79866 0.646465 1 3.24e-06 -3.31669e-06
2.81879 0.646465 1 2.89994e-06 -2.95473e-06
2.83893 0.646465 1 2.56742e-06 -2.61329e-06
2.85906 0.646465 1 2.24167e-06 -2.28824e-06
2.87919 0.646465 1 1.92157e-06 -1.97495e-06
2.89933 0.646465 1 1.60554e-06 -1.66827e-06
2.91946 0.646465 1 1.29161e-06 -1.36236e-06
2.9396 0.646465 1 9.77336e-07 -1.05064e-06
2.95973 0.646465 1 6.59767e-07 -7.25599e-07
2.97987 0.646465 1 3.35408e-07 -3.78673e-07
3 0.646465 1 0 0

0 0.666667 1 0.1 0
0.0201342 0.666667 1.08728 0.0911835 0.00374179
0.0402685 0.666667 1.09675 0.0895982 0.0074418
0.0604027 0.666667 1.09751 0.0887539 0.0110868
0.0805369 0.666667 1.09767 0.087938 0.0146562
0.100671 0.666667 1.0977 0.0870835 0.0181237
0.120805 0.666667 1.09766 0.0861662 0.0214607
0.14094 0.666667 1.09757 0.0851694 0.0246391
0.161074 0.666667 1.09744 0.0840819 0.0276334
0.181208 0.666667 1.09729 0.082897 0.0304222
0.201342 0.666667 1.09713 0.0816116 0.0329889
0.221477 0.666667 1.09699 0.0802252 0.0353221
0.241611 0.666667 1.09687 0.0787392 0.0374153
0.261745 0.666667 1.09678 0.0771563 0.0392667
0.281879 0.666667 1.09672 0.0754797 0.0408786
0.302013 0.666667 1.0967 0.0737133 0.0422562
0.322148 0.666667 1.09672 0.071861 0.0434076
0.342282 0.666667 1.0968 0.0699269 0.0443427
0.362416 0.666667 1.09692 0.0679152 0.0450729
0.38255 0.666667 1.0971 0.0658298 0.04561
0.402685 0.666667 1.09732 0.0636751 0.0459666
0.422819 0.666667 1.0976 0.0614551 0.046155
0.442953 0.666667 1.09793 0.0591744 0.0461871
0.463087 0.666667 1.0983 0.0568372 0.0460742
0.483221 0.666667 1.09873 0.0544481 0.0458268
0.503356 0.666667 1.09921 0.052012 0.0454543
0.52349 0.666667 1.09974 0.0495338 0.044965
0.543624 0.666667 1.10031 0.0470187 0.044366
0.563758 0.666667 1.10093 0.0444723 0.0436629
0.583893 0.666667 1.10159 0.0419005 0.0428601
0.604027 0.666667 1.10229 0.0393095 0.0419603
0.624161 0.666667 1.10304 0.036706 0.0409648
0.644295 0.666667 1.10383 0.0340973 0.0398736
0.66443 0.666667 1.10466 0.0314912 0.0386848
0.684564 0.666667 1.10552 0.0288963 0.0373954
0.704698 0.666667 1.10643 0.0263219 0.0360008
0.724832 0.666667 1.10736 0.0237784 0.0344947
0.744966 0.666667 1.10834 0.0212769 0.0328699
0.765101 0.666667 1.10935 0.0188297 0.0311177
0.785235 0.666667 1.11039 0.0164502 0.0292283
0.805369 0.666667 1.11146 0.0141531 0.0271908
0.825503 0.666667 1.11257 0.0119538 0.0249936
0.845638 0.666667 1.1137 0.00986926 0.0226241
0.865772 0.666667 1.11486 0.00791685 0.0200691
0.885906 0.666667 1.11605 0.00611478 0.0173148
0.90604 0.666667 1.11725 0.00448157 0.0143465
0.926174 0.666667 1.11848 0.00303564 0.0111488
0.946309 0.666667 1.11972 0.00179528 0.00770457
0.966443 0.666667 1.12096 0.000777817 0.00399526
0.986577 0.666667 1.12222 0 0
1.00671 0.666667 0 0 0
1.02685 0.666667 0 0 0
1.04698 0.666667 0 0 0
1.06711 0.666667 0 0 0
1.08725 0.666667 0 0 0
1.10738 0.666667 0 0 0
1.12752 0.666667 0 0 0
1.14765 0.666667 0 0 0
1.16779 0.666667 0 0 0
1.18792 0.666667 0 0 0
1.20805 0.666667 0 0 0
1.22819 0.666667 0 0 0
1.24832 0.666667 0 0 0
1.26846 0.666667 0 0 0
1.28859 0.666667 0 0 0
1.30872 0.666667 0 0 0
1.32886 0.666667 0 0 0
1.34899 0.666667 0 0 0
1.36913 0.666667 0 0 0
1.38926 0.666667 0 0 0
1.4094 0.666667 0 0 0
1.42953 0.666667 0 0 0
1.44966 0.666667 0 0 0
1.4698 0.666667 0 0 0
1.48993 0.666667 0 0 0
1.51007 0.666667 0 0 0
1.5302 0.666667 0 0 0
1.55034 0.666667 0 0 0
1.57047 0.666667 0 0 0
1.5906 0.666667 0 0 0
1.61074 0.666667 0 0 0
1.63087 0.666667 0 0 0
1.65101 0.666667 0 0 0
1.67114 0.666667 0 0 0
1.69128 0.666667 0 0 0
1.71141 0.666667 0 0 0
1.73154 0.666667 0 0 0
1.75168 0.666667 0 0 0
1.77181 0.666667 0 0 0
1.79195 0.666667 0 0 0
1.81208 0.666667 0 0 0
1.83221 0.666667 0 0 0
1.85235 0.666667 0 0 0
1.87248 0.666667 0 0 0
1.89262 0.666667 0 0 0
1.91275 0.666667 0 0 0
1.93289 0.666667 0 0 0
1.95302 0.666667 0 0 0
1.97315 0.666667 0 0 0
1.99329 0.666667 0 0 0
2.01342 0.666667 1 0 0
2.03356 0.666667 1 -3.44813e-07 -2.73525e-06
2.05369 0.666667 1 -4.51881e-07 -5.42183e-06
2.07383 0.666667 1.00001 -3.27317e-07 -8.01982e-06
2.09396 0.666667 1.00001 1.25485e-08 -1.04839e-05
2.11409 0.666667 1.00001 5.43009e-07 -1.27685e-05
2.13423 0.666667 1.00001 1.23217e-06 -1.48324e-05
2.15436 0.666667 1.00001 2.04327e-06 -1.6642e-05
2.1745 0.666667 1.00001 2.93728e-06 -1.81739e-05
2.19463 0.666667 1.00001 3.87542e-06 -1.94152e-05
2.21477 0.666667 1.00001 4.82131e-06 -2.03637e-05
2.2349 0.666667 1.00001 5.74255e-06 -2.10261e-05
2.25503 0.666667 1.00001 6.61175e-06 -2.14169e-05
2.27517 0.666667 1.00001 7.40704e-06 -2.15567e-05
2.2953 0.666667 1.00001 8.11214e-06 -2.147e-05
2.31544 0.666667 1.00001 8.71603e-06 -2.11838e-05
2.33557 0.666667 1.00001 9.21251e-06 -2.07262e-05
2.3557 0.666667 1.00001 9.59952e-06 -2.01254e-05
2.37584 0.666667 1.00001 9.87847e-06 -1.94082e-05
2.39597 0.666667 1.00001 1.00535e-05 -1.86002e-05
2.41611 0.666667 1.00001 1.01309e-05 -1.77245e-05
2.43624 0.666667 1.00001 1.01184e-05 -1.68022e-05
2.45638 0.666667 1.00001 1.00247e-05 -1.58518e-05
2.47651 0.666667 1.00001 9.85899e-06 -1.48893e-05
2.49664 0.666667 1.00001 9.63078e-06 -1.39282e-05
2.51678 0.666667 1.00001 9.3493e-06 -1.298e-05
2.53691 0.666667 1.00001 9.02348e-06 -1.20539e-05
2.55705 0.666667 1.00001 8.66171e-06 -1.11573e-05
2.57718 0.666667 1.00001 8.27177e-06 -1.02957e-05
2.59732 0.666667 1.00001 7.86071e-06 -9.47347e-06
2.61745 0.666667 1.00001 7.43484e-06 -8.69325e-06
2.63758 0.666667 1.00001 6.99969e-06 -7.95675e-06
2.65772 0.666667 1.00001 6.56005e-06 -7.26466e-06
2.67785 0.666667 1.00001 6.11997e-06 -6.6168e-06
2.69799 0.666667 1.00001 5.68277e-06 -6.01229e-06
2.71812 0.666667 1 5.25113e-06 -5.44964e-06
2.73826 0.666667 1 4.82709e-06 -4.9268e-06
2.75839 0.666667 1 4.4121e-06 -4.44127e-06
2.77852 0.666667 1 4.00708e-06 -3.99011e-06
2.79866 0.666667 1 3.61242e-06 -3.57e-06
2.81879 0.666667 1 3.22806e-06 -3.17719e-06
2.83893 0.666667 1 2.85346e-06 -2.80753e-06
2.85906 0.666667 1 2.48768e-06 -2.45645e-06
2.87919 0.666667 1 2.12932e-06 -2.11881e-06
2.89933 0.666667 1 1.77658e-06 -1.78894e-06
2.91946 0.666667 1 1.42719e-06 -1.46044e-06
2.9396 0.666667 1 1.07842e-06 -1.1261e-06
2.95973 0.666667 1 7.2699e-07 -7.77724e-07
2.97987 0.666667 1 3.69065e-07 -4.05947e-07
3 0.666667 1 0 0

0 0.686869 1 0.1 0
0.0201342 0.686869 1.08681 0.0912283 0.00368165
0.0402685 0.686869 1.0962 0.089646 0.00735734
0.0604027 0.686869 1.09688 0.0887909 0.0110125
0.0805369 0.686869 1.09694 0.0879489 0.0146219
0.100671 0.686869 1.09687 0.0870517 0.0181533
0.120805 0.686869 1.09672 0.0860757 0.0215716
0.14094 0.686869 1.09651 0.0850067 0.0248426
0.161074 0.686869 1.09628 0.083837 0.0279355
0.181208 0.686869 1.09604 0.0825637 0.0308248
0.201342 0.686869 1.09581 0.0811877 0.033491
0.221477 0.686869 1.09559 0.079712 0.0359206
0.241611 0.686869 1.09542 0.0781412 0.0381063
0.261745 0.686869 1.09528 0.0764803 0.0400458
0.281879 0.686869 1.09518 0.0747346 0.0417409
0.302013 0.686869 1.09514 0.072909 0.0431975
0.322148 0.686869 1.09515 0.0710083 0.0444238
0.342282 0.686869 1.09521 0.0690367 0.0454301
0.362416 0.686869 1.09533 0.0669983 0.046228
0.38255 0.686869 1.0955 0.0648968 0.0468299
0.402685 0.686869 1.09573 0.062736 0.0472484
0.422819 0.686869 1.09601 0.0605193 0.0474959
0.442953 0.686869 1.09635 0.0582502 0.0475846
0.463087 0.686869 1.09673 0.0559324 0.0475256
0.483221 0.686869 1.09717 0.0535695 0.0473294
0.503356 0.686869 1.09766 0.0511655 0.0470054
0.52349 0.686869 1.09819 0.0487244 0.0465614
0.543624 0.686869 1.09878 0.0462506 0.0460043
0.563758 0.686869 1.0994 0.0437489 0.0453394
0.583893 0.686869 1.10007 0.0412242 0.0445705
0.604027 0.686869 1.10078 0.0386821 0.0436997
0.624161 0.686869 1.10153 0.0361286 0.0427278
0.644295 0.686869 1.10232 0.0335702 0.0416539
0.66443 0.686869 1.10315 0.0310141 0.0404752
0.684564 0.686869 1.10402 0.0284681 0.0391877
0.704698 0.686869 1.10493 0.0259412 0.0377856
0.724832 0.686869 1.10586 0.023443 0.0362615
0.744966 0.686869 1.10684 0.0209843 0.0346067
0.765101 0.686869 1.10785 0.0185771 0.032811
0.785235 0.686869 1.10889 0.0162345 0.0308632
0.805369 0.686869 1.10996 0.013971 0.0287509
0.825503 0.686869 1.11106 0.0118024 0.026461
0.845638 0.686869 1.11219 0.00974533 0.0239798
0.865772 0.686869 1.11335 0.00781776 0.0212931
0.885906 0.686869 1.11453 0.00603811 0.0183862
0.90604 0.686869 1.11573 0.00442516 0.0152443
0.926174 0.686869 1.11695 0.00299745 0.0118519
0.946309 0.686869 1.11818 0.00177305 0.0081927
0.966443 0.686869 1.1194 0.000768754 0.00424867
0.986577 0.686869 1.12063 0 0
1.00671 0.686869 0 0 0
1.02685 0.686869 0 0 0
1.04698 0.686869 0 0 0
1.06711 0.686869 0 0 0
1.08725 0.686869 0 0 0
1.10738 0.686869 0 0 0
1.12752 0.686869 0 0 0
1.14765 0.686869 0 0 0
1.16779 0.686869 0 0 0
1.18792 0.686869 0 0 0
1.20805 0.686869 0 0 0
1.22819 0.686869 0 0 0
1.24832 0.686869 0 0 0
1.26846 0.686869 0 0 0
1.28859 0.686869 0 0 0
1.30872 0.686869 0 0 0
1.32886 0.686869 0 0 0
1.34899 0.686869 0 0 0
1.36913 0.686869 0 0 0
1.38926 0.686869 0 0 0
1.4094 0.686869 0 0 0
1.42953 0.686869 0 0 0
1.44966 0.686869 0 0 0
1.4698 0.686869 0 0 0
1.48993 0.686869 0 0 0
1.51007 0.686869 0 0 0
1.5302 0.686869 0 0 0
1.55034 0.686869 0 0 0
1.57047 0.686869 0 0 0
1.5906 0.686869 0 0 0
1.61074 0.686869 0 0 0
1.63087 0.686869 0 0 0
1.65101 0.686869 0 0 0
1.67114 0.686869 0 0 0
1.69128 0.686869 0 0 0
1.71141 0.686869 0 0 0
1.73154 0.686869 0 0 0
1.75168 0.686869 0 0 0
1.77181 0.686869 0 0 0
1.79195 0.686869 0 0 0
1.81208 0.686869 0 0 0
1.83221 0.686869 0 0 0
1.85235 0.686869 0 0 0
1.87248 0.686869 0 0 0
1.89262 0.686869 0 0 0
1.91275 0.686869 0 0 0
1.93289 0.686869 0 0 0
1.95302 0.686869 0 0 0
1.97315 0.686869 0 0 0
1.99329 0.686869 0 0 0
2.01342 0.686869 1 0 0
2.03356 0.686869 1 -3.39673e-07 -3.14395e-06
2.05369 0.686869 1.00001 -4.00694e-07 -6.24701e-06
2.07383 0.686869 1.00001 -1.89107e-07 -9.25535e-06
2.09396 0.686869 1.00001 2.74843e-07 -1.21088e-05
2.11409 0.686869 1.00001 9.59681e-07 -1.4748e-05
2.13423 0.686869 1.00001 1.82468e-06 -1.71203e-05
2.15436 0.686869 1.00001 2.82331e-06 -1.91845e-05
2.1745 0.686869 1.00001 3.90689e-06 -2.09133e-05
2.19463 0.686869 1.00001 5.02792e-06 -2.22932e-05
2.21477 0.686869 1.00001 6.14278e-06 -2.33242e-05
2.2349 0.686869 1.00002 7.21361e-06 -2.40177e-05
2.25503 0.686869 1.00002 8.20931e-06 -2.43941e-05
2.27517 0.686869 1.00002 9.10598e-06 -2.44807e-05
2.2953 0.686869 1.00002 9.88672e-06 -2.4309e-05
2.31544 0.686869 1.00002 1.05411e-05 -2.39126e-05
2.33557 0.686869 1.00002 1.10642e-05 -2.3326e-05
2.3557 0.686869 1.00002 1.14561e-05 -2.25828e-05
2.37584 0.686869 1.00001 1.17205e-05 -2.1715e-05
2.39597 0.686869 1.00001 1.18641e-05 -2.07521e-05
2.41611 0.686869 1.00001 1.18959e-05 -1.97209e-05
2.43624 0.686869 1.00001 1.18261e-05 -1.8645e-05
2.45638 0.686869 1.00001 1.16658e-05 -1.75451e-05
2.47651 0.686869 1.00001 1.14266e-05 -1.64388e-05
2.49664 0.686869 1.00001 1.11197e-05 -1.53409e-05
2.51678 0.686869 1.00001 1.07561e-05 -1.42636e-05
2.53691 0.686869 1.00001 1.03464e-05 -1.32166e-05
2.55705 0.686869 1.00001 9.90022e-06 -1.22074e-05
2.57718 0.686869 1.00001 9.42633e-06 -1.12418e-05
2.59732 0.686869 1.00001 8.93269e-06 -1.03236e-05
2.61745 0.686869 1.00001 8.42628e-06 -9.45556e-06
2.63758 0.686869 1.00001 7.91317e-06 -8.63887e-06
2.65772 0.686869 1.00001 7.39853e-06 -7.87383e-06
2.67785 0.686869 1.00001 6.88665e-06 -7.15984e-06
2.69799 0.686869 1.00001 6.38103e-06 -6.49552e-06
2.71812 0.686869 1.00001 5.88441e-06 -5.87888e-06
2.73826 0.686869 1 5.39882e-06 -5.3074e-06
2.75839 0.686869 1 4.92563e-06 -4.77806e-06
2.77852 0.686869 1 4.46565e-06 -4.28745e-06
2.79866 0.686869 1 4.01911e-06 -3.83173e-06
2.81879 0.686869 1 3.58572e-06 -3.40667e-06
2.83893 0.686869 1 3.16474e-06 -3.00764e-06
2.85906 0.686869 1 2.75494e-06 -2.62951e-06
2.87919 0.686869 1 2.35468e-06 -2.26668e-06
2.89933 0.686869 1 1.96182e-06 -1.91287e-06
2.91946 0.686869 1 1.57381e-06 -1.56111e-06
2.9396 0.686869 1 1.18756e-06 -1.20353e-06
2.95973 0.686869 1 7.99466e-07 -8.31209e-07
2.97987 0.686869 1 4.05295e-07 -4.3394e-07
3 0.686869 1 0 0

0 0.707071 1 0.1 0
0.0201342 0.707071 1.08653 0.0912596 0.00362675
0.0402685 0.707071 1.09584 0.0896813 0.00728918
0.0604027 0.707071 1.09642 0.0888155 0.01097
0.0805369 0.707071 1.09636 0.0879446 0.0146372
0.100671 0.707071 1.09616 0.0869988 0.0182502
0.120805 0.707071 1.09587 0.0859558 0.0217653
0.14094 0.707071 1.09553 0.0848046 0.0251407
0.161074 0.707071 1.09518 0.0835418 0.0283399
0.181208 0.707071 1.09483 0.0821696 0.031333
0.201342 0.707071 1.0945 0.0806934 0.0340979
0.221477 0.707071 1.0942 0.0791204 0.0366198
0.241611 0.707071 1.09395 0.0774584 0.0388909
0.261745 0.707071 1.09376 0.0757152 0.0409091
0.281879 0.707071 1.09362 0.0738976 0.0426771
0.302013 0.707071 1.09355 0.0720117 0.0442013
0.322148 0.707071 1.09354 0.0700627 0.0454908
0.342282 0.707071 1.09358 0.0680551 0.0465567
0.362416 0.707071 1.09369 0.0659927 0.0474113
0.38255 0.707071 1.09386 0.0638786 0.0480674
0.402685 0.707071 1.09409 0.0617158 0.048538
0.422819 0.707071 1.09438 0.059507 0.0488359
0.442953 0.707071 1.09472 0.0572548 0.0489732
0.463087 0.707071 1.09511 0.0549619 0.0489612
0.483221 0.707071 1.09556 0.0526309 0.0488103
0.503356 0.707071 1.09605 0.050265 0.0485295
0.52349 0.707071 1.09659 0.0478671 0.0481266
0.543624 0.707071 1.09718 0.0454409 0.0476081
0.563758 0.707071 1.09781 0.0429902 0.0469789
0.583893 0.707071 1.09848 0.0405191 0.0462421
0.604027 0.707071 1.0992 0.0380322 0.0453994
0.624161 0.707071 1.09995 0.0355349 0.0444509
0.644295 0.707071 1.10074 0.0330328 0.0433947
0.66443 0.707071 1.10157 0.0305323 0.0422272
0.684564 0.707071 1.10243 0.0280406 0.0409433
0.704698 0.707071 1.10334 0.0255659 0.0395359
0.724832 0.707071 1.10427 0.0231172 0.0379964
0.744966 0.707071 1.10524 0.0207048 0.0363146
0.765101 0.707071 1.10625 0.0183401 0.0344786
0.785235 0.707071 1.10728 0.0160361 0.0324758
0.805369 0.707071 1.10835 0.013807 0.0302919
0.825503 0.707071 1.10945 0.0116686 0.0279125
0.845638 0.707071 1.11058 0.00963792 0.0253222
0.865772 0.707071 1.11174 0.00773315 0.0225059
0.885906 0.707071 1.11292 0.0059733 0.0194481
0.90604 0.707071 1.11412 0.0043777 0.0161338
0.926174 0.707071 1.11533 0.00296533 0.0125479
0.946309 0.707071 1.11655 0.00175433 0.00867502
0.966443 0.707071 1.11776 0.000761171 0.00449845
0.986577 0.707071 1.11897 0 0
1.00671 0.707071 0 0 0
1.02685 0.707071 0 0 0
1.04698 0.707071 0 0 0
1.06711 0.707071 0 0 0
1.08725 0.707071 0 0 0
1.10738 0.707071 0 0 0
1.12752 0.707071 0 0 0
1.14765 0.707071 0 0 0
1.16779 0.707071 0 0 0
1.18792 0.707071 0 0 0
1.20805 0.707071 0 0 0
1.22819 0.707071 0 0 0
1.24832 0.707071 0 0 0
1.26846 0.707071 0 0 0
1.28859 0.707071 0 0 0
1.30872 0.707071 0 0 0
1.32886 0.707071 0 0 0
1.34899 0.707071 0 0 0
1.36913 0.707071 0 0 0
1.38926 0.707071 0 0 0
1.4094 0.707071 0 0 0
1.42953 0.707071 0 0 0
1.44966 0.707071 0 0 0
1.4698 0.707071 0 0 0
1.48993 0.707071 0 0 0
1.51007 0.707071 0 0 0
1.5302 0.707071 0 0 0
1.55034 0.707071 0 0 0
1.57047 0.707071 0 0 0
1.5906 0.707071 0 0 0
1.61074 0.707071 0 0 0
1.63087 0.707071 0 0 0
1.65101 0.707071 0 0 0
1.67114 0.707071 0 0 0
1.69128 0.707071 0 0 0
1.71141 0.707071 0 0 0
1.73154 0.707071 0 0 0
1.75168 0.707071 0 0 0
1.77181 0.707071 0 0 0
1.79195 0.707071 0 0 0
1.81208 0.707071 0 0 0
1.83221 0.707071 0 0 0
1.85235 0.707071 0 0 0
1.87248 0.707071 0 0 0
1.89262 0.707071 0 0 0
1.91275 0.707071 0 0 0
1.93289 0.707071 0 0 0
1.95302 0.707071 0 0 0
1.97315 0.707071 0 0 0
1.99329 0.707071 0 0 0
2.01342 0.707071 1 0 0
2.03356 0.707071 1 -3.19596e-07 -3.62012e-06
2.05369 0.707071 1.00001 -3.11032e-07 -7.21234e-06
2.07383 0.707071 1.00001 1.97641e-08 -1.07035e-05
2.09396 0.707071 1.00001 6.46991e-07 -1.40135e-05
2.11409 0.707071 1.00001 1.52979e-06 -1.70646e-05
2.13423 0.707071 1.00001 2.61554e-06 -1.97901e-05
2.15436 0.707071 1.00001 3.84492e-06 -2.21399e-05
2.1745 0.707071 1.00001 5.15708e-06 -2.40827e-05
2.19463 0.707071 1.00002 6.49395e-06 -2.56056e-05
2.21477 0.707071 1.00002 7.80359e-06 -2.67129e-05
2.2349 0.707071 1.00002 9.04222e-06 -2.74226e-05
2.25503 0.707071 1.00002 1.01752e-05 -2.77632e-05
2.27517 0.707071 1.00002 1.11772e-05 -2.77707e-05
2.2953 0.707071 1.00002 1.20314e-05 -2.74853e-05
2.31544 0.707071 1.00002 1.27288e-05 -2.69489e-05
2.33557 0.707071 1.00002 1.32671e-05 -2.62033e-05
2.3557 0.707071 1.00002 1.36492e-05 -2.52887e-05
2.37584 0.707071 1.00002 1.3882e-05 -2.42425e-05
2.39597 0.707071 1.00002 1.39757e-05 -2.30989e-05
2.41611 0.707071 1.00002 1.39423e-05 -2.18881e-05
2.43624 0.707071 1.00001 1.37953e-05 -2.06368e-05
2.45638 0.707071 1.00001 1.35486e-05 -1.93678e-05
2.47651 0.707071 1.00001 1.32163e-05 -1.81003e-05
2.49664 0.707071 1.00001 1.28119e-05 -1.68501e-05
2.51678 0.707071 1.00001 1.23483e-05 -1.563e-05
2.53691 0.707071 1.00001 1.18377e-05 -1.445e-05
2.55705 0.707071 1.00001 1.12911e-05 -1.33179e-05
2.57718 0.707071 1.00001 1.07184e-05 -1.2239e-05
2.59732 0.707071 1.00001 1.01283e-05 -1.12172e-05
2.61745 0.707071 1.00001 9.52864e-06 -1.02545e-05
2.63758 0.707071 1.00001 8.92586e-06 -9.35185e-06
2.65772 0.707071 1.00001 8.32548e-06 -8.50893e-06
2.67785 0.707071 1.00001 7.73201e-06 -7.72458e-06
2.69799 0.707071 1.00001 7.14905e-06 -6.99687e-06
2.71812 0.707071 1.00001 6.57934e-06 -6.32323e-06
2.73826 0.707071 1.00001 6.02482e-06 -5.70055e-06
2.75839 0.707071 1 5.48676e-06 -5.12527e-06
2.77852 0.707071 1 4.96575e-06 -4.59341e-06
2.79866 0.707071 1 4.4618e-06 -4.10058e-06
2.81879 0.707071 1 3.97436e-06 -3.64202e-06
2.83893 0.707071 1 3.50241e-06 -3.21255e-06
2.85906 0.707071 1 3.04441e-06 -2.80653e-06
2.87919 0.707071 1 2.59837e-06 -2.41775e-06
2.89933 0.707071 1 2.16184e-06 -2.03939e-06
2.91946 0.707071 1 1.73189e-06 -1.66383e-06
2.9396 0.707071 1 1.30507e-06 -1.28252e-06
2.95973 0.707071 1 8.77374e-07 -8.85762e-07
2.97987 0.707071 1 4.44181e-07 -4.62498e-07
3 0.707071 1 0 0

0 0.727273 1 0.1 0
0.0201342 0.727273 1.08645 0.0912749 0.00357665
0.0402685 0.727273 1.09569 0.0897013 0.00723875
0.0604027 0.727273 1.09616 0.0888238 0.0109642
0.0805369 0.727273 1.09594 0.0879191 0.0147108
0.100671 0.727273 1.09557 0.0869157 0.0184262
0.120805 0.727273 1.09512 0.0857937 0.0220558
0.14094 0.727273 1.09462 0.0845467 0.0255486
0.161074 0.727273 1.09412 0.0831773 0.0288615
0.181208 0.727273 1.09363 0.0816936 0.0319606
0.201342 0.727273 1.09319 0.0801065 0.0348215
0.221477 0.727273 1.0928 0.0784278 0.0374292
0.241611 0.727273 1.09248 0.0766689 0.0397764
0.261745 0.727273 1.09222 0.0748399 0.041862
0.281879 0.727273 1.09204 0.0729491 0.0436903
0.302013 0.727273 1.09193 0.0710037 0.0452689
0.322148 0.727273 1.09189 0.0690089 0.0466086
0.342282 0.727273 1.09192 0.0669689 0.0477213
0.362416 0.727273 1.09202 0.064887 0.0486204
0.38255 0.727273 1.09218 0.0627657 0.0493194
0.402685 0.727273 1.09241 0.0606069 0.0498318
0.422819 0.727273 1.0927 0.0584124 0.0501706
0.442953 0.727273 1.09304 0.0561838 0.0503482
0.463087 0.727273 1.09344 0.0539226 0.0503758
0.483221 0.727273 1.09389 0.0516306 0.0502638
0.503356 0.727273 1.09439 0.0493099 0.050021
0.52349 0.727273 1.09493 0.0469625 0.0496549
0.543624 0.727273 1.09552 0.044591 0.0491715
0.563758 0.727273 1.09615 0.0421984 0.0485753
0.583893 0.727273 1.09683 0.0397879 0.047869
0.604027 0.727273 1.09754 0.0373633 0.0470536
0.624161 0.727273 1.09829 0.0349289 0.0461283
0.644295 0.727273 1.09908 0.0324895 0.0450904
0.66443 0.727273 1.0999 0.0300509 0.0439356
0.684564 0.727273 1.10076 0.0276193 0.0426574
0.704698 0.727273 1.10166 0.025202 0.0412475
0.724832 0.727273 1.10259 0.0228073 0.0396959
0.744966 0.727273 1.10355 0.0204449 0.0379908
0.765101 0.727273 1.10455 0.0181256 0.0361187
0.785235 0.727273 1.10558 0.0158618 0.034065
0.805369 0.727273 1.10664 0.0136676 0.0318139
0.825503 0.727273 1.10774 0.0115588 0.0293488
0.845638 0.727273 1.10887 0.00955254 0.026653
0.865772 0.727273 1.11002 0.00766771 0.0237098
0.885906 0.727273 1.11121 0.00592408 0.0205031
0.90604 0.727273 1.1124 0.00434187 0.0170177
0.926174 0.727273 1.11361 0.00294094 0.013239
0.946309 0.727273 1.11483 0.00173991 0.00915311
0.966443 0.727273 1.11604 0.000755308 0.00474534
0.986577 0.727273 1.11722 0 0
1.00671 0.727273 0 0 0
1.02685 0.727273 0 0 0
1.04698 0.727273 0 0 0
1.06711 0.727273 0 0 0
1.08725 0.727273 0 0 0
1.10738 0.727273 0 0 0
1.12752 0.727273 0 0 0
1.14765 0.727273 0 0 0
1.16779 0.727273 0 0 0
1.18792 0.727273 0 0 0
1.20805 0.727273 0 0 0
1.22819 0.727273 0 0 0
1.24832 0.727273 0 0 0
1.26846 0.727273 0 0 0
1.28859 0.727273 0 0 0
1.30872 0.727273 0 0 0
1.32886 0.727273 0 0 0
1.34899 0.727273 0 0 0
1.36913 0.727273 0 0 0
1.38926 0.727273 0 0 0
1.4094 0.727273 0 0 0
1.42953 0.727273 0 0 0
1.44966 0.727273 0 0 0
1.4698 0.727273 0 0 0
1.48993 0.727273 0 0 0
1.51007 0.727273 0 0 0
1.5302 0.727273 0 0 0
1.55034 0.727273 0 0 0
1.57047 0.727273 0 0 0
1.5906 0.727273 0 0 0
1.61074 0.727273 0 0 0
1.63087 0.727273 0 0 0
1.65101 0.727273 0 0 0
1.67114 0.727273 0 0 0
1.69128 0.727273 0 0 0
1.71141 0.727273 0 0 0
1.73154 0.727273 0 0 0
1.75168 0.727273 0 0 0
1.77181 0.727273 0 0 0
1.79195 0.727273 0 0 0
1.81208 0.727273 0 0 0
1.83221 0.727273 0 0 0
1.85235 0.727273 0 0 0
1.87248 0.727273 0 0 0
1.89262 0.727273 0 0 0
1.91275 0.727273 0 0 0
1.93289 0.727273 0 0 0
1.95302 0.727273 0 0 0
1.97315 0.727273 0 0 0
1.99329 0.727273 0 0 0
2.01342 0.727273 1 0 0
2.03356 0.727273 1 -2.78139e-07 -4.17785e-06
2.05369 0.727273 1.00001 -1.67572e-07 -8.34788e-06
2.07383 0.727273 1.00001 3.25787e-07 -1.241e-05
2.09396 0.727273 1.00001 1.16799e-06 -1.62566e-05
2.11409 0.727273 1.00001 2.30497e-06 -1.97863e-05
2.13423 0.727273 1.00001 3.66788e-06 -2.29148e-05
2.15436 0.727273 1.00002 5.1807e-06 -2.5582e-05
2.1745 0.727273 1.00002 6.76729e-06 -2.77532e-05
2.19463 0.727273 1.00002 8.35702e-06 -2.94184e-05
2.21477 0.727273 1.00002 9.88862e-06 -3.05887e-05
2.2349 0.727273 1.00002 1.13123e-05 -3.12918e-05
2.25503 0.727273 1.00002 1.25906e-05 -3.15671e-05
2.27517 0.727273 1.00002 1.36975e-05 -3.14619e-05
2.2953 0.727273 1.00002 1.46178e-05 -3.1027e-05
2.31544 0.727273 1.00002 1.53452e-05 -3.03144e-05
2.33557 0.727273 1.00002 1.58812e-05 -2.93744e-05
2.3557 0.727273 1.00002 1.62327e-05 -2.82546e-05
2.37584 0.727273 1.00002 1.6411e-05 -2.69985e-05
2.39597 0.727273 1.00002 1.64305e-05 -2.56451e-05
2.41611 0.727273 1.00002 1.63073e-05 -2.42285e-05
2.43624 0.727273 1.00002 1.60585e-05 -2.27782e-05
2.45638 0.727273 1.00002 1.57013e-05 -2.13191e-05
2.47651 0.727273 1.00001 1.52526e-05 -1.98718e-05
2.49664 0.727273 1.00001 1.47285e-05 -1.8453e-05
2.51678 0.727273 1.00001 1.41439e-05 -1.70759e-05
2.53691 0.727273 1.00001 1.35128e-05 -1.57508e-05
2.55705 0.727273 1.00001 1.28475e-05 -1.44851e-05
2.57718 0.727273 1.00001 1.21591e-05 -1.3284e-05
2.59732 0.727273 1.00001 1.14572e-05 -1.21507e-05
2.61745 0.727273 1.00001 1.075e-05 -1.10868e-05
2.63758 0.727273 1.00001 1.00446e-05 -1.00925e-05
2.65772 0.727273 1.00001 9.34665e-06 -9.16697e-06
2.67785 0.727273 1.00001 8.66089e-06 -8.30827e-06
2.69799 0.727273 1.00001 7.99088e-06 -7.51381e-06
2.71812 0.727273 1.00001 7.3393e-06 -6.78036e-06
2.73826 0.727273 1.00001 6.70793e-06 -6.10414e-06
2.75839 0.727273 1.00001 6.09782e-06 -5.48097e-06
2.77852 0.727273 1 5.50929e-06 -4.90624e-06
2.79866 0.727273 1 4.94207e-06 -4.37498e-06
2.81879 0.727273 1 4.39527e-06 -3.88185e-06
2.83893 0.727273 1 3.86751e-06 -3.42107e-06
2.85906 0.727273 1 3.35689e-06 -2.98642e-06
2.87919 0.727273 1 2.86104e-06 -2.57113e-06
2.89933 0.727273 1 2.37712e-06 -2.16773e-06
2.91946 0.727273 1 1.90178e-06 -1.76796e-06
2.9396 0.727273 1 1.43117e-06 -1.36256e-06
2.95973 0.727273 1 9.60865e-07 -9.41045e-07
2.97987 0.727273 1 4.85791e-07 -4.91444e-07
3 0.727273 1 0 0

0 0.747475 1 0.1 0
0.0201342 0.747475 1.08663 0.0912708 0.00353104
0.0402685 0.747475 1.0958 0.089702 0.00720869
0.0604027 0.747475 1.09611 0.0888103 0.0110025
0.0805369 0.747475 1.0957 0.0878635 0.0148551
0.100671 0.747475 1.09512 0.0867893 0.0186978
0.120805 0.747475 1.09446 0.0855717 0.0224618
0.14094 0.747475 1.09377 0.0842113 0.0260853
0.161074 0.747475 1.09309 0.0827185 0.0295181
0.181208 0.747475 1.09245 0.0811088 0.0327229
0.201342 0.747475 1.09187 0.0793994 0.0356744
0.221477 0.747475 1.09138 0.0776071 0.0383583
0.241611 0.747475 1.09097 0.0757465 0.0407691
0.261745 0.747475 1.09064 0.07383 0.042908
0.281879 0.747475 1.09041 0.0718672 0.0447815
0.302013 0.747475 1.09026 0.0698653 0.0463996
0.322148 0.747475 1.09019 0.0678294 0.0477745
0.342282 0.747475 1.0902 0.0657632 0.04892
0.362416 0.747475 1.09029 0.0636689 0.0498505
0.38255 0.747475 1.09045 0.0615479 0.0505804
0.402685 0.747475 1.09068 0.0594011 0.0511236
0.422819 0.747475 1.09096 0.0572291 0.0514937
0.442953 0.747475 1.09131 0.0550323 0.051703
0.463087 0.747475 1.09171 0.0528113 0.0517628
0.483221 0.747475 1.09216 0.0505667 0.0516833
0.503356 0.747475 1.09267 0.0482994 0.0514731
0.52349 0.747475 1.09321 0.0460106 0.0511393
0.543624 0.747475 1.0938 0.043702 0.0506877
0.563758 0.747475 1.09444 0.0413754 0.050122
0.583893 0.747475 1.09511 0.0390333 0.0494445
0.604027 0.747475 1.09582 0.0366785 0.0486555
0.624161 0.747475 1.09656 0.0343145 0.0477535
0.644295 0.747475 1.09734 0.0319451 0.0467351
0.66443 0.747475 1.09816 0.0295751 0.0455946
0.684564 0.747475 1.09901 0.0272098 0.0443246
0.704698 0.747475 1.0999 0.0248557 0.0429155
0.724832 0.747475 1.10081 0.0225201 0.0413559
0.744966 0.747475 1.10177 0.0202118 0.0396322
0.765101 0.747475 1.10275 0.0179409 0.0377291
0.785235 0.747475 1.10378 0.0157192 0.0356301
0.805369 0.747475 1.10483 0.0135604 0.0333171
0.825503 0.747475 1.10593 0.0114802 0.0307716
0.845638 0.747475 1.10705 0.00949602 0.0279747
0.865772 0.747475 1.10821 0.00762745 0.0249083
0.885906 0.747475 1.10939 0.00589532 0.0215552
0.90604 0.747475 1.1106 0.00432124 0.0178998
0.926174 0.747475 1.11181 0.00292652 0.0139285
0.946309 0.747475 1.11303 0.0017309 0.00962935
0.966443 0.747475 1.11424 0.000751503 0.0049905
0.986577 0.747475 1.11541 0 0
1.00671 0.747475 0 0 0
1.02685 0.747475 0 0 0
1.04698 0.747475 0 0 0
1.06711 0.747475 0 0 0
1.08725 0.747475 0 0 0
1.10738 0.747475 0 0 0
1.12752 0.747475 0 0 0
1.14765 0.747475 0 0 0
1.16779 0.747475 0 0 0
1.18792 0.747475 0 0 0
1.20805 0.747475 0 0 0
1.22819 0.747475 0 0 0
1.24832 0.747475 0 0 0
1.26846 0.747475 0 0 0
1.28859 0.747475 0 0 0
1.30872 0.747475 0 0 0
1.32886 0.747475 0 0 0
1.34899 0.747475 0 0 0
1.36913 0.747475 0 0 0
1.38926 0.747475 0 0 0
1.4094 0.747475 0 0 0
1.42953 0.747475 0 0 0
1.44966 0.747475 0 0 0
1.4698 0.747475 0 0 0
1.48993 0.747475 0 0 0
1.51007 0.747475 0 0 0
1.5302 0.747475 0 0 0
1.55034 0.747475 0 0 0
1.57047 0.747475 0 0 0
1.5906 0.747475 0 0 0
1.61074 0.747475 0 0 0
1.63087 0.747475 0 0 0
1.65101 0.747475 0 0 0
1.67114 0.747475 0 0 0
1.69128 0.747475 0 0 0
1.71141 0.747475 0 0 0
1.73154 0.747475 0 0 0
1.75168 0.747475 0 0 0
1.77181 0.747475 0 0 0
1.79195 0.747475 0 0 0
1.81208 0.747475 0 0 0
1.83221 0.747475 0 0 0
1.85235 0.747475 0 0 0
1.87248 0.747475 0 0 0
1.89262 0.747475 0 0 0
1.91275 0.747475 0 0 0
1.93289 0.747475 0 0 0
1.95302 0.747475 0 0 0
1.97315 0.747475 0 0 0
1.99329 0.747475 0 0 0
2.01342 0.747475 1 0 0
2.03356 0.747475 1 -2.06304e-07 -4.8354e-06
2.05369 0.747475 1.00001 5.1054e-08 -9.69268e-06
2.07383 0.747475 1.00001 7.6571e-07 -1.44335e-05
2.09396 0.747475 1.00001 1.89142e-06 -1.89127e-05
2.11409 0.747475 1.00001 3.35516e-06 -2.29978e-05
2.13423 0.747475 1.00002 5.06591e-06 -2.65834e-05
2.15436 0.747475 1.00002 6.92583e-06 -2.95984e-05
2.1745 0.747475 1.00002 8.83985e-06 -3.20072e-05
2.19463 0.747475 1.00002 1.07227e-05 -3.38058e-05
2.21477 0.747475 1.00002 1.25033e-05 -3.5016e-05
2.2349 0.747475 1.00002 1.41264e-05 -3.56793e-05
2.25503 0.747475 1.00002 1.55527e-05 -3.58497e-05
2.27517 0.747475 1.00002 1.67576e-05 -3.55887e-05
2.2953 0.747475 1.00002 1.77291e-05 -3.49603e-05
2.31544 0.747475 1.00002 1.84656e-05 -3.4028e-05
2.33557 0.747475 1.00002 1.89737e-05 -3.28522e-05
2.3557 0.747475 1.00002 1.92663e-05 -3.14886e-05
2.37584 0.747475 1.00002 1.936e-05 -2.99871e-05
2.39597 0.747475 1.00002 1.92745e-05 -2.83919e-05
2.41611 0.747475 1.00002 1.90308e-05 -2.67409e-05
2.43624 0.747475 1.00002 1.86501e-05 -2.50664e-05
2.45638 0.747475 1.00002 1.81534e-05 -2.3395e-05
2.47651 0.747475 1.00002 1.75608e-05 -2.17486e-05
2.49664 0.747475 1.00002 1.6891e-05 -2.01446e-05
2.51678 0.747475 1.00001 1.61613e-05 -1.85962e-05
2.53691 0.747475 1.00001 1.53873e-05 -1.71137e-05
2.55705 0.747475 1.00001 1.45827e-05 -1.57039e-05
2.57718 0.747475 1.00001 1.37596e-05 -1.43716e-05
2.59732 0.747475 1.00001 1.29285e-05 -1.31194e-05
2.61745 0.747475 1.00001 1.20981e-05 -1.1948e-05
2.63758 0.747475 1.00001 1.12758e-05 -1.08568e-05
2.65772 0.747475 1.00001 1.04675e-05 -9.84422e-06
2.67785 0.747475 1.00001 9.67779e-06 -8.90749e-06
2.69799 0.747475 1.00001 8.91027e-06 -8.04323e-06
2.71812 0.747475 1.00001 8.16738e-06 -7.24744e-06
2.73826 0.747475 1.00001 7.45068e-06 -6.51563e-06
2.75839 0.747475 1.00001 6.76089e-06 -5.84289e-06
2.77852 0.747475 1.00001 6.09799e-06 -5.22393e-06
2.79866 0.747475 1 5.4613e-06 -4.65315e-06
2.81879 0.747475 1 4.84956e-06 -4.12456e-06
2.83893 0.747475 1 4.26093e-06 -3.63178e-06
2.85906 0.747475 1 3.6931e-06 -3.16798e-06
2.87919 0.747475 1 3.14324e-06 -2.72575e-06
2.89933 0.747475 1 2.60807e-06 -2.297e-06
2.91946 0.747475 1 2.08378e-06 -1.87279e-06
2.9396 0.747475 1 1.56608e-06 -1.44311e-06
2.95973 0.747475 1 1.05006e-06 -9.96675e-07
2.97987 0.747475 1 5.30177e-07 -5.20579e-07
3 0.747475 1 0 0

0 0.767677 1 0.1 0
0.0201342 0.767677 1.08713 0.0912426 0.00348976
0.0402685 0.767677 1.09621 0.0896784 0.00720341
0.0604027 0.767677 1.09631 0.0887675 0.0110962
0.0805369 0.767677 1.09565 0.0877655 0.0150877
0.100671 0.767677 1.0948 0.0866012 0.019087
0.120805 0.767677 1.09388 0.0852655 0.0230068
0.14094 0.767677 1.09295 0.0837692 0.0267734
0.161074 0.767677 1.09206 0.0821328 0.0303299
0.181208 0.767677 1.09124 0.0803809 0.0336364
0.201342 0.767677 1.09052 0.0785378 0.0366688
0.221477 0.767677 1.08991 0.076625 0.0394151
0.241611 0.767677 1.0894 0.0746604 0.0418732
0.261745 0.767677 1.08901 0.0726576 0.044048
0.281879 0.767677 1.08872 0.0706267 0.0459491
0.302013 0.767677 1.08853 0.0685747 0.0475893
0.322148 0.767677 1.08844 0.0665058 0.0489832
0.342282 0.767677 1.08844 0.0644223 0.0501464
0.362416 0.767677 1.08851 0.0623252 0.0510944
0.38255 0.767677 1.08867 0.0602147 0.0518426
0.402685 0.767677 1.08889 0.0580901 0.0524056
0.422819 0.767677 1.08918 0.0559508 0.052797
0.442953 0.767677 1.08953 0.0537959 0.0530294
0.463087 0.767677 1.08993 0.0516249 0.053114
0.483221 0.767677 1.09039 0.0494372 0.0530607
0.503356 0.767677 1.09089 0.0472328 0.0528778
0.52349 0.767677 1.09144 0.0450118 0.0525722
0.543624 0.767677 1.09203 0.0427749 0.0521489
0.563758 0.767677 1.09266 0.0405231 0.0516114
0.583893 0.767677 1.09332 0.0382579 0.0509612
0.604027 0.767677 1.09403 0.0359812 0.0501981
0.624161 0.767677 1.09476 0.0336955 0.0493197
0.644295 0.767677 1.09554 0.0314039 0.0483217
0.66443 0.767677 1.09634 0.0291099 0.0471977
0.684564 0.767677 1.09718 0.026818 0.045939
0.704698 0.767677 1.09805 0.0245334 0.0445348
0.724832 0.767677 1.09895 0.0222627 0.0429719
0.744966 0.767677 1.09989 0.0200133 0.0412352
0.765101 0.767677 1.10086 0.0177945 0.0393075
0.785235 0.767677 1.10187 0.0156172 0.0371698
0.805369 0.767677 1.10292 0.0134945 0.0348019
0.825503 0.767677 1.10401 0.0114418 0.0321825
0.845638 0.767677 1.10513 0.00947693 0.0292907
0.865772 0.767677 1.10629 0.00762004 0.0261058
0.885906 0.767677 1.10748 0.00589343 0.0226094
0.90604 0.767677 1.1087 0.00432063 0.0187855
0.926174 0.767677 1.10993 0.0029252 0.0146212
0.946309 0.767677 1.11116 0.00172887 0.0101072
0.966443 0.767677 1.11239 0.000750237 0.00523563
0.986577 0.767677 1.11354 0 0
1.00671 0.767677 0 0 0
1.02685 0.767677 0 0 0
1.04698 0.767677 0 0 0
1.06711 0.767677 0 0 0
1.08725 0.767677 0 0 0
1.10738 0.767677 0 0 0
1.12752 0.767677 0 0 0
1.14765 0.767677 0 0 0
1.16779 0.767677 0 0 0
1.18792 0.767677 0 0 0
1.20805 0.767677 0 0 0
1.22819 0.767677 0 0 0
1.24832 0.767677 0 0 0
1.26846 0.767677 0 0 0
1.28859 0.767677 0 0 0
1.30872 0.767677 0 0 0
1.32886 0.767677 0 0 0
1.34899 0.767677 0 0 0
1.36913 0.767677 0 0 0
1.38926 0.767677 0 0 0
1.4094 0.767677 0 0 0
1.42953 0.767677 0 0 0
1.44966 0.767677 0 0 0
1.4698 0.767677 0 0 0
1.48993 0.767677 0 0 0
1.51007 0.767677 0 0 0
1.5302 0.767677 0 0 0
1.55034 0.767677 0 0 0
1.57047 0.767677 0 0 0
1.5906 0.767677 0 0 0
1.61074 0.767677 0 0 0
1.63087 0.767677 0 0 0
1.65101 0.767677 0 0 0
1.67114 0.767677 0 0 0
1.69128 0.767677 0 0 0
1.71141 0.767677 0 0 0
1.73154 0.767677 0 0 0
1.75168 0.767677 0 0 0
1.77181 0.767677 0 0 0
1.79195 0.767677 0 0 0
1.81208 0.767677 0 0 0
1.83221 0.767677 0 0 0
1.85235 0.767677 0 0 0
1.87248 0.767677 0 0 0
1.89262 0.767677 0 0 0
1.91275 0.767677 0 0 0
1.93289 0.767677 0 0 0
1.95302 0.767677 0 0 0
1.97315 0.767677 0 0 0
1.99329 0.767677 0 0 0
2.01342 0.767677 1 0 0
2.03356 0.767677 1 -9.1377e-08 -5.61701e-06
2.05369 0.767677 1.00001 3.75037e-07 -1.12984e-05
2.07383 0.767677 1.00001 1.39114e-06 -1.68508e-05
2.09396 0.767677 1.00001 2.89159e-06 -2.20774e-05
2.11409 0.767677 1.00002 4.77589e-06 -2.68054e-05
2.13423 0.767677 1.00002 6.92251e-06 -3.09043e-05
2.15436 0.767677 1.00002 9.20536e-06 -3.42934e-05
2.1745 0.767677 1.00002 1.15064e-05 -3.69395e-05
2.19463 0.767677 1.00002 1.37242e-05 -3.88501e-05
2.21477 0.767677 1.00003 1.5778e-05 -4.00636e-05
2.2349 0.767677 1.00003 1.76086e-05 -4.06405e-05
2.25503 0.767677 1.00003 1.91774e-05 -4.06537e-05
2.27517 0.767677 1.00003 2.04635e-05 -4.01826e-05
2.2953 0.767677 1.00003 2.14608e-05 -3.93071e-05
2.31544 0.767677 1.00003 2.21749e-05 -3.8104e-05
2.33557 0.767677 1.00003 2.26198e-05 -3.66447e-05
2.3557 0.767677 1.00003 2.28155e-05 -3.49937e-05
2.37584 0.767677 1.00002 2.27858e-05 -3.32078e-05
2.39597 0.767677 1.00002 2.25567e-05 -3.13361e-05
2.41611 0.767677 1.00002 2.21546e-05 -2.94202e-05
2.43624 0.767677 1.00002 2.16057e-05 -2.74949e-05
2.45638 0.767677 1.00002 2.09352e-05 -2.55884e-05
2.47651 0.767677 1.00002 2.01665e-05 -2.37234e-05
2.49664 0.767677 1.00002 1.93211e-05 -2.19173e-05
2.51678 0.767677 1.00002 1.84186e-05 -2.01834e-05
2.53691 0.767677 1.00002 1.74763e-05 -1.85314e-05
2.55705 0.767677 1.00001 1.65092e-05 -1.69675e-05
2.57718 0.767677 1.00001 1.55304e-05 -1.54957e-05
2.59732 0.767677 1.00001 1.45511e-05 -1.41174e-05
2.61745 0.767677 1.00001 1.35803e-05 -1.28327e-05
2.63758 0.767677 1.00001 1.26256e-05 -1.16398e-05
2.65772 0.767677 1.00001 1.16929e-05 -1.05362e-05
2.67785 0.767677 1.00001 1.07868e-05 -9.51816e-06
2.69799 0.767677 1.00001 9.91055e-06 -8.58146e-06
2.71812 0.767677 1.00001 9.06633e-06 -7.72121e-06
2.73826 0.767677 1.00001 8.2553e-06 -6.93209e-06
2.75839 0.767677 1.00001 7.47778e-06 -6.20841e-06
2.77852 0.767677 1.00001 6.73328e-06 -5.54416e-06
2.79866 0.767677 1.00001 6.02066e-06 -4.93303e-06
2.81879 0.767677 1 5.33814e-06 -4.36835e-06
2.83893 0.767677 1 4.68339e-06 -3.84311e-06
2.85906 0.767677 1 4.05358e-06 -3.34983e-06
2.87919 0.767677 1 3.44538e-06 -2.88045e-06
2.89933 0.767677 1 2.85499e-06 -2.42623e-06
2.91946 0.767677 1 2.27811e-06 -1.97752e-06
2.9396 0.767677 1 1.70993e-06 -1.52356e-06
2.95973 0.767677 1 1.14503e-06 -1.05223e-06
2.97987 0.767677 1 5.77372e-07 -5.4968e-07
3 0.767677 1 0 0

0 0.787879 1 0.1 0
0.0201342 0.787879 1.08804 0.0911836 0.00345289
0.0402685 0.787879 1.09702 0.0896229 0.00723046
0.0604027 0.787879 1.09683 0.0886837 0.0112629
0.0805369 0.787879 1.09583 0.0876062 0.0154352
0.100671 0.787879 1.09464 0.0863241 0.0196252
0.120805 0.787879 1.0934 0.0848406 0.0237235
0.14094 0.787879 1.09217 0.0831805 0.027643
0.161074 0.787879 1.09104 0.0813777 0.0313216
0.181208 0.787879 1.09001 0.079467 0.0347199
0.201342 0.787879 1.08913 0.0774801 0.037817
0.221477 0.787879 1.08838 0.0754429 0.0406061
0.241611 0.787879 1.08778 0.0733752 0.0430905
0.261745 0.787879 1.08731 0.0712914 0.0452797
0.281879 0.787879 1.08697 0.0692007 0.0471877
0.302013 0.787879 1.08674 0.0671089 0.0488307
0.322148 0.787879 1.08663 0.0650185 0.0502259
0.342282 0.787879 1.08661 0.0629302 0.0513907
0.362416 0.787879 1.08668 0.0608432 0.0523419
0.38255 0.787879 1.08683 0.0587558 0.0530958
0.402685 0.787879 1.08705 0.0566659 0.0536674
0.422819 0.787879 1.08734 0.0545714 0.0540705
0.442953 0.787879 1.0877 0.0524702 0.0543176
0.463087 0.787879 1.0881 0.0503604 0.0544199
0.483221 0.787879 1.08856 0.0482405 0.0543867
0.503356 0.787879 1.08906 0.0461093 0.0542262
0.52349 0.787879 1.08961 0.0439662 0.0539446
0.543624 0.787879 1.0902 0.0418107 0.0535465
0.563758 0.787879 1.09082 0.0396431 0.053035
0.583893 0.787879 1.09148 0.037464 0.0524108
0.604027 0.787879 1.09217 0.0352744 0.0516731
0.624161 0.787879 1.0929 0.0330758 0.0508189
0.644295 0.787879 1.09366 0.0308703 0.0498429
0.66443 0.787879 1.09445 0.0286604 0.0487379
0.684564 0.787879 1.09526 0.0264496 0.047494
0.704698 0.787879 1.09612 0.024242 0.0460991
0.724832 0.787879 1.097 0.0220426 0.0445386
0.744966 0.787879 1.09792 0.0198578 0.0427956
0.765101 0.787879 1.09887 0.0176956 0.0408508
0.785235 0.787879 1.09987 0.0155659 0.0386827
0.805369 0.787879 1.1009 0.0134806 0.0362685
0.825503 0.787879 1.10198 0.0114547 0.033584
0.845638 0.787879 1.1031 0.00950603 0.0306049
0.865772 0.787879 1.10427 0.00765548 0.0273082
0.885906 0.787879 1.10547 0.00592701 0.0236729
0.90604 0.787879 1.10671 0.0043467 0.019682
0.926174 0.787879 1.10797 0.00294141 0.0153237
0.946309 0.787879 1.10923 0.00173608 0.0105915
0.966443 0.787879 1.11049 0.000752225 0.00548324
0.986577 0.787879 1.11164 0 0
1.00671 0.787879 0 0 0
1.02685 0.787879 0 0 0
1.04698 0.787879 0 0 0
1.06711 0.787879 0 0 0
1.08725 0.787879 0 0 0
1.10738 0.787879 0 0 0
1.12752 0.787879 0 0 0
1.14765 0.787879 0 0 0
1.16779 0.787879 0 0 0
1.18792 0.787879 0 0 0
1.20805 0.787879 0 0 0
1.22819 0.787879 0 0 0
1.24832 0.787879 0 0 0
1.26846 0.787879 0 0 0
1.28859 0.787879 0 0 0
1.30872 0.787879 0 0 0
1.32886 0.787879 0 0 0
1.34899 0.787879 0 0 0
1.36913 0.787879 0 0 0
1.38926 0.787879 0 0 0
1.4094 0.787879 0 0 0
1.42953 0.787879 0 0 0
1.44966 0.787879 0 0 0
1.4698 0.787879 0 0 0
1.48993 0.787879 0 0 0
1.51007 0.787879 0 0 0
1.5302 0.787879 0 0 0
1.55034 0.787879 0 0 0
1.57047 0.787879 0 0 0
1.5906 0.787879 0 0 0
1.61074 0.787879 0 0 0
1.63087 0.787879 0 0 0
1.65101 0.787879 0 0 0
1.67114 0.787879 0 0 0
1.69128 0.787879 0 0 0
1.71141 0.787879 0 0 0
1.73154 0.787879 0 0 0
1.75168 0.787879 0 0 0
1.77181 0.787879 0 0 0
1.79195 0.787879 0 0 0
1.81208 0.787879 0 0 0
1.83221 0.787879 0 0 0
1.85235 0.787879 0 0 0
1.87248 0.787879 0 0 0
1.89262 0.787879 0 0 0
1.91275 0.787879 0 0 0
1.93289 0.787879 0 0 0
1.95302 0.787879 0 0 0
1.97315 0.787879 0 0 0
1.99329 0.787879 0 0 0
2.01342 0.787879 1 0 0
2.03356 0.787879 1 8.48938e-08 -6.55567e-06
2.05369 0.787879 1.00001 8.47739e-07 -1.32349e-05
2.07383 0.787879 1.00001 2.27562e-06 -1.97639e-05
2.09396 0.787879 1.00001 4.2729e-06 -2.58746e-05
2.11409 0.787879 1.00002 6.69869e-06 -3.13426e-05
2.13423 0.787879 1.00002 9.38974e-06 -3.601e-05
2.15436 0.787879 1.00002 1.21839e-05 -3.97893e-05
2.1745 0.787879 1.00003 1.49364e-05 -4.26572e-05
2.19463 0.787879 1.00003 1.75289e-05 -4.46406e-05
2.21477 0.787879 1.00003 1.98727e-05 -4.58027e-05
2.2349 0.787879 1.00003 2.19082e-05 -4.62293e-05
2.25503 0.787879 1.00003 2.36008e-05 -4.60181e-05
2.27517 0.787879 1.00003 2.49374e-05 -4.52699e-05
2.2953 0.787879 1.00003 2.59213e-05 -4.40832e-05
2.31544 0.787879 1.00003 2.65679e-05 -4.25498e-05
2.33557 0.787879 1.00003 2.69013e-05 -4.07531e-05
2.3557 0.787879 1.00003 2.69508e-05 -3.87665e-05
2.37584 0.787879 1.00003 2.67486e-05 -3.66538e-05
2.39597 0.787879 1.00003 2.6328e-05 -3.44687e-05
2.41611 0.787879 1.00002 2.57219e-05 -3.22562e-05
2.43624 0.787879 1.00002 2.49618e-05 -3.0053e-05
2.45638 0.787879 1.00002 2.40771e-05 -2.78883e-05
2.47651 0.787879 1.00002 2.30951e-05 -2.5785e-05
2.49664 0.787879 1.00002 2.20399e-05 -2.37606e-05
2.51678 0.787879 1.00002 2.09334e-05 -2.18276e-05
2.53691 0.787879 1.00002 1.97943e-05 -1.99947e-05
2.55705 0.787879 1.00002 1.86391e-05 -1.82673e-05
2.57718 0.787879 1.00001 1.74815e-05 -1.66481e-05
2.59732 0.787879 1.00001 1.6333e-05 -1.51376e-05
2.61745 0.787879 1.00001 1.52031e-05 -1.37343e-05
2.63758 0.787879 1.00001 1.40993e-05 -1.24355e-05
2.65772 0.787879 1.00001 1.30273e-05 -1.12375e-05
2.67785 0.787879 1.00001 1.19914e-05 -1.01355e-05
2.69799 0.787879 1.00001 1.09945e-05 -9.12428e-06
2.71812 0.787879 1.00001 1.00384e-05 -8.1979e-06
2.73826 0.787879 1.00001 9.12357e-06 -7.35018e-06
2.75839 0.787879 1.00001 8.24989e-06 -6.57459e-06
2.77852 0.787879 1.00001 7.41628e-06 -5.86433e-06
2.79866 0.787879 1.00001 6.62099e-06 -5.21233e-06
2.81879 0.787879 1.00001 5.86166e-06 -4.61124e-06
2.83893 0.787879 1 5.13537e-06 -4.05333e-06
2.85906 0.787879 1 4.43869e-06 -3.53048e-06
2.87919 0.787879 1 3.76772e-06 -3.03396e-06
2.89933 0.787879 1 3.11807e-06 -2.55434e-06
2.91946 0.787879 1 2.48488e-06 -2.08128e-06
2.9396 0.787879 1 1.86278e-06 -1.60324e-06
2.95973 0.787879 1 1.24581e-06 -1.10725e-06
2.97987 0.787879 1 6.27387e-07 -5.78507e-07
3 0.787879 1 0 0

0 0.808081 1 0.1 0
0.0201342 0.808081 1.08948 0.0910848 0.00342082
0.0402685 0.808081 1.0983 0.0895255 0.00730165
0.0604027 0.808081 1.09767 0.0885423 0.0115276
0.0805369 0.808081 1.09618 0.0873586 0.0159307
0.100671 0.808081 1.09451 0.0859198 0.0203478
0.120805 0.808081 1.09283 0.084249 0.0246436
0.14094 0.808081 1.09125 0.0823912 0.0287194
0.161074 0.808081 1.08984 0.0803968 0.0325113
0.181208 0.808081 1.08861 0.0783118 0.0359839
0.201342 0.808081 1.08757 0.0761747 0.0391233
0.221477 0.808081 1.08671 0.0740141 0.0419303
0.241611 0.808081 1.08602 0.0718504 0.0444154
0.261745 0.808081 1.0855 0.0696966 0.0465945
0.281879 0.808081 1.08512 0.0675601 0.0484866
0.302013 0.808081 1.08487 0.0654439 0.0501116
0.322148 0.808081 1.08474 0.0633484 0.0514895
0.342282 0.808081 1.08471 0.0612716 0.0526395
0.362416 0.808081 1.08478 0.0592106 0.0535797
0.38255 0.808081 1.08493 0.0571619 0.0543268
0.402685 0.808081 1.08516 0.0551216 0.0548964
0.422819 0.808081 1.08546 0.053086 0.055302
0.442953 0.808081 1.08581 0.0510518 0.0555561
0.463087 0.808081 1.08622 0.0490159 0.0556693
0.483221 0.808081 1.08668 0.0469756 0.0556507
0.503356 0.808081 1.08718 0.0449291 0.0555079
0.52349 0.808081 1.08773 0.0428745 0.0552467
0.543624 0.808081 1.08831 0.0408109 0.0548712
0.563758 0.808081 1.08893 0.0387375 0.0543837
0.583893 0.808081 1.08958 0.0366541 0.0537844
0.604027 0.808081 1.09026 0.034561 0.053072
0.624161 0.808081 1.09097 0.0324588 0.0522426
0.644295 0.808081 1.09171 0.0303485 0.0512904
0.66443 0.808081 1.09248 0.0282317 0.0502071
0.684564 0.808081 1.09328 0.0261106 0.0489819
0.704698 0.808081 1.0941 0.023988 0.0476015
0.724832 0.808081 1.09496 0.0218676 0.0460498
0.744966 0.808081 1.09586 0.0197544 0.0443082
0.765101 0.808081 1.09679 0.0176546 0.0423551
0.785235 0.808081 1.09776 0.0155767 0.0401667
0.805369 0.808081 1.09878 0.0135313 0.0377168
0.825503 0.808081 1.09984 0.0115322 0.034978
0.845638 0.808081 1.10096 0.00959688 0.0319222
0.865772 0.808081 1.10213 0.00774683 0.0285224
0.885906 0.808081 1.10335 0.00600771 0.0247544
0.90604 0.808081 1.10462 0.00440882 0.0205993
0.926174 0.808081 1.10593 0.00298158 0.0160453
0.946309 0.808081 1.10724 0.00175598 0.0110896
0.966443 0.808081 1.10855 0.000758562 0.00573711
0.986577 0.808081 1.10973 0 0
1.00671 0.808081 0 0 0
1.02685 0.808081 0 0 0
1.04698 0.808081 0 0 0
1.06711 0.808081 0 0 0
1.08725 0.808081 0 0 0
1.10738 0.808081 0 0 0
1.12752 0.808081 0 0 0
1.14765 0.808081 0 0 0
1.16779 0.808081 0 0 0
1.18792 0.808081 0 0 0
1.20805 0.808081 0 0 0
1.22819 0.808081 0 0 0
1.24832 0.808081 0 0 0
1.26846 0.808081 0 0 0
1.28859 0.808081 0 0 0
1.30872 0.808081 0 0 0
1.32886 0.808081 0 0 0
1.34899 0.808081 0 0 0
1.36913 0.808081 0 0 0
1.38926 0.808081 0 0 0
1.4094 0.808081 0 0 0
1.42953 0.808081 0 0 0
1.44966 0.808081 0 0 0
1.4698 0.808081 0 0 0
1.48993 0.808081 0 0 0
1.51007 0.808081 0 0 0
1.5302 0.808081 0 0 0
1.55034 0.808081 0 0 0
1.57047 0.808081 0 0 0
1.5906 0.808081 0 0 0
1.61074 0.808081 0 0 0
1.63087 0.808081 0 0 0
1.65101 0.808081 0 0 0
1.67114 0.808081 0 0 0
1.69128 0.808081 0 0 0
1.71141 0.808081 0 0 0
1.73154 0.808081 0 0 0
1.75168 0.808081 0 0 0
1.77181 0.808081 0 0 0
1.79195 0.808081 0 0 0
1.81208 0.808081 0 0 0
1.83221 0.808081 0 0 0
1.85235 0.808081 0 0 0
1.87248 0.808081 0 0 0
1.89262 0.808081 0 0 0
1.91275 0.808081 0 0 0
1.93289 0.808081 0 0 0
1.95302 0.808081 0 0 0
1.97315 0.808081 0 0 0
1.99329 0.808081 0 0 0
2.01342 0.808081 0.999999 0 0
2.03356 0.808081 1 3.49242e-07 -7.69768e-06
2.05369 0.808081 1.00001 1.53273e-06 -1.55988e-05
2.07383 0.808081 1.00001 3.52582e-06 -2.33103e-05
2.09396 0.808081 1.00002 6.1838e-06 -3.04662e-05
2.11409 0.808081 1.00002 9.30624e-06 -3.6778e-05
2.13423 0.808081 1.00003 1.26732e-05 -4.20604e-05
2.15436 0.808081 1.00003 1.6078e-05 -4.62279e-05
2.1745 0.808081 1.00003 1.93465e-05 -4.92785e-05
2.19463 0.808081 1.00003 2.23453e-05 -5.12706e-05
2.21477 0.808081 1.00003 2.49822e-05 -5.23026e-05
2.2349 0.808081 1.00004 2.72022e-05 -5.24943e-05
2.25503 0.808081 1.00004 2.8981e-05 -5.19737e-05
2.27517 0.808081 1.00004 3.03181e-05 -5.08674e-05
2.2953 0.808081 1.00004 3.12307e-05 -4.92945e-05
2.31544 0.808081 1.00003 3.17479e-05 -4.73633e-05
2.33557 0.808081 1.00003 3.19062e-05 -4.51693e-05
2.3557 0.808081 1.00003 3.17465e-05 -4.27952e-05
2.37584 0.808081 1.00003 3.13107e-05 -4.03109e-05
2.39597 0.808081 1.00003 3.06406e-05 -3.77743e-05
2.41611 0.808081 1.00003 2.97759e-05 -3.52329e-05
2.43624 0.808081 1.00003 2.8754e-05 -3.27246e-05
2.45638 0.808081 1.00002 2.76088e-05 -3.02791e-05
2.47651 0.808081 1.00002 2.63709e-05 -2.7919e-05
2.49664 0.808081 1.00002 2.50674e-05 -2.56607e-05
2.51678 0.808081 1.00002 2.37218e-05 -2.35159e-05
2.53691 0.808081 1.00002 2.23547e-05 -2.14919e-05
2.55705 0.808081 1.00002 2.0983e-05 -1.95927e-05
2.57718 0.808081 1.00002 1.96213e-05 -1.78195e-05
2.59732 0.808081 1.00001 1.82812e-05 -1.61712e-05
2.61745 0.808081 1.00001 1.69721e-05 -1.46451e-05
2.63758 0.808081 1.00001 1.57013e-05 -1.32371e-05
2.65772 0.808081 1.00001 1.44742e-05 -1.19421e-05
2.67785 0.808081 1.00001 1.32944e-05 -1.07542e-05
2.69799 0.808081 1.00001 1.21644e-05 -9.66689e-06
2.71812 0.808081 1.00001 1.10852e-05 -8.67327e-06
2.73826 0.808081 1.00001 1.00568e-05 -7.76618e-06
2.75839 0.808081 1.00001 9.07819e-06 -6.93816e-06
2.77852 0.808081 1.00001 8.14769e-06 -6.18157e-06
2.79866 0.808081 1.00001 7.26282e-06 -5.48856e-06
2.81879 0.808081 1.00001 6.4205e-06 -4.85102e-06
2.83893 0.808081 1.00001 5.61714e-06 -4.26054e-06
2.85906 0.808081 1 4.84861e-06 -3.70829e-06
2.87919 0.808081 1 4.11035e-06 -3.18488e-06
2.89933 0.808081 1 3.39735e-06 -2.68018e-06
2.91946 0.808081 1 2.70411e-06 -2.18313e-06
2.9396 0.808081 1 2.02464e-06 -1.68142e-06
2.95973 0.808081 1 1.3524e-06 -1.16123e-06
2.97987 0.808081 1 6.80209e-07 -6.06796e-07
3 0.808081 1 0 0

0 0.828283 1 0.1 0
0.0201342 0.828283 1.09167 0.0909312 0.00339632
0.0402685 0.828283 1.10025 0.0893672 0.00744155
0.0604027 0.828283 1.09906 0.0883105 0.0119391
0.0805369 0.828283 1.09701 0.0869722 0.0166413
0.100671 0.828283 1.09484 0.0853237 0.0213294
0.120805 0.828283 1.09271 0.0834189 0.0258393
0.14094 0.828283 1.09073 0.0813288 0.0300639
0.161074 0.828283 1.08894 0.0791213 0.0339446
0.181208 0.828283 1.08739 0.0768528 0.0374576
0.201342 0.828283 1.0861 0.074566 0.0406018
0.221477 0.828283 1.08506 0.0722906 0.0433899
0.241611 0.828283 1.08424 0.0700451 0.0458418
0.261745 0.828283 1.08363 0.0678392 0.0479806
0.281879 0.828283 1.08319 0.0656768 0.0498305
0.302013 0.828283 1.08292 0.0635573 0.051415
0.322148 0.828283 1.08277 0.0614775 0.0527565
0.342282 0.828283 1.08274 0.0594326 0.0538755
0.362416 0.828283 1.08282 0.0574172 0.054791
0.38255 0.828283 1.08298 0.0554254 0.0555199
0.402685 0.828283 1.08321 0.0534517 0.0560776
0.422819 0.828283 1.08351 0.051491 0.0564775
0.442953 0.828283 1.08388 0.0495385 0.0567315
0.463087 0.828283 1.08429 0.0475901 0.0568499
0.483221 0.828283 1.08475 0.0456424 0.0568411
0.503356 0.828283 1.08526 0.0436925 0.0567122
0.52349 0.828283 1.0858 0.0417379 0.0564682
0.543624 0.828283 1.08638 0.0397769 0.0561128
0.563758 0.828283 1.08699 0.0378082 0.0556477
0.583893 0.828283 1.08763 0.0358308 0.0550726
0.604027 0.828283 1.08829 0.033844 0.0543854
0.624161 0.828283 1.08898 0.0318479 0.0535818
0.644295 0.828283 1.0897 0.0298425 0.0526552
0.66443 0.828283 1.09044 0.0278283 0.0515965
0.684564 0.828283 1.09121 0.0258063 0.0503942
0.704698 0.828283 1.09201 0.023778 0.0490337
0.724832 0.828283 1.09284 0.0217457 0.0474979
0.744966 0.828283 1.0937 0.0197123 0.0457662
0.765101 0.828283 1.0946 0.0176825 0.0438151
0.785235 0.828283 1.09554 0.0156625 0.0416181
0.805369 0.828283 1.09654 0.013661 0.0391457
0.825503 0.828283 1.09759 0.0116903 0.0363663
0.845638 0.828283 1.0987 0.00976654 0.0332473
0.865772 0.828283 1.09988 0.00791118 0.0297566
0.885906 0.828283 1.10112 0.00615148 0.0258652
0.90604 0.828283 1.10243 0.00452037 0.0215502
0.926174 0.828283 1.1038 0.00305531 0.0167989
0.946309 0.828283 1.10519 0.00179386 0.0116118
0.966443 0.828283 1.1066 0.000771001 0.00600297
0.986577 0.828283 1.10783 0 0
1.00671 0.828283 0 0 0
1.02685 0.828283 0 0 0
1.04698 0.828283 0 0 0
1.06711 0.828283 0 0 0
1.08725 0.828283 0 0 0
1.10738 0.828283 0 0 0
1.12752 0.828283 0 0 0
1.14765 0.828283 0 0 0
1.16779 0.828283 0 0 0
1.18792 0.828283 0 0 0
1.20805 0.828283 0 0 0
1.22819 0.828283 0 0 0
1.24832 0.828283 0 0 0
1.26846 0.828283 0 0 0
1.28859 0.828283 0 0 0
1.30872 0.828283 0 0 0
1.32886 0.828283 0 0 0
1.34899 0.828283 0 0 0
1.36913 0.828283 0 0 0
1.38926 0.828283 0 0 0
1.4094 0.828283 0 0 0
1.42953 0.828283 0 0 0
1.44966 0.828283 0 0 0
1.4698 0.828283 0 0 0
1.48993 0.828283 0 0 0
1.51007 0.828283 0 0 0
1.5302 0.828283 0 0 0
1.55034 0.828283 0 0 0
1.57047 0.828283 0 0 0
1.5906 0.828283 0 0 0
1.61074 0.828283 0 0 0
1.63087 0.828283 0 0 0
1.65101 0.828283 0 0 0
1.67114 0.828283 0 0 0
1.69128 0.828283 0 0 0
1.71141 0.828283 0 0 0
1.73154 0.828283 0 0 0
1.75168 0.828283 0 0 0
1.77181 0.828283 0 0 0
1.79195 0.828283 0 0 0
1.81208 0.828283 0 0 0
1.83221 0.828283 0 0 0
1.85235 0.828283 0 0 0
1.87248 0.828283 0 0 0
1.89262 0.828283 0 0 0
1.91275 0.828283 0 0 0
1.93289 0.828283 0 0 0
1.95302 0.828283 0 0 0
1.97315 0.828283 0 0 0
1.99329 0.828283 0 0 0
2.01342 0.828283 0.999996 0 0
2.03356 0.828283 1 7.41859e-07 -9.11021e-06
2.05369 0.828283 1.00001 2.52555e-06 -1.85271e-05
2.07383 0.828283 1.00001 5.29955e-06 -2.76789e-05
2.09396 0.828283 1.00002 8.83846e-06 -3.60653e-05
2.11409 0.828283 1.00002 1.28542e-05 -4.33232e-05
2.13423 0.828283 1.00003 1.70517e-05 -4.92469e-05
2.15436 0.828283 1.00003 2.11721e-05 -5.37695e-05
2.1745 0.828283 1.00004 2.50127e-05 -5.69287e-05
2.19463 0.828283 1.00004 2.8431e-05 -5.88318e-05
2.21477 0.828283 1.00004 3.13398e-05 -5.96254e-05
2.2349 0.828283 1.00004 3.36976e-05 -5.94727e-05
2.25503 0.828283 1.00004 3.54981e-05 -5.85382e-05
2.27517 0.828283 1.00004 3.67602e-05 -5.69779e-05
2.2953 0.828283 1.00004 3.75202e-05 -5.49334e-05
2.31544 0.828283 1.00004 3.78249e-05 -5.25296e-05
2.33557 0.828283 1.00004 3.77263e-05 -4.98742e-05
2.3557 0.828283 1.00004 3.72785e-05 -4.70579e-05
2.37584 0.828283 1.00003 3.65347e-05 -4.4156e-05
2.39597 0.828283 1.00003 3.55458e-05 -4.12296e-05
2.41611 0.828283 1.00003 3.43587e-05 -3.83277e-05
2.43624 0.828283 1.00003 3.30166e-05 -3.54884e-05
2.45638 0.828283 1.00003 3.15578e-05 -3.27409e-05
2.47651 0.828283 1.00003 3.00162e-05 -3.01067e-05
2.49664 0.828283 1.00002 2.84213e-05 -2.76008e-05
2.51678 0.828283 1.00002 2.67984e-05 -2.52331e-05
2.53691 0.828283 1.00002 2.51687e-05 -2.30092e-05
2.55705 0.828283 1.00002 2.35502e-05 -2.09312e-05
2.57718 0.828283 1.00002 2.19572e-05 -1.89986e-05
2.59732 0.828283 1.00002 2.04014e-05 -1.72084e-05
2.61745 0.828283 1.00001 1.88917e-05 -1.55564e-05
2.63758 0.828283 1.00001 1.74351e-05 -1.40369e-05
2.65772 0.828283 1.00001 1.6036e-05 -1.26432e-05
2.67785 0.828283 1.00001 1.46977e-05 -1.13681e-05
2.69799 0.828283 1.00001 1.34215e-05 -1.0204e-05
2.71812 0.828283 1.00001 1.22078e-05 -9.14269e-06
2.73826 0.828283 1.00001 1.10556e-05 -8.17601e-06
2.75839 0.828283 1.00001 9.96315e-06 -7.29555e-06
2.77852 0.828283 1.00001 8.9278e-06 -6.49277e-06
2.79866 0.828283 1.00001 7.94629e-06 -5.75899e-06
2.81879 0.828283 1.00001 7.01471e-06 -5.08535e-06
2.83893 0.828283 1.00001 6.12866e-06 -4.46271e-06
2.85906 0.828283 1.00001 5.28325e-06 -3.88153e-06
2.87919 0.828283 1 4.47319e-06 -3.33173e-06
2.89933 0.828283 1 3.69273e-06 -2.80251e-06
2.91946 0.828283 1 2.93569e-06 -2.28207e-06
2.9396 0.828283 1 2.19541e-06 -1.75734e-06
2.95973 0.828283 1 1.46471e-06 -1.21364e-06
2.97987 0.828283 1 7.35801e-07 -6.34271e-07
3 0.828283 1 0 0

0 0.848485 1 0.1 0
0.0201342 0.848485 1.09488 0.0907063 0.00337996
0.0402685 0.848485 1.10281 0.0891313 0.00767489
0.0604027 0.848485 1.10041 0.0879577 0.0125317
0.0805369 0.848485 1.0971 0.0863952 0.0175882
0.100671 0.848485 1.09383 0.0844617 0.0225661
0.120805 0.848485 1.09092 0.0822581 0.0272826
0.14094 0.848485 1.08851 0.0798906 0.0316342
0.161074 0.848485 1.08657 0.0774478 0.0355749
0.181208 0.848485 1.08503 0.0749941 0.0390963
0.201342 0.848485 1.0838 0.0725717 0.0422124
0.221477 0.848485 1.08283 0.070205 0.0449492
0.241611 0.848485 1.08207 0.0679062 0.0473375
0.261745 0.848485 1.08149 0.0656787 0.0494086
0.281879 0.848485 1.08109 0.0635207 0.0511923
0.302013 0.848485 1.08083 0.0614268 0.0527157
0.322148 0.848485 1.0807 0.0593899 0.0540034
0.342282 0.848485 1.08069 0.057402 0.055077
0.362416 0.848485 1.08078 0.0554551 0.0559557
0.38255 0.848485 1.08096 0.0535412 0.0566564
0.402685 0.848485 1.08121 0.0516533 0.057194
0.422819 0.848485 1.08152 0.0497847 0.0575813
0.442953 0.848485 1.08189 0.0479298 0.0578296
0.463087 0.848485 1.08232 0.0460836 0.0579484
0.483221 0.848485 1.08278 0.0442418 0.0579455
0.503356 0.848485 1.08329 0.0424009 0.0578271
0.52349 0.848485 1.08383 0.0405581 0.0575979
0.543624 0.848485 1.0844 0.0387109 0.0572607
0.563758 0.848485 1.085 0.0368575 0.0568168
0.583893 0.848485 1.08562 0.0349963 0.0562652
0.604027 0.848485 1.08627 0.0331261 0.0556034
0.624161 0.848485 1.08694 0.0312461 0.0548265
0.644295 0.848485 1.08763 0.0293557 0.0539274
0.66443 0.848485 1.08834 0.0274543 0.0528964
0.684564 0.848485 1.08908 0.0255417 0.0517212
0.704698 0.848485 1.08984 0.0236182 0.0503865
0.724832 0.848485 1.09063 0.0216842 0.0488738
0.744966 0.848485 1.09145 0.0197409 0.0471614
0.765101 0.848485 1.09231 0.0177906 0.0452236
0.785235 0.848485 1.09322 0.0158371 0.0430314
0.805369 0.848485 1.09418 0.0138864 0.0405518
0.825503 0.848485 1.0952 0.0119481 0.037749
0.845638 0.848485 1.0963 0.0100362 0.0345846
0.865772 0.848485 1.09748 0.00817089 0.0310198
0.885906 0.848485 1.09876 0.00638019 0.0270186
0.90604 0.848485 1.10013 0.00470067 0.0225515
0.926174 0.848485 1.10158 0.0031772 0.0176023
0.946309 0.848485 1.10309 0.00185828 0.0121731
0.966443 0.848485 1.10465 0.000792449 0.00628969
0.986577 0.848485 1.10598 0 0
1.00671 0.848485 0 0 0
1.02685 0.848485 0 0 0
1.04698 0.848485 0 0 0
1.06711 0.848485 0 0 0
1.08725 0.848485 0 0 0
1.10738 0.848485 0 0 0
1.12752 0.848485 0 0 0
1.14765 0.848485 0 0 0
1.16779 0.848485 0 0 0
1.18792 0.848485 0 0 0
1.20805 0.848485 0 0 0
1.22819 0.848485 0 0 0
1.24832 0.848485 0 0 0
1.26846 0.848485 0 0 0
1.28859 0.848485 0 0 0
1.30872 0.848485 0 0 0
1.32886 0.848485 0 0 0
1.34899 0.848485 0 0 0
1.36913 0.848485 0 0 0
1.38926 0.848485 0 0 0
1.4094 0.848485 0 0 0
1.42953 0.848485 0 0 0
1.44966 0.848485 0 0 0
1.4698 0.848485 0 0 0
1.48993 0.848485 0 0 0
1.51007 0.848485 0 0 0
1.5302 0.848485 0 0 0
1.55034 0.848485 0 0 0
1.57047 0.848485 0 0 0
1.5906 0.848485 0 0 0
1.61074 0.848485 0 0 0
1.63087 0.848485 0 0 0
1.65101 0.848485 0 0 0
1.67114 0.848485 0 0 0
1.69128 0.848485 0 0 0
1.71141 0.848485 0 0 0
1.73154 0.848485 0 0 0
1.75168 0.848485 0 0 0
1.77181 0.848485 0 0 0
1.79195 0.848485 0 0 0
1.81208 0.848485 0 0 0
1.83221 0.848485 0 0 0
1.85235 0.848485 0 0 0
1.87248 0.848485 0 0 0
1.89262 0.848485 0 0 0
1.91275 0.848485 0 0 0
1.93289 0.848485 0 0 0
1.95302 0.848485 0 0 0
1.97315 0.848485 0 0 0
1.99329 0.848485 0 0 0
2.01342 0.848485 0.999992 0 0
2.03356 0.848485 0.999998 1.32516e-06 -1.08948e-05
2.05369 0.848485 1.00001 3.97416e-06 -2.22197e-05
2.07383 0.848485 1.00001 7.83549e-06 -3.31323e-05
2.09396 0.848485 1.00002 1.25501e-05 -4.29534e-05
2.11409 0.848485 1.00003 1.77027e-05 -5.12418e-05
2.13423 0.848485 1.00003 2.2903e-05 -5.77929e-05
2.15436 0.848485 1.00004 2.78373e-05 -6.25878e-05
2.1745 0.848485 1.00004 3.22822e-05 -6.57326e-05
2.19463 0.848485 1.00005 3.60995e-05 -6.74051e-05
2.21477 0.848485 1.00005 3.92209e-05 -6.78161e-05
2.2349 0.848485 1.00005 4.16311e-05 -6.71819e-05
2.25503 0.848485 1.00005 4.33521e-05 -6.57091e-05
2.27517 0.848485 1.00005 4.44307e-05 -6.3585e-05
2.2953 0.848485 1.00005 4.4928e-05 -6.09743e-05
2.31544 0.848485 1.00004 4.49123e-05 -5.80179e-05
2.33557 0.848485 1.00004 4.44539e-05 -5.48341e-05
2.3557 0.848485 1.00004 4.36218e-05 -5.15204e-05
2.37584 0.848485 1.00004 4.24812e-05 -4.81557e-05
2.39597 0.848485 1.00004 4.10921e-05 -4.48028e-05
2.41611 0.848485 1.00003 3.95091e-05 -4.15108e-05
2.43624 0.848485 1.00003 3.77805e-05 -3.83168e-05
2.45638 0.848485 1.00003 3.59487e-05 -3.52485e-05
2.47651 0.848485 1.00003 3.40504e-05 -3.23253e-05
2.49664 0.848485 1.00003 3.2117e-05 -2.95603e-05
2.51678 0.848485 1.00002 3.01748e-05 -2.69608e-05
2.53691 0.848485 1.00002 2.82456e-05 -2.45303e-05
2.55705 0.848485 1.00002 2.63474e-05 -2.22685e-05
2.57718 0.848485 1.00002 2.44943e-05 -2.01727e-05
2.59732 0.848485 1.00002 2.26973e-05 -1.82381e-05
2.61745 0.848485 1.00002 2.09648e-05 -1.64583e-05
2.63758 0.848485 1.00001 1.93025e-05 -1.48261e-05
2.65772 0.848485 1.00001 1.77143e-05 -1.33331e-05
2.67785 0.848485 1.00001 1.62021e-05 -1.19707e-05
2.69799 0.848485 1.00001 1.47665e-05 -1.07298e-05
2.71812 0.848485 1.00001 1.34064e-05 -9.6011e-06
2.73826 0.848485 1.00001 1.21201e-05 -8.57529e-06
2.75839 0.848485 1.00001 1.09046e-05 -7.64294e-06
2.77852 0.848485 1.00001 9.75638e-06 -6.7946e-06
2.79866 0.848485 1.00001 8.67111e-06 -6.02075e-06
2.81879 0.848485 1.00001 7.64395e-06 -5.31173e-06
2.83893 0.848485 1.00001 6.6696e-06 -4.65768e-06
2.85906 0.848485 1.00001 5.74231e-06 -4.04834e-06
2.87919 0.848485 1.00001 4.85594e-06 -3.47296e-06
2.89933 0.848485 1 4.00394e-06 -2.92003e-06
2.91946 0.848485 1 3.17939e-06 -2.37705e-06
2.9396 0.848485 1 2.37492e-06 -1.83018e-06
2.95973 0.848485 1 1.58263e-06 -1.26393e-06
2.97987 0.848485 1 7.94095e-07 -6.6064e-07
3 0.848485 1 0 0

0 0.868687 1 0.1 0
0.0201342 0.868687 1.0999 0.0903547 0.00340229
0.0402685 0.868687 1.10722 0.0887275 0.00812177
0.0604027 0.868687 1.10423 0.0873366 0.0135191
0.0805369 0.868687 1.10073 0.085444 0.0190574
0.100671 0.868687 1.09725 0.0831539 0.0243742
0.120805 0.868687 1.0938 0.0806208 0.0292722
0.14094 0.868687 1.09047 0.0779746 0.0336747
0.161074 0.868687 1.08746 0.0753106 0.0375768
0.181208 0.868687 1.08492 0.0726932 0.0410077
0.201342 0.868687 1.0829 0.0701609 0.0440094
0.221477 0.868687 1.08138 0.0677323 0.0466253
0.241611 0.868687 1.08027 0.0654122 0.0488965
0.261745 0.868687 1.0795 0.0631966 0.0508596
0.281879 0.868687 1.079 0.0610765 0.052547
0.302013 0.868687 1.07871 0.0590407 0.0539869
0.322148 0.868687 1.07858 0.0570771 0.0552038
0.342282 0.868687 1.07858 0.0551742 0.056219
0.362416 0.868687 1.07868 0.0533211 0.057051
0.38255 0.868687 1.07888 0.0515081 0.0577156
0.402685 0.868687 1.07915 0.0497263 0.0582268
0.422819 0.868687 1.07948 0.0479683 0.0585965
0.442953 0.868687 1.07987 0.0462275 0.0588349
0.463087 0.868687 1.0803 0.0444984 0.0589507
0.483221 0.868687 1.08077 0.0427762 0.0589508
0.503356 0.868687 1.08128 0.041057 0.0588408
0.52349 0.868687 1.08182 0.0393376 0.0586245
0.543624 0.868687 1.08238 0.0376152 0.0583042
0.563758 0.868687 1.08297 0.0358877 0.0578805
0.583893 0.868687 1.08357 0.034153 0.0573521
0.604027 0.868687 1.0842 0.0324096 0.056716
0.624161 0.868687 1.08484 0.030656 0.0559667
0.644295 0.868687 1.08551 0.0288908 0.0550969
0.66443 0.868687 1.08618 0.0271129 0.0540963
0.684564 0.868687 1.08688 0.0253208 0.0529523
0.704698 0.868687 1.0876 0.0235134 0.0516489
0.724832 0.868687 1.08834 0.0216896 0.0501668
0.744966 0.868687 1.08912 0.0198486 0.0484831
0.765101 0.868687 1.08993 0.01799 0.0465707
0.785235 0.868687 1.09078 0.0161147 0.0443982
0.805369 0.868687 1.0917 0.0142254 0.0419293
0.825503 0.868687 1.09268 0.0123276 0.0391235
0.845638 0.868687 1.09376 0.0104317 0.0359362
0.865772 0.868687 1.09494 0.0085548 0.0323203
0.885906 0.868687 1.09624 0.00672384 0.0282298
0.90604 0.868687 1.09768 0.00497787 0.0236247
0.926174 0.868687 1.09925 0.00336982 0.0184803
0.946309 0.868687 1.10092 0.00196342 0.0127963
0.966443 0.868687 1.10272 0.000827993 0.00661193
0.986577 0.868687 1.10422 0 0
1.00671 0.868687 0 0 0
1.02685 0.868687 0 0 0
1.04698 0.868687 0 0 0
1.06711 0.868687 0 0 0
1.08725 0.868687 0 0 0
1.10738 0.868687 0 0 0
1.12752 0.868687 0 0 0
1.14765 0.868687 0 0 0
1.16779 0.868687 0 0 0
1.18792 0.868687 0 0 0
1.20805 0.868687 0 0 0
1.22819 0.868687 0 0 0
1.24832 0.868687 0 0 0
1.26846 0.868687 0 0 0
1.28859 0.868687 0 0 0
1.30872 0.868687 0 0 0
1.32886 0.868687 0 0 0
1.34899 0.868687 0 0 0
1.36913 0.868687 0 0 0
1.38926 0.868687 0 0 0
1.4094 0.868687 0 0 0
1.42953 0.868687 0 0 0
1.44966 0.868687 0 0 0
1.4698 0.868687 0 0 0
1.48993 0.868687 0 0 0
1.51007 0.868687 0 0 0
1.5302 0.868687 0 0 0
1.55034 0.868687 0 0 0
1.57047 0.868687 0 0 0
1.5906 0.868687 0 0 0
1.61074 0.868687 0 0 0
1.63087 0.868687 0 0 0
1.65101 0.868687 0 0 0
1.67114 0.868687 0 0 0
1.69128 0.868687 0 0 0
1.71141 0.868687 0 0 0
1.73154 0.868687 0 0 0
1.75168 0.868687 0 0 0
1.77181 0.868687 0 0 0
1.79195 0.868687 0 0 0
1.81208 0.868687 0 0 0
1.83221 0.868687 0 0 0
1.85235 0.868687 0 0 0
1.87248 0.868687 0 0 0
1.89262 0.868687 0 0 0
1.91275 0.868687 0 0 0
1.93289 0.868687 0 0 0
1.95302 0.868687 0 0 0
1.97315 0.868687 0 0 0
1.99329 0.868687 0 0 0
2.01342 0.868687 0.999987 0 0
2.03356 0.868687 0.999995 2.20005e-06 -1.32123e-05
2.05369 0.868687 1.00001 6.11595e-06 -2.69756e-05
2.07383 0.868687 1.00002 1.15034e-05 -4.00404e-05
2.09396 0.868687 1.00003 1.77831e-05 -5.15001e-05
2.11409 0.868687 1.00003 2.43608e-05 -6.08549e-05
2.13423 0.868687 1.00004 3.07368e-05 -6.79482e-05
2.15436 0.868687 1.00005 3.65521e-05 -7.28583e-05
2.1745 0.868687 1.00005 4.15845e-05 -7.5799e-05
2.19463 0.868687 1.00005 4.57235e-05 -7.70461e-05
2.21477 0.868687 1.00005 4.8941e-05 -7.68903e-05
2.2349 0.868687 1.00005 5.12648e-05 -7.56095e-05
2.25503 0.868687 1.00005 5.27583e-05 -7.34552e-05
2.27517 0.868687 1.00005 5.35042e-05 -7.06465e-05
2.2953 0.868687 1.00005 5.35944e-05 -6.73693e-05
2.31544 0.868687 1.00005 5.31223e-05 -6.37782e-05
2.33557 0.868687 1.00005 5.21782e-05 -5.99997e-05
2.3557 0.868687 1.00005 5.08468e-05 -5.61353e-05
2.37584 0.868687 1.00004 4.92052e-05 -5.22656e-05
2.39597 0.868687 1.00004 4.73228e-05 -4.8453e-05
2.41611 0.868687 1.00004 4.52606e-05 -4.47448e-05
2.43624 0.868687 1.00004 4.30715e-05 -4.11761e-05
2.45638 0.868687 1.00003 4.08012e-05 -3.77717e-05
2.47651 0.868687 1.00003 3.84885e-05 -3.45482e-05
2.49664 0.868687 1.00003 3.61656e-05 -3.15155e-05
2.51678 0.868687 1.00003 3.38594e-05 -2.86782e-05
2.53691 0.868687 1.00002 3.15914e-05 -2.60367e-05
2.55705 0.868687 1.00002 2.9379e-05 -2.35883e-05
2.57718 0.868687 1.00002 2.72355e-05 -2.13276e-05
2.59732 0.868687 1.00002 2.51709e-05 -1.92477e-05
2.61745 0.868687 1.00002 2.31923e-05 -1.73401e-05
2.63758 0.868687 1.00002 2.13041e-05 -1.55954e-05
2.65772 0.868687 1.00001 1.9509e-05 -1.40037e-05
2.67785 0.868687 1.00001 1.78075e-05 -1.25548e-05
2.69799 0.868687 1.00001 1.61986e-05 -1.12381e-05
2.71812 0.868687 1.00001 1.46804e-05 -1.00431e-05
2.73826 0.868687 1.00001 1.32495e-05 -8.95933e-06
2.75839 0.868687 1.00001 1.19018e-05 -7.97627e-06
2.77852 0.868687 1.00001 1.06327e-05 -7.08356e-06
2.79866 0.868687 1.00001 9.43653e-06 -6.2708e-06
2.81879 0.868687 1.00001 8.30753e-06 -5.52755e-06
2.83893 0.868687 1.00001 7.23932e-06 -4.8432e-06
2.85906 0.868687 1.00001 6.22519e-06 -4.20681e-06
2.87919 0.868687 1.00001 5.25806e-06 -3.60694e-06
2.89933 0.868687 1.00001 4.33054e-06 -3.03139e-06
2.91946 0.868687 1.00001 3.43487e-06 -2.46698e-06
2.9396 0.868687 1 2.56288e-06 -1.89913e-06
2.95973 0.868687 1 1.70598e-06 -1.31152e-06
2.97987 0.868687 1 8.54997e-07 -6.856e-07
3 0.868687 1 0 0

0 0.888889 1 0.1 0
0.0201342 0.888889 1.10634 0.0898873 0.00342644
0.0402685 0.888889 1.10972 0.0882081 0.0087136
0.0604027 0.888889 1.10157 0.0864903 0.01468
0.0805369 0.888889 1.09338 0.0841039 0.0206335
0.100671 0.888889 1.08704 0.0812877 0.0262064
0.120805 0.888889 1.08295 0.0782962 0.0312376
0.14094 0.888889 1.08064 0.0753105 0.0356803
0.161074 0.888889 1.07939 0.0724327 0.0395515
0.181208 0.888889 1.07863 0.069707 0.0429008
0.201342 0.888889 1.07805 0.0671438 0.0457894
0.221477 0.888889 1.07754 0.0647369 0.0482781
0.241611 0.888889 1.07709 0.0624731 0.0504206
0.261745 0.888889 1.07672 0.0603367 0.0522622
0.281879 0.888889 1.07646 0.0583113 0.0538403
0.302013 0.888889 1.07632 0.056381 0.0551852
0.322148 0.888889 1.07628 0.0545305 0.056322
0.342282 0.888889 1.07635 0.0527463 0.0572713
0.362416 0.888889 1.0765 0.0510158 0.0580505
0.38255 0.888889 1.07674 0.0493284 0.0586745
0.402685 0.888889 1.07704 0.0476744 0.0591558
0.422819 0.888889 1.07739 0.0460459 0.059505
0.442953 0.888889 1.0778 0.0444359 0.0597314
0.463087 0.888889 1.07824 0.0428388 0.0598423
0.483221 0.888889 1.07872 0.0412496 0.0598439
0.503356 0.888889 1.07923 0.0396644 0.059741
0.52349 0.888889 1.07977 0.0380797 0.0595365
0.543624 0.888889 1.08032 0.0364929 0.0592323
0.563758 0.888889 1.0809 0.0349014 0.0588283
0.583893 0.888889 1.08149 0.0333032 0.058323
0.604027 0.888889 1.08209 0.0316964 0.0577127
0.624161 0.888889 1.0827 0.0300792 0.0569919
0.644295 0.888889 1.08333 0.0284498 0.0561528
0.66443 0.888889 1.08397 0.0268061 0.0551852
0.684564 0.888889 1.08462 0.025146 0.0540758
0.704698 0.888889 1.08529 0.0234672 0.0528087
0.724832 0.888889 1.08598 0.0217669 0.0513641
0.744966 0.888889 1.08669 0.0200423 0.0497185
0.765101 0.888889 1.08744 0.0182905 0.0478436
0.785235 0.888889 1.08823 0.016509 0.0457063
0.805369 0.888889 1.08908 0.0146962 0.0432678
0.825503 0.888889 1.09001 0.0128528 0.0404829
0.845638 0.888889 1.09105 0.0109834 0.0373005
0.865772 0.888889 1.09221 0.00909947 0.033664
0.885906 0.888889 1.09353 0.00722327 0.0295143
0.90604 0.888889 1.09503 0.00539336 0.024795
0.926174 0.888889 1.09674 0.00366901 0.0194656
0.946309 0.888889 1.09866 0.00213375 0.0135137
0.966443 0.888889 1.10076 0.00088655 0.00699246
0.986577 0.888889 1.10264 0 0
1.00671 0.888889 0 0 0
1.02685 0.888889 0 0 0
1.04698 0.888889 0 0 0
1.06711 0.888889 0 0 0
1.08725 0.888889 0 0 0
1.10738 0.888889 0 0 0
1.12752 0.888889 0 0 0
1.14765 0.888889 0 0 0
1.16779 0.888889 0 0 0
1.18792 0.888889 0 0 0
1.20805 0.888889 0 0 0
1.22819 0.888889 0 0 0
1.24832 0.888889 0 0 0
1.26846 0.888889 0 0 0
1.28859 0.888889 0 0 0
1.30872 0.888889 0 0 0
1.32886 0.888889 0 0 0
1.34899 0.888889 0 0 0
1.36913 0.888889 0 0 0
1.38926 0.888889 0 0 0
1.4094 0.888889 0 0 0
1.42953 0.888889 0 0 0
1.44966 0.888889 0 0 0
1.4698 0.888889 0 0 0
1.48993 0.888889 0 0 0
1.51007 0.888889 0 0 0
1.5302 0.888889 0 0 0
1.55034 0.888889 0 0 0
1.57047 0.888889 0 0 0
1.5906 0.888889 0 0 0
1.61074 0.888889 0 0 0
1.63087 0.888889 0 0 0
1.65101 0.888889 0 0 0
1.67114 0.888889 0 0 0
1.69128 0.888889 0 0 0
1.71141 0.888889 0 0 0
1.73154 0.888889 0 0 0
1.75168 0.888889 0 0 0
1.77181 0.888889 0 0 0
1.79195 0.888889 0 0 0
1.81208 0.888889 0 0 0
1.83221 0.888889 0 0 0
1.85235 0.888889 0 0 0
1.87248 0.888889 0 0 0
1.89262 0.888889 0 0 0
1.91275 0.888889 0 0 0
1.93289 0.888889 0 0 0
1.95302 0.888889 0 0 0
1.97315 0.888889 0 0 0
1.99329 0.888889 0 0 0
2.01342 0.888889 0.999978 0 0
2.03356 0.888889 0.999989 3.53766e-06 -1.63303e-05
2.05369 0.888889 1 9.34749e-06 -3.32549e-05
2.07383 0.888889 1.00002 1.68905e-05 -4.89271e-05
2.09396 0.888889 1.00003 2.52325e-05 -6.21838e-05
2.11409 0.888889 1.00004 3.3547e-05 -7.25376e-05
2.13423 0.888889 1.00005 4.12326e-05 -7.9971e-05
2.15436 0.888889 1.00006 4.79221e-05 -8.47341e-05
2.1745 0.888889 1.00006 5.3437e-05 -8.71981e-05
2.19463 0.888889 1.00006 5.77323e-05 -8.77646e-05
2.21477 0.888889 1.00006 6.08488e-05 -8.68175e-05
2.2349 0.888889 1.00006 6.28781e-05 -8.47001e-05
2.25503 0.888889 1.00006 6.39373e-05 -8.17079e-05
2.27517 0.888889 1.00006 6.41537e-05 -7.8088e-05
2.2953 0.888889 1.00006 6.36541e-05 -7.40434e-05
2.31544 0.888889 1.00006 6.25589e-05 -6.97383e-05
2.33557 0.888889 1.00005 6.09791e-05 -6.53031e-05
2.3557 0.888889 1.00005 5.90145e-05 -6.08405e-05
2.37584 0.888889 1.00005 5.67534e-05 -5.64294e-05
2.39597 0.888889 1.00005 5.42728e-05 -5.21295e-05
2.41611 0.888889 1.00004 5.16391e-05 -4.79849e-05
2.43624 0.888889 1.00004 4.89088e-05 -4.40267e-05
2.45638 0.888889 1.00004 4.61293e-05 -4.02757e-05
2.47651 0.888889 1.00003 4.33403e-05 -3.67447e-05
2.49664 0.888889 1.00003 4.05739e-05 -3.34397e-05
2.51678 0.888889 1.00003 3.78565e-05 -3.03618e-05
2.53691 0.888889 1.00003 3.52086e-05 -2.75082e-05
2.55705 0.888889 1.00003 3.26462e-05 -2.48729e-05
2.57718 0.888889 1.00002 3.01811e-05 -2.24481e-05
2.59732 0.888889 1.00002 2.78217e-05 -2.0224e-05
2.61745 0.888889 1.00002 2.55733e-05 -1.81901e-05
2.63758 0.888889 1.00002 2.34387e-05 -1.63348e-05
2.65772 0.888889 1.00002 2.14186e-05 -1.46464e-05
2.67785 0.888889 1.00001 1.95121e-05 -1.31129e-05
2.69799 0.888889 1.00001 1.77165e-05 -1.17225e-05
2.71812 0.888889 1.00001 1.60281e-05 -1.04632e-05
2.73826 0.888889 1.00001 1.44422e-05 -9.32329e-06
2.75839 0.888889 1.00001 1.29533e-05 -8.29136e-06
2.77852 0.888889 1.00001 1.15553e-05 -7.35602e-06
2.79866 0.888889 1.00001 1.02413e-05 -6.50601e-06
2.81879 0.888889 1.00001 9.0043e-06 -5.73011e-06
2.83893 0.888889 1.00001 7.8368e-06 -5.01698e-06
2.85906 0.888889 1.00001 6.731e-06 -4.35498e-06
2.87919 0.888889 1.00001 5.67882e-06 -3.73201e-06
2.89933 0.888889 1.00001 4.67191e-06 -3.13522e-06
2.91946 0.888889 1.00001 3.70161e-06 -2.55075e-06
2.9396 0.888889 1.00001 2.75893e-06 -1.96332e-06
2.95973 0.888889 1 1.83448e-06 -1.35583e-06
2.97987 0.888889 1 9.1838e-07 -7.08844e-07
3 0.888889 1 0 0

0 0.909091 1 0.1 0
0.0201342 0.909091 1.12058 0.0888979 0.0038001
0.0402685 0.909091 1.1251 0.0869036 0.0103294
0.0604027 0.909091 1.12124 0.084581 0.017377
0.0805369 0.909091 1.11679 0.0816476 0.0239546
0.100671 0.909091 1.11064 0.078452 0.0296825
0.120805 0.909091 1.10307 0.0752147 0.0345439
0.14094 0.909091 1.09538 0.0720629 0.0386574
0.161074 0.909091 1.0887 0.0690742 0.0421593
0.181208 0.909091 1.08353 0.0662902 0.0451622
0.201342 0.909091 1.07984 0.0637218 0.0477513
0.221477 0.909091 1.07738 0.0613585 0.0499902
0.241611 0.909091 1.0758 0.0591777 0.0519277
0.261745 0.909091 1.07485 0.0571526 0.0536019
0.281879 0.909091 1.07432 0.0552573 0.0550436
0.302013 0.909091 1.07407 0.0534679 0.0562779
0.322148 0.909091 1.07401 0.0517643 0.0573256
0.342282 0.909091 1.0741 0.0501295 0.0582041
0.362416 0.909091 1.07428 0.048549 0.058928
0.38255 0.909091 1.07455 0.0470111 0.05951
0.402685 0.909091 1.07489 0.0455059 0.0599607
0.422819 0.909091 1.07527 0.0440252 0.0602892
0.442953 0.909091 1.0757 0.0425621 0.0605032
0.463087 0.909091 1.07616 0.0411112 0.0606091
0.483221 0.909091 1.07665 0.0396677 0.0606121
0.503356 0.909091 1.07716 0.038228 0.0605159
0.52349 0.909091 1.07769 0.0367887 0.0603231
0.543624 0.909091 1.07824 0.0353472 0.0600347
0.563758 0.909091 1.0788 0.0339013 0.0596503
0.583893 0.909091 1.07937 0.0324489 0.0591679
0.604027 0.909091 1.07994 0.0309881 0.0585837
0.624161 0.909091 1.08053 0.0295168 0.0578918
0.644295 0.909091 1.08111 0.0280331 0.0570845
0.66443 0.909091 1.08171 0.0265344 0.0561514
0.684564 0.909091 1.08231 0.025018 0.0550795
0.704698 0.909091 1.08292 0.0234805 0.0538527
0.724832 0.909091 1.08354 0.0219181 0.0524514
0.744966 0.909091 1.08418 0.020326 0.0508519
0.765101 0.909091 1.08485 0.0186989 0.0490258
0.785235 0.909091 1.08556 0.0170308 0.0469391
0.805369 0.909091 1.08633 0.0153156 0.044551
0.825503 0.909091 1.08718 0.0135481 0.0418133
0.845638 0.909091 1.08815 0.0117251 0.0386688
0.865772 0.909091 1.08927 0.00984889 0.035051
0.885906 0.909091 1.09058 0.0079321 0.0308854
0.90604 0.909091 1.09217 0.0060064 0.0260928
0.926174 0.909091 1.09405 0.00413079 0.0206056
0.946309 0.909091 1.09634 0.00241151 0.0143795
0.966443 0.909091 1.09886 0.000985678 0.00747799
0.986577 0.909091 1.10137 0 0
1.00671 0.909091 0 0 0
1.02685 0.909091 0 0 0
1.04698 0.909091 0 0 0
1.06711 0.909091 0 0 0
1.08725 0.909091 0 0 0
1.10738 0.909091 0 0 0
1.12752 0.909091 0 0 0
1.14765 0.909091 0 0 0
1.16779 0.909091 0 0 0
1.18792 0.909091 0 0 0
1.20805 0.909091 0 0 0
1.22819 0.909091 0 0 0
1.24832 0.909091 0 0 0
1.26846 0.909091 0 0 0
1.28859 0.909091 0 0 0
1.30872 0.909091 0 0 0
1.32886 0.909091 0 0 0
1.34899 0.909091 0 0 0
1.36913 0.909091 0 0 0
1.38926 0.909091 0 0 0
1.4094 0.909091 0 0 0
1.42953 0.909091 0 0 0
1.44966 0.909091 0 0 0
1.4698 0.909091 0 0 0
1.48993 0.909091 0 0 0
1.51007 0.909091 0 0 0
1.5302 0.909091 0 0 0
1.55034 0.909091 0 0 0
1.57047 0.909091 0 0 0
1.5906 0.909091 0 0 0
1.61074 0.909091 0 0 0
1.63087 0.909091 0 0 0
1.65101 0.909091 0 0 0
1.67114 0.909091 0 0 0
1.69128 0.909091 0 0 0
1.71141 0.909091 0 0 0
1.73154 0.909091 0 0 0
1.75168 0.909091 0 0 0
1.77181 0.909091 0 0 0
1.79195 0.909091 0 0 0
1.81208 0.909091 0 0 0
1.83221 0.909091 0 0 0
1.85235 0.909091 0 0 0
1.87248 0.909091 0 0 0
1.89262 0.909091 0 0 0
1.91275 0.909091 0 0 0
1.93289 0.909091 0 0 0
1.95302 0.909091 0 0 0
1.97315 0.909091 0 0 0
1.99329 0.909091 0 0 0
2.01342 0.909091 0.999965 0 0
2.03356 0.909091 0.999982 5.64585e-06 -2.0722e-05
2.05369 0.909091 1 1.43621e-05 -4.17828e-05
2.07383 0.909091 1.00002 2.49508e-05 -6.05309e-05
2.09396 0.909091 1.00004 3.59438e-05 -7.55995e-05
2.11409 0.909091 1.00005 4.62641e-05 -8.66931e-05
2.13423 0.909091 1.00006 5.5276e-05 -9.40874e-05
2.15436 0.909091 1.00007 6.26883e-05 -9.83046e-05
2.1745 0.909091 1.00007 6.8438e-05 -9.99249e-05
2.19463 0.909091 1.00007 7.25972e-05 -9.94969e-05
2.21477 0.909091 1.00007 7.53095e-05 -9.75012e-05
2.2349 0.909091 1.00007 7.67499e-05 -9.43423e-05
2.25503 0.909091 1.00007 7.71007e-05 -9.0352e-05
2.27517 0.909091 1.00007 7.65383e-05 -8.57976e-05
2.2953 0.909091 1.00007 7.52258e-05 -8.08919e-05
2.31544 0.909091 1.00006 7.33102e-05 -7.58023e-05
2.33557 0.909091 1.00006 7.09213e-05 -7.06582e-05
2.3557 0.909091 1.00006 6.81719e-05 -6.55591e-05
2.37584 0.909091 1.00005 6.51591e-05 -6.05792e-05
2.39597 0.909091 1.00005 6.19656e-05 -5.5773e-05
2.41611 0.909091 1.00005 5.86608e-05 -5.11791e-05
2.43624 0.909091 1.00004 5.53028e-05 -4.68233e-05
2.45638 0.909091 1.00004 5.19392e-05 -4.27212e-05
2.47651 0.909091 1.00004 4.86089e-05 -3.88806e-05
2.49664 0.909091 1.00004 4.53428e-05 -3.53033e-05
2.51678 0.909091 1.00003 4.21655e-05 -3.19862e-05
2.53691 0.909091 1.00003 3.90956e-05 -2.89226e-05
2.55705 0.909091 1.00003 3.61466e-05 -2.61035e-05
2.57718 0.909091 1.00002 3.33283e-05 -2.35177e-05
2.59732 0.909091 1.00002 3.06466e-05 -2.11529e-05
2.61745 0.909091 1.00002 2.81047e-05 -1.89961e-05
2.63758 0.909091 1.00002 2.5703e-05 -1.70336e-05
2.65772 0.909091 1.00002 2.34401e-05 -1.52519e-05
2.67785 0.909091 1.00002 2.1313e-05 -1.36372e-05
2.69799 0.909091 1.00001 1.93172e-05 -1.21761e-05
2.71812 0.909091 1.00001 1.7447e-05 -1.08554e-05
2.73826 0.909091 1.00001 1.5696e-05 -9.66216e-06
2.75839 0.909091 1.00001 1.4057e-05 -8.58389e-06
2.77852 0.909091 1.00001 1.25222e-05 -7.60827e-06
2.79866 0.909091 1.00001 1.10836e-05 -6.72321e-06
2.81879 0.909091 1.00001 9.73271e-06 -5.91669e-06
2.83893 0.909091 1.00001 8.46068e-06 -5.17667e-06
2.85906 0.909091 1.00001 7.25857e-06 -4.49085e-06
2.87919 0.909091 1.00001 6.11721e-06 -3.8465e-06
2.89933 0.909091 1.00001 5.02722e-06 -3.23013e-06
2.91946 0.909091 1.00001 3.97897e-06 -2.62725e-06
2.9396 0.909091 1.00001 2.96259e-06 -2.0219e-06
2.95973 0.909091 1.00001 1.96784e-06 -1.39626e-06
2.97987 0.909091 1.00001 9.84086e-07 -7.30061e-07
3 0.909091 1.00001 0 0

0 0.929293 1 0.1 0
0.0201342 0.929293 1.12524 0.0879903 0.00378886
0.0402685 0.929293 1.10364 0.0857029 0.0113547
0.0604027 0.929293 1.07776 0.0823367 0.0189651
0.0805369 0.929293 1.06195 0.0782458 0.025853
0.100671 0.929293 1.05662 0.0741306 0.0317614
0.120805 0.929293 1.05784 0.0703704 0.0367001
0.14094 0.929293 1.06156 0.067065 0.0407871
0.161074 0.929293 1.06528 0.0641745 0.0441768
0.181208 0.929293 1.068 0.0616193 0.047014
0.201342 0.929293 1.06966 0.0593262 0.0494156
0.221477 0.929293 1.07054 0.05724 0.0514686
0.241611 0.929293 1.07094 0.0553204 0.0532354
0.261745 0.929293 1.07111 0.0535369 0.0547606
0.281879 0.929293 1.07121 0.0518652 0.0560763
0.302013 0.929293 1.07132 0.050285 0.0572068
0.322148 0.929293 1.07147 0.0487788 0.0581705
0.342282 0.929293 1.07169 0.0473321 0.0589824
0.362416 0.929293 1.07197 0.0459322 0.0596549
0.38255 0.929293 1.07231 0.0445687 0.0601982
0.402685 0.929293 1.07269 0.0432328 0.0606212
0.422819 0.929293 1.07311 0.0419172 0.0609314
0.442953 0.929293 1.07357 0.040616 0.0611352
0.463087 0.929293 1.07405 0.0393243 0.0612377
0.483221 0.929293 1.07455 0.038038 0.0612433
0.503356 0.929293 1.07506 0.0367539 0.0611548
0.52349 0.929293 1.07559 0.0354694 0.0609741
0.543624 0.929293 1.07613 0.0341822 0.0607018
0.563758 0.929293 1.07668 0.0328903 0.0603371
0.583893 0.929293 1.07722 0.0315919 0.0598776
0.604027 0.929293 1.07777 0.0302854 0.0593193
0.624161 0.929293 1.07832 0.0289687 0.0586565
0.644295 0.929293 1.07886 0.0276398 0.0578813
0.66443 0.929293 1.07941 0.0262962 0.0569836
0.684564 0.929293 1.07995 0.0249348 0.0559506
0.704698 0.929293 1.08049 0.0235516 0.0547667
0.724832 0.929293 1.08104 0.0221418 0.0534127
0.744966 0.929293 1.0816 0.0206995 0.0518655
0.765101 0.929293 1.08217 0.0192173 0.0500973
0.785235 0.929293 1.08278 0.0176862 0.0480742
0.805369 0.929293 1.08344 0.016096 0.0457553
0.825503 0.929293 1.08417 0.0144349 0.0430909
0.845638 0.929293 1.08502 0.0126909 0.0400199
0.865772 0.929293 1.08604 0.0108542 0.0364674
0.885906 0.929293 1.08728 0.00892088 0.0323429
0.90604 0.929293 1.08887 0.00690576 0.0275383
0.926174 0.929293 1.09079 0.00485023 0.0219452
0.946309 0.929293 1.09352 0.00287865 0.0154521
0.966443 0.929293 1.09628 0.00115496 0.00812024
0.986577 0.929293 1.10046 0 0
1.00671 0.929293 0 0 0
1.02685 0.929293 0 0 0
1.04698 0.929293 0 0 0
1.06711 0.929293 0 0 0
1.08725 0.929293 0 0 0
1.10738 0.929293 0 0 0
1.12752 0.929293 0 0 0
1.14765 0.929293 0 0 0
1.16779 0.929293 0 0 0
1.18792 0.929293 0 0 0
1.20805 0.929293 0 0 0
1.22819 0.929293 0 0 0
1.24832 0.929293 0 0 0
1.26846 0.929293 0 0 0
1.28859 0.929293 0 0 0
1.30872 0.929293 0 0 0
1.32886 0.929293 0 0 0
1.34899 0.929293 0 0 0
1.36913 0.929293 0 0 0
1.38926 0.929293 0 0 0
1.4094 0.929293 0 0 0
1.42953 0.929293 0 0 0
1.44966 0.929293 0 0 0
1.4698 0.929293 0 0 0
1.48993 0.929293 0 0 0
1.51007 0.929293 0 0 0
1.5302 0.929293 0 0 0
1.55034 0.929293 0 0 0
1.57047 0.929293 0 0 0
1.5906 0.929293 0 0 0
1.61074 0.929293 0 0 0
1.63087 0.929293 0 0 0
1.65101 0.929293 0 0 0
1.67114 0.929293 0 0 0
1.69128 0.929293 0 0 0
1.71141 0.929293 0 0 0
1.73154 0.929293 0 0 0
1.75168 0.929293 0 0 0
1.77181 0.929293 0 0 0
1.79195 0.929293 0 0 0
1.81208 0.929293 0 0 0
1.83221 0.929293 0 0 0
1.85235 0.929293 0 0 0
1.87248 0.929293 0 0 0
1.89262 0.929293 0 0 0
1.91275 0.929293 0 0 0
1.93289 0.929293 0 0 0
1.95302 0.929293 0 0 0
1.97315 0.929293 0 0 0
1.99329 0.929293 0 0 0
2.01342 0.929293 0.999944 0 0
2.03356 0.929293 0.999972 9.12026e-06 -2.72615e-05
2.05369 0.929293 1 2.24365e-05 -5.37154e-05
2.07383 0.929293 1.00003 3.72635e-05 -7.58605e-05
2.09396 0.929293 1.00005 5.14788e-05 -9.24256e-05
2.11409 0.929293 1.00006 6.38759e-05 -0.000103678
2.13423 0.929293 1.00007 7.39744e-05 -0.000110414
2.15436 0.929293 1.00008 8.17103e-05 -0.000113531
2.1745 0.929293 1.00009 8.72358e-05 -0.000113853
2.19463 0.929293 1.00009 9.07981e-05 -0.000112074
2.21477 0.929293 1.00009 9.26737e-05 -0.000108759
2.2349 0.929293 1.00009 9.31341e-05 -0.000104356
2.25503 0.929293 1.00008 9.24305e-05 -9.92192e-05
2.27517 0.929293 1.00008 9.07871e-05 -9.36225e-05
2.2953 0.929293 1.00008 8.84001e-05 -8.77787e-05
2.31544 0.929293 1.00007 8.54386e-05 -8.18505e-05
2.33557 0.929293 1.00007 8.20467e-05 -7.59606e-05
2.3557 0.929293 1.00006 7.83461e-05 -7.02006e-05
2.37584 0.929293 1.00006 7.4439e-05 -6.46369e-05
2.39597 0.929293 1.00006 7.04101e-05 -5.93162e-05
2.41611 0.929293 1.00005 6.63292e-05 -5.42696e-05
2.43624 0.929293 1.00005 6.22533e-05 -4.95162e-05
2.45638 0.929293 1.00005 5.82281e-05 -4.50654e-05
2.47651 0.929293 1.00004 5.42899e-05 -4.09195e-05
2.49664 0.929293 1.00004 5.0467e-05 -3.7075e-05
2.51678 0.929293 1.00004 4.67805e-05 -3.35243e-05
2.53691 0.929293 1.00003 4.3246e-05 -3.02569e-05
2.55705 0.929293 1.00003 3.9874e-05 -2.726e-05
2.57718 0.929293 1.00003 3.66709e-05 -2.45193e-05
2.59732 0.929293 1.00002 3.36398e-05 -2.20197e-05
2.61745 0.929293 1.00002 3.07808e-05 -1.97456e-05
2.63758 0.929293 1.00002 2.80918e-05 -1.76813e-05
2.65772 0.929293 1.00002 2.55686e-05 -1.58111e-05
2.67785 0.929293 1.00002 2.32059e-05 -1.41197e-05
2.69799 0.929293 1.00002 2.09967e-05 -1.25922e-05
2.71812 0.929293 1.00001 1.89334e-05 -1.12139e-05
2.73826 0.929293 1.00001 1.70074e-05 -9.97092e-06
2.75839 0.929293 1.00001 1.52097e-05 -8.84955e-06
2.77852 0.929293 1.00001 1.35309e-05 -7.83662e-06
2.79866 0.929293 1.00001 1.19613e-05 -6.91921e-06
2.81879 0.929293 1.00001 1.04907e-05 -6.08456e-06
2.83893 0.929293 1.00001 9.10921e-06 -5.31995e-06
2.85906 0.929293 1.00001 7.80642e-06 -4.61246e-06
2.87919 0.929293 1.00001 6.57201e-06 -3.94874e-06
2.89933 0.929293 1.00001 5.39546e-06 -3.31475e-06
2.91946 0.929293 1.00001 4.26616e-06 -2.69536e-06
2.9396 0.929293 1.00001 3.17326e-06 -2.07402e-06
2.95973 0.929293 1.00001 2.10567e-06 -1.43222e-06
2.97987 0.929293 1.00001 1.05193e-06 -7.48944e-07
3 0.929293 1.00001 0 0

0 0.949495 1 0.1 0
0.0201342 0.949495 1.19552 0.0837475 0.00709253
0.0402685 0.949495 1.19368 0.0805802 0.0178483
0.0604027 0.949495 1.18586 0.0766342 0.0262926
0.0805369 0.949495 1.16723 0.0727133 0.0325384
0.100671 0.949495 1.14344 0.0689549 0.0372292
0.120805 0.949495 1.12054 0.0654495 0.0409541
0.14094 0.949495 1.10213 0.0622705 0.0440531
0.161074 0.949495 1.08898 0.0594565 0.0467058
0.181208 0.949495 1.08034 0.0569961 0.0490101
0.201342 0.949495 1.07502 0.0548448 0.0510262
0.221477 0.949495 1.07193 0.0529455 0.0527956
0.241611 0.949495 1.07022 0.0512436 0.0543496
0.261745 0.949495 1.06937 0.0496929 0.055712
0.281879 0.949495 1.06901 0.0482567 0.0569019
0.302013 0.949495 1.06896 0.0469074 0.0579347
0.322148 0.949495 1.06909 0.0456237 0.0588228
0.342282 0.949495 1.06933 0.0443895 0.0595769
0.362416 0.949495 1.06966 0.0431925 0.0602059
0.38255 0.949495 1.07005 0.0420229 0.0607177
0.402685 0.949495 1.07048 0.0408733 0.0611191
0.422819 0.949495 1.07094 0.0397374 0.0614161
0.442953 0.949495 1.07142 0.0386106 0.0616138
0.463087 0.949495 1.07192 0.0374889 0.0617162
0.483221 0.949495 1.07243 0.0363695 0.0617268
0.503356 0.949495 1.07295 0.0352498 0.0616478
0.52349 0.949495 1.07348 0.0341278 0.0614805
0.543624 0.949495 1.07401 0.0330021 0.061225
0.563758 0.949495 1.07454 0.0318711 0.0608802
0.583893 0.949495 1.07506 0.0307337 0.0604436
0.604027 0.949495 1.07558 0.0295883 0.0599111
0.624161 0.949495 1.07609 0.0284336 0.059277
0.644295 0.949495 1.07658 0.0272676 0.0585335
0.66443 0.949495 1.07707 0.026088 0.0576708
0.684564 0.949495 1.07755 0.0248917 0.0566768
0.704698 0.949495 1.07802 0.0236748 0.0555364
0.724832 0.949495 1.07848 0.0224321 0.0542314
0.744966 0.949495 1.07894 0.021157 0.0527398
0.765101 0.949495 1.07941 0.0198409 0.051035
0.785235 0.949495 1.07989 0.0184732 0.0490848
0.805369 0.949495 1.08041 0.01704 0.0468498
0.825503 0.949495 1.08099 0.0155245 0.0442815
0.845638 0.949495 1.08169 0.0139058 0.0413189
0.865772 0.949495 1.08258 0.0121602 0.037884
0.885906 0.949495 1.08374 0.0102616 0.0338762
0.90604 0.949495 1.08543 0.00819566 0.0291606
0.926174 0.949495 1.08756 0.00595587 0.0235784
0.946309 0.949495 1.09142 0.00366517 0.0169011
0.966443 0.949495 1.09463 0.00146541 0.0091319
0.986577 0.949495 1.10107 0 0
1.00671 0.949495 0 0 0
1.02685 0.949495 0 0 0
1.04698 0.949495 0 0 0
1.06711 0.949495 0 0 0
1.08725 0.949495 0 0 0
1.10738 0.949495 0 0 0
1.12752 0.949495 0 0 0
1.14765 0.949495 0 0 0
1.16779 0.949495 0 0 0
1.18792 0.949495 0 0 0
1.20805 0.949495 0 0 0
1.22819 0.949495 0 0 0
1.24832 0.949495 0 0 0
1.26846 0.949495 0 0 0
1.28859 0.949495 0 0 0
1.30872 0.949495 0 0 0
1.32886 0.949495 0 0 0
1.34899 0.949495 0 0 0
1.36913 0.949495 0 0 0
1.38926 0.949495 0 0 0
1.4094 0.949495 0 0 0
1.42953 0.949495 0 0 0
1.44966 0.949495 0 0 0
1.4698 0.949495 0 0 0
1.48993 0.949495 0 0 0
1.51007 0.949495 0 0 0
1.5302 0.949495 0 0 0
1.55034 0.949495 0 0 0
1.57047 0.949495 0 0 0
1.5906 0.949495 0 0 0
1.61074 0.949495 0 0 0
1.63087 0.949495 0 0 0
1.65101 0.949495 0 0 0
1.67114 0.949495 0 0 0
1.69128 0.949495 0 0 0
1.71141 0.949495 0 0 0
1.73154 0.949495 0 0 0
1.75168 0.949495 0 0 0
1.77181 0.949495 0 0 0
1.79195 0.949495 0 0 0
1.81208 0.949495 0 0 0
1.83221 0.949495 0 0 0
1.85235 0.949495 0 0 0
1.87248 0.949495 0 0 0
1.89262 0.949495 0 0 0
1.91275 0.949495 0 0 0
1.93289 0.949495 0 0 0
1.95302 0.949495 0 0 0
1.97315 0.949495 0 0 0
1.99329 0.949495 0 0 0
2.01342 0.949495 0.999906 0 0
2.03356 0.949495 0.99996 1.52496e-05 -3.77577e-05
2.05369 0.949495 1 3.60348e-05 -7.09355e-05
2.07383 0.949495 1.00004 5.64482e-05 -9.62049e-05
2.09396 0.949495 1.00006 7.40989e-05 -0.000113288
2.11409 0.949495 1.00008 8.81365e-05 -0.000123646
2.13423 0.949495 1.00009 9.86118e-05 -0.000128828
2.15436 0.949495 1.0001 0.000105897 -0.000130158
2.1745 0.949495 1.0001 0.000110461 -0.000128679
2.19463 0.949495 1.0001 0.000112766 -0.000125191
2.21477 0.949495 1.0001 0.000113232 -0.000120306
2.2349 0.949495 1.0001 0.000112224 -0.000114487
2.25503 0.949495 1.0001 0.000110053 -0.000108087
2.27517 0.949495 1.00009 0.00010698 -0.00010137
2.2953 0.949495 1.00009 0.000103225 -9.45387e-05
2.31544 0.949495 1.00008 9.89707e-05 -8.77421e-05
2.33557 0.949495 1.00008 9.43673e-05 -8.10905e-05
2.3557 0.949495 1.00007 8.95394e-05 -7.46634e-05
2.37584 0.949495 1.00007 8.45887e-05 -6.85161e-05
2.39597 0.949495 1.00006 7.95979e-05 -6.26855e-05
2.41611 0.949495 1.00006 7.46334e-05 -5.71939e-05
2.43624 0.949495 1.00005 6.97481e-05 -5.20523e-05
2.45638 0.949495 1.00005 6.49833e-05 -4.72633e-05
2.47651 0.949495 1.00005 6.03707e-05 -4.28227e-05
2.49664 0.949495 1.00004 5.59339e-05 -3.87219e-05
2.51678 0.949495 1.00004 5.16895e-05 -3.49483e-05
2.53691 0.949495 1.00004 4.76487e-05 -3.14873e-05
2.55705 0.949495 1.00003 4.38178e-05 -2.83222e-05
2.57718 0.949495 1.00003 4.01993e-05 -2.54356e-05
2.59732 0.949495 1.00003 3.67923e-05 -2.28096e-05
2.61745 0.949495 1.00002 3.35936e-05 -2.0426e-05
2.63758 0.949495 1.00002 3.05977e-05 -1.82669e-05
2.65772 0.949495 1.00002 2.77976e-05 -1.63148e-05
2.67785 0.949495 1.00002 2.51847e-05 -1.45526e-05
2.69799 0.949495 1.00002 2.27497e-05 -1.2964e-05
2.71812 0.949495 1.00002 2.04825e-05 -1.1533e-05
2.73826 0.949495 1.00001 1.83722e-05 -1.02446e-05
2.75839 0.949495 1.00001 1.64079e-05 -9.08407e-06
2.77852 0.949495 1.00001 1.45781e-05 -8.03741e-06
2.79866 0.949495 1.00001 1.28713e-05 -7.09088e-06
2.81879 0.949495 1.00001 1.12759e-05 -6.23104e-06
2.83893 0.949495 1.00001 9.78027e-06 -5.44454e-06
2.85906 0.949495 1.00001 8.37276e-06 -4.71786e-06
2.87919 0.949495 1.00001 7.04171e-06 -4.03712e-06
2.89933 0.949495 1.00001 5.77544e-06 -3.38772e-06
2.91946 0.949495 1.00001 4.56224e-06 -2.75401e-06
2.9396 0.949495 1.00001 3.39027e-06 -2.11886e-06
2.95973 0.949495 1.00001 2.24752e-06 -1.46315e-06
2.97987 0.949495 1.00001 1.12168e-06 -7.65194e-07
3 0.949495 1.00001 0 0

0 0.969697 1 0.1 0
0.0201342 0.969697 1.08322 0.0807264 0.00527921
0.0402685 0.969697 0.999966 0.0747437 0.0188511
0.0604027 0.969697 0.980375 0.0679159 0.0283436
0.0805369 0.969697 0.990181 0.0626001 0.0351495
0.100671 0.969697 1.01 0.0587521 0.0399313
0.120805 0.969697 1.02885 0.0559686 0.0434562
0.14094 0.969697 1.04309 0.0538295 0.0462141
0.161074 0.969697 1.05255 0.0520628 0.0484981
0.181208 0.969697 1.05831 0.050518 0.0504673
0.201342 0.969697 1.06161 0.049118 0.0522048
0.221477 0.969697 1.06345 0.0478235 0.0537535
0.241611 0.969697 1.06449 0.0466114 0.0551365
0.261745 0.969697 1.06513 0.0454661 0.0563681
0.281879 0.969697 1.06559 0.0443749 0.0574584
0.302013 0.969697 1.066 0.0433269 0.0584156
0.322148 0.969697 1.06641 0.0423126 0.059247
0.342282 0.969697 1.06683 0.0413239 0.0599591
0.362416 0.969697 1.06728 0.0403538 0.0605582
0.38255 0.969697 1.06775 0.0393966 0.0610497
0.402685 0.969697 1.06824 0.0384478 0.0614388
0.422819 0.969697 1.06874 0.0375036 0.0617301
0.442953 0.969697 1.06926 0.0365611 0.0619276
0.463087 0.969697 1.06978 0.0356181 0.0620347
0.483221 0.969697 1.07031 0.0346727 0.0620539
0.503356 0.969697 1.07084 0.0337238 0.0619871
0.52349 0.969697 1.07136 0.0327703 0.061835
0.543624 0.969697 1.07188 0.0318115 0.0615974
0.563758 0.969697 1.07239 0.0308467 0.0612731
0.583893 0.969697 1.07289 0.0298752 0.0608593
0.604027 0.969697 1.07337 0.0288964 0.060352
0.624161 0.969697 1.07384 0.0279092 0.0597455
0.644295 0.969697 1.07429 0.0269123 0.0590325
0.66443 0.969697 1.07472 0.0259038 0.0582035
0.684564 0.969697 1.07513 0.0248811 0.057247
0.704698 0.969697 1.07552 0.0238406 0.0561486
0.724832 0.969697 1.07589 0.0227776 0.0548915
0.744966 0.969697 1.07624 0.0216857 0.0534549
0.765101 0.969697 1.07657 0.0205563 0.0518143
0.785235 0.969697 1.0769 0.0193785 0.04994
0.805369 0.969697 1.07724 0.0181374 0.0477956
0.825503 0.969697 1.07761 0.0168139 0.0453365
0.845638 0.969697 1.07804 0.0153825 0.0425056
0.865772 0.969697 1.07859 0.0138102 0.0392282
0.885906 0.969697 1.0793 0.012051 0.0354031
0.90604 0.969697 1.08042 0.0100562 0.0308771
0.926174 0.969697 1.08163 0.00773347 0.0254509
0.946309 0.969697 1.08513 0.00512822 0.0186994
0.966443 0.969697 1.08562 0.00203057 0.0105231
0.986577 0.969697 1.10398 0 0
1.00671 0.969697 0 0 0
1.02685 0.969697 0 0 0
1.04698 0.969697 0 0 0
1.06711 0.969697 0 0 0
1.08725 0.969697 0 0 0
1.10738 0.969697 0 0 0
1.12752 0.969697 0 0 0
1.14765 0.969697 0 0 0
1.16779 0.969697 0 0 0
1.18792 0.969697 0 0 0
1.20805 0.969697 0 0 0
1.22819 0.969697 0 0 0
1.24832 0.969697 0 0 0
1.26846 0.969697 0 0 0
1.28859 0.969697 0 0 0
1.30872 0.969697 0 0 0
1.32886 0.969697 0 0 0
1.34899 0.969697 0 0 0
1.36913 0.969697 0 0 0
1.38926 0.969697 0 0 0
1.4094 0.969697 0 0 0
1.42953 0.969697 0 0 0
1.44966 0.969697 0 0 0
1.4698 0.969697 0 0 0
1.48993 0.969697 0 0 0
1.51007 0.969697 0 0 0
1.5302 0.969697 0 0 0
1.55034 0.969697 0 0 0
1.57047 0.969697 0 0 0
1.5906 0.969697 0 0 0
1.61074 0.969697 0 0 0
1.63087 0.969697 0 0 0
1.65101 0.969697 0 0 0
1.67114 0.969697 0 0 0
1.69128 0.969697 0 0 0
1.71141 0.969697 0 0 0
1.73154 0.969697 0 0 0
1.75168 0.969697 0 0 0
1.77181 0.969697 0 0 0
1.79195 0.969697 0 0 0
1.81208 0.969697 0 0 0
1.83221 0.969697 0 0 0
1.85235 0.969697 0 0 0
1.87248 0.969697 0 0 0
1.89262 0.969697 0 0 0
1.91275 0.969697 0 0 0
1.93289 0.969697 0 0 0
1.95302 0.969697 0 0 0
1.97315 0.969697 0 0 0
1.99329 0.969697 0 0 0
2.01342 0.969697 0.999815 0 0
2.03356 0.969697 0.999958 2.73734e-05 -5.54984e-05
2.05369 0.969697 1.00001 6.02688e-05 -9.61326e-05
2.07383 0.969697 1.00006 8.67888e-05 -0.000122757
2.09396 0.969697 1.00009 0.000106866 -0.000138344
2.11409 0.969697 1.00011 0.000121075 -0.000146243
2.13423 0.969697 1.00012 0.000130483 -0.000148791
2.15436 0.969697 1.00012 0.000136056 -0.000147621
2.1745 0.969697 1.00012 0.000138608 -0.00014388
2.19463 0.969697 1.00012 0.000138797 -0.000138392
2.21477 0.969697 1.00012 0.000137157 -0.000131755
2.2349 0.969697 1.00011 0.000134113 -0.00012441
2.25503 0.969697 1.00011 0.000130011 -0.000116683
2.27517 0.969697 1.0001 0.00012513 -0.000108815
2.2953 0.969697 1.0001 0.000119695 -0.000100984
2.31544 0.969697 1.00009 0.000113889 -9.33208e-05
2.33557 0.969697 1.00009 0.000107859 -8.59173e-05
2.3557 0.969697 1.00008 0.000101725 -7.88381e-05
2.37584 0.969697 1.00007 9.55803e-05 -7.21252e-05
2.39597 0.969697 1.00007 8.95013e-05 -6.58042e-05
2.41611 0.969697 1.00006 8.35466e-05 -5.98873e-05
2.43624 0.969697 1.00006 7.77619e-05 -5.43772e-05
2.45638 0.969697 1.00005 7.21812e-05 -4.92687e-05
2.47651 0.969697 1.00005 6.68294e-05 -4.45515e-05
2.49664 0.969697 1.00005 6.17236e-05 -4.02111e-05
2.51678 0.969697 1.00004 5.68745e-05 -3.62303e-05
2.53691 0.969697 1.00004 5.22874e-05 -3.25899e-05
2.55705 0.969697 1.00003 4.79634e-05 -2.92699e-05
2.57718 0.969697 1.00003 4.39001e-05 -2.62495e-05
2.59732 0.969697 1.00003 4.00924e-05 -2.35079e-05
2.61745 0.969697 1.00003 3.65325e-05 -2.10247e-05
2.63758 0.969697 1.00002 3.32115e-05 -1.87798e-05
2.65772 0.969697 1.00002 3.01185e-05 -1.67538e-05
2.67785 0.969697 1.00002 2.7242e-05 -1.49281e-05
2.69799 0.969697 1.00002 2.45696e-05 -1.32848e-05
2.71812 0.969697 1.00002 2.20885e-05 -1.1807e-05
2.73826 0.969697 1.00001 1.97854e-05 -1.04783e-05
2.75839 0.969697 1.00001 1.7647e-05 -9.28332e-06
2.77852 0.969697 1.00001 1.56598e-05 -8.20709e-06
2.79866 0.969697 1.00001 1.38103e-05 -7.2352e-06
2.81879 0.969697 1.00001 1.20853e-05 -6.35356e-06
2.83893 0.969697 1.00001 1.04714e-05 -5.54825e-06
2.85906 0.969697 1.00001 8.95549e-06 -4.80521e-06
2.87919 0.969697 1.00001 7.52459e-06 -4.11007e-06
2.89933 0.969697 1.00001 6.16576e-06 -3.44776e-06
2.91946 0.969697 1.00001 4.86614e-06 -2.80215e-06
2.9396 0.969697 1.00001 3.61283e-06 -2.15561e-06
2.95973 0.969697 1.00001 2.39287e-06 -1.4885e-06
2.97987 0.969697 1.00001 1.1931e-06 -7.78524e-07
3 0.969697 1.00001 0 0

0 0.989899 1 0.1 0
0.0201342 0.989899 1.55456 0.058198 0.025844
0.0402685 0.989899 1.34524 0.0600634 0.0342473
0.0604027 0.989899 1.25373 0.0567222 0.037597
0.0805369 0.989899 1.18071 0.0538359 0.040282
0.100671 0.989899 1.13346 0.05118 0.042765
0.120805 0.989899 1.10304 0.0490136 0.0451218
0.14094 0.989899 1.08451 0.0472716 0.0473028
0.161074 0.989899 1.07375 0.045862 0.0492894
0.181208 0.989899 1.06783 0.044691 0.0510852
0.201342 0.989899 1.06478 0.0436829 0.0527043
0.221477 0.989899 1.06336 0.0427822 0.0541621
0.241611 0.989899 1.06285 0.0419507 0.0554718
0.261745 0.989899 1.06283 0.0411629 0.056644
0.281879 0.989899 1.06307 0.0404022 0.0576872
0.302013 0.989899 1.06345 0.0396576 0.0586082
0.322148 0.989899 1.0639 0.0389217 0.0594127
0.342282 0.989899 1.0644 0.0381893 0.0601063
0.362416 0.989899 1.06492 0.037457 0.0606938
0.38255 0.989899 1.06546 0.036722 0.0611797
0.402685 0.989899 1.066 0.0359825 0.0615682
0.422819 0.989899 1.06655 0.0352372 0.0618633
0.442953 0.989899 1.0671 0.0344853 0.0620682
0.463087 0.989899 1.06765 0.0337261 0.0621857
0.483221 0.989899 1.06819 0.0329594 0.0622181
0.503356 0.989899 1.06872 0.0321853 0.0621667
0.52349 0.989899 1.06924 0.0314038 0.062032
0.543624 0.989899 1.06975 0.0306152 0.0618138
0.563758 0.989899 1.07024 0.0298196 0.0615104
0.583893 0.989899 1.07072 0.0290173 0.0611193
0.604027 0.989899 1.07117 0.0282082 0.0606364
0.624161 0.989899 1.07159 0.027392 0.0600562
0.644295 0.989899 1.07199 0.0265682 0.0593717
0.66443 0.989899 1.07236 0.0257356 0.0585739
0.684564 0.989899 1.0727 0.0248924 0.0576517
0.704698 0.989899 1.073 0.0240358 0.056592
0.724832 0.989899 1.07327 0.0231619 0.0553787
0.744966 0.989899 1.0735 0.0222656 0.053993
0.765101 0.989899 1.0737 0.0213395 0.0524122
0.785235 0.989899 1.07386 0.0203738 0.0506097
0.805369 0.989899 1.074 0.0193554 0.0485531
0.825503 0.989899 1.07414 0.0182661 0.0462037
0.845638 0.989899 1.07431 0.0170805 0.0435131
0.865772 0.989899 1.07462 0.0157633 0.0404198
0.885906 0.989899 1.07515 0.0142553 0.0368429
0.90604 0.989899 1.07675 0.0124926 0.0326627
0.926174 0.989899 1.0784 0.0102679 0.0277037
0.946309 0.989899 1.08894 0.00763921 0.0215679
0.966443 0.989899 1.08789 0.00345665 0.0134444
0.986577 0.989899 1.16107 0 0
1.00671 0.989899 0 0 0
1.02685 0.989899 0 0 0
1.04698 0.989899 0 0 0
1.06711 0.989899 0 0 0
1.08725 0.989899 0 0 0
1.10738 0.989899 0 0 0
1.12752 0.989899 0 0 0
1.14765 0.989899 0 0 0
1.16779 0.989899 0 0 0
1.18792 0.989899 0 0 0
1.20805 0.989899 0 0 0
1.22819 0.989899 0 0 0
1.24832 0.989899 0 0 0
1.26846 0.989899 0 0 0
1.28859 0.989899 0 0 0
1.30872 0.989899 0 0 0
1.32886 0.989899 0 0 0
1.34899 0.989899 0 0 0
1.36913 0.989899 0 0 0
1.38926 0.989899 0 0 0
1.4094 0.989899 0 0 0
1.42953 0.989899 0 0 0
1.44966 0.989899 0 0 0
1.4698 0.989899 0 0 0
1.48993 0.989899 0 0 0
1.51007 0.989899 0 0 0
1.5302 0.989899 0 0 0
1.55034 0.989899 0 0 0
1.57047 0.989899 0 0 0
1.5906 0.989899 0 0 0
1.61074 0.989899 0 0 0
1.63087 0.989899 0 0 0
1.65101 0.989899 0 0 0
1.67114 0.989899 0 0 0
1.69128 0.989899 0 0 0
1.71141 0.989899 0 0 0
1.73154 0.989899 0 0 0
1.75168 0.989899 0 0 0
1.77181 0.989899 0 0 0
1.79195 0.989899 0 0 0
1.81208 0.989899 0 0 0
1.83221 0.989899 0 0 0
1.85235 0.989899 0 0 0
1.87248 0.989899 0 0 0
1.89262 0.989899 0 0 0
1.91275 0.989899 0 0 0
1.93289 0.989899 0 0 0
1.95302 0.989899 0 0 0
1.97315 0.989899 0 0 0
1.99329 0.989899 0 0 0
2.01342 0.989899 0.999442 0 0
2.03356 0.989899 0.999939 5.75786e-05 -9.09076e-05
2.05369 0.989899 1.00003 0.000104925 -0.000133723
2.07383 0.989899 1.00009 0.000134185 -0.000155948
2.09396 0.989899 1.00012 0.000153072 -0.000166671
2.11409 0.989899 1.00014 0.000164452 -0.000170271
2.13423 0.989899 1.00015 0.000170498 -0.000169196
2.15436 0.989899 1.00015 0.000172634 -0.000164996
2.1745 0.989899 1.00015 0.000171872 -0.000158715
2.19463 0.989899 1.00014 0.000168952 -0.000151085
2.21477 0.989899 1.00014 0.000164435 -0.000142635
2.2349 0.989899 1.00013 0.000158752 -0.000133748
2.25503 0.989899 1.00012 0.00015224 -0.000124705
2.27517 0.989899 1.00012 0.000145165 -0.000115711
2.2953 0.989899 1.00011 0.000137737 -0.000106915
2.31544 0.989899 1.0001 0.000130124 -9.84227e-05
2.33557 0.989899 1.00009 0.000122458 -9.03063e-05
2.3557 0.989899 1.00009 0.000114843 -8.26132e-05
2.37584 0.989899 1.00008 0.00010736 -7.53717e-05
2.39597 0.989899 1.00008 0.000100072 -6.8595e-05
2.41611 0.989899 1.00007 9.30255e-05 -6.22854e-05
2.43624 0.989899 1.00006 8.62559e-05 -5.64367e-05
2.45638 0.989899 1.00006 7.97872e-05 -5.10363e-05
2.47651 0.989899 1.00005 7.36353e-05 -4.60676e-05
2.49664 0.989899 1.00005 6.78089e-05 -4.15104e-05
2.51678 0.989899 1.00004 6.23111e-05 -3.73429e-05
2.53691 0.989899 1.00004 5.71404e-05 -3.35419e-05
2.55705 0.989899 1.00004 5.22916e-05 -3.00836e-05
2.57718 0.989899 1.00003 4.77567e-05 -2.69443e-05
2.59732 0.989899 1.00003 4.3525e-05 -2.41007e-05
2.61745 0.989899 1.00003 3.95844e-05 -2.15299e-05
2.63758 0.989899 1.00003 3.59213e-05 -1.92099e-05
2.65772 0.989899 1.00002 3.25212e-05 -1.71195e-05
2.67785 0.989899 1.00002 2.93688e-05 -1.52387e-05
2.69799 0.989899 1.00002 2.64486e-05 -1.35484e-05
2.71812 0.989899 1.00002 2.37446e-05 -1.20304e-05
2.73826 0.989899 1.00002 2.1241e-05 -1.06675e-05
2.75839 0.989899 1.00001 1.89219e-05 -9.44339e-06
2.77852 0.989899 1.00001 1.67715e-05 -8.34234e-06
2.79866 0.989899 1.00001 1.47745e-05 -7.34932e-06
2.81879 0.989899 1.00001 1.29156e-05 -6.44969e-06
2.83893 0.989899 1.00001 1.11797e-05 -5.629e-06
2.85906 0.989899 1.00001 9.55223e-06 -4.87276e-06
2.87919 0.989899 1.00001 8.01869e-06 -4.16614e-06
2.89933 0.989899 1.00001 6.56485e-06 -3.49367e-06
2.91946 0.989899 1.00001 5.17662e-06 -2.83882e-06
2.9396 0.989899 1.00001 3.84005e-06 -2.18355e-06
2.95973 0.989899 1.00001 2.54115e-06 -1.50776e-06
2.97987 0.989899 1.00001 1.2659e-06 -7.88663e-07
3 0.989899 1.00001 0 0

0 1.0101 0.387053 0 0
0.0201342 1.0101 0.747097 0.00974012 0.0314124
0.0402685 1.0101 0.841112 0.0226588 0.0395609
0.0604027 1.0101 0.932207 0.0289927 0.0423858
0.0805369 1.0101 0.981116 0.0330912 0.0439896
0.100671 1.0101 1.01262 0.0353617 0.0453292
0.120805 1.0101 1.03146 0.0366448 0.046759
0.14094 1.0101 1.04268 0.0373137 0.0482735
0.161074 1.0101 1.04927 0.0376045 0.0498203
0.181208 1.0101 1.05317 0.0376552 0.0513422
0.201342 1.0101 1.05556 0.0375499 0.0527977
0.221477 1.0101 1.05712 0.0373399 0.0541608
0.241611 1.0101 1.05824 0.0370568 0.0554173
0.261745 1.0101 1.05913 0.0367201 0.0565607
0.281879 1.0101 1.0599 0.0363421 0.0575896
0.302013 1.0101 1.0606 0.0359304 0.0585052
0.322148 1.0101 1.06127 0.0354903 0.0593104
0.342282 1.0101 1.06192 0.0350253 0.0600085
0.362416 1.0101 1.06255 0.034538 0.0606037
0.38255 1.0101 1.06317 0.0340304 0.0610999
0.402685 1.0101 1.06378 0.0335042 0.0615008
0.422819 1.0101 1.06437 0.0329608 0.06181
0.442953 1.0101 1.06496 0.0324018 0.0620306
0.463087 1.0101 1.06553 0.0318284 0.0621651
0.483221 1.0101 1.06608 0.0312421 0.0622156
0.503356 1.0101 1.06662 0.030644 0.0621832
0.52349 1.0101 1.06714 0.0300356 0.0620686
0.543624 1.0101 1.06763 0.0294181 0.0618711
0.563758 1.0101 1.06811 0.0287927 0.0615893
0.583893 1.0101 1.06855 0.0281603 0.0612206
0.604027 1.0101 1.06897 0.0275218 0.0607611
0.624161 1.0101 1.06935 0.0268779 0.0602054
0.644295 1.0101 1.0697 0.0262286 0.0595468
0.66443 1.0101 1.07001 0.0255738 0.0587767
0.684564 1.0101 1.07027 0.0249126 0.0578848
0.704698 1.0101 1.07049 0.0242435 0.0568584
0.724832 1.0101 1.07065 0.0235639 0.0556828
0.744966 1.0101 1.07076 0.0228704 0.0543402
0.765101 1.0101 1.0708 0.0221578 0.0528101
0.785235 1.0101 1.07078 0.0214195 0.051068
0.805369 1.0101 1.07068 0.0206467 0.0490851
0.825503 1.0101 1.07049 0.0198278 0.0468275
0.845638 1.0101 1.0702 0.0189482 0.0442538
0.865772 1.0101 1.06977 0.017991 0.0413138
0.885906 1.0101 1.06902 0.0169312 0.0379427
0.90604 1.0101 1.06806 0.0157605 0.0340566
0.926174 1.0101 1.06508 0.014401 0.0295159
0.946309 1.0101 1.06287 0.0129761 0.0241592
0.966443 1.0101 1.04648 0.0108907 0.0174011
0.986577 1.0101 1.04067 0.00858942 0.00950089
1.00671 1.0101 0.931226 0 0
1.02685 1.0101 0.990007 0 0
1.04698 1.0101 0.998353 0 0
1.06711 1.0101 1.00197 0 0
1.08725 1.0101 1.00406 0 0
1.10738 1.0101 1.00543 0 0
1.12752 1.0101 1.00632 0 0
1.14765 1.0101 1.00689 0 0
1.16779 1.0101 1.00723 0 0
1.18792 1.0101 1.00741 0 0
1.20805 1.0101 1.00746 0 0
1.22819 1.0101 1.00742 0 0
1.24832 1.0101 1.00732 0 0
1.26846 1.0101 1.00716 0 0
1.28859 1.0101 1.00696 0 0
1.30872 1.0101 1.00674 0 0
1.32886 1.0101 1.0065 0 0
1.34899 1.0101 1.00624 0 0
1.36913 1.0101 1.00598 0 0
1.38926 1.0101 1.00571 0 0
1.4094 1.0101 1.00544 0 0
1.42953 1.0101 1.00517 0 0
1.44966 1.0101 1.0049 0 0
1.4698 1.0101 1.00463 0 0
1.48993 1.0101 1.00437 0 0
1.51007 1.0101 1.00412 0 0
1.5302 1.0101 1.00388 0 0
1.55034 1.0101 1.00365 0 0
1.57047 1.0101 1.00342 0 0
1.5906 1.0101 1.0032 0 0
1.61074 1.0101 1.00299 0 0
1.63087 1.0101 1.0028 0 0
1.65101 1.0101 1.00261 0 0
1.67114 1.0101 1.00243 0 0
1.69128 1.0101 1.00226 0 0
1.71141 1.0101 1.0021 0 0
1.73154 1.0101 1.00194 0 0
1.75168 1.0101 1.0018 0 0
1.77181 1.0101 1.00167 0 0
1.79195 1.0101 1.00154 0 0
1.81208 1.0101 1.00142 0 0
1.83221 1.0101 1.00131 0 0
1.85235 1.0101 1.00121 0 0
1.87248 1.0101 1.00111 0 0
1.89262 1.0101 1.00102 0 0
1.91275 1.0101 1.00094 0 0
1.93289 1.0101 1.00087 0 0
1.95302 1.0101 1.00081 0 0
1.97315 1.0101 1.00079 0 0
1.99329 1.0101 1.00099 0 0
2.01342 1.0101 0.999991 0.00012274 -9.74949e-05
2.03356 1.0101 1.00016 0.000160263 -0.000149135
2.05369 1.0101 1.00016 0.000189259 -0.000177207
2.07383 1.0101 1.00018 0.000205886 -0.000190162
2.09396 1.0101 1.00018 0.000215194 -0.000194435
2.11409 1.0101 1.00019 0.000218962 -0.000193176
2.13423 1.0101 1.00018 0.000218689 -0.000188305
2.15436 1.0101 1.00018 0.000215433 -0.000181061
2.1745 1.0101 1.00017 0.000209992 -0.000172294
2.19463 1.0101 1.00017 0.000202968 -0.000162608
2.21477 1.0101 1.00016 0.000194826 -0.000152441
2.2349 1.0101 1.00015 0.000185927 -0.000142109
2.25503 1.0101 1.00014 0.000176552 -0.000131844
2.27517 1.0101 1.00013 0.000166922 -0.000121813
2.2953 1.0101 1.00012 0.000157212 -0.000112134
2.31544 1.0101 1.00011 0.000147556 -0.000102887
2.33557 1.0101 1.0001 0.000138059 -9.41262e-05
2.3557 1.0101 1.0001 0.000128803 -8.58812e-05
2.37584 1.0101 1.00009 0.000119849 -7.81666e-05
2.39597 1.0101 1.00008 0.00011124 -7.09843e-05
2.41611 1.0101 1.00008 0.00010301 -6.43267e-05
2.43624 1.0101 1.00007 9.51779e-05 -5.81795e-05
2.45638 1.0101 1.00006 8.77559e-05 -5.25231e-05
2.47651 1.0101 1.00006 8.07486e-05 -4.73347e-05
2.49664 1.0101 1.00005 7.41549e-05 -4.25893e-05
2.51678 1.0101 1.00005 6.7969e-05 -3.82605e-05
2.53691 1.0101 1.00004 6.21813e-05 -3.43214e-05
2.55705 1.0101 1.00004 5.67794e-05 -3.07449e-05
2.57718 1.0101 1.00004 5.17486e-05 -2.75046e-05
2.59732 1.0101 1.00003 4.70725e-05 -2.45747e-05
2.61745 1.0101 1.00003 4.27337e-05 -2.19303e-05
2.63758 1.0101 1.00003 3.87138e-05 -1.95476e-05
2.65772 1.0101 1.00002 3.49939e-05 -1.74039e-05
2.67785 1.0101 1.00002 3.15549e-05 -1.54777e-05
2.69799 1.0101 1.00002 2.83775e-05 -1.3749e-05
2.71812 1.0101 1.00002 2.54428e-05 -1.21984e-05
2.73826 1.0101 1.00002 2.2732e-05 -1.0808e-05
2.75839 1.0101 1.00001 2.02265e-05 -9.56066e-06
2.77852 1.0101 1.00001 1.79082e-05 -8.44006e-06
2.79866 1.0101 1.00001 1.57594e-05 -7.43062e-06
2.81879 1.0101 1.00001 1.3763e-05 -6.5172e-06
2.83893 1.0101 1.00001 1.19021e-05 -5.68491e-06
2.85906 1.0101 1.00001 1.01603e-05 -4.91889e-06
2.87919 1.0101 1.00001 8.52183e-06 -4.20396e-06
2.89933 1.0101 1.00001 6.97095e-06 -3.52432e-06
2.91946 1.0101 1.00001 5.49235e-06 -2.86312e-06
2.9396 1.0101 1.00001 4.07094e-06 -2.20198e-06
2.95973 1.0101 1.00001 2.69173e-06 -1.52046e-06
2.97987 1.0101 1.00001 1.33978e-06 -7.95365e-07
3 1.0101 1.00001 0 0

0 1.0303 0.936094 0 0
0.0201342 1.0303 1.03566 0.00384249 0.0119811
0.0402685 1.0303 1.01168 0.0120998 0.0226679
0.0604027 1.0303 1.03915 0.0176486 0.0308148
0.0805369 1.0303 1.04025 0.0224247 0.0364328
0.100671 1.0303 1.04462 0.0256306 0.0404849
0.120805 1.0303 1.04668 0.0279103 0.0436216
0.14094 1.0303 1.04851 0.0294838 0.0461818
0.161074 1.0303 1.0501 0.030573 0.0483619
0.181208 1.0303 1.05155 0.0313183 0.0502682
0.201342 1.0303 1.05288 0.0318151 0.051961
0.221477 1.0303 1.05408 0.0321278 0.0534752
0.241611 1.0303 1.05517 0.0323004 0.0548326
0.261745 1.0303 1.05617 0.0323638 0.0560475
0.281879 1.0303 1.05709 0.0323399 0.0571302
0.302013 1.0303 1.05794 0.0322449 0.0580888
0.322148 1.0303 1.05874 0.0320909 0.0589302
0.342282 1.0303 1.0595 0.0318869 0.0596603
0.362416 1.0303 1.06022 0.0316404 0.0602846
0.38255 1.0303 1.06092 0.031357 0.0608079
0.402685 1.0303 1.06158 0.0310416 0.0612347
0.422819 1.0303 1.06222 0.0306981 0.0615687
0.442953 1.0303 1.06283 0.0303302 0.0618135
0.463087 1.0303 1.06343 0.029941 0.0619717
0.483221 1.0303 1.06399 0.0295333 0.0620453
0.503356 1.0303 1.06453 0.0291098 0.0620359
0.52349 1.0303 1.06505 0.028673 0.0619438
0.543624 1.0303 1.06553 0.0282252 0.0617686
0.563758 1.0303 1.06599 0.0277683 0.061509
0.583893 1.0303 1.06641 0.0273044 0.0611623
0.604027 1.0303 1.06679 0.0268352 0.0607249
0.624161 1.0303 1.06713 0.0263619 0.0601917
0.644295 1.0303 1.06743 0.0258859 0.0595561
0.66443 1.0303 1.06767 0.0254076 0.05881
0.684564 1.0303 1.06786 0.0249275 0.0579433
0.704698 1.0303 1.06799 0.0244451 0.0569442
0.724832 1.0303 1.06806 0.0239594 0.0557985
0.744966 1.0303 1.06804 0.0234689 0.0544896
0.765101 1.0303 1.06794 0.0229707 0.0529979
0.785235 1.0303 1.06774 0.0224615 0.0513006
0.805369 1.0303 1.06741 0.0219363 0.0493706
0.825503 1.0303 1.06695 0.0213894 0.0471758
0.845638 1.0303 1.0663 0.0208135 0.044677
0.865772 1.0303 1.06542 0.0202012 0.0418254
0.885906 1.0303 1.06415 0.0195392 0.0385566
0.90604 1.0303 1.06259 0.0188258 0.0347859
0.926174 1.0303 1.05956 0.0179986 0.0303756
0.946309 1.0303 1.05756 0.0171172 0.0251919
0.966443 1.0303 1.04719 0.0157171 0.0188747
0.986577 1.0303 1.04835 0.0141194 0.0118117
1.00671 1.0303 1.00831 0.0102345 0.00349074
1.02685 1.0303 1.01016 0.00710917 0.00167871
1.04698 1.0303 1.00622 0.00553256 0.00092995
1.06711 1.0303 1.00649 0.00447819 0.000516039
1.08725 1.0303 1.00681 0.00379952 0.000272942
1.10738 1.0303 1.00731 0.0033231 0.000121228
1.12752 1.0303 1.00772 0.00297349 2.15393e-05
1.14765 1.0303 1.008 0.00270364 -4.72949e-05
1.16779 1.0303 1.00815 0.00248673 -9.67966e-05
1.18792 1.0303 1.0082 0.00230633 -0.000133512
1.20805 1.0303 1.00816 0.0021521 -0.000161312
1.22819 1.0303 1.00804 0.00201725 -0.000182589
1.24832 1.0303 1.00788 0.00189721 -0.000198895
1.26846 1.0303 1.00767 0.00178876 -0.000211281
1.28859 1.0303 1.00744 0.00168962 -0.000220493
1.30872 1.0303 1.00718 0.00159809 -0.00022708
1.32886 1.0303 1.00691 0.0015129 -0.000231464
1.34899 1.0303 1.00663 0.00143312 -0.000233977
1.36913 1.0303 1.00634 0.00135798 -0.000234888
1.38926 1.0303 1.00605 0.00128694 -0.000234421
1.4094 1.0303 1.00576 0.00121953 -0.000232765
1.42953 1.0303 1.00547 0.0011554 -0.000230083
1.44966 1.0303 1.00518 0.00109426 -0.000226519
1.4698 1.0303 1.0049 0.0010359 -0.000222199
1.48993 1.0303 1.00463 0.000980125 -0.000217234
1.51007 1.0303 1.00437 0.000926784 -0.000211725
1.5302 1.0303 1.00411 0.000875754 -0.000205763
1.55034 1.0303 1.00386 0.00082693 -0.000199431
1.57047 1.0303 1.00362 0.000780223 -0.000192802
1.5906 1.0303 1.0034 0.000735559 -0.000185944
1.61074 1.0303 1.00318 0.000692871 -0.000178917
1.63087 1.0303 1.00297 0.000652098 -0.000171779
1.65101 1.0303 1.00277 0.000613189 -0.000164578
1.67114 1.0303 1.00258 0.000576094 -0.00015736
1.69128 1.0303 1.0024 0.000540768 -0.000150167
1.71141 1.0303 1.00223 0.000507169 -0.000143036
1.73154 1.0303 1.00207 0.000475259 -0.000136
1.75168 1.0303 1.00192 0.000445004 -0.000129091
1.77181 1.0303 1.00178 0.000416373 -0.000122339
1.79195 1.0303 1.00164 0.000389344 -0.000115771
1.81208 1.0303 1.00152 0.000363905 -0.000109418
1.83221 1.0303 1.0014 0.000340059 -0.000103313
1.85235 1.0303 1.00129 0.00031784 -9.74986e-05
1.87248 1.0303 1.00119 0.000297325 -9.20372e-05
1.89262 1.0303 1.00109 0.000278683 -8.70289e-05
1.91275 1.0303 1.001 0.000262243 -8.2653e-05
1.93289 1.0303 1.00092 0.000248655 -7.92629e-05
1.95302 1.0303 1.00083 0.00023928 -7.76517e-05
1.97315 1.0303 1.00074 0.00023667 -8.00103e-05
1.99329 1.0303 1.00063 0.000248275 -9.50775e-05
2.01342 1.0303 1.00035 0.000278362 -0.00016115
2.03356 1.0303 1.00031 0.000287247 -0.000193455
2.05369 1.0303 1.00028 0.000291946 -0.000211396
2.07383 1.0303 1.00026 0.000291675 -0.000217937
2.09396 1.0303 1.00025 0.000288068 -0.000217441
2.11409 1.0303 1.00024 0.000281734 -0.000212398
2.13423 1.0303 1.00023 0.000273298 -0.000204448
2.15436 1.0303 1.00021 0.000263283 -0.000194668
2.1745 1.0303 1.0002 0.000252135 -0.000183797
2.19463 1.0303 1.00019 0.000240224 -0.000172354
2.21477 1.0303 1.00018 0.000227851 -0.000160711
2.2349 1.0303 1.00017 0.00021526 -0.000149136
2.25503 1.0303 1.00016 0.000202643 -0.00013782
2.27517 1.0303 1.00015 0.000190154 -0.000126898
2.2953 1.0303 1.00013 0.000177913 -0.000116461
2.31544 1.0303 1.00012 0.000166011 -0.000106569
2.33557 1.0303 1.00011 0.000154518 -9.72582e-05
2.3557 1.0303 1.00011 0.000143484 -8.8544e-05
2.37584 1.0303 1.0001 0.000132943 -8.0429e-05
2.39597 1.0303 1.00009 0.00012292 -7.29048e-05
2.41611 1.0303 1.00008 0.000113425 -6.59554e-05
2.43624 1.0303 1.00007 0.000104463 -5.9559e-05
2.45638 1.0303 1.00007 9.60316e-05 -5.369e-05
2.47651 1.0303 1.00006 8.81215e-05 -4.83203e-05
2.49664 1.0303 1.00006 8.07205e-05 -4.34204e-05
2.51678 1.0303 1.00005 7.38125e-05 -3.896e-05
2.53691 1.0303 1.00005 6.73791e-05 -3.49089e-05
2.55705 1.0303 1.00004 6.13997e-05 -3.12374e-05
2.57718 1.0303 1.00004 5.58525e-05 -2.79164e-05
2.59732 1.0303 1.00004 5.07146e-05 -2.49181e-05
2.61745 1.0303 1.00003 4.59628e-05 -2.22159e-05
2.63758 1.0303 1.00003 4.15735e-05 -1.97844e-05
2.65772 1.0303 1.00003 3.75231e-05 -1.75996e-05
2.67785 1.0303 1.00002 3.37884e-05 -1.56389e-05
2.69799 1.0303 1.00002 3.03463e-05 -1.38812e-05
2.71812 1.0303 1.00002 2.71745e-05 -1.23065e-05
2.73826 1.0303 1.00002 2.42509e-05 -1.08959e-05
2.75839 1.0303 1.00002 2.15543e-05 -9.63189e-06
2.77852 1.0303 1.00001 1.9064e-05 -8.49751e-06
2.79866 1.0303 1.00001 1.67601e-05 -7.47675e-06
2.81879 1.0303 1.00001 1.46233e-05 -6.55407e-06
2.83893 1.0303 1.00001 1.26349e-05 -5.71428e-06
2.85906 1.0303 1.00001 1.07769e-05 -4.94218e-06
2.87919 1.0303 1.00001 9.03163e-06 -4.22235e-06
2.89933 1.0303 1.00001 7.38216e-06 -3.53874e-06
2.91946 1.0303 1.00001 5.81186e-06 -2.87426e-06
2.9396 1.0303 1.00001 4.30446e-06 -2.2103e-06
2.95973 1.0303 1.00001 2.84393e-06 -1.52617e-06
2.97987 1.0303 1.00001 1.41439e-06 -7.9841e-07
3 1.0303 1.00001 0 0

0 1.05051 0.938749 0 0
0.0201342 1.05051 0.950194 0.00143243 0.0100104
0.0402685 1.05051 0.97338 0.00503779 0.0184112
0.0604027 1.05051 0.999339 0.00936938 0.0263497
0.0805369 1.05051 1.01306 0.0136802 0.0323953
0.100671 1.05051 1.02523 0.0172184 0.037129
0.120805 1.05051 1.03311 0.020089 0.0408791
0.14094 1.05051 1.03887 0.0223248 0.0439421
0.161074 1.05051 1.043 0.0240544 0.0465151
0.181208 1.05051 1.04606 0.0253825 0.0487244
0.201342 1.05051 1.04841 0.0263976 0.0506506
0.221477 1.05051 1.05029 0.027168 0.0523459
0.241611 1.05051 1.05183 0.0277455 0.0538454
0.261745 1.05051 1.05315 0.0281692 0.0551733
0.281879 1.05051 1.0543 0.0284685 0.0563475
0.302013 1.05051 1.05533 0.0286661 0.0573817
0.322148 1.05051 1.05627 0.0287792 0.0582866
0.342282 1.05051 1.05714 0.0288215 0.0590713
0.362416 1.05051 1.05795 0.0288039 0.0597432
0.38255 1.05051 1.05871 0.028735 0.0603089
0.402685 1.05051 1.05942 0.0286224 0.0607738
0.422819 1.05051 1.0601 0.0284721 0.0611427
0.442953 1.05051 1.06075 0.0282895 0.0614196
0.463087 1.05051 1.06136 0.0280793 0.0616078
0.483221 1.05051 1.06193 0.0278457 0.0617095
0.503356 1.05051 1.06248 0.0275925 0.0617264
0.52349 1.05051 1.06299 0.0273232 0.0616593
0.543624 1.05051 1.06346 0.0270411 0.0615078
0.563758 1.05051 1.0639 0.026749 0.0612708
0.583893 1.05051 1.06429 0.0264497 0.0609459
0.604027 1.05051 1.06464 0.0261458 0.0605295
0.624161 1.05051 1.06494 0.0258393 0.0600166
0.644295 1.05051 1.06518 0.0255322 0.059401
0.66443 1.05051 1.06537 0.0252261 0.0586749
0.684564 1.05051 1.06549 0.0249223 0.0578285
0.704698 1.05051 1.06554 0.0246214 0.0568503
0.724832 1.05051 1.06551 0.0243239 0.0557269
0.744966 1.05051 1.06538 0.0240296 0.054442
0.765101 1.05051 1.06514 0.0237379 0.0529769
0.785235 1.05051 1.06477 0.0234474 0.0513095
0.805369 1.05051 1.06425 0.0231564 0.0494137
0.825503 1.05051 1.06354 0.0228624 0.0472584
0.845638 1.05051 1.06258 0.0225623 0.0448058
0.865772 1.05051 1.06131 0.0222521 0.0420095
0.885906 1.05051 1.05956 0.0219227 0.0388102
0.90604 1.05051 1.05729 0.0215674 0.0351369
0.926174 1.05051 1.05362 0.0211304 0.0308876
0.946309 1.05051 1.04986 0.0206105 0.0260049
0.966443 1.05051 1.04017 0.0196631 0.0203192
0.986577 1.05051 1.0362 0.0184006 0.0143159
1.00671 1.05051 1.00949 0.0156143 0.00783317
1.02685 1.05051 1.01232 0.0123601 0.00458094
1.04698 1.05051 1.01016 0.0102403 0.00273387
1.06711 1.05051 1.00994 0.00865841 0.00167844
1.08725 1.05051 1.0097 0.00750465 0.00103136
1.10738 1.05051 1.00962 0.00663089 0.000617882
1.12752 1.05051 1.00955 0.00595308 0.000341077
1.14765 1.05051 1.00947 0.00541219 0.00014819
1.16779 1.05051 1.00935 0.00496916 8.99538e-06
1.18792 1.05051 1.0092 0.00459744 -9.43132e-05
1.20805 1.05051 1.00901 0.00427879 -0.000172613
1.22819 1.05051 1.00878 0.00400047 -0.000232793
1.24832 1.05051 1.00853 0.00375342 -0.000279378
1.26846 1.05051 1.00825 0.00353111 -0.000315452
1.28859 1.05051 1.00796 0.00332873 -0.000343188
1.30872 1.05051 1.00766 0.0031427 -0.000364173
1.32886 1.05051 1.00735 0.0029703 -0.0003796
1.34899 1.05051 1.00703 0.00280947 -0.000390388
1.36913 1.05051 1.00671 0.00265859 -0.000397267
1.38926 1.05051 1.0064 0.0025164 -0.000400828
1.4094 1.05051 1.00608 0.00238192 -0.00040156
1.42953 1.05051 1.00577 0.00225437 -0.000399873
1.44966 1.05051 1.00547 0.0021331 -0.000396117
1.4698 1.05051 1.00517 0.00201761 -0.000390595
1.48993 1.05051 1.00488 0.00190748 -0.000383571
1.51007 1.05051 1.00461 0.00180237 -0.000375277
1.5302 1.05051 1.00434 0.001702 -0.000365919
1.55034 1.05051 1.00408 0.00160614 -0.000355681
1.57047 1.05051 1.00383 0.00151457 -0.000344727
1.5906 1.05051 1.00359 0.00142713 -0.000333205
1.61074 1.05051 1.00336 0.00134366 -0.000321247
1.63087 1.05051 1.00314 0.00126404 -0.000308973
1.65101 1.05051 1.00293 0.00118813 -0.000296489
1.67114 1.05051 1.00273 0.00111584 -0.000283892
1.69128 1.05051 1.00254 0.00104706 -0.00027127
1.71141 1.05051 1.00236 0.000981691 -0.000258703
1.73154 1.05051 1.0022 0.00091966 -0.000246261
1.75168 1.05051 1.00204 0.000860887 -0.000234014
1.77181 1.05051 1.00189 0.000805307 -0.000222024
1.79195 1.05051 1.00175 0.000752868 -0.000210356
1.81208 1.05051 1.00161 0.000703536 -0.000199077
1.83221 1.05051 1.00149 0.000657307 -0.000188268
1.85235 1.05051 1.00137 0.000614217 -0.000178031
1.87248 1.05051 1.00126 0.000574374 -0.000168515
1.89262 1.05051 1.00116 0.000537988 -0.000159958
1.91275 1.05051 1.00106 0.000505442 -0.000152768
1.93289 1.05051 1.00097 0.000477387 -0.000147689
1.95302 1.05051 1.00087 0.000454889 -0.00014616
1.97315 1.05051 1.00078 0.000439361 -0.000151105
1.99329 1.05051 1.00068 0.000432926 -0.000167769
2.01342 1.05051 1.00049 0.000427375 -0.000203636
2.03356 1.05051 1.00043 0.000413502 -0.000225083
2.05369 1.05051 1.00037 0.000398703 -0.000236051
2.07383 1.05051 1.00034 0.000382714 -0.000238256
2.09396 1.05051 1.00031 0.000366188 -0.000234528
2.11409 1.05051 1.00029 0.000349229 -0.000226878
2.13423 1.05051 1.00027 0.000331974 -0.000216744
2.15436 1.05051 1.00025 0.000314562 -0.000205112
2.1745 1.05051 1.00023 0.000297144 -0.000192664
2.19463 1.05051 1.00022 0.000279867 -0.00017988
2.21477 1.05051 1.0002 0.000262864 -0.000167097
2.2349 1.05051 1.00019 0.000246249 -0.000154551
2.25503 1.05051 1.00017 0.000230117 -0.000142409
2.27517 1.05051 1.00016 0.000214543 -0.000130783
2.2953 1.05051 1.00015 0.000199583 -0.000119748
2.31544 1.05051 1.00014 0.00018528 -0.000109347
2.33557 1.05051 1.00013 0.000171659 -9.96023e-05
2.3557 1.05051 1.00012 0.000158738 -9.05192e-05
2.37584 1.05051 1.00011 0.000146521 -8.20905e-05
2.39597 1.05051 1.0001 0.000135006 -7.42997e-05
2.41611 1.05051 1.00009 0.000124183 -6.71238e-05
2.43624 1.05051 1.00008 0.000114038 -6.05353e-05
2.45638 1.05051 1.00007 0.000104551 -5.45035e-05
2.47651 1.05051 1.00007 9.56992e-05 -4.89961e-05
2.49664 1.05051 1.00006 8.74584e-05 -4.39798e-05
2.51678 1.05051 1.00006 7.9801e-05 -3.94212e-05
2.53691 1.05051 1.00005 7.26987e-05 -3.52875e-05
2.55705 1.05051 1.00005 6.61223e-05 -3.15466e-05
2.57718 1.05051 1.00004 6.00421e-05 -2.81675e-05
2.59732 1.05051 1.00004 5.44285e-05 -2.51207e-05
2.61745 1.05051 1.00003 4.92519e-05 -2.2378e-05
2.63758 1.05051 1.00003 4.44833e-05 -1.99129e-05
2.65772 1.05051 1.00003 4.00941e-05 -1.77004e-05
2.67785 1.05051 1.00002 3.60567e-05 -1.5717e-05
2.69799 1.05051 1.00002 3.2344e-05 -1.39406e-05
2.71812 1.05051 1.00002 2.89299e-05 -1.23508e-05
2.73826 1.05051 1.00002 2.57894e-05 -1.0928e-05
2.75839 1.05051 1.00002 2.28982e-05 -9.65429e-06
2.77852 1.05051 1.00002 2.0233e-05 -8.5123e-06
2.79866 1.05051 1.00001 1.77715e-05 -7.48568e-06
2.81879 1.05051 1.00001 1.54923e-05 -6.55861e-06
2.83893 1.05051 1.00001 1.33746e-05 -5.71564e-06
2.85906 1.05051 1.00001 1.13988e-05 -4.9414e-06
2.87919 1.05051 1.00001 9.54554e-06 -4.22028e-06
2.89933 1.05051 1.00001 7.79645e-06 -3.53607e-06
2.91946 1.05051 1.00001 6.13357e-06 -2.87155e-06
2.9396 1.05051 1.00001 4.53945e-06 -2.20798e-06
2.95973 1.05051 1.00001 2.997e-06 -1.52454e-06
2.97987 1.05051 1.00001 1.4894e-06 -7.97608e-07
3 1.05051 1.00001 0 0

0 1.07071 0.974937 0 0
0.0201342 1.07071 0.990527 0.00033841 0.00645858
0.0402685 1.07071 0.996242 0.00227912 0.0139111
0.0604027 1.07071 1.01007 0.00508567 0.0213885
0.0805369 1.07071 1.0175 0.00836456 0.0277433
0.100671 1.07071 1.02541 0.0114472 0.0330608
0.120805 1.07071 1.03116 0.0142237 0.0374302
0.14094 1.07071 1.0359 0.0165923 0.0410499
0.161074 1.07071 1.03965 0.018575 0.0440852
0.181208 1.07071 1.04267 0.0202108 0.0466657
0.201342 1.07071 1.04514 0.0215503 0.0488861
0.221477 1.07071 1.04718 0.0226414 0.0508146
0.241611 1.07071 1.04891 0.0235259 0.0525
0.261745 1.07071 1.0504 0.0242387 0.053978
0.281879 1.07071 1.0517 0.0248087 0.0552747
0.302013 1.07071 1.05286 0.025259 0.0564105
0.322148 1.07071 1.05391 0.0256087 0.0574008
0.342282 1.07071 1.05487 0.0258731 0.0582582
0.362416 1.07071 1.05575 0.0260651 0.0589929
0.38255 1.07071 1.05656 0.0261952 0.0596135
0.402685 1.07071 1.05732 0.0262724 0.0601271
0.422819 1.07071 1.05804 0.0263042 0.0605394
0.442953 1.07071 1.0587 0.0262975 0.0608553
0.463087 1.07071 1.05933 0.026258 0.0610788
0.483221 1.07071 1.05991 0.026191 0.0612128
0.503356 1.07071 1.06046 0.0261012 0.0612593
0.52349 1.07071 1.06096 0.025993 0.0612192
0.543624 1.07071 1.06142 0.0258704 0.0610927
0.563758 1.07071 1.06184 0.025737 0.0608787
0.583893 1.07071 1.06221 0.0255964 0.0605751
0.604027 1.07071 1.06252 0.0254515 0.0601784
0.624161 1.07071 1.06278 0.0253053 0.0596839
0.644295 1.07071 1.06298 0.0251604 0.0590857
0.66443 1.07071 1.06311 0.0250191 0.0583759
0.684564 1.07071 1.06317 0.0248834 0.0575453
0.704698 1.07071 1.06314 0.0247549 0.0565826
0.724832 1.07071 1.06302 0.0246349 0.0554747
0.744966 1.07071 1.06279 0.0245242 0.0542059
0.765101 1.07071 1.06244 0.0244233 0.0527578
0.785235 1.07071 1.06193 0.0243321 0.051109
0.805369 1.07071 1.06125 0.0242498 0.0492341
0.825503 1.07071 1.06036 0.0241747 0.0471032
0.845638 1.07071 1.05919 0.0241032 0.0446805
0.865772 1.07071 1.05768 0.0240293 0.0419236
0.885906 1.07071 1.0557 0.0239391 0.0387812
0.90604 1.07071 1.0532 0.0238122 0.035198
0.926174 1.07071 1.04967 0.0235875 0.0311078
0.946309 1.07071 1.04582 0.0232151 0.0264993
0.966443 1.07071 1.03879 0.0224489 0.0213243
0.986577 1.07071 1.03445 0.0212685 0.0160075
1.00671 1.07071 1.02102 0.0191258 0.010567
1.02685 1.07071 1.01853 0.0164451 0.0070725
1.04698 1.07071 1.01519 0.0142254 0.00471079
1.06711 1.07071 1.01358 0.0123876 0.00317013
1.08725 1.07071 1.01249 0.0109235 0.00213798
1.10738 1.07071 1.01179 0.00974986 0.00143254
1.12752 1.07071 1.01129 0.00880055 0.000937504
1.14765 1.07071 1.01088 0.00802077 0.000581224
1.16779 1.07071 1.01053 0.00736935 0.000318649
1.18792 1.07071 1.01019 0.00681574 0.000121095
1.20805 1.07071 1.00986 0.00633745 -3.00735e-05
1.22819 1.07071 1.00952 0.00591793 -0.00014723
1.24832 1.07071 1.00918 0.00554491 -0.000238788
1.26846 1.07071 1.00884 0.00520921 -0.000310614
1.28859 1.07071 1.00849 0.00490392 -0.0003669
1.30872 1.07071 1.00814 0.00462376 -0.000410722
1.32886 1.07071 1.00779 0.00436468 -0.000444384
1.34899 1.07071 1.00743 0.00412353 -0.00046966
1.36913 1.07071 1.00709 0.00389783 -0.000487937
1.38926 1.07071 1.00674 0.00368564 -0.000500328
1.4094 1.07071 1.00641 0.00348541 -0.000507739
1.42953 1.07071 1.00608 0.00329589 -0.000510919
1.44966 1.07071 1.00575 0.00311609 -0.000510498
1.4698 1.07071 1.00544 0.00294519 -0.000507012
1.48993 1.07071 1.00514 0.00278252 -0.000500921
1.51007 1.07071 1.00484 0.00262752 -0.000492625
1.5302 1.07071 1.00456 0.00247975 -0.000482475
1.55034 1.07071 1.00429 0.0023388 -0.000470779
1.57047 1.07071 1.00402 0.00220435 -0.000457808
1.5906 1.07071 1.00377 0.00207612 -0.000443806
1.61074 1.07071 1.00353 0.00195385 -0.000428989
1.63087 1.07071 1.0033 0.00183733 -0.000413548
1.65101 1.07071 1.00309 0.00172636 -0.000397658
1.67114 1.07071 1.00288 0.00162076 -0.000381472
1.69128 1.07071 1.00268 0.00152036 -0.000365131
1.71141 1.07071 1.00249 0.00142503 -0.000348762
1.73154 1.07071 1.00232 0.00133461 -0.00033248
1.75168 1.07071 1.00215 0.001249 -0.000316394
1.77181 1.07071 1.00199 0.00116807 -0.000300606
1.79195 1.07071 1.00185 0.00109174 -0.000285222
1.81208 1.07071 1.00171 0.00101994 -0.000270351
1.83221 1.07071 1.00157 0.000952631 -0.000256123
1.85235 1.07071 1.00145 0.000889822 -0.0002427
1.87248 1.07071 1.00133 0.000831579 -0.000230306
1.89262 1.07071 1.00122 0.000778052 -0.000219272
1.91275 1.07071 1.00112 0.000729493 -0.000210111
1.93289 1.07071 1.00102 0.000686262 -0.000203637
1.95302 1.07071 1.00092 0.000648763 -0.000201128
1.97315 1.07071 1.00082 0.000617083 -0.000204482
1.99329 1.07071 1.00072 0.000590417 -0.000215579
2.01342 1.07071 1.0006 0.000563307 -0.000235099
2.03356 1.07071 1.00052 0.000533078 -0.000247604
2.05369 1.07071 1.00046 0.000503032 -0.00025304
2.07383 1.07071 1.00041 0.000473682 -0.000251906
2.09396 1.07071 1.00037 0.000445467 -0.000245894
2.11409 1.07071 1.00034 0.000418416 -0.000236511
2.13423 1.07071 1.00031 0.000392486 -0.000224957
2.15436 1.07071 1.00029 0.000367622 -0.000212117
2.1745 1.07071 1.00026 0.000343786 -0.00019863
2.19463 1.07071 1.00024 0.000320961 -0.000184947
2.21477 1.07071 1.00023 0.000299142 -0.000171387
2.2349 1.07071 1.00021 0.00027833 -0.000158173
2.25503 1.07071 1.00019 0.000258525 -0.000145458
2.27517 1.07071 1.00018 0.000239727 -0.000133342
2.2953 1.07071 1.00016 0.000221929 -0.000121888
2.31544 1.07071 1.00015 0.000205121 -0.00011113
2.33557 1.07071 1.00014 0.000189286 -0.000101083
2.3557 1.07071 1.00012 0.000174402 -9.17435e-05
2.37584 1.07071 1.00011 0.000160444 -8.30979e-05
2.39597 1.07071 1.0001 0.000147383 -7.51241e-05
2.41611 1.07071 1.0001 0.000135185 -6.77943e-05
2.43624 1.07071 1.00009 0.000123817 -6.10766e-05
2.45638 1.07071 1.00008 0.000113242 -5.49369e-05
2.47651 1.07071 1.00007 0.000103421 -4.93394e-05
2.49664 1.07071 1.00007 9.43166e-05 -4.42484e-05
2.51678 1.07071 1.00006 8.58899e-05 -3.9628e-05
2.53691 1.07071 1.00005 7.81019e-05 -3.54435e-05
2.55705 1.07071 1.00005 7.09142e-05 -3.1661e-05
2.57718 1.07071 1.00004 6.42891e-05 -2.82481e-05
2.59732 1.07071 1.00004 5.81897e-05 -2.5174e-05
2.61745 1.07071 1.00004 5.25799e-05 -2.24095e-05
2.63758 1.07071 1.00003 4.74249e-05 -1.99272e-05
2.65772 1.07071 1.00003 4.2691e-05 -1.77012e-05
2.67785 1.07071 1.00003 3.83459e-05 -1.57075e-05
2.69799 1.07071 1.00002 3.43585e-05 -1.39235e-05
2.71812 1.07071 1.00002 3.06988e-05 -1.23281e-05
2.73826 1.07071 1.00002 2.73386e-05 -1.09016e-05
2.75839 1.07071 1.00002 2.42505e-05 -9.62559e-06
2.77852 1.07071 1.00002 2.14085e-05 -8.4825e-06
2.79866 1.07071 1.00001 1.87879e-05 -7.45576e-06
2.81879 1.07071 1.00001 1.6365e-05 -6.52939e-06
2.83893 1.07071 1.00001 1.41171e-05 -5.68781e-06
2.85906 1.07071 1.00001 1.20227e-05 -4.91554e-06
2.87919 1.07071 1.00001 1.00608e-05 -4.1969e-06
2.89933 1.07071 1.00001 8.21165e-06 -3.51562e-06
2.91946 1.07071 1.00001 6.45584e-06 -2.85444e-06
2.9396 1.07071 1.00001 4.77473e-06 -2.19461e-06
2.95973 1.07071 1.00001 3.15018e-06 -1.51527e-06
2.97987 1.07071 1.00001 1.56442e-06 -7.92805e-07
3 1.07071 1.00001 0 0

0 1.09091 0.985437 0 0
0.0201342 1.09091 0.988795 -0.000185229 0.0053635
0.0402685 1.09091 0.997917 0.000613447 0.0115954
0.0604027 1.09091 1.00769 0.00240201 0.0182011
0.0805369 1.09091 1.01528 0.00476887 0.0242448
0.100671 1.09091 1.02242 0.00728754 0.0296071
0.120805 1.09091 1.02802 0.00975449 0.0342137
0.14094 1.09091 1.0327 0.0120212 0.0381468
0.161074 1.09091 1.0365 0.0140397 0.0415038
0.181208 1.09091 1.03963 0.0157989 0.0443822
0.201342 1.09091 1.04222 0.0173129 0.0468649
0.221477 1.09091 1.04441 0.0186054 0.0490181
0.241611 1.09091 1.04627 0.0197029 0.0508938
0.261745 1.09091 1.04788 0.0206313 0.0525322
0.281879 1.09091 1.04929 0.0214137 0.0539645
0.302013 1.09091 1.05054 0.0220709 0.0552152
0.322148 1.09091 1.05167 0.0226204 0.0563036
0.342282 1.09091 1.05269 0.0230773 0.0572454
0.362416 1.09091 1.05363 0.0234548 0.0580534
0.38255 1.09091 1.05449 0.0237637 0.0587379
0.402685 1.09091 1.05529 0.0240138 0.0593076
0.422819 1.09091 1.05603 0.0242135 0.0597697
0.442953 1.09091 1.05671 0.0243701 0.06013
0.463087 1.09091 1.05735 0.0244903 0.0603932
0.483221 1.09091 1.05794 0.0245799 0.0605627
0.503356 1.09091 1.05848 0.0246444 0.0606412
0.52349 1.09091 1.05898 0.0246887 0.0606299
0.543624 1.09091 1.05943 0.0247174 0.0605293
0.563758 1.09091 1.05982 0.0247347 0.0603386
0.583893 1.09091 1.06017 0.0247445 0.0600558
0.604027 1.09091 1.06045 0.0247505 0.0596778
0.624161 1.09091 1.06067 0.024756 0.0592001
0.644295 1.09091 1.06083 0.0247642 0.0586168
0.66443 1.09091 1.06091 0.0247778 0.0579205
0.684564 1.09091 1.06091 0.0247992 0.0571022
0.704698 1.09091 1.06082 0.0248306 0.0561508
0.724832 1.09091 1.06062 0.0248737 0.0550535
0.744966 1.09091 1.06031 0.0249297 0.0537952
0.765101 1.09091 1.05986 0.0249994 0.052358
0.785235 1.09091 1.05925 0.0250825 0.0507213
0.805369 1.09091 1.05845 0.0251778 0.0488611
0.825503 1.09091 1.05742 0.0252822 0.0467494
0.845638 1.09091 1.05612 0.0253896 0.044354
0.865772 1.09091 1.05448 0.0254891 0.0416388
0.885906 1.09091 1.05241 0.0255606 0.0385641
0.90604 1.09091 1.04985 0.0255725 0.0350931
0.926174 1.09091 1.04652 0.0254619 0.0311939
0.946309 1.09091 1.04277 0.0251601 0.0268882
0.966443 1.09091 1.0372 0.0244932 0.0222071
0.986577 1.09091 1.03282 0.0234077 0.0174767
1.00671 1.09091 1.02425 0.021645 0.0128297
1.02685 1.09091 1.02115 0.0194306 0.00931662
1.04698 1.09091 1.01809 0.017352 0.00668755
1.06711 1.09091 1.01618 0.0154886 0.00479885
1.08725 1.09091 1.01476 0.0138942 0.00344078
1.10738 1.09091 1.01372 0.0125462 0.00245901
1.12752 1.09091 1.01291 0.0114095 0.00174007
1.14765 1.09091 1.01225 0.0104463 0.00120564
1.16779 1.09091 1.01169 0.00962297 0.000802144
1.18792 1.09091 1.01119 0.00891151 0.000492999
1.20805 1.09091 1.01072 0.00828968 0.000253078
1.22819 1.09091 1.01028 0.00773997 6.49215e-05
1.24832 1.09091 1.00985 0.00724873 -8.37809e-05
1.26846 1.09091 1.00943 0.00680533 -0.000201854
1.28859 1.09091 1.00902 0.00640149 -0.00029574
1.30872 1.09091 1.00862 0.00603074 -0.000370226
1.32886 1.09091 1.00823 0.00568798 -0.000428938
1.34899 1.09091 1.00784 0.0053692 -0.000474674
1.36913 1.09091 1.00746 0.00507117 -0.000509628
1.38926 1.09091 1.00709 0.00479135 -0.000535551
1.4094 1.09091 1.00673 0.00452768 -0.000553863
1.42953 1.09091 1.00638 0.00427848 -0.000565731
1.44966 1.09091 1.00604 0.00404239 -0.000572128
1.4698 1.09091 1.0057 0.00381831 -0.000573875
1.48993 1.09091 1.00538 0.00360531 -0.00057167
1.51007 1.09091 1.00507 0.00340263 -0.000566114
1.5302 1.09091 1.00478 0.00320962 -0.00055773
1.55034 1.09091 1.00449 0.00302575 -0.00054697
1.57047 1.09091 1.00422 0.00285056 -0.000534236
1.5906 1.09091 1.00395 0.00268362 -0.00051988
1.61074 1.09091 1.0037 0.00252461 -0.000504212
1.63087 1.09091 1.00346 0.0023732 -0.00048751
1.65101 1.09091 1.00324 0.00222912 -0.000470021
1.67114 1.09091 1.00302 0.00209211 -0.000451965
1.69128 1.09091 1.00281 0.00196195 -0.00043354
1.71141 1.09091 1.00262 0.00183842 -0.000414927
1.73154 1.09091 1.00244 0.00172133 -0.000396289
1.75168 1.09091 1.00226 0.0016105 -0.000377779
1.77181 1.09091 1.0021 0.00150577 -0.000359543
1.79195 1.09091 1.00194 0.001407 -0.000341727
1.81208 1.09091 1.0018 0.00131407 -0.000324483
1.83221 1.09091 1.00166 0.00122689 -0.000307984
1.85235 1.09091 1.00153 0.00114542 -0.000292437
1.87248 1.09091 1.00141 0.00106962 -0.000278112
1.89262 1.09091 1.00129 0.000999524 -0.000265372
1.91275 1.09091 1.00118 0.000935186 -0.000254719
1.93289 1.09091 1.00107 0.00087663 -0.000246843
1.95302 1.09091 1.00097 0.000823733 -0.000242627
1.97315 1.09091 1.00087 0.000775928 -0.000243007
1.99329 1.09091 1.00078 0.000731884 -0.000248296
2.01342 1.09091 1.00067 0.000688558 -0.000257299
2.03356 1.09091 1.00059 0.000644889 -0.000262867
2.05369 1.09091 1.00053 0.000602425 -0.000263763
2.07383 1.09091 1.00047 0.00056177 -0.000259902
2.09396 1.09091 1.00043 0.000523305 -0.000252182
2.11409 1.09091 1.00039 0.000487088 -0.000241647
2.13423 1.09091 1.00035 0.000453039 -0.00022924
2.15436 1.09091 1.00032 0.000421029 -0.000215719
2.1745 1.09091 1.0003 0.000390924 -0.00020166
2.19463 1.09091 1.00027 0.000362605 -0.000187487
2.21477 1.09091 1.00025 0.000335969 -0.000173503
2.2349 1.09091 1.00023 0.000310928 -0.000159922
2.25503 1.09091 1.00021 0.000287405 -0.00014689
2.27517 1.09091 1.00019 0.000265332 -0.000134503
2.2953 1.09091 1.00018 0.000244644 -0.000122818
2.31544 1.09091 1.00016 0.000225282 -0.000111864
2.33557 1.09091 1.00015 0.000207186 -0.000101652
2.3557 1.09091 1.00013 0.0001903 -9.21752e-05
2.37584 1.09091 1.00012 0.000174565 -8.34152e-05
2.39597 1.09091 1.00011 0.000159926 -7.53472e-05
2.41611 1.09091 1.0001 0.000146327 -6.79404e-05
2.43624 1.09091 1.00009 0.000133713 -6.11605e-05
2.45638 1.09091 1.00008 0.000122029 -5.49708e-05
2.47651 1.09091 1.00008 0.000111222 -4.93339e-05
2.49664 1.09091 1.00007 0.00010124 -4.42122e-05
2.51678 1.09091 1.00006 9.20317e-05 -3.95685e-05
2.53691 1.09091 1.00006 8.35478e-05 -3.53667e-05
2.55705 1.09091 1.00005 7.57403e-05 -3.15718e-05
2.57718 1.09091 1.00005 6.85632e-05 -2.81507e-05
2.59732 1.09091 1.00004 6.1972e-05 -2.50717e-05
2.61745 1.09091 1.00004 5.59242e-05 -2.2305e-05
2.63758 1.09091 1.00003 5.03788e-05 -1.98226e-05
2.65772 1.09091 1.00003 4.5297e-05 -1.75981e-05
2.67785 1.09091 1.00003 4.06416e-05 -1.56072e-05
2.69799 1.09091 1.00002 3.63773e-05 -1.3827e-05
2.71812 1.09091 1.00002 3.24705e-05 -1.22361e-05
2.73826 1.09091 1.00002 2.88892e-05 -1.08147e-05
2.75839 1.09091 1.00002 2.56032e-05 -9.54403e-06
2.77852 1.09091 1.00002 2.25838e-05 -8.40661e-06
2.79866 1.09091 1.00002 1.98035e-05 -7.38573e-06
2.81879 1.09091 1.00001 1.72366e-05 -6.46536e-06
2.83893 1.09091 1.00001 1.48583e-05 -5.62989e-06
2.85906 1.09091 1.00001 1.26451e-05 -4.86384e-06
2.87919 1.09091 1.00001 1.05747e-05 -4.15157e-06
2.89933 1.09091 1.00001 8.62551e-06 -3.47685e-06
2.91946 1.09091 1.00001 6.77692e-06 -2.82251e-06
2.9396 1.09091 1.00001 5.00905e-06 -2.16985e-06
2.95973 1.09091 1.00001 3.30267e-06 -1.49814e-06
2.97987 1.09091 1.00001 1.63906e-06 -7.83885e-07
3 1.09091 1.00001 0 0

0 1.11111 0.996462 0 0
0.0201342 1.11111 0.99906 -0.000432467 0.00442007
0.0402685 1.11111 1.00457 -0.000177633 0.00985575
0.0604027 1.11111 1.01074 0.000869406 0.0157178
0.0805369 1.11111 1.01643 0.0024907 0.0213736
0.100671 1.11111 1.02191 0.00442356 0.0265997
0.120805 1.11111 1.02663 0.00647409 0.0312587
0.14094 1.11111 1.03076 0.00849126 0.0353503
0.161074 1.11111 1.03427 0.0103921 0.038915
0.181208 1.11111 1.03727 0.0121323 0.0420141
0.201342 1.11111 1.03983 0.0136963 0.04471
0.221477 1.11111 1.04203 0.0150852 0.0470595
0.241611 1.11111 1.04393 0.0163088 0.0491107
0.261745 1.11111 1.0456 0.0173812 0.0509036
0.281879 1.11111 1.04707 0.0183178 0.052471
0.302013 1.11111 1.04839 0.0191339 0.0538393
0.322148 1.11111 1.04957 0.0198439 0.0550303
0.342282 1.11111 1.05064 0.0204609 0.0560616
0.362416 1.11111 1.05161 0.0209966 0.056948
0.38255 1.11111 1.0525 0.0214615 0.0577014
0.402685 1.11111 1.05333 0.021865 0.058332
0.422819 1.11111 1.05409 0.0222156 0.0588479
0.442953 1.11111 1.05479 0.0225208 0.059256
0.463087 1.11111 1.05543 0.0227874 0.0595616
0.483221 1.11111 1.05602 0.0230217 0.0597689
0.503356 1.11111 1.05656 0.0232294 0.059881
0.52349 1.11111 1.05705 0.0234159 0.0598996
0.543624 1.11111 1.05748 0.0235859 0.0598254
0.563758 1.11111 1.05786 0.0237441 0.059658
0.583893 1.11111 1.05818 0.0238946 0.0593958
0.604027 1.11111 1.05843 0.0240415 0.0590356
0.624161 1.11111 1.05862 0.0241884 0.0585735
0.644295 1.11111 1.05874 0.0243386 0.0580036
0.66443 1.11111 1.05878 0.0244952 0.0573188
0.684564 1.11111 1.05872 0.0246606 0.0565103
0.704698 1.11111 1.05858 0.0248373 0.0555676
0.724832 1.11111 1.05832 0.0250268 0.0544783
0.744966 1.11111 1.05793 0.0252302 0.0532277
0.765101 1.11111 1.05741 0.0254477 0.051799
0.785235 1.11111 1.05672 0.0256782 0.0501728
0.805369 1.11111 1.05584 0.0259189 0.048327
0.825503 1.11111 1.05473 0.0261645 0.0462366
0.845638 1.11111 1.05336 0.0264053 0.0438746
0.865772 1.11111 1.05168 0.0266258 0.0412122
0.885906 1.11111 1.04962 0.0268005 0.0382221
0.90604 1.11111 1.04713 0.0268919 0.0348844
0.926174 1.11111 1.04408 0.0268392 0.0311931
0.946309 1.11111 1.04064 0.0265728 0.0271882
0.966443 1.11111 1.03622 0.0259728 0.0229369
0.986577 1.11111 1.03225 0.0249863 0.0186818
1.00671 1.11111 1.02658 0.0235039 0.0145766
1.02685 1.11111 1.02333 0.0216598 0.0111929
1.04698 1.11111 1.02042 0.0197883 0.00848357
1.06711 1.11111 1.01831 0.018008 0.0063958
1.08725 1.11111 1.01666 0.016397 0.00480478
1.10738 1.11111 1.01538 0.0149716 0.00359678
1.12752 1.11111 1.01436 0.0137243 0.00267627
1.14765 1.11111 1.01351 0.0126356 0.00196982
1.16779 1.11111 1.01278 0.0116831 0.00142273
1.18792 1.11111 1.01213 0.0108453 0.000995036
1.20805 1.11111 1.01155 0.0101031 0.000657648
1.22819 1.11111 1.01101 0.00944037 0.000389396
1.24832 1.11111 1.0105 0.00884386 0.00017477
1.26846 1.11111 1.01002 0.00830272 2.29675e-06
1.28859 1.11111 1.00955 0.00780819 -0.000136605
1.30872 1.11111 1.0091 0.0073532 -0.00024844
1.32886 1.11111 1.00866 0.00693207 -0.000338203
1.34899 1.11111 1.00824 0.00654018 -0.000409785
1.36913 1.11111 1.00783 0.00617382 -0.000466262
1.38926 1.11111 1.00743 0.00582995 -0.000510095
1.4094 1.11111 1.00705 0.00550612 -0.000543281
1.42953 1.11111 1.00667 0.00520029 -0.00056746
1.44966 1.11111 1.00631 0.00491081 -0.000583996
1.4698 1.11111 1.00596 0.0046363 -0.000594034
1.48993 1.11111 1.00563 0.00437561 -0.000598545
1.51007 1.11111 1.0053 0.00412778 -0.000598361
1.5302 1.11111 1.00499 0.003892 -0.000594197
1.55034 1.11111 1.00469 0.00366758 -0.000586674
1.57047 1.11111 1.0044 0.00345392 -0.000576336
1.5906 1.11111 1.00413 0.00325051 -0.000563659
1.61074 1.11111 1.00387 0.0030569 -0.00054906
1.63087 1.11111 1.00362 0.00287268 -0.000532912
1.65101 1.11111 1.00338 0.00269748 -0.000515544
1.67114 1.11111 1.00316 0.00253099 -0.000497248
1.69128 1.11111 1.00294 0.00237291 -0.000478287
1.71141 1.11111 1.00274 0.00222295 -0.000458898
1.73154 1.11111 1.00255 0.00208086 -0.000439297
1.75168 1.11111 1.00237 0.00194642 -0.000419685
1.77181 1.11111 1.0022 0.00181939 -0.000400252
1.79195 1.11111 1.00203 0.00169958 -0.000381183
1.81208 1.11111 1.00188 0.00158682 -0.00036267
1.83221 1.11111 1.00174 0.00148095 -0.000344919
1.85235 1.11111 1.0016 0.00138184 -0.000328167
1.87248 1.11111 1.00147 0.00128936 -0.000312697
1.89262 1.11111 1.00135 0.0012034 -0.000298856
1.91275 1.11111 1.00124 0.00112382 -0.000287073
1.93289 1.11111 1.00113 0.00105041 -0.000277851
1.95302 1.11111 1.00103 0.000982744 -0.000271702
1.97315 1.11111 1.00093 0.000920065 -0.00026896
1.99329 1.11111 1.00083 0.000861179 -0.000269336
2.01342 1.11111 1.00074 0.000804388 -0.000271501
2.03356 1.11111 1.00066 0.000749121 -0.000271853
2.05369 1.11111 1.00059 0.000696056 -0.000269154
2.07383 1.11111 1.00053 0.000645654 -0.000263084
2.09396 1.11111 1.00048 0.000598211 -0.000254068
2.11409 1.11111 1.00043 0.000553793 -0.000242783
2.13423 1.11111 1.00039 0.000512324 -0.000229931
2.15436 1.11111 1.00036 0.000473655 -0.000216131
2.1745 1.11111 1.00033 0.00043761 -0.000201881
2.19463 1.11111 1.0003 0.000404011 -0.000187567
2.21477 1.11111 1.00027 0.000372694 -0.000173472
2.2349 1.11111 1.00025 0.000343507 -0.000159801
2.25503 1.11111 1.00023 0.000316314 -0.000146696
2.27517 1.11111 1.00021 0.00029099 -0.000134249
2.2953 1.11111 1.00019 0.000267423 -0.000122517
2.31544 1.11111 1.00017 0.000245509 -0.000111527
2.33557 1.11111 1.00016 0.000225149 -0.000101289
2.3557 1.11111 1.00014 0.000206253 -9.17942e-05
2.37584 1.11111 1.00013 0.000188734 -8.30241e-05
2.39597 1.11111 1.00012 0.00017251 -7.49525e-05
2.41611 1.11111 1.00011 0.000157501 -6.75475e-05
2.43624 1.11111 1.0001 0.000143634 -6.07737e-05
2.45638 1.11111 1.00009 0.000130835 -5.45938e-05
2.47651 1.11111 1.00008 0.000119036 -4.89695e-05
2.49664 1.11111 1.00007 0.000108171 -4.38625e-05
2.51678 1.11111 1.00007 9.81774e-05 -3.92351e-05
2.53691 1.11111 1.00006 8.89942e-05 -3.50506e-05
2.55705 1.11111 1.00005 8.05643e-05 -3.12737e-05
2.57718 1.11111 1.00005 7.28331e-05 -2.78707e-05
2.59732 1.11111 1.00004 6.57486e-05 -2.48099e-05
2.61745 1.11111 1.00004 5.92614e-05 -2.20611e-05
2.63758 1.11111 1.00004 5.33249e-05 -1.95961e-05
2.65772 1.11111 1.00003 4.78947e-05 -1.73886e-05
2.67785 1.11111 1.00003 4.29287e-05 -1.5414e-05
2.69799 1.11111 1.00003 3.83876e-05 -1.36493e-05
2.71812 1.11111 1.00002 3.42336e-05 -1.20732e-05
2.73826 1.11111 1.00002 3.04316e-05 -1.06658e-05
2.75839 1.11111 1.00002 2.69481e-05 -9.40849e-06
2.77852 1.11111 1.00002 2.37516e-05 -8.28369e-06
2.79866 1.11111 1.00002 2.08123e-05 -7.27477e-06
2.81879 1.11111 1.00001 1.81019e-05 -6.36581e-06
2.83893 1.11111 1.00001 1.55938e-05 -5.54127e-06
2.85906 1.11111 1.00001 1.32626e-05 -4.7858e-06
2.87919 1.11111 1.00001 1.10842e-05 -4.08388e-06
2.89933 1.11111 1.00001 9.03571e-06 -3.41944e-06
2.91946 1.11111 1.00001 7.09504e-06 -2.77547e-06
2.9396 1.11111 1.00001 5.24112e-06 -2.1335e-06
2.95973 1.11111 1.00001 3.45364e-06 -1.47301e-06
2.97987 1.11111 1.00001 1.71293e-06 -7.70768e-07
3 1.11111 1.00001 0 0

0 1.13131 1.00305 0 0
0.0201342 1.13131 1.00395 -0.000546751 0.00394159
0.0402685 1.13131 1.00832 -0.000624715 0.00872556
0.0604027 1.13131 1.01264 -6.84732e-05 0.0139391
0.0805369 1.13131 1.01726 0.00099946 0.0191454
0.100671 1.13131 1.02169 0.00243235 0.024109
0.120805 1.13131 1.02573 0.00407368 0.0286733
0.14094 1.13131 1.02937 0.00579326 0.0327869
0.161074 1.13131 1.03257 0.00749983 0.0364468
0.181208 1.13131 1.03538 0.00913369 0.0396804
0.201342 1.13131 1.03784 0.010661 0.0425273
0.221477 1.13131 1.03999 0.0120659 0.0450295
0.241611 1.13131 1.04189 0.0133439 0.0472272
0.261745 1.13131 1.04356 0.0144981 0.0491561
0.281879 1.13131 1.04506 0.0155355 0.0508472
0.302013 1.13131 1.04639 0.0164651 0.0523268
0.322148 1.13131 1.0476 0.017297 0.0536172
0.342282 1.13131 1.0487 0.0180411 0.0547372
0.362416 1.13131 1.0497 0.0187069 0.0557023
0.38255 1.13131 1.05061 0.0193036 0.0565258
0.402685 1.13131 1.05145 0.0198396 0.0572186
0.422819 1.13131 1.05222 0.0203226 0.0577899
0.442953 1.13131 1.05292 0.02076 0.0582472
0.463087 1.13131 1.05357 0.0211584 0.0585966
0.483221 1.13131 1.05416 0.021524 0.0588428
0.503356 1.13131 1.05469 0.0218625 0.0589892
0.52349 1.13131 1.05517 0.0221793 0.0590381
0.543624 1.13131 1.05559 0.0224793 0.0589906
0.563758 1.13131 1.05595 0.0227673 0.0588465
0.583893 1.13131 1.05624 0.0230475 0.0586044
0.604027 1.13131 1.05647 0.023324 0.0582615
0.624161 1.13131 1.05663 0.0236006 0.0578141
0.644295 1.13131 1.05671 0.0238805 0.0572566
0.66443 1.13131 1.05671 0.0241667 0.0565822
0.684564 1.13131 1.05662 0.0244618 0.0557826
0.704698 1.13131 1.05642 0.0247677 0.0548477
0.724832 1.13131 1.05612 0.0250857 0.0537656
0.744966 1.13131 1.05568 0.0254163 0.0525227
0.765101 1.13131 1.0551 0.0257586 0.0511033
0.785235 1.13131 1.05436 0.0261102 0.0494897
0.805369 1.13131 1.05343 0.0264665 0.0476625
0.825503 1.13131 1.05229 0.0268194 0.0456005
0.845638 1.13131 1.0509 0.0271563 0.0432821
0.865772 1.13131 1.04923 0.0274582 0.0406866
0.885906 1.13131 1.04723 0.0276967 0.0377978
0.90604 1.13131 1.04488 0.0278327 0.0346096
0.926174 1.13131 1.04212 0.0278115 0.0311333
0.946309 1.13131 1.03903 0.0275714 0.0274174
0.966443 1.13131 1.03539 0.0270304 0.0235404
0.986577 1.13131 1.03189 0.026148 0.0196818
1.00671 1.13131 1.02771 0.0248819 0.0159856
1.02685 1.13131 1.02468 0.0233196 0.0127738
1.04698 1.13131 1.02202 0.0216587 0.0100783
1.06711 1.13131 1.01991 0.0200092 0.00789211
1.08725 1.13131 1.01818 0.0184502 0.0061481
1.10738 1.13131 1.01678 0.0170175 0.00476914
1.12752 1.13131 1.01561 0.0157222 0.00368135
1.14765 1.13131 1.01462 0.0145605 0.00282181
1.16779 1.13131 1.01377 0.0135213 0.00213982
1.18792 1.13131 1.01301 0.0125905 0.0015958
1.20805 1.13131 1.01233 0.0117541 0.00115933
1.22819 1.13131 1.01171 0.010999 0.000807262
1.24832 1.13131 1.01113 0.0103134 0.000521934
1.26846 1.13131 1.01058 0.0096874 0.000289879
1.28859 1.13131 1.01006 0.0091126 0.000100748
1.30872 1.13131 1.00956 0.00858193 -5.34749e-05
1.32886 1.13131 1.00909 0.00808956 -0.000179052
1.34899 1.13131 1.00863 0.00763065 -0.000280931
1.36913 1.13131 1.00819 0.00720122 -0.000363058
1.38926 1.13131 1.00776 0.00679796 -0.000428617
1.4094 1.13131 1.00735 0.00641814 -0.000480204
1.42953 1.13131 1.00696 0.00605947 -0.000519959
1.44966 1.13131 1.00658 0.00572008 -0.00054966
1.4698 1.13131 1.00621 0.00539838 -0.000570801
1.48993 1.13131 1.00586 0.00509303 -0.000584649
1.51007 1.13131 1.00552 0.00480291 -0.000592282
1.5302 1.13131 1.0052 0.00452706 -0.000594629
1.55034 1.13131 1.00488 0.00426466 -0.000592494
1.57047 1.13131 1.00459 0.004015 -0.000586576
1.5906 1.13131 1.0043 0.00377746 -0.000577484
1.61074 1.13131 1.00403 0.00355149 -0.000565756
1.63087 1.13131 1.00377 0.00333659 -0.000551864
1.65101 1.13131 1.00352 0.00313233 -0.000536226
1.67114 1.13131 1.00329 0.00293831 -0.000519214
1.69128 1.13131 1.00307 0.00275416 -0.00050116
1.71141 1.13131 1.00286 0.00257954 -0.000482363
1.73154 1.13131 1.00266 0.00241414 -0.000463093
1.75168 1.13131 1.00247 0.00225765 -0.000443601
1.77181 1.13131 1.00229 0.00210981 -0.000424119
1.79195 1.13131 1.00212 0.00197035 -0.000404873
1.81208 1.13131 1.00196 0.00183904 -0.000386088
1.83221 1.13131 1.00182 0.00171565 -0.000367996
1.85235 1.13131 1.00167 0.00159995 -0.000350848
1.87248 1.13131 1.00154 0.00149174 -0.00033492
1.89262 1.13131 1.00142 0.00139077 -0.000320523
1.91275 1.13131 1.0013 0.00129675 -0.000307993
1.93289 1.13131 1.00119 0.00120932 -0.000297665
1.95302 1.13131 1.00108 0.00112794 -0.000289796
1.97315 1.13131 1.00098 0.00105186 -0.00028441
1.99329 1.13131 1.00088 0.000980105 -0.000281057
2.01342 1.13131 1.00079 0.000911663 -0.000278654
2.03356 1.13131 1.00071 0.000846122 -0.000275242
2.05369 1.13131 1.00064 0.000783729 -0.000269835
2.07383 1.13131 1.00058 0.00072475 -0.000262075
2.09396 1.13131 1.00052 0.00066937 -0.000252124
2.11409 1.13131 1.00047 0.00061763 -0.000240404
2.13423 1.13131 1.00043 0.000569447 -0.000227415
2.15436 1.13131 1.00039 0.000524668 -0.000213643
2.1745 1.13131 1.00035 0.000483098 -0.000199504
2.19463 1.13131 1.00032 0.000444529 -0.000185336
2.21477 1.13131 1.00029 0.000408759 -0.000171397
2.2349 1.13131 1.00027 0.000375592 -0.00015788
2.25503 1.13131 1.00024 0.000344848 -0.00014492
2.27517 1.13131 1.00022 0.000316362 -0.000132609
2.2953 1.13131 1.0002 0.000289979 -0.000121002
2.31544 1.13131 1.00019 0.000265558 -0.000110128
2.33557 1.13131 1.00017 0.000242968 -9.9997e-05
2.3557 1.13131 1.00015 0.000222088 -9.06013e-05
2.37584 1.13131 1.00014 0.000202803 -8.19234e-05
2.39597 1.13131 1.00013 0.000185007 -7.39375e-05
2.41611 1.13131 1.00011 0.0001686 -6.66124e-05
2.43624 1.13131 1.0001 0.000153488 -5.99131e-05
2.45638 1.13131 1.00009 0.000139581 -5.38026e-05
2.47651 1.13131 1.00009 0.000126796 -4.82431e-05
2.49664 1.13131 1.00008 0.000115053 -4.31964e-05
2.51678 1.13131 1.00007 0.000104277 -3.86251e-05
2.53691 1.13131 1.00006 9.43983e-05 -3.44927e-05
2.55705 1.13131 1.00006 8.53492e-05 -3.07641e-05
2.57718 1.13131 1.00005 7.70668e-05 -2.7406e-05
2.59732 1.13131 1.00005 6.94917e-05 -2.43867e-05
2.61745 1.13131 1.00004 6.25679e-05 -2.16761e-05
2.63758 1.13131 1.00004 5.62426e-05 -1.92465e-05
2.65772 1.13131 1.00003 5.04662e-05 -1.70715e-05
2.67785 1.13131 1.00003 4.51919e-05 -1.51267e-05
2.69799 1.13131 1.00003 4.03759e-05 -1.33895e-05
2.71812 1.13131 1.00002 3.59769e-05 -1.18386e-05
2.73826 1.13131 1.00002 3.1956e-05 -1.04544e-05
2.75839 1.13131 1.00002 2.82767e-05 -9.21842e-06
2.77852 1.13131 1.00002 2.49048e-05 -8.11326e-06
2.79866 1.13131 1.00002 2.1808e-05 -7.1225e-06
2.81879 1.13131 1.00001 1.89557e-05 -6.23041e-06
2.83893 1.13131 1.00001 1.63192e-05 -5.42169e-06
2.85906 1.13131 1.00001 1.38714e-05 -4.68119e-06
2.87919 1.13131 1.00001 1.15864e-05 -3.99363e-06
2.89933 1.13131 1.00001 9.43989e-06 -3.34321e-06
2.91946 1.13131 1.00001 7.40838e-06 -2.7132e-06
2.9396 1.13131 1.00001 5.46963e-06 -2.08545e-06
2.95973 1.13131 1.00001 3.60224e-06 -1.4398e-06
2.97987 1.13131 1.00001 1.78562e-06 -7.5342e-07
3 1.13131 1.00001 0 0

0 1.15152 1.00805 0 0
0.0201342 1.15152 1.00865 -0.000599622 0.00360311
0.0402685 1.15152 1.01172 -0.000861964 0.0079076
0.0604027 1.15152 1.01479 -0.000636059 0.0126009
0.0805369 1.15152 1.01839 2.80457e-05 0.0173863
0.100671 1.15152 1.02192 0.00105414 0.02205
0.120805 1.15152 1.02531 0.00232919 0.0264428
0.14094 1.15152 1.02845 0.00375007 0.0304888
0.161074 1.15152 1.03132 0.0052319 0.0341578
0.181208 1.15152 1.03389 0.00671175 0.0374513
0.201342 1.15152 1.0362 0.00814683 0.0403885
0.221477 1.15152 1.03825 0.00951049 0.0429965
0.241611 1.15152 1.04009 0.0107881 0.0453053
0.261745 1.15152 1.04174 0.0119734 0.0473442
0.281879 1.15152 1.04322 0.0130659 0.0491406
0.302013 1.15152 1.04456 0.0140686 0.0507186
0.322148 1.15152 1.04578 0.0149867 0.0520997
0.342282 1.15152 1.04688 0.0158265 0.0533023
0.362416 1.15152 1.04789 0.0165951 0.0543424
0.38255 1.15152 1.04881 0.0172994 0.0552335
0.402685 1.15152 1.04965 0.0179465 0.0559871
0.422819 1.15152 1.05043 0.0185431 0.0566129
0.442953 1.15152 1.05113 0.0190956 0.057119
0.463087 1.15152 1.05178 0.0196102 0.0575119
0.483221 1.15152 1.05236 0.0200927 0.0577968
0.503356 1.15152 1.05289 0.0205485 0.0579775
0.52349 1.15152 1.05335 0.0209829 0.0580566
0.543624 1.15152 1.05375 0.0214006 0.0580356
0.563758 1.15152 1.0541 0.0218063 0.0579144
0.583893 1.15152 1.05437 0.0222041 0.0576921
0.604027 1.15152 1.05458 0.0225981 0.0573662
0.624161 1.15152 1.05471 0.0229917 0.0569331
0.644295 1.15152 1.05476 0.0233881 0.0563878
0.66443 1.15152 1.05473 0.02379 0.0557237
0.684564 1.15152 1.0546 0.0241996 0.054933
0.704698 1.15152 1.05437 0.0246184 0.0540064
0.724832 1.15152 1.05402 0.0250471 0.0529327
0.744966 1.15152 1.05355 0.025485 0.0516995
0.765101 1.15152 1.05293 0.0259303 0.0502926
0.785235 1.15152 1.05216 0.026379 0.0486965
0.805369 1.15152 1.05121 0.0268247 0.0468947
0.825503 1.15152 1.05006 0.0272571 0.0448702
0.845638 1.15152 1.04869 0.0276613 0.0426068
0.865772 1.15152 1.04707 0.0280165 0.0400914
0.885906 1.15152 1.04517 0.0282937 0.0373168
0.90604 1.15152 1.04299 0.0284554 0.0342872
0.926174 1.15152 1.04049 0.0284546 0.0310238
0.946309 1.15152 1.03774 0.0282402 0.0275772
0.966443 1.15152 1.03467 0.0277564 0.0240242
0.986577 1.15152 1.03162 0.0269749 0.0204992
1.00671 1.15152 1.02832 0.0258837 0.0171247
1.02685 1.15152 1.02559 0.024543 0.0140953
1.04698 1.15152 1.02316 0.0230749 0.0114658
1.06711 1.15152 1.02111 0.0215698 0.00925076
1.08725 1.15152 1.01938 0.0200985 0.00741875
1.10738 1.15152 1.01792 0.0187034 0.00592099
1.12752 1.15152 1.01667 0.0174061 0.00470377
1.14765 1.15152 1.01559 0.016214 0.0037166
1.16779 1.15152 1.01465 0.0151251 0.00291555
1.18792 1.15152 1.01381 0.0141328 0.00226411
1.20805 1.15152 1.01305 0.0132284 0.00173273
1.22819 1.15152 1.01236 0.0124022 0.00129784
1.24832 1.15152 1.01171 0.0116452 0.000940829
1.26846 1.15152 1.01111 0.0109488 0.000647008
1.28859 1.15152 1.01054 0.0103058 0.000404784
1.30872 1.15152 1.01001 0.00970945 0.000204972
1.32886 1.15152 1.00949 0.00915433 4.02562e-05
1.34899 1.15152 1.009 0.00863566 -9.52322e-05
1.36913 1.15152 1.00853 0.00814945 -0.000206235
1.38926 1.15152 1.00808 0.00769231 -0.000296617
1.4094 1.15152 1.00765 0.0072614 -0.000369552
1.42953 1.15152 1.00724 0.0068543 -0.00042767
1.44966 1.15152 1.00684 0.006469 -0.000473166
1.4698 1.15152 1.00645 0.00610377 -0.00050789
1.48993 1.15152 1.00608 0.00575715 -0.000533408
1.51007 1.15152 1.00573 0.00542789 -0.00055106
1.5302 1.15152 1.00539 0.00511492 -0.000561994
1.55034 1.15152 1.00507 0.00481731 -0.000567206
1.57047 1.15152 1.00476 0.00453425 -0.000567556
1.5906 1.15152 1.00446 0.00426504 -0.0005638
1.61074 1.15152 1.00418 0.00400903 -0.000556596
1.63087 1.15152 1.00391 0.00376567 -0.000546526
1.65101 1.15152 1.00366 0.00353444 -0.000534101
1.67114 1.15152 1.00342 0.00331487 -0.000519778
1.69128 1.15152 1.00319 0.00310653 -0.000503959
1.71141 1.15152 1.00297 0.00290902 -0.00048701
1.73154 1.15152 1.00276 0.00272197 -0.000469257
1.75168 1.15152 1.00257 0.00254502 -0.000451
1.77181 1.15152 1.00238 0.00237784 -0.000432517
1.79195 1.15152 1.00221 0.00222012 -0.00041407
1.81208 1.15152 1.00204 0.00207154 -0.000395913
1.83221 1.15152 1.00189 0.0019318 -0.000378299
1.85235 1.15152 1.00174 0.00180062 -0.000361483
1.87248 1.15152 1.00161 0.00167768 -0.000345728
1.89262 1.15152 1.00148 0.00156266 -0.000331302
1.91275 1.15152 1.00136 0.00145517 -0.000318464
1.93289 1.15152 1.00124 0.00135476 -0.000307426
1.95302 1.15152 1.00113 0.00126084 -0.000298293
1.97315 1.15152 1.00103 0.00117273 -0.00029096
1.99329 1.15152 1.00093 0.00108966 -0.000284993
2.01342 1.15152 1.00084 0.00101094 -0.000279586
2.03356 1.15152 1.00076 0.000936196 -0.000273592
2.05369 1.15152 1.00069 0.00086546 -0.000266289
2.07383 1.15152 1.00062 0.000798824 -0.000257353
2.09396 1.15152 1.00056 0.000736363 -0.000246819
2.11409 1.15152 1.00051 0.000678063 -0.00023494
2.13423 1.15152 1.00046 0.000623824 -0.000222066
2.15436 1.15152 1.00042 0.000573482 -0.000208566
2.1745 1.15152 1.00038 0.000526832 -0.000194777
2.19463 1.15152 1.00035 0.000483649 -0.000180987
2.21477 1.15152 1.00032 0.000443706 -0.000167427
2.2349 1.15152 1.00029 0.000406779 -0.000154271
2.25503 1.15152 1.00026 0.000372658 -0.000141647
2.27517 1.15152 1.00024 0.000341143 -0.000129645
2.2953 1.15152 1.00022 0.00031205 -0.00011832
2.31544 1.15152 1.0002 0.000285206 -0.000107702
2.33557 1.15152 1.00018 0.000260451 -9.78018e-05
2.3557 1.15152 1.00016 0.000237639 -8.86154e-05
2.37584 1.15152 1.00015 0.00021663 -8.01269e-05
2.39597 1.15152 1.00013 0.000197297 -7.23125e-05
2.41611 1.15152 1.00012 0.000179519 -6.51426e-05
2.43624 1.15152 1.00011 0.000163185 -5.85841e-05
2.45638 1.15152 1.0001 0.000148189 -5.26013e-05
2.47651 1.15152 1.00009 0.000134434 -4.71576e-05
2.49664 1.15152 1.00008 0.000121827 -4.2216e-05
2.51678 1.15152 1.00007 0.000110282 -3.774e-05
2.53691 1.15152 1.00007 9.97174e-05 -3.36942e-05
2.55705 1.15152 1.00006 9.00581e-05 -3.00442e-05
2.57718 1.15152 1.00005 8.12326e-05 -2.67573e-05
2.59732 1.15152 1.00005 7.3174e-05 -2.38025e-05
2.61745 1.15152 1.00004 6.58198e-05 -2.11506e-05
2.63758 1.15152 1.00004 5.91114e-05 -1.87739e-05
2.65772 1.15152 1.00004 5.29938e-05 -1.66469e-05
2.67785 1.15152 1.00003 4.74158e-05 -1.47457e-05
2.69799 1.15152 1.00003 4.23291e-05 -1.30478e-05
2.71812 1.15152 1.00003 3.76887e-05 -1.15326e-05
2.73826 1.15152 1.00002 3.34523e-05 -1.01806e-05
2.75839 1.15152 1.00002 2.95805e-05 -8.97393e-06
2.77852 1.15152 1.00002 2.60362e-05 -7.89541e-06
2.79866 1.15152 1.00002 2.27845e-05 -6.92898e-06
2.81879 1.15152 1.00002 1.97927e-05 -6.05924e-06
2.83893 1.15152 1.00001 1.70302e-05 -5.27119e-06
2.85906 1.15152 1.00001 1.44679e-05 -4.55005e-06
2.87919 1.15152 1.00001 1.20783e-05 -3.88086e-06
2.89933 1.15152 1.00001 9.83565e-06 -3.2482e-06
2.91946 1.15152 1.00001 7.71511e-06 -2.63573e-06
2.9396 1.15152 1.00001 5.69326e-06 -2.02573e-06
2.95973 1.15152 1.00001 3.74763e-06 -1.39853e-06
2.97987 1.15152 1.00001 1.85672e-06 -7.31845e-07
3 1.15152 1.00001 0 0

0 1.17172 1.01167 0 0
0.0201342 1.17172 1.01206 -0.000621633 0.00337881
0.0402685 1.17172 1.0143 -0.000994308 0.00731376
0.0604027 1.17172 1.0166 -0.000988336 0.011587
0.0805369 1.17172 1.01944 -0.000614115 0.0159929
0.100671 1.17172 1.02229 9.43123e-05 0.0203533
0.120805 1.17172 1.02513 0.00106087 0.0245358
0.14094 1.17172 1.02784 0.00220842 0.0284571
0.161074 1.17172 1.03037 0.00346502 0.0320723
0.181208 1.17172 1.03271 0.00477184 0.0353656
0.201342 1.17172 1.03484 0.00608408 0.0383396
0.221477 1.17172 1.03677 0.00736986 0.0410083
0.241611 1.17172 1.03853 0.00860805 0.0433918
0.261745 1.17172 1.04012 0.00978584 0.045512
0.281879 1.17172 1.04157 0.0108966 0.0473913
0.302013 1.17172 1.04289 0.0119381 0.0490507
0.322148 1.17172 1.04409 0.0129111 0.0505096
0.342282 1.17172 1.04518 0.0138185 0.0517853
0.362416 1.17172 1.04619 0.0146643 0.0528931
0.38255 1.17172 1.0471 0.0154533 0.0538465
0.402685 1.17172 1.04795 0.0161907 0.0546571
0.422819 1.17172 1.04872 0.0168819 0.0553345
0.442953 1.17172 1.04942 0.0175323 0.0558873
0.463087 1.17172 1.05006 0.0181472 0.0563221
0.483221 1.17172 1.05063 0.0187318 0.0566444
0.503356 1.17172 1.05115 0.0192911 0.0568584
0.52349 1.17172 1.0516 0.0198297 0.056967
0.543624 1.17172 1.05198 0.0203523 0.0569718
0.563758 1.17172 1.05231 0.0208631 0.0568732
0.583893 1.17172 1.05256 0.0213659 0.0566703
0.604027 1.17172 1.05275 0.0218645 0.0563612
0.624161 1.17172 1.05285 0.0223621 0.0559425
0.644295 1.17172 1.05288 0.0228614 0.0554096
0.66443 1.17172 1.05282 0.0233648 0.0547565
0.684564 1.17172 1.05266 0.0238739 0.0539759
0.704698 1.17172 1.05241 0.0243895 0.0530593
0.724832 1.17172 1.05203 0.0249115 0.0519966
0.744966 1.17172 1.05154 0.0254383 0.0507766
0.765101 1.17172 1.0509 0.0259668 0.0493869
0.785235 1.17172 1.05012 0.0264917 0.0478145
0.805369 1.17172 1.04917 0.0270049 0.0460459
0.825503 1.17172 1.04804 0.0274947 0.0440683
0.845638 1.17172 1.0467 0.0279451 0.0418705
0.865772 1.17172 1.04515 0.0283346 0.0394458
0.885906 1.17172 1.04337 0.0286353 0.0367939
0.90604 1.17172 1.04136 0.0288133 0.0339257
0.926174 1.17172 1.03911 0.0288292 0.0308677
0.946309 1.17172 1.03666 0.0286426 0.0276684
0.966443 1.17172 1.03401 0.028215 0.0243974
0.986577 1.17172 1.03135 0.027528 0.0211575
1.00671 1.17172 1.0286 0.0265819 0.0180486
1.02685 1.17172 1.02616 0.0254202 0.0151973
1.04698 1.17172 1.02394 0.0241226 0.0126603
1.06711 1.17172 1.022 0.0227598 0.0104611
1.08725 1.17172 1.02031 0.0213917 0.00858945
1.10738 1.17172 1.01883 0.0200606 0.00701671
1.12752 1.17172 1.01755 0.0187929 0.00570577
1.14765 1.17172 1.01642 0.0176024 0.00461802
1.16779 1.17172 1.01541 0.0164943 0.00371723
1.18792 1.17172 1.01451 0.015468 0.00297142
1.20805 1.17172 1.0137 0.0145195 0.00235336
1.22819 1.17172 1.01295 0.0136429 0.0018404
1.24832 1.17172 1.01225 0.012832 0.00141396
1.26846 1.17172 1.0116 0.0120803 0.00105891
1.28859 1.17172 1.011 0.0113816 0.000762976
1.30872 1.17172 1.01042 0.0107305 0.000516214
1.32886 1.17172 1.00988 0.0101219 0.000310535
1.34899 1.17172 1.00936 0.00955145 0.000139343
1.36913 1.17172 1.00886 0.00901545 -2.76723e-06
1.38926 1.17172 1.00839 0.00851058 -0.000120252
1.4094 1.17172 1.00793 0.00803403 -0.000216806
1.42953 1.17172 1.0075 0.00758339 -0.000295513
1.44966 1.17172 1.00708 0.00715659 -0.000358964
1.4698 1.17172 1.00668 0.00675184 -0.00040935
1.48993 1.17172 1.0063 0.00636763 -0.000448533
1.51007 1.17172 1.00593 0.00600263 -0.000478107
1.5302 1.17172 1.00558 0.00565568 -0.000499445
1.55034 1.17172 1.00525 0.00532579 -0.000513731
1.57047 1.17172 1.00493 0.00501207 -0.000521996
1.5906 1.17172 1.00462 0.00471375 -0.000525139
1.61074 1.17172 1.00433 0.00443012 -0.000523945
1.63087 1.17172 1.00405 0.00416055 -0.000519107
1.65101 1.17172 1.00379 0.00390448 -0.000511235
1.67114 1.17172 1.00354 0.00366137 -0.00050087
1.69128 1.17172 1.0033 0.00343074 -0.00048849
1.71141 1.17172 1.00307 0.00321213 -0.000474526
1.73154 1.17172 1.00286 0.00300511 -0.000459363
1.75168 1.17172 1.00266 0.00280927 -0.000443351
1.77181 1.17172 1.00247 0.00262423 -0.000426812
1.79195 1.17172 1.00229 0.00244961 -0.000410043
1.81208 1.17172 1.00212 0.00228505 -0.000393326
1.83221 1.17172 1.00196 0.00213018 -0.000376928
1.85235 1.17172 1.00181 0.00198464 -0.00036111
1.87248 1.17172 1.00167 0.00184805 -0.00034612
1.89262 1.17172 1.00154 0.00172002 -0.000332194
1.91275 1.17172 1.00141 0.0016001 -0.00031953
1.93289 1.17172 1.00129 0.00148777 -0.000308268
1.95302 1.17172 1.00118 0.00138248 -0.000298436
1.97315 1.17172 1.00108 0.0012836 -0.000289894
1.99329 1.17172 1.00098 0.00119049 -0.000282283
2.01342 1.17172 1.00089 0.0011026 -0.000275028
2.03356 1.17172 1.0008 0.00101958 -0.000267413
2.05369 1.17172 1.00073 0.000941328 -0.000258928
2.07383 1.17172 1.00066 0.000867804 -0.000249311
2.09396 1.17172 1.0006 0.00079898 -0.000238539
2.11409 1.17172 1.00054 0.000734783 -0.000226762
2.13423 1.17172 1.00049 0.000675083 -0.000214223
2.15436 1.17172 1.00045 0.000619698 -0.000201197
2.1745 1.17172 1.00041 0.000568411 -0.000187954
2.19463 1.17172 1.00037 0.000520986 -0.000174733
2.21477 1.17172 1.00034 0.000477177 -0.000161733
2.2349 1.17172 1.00031 0.000436743 -0.000149112
2.25503 1.17172 1.00028 0.00039945 -0.000136988
2.27517 1.17172 1.00025 0.000365075 -0.000125446
2.2953 1.17172 1.00023 0.000333408 -0.00011454
2.31544 1.17172 1.00021 0.000304252 -0.000104303
2.33557 1.17172 1.00019 0.000277425 -9.47469e-05
2.3557 1.17172 1.00017 0.000252755 -8.58708e-05
2.37584 1.17172 1.00016 0.000230085 -7.76618e-05
2.39597 1.17172 1.00014 0.000209265 -7.0099e-05
2.41611 1.17172 1.00013 0.00019016 -6.31555e-05
2.43624 1.17172 1.00012 0.00017264 -5.68006e-05
2.45638 1.17172 1.0001 0.000156587 -5.10009e-05
2.47651 1.17172 1.00009 0.000141887 -4.57219e-05
2.49664 1.17172 1.00009 0.000128438 -4.09285e-05
2.51678 1.17172 1.00008 0.000116143 -3.65859e-05
2.53691 1.17172 1.00007 0.00010491 -3.266e-05
2.55705 1.17172 1.00006 9.46552e-05 -2.91178e-05
2.57718 1.17172 1.00006 8.52992e-05 -2.59279e-05
2.59732 1.17172 1.00005 7.67683e-05 -2.30603e-05
2.61745 1.17172 1.00005 6.89936e-05 -2.04866e-05
2.63758 1.17172 1.00004 6.19108e-05 -1.81804e-05
2.65772 1.17172 1.00004 5.546e-05 -1.61166e-05
2.67785 1.17172 1.00003 4.95851e-05 -1.42722e-05
2.69799 1.17172 1.00003 4.4234e-05 -1.26253e-05
2.71812 1.17172 1.00003 3.93577e-05 -1.1156e-05
2.73826 1.17172 1.00002 3.4911e-05 -9.84527e-06
2.75839 1.17172 1.00002 3.08511e-05 -8.6757e-06
2.77852 1.17172 1.00002 2.71384e-05 -7.63074e-06
2.79866 1.17172 1.00002 2.37355e-05 -6.69473e-06
2.81879 1.17172 1.00002 2.06078e-05 -5.85272e-06
2.83893 1.17172 1.00001 1.77223e-05 -5.09016e-06
2.85906 1.17172 1.00001 1.50484e-05 -4.3927e-06
2.87919 1.17172 1.00001 1.2557e-05 -3.74584e-06
2.89933 1.17172 1.00001 1.02206e-05 -3.13463e-06
2.91946 1.17172 1.00001 8.01342e-06 -2.54323e-06
2.9396 1.17172 1.00001 5.91069e-06 -1.95447e-06
2.95973 1.17172 1.00001 3.88897e-06 -1.34929e-06
2.97987 1.17172 1.00001 1.92583e-06 -7.06092e-07
3 1.17172 1.00001 0 0

0 1.19192 1.01438 0 0
0.0201342 1.19192 1.01472 -0.000629043 0.00321275
0.0402685 1.19192 1.01637 -0.0010671 0.0068621
0.0604027 1.19192 1.01814 -0.00120858 0.0107967
0.0805369 1.19192 1.02039 -0.00104209 0.0148722
0.100671 1.19192 1.02272 -0.000577511 0.0189461
0.120805 1.19192 1.0251 0.000137193 0.0229059
0.14094 1.19192 1.02743 0.00104675 0.026671
0.161074 1.19192 1.02966 0.00209366 0.0301908
0.181208 1.19192 1.03175 0.00322669 0.0334386
0.201342 1.19192 1.0337 0.00440333 0.0364059
0.221477 1.19192 1.0355 0.00559051 0.0390961
0.241611 1.19192 1.03716 0.00676388 0.04152
0.261745 1.19192 1.03868 0.0079065 0.0436928
0.281879 1.19192 1.04007 0.00900739 0.0456315
0.302013 1.19192 1.04135 0.0100602 0.0473532
0.322148 1.19192 1.04252 0.0110619 0.0488746
0.342282 1.19192 1.0436 0.0120122 0.0502114
0.362416 1.19192 1.04459 0.0129123 0.0513775
0.38255 1.19192 1.04549 0.0137647 0.0523858
0.402685 1.19192 1.04633 0.0145729 0.0532474
0.422819 1.19192 1.04709 0.0153408 0.0539719
0.442953 1.19192 1.04778 0.0160723 0.0545677
0.463087 1.19192 1.04841 0.0167719 0.0550416
0.483221 1.19192 1.04897 0.0174439 0.0553992
0.503356 1.19192 1.04947 0.0180926 0.0556448
0.52349 1.19192 1.04991 0.0187221 0.0557816
0.543624 1.19192 1.05028 0.0193364 0.0558112
0.563758 1.19192 1.05059 0.0199393 0.0557345
0.583893 1.19192 1.05082 0.0205344 0.0555508
0.604027 1.19192 1.05099 0.0211247 0.0552585
0.624161 1.19192 1.05107 0.0217131 0.0548546
0.644295 1.19192 1.05108 0.0223019 0.0543348
0.66443 1.19192 1.051 0.0228928 0.0536939
0.684564 1.19192 1.05082 0.0234867 0.0529253
0.704698 1.19192 1.05054 0.0240838 0.0520212
0.724832 1.19192 1.05015 0.024683 0.0509728
0.744966 1.19192 1.04965 0.0252819 0.0497705
0.765101 1.19192 1.04901 0.0258763 0.0484036
0.785235 1.19192 1.04822 0.0264596 0.0468616
0.805369 1.19192 1.04729 0.0270228 0.0451341
0.825503 1.19192 1.04619 0.0275533 0.0432119
0.845638 1.19192 1.04491 0.0280346 0.0410885
0.865772 1.19192 1.04344 0.0284458 0.0387619
0.885906 1.19192 1.04178 0.0287613 0.0362371
0.90604 1.19192 1.03993 0.0289514 0.0335289
0.926174 1.19192 1.03789 0.0289836 0.0306655
0.946309 1.19192 1.03571 0.0288266 0.0276917
0.966443 1.19192 1.03339 0.0284536 0.0246683
0.986577 1.19192 1.03104 0.027853 0.0216755
1.00671 1.19192 1.02868 0.02703 0.0187935
1.02685 1.19192 1.02649 0.0260168 0.0161109
1.04698 1.19192 1.02446 0.0248681 0.0136789
1.06711 1.19192 1.02264 0.0236387 0.0115239
1.08725 1.19192 1.02101 0.0223781 0.00964747
1.10738 1.19192 1.01956 0.021125 0.00803471
1.12752 1.19192 1.01826 0.0199068 0.00666125
1.14765 1.19192 1.01711 0.0187411 0.0054987
1.16779 1.19192 1.01607 0.0176373 0.00451832
1.18792 1.19192 1.01513 0.0165995 0.00369317
1.20805 1.19192 1.01427 0.0156277 0.0029992
1.22819 1.19192 1.01347 0.0147195 0.00241552
1.24832 1.19192 1.01274 0.0138712 0.00192437
1.26846 1.19192 1.01206 0.0130786 0.00151086
1.28859 1.19192 1.01141 0.0123369 0.00116257
1.30872 1.19192 1.01081 0.0116419 0.000869182
1.32886 1.19192 1.01023 0.0109894 0.000622142
1.34899 1.19192 1.00969 0.0103756 0.000414355
1.36913 1.19192 1.00917 0.00979723 0.000239917
1.38926 1.19192 1.00867 0.00925116 9.38991e-05
1.4094 1.19192 1.0082 0.00873479 -2.78293e-05
1.42953 1.19192 1.00775 0.00824582 -0.000128747
1.44966 1.19192 1.00731 0.00778222 -0.000211797
1.4698 1.19192 1.0069 0.00734223 -0.000279482
1.48993 1.19192 1.0065 0.00692433 -0.000333942
1.51007 1.19192 1.00612 0.00652715 -0.000377012
1.5302 1.19192 1.00576 0.00614953 -0.000410278
1.55034 1.19192 1.00541 0.00579041 -0.000435111
1.57047 1.19192 1.00508 0.00544887 -0.000452705
1.5906 1.19192 1.00477 0.00512409 -0.000464104
1.61074 1.19192 1.00447 0.00481531 -0.000470219
1.63087 1.19192 1.00418 0.00452186 -0.000471855
1.65101 1.19192 1.00391 0.00424311 -0.000469718
1.67114 1.19192 1.00365 0.00397849 -0.000464435
1.69128 1.19192 1.00341 0.00372748 -0.000456563
1.71141 1.19192 1.00317 0.00348955 -0.000446596
1.73154 1.19192 1.00295 0.00326424 -0.000434979
1.75168 1.19192 1.00275 0.00305109 -0.000422114
1.77181 1.19192 1.00255 0.00284966 -0.000408362
1.79195 1.19192 1.00237 0.00265953 -0.000394057
1.81208 1.19192 1.00219 0.00248027 -0.000379506
1.83221 1.19192 1.00203 0.00231148 -0.000364994
1.85235 1.19192 1.00187 0.00215274 -0.000350785
1.87248 1.19192 1.00173 0.00200361 -0.000337121
1.89262 1.19192 1.00159 0.00186363 -0.000324211
1.91275 1.19192 1.00146 0.00173234 -0.000312223
1.93289 1.19192 1.00134 0.00160919 -0.000301257
1.95302 1.19192 1.00123 0.00149364 -0.000291313
1.97315 1.19192 1.00112 0.00138511 -0.000282265
1.99329 1.19192 1.00102 0.00128304 -0.000273839
2.01342 1.19192 1.00093 0.00118694 -0.000265632
2.03356 1.19192 1.00085 0.00109647 -0.000257184
2.05369 1.19192 1.00077 0.00101143 -0.000248138
2.07383 1.19192 1.0007 0.000931689 -0.000238295
2.09396 1.19192 1.00063 0.00085713 -0.000227616
2.11409 1.19192 1.00057 0.000787621 -0.000216191
2.13423 1.19192 1.00052 0.000722996 -0.000204188
2.15436 1.19192 1.00047 0.000663051 -0.000191814
2.1745 1.19192 1.00043 0.000607553 -0.000179281
2.19463 1.19192 1.00039 0.000556255 -0.000166786
2.21477 1.19192 1.00036 0.000508897 -0.000154497
2.2349 1.19192 1.00032 0.000465225 -0.000142556
2.25503 1.19192 1.00029 0.000424986 -0.000131068
2.27517 1.19192 1.00027 0.00038794 -0.000120114
2.2953 1.19192 1.00024 0.000353858 -0.000109748
2.31544 1.19192 1.00022 0.000322523 -0.000100001
2.33557 1.19192 1.0002 0.000293734 -9.08891e-05
2.3557 1.19192 1.00018 0.000267301 -8.2414e-05
2.37584 1.19192 1.00016 0.000243047 -7.45662e-05
2.39597 1.19192 1.00015 0.000220809 -6.73282e-05
2.41611 1.19192 1.00013 0.000200432 -6.06764e-05
2.43624 1.19192 1.00012 0.000181774 -5.45834e-05
2.45638 1.19192 1.00011 0.000164703 -4.90187e-05
2.47651 1.19192 1.0001 0.000149095 -4.39504e-05
2.49664 1.19192 1.00009 0.000134835 -3.93459e-05
2.51678 1.19192 1.00008 0.000121815 -3.51725e-05
2.53691 1.19192 1.00007 0.000109937 -3.13982e-05
2.55705 1.19192 1.00006 9.91059e-05 -2.79918e-05
2.57718 1.19192 1.00006 8.92367e-05 -2.49235e-05
2.59732 1.19192 1.00005 8.02486e-05 -2.21647e-05
2.61745 1.19192 1.00005 7.20667e-05 -1.96885e-05
2.63758 1.19192 1.00004 6.46213e-05 -1.74693e-05
2.65772 1.19192 1.00004 5.78475e-05 -1.54835e-05
2.67785 1.19192 1.00003 5.1685e-05 -1.37087e-05
2.69799 1.19192 1.00003 4.60776e-05 -1.21242e-05
2.71812 1.19192 1.00003 4.09729e-05 -1.07106e-05
2.73826 1.19192 1.00002 3.63222e-05 -9.44984e-06
2.75839 1.19192 1.00002 3.20801e-05 -8.32506e-06
2.77852 1.19192 1.00002 2.82043e-05 -7.32036e-06
2.79866 1.19192 1.00002 2.46552e-05 -6.4207e-06
2.81879 1.19192 1.00002 2.13957e-05 -5.61167e-06
2.83893 1.19192 1.00002 1.83912e-05 -4.87928e-06
2.85906 1.19192 1.00001 1.56093e-05 -4.20972e-06
2.87919 1.19192 1.00001 1.30193e-05 -3.58906e-06
2.89933 1.19192 1.00001 1.05925e-05 -3.0029e-06
2.91946 1.19192 1.00001 8.3015e-06 -2.43602e-06
2.9396 1.19192 1.00001 6.12064e-06 -1.87191e-06
2.95973 1.19192 1.00001 4.02541e-06 -1.29224e-06
2.97987 1.19192 1.00001 1.99253e-06 -6.76249e-07
3 1.19192 1.00001 0 0

0 1.21212 1.01643 0 0
0.0201342 1.21212 1.01674 -0.000629342 0.00308425
0.0402685 1.21212 1.01799 -0.00110685 0.00650724
0.0604027 1.21212 1.0194 -0.00134769 0.0101656
0.0805369 1.21212 1.02121 -0.00133018 0.0139561
0.100671 1.21212 1.02313 -0.00105089 0.0177676
0.120805 1.21212 1.02514 -0.000537863 0.0215072
0.14094 1.21212 1.02714 0.000170779 0.0251018
0.161074 1.21212 1.0291 0.00103093 0.0285003
0.181208 1.21212 1.03097 0.00200007 0.0316711
0.201342 1.21212 1.03274 0.00304025 0.0345982
0.221477 1.21212 1.0344 0.00411982 0.0372771
0.241611 1.21212 1.03595 0.00521367 0.0397116
0.261745 1.21212 1.03738 0.0063028 0.0419105
0.281879 1.21212 1.03871 0.00737349 0.0438856
0.302013 1.21212 1.03994 0.0084164 0.0456502
0.322148 1.21212 1.04108 0.00942566 0.0472181
0.342282 1.21212 1.04213 0.0103981 0.0486025
0.362416 1.21212 1.04309 0.0113328 0.0498161
0.38255 1.21212 1.04398 0.0122299 0.0508703
0.402685 1.21212 1.04479 0.0130911 0.0517757
0.422819 1.21212 1.04554 0.0139187 0.0525415
0.442953 1.21212 1.04622 0.0147156 0.0531756
0.463087 1.21212 1.04683 0.0154849 0.0536848
0.483221 1.21212 1.04738 0.01623 0.0540747
0.503356 1.21212 1.04786 0.0169543 0.0543496
0.52349 1.21212 1.04829 0.0176613 0.0545127
0.543624 1.21212 1.04864 0.0183544 0.0545659
0.563758 1.21212 1.04893 0.0190368 0.0545103
0.583893 1.21212 1.04915 0.0197113 0.0543454
0.604027 1.21212 1.0493 0.0203806 0.0540699
0.624161 1.21212 1.04937 0.021047 0.0536813
0.644295 1.21212 1.04936 0.021712 0.0531758
0.66443 1.21212 1.04926 0.0223769 0.0525488
0.684564 1.21212 1.04907 0.0230418 0.0517945
0.704698 1.21212 1.04878 0.0237062 0.050906
0.724832 1.21212 1.04838 0.0243682 0.0498759
0.744966 1.21212 1.04787 0.0250244 0.0486959
0.765101 1.21212 1.04723 0.0256697 0.0473575
0.785235 1.21212 1.04646 0.0262969 0.0458524
0.805369 1.21212 1.04555 0.0268962 0.044173
0.825503 1.21212 1.04449 0.0274547 0.0423134
0.845638 1.21212 1.04327 0.0279562 0.0402709
0.865772 1.21212 1.0419 0.0283812 0.0380472
0.885906 1.21212 1.04035 0.0287067 0.0356505
0.90604 1.21212 1.03865 0.0289071 0.0330979
0.926174 1.21212 1.03681 0.0289562 0.0304172
0.946309 1.21212 1.03484 0.0288297 0.0276488
0.966443 1.21212 1.03279 0.0285088 0.0248449
0.986577 1.21212 1.0307 0.0279866 0.022069
1.00671 1.21212 1.02862 0.0272694 0.0193861
1.02685 1.21212 1.02665 0.0263819 0.0168613
1.04698 1.21212 1.02479 0.0253634 0.0145391
1.06711 1.21212 1.02308 0.0242563 0.0124457
1.08725 1.21212 1.02153 0.0231011 0.0105891
1.10738 1.21212 1.02011 0.0219319 0.00896324
1.12752 1.21212 1.01883 0.0207752 0.00755322
1.14765 1.21212 1.01767 0.0196497 0.00633891
1.16779 1.21212 1.01661 0.0185677 0.00529823
1.18792 1.21212 1.01565 0.0175362 0.00440923
1.20805 1.21212 1.01476 0.0165584 0.00365129
1.22819 1.21212 1.01394 0.0156347 0.00300581
1.24832 1.21212 1.01317 0.014764 0.00245642
1.26846 1.21212 1.01246 0.0139437 0.00198892
1.28859 1.21212 1.01179 0.0131711 0.00159119
1.30872 1.21212 1.01116 0.0124429 0.00125293
1.32886 1.21212 1.01056 0.011756 0.000965395
1.34899 1.21212 1.00999 0.0111073 0.000721229
1.36913 1.21212 1.00945 0.0104939 0.000514203
1.38926 1.21212 1.00894 0.00991333 0.00033905
1.4094 1.21212 1.00845 0.00936313 0.000191305
1.42953 1.21212 1.00798 0.00884121 6.71722e-05
1.44966 1.21212 1.00753 0.00834569 -3.65881e-05
1.4698 1.21212 1.0071 0.00787489 -0.000122749
1.48993 1.21212 1.00669 0.00742732 -0.000193694
1.51007 1.21212 1.0063 0.00700168 -0.00025148
1.5302 1.21212 1.00592 0.00659678 -0.000297887
1.55034 1.21212 1.00557 0.00621157 -0.000334462
1.57047 1.21212 1.00523 0.00584512 -0.000362555
1.5906 1.21212 1.0049 0.00549658 -0.000383346
1.61074 1.21212 1.00459 0.00516517 -0.00039787
1.63087 1.21212 1.0043 0.00485017 -0.000407037
1.65101 1.21212 1.00402 0.00455094 -0.000411652
1.67114 1.21212 1.00376 0.00426687 -0.000412425
1.69128 1.21212 1.00351 0.00399738 -0.000409988
1.71141 1.21212 1.00327 0.00374193 -0.000404902
1.73154 1.21212 1.00304 0.00350001 -0.000397668
1.75168 1.21212 1.00283 0.00327112 -0.000388738
1.77181 1.21212 1.00263 0.00305477 -0.000378516
1.79195 1.21212 1.00244 0.00285051 -0.00036737
1.81208 1.21212 1.00226 0.00265786 -0.000355633
1.83221 1.21212 1.00209 0.00247637 -0.000343608
1.85235 1.21212 1.00193 0.00230558 -0.000331566
1.87248 1.21212 1.00178 0.00214502 -0.000319747
1.89262 1.21212 1.00164 0.00199418 -0.000308352
1.91275 1.21212 1.00151 0.00185257 -0.000297534
1.93289 1.21212 1.00139 0.00171965 -0.000287378
1.95302 1.21212 1.00127 0.00159489 -0.000277888
1.97315 1.21212 1.00116 0.00147772 -0.00026897
1.99329 1.21212 1.00106 0.00136764 -0.000260428
2.01342 1.21212 1.00097 0.0012642 -0.000251991
2.03356 1.21212 1.00088 0.00116703 -0.000243357
2.05369 1.21212 1.0008 0.00107587 -0.000234284
2.07383 1.21212 1.00073 0.000990514 -0.000224627
2.09396 1.21212 1.00066 0.000910785 -0.000214352
2.11409 1.21212 1.0006 0.000836493 -0.000203514
2.13423 1.21212 1.00055 0.000767432 -0.000192235
2.15436 1.21212 1.0005 0.000703373 -0.000180671
2.1745 1.21212 1.00045 0.000644068 -0.00016899
2.19463 1.21212 1.00041 0.000589254 -0.000157351
2.21477 1.21212 1.00037 0.000538663 -0.0001459
2.2349 1.21212 1.00034 0.000492025 -0.000134758
2.25503 1.21212 1.00031 0.000449077 -0.000124021
2.27517 1.21212 1.00028 0.000409563 -0.000113764
2.2953 1.21212 1.00025 0.000373238 -0.000104037
2.31544 1.21212 1.00023 0.000339873 -9.48753e-05
2.33557 1.21212 1.00021 0.000309247 -8.62948e-05
2.3557 1.21212 1.00019 0.000281158 -7.83003e-05
2.37584 1.21212 1.00017 0.000255413 -7.08861e-05
2.39597 1.21212 1.00015 0.000231833 -6.40385e-05
2.41611 1.21212 1.00014 0.000210253 -5.77376e-05
2.43624 1.21212 1.00013 0.000190515 -5.19595e-05
2.45638 1.21212 1.00011 0.000172477 -4.66772e-05
2.47651 1.21212 1.0001 0.000156003 -4.18618e-05
2.49664 1.21212 1.00009 0.000140968 -3.74838e-05
2.51678 1.21212 1.00008 0.000127256 -3.35131e-05
2.53691 1.21212 1.00007 0.00011476 -2.992e-05
2.55705 1.21212 1.00007 0.000103377 -2.66756e-05
2.57718 1.21212 1.00006 9.30164e-05 -2.37521e-05
2.59732 1.21212 1.00005 8.35899e-05 -2.11225e-05
2.61745 1.21212 1.00005 7.50174e-05 -1.87617e-05
2.63758 1.21212 1.00004 6.72239e-05 -1.66455e-05
2.65772 1.21212 1.00004 6.014e-05 -1.47516e-05
2.67785 1.21212 1.00004 5.37012e-05 -1.30587e-05
2.69799 1.21212 1.00003 4.78476e-05 -1.15473e-05
2.71812 1.21212 1.00003 4.25234e-05 -1.0199e-05
2.73826 1.21212 1.00003 3.76768e-05 -8.99652e-06
2.75839 1.21212 1.00002 3.32597e-05 -7.92386e-06
2.77852 1.21212 1.00002 2.92272e-05 -6.96588e-06
2.79866 1.21212 1.00002 2.55374e-05 -6.10826e-06
2.81879 1.21212 1.00002 2.21515e-05 -5.33725e-06
2.83893 1.21212 1.00002 1.90328e-05 -4.63955e-06
2.85906 1.21212 1.00001 1.61472e-05 -4.00197e-06
2.87919 1.21212 1.00001 1.34626e-05 -3.41122e-06
2.89933 1.21212 1.00001 1.09489e-05 -2.8536e-06
2.91946 1.21212 1.00001 8.57761e-06 -2.31458e-06
2.9396 1.21212 1.00001 6.32183e-06 -1.77841e-06
2.95973 1.21212 1.00001 4.15615e-06 -1.22764e-06
2.97987 1.21212 1.00001 2.05643e-06 -6.42445e-07
3 1.21212 1.00001 0 0

0 1.23232 1.01797 0 0
0.0201342 1.23232 1.01827 -0.000626384 0.0029787
0.0402685 1.23232 1.01925 -0.00112763 0.00621803
0.0604027 1.23232 1.02041 -0.00143586 0.00964761
0.0805369 1.23232 1.02188 -0.00152564 0.0131928
0.100671 1.23232 1.02348 -0.0013866 0.0167682
0.120805 1.23232 1.02519 -0.00103331 0.0202981
0.14094 1.23232 1.02692 -0.000491072 0.0237186
0.161074 1.23232 1.02864 0.000207378 0.0269819
0.181208 1.23232 1.03031 0.00102791 0.0300547
0.201342 1.23232 1.03191 0.00193805 0.032917
0.221477 1.23232 1.03344 0.00290903 0.0355591
0.241611 1.23232 1.03488 0.00391663 0.037979
0.261745 1.23232 1.03622 0.00494136 0.0401806
0.281879 1.23232 1.03748 0.0059681 0.0421712
0.302013 1.23232 1.03865 0.00698563 0.0439603
0.322148 1.23232 1.03974 0.00798601 0.0455585
0.342282 1.23232 1.04075 0.00896399 0.0469769
0.362416 1.23232 1.04169 0.00991645 0.0482263
0.38255 1.23232 1.04255 0.010842 0.0493168
0.402685 1.23232 1.04334 0.0117404 0.050258
0.422819 1.23232 1.04407 0.0126126 0.0510583
0.442953 1.23232 1.04473 0.0134601 0.0517253
0.463087 1.23232 1.04532 0.014285 0.0522654
0.483221 1.23232 1.04586 0.0150895 0.0526839
0.503356 1.23232 1.04633 0.0158764 0.0529852
0.52349 1.23232 1.04673 0.0166481 0.0531724
0.543624 1.23232 1.04707 0.0174074 0.0532477
0.563758 1.23232 1.04735 0.0181568 0.0532121
0.583893 1.23232 1.04755 0.0188985 0.0530656
0.604027 1.23232 1.04768 0.0196345 0.0528071
0.624161 1.23232 1.04774 0.0203664 0.0524345
0.644295 1.23232 1.04771 0.0210952 0.0519446
0.66443 1.23232 1.0476 0.0218215 0.0513334
0.684564 1.23232 1.0474 0.0225446 0.0505959
0.704698 1.23232 1.0471 0.0232634 0.0497263
0.724832 1.23232 1.0467 0.0239751 0.0487184
0.744966 1.23232 1.04619 0.0246757 0.0475655
0.765101 1.23232 1.04557 0.0253596 0.046261
0.785235 1.23232 1.04482 0.0260188 0.0447985
0.805369 1.23232 1.04394 0.0266432 0.0431732
0.825503 1.23232 1.04293 0.0272204 0.041382
0.845638 1.23232 1.04178 0.0277348 0.0394248
0.865772 1.23232 1.04049 0.0281685 0.0373062
0.885906 1.23232 1.03906 0.0285012 0.0350364
0.90604 1.23232 1.0375 0.0287115 0.0326333
0.926174 1.23232 1.03582 0.028778 0.0301232
0.946309 1.23232 1.03404 0.0286821 0.0275421
0.966443 1.23232 1.0322 0.0284104 0.0249344
0.986577 1.23232 1.03033 0.0279588 0.0223517
1.00671 1.23232 1.02847 0.0273338 0.0198462
1.02685 1.23232 1.02668 0.0265544 0.0174687
1.04698 1.23232 1.02497 0.02565 0.0152569
1.06711 1.23232 1.02337 0.0246537 0.0132356
1.08725 1.23232 1.02189 0.0235988 0.0114156
1.10738 1.23232 1.02053 0.0225146 0.00979705
1.12752 1.23232 1.01927 0.0214254 0.00837141
1.14765 1.23232 1.01812 0.0203501 0.0071251
1.16779 1.23232 1.01706 0.0193021 0.00604167
1.18792 1.23232 1.01609 0.0182904 0.00510368
1.20805 1.23232 1.01518 0.0173204 0.00429396
1.22819 1.23232 1.01434 0.0163948 0.00359636
1.24832 1.23232 1.01355 0.0155143 0.00299619
1.26846 1.23232 1.01282 0.0146785 0.00248033
1.28859 1.23232 1.01213 0.0138859 0.00203727
1.30872 1.23232 1.01147 0.0131345 0.00165702
1.32886 1.23232 1.01086 0.0124222 0.00133092
1.34899 1.23232 1.01027 0.0117467 0.00105155
1.36913 1.23232 1.00971 0.0111058 0.00081254
1.38926 1.23232 1.00918 0.0104973 0.000608416
1.4094 1.23232 1.00867 0.00991923 0.000434489
1.42953 1.23232 1.00819 0.00936979 0.000286731
1.44966 1.23232 1.00773 0.00884726 0.000161673
1.4698 1.23232 1.00729 0.00835012 5.63217e-05
1.48993 1.23232 1.00686 0.007877 -3.19111e-05
1.51007 1.23232 1.00646 0.00742664 -0.000105272
1.5302 1.23232 1.00608 0.00699792 -0.000165714
1.55034 1.23232 1.00571 0.00658981 -0.000214942
1.57047 1.23232 1.00536 0.0062014 -0.000254446
1.5906 1.23232 1.00503 0.00583182 -0.000285535
1.61074 1.23232 1.00471 0.00548031 -0.000309358
1.63087 1.23232 1.00441 0.00514613 -0.000326928
1.65101 1.23232 1.00413 0.00482862 -0.000339139
1.67114 1.23232 1.00386 0.00452714 -0.000346785
1.69128 1.23232 1.0036 0.00424109 -0.000350567
1.71141 1.23232 1.00336 0.00396991 -0.000351112
1.73154 1.23232 1.00312 0.00371305 -0.000348977
1.75168 1.23232 1.00291 0.00346997 -0.000344661
1.77181 1.23232 1.0027 0.00324018 -0.000338611
1.79195 1.23232 1.00251 0.00302316 -0.000331228
1.81208 1.23232 1.00232 0.00281841 -0.000322873
1.83221 1.23232 1.00215 0.00262545 -0.000313866
1.85235 1.23232 1.00199 0.00244377 -0.000304492
1.87248 1.23232 1.00184 0.00227287 -0.000294997
1.89262 1.23232 1.00169 0.00211224 -0.000285583
1.91275 1.23232 1.00156 0.00196135 -0.0002764
1.93289 1.23232 1.00143 0.00181967 -0.000267539
1.95302 1.23232 1.00131 0.00168666 -0.000259021
1.97315 1.23232 1.0012 0.0015618 -0.000250792
1.99329 1.23232 1.0011 0.00144458 -0.000242727
2.01342 1.23232 1.00101 0.00133457 -0.000234649
2.03356 1.23232 1.00092 0.00123139 -0.000226366
2.05369 1.23232 1.00084 0.00113473 -0.000217719
2.07383 1.23232 1.00076 0.00104433 -0.000208613
2.09396 1.23232 1.00069 0.000959955 -0.000199024
2.11409 1.23232 1.00063 0.000881364 -0.000188993
2.13423 1.23232 1.00057 0.000808318 -0.000178611
2.15436 1.23232 1.00052 0.000740562 -0.000168
2.1745 1.23232 1.00047 0.00067783 -0.000157294
2.19463 1.23232 1.00043 0.000619845 -0.000146626
2.21477 1.23232 1.00039 0.000566327 -0.000136117
2.2349 1.23232 1.00035 0.000516996 -0.000125873
2.25503 1.23232 1.00032 0.000471577 -0.000115982
2.27517 1.23232 1.00029 0.000429803 -0.000106511
2.2953 1.23232 1.00026 0.000391418 -9.75098e-05
2.31544 1.23232 1.00024 0.000356179 -8.9012e-05
2.33557 1.23232 1.00022 0.000323854 -8.10368e-05
2.3557 1.23232 1.0002 0.000294226 -7.35915e-05
2.37584 1.23232 1.00018 0.000267091 -6.66739e-05
2.39597 1.23232 1.00016 0.000242258 -6.02741e-05
2.41611 1.23232 1.00014 0.000219549 -5.43763e-05
2.43624 1.23232 1.00013 0.000198798 -4.89603e-05
2.45638 1.23232 1.00012 0.000179849 -4.40029e-05
2.47651 1.23232 1.00011 0.000162558 -3.94787e-05
2.49664 1.23232 1.0001 0.000146792 -3.53613e-05
2.51678 1.23232 1.00009 0.000132426 -3.16237e-05
2.53691 1.23232 1.00008 0.000119344 -2.82391e-05
2.55705 1.23232 1.00007 0.00010744 -2.51809e-05
2.57718 1.23232 1.00006 9.66119e-05 -2.24235e-05
2.59732 1.23232 1.00006 8.67691e-05 -1.99422e-05
2.61745 1.23232 1.00005 7.78252e-05 -1.77135e-05
2.63758 1.23232 1.00005 6.97007e-05 -1.57151e-05
2.65772 1.23232 1.00004 6.23219e-05 -1.39261e-05
2.67785 1.23232 1.00004 5.56202e-05 -1.23268e-05
2.69799 1.23232 1.00003 4.95322e-05 -1.08987e-05
2.71812 1.23232 1.00003 4.39989e-05 -9.62448e-06
2.73826 1.23232 1.00003 3.89658e-05 -8.48814e-06
2.75839 1.23232 1.00002 3.4382e-05 -7.47452e-06
2.77852 1.23232 1.00002 3.02003e-05 -6.56936e-06
2.79866 1.23232 1.00002 2.63767e-05 -5.75917e-06
2.81879 1.23232 1.00002 2.28703e-05 -5.03099e-06
2.83893 1.23232 1.00002 1.96429e-05 -4.37225e-06
2.85906 1.23232 1.00001 1.66587e-05 -3.77052e-06
2.87919 1.23232 1.00001 1.38841e-05 -3.21325e-06
2.89933 1.23232 1.00001 1.12878e-05 -2.68748e-06
2.91946 1.23232 1.00001 8.84006e-06 -2.1795e-06
2.9396 1.23232 1.00001 6.51306e-06 -1.67444e-06
2.95973 1.23232 1.00001 4.2804e-06 -1.1558e-06
2.97987 1.23232 1.00001 2.11717e-06 -6.04845e-07
3 1.23232 1.00001 0 0

0 1.25253 1.01914 0 0
0.0201342 1.25253 1.01943 -0.000622081 0.00288795
0.0402685 1.25253 1.02023 -0.00113746 0.00597426
0.0604027 1.25253 1.02119 -0.00149171 0.00921119
0.0805369 1.25253 1.02242 -0.00165911 0.0125444
0.100671 1.25253 1.02377 -0.00162616 0.0159085
0.120805 1.25253 1.02523 -0.00139866 0.0192425
0.14094 1.25253 1.02673 -0.000992585 0.0224922
0.161074 1.25253 1.02825 -0.000431586 0.0256144
0.181208 1.25253 1.02974 0.00025765 0.0285766
0.201342 1.25253 1.03119 0.00104814 0.031357
0.221477 1.25253 1.03259 0.00191467 0.0339428
0.241611 1.25253 1.03391 0.00283491 0.0363281
0.261745 1.25253 1.03517 0.00378992 0.0385127
0.281879 1.25253 1.03636 0.00476425 0.0405002
0.302013 1.25253 1.03747 0.00574569 0.0422967
0.322148 1.25253 1.03851 0.00672498 0.0439102
0.342282 1.25253 1.03948 0.00769532 0.0453493
0.362416 1.25253 1.04037 0.00865204 0.046623
0.38255 1.25253 1.04121 0.00959219 0.0477398
0.402685 1.25253 1.04197 0.0105142 0.0487083
0.422819 1.25253 1.04267 0.0114175 0.049536
0.442953 1.25253 1.04331 0.0123024 0.0502299
0.463087 1.25253 1.04389 0.0131698 0.0507958
0.483221 1.25253 1.04441 0.0140212 0.051239
0.503356 1.25253 1.04486 0.0148582 0.0515635
0.52349 1.25253 1.04525 0.0156826 0.0517724
0.543624 1.25253 1.04557 0.0164961 0.051868
0.563758 1.25253 1.04583 0.0173006 0.0518514
0.583893 1.25253 1.04602 0.0180978 0.0517227
0.604027 1.25253 1.04614 0.0188888 0.0514813
0.624161 1.25253 1.04618 0.0196746 0.0511254
0.644295 1.25253 1.04615 0.0204555 0.0506524
0.66443 1.25253 1.04603 0.0212314 0.0500588
0.684564 1.25253 1.04582 0.0220012 0.0493407
0.704698 1.25253 1.04552 0.0227627 0.0484933
0.724832 1.25253 1.04512 0.0235129 0.0475115
0.744966 1.25253 1.04462 0.024247 0.0463901
0.765101 1.25253 1.04401 0.0249589 0.0451241
0.785235 1.25253 1.04329 0.0256405 0.0437094
0.805369 1.25253 1.04245 0.0262818 0.0421429
0.825503 1.25253 1.04149 0.0268706 0.040424
0.845638 1.25253 1.0404 0.0273928 0.0385548
0.865772 1.25253 1.0392 0.0278319 0.0365416
0.885906 1.25253 1.03787 0.0281705 0.0343958
0.90604 1.25253 1.03644 0.0283905 0.0321352
0.926174 1.25253 1.0349 0.0284747 0.0297841
0.946309 1.25253 1.03329 0.0284087 0.0273744
0.966443 1.25253 1.03162 0.0281828 0.0249438
0.986577 1.25253 1.02993 0.0277948 0.0225346
1.00671 1.25253 1.02825 0.0272506 0.0201897
1.02685 1.25253 1.02661 0.0265653 0.0179496
1.04698 1.25253 1.02503 0.0257614 0.0158465
1.06711 1.25253 1.02354 0.0248653 0.013903
1.08725 1.25253 1.02213 0.0239041 0.0121314
1.10738 1.25253 1.02082 0.0229029 0.010535
1.12752 1.25253 1.0196 0.0218836 0.00911032
1.14765 1.25253 1.01847 0.0208642 0.00784852
1.16779 1.25253 1.01742 0.0198585 0.00673772
1.18792 1.25253 1.01644 0.0188763 0.00576444
1.20805 1.25253 1.01553 0.0179248 0.00491467
1.22819 1.25253 1.01468 0.0170082 0.00417472
1.24832 1.25253 1.01388 0.0161289 0.00353171
1.26846 1.25253 1.01313 0.0152878 0.0029738
1.28859 1.25253 1.01242 0.0144849 0.00249032
1.30872 1.25253 1.01175 0.0137194 0.0020718
1.32886 1.25253 1.01112 0.0129901 0.0017099
1.34899 1.25253 1.01052 0.0122955 0.0013973
1.36913 1.25253 1.00994 0.011634 0.00112764
1.38926 1.25253 1.0094 0.011004 0.000895388
1.4094 1.25253 1.00888 0.010404 0.000695727
1.42953 1.25253 1.00838 0.00983235 0.000524486
1.44966 1.25253 1.00791 0.00928768 0.000378037
1.4698 1.25253 1.00746 0.00876866 0.000253225
1.48993 1.25253 1.00702 0.00827405 0.000147298
1.51007 1.25253 1.00661 0.00780272 5.78577e-05
1.5302 1.25253 1.00622 0.00735363 -1.71953e-05
1.55034 1.25253 1.00585 0.00692581 -7.97004e-05
1.57047 1.25253 1.00549 0.00651837 -0.000131273
1.5906 1.25253 1.00515 0.00613049 -0.000173334
1.61074 1.25253 1.00482 0.00576141 -0.000207137
1.63087 1.25253 1.00452 0.0054104 -0.000233788
1.65101 1.25253 1.00422 0.0050768 -0.000254266
1.67114 1.25253 1.00395 0.00475995 -0.00026944
1.69128 1.25253 1.00368 0.00445925 -0.000280081
1.71141 1.25253 1.00344 0.00417411 -0.000286875
1.73154 1.25253 1.0032 0.00390396 -0.000290433
1.75168 1.25253 1.00298 0.00364826 -0.000291299
1.77181 1.25253 1.00277 0.00340647 -0.000289962
1.79195 1.25253 1.00257 0.00317805 -0.000286857
1.81208 1.25253 1.00238 0.00296249 -0.000282369
1.83221 1.25253 1.0022 0.00275926 -0.000276844
1.85235 1.25253 1.00204 0.00256783 -0.000270582
1.87248 1.25253 1.00188 0.0023877 -0.000263838
1.89262 1.25253 1.00174 0.00221831 -0.000256825
1.91275 1.25253 1.0016 0.00205915 -0.000249702
1.93289 1.25253 1.00147 0.00190966 -0.000242575
1.95302 1.25253 1.00135 0.00176933 -0.00023549
1.97315 1.25253 1.00124 0.00163763 -0.000228433
1.99329 1.25253 1.00113 0.00151408 -0.00022134
2.01342 1.25253 1.00104 0.00139824 -0.000214107
2.03356 1.25253 1.00095 0.0012897 -0.000206622
2.05369 1.25253 1.00086 0.00118812 -0.000198787
2.07383 1.25253 1.00079 0.00109321 -0.000190549
2.09396 1.25253 1.00072 0.00100467 -0.000181897
2.11409 1.25253 1.00065 0.000922235 -0.000172871
2.13423 1.25253 1.00059 0.000845626 -0.000163544
2.15436 1.25253 1.00054 0.000774564 -0.000154015
2.1745 1.25253 1.00049 0.000708764 -0.000144394
2.19463 1.25253 1.00045 0.000647936 -0.000134792
2.21477 1.25253 1.00041 0.000591788 -0.000125313
2.2349 1.25253 1.00037 0.00054003 -0.00011605
2.25503 1.25253 1.00033 0.000492378 -0.000107082
2.27517 1.25253 1.0003 0.000448555 -9.84719e-05
2.2953 1.25253 1.00027 0.000408295 -9.02663e-05
2.31544 1.25253 1.00025 0.000371345 -8.2499e-05
2.33557 1.25253 1.00023 0.000337463 -7.51912e-05
2.3557 1.25253 1.0002 0.000306421 -6.8353e-05
2.37584 1.25253 1.00018 0.000278005 -6.19856e-05
2.39597 1.25253 1.00017 0.000252014 -5.60831e-05
2.41611 1.25253 1.00015 0.000228259 -5.06336e-05
2.43624 1.25253 1.00014 0.000206566 -4.56209e-05
2.45638 1.25253 1.00012 0.000186769 -4.10258e-05
2.47651 1.25253 1.00011 0.000168717 -3.68266e-05
2.49664 1.25253 1.0001 0.000152268 -3.30003e-05
2.51678 1.25253 1.00009 0.00013729 -2.95232e-05
2.53691 1.25253 1.00008 0.00012366 -2.63713e-05
2.55705 1.25253 1.00007 0.000111264 -2.35211e-05
2.57718 1.25253 1.00006 9.99987e-05 -2.09493e-05
2.59732 1.25253 1.00006 8.97645e-05 -1.86335e-05
2.61745 1.25253 1.00005 8.04714e-05 -1.65524e-05
2.63758 1.25253 1.00005 7.20353e-05 -1.46854e-05
2.65772 1.25253 1.00004 6.43786e-05 -1.30134e-05
2.67785 1.25253 1.00004 5.74292e-05 -1.15182e-05
2.69799 1.25253 1.00003 5.11203e-05 -1.01827e-05
2.71812 1.25253 1.00003 4.539e-05 -8.99095e-06
2.73826 1.25253 1.00003 4.01809e-05 -7.92805e-06
2.75839 1.25253 1.00002 3.54399e-05 -6.9799e-06
2.77852 1.25253 1.00002 3.11175e-05 -6.13327e-06
2.79866 1.25253 1.00002 2.71677e-05 -5.37556e-06
2.81879 1.25253 1.00002 2.35477e-05 -4.69469e-06
2.83893 1.25253 1.00002 2.02177e-05 -4.07894e-06
2.85906 1.25253 1.00002 1.71405e-05 -3.5167e-06
2.87919 1.25253 1.00001 1.42811e-05 -2.99623e-06
2.89933 1.25253 1.00001 1.16069e-05 -2.50545e-06
2.91946 1.25253 1.00001 9.08723e-06 -2.03153e-06
2.9396 1.25253 1.00001 6.69313e-06 -1.56056e-06
2.95973 1.25253 1.00001 4.39741e-06 -1.0771e-06
2.97987 1.25253 1.00001 2.17436e-06 -5.63649e-07
3 1.25253 1.00001 0 0

0 1.27273 1.02001 0 0
0.0201342 1.27273 1.0203 -0.000617423 0.0028068
0.0402685 1.27273 1.02096 -0.00114099 0.00576223
0.0604027 1.27273 1.02179 -0.00152681 0.00883402
0.0805369 1.27273 1.02282 -0.0017507 0.0119823
0.100671 1.27273 1.02398 -0.00179813 0.0151575
0.120805 1.27273 1.02524 -0.00166943 0.0183106
0.14094 1.27273 1.02656 -0.00137397 0.0213964
0.161074 1.27273 1.0279 -0.0009284 0.0243768
0.181208 1.27273 1.02923 -0.000353151 0.0272217
0.201342 1.27273 1.03055 0.000329848 0.0299092
0.221477 1.27273 1.03182 0.00109905 0.0324246
0.241611 1.27273 1.03305 0.00193451 0.0347596
0.261745 1.27273 1.03422 0.00281853 0.0369111
0.281879 1.27273 1.03533 0.00373604 0.0388798
0.302013 1.27273 1.03638 0.00467456 0.0406689
0.322148 1.27273 1.03736 0.00562409 0.0422839
0.342282 1.27273 1.03828 0.00657686 0.0437312
0.362416 1.27273 1.03914 0.00752704 0.045018
0.38255 1.27273 1.03994 0.00847047 0.0461515
0.402685 1.27273 1.04068 0.00940435 0.0471388
0.422819 1.27273 1.04136 0.010327 0.0479866
0.442953 1.27273 1.04197 0.0112376 0.0487011
0.463087 1.27273 1.04253 0.012136 0.0492878
0.483221 1.27273 1.04303 0.0130227 0.0497513
0.503356 1.27273 1.04346 0.0138984 0.0500956
0.52349 1.27273 1.04383 0.0147641 0.0503236
0.543624 1.27273 1.04414 0.0156207 0.0504375
0.563758 1.27273 1.04439 0.0164694 0.0504386
0.583893 1.27273 1.04456 0.017311 0.0503272
0.604027 1.27273 1.04467 0.0181461 0.0501028
0.624161 1.27273 1.0447 0.0189749 0.0497643
0.644295 1.27273 1.04466 0.0197973 0.0493094
0.66443 1.27273 1.04453 0.0206122 0.0487355
0.684564 1.27273 1.04432 0.0214181 0.0480392
0.704698 1.27273 1.04402 0.0222122 0.047217
0.724832 1.27273 1.04363 0.022991 0.0462647
0.744966 1.27273 1.04314 0.0237492 0.0451786
0.765101 1.27273 1.04255 0.0244806 0.0439553
0.785235 1.27273 1.04186 0.0251769 0.0425922
0.805369 1.27273 1.04106 0.0258286 0.0410882
0.825503 1.27273 1.04015 0.0264241 0.0394442
0.845638 1.27273 1.03913 0.0269502 0.0376641
0.865772 1.27273 1.038 0.0273927 0.0357552
0.885906 1.27273 1.03677 0.0277363 0.0337295
0.90604 1.27273 1.03545 0.0279659 0.031604
0.926174 1.27273 1.03404 0.0280676 0.0294012
0.946309 1.27273 1.03257 0.0280303 0.0271488
0.966443 1.27273 1.03105 0.0278468 0.0248792
0.986577 1.27273 1.02951 0.027516 0.0226275
1.00671 1.27273 1.02798 0.0270432 0.0204293
1.02685 1.27273 1.02647 0.0264405 0.0183177
1.04698 1.27273 1.025 0.0257256 0.0163203
1.06711 1.27273 1.0236 0.0249198 0.0144574
1.08725 1.27273 1.02227 0.0240452 0.0127417
1.10738 1.27273 1.02102 0.0231235 0.0111787
1.12752 1.27273 1.01984 0.0221739 0.00976778
1.14765 1.27273 1.01873 0.0212132 0.00850396
1.16779 1.27273 1.0177 0.0202548 0.00737897
1.18792 1.27273 1.01673 0.0193091 0.0063826
1.20805 1.27273 1.01582 0.0183841 0.00550368
1.22819 1.27273 1.01496 0.017485 0.00473083
1.24832 1.27273 1.01415 0.0166156 0.00405297
1.26846 1.27273 1.01339 0.0157781 0.00345962
1.28859 1.27273 1.01267 0.0149734 0.00294109
1.30872 1.27273 1.01199 0.0142018 0.00248861
1.32886 1.27273 1.01135 0.0134631 0.00209426
1.34899 1.27273 1.01073 0.0127564 0.00175102
1.36913 1.27273 1.01015 0.0120809 0.00145265
1.38926 1.27273 1.00959 0.0114355 0.00119368
1.4094 1.27273 1.00906 0.010819 0.000969263
1.42953 1.27273 1.00855 0.0102303 0.000775175
1.44966 1.27273 1.00807 0.00966816 0.000607694
1.4698 1.27273 1.00761 0.00913159 0.000463558
1.48993 1.27273 1.00717 0.00861949 0.000339905
1.51007 1.27273 1.00675 0.00813088 0.000234219
1.5302 1.27273 1.00635 0.00766481 0.000144285
1.55034 1.27273 1.00597 0.00722042 6.81559e-05
1.57047 1.27273 1.0056 0.00679687 4.11149e-06
1.5906 1.27273 1.00526 0.00639338 -4.93666e-05
1.61074 1.27273 1.00493 0.00600923 -9.36214e-05
1.63087 1.27273 1.00461 0.00564372 -0.000129843
1.65101 1.27273 1.00431 0.00529618 -0.000159086
1.67114 1.27273 1.00403 0.00496598 -0.000182287
1.69128 1.27273 1.00376 0.0046525 -0.000200281
1.71141 1.27273 1.00351 0.00435516 -0.000213809
1.73154 1.27273 1.00327 0.00407337 -0.000223532
1.75168 1.27273 1.00304 0.00380657 -0.000230039
1.77181 1.27273 1.00283 0.00355421 -0.000233857
1.79195 1.27273 1.00262 0.00331574 -0.000235453
1.81208 1.27273 1.00243 0.00309062 -0.000235242
1.83221 1.27273 1.00225 0.00287831 -0.000233591
1.85235 1.27273 1.00209 0.00267827 -0.000230819
1.87248 1.27273 1.00193 0.00248996 -0.000227199
1.89262 1.27273 1.00178 0.00231284 -0.000222956
1.91275 1.27273 1.00164 0.00214637 -0.000218268
1.93289 1.27273 1.00151 0.00199 -0.000213259
1.95302 1.27273 1.00139 0.00184321 -0.000208006
1.97315 1.27273 1.00127 0.0017055 -0.000202533
1.99329 1.27273 1.00117 0.00157636 -0.000196825
2.01342 1.27273 1.00107 0.00145536 -0.000190838
2.03356 1.27273 1.00098 0.00134208 -0.000184518
2.05369 1.27273 1.00089 0.00123614 -0.000177819
2.07383 1.27273 1.00081 0.00113722 -0.000170719
2.09396 1.27273 1.00074 0.00104498 -0.000163227
2.11409 1.27273 1.00068 0.000959129 -0.000155382
2.13423 1.27273 1.00061 0.000879354 -0.00014725
2.15436 1.27273 1.00056 0.000805355 -0.000138917
2.1745 1.27273 1.00051 0.000736829 -0.000130476
2.19463 1.27273 1.00046 0.000673471 -0.000122022
2.21477 1.27273 1.00042 0.000614979 -0.000113647
2.2349 1.27273 1.00038 0.000561054 -0.000105433
2.25503 1.27273 1.00035 0.000511402 -9.74514e-05
2.27517 1.27273 1.00031 0.000465739 -8.97612e-05
2.2953 1.27273 1.00028 0.000423791 -8.24078e-05
2.31544 1.27273 1.00026 0.000385295 -7.54251e-05
2.33557 1.27273 1.00023 0.000350001 -6.88356e-05
2.3557 1.27273 1.00021 0.000317674 -6.26523e-05
2.37584 1.27273 1.00019 0.000288091 -5.68798e-05
2.39597 1.27273 1.00017 0.000261041 -5.1516e-05
2.41611 1.27273 1.00015 0.000236329 -4.65531e-05
2.43624 1.27273 1.00014 0.00021377 -4.19789e-05
2.45638 1.27273 1.00013 0.000193194 -3.77782e-05
2.47651 1.27273 1.00011 0.00017444 -3.39332e-05
2.49664 1.27273 1.0001 0.00015736 -3.04245e-05
2.51678 1.27273 1.00009 0.000141815 -2.72317e-05
2.53691 1.27273 1.00008 0.000127677 -2.43343e-05
2.55705 1.27273 1.00007 0.000114827 -2.17114e-05
2.57718 1.27273 1.00007 0.000103155 -1.93425e-05
2.59732 1.27273 1.00006 9.25567e-05 -1.72077e-05
2.61745 1.27273 1.00005 8.29386e-05 -1.52878e-05
2.63758 1.27273 1.00005 7.42125e-05 -1.35645e-05
2.65772 1.27273 1.00004 6.62969e-05 -1.20204e-05
2.67785 1.27273 1.00004 5.91166e-05 -1.06389e-05
2.69799 1.27273 1.00003 5.26017e-05 -9.40459e-06
2.71812 1.27273 1.00003 4.66876e-05 -8.30289e-06
2.73826 1.27273 1.00003 4.13144e-05 -7.3201e-06
2.75839 1.27273 1.00003 3.64267e-05 -6.44334e-06
2.77852 1.27273 1.00002 3.19729e-05 -5.66046e-06
2.79866 1.27273 1.00002 2.79053e-05 -4.95987e-06
2.81879 1.27273 1.00002 2.41793e-05 -4.33045e-06
2.83893 1.27273 1.00002 2.07537e-05 -3.76141e-06
2.85906 1.27273 1.00002 1.75897e-05 -3.24201e-06
2.87919 1.27273 1.00001 1.46512e-05 -2.76146e-06
2.89933 1.27273 1.00001 1.19044e-05 -2.30857e-06
2.91946 1.27273 1.00001 9.3176e-06 -1.8715e-06
2.9396 1.27273 1.00001 6.86097e-06 -1.4374e-06
2.95973 1.27273 1.00001 4.50646e-06 -9.91994e-07
2.97987 1.27273 1.00001 2.22766e-06 -5.1909e-07
3 1.27273 1.00001 0 0

0 1.29293 1.02064 0 0
0.0201342 1.29293 1.02093 -0.00061293 0.00273195
0.0402685 1.29293 1.02151 -0.00114098 0.00557257
0.0604027 1.29293 1.02222 -0.00154858 0.00850024
0.0805369 1.29293 1.02312 -0.0018138 0.0114858
0.100671 1.29293 1.02412 -0.00192231 0.0144913
0.120805 1.29293 1.02522 -0.00187118 0.017478
0.14094 1.29293 1.02638 -0.00166524 0.0204085
0.161074 1.29293 1.02757 -0.00131586 0.0232499
0.181208 1.29293 1.02877 -0.0008384 0.025975
0.201342 1.29293 1.02996 -0.000250399 0.0285627
0.221477 1.29293 1.03112 0.000430091 0.030998
0.241611 1.29293 1.03225 0.00118563 0.0332712
0.261745 1.29293 1.03334 0.00200015 0.0353769
0.281879 1.29293 1.03438 0.00285941 0.0373136
0.302013 1.29293 1.03536 0.00375117 0.0390826
0.322148 1.29293 1.0363 0.0046652 0.0406869
0.342282 1.29293 1.03717 0.00559317 0.0421311
0.362416 1.29293 1.03799 0.00652849 0.0434207
0.38255 1.29293 1.03876 0.00746609 0.0445616
0.402685 1.29293 1.03946 0.00840221 0.0455595
0.422819 1.29293 1.04011 0.00933419 0.0464203
0.442953 1.29293 1.0407 0.0102602 0.0471494
0.463087 1.29293 1.04124 0.0111794 0.0477516
0.483221 1.29293 1.04171 0.012091 0.0482311
0.503356 1.29293 1.04213 0.0129951 0.0485916
0.52349 1.29293 1.04248 0.0138917 0.048836
0.543624 1.29293 1.04278 0.0147812 0.0489662
0.563758 1.29293 1.04301 0.0156638 0.0489836
0.583893 1.29293 1.04317 0.0165398 0.0488887
0.604027 1.29293 1.04327 0.017409 0.0486814
0.624161 1.29293 1.04329 0.018271 0.0483607
0.644295 1.29293 1.04324 0.019125 0.0479251
0.66443 1.29293 1.04311 0.0199694 0.0473725
0.684564 1.29293 1.0429 0.0208021 0.0467003
0.704698 1.29293 1.04261 0.0216199 0.0459058
0.724832 1.29293 1.04222 0.0224188 0.0449861
0.744966 1.29293 1.04175 0.0231934 0.0439386
0.765101 1.29293 1.04118 0.0239371 0.0427612
0.785235 1.29293 1.04052 0.0246421 0.0414528
0.805369 1.29293 1.03976 0.0252991 0.0400136
0.825503 1.29293 1.0389 0.0258973 0.0384459
0.845638 1.29293 1.03794 0.026425 0.0367548
0.865772 1.29293 1.03689 0.0268693 0.0349482
0.885906 1.29293 1.03575 0.0272173 0.0330381
0.90604 1.29293 1.03452 0.0274563 0.0310405
0.926174 1.29293 1.03323 0.027575 0.0289759
0.946309 1.29293 1.03188 0.0275646 0.0268685
0.966443 1.29293 1.03049 0.02742 0.0247463
0.986577 1.29293 1.02908 0.0271407 0.0226386
1.00671 1.29293 1.02766 0.0267312 0.0205754
1.02685 1.29293 1.02627 0.0262016 0.0185843
1.04698 1.29293 1.02491 0.0255659 0.016689
1.06711 1.29293 1.02359 0.0248414 0.0149077
1.08725 1.29293 1.02233 0.0240467 0.0132529
1.10738 1.29293 1.02113 0.0231999 0.011731
1.12752 1.29293 1.01999 0.0223183 0.0103438
1.14765 1.29293 1.01892 0.0214169 0.00908886
1.16779 1.29293 1.0179 0.0205087 0.00796073
1.18792 1.29293 1.01694 0.019604 0.00695192
1.20805 1.29293 1.01604 0.0187111 0.0060537
1.22819 1.29293 1.01519 0.0178361 0.00525679
1.24832 1.29293 1.01438 0.0169837 0.00455181
1.26846 1.29293 1.01361 0.0161568 0.00392963
1.28859 1.29293 1.01289 0.0153574 0.00338163
1.30872 1.29293 1.0122 0.0145868 0.00289979
1.32886 1.29293 1.01154 0.0138453 0.00247677
1.34899 1.29293 1.01092 0.0131329 0.00210591
1.36913 1.29293 1.01033 0.0124494 0.00178125
1.38926 1.29293 1.00976 0.0117941 0.00149742
1.4094 1.29293 1.00922 0.0111664 0.00124968
1.42953 1.29293 1.00871 0.0105654 0.0010338
1.44966 1.29293 1.00822 0.00999036 0.000846045
1.4698 1.29293 1.00775 0.0094404 0.000683096
1.48993 1.29293 1.0073 0.00891466 0.000542025
1.51007 1.29293 1.00687 0.00841232 0.000420239
1.5302 1.29293 1.00646 0.00793258 0.000315443
1.55034 1.29293 1.00607 0.00747467 0.000225607
1.57047 1.29293 1.0057 0.00703784 0.000148927
1.5906 1.29293 1.00535 0.00662139 8.38078e-05
1.61074 1.29293 1.00502 0.00622462 2.88301e-05
1.63087 1.29293 1.0047 0.00584689 -1.7266e-05
1.65101 1.29293 1.00439 0.00548754 -5.56016e-05
1.67114 1.29293 1.00411 0.00514596 -8.71743e-05
1.69128 1.29293 1.00383 0.00482155 -0.000112873
1.71141 1.29293 1.00357 0.00451372 -0.000133491
1.73154 1.29293 1.00333 0.00422189 -0.000149734
1.75168 1.29293 1.0031 0.0039455 -0.000162232
1.77181 1.29293 1.00288 0.00368398 -0.000171548
1.79195 1.29293 1.00268 0.00343677 -0.000178181
1.81208 1.29293 1.00248 0.00320334 -0.000182574
1.83221 1.29293 1.0023 0.00298311 -0.000185118
1.85235 1.29293 1.00213 0.00277555 -0.000186151
1.87248 1.29293 1.00197 0.00258011 -0.000185967
1.89262 1.29293 1.00182 0.00239623 -0.000184809
1.91275 1.29293 1.00167 0.00222337 -0.000182874
1.93289 1.29293 1.00154 0.002061 -0.000180311
1.95302 1.29293 1.00142 0.00190859 -0.000177224
1.97315 1.29293 1.0013 0.00176561 -0.000173677
1.99329 1.29293 1.00119 0.0016316 -0.000169695
2.01342 1.29293 1.00109 0.00150609 -0.000165283
2.03356 1.29293 1.001 0.00138865 -0.000160432
2.05369 1.29293 1.00091 0.00127888 -0.000155136
2.07383 1.29293 1.00084 0.00117643 -0.000149402
2.09396 1.29293 1.00076 0.00108094 -0.000143257
2.11409 1.29293 1.00069 0.000992083 -0.000136745
2.13423 1.29293 1.00063 0.000909521 -0.000129932
2.15436 1.29293 1.00058 0.000832936 -0.000122894
2.1745 1.29293 1.00052 0.000762008 -0.000115714
2.19463 1.29293 1.00048 0.000696421 -0.000108477
2.21477 1.29293 1.00043 0.000635861 -0.000101266
2.2349 1.29293 1.00039 0.000580019 -9.41557e-05
2.25503 1.29293 1.00036 0.000528595 -8.72115e-05
2.27517 1.29293 1.00032 0.000481298 -8.04891e-05
2.2953 1.29293 1.00029 0.000437846 -7.40331e-05
2.31544 1.29293 1.00026 0.00039797 -6.78776e-05
2.33557 1.29293 1.00024 0.000361413 -6.20471e-05
2.3557 1.29293 1.00022 0.000327933 -5.65571e-05
2.37584 1.29293 1.0002 0.000297298 -5.14158e-05
2.39597 1.29293 1.00018 0.000269293 -4.66246e-05
2.41611 1.29293 1.00016 0.000243714 -4.21798e-05
2.43624 1.29293 1.00014 0.000220372 -3.80734e-05
2.45638 1.29293 1.00013 0.000199087 -3.4294e-05
2.47651 1.29293 1.00012 0.000179693 -3.08278e-05
2.49664 1.29293 1.0001 0.000162038 -2.76592e-05
2.51678 1.29293 1.00009 0.000145975 -2.47714e-05
2.53691 1.29293 1.00008 0.000131373 -2.21469e-05
2.55705 1.29293 1.00008 0.000118106 -1.9768e-05
2.57718 1.29293 1.00007 0.00010606 -1.76171e-05
2.59732 1.29293 1.00006 9.51281e-05 -1.56768e-05
2.61745 1.29293 1.00005 8.52114e-05 -1.39304e-05
2.63758 1.29293 1.00005 7.62185e-05 -1.23615e-05
2.65772 1.29293 1.00004 6.80647e-05 -1.09548e-05
2.67785 1.29293 1.00004 6.06717e-05 -9.6957e-06
2.69799 1.29293 1.00004 5.3967e-05 -8.57019e-06
2.71812 1.29293 1.00003 4.78835e-05 -7.56526e-06
2.73826 1.29293 1.00003 4.2359e-05 -6.66858e-06
2.75839 1.29293 1.00003 3.7336e-05 -5.86853e-06
2.77852 1.29293 1.00002 3.27611e-05 -5.15411e-06
2.79866 1.29293 1.00002 2.85849e-05 -4.51483e-06
2.81879 1.29293 1.00002 2.47613e-05 -3.94062e-06
2.83893 1.29293 1.00002 2.12474e-05 -3.42165e-06
2.85906 1.29293 1.00002 1.80034e-05 -2.94817e-06
2.87919 1.29293 1.00001 1.4992e-05 -2.51036e-06
2.89933 1.29293 1.00001 1.21784e-05 -2.09802e-06
2.91946 1.29293 1.00001 9.52976e-06 -1.70037e-06
2.9396 1.29293 1.00001 7.01553e-06 -1.30569e-06
2.95973 1.29293 1.00001 4.60689e-06 -9.00973e-07
2.97987 1.29293 1.00001 2.27676e-06 -4.71427e-07
3 1.29293 1.00001 0 0

0 1.31313 1.02109 0 0
0.0201342 1.31313 1.02138 -0.000608876 0.0026612
0.0402685 1.31313 1.02189 -0.00113916 0.00539877
0.0604027 1.31313 1.02252 -0.00156182 0.00819844
0.0805369 1.31313 1.02331 -0.00185746 0.0110389
0.100671 1.31313 1.02419 -0.00201258 0.0138914
0.120805 1.31313 1.02516 -0.00202244 0.0167251
0.14094 1.31313 1.02619 -0.00188883 0.0195095
0.161074 1.31313 1.02726 -0.00161922 0.0222165
0.181208 1.31313 1.02834 -0.00122501 0.024822
0.201342 1.31313 1.02942 -0.000720009 0.0273066
0.221477 1.31313 1.03048 -0.000119154 0.0296555
0.241611 1.31313 1.03152 0.000562563 0.0318582
0.261745 1.31313 1.03253 0.00131083 0.0339084
0.281879 1.31313 1.0335 0.00211252 0.0358028
0.302013 1.31313 1.03442 0.00295596 0.0375408
0.322148 1.31313 1.0353 0.00383105 0.039124
0.342282 1.31313 1.03613 0.00472924 0.0405552
0.362416 1.31313 1.03691 0.0056435 0.0418384
0.38255 1.31313 1.03764 0.00656812 0.0429781
0.402685 1.31313 1.03831 0.00749863 0.043979
0.422819 1.31313 1.03893 0.00843157 0.044846
0.442953 1.31313 1.0395 0.00936436 0.0455836
0.463087 1.31313 1.04001 0.0102951 0.0461962
0.483221 1.31313 1.04047 0.0112226 0.0466875
0.503356 1.31313 1.04086 0.0121458 0.0470607
0.52349 1.31313 1.0412 0.0130641 0.0473185
0.543624 1.31313 1.04148 0.0139772 0.0474629
0.563758 1.31313 1.0417 0.0148846 0.0474952
0.583893 1.31313 1.04185 0.0157857 0.0474161
0.604027 1.31313 1.04193 0.0166799 0.0472256
0.624161 1.31313 1.04195 0.0175662 0.0469232
0.644295 1.31313 1.04189 0.0184431 0.0465078
0.66443 1.31313 1.04176 0.0193086 0.045978
0.684564 1.31313 1.04156 0.0201599 0.0453318
0.704698 1.31313 1.04127 0.0209937 0.0445673
0.724832 1.31313 1.0409 0.0218055 0.0436827
0.744966 1.31313 1.04044 0.0225898 0.0426763
0.765101 1.31313 1.0399 0.0233402 0.0415473
0.785235 1.31313 1.03927 0.0240489 0.0402955
0.805369 1.31313 1.03854 0.0247072 0.0389226
0.825503 1.31313 1.03773 0.0253053 0.0374317
0.845638 1.31313 1.03683 0.0258325 0.0358286
0.865772 1.31313 1.03585 0.0262776 0.0341215
0.885906 1.31313 1.03479 0.0266294 0.0323221
0.90604 1.31313 1.03365 0.0268773 0.0304455
0.926174 1.31313 1.03246 0.0270121 0.0285099
0.946309 1.31313 1.03121 0.027027 0.0265368
0.966443 1.31313 1.02993 0.0269179 0.0245502
0.986577 1.31313 1.02863 0.0266848 0.0225752
1.00671 1.31313 1.02732 0.0263318 0.020637
1.02685 1.31313 1.02602 0.025867 0.0187592
1.04698 1.31313 1.02475 0.0253021 0.0169621
1.06711 1.31313 1.02351 0.024651 0.0152621
1.08725 1.31313 1.02232 0.0239294 0.013671
1.10738 1.31313 1.02117 0.0231528 0.0121959
1.12752 1.31313 1.02008 0.0223363 0.0108399
1.14765 1.31313 1.01903 0.0214936 0.00960249
1.16779 1.31313 1.01804 0.0206366 0.00848038
1.18792 1.31313 1.0171 0.0197756 0.00746826
1.20805 1.31313 1.01621 0.0189187 0.00655948
1.22819 1.31313 1.01536 0.0180727 0.00574657
1.24832 1.31313 1.01455 0.0172426 0.00502173
1.26846 1.31313 1.01379 0.0164321 0.00437714
1.28859 1.31313 1.01306 0.015644 0.00380523
1.30872 1.31313 1.01237 0.0148802 0.00329878
1.32886 1.31313 1.01171 0.0141417 0.00285108
1.34899 1.31313 1.01108 0.0134293 0.00245594
1.36913 1.31313 1.01048 0.012743 0.00210771
1.38926 1.31313 1.00991 0.012083 0.00180126
1.4094 1.31313 1.00936 0.0114488 0.00153197
1.42953 1.31313 1.00884 0.0108401 0.00129572
1.44966 1.31313 1.00834 0.0102563 0.00108877
1.4698 1.31313 1.00787 0.00969688 0.000907842
1.48993 1.31313 1.00741 0.00916115 0.000749964
1.51007 1.31313 1.00698 0.00864849 0.000612509
1.5302 1.31313 1.00656 0.00815824 0.000493134
1.55034 1.31313 1.00617 0.00768976 0.00038975
1.57047 1.31313 1.00579 0.0072424 0.000300498
1.5906 1.31313 1.00544 0.00681553 0.00022372
1.61074 1.31313 1.00509 0.00640852 0.000157941
1.63087 1.31313 1.00477 0.00602077 0.000101842
1.65101 1.31313 1.00446 0.00565168 5.42473e-05
1.67114 1.31313 1.00417 0.00530065 1.41088e-05
1.69128 1.31313 1.0039 0.0049671 -1.95107e-05
1.71141 1.31313 1.00363 0.00465046 -4.74481e-05
1.73154 1.31313 1.00339 0.00435016 -7.04505e-05
1.75168 1.31313 1.00315 0.00406564 -8.91853e-05
1.77181 1.31313 1.00293 0.00379633 -0.000104247
1.79195 1.31313 1.00272 0.00354167 -0.000116166
1.81208 1.31313 1.00252 0.00330112 -0.000125411
1.83221 1.31313 1.00234 0.00307412 -0.000132397
1.85235 1.31313 1.00217 0.00286011 -0.000137484
1.87248 1.31313 1.002 0.00265853 -0.000140987
1.89262 1.31313 1.00185 0.00246885 -0.000143169
1.91275 1.31313 1.00171 0.00229051 -0.000144248
1.93289 1.31313 1.00157 0.00212297 -0.0001444
1.95302 1.31313 1.00145 0.0019657 -0.000143756
1.97315 1.31313 1.00133 0.00181821 -0.000142412
1.99329 1.31313 1.00122 0.00167999 -0.000140432
2.01342 1.31313 1.00112 0.00155057 -0.000137858
2.03356 1.31313 1.00102 0.00142954 -0.000134721
2.05369 1.31313 1.00094 0.00131645 -0.000131046
2.07383 1.31313 1.00085 0.00121094 -0.000126867
2.09396 1.31313 1.00078 0.00111262 -0.000122225
2.11409 1.31313 1.00071 0.00102115 -0.000117175
2.13423 1.31313 1.00065 0.00093616 -0.000111783
2.15436 1.31313 1.00059 0.000857326 -0.000106123
2.1745 1.31313 1.00054 0.000784308 -0.000100272
2.19463 1.31313 1.00049 0.000716779 -9.43098e-05
2.21477 1.31313 1.00044 0.000654415 -8.83116e-05
2.2349 1.31313 1.0004 0.000596899 -8.23474e-05
2.25503 1.31313 1.00037 0.000543926 -7.64796e-05
2.27517 1.31313 1.00033 0.000495195 -7.07615e-05
2.2953 1.31313 1.0003 0.000450422 -6.52372e-05
2.31544 1.31313 1.00027 0.00040933 -5.99417e-05
2.33557 1.31313 1.00025 0.000371657 -5.49014e-05
2.3557 1.31313 1.00022 0.000337155 -5.01346e-05
2.37584 1.31313 1.0002 0.000305587 -4.56526e-05
2.39597 1.31313 1.00018 0.000276732 -4.14608e-05
2.41611 1.31313 1.00016 0.00025038 -3.75593e-05
2.43624 1.31313 1.00015 0.000226336 -3.39441e-05
2.45638 1.31313 1.00013 0.000204416 -3.06079e-05
2.47651 1.31313 1.00012 0.000184449 -2.75408e-05
2.49664 1.31313 1.00011 0.000166275 -2.47309e-05
2.51678 1.31313 1.0001 0.000149747 -2.21649e-05
2.53691 1.31313 1.00009 0.000134725 -1.98289e-05
2.55705 1.31313 1.00008 0.000121082 -1.77082e-05
2.57718 1.31313 1.00007 0.000108698 -1.5788e-05
2.59732 1.31313 1.00006 9.74636e-05 -1.40537e-05
2.61745 1.31313 1.00006 8.72762e-05 -1.2491e-05
2.63758 1.31313 1.00005 7.80413e-05 -1.1086e-05
2.65772 1.31313 1.00004 6.96712e-05 -9.82513e-06
2.67785 1.31313 1.00004 6.20851e-05 -8.69575e-06
2.69799 1.31313 1.00004 5.52079e-05 -7.68569e-06
2.71812 1.31313 1.00003 4.89704e-05 -6.78343e-06
2.73826 1.31313 1.00003 4.33083e-05 -5.97812e-06
2.75839 1.31313 1.00003 3.81623e-05 -5.25945e-06
2.77852 1.31313 1.00002 3.34774e-05 -4.61766e-06
2.79866 1.31313 1.00002 2.92023e-05 -4.04342e-06
2.81879 1.31313 1.00002 2.52899e-05 -3.52774e-06
2.83893 1.31313 1.00002 2.16958e-05 -3.06185e-06
2.85906 1.31313 1.00002 1.83792e-05 -2.63703e-06
2.87919 1.31313 1.00001 1.53015e-05 -2.24449e-06
2.89933 1.31313 1.00001 1.24271e-05 -1.87509e-06
2.91946 1.31313 1.00001 9.72238e-06 -1.51918e-06
2.9396 1.31313 1.00001 7.15587e-06 -1.16624e-06
2.95973 1.31313 1.00001 4.69808e-06 -8.04581e-07
2.97987 1.31313 1.00001 2.32134e-06 -4.20945e-07
3 1.31313 1.00001 0 0

0 1.33333 1.02138 0 0
0.0201342 1.33333 1.02167 -0.000605412 0.00259304
0.0402685 1.33333 1.02214 -0.00113658 0.00523618
0.0604027 1.33333 1.02271 -0.00156973 0.00792029
0.0805369 1.33333 1.02341 -0.0018879 0.0106299
0.100671 1.33333 1.0242 -0.00207876 0.0133432
0.120805 1.33333 1.02507 -0.00213671 0.016036
0.14094 1.33333 1.02599 -0.00206154 0.0186832
0.161074 1.33333 1.02694 -0.00185795 0.0212613
0.181208 1.33333 1.02792 -0.00153424 0.0237495
0.201342 1.33333 1.0289 -0.00110121 0.0261299
0.221477 1.33333 1.02988 -0.000571067 0.0283886
0.241611 1.33333 1.03084 4.34418e-05 0.0305152
0.261745 1.33333 1.03178 0.000729747 0.0325025
0.281879 1.33333 1.03268 0.00147595 0.0343463
0.302013 1.33333 1.03355 0.00227114 0.0360448
0.322148 1.33333 1.03437 0.0031056 0.0375981
0.342282 1.33333 1.03516 0.00397083 0.0390076
0.362416 1.33333 1.03589 0.00485959 0.0402762
0.38255 1.33333 1.03659 0.0057658 0.041407
0.402685 1.33333 1.03723 0.00668446 0.0424039
0.422819 1.33333 1.03782 0.00761149 0.0432707
0.442953 1.33333 1.03836 0.00854365 0.0440114
0.463087 1.33333 1.03885 0.00947837 0.0446294
0.483221 1.33333 1.03928 0.0104136 0.0451283
0.503356 1.33333 1.03966 0.0113479 0.0455108
0.52349 1.33333 1.03998 0.0122797 0.0457793
0.543624 1.33333 1.04025 0.0132081 0.0459358
0.563758 1.33333 1.04045 0.0141319 0.0459815
0.583893 1.33333 1.04059 0.0150501 0.0459173
0.604027 1.33333 1.04067 0.0159612 0.0457434
0.624161 1.33333 1.04068 0.0168638 0.0454595
0.644295 1.33333 1.04062 0.0177559 0.045065
0.66443 1.33333 1.04049 0.018635 0.044559
0.684564 1.33333 1.04028 0.0194979 0.0439403
0.704698 1.33333 1.04 0.020341 0.0432077
0.724832 1.33333 1.03964 0.0211595 0.04236
0.744966 1.33333 1.03921 0.0219481 0.0413967
0.765101 1.33333 1.03869 0.0227004 0.0403178
0.785235 1.33333 1.03808 0.0234089 0.0391241
0.805369 1.33333 1.0374 0.0240655 0.037818
0.825503 1.33333 1.03663 0.0246612 0.0364035
0.845638 1.33333 1.03579 0.0251864 0.0348867
0.865772 1.33333 1.03487 0.0256313 0.0332759
0.885906 1.33333 1.03388 0.0259863 0.0315824
0.90604 1.33333 1.03282 0.0262426 0.0298199
0.926174 1.33333 1.03171 0.0263925 0.028005
0.946309 1.33333 1.03056 0.0264305 0.0261567
0.966443 1.33333 1.02937 0.0263537 0.0242956
0.986577 1.33333 1.02817 0.0261623 0.0224435
1.00671 1.33333 1.02695 0.0258597 0.0206217
1.02685 1.33333 1.02574 0.0254527 0.0188506
1.04698 1.33333 1.02455 0.024951 0.0171477
1.06711 1.33333 1.02338 0.0243663 0.0155279
1.08725 1.33333 1.02225 0.0237116 0.0140021
1.10738 1.33333 1.02115 0.0230004 0.0125777
1.12752 1.33333 1.0201 0.0222457 0.0112585
1.14765 1.33333 1.01909 0.02146 0.0100454
1.16779 1.33333 1.01813 0.0206542 0.00893684
1.18792 1.33333 1.0172 0.019838 0.00792915
1.20805 1.33333 1.01632 0.0190197 0.00701741
1.22819 1.33333 1.01549 0.0182059 0.00619574
1.24832 1.33333 1.01469 0.0174021 0.00545774
1.26846 1.33333 1.01392 0.0166126 0.00479681
1.28859 1.33333 1.0132 0.0158405 0.00420637
1.30872 1.33333 1.0125 0.0150884 0.00368004
1.32886 1.33333 1.01184 0.0143579 0.00321175
1.34899 1.33333 1.01121 0.0136502 0.00279582
1.36913 1.33333 1.01061 0.012966 0.00242697
1.38926 1.33333 1.01003 0.0123057 0.00210037
1.4094 1.33333 1.00948 0.0116694 0.0018116
1.42953 1.33333 1.00895 0.011057 0.00155664
1.44966 1.33333 1.00845 0.0104684 0.00133189
1.4698 1.33333 1.00797 0.00990313 0.00113408
1.48993 1.33333 1.00751 0.00936083 0.000960265
1.51007 1.33333 1.00707 0.00884105 0.00080782
1.5302 1.33333 1.00665 0.0083433 0.000674381
1.55034 1.33333 1.00625 0.00786705 0.000557832
1.57047 1.33333 1.00587 0.00741177 0.000456276
1.5906 1.33333 1.00551 0.00697693 0.000368016
1.61074 1.33333 1.00516 0.00656196 0.000291534
1.63087 1.33333 1.00484 0.00616633 0.000225469
1.65101 1.33333 1.00453 0.00578948 0.000168603
1.67114 1.33333 1.00423 0.00543086 0.000119845
1.69128 1.33333 1.00395 0.00508991 7.82196e-05
1.71141 1.33333 1.00368 0.00476608 4.28523e-05
1.73154 1.33333 1.00343 0.00445883 1.29611e-05
1.75168 1.33333 1.0032 0.00416759 -1.21536e-05
1.77181 1.33333 1.00297 0.00389183 -3.31166e-05
1.79195 1.33333 1.00276 0.00363097 -5.04846e-05
1.81208 1.33333 1.00256 0.00338448 -6.47522e-05
1.83221 1.33333 1.00237 0.00315179 -7.63566e-05
1.85235 1.33333 1.0022 0.00293236 -8.56813e-05
1.87248 1.33333 1.00203 0.00272563 -9.30598e-05
1.89262 1.33333 1.00188 0.00253105 -9.87777e-05
1.91275 1.33333 1.00173 0.00234807 -0.000103076
1.93289 1.33333 1.0016 0.00217617 -0.000106153
1.95302 1.33333 1.00147 0.00201481 -0.000108168
1.97315 1.33333 1.00135 0.00186348 -0.000109246
1.99329 1.33333 1.00124 0.00172169 -0.000109484
2.01342 1.33333 1.00114 0.00158897 -0.000108958
2.03356 1.33333 1.00104 0.00146487 -0.000107727
2.05369 1.33333 1.00095 0.00134896 -0.000105848
2.07383 1.33333 1.00087 0.00124083 -0.000103373
2.09396 1.33333 1.0008 0.00114009 -0.000100361
2.11409 1.33333 1.00073 0.00104638 -9.68768e-05
2.13423 1.33333 1.00066 0.000959317 -9.299e-05
2.15436 1.33333 1.0006 0.000878556 -8.87748e-05
2.1745 1.33333 1.00055 0.000803747 -8.43074e-05
2.19463 1.33333 1.0005 0.000734552 -7.96634e-05
2.21477 1.33333 1.00045 0.000670639 -7.4915e-05
2.2349 1.33333 1.00041 0.000611685 -7.01292e-05
2.25503 1.33333 1.00037 0.000557376 -6.53664e-05
2.27517 1.33333 1.00034 0.000507409 -6.06789e-05
2.2953 1.33333 1.00031 0.000461492 -5.61112e-05
2.31544 1.33333 1.00028 0.000419346 -5.16994e-05
2.33557 1.33333 1.00025 0.000380703 -4.7472e-05
2.3557 1.33333 1.00023 0.000345311 -4.34502e-05
2.37584 1.33333 1.00021 0.000312928 -3.96485e-05
2.39597 1.33333 1.00019 0.000283328 -3.60761e-05
2.41611 1.33333 1.00017 0.000256298 -3.27369e-05
2.43624 1.33333 1.00015 0.000231637 -2.9631e-05
2.45638 1.33333 1.00014 0.000209157 -2.67549e-05
2.47651 1.33333 1.00012 0.000188683 -2.41026e-05
2.49664 1.33333 1.00011 0.000170052 -2.16661e-05
2.51678 1.33333 1.0001 0.00015311 -1.94357e-05
2.53691 1.33333 1.00009 0.000137716 -1.74006e-05
2.55705 1.33333 1.00008 0.000123738 -1.55495e-05
2.57718 1.33333 1.00007 0.000111054 -1.38706e-05
2.59732 1.33333 1.00006 9.955e-05 -1.23519e-05
2.61745 1.33333 1.00006 8.91212e-05 -1.09815e-05
2.63758 1.33333 1.00005 7.96702e-05 -9.74799e-06
2.65772 1.33333 1.00005 7.1107e-05 -8.63998e-06
2.67785 1.33333 1.00004 6.33483e-05 -7.64665e-06
2.69799 1.33333 1.00004 5.63169e-05 -6.75765e-06
2.71812 1.33333 1.00003 4.99417e-05 -5.96311e-06
2.73826 1.33333 1.00003 4.41566e-05 -5.25366e-06
2.75839 1.33333 1.00003 3.89006e-05 -4.62039e-06
2.77852 1.33333 1.00002 3.41171e-05 -4.05482e-06
2.79866 1.33333 1.00002 2.97538e-05 -3.54882e-06
2.81879 1.33333 1.00002 2.57619e-05 -3.09456e-06
2.83893 1.33333 1.00002 2.20962e-05 -2.68435e-06
2.85906 1.33333 1.00002 1.87146e-05 -2.31058e-06
2.87919 1.33333 1.00002 1.55778e-05 -1.96553e-06
2.89933 1.33333 1.00001 1.26491e-05 -1.64117e-06
2.91946 1.33333 1.00001 9.89429e-06 -1.32904e-06
2.9396 1.33333 1.00001 7.28111e-06 -1.01987e-06
2.95973 1.33333 1.00001 4.77947e-06 -7.03403e-07
2.97987 1.33333 1.00001 2.36114e-06 -3.67947e-07
3 1.33333 1.00001 0 0

0 1.35354 1.02155 0 0
0.0201342 1.35354 1.02185 -0.000602612 0.00252644
0.0402685 1.35354 1.02228 -0.00113395 0.00508149
0.0604027 1.35354 1.02281 -0.00157445 0.00765965
0.0805369 1.35354 1.02344 -0.00190945 0.0102498
0.100671 1.35354 1.02415 -0.00212787 0.0128356
0.120805 1.35354 1.02493 -0.00222387 0.0153979
0.14094 1.35354 1.02576 -0.00219603 0.0179165
0.161074 1.35354 1.02663 -0.00204705 0.0203717
0.181208 1.35354 1.02752 -0.0017829 0.0227456
0.201342 1.35354 1.02842 -0.00141194 0.0250223
0.221477 1.35354 1.02932 -0.000944125 0.0271891
0.241611 1.35354 1.0302 -0.000390182 0.0292358
0.261745 1.35354 1.03107 0.00023895 0.0311551
0.281879 1.35354 1.03191 0.000932617 0.0329421
0.302013 1.35354 1.03272 0.00168078 0.0345941
0.322148 1.35354 1.0335 0.00247424 0.0361102
0.342282 1.35354 1.03424 0.00330474 0.0374909
0.362416 1.35354 1.03494 0.00416502 0.0387377
0.38255 1.35354 1.03559 0.00504882 0.0398529
0.402685 1.35354 1.0362 0.00595077 0.0408395
0.422819 1.35354 1.03677 0.00686637 0.0417004
0.442953 1.35354 1.03728 0.00779183 0.0424388
0.463087 1.35354 1.03775 0.00872402 0.0430579
0.483221 1.35354 1.03816 0.00966032 0.0435604
0.503356 1.35354 1.03852 0.0105985 0.0439488
0.52349 1.35354 1.03883 0.0115367 0.0442254
0.543624 1.35354 1.03908 0.0124731 0.0443919
0.563758 1.35354 1.03927 0.0134061 0.0444496
0.583893 1.35354 1.0394 0.014334 0.0443993
0.604027 1.35354 1.03947 0.015255 0.0442415
0.624161 1.35354 1.03947 0.0161669 0.0439762
0.644295 1.35354 1.03941 0.0170674 0.0436031
0.66443 1.35354 1.03928 0.0179535 0.0431219
0.684564 1.35354 1.03908 0.018822 0.0425318
0.704698 1.35354 1.03881 0.0196687 0.0418323
0.724832 1.35354 1.03846 0.0204889 0.041023
0.744966 1.35354 1.03804 0.0212772 0.0401041
0.765101 1.35354 1.03755 0.0220274 0.0390763
0.785235 1.35354 1.03697 0.0227325 0.0379413
0.805369 1.35354 1.03632 0.0233849 0.036702
0.825503 1.35354 1.0356 0.0239764 0.0353628
0.845638 1.35354 1.03481 0.0244984 0.0339302
0.865772 1.35354 1.03395 0.0249424 0.0324122
0.885906 1.35354 1.03302 0.0253 0.0308196
0.90604 1.35354 1.03204 0.0255638 0.0291649
0.926174 1.35354 1.031 0.0257276 0.0274632
0.946309 1.35354 1.02993 0.0257867 0.0257312
0.966443 1.35354 1.02882 0.0257391 0.0239869
0.986577 1.35354 1.0277 0.025585 0.0222491
1.00671 1.35354 1.02657 0.0253275 0.0205362
1.02685 1.35354 1.02543 0.0249723 0.0188657
1.04698 1.35354 1.02431 0.0245273 0.0172533
1.06711 1.35354 1.02321 0.0240026 0.015712
1.08725 1.35354 1.02213 0.0234091 0.0142521
1.10738 1.35354 1.02109 0.0227584 0.0128808
1.12752 1.35354 1.02007 0.022062 0.0116026
1.14765 1.35354 1.0191 0.021331 0.0104192
1.16779 1.35354 1.01816 0.0205754 0.00933017
1.18792 1.35354 1.01726 0.0198044 0.00833339
1.20805 1.35354 1.0164 0.0190258 0.00742525
1.22819 1.35354 1.01557 0.0182465 0.00660122
1.24832 1.35354 1.01478 0.0174719 0.00585613
1.26846 1.35354 1.01402 0.0167067 0.00518449
1.28859 1.35354 1.0133 0.0159544 0.00458064
1.30872 1.35354 1.01261 0.015218 0.00403902
1.32886 1.35354 1.01195 0.0144996 0.0035542
1.34899 1.35354 1.01131 0.0138007 0.00312102
1.36913 1.35354 1.01071 0.0131227 0.00273463
1.38926 1.35354 1.01013 0.0124661 0.00239051
1.4094 1.35354 1.00957 0.0118315 0.00208449
1.42953 1.35354 1.00904 0.0112192 0.00181274
1.44966 1.35354 1.00853 0.0106292 0.00157176
1.4698 1.35354 1.00805 0.0100615 0.00135839
1.48993 1.35354 1.00759 0.00951577 0.00116973
1.51007 1.35354 1.00714 0.00899186 0.00100319
1.5302 1.35354 1.00672 0.0084894 0.000856411
1.55034 1.35354 1.00632 0.00800803 0.000727272
1.57047 1.35354 1.00594 0.00754731 0.000613865
1.5906 1.35354 1.00557 0.00710681 0.000514473
1.61074 1.35354 1.00522 0.00668606 0.000427551
1.63087 1.35354 1.00489 0.00628458 0.000351709
1.65101 1.35354 1.00458 0.00590188 0.000285699
1.67114 1.35354 1.00428 0.00553744 0.000228401
1.69128 1.35354 1.004 0.00519076 0.000178806
1.71141 1.35354 1.00373 0.00486131 0.000136012
1.73154 1.35354 1.00348 0.00454857 9.92074e-05
1.75168 1.35354 1.00324 0.00425199 6.76651e-05
1.77181 1.35354 1.00301 0.00397105 4.07348e-05
1.79195 1.35354 1.0028 0.0037052 1.78357e-05
1.81208 1.35354 1.00259 0.00345389 -1.54968e-06
1.83221 1.35354 1.00241 0.00321659 -1.78799e-05
1.85235 1.35354 1.00223 0.00299273 -3.15593e-05
1.87248 1.35354 1.00206 0.00278177 -4.29418e-05
1.89262 1.35354 1.0019 0.00258317 -5.23337e-05
1.91275 1.35354 1.00176 0.00239639 -5.99976e-05
1.93289 1.35354 1.00162 0.00222088 -6.6155e-05
1.95302 1.35354 1.00149 0.00205614 -7.09904e-05
1.97315 1.35354 1.00137 0.00190164 -7.46558e-05
1.99329 1.35354 1.00126 0.0017569 -7.72759e-05
2.01342 1.35354 1.00116 0.00162142 -7.89537e-05
2.03356 1.35354 1.00106 0.00149477 -7.97769e-05
2.05369 1.35354 1.00097 0.0013765 -7.9824e-05
2.07383 1.35354 1.00089 0.00126619 -7.9169e-05
2.09396 1.35354 1.00081 0.00116343 -7.7885e-05
2.11409 1.35354 1.00074 0.00106784 -7.60465e-05
2.13423 1.35354 1.00067 0.000979043 -7.37293e-05
2.15436 1.35354 1.00061 0.000896666 -7.10106e-05
2.1745 1.35354 1.00056 0.000820354 -6.79671e-05
2.19463 1.35354 1.00051 0.00074976 -6.46735e-05
2.21477 1.35354 1.00046 0.000684544 -6.1201e-05
2.2349 1.35354 1.00042 0.000624378 -5.76155e-05
2.25503 1.35354 1.00038 0.000568942 -5.39766e-05
2.27517 1.35354 1.00035 0.000517929 -5.0337e-05
2.2953 1.35354 1.00031 0.000471044 -4.67418e-05
2.31544 1.35354 1.00028 0.000428002 -4.32291e-05
2.33557 1.35354 1.00026 0.000388533 -3.98295e-05
2.3557 1.35354 1.00023 0.00035238 -3.65671e-05
2.37584 1.35354 1.00021 0.0003193 -3.346e-05
2.39597 1.35354 1.00019 0.000289061 -3.05207e-05
2.41611 1.35354 1.00017 0.000261447 -2.77573e-05
2.43624 1.35354 1.00015 0.000236254 -2.51734e-05
2.45638 1.35354 1.00014 0.000213291 -2.27697e-05
2.47651 1.35354 1.00012 0.000192378 -2.0544e-05
2.49664 1.35354 1.00011 0.00017335 -1.84919e-05
2.51678 1.35354 1.0001 0.000156049 -1.66072e-05
2.53691 1.35354 1.00009 0.000140331 -1.48827e-05
2.55705 1.35354 1.00008 0.000126062 -1.33101e-05
2.57718 1.35354 1.00007 0.000113115 -1.18806e-05
2.59732 1.35354 1.00006 0.000101376 -1.05849e-05
2.61745 1.35354 1.00006 9.07362e-05 -9.41377e-06
2.63758 1.35354 1.00005 8.10962e-05 -8.358e-06
2.65772 1.35354 1.00005 7.23639e-05 -7.40845e-06
2.67785 1.35354 1.00004 6.4454e-05 -6.55627e-06
2.69799 1.35354 1.00004 5.72876e-05 -5.79293e-06
2.71812 1.35354 1.00003 5.07917e-05 -5.11023e-06
2.73826 1.35354 1.00003 4.48988e-05 -4.50035e-06
2.75839 1.35354 1.00003 3.95464e-05 -3.9558e-06
2.77852 1.35354 1.00002 3.46766e-05 -3.46943e-06
2.79866 1.35354 1.00002 3.02359e-05 -3.03436e-06
2.81879 1.35354 1.00002 2.61744e-05 -2.64394e-06
2.83893 1.35354 1.00002 2.2446e-05 -2.29163e-06
2.85906 1.35354 1.00002 1.90076e-05 -1.97093e-06
2.87919 1.35354 1.00002 1.58191e-05 -1.67524e-06
2.89933 1.35354 1.00001 1.2843e-05 -1.39773e-06
2.91946 1.35354 1.00001 1.00444e-05 -1.13112e-06
2.9396 1.35354 1.00001 7.39047e-06 -8.67502e-07
2.95973 1.35354 1.00001 4.85055e-06 -5.98055e-07
2.97987 1.35354 1.00001 2.3959e-06 -3.12755e-07
3 1.35354 1.00001 0 0

0 1.37374 1.02162 0 0
0.0201342 1.37374 1.02192 -0.000600513 0.00246066
0.0402685 1.37374 1.02233 -0.00113171 0.00493228
0.0604027 1.37374 1.02282 -0.00157744 0.00741194
0.0805369 1.37374 1.0234 -0.00192513 0.00989189
0.100671 1.37374 1.02405 -0.00216498 0.0123598
0.120805 1.37374 1.02476 -0.00229126 0.0148007
0.14094 1.37374 1.02552 -0.00230184 0.0171984
0.161074 1.37374 1.02631 -0.00219808 0.0195366
0.181208 1.37374 1.02712 -0.0019842 0.0217999
0.201342 1.37374 1.02795 -0.00166665 0.0239747
0.221477 1.37374 1.02878 -0.0012535 0.0260491
0.241611 1.37374 1.0296 -0.000753746 0.0280138
0.261745 1.37374 1.03041 -0.000176855 0.0298615
0.281879 1.37374 1.03119 0.000467711 0.0315871
0.302013 1.37374 1.03195 0.00117081 0.0331872
0.322148 1.37374 1.03268 0.00192384 0.0346604
0.342282 1.37374 1.03338 0.00271892 0.0360061
0.362416 1.37374 1.03404 0.00354891 0.0372251
0.38255 1.37374 1.03466 0.00440748 0.038319
0.402685 1.37374 1.03524 0.00528908 0.0392896
0.422819 1.37374 1.03577 0.00618889 0.0401395
0.442953 1.37374 1.03626 0.00710274 0.0408711
0.463087 1.37374 1.0367 0.00802702 0.041487
0.483221 1.37374 1.0371 0.00895861 0.0419895
0.503356 1.37374 1.03744 0.00989479 0.0423808
0.52349 1.37374 1.03773 0.0108331 0.0426629
0.543624 1.37374 1.03796 0.0117713 0.0428374
0.563758 1.37374 1.03814 0.0127071 0.0429055
0.583893 1.37374 1.03826 0.0136384 0.0428681
0.604027 1.37374 1.03833 0.014563 0.0427259
0.624161 1.37374 1.03833 0.0154781 0.042479
0.644295 1.37374 1.03826 0.0163811 0.0421277
0.66443 1.37374 1.03814 0.0172688 0.0416717
0.684564 1.37374 1.03794 0.0181375 0.041111
0.704698 1.37374 1.03768 0.018983 0.0404455
0.724832 1.37374 1.03735 0.0198006 0.0396756
0.744966 1.37374 1.03694 0.0205849 0.0388018
0.765101 1.37374 1.03647 0.0213299 0.0378257
0.785235 1.37374 1.03592 0.022029 0.0367493
0.805369 1.37374 1.03531 0.0226752 0.0355761
0.825503 1.37374 1.03463 0.023261 0.0343109
0.845638 1.37374 1.03388 0.0237788 0.0329599
0.865772 1.37374 1.03307 0.024221 0.0315312
0.885906 1.37374 1.0322 0.0245806 0.0300346
0.90604 1.37374 1.03128 0.024851 0.0284819
0.926174 1.37374 1.03032 0.0250273 0.0268865
0.946309 1.37374 1.02932 0.0251056 0.0252632
0.966443 1.37374 1.02828 0.0250843 0.0236279
0.986577 1.37374 1.02723 0.0249637 0.0219968
1.00671 1.37374 1.02617 0.0247465 0.0203861
1.02685 1.37374 1.02511 0.0244375 0.018811
1.04698 1.37374 1.02405 0.0240437 0.0172852
1.06711 1.37374 1.023 0.0235732 0.0158205
1.08725 1.37374 1.02198 0.0230356 0.0144263
1.10738 1.37374 1.02098 0.0224408 0.0131098
1.12752 1.37374 1.02 0.021799 0.0118755
1.14765 1.37374 1.01906 0.02112 0.0107258
1.16779 1.37374 1.01815 0.0204131 0.00966128
1.18792 1.37374 1.01727 0.0196867 0.00868076
1.20805 1.37374 1.01643 0.0189484 0.00778181
1.22819 1.37374 1.01561 0.0182047 0.00696102
1.24832 1.37374 1.01483 0.0174613 0.00621428
1.26846 1.37374 1.01409 0.0167228 0.00553706
1.28859 1.37374 1.01337 0.0159932 0.00492459
1.30872 1.37374 1.01268 0.0152757 0.00437204
1.32886 1.37374 1.01202 0.0145726 0.00387463
1.34899 1.37374 1.01139 0.0138861 0.00342772
1.36913 1.37374 1.01078 0.0132176 0.0030269
1.38926 1.37374 1.0102 0.0125682 0.00266798
1.4094 1.37374 1.00965 0.0119388 0.00234708
1.42953 1.37374 1.00911 0.0113298 0.00206058
1.44966 1.37374 1.0086 0.0107416 0.00180513
1.4698 1.37374 1.00812 0.0101744 0.00157769
1.48993 1.37374 1.00765 0.0096282 0.00137546
1.51007 1.37374 1.00721 0.0091029 0.00119589
1.5302 1.37374 1.00678 0.00859835 0.00103666
1.55034 1.37374 1.00638 0.0081143 0.00089568
1.57047 1.37374 1.00599 0.00765045 0.000771038
1.5906 1.37374 1.00562 0.00720648 0.000661017
1.61074 1.37374 1.00527 0.00678199 0.000564062
1.63087 1.37374 1.00494 0.0063766 0.000478771
1.65101 1.37374 1.00462 0.00598985 0.000403876
1.67114 1.37374 1.00432 0.0056213 0.000338236
1.69128 1.37374 1.00404 0.00527048 0.000280823
1.71141 1.37374 1.00377 0.0049369 0.00023071
1.73154 1.37374 1.00351 0.00462006 0.000187064
1.75168 1.37374 1.00327 0.00431946 0.000149137
1.77181 1.37374 1.00304 0.00403458 0.000116257
1.79195 1.37374 1.00282 0.00376489 8.78224e-05
1.81208 1.37374 1.00262 0.00350985 6.3296e-05
1.83221 1.37374 1.00243 0.00326894 4.21999e-05
1.85235 1.37374 1.00225 0.00304161 2.41106e-05
1.87248 1.37374 1.00208 0.00282733 8.65523e-06
1.89262 1.37374 1.00192 0.00262555 -4.49226e-06
1.91275 1.37374 1.00178 0.00243574 -1.56146e-05
1.93289 1.37374 1.00164 0.00225737 -2.49548e-05
1.95302 1.37374 1.00151 0.00208992 -3.27202e-05
1.97315 1.37374 1.00139 0.00193289 -3.90865e-05
1.99329 1.37374 1.00128 0.00178577 -4.42029e-05
2.01342 1.37374 1.00117 0.00164809 -4.81966e-05
2.03356 1.37374 1.00107 0.00151938 -5.11784e-05
2.05369 1.37374 1.00098 0.0013992 -5.32475e-05
2.07383 1.37374 1.0009 0.00128712 -5.44954e-05
2.09396 1.37374 1.00082 0.00118272 -5.50092e-05
2.11409 1.37374 1.00075 0.00108561 -5.48736e-05
2.13423 1.37374 1.00068 0.0009954 -5.41716e-05
2.15436 1.37374 1.00062 0.000911707 -5.29845e-05
2.1745 1.37374 1.00057 0.00083417 -5.13916e-05
2.19463 1.37374 1.00052 0.000762433 -4.94688e-05
2.21477 1.37374 1.00047 0.000696152 -4.72876e-05
2.2349 1.37374 1.00043 0.000634992 -4.49144e-05
2.25503 1.37374 1.00039 0.000578631 -4.24093e-05
2.27517 1.37374 1.00035 0.000526758 -3.98261e-05
2.2953 1.37374 1.00032 0.000479073 -3.72115e-05
2.31544 1.37374 1.00029 0.00043529 -3.46054e-05
2.33557 1.37374 1.00026 0.000395136 -3.20413e-05
2.3557 1.37374 1.00024 0.000358351 -2.95462e-05
2.37584 1.37374 1.00021 0.000324689 -2.71415e-05
2.39597 1.37374 1.00019 0.000293916 -2.48435e-05
2.41611 1.37374 1.00017 0.000265814 -2.26637e-05
2.43624 1.37374 1.00016 0.000240174 -2.061e-05
2.45638 1.37374 1.00014 0.000216803 -1.86866e-05
2.47651 1.37374 1.00013 0.000195521 -1.68951e-05
2.49664 1.37374 1.00011 0.000176156 -1.52348e-05
2.51678 1.37374 1.0001 0.000158551 -1.37031e-05
2.53691 1.37374 1.00009 0.000142559 -1.22959e-05
2.55705 1.37374 1.00008 0.000128042 -1.10081e-05
2.57718 1.37374 1.00007 0.000114872 -9.83382e-06
2.59732 1.37374 1.00007 0.000102933 -8.76667e-06
2.61745 1.37374 1.00006 9.21129e-05 -7.79989e-06
2.63758 1.37374 1.00005 8.23118e-05 -6.92657e-06
2.65772 1.37374 1.00005 7.34352e-05 -6.13977e-06
2.67785 1.37374 1.00004 6.53963e-05 -5.43266e-06
2.69799 1.37374 1.00004 5.81145e-05 -4.79853e-06
2.71812 1.37374 1.00003 5.15155e-05 -4.23089e-06
2.73826 1.37374 1.00003 4.55305e-05 -3.72349e-06
2.75839 1.37374 1.00003 4.00958e-05 -3.27029e-06
2.77852 1.37374 1.00002 3.51524e-05 -2.8655e-06
2.79866 1.37374 1.00002 3.06457e-05 -2.50351e-06
2.81879 1.37374 1.00002 2.6525e-05 -2.17887e-06
2.83893 1.37374 1.00002 2.27431e-05 -1.88623e-06
2.85906 1.37374 1.00002 1.92564e-05 -1.62025e-06
2.87919 1.37374 1.00002 1.60239e-05 -1.37548e-06
2.89933 1.37374 1.00001 1.30075e-05 -1.14629e-06
2.91946 1.37374 1.00001 1.01718e-05 -9.26662e-07
2.9396 1.37374 1.00001 7.48325e-06 -7.10057e-07
2.95973 1.37374 1.00001 4.91086e-06 -4.89176e-07
2.97987 1.37374 1.00001 2.42541e-06 -2.55702e-07
3 1.37374 1.00001 0 0

0 1.39394 1.02161 0 0
0.0201342 1.39394 1.02191 -0.000599122 0.00239516
0.0402685 1.39394 1.02231 -0.00113013 0.00478677
0.0604027 1.39394 1.02277 -0.0015797 0.00717373
0.0805369 1.39394 1.02331 -0.0019371 0.00955081
0.100671 1.39394 1.02391 -0.00219377 0.0119088
0.120805 1.39394 1.02456 -0.00234429 0.0142363
0.14094 1.39394 1.02526 -0.00238622 0.0165201
0.161074 1.39394 1.02598 -0.00232 0.0187468
0.181208 1.39394 1.02673 -0.00214858 0.0209036
0.201342 1.39394 1.0275 -0.00187694 0.0229786
0.221477 1.39394 1.02826 -0.00151159 0.0249612
0.241611 1.39394 1.02902 -0.0010601 0.026843
0.261745 1.39394 1.02978 -0.000530617 0.0286169
0.281879 1.39394 1.03051 6.84864e-05 0.0302777
0.302013 1.39394 1.03122 0.000728937 0.031822
0.322148 1.39394 1.03191 0.00144278 0.0332476
0.342282 1.39394 1.03257 0.00220254 0.0345535
0.362416 1.39394 1.03319 0.00300131 0.0357398
0.38255 1.39394 1.03378 0.00383283 0.0368072
0.402685 1.39394 1.03433 0.00469145 0.0377573
0.422819 1.39394 1.03484 0.00557215 0.0385916
0.442953 1.39394 1.0353 0.00647047 0.0393122
0.463087 1.39394 1.03572 0.00738245 0.0399211
0.483221 1.39394 1.03609 0.00830459 0.0404203
0.503356 1.39394 1.03642 0.00923369 0.0408116
0.52349 1.39394 1.03669 0.0101669 0.0410968
0.543624 1.39394 1.03691 0.0111014 0.0412774
0.563758 1.39394 1.03708 0.0120346 0.0413544
0.583893 1.39394 1.03719 0.012964 0.041329
0.604027 1.39394 1.03725 0.0138867 0.0412017
0.624161 1.39394 1.03724 0.0147999 0.040973
0.644295 1.39394 1.03718 0.0157004 0.0406434
0.66443 1.39394 1.03705 0.0165849 0.040213
0.684564 1.39394 1.03686 0.0174494 0.0396821
0.704698 1.39394 1.03661 0.0182897 0.0390512
0.724832 1.39394 1.03629 0.0191011 0.038321
0.744966 1.39394 1.0359 0.0198782 0.0374927
0.765101 1.39394 1.03545 0.0206153 0.0365681
0.785235 1.39394 1.03494 0.0213063 0.03555
0.805369 1.39394 1.03435 0.0219447 0.0344419
0.825503 1.39394 1.03371 0.0225236 0.0332487
0.845638 1.39394 1.033 0.0230362 0.0319767
0.865772 1.39394 1.03224 0.023476 0.0306335
0.885906 1.39394 1.03142 0.0238367 0.0292284
0.90604 1.39394 1.03056 0.024113 0.0277721
0.926174 1.39394 1.02966 0.0243003 0.0262767
0.946309 1.39394 1.02872 0.0243957 0.0247554
0.966443 1.39394 1.02775 0.0243979 0.0232222
0.986577 1.39394 1.02676 0.0243073 0.0216912
1.00671 1.39394 1.02576 0.0241263 0.0201767
1.02685 1.39394 1.02476 0.0238589 0.018692
1.04698 1.39394 1.02376 0.0235109 0.0172492
1.06711 1.39394 1.02277 0.0230896 0.0158589
1.08725 1.39394 1.02179 0.022603 0.0145299
1.10738 1.39394 1.02083 0.0220598 0.0132689
1.12752 1.39394 1.01989 0.0214689 0.0120806
1.14765 1.39394 1.01898 0.0208392 0.0109678
1.16779 1.39394 1.0181 0.020179 0.00993161
1.18792 1.39394 1.01725 0.0194961 0.00897179
1.20805 1.39394 1.01642 0.0187978 0.00808676
1.22819 1.39394 1.01562 0.0180903 0.00727405
1.24832 1.39394 1.01486 0.0173791 0.00653046
1.26846 1.39394 1.01412 0.0166691 0.00585232
1.28859 1.39394 1.01341 0.0159643 0.00523563
1.30872 1.39394 1.01272 0.015268 0.00467626
1.32886 1.39394 1.01207 0.014583 0.00417002
1.34899 1.39394 1.01144 0.0139116 0.0037128
1.36913 1.39394 1.01083 0.0132556 0.00330062
1.38926 1.39394 1.01025 0.0126163 0.00292965
1.4094 1.39394 1.0097 0.0119949 0.0025963
1.42953 1.39394 1.00917 0.0113921 0.00229717
1.44966 1.39394 1.00866 0.0108085 0.00202913
1.4698 1.39394 1.00817 0.0102446 0.00178925
1.48993 1.39394 1.0077 0.00970048 0.00157484
1.51007 1.39394 1.00725 0.00917629 0.00138345
1.5302 1.39394 1.00683 0.00867201 0.00121281
1.55034 1.39394 1.00642 0.00818755 0.00106087
1.57047 1.39394 1.00603 0.00772273 0.000925744
1.5906 1.39394 1.00566 0.00727731 0.000805732
1.61074 1.39394 1.00531 0.00685101 0.000699282
1.63087 1.39394 1.00497 0.0064435 0.00060499
1.65101 1.39394 1.00465 0.00605442 0.000521584
1.67114 1.39394 1.00435 0.00568336 0.000447912
1.69128 1.39394 1.00407 0.00532991 0.000382932
1.71141 1.39394 1.00379 0.00499362 0.000325705
1.73154 1.39394 1.00354 0.00467403 0.000275381
1.75168 1.39394 1.00329 0.00437065 0.000231196
1.77181 1.39394 1.00306 0.004083 0.000192462
1.79195 1.39394 1.00285 0.00381057 0.000158561
1.81208 1.39394 1.00264 0.00355285 0.000128938
1.83221 1.39394 1.00245 0.00330931 0.0001031
1.85235 1.39394 1.00227 0.00307942 8.0605e-05
1.87248 1.39394 1.0021 0.00286267 6.10642e-05
1.89262 1.39394 1.00194 0.00265851 4.41335e-05
1.91275 1.39394 1.00179 0.00246643 2.95117e-05
1.93289 1.39394 1.00165 0.00228589 1.69362e-05
1.95302 1.39394 1.00152 0.00211639 6.17962e-06
1.97315 1.39394 1.0014 0.00195742 -2.95501e-06
1.99329 1.39394 1.00129 0.00180849 -1.0638e-05
2.01342 1.39394 1.00118 0.00166911 -1.70177e-05
2.03356 1.39394 1.00108 0.00153882 -2.22249e-05
2.05369 1.39394 1.00099 0.00141717 -2.63769e-05
2.07383 1.39394 1.00091 0.00130372 -2.95807e-05
2.09396 1.39394 1.00083 0.00119806 -3.19366e-05
2.11409 1.39394 1.00076 0.00109976 -3.35393e-05
2.13423 1.39394 1.00069 0.00100845 -3.44794e-05
2.15436 1.39394 1.00063 0.000923732 -3.48436e-05
2.1745 1.39394 1.00058 0.000845238 -3.47147e-05
2.19463 1.39394 1.00052 0.000772607 -3.41711e-05
2.21477 1.39394 1.00048 0.00070549 -3.32863e-05
2.2349 1.39394 1.00043 0.000643549 -3.2128e-05
2.25503 1.39394 1.00039 0.000586458 -3.0758e-05
2.27517 1.39394 1.00036 0.000533904 -2.92317e-05
2.2953 1.39394 1.00032 0.000485585 -2.7598e-05
2.31544 1.39394 1.00029 0.000441212 -2.58992e-05
2.33557 1.39394 1.00026 0.000400511 -2.41716e-05
2.3557 1.39394 1.00024 0.00036322 -2.24454e-05
2.37584 1.39394 1.00022 0.00032909 -2.07453e-05
2.39597 1.39394 1.00019 0.000297886 -1.90911e-05
2.41611 1.39394 1.00018 0.000269388 -1.74983e-05
2.43624 1.39394 1.00016 0.000243386 -1.59781e-05
2.45638 1.39394 1.00014 0.000219685 -1.45388e-05
2.47651 1.39394 1.00013 0.0001981 -1.31856e-05
2.49664 1.39394 1.00011 0.000178461 -1.19211e-05
2.51678 1.39394 1.0001 0.000160608 -1.07463e-05
2.53691 1.39394 1.00009 0.00014439 -9.66037e-06
2.55705 1.39394 1.00008 0.00012967 -8.66132e-06
2.57718 1.39394 1.00007 0.000116317 -7.74615e-06
2.59732 1.39394 1.00007 0.000104212 -6.91114e-06
2.61745 1.39394 1.00006 9.32447e-05 -6.15207e-06
2.63758 1.39394 1.00005 8.33107e-05 -5.46437e-06
2.65772 1.39394 1.00005 7.43152e-05 -4.84328e-06
2.67785 1.39394 1.00004 6.61698e-05 -4.28397e-06
2.69799 1.39394 1.00004 5.8793e-05 -3.78157e-06
2.71812 1.39394 1.00003 5.21091e-05 -3.33131e-06
2.73826 1.39394 1.00003 4.60482e-05 -2.9285e-06
2.75839 1.39394 1.00003 4.05457e-05 -2.56857e-06
2.77852 1.39394 1.00002 3.55417e-05 -2.24711e-06
2.79866 1.39394 1.00002 3.09808e-05 -1.9598e-06
2.81879 1.39394 1.00002 2.68114e-05 -1.70241e-06
2.83893 1.39394 1.00002 2.29857e-05 -1.4708e-06
2.85906 1.39394 1.00002 1.94594e-05 -1.26079e-06
2.87919 1.39394 1.00002 1.61909e-05 -1.06813e-06
2.89933 1.39394 1.00001 1.31416e-05 -8.88411e-07
2.91946 1.39394 1.00001 1.02756e-05 -7.16914e-07
2.9396 1.39394 1.00001 7.55886e-06 -5.48499e-07
2.95973 1.39394 1.00001 4.96002e-06 -3.77423e-07
2.97987 1.39394 1.00001 2.44946e-06 -1.97129e-07
3 1.39394 1.00001 0 0

0 1.41414 1.02154 0 0
0.0201342 1.41414 1.02184 -0.000598426 0.00232957
0.0402685 1.41414 1.02222 -0.0011294 0.00464365
0.0604027 1.41414 1.02266 -0.00158193 0.00694242
0.0805369 1.41414 1.02317 -0.00194691 0.00922256
0.100671 1.41414 1.02373 -0.00221692 0.0114774
0.120805 1.41414 1.02433 -0.00238702 0.013698
0.14094 1.41414 1.02498 -0.00245468 0.0158741
0.161074 1.41414 1.02565 -0.00241975 0.0179946
0.181208 1.41414 1.02635 -0.00228427 0.0200489
0.201342 1.41414 1.02705 -0.00205209 0.0220266
0.221477 1.41414 1.02777 -0.00172851 0.0239188
0.241611 1.41414 1.02848 -0.00131988 0.0257175
0.261745 1.41414 1.02918 -0.000833226 0.0274164
0.281879 1.41414 1.02987 -0.000275939 0.0290103
0.302013 1.41414 1.03054 0.000344521 0.0304958
0.322148 1.41414 1.03118 0.00102083 0.0318703
0.342282 1.41414 1.0318 0.00174596 0.0331325
0.362416 1.41414 1.03239 0.00251329 0.034282
0.38255 1.41414 1.03295 0.0033167 0.0353189
0.402685 1.41414 1.03347 0.00415053 0.0362443
0.422819 1.41414 1.03395 0.00500966 0.0370592
0.442953 1.41414 1.03439 0.00588944 0.0377651
0.463087 1.41414 1.03479 0.00678565 0.0383637
0.483221 1.41414 1.03514 0.00769444 0.0388566
0.503356 1.41414 1.03545 0.00861231 0.0392453
0.52349 1.41414 1.03571 0.00953598 0.0395315
0.543624 1.41414 1.03592 0.0104623 0.0397163
0.563758 1.41414 1.03607 0.0113884 0.0398009
0.583893 1.41414 1.03618 0.0123111 0.0397863
0.604027 1.41414 1.03623 0.0132274 0.0396732
0.624161 1.41414 1.03622 0.0141342 0.0394623
0.644295 1.41414 1.03615 0.015028 0.0391542
0.66443 1.41414 1.03603 0.0159053 0.0387493
0.684564 1.41414 1.03585 0.0167619 0.0382484
0.704698 1.41414 1.0356 0.0175937 0.0376522
0.724832 1.41414 1.03529 0.0183958 0.0369619
0.744966 1.41414 1.03492 0.0191631 0.0361789
0.765101 1.41414 1.03449 0.0198903 0.0353056
0.785235 1.41414 1.034 0.0205715 0.0343448
0.805369 1.41414 1.03345 0.0212007 0.0333003
0.825503 1.41414 1.03284 0.0217716 0.0321771
0.845638 1.41414 1.03217 0.0222784 0.0309812
0.865772 1.41414 1.03145 0.022715 0.02972
0.885906 1.41414 1.03068 0.0230761 0.0284019
0.90604 1.41414 1.02987 0.023357 0.0270369
0.926174 1.41414 1.02902 0.023554 0.0256358
0.946309 1.41414 1.02813 0.0236647 0.0242104
0.966443 1.41414 1.02722 0.0236879 0.022773
0.986577 1.41414 1.02629 0.0236241 0.0213363
1.00671 1.41414 1.02535 0.0234753 0.0199126
1.02685 1.41414 1.0244 0.0232451 0.0185137
1.04698 1.41414 1.02345 0.0229386 0.0171505
1.06711 1.41414 1.02251 0.0225617 0.0158325
1.08725 1.41414 1.02157 0.0221216 0.0145677
1.10738 1.41414 1.02066 0.0216259 0.0133624
1.12752 1.41414 1.01976 0.0210824 0.0122215
1.14765 1.41414 1.01888 0.020499 0.0111478
1.16779 1.41414 1.01802 0.0198833 0.0101431
1.18792 1.41414 1.01719 0.0192426 0.00920753
1.20805 1.41414 1.01638 0.0185835 0.0083404
1.22819 1.41414 1.0156 0.0179121 0.00753993
1.24832 1.41414 1.01485 0.0172337 0.00680371
1.26846 1.41414 1.01412 0.0165532 0.0061288
1.28859 1.41414 1.01342 0.0158746 0.0055119
1.30872 1.41414 1.01274 0.0152013 0.00494951
1.32886 1.41414 1.01209 0.0145365 0.004438
1.34899 1.41414 1.01146 0.0138824 0.00397375
1.36913 1.41414 1.01086 0.0132412 0.00355321
1.38926 1.41414 1.01029 0.0126145 0.0031729
1.4094 1.41414 1.00973 0.0120036 0.00282953
1.42953 1.41414 1.0092 0.0114095 0.00251996
1.44966 1.41414 1.00869 0.010833 0.00224124
1.4698 1.41414 1.0082 0.0102747 0.00199063
1.48993 1.41414 1.00773 0.00973502 0.00176556
1.51007 1.41414 1.00729 0.00921419 0.00156366
1.5302 1.41414 1.00686 0.00871235 0.00138276
1.55034 1.41414 1.00645 0.00822955 0.00122086
1.57047 1.41414 1.00606 0.00776572 0.00107612
1.5906 1.41414 1.00569 0.00732074 0.00094687
1.61074 1.41414 1.00534 0.0068944 0.000831572
1.63087 1.41414 1.005 0.00648647 0.000728836
1.65101 1.41414 1.00468 0.00609664 0.000637395
1.67114 1.41414 1.00438 0.00572458 0.000556096
1.69128 1.41414 1.00409 0.00536992 0.000483895
1.71141 1.41414 1.00382 0.00503225 0.000419845
1.73154 1.41414 1.00356 0.00471117 0.000363088
1.75168 1.41414 1.00331 0.00440621 0.000312849
1.77181 1.41414 1.00308 0.00411691 0.000268429
1.79195 1.41414 1.00286 0.00384279 0.000229197
1.81208 1.41414 1.00266 0.00358336 0.000194586
1.83221 1.41414 1.00247 0.00333812 0.000164088
1.85235 1.41414 1.00229 0.00310655 0.000137248
1.87248 1.41414 1.00211 0.00288814 0.000113663
1.89262 1.41414 1.00196 0.00268237 9.29717e-05
1.91275 1.41414 1.00181 0.00248873 7.48578e-05
1.93289 1.41414 1.00167 0.0023067 5.90413e-05
1.95302 1.41414 1.00153 0.00213577 4.52768e-05
1.97315 1.41414 1.00141 0.00197544 3.33493e-05
1.99329 1.41414 1.0013 0.00182523 2.30698e-05
2.01342 1.41414 1.00119 0.00168465 1.42717e-05
2.03356 1.41414 1.00109 0.00155323 6.8071e-06
2.05369 1.41414 1.001 0.00143053 5.42791e-07
2.07383 1.41414 1.00092 0.0013161 -4.64252e-06
2.09396 1.41414 1.00084 0.00120952 -8.86079e-06
2.11409 1.41414 1.00077 0.00111038 -1.22165e-05
2.13423 1.41414 1.0007 0.00101827 -1.4808e-05
2.15436 1.41414 1.00064 0.000932802 -1.67278e-05
2.1745 1.41414 1.00058 0.00085361 -1.80632e-05
2.19463 1.41414 1.00053 0.000780324 -1.8896e-05
2.21477 1.41414 1.00048 0.000712593 -1.93025e-05
2.2349 1.41414 1.00044 0.000650076 -1.93527e-05
2.25503 1.41414 1.0004 0.000592445 -1.91108e-05
2.27517 1.41414 1.00036 0.000539384 -1.86344e-05
2.2953 1.41414 1.00033 0.00049059 -1.79749e-05
2.31544 1.41414 1.00029 0.000445775 -1.71775e-05
2.33557 1.41414 1.00027 0.000404661 -1.62813e-05
2.3557 1.41414 1.00024 0.000366986 -1.53198e-05
2.37584 1.41414 1.00022 0.0003325 -1.43211e-05
2.39597 1.41414 1.0002 0.000300968 -1.33086e-05
2.41611 1.41414 1.00018 0.000272166 -1.23012e-05
2.43624 1.41414 1.00016 0.000245886 -1.13139e-05
2.45638 1.41414 1.00014 0.000221929 -1.03586e-05
2.47651 1.41414 1.00013 0.000200111 -9.44394e-06
2.49664 1.41414 1.00012 0.000180259 -8.57619e-06
2.51678 1.41414 1.0001 0.000162212 -7.75951e-06
2.53691 1.41414 1.00009 0.000145819 -6.99632e-06
2.55705 1.41414 1.00008 0.00013094 -6.28759e-06
2.57718 1.41414 1.00008 0.000117444 -5.63318e-06
2.59732 1.41414 1.00007 0.00010521 -5.03203e-06
2.61745 1.41414 1.00006 9.41263e-05 -4.48239e-06
2.63758 1.41414 1.00005 8.40882e-05 -3.98202e-06
2.65772 1.41414 1.00005 7.49995e-05 -3.52831e-06
2.67785 1.41414 1.00004 6.67707e-05 -3.11838e-06
2.69799 1.41414 1.00004 5.93194e-05 -2.74922e-06
2.71812 1.41414 1.00003 5.25689e-05 -2.41774e-06
2.73826 1.41414 1.00003 4.64488e-05 -2.12084e-06
2.75839 1.41414 1.00003 4.08934e-05 -1.85542e-06
2.77852 1.41414 1.00003 3.58421e-05 -1.61842e-06
2.79866 1.41414 1.00002 3.1239e-05 -1.40683e-06
2.81879 1.41414 1.00002 2.70318e-05 -1.21768e-06
2.83893 1.41414 1.00002 2.31722e-05 -1.04801e-06
2.85906 1.41414 1.00002 1.96152e-05 -8.94837e-07
2.87919 1.41414 1.00002 1.6319e-05 -7.55126e-07
2.89933 1.41414 1.00001 1.32444e-05 -6.25699e-07
2.91946 1.41414 1.00001 1.03551e-05 -5.03162e-07
2.9396 1.41414 1.00001 7.61678e-06 -3.83805e-07
2.95973 1.41414 1.00001 4.99767e-06 -2.63466e-07
2.97987 1.41414 1.00001 2.4679e-06 -1.37384e-07
3 1.41414 1.00001 0 0

0 1.43434 1.0214 0 0
0.0201342 1.43434 1.02171 -0.000598402 0.00226364
0.0402685 1.43434 1.02209 -0.00112961 0.00450194
0.0604027 1.43434 1.02251 -0.00158458 0.00671604
0.0805369 1.43434 1.02299 -0.00195563 0.00890402
0.100671 1.43434 1.02352 -0.00223641 0.0110611
0.120805 1.43434 1.02408 -0.00242249 0.0131806
0.14094 1.43434 1.02469 -0.00251141 0.0152544
0.161074 1.43434 1.02531 -0.0025027 0.0172735
0.181208 1.43434 1.02596 -0.00239775 0.0192291
0.201342 1.43434 1.02662 -0.00219957 0.0211125
0.221477 1.43434 1.02729 -0.00191249 0.0229157
0.241611 1.43434 1.02795 -0.00154187 0.024632
0.261745 1.43434 1.02861 -0.0010938 0.0262554
0.281879 1.43434 1.02925 -0.000574795 0.0277811
0.302013 1.43434 1.02988 8.41242e-06 0.0292057
0.322148 1.43434 1.03049 0.000649098 0.0305265
0.342282 1.43434 1.03108 0.00134069 0.031742
0.362416 1.43434 1.03164 0.00207689 0.0328514
0.38255 1.43434 1.03216 0.00285173 0.0338545
0.402685 1.43434 1.03266 0.00365965 0.0347517
0.422819 1.43434 1.03311 0.00449549 0.0355439
0.442953 1.43434 1.03353 0.00535447 0.036232
0.463087 1.43434 1.03391 0.00623218 0.0368174
0.483221 1.43434 1.03424 0.00712456 0.0373014
0.503356 1.43434 1.03453 0.00802781 0.0376852
0.52349 1.43434 1.03478 0.00893835 0.0379702
0.543624 1.43434 1.03497 0.00985277 0.0381576
0.563758 1.43434 1.03512 0.0107678 0.0382484
0.583893 1.43434 1.03522 0.01168 0.0382435
0.604027 1.43434 1.03526 0.0125862 0.0381439
0.624161 1.43434 1.03525 0.0134828 0.0379502
0.644295 1.43434 1.03518 0.0143664 0.0376633
0.66443 1.43434 1.03506 0.015233 0.0372838
0.684564 1.43434 1.03488 0.0160787 0.0368127
0.704698 1.43434 1.03465 0.0168991 0.0362511
0.724832 1.43434 1.03435 0.0176895 0.0356004
0.744966 1.43434 1.034 0.0184451 0.0348623
0.765101 1.43434 1.03358 0.0191605 0.0340395
0.785235 1.43434 1.03312 0.0198304 0.0331348
0.805369 1.43434 1.03259 0.0204493 0.0321523
0.825503 1.43434 1.03201 0.0210115 0.0310969
0.845638 1.43434 1.03138 0.0215116 0.0299742
0.865772 1.43434 1.0307 0.0219443 0.0287913
0.885906 1.43434 1.02997 0.022305 0.0275562
0.90604 1.43434 1.02921 0.0225896 0.0262776
0.926174 1.43434 1.0284 0.0227949 0.0249655
0.946309 1.43434 1.02757 0.0229189 0.0236305
0.966443 1.43434 1.02671 0.0229607 0.0222835
0.986577 1.43434 1.02583 0.0229208 0.0209356
1.00671 1.43434 1.02494 0.0228009 0.0195978
1.02685 1.43434 1.02404 0.0226041 0.0182807
1.04698 1.43434 1.02313 0.0223348 0.0169938
1.06711 1.43434 1.02223 0.0219982 0.0157457
1.08725 1.43434 1.02134 0.0216006 0.0145439
1.10738 1.43434 1.02046 0.0211485 0.0133944
1.12752 1.43434 1.01959 0.0206489 0.0123015
1.14765 1.43434 1.01874 0.0201089 0.0112687
1.16779 1.43434 1.01791 0.0195354 0.0102978
1.18792 1.43434 1.0171 0.0189351 0.00938945
1.20805 1.43434 1.01631 0.0183142 0.00854351
1.22819 1.43434 1.01555 0.0176783 0.00775885
1.24832 1.43434 1.01481 0.0170328 0.00703367
1.26846 1.43434 1.01409 0.0163823 0.00636568
1.28859 1.43434 1.0134 0.0157307 0.0057522
1.30872 1.43434 1.01273 0.0150818 0.00519027
1.32886 1.43434 1.01209 0.0144386 0.0046768
1.34899 1.43434 1.01147 0.0138036 0.00420863
1.36913 1.43434 1.01087 0.0131792 0.00378259
1.38926 1.43434 1.0103 0.012567 0.00339559
1.4094 1.43434 1.00975 0.0119687 0.00304461
1.42953 1.43434 1.00922 0.0113854 0.00272678
1.44966 1.43434 1.00871 0.010818 0.00243936
1.4698 1.43434 1.00822 0.0102675 0.00217976
1.48993 1.43434 1.00775 0.00973428 0.00194559
1.51007 1.43434 1.0073 0.0092188 0.00173459
1.5302 1.43434 1.00688 0.00872135 0.00154467
1.55034 1.43434 1.00647 0.00824207 0.0013739
1.57047 1.43434 1.00608 0.00778103 0.0012205
1.5906 1.43434 1.00571 0.0073382 0.00108285
1.61074 1.43434 1.00535 0.00691346 0.000959447
1.63087 1.43434 1.00502 0.00650667 0.000848913
1.65101 1.43434 1.0047 0.00611758 0.000750001
1.67114 1.43434 1.00439 0.00574592 0.000661567
1.69128 1.43434 1.0041 0.00539138 0.000582572
1.71141 1.43434 1.00383 0.0050536 0.000512067
1.73154 1.43434 1.00357 0.00473221 0.000449195
1.75168 1.43434 1.00333 0.00442678 0.000393176
1.77181 1.43434 1.00309 0.00413689 0.000343303
1.79195 1.43434 1.00288 0.00386209 0.000298937
1.81208 1.43434 1.00267 0.00360189 0.000259504
1.83221 1.43434 1.00248 0.00335583 0.000224485
1.85235 1.43434 1.0023 0.0031234 0.000193413
1.87248 1.43434 1.00212 0.00290412 0.000165873
1.89262 1.43434 1.00196 0.00269746 0.000141491
1.91275 1.43434 1.00181 0.00250294 0.000119937
1.93289 1.43434 1.00167 0.00232005 0.000100917
1.95302 1.43434 1.00154 0.00214828 8.41692e-05
1.97315 1.43434 1.00142 0.00198715 6.94632e-05
1.99329 1.43434 1.00131 0.00183617 5.65941e-05
2.01342 1.43434 1.0012 0.00169485 4.53799e-05
2.03356 1.43434 1.0011 0.00156275 3.56574e-05
2.05369 1.43434 1.00101 0.0014394 2.72797e-05
2.07383 1.43434 1.00092 0.00132436 2.01129e-05
2.09396 1.43434 1.00084 0.00121721 1.40344e-05
2.11409 1.43434 1.00077 0.00111753 8.93044e-06
2.13423 1.43434 1.0007 0.00102492 4.69518e-06
2.15436 1.43434 1.00064 0.000938979 1.22993e-06
2.1745 1.43434 1.00059 0.00085934 -1.55752e-06
2.19463 1.43434 1.00053 0.000785632 -3.75298e-06
2.21477 1.43434 1.00048 0.000717501 -5.43597e-06
2.2349 1.43434 1.00044 0.000654606 -6.67969e-06
2.25503 1.43434 1.0004 0.000596617 -7.55095e-06
2.27517 1.43434 1.00036 0.000543218 -8.11023e-06
2.2953 1.43434 1.00033 0.000494106 -8.41175e-06
2.31544 1.43434 1.0003 0.00044899 -8.5036e-06
2.33557 1.43434 1.00027 0.000407594 -8.42803e-06
2.3557 1.43434 1.00024 0.000369655 -8.22175e-06
2.37584 1.43434 1.00022 0.000334923 -7.91632e-06
2.39597 1.43434 1.0002 0.000303162 -7.53852e-06
2.41611 1.43434 1.00018 0.000274148 -7.11083e-06
2.43624 1.43434 1.00016 0.000247671 -6.65189e-06
2.45638 1.43434 1.00014 0.000223533 -6.17688e-06
2.47651 1.43434 1.00013 0.000201549 -5.69799e-06
2.49664 1.43434 1.00012 0.000181546 -5.22482e-06
2.51678 1.43434 1.0001 0.00016336 -4.76473e-06
2.53691 1.43434 1.00009 0.000146841 -4.32321e-06
2.55705 1.43434 1.00008 0.000131847 -3.90417e-06
2.57718 1.43434 1.00008 0.000118248 -3.5102e-06
2.59732 1.43434 1.00007 0.000105921 -3.14285e-06
2.61745 1.43434 1.00006 9.47539e-05 -2.8028e-06
2.63758 1.43434 1.00005 8.46407e-05 -2.49005e-06
2.65772 1.43434 1.00005 7.54847e-05 -2.2041e-06
2.67785 1.43434 1.00004 6.71958e-05 -1.94401e-06
2.69799 1.43434 1.00004 5.96908e-05 -1.7086e-06
2.71812 1.43434 1.00003 5.28926e-05 -1.49644e-06
2.73826 1.43434 1.00003 4.67298e-05 -1.30598e-06
2.75839 1.43434 1.00003 4.11366e-05 -1.1356e-06
2.77852 1.43434 1.00003 3.60517e-05 -9.83586e-07
2.79866 1.43434 1.00002 3.14186e-05 -8.48235e-07
2.81879 1.43434 1.00002 2.71847e-05 -7.27809e-07
2.83893 1.43434 1.00002 2.33012e-05 -6.20558e-07
2.85906 1.43434 1.00002 1.97228e-05 -5.24703e-07
2.87919 1.43434 1.00002 1.64073e-05 -4.38413e-07
2.89933 1.43434 1.00001 1.33152e-05 -3.59767e-07
2.91946 1.43434 1.00001 1.04097e-05 -2.86704e-07
2.9396 1.43434 1.00001 7.65655e-06 -2.1696e-07
2.95973 1.43434 1.00001 5.02352e-06 -1.4798e-07
2.97987 1.43434 1.00001 2.48056e-06 -7.68159e-08
3 1.43434 1.00001 0 0

0 1.45455 1.02123 0 0
0.0201342 1.45455 1.02154 -0.000599014 0.00219717
0.0402685 1.45455 1.02191 -0.00113079 0.00436095
0.0604027 1.45455 1.02232 -0.00158795 0.00649309
0.0805369 1.45455 1.02278 -0.00196405 0.00859278
0.100671 1.45455 1.02328 -0.00225368 0.0106568
0.120805 1.45455 1.02382 -0.00245297 0.01268
0.14094 1.45455 1.02438 -0.00255963 0.0146561
0.161074 1.45455 1.02497 -0.00257303 0.0165782
0.181208 1.45455 1.02558 -0.00249414 0.0184386
0.201342 1.45455 1.0262 -0.00232533 0.0202304
0.221477 1.45455 1.02682 -0.00207019 0.0219467
0.241611 1.45455 1.02744 -0.00173329 0.0235815
0.261745 1.45455 1.02806 -0.00131992 0.0251295
0.281879 1.45455 1.02867 -0.000835865 0.0265864
0.302013 1.45455 1.02927 -0.000287197 0.0279488
0.322148 1.45455 1.02984 0.000319909 0.0292141
0.342282 1.45455 1.0304 0.000979319 0.0303806
0.362416 1.45455 1.03092 0.00168505 0.0314473
0.38255 1.45455 1.03142 0.00243137 0.0324138
0.402685 1.45455 1.03189 0.0032128 0.0332802
0.422819 1.45455 1.03232 0.00402421 0.0340468
0.442953 1.45455 1.03272 0.00486077 0.0347145
0.463087 1.45455 1.03308 0.00571795 0.0352842
0.483221 1.45455 1.03339 0.00659152 0.0357569
0.503356 1.45455 1.03367 0.00747746 0.0361338
0.52349 1.45455 1.0339 0.00837198 0.0364159
0.543624 1.45455 1.03408 0.0092714 0.0366042
0.563758 1.45455 1.03422 0.0101722 0.0366999
0.583893 1.45455 1.03431 0.0110707 0.0367038
0.604027 1.45455 1.03435 0.0119636 0.0366168
0.624161 1.45455 1.03433 0.012847 0.0364397
0.644295 1.45455 1.03427 0.0137174 0.0361734
0.66443 1.45455 1.03415 0.0145707 0.0358189
0.684564 1.45455 1.03397 0.0154029 0.0353773
0.704698 1.45455 1.03375 0.0162096 0.0348499
0.724832 1.45455 1.03346 0.0169863 0.0342382
0.744966 1.45455 1.03312 0.0177283 0.0335444
0.765101 1.45455 1.03273 0.0184306 0.0327709
0.785235 1.45455 1.03228 0.0190882 0.0319211
0.805369 1.45455 1.03178 0.0196958 0.0309988
0.825503 1.45455 1.03123 0.0202485 0.0300087
0.845638 1.45455 1.03063 0.0207412 0.0289564
0.865772 1.45455 1.02998 0.0211693 0.0278484
0.885906 1.45455 1.02929 0.0215288 0.0266921
0.90604 1.45455 1.02857 0.021816 0.0254955
0.926174 1.45455 1.02781 0.0220284 0.0242677
0.946309 1.45455 1.02702 0.022164 0.023018
0.966443 1.45455 1.0262 0.0222222 0.0217563
0.986577 1.45455 1.02537 0.0222034 0.0204924
1.00671 1.45455 1.02452 0.0221092 0.0192362
1.02685 1.45455 1.02366 0.0219424 0.0179969
1.04698 1.45455 1.0228 0.0217066 0.0167832
1.06711 1.45455 1.02194 0.0214065 0.015603
1.08725 1.45455 1.02109 0.0210475 0.0144628
1.10738 1.45455 1.02024 0.0206354 0.0133685
1.12752 1.45455 1.0194 0.0201766 0.0123242
1.14765 1.45455 1.01858 0.0196771 0.0113334
1.16779 1.45455 1.01777 0.0191435 0.0103981
1.18792 1.45455 1.01699 0.0185817 0.00951928
1.20805 1.45455 1.01622 0.0179975 0.00869727
1.22819 1.45455 1.01547 0.0173965 0.00793141
1.24832 1.45455 1.01475 0.0167834 0.00722046
1.26846 1.45455 1.01404 0.0161629 0.00656265
1.28859 1.45455 1.01336 0.015539 0.00595582
1.30872 1.45455 1.0127 0.0149152 0.00539754
1.32886 1.45455 1.01207 0.0142946 0.00488517
1.34899 1.45455 1.01145 0.0136801 0.00441598
1.36913 1.45455 1.01086 0.0130738 0.00398719
1.38926 1.45455 1.01029 0.0124778 0.00359603
1.4094 1.45455 1.00974 0.0118938 0.00323979
1.42953 1.45455 1.00921 0.011323 0.00291584
1.44966 1.45455 1.00871 0.0107666 0.00262167
1.4698 1.45455 1.00822 0.0102256 0.00235489
1.48993 1.45455 1.00776 0.00970068 0.00211322
1.51007 1.45455 1.00731 0.00919233 0.00189455
1.5302 1.45455 1.00688 0.00870097 0.0016969
1.55034 1.45455 1.00648 0.0082269 0.00151842
1.57047 1.45455 1.00609 0.00777027 0.00135741
1.5906 1.45455 1.00572 0.00733115 0.00121228
1.61074 1.45455 1.00536 0.00690952 0.00108158
1.63087 1.45455 1.00502 0.00650529 0.000963966
1.65101 1.45455 1.0047 0.0061183 0.000858222
1.67114 1.45455 1.0044 0.00574835 0.000763216
1.69128 1.45455 1.00411 0.00539517 0.000677922
1.71141 1.45455 1.00384 0.00505845 0.0006014
1.73154 1.45455 1.00358 0.00473786 0.000532796
1.75168 1.45455 1.00333 0.00443303 0.000471331
1.77181 1.45455 1.0031 0.00414354 0.000416297
1.79195 1.45455 1.00288 0.00386898 0.000367052
1.81208 1.45455 1.00268 0.00360891 0.000323016
1.83221 1.45455 1.00248 0.00336286 0.000283662
1.85235 1.45455 1.0023 0.00313036 0.000248519
1.87248 1.45455 1.00213 0.00291094 0.000217159
1.89262 1.45455 1.00197 0.00270409 0.000189201
1.91275 1.45455 1.00182 0.00250934 0.0001643
1.93289 1.45455 1.00168 0.00232619 0.000142153
1.95302 1.45455 1.00155 0.00215415 0.000122483
1.97315 1.45455 1.00142 0.00199274 0.000105049
1.99329 1.45455 1.00131 0.00184148 8.96308e-05
2.01342 1.45455 1.0012 0.00169989 7.60336e-05
2.03356 1.45455 1.0011 0.00156751 6.40815e-05
2.05369 1.45455 1.00101 0.0014439 5.36155e-05
2.07383 1.45455 1.00093 0.00132861 4.44908e-05
2.09396 1.45455 1.00085 0.00122122 3.65749e-05
2.11409 1.45455 1.00078 0.00112131 2.97456e-05
2.13423 1.45455 1.00071 0.00102848 2.389e-05
2.15436 1.45455 1.00065 0.000942328 1.89032e-05
2.1745 1.45455 1.00059 0.000862484 1.46881e-05
2.19463 1.45455 1.00054 0.000788577 1.11544e-05
2.21477 1.45455 1.00049 0.000720255 8.21888e-06
2.2349 1.45455 1.00044 0.000657173 5.80505e-06
2.25503 1.45455 1.0004 0.000599004 3.84294e-06
2.27517 1.45455 1.00036 0.000545431 2.26902e-06
2.2953 1.45455 1.00033 0.000496151 1.02605e-06
2.31544 1.45455 1.0003 0.000450874 6.28216e-08
2.33557 1.45455 1.00027 0.000409323 -6.66082e-07
2.3557 1.45455 1.00024 0.000371237 -1.20064e-06
2.37584 1.45455 1.00022 0.000336366 -1.57573e-06
2.39597 1.45455 1.0002 0.000304473 -1.82154e-06
2.41611 1.45455 1.00018 0.000275336 -1.96397e-06
2.43624 1.45455 1.00016 0.000248743 -2.02504e-06
2.45638 1.45455 1.00015 0.000224498 -2.02332e-06
2.47651 1.45455 1.00013 0.000202415 -1.97429e-06
2.49664 1.45455 1.00012 0.000182319 -1.89075e-06
2.51678 1.45455 1.00011 0.00016405 -1.78317e-06
2.53691 1.45455 1.00009 0.000147454 -1.65997e-06
2.55705 1.45455 1.00008 0.000132391 -1.52787e-06
2.57718 1.45455 1.00008 0.000118728 -1.39215e-06
2.59732 1.45455 1.00007 0.000106344 -1.25685e-06
2.61745 1.45455 1.00006 9.51249e-05 -1.125e-06
2.63758 1.45455 1.00005 8.49656e-05 -9.98796e-07
2.65772 1.45455 1.00005 7.57683e-05 -8.79771e-07
2.67785 1.45455 1.00004 6.74427e-05 -7.68912e-07
2.69799 1.45455 1.00004 5.9905e-05 -6.66781e-07
2.71812 1.45455 1.00003 5.30779e-05 -5.7361e-07
2.73826 1.45455 1.00003 4.68896e-05 -4.8938e-07
2.75839 1.45455 1.00003 4.12737e-05 -4.13884e-07
2.77852 1.45455 1.00003 3.6169e-05 -3.46782e-07
2.79866 1.45455 1.00002 3.15183e-05 -2.87638e-07
2.81879 1.45455 1.00002 2.72689e-05 -2.35949e-07
2.83893 1.45455 1.00002 2.33718e-05 -1.91167e-07
2.85906 1.45455 1.00002 1.97813e-05 -1.52707e-07
2.87919 1.45455 1.00002 1.6455e-05 -1.19952e-07
2.89933 1.45455 1.00001 1.33532e-05 -9.2237e-08
2.91946 1.45455 1.00001 1.0439e-05 -6.88414e-08
2.9396 1.45455 1.00001 7.67784e-06 -4.89543e-08
2.95973 1.45455 1.00001 5.03736e-06 -3.16378e-08
2.97987 1.45455 1.00001 2.48735e-06 -1.57747e-08
3 1.45455 1.00001 0 0

0 1.47475 1.02101 0 0
0.0201342 1.47475 1.02133 -0.000600218 0.00213006
0.0402685 1.47475 1.0217 -0.00113296 0.00422016
0.0604027 1.47475 1.0221 -0.00159223 0.00627246
0.0805369 1.47475 1.02255 -0.00197268 0.00828695
0.100671 1.47475 1.02302 -0.00226976 0.0102616
0.120805 1.47475 1.02353 -0.00248014 0.0121926
0.14094 1.47475 1.02407 -0.00260176 0.0140753
0.161074 1.47475 1.02462 -0.00263397 0.015904
0.181208 1.47475 1.0252 -0.00257744 0.0176728
0.201342 1.47475 1.02578 -0.00243411 0.0193757
0.221477 1.47475 1.02637 -0.002207 0.0210071
0.241611 1.47475 1.02696 -0.00190004 0.0225616
0.261745 1.47475 1.02754 -0.00151788 0.0240348
0.281879 1.47475 1.02812 -0.00106567 0.0254226
0.302013 1.47475 1.02868 -0.000548926 0.0267221
0.322148 1.47475 1.02922 2.66827e-05 0.0279306
0.342282 1.47475 1.02975 0.000655427 0.0290465
0.362416 1.47475 1.03025 0.00133164 0.0300686
0.38255 1.47475 1.03072 0.00204981 0.0309964
0.402685 1.47475 1.03116 0.00280461 0.0318296
0.422819 1.47475 1.03158 0.00359095 0.0325685
0.442953 1.47475 1.03195 0.00440401 0.0332135
0.463087 1.47475 1.03229 0.00523919 0.0337653
0.483221 1.47475 1.03259 0.00609213 0.0342248
0.503356 1.47475 1.03285 0.00695869 0.0345929
0.52349 1.47475 1.03307 0.00783488 0.0348704
0.543624 1.47475 1.03325 0.00871687 0.0350584
0.563758 1.47475 1.03337 0.00960088 0.0351577
0.583893 1.47475 1.03345 0.0104832 0.0351693
0.604027 1.47475 1.03349 0.0113601 0.035094
0.624161 1.47475 1.03347 0.0122279 0.0349328
0.644295 1.47475 1.0334 0.0130826 0.0346867
0.66443 1.47475 1.03329 0.0139203 0.0343566
0.684564 1.47475 1.03312 0.0147369 0.0339439
0.704698 1.47475 1.0329 0.0155282 0.03345
0.724832 1.47475 1.03262 0.0162896 0.0328767
0.744966 1.47475 1.03229 0.0170167 0.0322261
0.765101 1.47475 1.03192 0.0177047 0.0315009
0.785235 1.47475 1.03149 0.0183489 0.0307044
0.805369 1.47475 1.03101 0.0189445 0.0298403
0.825503 1.47475 1.03048 0.0194869 0.0289132
0.845638 1.47475 1.02991 0.0199717 0.0279284
0.865772 1.47475 1.0293 0.0203946 0.0268919
0.885906 1.47475 1.02864 0.0207521 0.0258106
0.90604 1.47475 1.02795 0.021041 0.0246919
0.926174 1.47475 1.02723 0.0212589 0.0235439
0.946309 1.47475 1.02648 0.0214045 0.022375
0.966443 1.47475 1.02571 0.021477 0.0211941
0.986577 1.47475 1.02491 0.021477 0.0200098
1.00671 1.47475 1.02411 0.0214057 0.0188311
1.02685 1.47475 1.02329 0.0212656 0.0176661
1.04698 1.47475 1.02246 0.02106 0.0165228
1.06711 1.47475 1.02164 0.0207929 0.0154081
1.08725 1.47475 1.02082 0.0204691 0.0143282
1.10738 1.47475 1.02 0.0200938 0.0132884
1.12752 1.47475 1.01919 0.0196725 0.0122928
1.14765 1.47475 1.0184 0.0192109 0.0113447
1.16779 1.47475 1.01762 0.0187146 0.0104463
1.18792 1.47475 1.01685 0.0181894 0.00959895
1.20805 1.47475 1.0161 0.0176405 0.00880312
1.22819 1.47475 1.01537 0.0170731 0.0080586
1.24832 1.47475 1.01466 0.0164919 0.00736461
1.26846 1.47475 1.01397 0.0159012 0.00671982
1.28859 1.47475 1.0133 0.0153049 0.00612254
1.30872 1.47475 1.01265 0.0147067 0.00557078
1.32886 1.47475 1.01202 0.0141095 0.00506231
1.34899 1.47475 1.01142 0.0135163 0.0045948
1.36913 1.47475 1.01083 0.0129293 0.00416582
1.38926 1.47475 1.01027 0.0123508 0.00377292
1.4094 1.47475 1.00972 0.0117824 0.00341368
1.42953 1.47475 1.0092 0.0112256 0.00308572
1.44966 1.47475 1.00869 0.0106817 0.00278674
1.4698 1.47475 1.00821 0.0101518 0.00251453
1.48993 1.47475 1.00775 0.00963661 0.00226698
1.51007 1.47475 1.0073 0.00913691 0.00204212
1.5302 1.47475 1.00688 0.00865318 0.00183807
1.55034 1.47475 1.00647 0.0081858 0.00165308
1.57047 1.47475 1.00608 0.00773503 0.00148553
1.5906 1.47475 1.00571 0.00730103 0.0013339
1.61074 1.47475 1.00536 0.00688386 0.00119678
1.63087 1.47475 1.00502 0.00648351 0.00107288
1.65101 1.47475 1.0047 0.00609988 0.000960998
1.67114 1.47475 1.0044 0.00573284 0.000860045
1.69128 1.47475 1.00411 0.00538216 0.000769008
1.71141 1.47475 1.00384 0.00504759 0.000686964
1.73154 1.47475 1.00358 0.00472885 0.000613067
1.75168 1.47475 1.00333 0.00442558 0.000546544
1.77181 1.47475 1.0031 0.00413743 0.000486693
1.79195 1.47475 1.00288 0.00386401 0.000432872
1.81208 1.47475 1.00268 0.00360489 0.000384499
1.83221 1.47475 1.00248 0.00335964 0.000341045
1.85235 1.47475 1.0023 0.00312781 0.000302033
1.87248 1.47475 1.00213 0.00290895 0.000267031
1.89262 1.47475 1.00197 0.00270257 0.000235647
1.91275 1.47475 1.00182 0.0025082 0.000207532
1.93289 1.47475 1.00168 0.00232537 0.000182369
1.95302 1.47475 1.00155 0.0021536 0.000159874
1.97315 1.47475 1.00143 0.00199241 0.000139793
1.99329 1.47475 1.00131 0.00184133 0.000121897
2.01342 1.47475 1.00121 0.00169989 0.000105978
2.03356 1.47475 1.00111 0.00156765 9.1851e-05
2.05369 1.47475 1.00101 0.00144415 7.93455e-05
2.07383 1.47475 1.00093 0.00132896 6.83077e-05
2.09396 1.47475 1.00085 0.00122165 5.85963e-05
2.11409 1.47475 1.00078 0.0011218 5.00816e-05
2.13423 1.47475 1.00071 0.00102902 4.26439e-05
2.15436 1.47475 1.00065 0.000942914 3.61727e-05
2.1745 1.47475 1.00059 0.000863099 3.05655e-05
2.19463 1.47475 1.00054 0.000789212 2.5728e-05
2.21477 1.47475 1.00049 0.000720898 2.15729e-05
2.2349 1.47475 1.00044 0.000657816 1.80203e-05
2.25503 1.47475 1.0004 0.000599639 1.49968e-05
2.27517 1.47475 1.00037 0.00054605 1.24357e-05
2.2953 1.47475 1.00033 0.000496748 1.02767e-05
2.31544 1.47475 1.0003 0.000451444 8.46538e-06
2.33557 1.47475 1.00027 0.000409864 6.95314e-06
2.3557 1.47475 1.00025 0.000371745 5.69679e-06
2.37584 1.47475 1.00022 0.000336838 4.65819e-06
2.39597 1.47475 1.0002 0.000304909 3.80386e-06
2.41611 1.47475 1.00018 0.000275735 3.10462e-06
2.43624 1.47475 1.00016 0.000249106 2.53517e-06
2.45638 1.47475 1.00015 0.000224826 2.07374e-06
2.47651 1.47475 1.00013 0.000202708 1.70169e-06
2.49664 1.47475 1.00012 0.000182581 1.40315e-06
2.51678 1.47475 1.00011 0.000164281 1.16473e-06
2.53691 1.47475 1.00009 0.000147657 9.75153e-07
2.55705 1.47475 1.00008 0.000132568 8.25003e-07
2.57718 1.47475 1.00008 0.000118882 7.06466e-07
2.59732 1.47475 1.00007 0.000106476 6.1309e-07
2.61745 1.47475 1.00006 9.52378e-05 5.39583e-07
2.63758 1.47475 1.00005 8.50613e-05 4.81625e-07
2.65772 1.47475 1.00005 7.58488e-05 4.35712e-07
2.67785 1.47475 1.00004 6.75099e-05 3.99015e-07
2.69799 1.47475 1.00004 5.99606e-05 3.69255e-07
2.71812 1.47475 1.00003 5.31235e-05 3.446e-07
2.73826 1.47475 1.00003 4.69267e-05 3.23576e-07
2.75839 1.47475 1.00003 4.13036e-05 3.04987e-07
2.77852 1.47475 1.00003 3.61928e-05 2.87853e-07
2.79866 1.47475 1.00002 3.15371e-05 2.7135e-07
2.81879 1.47475 1.00002 2.72836e-05 2.54766e-07
2.83893 1.47475 1.00002 2.33831e-05 2.3746e-07
2.85906 1.47475 1.00002 1.979e-05 2.18834e-07
2.87919 1.47475 1.00002 1.64615e-05 1.98302e-07
2.89933 1.47475 1.00001 1.33581e-05 1.75271e-07
2.91946 1.47475 1.00001 1.04426e-05 1.49127e-07
2.9396 1.47475 1.00001 7.68035e-06 1.19227e-07
2.95973 1.47475 1.00001 5.03897e-06 8.48876e-08
2.97987 1.47475 1.00001 2.48816e-06 4.53933e-08
3 1.47475 1.00001 0 0

0 1.49495 1.02077 0 0
0.0201342 1.49495 1.0211 -0.000601961 0.00206225
0.0402685 1.49495 1.02146 -0.00113607 0.00407922
0.0604027 1.49495 1.02186 -0.00159751 0.00605332
0.0805369 1.49495 1.02229 -0.00198188 0.00798513
0.100671 1.49495 1.02275 -0.0022854 0.00987349
0.120805 1.49495 1.02323 -0.00250526 0.0117159
0.14094 1.49495 1.02374 -0.00263966 0.0135086
0.161074 1.49495 1.02427 -0.002688 0.0152474
0.181208 1.49495 1.02482 -0.0026508 0.0169276
0.201342 1.49495 1.02537 -0.00252969 0.0185442
0.221477 1.49495 1.02593 -0.00232726 0.0200926
0.241611 1.49495 1.02649 -0.00204694 0.0215683
0.261745 1.49495 1.02704 -0.00169286 0.0229674
0.281879 1.49495 1.02759 -0.00126966 0.0242865
0.302013 1.49495 1.02812 -0.000782347 0.0255227
0.322148 1.49495 1.02864 -0.000236178 0.0266737
0.342282 1.49495 1.02914 0.000363496 0.0277378
0.362416 1.49495 1.02961 0.00101131 0.028714
0.38255 1.49495 1.03006 0.00170197 0.0296013
0.402685 1.49495 1.03048 0.00243032 0.0303996
0.422819 1.49495 1.03087 0.00319135 0.0311089
0.442953 1.49495 1.03123 0.00398026 0.0317294
0.463087 1.49495 1.03155 0.00479243 0.0322616
0.483221 1.49495 1.03184 0.00562345 0.0327062
0.503356 1.49495 1.03209 0.00646906 0.0330639
0.52349 1.49495 1.03229 0.00732518 0.0333355
0.543624 1.49495 1.03246 0.0081878 0.0335217
0.563758 1.49495 1.03257 0.00905305 0.0336236
0.583893 1.49495 1.03265 0.00991707 0.0336419
0.604027 1.49495 1.03268 0.010776 0.0335775
0.624161 1.49495 1.03266 0.011626 0.0334314
0.644295 1.49495 1.03259 0.0124632 0.0332047
0.66443 1.49495 1.03247 0.0132836 0.0328984
0.684564 1.49495 1.03231 0.014083 0.0325139
0.704698 1.49495 1.03209 0.0148572 0.0320528
0.724832 1.49495 1.03183 0.0156021 0.0315169
0.744966 1.49495 1.03151 0.0163131 0.0309085
0.765101 1.49495 1.03115 0.0169859 0.0302302
0.785235 1.49495 1.03074 0.017616 0.0294852
0.805369 1.49495 1.03028 0.0181989 0.0286773
0.825503 1.49495 1.02978 0.0187305 0.0278108
0.845638 1.49495 1.02923 0.0192067 0.0268907
0.865772 1.49495 1.02865 0.0196238 0.0259226
0.885906 1.49495 1.02802 0.0199785 0.0249128
0.90604 1.49495 1.02737 0.020268 0.0238681
0.926174 1.49495 1.02668 0.0204904 0.0227958
0.946309 1.49495 1.02596 0.0206443 0.0217035
0.966443 1.49495 1.02522 0.0207293 0.0205992
0.986577 1.49495 1.02447 0.0207457 0.0194906
1.00671 1.49495 1.02369 0.0206948 0.0183856
1.02685 1.49495 1.02291 0.0205786 0.0172917
1.04698 1.49495 1.02212 0.0204001 0.0162159
1.06711 1.49495 1.02133 0.0201629 0.0151647
1.08725 1.49495 1.02054 0.0198711 0.0141435
1.10738 1.49495 1.01975 0.0195294 0.0131575
1.12752 1.49495 1.01897 0.0191428 0.0122104
1.14765 1.49495 1.0182 0.0187163 0.0113055
1.16779 1.49495 1.01744 0.0182551 0.010445
1.18792 1.49495 1.0167 0.0177645 0.00963051
1.20805 1.49495 1.01597 0.0172493 0.00886268
1.22819 1.49495 1.01526 0.0167143 0.00814163
1.24832 1.49495 1.01456 0.016164 0.00746694
1.26846 1.49495 1.01388 0.0156025 0.00683766
1.28859 1.49495 1.01322 0.0150338 0.00625249
1.30872 1.49495 1.01258 0.0144612 0.00570981
1.32886 1.49495 1.01196 0.0138878 0.0052078
1.34899 1.49495 1.01136 0.0133165 0.00474446
1.36913 1.49495 1.01078 0.0127497 0.00431769
1.38926 1.49495 1.01023 0.0121895 0.00392534
1.4094 1.49495 1.00969 0.0116378 0.00356525
1.42953 1.49495 1.00917 0.0110961 0.0032353
1.44966 1.49495 1.00867 0.010566 0.00293339
1.4698 1.49495 1.00819 0.0100484 0.00265749
1.48993 1.49495 1.00773 0.00954436 0.00240568
1.51007 1.49495 1.00728 0.00905464 0.0021761
1.5302 1.49495 1.00686 0.00857985 0.001967
1.55034 1.49495 1.00646 0.00812047 0.00177674
1.57047 1.49495 1.00607 0.00767685 0.00160377
1.5906 1.49495 1.0057 0.00724923 0.00144664
1.61074 1.49495 1.00535 0.00683775 0.00130402
1.63087 1.49495 1.00501 0.00644246 0.00117466
1.65101 1.49495 1.00469 0.00606335 0.00105739
1.67114 1.49495 1.00439 0.00570031 0.000951165
1.69128 1.49495 1.0041 0.00535319 0.000854991
1.71141 1.49495 1.00383 0.00502179 0.000767967
1.73154 1.49495 1.00357 0.00470585 0.000689264
1.75168 1.49495 1.00333 0.00440507 0.00061812
1.77181 1.49495 1.0031 0.00411913 0.00055384
1.79195 1.49495 1.00288 0.00384767 0.000495789
1.81208 1.49495 1.00267 0.00359029 0.000443388
1.83221 1.49495 1.00248 0.00334658 0.000396107
1.85235 1.49495 1.0023 0.00311613 0.000353468
1.87248 1.49495 1.00213 0.00289848 0.000315036
1.89262 1.49495 1.00197 0.00269319 0.000280415
1.91275 1.49495 1.00182 0.00249979 0.00024925
1.93289 1.49495 1.00168 0.00231783 0.000221216
1.95302 1.49495 1.00155 0.00214683 0.000196023
1.97315 1.49495 1.00142 0.00198634 0.000173407
1.99329 1.49495 1.00131 0.00183589 0.00015313
2.01342 1.49495 1.0012 0.00169503 0.000134977
2.03356 1.49495 1.00111 0.0015633 0.000118752
2.05369 1.49495 1.00101 0.00144027 0.000104278
2.07383 1.49495 1.00093 0.00132551 9.13911e-05
2.09396 1.49495 1.00085 0.00121858 7.99438e-05
2.11409 1.49495 1.00078 0.00111909 6.97993e-05
2.13423 1.49495 1.00071 0.00102663 6.08317e-05
2.15436 1.49495 1.00065 0.000940803 5.29251e-05
2.1745 1.49495 1.00059 0.000861244 4.59725e-05
2.19463 1.49495 1.00054 0.000787586 3.98751e-05
2.21477 1.49495 1.00049 0.000719475 3.45419e-05
2.2349 1.49495 1.00044 0.000656573 2.98893e-05
2.25503 1.49495 1.0004 0.000598554 2.58406e-05
2.27517 1.49495 1.00037 0.000545104 2.2326e-05
2.2953 1.49495 1.00033 0.000495922 1.92819e-05
2.31544 1.49495 1.0003 0.000450723 1.66509e-05
2.33557 1.49495 1.00027 0.000409232 1.43811e-05
2.3557 1.49495 1.00025 0.00037119 1.24263e-05
2.37584 1.49495 1.00022 0.00033635 1.07452e-05
2.39597 1.49495 1.0002 0.000304478 9.30115e-06
2.41611 1.49495 1.00018 0.000275352 8.06181e-06
2.43624 1.49495 1.00016 0.000248765 6.9988e-06
2.45638 1.49495 1.00015 0.00022452 6.08727e-06
2.47651 1.49495 1.00013 0.000202434 5.30559e-06
2.49664 1.49495 1.00012 0.000182333 4.63501e-06
2.51678 1.49495 1.00011 0.000164055 4.05931e-06
2.53691 1.49495 1.00009 0.000147451 3.56454e-06
2.55705 1.49495 1.00008 0.00013238 3.13872e-06
2.57718 1.49495 1.00008 0.000118709 2.77161e-06
2.59732 1.49495 1.00007 0.000106318 2.45446e-06
2.61745 1.49495 1.00006 9.5092e-05 2.17982e-06
2.63758 1.49495 1.00005 8.49271e-05 1.94133e-06
2.65772 1.49495 1.00005 7.57254e-05 1.73359e-06
2.67785 1.49495 1.00004 6.73965e-05 1.55201e-06
2.69799 1.49495 1.00004 5.98567e-05 1.39265e-06
2.71812 1.49495 1.00003 5.30285e-05 1.25214e-06
2.73826 1.49495 1.00003 4.68402e-05 1.12755e-06
2.75839 1.49495 1.00003 4.12253e-05 1.01633e-06
2.77852 1.49495 1.00003 3.61224e-05 9.16214e-07
2.79866 1.49495 1.00002 3.14742e-05 8.25141e-07
2.81879 1.49495 1.00002 2.72281e-05 7.41214e-07
2.83893 1.49495 1.00002 2.33347e-05 6.62628e-07
2.85906 1.49495 1.00002 1.97483e-05 5.87615e-07
2.87919 1.49495 1.00002 1.64265e-05 5.14398e-07
2.89933 1.49495 1.00001 1.33295e-05 4.41144e-07
2.91946 1.49495 1.00001 1.04202e-05 3.6591e-07
2.9396 1.49495 1.00001 7.66387e-06 2.86604e-07
2.95973 1.49495 1.00001 5.02823e-06 2.00931e-07
2.97987 1.49495 1.00001 2.48291e-06 1.06346e-07
3 1.49495 1.00001 0 0

0 1.51515 1.0205 0 0
0.0201342 1.51515 1.02084 -0.000604186 0.00199373
0.0402685 1.51515 1.0212 -0.00114006 0.0039379
0.0604027 1.51515 1.02159 -0.00160381 0.00583506
0.0805369 1.51515 1.02201 -0.00199186 0.00768622
0.100671 1.51515 1.02246 -0.00230112 0.00949092
0.120805 1.51515 1.02293 -0.00252923 0.0112475
0.14094 1.51515 1.02342 -0.00267471 0.0129534
0.161074 1.51515 1.02392 -0.00273703 0.0146053
0.181208 1.51515 1.02444 -0.00271667 0.0161995
0.201342 1.51515 1.02497 -0.00261504 0.0177323
0.221477 1.51515 1.0255 -0.00243441 0.0191997
0.241611 1.51515 1.02603 -0.00217786 0.0205981
0.261745 1.51515 1.02656 -0.00184908 0.0219241
0.281879 1.51515 1.02708 -0.0014523 0.0231749
0.302013 1.51515 1.02759 -0.000992111 0.0243478
0.322148 1.51515 1.02808 -0.000473394 0.025441
0.342282 1.51515 1.02856 9.88303e-05 0.0264527
0.362416 1.51515 1.02901 0.000719473 0.0273818
0.38255 1.51515 1.02944 0.00138346 0.0282276
0.402685 1.51515 1.02984 0.00208578 0.0289896
0.422819 1.51515 1.03021 0.00282155 0.0296679
0.442953 1.51515 1.03055 0.00358602 0.0302624
0.463087 1.51515 1.03086 0.00437457 0.0307735
0.483221 1.51515 1.03113 0.00518278 0.0312018
0.503356 1.51515 1.03136 0.00600633 0.0315477
0.52349 1.51515 1.03156 0.00684104 0.031812
0.543624 1.51515 1.03171 0.00768286 0.0319955
0.563758 1.51515 1.03182 0.00852779 0.0320988
0.583893 1.51515 1.03189 0.00937189 0.0321229
0.604027 1.51515 1.03191 0.0102113 0.0320685
0.624161 1.51515 1.03189 0.011042 0.0319368
0.644295 1.51515 1.03182 0.0118601 0.0317287
0.66443 1.51515 1.03171 0.0126616 0.0314454
0.684564 1.51515 1.03155 0.0134425 0.0310883
0.704698 1.51515 1.03134 0.0141986 0.0306591
0.724832 1.51515 1.03108 0.0149259 0.0301596
0.744966 1.51515 1.03078 0.01562 0.0295922
0.765101 1.51515 1.03043 0.0162768 0.0289593
0.785235 1.51515 1.03003 0.0168921 0.0282642
0.805369 1.51515 1.02959 0.0174619 0.0275104
0.825503 1.51515 1.02911 0.0179821 0.0267021
0.845638 1.51515 1.02859 0.0184492 0.025844
0.865772 1.51515 1.02803 0.0188598 0.0249412
0.885906 1.51515 1.02743 0.0192109 0.0239996
0.90604 1.51515 1.0268 0.0195002 0.0230253
0.926174 1.51515 1.02614 0.0197259 0.0220249
0.946309 1.51515 1.02546 0.0198867 0.0210054
0.966443 1.51515 1.02475 0.0199823 0.0199738
0.986577 1.51515 1.02403 0.0200131 0.0189372
1.00671 1.51515 1.02329 0.0199801 0.0179026
1.02685 1.51515 1.02254 0.0198853 0.0168768
1.04698 1.51515 1.02178 0.0197312 0.015866
1.06711 1.51515 1.02102 0.0195209 0.014876
1.08725 1.51515 1.02026 0.0192583 0.0139122
1.10738 1.51515 1.0195 0.0189474 0.0129789
1.12752 1.51515 1.01874 0.0185926 0.01208
1.14765 1.51515 1.01799 0.0181987 0.0112185
1.16779 1.51515 1.01726 0.0177704 0.0103967
1.18792 1.51515 1.01653 0.0173122 0.00961608
1.20805 1.51515 1.01582 0.016829 0.00887772
1.22819 1.51515 1.01512 0.0163251 0.00818191
1.24832 1.51515 1.01444 0.0158047 0.0075285
1.26846 1.51515 1.01377 0.0152719 0.00691688
1.28859 1.51515 1.01313 0.0147302 0.00634607
1.30872 1.51515 1.0125 0.0141831 0.0058148
1.32886 1.51515 1.01189 0.0136337 0.00532155
1.34899 1.51515 1.0113 0.0130846 0.00486465
1.36913 1.51515 1.01072 0.0125384 0.00444231
1.38926 1.51515 1.01017 0.0119972 0.00405265
1.4094 1.51515 1.00964 0.011463 0.00369376
1.42953 1.51515 1.00912 0.0109375 0.00336375
1.44966 1.51515 1.00863 0.010422 0.00306073
1.4698 1.51515 1.00815 0.00991789 0.00278285
1.48993 1.51515 1.00769 0.00942608 0.00252835
1.51007 1.51515 1.00725 0.00894747 0.00229551
1.5302 1.51515 1.00683 0.00848277 0.00208272
1.55034 1.51515 1.00643 0.00803254 0.00188842
1.57047 1.51515 1.00605 0.00759721 0.00171117
1.5906 1.51515 1.00568 0.0071771 0.00154959
1.61074 1.51515 1.00533 0.0067724 0.00140242
1.63087 1.51515 1.005 0.00638325 0.00126845
1.65101 1.51515 1.00468 0.00600969 0.00114659
1.67114 1.51515 1.00438 0.00565166 0.0010358
1.69128 1.51515 1.00409 0.00530907 0.000935129
1.71141 1.51515 1.00382 0.00498177 0.000843708
1.73154 1.51515 1.00356 0.00466953 0.000760724
1.75168 1.51515 1.00332 0.0043721 0.000685433
1.77181 1.51515 1.00309 0.00408918 0.000617152
1.79195 1.51515 1.00287 0.00382045 0.000555255
1.81208 1.51515 1.00267 0.00356554 0.000499169
1.83221 1.51515 1.00247 0.00332408 0.00044837
1.85235 1.51515 1.00229 0.00309566 0.00040238
1.87248 1.51515 1.00212 0.00287985 0.000360764
1.89262 1.51515 1.00196 0.00267623 0.000323126
1.91275 1.51515 1.00181 0.00248436 0.000289104
1.93289 1.51515 1.00167 0.00230378 0.000258373
1.95302 1.51515 1.00154 0.00213405 0.000230636
1.97315 1.51515 1.00142 0.00197472 0.000205622
1.99329 1.51515 1.00131 0.00182532 0.000183088
2.01342 1.51515 1.0012 0.00168543 0.00016281
2.03356 1.51515 1.0011 0.00155459 0.000144587
2.05369 1.51515 1.00101 0.00143238 0.000128233
2.07383 1.51515 1.00093 0.00131836 0.00011358
2.09396 1.51515 1.00085 0.00121212 0.000100472
2.11409 1.51515 1.00078 0.00111325 8.87675e-05
2.13423 1.51515 1.00071 0.00102136 7.8335e-05
2.15436 1.51515 1.00065 0.000936057 6.90538e-05
2.1745 1.51515 1.00059 0.000856974 6.08124e-05
2.19463 1.51515 1.00054 0.000783748 5.3508e-05
2.21477 1.51515 1.00049 0.00071603 4.7046e-05
2.2349 1.51515 1.00044 0.000653483 4.13394e-05
2.25503 1.51515 1.0004 0.000595783 3.63082e-05
2.27517 1.51515 1.00037 0.000542621 3.18795e-05
2.2953 1.51515 1.00033 0.000493698 2.79865e-05
2.31544 1.51515 1.0003 0.00044873 2.45689e-05
2.33557 1.51515 1.00027 0.000407447 2.15719e-05
2.3557 1.51515 1.00024 0.00036959 1.89461e-05
2.37584 1.51515 1.00022 0.000334915 1.66472e-05
2.39597 1.51515 1.0002 0.000303191 1.46357e-05
2.41611 1.51515 1.00018 0.000274197 1.28761e-05
2.43624 1.51515 1.00016 0.000247727 1.13373e-05
2.45638 1.51515 1.00015 0.000223587 9.99146e-06
2.47651 1.51515 1.00013 0.000201594 8.81412e-06
2.49664 1.51515 1.00012 0.000181577 7.78381e-06
2.51678 1.51515 1.00011 0.000163375 6.88168e-06
2.53691 1.51515 1.00009 0.000146838 6.09124e-06
2.55705 1.51515 1.00008 0.000131827 5.3981e-06
2.57718 1.51515 1.00008 0.000118211 4.7897e-06
2.59732 1.51515 1.00007 0.000105868 4.25513e-06
2.61745 1.51515 1.00006 9.46873e-05 3.78488e-06
2.63758 1.51515 1.00005 8.45627e-05 3.37067e-06
2.65772 1.51515 1.00005 7.53976e-05 3.00531e-06
2.67785 1.51515 1.00004 6.7102e-05 2.68248e-06
2.69799 1.51515 1.00004 5.95927e-05 2.39669e-06
2.71812 1.51515 1.00003 5.27924e-05 2.14306e-06
2.73826 1.51515 1.00003 4.66297e-05 1.9173e-06
2.75839 1.51515 1.00003 4.10384e-05 1.71553e-06
2.77852 1.51515 1.00003 3.59572e-05 1.53423e-06
2.79866 1.51515 1.00002 3.13293e-05 1.37018e-06
2.81879 1.51515 1.00002 2.71019e-05 1.2203e-06
2.83893 1.51515 1.00002 2.3226e-05 1.08166e-06
2.85906 1.51515 1.00002 1.9656e-05 9.51341e-07
2.87919 1.51515 1.00002 1.63496e-05 8.26402e-07
2.89933 1.51515 1.00001 1.32671e-05 7.03781e-07
2.91946 1.51515 1.00001 1.03715e-05 5.80226e-07
2.9396 1.51515 1.00001 7.62824e-06 4.52209e-07
2.95973 1.51515 1.00001 5.00502e-06 3.15836e-07
2.97987 1.51515 1.00001 2.47156e-06 1.66745e-07
3 1.51515 1.00001 0 0

0 1.53535 1.02022 0 0
0.0201342 1.53535 1.02056 -0.000606828 0.00192451
0.0402685 1.53535 1.02092 -0.00114485 0.00379609
0.0604027 1.53535 1.02131 -0.00161111 0.0056173
0.0805369 1.53535 1.02172 -0.00200273 0.00738944
0.100671 1.53535 1.02216 -0.00231723 0.0091126
0.120805 1.53535 1.02261 -0.00255268 0.0107859
0.14094 1.53535 1.02309 -0.0027079 0.0124075
0.161074 1.53535 1.02357 -0.00278249 0.013975
0.181208 1.53535 1.02407 -0.00277691 0.0154859
0.201342 1.53535 1.02458 -0.00269246 0.0169369
0.221477 1.53535 1.02509 -0.0025312 0.0183252
0.241611 1.53535 1.0256 -0.00229591 0.0196478
0.261745 1.53535 1.0261 -0.00198997 0.0209018
0.281879 1.53535 1.0266 -0.00161727 0.022085
0.302013 1.53535 1.02708 -0.00118206 0.023195
0.322148 1.53535 1.02755 -0.000688901 0.0242302
0.342282 1.53535 1.02801 -0.000142528 0.025189
0.362416 1.53535 1.02844 0.00045222 0.0260705
0.38255 1.53535 1.02885 0.00109047 0.0268739
0.402685 1.53535 1.02923 0.00176738 0.0275987
0.422819 1.53535 1.02959 0.00247818 0.0282448
0.442953 1.53535 1.02991 0.00321818 0.0288122
0.463087 1.53535 1.03021 0.00398282 0.029301
0.483221 1.53535 1.03046 0.00476766 0.0297118
0.503356 1.53535 1.03069 0.00556838 0.0300449
0.52349 1.53535 1.03087 0.00638076 0.0303009
0.543624 1.53535 1.03101 0.00720069 0.0304804
0.563758 1.53535 1.03112 0.00802414 0.0305843
0.583893 1.53535 1.03118 0.0088471 0.0306132
0.604027 1.53535 1.0312 0.00966563 0.0305681
0.624161 1.53535 1.03117 0.0104758 0.0304499
0.644295 1.53535 1.03111 0.0112737 0.0302596
0.66443 1.53535 1.03099 0.0120553 0.0299985
0.684564 1.53535 1.03083 0.0128166 0.029668
0.704698 1.53535 1.03063 0.0135537 0.0292697
0.724832 1.53535 1.03038 0.0142625 0.0288055
0.744966 1.53535 1.03008 0.014939 0.0282777
0.765101 1.53535 1.02975 0.0155793 0.0276887
0.785235 1.53535 1.02936 0.0161793 0.0270417
0.805369 1.53535 1.02894 0.0167354 0.02634
0.825503 1.53535 1.02848 0.0172438 0.0255876
0.845638 1.53535 1.02797 0.0177013 0.0247888
0.865772 1.53535 1.02744 0.0181049 0.0239484
0.885906 1.53535 1.02686 0.0184518 0.0230718
0.90604 1.53535 1.02626 0.0187399 0.0221645
0.926174 1.53535 1.02563 0.0189677 0.0212326
0.946309 1.53535 1.02497 0.019134 0.0202824
0.966443 1.53535 1.0243 0.0192387 0.01932
0.986577 1.53535 1.0236 0.019282 0.0183521
1.00671 1.53535 1.02289 0.0192648 0.0173847
1.02685 1.53535 1.02217 0.0191889 0.0164241
1.04698 1.53535 1.02144 0.0190566 0.0154758
1.06711 1.53535 1.0207 0.0188707 0.0145453
1.08725 1.53535 1.01997 0.0186345 0.0136372
1.10738 1.53535 1.01923 0.0183517 0.0127558
1.12752 1.53535 1.0185 0.0180263 0.0119045
1.14765 1.53535 1.01777 0.0176626 0.0110864
1.16779 1.53535 1.01706 0.0172648 0.0103036
1.18792 1.53535 1.01635 0.0168373 0.0095578
1.20805 1.53535 1.01565 0.0163844 0.00885008
1.22819 1.53535 1.01497 0.0159101 0.00818097
1.24832 1.53535 1.0143 0.0154186 0.00755054
1.26846 1.53535 1.01365 0.0149134 0.00695843
1.28859 1.53535 1.01302 0.0143983 0.00640396
1.30872 1.53535 1.0124 0.0138764 0.00588613
1.32886 1.53535 1.0118 0.0133507 0.00540373
1.34899 1.53535 1.01121 0.012824 0.00495536
1.36913 1.53535 1.01065 0.0122987 0.00453949
1.38926 1.53535 1.0101 0.0117771 0.00415451
1.4094 1.53535 1.00957 0.011261 0.00379874
1.42953 1.53535 1.00906 0.0107523 0.0034705
1.44966 1.53535 1.00857 0.0102523 0.0031681
1.4698 1.53535 1.0081 0.00976245 0.00288989
1.48993 1.53535 1.00765 0.00928378 0.00263424
1.51007 1.53535 1.00721 0.00881725 0.00239958
1.5302 1.53535 1.0068 0.00836362 0.00218443
1.55034 1.53535 1.0064 0.00792354 0.00198733
1.57047 1.53535 1.00601 0.0074975 0.00180694
1.5906 1.53535 1.00565 0.00708588 0.00164196
1.61074 1.53535 1.0053 0.00668896 0.0014912
1.63087 1.53535 1.00497 0.00630691 0.00135352
1.65101 1.53535 1.00465 0.00593983 0.00122787
1.67114 1.53535 1.00435 0.00558774 0.00111325
1.69128 1.53535 1.00407 0.00525057 0.00100877
1.71141 1.53535 1.0038 0.00492822 0.000913563
1.73154 1.53535 1.00354 0.00462051 0.000826857
1.75168 1.53535 1.0033 0.00432721 0.000747926
1.77181 1.53535 1.00307 0.00404808 0.000676104
1.79195 1.53535 1.00286 0.00378281 0.000610776
1.81208 1.53535 1.00265 0.00353107 0.000551381
1.83221 1.53535 1.00246 0.0032925 0.000497403
1.85235 1.53535 1.00228 0.00306673 0.000448367
1.87248 1.53535 1.00211 0.00285336 0.000403841
1.89262 1.53535 1.00195 0.00265197 0.000363431
1.91275 1.53535 1.0018 0.00246215 0.000326776
1.93289 1.53535 1.00167 0.00228345 0.000293546
1.95302 1.53535 1.00154 0.00211545 0.000263443
1.97315 1.53535 1.00141 0.00195771 0.000236192
1.99329 1.53535 1.0013 0.00180978 0.000211544
2.01342 1.53535 1.0012 0.00167123 0.000189273
2.03356 1.53535 1.0011 0.00154164 0.000169169
2.05369 1.53535 1.00101 0.00142057 0.000151044
2.07383 1.53535 1.00092 0.0013076 0.000134722
2.09396 1.53535 1.00084 0.00120233 0.000120044
2.11409 1.53535 1.00077 0.00110436 0.000106863
2.13423 1.53535 1.00071 0.00101328 9.50422e-05
2.15436 1.53535 1.00064 0.000928737 8.44575e-05
2.1745 1.53535 1.00059 0.000850343 7.49934e-05
2.19463 1.53535 1.00053 0.000777747 6.65434e-05
2.21477 1.53535 1.00049 0.000710604 5.90096e-05
2.2349 1.53535 1.00044 0.000648581 5.23017e-05
2.25503 1.53535 1.0004 0.000591359 4.63367e-05
2.27517 1.53535 1.00036 0.000538629 4.10387e-05
2.2953 1.53535 1.00033 0.000490099 3.63381e-05
2.31544 1.53535 1.0003 0.000445487 3.21717e-05
2.33557 1.53535 1.00027 0.000404525 2.84818e-05
2.3557 1.53535 1.00024 0.000366959 2.52162e-05
2.37584 1.53535 1.00022 0.000332546 2.23279e-05
2.39597 1.53535 1.0002 0.000301058 1.97743e-05
2.41611 1.53535 1.00018 0.000272277 1.75176e-05
2.43624 1.53535 1.00016 0.000246 1.55235e-05
2.45638 1.53535 1.00014 0.000222033 1.37616e-05
2.47651 1.53535 1.00013 0.000200196 1.22049e-05
2.49664 1.53535 1.00012 0.000180319 1.08294e-05
2.51678 1.53535 1.00011 0.000162243 9.61367e-06
2.53691 1.53535 1.00009 0.00014582 8.5389e-06
2.55705 1.53535 1.00008 0.000130912 7.58843e-06
2.57718 1.53535 1.00008 0.000117388 6.74755e-06
2.59732 1.53535 1.00007 0.00010513 6.0033e-06
2.61745 1.53535 1.00006 9.40245e-05 5.34424e-06
2.63758 1.53535 1.00005 8.39685e-05 4.76027e-06
2.65772 1.53535 1.00005 7.48656e-05 4.24248e-06
2.67785 1.53535 1.00004 6.66265e-05 3.78297e-06
2.69799 1.53535 1.00004 5.91684e-05 3.37474e-06
2.71812 1.53535 1.00003 5.24149e-05 3.0115e-06
2.73826 1.53535 1.00003 4.62948e-05 2.68762e-06
2.75839 1.53535 1.00003 4.07425e-05 2.39799e-06
2.77852 1.53535 1.00002 3.5697e-05 2.13789e-06
2.79866 1.53535 1.00002 3.11019e-05 1.90294e-06
2.81879 1.53535 1.00002 2.69047e-05 1.68895e-06
2.83893 1.53535 1.00002 2.30568e-05 1.49189e-06
2.85906 1.53535 1.00002 1.95129e-05 1.30773e-06
2.87919 1.53535 1.00002 1.62306e-05 1.13239e-06
2.89933 1.53535 1.00001 1.31708e-05 9.61589e-07
2.91946 1.53535 1.00001 1.02965e-05 7.90802e-07
2.9396 1.53535 1.00001 7.57336e-06 6.15081e-07
2.95973 1.53535 1.00001 4.96927e-06 4.28953e-07
2.97987 1.53535 1.00001 2.45407e-06 2.26261e-07
3 1.53535 1.00001 0 0

0 1.55556 1.01992 0 0
0.0201342 1.55556 1.02026 -0.000609815 0.00185466
0.0402685 1.55556 1.02063 -0.00115034 0.00365375
0.0604027 1.55556 1.02101 -0.00161932 0.00539977
0.0805369 1.55556 1.02142 -0.00201451 0.00709422
0.100671 1.55556 1.02185 -0.00233392 0.00873761
0.120805 1.55556 1.02229 -0.00257604 0.0103296
0.14094 1.55556 1.02275 -0.00273995 0.0118691
0.161074 1.55556 1.02322 -0.00282541 0.0133547
0.181208 1.55556 1.02371 -0.00283293 0.0147842
0.201342 1.55556 1.02419 -0.00276372 0.0161556
0.221477 1.55556 1.02468 -0.00261973 0.0174665
0.241611 1.55556 1.02517 -0.00240353 0.0187147
0.261745 1.55556 1.02566 -0.00211826 0.0198979
0.281879 1.55556 1.02614 -0.00176753 0.0210142
0.302013 1.55556 1.0266 -0.00135532 0.0220618
0.322148 1.55556 1.02705 -0.000885942 0.0230391
0.342282 1.55556 1.02749 -0.00036387 0.023945
0.362416 1.55556 1.0279 0.000206272 0.0247785
0.38255 1.55556 1.0283 0.000819804 0.025539
0.402685 1.55556 1.02866 0.00147203 0.0262259
0.422819 1.55556 1.02901 0.0021583 0.026839
0.442953 1.55556 1.02932 0.00287402 0.0273783
0.463087 1.55556 1.02959 0.00361468 0.027844
0.483221 1.55556 1.02984 0.00437588 0.0282363
0.503356 1.55556 1.03005 0.00515329 0.0285555
0.52349 1.55556 1.03023 0.0059427 0.0288023
0.543624 1.55556 1.03036 0.00673999 0.0289771
0.563758 1.55556 1.03046 0.00754109 0.0290807
0.583893 1.55556 1.03051 0.008342 0.0291137
0.604027 1.55556 1.03053 0.00913876 0.0290769
0.624161 1.55556 1.0305 0.00992745 0.0289714
0.644295 1.55556 1.03043 0.0107042 0.0287982
0.66443 1.55556 1.03032 0.011465 0.0285584
0.684564 1.55556 1.03016 0.012206 0.0282535
0.704698 1.55556 1.02996 0.0129233 0.027885
0.724832 1.55556 1.02972 0.0136131 0.027455
0.744966 1.55556 1.02943 0.0142714 0.0269654
0.765101 1.55556 1.0291 0.0148946 0.0264188
0.785235 1.55556 1.02873 0.015479 0.0258181
0.805369 1.55556 1.02833 0.016021 0.0251665
0.825503 1.55556 1.02788 0.0165172 0.0244677
0.845638 1.55556 1.02739 0.0169647 0.0237257
0.865772 1.55556 1.02688 0.0173606 0.022945
0.885906 1.55556 1.02632 0.0177026 0.0221304
0.90604 1.55556 1.02574 0.0179887 0.021287
0.926174 1.55556 1.02514 0.0182175 0.0204204
0.946309 1.55556 1.02451 0.0183882 0.0195361
0.966443 1.55556 1.02385 0.0185003 0.0186398
0.986577 1.55556 1.02318 0.0185543 0.0177374
1.00671 1.55556 1.0225 0.018551 0.0168344
1.02685 1.55556 1.0218 0.0184919 0.0159363
1.04698 1.55556 1.0211 0.0183791 0.0150483
1.06711 1.55556 1.02039 0.0182151 0.0141753
1.08725 1.55556 1.01967 0.0180029 0.0133215
1.10738 1.55556 1.01896 0.0177458 0.0124909
1.12752 1.55556 1.01825 0.0174475 0.0116867
1.14765 1.55556 1.01754 0.0171117 0.0109117
1.16779 1.55556 1.01685 0.0167424 0.0101682
1.18792 1.55556 1.01616 0.0163436 0.00945782
1.20805 1.55556 1.01548 0.0159193 0.00878166
1.22819 1.55556 1.01481 0.0154732 0.00814044
1.24832 1.55556 1.01416 0.0150093 0.0075344
1.26846 1.55556 1.01352 0.0145309 0.0069634
1.28859 1.55556 1.01289 0.0140416 0.00642699
1.30872 1.55556 1.01228 0.0135444 0.00592442
1.32886 1.55556 1.01169 0.0130423 0.00545473
1.34899 1.55556 1.01112 0.0125379 0.00501677
1.36913 1.55556 1.01056 0.0120336 0.00460925
1.38926 1.55556 1.01002 0.0115318 0.00423079
1.4094 1.55556 1.0095 0.0110342 0.00387993
1.42953 1.55556 1.009 0.0105428 0.00355519
1.44966 1.55556 1.00851 0.0100589 0.00325508
1.4698 1.55556 1.00804 0.00958406 0.0029781
1.48993 1.55556 1.00759 0.00911929 0.00272279
1.51007 1.55556 1.00716 0.00866564 0.00248771
1.5302 1.55556 1.00675 0.00822393 0.0022715
1.55034 1.55556 1.00635 0.00779486 0.00207283
1.57047 1.55556 1.00597 0.00737898 0.00189043
1.5906 1.55556 1.00561 0.00697674 0.00172311
1.61074 1.55556 1.00527 0.00658846 0.00156974
1.63087 1.55556 1.00494 0.00621439 0.00142924
1.65101 1.55556 1.00462 0.00585466 0.00130062
1.67114 1.55556 1.00433 0.00550933 0.00118295
1.69128 1.55556 1.00404 0.0051784 0.00107534
1.71141 1.55556 1.00377 0.00486179 0.000976991
1.73154 1.55556 1.00352 0.00455936 0.000887146
1.75168 1.55556 1.00328 0.00427094 0.000805107
1.77181 1.55556 1.00305 0.0039963 0.000730228
1.79195 1.55556 1.00284 0.00373517 0.000661911
1.81208 1.55556 1.00264 0.00348724 0.000599609
1.83221 1.55556 1.00245 0.00325219 0.000542815
1.85235 1.55556 1.00227 0.00302966 0.000491063
1.87248 1.55556 1.0021 0.00281928 0.000443928
1.89262 1.55556 1.00194 0.00262065 0.000401018
1.91275 1.55556 1.00179 0.00243337 0.000361973
1.93289 1.55556 1.00165 0.00225703 0.000326466
1.95302 1.55556 1.00153 0.0020912 0.000294197
1.97315 1.55556 1.00141 0.00193547 0.000264889
1.99329 1.55556 1.00129 0.00178939 0.000238293
2.01342 1.55556 1.00119 0.00165256 0.000214176
2.03356 1.55556 1.00109 0.00152455 0.000192327
2.05369 1.55556 1.001 0.00140494 0.000172553
2.07383 1.55556 1.00092 0.00129333 0.000154676
2.09396 1.55556 1.00084 0.00118931 0.000138531
2.11409 1.55556 1.00077 0.00109248 0.000123968
2.13423 1.55556 1.0007 0.00100247 0.000110847
2.15436 1.55556 1.00064 0.000918898 9.90404e-05
2.1745 1.55556 1.00058 0.0008414 8.84285e-05
2.19463 1.55556 1.00053 0.000769627 7.89022e-05
2.21477 1.55556 1.00048 0.000703237 7.03606e-05
2.2349 1.55556 1.00044 0.000641904 6.27105e-05
2.25503 1.55556 1.0004 0.000585311 5.58662e-05
2.27517 1.55556 1.00036 0.000533156 4.9749e-05
2.2953 1.55556 1.00033 0.000485149 4.42868e-05
2.31544 1.55556 1.0003 0.000441014 3.94136e-05
2.33557 1.55556 1.00027 0.000400485 3.50691e-05
2.3557 1.55556 1.00024 0.000363313 3.11987e-05
2.37584 1.55556 1.00022 0.000329256 2.77525e-05
2.39597 1.55556 1.0002 0.000298091 2.46856e-05
2.41611 1.55556 1.00018 0.000269603 2.19574e-05
2.43624 1.55556 1.00016 0.00024359 1.95311e-05
2.45638 1.55556 1.00014 0.000219863 1.7374e-05
2.47651 1.55556 1.00013 0.000198242 1.54566e-05
2.49664 1.55556 1.00012 0.000178561 1.37523e-05
2.51678 1.55556 1.0001 0.000160663 1.22377e-05
2.53691 1.55556 1.00009 0.0001444 1.08917e-05
2.55705 1.55556 1.00008 0.000129636 9.69548e-06
2.57718 1.55556 1.00008 0.000116243 8.63237e-06
2.59732 1.55556 1.00007 0.000104103 7.68749e-06
2.61745 1.55556 1.00006 9.31045e-05 6.8476e-06
2.63758 1.55556 1.00005 8.31452e-05 6.10091e-06
2.65772 1.55556 1.00005 7.41299e-05 5.4369e-06
2.67785 1.55556 1.00004 6.59702e-05 4.84617e-06
2.69799 1.55556 1.00004 5.85842e-05 4.32029e-06
2.71812 1.55556 1.00003 5.18961e-05 3.85167e-06
2.73826 1.55556 1.00003 4.58356e-05 3.43341e-06
2.75839 1.55556 1.00003 4.03375e-05 3.05919e-06
2.77852 1.55556 1.00002 3.53417e-05 2.72319e-06
2.79866 1.55556 1.00002 3.0792e-05 2.41991e-06
2.81879 1.55556 1.00002 2.66365e-05 2.14411e-06
2.83893 1.55556 1.00002 2.28271e-05 1.89068e-06
2.85906 1.55556 1.00002 1.93186e-05 1.65452e-06
2.87919 1.55556 1.00002 1.60694e-05 1.43043e-06
2.89933 1.55556 1.00001 1.30404e-05 1.21298e-06
2.91946 1.55556 1.00001 1.0195e-05 9.96373e-07
2.9396 1.55556 1.00001 7.49917e-06 7.74268e-07
2.95973 1.55556 1.00001 4.92093e-06 5.3964e-07
2.97987 1.55556 1.00001 2.43041e-06 2.84564e-07
3 1.55556 1.00001 0 0

0 1.57576 1.01961 0 0
0.0201342 1.57576 1.01996 -0.00061307 0.00178427
0.0402685 1.57576 1.02033 -0.0011564 0.00351092
0.0604027 1.57576 1.02071 -0.00162834 0.00518237
0.0805369 1.57576 1.02111 -0.00202713 0.0068002
0.100671 1.57576 1.02153 -0.00235125 0.00836525
0.120805 1.57576 1.02197 -0.00259953 0.00987767
0.14094 1.57576 1.02242 -0.0027713 0.011337
0.161074 1.57576 1.02288 -0.00286651 0.0127424
0.181208 1.57576 1.02335 -0.0028857 0.0140926
0.201342 1.57576 1.02382 -0.00283011 0.0153861
0.221477 1.57576 1.02429 -0.0027016 0.0166213
0.241611 1.57576 1.02477 -0.00250259 0.0177964
0.261745 1.57576 1.02524 -0.00223605 0.0189099
0.281879 1.57576 1.0257 -0.00190539 0.0199602
0.302013 1.57576 1.02615 -0.00151439 0.0209459
0.322148 1.57576 1.02658 -0.00106713 0.0218658
0.342282 1.57576 1.027 -0.000567882 0.0227189
0.362416 1.57576 1.0274 -2.10782e-05 0.0235043
0.38255 1.57576 1.02778 0.000568769 0.0242215
0.402685 1.57576 1.02813 0.00119711 0.02487
0.422819 1.57576 1.02846 0.00185942 0.0254496
0.442953 1.57576 1.02876 0.00255118 0.0259603
0.463087 1.57576 1.02902 0.00326798 0.026402
0.483221 1.57576 1.02926 0.00400544 0.0267751
0.503356 1.57576 1.02946 0.00475929 0.0270798
0.52349 1.57576 1.02962 0.00552534 0.0273166
0.543624 1.57576 1.02975 0.00629946 0.0274859
0.563758 1.57576 1.02984 0.0070776 0.0275883
0.583893 1.57576 1.02989 0.0078558 0.0276246
0.604027 1.57576 1.0299 0.00863009 0.0275955
0.624161 1.57576 1.02987 0.0093966 0.0275019
0.644295 1.57576 1.0298 0.0101515 0.0273448
0.66443 1.57576 1.02969 0.0108908 0.0271255
0.684564 1.57576 1.02953 0.0116109 0.0268452
0.704698 1.57576 1.02934 0.0123079 0.0265055
0.724832 1.57576 1.0291 0.0129782 0.0261083
0.744966 1.57576 1.02882 0.013618 0.0256556
0.765101 1.57576 1.0285 0.0142237 0.0251499
0.785235 1.57576 1.02814 0.014792 0.0245937
0.805369 1.57576 1.02775 0.0153195 0.0239902
0.825503 1.57576 1.02731 0.0158032 0.0233428
0.845638 1.57576 1.02684 0.0162402 0.0226552
0.865772 1.57576 1.02634 0.0166279 0.0219315
0.885906 1.57576 1.02581 0.0169644 0.0211761
0.90604 1.57576 1.02525 0.0172476 0.0203938
0.926174 1.57576 1.02466 0.0174766 0.0195894
0.946309 1.57576 1.02406 0.0176503 0.0187681
0.966443 1.57576 1.02343 0.0177685 0.0179349
0.986577 1.57576 1.02278 0.0178317 0.0170951
1.00671 1.57576 1.02212 0.0178404 0.0162538
1.02685 1.57576 1.02144 0.0177962 0.0154158
1.04698 1.57576 1.02076 0.0177008 0.014586
1.06711 1.57576 1.02007 0.0175565 0.0137686
1.08725 1.57576 1.01938 0.017366 0.0129677
1.10738 1.57576 1.01869 0.0171323 0.0121868
1.12752 1.57576 1.018 0.0168588 0.0114291
1.14765 1.57576 1.01731 0.0165488 0.010697
1.16779 1.57576 1.01663 0.016206 0.00999286
1.18792 1.57576 1.01596 0.0158341 0.00931824
1.20805 1.57576 1.01529 0.0154367 0.00867435
1.22819 1.57576 1.01464 0.0150175 0.00806198
1.24832 1.57576 1.014 0.0145799 0.00748152
1.26846 1.57576 1.01337 0.0141274 0.006933
1.28859 1.57576 1.01276 0.0136631 0.00641615
1.30872 1.57576 1.01216 0.01319 0.00593044
1.32886 1.57576 1.01158 0.0127111 0.00547512
1.34899 1.57576 1.01101 0.0122288 0.00504927
1.36913 1.57576 1.01046 0.0117456 0.0046518
1.38926 1.57576 1.00993 0.0112636 0.00428156
1.4094 1.57576 1.00941 0.0107849 0.00393728
1.42953 1.57576 1.00892 0.0103111 0.00361767
1.44966 1.57576 1.00844 0.00984384 0.0033214
1.4698 1.57576 1.00797 0.00938449 0.00304715
1.48993 1.57576 1.00753 0.00893425 0.0027936
1.51007 1.57576 1.0071 0.00849414 0.00255946
1.5302 1.57576 1.00669 0.00806506 0.00234347
1.55034 1.57576 1.0063 0.00764774 0.00214442
1.57047 1.57576 1.00592 0.00724279 0.00196114
1.5906 1.57576 1.00557 0.00685071 0.00179252
1.61074 1.57576 1.00522 0.00647186 0.0016375
1.63087 1.57576 1.0049 0.00610654 0.00149509
1.65101 1.57576 1.00459 0.00575493 0.00136434
1.67114 1.57576 1.00429 0.00541713 0.00124437
1.69128 1.57576 1.00401 0.00509318 0.00113436
1.71141 1.57576 1.00374 0.00478304 0.00103352
1.73154 1.57576 1.00349 0.00448661 0.000941136
1.75168 1.57576 1.00325 0.00420375 0.00085654
1.77181 1.57576 1.00303 0.00393426 0.00077911
1.79195 1.57576 1.00281 0.0036779 0.000708267
1.81208 1.57576 1.00261 0.0034344 0.00064348
1.83221 1.57576 1.00243 0.00320345 0.000584257
1.85235 1.57576 1.00225 0.00298472 0.000530141
1.87248 1.57576 1.00208 0.00277785 0.000480717
1.89262 1.57576 1.00192 0.00258249 0.000435597
1.91275 1.57576 1.00178 0.00239823 0.000394429
1.93289 1.57576 1.00164 0.00222469 0.000356886
1.95302 1.57576 1.00151 0.00206146 0.000322669
1.97315 1.57576 1.00139 0.00190813 0.000291504
1.99329 1.57576 1.00128 0.00176429 0.000263139
2.01342 1.57576 1.00118 0.00162953 0.000237342
2.03356 1.57576 1.00108 0.00150343 0.000213899
2.05369 1.57576 1.00099 0.0013856 0.000192615
2.07383 1.57576 1.00091 0.00127562 0.000173308
2.09396 1.57576 1.00083 0.00117312 0.000155812
2.11409 1.57576 1.00076 0.00107769 0.000139974
2.13423 1.57576 1.00069 0.000988971 0.00012565
2.15436 1.57576 1.00063 0.00090659 0.000112711
2.1745 1.57576 1.00058 0.00083019 0.000101035
2.19463 1.57576 1.00053 0.000759426 9.05088e-05
2.21477 1.57576 1.00048 0.000693963 8.10301e-05
2.2349 1.57576 1.00044 0.00063348 7.25029e-05
2.25503 1.57576 1.00039 0.000577667 6.48393e-05
2.27517 1.57576 1.00036 0.000526225 5.7958e-05
2.2953 1.57576 1.00032 0.00047887 5.17846e-05
2.31544 1.57576 1.00029 0.00043533 4.62508e-05
2.33557 1.57576 1.00027 0.000395343 4.1294e-05
2.3557 1.57576 1.00024 0.000358664 3.6857e-05
2.37584 1.57576 1.00022 0.000325057 3.28878e-05
2.39597 1.57576 1.0002 0.0002943 2.9339e-05
2.41611 1.57576 1.00018 0.000266183 2.61677e-05
2.43624 1.57576 1.00016 0.000240507 2.3335e-05
2.45638 1.57576 1.00014 0.000217084 2.08057e-05
2.47651 1.57576 1.00013 0.00019574 1.85482e-05
2.49664 1.57576 1.00012 0.00017631 1.65337e-05
2.51678 1.57576 1.0001 0.000158638 1.47368e-05
2.53691 1.57576 1.00009 0.00014258 1.31342e-05
2.55705 1.57576 1.00008 0.000128002 1.17054e-05
2.57718 1.57576 1.00007 0.000114777 1.04317e-05
2.59732 1.57576 1.00007 0.000102789 9.29647e-06
2.61745 1.57576 1.00006 9.19282e-05 8.2849e-06
2.63758 1.57576 1.00005 8.20935e-05 7.38357e-06
2.65772 1.57576 1.00005 7.3191e-05 6.58049e-06
2.67785 1.57576 1.00004 6.51334e-05 5.86485e-06
2.69799 1.57576 1.00004 5.78401e-05 5.22692e-06
2.71812 1.57576 1.00003 5.12361e-05 4.65784e-06
2.73826 1.57576 1.00003 4.5252e-05 4.14955e-06
2.75839 1.57576 1.00003 3.98236e-05 3.69463e-06
2.77852 1.57576 1.00002 3.48911e-05 3.28615e-06
2.79866 1.57576 1.00002 3.03995e-05 2.9176e-06
2.81879 1.57576 1.00002 2.62972e-05 2.58271e-06
2.83893 1.57576 1.00002 2.25366e-05 2.27536e-06
2.85906 1.57576 1.00002 1.90733e-05 1.98942e-06
2.87919 1.57576 1.00002 1.5866e-05 1.71861e-06
2.89933 1.57576 1.00001 1.28759e-05 1.45638e-06
2.91946 1.57576 1.00001 1.00671e-05 1.19568e-06
2.9396 1.57576 1.00001 7.40562e-06 9.28821e-07
2.95973 1.57576 1.00001 4.85999e-06 6.47261e-07
2.97987 1.57576 1.00001 2.40057e-06 3.41334e-07
3 1.57576 1.00001 0 0

0 1.59596 1.0193 0 0
0.0201342 1.59596 1.01965 -0.00061651 0.00171344
0.0402685 1.59596 1.02002 -0.0011629 0.00336772
0.0604027 1.59596 1.0204 -0.001638 0.00496508
0.0805369 1.59596 1.0208 -0.00204047 0.00650717
0.100671 1.59596 1.02122 -0.00236917 0.00799507
0.120805 1.59596 1.02164 -0.00262322 0.00942934
0.14094 1.59596 1.02209 -0.0028022 0.0108101
0.161074 1.59596 1.02254 -0.0029062 0.012137
0.181208 1.59596 1.02299 -0.00293589 0.0134095
0.201342 1.59596 1.02345 -0.00289252 0.0146266
0.221477 1.59596 1.02392 -0.00277791 0.0157875
0.241611 1.59596 1.02438 -0.00259442 0.0168909
0.261745 1.59596 1.02483 -0.0023449 0.0179358
0.281879 1.59596 1.02528 -0.00203262 0.018921
0.302013 1.59596 1.02571 -0.00166119 0.0198455
0.322148 1.59596 1.02614 -0.00123451 0.0207084
0.342282 1.59596 1.02654 -0.000756695 0.0215089
0.362416 1.59596 1.02693 -0.000232013 0.0222463
0.38255 1.59596 1.02729 0.000335176 0.0229201
0.402685 1.59596 1.02763 0.000940459 0.02353
0.422819 1.59596 1.02795 0.00157942 0.0240758
0.442953 1.59596 1.02823 0.00224765 0.0245573
0.463087 1.59596 1.02849 0.00294081 0.0249746
0.483221 1.59596 1.02871 0.0036546 0.0253279
0.503356 1.59596 1.02891 0.00438479 0.0256175
0.52349 1.59596 1.02906 0.00512723 0.0258436
0.543624 1.59596 1.02918 0.00587785 0.0260067
0.563758 1.59596 1.02927 0.00663262 0.0261074
0.583893 1.59596 1.02931 0.00738762 0.0261462
0.604027 1.59596 1.02932 0.00813893 0.026124
0.624161 1.59596 1.02929 0.00888273 0.0260416
0.644295 1.59596 1.02921 0.00961522 0.0258999
0.66443 1.59596 1.0291 0.0103327 0.0257
0.684564 1.59596 1.02895 0.0110313 0.0254434
0.704698 1.59596 1.02875 0.0117076 0.0251314
0.724832 1.59596 1.02852 0.012358 0.0247658
0.744966 1.59596 1.02825 0.0129788 0.0243487
0.765101 1.59596 1.02794 0.0135668 0.0238822
0.785235 1.59596 1.02759 0.0141187 0.0233688
0.805369 1.59596 1.0272 0.0146315 0.0228115
0.825503 1.59596 1.02678 0.0151022 0.0222133
0.845638 1.59596 1.02633 0.0155283 0.0215778
0.865772 1.59596 1.02584 0.0159074 0.0209087
0.885906 1.59596 1.02532 0.0162376 0.02021
0.90604 1.59596 1.02478 0.0165173 0.0194859
0.926174 1.59596 1.02421 0.0167453 0.018741
0.946309 1.59596 1.02362 0.016921 0.0179798
0.966443 1.59596 1.02301 0.0170441 0.017207
0.986577 1.59596 1.02239 0.0171149 0.0164272
1.00671 1.59596 1.02174 0.017134 0.0156451
1.02685 1.59596 1.02109 0.0171028 0.014865
1.04698 1.59596 1.02043 0.0170229 0.0140913
1.06711 1.59596 1.01976 0.0168963 0.0133279
1.08725 1.59596 1.01909 0.0167254 0.0125784
1.10738 1.59596 1.01841 0.0165131 0.0118462
1.12752 1.59596 1.01774 0.0162623 0.0111341
1.14765 1.59596 1.01707 0.0159762 0.0104446
1.16779 1.59596 1.01641 0.0156581 0.00977971
1.18792 1.59596 1.01575 0.0153113 0.00914113
1.20805 1.59596 1.0151 0.0149394 0.00853004
1.22819 1.59596 1.01446 0.0145455 0.0079473
1.24832 1.59596 1.01383 0.0141331 0.00739339
1.26846 1.59596 1.01322 0.0137054 0.00686849
1.28859 1.59596 1.01261 0.0132653 0.0063725
1.30872 1.59596 1.01203 0.0128157 0.00590505
1.32886 1.59596 1.01145 0.0123595 0.00546559
1.34899 1.59596 1.01089 0.011899 0.00505337
1.36913 1.59596 1.01035 0.0114367 0.00466752
1.38926 1.59596 1.00983 0.0109746 0.00430705
1.4094 1.59596 1.00932 0.0105148 0.00397089
1.42953 1.59596 1.00883 0.0100589 0.00365791
1.44966 1.59596 1.00835 0.00960863 0.00336696
1.4698 1.59596 1.0079 0.00916525 0.00309686
1.48993 1.59596 1.00746 0.00873003 0.00284644
1.51007 1.59596 1.00703 0.00830404 0.00261452
1.5302 1.59596 1.00663 0.00788819 0.00239999
1.55034 1.59596 1.00624 0.00748327 0.00220172
1.57047 1.59596 1.00587 0.00708993 0.00201865
1.5906 1.59596 1.00551 0.00670869 0.00184976
1.61074 1.59596 1.00517 0.00633998 0.00169406
1.63087 1.59596 1.00485 0.00598411 0.00155063
1.65101 1.59596 1.00454 0.00564132 0.00141859
1.67114 1.59596 1.00425 0.00531175 0.00129711
1.69128 1.59596 1.00397 0.00499547 0.0011854
1.71141 1.59596 1.00371 0.00469248 0.00108273
1.73154 1.59596 1.00346 0.00440271 0.000988428
1.75168 1.59596 1.00322 0.00412604 0.000901842
1.77181 1.59596 1.003 0.00386232 0.000822382
1.79195 1.59596 1.00279 0.00361133 0.000749493
1.81208 1.59596 1.00259 0.00337283 0.000682662
1.83221 1.59596 1.0024 0.00314653 0.000621412
1.85235 1.59596 1.00223 0.00293213 0.000565303
1.87248 1.59596 1.00206 0.00272929 0.000513927
1.89262 1.59596 1.00191 0.00253767 0.000466908
1.91275 1.59596 1.00176 0.00235689 0.000423897
1.93289 1.59596 1.00162 0.00218659 0.000384576
1.95302 1.59596 1.0015 0.00202636 0.000348648
1.97315 1.59596 1.00138 0.00187583 0.000315842
1.99329 1.59596 1.00127 0.00173458 0.000285905
2.01342 1.59596 1.00117 0.00160222 0.000258607
2.03356 1.59596 1.00107 0.00147836 0.000233734
2.05369 1.59596 1.00098 0.00136259 0.000211089
2.07383 1.59596 1.0009 0.00125454 0.000190491
2.09396 1.59596 1.00082 0.00115381 0.000171771
2.11409 1.59596 1.00075 0.00106003 0.000154773
2.13423 1.59596 1.00069 0.000972832 0.000139355
2.15436 1.59596 1.00063 0.000891854 0.000125382
2.1745 1.59596 1.00057 0.000816749 0.000112732
2.19463 1.59596 1.00052 0.000747177 0.00010129
2.21477 1.59596 1.00047 0.000682812 9.09513e-05
2.2349 1.59596 1.00043 0.000623338 8.16181e-05
2.25503 1.59596 1.00039 0.00056845 7.32003e-05
2.27517 1.59596 1.00035 0.000517857 6.56148e-05
2.2953 1.59596 1.00032 0.00047128 5.87851e-05
2.31544 1.59596 1.00029 0.00042845 5.26408e-05
2.33557 1.59596 1.00026 0.000389113 4.71173e-05
2.3557 1.59596 1.00024 0.000353026 4.21555e-05
2.37584 1.59596 1.00021 0.000319959 3.77012e-05
2.39597 1.59596 1.00019 0.000289694 3.37049e-05
2.41611 1.59596 1.00017 0.000262024 3.01217e-05
2.43624 1.59596 1.00016 0.000236755 2.69105e-05
2.45638 1.59596 1.00014 0.000213702 2.40344e-05
2.47651 1.59596 1.00013 0.000192693 2.14594e-05
2.49664 1.59596 1.00011 0.000173567 1.91552e-05
2.51678 1.59596 1.0001 0.000156171 1.70941e-05
2.53691 1.59596 1.00009 0.000140363 1.52514e-05
2.55705 1.59596 1.00008 0.000126012 1.36044e-05
2.57718 1.59596 1.00007 0.000112992 1.21331e-05
2.59732 1.59596 1.00007 0.00010119 1.08192e-05
2.61745 1.59596 1.00006 9.04967e-05 9.64616e-06
2.63758 1.59596 1.00005 8.08142e-05 8.5993e-06
2.65772 1.59596 1.00005 7.20495e-05 7.66523e-06
2.67785 1.59596 1.00004 6.41167e-05 6.83185e-06
2.69799 1.59596 1.00004 5.69366e-05 6.0882e-06
2.71812 1.59596 1.00003 5.04352e-05 5.42429e-06
2.73826 1.59596 1.00003 4.45443e-05 4.83097e-06
2.75839 1.59596 1.00003 3.92006e-05 4.29977e-06
2.77852 1.59596 1.00002 3.43455e-05 3.82277e-06
2.79866 1.59596 1.00002 2.99243e-05 3.39248e-06
2.81879 1.59596 1.00002 2.58867e-05 3.00167e-06
2.83893 1.59596 1.00002 2.21854e-05 2.64326e-06
2.85906 1.59596 1.00002 1.87769e-05 2.31014e-06
2.87919 1.59596 1.00002 1.56202e-05 1.99499e-06
2.89933 1.59596 1.00001 1.26773e-05 1.69017e-06
2.91946 1.59596 1.00001 9.9126e-06 1.38744e-06
2.9396 1.59596 1.00001 7.2927e-06 1.07779e-06
2.95973 1.59596 1.00001 4.78643e-06 7.51177e-07
2.97987 1.59596 1.00001 2.36454e-06 3.96249e-07
3 1.59596 1.00001 0 0

0 1.61616 1.01898 0 0
0.0201342 1.61616 1.01934 -0.000620044 0.00164233
0.0402685 1.61616 1.0197 -0.00116968 0.00322432
0.0604027 1.61616 1.02009 -0.00164812 0.004748
0.0805369 1.61616 1.02048 -0.00205435 0.00621505
0.100671 1.61616 1.0209 -0.00238752 0.00762675
0.120805 1.61616 1.02132 -0.00264703 0.00898401
0.14094 1.61616 1.02176 -0.00283265 0.0102874
0.161074 1.61616 1.0222 -0.00294465 0.0115372
0.181208 1.61616 1.02265 -0.00298381 0.0127333
0.201342 1.61616 1.0231 -0.00295143 0.0138755
0.221477 1.61616 1.02355 -0.00284936 0.0149634
0.241611 1.61616 1.024 -0.00267992 0.0159963
0.261745 1.61616 1.02445 -0.0024459 0.0169736
0.281879 1.61616 1.02488 -0.00215045 0.0178946
0.302013 1.61616 1.02531 -0.0017971 0.0187586
0.322148 1.61616 1.02572 -0.00138959 0.0195651
0.342282 1.61616 1.02611 -0.000931924 0.0203134
0.362416 1.61616 1.02649 -0.000428218 0.021003
0.38255 1.61616 1.02684 0.000117295 0.0216336
0.402685 1.61616 1.02717 0.000700328 0.0222049
0.422819 1.61616 1.02747 0.00131657 0.0227166
0.442953 1.61616 1.02775 0.00196174 0.0231688
0.463087 1.61616 1.028 0.00263155 0.0235613
0.483221 1.61616 1.02821 0.0033218 0.0238945
0.503356 1.61616 1.02839 0.00402833 0.0241683
0.52349 1.61616 1.02854 0.00474706 0.0243833
0.543624 1.61616 1.02866 0.00547395 0.0245397
0.563758 1.61616 1.02873 0.00620506 0.024638
0.583893 1.61616 1.02878 0.00693651 0.0246788
0.604027 1.61616 1.02878 0.00766445 0.0246628
0.624161 1.61616 1.02874 0.00838514 0.0245907
0.644295 1.61616 1.02867 0.00909486 0.0244635
0.66443 1.61616 1.02855 0.00978997 0.0242823
0.684564 1.61616 1.0284 0.0104669 0.0240483
0.704698 1.61616 1.02821 0.0111221 0.0237629
0.724832 1.61616 1.02798 0.0117522 0.0234278
0.744966 1.61616 1.02771 0.0123538 0.0230448
0.765101 1.61616 1.02741 0.0129237 0.0226159
0.785235 1.61616 1.02707 0.013459 0.0221437
0.805369 1.61616 1.02669 0.0139566 0.0216307
0.825503 1.61616 1.02628 0.014414 0.0210798
0.845638 1.61616 1.02584 0.0148288 0.0204942
0.865772 1.61616 1.02536 0.0151988 0.0198772
0.885906 1.61616 1.02486 0.0155221 0.0192327
0.90604 1.61616 1.02433 0.0157975 0.0185644
0.926174 1.61616 1.02378 0.0160238 0.0178764
0.946309 1.61616 1.02321 0.0162004 0.0171728
0.966443 1.61616 1.02262 0.0163271 0.0164577
0.986577 1.61616 1.02201 0.0164042 0.0157355
1.00671 1.61616 1.02138 0.0164322 0.0150102
1.02685 1.61616 1.02075 0.0164124 0.0142859
1.04698 1.61616 1.0201 0.0163461 0.0135663
1.06711 1.61616 1.01945 0.0162354 0.0128552
1.08725 1.61616 1.0188 0.0160824 0.0121558
1.10738 1.61616 1.01814 0.0158895 0.0114712
1.12752 1.61616 1.01749 0.0156596 0.010804
1.14765 1.61616 1.01683 0.0153955 0.0101566
1.16779 1.61616 1.01618 0.0151003 0.00953091
1.18792 1.61616 1.01554 0.014777 0.00892849
1.20805 1.61616 1.0149 0.014429 0.00835057
1.22819 1.61616 1.01427 0.0140592 0.00779806
1.24832 1.61616 1.01366 0.0136708 0.00727151
1.26846 1.61616 1.01305 0.0132668 0.00677122
1.28859 1.61616 1.01246 0.01285 0.00629719
1.30872 1.61616 1.01188 0.0124233 0.00584924
1.32886 1.61616 1.01132 0.0119892 0.00542694
1.34899 1.61616 1.01077 0.0115503 0.00502972
1.36913 1.61616 1.01023 0.0111086 0.00465689
1.38926 1.61616 1.00972 0.0106664 0.00430761
1.4094 1.61616 1.00922 0.0102255 0.00398098
1.42953 1.61616 1.00873 0.00978778 0.00367604
1.44966 1.61616 1.00826 0.00935466 0.00339178
1.4698 1.61616 1.00781 0.00892759 0.00312716
1.48993 1.61616 1.00738 0.0085078 0.00288115
1.51007 1.61616 1.00696 0.0080964 0.00265271
1.5302 1.61616 1.00656 0.00769431 0.00244081
1.55034 1.61616 1.00617 0.00730235 0.00224445
1.57047 1.61616 1.0058 0.0069212 0.00206266
1.5906 1.61616 1.00545 0.00655143 0.0018945
1.61074 1.61616 1.00512 0.00619348 0.00173907
1.63087 1.61616 1.0048 0.00584771 0.00159551
1.65101 1.61616 1.00449 0.00551439 0.00146301
1.67114 1.61616 1.0042 0.0051937 0.00134078
1.69128 1.61616 1.00393 0.00488572 0.0012281
1.71141 1.61616 1.00367 0.0045905 0.00112428
1.73154 1.61616 1.00342 0.00430801 0.00102867
1.75168 1.61616 1.00318 0.00403815 0.000940676
1.77181 1.61616 1.00296 0.00378078 0.000859719
1.79195 1.61616 1.00276 0.00353574 0.000785275
1.81208 1.61616 1.00256 0.00330278 0.000716853
1.83221 1.61616 1.00237 0.00308166 0.000653995
1.85235 1.61616 1.0022 0.00287209 0.000596276
1.87248 1.61616 1.00204 0.00267376 0.000543302
1.89262 1.61616 1.00188 0.00248634 0.000494708
1.91275 1.61616 1.00174 0.00230949 0.000450154
1.93289 1.61616 1.00161 0.00214283 0.000409327
1.95302 1.61616 1.00148 0.00198601 0.000371938
1.97315 1.61616 1.00136 0.00183864 0.000337718
1.99329 1.61616 1.00125 0.00170033 0.00030642
2.01342 1.61616 1.00115 0.00157071 0.000277814
2.03356 1.61616 1.00106 0.0014494 0.000251688
2.05369 1.61616 1.00097 0.001336 0.000227845
2.07383 1.61616 1.00089 0.00123014 0.000206104
2.09396 1.61616 1.00081 0.00113144 0.000186296
2.11409 1.61616 1.00074 0.00103954 0.000168266
2.13423 1.61616 1.00068 0.000954089 0.000151868
2.15436 1.61616 1.00062 0.000874723 0.000136968
2.1745 1.61616 1.00056 0.000801106 0.000123442
2.19463 1.61616 1.00051 0.000732907 0.000111175
2.21477 1.61616 1.00047 0.000669807 0.000100059
2.2349 1.61616 1.00043 0.000611497 8.99966e-05
2.25503 1.61616 1.00039 0.000557679 8.08949e-05
2.27517 1.61616 1.00035 0.000508069 7.26696e-05
2.2953 1.61616 1.00032 0.000462391 6.52426e-05
2.31544 1.61616 1.00029 0.000420387 5.85419e-05
2.33557 1.61616 1.00026 0.000381804 5.25011e-05
2.3557 1.61616 1.00023 0.000346407 4.70594e-05
2.37584 1.61616 1.00021 0.00031397 4.21608e-05
2.39597 1.61616 1.00019 0.00028428 3.77541e-05
2.41611 1.61616 1.00017 0.000257133 3.37926e-05
2.43624 1.61616 1.00015 0.00023234 3.02335e-05
2.45638 1.61616 1.00014 0.00020972 2.70378e-05
2.47651 1.61616 1.00013 0.000189105 2.41702e-05
2.49664 1.61616 1.00011 0.000170337 2.15984e-05
2.51678 1.61616 1.0001 0.000153265 1.92933e-05
2.53691 1.61616 1.00009 0.000137752 1.72282e-05
2.55705 1.61616 1.00008 0.000123667 1.53791e-05
2.57718 1.61616 1.00007 0.000110889 1.37245e-05
2.59732 1.61616 1.00006 9.93053e-05 1.22445e-05
2.61745 1.61616 1.00006 8.88108e-05 1.09215e-05
2.63758 1.61616 1.00005 7.93079e-05 9.73918e-06
2.65772 1.61616 1.00005 7.07057e-05 8.6831e-06
2.67785 1.61616 1.00004 6.29203e-05 7.73996e-06
2.69799 1.61616 1.00004 5.58737e-05 6.8977e-06
2.71812 1.61616 1.00003 4.94934e-05 6.14528e-06
2.73826 1.61616 1.00003 4.37125e-05 5.47255e-06
2.75839 1.61616 1.00003 3.84688e-05 4.87007e-06
2.77852 1.61616 1.00002 3.37046e-05 4.32902e-06
2.79866 1.61616 1.00002 2.93666e-05 3.84099e-06
2.81879 1.61616 1.00002 2.54049e-05 3.39787e-06
2.83893 1.61616 1.00002 2.17735e-05 2.99167e-06
2.85906 1.61616 1.00002 1.84293e-05 2.61434e-06
2.87919 1.61616 1.00001 1.53321e-05 2.2576e-06
2.89933 1.61616 1.00001 1.24446e-05 1.91273e-06
2.91946 1.61616 1.00001 9.73162e-06 1.57037e-06
2.9396 1.61616 1.00001 7.16041e-06 1.2202e-06
2.95973 1.61616 1.00001 4.70025e-06 8.50746e-07
2.97987 1.61616 1.00001 2.32232e-06 4.48986e-07
3 1.61616 1.00001 0 0

0 1.63636 1.01866 0 0
0.0201342 1.63636 1.01902 -0.000623573 0.0015711
0.0402685 1.63636 1.01939 -0.00117657 0.00308093
0.0604027 1.63636 1.01977 -0.00165848 0.0045313
0.0805369 1.63636 1.02017 -0.00206851 0.00592388
0.100671 1.63636 1.02058 -0.00240606 0.00726013
0.120805 1.63636 1.021 -0.00267074 0.00854129
0.14094 1.63636 1.02143 -0.00286251 0.00976838
0.161074 1.63636 1.02187 -0.00298179 0.0109421
0.181208 1.63636 1.02231 -0.0030295 0.0120631
0.201342 1.63636 1.02276 -0.00300702 0.0131315
0.221477 1.63636 1.0232 -0.00291625 0.0141475
0.241611 1.63636 1.02364 -0.00275953 0.0151109
0.261745 1.63636 1.02408 -0.00253962 0.0160217
0.281879 1.63636 1.02451 -0.00225964 0.0168794
0.302013 1.63636 1.02492 -0.001923 0.0176838
0.322148 1.63636 1.02532 -0.0015334 0.0184345
0.342282 1.63636 1.02571 -0.0010947 0.0191311
0.362416 1.63636 1.02607 -0.000610913 0.0197733
0.38255 1.63636 1.02642 -8.61617e-05 0.0203609
0.402685 1.63636 1.02674 0.000475383 0.0208936
0.422819 1.63636 1.02703 0.00106952 0.0213713
0.442953 1.63636 1.0273 0.00169206 0.021794
0.463087 1.63636 1.02754 0.00233884 0.0221616
0.483221 1.63636 1.02775 0.00300572 0.0224743
0.503356 1.63636 1.02792 0.00368864 0.0227322
0.52349 1.63636 1.02806 0.00438358 0.0229355
0.543624 1.63636 1.02817 0.0050866 0.0230847
0.563758 1.63636 1.02824 0.00579383 0.0231801
0.583893 1.63636 1.02828 0.00650144 0.0232223
0.604027 1.63636 1.02828 0.00720571 0.0232118
0.624161 1.63636 1.02824 0.00790294 0.0231495
0.644295 1.63636 1.02816 0.00858955 0.0230361
0.66443 1.63636 1.02805 0.00926198 0.0228726
0.684564 1.63636 1.0279 0.00991679 0.0226602
0.704698 1.63636 1.02771 0.0105506 0.0224003
0.724832 1.63636 1.02748 0.0111601 0.0220944
0.744966 1.63636 1.02722 0.0117422 0.0217441
0.765101 1.63636 1.02692 0.0122938 0.0213515
0.785235 1.63636 1.02658 0.0128121 0.0209187
0.805369 1.63636 1.02621 0.0132944 0.0204482
0.825503 1.63636 1.02581 0.0137381 0.0199426
0.845638 1.63636 1.02538 0.0141411 0.0194047
0.865772 1.63636 1.02492 0.0145015 0.0188379
0.885906 1.63636 1.02443 0.0148175 0.0182452
0.90604 1.63636 1.02391 0.0150878 0.0176303
0.926174 1.63636 1.02337 0.0153115 0.0169967
0.946309 1.63636 1.02282 0.015488 0.0163482
0.966443 1.63636 1.02224 0.0156172 0.0156886
0.986577 1.63636 1.02164 0.0156993 0.0150216
1.00671 1.63636 1.02104 0.0157348 0.014351
1.02685 1.63636 1.02042 0.0157248 0.0136804
1.04698 1.63636 1.01979 0.0156707 0.0130133
1.06711 1.63636 1.01915 0.0155742 0.0123529
1.08725 1.63636 1.01851 0.0154372 0.0117022
1.10738 1.63636 1.01787 0.015262 0.0110642
1.12752 1.63636 1.01723 0.0150513 0.0104412
1.14765 1.63636 1.01659 0.0148075 0.00983531
1.16779 1.63636 1.01595 0.0145336 0.0092485
1.18792 1.63636 1.01532 0.0142323 0.00868224
1.20805 1.63636 1.0147 0.0139068 0.00813774
1.22819 1.63636 1.01408 0.0135598 0.00761591
1.24832 1.63636 1.01348 0.0131942 0.00711738
1.26846 1.63636 1.01288 0.012813 0.0066425
1.28859 1.63636 1.0123 0.0124187 0.0061914
1.30872 1.63636 1.01173 0.0120142 0.00576399
1.32886 1.63636 1.01118 0.0116018 0.00536001
1.34899 1.63636 1.01064 0.0111839 0.00497903
1.36913 1.63636 1.01011 0.0107627 0.00462047
1.38926 1.63636 1.0096 0.0103402 0.00428367
1.4094 1.63636 1.0091 0.00991827 0.00396788
1.42953 1.63636 1.00863 0.00949868 0.00367227
1.44966 1.63636 1.00816 0.00908294 0.00339598
1.4698 1.63636 1.00772 0.00867245 0.0031381
1.48993 1.63636 1.00729 0.00826845 0.00289772
1.51007 1.63636 1.00687 0.00787204 0.00267393
1.5302 1.63636 1.00648 0.00748417 0.00246579
1.55034 1.63636 1.0061 0.00710567 0.00227242
1.57047 1.63636 1.00573 0.00673725 0.00209294
1.5906 1.63636 1.00539 0.0063795 0.00192649
1.61074 1.63636 1.00505 0.0060329 0.00177225
1.63087 1.63636 1.00474 0.00569782 0.00162944
1.65101 1.63636 1.00444 0.00537457 0.00149729
1.67114 1.63636 1.00415 0.00506335 0.00137509
1.69128 1.63636 1.00388 0.00476428 0.00126216
1.71141 1.63636 1.00362 0.00447743 0.00115785
1.73154 1.63636 1.00338 0.0042028 0.00106157
1.75168 1.63636 1.00314 0.00394031 0.00097274
1.77181 1.63636 1.00293 0.00368987 0.000890826
1.79195 1.63636 1.00272 0.0034513 0.000815329
1.81208 1.63636 1.00253 0.00322442 0.00074578
1.83221 1.63636 1.00234 0.00300898 0.000681744
1.85235 1.63636 1.00217 0.00280474 0.000622812
1.87248 1.63636 1.00201 0.00261138 0.000568606
1.89262 1.63636 1.00186 0.00242862 0.000518773
1.91275 1.63636 1.00172 0.00225611 0.000472985
1.93289 1.63636 1.00158 0.00209351 0.000430939
1.95302 1.63636 1.00146 0.00194047 0.000392352
1.97315 1.63636 1.00134 0.00179663 0.000356961
1.99329 1.63636 1.00124 0.00166161 0.000324523
2.01342 1.63636 1.00114 0.00153506 0.000294814
2.03356 1.63636 1.00104 0.00141659 0.000267622
2.05369 1.63636 1.00096 0.00130584 0.000242754
2.07383 1.63636 1.00088 0.00120245 0.000220029
2.09396 1.63636 1.0008 0.00110604 0.00019928
2.11409 1.63636 1.00073 0.00101626 0.000180352
2.13423 1.63636 1.00067 0.000932766 0.000163098
2.15436 1.63636 1.00061 0.000855217 0.000147386
2.1745 1.63636 1.00056 0.00078328 0.00013309
2.19463 1.63636 1.00051 0.000716632 0.000120094
2.21477 1.63636 1.00046 0.000654963 0.00010829
2.2349 1.63636 1.00042 0.00059797 9.75796e-05
2.25503 1.63636 1.00038 0.000545365 8.78691e-05
2.27517 1.63636 1.00034 0.000496869 7.9073e-05
2.2953 1.63636 1.00031 0.000452215 7.11119e-05
2.31544 1.63636 1.00028 0.000411148 6.39125e-05
2.33557 1.63636 1.00026 0.000373425 5.74072e-05
2.3557 1.63636 1.00023 0.000338815 5.15338e-05
2.37584 1.63636 1.00021 0.000307096 4.62348e-05
2.39597 1.63636 1.00019 0.000278061 4.14576e-05
2.41611 1.63636 1.00017 0.000251513 3.71539e-05
2.43624 1.63636 1.00015 0.000227265 3.32796e-05
2.45638 1.63636 1.00014 0.000205142 2.97941e-05
2.47651 1.63636 1.00012 0.000184979 2.66605e-05
2.49664 1.63636 1.00011 0.00016662 2.38453e-05
2.51678 1.63636 1.0001 0.000149921 2.13176e-05
2.53691 1.63636 1.00009 0.000134746 1.90496e-05
2.55705 1.63636 1.00008 0.000120968 1.70159e-05
2.57718 1.63636 1.00007 0.000108469 1.51935e-05
2.59732 1.63636 1.00006 9.7137e-05 1.35615e-05
2.61745 1.63636 1.00006 8.68708e-05 1.21008e-05
2.63758 1.63636 1.00005 7.75747e-05 1.07942e-05
2.65772 1.63636 1.00005 6.91599e-05 9.62599e-06
2.67785 1.63636 1.00004 6.15443e-05 8.58192e-06
2.69799 1.63636 1.00004 5.46514e-05 7.6489e-06
2.71812 1.63636 1.00003 4.84106e-05 6.81496e-06
2.73826 1.63636 1.00003 4.27564e-05 6.06904e-06
2.75839 1.63636 1.00003 3.76278e-05 5.40086e-06
2.77852 1.63636 1.00002 3.29685e-05 4.80075e-06
2.79866 1.63636 1.00002 2.8726e-05 4.25947e-06
2.81879 1.63636 1.00002 2.48519e-05 3.76809e-06
2.83893 1.63636 1.00002 2.13007e-05 3.31778e-06
2.85906 1.63636 1.00002 1.80304e-05 2.89961e-06
2.87919 1.63636 1.00001 1.50017e-05 2.50439e-06
2.89933 1.63636 1.00001 1.21777e-05 2.12239e-06
2.91946 1.63636 1.00001 9.52409e-06 1.74313e-06
2.9396 1.63636 1.00001 7.00874e-06 1.35507e-06
2.95973 1.63636 1.00001 4.60144e-06 9.45308e-07
2.97987 1.63636 1.00001 2.27392e-06 4.99217e-07
3 1.63636 1.00001 0 0

0 1.65657 1.01834 0 0
0.0201342 1.65657 1.0187 -0.000626989 0.00149995
0.0402685 1.65657 1.01907 -0.00118338 0.00293783
0.0604027 1.65657 1.01945 -0.0016688 0.00431522
0.0805369 1.65657 1.01985 -0.00208263 0.00563377
0.100671 1.65657 1.02026 -0.00242443 0.00689514
0.120805 1.65657 1.02068 -0.00269397 0.00810089
0.14094 1.65657 1.0211 -0.00289139 0.00925246
0.161074 1.65657 1.02154 -0.00301728 0.0103511
0.181208 1.65657 1.02198 -0.00307267 0.0113978
0.201342 1.65657 1.02242 -0.00305908 0.0123934
0.221477 1.65657 1.02286 -0.00297848 0.0133385
0.241611 1.65657 1.0233 -0.00283327 0.0142336
0.261745 1.65657 1.02373 -0.00262622 0.0150787
0.281879 1.65657 1.02415 -0.00236044 0.015874
0.302013 1.65657 1.02456 -0.00203931 0.0166195
0.322148 1.65657 1.02496 -0.00166646 0.0173151
0.342282 1.65657 1.02533 -0.00124567 0.0179606
0.362416 1.65657 1.02569 -0.000780864 0.0185559
0.38255 1.65657 1.02603 -0.000276058 0.0191008
0.402685 1.65657 1.02634 0.000264678 0.0195952
0.422819 1.65657 1.02663 0.000837254 0.0200391
0.442953 1.65657 1.02689 0.00143758 0.0204323
0.463087 1.65657 1.02712 0.00206159 0.0207749
0.483221 1.65657 1.02732 0.00270525 0.021067
0.503356 1.65657 1.02749 0.00336459 0.0213087
0.52349 1.65657 1.02763 0.00403569 0.0215002
0.543624 1.65657 1.02773 0.00471469 0.0216418
0.563758 1.65657 1.02779 0.00539782 0.0217338
0.583893 1.65657 1.02783 0.00608135 0.0217769
0.604027 1.65657 1.02782 0.00676163 0.0217713
0.624161 1.65657 1.02778 0.0074351 0.021718
0.644295 1.65657 1.0277 0.00809827 0.0216176
0.66443 1.65657 1.02758 0.00874771 0.021471
0.684564 1.65657 1.02743 0.00938009 0.0212793
0.704698 1.65657 1.02724 0.00999219 0.0210438
0.724832 1.65657 1.02702 0.0105809 0.0207659
0.744966 1.65657 1.02676 0.0111431 0.020447
0.765101 1.65657 1.02646 0.0116761 0.0200892
0.785235 1.65657 1.02613 0.0121771 0.0196942
0.805369 1.65657 1.02577 0.0126437 0.0192644
0.825503 1.65657 1.02537 0.0130734 0.0188022
0.845638 1.65657 1.02495 0.0134642 0.0183102
0.865772 1.65657 1.0245 0.0138144 0.0177912
0.885906 1.65657 1.02402 0.0141223 0.0172483
0.90604 1.65657 1.02351 0.0143869 0.0166844
0.926174 1.65657 1.02299 0.0146073 0.0161031
0.946309 1.65657 1.02244 0.0147828 0.0155075
0.966443 1.65657 1.02188 0.0149134 0.014901
0.986577 1.65657 1.0213 0.0149993 0.0142872
1.00671 1.65657 1.0207 0.0150411 0.0136692
1.02685 1.65657 1.0201 0.0150396 0.0130505
1.04698 1.65657 1.01948 0.0149961 0.012434
1.06711 1.65657 1.01886 0.0149122 0.0118228
1.08725 1.65657 1.01824 0.0147897 0.0112197
1.10738 1.65657 1.01761 0.0146307 0.0106271
1.12752 1.65657 1.01698 0.0144375 0.0100474
1.14765 1.65657 1.01635 0.0142125 0.00948262
1.16779 1.65657 1.01573 0.0139584 0.0089344
1.18792 1.65657 1.01511 0.0136778 0.00840422
1.20805 1.65657 1.0145 0.0133734 0.00789328
1.22819 1.65657 1.01389 0.0130479 0.00740247
1.24832 1.65657 1.0133 0.0127042 0.00693246
1.26846 1.65657 1.01271 0.0123448 0.00648366
1.28859 1.65657 1.01214 0.0119723 0.00605629
1.30872 1.65657 1.01158 0.0115892 0.00565036
1.32886 1.65657 1.01103 0.0111979 0.00526571
1.34899 1.65657 1.0105 0.0108007 0.00490203
1.36913 1.65657 1.00998 0.0103997 0.00455888
1.38926 1.65657 1.00947 0.00999672 0.00423574
1.4094 1.65657 1.00899 0.00959374 0.00393197
1.42953 1.65657 1.00851 0.00919238 0.00364689
1.44966 1.65657 1.00806 0.00879418 0.00337975
1.4698 1.65657 1.00762 0.0084005 0.00312978
1.48993 1.65657 1.00719 0.00801258 0.00289618
1.51007 1.65657 1.00678 0.00763152 0.00267814
1.5302 1.65657 1.00639 0.00725828 0.00247485
1.55034 1.65657 1.00602 0.0068937 0.00228551
1.57047 1.65657 1.00566 0.00653851 0.00210933
1.5906 1.65657 1.00532 0.0061933 0.00194553
1.61074 1.65657 1.00499 0.00585858 0.00179339
1.63087 1.65657 1.00467 0.00553476 0.00165216
1.65101 1.65657 1.00438 0.00522214 0.00152117
1.67114 1.65657 1.00409 0.00492096 0.00139976
1.69128 1.65657 1.00382 0.00463138 0.00128729
1.71141 1.65657 1.00357 0.00435347 0.00118317
1.73154 1.65657 1.00333 0.00408725 0.00108684
1.75168 1.65657 1.0031 0.0038327 0.000997761
1.77181 1.65657 1.00288 0.00358971 0.000915437
1.79195 1.65657 1.00268 0.00335815 0.000839394
1.81208 1.65657 1.00249 0.00313785 0.000769191
1.83221 1.65657 1.00231 0.0029286 0.000704414
1.85235 1.65657 1.00214 0.00273015 0.000644675
1.87248 1.65657 1.00198 0.00254223 0.000589613
1.89262 1.65657 1.00183 0.00236455 0.00053889
1.91275 1.65657 1.00169 0.0021968 0.000492191
1.93289 1.65657 1.00156 0.00203866 0.000449223
1.95302 1.65657 1.00144 0.00188979 0.000409712
1.97315 1.65657 1.00132 0.00174983 0.000373403
1.99329 1.65657 1.00122 0.00161845 0.000340059
2.01342 1.65657 1.00112 0.00149528 0.000309461
2.03356 1.65657 1.00103 0.00137997 0.000281402
2.05369 1.65657 1.00094 0.00127215 0.000255692
2.07383 1.65657 1.00086 0.00117148 0.000232152
2.09396 1.65657 1.00079 0.00107761 0.000210617
2.11409 1.65657 1.00072 0.000990184 0.000190933
2.13423 1.65657 1.00066 0.000908874 0.000172956
2.15436 1.65657 1.0006 0.000833346 0.000156552
2.1745 1.65657 1.00055 0.000763278 0.000141597
2.19463 1.65657 1.0005 0.000698359 0.000127975
2.21477 1.65657 1.00045 0.000638284 0.000115579
2.2349 1.65657 1.00041 0.000582763 0.000104308
2.25503 1.65657 1.00037 0.000531512 9.40685e-05
2.27517 1.65657 1.00034 0.000484262 8.4775e-05
2.2953 1.65657 1.00031 0.000440753 7.63471e-05
2.31544 1.65657 1.00028 0.000400737 6.87107e-05
2.33557 1.65657 1.00025 0.000363978 6.17973e-05
2.3557 1.65657 1.00023 0.00033025 5.55435e-05
2.37584 1.65657 1.0002 0.000299338 4.9891e-05
2.39597 1.65657 1.00018 0.000271041 4.47859e-05
2.41611 1.65657 1.00017 0.000245166 4.01788e-05
2.43624 1.65657 1.00015 0.000221532 3.60243e-05
2.45638 1.65657 1.00013 0.000199968 3.22808e-05
2.47651 1.65657 1.00012 0.000180314 2.891e-05
2.49664 1.65657 1.00011 0.000162418 2.58771e-05
2.51678 1.65657 1.0001 0.00014614 2.31503e-05
2.53691 1.65657 1.00009 0.000131347 2.07004e-05
2.55705 1.65657 1.00008 0.000117916 1.85009e-05
2.57718 1.65657 1.00007 0.000105731 1.65277e-05
2.59732 1.65657 1.00006 9.46842e-05 1.47587e-05
2.61745 1.65657 1.00006 8.46764e-05 1.31739e-05
2.63758 1.65657 1.00005 7.56143e-05 1.17551e-05
2.65772 1.65657 1.00004 6.74116e-05 1.04856e-05
2.67785 1.65657 1.00004 5.99881e-05 9.35025e-06
2.69799 1.65657 1.00004 5.32694e-05 8.33508e-06
2.71812 1.65657 1.00003 4.71865e-05 7.42731e-06
2.73826 1.65657 1.00003 4.16756e-05 6.61508e-06
2.75839 1.65657 1.00003 3.66773e-05 5.88735e-06
2.77852 1.65657 1.00002 3.21366e-05 5.23369e-06
2.79866 1.65657 1.00002 2.80024e-05 4.64413e-06
2.81879 1.65657 1.00002 2.42272e-05 4.10899e-06
2.83893 1.65657 1.00002 2.07669e-05 3.61868e-06
2.85906 1.65657 1.00002 1.75801e-05 3.16345e-06
2.87919 1.65657 1.00001 1.46286e-05 2.73324e-06
2.89933 1.65657 1.00001 1.18765e-05 2.31738e-06
2.91946 1.65657 1.00001 9.28995e-06 1.90433e-06
2.9396 1.65657 1.00001 6.83763e-06 1.48135e-06
2.95973 1.65657 1.00001 4.48999e-06 1.03418e-06
2.97987 1.65657 1.00001 2.21933e-06 5.46602e-07
3 1.65657 1.00001 0 0

0 1.67677 1.01802 0 0
0.0201342 1.67677 1.01837 -0.000630172 0.00142909
0.0402685 1.67677 1.01874 -0.00118987 0.00279531
0.0604027 1.67677 1.01913 -0.00167877 0.00410002
0.0805369 1.67677 1.01953 -0.00209631 0.0053449
0.100671 1.67677 1.01994 -0.00244215 0.00653179
0.120805 1.67677 1.02036 -0.00271619 0.00766261
0.14094 1.67677 1.02079 -0.00291873 0.00873923
0.161074 1.67677 1.02122 -0.0030505 0.00976339
0.181208 1.67677 1.02166 -0.00311271 0.0107366
0.201342 1.67677 1.0221 -0.00310702 0.0116603
0.221477 1.67677 1.02254 -0.00303552 0.0125354
0.241611 1.67677 1.02298 -0.00290069 0.0133629
0.261745 1.67677 1.0234 -0.00270536 0.0141433
0.281879 1.67677 1.02382 -0.00245265 0.0148771
0.302013 1.67677 1.02422 -0.00214595 0.0155645
0.322148 1.67677 1.02461 -0.00178883 0.0162058
0.342282 1.67677 1.02499 -0.00138503 0.0168009
0.362416 1.67677 1.02534 -0.000938389 0.0173498
0.38255 1.67677 1.02567 -0.000452837 0.0178525
0.402685 1.67677 1.02598 6.76562e-05 0.018309
0.422819 1.67677 1.02626 0.000619103 0.0187193
0.442953 1.67677 1.02651 0.00119752 0.0190832
0.463087 1.67677 1.02674 0.00179895 0.0194009
0.483221 1.67677 1.02693 0.00241947 0.0196724
0.503356 1.67677 1.0271 0.00305521 0.0198977
0.52349 1.67677 1.02723 0.00370236 0.0200771
0.543624 1.67677 1.02732 0.00435716 0.0202109
0.563758 1.67677 1.02738 0.00501594 0.0202992
0.583893 1.67677 1.02741 0.00567509 0.0203426
0.604027 1.67677 1.0274 0.00633107 0.0203415
0.624161 1.67677 1.02736 0.00698043 0.0202965
0.644295 1.67677 1.02728 0.0076198 0.0202083
0.66443 1.67677 1.02716 0.00824588 0.0200778
0.684564 1.67677 1.02701 0.00885548 0.0199059
0.704698 1.67677 1.02682 0.00944552 0.0196937
0.724832 1.67677 1.02659 0.010013 0.0194426
0.744966 1.67677 1.02633 0.0105551 0.0191539
0.765101 1.67677 1.02604 0.0110691 0.0188293
0.785235 1.67677 1.02572 0.0115525 0.0184706
0.805369 1.67677 1.02536 0.0120029 0.0180799
0.825503 1.67677 1.02497 0.0124182 0.0176593
0.845638 1.67677 1.02455 0.0127964 0.0172112
0.865772 1.67677 1.02411 0.0131358 0.0167381
0.885906 1.67677 1.02364 0.0134352 0.0162428
0.90604 1.67677 1.02314 0.0136934 0.015728
0.926174 1.67677 1.02263 0.0139095 0.0151966
0.946309 1.67677 1.02209 0.0140832 0.0146518
0.966443 1.67677 1.02154 0.0142142 0.0140965
0.986577 1.67677 1.02097 0.0143029 0.0135337
1.00671 1.67677 1.02038 0.0143496 0.0129665
1.02685 1.67677 1.01979 0.0143554 0.0123978
1.04698 1.67677 1.01919 0.0143212 0.0118304
1.06711 1.67677 1.01858 0.0142485 0.011267
1.08725 1.67677 1.01796 0.0141391 0.0107101
1.10738 1.67677 1.01735 0.0139947 0.010162
1.12752 1.67677 1.01673 0.0138177 0.00962484
1.14765 1.67677 1.01611 0.0136101 0.00910044
1.16779 1.67677 1.0155 0.0133744 0.00859042
1.18792 1.67677 1.01489 0.0131131 0.00809617
1.20805 1.67677 1.01429 0.0128288 0.00761882
1.22819 1.67677 1.0137 0.0125238 0.00715926
1.24832 1.67677 1.01311 0.0122009 0.00671816
1.26846 1.67677 1.01253 0.0118624 0.006296
1.28859 1.67677 1.01197 0.0115109 0.00589303
1.30872 1.67677 1.01142 0.0111487 0.00550936
1.32886 1.67677 1.01088 0.0107781 0.00514492
1.34899 1.67677 1.01035 0.0104012 0.0047995
1.36913 1.67677 1.00984 0.01002 0.00447278
1.38926 1.67677 1.00934 0.00963645 0.00416435
1.4094 1.67677 1.00886 0.00925234 0.00387368
1.42953 1.67677 1.0084 0.00886926 0.00360022
1.44966 1.67677 1.00794 0.00848872 0.00334333
1.4698 1.67677 1.00751 0.00811205 0.00310236
1.48993 1.67677 1.00709 0.00774049 0.00287661
1.51007 1.67677 1.00669 0.00737512 0.00266537
1.5302 1.67677 1.0063 0.00701691 0.00246795
1.55034 1.67677 1.00593 0.00666668 0.00228362
1.57047 1.67677 1.00558 0.00632518 0.00211169
1.5906 1.67677 1.00524 0.00599301 0.00195147
1.61074 1.67677 1.00491 0.0056707 0.00180228
1.63087 1.67677 1.00461 0.00535866 0.00166348
1.65101 1.67677 1.00431 0.00505723 0.00153444
1.67114 1.67677 1.00403 0.00476665 0.00141456
1.69128 1.67677 1.00377 0.0044871 0.00130325
1.71141 1.67677 1.00351 0.00421868 0.00119999
1.73154 1.67677 1.00328 0.00396144 0.00110423
1.75168 1.67677 1.00305 0.00371535 0.00101549
1.77181 1.67677 1.00284 0.00348035 0.000933301
1.79195 1.67677 1.00264 0.00325632 0.000857224
1.81208 1.67677 1.00245 0.00304311 0.000786845
1.83221 1.67677 1.00227 0.00284052 0.000721773
1.85235 1.67677 1.0021 0.00264834 0.000661642
1.87248 1.67677 1.00195 0.0024663 0.00060611
1.89262 1.67677 1.0018 0.00229415 0.000554855
1.91275 1.67677 1.00166 0.00213158 0.000507576
1.93289 1.67677 1.00153 0.00197829 0.000463993
1.95302 1.67677 1.00141 0.00183396 0.000423842
1.97315 1.67677 1.0013 0.00169825 0.000386879
1.99329 1.67677 1.0012 0.00157083 0.000352873
2.01342 1.67677 1.0011 0.00145137 0.000321611
2.03356 1.67677 1.00101 0.00133951 0.000292893
2.05369 1.67677 1.00092 0.00123491 0.000266533
2.07383 1.67677 1.00085 0.00113724 0.000242355
2.09396 1.67677 1.00077 0.00104615 0.000220198
2.11409 1.67677 1.00071 0.000961313 0.000199909
2.13423 1.67677 1.00065 0.000882403 0.000181348
2.15436 1.67677 1.00059 0.000809101 0.000164382
2.1745 1.67677 1.00054 0.000741094 0.000148887
2.19463 1.67677 1.00049 0.00067808 0.000134749
2.21477 1.67677 1.00044 0.000619766 0.00012186
2.2349 1.67677 1.0004 0.000565869 0.00011012
2.25503 1.67677 1.00037 0.000516116 9.94373e-05
2.27517 1.67677 1.00033 0.000470244 8.97244e-05
2.2953 1.67677 1.0003 0.000428003 8.09013e-05
2.31544 1.67677 1.00027 0.000389151 7.28934e-05
2.33557 1.67677 1.00025 0.000353459 6.56318e-05
2.3557 1.67677 1.00022 0.000320709 5.90524e-05
2.37584 1.67677 1.0002 0.000290694 5.30963e-05
2.39597 1.67677 1.00018 0.000263216 4.77087e-05
2.41611 1.67677 1.00016 0.000238089 4.28396e-05
2.43624 1.67677 1.00015 0.000215137 3.84424e-05
2.45638 1.67677 1.00013 0.000194196 3.44748e-05
2.47651 1.67677 1.00012 0.000175108 3.08976e-05
2.49664 1.67677 1.00011 0.000157729 2.76749e-05
2.51678 1.67677 1.0001 0.00014192 2.4774e-05
2.53691 1.67677 1.00009 0.000127553 2.21648e-05
2.55705 1.67677 1.00008 0.000114508 1.98198e-05
2.57718 1.67677 1.00007 0.000102674 1.7714e-05
2.59732 1.67677 1.00006 9.19457e-05 1.58245e-05
2.61745 1.67677 1.00005 8.22263e-05 1.41303e-05
2.63758 1.67677 1.00005 7.34256e-05 1.26124e-05
2.65772 1.67677 1.00004 6.54598e-05 1.12534e-05
2.67785 1.67677 1.00004 5.82508e-05 1.00372e-05
2.69799 1.67677 1.00003 5.17267e-05 8.94929e-06
2.71812 1.67677 1.00003 4.58203e-05 7.97607e-06
2.73826 1.67677 1.00003 4.04695e-05 7.10505e-06
2.75839 1.67677 1.00002 3.56168e-05 6.3245e-06
2.77852 1.67677 1.00002 3.12085e-05 5.62335e-06
2.79866 1.67677 1.00002 2.71952e-05 4.99099e-06
2.81879 1.67677 1.00002 2.35305e-05 4.41706e-06
2.83893 1.67677 1.00002 2.01715e-05 3.89128e-06
2.85906 1.67677 1.00002 1.70781e-05 3.40318e-06
2.87919 1.67677 1.00001 1.42129e-05 2.94189e-06
2.89933 1.67677 1.00001 1.15408e-05 2.49584e-06
2.91946 1.67677 1.00001 9.02907e-06 2.05249e-06
2.9396 1.67677 1.00001 6.64704e-06 1.59795e-06
2.95973 1.67677 1.00001 4.36587e-06 1.11663e-06
2.97987 1.67677 1.00001 2.15853e-06 5.90783e-07
3 1.67677 1.00001 0 0

0 1.69697 1.01769 0 0
0.0201342 1.69697 1.01805 -0.000632988 0.00135876
0.0402685 1.69697 1.01842 -0.00119579 0.0026537
0.0604027 1.69697 1.0188 -0.001688 0.00388603
0.0805369 1.69697 1.0192 -0.00210904 0.00505745
0.100671 1.69697 1.01962 -0.00245859 0.00617009
0.120805 1.69697 1.02004 -0.00273665 0.00722625
0.14094 1.69697 1.02047 -0.00294366 0.00822829
0.161074 1.69697 1.02091 -0.00308054 0.00917846
0.181208 1.69697 1.02135 -0.00314868 0.0100788
0.201342 1.69697 1.02179 -0.00314989 0.0109312
0.221477 1.69697 1.02223 -0.00308643 0.0117372
0.241611 1.69697 1.02267 -0.0029609 0.012498
0.261745 1.69697 1.02309 -0.00277622 0.0132145
0.281879 1.69697 1.02351 -0.00253556 0.0138877
0.302013 1.69697 1.02391 -0.00224233 0.0145179
0.322148 1.69697 1.0243 -0.00190007 0.0151056
0.342282 1.69697 1.02467 -0.00151249 0.015651
0.362416 1.69697 1.02502 -0.00108335 0.0161543
0.38255 1.69697 1.02534 -0.000616519 0.0166154
0.402685 1.69697 1.02565 -0.000115854 0.0170345
0.422819 1.69697 1.02592 0.000414756 0.0174115
0.442953 1.69697 1.02617 0.00097144 0.0177465
0.463087 1.69697 1.02639 0.00155035 0.0180394
0.483221 1.69697 1.02658 0.00214769 0.0182903
0.503356 1.69697 1.02674 0.00275969 0.0184993
0.52349 1.69697 1.02687 0.00338267 0.0186665
0.543624 1.69697 1.02696 0.004013 0.0187921
0.563758 1.69697 1.02702 0.0046471 0.0188764
0.583893 1.69697 1.02704 0.00528149 0.0189198
0.604027 1.69697 1.02703 0.00591277 0.0189226
0.624161 1.69697 1.02698 0.0065376 0.0188853
0.644295 1.69697 1.0269 0.00715273 0.0188087
0.66443 1.69697 1.02678 0.00775502 0.0186934
0.684564 1.69697 1.02662 0.00834142 0.0185403
0.704698 1.69697 1.02643 0.00890897 0.0183504
0.724832 1.69697 1.02621 0.00945485 0.0181249
0.744966 1.69697 1.02595 0.00997637 0.017865
0.765101 1.69697 1.02566 0.010471 0.0175723
0.785235 1.69697 1.02533 0.0109363 0.0172485
0.805369 1.69697 1.02498 0.0113701 0.0168952
0.825503 1.69697 1.0246 0.0117704 0.0165144
0.845638 1.69697 1.02418 0.0121355 0.0161084
0.865772 1.69697 1.02374 0.0124637 0.0156793
0.885906 1.69697 1.02328 0.0127539 0.0152296
0.90604 1.69697 1.02279 0.0130049 0.0147618
0.926174 1.69697 1.02228 0.0132161 0.0142785
0.946309 1.69697 1.02176 0.013387 0.0137824
0.966443 1.69697 1.02121 0.0135176 0.0132762
0.986577 1.69697 1.02065 0.013608 0.0127626
1.00671 1.69697 1.02008 0.0136586 0.0122443
1.02685 1.69697 1.0195 0.0136704 0.011724
1.04698 1.69697 1.0189 0.0136442 0.0112041
1.06711 1.69697 1.0183 0.0135816 0.0106871
1.08725 1.69697 1.0177 0.0134839 0.0101752
1.10738 1.69697 1.01709 0.013353 0.00967058
1.12752 1.69697 1.01649 0.0131907 0.00917511
1.14765 1.69697 1.01588 0.0129993 0.00869052
1.16779 1.69697 1.01528 0.0127809 0.00821829
1.18792 1.69697 1.01468 0.0125378 0.00775973
1.20805 1.69697 1.01408 0.0122723 0.00731592
1.22819 1.69697 1.0135 0.0119869 0.00688773
1.24832 1.69697 1.01292 0.0116838 0.00647584
1.26846 1.69697 1.01235 0.0113656 0.00608073
1.28859 1.69697 1.0118 0.0110344 0.00570273
1.30872 1.69697 1.01125 0.0106925 0.00534199
1.32886 1.69697 1.01072 0.010342 0.00499852
1.34899 1.69697 1.0102 0.00998508 0.0046722
1.36913 1.69697 1.0097 0.00962356 0.00436281
1.38926 1.69697 1.00921 0.00925932 0.00407003
1.4094 1.69697 1.00873 0.00889403 0.00379345
1.42953 1.69697 1.00827 0.0085293 0.00353261
1.44966 1.69697 1.00783 0.00816655 0.00328698
1.4698 1.69697 1.0074 0.00780712 0.00305601
1.48993 1.69697 1.00699 0.00745219 0.00283911
1.51007 1.69697 1.00659 0.00710285 0.00263567
1.5302 1.69697 1.00621 0.00676003 0.00244507
1.55034 1.69697 1.00584 0.00642459 0.0022667
1.57047 1.69697 1.00549 0.00609724 0.00209993
1.5906 1.69697 1.00516 0.00577861 0.00194416
1.61074 1.69697 1.00484 0.00546922 0.00179878
1.63087 1.69697 1.00453 0.0051695 0.00166321
1.65101 1.69697 1.00424 0.00487979 0.00153689
1.67114 1.69697 1.00397 0.00460036 0.00141926
1.69128 1.69697 1.0037 0.0043314 0.00130982
1.71141 1.69697 1.00346 0.00407303 0.00120806
1.73154 1.69697 1.00322 0.0038253 0.00111349
1.75168 1.69697 1.003 0.00358822 0.00102568
1.77181 1.69697 1.00279 0.00336173 0.000944175
1.79195 1.69697 1.00259 0.00314575 0.000868581
1.81208 1.69697 1.00241 0.00294013 0.000798508
1.83221 1.69697 1.00223 0.00274469 0.000733592
1.85235 1.69697 1.00207 0.00255925 0.000673491
1.87248 1.69697 1.00191 0.00238355 0.000617882
1.89262 1.69697 1.00177 0.00221736 0.000566462
1.91275 1.69697 1.00163 0.00206038 0.000518945
1.93289 1.69697 1.0015 0.00191234 0.000475064
1.95302 1.69697 1.00139 0.00177293 0.000434569
1.97315 1.69697 1.00128 0.00164183 0.000397224
1.99329 1.69697 1.00117 0.00151872 0.000362809
2.01342 1.69697 1.00108 0.00140328 0.000331119
2.03356 1.69697 1.00099 0.00129518 0.000301959
2.05369 1.69697 1.00091 0.00119409 0.000275149
2.07383 1.69697 1.00083 0.00109968 0.00025052
2.09396 1.69697 1.00076 0.00101163 0.000227913
2.11409 1.69697 1.00069 0.000929616 0.00020718
2.13423 1.69697 1.00063 0.00085333 0.000188181
2.15436 1.69697 1.00058 0.00078246 0.000170788
2.1745 1.69697 1.00053 0.000716706 0.000154878
2.19463 1.69697 1.00048 0.000655778 0.000140339
2.21477 1.69697 1.00044 0.000599392 0.000127064
2.2349 1.69697 1.0004 0.000547274 0.000114954
2.25503 1.69697 1.00036 0.000499162 0.000103917
2.27517 1.69697 1.00033 0.000454802 9.38678e-05
2.2953 1.69697 1.00029 0.000413952 8.47253e-05
2.31544 1.69697 1.00027 0.000376378 7.64155e-05
2.33557 1.69697 1.00024 0.00034186 6.88693e-05
2.3557 1.69697 1.00022 0.000310186 6.20226e-05
2.37584 1.69697 1.0002 0.000281155 5.58159e-05
2.39597 1.69697 1.00018 0.000254578 5.01943e-05
2.41611 1.69697 1.00016 0.000230275 4.51071e-05
2.43624 1.69697 1.00014 0.000208076 4.05074e-05
2.45638 1.69697 1.00013 0.000187821 3.6352e-05
2.47651 1.69697 1.00012 0.000169358 3.26013e-05
2.49664 1.69697 1.0001 0.000152548 2.92186e-05
2.51678 1.69697 1.00009 0.000137256 2.61705e-05
2.53691 1.69697 1.00008 0.00012336 2.34263e-05
2.55705 1.69697 1.00007 0.000110742 2.09577e-05
2.57718 1.69697 1.00007 9.92956e-05 1.8739e-05
2.59732 1.69697 1.00006 8.89189e-05 1.67465e-05
2.61745 1.69697 1.00005 7.95183e-05 1.49588e-05
2.63758 1.69697 1.00005 7.10066e-05 1.33561e-05
2.65772 1.69697 1.00004 6.33025e-05 1.19202e-05
2.67785 1.69697 1.00004 5.63309e-05 1.06347e-05
2.69799 1.69697 1.00003 5.00218e-05 9.48418e-06
2.71812 1.69697 1.00003 4.43104e-05 8.45465e-06
2.73826 1.69697 1.00003 3.91368e-05 7.53301e-06
2.75839 1.69697 1.00002 3.44449e-05 6.70699e-06
2.77852 1.69697 1.00002 3.01832e-05 5.96497e-06
2.79866 1.69697 1.00002 2.63035e-05 5.29579e-06
2.81879 1.69697 1.00002 2.2761e-05 4.68853e-06
2.83893 1.69697 1.00002 1.95141e-05 4.13229e-06
2.85906 1.69697 1.00001 1.65238e-05 3.61595e-06
2.87919 1.69697 1.00001 1.37539e-05 3.1279e-06
2.89933 1.69697 1.00001 1.11703e-05 2.65576e-06
2.91946 1.69697 1.00001 8.74125e-06 2.18601e-06
2.9396 1.69697 1.00001 6.43682e-06 1.70368e-06
2.95973 1.69697 1.00001 4.229e-06 1.19188e-06
2.97987 1.69697 1.00001 2.09151e-06 6.31374e-07
3 1.69697 1.00001 0 0

0 1.71717 1.01737 0 0
0.0201342 1.71717 1.01772 -0.000635285 0.00128919
0.0402685 1.71717 1.01809 -0.00120084 0.00251335
0.0604027 1.71717 1.01848 -0.00169604 0.00367353
0.0805369 1.71717 1.01888 -0.00212018 0.00477161
0.100671 1.71717 1.0193 -0.00247292 0.00581005
0.120805 1.71717 1.01973 -0.00275435 0.00679163
0.14094 1.71717 1.02016 -0.00296504 0.00771925
0.161074 1.71717 1.02061 -0.00310611 0.00859573
0.181208 1.71717 1.02105 -0.00317917 0.00942367
0.201342 1.71717 1.0215 -0.00318624 0.0102054
0.221477 1.71717 1.02194 -0.00312976 0.0109429
0.241611 1.71717 1.02238 -0.00301249 0.0116378
0.261745 1.71717 1.02281 -0.00283747 0.0122914
0.281879 1.71717 1.02322 -0.00260795 0.0129048
0.302013 1.71717 1.02363 -0.00232735 0.0134788
0.322148 1.71717 1.02401 -0.00199923 0.0140139
0.342282 1.71717 1.02438 -0.00162727 0.0145105
0.362416 1.71717 1.02473 -0.00121516 0.0149688
0.38255 1.71717 1.02505 -0.000766693 0.0153891
0.402685 1.71717 1.02535 -0.00028563 0.0157713
0.422819 1.71717 1.02562 0.000224251 0.0161156
0.442953 1.71717 1.02587 0.000759195 0.0164219
0.463087 1.71717 1.02609 0.00131548 0.0166903
0.483221 1.71717 1.02627 0.00188942 0.0169208
0.503356 1.71717 1.02643 0.0024774 0.0171135
0.52349 1.71717 1.02655 0.00307585 0.0172685
0.543624 1.71717 1.02663 0.00368126 0.0173859
0.563758 1.71717 1.02669 0.00429021 0.0174659
0.583893 1.71717 1.02671 0.00489934 0.0175088
0.604027 1.71717 1.02669 0.00550538 0.017515
0.624161 1.71717 1.02664 0.00610513 0.0174849
0.644295 1.71717 1.02655 0.00669548 0.0174191
0.66443 1.71717 1.02643 0.00727343 0.0173182
0.684564 1.71717 1.02628 0.00783607 0.017183
0.704698 1.71717 1.02608 0.0083806 0.0170144
0.724832 1.71717 1.02586 0.00890434 0.0168133
0.744966 1.71717 1.0256 0.00940476 0.0165811
0.765101 1.71717 1.02531 0.00987945 0.0163189
0.785235 1.71717 1.02499 0.0103262 0.0160283
0.805369 1.71717 1.02464 0.0107429 0.0157109
0.825503 1.71717 1.02425 0.0111277 0.0153683
0.845638 1.71717 1.02385 0.0114791 0.0150026
0.865772 1.71717 1.02341 0.0117954 0.0146157
0.885906 1.71717 1.02295 0.0120757 0.0142097
0.90604 1.71717 1.02247 0.0123188 0.013787
0.926174 1.71717 1.02197 0.0125243 0.0133498
0.946309 1.71717 1.02145 0.0126917 0.0129005
0.966443 1.71717 1.02091 0.0128208 0.0124416
0.986577 1.71717 1.02036 0.0129119 0.0119753
1.00671 1.71717 1.01979 0.0129655 0.0115042
1.02685 1.71717 1.01922 0.0129822 0.0110306
1.04698 1.71717 1.01863 0.012963 0.0105567
1.06711 1.71717 1.01804 0.0129092 0.0100848
1.08725 1.71717 1.01745 0.0128221 0.00961673
1.10738 1.71717 1.01685 0.0127034 0.00915455
1.12752 1.71717 1.01625 0.0125549 0.00869995
1.14765 1.71717 1.01565 0.0123785 0.0082545
1.16779 1.71717 1.01506 0.0121762 0.00781959
1.18792 1.71717 1.01447 0.0119502 0.00739642
1.20805 1.71717 1.01388 0.0117027 0.00698603
1.22819 1.71717 1.0133 0.011436 0.00658925
1.24832 1.71717 1.01273 0.0111521 0.00620675
1.26846 1.71717 1.01217 0.0108533 0.00583904
1.28859 1.71717 1.01163 0.0105419 0.00548645
1.30872 1.71717 1.01109 0.0102198 0.00514919
1.32886 1.71717 1.01056 0.00988915 0.00482734
1.34899 1.71717 1.01005 0.00955189 0.00452086
1.36913 1.71717 1.00955 0.00920986 0.00422959
1.38926 1.71717 1.00907 0.00886481 0.00395331
1.4094 1.71717 1.0086 0.00851837 0.00369169
1.42953 1.71717 1.00814 0.00817206 0.00344438
1.44966 1.71717 1.00771 0.00782729 0.00321094
1.4698 1.71717 1.00728 0.00748532 0.00299091
1.48993 1.71717 1.00687 0.00714733 0.0027838
1.51007 1.71717 1.00648 0.00681437 0.00258908
1.5302 1.71717 1.00611 0.00648736 0.00240622
1.55034 1.71717 1.00574 0.00616714 0.0022347
1.57047 1.71717 1.0054 0.00585442 0.00207396
1.5906 1.71717 1.00507 0.00554983 0.00192348
1.61074 1.71717 1.00475 0.00525388 0.00178271
1.63087 1.71717 1.00445 0.00496702 0.00165116
1.65101 1.71717 1.00417 0.0046896 0.0015283
1.67114 1.71717 1.0039 0.00442188 0.00141366
1.69128 1.71717 1.00364 0.00416407 0.00130676
1.71141 1.71717 1.00339 0.0039163 0.00120715
1.73154 1.71717 1.00316 0.00367864 0.0011144
1.75168 1.71717 1.00294 0.00345112 0.00102808
1.77181 1.71717 1.00274 0.00323369 0.000947818
1.79195 1.71717 1.00254 0.00302627 0.000873222
1.81208 1.71717 1.00236 0.00282875 0.000803943
1.83221 1.71717 1.00219 0.00264097 0.000739641
1.85235 1.71717 1.00202 0.00246274 0.000679998
1.87248 1.71717 1.00187 0.00229385 0.000624713
1.89262 1.71717 1.00173 0.00213406 0.000573502
1.91275 1.71717 1.0016 0.0019831 0.000526097
1.93289 1.71717 1.00147 0.00184071 0.000482245
1.95302 1.71717 1.00136 0.00170661 0.000441709
1.97315 1.71717 1.00125 0.00158048 0.000404266
1.99329 1.71717 1.00115 0.00146203 0.000369706
2.01342 1.71717 1.00105 0.00135094 0.000337832
2.03356 1.71717 1.00097 0.00124691 0.000308457
2.05369 1.71717 1.00089 0.00114961 0.000281409
2.07383 1.71717 1.00081 0.00105874 0.000256523
2.09396 1.71717 1.00074 0.000973989 0.000233647
2.11409 1.71717 1.00068 0.000895044 0.000212636
2.13423 1.71717 1.00062 0.000821606 0.000193355
2.15436 1.71717 1.00056 0.000753379 0.000175678
2.1745 1.71717 1.00051 0.000690076 0.000159486
2.19463 1.71717 1.00047 0.000631417 0.000144667
2.21477 1.71717 1.00043 0.000577129 0.000131118
2.2349 1.71717 1.00039 0.000526949 0.000118742
2.25503 1.71717 1.00035 0.000480625 0.000107447
2.27517 1.71717 1.00032 0.000437913 9.71481e-05
2.2953 1.71717 1.00029 0.000398579 8.77668e-05
2.31544 1.71717 1.00026 0.0003624 7.9229e-05
2.33557 1.71717 1.00023 0.000329162 7.14658e-05
2.3557 1.71717 1.00021 0.000298663 6.44136e-05
2.37584 1.71717 1.00019 0.000270709 5.80129e-05
2.39597 1.71717 1.00017 0.000245118 5.22089e-05
2.41611 1.71717 1.00016 0.000221715 4.69506e-05
2.43624 1.71717 1.00014 0.000200339 4.2191e-05
2.45638 1.71717 1.00013 0.000180834 3.78868e-05
2.47651 1.71717 1.00011 0.000163056 3.39977e-05
2.49664 1.71717 1.0001 0.000146868 3.04869e-05
2.51678 1.71717 1.00009 0.000132143 2.73205e-05
2.53691 1.71717 1.00008 0.000118762 2.44673e-05
2.55705 1.71717 1.00007 0.000106613 2.18986e-05
2.57718 1.71717 1.00007 9.55911e-05 1.95881e-05
2.59732 1.71717 1.00006 8.55999e-05 1.75118e-05
2.61745 1.71717 1.00005 7.65488e-05 1.56477e-05
2.63758 1.71717 1.00005 6.83539e-05 1.39754e-05
2.65772 1.71717 1.00004 6.09369e-05 1.24765e-05
2.67785 1.71717 1.00004 5.42255e-05 1.11339e-05
2.69799 1.71717 1.00003 4.81523e-05 9.93191e-06
2.71812 1.71717 1.00003 4.2655e-05 8.85598e-06
2.73826 1.71717 1.00003 3.76755e-05 7.89261e-06
2.75839 1.71717 1.00002 3.31603e-05 7.02911e-06
2.77852 1.71717 1.00002 2.90592e-05 6.25344e-06
2.79866 1.71717 1.00002 2.53261e-05 5.55398e-06
2.81879 1.71717 1.00002 2.19176e-05 4.91934e-06
2.83893 1.71717 1.00002 1.87936e-05 4.33812e-06
2.85906 1.71717 1.00001 1.59165e-05 3.79862e-06
2.87919 1.71717 1.00001 1.32512e-05 3.2886e-06
2.89933 1.71717 1.00001 1.07647e-05 2.7949e-06
2.91946 1.71717 1.00001 8.42618e-06 2.30312e-06
2.9396 1.71717 1.00001 6.20677e-06 1.79722e-06
2.95973 1.71717 1.00001 4.07927e-06 1.25907e-06
2.97987 1.71717 1.00001 2.01822e-06 6.67949e-07
3 1.71717 1.00001 0 0

0 1.73737 1.01704 0 0
0.0201342 1.73737 1.01739 -0.000636888 0.00122066
0.0402685 1.73737 1.01776 -0.00120467 0.00237458
0.0604027 1.73737 1.01815 -0.00170232 0.0034628
0.0805369 1.73737 1.01856 -0.00212894 0.00448747
0.100671 1.73737 1.01898 -0.00248411 0.00545156
0.120805 1.73737 1.01941 -0.00276798 0.00635844
0.14094 1.73737 1.01986 -0.00298132 0.00721163
0.161074 1.73737 1.02031 -0.00312548 0.00801456
0.181208 1.73737 1.02076 -0.0032023 0.0087704
0.201342 1.73737 1.02121 -0.00321408 0.00948197
0.221477 1.73737 1.02166 -0.00316349 0.0101517
0.241611 1.73737 1.02211 -0.00305346 0.0107815
0.261745 1.73737 1.02254 -0.00288717 0.0113731
0.281879 1.73737 1.02296 -0.00266797 0.0119278
0.302013 1.73737 1.02336 -0.00239934 0.0124465
0.322148 1.73737 1.02375 -0.00208483 0.01293
0.342282 1.73737 1.02412 -0.00172807 0.0133787
0.362416 1.73737 1.02447 -0.00133274 0.013793
0.38255 1.73737 1.02479 -0.000902501 0.0141732
0.402685 1.73737 1.02509 -0.000441039 0.0145193
0.422819 1.73737 1.02536 4.79911e-05 0.0148314
0.442953 1.73737 1.0256 0.000560959 0.0151096
0.463087 1.73737 1.02582 0.00109428 0.0153539
0.483221 1.73737 1.026 0.0016444 0.0155643
0.503356 1.73737 1.02615 0.00220785 0.0157408
0.52349 1.73737 1.02627 0.00278119 0.0158835
0.543624 1.73737 1.02635 0.00336108 0.0159926
0.563758 1.73737 1.0264 0.00394421 0.016068
0.583893 1.73737 1.02642 0.00452739 0.0161102
0.604027 1.73737 1.0264 0.00510748 0.0161194
0.624161 1.73737 1.02634 0.00568143 0.0160959
0.644295 1.73737 1.02625 0.00624628 0.0160402
0.66443 1.73737 1.02613 0.00679918 0.015953
0.684564 1.73737 1.02597 0.00733736 0.0158347
0.704698 1.73737 1.02578 0.00785818 0.0156863
0.724832 1.73737 1.02555 0.00835911 0.0155087
0.744966 1.73737 1.02529 0.00883776 0.0153028
0.765101 1.73737 1.025 0.00929188 0.0150698
0.785235 1.73737 1.02468 0.00971938 0.014811
0.805369 1.73737 1.02433 0.0101184 0.0145278
0.825503 1.73737 1.02395 0.0104871 0.0142218
0.845638 1.73737 1.02354 0.010824 0.0138946
0.865772 1.73737 1.02311 0.0111278 0.0135481
0.885906 1.73737 1.02265 0.0113974 0.0131841
0.90604 1.73737 1.02217 0.011632 0.0128046
0.926174 1.73737 1.02168 0.0118309 0.0124117
0.946309 1.73737 1.02116 0.0119939 0.0120074
0.966443 1.73737 1.02063 0.0121207 0.0115938
0.986577 1.73737 1.02008 0.0122117 0.0111732
1.00671 1.73737 1.01952 0.0122672 0.0107476
1.02685 1.73737 1.01895 0.0122878 0.0103192
1.04698 1.73737 1.01837 0.0122746 0.00988986
1.06711 1.73737 1.01779 0.0122285 0.0094616
1.08725 1.73737 1.0172 0.012151 0.00903623
1.10738 1.73737 1.01661 0.0120435 0.00861546
1.12752 1.73737 1.01602 0.0119077 0.00820087
1.14765 1.73737 1.01543 0.0117453 0.00779388
1.16779 1.73737 1.01484 0.0115582 0.00739577
1.18792 1.73737 1.01426 0.0113486 0.00700765
1.20805 1.73737 1.01368 0.0111182 0.00663049
1.22819 1.73737 1.01311 0.0108693 0.00626508
1.24832 1.73737 1.01255 0.010604 0.00591207
1.26846 1.73737 1.01199 0.0103241 0.00557197
1.28859 1.73737 1.01145 0.0100319 0.00524515
1.30872 1.73737 1.01092 0.00972932 0.00493184
1.32886 1.73737 1.0104 0.00941822 0.00463216
1.34899 1.73737 1.0099 0.00910047 0.00434614
1.36913 1.73737 1.0094 0.00877784 0.00407369
1.38926 1.73737 1.00893 0.00845198 0.00381465
1.4094 1.73737 1.00846 0.00812446 0.0035688
1.42953 1.73737 1.00801 0.00779673 0.00333585
1.44966 1.73737 1.00758 0.00747015 0.00311544
1.4698 1.73737 1.00716 0.00714594 0.00290722
1.48993 1.73737 1.00676 0.00682523 0.00271076
1.51007 1.73737 1.00637 0.00650904 0.00252562
1.5302 1.73737 1.006 0.00619828 0.00235137
1.55034 1.73737 1.00564 0.00589376 0.00218754
1.57047 1.73737 1.0053 0.00559619 0.00203366
1.5906 1.73737 1.00498 0.00530617 0.00188928
1.61074 1.73737 1.00467 0.00502422 0.00175392
1.63087 1.73737 1.00437 0.00475079 0.00162713
1.65101 1.73737 1.00409 0.00448623 0.00150848
1.67114 1.73737 1.00382 0.0042308 0.00139752
1.69128 1.73737 1.00357 0.00398473 0.00129383
1.71141 1.73737 1.00333 0.00374815 0.00119702
1.73154 1.73737 1.0031 0.00352114 0.00110668
1.75168 1.73737 1.00288 0.00330374 0.00102245
1.77181 1.73737 1.00268 0.00309592 0.000943972
1.79195 1.73737 1.00249 0.00289762 0.000870896
1.81208 1.73737 1.00231 0.00270873 0.0008029
1.83221 1.73737 1.00214 0.00252911 0.000739674
1.85235 1.73737 1.00198 0.0023586 0.000680925
1.87248 1.73737 1.00183 0.00219698 0.000626374
1.89262 1.73737 1.00169 0.00204405 0.000575755
1.91275 1.73737 1.00156 0.00189955 0.000528821
1.93289 1.73737 1.00144 0.00176324 0.000485334
1.95302 1.73737 1.00133 0.00163483 0.000445072
1.97315 1.73737 1.00122 0.00151406 0.000407824
1.99329 1.73737 1.00112 0.00140062 0.000373392
2.01342 1.73737 1.00103 0.00129423 0.000341588
2.03356 1.73737 1.00094 0.00119458 0.000312236
2.05369 1.73737 1.00087 0.00110139 0.000285169
2.07383 1.73737 1.00079 0.00101434 0.000260232
2.09396 1.73737 1.00072 0.000933148 0.000237276
2.11409 1.73737 1.00066 0.000857518 0.000216163
2.13423 1.73737 1.0006 0.000787161 0.000196762
2.15436 1.73737 1.00055 0.000721796 0.000178952
2.1745 1.73737 1.0005 0.000661146 0.000162617
2.19463 1.73737 1.00046 0.000604944 0.000147648
2.21477 1.73737 1.00041 0.00055293 0.000133944
2.2349 1.73737 1.00038 0.000504852 0.000121411
2.25503 1.73737 1.00034 0.000460467 0.000109959
2.27517 1.73737 1.00031 0.000419543 9.95041e-05
2.2953 1.73737 1.00028 0.000381855 8.99694e-05
2.31544 1.73737 1.00025 0.00034719 8.12819e-05
2.33557 1.73737 1.00023 0.000315343 7.33738e-05
2.3557 1.73737 1.00021 0.00028612 6.61818e-05
2.37584 1.73737 1.00019 0.000259336 5.96474e-05
2.39597 1.73737 1.00017 0.000234815 5.37159e-05
2.41611 1.73737 1.00015 0.000212392 4.83367e-05
2.43624 1.73737 1.00014 0.000191911 4.34629e-05
2.45638 1.73737 1.00012 0.000173223 3.90513e-05
2.47651 1.73737 1.00011 0.000156189 3.50616e-05
2.49664 1.73737 1.0001 0.00014068 3.14569e-05
2.51678 1.73737 1.00009 0.000126572 2.82031e-05
2.53691 1.73737 1.00008 0.000113752 2.52689e-05
2.55705 1.73737 1.00007 0.000102113 2.26253e-05
2.57718 1.73737 1.00006 9.1554e-05 2.02459e-05
2.59732 1.73737 1.00006 8.19828e-05 1.81063e-05
2.61745 1.73737 1.00005 7.33127e-05 1.61841e-05
2.63758 1.73737 1.00004 6.5463e-05 1.4459e-05
2.65772 1.73737 1.00004 5.8359e-05 1.29119e-05
2.67785 1.73737 1.00004 5.19312e-05 1.15256e-05
2.69799 1.73737 1.00003 4.61152e-05 1.0284e-05
2.71812 1.73737 1.00003 4.0851e-05 9.17242e-06
2.73826 1.73737 1.00003 3.60833e-05 8.17697e-06
2.75839 1.73737 1.00002 3.17604e-05 7.28467e-06
2.77852 1.73737 1.00002 2.78346e-05 6.48318e-06
2.79866 1.73737 1.00002 2.42612e-05 5.76054e-06
2.81879 1.73737 1.00002 2.09989e-05 5.10503e-06
2.83893 1.73737 1.00002 1.80089e-05 4.50482e-06
2.85906 1.73737 1.00001 1.52552e-05 3.94776e-06
2.87919 1.73737 1.00001 1.27038e-05 3.42103e-06
2.89933 1.73737 1.00001 1.03231e-05 2.91079e-06
2.91946 1.73737 1.00001 8.08338e-06 2.40183e-06
2.9396 1.73737 1.00001 5.95658e-06 1.87708e-06
2.95973 1.73737 1.00001 3.91652e-06 1.3172e-06
2.97987 1.73737 1.00001 1.93859e-06 7.0003e-07
3 1.73737 1.00001 0 0

0 1.75758 1.01671 0 0
0.0201342 1.75758 1.01705 -0.000637589 0.0011534
0.0402685 1.75758 1.01742 -0.00120682 0.00223767
0.0604027 1.75758 1.01781 -0.00170612 0.00325399
0.0805369 1.75758 1.01823 -0.00213426 0.00420502
0.100671 1.75758 1.01866 -0.00249075 0.00509437
0.120805 1.75758 1.0191 -0.00277583 0.00592621
0.14094 1.75758 1.01956 -0.00299048 0.00670479
0.161074 1.75758 1.02002 -0.00313634 0.00743422
0.181208 1.75758 1.02048 -0.00321558 0.00811824
0.201342 1.75758 1.02095 -0.00323081 0.00876016
0.221477 1.75758 1.0214 -0.00318494 0.0093628
0.241611 1.75758 1.02185 -0.00308115 0.00992849
0.261745 1.75758 1.02229 -0.00292275 0.0104591
0.281879 1.75758 1.02272 -0.00271319 0.0109561
0.302013 1.75758 1.02313 -0.00245601 0.0114207
0.322148 1.75758 1.02352 -0.00215477 0.0118536
0.342282 1.75758 1.02389 -0.00181306 0.0122556
0.362416 1.75758 1.02424 -0.00143448 0.0126269
0.38255 1.75758 1.02456 -0.00102262 0.0129679
0.402685 1.75758 1.02486 -0.000581027 0.0132787
0.422819 1.75758 1.02513 -0.000113247 0.0135594
0.442953 1.75758 1.02537 0.000377236 0.0138101
0.463087 1.75758 1.02559 0.000886979 0.0140307
0.483221 1.75758 1.02576 0.00141259 0.0142213
0.503356 1.75758 1.02591 0.00195074 0.0143819
0.52349 1.75758 1.02603 0.00249816 0.0145124
0.543624 1.75758 1.02611 0.00305164 0.014613
0.563758 1.75758 1.02615 0.00360806 0.0146838
0.583893 1.75758 1.02617 0.00416436 0.0147249
0.604027 1.75758 1.02614 0.00471756 0.0147366
0.624161 1.75758 1.02608 0.00526477 0.0147192
0.644295 1.75758 1.02599 0.00580319 0.014673
0.66443 1.75758 1.02586 0.00633012 0.0145985
0.684564 1.75758 1.0257 0.00684294 0.0144964
0.704698 1.75758 1.02551 0.00733917 0.0143672
0.724832 1.75758 1.02528 0.00781643 0.0142117
0.744966 1.75758 1.02502 0.00827248 0.0140309
0.765101 1.75758 1.02472 0.00870522 0.0138257
0.785235 1.75758 1.0244 0.0091127 0.0135973
0.805369 1.75758 1.02405 0.00949315 0.0133469
0.825503 1.75758 1.02367 0.00984494 0.0130758
0.845638 1.75758 1.02326 0.0101667 0.0127856
0.865772 1.75758 1.02283 0.0104572 0.0124777
0.885906 1.75758 1.02238 0.0107154 0.0121539
0.90604 1.75758 1.0219 0.0109405 0.0118158
0.926174 1.75758 1.02141 0.0111321 0.0114653
0.946309 1.75758 1.02089 0.0112898 0.0111041
0.966443 1.75758 1.02036 0.0114135 0.0107343
0.986577 1.75758 1.01982 0.0115034 0.0103576
1.00671 1.75758 1.01927 0.0115599 0.00997591
1.02685 1.75758 1.0187 0.0115836 0.00959108
1.04698 1.75758 1.01813 0.0115754 0.00920488
1.06711 1.75758 1.01755 0.0115362 0.00881902
1.08725 1.75758 1.01697 0.0114673 0.00843514
1.10738 1.75758 1.01638 0.01137 0.00805477
1.12752 1.75758 1.0158 0.011246 0.00767931
1.14765 1.75758 1.01521 0.0110968 0.00731006
1.16779 1.75758 1.01463 0.0109242 0.00694818
1.18792 1.75758 1.01405 0.01073 0.0065947
1.20805 1.75758 1.01348 0.0105162 0.00625049
1.22819 1.75758 1.01292 0.0102846 0.00591633
1.24832 1.75758 1.01236 0.0100372 0.00559284
1.26846 1.75758 1.01181 0.00977594 0.0052805
1.28859 1.75758 1.01128 0.00950265 0.0049797
1.30872 1.75758 1.01075 0.00921924 0.0046907
1.32886 1.75758 1.01024 0.00892751 0.00441365
1.34899 1.75758 1.00974 0.00862919 0.00414862
1.36913 1.75758 1.00925 0.00832596 0.0038956
1.38926 1.75758 1.00878 0.00801938 0.00365448
1.4094 1.75758 1.00832 0.00771094 0.0034251
1.42953 1.75758 1.00788 0.00740203 0.00320725
1.44966 1.75758 1.00745 0.00709394 0.00300066
1.4698 1.75758 1.00704 0.00678784 0.00280503
1.48993 1.75758 1.00664 0.00648483 0.00262003
1.51007 1.75758 1.00626 0.00618587 0.0024453
1.5302 1.75758 1.00589 0.00589186 0.00228046
1.55034 1.75758 1.00554 0.00560358 0.00212512
1.57047 1.75758 1.0052 0.00532171 0.0019789
1.5906 1.75758 1.00488 0.00504685 0.00184138
1.61074 1.75758 1.00458 0.00477951 0.00171219
1.63087 1.75758 1.00429 0.00452012 0.00159091
1.65101 1.75758 1.00401 0.00426904 0.00147716
1.67114 1.75758 1.00374 0.00402653 0.00137057
1.69128 1.75758 1.0035 0.00379282 0.00127076
1.71141 1.75758 1.00326 0.00356804 0.00117738
1.73154 1.75758 1.00303 0.0033523 0.00109007
1.75168 1.75758 1.00282 0.00314562 0.0010085
1.77181 1.75758 1.00262 0.002948 0.000932359
1.79195 1.75758 1.00244 0.00275939 0.000861326
1.81208 1.75758 1.00226 0.00257969 0.00079511
1.83221 1.75758 1.00209 0.00240878 0.00073343
1.85235 1.75758 1.00194 0.00224649 0.000676017
1.87248 1.75758 1.00179 0.00209266 0.000622616
1.89262 1.75758 1.00165 0.00194706 0.000572984
1.91275 1.75758 1.00153 0.00180948 0.00052689
1.93289 1.75758 1.00141 0.00167968 0.000484115
1.95302 1.75758 1.00129 0.0015574 0.000444451
1.97315 1.75758 1.00119 0.00144237 0.000407701
1.99329 1.75758 1.00109 0.00133432 0.000373681
2.01342 1.75758 1.001 0.00123297 0.000342212
2.03356 1.75758 1.00092 0.00113805 0.00031313
2.05369 1.75758 1.00084 0.00104927 0.000286275
2.07383 1.75758 1.00077 0.000966341 0.0002615
2.09396 1.75758 1.0007 0.000888989 0.000238664
2.11409 1.75758 1.00064 0.000816933 0.000217634
2.13423 1.75758 1.00059 0.0007499 0.000198286
2.15436 1.75758 1.00054 0.000687622 0.000180502
2.1745 1.75758 1.00049 0.000629837 0.000164171
2.19463 1.75758 1.00044 0.000576289 0.000149189
2.21477 1.75758 1.0004 0.000526731 0.000135456
2.2349 1.75758 1.00037 0.000480923 0.000122882
2.25503 1.75758 1.00033 0.000438634 0.00011138
2.27517 1.75758 1.0003 0.000399643 0.000100868
2.2953 1.75758 1.00027 0.000363735 9.12712e-05
2.31544 1.75758 1.00025 0.000330708 8.25175e-05
2.33557 1.75758 1.00022 0.000300366 7.4541e-05
2.3557 1.75758 1.0002 0.000272525 6.72796e-05
2.37584 1.75758 1.00018 0.000247007 6.06757e-05
2.39597 1.75758 1.00016 0.000223646 5.46754e-05
2.41611 1.75758 1.00015 0.000202285 4.92289e-05
2.43624 1.75758 1.00013 0.000182772 4.42898e-05
2.45638 1.75758 1.00012 0.000164969 3.98152e-05
2.47651 1.75758 1.00011 0.000148743 3.57653e-05
2.49664 1.75758 1.0001 0.000133969 3.21034e-05
2.51678 1.75758 1.00009 0.00012053 2.87955e-05
2.53691 1.75758 1.00008 0.000108319 2.58103e-05
2.55705 1.75758 1.00007 9.72324e-05 2.31191e-05
2.57718 1.75758 1.00006 8.71756e-05 2.06953e-05
2.59732 1.75758 1.00005 7.80599e-05 1.85145e-05
2.61745 1.75758 1.00005 6.98029e-05 1.65543e-05
2.63758 1.75758 1.00004 6.23277e-05 1.47941e-05
2.65772 1.75758 1.00004 5.55631e-05 1.32149e-05
2.67785 1.75758 1.00003 4.9443e-05 1.17994e-05
2.69799 1.75758 1.00003 4.39058e-05 1.05312e-05
2.71812 1.75758 1.00003 3.88947e-05 9.39562e-06
2.73826 1.75758 1.00002 3.43566e-05 8.37854e-06
2.75839 1.75758 1.00002 3.02424e-05 7.46686e-06
2.77852 1.75758 1.00002 2.65066e-05 6.64805e-06
2.79866 1.75758 1.00002 2.31065e-05 5.90997e-06
2.81879 1.75758 1.00002 2.00027e-05 5.24065e-06
2.83893 1.75758 1.00001 1.71582e-05 4.62799e-06
2.85906 1.75758 1.00001 1.45383e-05 4.05947e-06
2.87919 1.75758 1.00001 1.21107e-05 3.52182e-06
2.89933 1.75758 1.00001 9.84483e-06 3.00061e-06
2.91946 1.75758 1.00001 7.71219e-06 2.47986e-06
2.9396 1.75758 1.00001 5.68583e-06 1.94155e-06
2.95973 1.75758 1.00001 3.74049e-06 1.36515e-06
2.97987 1.75758 1.00001 1.85251e-06 7.27062e-07
3 1.75758 1.00001 0 0

0 1.77778 1.01636 0 0
0.0201342 1.77778 1.0167 -0.000637142 0.00108766
0.0402685 1.77778 1.01707 -0.00120677 0.00210282
0.0604027 1.77778 1.01747 -0.00170653 0.00304712
0.0805369 1.77778 1.01789 -0.00213482 0.00392398
0.100671 1.77778 1.01834 -0.00249105 0.00473797
0.120805 1.77778 1.0188 -0.00277562 0.00549422
0.14094 1.77778 1.01926 -0.00298983 0.00619786
0.161074 1.77778 1.01974 -0.00313569 0.00685376
0.181208 1.77778 1.02022 -0.00321577 0.00746625
0.201342 1.77778 1.02069 -0.00323302 0.00803912
0.221477 1.77778 1.02116 -0.00319067 0.00857553
0.241611 1.77778 1.02162 -0.00309212 0.00907808
0.261745 1.77778 1.02207 -0.00294086 0.00954886
0.281879 1.77778 1.0225 -0.00274043 0.00998948
0.302013 1.77778 1.02292 -0.00249441 0.0104012
0.322148 1.77778 1.02332 -0.00220635 0.0107849
0.342282 1.77778 1.02369 -0.00187979 0.0111413
0.362416 1.77778 1.02405 -0.00151826 0.0114708
0.38255 1.77778 1.02437 -0.00112521 0.0117736
0.402685 1.77778 1.02467 -0.000704096 0.0120501
0.422819 1.77778 1.02494 -0.00025829 0.0123002
0.442953 1.77778 1.02518 0.00020887 0.0125241
0.463087 1.77778 1.02539 0.000694102 0.0127216
0.483221 1.77778 1.02557 0.00119418 0.0128928
0.503356 1.77778 1.02572 0.00170595 0.0130376
0.52349 1.77778 1.02583 0.0022263 0.0131561
0.543624 1.77778 1.02591 0.00275221 0.0132483
0.563758 1.77778 1.02595 0.00328071 0.0133142
0.583893 1.77778 1.02596 0.00380892 0.013354
0.604027 1.77778 1.02593 0.00433402 0.0133678
0.624161 1.77778 1.02587 0.00485329 0.0133558
0.644295 1.77778 1.02577 0.00536409 0.0133185
0.66443 1.77778 1.02564 0.00586387 0.013256
0.684564 1.77778 1.02547 0.0063502 0.013169
0.704698 1.77778 1.02528 0.00682073 0.013058
0.724832 1.77778 1.02504 0.00727324 0.0129236
0.744966 1.77778 1.02478 0.00770566 0.0127667
0.765101 1.77778 1.02448 0.00811601 0.012588
0.785235 1.77778 1.02416 0.00850249 0.0123885
0.805369 1.77778 1.02381 0.00886346 0.0121693
0.825503 1.77778 1.02342 0.00919742 0.0119315
0.845638 1.77778 1.02302 0.00950308 0.0116765
0.865772 1.77778 1.02259 0.00977933 0.0114056
0.885906 1.77778 1.02213 0.0100253 0.0111201
0.90604 1.77778 1.02166 0.0102401 0.0108217
0.926174 1.77778 1.02116 0.0104235 0.0105118
0.946309 1.77778 1.02065 0.010575 0.0101921
0.966443 1.77778 1.02012 0.0106947 0.00986423
0.986577 1.77778 1.01958 0.0107827 0.00952977
1.00671 1.77778 1.01903 0.0108393 0.00919036
1.02685 1.77778 1.01847 0.0108652 0.00884763
1.04698 1.77778 1.0179 0.0108611 0.00850314
1.06711 1.77778 1.01733 0.0108279 0.00815839
1.08725 1.77778 1.01675 0.0107668 0.00781482
1.10738 1.77778 1.01617 0.010679 0.00747379
1.12752 1.77778 1.01559 0.0105661 0.00713656
1.14765 1.77778 1.01501 0.0104294 0.00680429
1.16779 1.77778 1.01443 0.0102706 0.00647802
1.18792 1.77778 1.01386 0.0100914 0.0061587
1.20805 1.77778 1.01329 0.00989353 0.00584713
1.22819 1.77778 1.01273 0.00967882 0.00554403
1.24832 1.77778 1.01218 0.00944903 0.00524998
1.26846 1.77778 1.01164 0.00920597 0.00496546
1.28859 1.77778 1.0111 0.00895141 0.00469085
1.30872 1.77778 1.01058 0.00868709 0.00442643
1.32886 1.77778 1.01008 0.00841469 0.00417238
1.34899 1.77778 1.00958 0.00813586 0.0039288
1.36913 1.77778 1.0091 0.00785215 0.00369572
1.38926 1.77778 1.00863 0.00756506 0.00347309
1.4094 1.77778 1.00818 0.00727598 0.00326082
1.42953 1.77778 1.00774 0.00698623 0.00305875
1.44966 1.77778 1.00732 0.00669703 0.00286668
1.4698 1.77778 1.00691 0.0064095 0.00268439
1.48993 1.77778 1.00652 0.00612469 0.0025116
1.51007 1.77778 1.00614 0.00584352 0.00234802
1.5302 1.77778 1.00578 0.00556684 0.00219335
1.55034 1.77778 1.00543 0.0052954 0.00204728
1.57047 1.77778 1.0051 0.00502987 0.00190946
1.5906 1.77778 1.00479 0.00477083 0.00177957
1.61074 1.77778 1.00448 0.00451876 0.00165727
1.63087 1.77778 1.0042 0.0042741 0.00154221
1.65101 1.77778 1.00392 0.00403717 0.00143408
1.67114 1.77778 1.00366 0.00380826 0.00133253
1.69128 1.77778 1.00342 0.00358758 0.00123725
1.71141 1.77778 1.00319 0.00337529 0.00114792
1.73154 1.77778 1.00297 0.00317146 0.00106425
1.75168 1.77778 1.00276 0.00297615 0.000985924
1.77181 1.77778 1.00256 0.00278937 0.000912667
1.79195 1.77778 1.00238 0.00261106 0.000844205
1.81208 1.77778 1.0022 0.00244114 0.000780271
1.83221 1.77778 1.00204 0.00227951 0.000720613
1.85235 1.77778 1.00189 0.00212601 0.000664989
1.87248 1.77778 1.00175 0.00198049 0.000613166
1.89262 1.77778 1.00161 0.00184274 0.000564923
1.91275 1.77778 1.00149 0.00171257 0.000520049
1.93289 1.77778 1.00137 0.00158974 0.000478344
1.95302 1.77778 1.00126 0.00147401 0.000439615
1.97315 1.77778 1.00116 0.00136515 0.00040368
1.99329 1.77778 1.00106 0.00126289 0.000370367
2.01342 1.77778 1.00098 0.00116696 0.000339511
2.03356 1.77778 1.00089 0.00107712 0.000310957
2.05369 1.77778 1.00082 0.000993078 0.000284556
2.07383 1.77778 1.00075 0.000914581 0.000260168
2.09396 1.77778 1.00068 0.00084136 0.000237662
2.11409 1.77778 1.00063 0.000773152 0.000216911
2.13423 1.77778 1.00057 0.000709698 0.000197797
2.15436 1.77778 1.00052 0.000650746 0.000180208
2.1745 1.77778 1.00047 0.000596046 0.000164037
2.19463 1.77778 1.00043 0.000545358 0.000149186
2.21477 1.77778 1.00039 0.000498448 0.000135559
2.2349 1.77778 1.00035 0.000455088 0.000123068
2.25503 1.77778 1.00032 0.000415059 0.00011163
2.27517 1.77778 1.00029 0.000378153 0.000101166
2.2953 1.77778 1.00026 0.000344166 9.16035e-05
2.31544 1.77778 1.00024 0.000312906 8.28728e-05
2.33557 1.77778 1.00021 0.000284189 7.49097e-05
2.3557 1.77778 1.00019 0.000257838 6.7654e-05
2.37584 1.77778 1.00017 0.000233688 6.10493e-05
2.39597 1.77778 1.00016 0.000211579 5.50432e-05
2.41611 1.77778 1.00014 0.000191363 4.95868e-05
2.43624 1.77778 1.00013 0.000172898 4.46348e-05
2.45638 1.77778 1.00011 0.000156051 4.01451e-05
2.47651 1.77778 1.0001 0.000140697 3.60784e-05
2.49664 1.77778 1.00009 0.000126717 3.23987e-05
2.51678 1.77778 1.00008 0.000114002 2.90725e-05
2.53691 1.77778 1.00007 0.000102448 2.60688e-05
2.55705 1.77778 1.00007 9.19587e-05 2.33593e-05
2.57718 1.77778 1.00006 8.24444e-05 2.09176e-05
2.59732 1.77778 1.00005 7.3821e-05 1.87195e-05
2.61745 1.77778 1.00005 6.60104e-05 1.67428e-05
2.63758 1.77778 1.00004 5.894e-05 1.4967e-05
2.65772 1.77778 1.00004 5.25423e-05 1.33732e-05
2.67785 1.77778 1.00003 4.67546e-05 1.1944e-05
2.69799 1.77778 1.00003 4.15188e-05 1.06634e-05
2.71812 1.77778 1.00003 3.67809e-05 9.51638e-06
2.73826 1.77778 1.00002 3.24909e-05 8.48902e-06
2.75839 1.77778 1.00002 2.86022e-05 7.56817e-06
2.77852 1.77778 1.00002 2.50717e-05 6.74127e-06
2.79866 1.77778 1.00002 2.18589e-05 5.99613e-06
2.81879 1.77778 1.00002 1.89265e-05 5.32068e-06
2.83893 1.77778 1.00001 1.62391e-05 4.70268e-06
2.85906 1.77778 1.00001 1.3764e-05 4.12938e-06
2.87919 1.77778 1.00001 1.14701e-05 3.58716e-06
2.89933 1.77778 1.00001 9.32852e-06 3.06111e-06
2.91946 1.77778 1.00001 7.3117e-06 2.53458e-06
2.9396 1.77778 1.00001 5.39389e-06 1.98865e-06
2.95973 1.77778 1.00001 3.55084e-06 1.4016e-06
2.97987 1.77778 1.00001 1.75985e-06 7.48395e-07
3 1.77778 1.00001 0 0

0 1.79798 1.016 0 0
0.0201342 1.79798 1.01634 -0.000635239 0.00102359
0.0402685 1.79798 1.01671 -0.00120382 0.00197007
0.0604027 1.79798 1.01712 -0.00170234 0.00284192
0.0805369 1.79798 1.01755 -0.0021288 0.00364374
0.100671 1.79798 1.01801 -0.00248257 0.00438144
0.120805 1.79798 1.01849 -0.00276435 0.00506135
0.14094 1.79798 1.01897 -0.00297587 0.00568966
0.161074 1.79798 1.01947 -0.00311963 0.00627201
0.181208 1.79798 1.01996 -0.00319868 0.00681336
0.201342 1.79798 1.02045 -0.00321639 0.00731791
0.221477 1.79798 1.02094 -0.0031763 0.00778912
0.241611 1.79798 1.02141 -0.00308207 0.00822978
0.261745 1.79798 1.02187 -0.00293733 0.00864211
0.281879 1.79798 1.02232 -0.00274572 0.0090278
0.302013 1.79798 1.02274 -0.00251082 0.00938814
0.322148 1.79798 1.02315 -0.00223615 0.00972409
0.342282 1.79798 1.02353 -0.0019252 0.0100363
0.362416 1.79798 1.02388 -0.00158135 0.0103253
0.38255 1.79798 1.02421 -0.00120795 0.0105913
0.402685 1.79798 1.02452 -0.000808277 0.0108345
0.422819 1.79798 1.02479 -0.000385555 0.0110549
0.442953 1.79798 1.02503 5.70588e-05 0.0112527
0.463087 1.79798 1.02524 0.000516464 0.0114277
0.483221 1.79798 1.02542 0.00098962 0.01158
0.503356 1.79798 1.02556 0.00147355 0.0117095
0.52349 1.79798 1.02567 0.00196534 0.0118161
0.543624 1.79798 1.02575 0.00246215 0.0118999
0.563758 1.79798 1.02579 0.00296118 0.0119608
0.583893 1.79798 1.02579 0.00345975 0.0119989
0.604027 1.79798 1.02576 0.0039552 0.0120144
0.624161 1.79798 1.02569 0.004445 0.0120074
0.644295 1.79798 1.02559 0.00492668 0.0119782
0.66443 1.79798 1.02546 0.00539785 0.011927
0.684564 1.79798 1.02529 0.00585625 0.0118542
0.704698 1.79798 1.02508 0.0062997 0.0117603
0.724832 1.79798 1.02485 0.00672614 0.0116458
0.744966 1.79798 1.02458 0.00713363 0.0115114
0.765101 1.79798 1.02428 0.00752035 0.0113577
0.785235 1.79798 1.02395 0.00788465 0.0111857
0.805369 1.79798 1.0236 0.00822499 0.0109962
0.825503 1.79798 1.02321 0.00854002 0.0107901
0.845638 1.79798 1.0228 0.00882854 0.0105687
0.865772 1.79798 1.02237 0.00908953 0.0103329
0.885906 1.79798 1.02192 0.00932217 0.0100841
0.90604 1.79798 1.02144 0.00952581 0.00982358
0.926174 1.79798 1.02095 0.00970001 0.0095526
0.946309 1.79798 1.02043 0.00984451 0.00927258
0.966443 1.79798 1.01991 0.00995928 0.00898491
0.986577 1.79798 1.01937 0.0100445 0.00869101
1.00671 1.79798 1.01882 0.0101004 0.00839229
1.02685 1.79798 1.01826 0.0101276 0.00809014
1.04698 1.79798 1.01769 0.0101268 0.00778592
1.06711 1.79798 1.01712 0.0100989 0.00748095
1.08725 1.79798 1.01654 0.0100449 0.00717649
1.10738 1.79798 1.01596 0.00996596 0.00687373
1.12752 1.79798 1.01538 0.00986341 0.00657378
1.14765 1.79798 1.01481 0.00973865 0.00627768
1.16779 1.79798 1.01423 0.00959315 0.00598635
1.18792 1.79798 1.01366 0.00942849 0.00570065
1.20805 1.79798 1.0131 0.00924628 0.00542132
1.22819 1.79798 1.01254 0.00904816 0.00514901
1.24832 1.79798 1.012 0.0088358 0.00488426
1.26846 1.79798 1.01146 0.00861086 0.00462754
1.28859 1.79798 1.01093 0.00837499 0.00437921
1.30872 1.79798 1.01042 0.0081298 0.00413956
1.32886 1.79798 1.00991 0.00787687 0.00390879
1.34899 1.79798 1.00942 0.00761772 0.00368702
1.36913 1.79798 1.00895 0.00735382 0.00347433
1.38926 1.79798 1.00848 0.00708656 0.0032707
1.4094 1.79798 1.00803 0.00681725 0.0030761
1.42953 1.79798 1.0076 0.00654713 0.00289041
1.44966 1.79798 1.00718 0.00627735 0.00271351
1.4698 1.79798 1.00678 0.00600897 0.00254522
1.48993 1.79798 1.00639 0.00574297 0.00238533
1.51007 1.79798 1.00602 0.00548024 0.00223363
1.5302 1.79798 1.00566 0.00522158 0.00208986
1.55034 1.79798 1.00532 0.0049677 0.00195377
1.57047 1.79798 1.005 0.00471924 0.00182509
1.5906 1.79798 1.00468 0.00447675 0.00170354
1.61074 1.79798 1.00439 0.00424072 0.00158884
1.63087 1.79798 1.0041 0.00401153 0.00148071
1.65101 1.79798 1.00384 0.00378952 0.00137886
1.67114 1.79798 1.00358 0.00357497 0.00128303
1.69128 1.79798 1.00334 0.00336807 0.00119293
1.71141 1.79798 1.00311 0.00316898 0.00110829
1.73154 1.79798 1.00289 0.0029778 0.00102885
1.75168 1.79798 1.00269 0.00279457 0.000954346
1.77181 1.79798 1.0025 0.0026193 0.000884538
1.79195 1.79798 1.00232 0.00245195 0.000819181
1.81208 1.79798 1.00215 0.00229246 0.00075804
1.83221 1.79798 1.00199 0.00214073 0.000700891
1.85235 1.79798 1.00184 0.00199662 0.000647518
1.87248 1.79798 1.0017 0.00185998 0.000597713
1.89262 1.79798 1.00157 0.00173063 0.000551276
1.91275 1.79798 1.00144 0.00160838 0.000508016
1.93289 1.79798 1.00133 0.00149302 0.000467751
1.95302 1.79798 1.00122 0.00138433 0.000430307
1.97315 1.79798 1.00112 0.00128208 0.000395516
1.99329 1.79798 1.00103 0.00118603 0.00036322
2.01342 1.79798 1.00095 0.00109593 0.000333267
2.03356 1.79798 1.00087 0.00101153 0.000305513
2.05369 1.79798 1.00079 0.000932589 0.00027982
2.07383 1.79798 1.00073 0.000858853 0.000256058
2.09396 1.79798 1.00066 0.000790073 0.000234104
2.11409 1.79798 1.00061 0.000726002 0.000213838
2.13423 1.79798 1.00055 0.000666399 0.000195151
2.15436 1.79798 1.0005 0.000611024 0.000177935
2.1745 1.79798 1.00046 0.000559646 0.000162091
2.19463 1.79798 1.00042 0.000512036 0.000147524
2.21477 1.79798 1.00038 0.000467975 0.000134145
2.2349 1.79798 1.00034 0.000427251 0.000121869
2.25503 1.79798 1.00031 0.000389657 0.000110617
2.27517 1.79798 1.00028 0.000354995 0.000100314
2.2953 1.79798 1.00025 0.000323077 9.08896e-05
2.31544 1.79798 1.00023 0.000293721 8.22774e-05
2.33557 1.79798 1.00021 0.000266754 7.44155e-05
2.3557 1.79798 1.00019 0.00024201 6.72459e-05
2.37584 1.79798 1.00017 0.000219333 6.07143e-05
2.39597 1.79798 1.00015 0.000198574 5.47699e-05
2.41611 1.79798 1.00014 0.000179593 4.93655e-05
2.43624 1.79798 1.00012 0.000162256 4.4457e-05
2.45638 1.79798 1.00011 0.00014644 4.00034e-05
2.47651 1.79798 1.0001 0.000132025 3.59668e-05
2.49664 1.79798 1.00009 0.000118901 3.23119e-05
2.51678 1.79798 1.00008 0.000106966 2.9006e-05
2.53691 1.79798 1.00007 9.61205e-05 2.6019e-05
2.55705 1.79798 1.00006 8.62755e-05 2.33229e-05
2.57718 1.79798 1.00006 7.73461e-05 2.0892e-05
2.59732 1.79798 1.00005 6.92534e-05 1.87025e-05
2.61745 1.79798 1.00005 6.1924e-05 1.67327e-05
2.63758 1.79798 1.00004 5.52898e-05 1.49623e-05
2.65772 1.79798 1.00004 4.92873e-05 1.33728e-05
2.67785 1.79798 1.00003 4.38579e-05 1.1947e-05
2.69799 1.79798 1.00003 3.89468e-05 1.06692e-05
2.71812 1.79798 1.00003 3.45034e-05 9.52446e-06
2.73826 1.79798 1.00002 3.04807e-05 8.49915e-06
2.75839 1.79798 1.00002 2.6835e-05 7.58022e-06
2.77852 1.79798 1.00002 2.35255e-05 6.75525e-06
2.79866 1.79798 1.00002 2.05146e-05 6.01215e-06
2.81879 1.79798 1.00001 1.77667e-05 5.3389e-06
2.83893 1.79798 1.00001 1.52488e-05 4.72328e-06
2.85906 1.79798 1.00001 1.29297e-05 4.15246e-06
2.87919 1.79798 1.00001 1.07802e-05 3.61262e-06
2.89933 1.79798 1.00001 8.77254e-06 3.08851e-06
2.91946 1.79798 1.00001 6.88069e-06 2.56289e-06
2.9396 1.79798 1.00001 5.07993e-06 2.01599e-06
2.95973 1.79798 1.00001 3.34707e-06 1.42496e-06
2.97987 1.79798 1.00001 1.6604e-06 7.63246e-07
3 1.79798 1.00001 0 0

0 1.81818 1.01562 0 0
0.0201342 1.81818 1.01595 -0.000631489 0.000961286
0.0402685 1.81818 1.01633 -0.00119704 0.00183918
0.0604027 1.81818 1.01674 -0.00169192 0.00263767
0.0805369 1.81818 1.0172 -0.00211377 0.00336314
0.100671 1.81818 1.01768 -0.00246209 0.0040233
0.120805 1.81818 1.01818 -0.00273805 0.00462599
0.14094 1.81818 1.01869 -0.00294402 0.00517857
0.161074 1.81818 1.0192 -0.00308313 0.00568751
0.181208 1.81818 1.01972 -0.00315901 0.00615833
0.201342 1.81818 1.02023 -0.00317546 0.00659558
0.221477 1.81818 1.02073 -0.00313639 0.00700292
0.241611 1.81818 1.02122 -0.00304565 0.00738324
0.261745 1.81818 1.0217 -0.00290703 0.0077388
0.281879 1.81818 1.02216 -0.0027242 0.0080713
0.302013 1.81818 1.02259 -0.00250072 0.00838203
0.322148 1.81818 1.02301 -0.00224004 0.00867191
0.342282 1.81818 1.0234 -0.00194552 0.0089416
0.362416 1.81818 1.02376 -0.00162042 0.00919154
0.38255 1.81818 1.02409 -0.00126792 0.009422
0.402685 1.81818 1.0244 -0.000891112 0.00963314
0.422819 1.81818 1.02467 -0.000493026 0.009825
0.442953 1.81818 1.02492 -7.66251e-05 0.0099976
0.463087 1.81818 1.02513 0.000355194 0.0101509
0.483221 1.81818 1.02531 0.000799596 0.0102848
0.503356 1.81818 1.02545 0.00125381 0.0103992
0.52349 1.81818 1.02556 0.00171511 0.0104942
0.543624 1.81818 1.02563 0.00218087 0.0105696
0.563758 1.81818 1.02566 0.00264849 0.0106254
0.583893 1.81818 1.02567 0.00311546 0.0106617
0.604027 1.81818 1.02563 0.00357935 0.0106784
0.624161 1.81818 1.02556 0.00403778 0.0106758
0.644295 1.81818 1.02546 0.00448847 0.0106539
0.66443 1.81818 1.02532 0.00492923 0.0106131
0.684564 1.81818 1.02514 0.00535794 0.0105535
0.704698 1.81818 1.02493 0.00577261 0.0104756
0.724832 1.81818 1.02469 0.00617133 0.0103798
0.744966 1.81818 1.02442 0.00655232 0.0102667
0.765101 1.81818 1.02412 0.00691391 0.0101367
0.785235 1.81818 1.02379 0.00725457 0.0099906
0.805369 1.81818 1.02342 0.00757292 0.00982915
0.825503 1.81818 1.02304 0.0078677 0.00965316
0.845638 1.81818 1.02262 0.00813783 0.00946353
0.865772 1.81818 1.02219 0.00838239 0.00926124
0.885906 1.81818 1.02173 0.00860061 0.00904731
0.90604 1.81818 1.02125 0.00879193 0.00882284
0.926174 1.81818 1.02075 0.00895594 0.00858896
0.946309 1.81818 1.02024 0.00909242 0.00834683
0.966443 1.81818 1.01971 0.00920134 0.00809765
0.986577 1.81818 1.01917 0.00928284 0.00784263
1.00671 1.81818 1.01862 0.00933724 0.00758296
1.02685 1.81818 1.01806 0.00936503 0.00731984
1.04698 1.81818 1.01749 0.00936687 0.00705444
1.06711 1.81818 1.01692 0.00934356 0.00678789
1.08725 1.81818 1.01634 0.00929604 0.00652129
1.10738 1.81818 1.01577 0.00922539 0.00625567
1.12752 1.81818 1.01519 0.00913281 0.00599201
1.14765 1.81818 1.01461 0.00901956 0.00573121
1.16779 1.81818 1.01404 0.00888703 0.00547409
1.18792 1.81818 1.01348 0.00873665 0.00522141
1.20805 1.81818 1.01292 0.00856989 0.00497384
1.22819 1.81818 1.01236 0.00838826 0.00473197
1.24832 1.81818 1.01182 0.00819331 0.00449631
1.26846 1.81818 1.01128 0.00798655 0.00426727
1.28859 1.81818 1.01076 0.00776951 0.00404523
1.30872 1.81818 1.01025 0.00754367 0.00383046
1.32886 1.81818 1.00975 0.00731051 0.00362316
1.34899 1.81818 1.00926 0.00707143 0.0034235
1.36913 1.81818 1.00879 0.00682778 0.00323155
1.38926 1.81818 1.00833 0.00658086 0.00304736
1.4094 1.81818 1.00789 0.0063319 0.00287091
1.42953 1.81818 1.00746 0.00608204 0.00270216
1.44966 1.81818 1.00705 0.00583235 0.00254101
1.4698 1.81818 1.00665 0.00558384 0.00238734
1.48993 1.81818 1.00626 0.00533741 0.00224101
1.51007 1.81818 1.0059 0.0050939 0.00210184
1.5302 1.81818 1.00555 0.00485407 0.00196966
1.55034 1.81818 1.00521 0.00461858 0.00184425
1.57047 1.81818 1.00489 0.00438804 0.0017254
1.5906 1.81818 1.00458 0.00416297 0.00161289
1.61074 1.81818 1.00429 0.00394382 0.00150649
1.63087 1.81818 1.00401 0.00373097 0.00140597
1.65101 1.81818 1.00374 0.00352473 0.00131109
1.67114 1.81818 1.00349 0.00332537 0.00122163
1.69128 1.81818 1.00326 0.00313309 0.00113735
1.71141 1.81818 1.00303 0.00294803 0.00105803
1.73154 1.81818 1.00282 0.00277028 0.000983432
1.75168 1.81818 1.00262 0.0025999 0.000913346
1.77181 1.81818 1.00243 0.00243691 0.000847554
1.79195 1.81818 1.00226 0.00228126 0.000785847
1.81208 1.81818 1.00209 0.0021329 0.000728022
1.83221 1.81818 1.00193 0.00199175 0.000673882
1.85235 1.81818 1.00179 0.00185767 0.000623237
1.87248 1.81818 1.00165 0.00173053 0.000575902
1.89262 1.81818 1.00152 0.00161018 0.000531702
1.91275 1.81818 1.0014 0.00149642 0.000490466
1.93289 1.81818 1.00129 0.00138907 0.000452029
1.95302 1.81818 1.00119 0.00128793 0.000416235
1.97315 1.81818 1.00109 0.00119277 0.000382934
1.99329 1.81818 1.001 0.00110338 0.000351979
2.01342 1.81818 1.00092 0.00101953 0.000323235
2.03356 1.81818 1.00084 0.000940988 0.000296567
2.05369 1.81818 1.00077 0.000867524 0.000271852
2.07383 1.81818 1.0007 0.000798904 0.000248967
2.09396 1.81818 1.00064 0.000734898 0.000227799
2.11409 1.81818 1.00059 0.000675276 0.000208239
2.13423 1.81818 1.00053 0.000619813 0.000190182
2.15436 1.81818 1.00049 0.000568286 0.000173531
2.1745 1.81818 1.00044 0.000520479 0.000158191
2.19463 1.81818 1.0004 0.000476181 0.000144073
2.21477 1.81818 1.00036 0.000435186 0.000131095
2.2349 1.81818 1.00033 0.000397297 0.000119175
2.25503 1.81818 1.0003 0.000362322 0.00010824
2.27517 1.81818 1.00027 0.000330077 9.82184e-05
2.2953 1.81818 1.00024 0.000300385 8.90433e-05
2.31544 1.81818 1.00022 0.000273077 8.0652e-05
2.33557 1.81818 1.0002 0.000247993 7.29856e-05
2.3557 1.81818 1.00018 0.000224978 6.59888e-05
2.37584 1.81818 1.00016 0.000203887 5.96098e-05
2.39597 1.81818 1.00015 0.000184581 5.38e-05
2.41611 1.81818 1.00013 0.000166928 4.85141e-05
2.43624 1.81818 1.00012 0.000150807 4.37101e-05
2.45638 1.81818 1.00011 0.000136099 3.93483e-05
2.47651 1.81818 1.00009 0.000122696 3.53925e-05
2.49664 1.81818 1.00008 0.000110494 3.18084e-05
2.51678 1.81818 1.00008 9.93969e-05 2.85648e-05
2.53691 1.81818 1.00007 8.93148e-05 2.56323e-05
2.55705 1.81818 1.00006 8.0163e-05 2.2984e-05
2.57718 1.81818 1.00005 7.18629e-05 2.05951e-05
2.59732 1.81818 1.00005 6.43411e-05 1.84424e-05
2.61745 1.81818 1.00004 5.75295e-05 1.65048e-05
2.63758 1.81818 1.00004 5.13645e-05 1.47628e-05
2.65772 1.81818 1.00003 4.57873e-05 1.31981e-05
2.67785 1.81818 1.00003 4.07431e-05 1.17943e-05
2.69799 1.81818 1.00003 3.61812e-05 1.05359e-05
2.71812 1.81818 1.00002 3.20544e-05 9.40842e-06
2.73826 1.81818 1.00002 2.8319e-05 8.39856e-06
2.75839 1.81818 1.00002 2.49344e-05 7.49362e-06
2.77852 1.81818 1.00002 2.18626e-05 6.68146e-06
2.79866 1.81818 1.00002 1.90685e-05 5.95027e-06
2.81879 1.81818 1.00001 1.65191e-05 5.28827e-06
2.83893 1.81818 1.00001 1.41834e-05 4.6834e-06
2.85906 1.81818 1.00001 1.20322e-05 4.12295e-06
2.87919 1.81818 1.00001 1.0038e-05 3.59308e-06
2.89933 1.81818 1.00001 8.17474e-06 3.07834e-06
2.91946 1.81818 1.00001 6.4175e-06 2.56106e-06
2.9396 1.81818 1.00001 4.74283e-06 2.02072e-06
2.95973 1.81818 1.00001 3.12853e-06 1.43329e-06
2.97987 1.81818 1.00001 1.55388e-06 7.70654e-07
3 1.81818 1.00001 0 0

0 1.83838 1.0152 0 0
0.0201342 1.83838 1.01552 -0.000625371 0.00090065
0.0402685 1.83838 1.01591 -0.00118515 0.00170949
0.0604027 1.83838 1.01635 -0.001673 0.00243303
0.0805369 1.83838 1.01683 -0.00208636 0.00308028
0.100671 1.83838 1.01734 -0.00242516 0.00366132
0.120805 1.83838 1.01787 -0.00269138 0.00418584
0.14094 1.83838 1.01841 -0.00288825 0.00466245
0.161074 1.83838 1.01895 -0.00301971 0.00509842
0.181208 1.83838 1.01949 -0.00309002 0.00549973
0.201342 1.83838 1.02003 -0.00310345 0.00587114
0.221477 1.83838 1.02055 -0.00306423 0.00621637
0.241611 1.83838 1.02106 -0.00297639 0.00653832
0.261745 1.83838 1.02155 -0.00284377 0.00683918
0.281879 1.83838 1.02203 -0.00267005 0.00712059
0.302013 1.83838 1.02248 -0.00245869 0.00738375
0.322148 1.83838 1.0229 -0.00221304 0.00762954
0.342282 1.83838 1.0233 -0.00193628 0.00785855
0.362416 1.83838 1.02367 -0.00163149 0.00807118
0.38255 1.83838 1.02401 -0.00130165 0.00826764
0.402685 1.83838 1.02432 -0.000949625 0.00844808
0.422819 1.83838 1.0246 -0.000578238 0.00861251
0.442953 1.83838 1.02485 -0.000190222 0.00876091
0.463087 1.83838 1.02506 0.000211751 0.00889323
0.483221 1.83838 1.02524 0.00062507 0.00900936
0.503356 1.83838 1.02538 0.00104718 0.00910923
0.52349 1.83838 1.02548 0.0014756 0.00919273
0.543624 1.83838 1.02555 0.00190789 0.0092598
0.563758 1.83838 1.02559 0.00234169 0.00931038
0.583893 1.83838 1.02559 0.00277468 0.00934444
0.604027 1.83838 1.02555 0.00320463 0.00936201
0.624161 1.83838 1.02547 0.00362937 0.00936314
0.644295 1.83838 1.02536 0.00404681 0.00934793
0.66443 1.83838 1.02522 0.00445493 0.00931655
0.684564 1.83838 1.02504 0.00485182 0.0092692
0.704698 1.83838 1.02482 0.00523564 0.00920617
0.724832 1.83838 1.02458 0.00560465 0.00912779
0.744966 1.83838 1.0243 0.00595723 0.00903446
0.765101 1.83838 1.02399 0.00629188 0.00892668
0.785235 1.83838 1.02365 0.00660718 0.00880497
0.805369 1.83838 1.02329 0.00690189 0.00866994
0.825503 1.83838 1.02289 0.00717487 0.00852228
0.845638 1.83838 1.02248 0.00742515 0.00836273
0.865772 1.83838 1.02203 0.00765189 0.00819208
0.885906 1.83838 1.02157 0.00785441 0.00801119
0.90604 1.83838 1.02109 0.0080322 0.00782096
0.926174 1.83838 1.02059 0.00818489 0.00762233
0.946309 1.83838 1.02007 0.0083123 0.00741628
0.966443 1.83838 1.01954 0.0084144 0.0072038
0.986577 1.83838 1.019 0.00849132 0.00698591
1.00671 1.83838 1.01844 0.00854338 0.00676361
1.02685 1.83838 1.01788 0.008571 0.00653792
1.04698 1.83838 1.01731 0.00857479 0.00630983
1.06711 1.83838 1.01674 0.00855549 0.0060803
1.08725 1.83838 1.01616 0.00851396 0.00585026
1.10738 1.83838 1.01558 0.00845116 0.0056206
1.12752 1.83838 1.01501 0.0083682 0.00539215
1.14765 1.83838 1.01443 0.00826622 0.00516571
1.16779 1.83838 1.01386 0.00814649 0.00494199
1.18792 1.83838 1.0133 0.00801029 0.00472165
1.20805 1.83838 1.01274 0.00785899 0.00450529
1.22819 1.83838 1.01219 0.00769395 0.00429343
1.24832 1.83838 1.01164 0.00751657 0.00408654
1.26846 1.83838 1.01111 0.00732826 0.00388501
1.28859 1.83838 1.01059 0.0071304 0.00368918
1.30872 1.83838 1.01008 0.00692435 0.00349931
1.32886 1.83838 1.00959 0.00671146 0.00331561
1.34899 1.83838 1.0091 0.00649301 0.00313826
1.36913 1.83838 1.00863 0.00627026 0.00296735
1.38926 1.83838 1.00818 0.00604438 0.00280296
1.4094 1.83838 1.00774 0.00581652 0.00264509
1.42953 1.83838 1.00732 0.00558772 0.00249375
1.44966 1.83838 1.00691 0.00535898 0.00234889
1.4698 1.83838 1.00651 0.00513122 0.00221042
1.48993 1.83838 1.00613 0.00490529 0.00207825
1.51007 1.83838 1.00577 0.00468195 0.00195226
1.5302 1.83838 1.00542 0.00446192 0.00183231
1.55034 1.83838 1.00509 0.0042458 0.00171825
1.57047 1.83838 1.00477 0.00403416 0.00160991
1.5906 1.83838 1.00447 0.00382749 0.00150712
1.61074 1.83838 1.00418 0.00362621 0.0014097
1.63087 1.83838 1.00391 0.00343067 0.00131747
1.65101 1.83838 1.00365 0.00324118 0.00123024
1.67114 1.83838 1.0034 0.00305797 0.00114781
1.69128 1.83838 1.00317 0.00288123 0.00107
1.71141 1.83838 1.00295 0.00271111 0.000996628
1.73154 1.83838 1.00274 0.00254769 0.000927495
1.75168 1.83838 1.00255 0.00239103 0.000862421
1.77181 1.83838 1.00236 0.00224114 0.000801224
1.79195 1.83838 1.00219 0.002098 0.000743727
1.81208 1.83838 1.00203 0.00196155 0.000689756
1.83221 1.83838 1.00188 0.00183172 0.000639141
1.85235 1.83838 1.00173 0.00170839 0.000591718
1.87248 1.83838 1.0016 0.00159144 0.000547327
1.89262 1.83838 1.00147 0.00148073 0.000505813
1.91275 1.83838 1.00136 0.00137608 0.000467028
1.93289 1.83838 1.00125 0.00127733 0.000430825
1.95302 1.83838 1.00115 0.00118428 0.000397066
1.97315 1.83838 1.00105 0.00109674 0.000365617
1.99329 1.83838 1.00097 0.00101451 0.000336347
2.01342 1.83838 1.00089 0.000937378 0.000309134
2.03356 1.83838 1.00081 0.000865129 0.000283858
2.05369 1.83838 1.00074 0.000797552 0.000260405
2.07383 1.83838 1.00068 0.000734434 0.000238666
2.09396 1.83838 1.00062 0.000675562 0.000218535
2.11409 1.83838 1.00056 0.000620724 0.000199914
2.13423 1.83838 1.00051 0.000569713 0.000182707
2.15436 1.83838 1.00047 0.000522324 0.000166824
2.1745 1.83838 1.00042 0.000478359 0.000152178
2.19463 1.83838 1.00039 0.000437623 0.000138686
2.21477 1.83838 1.00035 0.000399926 0.000126272
2.2349 1.83838 1.00032 0.000365087 0.000114861
2.25503 1.83838 1.00029 0.000332929 0.000104383
2.27517 1.83838 1.00026 0.000303283 9.47724e-05
2.2953 1.83838 1.00023 0.000275986 8.59667e-05
2.31544 1.83838 1.00021 0.000250882 7.7907e-05
2.33557 1.83838 1.00019 0.000227824 7.0538e-05
2.3557 1.83838 1.00017 0.000206669 6.38077e-05
2.37584 1.83838 1.00016 0.000187283 5.76672e-05
2.39597 1.83838 1.00014 0.000169539 5.20708e-05
2.41611 1.83838 1.00013 0.000153317 4.69758e-05
2.43624 1.83838 1.00011 0.000138502 4.23421e-05
2.45638 1.83838 1.0001 0.000124987 3.81325e-05
2.47651 1.83838 1.00009 0.000112671 3.43123e-05
2.49664 1.83838 1.00008 0.00010146 3.08492e-05
2.51678 1.83838 1.00007 9.12653e-05 2.77133e-05
2.53691 1.83838 1.00006 8.20034e-05 2.48767e-05
2.55705 1.83838 1.00006 7.35968e-05 2.23138e-05
2.57718 1.83838 1.00005 6.59732e-05 2.00007e-05
2.59732 1.83838 1.00005 5.90651e-05 1.79155e-05
2.61745 1.83838 1.00004 5.28099e-05 1.60379e-05
2.63758 1.83838 1.00004 4.71491e-05 1.43491e-05
2.65772 1.83838 1.00003 4.20287e-05 1.28319e-05
2.67785 1.83838 1.00003 3.73983e-05 1.14702e-05
2.69799 1.83838 1.00003 3.32113e-05 1.02493e-05
2.71812 1.83838 1.00002 2.94244e-05 9.15541e-06
2.73826 1.83838 1.00002 2.59974e-05 8.17564e-06
2.75839 1.83838 1.00002 2.28929e-05 7.29782e-06
2.77852 1.83838 1.00002 2.00762e-05 6.51032e-06
2.79866 1.83838 1.00001 1.75148e-05 5.80175e-06
2.81879 1.83838 1.00001 1.51784e-05 5.16078e-06
2.83893 1.83838 1.00001 1.30383e-05 4.57573e-06
2.85906 1.83838 1.00001 1.10674e-05 4.03419e-06
2.87919 1.83838 1.00001 9.24027e-06 3.52254e-06
2.89933 1.83838 1.00001 7.53225e-06 3.02533e-06
2.91946 1.83838 1.00001 5.91997e-06 2.52464e-06
2.9396 1.83838 1.00001 4.38105e-06 1.9993e-06
2.95973 1.83838 1.00001 2.8943e-06 1.42417e-06
2.97987 1.83838 1.00001 1.43991e-06 7.69416e-07
3 1.83838 1.00001 0 0

0 1.85859 1.01474 0 0
0.0201342 1.85859 1.01505 -0.000616157 0.000841276
0.0402685 1.85859 1.01546 -0.00116634 0.0015796
0.0604027 1.85859 1.01593 -0.00164231 0.00222562
0.0805369 1.85859 1.01644 -0.00204181 0.00279213
0.100671 1.85859 1.01699 -0.0023657 0.00329228
0.120805 1.85859 1.01755 -0.0026172 0.00373781
0.14094 1.85859 1.01813 -0.00280071 0.00413861
0.161074 1.85859 1.01871 -0.0029211 0.0045026
0.181208 1.85859 1.01928 -0.00298328 0.00483601
0.201342 1.85859 1.01984 -0.002992 0.00514364
0.221477 1.85859 1.02039 -0.00295169 0.00542912
0.241611 1.85859 1.02092 -0.00286647 0.00569519
0.261745 1.85859 1.02144 -0.00274018 0.00594388
0.281879 1.85859 1.02193 -0.00257638 0.0061767
0.302013 1.85859 1.02239 -0.00237839 0.00639471
0.322148 1.85859 1.02283 -0.00214935 0.00659868
0.342282 1.85859 1.02324 -0.00189224 0.00678911
0.362416 1.85859 1.02362 -0.00160989 0.00696632
0.38255 1.85859 1.02397 -0.00130503 0.00713051
0.402685 1.85859 1.02429 -0.000980303 0.00728175
0.422819 1.85859 1.02457 -0.000638252 0.00742003
0.442953 1.85859 1.02482 -0.000281367 0.00754532
0.463087 1.85859 1.02503 8.79315e-05 0.00765753
0.483221 1.85859 1.02521 0.000467281 0.00775655
0.503356 1.85859 1.02535 0.000854375 0.00784227
0.52349 1.85859 1.02546 0.00124696 0.00791457
0.543624 1.85859 1.02552 0.00164284 0.00797337
0.563758 1.85859 1.02556 0.00203987 0.00801858
0.583893 1.85859 1.02555 0.00243597 0.00805014
0.604027 1.85859 1.02551 0.00282912 0.00806803
0.624161 1.85859 1.02543 0.00321737 0.00807226
0.644295 1.85859 1.02531 0.00359881 0.00806289
0.66443 1.85859 1.02516 0.00397164 0.00804
0.684564 1.85859 1.02498 0.00433412 0.00800376
0.704698 1.85859 1.02476 0.0046846 0.00795435
0.724832 1.85859 1.0245 0.00502153 0.00789202
0.744966 1.85859 1.02422 0.00534343 0.00781709
0.765101 1.85859 1.0239 0.00564895 0.00772992
0.785235 1.85859 1.02356 0.00593684 0.00763092
0.805369 1.85859 1.02318 0.00620597 0.0075206
0.825503 1.85859 1.02278 0.00645533 0.00739947
0.845638 1.85859 1.02236 0.00668404 0.00726814
0.865772 1.85859 1.02191 0.00689136 0.00712724
0.885906 1.85859 1.02144 0.00707669 0.00697747
0.90604 1.85859 1.02096 0.00723957 0.00681955
0.926174 1.85859 1.02045 0.00737968 0.00665426
0.946309 1.85859 1.01993 0.00749687 0.00648238
0.966443 1.85859 1.01939 0.00759111 0.00630474
0.986577 1.85859 1.01884 0.00766253 0.00612217
1.00671 1.85859 1.01829 0.0077114 0.0059355
1.02685 1.85859 1.01772 0.00773814 0.00574557
1.04698 1.85859 1.01715 0.00774328 0.00555319
1.06711 1.85859 1.01657 0.00772747 0.00535918
1.08725 1.85859 1.01599 0.00769151 0.00516432
1.10738 1.85859 1.01541 0.00763627 0.00496934
1.12752 1.85859 1.01484 0.00756272 0.00477496
1.14765 1.85859 1.01426 0.00747192 0.00458186
1.16779 1.85859 1.01369 0.00736498 0.00439063
1.18792 1.85859 1.01312 0.00724308 0.00420187
1.20805 1.85859 1.01256 0.00710743 0.00401607
1.22819 1.85859 1.01201 0.00695927 0.00383372
1.24832 1.85859 1.01147 0.00679987 0.00365521
1.26846 1.85859 1.01094 0.00663049 0.00348091
1.28859 1.85859 1.01042 0.00645237 0.00331112
1.30872 1.85859 1.00992 0.00626676 0.00314609
1.32886 1.85859 1.00942 0.00607486 0.00298605
1.34899 1.85859 1.00894 0.00587784 0.00283114
1.36913 1.85859 1.00848 0.00567684 0.0026815
1.38926 1.85859 1.00803 0.00547293 0.0025372
1.4094 1.85859 1.00759 0.00526713 0.00239829
1.42953 1.85859 1.00717 0.00506042 0.00226479
1.44966 1.85859 1.00677 0.00485368 0.00213669
1.4698 1.85859 1.00638 0.00464776 0.00201396
1.48993 1.85859 1.006 0.00444343 0.00189652
1.51007 1.85859 1.00564 0.00424139 0.0017843
1.5302 1.85859 1.0053 0.00404229 0.00167722
1.55034 1.85859 1.00497 0.00384669 0.00157515
1.57047 1.85859 1.00466 0.0036551 0.00147798
1.5906 1.85859 1.00436 0.00346798 0.00138559
1.61074 1.85859 1.00408 0.0032857 0.00129783
1.63087 1.85859 1.00381 0.0031086 0.00121456
1.65101 1.85859 1.00355 0.00293694 0.00113564
1.67114 1.85859 1.00331 0.00277096 0.00106092
1.69128 1.85859 1.00308 0.00261083 0.000990245
1.71141 1.85859 1.00287 0.00245668 0.000923464
1.73154 1.85859 1.00266 0.00230858 0.000860425
1.75168 1.85859 1.00247 0.00216661 0.000800979
1.77181 1.85859 1.00229 0.00203076 0.000744975
1.79195 1.85859 1.00212 0.00190102 0.000692265
1.81208 1.85859 1.00196 0.00177734 0.000642705
1.83221 1.85859 1.00182 0.00165965 0.000596153
1.85235 1.85859 1.00168 0.00154787 0.000552467
1.87248 1.85859 1.00155 0.00144186 0.000511514
1.89262 1.85859 1.00142 0.0013415 0.000473159
1.91275 1.85859 1.00131 0.00124664 0.000437274
1.93289 1.85859 1.00121 0.00115713 0.000403733
1.95302 1.85859 1.00111 0.00107279 0.000372416
1.97315 1.85859 1.00102 0.00099345 0.000343204
1.99329 1.85859 1.00093 0.000918918 0.000315984
2.01342 1.85859 1.00085 0.000849008 0.000290646
2.03356 1.85859 1.00078 0.000783529 0.000267085
2.05369 1.85859 1.00071 0.000722287 0.000245199
2.07383 1.85859 1.00065 0.000665088 0.000224891
2.09396 1.85859 1.00059 0.00061174 0.000206067
2.11409 1.85859 1.00054 0.00056205 0.000188637
2.13423 1.85859 1.00049 0.00051583 0.000172515
2.15436 1.85859 1.00045 0.000472896 0.000157618
2.1745 1.85859 1.00041 0.000433065 0.00014387
2.19463 1.85859 1.00037 0.000396161 0.000131195
2.21477 1.85859 1.00034 0.000362014 0.000119521
2.2349 1.85859 1.0003 0.000330457 0.000108783
2.25503 1.85859 1.00027 0.00030133 9.89141e-05
2.27517 1.85859 1.00025 0.000274481 8.98553e-05
2.2953 1.85859 1.00022 0.00024976 8.1549e-05
2.31544 1.85859 1.0002 0.000227028 7.39407e-05
2.33557 1.85859 1.00018 0.000206148 6.69795e-05
2.3557 1.85859 1.00016 0.000186994 6.06172e-05
2.37584 1.85859 1.00015 0.000169443 5.48087e-05
2.39597 1.85859 1.00013 0.000153379 4.95114e-05
2.41611 1.85859 1.00012 0.000138694 4.46856e-05
2.43624 1.85859 1.00011 0.000125284 4.02941e-05
2.45638 1.85859 1.0001 0.000113051 3.63023e-05
2.47651 1.85859 1.00009 0.000101905 3.26776e-05
2.49664 1.85859 1.00008 9.17597e-05 2.939e-05
2.51678 1.85859 1.00007 8.25344e-05 2.64115e-05
2.53691 1.85859 1.00006 7.4154e-05 2.3716e-05
2.55705 1.85859 1.00006 6.65481e-05 2.12793e-05
2.57718 1.85859 1.00005 5.96513e-05 1.90792e-05
2.59732 1.85859 1.00004 5.34025e-05 1.7095e-05
2.61745 1.85859 1.00004 4.77448e-05 1.53077e-05
2.63758 1.85859 1.00003 4.26255e-05 1.36995e-05
2.65772 1.85859 1.00003 3.79954e-05 1.22543e-05
2.67785 1.85859 1.00003 3.38091e-05 1.09569e-05
2.69799 1.85859 1.00002 3.00243e-05 9.79348e-06
2.71812 1.85859 1.00002 2.6602e-05 8.75097e-06
2.73826 1.85859 1.00002 2.35056e-05 7.81729e-06
2.75839 1.85859 1.00002 2.07015e-05 6.98095e-06
2.77852 1.85859 1.00002 1.81582e-05 6.231e-06
2.79866 1.85859 1.00001 1.58462e-05 5.55671e-06
2.81879 1.85859 1.00001 1.3738e-05 4.94737e-06
2.83893 1.85859 1.00001 1.18076e-05 4.39192e-06
2.85906 1.85859 1.00001 1.00302e-05 3.8785e-06
2.87919 1.85859 1.00001 8.38241e-06 3.39395e-06
2.89933 1.85859 1.00001 6.84137e-06 2.92315e-06
2.91946 1.85859 1.00001 5.38515e-06 2.44816e-06
2.9396 1.85859 1.00001 3.99252e-06 1.94738e-06
2.95973 1.85859 1.00001 2.64314e-06 1.39456e-06
2.97987 1.85859 1.00001 1.31795e-06 7.57985e-07
3 1.85859 1.00001 0 0

0 1.87879 1.01421 0 0
0.0201342 1.87879 1.01452 -0.000602769 0.000782214
0.0402685 1.87879 1.01496 -0.00113785 0.00144699
0.0604027 1.87879 1.01547 -0.00159502 0.00201163
0.0805369 1.87879 1.01604 -0.00197327 0.00249423
0.100671 1.87879 1.01663 -0.00227522 0.00291167
0.120805 1.87879 1.01724 -0.0025059 0.00327788
0.14094 1.87879 1.01786 -0.00267113 0.00360377
0.161074 1.87879 1.01848 -0.00277678 0.00389763
0.181208 1.87879 1.01909 -0.00282837 0.00416564
0.201342 1.87879 1.01968 -0.00283094 0.00441236
0.221477 1.87879 1.02026 -0.00278902 0.00464115
0.241611 1.87879 1.02082 -0.00270669 0.00485446
0.261745 1.87879 1.02135 -0.00258763 0.00505407
0.281879 1.87879 1.02186 -0.00243519 0.00524124
0.302013 1.87879 1.02234 -0.00225245 0.00541689
0.322148 1.87879 1.0228 -0.00204227 0.00558162
0.342282 1.87879 1.02322 -0.00180735 0.00573583
0.362416 1.87879 1.02361 -0.00155023 0.00587977
0.38255 1.87879 1.02397 -0.00127336 0.00601357
0.402685 1.87879 1.02429 -0.000979074 0.00613726
0.422819 1.87879 1.02458 -0.000669646 0.00625081
0.442953 1.87879 1.02483 -0.000347276 0.00635415
0.463087 1.87879 1.02505 -1.41111e-05 0.00644718
0.483221 1.87879 1.02523 0.000327758 0.00652977
0.503356 1.87879 1.02537 0.00067629 0.00660181
0.52349 1.87879 1.02547 0.00102949 0.00666318
0.543624 1.87879 1.02554 0.00138542 0.00671374
0.563758 1.87879 1.02557 0.00174217 0.00675341
0.583893 1.87879 1.02556 0.00209791 0.00678211
0.604027 1.87879 1.02551 0.00245084 0.00679978
0.624161 1.87879 1.02543 0.00279923 0.0068064
0.644295 1.87879 1.02531 0.00314141 0.00680197
0.66443 1.87879 1.02515 0.00347577 0.00678654
0.684564 1.87879 1.02496 0.00380078 0.00676021
0.704698 1.87879 1.02473 0.00411497 0.00672309
0.724832 1.87879 1.02447 0.00441697 0.00667536
0.744966 1.87879 1.02418 0.00470548 0.00661724
0.765101 1.87879 1.02385 0.00497931 0.006549
0.785235 1.87879 1.0235 0.00523735 0.00647096
0.805369 1.87879 1.02312 0.00547861 0.00638347
0.825503 1.87879 1.02271 0.00570219 0.00628696
0.845638 1.87879 1.02228 0.00590734 0.00618188
0.865772 1.87879 1.02182 0.00609339 0.00606873
0.885906 1.87879 1.02135 0.00625982 0.00594805
0.90604 1.87879 1.02085 0.00640623 0.00582041
0.926174 1.87879 1.02034 0.00653236 0.00568642
0.946309 1.87879 1.01981 0.00663805 0.00554671
0.966443 1.87879 1.01927 0.0067233 0.00540194
0.986577 1.87879 1.01871 0.00678823 0.00525277
1.00671 1.87879 1.01815 0.00683308 0.00509986
1.02685 1.87879 1.01758 0.00685822 0.0049439
1.04698 1.87879 1.017 0.00686412 0.00478555
1.06711 1.87879 1.01642 0.00685138 0.00462547
1.08725 1.87879 1.01584 0.00682068 0.00446429
1.10738 1.87879 1.01526 0.00677281 0.00430262
1.12752 1.87879 1.01468 0.00670862 0.00414106
1.14765 1.87879 1.0141 0.00662906 0.00398016
1.16779 1.87879 1.01352 0.0065351 0.00382044
1.18792 1.87879 1.01296 0.0064278 0.00366237
1.20805 1.87879 1.0124 0.00630822 0.00350641
1.22819 1.87879 1.01185 0.00617747 0.00335294
1.24832 1.87879 1.01131 0.00603667 0.00320232
1.26846 1.87879 1.01078 0.00588693 0.00305488
1.28859 1.87879 1.01026 0.00572937 0.00291089
1.30872 1.87879 1.00975 0.00556509 0.00277058
1.32886 1.87879 1.00926 0.00539515 0.00263415
1.34899 1.87879 1.00879 0.00522061 0.00250175
1.36913 1.87879 1.00832 0.00504247 0.00237353
1.38926 1.87879 1.00787 0.00486168 0.00224956
1.4094 1.87879 1.00744 0.00467916 0.00212993
1.42953 1.87879 1.00702 0.00449578 0.00201465
1.44966 1.87879 1.00662 0.00431232 0.00190376
1.4698 1.87879 1.00624 0.00412955 0.00179725
1.48993 1.87879 1.00587 0.00394815 0.00169508
1.51007 1.87879 1.00551 0.00376875 0.00159722
1.5302 1.87879 1.00517 0.00359193 0.0015036
1.55034 1.87879 1.00485 0.00341819 0.00141417
1.57047 1.87879 1.00454 0.00324799 0.00132883
1.5906 1.87879 1.00425 0.00308173 0.0012475
1.61074 1.87879 1.00397 0.00291976 0.00117007
1.63087 1.87879 1.0037 0.00276237 0.00109645
1.65101 1.87879 1.00345 0.00260982 0.00102653
1.67114 1.87879 1.00322 0.00246229 0.000960192
1.69128 1.87879 1.00299 0.00231996 0.000897319
1.71141 1.87879 1.00278 0.00218293 0.000837795
1.73154 1.87879 1.00258 0.00205129 0.000781502
1.75168 1.87879 1.0024 0.00192508 0.000728319
1.77181 1.87879 1.00222 0.00180431 0.000678128
1.79195 1.87879 1.00205 0.00168898 0.000630809
1.81208 1.87879 1.0019 0.00157903 0.000586245
1.83221 1.87879 1.00175 0.00147442 0.000544318
1.85235 1.87879 1.00162 0.00137504 0.000504913
1.87248 1.87879 1.00149 0.00128081 0.000467917
1.89262 1.87879 1.00137 0.0011916 0.00043322
1.91275 1.87879 1.00126 0.00110729 0.000400712
1.93289 1.87879 1.00116 0.00102772 0.000370288
1.95302 1.87879 1.00107 0.000952762 0.000341845
1.97315 1.87879 1.00098 0.000882245 0.000315281
1.99329 1.87879 1.0009 0.000816006 0.000290499
2.01342 1.87879 1.00082 0.00075388 0.000267404
2.03356 1.87879 1.00075 0.000695694 0.000245906
2.05369 1.87879 1.00068 0.000641276 0.000225915
2.07383 1.87879 1.00062 0.000590454 0.000207345
2.09396 1.87879 1.00057 0.000543057 0.000190116
2.11409 1.87879 1.00052 0.000498913 0.000174147
2.13423 1.87879 1.00047 0.000457854 0.000159363
2.15436 1.87879 1.00043 0.000419717 0.000145691
2.1745 1.87879 1.00039 0.000384339 0.000133062
2.19463 1.87879 1.00035 0.000351563 0.000121408
2.21477 1.87879 1.00032 0.000321238 0.000110668
2.2349 1.87879 1.00029 0.000293215 0.000100779
2.25503 1.87879 1.00026 0.000267352 9.16843e-05
2.27517 1.87879 1.00024 0.000243513 8.333e-05
2.2953 1.87879 1.00021 0.000221566 7.56641e-05
2.31544 1.87879 1.00019 0.000201386 6.86376e-05
2.33557 1.87879 1.00017 0.000182852 6.22044e-05
2.3557 1.87879 1.00016 0.00016585 5.63208e-05
2.37584 1.87879 1.00014 0.000150273 5.09459e-05
2.39597 1.87879 1.00013 0.000136017 4.60411e-05
2.41611 1.87879 1.00011 0.000122986 4.15702e-05
2.43624 1.87879 1.0001 0.000111086 3.74994e-05
2.45638 1.87879 1.00009 0.000100233 3.3797e-05
2.47651 1.87879 1.00008 9.03444e-05 3.04333e-05
2.49664 1.87879 1.00007 8.13443e-05 2.73809e-05
2.51678 1.87879 1.00007 7.31611e-05 2.46141e-05
2.53691 1.87879 1.00006 6.57281e-05 2.2109e-05
2.55705 1.87879 1.00005 5.89828e-05 1.98435e-05
2.57718 1.87879 1.00005 5.28669e-05 1.7797e-05
2.59732 1.87879 1.00004 4.73261e-05 1.59507e-05
2.61745 1.87879 1.00004 4.23102e-05 1.42869e-05
2.63758 1.87879 1.00003 3.7772e-05 1.27894e-05
2.65772 1.87879 1.00003 3.36683e-05 1.14432e-05
2.67785 1.87879 1.00003 2.99585e-05 1.02344e-05
2.69799 1.87879 1.00002 2.66052e-05 9.15029e-06
2.71812 1.87879 1.00002 2.35737e-05 8.17878e-06
2.73826 1.87879 1.00002 2.08318e-05 7.30873e-06
2.75839 1.87879 1.00002 1.83495e-05 6.5296e-06
2.77852 1.87879 1.00001 1.60989e-05 5.8313e-06
2.79866 1.87879 1.00001 1.40539e-05 5.20397e-06
2.81879 1.87879 1.00001 1.219e-05 4.63775e-06
2.83893 1.87879 1.00001 1.04842e-05 4.12243e-06
2.85906 1.87879 1.00001 8.91418e-06 3.647e-06
2.87919 1.87879 1.00001 7.45879e-06 3.1991e-06
2.89933 1.87879 1.00001 6.09724e-06 2.76426e-06
2.91946 1.87879 1.00001 4.80913e-06 2.32494e-06
2.9396 1.87879 1.00001 3.57435e-06 1.85942e-06
2.95973 1.87879 1.00001 2.37326e-06 1.34047e-06
2.97987 1.87879 1.00001 1.18724e-06 7.34322e-07
3 1.87879 1.00001 0 0

0 1.89899 1.01358 0 0
0.0201342 1.89899 1.0139 -0.000583491 0.000721527
0.0402685 1.89899 1.0144 -0.00109527 0.00130724
0.0604027 1.89899 1.01497 -0.00152366 0.001785
0.0805369 1.89899 1.0156 -0.00187069 0.00218009
0.100671 1.89899 1.01626 -0.00214187 0.00251353
0.120805 1.89899 1.01693 -0.00234461 0.00280111
0.14094 1.89899 1.0176 -0.00248627 0.00305424
0.161074 1.89899 1.01827 -0.00257361 0.00328106
0.181208 1.89899 1.01892 -0.00261251 0.00348728
0.201342 1.89899 1.01955 -0.0026081 0.00367697
0.221477 1.89899 1.02016 -0.00256476 0.003853
0.241611 1.89899 1.02074 -0.00248633 0.00401738
0.261745 1.89899 1.0213 -0.00237619 0.00417156
0.281879 1.89899 1.02183 -0.00223733 0.00431653
0.302013 1.89899 1.02233 -0.00207249 0.00445299
0.322148 1.89899 1.0228 -0.00188419 0.00458139
0.342282 1.89899 1.02324 -0.00167476 0.00470201
0.362416 1.89899 1.02364 -0.00144642 0.00481503
0.38255 1.89899 1.02401 -0.00120126 0.00492051
0.402685 1.89899 1.02434 -0.000941297 0.00501843
0.422819 1.89899 1.02463 -0.00066849 0.00510876
0.442953 1.89899 1.02489 -0.00038473 0.00519139
0.463087 1.89899 1.02511 -9.18561e-05 0.00526622
0.483221 1.89899 1.02529 0.000208333 0.00533313
0.503356 1.89899 1.02543 0.000514082 0.00539198
0.52349 1.89899 1.02554 0.000823678 0.00544264
0.543624 1.89899 1.0256 0.00113545 0.00548499
0.563758 1.89899 1.02563 0.00144775 0.00551893
0.583893 1.89899 1.02561 0.00175901 0.00554435
0.604027 1.89899 1.02556 0.00206768 0.00556119
0.624161 1.89899 1.02547 0.00237227 0.00556939
0.644295 1.89899 1.02534 0.00267133 0.00556892
0.66443 1.89899 1.02518 0.00296347 0.00555981
0.684564 1.89899 1.02498 0.00324738 0.00554207
0.704698 1.89899 1.02475 0.0035218 0.00551579
0.724832 1.89899 1.02448 0.00378553 0.00548107
0.744966 1.89899 1.02418 0.00403747 0.00543805
0.765101 1.89899 1.02384 0.00427658 0.00538693
0.785235 1.89899 1.02348 0.00450191 0.00532792
0.805369 1.89899 1.02309 0.00471261 0.00526128
0.825503 1.89899 1.02267 0.00490792 0.00518733
0.845638 1.89899 1.02223 0.00508717 0.00510638
0.865772 1.89899 1.02177 0.0052498 0.00501882
0.885906 1.89899 1.02128 0.00539537 0.00492505
0.90604 1.89899 1.02078 0.00552354 0.0048255
0.926174 1.89899 1.02025 0.00563407 0.00472064
0.946309 1.89899 1.01972 0.00572686 0.00461095
0.966443 1.89899 1.01917 0.00580189 0.00449693
0.986577 1.89899 1.0186 0.00585927 0.00437909
1.00671 1.89899 1.01803 0.00589921 0.00425795
1.02685 1.89899 1.01746 0.00592204 0.00413405
1.04698 1.89899 1.01687 0.00592818 0.00400789
1.06711 1.89899 1.01629 0.00591812 0.00388
1.08725 1.89899 1.0157 0.00589248 0.00375089
1.10738 1.89899 1.01511 0.00585192 0.00362103
1.12752 1.89899 1.01453 0.00579719 0.00349091
1.14765 1.89899 1.01395 0.0057291 0.00336096
1.16779 1.89899 1.01337 0.00564852 0.00323162
1.18792 1.89899 1.0128 0.00555632 0.00310327
1.20805 1.89899 1.01224 0.00545346 0.00297628
1.22819 1.89899 1.01169 0.00534089 0.00285098
1.24832 1.89899 1.01115 0.00521956 0.00272767
1.26846 1.89899 1.01062 0.00509045 0.00260663
1.28859 1.89899 1.0101 0.00495453 0.00248809
1.30872 1.89899 1.00959 0.00481275 0.00237227
1.32886 1.89899 1.0091 0.00466603 0.00225934
1.34899 1.89899 1.00863 0.00451528 0.00214945
1.36913 1.89899 1.00817 0.00436138 0.00204274
1.38926 1.89899 1.00772 0.00420515 0.00193929
1.4094 1.89899 1.00729 0.00404739 0.00183918
1.42953 1.89899 1.00688 0.00388885 0.00174247
1.44966 1.89899 1.00648 0.00373022 0.0016492
1.4698 1.89899 1.0061 0.00357216 0.00155937
1.48993 1.89899 1.00573 0.00341526 0.00147298
1.51007 1.89899 1.00538 0.00326008 0.00139004
1.5302 1.89899 1.00504 0.0031071 0.00131049
1.55034 1.89899 1.00472 0.00295678 0.00123432
1.57047 1.89899 1.00442 0.00280951 0.00116146
1.5906 1.89899 1.00413 0.00266565 0.00109186
1.61074 1.89899 1.00386 0.00252549 0.00102546
1.63087 1.89899 1.0036 0.00238929 0.000962182
1.65101 1.89899 1.00335 0.00225727 0.000901955
1.67114 1.89899 1.00312 0.0021296 0.000844696
1.69128 1.89899 1.0029 0.00200641 0.000790322
1.71141 1.89899 1.00269 0.00188783 0.000738744
1.73154 1.89899 1.0025 0.0017739 0.000689874
1.75168 1.89899 1.00232 0.00166468 0.000643621
1.77181 1.89899 1.00214 0.00156017 0.000599893
1.79195 1.89899 1.00198 0.00146036 0.000558599
1.81208 1.89899 1.00183 0.00136522 0.000519645
1.83221 1.89899 1.00169 0.0012747 0.000482939
1.85235 1.89899 1.00156 0.00118871 0.000448389
1.87248 1.89899 1.00144 0.00110718 0.000415905
1.89262 1.89899 1.00132 0.00103 0.000385396
1.91275 1.89899 1.00121 0.000957056 0.000356775
1.93289 1.89899 1.00111 0.000888229 0.000329953
1.95302 1.89899 1.00102 0.000823386 0.000304846
1.97315 1.89899 1.00094 0.000762392 0.000281371
1.99329 1.89899 1.00086 0.000705102 0.000259445
2.01342 1.89899 1.00078 0.000651373 0.00023899
2.03356 1.89899 1.00072 0.000601055 0.000219928
2.05369 1.89899 1.00065 0.000554 0.000202184
2.07383 1.89899 1.0006 0.000510058 0.000185686
2.09396 1.89899 1.00054 0.000469079 0.000170364
2.11409 1.89899 1.00049 0.000430917 0.00015615
2.13423 1.89899 1.00045 0.000395425 0.000142979
2.15436 1.89899 1.00041 0.00036246 0.000130788
2.1745 1.89899 1.00037 0.000331883 0.000119518
2.19463 1.89899 1.00034 0.000303558 0.00010911
2.21477 1.89899 1.0003 0.000277353 9.95095e-05
2.2349 1.89899 1.00028 0.000253139 9.06642e-05
2.25503 1.89899 1.00025 0.000230794 8.25236e-05
2.27517 1.89899 1.00022 0.000210199 7.50403e-05
2.2953 1.89899 1.0002 0.00019124 6.81688e-05
2.31544 1.89899 1.00018 0.000173808 6.18664e-05
2.33557 1.89899 1.00016 0.0001578 5.60924e-05
2.3557 1.89899 1.00015 0.000143117 5.08085e-05
2.37584 1.89899 1.00013 0.000129665 4.59785e-05
2.39597 1.89899 1.00012 0.000117356 4.15684e-05
2.41611 1.89899 1.00011 0.000106104 3.75462e-05
2.43624 1.89899 1.0001 9.58307e-05 3.3882e-05
2.45638 1.89899 1.00009 8.64615e-05 3.05476e-05
2.47651 1.89899 1.00008 7.79258e-05 2.75168e-05
2.49664 1.89899 1.00007 7.01577e-05 2.47651e-05
2.51678 1.89899 1.00006 6.30954e-05 2.22697e-05
2.53691 1.89899 1.00006 5.6681e-05 2.00093e-05
2.55705 1.89899 1.00005 5.08607e-05 1.79642e-05
2.57718 1.89899 1.00004 4.55841e-05 1.61162e-05
2.59732 1.89899 1.00004 4.08042e-05 1.44481e-05
2.61745 1.89899 1.00003 3.64776e-05 1.29445e-05
2.63758 1.89899 1.00003 3.25637e-05 1.15907e-05
2.65772 1.89899 1.00003 2.9025e-05 1.03734e-05
2.67785 1.89899 1.00002 2.58266e-05 9.28007e-06
2.69799 1.89899 1.00002 2.29362e-05 8.2993e-06
2.71812 1.89899 1.00002 2.03238e-05 7.42038e-06
2.73826 1.89899 1.00002 1.79617e-05 6.6333e-06
2.75839 1.89899 1.00002 1.58241e-05 5.92866e-06
2.77852 1.89899 1.00001 1.38868e-05 5.29746e-06
2.79866 1.89899 1.00001 1.21276e-05 4.73092e-06
2.81879 1.89899 1.00001 1.05251e-05 4.22028e-06
2.83893 1.89899 1.00001 9.05946e-06 3.75643e-06
2.85906 1.89899 1.00001 7.71141e-06 3.32951e-06
2.87919 1.89899 1.00001 6.46226e-06 2.92836e-06
2.89933 1.89899 1.00001 5.29351e-06 2.53963e-06
2.91946 1.89899 1.00001 4.18655e-06 2.14672e-06
2.9396 1.89899 1.00001 3.12244e-06 1.72833e-06
2.95973 1.89899 1.00001 2.08205e-06 1.25665e-06
2.97987 1.89899 1.00001 1.04664e-06 6.95634e-07
3 1.89899 1.00001 0 0

0 1.91919 1.01281 0 0
0.0201342 1.91919 1.01315 -0.000555382 0.000655356
0.0402685 1.91919 1.01376 -0.00103118 0.00115287
0.0604027 1.91919 1.01443 -0.00141642 0.00153657
0.0805369 1.91919 1.01515 -0.00171914 0.00184082
0.100671 1.91919 1.01589 -0.00194904 0.00209038
0.120805 1.91919 1.01663 -0.00211619 0.00230186
0.14094 1.91919 1.01736 -0.00222924 0.00248624
0.161074 1.91919 1.01808 -0.00229536 0.00265075
0.181208 1.91919 1.01877 -0.00232042 0.00280022
0.201342 1.91919 1.01945 -0.00230919 0.00293789
0.221477 1.91919 1.02009 -0.00226565 0.00306598
0.241611 1.91919 1.0207 -0.00219315 0.00318601
0.261745 1.91919 1.02129 -0.00209458 0.003299
0.281879 1.91919 1.02184 -0.00197247 0.00340569
0.302013 1.91919 1.02236 -0.00182912 0.00350652
0.322148 1.91919 1.02285 -0.00166658 0.00360182
0.342282 1.91919 1.0233 -0.00148681 0.00369175
0.362416 1.91919 1.02371 -0.0012916 0.00377639
0.38255 1.91919 1.02409 -0.00108269 0.00385577
0.402685 1.91919 1.02443 -0.000861739 0.00392985
0.422819 1.91919 1.02473 -0.000630342 0.00399857
0.442953 1.91919 1.025 -0.000390057 0.00406181
0.463087 1.91919 1.02522 -0.000142399 0.00411948
0.483221 1.91919 1.0254 0.000111154 0.00417145
0.503356 1.91919 1.02555 0.000369153 0.00421759
0.52349 1.91919 1.02565 0.000630184 0.00425779
0.543624 1.91919 1.02571 0.000892865 0.00429191
0.563758 1.91919 1.02573 0.00115585 0.00431986
0.583893 1.91919 1.02572 0.00141781 0.00434153
0.604027 1.91919 1.02566 0.00167749 0.00435684
0.624161 1.91919 1.02556 0.00193363 0.00436572
0.644295 1.91919 1.02543 0.00218505 0.00436812
0.66443 1.91919 1.02526 0.0024306 0.00436404
0.684564 1.91919 1.02505 0.00266918 0.00435346
0.704698 1.91919 1.02481 0.00289974 0.00433641
0.724832 1.91919 1.02453 0.0031213 0.00431295
0.744966 1.91919 1.02422 0.00333294 0.00428317
0.765101 1.91919 1.02387 0.0035338 0.00424717
0.785235 1.91919 1.0235 0.00372308 0.00420511
0.805369 1.91919 1.0231 0.0039001 0.00415714
0.825503 1.91919 1.02267 0.0040642 0.00410349
0.845638 1.91919 1.02222 0.00421486 0.00404438
0.865772 1.91919 1.02174 0.0043516 0.00398007
0.885906 1.91919 1.02125 0.00447405 0.00391084
0.90604 1.91919 1.02073 0.00458194 0.00383702
0.926174 1.91919 1.0202 0.00467507 0.00375892
0.946309 1.91919 1.01965 0.00475336 0.00367691
0.966443 1.91919 1.01909 0.00481681 0.00359134
0.986577 1.91919 1.01852 0.0048655 0.00350259
1.00671 1.91919 1.01794 0.00489961 0.00341104
1.02685 1.91919 1.01735 0.00491942 0.0033171
1.04698 1.91919 1.01676 0.00492527 0.00322113
1.06711 1.91919 1.01617 0.00491759 0.00312355
1.08725 1.91919 1.01557 0.00489688 0.00302471
1.10738 1.91919 1.01498 0.00486371 0.00292501
1.12752 1.91919 1.01439 0.0048187 0.00282479
1.14765 1.91919 1.0138 0.00476252 0.00272441
1.16779 1.91919 1.01322 0.00469589 0.00262418
1.18792 1.91919 1.01265 0.00461957 0.00252443
1.20805 1.91919 1.01208 0.00453432 0.00242543
1.22819 1.91919 1.01153 0.00444094 0.00232746
1.24832 1.91919 1.01099 0.00434025 0.00223076
1.26846 1.91919 1.01046 0.00423305 0.00213555
1.28859 1.91919 1.00994 0.00412014 0.00204204
1.30872 1.91919 1.00943 0.00400233 0.00195039
1.32886 1.91919 1.00894 0.00388038 0.00186077
1.34899 1.91919 1.00847 0.00375505 0.00177331
1.36913 1.91919 1.00801 0.00362708 0.00168813
1.38926 1.91919 1.00757 0.00349715 0.00160533
1.4094 1.91919 1.00714 0.00336593 0.00152497
1.42953 1.91919 1.00673 0.00323404 0.00144712
1.44966 1.91919 1.00633 0.00310207 0.00137183
1.4698 1.91919 1.00595 0.00297056 0.00129913
1.48993 1.91919 1.00559 0.00284002 0.00122903
1.51007 1.91919 1.00524 0.00271089 0.00116154
1.5302 1.91919 1.00491 0.00258359 0.00109666
1.55034 1.91919 1.0046 0.0024585 0.00103438
1.57047 1.91919 1.0043 0.00233596 0.000974662
1.5906 1.91919 1.00401 0.00221624 0.000917485
1.61074 1.91919 1.00374 0.00209961 0.00086281
1.63087 1.91919 1.00349 0.00198627 0.000810594
1.65101 1.91919 1.00325 0.00187642 0.000760787
1.67114 1.91919 1.00302 0.00177019 0.000713337
1.69128 1.91919 1.0028 0.0016677 0.000668187
1.71141 1.91919 1.0026 0.00156903 0.000625276
1.73154 1.91919 1.00241 0.00147425 0.000584543
1.75168 1.91919 1.00223 0.00138339 0.000545922
1.77181 1.91919 1.00207 0.00129645 0.000509347
1.79195 1.91919 1.00191 0.00121343 0.000474749
1.81208 1.91919 1.00176 0.0011343 0.00044206
1.83221 1.91919 1.00162 0.00105901 0.00041121
1.85235 1.91919 1.0015 0.000987499 0.000382129
1.87248 1.91919 1.00138 0.000919699 0.000354749
1.89262 1.91919 1.00127 0.000855523 0.000328998
1.91275 1.91919 1.00116 0.000794875 0.000304809
1.93289 1.91919 1.00107 0.000737655 0.000282112
1.95302 1.91919 1.00098 0.000683751 0.000260841
1.97315 1.91919 1.0009 0.000633051 0.000240929
1.99329 1.91919 1.00082 0.000585434 0.000222311
2.01342 1.91919 1.00075 0.000540781 0.000204923
2.03356 1.91919 1.00068 0.000498967 0.000188702
2.05369 1.91919 1.00062 0.000459867 0.000173589
2.07383 1.91919 1.00057 0.000423357 0.000159523
2.09396 1.91919 1.00052 0.000389313 0.000146448
2.11409 1.91919 1.00047 0.000357611 0.000134308
2.13423 1.91919 1.00043 0.00032813 0.000123049
2.15436 1.91919 1.00039 0.000300752 0.00011262
2.1745 1.91919 1.00035 0.000275358 0.00010297
2.19463 1.91919 1.00032 0.000251837 9.40516e-05
2.21477 1.91919 1.00029 0.000230078 8.58194e-05
2.2349 1.91919 1.00026 0.000209975 7.82291e-05
2.25503 1.91919 1.00024 0.000191424 7.12388e-05
2.27517 1.91919 1.00021 0.000174328 6.48086e-05
2.2953 1.91919 1.00019 0.000158592 5.89003e-05
2.31544 1.91919 1.00017 0.000144124 5.34779e-05
2.33557 1.91919 1.00016 0.00013084 4.85071e-05
2.3557 1.91919 1.00014 0.000118656 4.39555e-05
2.37584 1.91919 1.00013 0.000107495 3.97926e-05
2.39597 1.91919 1.00011 9.72821e-05 3.59895e-05
2.41611 1.91919 1.0001 8.7948e-05 3.25191e-05
2.43624 1.91919 1.00009 7.94265e-05 2.93558e-05
2.45638 1.91919 1.00008 7.16554e-05 2.64759e-05
2.47651 1.91919 1.00007 6.45764e-05 2.3857e-05
2.49664 1.91919 1.00006 5.81346e-05 2.14781e-05
2.51678 1.91919 1.00006 5.22787e-05 1.93199e-05
2.53691 1.91919 1.00005 4.69605e-05 1.7364e-05
2.55705 1.91919 1.00005 4.21354e-05 1.55938e-05
2.57718 1.91919 1.00004 3.77615e-05 1.39934e-05
2.59732 1.91919 1.00004 3.37998e-05 1.25485e-05
2.61745 1.91919 1.00003 3.02143e-05 1.12454e-05
2.63758 1.91919 1.00003 2.69712e-05 1.00719e-05
2.65772 1.91919 1.00003 2.40395e-05 9.01635e-06
2.67785 1.91919 1.00002 2.13902e-05 8.06813e-06
2.69799 1.91919 1.00002 1.89966e-05 7.21737e-06
2.71812 1.91919 1.00002 1.68339e-05 6.4549e-06
2.73826 1.91919 1.00002 1.4879e-05 5.77216e-06
2.75839 1.91919 1.00001 1.31106e-05 5.16108e-06
2.77852 1.91919 1.00001 1.15088e-05 4.61398e-06
2.79866 1.91919 1.00001 1.00552e-05 4.1234e-06
2.81879 1.91919 1.00001 8.73218e-06 3.68188e-06
2.83893 1.91919 1.00001 7.52322e-06 3.28169e-06
2.85906 1.91919 1.00001 6.41234e-06 2.91448e-06
2.87919 1.91919 1.00001 5.38384e-06 2.57064e-06
2.89933 1.91919 1.00001 4.42189e-06 2.23855e-06
2.91946 1.91919 1.00001 3.51005e-06 1.90331e-06
2.9396 1.91919 1.00001 2.63084e-06 1.54494e-06
2.95973 1.91919 1.00001 1.76546e-06 1.13587e-06
2.97987 1.91919 1 8.94325e-07 6.37919e-07
3 1.91919 1 0 0

0 1.93939 1.01184 0 0
0.0201342 1.93939 1.01226 -0.000512875 0.000576438
0.0402685 1.93939 1.01303 -0.000932075 0.000971249
0.0604027 1.93939 1.01384 -0.00125393 0.00125279
0.0805369 1.93939 1.01468 -0.00149627 0.00146482
0.100671 1.93939 1.01552 -0.00167372 0.00163356
0.120805 1.93939 1.01635 -0.00179829 0.00177441
0.14094 1.93939 1.01715 -0.00187899 0.00189652
0.161074 1.93939 1.01792 -0.00192257 0.00200547
0.181208 1.93939 1.01867 -0.00193418 0.00210475
0.201342 1.93939 1.01938 -0.00191782 0.0021966
0.221477 1.93939 1.02006 -0.00187669 0.0022825
0.241611 1.93939 1.0207 -0.00181343 0.00236344
0.261745 1.93939 1.02132 -0.00173028 0.00244006
0.281879 1.93939 1.02189 -0.0016292 0.0025128
0.302013 1.93939 1.02243 -0.00151192 0.00258194
0.322148 1.93939 1.02294 -0.00138003 0.00264763
0.342282 1.93939 1.02341 -0.001235 0.00270997
0.362416 1.93939 1.02383 -0.00107821 0.00276899
0.38255 1.93939 1.02422 -0.000910979 0.00282465
0.402685 1.93939 1.02457 -0.000734576 0.00287692
0.422819 1.93939 1.02488 -0.000550227 0.00292572
0.442953 1.93939 1.02515 -0.000359124 0.00297096
0.463087 1.93939 1.02538 -0.000162435 0.00301253
0.483221 1.93939 1.02556 3.87019e-05 0.00305034
0.503356 1.93939 1.02571 0.000243168 0.00308426
0.52349 1.93939 1.02581 0.00044987 0.00311419
0.543624 1.93939 1.02587 0.000657737 0.00314003
0.563758 1.93939 1.02589 0.000865723 0.00316167
0.583893 1.93939 1.02587 0.00107281 0.00317902
0.604027 1.93939 1.02581 0.00127799 0.00319201
0.624161 1.93939 1.0257 0.00148033 0.00320055
0.644295 1.93939 1.02556 0.00167887 0.00320461
0.66443 1.93939 1.02538 0.00187273 0.00320413
0.684564 1.93939 1.02517 0.00206105 0.0031991
0.704698 1.93939 1.02491 0.00224302 0.00318952
0.724832 1.93939 1.02462 0.00241786 0.0031754
0.744966 1.93939 1.0243 0.00258487 0.00315678
0.765101 1.93939 1.02395 0.00274336 0.00313371
0.785235 1.93939 1.02356 0.00289273 0.00310629
0.805369 1.93939 1.02315 0.00303243 0.00307461
0.825503 1.93939 1.02271 0.00316196 0.00303879
0.845638 1.93939 1.02224 0.0032809 0.00299898
0.865772 1.93939 1.02175 0.00338888 0.00295535
0.885906 1.93939 1.02124 0.00348562 0.00290808
0.90604 1.93939 1.02072 0.00357091 0.00285738
0.926174 1.93939 1.02017 0.0036446 0.00280345
0.946309 1.93939 1.01961 0.00370661 0.00274655
0.966443 1.93939 1.01904 0.00375695 0.0026869
0.986577 1.93939 1.01846 0.00379569 0.00262478
1.00671 1.93939 1.01787 0.00382298 0.00256043
1.02685 1.93939 1.01727 0.00383903 0.00249414
1.04698 1.93939 1.01667 0.00384411 0.00242616
1.06711 1.93939 1.01606 0.00383857 0.00235678
1.08725 1.93939 1.01546 0.00382279 0.00228626
1.10738 1.93939 1.01486 0.00379722 0.00221486
1.12752 1.93939 1.01426 0.00376235 0.00214283
1.14765 1.93939 1.01367 0.0037187 0.00207044
1.16779 1.93939 1.01308 0.00366686 0.00199792
1.18792 1.93939 1.01251 0.00360739 0.00192548
1.20805 1.93939 1.01194 0.00354092 0.00185336
1.22819 1.93939 1.01138 0.00346807 0.00178174
1.24832 1.93939 1.01083 0.00338948 0.00171082
1.26846 1.93939 1.0103 0.00330577 0.00164077
1.28859 1.93939 1.00978 0.00321758 0.00157173
1.30872 1.93939 1.00928 0.00312554 0.00150386
1.32886 1.93939 1.00878 0.00303025 0.00143728
1.34899 1.93939 1.00831 0.00293232 0.0013721
1.36913 1.93939 1.00785 0.0028323 0.00130842
1.38926 1.93939 1.00741 0.00273075 0.00124632
1.4094 1.93939 1.00698 0.00262818 0.00118588
1.42953 1.93939 1.00657 0.00252509 0.00112716
1.44966 1.93939 1.00618 0.00242194 0.00107021
1.4698 1.93939 1.00581 0.00231914 0.00101505
1.48993 1.93939 1.00545 0.0022171 0.000961731
1.51007 1.93939 1.0051 0.00211617 0.000910257
1.5302 1.93939 1.00478 0.00201668 0.000860643
1.55034 1.93939 1.00447 0.00191891 0.000812892
1.57047 1.93939 1.00417 0.00182314 0.000766998
1.5906 1.93939 1.00389 0.00172958 0.000722951
1.61074 1.93939 1.00363 0.00163844 0.000680734
1.63087 1.93939 1.00338 0.00154989 0.000640325
1.65101 1.93939 1.00314 0.00146406 0.000601698
1.67114 1.93939 1.00292 0.00138107 0.000564823
1.69128 1.93939 1.00271 0.001301 0.000529664
1.71141 1.93939 1.00251 0.00122393 0.000496186
1.73154 1.93939 1.00232 0.0011499 0.000464347
1.75168 1.93939 1.00215 0.00107894 0.000434106
1.77181 1.93939 1.00199 0.00101105 0.000405417
1.79195 1.93939 1.00183 0.00094623 0.000378235
1.81208 1.93939 1.00169 0.000884449 0.000352513
1.83221 1.93939 1.00156 0.000825673 0.000328201
1.85235 1.93939 1.00143 0.000769855 0.00030525
1.87248 1.93939 1.00132 0.000716937 0.000283611
1.89262 1.93939 1.00121 0.000666852 0.000263233
1.91275 1.93939 1.00111 0.000619526 0.000244066
1.93289 1.93939 1.00102 0.000574879 0.00022606
1.95302 1.93939 1.00093 0.000532824 0.000209166
1.97315 1.93939 1.00085 0.000493272 0.000193333
1.99329 1.93939 1.00078 0.00045613 0.000178512
2.01342 1.93939 1.00071 0.000421303 0.000164657
2.03356 1.93939 1.00065 0.000388694 0.00015172
2.05369 1.93939 1.00059 0.000358204 0.000139654
2.07383 1.93939 1.00054 0.000329737 0.000128414
2.09396 1.93939 1.00049 0.000303196 0.000117956
2.11409 1.93939 1.00044 0.000278483 0.000108238
2.13423 1.93939 1.0004 0.000255503 9.92183e-05
2.15436 1.93939 1.00037 0.000234164 9.08563e-05
2.1745 1.93939 1.00033 0.000214375 8.31136e-05
2.19463 1.93939 1.0003 0.000196046 7.59527e-05
2.21477 1.93939 1.00027 0.000179093 6.93379e-05
2.2349 1.93939 1.00025 0.00016343 6.32348e-05
2.25503 1.93939 1.00022 0.000148979 5.76104e-05
2.27517 1.93939 1.0002 0.000135663 5.24333e-05
2.2953 1.93939 1.00018 0.000123406 4.76735e-05
2.31544 1.93939 1.00016 0.00011214 4.33025e-05
2.33557 1.93939 1.00015 0.000101795 3.92932e-05
2.3557 1.93939 1.00013 9.2308e-05 3.562e-05
2.37584 1.93939 1.00012 8.36182e-05 3.22587e-05
2.39597 1.93939 1.00011 7.56677e-05 2.91863e-05
2.41611 1.93939 1.00009 6.84019e-05 2.63812e-05
2.43624 1.93939 1.00008 6.17692e-05 2.38231e-05
2.45638 1.93939 1.00008 5.57213e-05 2.14931e-05
2.47651 1.93939 1.00007 5.02124e-05 1.93733e-05
2.49664 1.93939 1.00006 4.51999e-05 1.74469e-05
2.51678 1.93939 1.00005 4.06438e-05 1.56984e-05
2.53691 1.93939 1.00005 3.65065e-05 1.41132e-05
2.55705 1.93939 1.00004 3.27531e-05 1.26779e-05
2.57718 1.93939 1.00004 2.93511e-05 1.13799e-05
2.59732 1.93939 1.00003 2.62701e-05 1.02074e-05
2.61745 1.93939 1.00003 2.3482e-05 9.14982e-06
2.63758 1.93939 1.00003 2.09605e-05 8.19702e-06
2.65772 1.93939 1.00002 1.86816e-05 7.33977e-06
2.67785 1.93939 1.00002 1.66225e-05 6.5695e-06
2.69799 1.93939 1.00002 1.47626e-05 5.87828e-06
2.71812 1.93939 1.00002 1.30826e-05 5.25874e-06
2.73826 1.93939 1.00001 1.15646e-05 4.70401e-06
2.75839 1.93939 1.00001 1.01921e-05 4.20761e-06
2.77852 1.93939 1.00001 8.94964e-06 3.76342e-06
2.79866 1.93939 1.00001 7.82292e-06 3.36549e-06
2.81879 1.93939 1.00001 6.79847e-06 3.00791e-06
2.83893 1.93939 1.00001 5.86346e-06 2.68458e-06
2.85906 1.93939 1.00001 5.00555e-06 2.38891e-06
2.87919 1.93939 1.00001 4.21247e-06 2.11333e-06
2.89933 1.93939 1.00001 3.47162e-06 1.84854e-06
2.91946 1.93939 1.00001 2.76943e-06 1.58228e-06
2.9396 1.93939 1 2.09054e-06 1.2973e-06
2.95973 1.93939 1 1.41685e-06 9.6796e-07
2.97987 1.93939 1 7.2711e-07 5.55071e-07
3 1.93939 1 0 0

0 1.9596 1.01051 0 0
0.0201342 1.9596 1.01115 -0.000444399 0.000468684
0.0402685 1.9596 1.01221 -0.000772446 0.000741907
0.0604027 1.9596 1.01322 -0.00100401 0.000915375
0.0805369 1.9596 1.01422 -0.00116904 0.00103902
0.100671 1.9596 1.01518 -0.00128475 0.00113498
0.120805 1.9596 1.0161 -0.00136263 0.00121456
0.14094 1.9596 1.01697 -0.0014102 0.00128374
0.161074 1.9596 1.0178 -0.00143261 0.00134587
0.181208 1.9596 1.0186 -0.00143353 0.00140295
0.201342 1.9596 1.01935 -0.00141572 0.00145621
0.221477 1.9596 1.02007 -0.00138135 0.00150644
0.241611 1.9596 1.02075 -0.00133216 0.00155414
0.261745 1.9596 1.02139 -0.00126963 0.00159963
0.281879 1.9596 1.02199 -0.00119506 0.00164313
0.302013 1.9596 1.02255 -0.00110958 0.00168477
0.322148 1.9596 1.02308 -0.00101426 0.00172461
0.342282 1.9596 1.02356 -0.000910072 0.00176267
0.362416 1.9596 1.024 -0.000797942 0.00179894
0.38255 1.9596 1.0244 -0.000678758 0.0018334
0.402685 1.9596 1.02476 -0.000553373 0.00186599
0.422819 1.9596 1.02508 -0.00042262 0.00189666
0.442953 1.9596 1.02535 -0.000287309 0.00192532
0.463087 1.9596 1.02559 -0.000148237 0.0019519
0.483221 1.9596 1.02578 -6.18382e-06 0.00197631
0.503356 1.9596 1.02592 0.000138085 0.00199848
0.52349 1.9596 1.02602 0.000283817 0.00201832
0.543624 1.9596 1.02608 0.000430275 0.00203575
0.563758 1.9596 1.0261 0.000576737 0.00205069
0.583893 1.9596 1.02607 0.000722497 0.00206307
0.604027 1.9596 1.026 0.00086687 0.00207281
0.624161 1.9596 1.02589 0.00100919 0.00207987
0.644295 1.9596 1.02574 0.0011488 0.00208419
0.66443 1.9596 1.02556 0.0012851 0.00208573
0.684564 1.9596 1.02533 0.00141748 0.00208446
0.704698 1.9596 1.02506 0.00154538 0.00208036
0.724832 1.9596 1.02476 0.00166827 0.00207343
0.744966 1.9596 1.02443 0.00178564 0.00206368
0.765101 1.9596 1.02406 0.00189702 0.00205111
0.785235 1.9596 1.02366 0.002002 0.00203578
0.805369 1.9596 1.02324 0.00210019 0.00201773
0.825503 1.9596 1.02278 0.00219125 0.00199701
0.845638 1.9596 1.0223 0.00227487 0.00197371
0.865772 1.9596 1.0218 0.00235081 0.00194791
0.885906 1.9596 1.02127 0.00241887 0.00191973
0.90604 1.9596 1.02073 0.0024789 0.00188926
0.926174 1.9596 1.02017 0.0025308 0.00185664
0.946309 1.9596 1.0196 0.00257452 0.001822
0.966443 1.9596 1.01901 0.00261006 0.00178549
0.986577 1.9596 1.01842 0.00263748 0.00174725
1.00671 1.9596 1.01781 0.00265687 0.00170745
1.02685 1.9596 1.0172 0.0026684 0.00166624
1.04698 1.9596 1.01659 0.00267224 0.0016238
1.06711 1.9596 1.01598 0.00266865 0.00158028
1.08725 1.9596 1.01536 0.00265788 0.00153585
1.10738 1.9596 1.01475 0.00264027 0.00149069
1.12752 1.9596 1.01415 0.00261615 0.00144494
1.14765 1.9596 1.01355 0.00258589 0.00139877
1.16779 1.9596 1.01295 0.00254989 0.00135233
1.18792 1.9596 1.01237 0.00250856 0.00130578
1.20805 1.9596 1.01179 0.00246234 0.00125924
1.22819 1.9596 1.01123 0.00241165 0.00121285
1.24832 1.9596 1.01068 0.00235695 0.00116675
1.26846 1.9596 1.01015 0.00229868 0.00112104
1.28859 1.9596 1.00962 0.00223727 0.00107583
1.30872 1.9596 1.00912 0.00217318 0.00103123
1.32886 1.9596 1.00863 0.00210683 0.000987325
1.34899 1.9596 1.00815 0.00203862 0.000944197
1.36913 1.9596 1.00769 0.00196897 0.000901921
1.38926 1.9596 1.00725 0.00189825 0.000860563
1.4094 1.9596 1.00683 0.00182682 0.00082018
1.42953 1.9596 1.00642 0.00175504 0.000780822
1.44966 1.9596 1.00603 0.00168321 0.000742532
1.4698 1.9596 1.00566 0.00161164 0.000705344
1.48993 1.9596 1.0053 0.0015406 0.000669287
1.51007 1.9596 1.00496 0.00147034 0.000634384
1.5302 1.9596 1.00464 0.00140109 0.000600652
1.55034 1.9596 1.00433 0.00133305 0.000568101
1.57047 1.9596 1.00404 0.0012664 0.000536737
1.5906 1.9596 1.00377 0.0012013 0.000506563
1.61074 1.9596 1.00351 0.00113789 0.000477575
1.63087 1.9596 1.00326 0.00107629 0.000449766
1.65101 1.9596 1.00303 0.00101659 0.000423126
1.67114 1.9596 1.00281 0.00095887 0.00039764
1.69128 1.9596 1.0026 0.000903195 0.000373293
1.71141 1.9596 1.00241 0.00084961 0.000350065
1.73154 1.9596 1.00223 0.000798145 0.000327933
1.75168 1.9596 1.00206 0.000748818 0.000306875
1.77181 1.9596 1.0019 0.000701634 0.000286865
1.79195 1.9596 1.00175 0.000656585 0.000267875
1.81208 1.9596 1.00162 0.000613657 0.000249877
1.83221 1.9596 1.00149 0.000572821 0.00023284
1.85235 1.9596 1.00137 0.000534046 0.000216735
1.87248 1.9596 1.00126 0.00049729 0.000201529
1.89262 1.9596 1.00115 0.000462506 0.000187192
1.91275 1.9596 1.00106 0.000429642 0.00017369
1.93289 1.9596 1.00097 0.000398641 0.00016099
1.95302 1.9596 1.00088 0.000369445 0.000149061
1.97315 1.9596 1.00081 0.000341989 0.000137869
1.99329 1.9596 1.00074 0.000316209 0.000127383
2.01342 1.9596 1.00067 0.000292039 0.000117569
2.03356 1.9596 1.00061 0.00026941 0.000108397
2.05369 1.9596 1.00056 0.000248255 9.98344e-05
2.07383 1.9596 1.00051 0.000228505 9.18514e-05
2.09396 1.9596 1.00046 0.000210093 8.44177e-05
2.11409 1.9596 1.00042 0.000192952 7.75041e-05
2.13423 1.9596 1.00038 0.000177014 7.10821e-05
2.15436 1.9596 1.00034 0.000162217 6.51241e-05
2.1745 1.9596 1.00031 0.000148495 5.96032e-05
2.19463 1.9596 1.00028 0.000135787 5.44937e-05
2.21477 1.9596 1.00025 0.000124033 4.97707e-05
2.2349 1.9596 1.00023 0.000113176 4.54101e-05
2.25503 1.9596 1.00021 0.00010316 4.1389e-05
2.27517 1.9596 1.00019 9.39311e-05 3.76854e-05
2.2953 1.9596 1.00017 8.54377e-05 3.42784e-05
2.31544 1.9596 1.00015 7.76307e-05 3.11479e-05
2.33557 1.9596 1.00014 7.04634e-05 2.82749e-05
2.3557 1.9596 1.00012 6.38912e-05 2.56413e-05
2.37584 1.9596 1.00011 5.78717e-05 2.323e-05
2.39597 1.9596 1.0001 5.23648e-05 2.10249e-05
2.41611 1.9596 1.00009 4.73327e-05 1.90107e-05
2.43624 1.9596 1.00008 4.27395e-05 1.7173e-05
2.45638 1.9596 1.00007 3.85517e-05 1.54983e-05
2.47651 1.9596 1.00006 3.47375e-05 1.39741e-05
2.49664 1.9596 1.00006 3.12673e-05 1.25883e-05
2.51678 1.9596 1.00005 2.81133e-05 1.133e-05
2.53691 1.9596 1.00004 2.52496e-05 1.01888e-05
2.55705 1.9596 1.00004 2.26519e-05 9.15512e-06
2.57718 1.9596 1.00003 2.02977e-05 8.21993e-06
2.59732 1.9596 1.00003 1.81658e-05 7.37494e-06
2.61745 1.9596 1.00003 1.62369e-05 6.61246e-06
2.63758 1.9596 1.00002 1.44927e-05 5.92532e-06
2.65772 1.9596 1.00002 1.29165e-05 5.30692e-06
2.67785 1.9596 1.00002 1.14927e-05 4.75114e-06
2.69799 1.9596 1.00002 1.02069e-05 4.2523e-06
2.71812 1.9596 1.00002 9.04576e-06 3.80514e-06
2.73826 1.9596 1.00001 7.99702e-06 3.40476e-06
2.75839 1.9596 1.00001 7.04924e-06 3.04655e-06
2.77852 1.9596 1.00001 6.19185e-06 2.72616e-06
2.79866 1.9596 1.00001 5.415e-06 2.43938e-06
2.81879 1.9596 1.00001 4.70948e-06 2.18206e-06
2.83893 1.9596 1.00001 4.06655e-06 1.94995e-06
2.85906 1.9596 1.00001 3.47781e-06 1.7385e-06
2.87919 1.9596 1.00001 2.93488e-06 1.54249e-06
2.89933 1.9596 1.00001 2.42906e-06 1.3555e-06
2.91946 1.9596 1 1.95061e-06 1.1689e-06
2.9396 1.9596 1 1.48768e-06 9.69974e-07
2.95973 1.9596 1 1.02449e-06 7.38147e-07
2.97987 1.9596 1 5.386e-07 4.36942e-07
3 1.9596 1 0 0

0 1.9798 1.00815 0 0
0.0201342 1.9798 1.00991 -0.000317076 0.000305339
0.0402685 1.9798 1.01126 -0.000496567 0.000429287
0.0604027 1.9798 1.01258 -0.000613376 0.000500381
0.0805369 1.9798 1.01377 -0.00069071 0.000549952
0.100671 1.9798 1.01487 -0.000742556 0.000588437
0.120805 1.9798 1.01588 -0.000775696 0.000620656
0.14094 1.9798 1.01684 -0.000794178 0.000649009
0.161074 1.9798 1.01773 -0.000800525 0.000674806
0.181208 1.9798 1.01858 -0.000796468 0.000698801
0.201342 1.9798 1.01937 -0.000783278 0.000721448
0.221477 1.9798 1.02013 -0.000761947 0.00074303
0.241611 1.9798 1.02084 -0.000733291 0.000763729
0.261745 1.9798 1.02151 -0.000698004 0.000783655
0.281879 1.9798 1.02213 -0.000656697 0.000802876
0.302013 1.9798 1.02272 -0.000609924 0.00082143
0.322148 1.9798 1.02326 -0.000558197 0.00083933
0.342282 1.9798 1.02376 -0.000501998 0.000856572
0.362416 1.9798 1.02422 -0.000441786 0.000873142
0.38255 1.9798 1.02463 -0.000378003 0.000889015
0.402685 1.9798 1.025 -0.000311081 0.000904157
0.422819 1.9798 1.02533 -0.000241439 0.000918533
0.442953 1.9798 1.02561 -0.000169492 0.000932101
0.463087 1.9798 1.02584 -9.5644e-05 0.000944815
0.483221 1.9798 1.02604 -2.02962e-05 0.000956631
0.503356 1.9798 1.02618 5.61576e-05 0.000967502
0.52349 1.9798 1.02629 0.00013333 0.000977381
0.543624 1.9798 1.02634 0.000210839 0.000986222
0.563758 1.9798 1.02636 0.000288311 0.000993981
0.583893 1.9798 1.02632 0.000365381 0.00100061
0.604027 1.9798 1.02625 0.000441691 0.00100608
0.624161 1.9798 1.02613 0.000516894 0.00101035
0.644295 1.9798 1.02597 0.000590655 0.00101339
0.66443 1.9798 1.02578 0.000662649 0.00101516
0.684564 1.9798 1.02554 0.000732567 0.00101566
0.704698 1.9798 1.02526 0.000800111 0.00101485
0.724832 1.9798 1.02495 0.000865004 0.00101272
0.744966 1.9798 1.0246 0.000926983 0.00100928
0.765101 1.9798 1.02422 0.000985804 0.00100451
0.785235 1.9798 1.0238 0.00104124 0.00099844
0.805369 1.9798 1.02336 0.0010931 0.000991067
0.825503 1.9798 1.02289 0.0011412 0.000982416
0.845638 1.9798 1.0224 0.00118537 0.000972513
0.865772 1.9798 1.02188 0.0012255 0.000961393
0.885906 1.9798 1.02134 0.00126148 0.000949095
0.90604 1.9798 1.02078 0.00129322 0.000935665
0.926174 1.9798 1.0202 0.00132068 0.000921154
0.946309 1.9798 1.01961 0.00134383 0.000905618
0.966443 1.9798 1.01901 0.00136267 0.00088912
0.986577 1.9798 1.0184 0.00137723 0.000871724
1.00671 1.9798 1.01778 0.00138757 0.000853499
1.02685 1.9798 1.01716 0.00139376 0.000834517
1.04698 1.9798 1.01653 0.00139591 0.000814851
1.06711 1.9798 1.01591 0.00139414 0.000794578
1.08725 1.9798 1.01528 0.0013886 0.000773772
1.10738 1.9798 1.01466 0.00137945 0.000752511
1.12752 1.9798 1.01404 0.00136688 0.00073087
1.14765 1.9798 1.01343 0.00135109 0.000708925
1.16779 1.9798 1.01283 0.00133227 0.000686749
1.18792 1.9798 1.01224 0.00131066 0.000664415
1.20805 1.9798 1.01166 0.00128647 0.00064199
1.22819 1.9798 1.01109 0.00125994 0.000619543
1.24832 1.9798 1.01054 0.0012313 0.000597136
1.26846 1.9798 1.00999 0.00120079 0.000574829
1.28859 1.9798 1.00947 0.00116863 0.000552679
1.30872 1.9798 1.00896 0.00113507 0.000530739
1.32886 1.9798 1.00847 0.00110033 0.000509059
1.34899 1.9798 1.00799 0.00106461 0.000487683
1.36913 1.9798 1.00753 0.00102815 0.000466653
1.38926 1.9798 1.00709 0.000991125 0.000446007
1.4094 1.9798 1.00667 0.000953738 0.000425778
1.42953 1.9798 1.00627 0.000916167 0.000405997
1.44966 1.9798 1.00588 0.00087858 0.000386691
1.4698 1.9798 1.00551 0.000841132 0.000367883
1.48993 1.9798 1.00515 0.000803968 0.000349592
1.51007 1.9798 1.00482 0.000767217 0.000331835
1.5302 1.9798 1.0045 0.000731 0.000314625
1.55034 1.9798 1.0042 0.000695423 0.000297974
1.57047 1.9798 1.00391 0.000660579 0.000281889
1.5906 1.9798 1.00364 0.000626552 0.000266376
1.61074 1.9798 1.00338 0.000593413 0.000251437
1.63087 1.9798 1.00314 0.000561223 0.000237072
1.65101 1.9798 1.00292 0.000530033 0.000223282
1.67114 1.9798 1.0027 0.000499884 0.000210062
1.69128 1.9798 1.0025 0.000470806 0.000197407
1.71141 1.9798 1.00231 0.000442825 0.000185311
1.73154 1.9798 1.00214 0.000415955 0.000173765
1.75168 1.9798 1.00197 0.000390206 0.00016276
1.77181 1.9798 1.00182 0.000365579 0.000152285
1.79195 1.9798 1.00167 0.00034207 0.000142328
1.81208 1.9798 1.00154 0.000319671 0.000132877
1.83221 1.9798 1.00142 0.000298368 0.000123918
1.85235 1.9798 1.0013 0.000278142 0.000115437
1.87248 1.9798 1.00119 0.000258972 0.00010742
1.89262 1.9798 1.00109 0.000240833 9.98501e-05
1.91275 1.9798 1.001 0.000223698 9.27132e-05
1.93289 1.9798 1.00091 0.000207537 8.5993e-05
1.95302 1.9798 1.00084 0.000192318 7.96734e-05
1.97315 1.9798 1.00076 0.000178008 7.37383e-05
1.99329 1.9798 1.0007 0.000164574 6.81716e-05
2.01342 1.9798 1.00063 0.00015198 6.29571e-05
2.03356 1.9798 1.00058 0.000140191 5.80789e-05
2.05369 1.9798 1.00052 0.00012917 5.35211e-05
2.07383 1.9798 1.00048 0.000118883 4.92681e-05
2.09396 1.9798 1.00043 0.000109294 4.53045e-05
2.11409 1.9798 1.00039 0.000100368 4.16154e-05
2.13423 1.9798 1.00035 9.20694e-05 3.8186e-05
2.15436 1.9798 1.00032 8.43651e-05 3.50021e-05
2.1745 1.9798 1.00029 7.72217e-05 3.20497e-05
2.19463 1.9798 1.00026 7.06071e-05 2.93155e-05
2.21477 1.9798 1.00024 6.44899e-05 2.67865e-05
2.2349 1.9798 1.00021 5.88398e-05 2.44501e-05
2.25503 1.9798 1.00019 5.36278e-05 2.22943e-05
2.27517 1.9798 1.00017 4.88259e-05 2.03075e-05
2.2953 1.9798 1.00016 4.44072e-05 1.84788e-05
2.31544 1.9798 1.00014 4.0346e-05 1.67976e-05
2.33557 1.9798 1.00013 3.66179e-05 1.52539e-05
2.3557 1.9798 1.00011 3.31997e-05 1.38381e-05
2.37584 1.9798 1.0001 3.00693e-05 1.25411e-05
2.39597 1.9798 1.00009 2.72058e-05 1.13545e-05
2.41611 1.9798 1.00008 2.45893e-05 1.02701e-05
2.43624 1.9798 1.00007 2.22014e-05 9.28032e-06
2.45638 1.9798 1.00006 2.00243e-05 8.37794e-06
2.47651 1.9798 1.00006 1.80417e-05 7.55624e-06
2.49664 1.9798 1.00005 1.62381e-05 6.80891e-06
2.51678 1.9798 1.00005 1.4599e-05 6.13005e-06
2.53691 1.9798 1.00004 1.31109e-05 5.51413e-06
2.55705 1.9798 1.00004 1.17612e-05 4.95601e-06
2.57718 1.9798 1.00003 1.05381e-05 4.4509e-06
2.59732 1.9798 1.00003 9.43065e-06 3.99437e-06
2.61745 1.9798 1.00003 8.42875e-06 3.58227e-06
2.63758 1.9798 1.00002 7.52293e-06 3.21079e-06
2.65772 1.9798 1.00002 6.70448e-06 2.87637e-06
2.67785 1.9798 1.00002 5.96531e-06 2.57574e-06
2.69799 1.9798 1.00002 5.29793e-06 2.30586e-06
2.71812 1.9798 1.00001 4.69545e-06 2.0639e-06
2.73826 1.9798 1.00001 4.15148e-06 1.84725e-06
2.75839 1.9798 1.00001 3.66013e-06 1.65344e-06
2.77852 1.9798 1.00001 3.21593e-06 1.48015e-06
2.79866 1.9798 1.00001 2.81384e-06 1.32516e-06
2.81879 1.9798 1.00001 2.44914e-06 1.18627e-06
2.83893 1.9798 1.00001 2.11742e-06 1.06127e-06
2.85906 1.9798 1.00001 1.81442e-06 9.47802e-07
2.87919 1.9798 1.00001 1.536e-06 8.43224e-07
2.89933 1.9798 1 1.27781e-06 7.44305e-07
2.91946 1.9798 1 1.03492e-06 6.46723e-07
2.9396 1.9798 1 8.00952e-07 5.44e-07
2.95973 1.9798 1 5.66069e-07 4.24914e-07
2.97987 1.9798 1 3.13061e-07 2.65689e-07
3 1.9798 1 0 0

0 2 1 0 0
0.0201342 2 1.00808 0 0
0.0402685 2 1.01058 0 0
0.0604027 2 1.01218 0 0
0.0805369 2 1.01351 0 0
0.100671 2 1.0147 0 0
0.120805 2 1.01579 0 0
0.14094 2 1.0168 0 0
0.161074 2 1.01774 0 0
0.181208 2 1.01863 0 0
0.201342 2 1.01946 0 0
0.221477 2 1.02025 0 0
0.241611 2 1.02099 0 0
0.261745 2 1.02168 0 0
0.281879 2 1.02234 0 0
0.302013 2 1.02294 0 0
0.322148 2 1.0235 0 0
0.342282 2 1.02402 0 0
0.362416 2 1.02449 0 0
0.38255 2 1.02492 0 0
0.402685 2 1.0253 0 0
0.422819 2 1.02563 0 0
0.442953 2 1.02592 0 0
0.463087 2 1.02616 0 0
0.483221 2 1.02636 0 0
0.503356 2 1.02651 0 0
0.52349 2 1.02661 0 0
0.543624 2 1.02666 0 0
0.563758 2 1.02667 0 0
0.583893 2 1.02664 0 0
0.604027 2 1.02655 0 0
0.624161 2 1.02643 0 0
0.644295 2 1.02626 0 0
0.66443 2 1.02605 0 0
0.684564 2 1.0258 0 0
0.704698 2 1.02551 0 0
0.724832 2 1.02518 0 0
0.744966 2 1.02482 0 0
0.765101 2 1.02442 0 0
0.785235 2 1.02399 0 0
0.805369 2 1.02353 0 0
0.825503 2 1.02304 0 0
0.845638 2 1.02253 0 0
0.865772 2 1.02199 0 0
0.885906 2 1.02143 0 0
0.90604 2 1.02086 0 0
0.926174 2 1.02026 0 0
0.946309 2 1.01965 0 0
0.966443 2 1.01904 0 0
0.986577 2 1.01841 0 0
1.00671 2 1.01777 0 0
1.02685 2 1.01713 0 0
1.04698 2 1.01649 0 0
1.06711 2 1.01585 0 0
1.08725 2 1.01521 0 0
1.10738 2 1.01458 0 0
1.12752 2 1.01395 0 0
1.14765 2 1.01333 0 0
1.16779 2 1.01271 0 0
1.18792 2 1.01211 0 0
1.20805 2 1.01152 0 0
1.22819 2 1.01095 0 0
1.24832 2 1.01039 0 0
1.26846 2 1.00984 0 0
1.28859 2 1.00931 0 0
1.30872 2 1.0088 0 0
1.32886 2 1.00831 0 0
1.34899 2 1.00783 0 0
1.36913 2 1.00737 0 0
1.38926 2 1.00693 0 0
1.4094 2 1.00651 0 0
1.42953 2 1.0061 0 0
1.44966 2 1.00572 0 0
1.4698 2 1.00535 0 0
1.48993 2 1.005 0 0
1.51007 2 1.00467 0 0
1.5302 2 1.00435 0 0
1.55034 2 1.00406 0 0
1.57047 2 1.00377 0 0
1.5906 2 1.00351 0 0
1.61074 2 1.00326 0 0
1.63087 2 1.00302 0 0
1.65101 2 1.0028 0 0
1.67114 2 1.00259 0 0
1.69128 2 1.00239 0 0
1.71141 2 1.00221 0 0
1.73154 2 1.00204 0 0
1.75168 2 1.00188 0 0
1.77181 2 1.00173 0 0
1.79195 2 1.00159 0 0
1.81208 2 1.00146 0 0
1.83221 2 1.00134 0 0
1.85235 2 1.00123 0 0
1.87248 2 1.00113 0 0
1.89262 2 1.00103 0 0
1.91275 2 1.00094 0 0
1.93289 2 1.00086 0 0
1.95302 2 1.00079 0 0
1.97315 2 1.00072 0 0
1.99329 2 1.00065 0 0
2.01342 2 1.00059 0 0
2.03356 2 1.00054 0 0
2.05369 2 1.00049 0 0
2.07383 2 1.00044 0 0
2.09396 2 1.0004 0 0
2.11409 2 1.00036 0 0
2.13423 2 1.00033 0 0
2.15436 2 1.0003 0 0
2.1745 2 1.00027 0 0
2.19463 2 1.00024 0 0
2.21477 2 1.00022 0 0
2.2349 2 1.0002 0 0
2.25503 2 1.00018 0 0
2.27517 2 1.00016 0 0
2.2953 2 1.00014 0 0
2.31544 2 1.00013 0 0
2.33557 2 1.00011 0 0
2.3557 2 1.0001 0 0
2.37584 2 1.00009 0 0
2.39597 2 1.00008 0 0
2.41611 2 1.00007 0 0
2.43624 2 1.00007 0 0
2.45638 2 1.00006 0 0
2.47651 2 1.00005 0 0
2.49664 2 1.00005 0 0
2.51678 2 1.00004 0 0
2.53691 2 1.00004 0 0
2.55705 2 1.00003 0 0
2.57718 2 1.00003 0 0
2.59732 2 1.00003 0 0
2.61745 2 1.00002 0 0
2.63758 2 1.00002 0 0
2.65772 2 1.00002 0 0
2.67785 2 1.00002 0 0
2.69799 2 1.00001 0 0
2.71812 2 1.00001 0 0
2.73826 2 1.00001 0 0
2.75839 2 1.00001 0 0
2.77852 2 1.00001 0 0
2.79866 2 1.00001 0 0
2.81879 2 1.00001 0 0
2.83893 2 1.00001 0 0
2.85906 2 1.00001 0 0
2.87919 2 1 0 0
2.89933 2 1 0 0
2.91946 2 1 0 0
2.9396 2 1 0 0
2.95973 2 1 0 0
2.97987 2 1 0 0
3 2 1 0 0

