0 0 1 0.3 0
0.0252101 0 1.64241 0 0
0.0504202 0 1.82283 0 0
0.0756303 0 1.65824 0 0
0.10084 0 1.59276 0 0
0.12605 0 1.54543 0 0
0.151261 0 1.51506 0 0
0.176471 0 1.49465 0 0
0.201681 0 1.48065 0 0
0.226891 0 1.47094 0 0
0.252101 0 1.46402 0 0
0.277311 0 1.45886 0 0
0.302521 0 1.4547 0 0
0.327731 0 1.45104 0 0
0.352941 0 1.44753 0 0
0.378151 0 1.44402 0 0
0.403361 0 1.44047 0 0
0.428571 0 1.43693 0 0
0.453782 0 1.43347 0 0
0.478992 0 1.43017 0 0
0.504202 0 1.42712 0 0
0.529412 0 1.42437 0 0
0.554622 0 1.42197 0 0
0.579832 0 1.41996 0 0
0.605042 0 1.41835 0 0
0.630252 0 1.41716 0 0
0.655462 0 1.41641 0 0
0.680672 0 1.41611 0 0
0.705882 0 1.41625 0 0
0.731092 0 1.41684 0 0
0.756303 0 1.41786 0 0
0.781513 0 1.41929 0 0
0.806723 0 1.4211 0 0
0.831933 0 1.42321 0 0
0.857143 0 1.42557 0 0
0.882353 0 1.42806 0 0
0.907563 0 1.42987 0 0
0.932773 0 1.43377 0 0
0.957983 0 1.43076 0 0
0.983193 0 1 0 0
1.0084 0 0 0 0
1.03361 0 0 0 0
1.05882 0 0 0 0
1.08403 0 0 0 0
1.10924 0 0 0 0
1.13445 0 0 0 0
1.15966 0 0 0 0
1.18487 0 0 0 0
1.21008 0 0 0 0
1.23529 0 0 0 0
1.2605 0 0 0 0
1.28571 0 0 0 0
1.31092 0 0 0 0
1.33613 0 0 0 0
1.36134 0 0 0 0
1.38655 0 0 0 0
1.41176 0 0 0 0
1.43697 0 0 0 0
1.46218 0 0 0 0
1.48739 0 0 0 0
1.51261 0 0 0 0
1.53782 0 0 0 0
1.56303 0 0 0 0
1.58824 0 0 0 0
1.61345 0 0 0 0
1.63866 0 0 0 0
1.66387 0 0 0 0
1.68908 0 0 0 0
1.71429 0 0 0 0
1.7395 0 0 0 0
1.76471 0 0 0 0
1.78992 0 0 0 0
1.81513 0 0 0 0
1.84034 0 0 0 0
1.86555 0 0 0 0
1.89076 0 0 0 0
1.91597 0 0 0 0
1.94118 0 0 0 0
1.96639 0 0 0 0
1.9916 0 0 0 0
2.01681 0 1.00004 0 0
2.04202 0 1.00005 -5.58803e-06 -9.76679e-05
2.06723 0 1.00004 -1.01984e-05 -0.000191753
2.09244 0 1.00004 -1.37919e-05 -0.00028155
2.11765 0 1.00003 -1.63215e-05 -0.000366649
2.14286 0 1.00003 -1.77669e-05 -0.000446776
2.16807 0 1.00002 -1.81357e-05 -0.000521723
2.19328 0 1.00002 -1.74599e-05 -0.000591323
2.21849 0 1.00001 -1.57928e-05 -0.000655434
2.2437 0 1.00001 -1.3206e-05 -0.000713943
2.26891 0 1 -9.78561e-06 -0.000766757
2.29412 0 0.999999 -5.63029e-06 -0.000813809
2.31933 0 0.999996 -8.47898e-07 -0.000855059
2.34454 0 0.999994 4.44679e-06 -0.000890492
2.36975 0 0.999993 1.01345e-05 -0.000920118
2.39496 0 0.999993 1.60938e-05 -0.000943974
2.42017 0 0.999993 2.22027e-05 -0.000962119
2.44538 0 0.999995 2.83412e-05 -0.000974633
2.47059 0 0.999997 3.43919e-05 -0.000981614
2.4958 0 1 4.02421e-05 -0.00098317
2.52101 0 1 4.57843e-05 -0.000979421
2.54622 0 1.00001 5.09174e-05 -0.00097049
2.57143 0 1.00001 5.55468e-05 -0.000956499
2.59664 0 1.00002 5.95855e-05 -0.000937563
2.62185 0 1.00002 6.29533e-05 -0.000913789
2.64706 0 1.00003 6.55777e-05 -0.000885271
2.67227 0 1.00003 6.7393e-05 -0.000852083
2.69748 0 1.00004 6.83406e-05 -0.00081428
2.72269 0 1.00005 6.83687e-05 -0.000771897
2.7479 0 1.00005 6.74317e-05 -0.000724944
2.77311 0 1.00006 6.54902e-05 -0.00067341
2.79832 0 1.00007 6.25113e-05 -0.000617265
2.82353 0 1.00007 5.84685e-05 -0.000556462
2.84874 0 1.00008 5.33423e-05 -0.00049095
2.87395 0 1.00009 4.71213e-05 -0.000420676
2.89916 0 1.00009 3.98043e-05 -0.000345613
2.92437 0 1.0001 3.14023e-05 -0.000265781
2.94958 0 1.0001 2.19414e-05 -0.000181299
2.97479 0 1.0001 1.14649e-05 -9.24746e-05
3 0 1.0001 0 0

0 0.0253165 1 0.3 0
0.0252101 0.0253165 2.18418 0.119653 0.0158336
0.0504202 0.0253165 2.18924 0.0962933 0.0163099
0.0756303 0.0253165 1.93722 0.0876193 0.0126866
0.10084 0.0253165 1.8211 0.0758062 0.00941531
0.12605 0.0253165 1.72589 0.0663548 0.00667431
0.151261 0.0253165 1.66098 0.0582314 0.00462507
0.176471 0.0253165 1.61319 0.0515221 0.00315531
0.201681 0.0253165 1.57724 0.0459438 0.00212665
0.226891 0.0253165 1.54926 0.0412673 0.00141954
0.252101 0.0253165 1.5268 0.0372935 0.000940066
0.277311 0.0253165 1.50839 0.0338641 0.000620379
0.302521 0.0253165 1.49311 0.0308604 0.000412097
0.327731 0.0253165 1.48037 0.0281946 0.000281035
0.352941 0.0253165 1.46973 0.0258018 0.000203042
0.378151 0.0253165 1.46085 0.023633 0.000161031
0.403361 0.0253165 1.45341 0.0216496 0.000142909
0.428571 0.0253165 1.44716 0.0198204 0.000140101
0.453782 0.0253165 1.44187 0.0181196 0.000146498
0.478992 0.0253165 1.43735 0.0165259 0.00015771
0.504202 0.0253165 1.43349 0.0150222 0.000170557
0.529412 0.0253165 1.4302 0.0135951 0.000182725
0.554622 0.0253165 1.42741 0.0122349 0.000192532
0.579832 0.0253165 1.42509 0.0109348 0.000198772
0.605042 0.0253165 1.42323 0.00969069 0.000200595
0.630252 0.0253165 1.42181 0.00850107 0.000197427
0.655462 0.0253165 1.42082 0.00736646 0.000188907
0.680672 0.0253165 1.42026 0.00628922 0.000174838
0.705882 0.0253165 1.42012 0.00527343 0.000155171
0.731092 0.0253165 1.42038 0.0043246 0.000129995
0.756303 0.0253165 1.42101 0.00344969 9.95937e-05
0.781513 0.0253165 1.42196 0.00265604 6.43832e-05
0.806723 0.0253165 1.42323 0.00195416 2.57237e-05
0.831933 0.0253165 1.42459 0.00134723 -1.69238e-05
0.857143 0.0253165 1.42643 0.000857951 -5.41385e-05
0.882353 0.0253165 1.42745 0.000460222 -0.00010306
0.907563 0.0253165 1.43033 0.000221423 -0.00010612
0.932773 0.0253165 1.42921 2.80761e-05 -0.000138633
0.957983 0.0253165 1.43418 4.59956e-06 -8.55813e-05
0.983193 0.0253165 1.43025 0 0
1.0084 0.0253165 0 0 0
1.03361 0.0253165 0 0 0
1.05882 0.0253165 0 0 0
1.08403 0.0253165 0 0 0
1.10924 0.0253165 0 0 0
1.13445 0.0253165 0 0 0
1.15966 0.0253165 0 0 0
1.18487 0.0253165 0 0 0
1.21008 0.0253165 0 0 0
1.23529 0.0253165 0 0 0
1.2605 0.0253165 0 0 0
1.28571 0.0253165 0 0 0
1.31092 0.0253165 0 0 0
1.33613 0.0253165 0 0 0
1.36134 0.0253165 0 0 0
1.38655 0.0253165 0 0 0
1.41176 0.0253165 0 0 0
1.43697 0.0253165 0 0 0
1.46218 0.0253165 0 0 0
1.48739 0.0253165 0 0 0
1.51261 0.0253165 0 0 0
1.53782 0.0253165 0 0 0
1.56303 0.0253165 0 0 0
1.58824 0.0253165 0 0 0
1.61345 0.0253165 0 0 0
1.63866 0.0253165 0 0 0
1.66387 0.0253165 0 0 0
1.68908 0.0253165 0 0 0
1.71429 0.0253165 0 0 0
1.7395 0.0253165 0 0 0
1.76471 0.0253165 0 0 0
1.78992 0.0253165 0 0 0
1.81513 0.0253165 0 0 0
1.84034 0.0253165 0 0 0
1.86555 0.0253165 0 0 0
1.89076 0.0253165 0 0 0
1.91597 0.0253165 0 0 0
1.94118 0.0253165 0 0 0
1.96639 0.0253165 0 0 0
1.9916 0.0253165 0 0 0
2.01681 0.0253165 1.00004 0 0
2.04202 0.0253165 1.00005 -5.58803e-06 -9.76679e-05
2.06723 0.0253165 1.00004 -1.01984e-05 -0.000191753
2.09244 0.0253165 1.00004 -1.37919e-05 -0.00028155
2.11765 0.0253165 1.00003 -1.63215e-05 -0.000366649
2.14286 0.0253165 1.00003 -1.77669e-05 -0.000446776
2.16807 0.0253165 1.00002 -1.81357e-05 -0.000521723
2.19328 0.0253165 1.00002 -1.74599e-05 -0.000591323
2.21849 0.0253165 1.00001 -1.57928e-05 -0.000655434
2.2437 0.0253165 1.00001 -1.3206e-05 -0.000713943
2.26891 0.0253165 1 -9.78561e-06 -0.000766757
2.29412 0.0253165 0.999999 -5.63029e-06 -0.000813809
2.31933 0.0253165 0.999996 -8.47898e-07 -0.000855059
2.34454 0.0253165 0.999994 4.44679e-06 -0.000890492
2.36975 0.0253165 0.999993 1.01345e-05 -0.000920118
2.39496 0.0253165 0.999993 1.60938e-05 -0.000943974
2.42017 0.0253165 0.999993 2.22027e-05 -0.000962119
2.44538 0.0253165 0.999995 2.83412e-05 -0.000974633
2.47059 0.0253165 0.999997 3.43919e-05 -0.000981614
2.4958 0.0253165 1 4.02421e-05 -0.00098317
2.52101 0.0253165 1 4.57843e-05 -0.000979421
2.54622 0.0253165 1.00001 5.09174e-05 -0.00097049
2.57143 0.0253165 1.00001 5.55468e-05 -0.000956499
2.59664 0.0253165 1.00002 5.95855e-05 -0.000937563
2.62185 0.0253165 1.00002 6.29533e-05 -0.000913789
2.64706 0.0253165 1.00003 6.55777e-05 -0.000885271
2.67227 0.0253165 1.00003 6.7393e-05 -0.000852083
2.69748 0.0253165 1.00004 6.83406e-05 -0.00081428
2.72269 0.0253165 1.00005 6.83687e-05 -0.000771897
2.7479 0.0253165 1.00005 6.74317e-05 -0.000724944
2.77311 0.0253165 1.00006 6.54902e-05 -0.00067341
2.79832 0.0253165 1.00007 6.25113e-05 -0.000617265
2.82353 0.0253165 1.00007 5.84685e-05 -0.000556462
2.84874 0.0253165 1.00008 5.33423e-05 -0.00049095
2.87395 0.0253165 1.00009 4.71213e-05 -0.000420676
2.89916 0.0253165 1.00009 3.98043e-05 -0.000345613
2.92437 0.0253165 1.0001 3.14023e-05 -0.000265781
2.94958 0.0253165 1.0001 2.19414e-05 -0.000181299
2.97479 0.0253165 1.0001 1.14649e-05 -9.24746e-05
3 0.0253165 1.0001 0 0

0 0.0506329 1 0.3 0
0.0252101 0.0506329 1.70954 0.170268 0.0412893
0.0504202 0.0506329 1.88191 0.141531 0.0437681
0.0756303 0.0506329 1.75569 0.133917 0.0355758
0.10084 0.0506329 1.67799 0.122671 0.0279555
0.12605 0.0506329 1.61824 0.111515 0.0211395
0.151261 0.0506329 1.57525 0.100969 0.0158379
0.176471 0.0506329 1.54409 0.0914367 0.0118601
0.201681 0.0506329 1.52147 0.0829693 0.00894814
0.226891 0.0506329 1.50497 0.0754985 0.00684222
0.252101 0.0506329 1.49277 0.0689081 0.00532909
0.277311 0.0506329 1.48353 0.0630709 0.00424789
0.302521 0.0506329 1.47622 0.0578668 0.00347941
0.327731 0.0506329 1.4701 0.0531882 0.0029362
0.352941 0.0506329 1.46467 0.0489425 0.00255406
0.378151 0.0506329 1.45963 0.0450519 0.00228596
0.403361 0.0506329 1.45484 0.0414528 0.00209761
0.428571 0.0506329 1.45028 0.0380947 0.00196426
0.453782 0.0506329 1.44596 0.0349378 0.00186807
0.478992 0.0506329 1.44192 0.0319518 0.00179612
0.504202 0.0506329 1.43823 0.0291136 0.0017389
0.529412 0.0506329 1.43492 0.0264057 0.00168929
0.554622 0.0506329 1.43201 0.0238159 0.00164176
0.579832 0.0506329 1.42952 0.021336 0.00159199
0.605042 0.0506329 1.42747 0.0189613 0.0015365
0.630252 0.0506329 1.42585 0.0166906 0.00147249
0.655462 0.0506329 1.42466 0.0145257 0.00139769
0.680672 0.0506329 1.4239 0.012471 0.00131026
0.705882 0.0506329 1.42357 0.0105335 0.00120875
0.731092 0.0506329 1.42364 0.00872281 0.0010921
0.756303 0.0506329 1.4241 0.00705012 0.000959783
0.781513 0.0506329 1.42492 0.00552871 0.000811565
0.806723 0.0506329 1.42605 0.00417224 0.000649493
0.831933 0.0506329 1.4275 0.00299868 0.000472376
0.857143 0.0506329 1.4289 0.00201161 0.000296135
0.882353 0.0506329 1.43105 0.00125393 0.000101248
0.907563 0.0506329 1.43121 0.000655367 -3.08038e-05
0.932773 0.0506329 1.4352 0.000352454 -0.000193782
0.957983 0.0506329 1.4313 0.000127107 -0.000139266
0.983193 0.0506329 1.43578 0 0
1.0084 0.0506329 0 0 0
1.03361 0.0506329 0 0 0
1.05882 0.0506329 0 0 0
1.08403 0.0506329 0 0 0
1.10924 0.0506329 0 0 0
1.13445 0.0506329 0 0 0
1.15966 0.0506329 0 0 0
1.18487 0.0506329 0 0 0
1.21008 0.0506329 0 0 0
1.23529 0.0506329 0 0 0
1.2605 0.0506329 0 0 0
1.28571 0.0506329 0 0 0
1.31092 0.0506329 0 0 0
1.33613 0.0506329 0 0 0
1.36134 0.0506329 0 0 0
1.38655 0.0506329 0 0 0
1.41176 0.0506329 0 0 0
1.43697 0.0506329 0 0 0
1.46218 0.0506329 0 0 0
1.48739 0.0506329 0 0 0
1.51261 0.0506329 0 0 0
1.53782 0.0506329 0 0 0
1.56303 0.0506329 0 0 0
1.58824 0.0506329 0 0 0
1.61345 0.0506329 0 0 0
1.63866 0.0506329 0 0 0
1.66387 0.0506329 0 0 0
1.68908 0.0506329 0 0 0
1.71429 0.0506329 0 0 0
1.7395 0.0506329 0 0 0
1.76471 0.0506329 0 0 0
1.78992 0.0506329 0 0 0
1.81513 0.0506329 0 0 0
1.84034 0.0506329 0 0 0
1.86555 0.0506329 0 0 0
1.89076 0.0506329 0 0 0
1.91597 0.0506329 0 0 0
1.94118 0.0506329 0 0 0
1.96639 0.0506329 0 0 0
1.9916 0.0506329 0 0 0
2.01681 0.0506329 1.00006 0 0
2.04202 0.0506329 1.00007 -7.0239e-06 -9.97731e-05
2.06723 0.0506329 1.00007 -1.24669e-05 -0.000195212
2.09244 0.0506329 1.00007 -1.65604e-05 -0.000286063
2.11765 0.0506329 1.00007 -1.93637e-05 -0.000372065
2.14286 0.0506329 1.00007 -2.09179e-05 -0.000452997
2.16807 0.0506329 1.00007 -2.12665e-05 -0.000528675
2.19328 0.0506329 1.00007 -2.0466e-05 -0.000598939
2.21849 0.0506329 1.00007 -1.85883e-05 -0.000663655
2.2437 0.0506329 1.00007 -1.57203e-05 -0.000722708
2.26891 0.0506329 1.00006 -1.19617e-05 -0.000776007
2.29412 0.0506329 1.00006 -7.42353e-06 -0.000823485
2.31933 0.0506329 1.00006 -2.2249e-06 -0.000865102
2.34454 0.0506329 1.00006 3.50885e-06 -0.000900842
2.36975 0.0506329 1.00006 9.64876e-06 -0.000930718
2.39496 0.0506329 1.00006 1.60645e-05 -0.000954767
2.42017 0.0506329 1.00007 2.26262e-05 -0.000973049
2.44538 0.0506329 1.00007 2.92067e-05 -0.000985648
2.47059 0.0506329 1.00007 3.56826e-05 -0.000992661
2.4958 0.0506329 1.00007 4.1936e-05 -0.000994202
2.52101 0.0506329 1.00008 4.78553e-05 -0.000990391
2.54622 0.0506329 1.00008 5.33361e-05 -0.000981355
2.57143 0.0506329 1.00008 5.82814e-05 -0.000967217
2.59664 0.0506329 1.00009 6.26022e-05 -0.000948096
2.62185 0.0506329 1.00009 6.62173e-05 -0.000924102
2.64706 0.0506329 1.00009 6.90534e-05 -0.000895327
2.67227 0.0506329 1.0001 7.10446e-05 -0.000861849
2.69748 0.0506329 1.0001 7.21319e-05 -0.000823723
2.72269 0.0506329 1.00011 7.22628e-05 -0.000780984
2.7479 0.0506329 1.00011 7.13911e-05 -0.000733639
2.77311 0.0506329 1.00011 6.94757e-05 -0.000681678
2.79832 0.0506329 1.00012 6.64809e-05 -0.000625065
2.82353 0.0506329 1.00012 6.23752e-05 -0.00056375
2.84874 0.0506329 1.00012 5.71315e-05 -0.000497672
2.87395 0.0506329 1.00012 5.0726e-05 -0.000426769
2.89916 0.0506329 1.00013 4.3137e-05 -0.000350993
2.92437 0.0506329 1.00013 3.43411e-05 -0.000270331
2.94958 0.0506329 1.00013 2.43002e-05 -0.000184835
2.97479 0.0506329 1.00012 1.29425e-05 -9.46504e-05
3 0.0506329 1.00012 0 0

0 0.0759494 1 0.3 0
0.0252101 0.0759494 1.6085 0.189555 0.0386231
0.0504202 0.0759494 1.8713 0.16266 0.049118
0.0756303 0.0759494 1.81149 0.159341 0.0453159
0.10084 0.0759494 1.7522 0.152352 0.0388977
0.12605 0.0759494 1.70027 0.143293 0.0320346
0.151261 0.0759494 1.65708 0.133402 0.0259622
0.176471 0.0759494 1.62129 0.123514 0.0209801
0.201681 0.0759494 1.5915 0.114058 0.0170532
0.226891 0.0759494 1.56647 0.105227 0.0140234
0.252101 0.0759494 1.54516 0.0970765 0.0117101
0.277311 0.0759494 1.52684 0.0895871 0.00995074
0.302521 0.0759494 1.51101 0.0827044 0.00861154
0.327731 0.0759494 1.49734 0.0763625 0.00758819
0.352941 0.0759494 1.48559 0.0704955 0.00680158
0.378151 0.0759494 1.47554 0.0650424 0.0061927
0.403361 0.0759494 1.46698 0.059949 0.00571754
0.428571 0.0759494 1.45971 0.0551678 0.00534283
0.453782 0.0759494 1.45351 0.0506578 0.00504288
0.478992 0.0759494 1.44823 0.0463846 0.00479732
0.504202 0.0759494 1.4437 0.0423196 0.00458967
0.529412 0.0759494 1.43983 0.0384405 0.00440641
0.554622 0.0759494 1.43653 0.0347306 0.00423634
0.579832 0.0759494 1.43375 0.0311786 0.00407018
0.605042 0.0759494 1.43145 0.0277782 0.00390019
0.630252 0.0759494 1.42961 0.0245277 0.00371989
0.655462 0.0759494 1.42821 0.0214294 0.00352387
0.680672 0.0759494 1.42723 0.0184895 0.00330761
0.705882 0.0759494 1.42666 0.0157172 0.00306744
0.731092 0.0759494 1.42647 0.0131247 0.00280049
0.756303 0.0759494 1.42663 0.0107265 0.00250496
0.781513 0.0759494 1.42711 0.00853908 0.00218014
0.806723 0.0759494 1.42784 0.00657877 0.00182774
0.831933 0.0759494 1.42882 0.00486412 0.00145068
0.857143 0.0759494 1.42989 0.00340499 0.00105957
0.882353 0.0759494 1.43117 0.00222131 0.00066734
0.907563 0.0759494 1.43235 0.00129998 0.000297766
0.932773 0.0759494 1.43352 0.000650225 2.20624e-05
0.957983 0.0759494 1.435 0.000234766 -0.000162002
0.983193 0.0759494 1.43537 0 0
1.0084 0.0759494 0 0 0
1.03361 0.0759494 0 0 0
1.05882 0.0759494 0 0 0
1.08403 0.0759494 0 0 0
1.10924 0.0759494 0 0 0
1.13445 0.0759494 0 0 0
1.15966 0.0759494 0 0 0
1.18487 0.0759494 0 0 0
1.21008 0.0759494 0 0 0
1.23529 0.0759494 0 0 0
1.2605 0.0759494 0 0 0
1.28571 0.0759494 0 0 0
1.31092 0.0759494 0 0 0
1.33613 0.0759494 0 0 0
1.36134 0.0759494 0 0 0
1.38655 0.0759494 0 0 0
1.41176 0.0759494 0 0 0
1.43697 0.0759494 0 0 0
1.46218 0.0759494 0 0 0
1.48739 0.0759494 0 0 0
1.51261 0.0759494 0 0 0
1.53782 0.0759494 0 0 0
1.56303 0.0759494 0 0 0
1.58824 0.0759494 0 0 0
1.61345 0.0759494 0 0 0
1.63866 0.0759494 0 0 0
1.66387 0.0759494 0 0 0
1.68908 0.0759494 0 0 0
1.71429 0.0759494 0 0 0
1.7395 0.0759494 0 0 0
1.76471 0.0759494 0 0 0
1.78992 0.0759494 0 0 0
1.81513 0.0759494 0 0 0
1.84034 0.0759494 0 0 0
1.86555 0.0759494 0 0 0
1.89076 0.0759494 0 0 0
1.91597 0.0759494 0 0 0
1.94118 0.0759494 0 0 0
1.96639 0.0759494 0 0 0
1.9916 0.0759494 0 0 0
2.01681 0.0759494 1.00008 0 0
2.04202 0.0759494 1.00009 -8.97209e-06 -0.000102534
2.06723 0.0759494 1.00009 -1.58237e-05 -0.00020008
2.09244 0.0759494 1.0001 -2.08537e-05 -0.000292642
2.11765 0.0759494 1.0001 -2.4222e-05 -0.000380108
2.14286 0.0759494 1.0001 -2.60442e-05 -0.000462337
2.16807 0.0759494 1.00011 -2.64193e-05 -0.00053918
2.19328 0.0759494 1.00011 -2.54461e-05 -0.000610498
2.21849 0.0759494 1.00011 -2.32309e-05 -0.000676164
2.2437 0.0759494 1.00011 -1.98896e-05 -0.000736069
2.26891 0.0759494 1.00011 -1.55477e-05 -0.000790125
2.29412 0.0759494 1.00011 -1.03396e-05 -0.000838264
2.31933 0.0759494 1.00012 -4.40599e-06 -0.000880448
2.34454 0.0759494 1.00012 2.10791e-06 -0.000916662
2.36975 0.0759494 1.00012 9.05482e-06 -0.000946921
2.39496 0.0759494 1.00012 1.62876e-05 -0.000971264
2.42017 0.0759494 1.00012 2.36616e-05 -0.000989755
2.44538 0.0759494 1.00013 3.1036e-05 -0.00100248
2.47059 0.0759494 1.00013 3.82761e-05 -0.00100954
2.4958 0.0759494 1.00013 4.52541e-05 -0.00101105
2.52101 0.0759494 1.00013 5.18503e-05 -0.00100714
2.54622 0.0759494 1.00014 5.79536e-05 -0.000997944
2.57143 0.0759494 1.00014 6.34621e-05 -0.00098358
2.59664 0.0759494 1.00014 6.82829e-05 -0.000964174
2.62185 0.0759494 1.00014 7.23323e-05 -0.000939839
2.64706 0.0759494 1.00015 7.55347e-05 -0.000910671
2.67227 0.0759494 1.00015 7.78228e-05 -0.000876748
2.69748 0.0759494 1.00015 7.91362e-05 -0.000838126
2.72269 0.0759494 1.00015 7.94206e-05 -0.000794838
2.7479 0.0759494 1.00015 7.8627e-05 -0.000746891
2.77311 0.0759494 1.00016 7.671e-05 -0.000694268
2.79832 0.0759494 1.00016 7.36271e-05 -0.000636929
2.82353 0.0759494 1.00016 6.93363e-05 -0.000574813
2.84874 0.0759494 1.00016 6.37946e-05 -0.000507844
2.87395 0.0759494 1.00016 5.69542e-05 -0.000435939
2.89916 0.0759494 1.00016 4.87575e-05 -0.000359016
2.92437 0.0759494 1.00015 3.91269e-05 -0.000277007
2.94958 0.0759494 1.00015 2.79449e-05 -0.000189865
2.97479 0.0759494 1.00014 1.50256e-05 -9.75545e-05
3 0.0759494 1.00013 0 0

0 0.101266 1 0.3 0
0.0252101 0.101266 1.49548 0.201801 0.036187
0.0504202 0.101266 1.75431 0.17503 0.0529636
0.0756303 0.101266 1.73863 0.173375 0.0544401
0.10084 0.101266 1.69391 0.170082 0.0507258
0.12605 0.101266 1.65181 0.163848 0.0449252
0.151261 0.101266 1.61516 0.155777 0.0387829
0.176471 0.101266 1.58422 0.146798 0.0330977
0.201681 0.101266 1.55863 0.137542 0.0281711
0.226891 0.101266 1.53775 0.128398 0.0240549
0.252101 0.101266 1.52085 0.119592 0.0206883
0.277311 0.101266 1.50719 0.111231 0.0179708
0.302521 0.101266 1.49608 0.103355 0.0157954
0.327731 0.101266 1.48691 0.0959571 0.0140632
0.352941 0.101266 1.47914 0.0890089 0.0126874
0.378151 0.101266 1.47238 0.0824691 0.0115944
0.403361 0.101266 1.46635 0.0762936 0.0107225
0.428571 0.101266 1.46086 0.0704399 0.0100207
0.453782 0.101266 1.45584 0.0648704 0.00944718
0.478992 0.101266 1.45125 0.0595537 0.00896804
0.504202 0.101266 1.44708 0.0544648 0.00855578
0.529412 0.101266 1.44335 0.0495848 0.00818809
0.554622 0.101266 1.44004 0.0449004 0.00784669
0.579832 0.101266 1.43718 0.0404033 0.00751649
0.605042 0.101266 1.43476 0.0360901 0.00718482
0.630252 0.101266 1.43278 0.0319613 0.00684098
0.655462 0.101266 1.43123 0.0280218 0.00647586
0.680672 0.101266 1.43011 0.0242797 0.00608167
0.705882 0.101266 1.42938 0.0207467 0.00565193
0.731092 0.101266 1.42905 0.0174373 0.00518143
0.756303 0.101266 1.42908 0.014368 0.00466658
0.781513 0.101266 1.42945 0.0115576 0.00410573
0.806723 0.101266 1.4301 0.0090239 0.00350063
0.831933 0.101266 1.43107 0.00678952 0.00285611
0.857143 0.101266 1.43205 0.00486067 0.00218711
0.882353 0.101266 1.43361 0.00327348 0.00151122
0.907563 0.101266 1.43414 0.00198667 0.000876953
0.932773 0.101266 1.43656 0.0010654 0.000331033
0.957983 0.101266 1.43573 0.000408074 -4.90811e-06
0.983193 0.101266 1.43817 0 0
1.0084 0.101266 0 0 0
1.03361 0.101266 0 0 0
1.05882 0.101266 0 0 0
1.08403 0.101266 0 0 0
1.10924 0.101266 0 0 0
1.13445 0.101266 0 0 0
1.15966 0.101266 0 0 0
1.18487 0.101266 0 0 0
1.21008 0.101266 0 0 0
1.23529 0.101266 0 0 0
1.2605 0.101266 0 0 0
1.28571 0.101266 0 0 0
1.31092 0.101266 0 0 0
1.33613 0.101266 0 0 0
1.36134 0.101266 0 0 0
1.38655 0.101266 0 0 0
1.41176 0.101266 0 0 0
1.43697 0.101266 0 0 0
1.46218 0.101266 0 0 0
1.48739 0.101266 0 0 0
1.51261 0.101266 0 0 0
1.53782 0.101266 0 0 0
1.56303 0.101266 0 0 0
1.58824 0.101266 0 0 0
1.61345 0.101266 0 0 0
1.63866 0.101266 0 0 0
1.66387 0.101266 0 0 0
1.68908 0.101266 0 0 0
1.71429 0.101266 0 0 0
1.7395 0.101266 0 0 0
1.76471 0.101266 0 0 0
1.78992 0.101266 0 0 0
1.81513 0.101266 0 0 0
1.84034 0.101266 0 0 0
1.86555 0.101266 0 0 0
1.89076 0.101266 0 0 0
1.91597 0.101266 0 0 0
1.94118 0.101266 0 0 0
1.96639 0.101266 0 0 0
1.9916 0.101266 0 0 0
2.01681 0.101266 1.0001 0 0
2.04202 0.101266 1.00011 -1.12926e-05 -0.000106081
2.06723 0.101266 1.00012 -1.99132e-05 -0.000206569
2.09244 0.101266 1.00013 -2.6188e-05 -0.000301636
2.11765 0.101266 1.00013 -3.03462e-05 -0.000391292
2.14286 0.101266 1.00014 -3.25704e-05 -0.00047547
2.16807 0.101266 1.00015 -3.30188e-05 -0.000554066
2.19328 0.101266 1.00015 -3.18413e-05 -0.000626964
2.21849 0.101266 1.00016 -2.91885e-05 -0.000694051
2.2437 0.101266 1.00016 -2.52157e-05 -0.000755225
2.26891 0.101266 1.00016 -2.00844e-05 -0.0008104
2.29412 0.101266 1.00017 -1.3962e-05 -0.000859513
2.31933 0.101266 1.00017 -7.01999e-06 -0.000902526
2.34454 0.101266 1.00017 5.68002e-07 -0.000939429
2.36975 0.101266 1.00018 8.6284e-06 -0.000970237
2.39496 0.101266 1.00018 1.69901e-05 -0.000994995
2.42017 0.101266 1.00018 2.54868e-05 -0.00101377
2.44538 0.101266 1.00019 3.39585e-05 -0.00102666
2.47059 0.101266 1.00019 4.22538e-05 -0.00103377
2.4958 0.101266 1.00019 5.02307e-05 -0.00103522
2.52101 0.101266 1.00019 5.77576e-05 -0.00103114
2.54622 0.101266 1.0002 6.47138e-05 -0.00102168
2.57143 0.101266 1.0002 7.09898e-05 -0.00100696
2.59664 0.101266 1.0002 7.6487e-05 -0.00098712
2.62185 0.101266 1.0002 8.11171e-05 -0.000962268
2.64706 0.101266 1.0002 8.48014e-05 -0.000932508
2.67227 0.101266 1.0002 8.74696e-05 -0.000897919
2.69748 0.101266 1.0002 8.90588e-05 -0.000858558
2.72269 0.101266 1.0002 8.95115e-05 -0.000814456
2.7479 0.101266 1.0002 8.87739e-05 -0.000765618
2.77311 0.101266 1.0002 8.67942e-05 -0.000712018
2.79832 0.101266 1.0002 8.35195e-05 -0.000653606
2.82353 0.101266 1.0002 7.88932e-05 -0.000590305
2.84874 0.101266 1.0002 7.28507e-05 -0.000522019
2.87395 0.101266 1.00019 6.53141e-05 -0.00044863
2.89916 0.101266 1.00019 5.61835e-05 -0.00037001
2.92437 0.101266 1.00018 4.53244e-05 -0.00028602
2.94958 0.101266 1.00018 3.25465e-05 -0.000196503
2.97479 0.101266 1.00017 1.75801e-05 -0.000101262
3 0.101266 1.00016 0 0

0 0.126582 1 0.3 0
0.0252101 0.126582 1.43261 0.209311 0.0320122
0.0504202 0.126582 1.68491 0.182068 0.0511597
0.0756303 0.126582 1.70455 0.180635 0.0569031
0.10084 0.126582 1.67845 0.179896 0.056312
0.12605 0.126582 1.64945 0.176339 0.0525315
0.151261 0.126582 1.62228 0.17051 0.0474405
0.176471 0.126582 1.5979 0.163189 0.0421189
0.201681 0.126582 1.57645 0.155014 0.0371269
0.226891 0.126582 1.55772 0.146452 0.0327108
0.252101 0.126582 1.54131 0.137818 0.0289379
0.277311 0.126582 1.52685 0.129311 0.0257834
0.302521 0.126582 1.51401 0.121043 0.0231796
0.327731 0.126582 1.50255 0.113073 0.0210442
0.352941 0.126582 1.49231 0.105419 0.0192957
0.378151 0.126582 1.48317 0.0980818 0.0178598
0.403361 0.126582 1.47507 0.0910501 0.016673
0.428571 0.126582 1.46791 0.0843071 0.0156819
0.453782 0.126582 1.46162 0.0778346 0.0148424
0.478992 0.126582 1.45612 0.0716149 0.0141176
0.504202 0.126582 1.45131 0.0656322 0.013477
0.529412 0.126582 1.44712 0.0598737 0.0128943
0.554622 0.126582 1.44351 0.0543303 0.0123474
0.579832 0.126582 1.44041 0.0489966 0.011817
0.605042 0.126582 1.43781 0.0438717 0.0112862
0.630252 0.126582 1.43566 0.0389584 0.0107404
0.655462 0.126582 1.43396 0.0342635 0.010167
0.680672 0.126582 1.43267 0.0297976 0.00955485
0.705882 0.126582 1.43179 0.0255743 0.00889471
0.731092 0.126582 1.4313 0.02161 0.00817913
0.756303 0.126582 1.43115 0.0179231 0.00740293
0.781513 0.126582 1.43135 0.0145341 0.00656378
0.806723 0.126582 1.43181 0.0114619 0.0056635
0.831933 0.126582 1.4326 0.00872964 0.00470951
0.857143 0.126582 1.43345 0.00634623 0.00371694
0.882353 0.126582 1.4348 0.0043423 0.00271693
0.907563 0.126582 1.43567 0.00269646 0.00174442
0.932773 0.126582 1.43759 0.00144654 0.000898799
0.957983 0.126582 1.43833 0.000549435 0.000236845
0.983193 0.126582 1.44034 0 0
1.0084 0.126582 0 0 0
1.03361 0.126582 0 0 0
1.05882 0.126582 0 0 0
1.08403 0.126582 0 0 0
1.10924 0.126582 0 0 0
1.13445 0.126582 0 0 0
1.15966 0.126582 0 0 0
1.18487 0.126582 0 0 0
1.21008 0.126582 0 0 0
1.23529 0.126582 0 0 0
1.2605 0.126582 0 0 0
1.28571 0.126582 0 0 0
1.31092 0.126582 0 0 0
1.33613 0.126582 0 0 0
1.36134 0.126582 0 0 0
1.38655 0.126582 0 0 0
1.41176 0.126582 0 0 0
1.43697 0.126582 0 0 0
1.46218 0.126582 0 0 0
1.48739 0.126582 0 0 0
1.51261 0.126582 0 0 0
1.53782 0.126582 0 0 0
1.56303 0.126582 0 0 0
1.58824 0.126582 0 0 0
1.61345 0.126582 0 0 0
1.63866 0.126582 0 0 0
1.66387 0.126582 0 0 0
1.68908 0.126582 0 0 0
1.71429 0.126582 0 0 0
1.7395 0.126582 0 0 0
1.76471 0.126582 0 0 0
1.78992 0.126582 0 0 0
1.81513 0.126582 0 0 0
1.84034 0.126582 0 0 0
1.86555 0.126582 0 0 0
1.89076 0.126582 0 0 0
1.91597 0.126582 0 0 0
1.94118 0.126582 0 0 0
1.96639 0.126582 0 0 0
1.9916 0.126582 0 0 0
2.01681 0.126582 1.00012 0 0
2.04202 0.126582 1.00013 -1.38623e-05 -0.00011035
2.06723 0.126582 1.00015 -2.44893e-05 -0.000214568
2.09244 0.126582 1.00016 -3.22176e-05 -0.000312919
2.11765 0.126582 1.00017 -3.73233e-05 -0.0004055
2.14286 0.126582 1.00018 -4.00448e-05 -0.000492304
2.16807 0.126582 1.00019 -4.05964e-05 -0.000573268
2.19328 0.126582 1.0002 -3.91818e-05 -0.000648302
2.21849 0.126582 1.0002 -3.60015e-05 -0.000717307
2.2437 0.126582 1.00021 -3.12577e-05 -0.000780188
2.26891 0.126582 1.00022 -2.51557e-05 -0.000836864
2.29412 0.126582 1.00022 -1.79041e-05 -0.000887277
2.31933 0.126582 1.00023 -9.71322e-06 -0.00093139
2.34454 0.126582 1.00023 -7.92895e-07 -0.000969199
2.36975 0.126582 1.00024 8.64978e-06 -0.00100072
2.39496 0.126582 1.00024 1.8413e-05 -0.00102602
2.42017 0.126582 1.00024 2.83026e-05 -0.00104515
2.44538 0.126582 1.00025 3.81342e-05 -0.00105823
2.47059 0.126582 1.00025 4.77348e-05 -0.00106537
2.4958 0.126582 1.00025 5.6944e-05 -0.00106671
2.52101 0.126582 1.00025 6.56148e-05 -0.00106239
2.54622 0.126582 1.00026 7.36142e-05 -0.00105255
2.57143 0.126582 1.00026 8.08227e-05 -0.00103734
2.59664 0.126582 1.00026 8.71339e-05 -0.00101689
2.62185 0.126582 1.00026 9.24537e-05 -0.000991329
2.64706 0.126582 1.00026 9.66987e-05 -0.000960762
2.67227 0.126582 1.00026 9.97949e-05 -0.000925271
2.69748 0.126582 1.00026 0.000101675 -0.000884914
2.72269 0.126582 1.00025 0.000102279 -0.000839718
2.7479 0.126582 1.00025 0.000101544 -0.000789683
2.77311 0.126582 1.00025 9.94125e-05 -0.000734775
2.79832 0.126582 1.00025 9.5818e-05 -0.000674928
2.82353 0.126582 1.00024 9.06869e-05 -0.000610044
2.84874 0.126582 1.00024 8.39309e-05 -0.000539996
2.87395 0.126582 1.00023 7.54396e-05 -0.000464628
2.89916 0.126582 1.00022 6.50712e-05 -0.000383755
2.92437 0.126582 1.00022 5.26386e-05 -0.000297159
2.94958 0.126582 1.00021 3.78913e-05 -0.000204578
2.97479 0.126582 1.00019 2.04986e-05 -0.000105677
3 0.126582 1.00018 0 0

0 0.151899 1 0.3 0
0.0252101 0.151899 1.39078 0.214728 0.0283191
0.0504202 0.151899 1.62643 0.18705 0.0481432
0.0756303 0.151899 1.66426 0.184989 0.0570904
0.10084 0.151899 1.64962 0.185602 0.0595661
0.12605 0.151899 1.62824 0.184026 0.0582478
0.151261 0.151899 1.60651 0.18018 0.0548784
0.176471 0.151899 1.58584 0.174569 0.0506082
0.201681 0.151899 1.56683 0.16772 0.0461413
0.226891 0.151899 1.54972 0.160078 0.0418712
0.252101 0.151899 1.53451 0.151993 0.0379902
0.277311 0.151899 1.52113 0.143718 0.0345692
0.302521 0.151899 1.50939 0.135426 0.0316107
0.327731 0.151899 1.49913 0.127232 0.0290819
0.352941 0.151899 1.49014 0.119206 0.0269345
0.378151 0.151899 1.48221 0.111386 0.0251151
0.403361 0.151899 1.47519 0.103792 0.0235709
0.428571 0.151899 1.46891 0.0964291 0.0222523
0.453782 0.151899 1.46328 0.0892953 0.0211141
0.478992 0.151899 1.45821 0.082386 0.0201158
0.504202 0.151899 1.45366 0.0756958 0.0192214
0.529412 0.151899 1.44961 0.0692206 0.0183995
0.554622 0.151899 1.44603 0.0629587 0.0176222
0.579832 0.151899 1.44291 0.0569112 0.0168655
0.605042 0.151899 1.44024 0.0510824 0.0161081
0.630252 0.151899 1.438 0.0454798 0.0153313
0.655462 0.151899 1.4362 0.040114 0.0145186
0.680672 0.151899 1.43481 0.0349988 0.013656
0.705882 0.151899 1.43382 0.0301505 0.0127313
0.731092 0.151899 1.43321 0.0255877 0.0117348
0.756303 0.151899 1.43297 0.021331 0.0106597
0.781513 0.151899 1.43308 0.0174023 0.00950274
0.806723 0.151899 1.43349 0.0138224 0.00826593
0.831933 0.151899 1.43423 0.0106161 0.00695825
0.857143 0.151899 1.43509 0.00779514 0.00559732
0.882353 0.151899 1.43646 0.00539178 0.00421889
0.907563 0.151899 1.43742 0.00339285 0.00286607
0.932773 0.151899 1.43946 0.00184058 0.00163535
0.957983 0.151899 1.44027 0.000704258 0.000612782
0.983193 0.151899 1.44269 0 0
1.0084 0.151899 0 0 0
1.03361 0.151899 0 0 0
1.05882 0.151899 0 0 0
1.08403 0.151899 0 0 0
1.10924 0.151899 0 0 0
1.13445 0.151899 0 0 0
1.15966 0.151899 0 0 0
1.18487 0.151899 0 0 0
1.21008 0.151899 0 0 0
1.23529 0.151899 0 0 0
1.2605 0.151899 0 0 0
1.28571 0.151899 0 0 0
1.31092 0.151899 0 0 0
1.33613 0.151899 0 0 0
1.36134 0.151899 0 0 0
1.38655 0.151899 0 0 0
1.41176 0.151899 0 0 0
1.43697 0.151899 0 0 0
1.46218 0.151899 0 0 0
1.48739 0.151899 0 0 0
1.51261 0.151899 0 0 0
1.53782 0.151899 0 0 0
1.56303 0.151899 0 0 0
1.58824 0.151899 0 0 0
1.61345 0.151899 0 0 0
1.63866 0.151899 0 0 0
1.66387 0.151899 0 0 0
1.68908 0.151899 0 0 0
1.71429 0.151899 0 0 0
1.7395 0.151899 0 0 0
1.76471 0.151899 0 0 0
1.78992 0.151899 0 0 0
1.81513 0.151899 0 0 0
1.84034 0.151899 0 0 0
1.86555 0.151899 0 0 0
1.89076 0.151899 0 0 0
1.91597 0.151899 0 0 0
1.94118 0.151899 0 0 0
1.96639 0.151899 0 0 0
1.9916 0.151899 0 0 0
2.01681 0.151899 1.00015 0 0
2.04202 0.151899 1.00016 -1.66222e-05 -0.000115368
2.06723 0.151899 1.00018 -2.942e-05 -0.000224107
2.09244 0.151899 1.00019 -3.87396e-05 -0.000326535
2.11765 0.151899 1.00021 -4.48927e-05 -0.000422801
2.14286 0.151899 1.00022 -4.81643e-05 -0.000512945
2.16807 0.151899 1.00023 -4.88213e-05 -0.000596936
2.19328 0.151899 1.00024 -4.71209e-05 -0.000674703
2.21849 0.151899 1.00025 -4.33171e-05 -0.00074616
2.2437 0.151899 1.00026 -3.76639e-05 -0.000811221
2.26891 0.151899 1.00027 -3.04172e-05 -0.000869809
2.29412 0.151899 1.00028 -2.18337e-05 -0.000921869
2.31933 0.151899 1.00028 -1.21696e-05 -0.000967371
2.34454 0.151899 1.00029 -1.67813e-06 -0.00100631
2.36975 0.151899 1.0003 9.39328e-06 -0.00103873
2.39496 0.151899 1.0003 2.08058e-05 -0.00106467
2.42017 0.151899 1.00031 3.23319e-05 -0.00108423
2.44538 0.151899 1.00031 4.37574e-05 -0.00109752
2.47059 0.151899 1.00031 5.48833e-05 -0.00110468
2.4958 0.151899 1.00031 6.5527e-05 -0.00110584
2.52101 0.151899 1.00032 7.55232e-05 -0.00110116
2.54622 0.151899 1.00032 8.47236e-05 -0.00109081
2.57143 0.151899 1.00032 9.29968e-05 -0.00107494
2.59664 0.151899 1.00032 0.000100227 -0.0010537
2.62185 0.151899 1.00032 0.000106313 -0.00102721
2.64706 0.151899 1.00032 0.000111166 -0.000995601
2.67227 0.151899 1.00031 0.000114706 -0.000958947
2.69748 0.151899 1.00031 0.000116864 -0.000917309
2.72269 0.151899 1.00031 0.000117571 -0.000870714
2.7479 0.151899 1.0003 0.000116761 -0.000819153
2.77311 0.151899 1.0003 0.000114365 -0.000762579
2.79832 0.151899 1.00029 0.000110305 -0.000700909
2.82353 0.151899 1.00029 0.000104488 -0.000634017
2.84874 0.151899 1.00028 9.68028e-05 -0.000561743
2.87395 0.151899 1.00027 8.71069e-05 -0.000483883
2.89916 0.151899 1.00026 7.52197e-05 -0.000400189
2.92437 0.151899 1.00025 6.09084e-05 -0.000310364
2.94958 0.151899 1.00024 4.38726e-05 -0.000214047
2.97479 0.151899 1.00023 2.3734e-05 -0.000110786
3 0.151899 1.00021 0 0

0 0.177215 1 0.3 0
0.0252101 0.177215 1.36242 0.218768 0.0252085
0.0504202 0.177215 1.58305 0.190777 0.044639
0.0756303 0.177215 1.63136 0.187774 0.0555677
0.10084 0.177215 1.62581 0.188876 0.0604939
0.12605 0.177215 1.61121 0.18856 0.0614627
0.151261 0.177215 1.59502 0.186232 0.0599447
0.176471 0.177215 1.57883 0.182121 0.0570226
0.201681 0.177215 1.56335 0.176595 0.0534451
0.226891 0.177215 1.54895 0.170026 0.0496948
0.252101 0.177215 1.53576 0.162738 0.0460597
0.277311 0.177215 1.52379 0.154996 0.0426949
0.302521 0.177215 1.51294 0.147001 0.0396688
0.327731 0.177215 1.50312 0.138899 0.0369965
0.352941 0.177215 1.49423 0.130794 0.0346615
0.378151 0.177215 1.48617 0.122756 0.0326307
0.403361 0.177215 1.47887 0.114831 0.0308632
0.428571 0.177215 1.47227 0.10705 0.0293163
0.453782 0.177215 1.46633 0.0994314 0.0279484
0.478992 0.177215 1.46099 0.0919889 0.0267205
0.504202 0.177215 1.45623 0.0847315 0.0255971
0.529412 0.177215 1.45201 0.0776667 0.024546
0.554622 0.177215 1.44829 0.0708022 0.023538
0.579832 0.177215 1.44506 0.0641466 0.0225471
0.605042 0.177215 1.44229 0.0577103 0.0215494
0.630252 0.177215 1.43997 0.0515058 0.0205239
0.655462 0.177215 1.43808 0.0455479 0.0194514
0.680672 0.177215 1.4366 0.0398537 0.0183151
0.705882 0.177215 1.43552 0.0344428 0.0171008
0.731092 0.177215 1.43483 0.0293363 0.0157968
0.756303 0.177215 1.4345 0.0245569 0.0143948
0.781513 0.177215 1.43454 0.0201287 0.012891
0.806723 0.177215 1.43488 0.0160747 0.0112872
0.831933 0.177215 1.43558 0.0124213 0.00959324
0.857143 0.177215 1.43644 0.00918472 0.00782806
0.882353 0.177215 1.4378 0.00639751 0.00603001
0.907563 0.177215 1.43896 0.00405955 0.00424381
0.932773 0.177215 1.44101 0.00221121 0.00256834
0.957983 0.177215 1.44239 0.00084775 0.00108743
0.983193 0.177215 1.44495 0 0
1.0084 0.177215 0 0 0
1.03361 0.177215 0 0 0
1.05882 0.177215 0 0 0
1.08403 0.177215 0 0 0
1.10924 0.177215 0 0 0
1.13445 0.177215 0 0 0
1.15966 0.177215 0 0 0
1.18487 0.177215 0 0 0
1.21008 0.177215 0 0 0
1.23529 0.177215 0 0 0
1.2605 0.177215 0 0 0
1.28571 0.177215 0 0 0
1.31092 0.177215 0 0 0
1.33613 0.177215 0 0 0
1.36134 0.177215 0 0 0
1.38655 0.177215 0 0 0
1.41176 0.177215 0 0 0
1.43697 0.177215 0 0 0
1.46218 0.177215 0 0 0
1.48739 0.177215 0 0 0
1.51261 0.177215 0 0 0
1.53782 0.177215 0 0 0
1.56303 0.177215 0 0 0
1.58824 0.177215 0 0 0
1.61345 0.177215 0 0 0
1.63866 0.177215 0 0 0
1.66387 0.177215 0 0 0
1.68908 0.177215 0 0 0
1.71429 0.177215 0 0 0
1.7395 0.177215 0 0 0
1.76471 0.177215 0 0 0
1.78992 0.177215 0 0 0
1.81513 0.177215 0 0 0
1.84034 0.177215 0 0 0
1.86555 0.177215 0 0 0
1.89076 0.177215 0 0 0
1.91597 0.177215 0 0 0
1.94118 0.177215 0 0 0
1.96639 0.177215 0 0 0
1.9916 0.177215 0 0 0
2.01681 0.177215 1.00017 0 0
2.04202 0.177215 1.00019 -1.95369e-05 -0.00012117
2.06723 0.177215 1.00021 -3.46259e-05 -0.000235243
2.09244 0.177215 1.00023 -4.56261e-05 -0.000342557
2.11765 0.177215 1.00024 -5.28806e-05 -0.000443293
2.14286 0.177215 1.00026 -5.67162e-05 -0.000537519
2.16807 0.177215 1.00027 -5.74494e-05 -0.000625226
2.19328 0.177215 1.00029 -5.53911e-05 -0.000706356
2.21849 0.177215 1.0003 -5.08511e-05 -0.000780833
2.2437 0.177215 1.00031 -4.41397e-05 -0.000848574
2.26891 0.177215 1.00032 -3.55688e-05 -0.000909507
2.29412 0.177215 1.00033 -2.54497e-05 -0.000963582
2.31933 0.177215 1.00034 -1.40914e-05 -0.00101077
2.34454 0.177215 1.00035 -1.79704e-06 -0.00105109
2.36975 0.177215 1.00036 1.11391e-05 -0.00108456
2.39496 0.177215 1.00036 2.44352e-05 -0.00111127
2.42017 0.177215 1.00037 3.78247e-05 -0.00113132
2.44538 0.177215 1.00037 5.10588e-05 -0.00114483
2.47059 0.177215 1.00038 6.39085e-05 -0.00115195
2.4958 0.177215 1.00038 7.61655e-05 -0.00115286
2.52101 0.177215 1.00038 8.7643e-05 -0.00114771
2.54622 0.177215 1.00038 9.81754e-05 -0.00113669
2.57143 0.177215 1.00038 0.000107618 -0.00111998
2.59664 0.177215 1.00038 0.000115843 -0.00109772
2.62185 0.177215 1.00038 0.000122742 -0.00107008
2.64706 0.177215 1.00038 0.000128221 -0.00103715
2.67227 0.177215 1.00037 0.000132194 -0.000999052
2.69748 0.177215 1.00037 0.000134587 -0.000955828
2.72269 0.177215 1.00036 0.000135326 -0.000907506
2.7479 0.177215 1.00036 0.000134339 -0.000854067
2.77311 0.177215 1.00035 0.000131547 -0.00079545
2.79832 0.177215 1.00034 0.000126859 -0.000731549
2.82353 0.177215 1.00033 0.000120167 -0.000662211
2.84874 0.177215 1.00033 0.000111333 -0.000587231
2.87395 0.177215 1.00031 0.000100189 -0.000506356
2.89916 0.177215 1.0003 8.6519e-05 -0.000419272
2.92437 0.177215 1.00029 7.00492e-05 -0.000325603
2.94958 0.177215 1.00028 5.0437e-05 -0.000224893
2.97479 0.177215 1.00026 2.72628e-05 -0.000116587
3 0.177215 1.00024 0 0

0 0.202532 1 0.3 0
0.0252101 0.202532 1.34188 0.221905 0.0226797
0.0504202 0.202532 1.54986 0.193749 0.041301
0.0756303 0.202532 1.60334 0.189788 0.0533609
0.10084 0.202532 1.60392 0.190869 0.0601509
0.12605 0.202532 1.59413 0.191249 0.0631209
0.151261 0.202532 1.58198 0.18998 0.06343
0.176471 0.202532 1.56915 0.187061 0.0620153
0.201681 0.202532 1.55634 0.182703 0.0595901
0.226891 0.202532 1.54399 0.177175 0.0566621
0.252101 0.202532 1.53235 0.170748 0.053571
0.277311 0.202532 1.52151 0.163666 0.0505293
0.302521 0.202532 1.51152 0.15613 0.0476585
0.327731 0.202532 1.50237 0.148302 0.0450185
0.352941 0.202532 1.49401 0.140309 0.0426285
0.378151 0.202532 1.48639 0.132242 0.0404828
0.403361 0.202532 1.47947 0.124173 0.0385607
0.428571 0.202532 1.47318 0.116152 0.0368339
0.453782 0.202532 1.46748 0.108218 0.0352701
0.478992 0.202532 1.46233 0.100399 0.0338362
0.504202 0.202532 1.45768 0.0927185 0.0324993
0.529412 0.202532 1.45353 0.0851948 0.0312282
0.554622 0.202532 1.44985 0.0778458 0.0299931
0.579832 0.202532 1.44662 0.0706883 0.0287666
0.605042 0.202532 1.44382 0.0637397 0.0275232
0.630252 0.202532 1.44146 0.0570185 0.0262395
0.655462 0.202532 1.43952 0.0505446 0.0248945
0.680672 0.202532 1.43798 0.0443393 0.0234691
0.705882 0.202532 1.43685 0.0384257 0.0219472
0.731092 0.202532 1.4361 0.0328282 0.0203154
0.756303 0.202532 1.43573 0.0275722 0.0185643
0.781513 0.202532 1.43572 0.0226844 0.016689
0.806723 0.202532 1.43604 0.0181906 0.014691
0.831933 0.202532 1.43673 0.0141197 0.0125803
0.857143 0.202532 1.43764 0.0104928 0.0103765
0.882353 0.202532 1.43903 0.00734499 0.00811788
0.907563 0.202532 1.44037 0.00468727 0.00585147
0.932773 0.202532 1.4425 0.00256317 0.00366964
0.957983 0.202532 1.44422 0.000985445 0.00166109
0.983193 0.202532 1.44702 0 0
1.0084 0.202532 0 0 0
1.03361 0.202532 0 0 0
1.05882 0.202532 0 0 0
1.08403 0.202532 0 0 0
1.10924 0.202532 0 0 0
1.13445 0.202532 0 0 0
1.15966 0.202532 0 0 0
1.18487 0.202532 0 0 0
1.21008 0.202532 0 0 0
1.23529 0.202532 0 0 0
1.2605 0.202532 0 0 0
1.28571 0.202532 0 0 0
1.31092 0.202532 0 0 0
1.33613 0.202532 0 0 0
1.36134 0.202532 0 0 0
1.38655 0.202532 0 0 0
1.41176 0.202532 0 0 0
1.43697 0.202532 0 0 0
1.46218 0.202532 0 0 0
1.48739 0.202532 0 0 0
1.51261 0.202532 0 0 0
1.53782 0.202532 0 0 0
1.56303 0.202532 0 0 0
1.58824 0.202532 0 0 0
1.61345 0.202532 0 0 0
1.63866 0.202532 0 0 0
1.66387 0.202532 0 0 0
1.68908 0.202532 0 0 0
1.71429 0.202532 0 0 0
1.7395 0.202532 0 0 0
1.76471 0.202532 0 0 0
1.78992 0.202532 0 0 0
1.81513 0.202532 0 0 0
1.84034 0.202532 0 0 0
1.86555 0.202532 0 0 0
1.89076 0.202532 0 0 0
1.91597 0.202532 0 0 0
1.94118 0.202532 0 0 0
1.96639 0.202532 0 0 0
1.9916 0.202532 0 0 0
2.01681 0.202532 1.0002 0 0
2.04202 0.202532 1.00022 -2.25862e-05 -0.000127808
2.06723 0.202532 1.00024 -4.0059e-05 -0.000248059
2.09244 0.202532 1.00026 -5.27957e-05 -0.000361097
2.11765 0.202532 1.00028 -6.11695e-05 -0.000467118
2.14286 0.202532 1.0003 -6.5548e-05 -0.0005662
2.16807 0.202532 1.00032 -6.62961e-05 -0.000658345
2.19328 0.202532 1.00034 -6.37794e-05 -0.000743502
2.21849 0.202532 1.00035 -5.83663e-05 -0.000821595
2.2437 0.202532 1.00037 -5.04279e-05 -0.000892543
2.26891 0.202532 1.00038 -4.03375e-05 -0.000956277
2.29412 0.202532 1.00039 -2.84676e-05 -0.00101275
2.31933 0.202532 1.00041 -1.51864e-05 -0.00106194
2.34454 0.202532 1.00042 -8.53876e-07 -0.00110386
2.36975 0.202532 1.00042 1.41827e-05 -0.00113857
2.39496 0.202532 1.00043 2.95923e-05 -0.00116616
2.42017 0.202532 1.00044 4.50643e-05 -0.00118674
2.44538 0.202532 1.00044 6.03105e-05 -0.00120046
2.47059 0.202532 1.00044 7.50679e-05 -0.0012075
2.4958 0.202532 1.00045 8.90993e-05 -0.00120805
2.52101 0.202532 1.00045 0.000102194 -0.00120229
2.54622 0.202532 1.00045 0.000114167 -0.00119043
2.57143 0.202532 1.00045 0.000124858 -0.00117265
2.59664 0.202532 1.00045 0.00013413 -0.00114915
2.62185 0.202532 1.00044 0.000141864 -0.00112008
2.64706 0.202532 1.00044 0.000147959 -0.00108556
2.67227 0.202532 1.00043 0.000152327 -0.0010457
2.69748 0.202532 1.00043 0.000154887 -0.00100056
2.72269 0.202532 1.00042 0.000155562 -0.000950164
2.7479 0.202532 1.00041 0.000154274 -0.000894476
2.77311 0.202532 1.0004 0.000150934 -0.000833422
2.79832 0.202532 1.0004 0.000145442 -0.000766868
2.82353 0.202532 1.00038 0.000137672 -0.000694628
2.84874 0.202532 1.00037 0.000127468 -0.000616455
2.87395 0.202532 1.00036 0.000114634 -0.000532037
2.89916 0.202532 1.00035 9.89231e-05 -0.000440996
2.92437 0.202532 1.00033 8.00274e-05 -0.000342873
2.94958 0.202532 1.00031 5.75651e-05 -0.000237122
2.97479 0.202532 1.0003 3.10778e-05 -0.000123091
3 0.202532 1.00027 0 0

0 0.227848 1 0.3 0
0.0252101 0.227848 1.32626 0.224406 0.0206332
0.0504202 0.227848 1.5241 0.196193 0.0383283
0.0756303 0.227848 1.58001 0.191372 0.0509477
0.10084 0.227848 1.58475 0.192167 0.0590776
0.12605 0.227848 1.57849 0.192844 0.0636885
0.151261 0.227848 1.56951 0.192243 0.0656475
0.176471 0.227848 1.55947 0.190198 0.0657192
0.201681 0.227848 1.54905 0.186787 0.0645359
0.226891 0.227848 1.53867 0.182178 0.0625862
0.252101 0.227848 1.52861 0.176576 0.0602265
0.277311 0.227848 1.51904 0.170185 0.0577027
0.302521 0.227848 1.51005 0.163191 0.0551749
0.327731 0.227848 1.50165 0.155755 0.0527398
0.352941 0.227848 1.49386 0.14801 0.0504488
0.378151 0.227848 1.48667 0.140061 0.0483219
0.403361 0.227848 1.48004 0.131995 0.0463588
0.428571 0.227848 1.47395 0.123879 0.0445459
0.453782 0.227848 1.46839 0.115766 0.0428617
0.478992 0.227848 1.46332 0.1077 0.0412804
0.504202 0.227848 1.45874 0.0997161 0.039774
0.529412 0.227848 1.45462 0.0918448 0.0383143
0.554622 0.227848 1.45095 0.0841138 0.0368734
0.579832 0.227848 1.44771 0.0765485 0.0354241
0.605042 0.227848 1.44491 0.0691737 0.0339408
0.630252 0.227848 1.44253 0.0620142 0.0323995
0.655462 0.227848 1.44056 0.0550951 0.0307778
0.680672 0.227848 1.43899 0.0484427 0.0290555
0.705882 0.227848 1.43782 0.0420838 0.027215
0.731092 0.227848 1.43704 0.0360465 0.0252417
0.756303 0.227848 1.43664 0.0303594 0.0231251
0.781513 0.227848 1.43661 0.0250524 0.0208593
0.806723 0.227848 1.43692 0.0201544 0.0184451
0.831933 0.227848 1.43763 0.0156979 0.0158921
0.857143 0.227848 1.43859 0.0117089 0.0132193
0.882353 0.227848 1.44004 0.00822605 0.0104636
0.907563 0.227848 1.44154 0.00527066 0.00767147
0.932773 0.227848 1.44378 0.00289063 0.00492762
0.957983 0.227848 1.44583 0.0011143 0.00231925
0.983193 0.227848 1.44885 0 0
1.0084 0.227848 0 0 0
1.03361 0.227848 0 0 0
1.05882 0.227848 0 0 0
1.08403 0.227848 0 0 0
1.10924 0.227848 0 0 0
1.13445 0.227848 0 0 0
1.15966 0.227848 0 0 0
1.18487 0.227848 0 0 0
1.21008 0.227848 0 0 0
1.23529 0.227848 0 0 0
1.2605 0.227848 0 0 0
1.28571 0.227848 0 0 0
1.31092 0.227848 0 0 0
1.33613 0.227848 0 0 0
1.36134 0.227848 0 0 0
1.38655 0.227848 0 0 0
1.41176 0.227848 0 0 0
1.43697 0.227848 0 0 0
1.46218 0.227848 0 0 0
1.48739 0.227848 0 0 0
1.51261 0.227848 0 0 0
1.53782 0.227848 0 0 0
1.56303 0.227848 0 0 0
1.58824 0.227848 0 0 0
1.61345 0.227848 0 0 0
1.63866 0.227848 0 0 0
1.66387 0.227848 0 0 0
1.68908 0.227848 0 0 0
1.71429 0.227848 0 0 0
1.7395 0.227848 0 0 0
1.76471 0.227848 0 0 0
1.78992 0.227848 0 0 0
1.81513 0.227848 0 0 0
1.84034 0.227848 0 0 0
1.86555 0.227848 0 0 0
1.89076 0.227848 0 0 0
1.91597 0.227848 0 0 0
1.94118 0.227848 0 0 0
1.96639 0.227848 0 0 0
1.9916 0.227848 0 0 0
2.01681 0.227848 1.00023 0 0
2.04202 0.227848 1.00026 -2.57581e-05 -0.000135338
2.06723 0.227848 1.00028 -4.56894e-05 -0.000262657
2.09244 0.227848 1.0003 -6.01935e-05 -0.000382297
2.11765 0.227848 1.00033 -6.96753e-05 -0.000494452
2.14286 0.227848 1.00035 -7.45433e-05 -0.000599202
2.16807 0.227848 1.00037 -7.52122e-05 -0.000696544
2.19328 0.227848 1.00039 -7.21048e-05 -0.000786422
2.21849 0.227848 1.00041 -6.56517e-05 -0.000868758
2.2437 0.227848 1.00043 -5.62899e-05 -0.000943466
2.26891 0.227848 1.00044 -4.44606e-05 -0.00101048
2.29412 0.227848 1.00046 -3.06038e-05 -0.00106974
2.31933 0.227848 1.00047 -1.51543e-05 -0.00112125
2.34454 0.227848 1.00048 1.46446e-06 -0.00116503
2.36975 0.227848 1.00049 1.88453e-05 -0.00120114
2.39496 0.227848 1.0005 3.66023e-05 -0.0012297
2.42017 0.227848 1.00051 5.43752e-05 -0.00125085
2.44538 0.227848 1.00051 7.18321e-05 -0.00126477
2.47059 0.227848 1.00052 8.8672e-05 -0.00127165
2.4958 0.227848 1.00052 0.000104626 -0.0012717
2.52101 0.227848 1.00052 0.000119458 -0.00126516
2.54622 0.227848 1.00052 0.000132961 -0.00125225
2.57143 0.227848 1.00052 0.00014496 -0.00123319
2.59664 0.227848 1.00051 0.000155305 -0.00120817
2.62185 0.227848 1.00051 0.00016387 -0.00117738
2.64706 0.227848 1.0005 0.000170547 -0.00114096
2.67227 0.227848 1.0005 0.000175245 -0.00109901
2.69748 0.227848 1.00049 0.000177879 -0.00105161
2.72269 0.227848 1.00048 0.000178369 -0.000998767
2.7479 0.227848 1.00047 0.000176631 -0.00094044
2.77311 0.227848 1.00046 0.000172573 -0.000876536
2.79832 0.227848 1.00045 0.000166082 -0.000806893
2.82353 0.227848 1.00044 0.000157019 -0.000731289
2.84874 0.227848 1.00042 0.000145212 -0.000649426
2.87395 0.227848 1.00041 0.000130441 -0.000560937
2.89916 0.227848 1.00039 0.000112432 -0.00046537
2.92437 0.227848 1.00038 9.08443e-05 -0.000362188
2.94958 0.227848 1.00036 6.52598e-05 -0.000250752
2.97479 0.227848 1.00034 3.51816e-05 -0.000130314
3 0.227848 1.00031 0 0

0 0.253165 1 0.3 0
0.0252101 0.253165 1.31392 0.226448 0.0189755
0.0504202 0.253165 1.50363 0.198249 0.0357744
0.0756303 0.253165 1.5605 0.192699 0.0486089
0.10084 0.253165 1.56799 0.193095 0.0576756
0.12605 0.253165 1.56426 0.193813 0.0635937
0.151261 0.253165 1.55765 0.193586 0.0669846
0.176471 0.253165 1.54981 0.192138 0.0684448
0.201681 0.253165 1.54133 0.189449 0.0685066
0.226891 0.253165 1.53263 0.185601 0.067612
0.252101 0.253165 1.52397 0.180731 0.0661062
0.277311 0.253165 1.51555 0.174998 0.0642461
0.302521 0.253165 1.50747 0.168561 0.0622132
0.327731 0.253165 1.49981 0.161567 0.0601295
0.352941 0.253165 1.49261 0.154146 0.0580714
0.378151 0.253165 1.48588 0.146409 0.0560813
0.403361 0.253165 1.47961 0.13845 0.054178
0.428571 0.253165 1.47381 0.130346 0.0523634
0.453782 0.253165 1.46847 0.122164 0.050628
0.478992 0.253165 1.46358 0.113957 0.0489552
0.504202 0.253165 1.45912 0.105773 0.0473238
0.529412 0.253165 1.45509 0.0976517 0.0457102
0.554622 0.253165 1.45149 0.0896305 0.0440894
0.579832 0.253165 1.4483 0.0817429 0.0424362
0.605042 0.253165 1.44552 0.074021 0.0407256
0.630252 0.253165 1.44315 0.0664957 0.0389337
0.655462 0.253165 1.44118 0.059198 0.0370377
0.680672 0.253165 1.4396 0.0521588 0.035017
0.705882 0.253165 1.43842 0.0454094 0.0328527
0.731092 0.253165 1.43763 0.0389818 0.0305295
0.756303 0.253165 1.43722 0.0329084 0.0280357
0.781513 0.253165 1.43719 0.0272224 0.0253645
0.806723 0.253165 1.43752 0.0219568 0.0225158
0.831933 0.253165 1.43825 0.0171477 0.0194979
0.857143 0.253165 1.43927 0.0128266 0.0163286
0.882353 0.253165 1.44079 0.00903638 0.0130417
0.907563 0.253165 1.44245 0.00580744 0.0096819
0.932773 0.253165 1.44481 0.00319318 0.00632478
0.957983 0.253165 1.44713 0.00123436 0.00305322
0.983193 0.253165 1.45037 0 0
1.0084 0.253165 0 0 0
1.03361 0.253165 0 0 0
1.05882 0.253165 0 0 0
1.08403 0.253165 0 0 0
1.10924 0.253165 0 0 0
1.13445 0.253165 0 0 0
1.15966 0.253165 0 0 0
1.18487 0.253165 0 0 0
1.21008 0.253165 0 0 0
1.23529 0.253165 0 0 0
1.2605 0.253165 0 0 0
1.28571 0.253165 0 0 0
1.31092 0.253165 0 0 0
1.33613 0.253165 0 0 0
1.36134 0.253165 0 0 0
1.38655 0.253165 0 0 0
1.41176 0.253165 0 0 0
1.43697 0.253165 0 0 0
1.46218 0.253165 0 0 0
1.48739 0.253165 0 0 0
1.51261 0.253165 0 0 0
1.53782 0.253165 0 0 0
1.56303 0.253165 0 0 0
1.58824 0.253165 0 0 0
1.61345 0.253165 0 0 0
1.63866 0.253165 0 0 0
1.66387 0.253165 0 0 0
1.68908 0.253165 0 0 0
1.71429 0.253165 0 0 0
1.7395 0.253165 0 0 0
1.76471 0.253165 0 0 0
1.78992 0.253165 0 0 0
1.81513 0.253165 0 0 0
1.84034 0.253165 0 0 0
1.86555 0.253165 0 0 0
1.89076 0.253165 0 0 0
1.91597 0.253165 0 0 0
1.94118 0.253165 0 0 0
1.96639 0.253165 0 0 0
1.9916 0.253165 0 0 0
2.01681 0.253165 1.00026 0 0
2.04202 0.253165 1.00029 -2.90458e-05 -0.000143822
2.06723 0.253165 1.00032 -5.14975e-05 -0.000279154
2.09244 0.253165 1.00035 -6.77798e-05 -0.000406323
2.11765 0.253165 1.00037 -7.83317e-05 -0.00052551
2.14286 0.253165 1.0004 -8.36048e-05 -0.000636781
2.16807 0.253165 1.00042 -8.40665e-05 -0.000740117
2.19328 0.253165 1.00045 -8.02004e-05 -0.000835451
2.21849 0.253165 1.00047 -7.25048e-05 -0.000922688
2.2437 0.253165 1.00049 -6.1489e-05 -0.00100174
2.26891 0.253165 1.00051 -4.7669e-05 -0.00107252
2.29412 0.253165 1.00052 -3.15605e-05 -0.00113498
2.31933 0.253165 1.00054 -1.36722e-05 -0.00118913
2.34454 0.253165 1.00055 5.50114e-06 -0.001235
2.36975 0.253165 1.00056 2.54857e-05 -0.00127269
2.39496 0.253165 1.00057 4.58343e-05 -0.00130231
2.42017 0.253165 1.00058 6.61317e-05 -0.00132405
2.44538 0.253165 1.00058 8.59978e-05 -0.00133811
2.47059 0.253165 1.00059 0.00010509 -0.00134472
2.4958 0.253165 1.00059 0.000123106 -0.00134414
2.52101 0.253165 1.00059 0.000139781 -0.00133662
2.54622 0.253165 1.00059 0.000154887 -0.00132243
2.57143 0.253165 1.00059 0.000168232 -0.00130181
2.59664 0.253165 1.00058 0.000179654 -0.00127499
2.62185 0.253165 1.00058 0.000189021 -0.00124216
2.64706 0.253165 1.00057 0.000196219 -0.0012035
2.67227 0.253165 1.00057 0.000201155 -0.00115911
2.69748 0.253165 1.00056 0.000203743 -0.00110907
2.72269 0.253165 1.00055 0.000203901 -0.00105339
2.7479 0.253165 1.00054 0.000201542 -0.00099202
2.77311 0.253165 1.00052 0.00019657 -0.000924839
2.79832 0.253165 1.00051 0.000188865 -0.00085166
2.82353 0.253165 1.00049 0.000178279 -0.000772219
2.84874 0.253165 1.00048 0.000164621 -0.000686167
2.87395 0.253165 1.00046 0.000147655 -0.000593074
2.89916 0.253165 1.00044 0.00012708 -0.000492416
2.92437 0.253165 1.00042 0.000102526 -0.000383569
2.94958 0.253165 1.0004 7.35398e-05 -0.000265803
2.97479 0.253165 1.00038 3.9584e-05 -0.000138272
3 0.253165 1.00035 0 0

0 0.278481 1 0.3 0
0.0252101 0.278481 1.30386 0.228152 0.0176312
0.0504202 0.278481 1.48696 0.200015 0.0336237
0.0756303 0.278481 1.54405 0.19386 0.0464802
0.10084 0.278481 1.55337 0.193826 0.0561918
0.12605 0.278481 1.55143 0.194435 0.0631347
0.151261 0.278481 1.54658 0.194371 0.0677374
0.176471 0.278481 1.54044 0.1933 0.0704483
0.201681 0.278481 1.53355 0.19113 0.0716979
0.226891 0.278481 1.52626 0.187879 0.0718675
0.252101 0.278481 1.51883 0.183624 0.0712739
0.277311 0.278481 1.51145 0.178478 0.070167
0.302521 0.278481 1.50424 0.172569 0.0687357
0.327731 0.278481 1.4973 0.166022 0.0671161
0.352941 0.278481 1.49068 0.158959 0.0654018
0.378151 0.278481 1.48443 0.151487 0.0636529
0.403361 0.278481 1.47855 0.143703 0.0619043
0.428571 0.278481 1.47305 0.135689 0.0601718
0.453782 0.278481 1.46796 0.12752 0.0584579
0.478992 0.278481 1.46326 0.119257 0.0567553
0.504202 0.278481 1.45896 0.110956 0.0550501
0.529412 0.278481 1.45505 0.102667 0.0533242
0.554622 0.278481 1.45153 0.0944344 0.0515566
0.579832 0.278481 1.44841 0.0862992 0.0497249
0.605042 0.278481 1.44568 0.0783003 0.047806
0.630252 0.278481 1.44334 0.070475 0.0457767
0.655462 0.278481 1.44139 0.0628595 0.0436148
0.680672 0.278481 1.43983 0.0554899 0.0412992
0.705882 0.278481 1.43865 0.0484018 0.038811
0.731092 0.278481 1.43787 0.0416315 0.0361339
0.756303 0.278481 1.43746 0.0352153 0.0332554
0.781513 0.278481 1.43745 0.0291904 0.0301678
0.806723 0.278481 1.4378 0.0235939 0.0268695
0.831933 0.278481 1.43857 0.018466 0.0233671
0.857143 0.278481 1.43966 0.0138437 0.0196765
0.882353 0.278481 1.44125 0.00977454 0.0158278
0.907563 0.278481 1.44305 0.00629704 0.0118618
0.932773 0.278481 1.44554 0.00347039 0.00784501
0.957983 0.278481 1.44809 0.00134544 0.00385313
0.983193 0.278481 1.45153 0 0
1.0084 0.278481 0 0 0
1.03361 0.278481 0 0 0
1.05882 0.278481 0 0 0
1.08403 0.278481 0 0 0
1.10924 0.278481 0 0 0
1.13445 0.278481 0 0 0
1.15966 0.278481 0 0 0
1.18487 0.278481 0 0 0
1.21008 0.278481 0 0 0
1.23529 0.278481 0 0 0
1.2605 0.278481 0 0 0
1.28571 0.278481 0 0 0
1.31092 0.278481 0 0 0
1.33613 0.278481 0 0 0
1.36134 0.278481 0 0 0
1.38655 0.278481 0 0 0
1.41176 0.278481 0 0 0
1.43697 0.278481 0 0 0
1.46218 0.278481 0 0 0
1.48739 0.278481 0 0 0
1.51261 0.278481 0 0 0
1.53782 0.278481 0 0 0
1.56303 0.278481 0 0 0
1.58824 0.278481 0 0 0
1.61345 0.278481 0 0 0
1.63866 0.278481 0 0 0
1.66387 0.278481 0 0 0
1.68908 0.278481 0 0 0
1.71429 0.278481 0 0 0
1.7395 0.278481 0 0 0
1.76471 0.278481 0 0 0
1.78992 0.278481 0 0 0
1.81513 0.278481 0 0 0
1.84034 0.278481 0 0 0
1.86555 0.278481 0 0 0
1.89076 0.278481 0 0 0
1.91597 0.278481 0 0 0
1.94118 0.278481 0 0 0
1.96639 0.278481 0 0 0
1.9916 0.278481 0 0 0
2.01681 0.278481 1.0003 0 0
2.04202 0.278481 1.00033 -3.24452e-05 -0.000153329
2.06723 0.278481 1.00036 -5.74684e-05 -0.000297682
2.09244 0.278481 1.00039 -7.55214e-05 -0.000433366
2.11765 0.278481 1.00042 -8.70798e-05 -0.000560537
2.14286 0.278481 1.00045 -9.26415e-05 -0.000679234
2.16807 0.278481 1.00048 -9.27309e-05 -0.000789411
2.19328 0.278481 1.0005 -8.78981e-05 -0.000890974
2.21849 0.278481 1.00053 -7.87159e-05 -0.000983807
2.2437 0.278481 1.00055 -6.57742e-05 -0.0010678
2.26891 0.278481 1.00057 -4.96724e-05 -0.00114286
2.29412 0.278481 1.00059 -3.10107e-05 -0.00120895
2.31933 0.278481 1.00061 -1.03809e-05 -0.00126607
2.34454 0.278481 1.00062 1.16429e-05 -0.00131427
2.36975 0.278481 1.00064 3.45124e-05 -0.00135367
2.39496 0.278481 1.00065 5.77128e-05 -0.00138443
2.42017 0.278481 1.00066 8.07681e-05 -0.00140674
2.44538 0.278481 1.00066 0.000103246 -0.00142088
2.47059 0.278481 1.00067 0.000124759 -0.00142709
2.4958 0.278481 1.00067 0.000144968 -0.00142569
2.52101 0.278481 1.00067 0.00016358 -0.00141697
2.54622 0.278481 1.00067 0.000180343 -0.00140123
2.57143 0.278481 1.00066 0.000195052 -0.00137876
2.59664 0.278481 1.00066 0.000207533 -0.0013498
2.62185 0.278481 1.00065 0.000217646 -0.0013146
2.64706 0.278481 1.00065 0.000225278 -0.00127332
2.67227 0.278481 1.00064 0.000230332 -0.00122611
2.69748 0.278481 1.00063 0.000232724 -0.00117304
2.72269 0.278481 1.00061 0.000232374 -0.00111412
2.7479 0.278481 1.0006 0.000229195 -0.00104928
2.77311 0.278481 1.00059 0.000223088 -0.00097838
2.79832 0.278481 1.00057 0.00021393 -0.000901207
2.82353 0.278481 1.00056 0.000201565 -0.000817448
2.84874 0.278481 1.00054 0.000185791 -0.000726703
2.87395 0.278481 1.00052 0.000166352 -0.000628474
2.89916 0.278481 1.0005 0.000142928 -0.000522158
2.92437 0.278481 1.00048 0.000115118 -0.000407043
2.94958 0.278481 1.00045 8.24354e-05 -0.000282302
2.97479 0.278481 1.00043 4.43001e-05 -0.000146982
3 0.278481 1.0004 0 0

0 0.303797 1 0.3 0
0.0252101 0.303797 1.29548 0.229605 0.0165425
0.0504202 0.303797 1.47307 0.201558 0.0318377
0.0756303 0.303797 1.53002 0.194905 0.044619
0.10084 0.303797 1.54054 0.194455 0.0547745
0.12605 0.303797 1.53986 0.194872 0.0625187
0.151261 0.303797 1.5363 0.194833 0.0681351
0.176471 0.303797 1.53148 0.19397 0.0719498
0.201681 0.303797 1.52586 0.192152 0.0742994
0.226891 0.303797 1.51974 0.189347 0.0755009
0.252101 0.303797 1.51336 0.185584 0.0758328
0.277311 0.303797 1.50689 0.180937 0.0755264
0.302521 0.303797 1.50047 0.1755 0.0747663
0.327731 0.303797 1.4942 0.169377 0.0736931
0.352941 0.303797 1.48815 0.162673 0.07241
0.378151 0.303797 1.48236 0.155488 0.0709893
0.403361 0.303797 1.47687 0.147917 0.0694779
0.428571 0.303797 1.4717 0.140044 0.0679035
0.453782 0.303797 1.46687 0.131945 0.066279
0.478992 0.303797 1.46238 0.123689 0.0646061
0.504202 0.303797 1.45825 0.115338 0.0628783
0.529412 0.303797 1.45449 0.106948 0.0610833
0.554622 0.303797 1.45108 0.0985701 0.0592048
0.579832 0.303797 1.44805 0.0902515 0.0572237
0.605042 0.303797 1.44539 0.0820374 0.0551193
0.630252 0.303797 1.4431 0.0739706 0.0528701
0.655462 0.303797 1.44119 0.0660928 0.0504546
0.680672 0.303797 1.43966 0.0584445 0.0478522
0.705882 0.303797 1.43851 0.0510663 0.0450438
0.731092 0.303797 1.43774 0.0439985 0.0420126
0.756303 0.303797 1.43736 0.0372816 0.0387453
0.781513 0.303797 1.43737 0.0309569 0.0352332
0.806723 0.303797 1.43776 0.0250657 0.0314731
0.831933 0.303797 1.43858 0.0196528 0.0274695
0.857143 0.303797 1.43973 0.0147605 0.0232357
0.882353 0.303797 1.4414 0.010441 0.0187973
0.907563 0.303797 1.44333 0.00674013 0.0141906
0.932773 0.303797 1.44593 0.00372267 0.00947253
0.957983 0.303797 1.44867 0.00144768 0.00471019
0.983193 0.303797 1.4523 0 0
1.0084 0.303797 0 0 0
1.03361 0.303797 0 0 0
1.05882 0.303797 0 0 0
1.08403 0.303797 0 0 0
1.10924 0.303797 0 0 0
1.13445 0.303797 0 0 0
1.15966 0.303797 0 0 0
1.18487 0.303797 0 0 0
1.21008 0.303797 0 0 0
1.23529 0.303797 0 0 0
1.2605 0.303797 0 0 0
1.28571 0.303797 0 0 0
1.31092 0.303797 0 0 0
1.33613 0.303797 0 0 0
1.36134 0.303797 0 0 0
1.38655 0.303797 0 0 0
1.41176 0.303797 0 0 0
1.43697 0.303797 0 0 0
1.46218 0.303797 0 0 0
1.48739 0.303797 0 0 0
1.51261 0.303797 0 0 0
1.53782 0.303797 0 0 0
1.56303 0.303797 0 0 0
1.58824 0.303797 0 0 0
1.61345 0.303797 0 0 0
1.63866 0.303797 0 0 0
1.66387 0.303797 0 0 0
1.68908 0.303797 0 0 0
1.71429 0.303797 0 0 0
1.7395 0.303797 0 0 0
1.76471 0.303797 0 0 0
1.78992 0.303797 0 0 0
1.81513 0.303797 0 0 0
1.84034 0.303797 0 0 0
1.86555 0.303797 0 0 0
1.89076 0.303797 0 0 0
1.91597 0.303797 0 0 0
1.94118 0.303797 0 0 0
1.96639 0.303797 0 0 0
1.9916 0.303797 0 0 0
2.01681 0.303797 1.00033 0 0
2.04202 0.303797 1.00037 -3.59531e-05 -0.000163933
2.06723 0.303797 1.0004 -6.35886e-05 -0.000318388
2.09244 0.303797 1.00044 -8.33857e-05 -0.000463643
2.11765 0.303797 1.00047 -9.58594e-05 -0.000599816
2.14286 0.303797 1.0005 -0.000101558 -0.000726906
2.16807 0.303797 1.00054 -0.000101068 -0.000844825
2.19328 0.303797 1.00057 -9.50146e-05 -0.000953439
2.21849 0.303797 1.00059 -8.40536e-05 -0.0010526
2.2437 0.303797 1.00062 -6.88654e-05 -0.00114217
2.26891 0.303797 1.00065 -5.01435e-05 -0.00122205
2.29412 0.303797 1.00067 -2.85832e-05 -0.0012922
2.31933 0.303797 1.00069 -4.86964e-06 -0.00135261
2.34454 0.303797 1.0007 2.03342e-05 -0.00140337
2.36975 0.303797 1.00072 4.63973e-05 -0.00144461
2.39496 0.303797 1.00073 7.27299e-05 -0.00147654
2.42017 0.303797 1.00074 9.879e-05 -0.00149941
2.44538 0.303797 1.00075 0.000124088 -0.00151351
2.47059 0.303797 1.00075 0.00014819 -0.00151916
2.4958 0.303797 1.00075 0.000170717 -0.00151672
2.52101 0.303797 1.00075 0.000191346 -0.00150653
2.54622 0.303797 1.00075 0.000209806 -0.00148894
2.57143 0.303797 1.00075 0.000225873 -0.00146427
2.59664 0.303797 1.00074 0.000239368 -0.00143282
2.62185 0.303797 1.00073 0.000250145 -0.00139486
2.64706 0.303797 1.00072 0.000258091 -0.00135058
2.67227 0.303797 1.00071 0.000263112 -0.00130014
2.69748 0.303797 1.0007 0.000265127 -0.00124362
2.72269 0.303797 1.00069 0.000264061 -0.00118102
2.7479 0.303797 1.00067 0.00025983 -0.00111227
2.77311 0.303797 1.00066 0.000252336 -0.0010372
2.79832 0.303797 1.00064 0.000241457 -0.000955566
2.82353 0.303797 1.00062 0.000227031 -0.000867005
2.84874 0.303797 1.0006 0.000208847 -0.00077106
2.87395 0.303797 1.00058 0.000186637 -0.00066716
2.89916 0.303797 1.00056 0.000160057 -0.00055462
2.92437 0.303797 1.00053 0.000128681 -0.000432635
2.94958 0.303797 1.0005 9.19857e-05 -0.00030027
2.97479 0.303797 1.00048 4.9349e-05 -0.00015646
3 0.303797 1.00045 0 0

0 0.329114 1 0.3 0
0.0252101 0.329114 1.28833 0.230867 0.0156641
0.0504202 0.329114 1.46125 0.202931 0.0303728
0.0756303 0.329114 1.51787 0.195869 0.0430402
0.10084 0.329114 1.5292 0.195034 0.0535066
0.12605 0.329114 1.52941 0.195222 0.0618822
0.151261 0.329114 1.5268 0.195117 0.0683453
0.176471 0.329114 1.52297 0.194342 0.0731245
0.201681 0.329114 1.51835 0.192743 0.0764751
0.226891 0.329114 1.51319 0.190254 0.0786523
0.252101 0.329114 1.50768 0.18687 0.0798923
0.277311 0.329114 1.50201 0.182629 0.0804012
0.302521 0.329114 1.49629 0.177596 0.0803509
0.327731 0.329114 1.49063 0.171852 0.079879
0.352941 0.329114 1.4851 0.165486 0.0790916
0.378151 0.329114 1.47976 0.158588 0.0780674
0.403361 0.329114 1.47465 0.151246 0.0768618
0.428571 0.329114 1.4698 0.143541 0.0755115
0.453782 0.329114 1.46524 0.135551 0.0740377
0.478992 0.329114 1.46099 0.127348 0.0724501
0.504202 0.329114 1.45705 0.118996 0.0707492
0.529412 0.329114 1.45344 0.110557 0.0689284
0.554622 0.329114 1.45017 0.102087 0.0669759
0.579832 0.329114 1.44724 0.0936395 0.0648764
0.605042 0.329114 1.44467 0.0852633 0.0626119
0.630252 0.329114 1.44245 0.0770067 0.0601629
0.655462 0.329114 1.44059 0.0689161 0.0575091
0.680672 0.329114 1.4391 0.0610368 0.0546306
0.705882 0.329114 1.43799 0.0534134 0.0515086
0.731092 0.329114 1.43725 0.0460905 0.0481259
0.756303 0.329114 1.4369 0.0391129 0.0444685
0.781513 0.329114 1.43695 0.0325261 0.0405264
0.806723 0.329114 1.43738 0.0263757 0.0362947
0.831933 0.329114 1.43825 0.020711 0.0317757
0.857143 0.329114 1.43947 0.0155792 0.0269794
0.882353 0.329114 1.44122 0.0110376 0.0219267
0.907563 0.329114 1.44325 0.00713819 0.0166484
0.932773 0.329114 1.44596 0.00395088 0.0111924
0.957983 0.329114 1.44887 0.0015414 0.00561606
0.983193 0.329114 1.45264 0 0
1.0084 0.329114 0 0 0
1.03361 0.329114 0 0 0
1.05882 0.329114 0 0 0
1.08403 0.329114 0 0 0
1.10924 0.329114 0 0 0
1.13445 0.329114 0 0 0
1.15966 0.329114 0 0 0
1.18487 0.329114 0 0 0
1.21008 0.329114 0 0 0
1.23529 0.329114 0 0 0
1.2605 0.329114 0 0 0
1.28571 0.329114 0 0 0
1.31092 0.329114 0 0 0
1.33613 0.329114 0 0 0
1.36134 0.329114 0 0 0
1.38655 0.329114 0 0 0
1.41176 0.329114 0 0 0
1.43697 0.329114 0 0 0
1.46218 0.329114 0 0 0
1.48739 0.329114 0 0 0
1.51261 0.329114 0 0 0
1.53782 0.329114 0 0 0
1.56303 0.329114 0 0 0
1.58824 0.329114 0 0 0
1.61345 0.329114 0 0 0
1.63866 0.329114 0 0 0
1.66387 0.329114 0 0 0
1.68908 0.329114 0 0 0
1.71429 0.329114 0 0 0
1.7395 0.329114 0 0 0
1.76471 0.329114 0 0 0
1.78992 0.329114 0 0 0
1.81513 0.329114 0 0 0
1.84034 0.329114 0 0 0
1.86555 0.329114 0 0 0
1.89076 0.329114 0 0 0
1.91597 0.329114 0 0 0
1.94118 0.329114 0 0 0
1.96639 0.329114 0 0 0
1.9916 0.329114 0 0 0
2.01681 0.329114 1.00037 0 0
2.04202 0.329114 1.00041 -3.95661e-05 -0.000175716
2.06723 0.329114 1.00045 -6.98425e-05 -0.000341437
2.09244 0.329114 1.00049 -9.13355e-05 -0.000497399
2.11765 0.329114 1.00052 -0.000104602 -0.000643671
2.14286 0.329114 1.00056 -0.000110244 -0.000780191
2.16807 0.329114 1.0006 -0.000108921 -0.000906817
2.19328 0.329114 1.00063 -0.000101339 -0.00102336
2.21849 0.329114 1.00066 -8.82505e-05 -0.00112962
2.2437 0.329114 1.00069 -7.04378e-05 -0.00122544
2.26891 0.329114 1.00072 -4.87019e-05 -0.00131069
2.29412 0.329114 1.00075 -2.38459e-05 -0.00138533
2.31933 0.329114 1.00077 3.34012e-06 -0.00144936
2.34454 0.329114 1.00079 3.20932e-05 -0.00150288
2.36975 0.329114 1.0008 6.16906e-05 -0.00154608
2.39496 0.329114 1.00082 9.14598e-05 -0.0015792
2.42017 0.329114 1.00083 0.000120787 -0.00160255
2.44538 0.329114 1.00083 0.000149121 -0.00161647
2.47059 0.329114 1.00084 0.000175978 -0.00162135
2.4958 0.329114 1.00084 0.00020094 -0.00161759
2.52101 0.329114 1.00084 0.000223654 -0.00160562
2.54622 0.329114 1.00084 0.000243828 -0.00158583
2.57143 0.329114 1.00083 0.000261226 -0.0015586
2.59664 0.329114 1.00082 0.000275661 -0.00152426
2.62185 0.329114 1.00082 0.000286988 -0.00148312
2.64706 0.329114 1.00081 0.000295095 -0.00143542
2.67227 0.329114 1.00079 0.000299895 -0.00138131
2.69748 0.329114 1.00078 0.000301315 -0.00132089
2.72269 0.329114 1.00076 0.000299287 -0.00125416
2.7479 0.329114 1.00075 0.000293736 -0.00118104
2.77311 0.329114 1.00073 0.00028457 -0.00110134
2.79832 0.329114 1.00071 0.000271666 -0.00101476
2.82353 0.329114 1.00069 0.000254864 -0.000920911
2.84874 0.329114 1.00067 0.000233948 -0.000819254
2.87395 0.329114 1.00064 0.000208635 -0.00070915
2.89916 0.329114 1.00062 0.000178565 -0.000589823
2.92437 0.329114 1.00059 0.000143285 -0.000460365
2.94958 0.329114 1.00056 0.000102237 -0.000319726
2.97479 0.329114 1.00053 5.4753e-05 -0.000166718
3 0.329114 1.0005 0 0

0 0.35443 1 0.3 0
0.0252101 0.35443 1.28213 0.231985 0.0149607
0.0504202 0.35443 1.451 0.204173 0.0291873
0.0756303 0.35443 1.50721 0.196774 0.0417364
0.10084 0.35443 1.51908 0.195593 0.05243
0.12605 0.35443 1.51991 0.195541 0.0613123
0.151261 0.35443 1.51798 0.195317 0.0684869
0.176471 0.35443 1.5149 0.194545 0.0741073
0.201681 0.35443 1.51106 0.193063 0.0783606
0.226891 0.35443 1.50667 0.190783 0.0814464
0.252101 0.35443 1.5019 0.187676 0.0835588
0.277311 0.35443 1.4969 0.183752 0.0848751
0.302521 0.35443 1.4918 0.179052 0.0855496
0.327731 0.35443 1.48668 0.173635 0.085711
0.352941 0.35443 1.48163 0.167573 0.0854632
0.378151 0.35443 1.47671 0.160944 0.0848865
0.403361 0.35443 1.47196 0.153828 0.084041
0.428571 0.35443 1.46743 0.146303 0.0829692
0.453782 0.35443 1.46313 0.138444 0.0816989
0.478992 0.35443 1.4591 0.130322 0.0802461
0.504202 0.35443 1.45536 0.122006 0.0786171
0.529412 0.35443 1.45191 0.113558 0.0768108
0.554622 0.35443 1.44877 0.10504 0.0748199
0.579832 0.35443 1.44596 0.0965065 0.0726328
0.605042 0.35443 1.44348 0.0880129 0.0702345
0.630252 0.35443 1.44135 0.0796112 0.0676075
0.655462 0.35443 1.43956 0.0713517 0.0647331
0.680672 0.35443 1.43814 0.063284 0.0615921
0.705882 0.35443 1.43708 0.0554567 0.0581656
0.731092 0.35443 1.43639 0.0479186 0.0544365
0.756303 0.35443 1.43609 0.0407182 0.05039
0.781513 0.35443 1.43618 0.0339052 0.0460146
0.806723 0.35443 1.43666 0.0275297 0.041304
0.831933 0.35443 1.43757 0.0216452 0.0362576
0.857143 0.35443 1.43886 0.0163038 0.030882
0.882353 0.35443 1.44068 0.0115673 0.0251934
0.907563 0.35443 1.44281 0.00749327 0.0192166
0.932773 0.35443 1.44562 0.00415616 0.0129907
0.957983 0.35443 1.44866 0.00162701 0.00656305
0.983193 0.35443 1.45256 0 0
1.0084 0.35443 0 0 0
1.03361 0.35443 0 0 0
1.05882 0.35443 0 0 0
1.08403 0.35443 0 0 0
1.10924 0.35443 0 0 0
1.13445 0.35443 0 0 0
1.15966 0.35443 0 0 0
1.18487 0.35443 0 0 0
1.21008 0.35443 0 0 0
1.23529 0.35443 0 0 0
1.2605 0.35443 0 0 0
1.28571 0.35443 0 0 0
1.31092 0.35443 0 0 0
1.33613 0.35443 0 0 0
1.36134 0.35443 0 0 0
1.38655 0.35443 0 0 0
1.41176 0.35443 0 0 0
1.43697 0.35443 0 0 0
1.46218 0.35443 0 0 0
1.48739 0.35443 0 0 0
1.51261 0.35443 0 0 0
1.53782 0.35443 0 0 0
1.56303 0.35443 0 0 0
1.58824 0.35443 0 0 0
1.61345 0.35443 0 0 0
1.63866 0.35443 0 0 0
1.66387 0.35443 0 0 0
1.68908 0.35443 0 0 0
1.71429 0.35443 0 0 0
1.7395 0.35443 0 0 0
1.76471 0.35443 0 0 0
1.78992 0.35443 0 0 0
1.81513 0.35443 0 0 0
1.84034 0.35443 0 0 0
1.86555 0.35443 0 0 0
1.89076 0.35443 0 0 0
1.91597 0.35443 0 0 0
1.94118 0.35443 0 0 0
1.96639 0.35443 0 0 0
1.9916 0.35443 0 0 0
2.01681 0.35443 1.00041 0 0
2.04202 0.35443 1.00045 -4.32791e-05 -0.00018877
2.06723 0.35443 1.00049 -7.62104e-05 -0.000367014
2.09244 0.35443 1.00054 -9.9325e-05 -0.000534914
2.11765 0.35443 1.00058 -0.000113223 -0.000692469
2.14286 0.35443 1.00062 -0.000118569 -0.000839543
2.16807 0.35443 1.00066 -0.0001161 -0.000975913
2.19328 0.35443 1.0007 -0.00010662 -0.00110132
2.21849 0.35443 1.00074 -9.09878e-05 -0.00121551
2.2437 0.35443 1.00077 -7.01058e-05 -0.00131828
2.26891 0.35443 1.0008 -4.48973e-05 -0.00140947
2.29412 0.35443 1.00083 -1.62882e-05 -0.00148903
2.31933 0.35443 1.00086 1.48122e-05 -0.00155699
2.34454 0.35443 1.00088 4.7529e-05 -0.00161348
2.36975 0.35443 1.00089 8.10373e-05 -0.00165871
2.39496 0.35443 1.00091 0.000114574 -0.001693
2.42017 0.35443 1.00092 0.000147447 -0.0017167
2.44538 0.35443 1.00093 0.000179041 -0.00173025
2.47059 0.35443 1.00093 0.000208819 -0.00173409
2.4958 0.35443 1.00093 0.000236323 -0.00172871
2.52101 0.35443 1.00093 0.000261171 -0.0017146
2.54622 0.35443 1.00093 0.000283054 -0.00169221
2.57143 0.35443 1.00092 0.000301724 -0.00166198
2.59664 0.35443 1.00091 0.000316992 -0.00162432
2.62185 0.35443 1.0009 0.000328716 -0.00157955
2.64706 0.35443 1.00089 0.000336792 -0.00152795
2.67227 0.35443 1.00088 0.000341143 -0.0014697
2.69748 0.35443 1.00086 0.000341708 -0.00140492
2.72269 0.35443 1.00085 0.000338432 -0.00133359
2.7479 0.35443 1.00083 0.000331251 -0.00125563
2.77311 0.35443 1.00081 0.000320084 -0.00117082
2.79832 0.35443 1.00079 0.000304814 -0.00107882
2.82353 0.35443 1.00076 0.000285283 -0.000979172
2.84874 0.35443 1.00074 0.000261273 -0.000871293
2.87395 0.35443 1.00071 0.000232493 -0.000754452
2.89916 0.35443 1.00068 0.000198565 -0.000627776
2.92437 0.35443 1.00066 0.000159013 -0.000490244
2.94958 0.35443 1.00062 0.000113242 -0.000340684
2.97479 0.35443 1.00059 6.05369e-05 -0.000177766
3 0.35443 1.00056 0 0

0 0.379747 1 0.3 0
0.0252101 0.379747 1.27664 0.232992 0.0144036
0.0504202 0.379747 1.44195 0.205314 0.0282436
0.0756303 0.379747 1.49771 0.197636 0.0406897
0.10084 0.379747 1.50995 0.196148 0.0515611
0.12605 0.379747 1.51121 0.19586 0.0608613
0.151261 0.379747 1.50978 0.195488 0.0686418
0.176471 0.379747 1.50726 0.194664 0.074999
0.201681 0.379747 1.50402 0.193222 0.0800647
0.226891 0.379747 1.50024 0.191067 0.0839898
0.252101 0.379747 1.49607 0.188151 0.086929
0.277311 0.379747 1.49164 0.184464 0.0890301
0.302521 0.379747 1.48706 0.180026 0.0904272
0.327731 0.379747 1.48242 0.174879 0.0912363
0.352941 0.379747 1.4778 0.169079 0.0915548
0.378151 0.379747 1.47326 0.162692 0.0914611
0.403361 0.379747 1.46885 0.155788 0.0910166
0.428571 0.379747 1.46462 0.14844 0.0902669
0.453782 0.379747 1.4606 0.14072 0.0892443
0.478992 0.379747 1.45681 0.132697 0.0879698
0.504202 0.379747 1.45328 0.12444 0.0864543
0.529412 0.379747 1.45002 0.116013 0.084701
0.554622 0.379747 1.44705 0.107479 0.0827065
0.579832 0.379747 1.44438 0.0988969 0.0804621
0.605042 0.379747 1.442 0.0903243 0.0779556
0.630252 0.379747 1.43995 0.0818163 0.0751718
0.655462 0.379747 1.43822 0.0734268 0.0720936
0.680672 0.379747 1.43684 0.0652089 0.0687029
0.705882 0.379747 1.43583 0.057215 0.0649814
0.731092 0.379747 1.43518 0.0494977 0.0609117
0.756303 0.379747 1.43492 0.0421095 0.056478
0.781513 0.379747 1.43505 0.0351041 0.0516678
0.806723 0.379747 1.43558 0.0285356 0.0464725
0.831933 0.379747 1.43655 0.0224617 0.0408887
0.857143 0.379747 1.4379 0.0169392 0.0349195
0.882353 0.379747 1.43978 0.0120337 0.0285763
0.907563 0.379747 1.442 0.00780787 0.0218775
0.932773 0.379747 1.44488 0.0043399 0.0148542
0.957983 0.379747 1.44803 0.00170501 0.00754401
0.983193 0.379747 1.45202 0 0
1.0084 0.379747 0 0 0
1.03361 0.379747 0 0 0
1.05882 0.379747 0 0 0
1.08403 0.379747 0 0 0
1.10924 0.379747 0 0 0
1.13445 0.379747 0 0 0
1.15966 0.379747 0 0 0
1.18487 0.379747 0 0 0
1.21008 0.379747 0 0 0
1.23529 0.379747 0 0 0
1.2605 0.379747 0 0 0
1.28571 0.379747 0 0 0
1.31092 0.379747 0 0 0
1.33613 0.379747 0 0 0
1.36134 0.379747 0 0 0
1.38655 0.379747 0 0 0
1.41176 0.379747 0 0 0
1.43697 0.379747 0 0 0
1.46218 0.379747 0 0 0
1.48739 0.379747 0 0 0
1.51261 0.379747 0 0 0
1.53782 0.379747 0 0 0
1.56303 0.379747 0 0 0
1.58824 0.379747 0 0 0
1.61345 0.379747 0 0 0
1.63866 0.379747 0 0 0
1.66387 0.379747 0 0 0
1.68908 0.379747 0 0 0
1.71429 0.379747 0 0 0
1.7395 0.379747 0 0 0
1.76471 0.379747 0 0 0
1.78992 0.379747 0 0 0
1.81513 0.379747 0 0 0
1.84034 0.379747 0 0 0
1.86555 0.379747 0 0 0
1.89076 0.379747 0 0 0
1.91597 0.379747 0 0 0
1.94118 0.379747 0 0 0
1.96639 0.379747 0 0 0
1.9916 0.379747 0 0 0
2.01681 0.379747 1.00045 0 0
2.04202 0.379747 1.0005 -4.70847e-05 -0.000203196
2.06723 0.379747 1.00055 -8.26657e-05 -0.000395327
2.09244 0.379747 1.00059 -0.000107295 -0.000576504
2.11765 0.379747 1.00064 -0.000121618 -0.000746634
2.14286 0.379747 1.00069 -0.000126369 -0.000905479
2.16807 0.379747 1.00074 -0.000122374 -0.00105272
2.19328 0.379747 1.00078 -0.000110549 -0.001188
2.21849 0.379747 1.00082 -9.18794e-05 -0.001311
2.2437 0.379747 1.00086 -6.74047e-05 -0.00142144
2.26891 0.379747 1.00089 -3.81897e-05 -0.00151916
2.29412 0.379747 1.00092 -5.3012e-06 -0.00160409
2.31933 0.379747 1.00095 3.0216e-05 -0.00167627
2.34454 0.379747 1.00097 6.73614e-05 -0.00173588
2.36975 0.379747 1.00099 0.000105197 -0.00178319
2.39496 0.379747 1.00101 0.000142859 -0.00181857
2.42017 0.379747 1.00102 0.000179573 -0.00184246
2.44538 0.379747 1.00103 0.000214655 -0.00185538
2.47059 0.379747 1.00103 0.000247514 -0.00185786
2.4958 0.379747 1.00103 0.000277653 -0.00185048
2.52101 0.379747 1.00103 0.000304663 -0.0018338
2.54622 0.379747 1.00103 0.000328219 -0.00180836
2.57143 0.379747 1.00102 0.000348068 -0.00177467
2.59664 0.379747 1.00101 0.000364023 -0.00173319
2.62185 0.379747 1.001 0.000375949 -0.00168429
2.64706 0.379747 1.00099 0.000383756 -0.00162829
2.67227 0.379747 1.00097 0.000387382 -0.00156541
2.69748 0.379747 1.00095 0.000386785 -0.00149576
2.72269 0.379747 1.00093 0.000381925 -0.00141934
2.7479 0.379747 1.00091 0.000372757 -0.00133605
2.77311 0.379747 1.00089 0.000359213 -0.00124563
2.79832 0.379747 1.00087 0.00034119 -0.00114771
2.82353 0.379747 1.00084 0.000318533 -0.00104178
2.84874 0.379747 1.00081 0.000291027 -0.000927166
2.87395 0.379747 1.00079 0.000258374 -0.000803057
2.89916 0.379747 1.00076 0.000220184 -0.000668474
2.92437 0.379747 1.00073 0.000175954 -0.000522274
2.94958 0.379747 1.00069 0.000125056 -0.000363146
2.97479 0.379747 1.00066 6.67275e-05 -0.000189607
3 0.379747 1.00062 0 0

0 0.405063 1 0.3 0
0.0252101 0.405063 1.27171 0.233913 0.0139694
0.0504202 0.405063 1.43382 0.206377 0.0275085
0.0756303 0.405063 1.48912 0.198468 0.0398777
0.10084 0.405063 1.50162 0.19671 0.0509014
0.12605 0.405063 1.50319 0.196199 0.0605584
0.151261 0.405063 1.5021 0.195665 0.0688645
0.176471 0.405063 1.49999 0.194751 0.0758734
0.201681 0.405063 1.49722 0.193296 0.0816724
0.226891 0.405063 1.49392 0.191199 0.0863708
0.252101 0.405063 1.49024 0.188402 0.0900879
0.277311 0.405063 1.48627 0.184882 0.092943
0.302521 0.405063 1.48214 0.180642 0.0950487
0.327731 0.405063 1.47791 0.175709 0.0965064
0.352941 0.405063 1.47367 0.170126 0.0974041
0.378151 0.405063 1.46947 0.163947 0.0978155
0.403361 0.405063 1.46537 0.157235 0.0978001
0.428571 0.405063 1.46141 0.150054 0.0974043
0.453782 0.405063 1.45761 0.142471 0.0966625
0.478992 0.405063 1.454 0.134556 0.0955987
0.504202 0.405063 1.45061 0.126372 0.0942279
0.529412 0.405063 1.44746 0.117986 0.0925571
0.554622 0.405063 1.4446 0.109461 0.0905872
0.579832 0.405063 1.44204 0.100856 0.0883128
0.605042 0.405063 1.43979 0.0922336 0.0857241
0.630252 0.405063 1.43788 0.0836505 0.0828074
0.655462 0.405063 1.43629 0.0751641 0.0795464
0.680672 0.405063 1.43504 0.0668302 0.0759233
0.705882 0.405063 1.43412 0.0587043 0.0719199
0.731092 0.405063 1.43356 0.050842 0.0675183
0.756303 0.405063 1.43337 0.0432993 0.0627021
0.781513 0.405063 1.43356 0.0361334 0.0574574
0.806723 0.405063 1.43414 0.0294025 0.0517734
0.831933 0.405063 1.43516 0.0231679 0.0456444
0.857143 0.405063 1.43657 0.017491 0.0390695
0.882353 0.405063 1.4385 0.012441 0.0320555
0.907563 0.405063 1.44079 0.0080848 0.0246151
0.932773 0.405063 1.44374 0.00450365 0.0167712
0.957983 0.405063 1.44698 0.00177597 0.0085524
0.983193 0.405063 1.45105 0 0
1.0084 0.405063 0 0 0
1.03361 0.405063 0 0 0
1.05882 0.405063 0 0 0
1.08403 0.405063 0 0 0
1.10924 0.405063 0 0 0
1.13445 0.405063 0 0 0
1.15966 0.405063 0 0 0
1.18487 0.405063 0 0 0
1.21008 0.405063 0 0 0
1.23529 0.405063 0 0 0
1.2605 0.405063 0 0 0
1.28571 0.405063 0 0 0
1.31092 0.405063 0 0 0
1.33613 0.405063 0 0 0
1.36134 0.405063 0 0 0
1.38655 0.405063 0 0 0
1.41176 0.405063 0 0 0
1.43697 0.405063 0 0 0
1.46218 0.405063 0 0 0
1.48739 0.405063 0 0 0
1.51261 0.405063 0 0 0
1.53782 0.405063 0 0 0
1.56303 0.405063 0 0 0
1.58824 0.405063 0 0 0
1.61345 0.405063 0 0 0
1.63866 0.405063 0 0 0
1.66387 0.405063 0 0 0
1.68908 0.405063 0 0 0
1.71429 0.405063 0 0 0
1.7395 0.405063 0 0 0
1.76471 0.405063 0 0 0
1.78992 0.405063 0 0 0
1.81513 0.405063 0 0 0
1.84034 0.405063 0 0 0
1.86555 0.405063 0 0 0
1.89076 0.405063 0 0 0
1.91597 0.405063 0 0 0
1.94118 0.405063 0 0 0
1.96639 0.405063 0 0 0
1.9916 0.405063 0 0 0
2.01681 0.405063 1.00049 0 0
2.04202 0.405063 1.00054 -5.09718e-05 -0.000219108
2.06723 0.405063 1.0006 -8.9172e-05 -0.000426614
2.09244 0.405063 1.00065 -0.000115167 -0.000622532
2.11765 0.405063 1.00071 -0.000129652 -0.00080665
2.14286 0.405063 1.00076 -0.000133437 -0.000978598
2.16807 0.405063 1.00081 -0.000127453 -0.00113793
2.19328 0.405063 1.00086 -0.000112747 -0.00128417
2.21849 0.405063 1.00091 -9.04526e-05 -0.0014169
2.2437 0.405063 1.00095 -6.17696e-05 -0.0015358
2.26891 0.405063 1.00099 -2.79272e-05 -0.00164064
2.29412 0.405063 1.00102 9.84537e-06 -0.00173137
2.31933 0.405063 1.00105 5.03495e-05 -0.00180805
2.34454 0.405063 1.00108 9.24432e-05 -0.0018709
2.36975 0.405063 1.0011 0.000135062 -0.00192027
2.39496 0.405063 1.00111 0.000177237 -0.0019566
2.42017 0.405063 1.00113 0.000218101 -0.00198045
2.44538 0.405063 1.00113 0.0002569 -0.00199241
2.47059 0.405063 1.00114 0.000292991 -0.00199315
2.4958 0.405063 1.00114 0.000325837 -0.00198332
2.52101 0.405063 1.00114 0.000355007 -0.00196359
2.54622 0.405063 1.00113 0.000380165 -0.00193458
2.57143 0.405063 1.00112 0.000401057 -0.00189689
2.59664 0.405063 1.00111 0.000417504 -0.00185104
2.62185 0.405063 1.0011 0.000429387 -0.00179747
2.64706 0.405063 1.00108 0.000436633 -0.00173654
2.67227 0.405063 1.00107 0.000439204 -0.00166849
2.69748 0.405063 1.00105 0.00043708 -0.00159344
2.72269 0.405063 1.00103 0.000430247 -0.00151141
2.7479 0.405063 1.001 0.00041868 -0.00142227
2.77311 0.405063 1.00098 0.000402332 -0.00132575
2.79832 0.405063 1.00095 0.000381114 -0.00122141
2.82353 0.405063 1.00093 0.000354886 -0.00110869
2.84874 0.405063 1.0009 0.000323434 -0.000986838
2.87395 0.405063 1.00087 0.000286458 -0.000854937
2.89916 0.405063 1.00083 0.000243558 -0.000711896
2.92437 0.405063 1.0008 0.000194207 -0.00055644
2.94958 0.405063 1.00076 0.000137743 -0.000387106
2.97479 0.405063 1.00073 7.33533e-05 -0.000202242
3 0.405063 1.00069 0 0

0 0.43038 1 0.3 0
0.0252101 0.43038 1.26721 0.234766 0.0136385
0.0504202 0.43038 1.42641 0.207379 0.0269529
0.0756303 0.43038 1.48126 0.199278 0.0392768
0.10084 0.43038 1.49394 0.197284 0.0504434
0.12605 0.43038 1.49572 0.196566 0.0604175
0.151261 0.43038 1.49487 0.195868 0.0691903
0.176471 0.43038 1.49306 0.194843 0.0767834
0.201681 0.43038 1.49063 0.193334 0.0832489
0.226891 0.43038 1.48771 0.191244 0.0886613
0.252101 0.43038 1.48441 0.188509 0.0931083
0.277311 0.43038 1.48083 0.185094 0.0966827
0.302521 0.43038 1.47707 0.180994 0.099476
0.327731 0.43038 1.47319 0.176223 0.101574
0.352941 0.43038 1.46928 0.170812 0.103053
0.378151 0.43038 1.4654 0.164805 0.103981
0.403361 0.43038 1.4616 0.158256 0.104414
0.428571 0.43038 1.45793 0.151223 0.104398
0.453782 0.43038 1.45443 0.143768 0.103968
0.478992 0.43038 1.45115 0.135957 0.103149
0.504202 0.43038 1.44808 0.127854 0.101958
0.529412 0.43038 1.44523 0.119524 0.100404
0.554622 0.43038 1.44259 0.111028 0.0984883
0.579832 0.43038 1.44017 0.102429 0.0962078
0.605042 0.43038 1.43797 0.0937865 0.0935551
0.630252 0.43038 1.43605 0.0851587 0.0905194
0.655462 0.43038 1.43442 0.0766048 0.0870865
0.680672 0.43038 1.43314 0.0681837 0.0832399
0.705882 0.43038 1.43221 0.0599541 0.0789618
0.731092 0.43038 1.43166 0.051975 0.0742337
0.756303 0.43038 1.43149 0.0443059 0.0690379
0.781513 0.43038 1.43172 0.0370076 0.0633587
0.806723 0.43038 1.43234 0.0301414 0.0571831
0.831933 0.43038 1.43341 0.0237726 0.0505022
0.857143 0.43038 1.43487 0.0179659 0.0433116
0.882353 0.43038 1.43685 0.0127939 0.0356133
0.907563 0.43038 1.4392 0.00832712 0.0274143
0.932773 0.43038 1.44221 0.00464906 0.0187307
0.957983 0.43038 1.44551 0.00184048 0.00958229
0.983193 0.43038 1.44962 0 0
1.0084 0.43038 0 0 0
1.03361 0.43038 0 0 0
1.05882 0.43038 0 0 0
1.08403 0.43038 0 0 0
1.10924 0.43038 0 0 0
1.13445 0.43038 0 0 0
1.15966 0.43038 0 0 0
1.18487 0.43038 0 0 0
1.21008 0.43038 0 0 0
1.23529 0.43038 0 0 0
1.2605 0.43038 0 0 0
1.28571 0.43038 0 0 0
1.31092 0.43038 0 0 0
1.33613 0.43038 0 0 0
1.36134 0.43038 0 0 0
1.38655 0.43038 0 0 0
1.41176 0.43038 0 0 0
1.43697 0.43038 0 0 0
1.46218 0.43038 0 0 0
1.48739 0.43038 0 0 0
1.51261 0.43038 0 0 0
1.53782 0.43038 0 0 0
1.56303 0.43038 0 0 0
1.58824 0.43038 0 0 0
1.61345 0.43038 0 0 0
1.63866 0.43038 0 0 0
1.66387 0.43038 0 0 0
1.68908 0.43038 0 0 0
1.71429 0.43038 0 0 0
1.7395 0.43038 0 0 0
1.76471 0.43038 0 0 0
1.78992 0.43038 0 0 0
1.81513 0.43038 0 0 0
1.84034 0.43038 0 0 0
1.86555 0.43038 0 0 0
1.89076 0.43038 0 0 0
1.91597 0.43038 0 0 0
1.94118 0.43038 0 0 0
1.96639 0.43038 0 0 0
1.9916 0.43038 0 0 0
2.01681 0.43038 1.00053 0 0
2.04202 0.43038 1.00059 -5.49243e-05 -0.000236636
2.06723 0.43038 1.00065 -9.56801e-05 -0.000461147
2.09244 0.43038 1.00072 -0.00012284 -0.000673417
2.11765 0.43038 1.00078 -0.000137152 -0.000873078
2.14286 0.43038 1.00084 -0.000139511 -0.00105959
2.16807 0.43038 1.00089 -0.000130975 -0.00123234
2.19328 0.43038 1.00095 -0.000112742 -0.00139072
2.21849 0.43038 1.001 -8.61253e-05 -0.00153418
2.2437 0.43038 1.00104 -5.25105e-05 -0.00166233
2.26891 0.43038 1.00109 -1.33199e-05 -0.00177491
2.29412 0.43038 1.00113 3.00303e-05 -0.00187186
2.31933 0.43038 1.00116 7.61659e-05 -0.00195327
2.34454 0.43038 1.00119 0.000123786 -0.00201943
2.36975 0.43038 1.00121 0.000171689 -0.00207077
2.39496 0.43038 1.00123 0.000218786 -0.00210785
2.42017 0.43038 1.00124 0.00026412 -0.00213133
2.44538 0.43038 1.00125 0.000306862 -0.00214194
2.47059 0.43038 1.00126 0.000346315 -0.00214044
2.4958 0.43038 1.00126 0.000381911 -0.00212764
2.52101 0.43038 1.00125 0.000413201 -0.00210429
2.54622 0.43038 1.00125 0.000439842 -0.00207113
2.57143 0.43038 1.00124 0.000461588 -0.00202884
2.59664 0.43038 1.00122 0.000478277 -0.00197803
2.62185 0.43038 1.00121 0.000489809 -0.00191919
2.64706 0.43038 1.00119 0.000496141 -0.00185273
2.67227 0.43038 1.00117 0.000497263 -0.00177894
2.69748 0.43038 1.00115 0.000493186 -0.00169795
2.72269 0.43038 1.00113 0.000483926 -0.00160977
2.7479 0.43038 1.0011 0.000469487 -0.00151426
2.77311 0.43038 1.00107 0.000449846 -0.00141111
2.79832 0.43038 1.00105 0.000424938 -0.00129986
2.82353 0.43038 1.00102 0.000394636 -0.00117985
2.84874 0.43038 1.00098 0.000358736 -0.00105025
2.87395 0.43038 1.00095 0.000316939 -0.000910036
2.89916 0.43038 1.00092 0.000268833 -0.000757998
2.92437 0.43038 1.00088 0.000213875 -0.000592711
2.94958 0.43038 1.00084 0.000151365 -0.000412546
2.97479 0.43038 1.0008 8.0444e-05 -0.000215661
3 0.43038 1.00076 0 0

0 0.455696 1 0.3 0
0.0252101 0.455696 1.26304 0.235567 0.0133948
0.0504202 0.455696 1.41957 0.208333 0.0265516
0.0756303 0.455696 1.47397 0.200072 0.0388639
0.10084 0.455696 1.48679 0.197873 0.0501753
0.12605 0.455696 1.48871 0.196967 0.0604427
0.151261 0.455696 1.48802 0.196108 0.0696405
0.176471 0.455696 1.48642 0.194957 0.0777664
0.201681 0.455696 1.48424 0.193369 0.0848441
0.226891 0.455696 1.48161 0.191247 0.0909191
0.252101 0.455696 1.47861 0.188525 0.0960516
0.277311 0.455696 1.47534 0.185166 0.10031
0.302521 0.455696 1.47187 0.181154 0.103766
0.327731 0.455696 1.46829 0.176496 0.106488
0.352941 0.455696 1.46466 0.171215 0.108543
0.378151 0.455696 1.46102 0.165346 0.109988
0.403361 0.455696 1.4574 0.158935 0.110874
0.428571 0.455696 1.45384 0.152035 0.111243
0.453782 0.455696 1.45035 0.144702 0.11113
0.478992 0.455696 1.44698 0.136995 0.110562
0.504202 0.455696 1.44379 0.128974 0.109559
0.529412 0.455696 1.44087 0.1207 0.108134
0.554622 0.455696 1.43827 0.112238 0.106293
0.579832 0.455696 1.43603 0.10365 0.104033
0.605042 0.455696 1.43415 0.0949987 0.101347
0.630252 0.455696 1.43258 0.0863452 0.0982239
0.655462 0.455696 1.43131 0.0777494 0.0946476
0.680672 0.455696 1.43032 0.0692709 0.0906014
0.705882 0.455696 1.42962 0.0609691 0.0860667
0.731092 0.455696 1.42923 0.0529047 0.0810249
0.756303 0.455696 1.42917 0.0451394 0.0754573
0.781513 0.455696 1.42948 0.0377371 0.069347
0.806723 0.455696 1.43017 0.0307625 0.0626789
0.831933 0.455696 1.43129 0.0242842 0.0554414
0.857143 0.455696 1.4328 0.0183706 0.047627
0.882353 0.455696 1.43483 0.0130974 0.0392332
0.907563 0.455696 1.43723 0.00853804 0.030262
0.932773 0.455696 1.44027 0.00477785 0.020723
0.957983 0.455696 1.44362 0.00189917 0.0106284
0.983193 0.455696 1.44775 0 0
1.0084 0.455696 0 0 0
1.03361 0.455696 0 0 0
1.05882 0.455696 0 0 0
1.08403 0.455696 0 0 0
1.10924 0.455696 0 0 0
1.13445 0.455696 0 0 0
1.15966 0.455696 0 0 0
1.18487 0.455696 0 0 0
1.21008 0.455696 0 0 0
1.23529 0.455696 0 0 0
1.2605 0.455696 0 0 0
1.28571 0.455696 0 0 0
1.31092 0.455696 0 0 0
1.33613 0.455696 0 0 0
1.36134 0.455696 0 0 0
1.38655 0.455696 0 0 0
1.41176 0.455696 0 0 0
1.43697 0.455696 0 0 0
1.46218 0.455696 0 0 0
1.48739 0.455696 0 0 0
1.51261 0.455696 0 0 0
1.53782 0.455696 0 0 0
1.56303 0.455696 0 0 0
1.58824 0.455696 0 0 0
1.61345 0.455696 0 0 0
1.63866 0.455696 0 0 0
1.66387 0.455696 0 0 0
1.68908 0.455696 0 0 0
1.71429 0.455696 0 0 0
1.7395 0.455696 0 0 0
1.76471 0.455696 0 0 0
1.78992 0.455696 0 0 0
1.81513 0.455696 0 0 0
1.84034 0.455696 0 0 0
1.86555 0.455696 0 0 0
1.89076 0.455696 0 0 0
1.91597 0.455696 0 0 0
1.94118 0.455696 0 0 0
1.96639 0.455696 0 0 0
1.9916 0.455696 0 0 0
2.01681 0.455696 1.00058 0 0
2.04202 0.455696 1.00065 -5.892e-05 -0.000255929
2.06723 0.455696 1.00071 -0.000102124 -0.000499241
2.09244 0.455696 1.00078 -0.000130181 -0.000729647
2.11765 0.455696 1.00085 -0.000143894 -0.000946573
2.14286 0.455696 1.00092 -0.000144259 -0.00114926
2.16807 0.455696 1.00098 -0.000132483 -0.00133689
2.19328 0.455696 1.00104 -0.000109949 -0.00150867
2.21849 0.455696 1.0011 -7.81782e-05 -0.00166393
2.2437 0.455696 1.00115 -3.87822e-05 -0.00180216
2.26891 0.455696 1.0012 6.59239e-06 -0.00192309
2.29412 0.455696 1.00124 5.63128e-05 -0.00202663
2.31933 0.455696 1.00128 0.000108805 -0.00211296
2.34454 0.455696 1.00131 0.000162591 -0.00218243
2.36975 0.455696 1.00133 0.000216316 -0.00223558
2.39496 0.455696 1.00135 0.00026877 -0.0022731
2.42017 0.455696 1.00137 0.000318894 -0.0022958
2.44538 0.455696 1.00138 0.000365788 -0.00230454
2.47059 0.455696 1.00138 0.000408709 -0.00230025
2.4958 0.455696 1.00138 0.000447057 -0.00228384
2.52101 0.455696 1.00138 0.000480374 -0.00225622
2.54622 0.455696 1.00137 0.000508322 -0.00221825
2.57143 0.455696 1.00136 0.00053067 -0.00217069
2.59664 0.455696 1.00134 0.000547279 -0.00211425
2.62185 0.455696 1.00132 0.000558084 -0.00204949
2.64706 0.455696 1.0013 0.000563075 -0.00197688
2.67227 0.455696 1.00128 0.000562281 -0.00189673
2.69748 0.455696 1.00126 0.000555752 -0.00180921
2.72269 0.455696 1.00123 0.000543541 -0.00171432
2.7479 0.455696 1.0012 0.000525687 -0.00161191
2.77311 0.455696 1.00118 0.0005022 -0.00150162
2.79832 0.455696 1.00114 0.00047304 -0.00138294
2.82353 0.455696 1.00111 0.000438101 -0.00125514
2.84874 0.455696 1.00108 0.000397192 -0.0011173
2.87395 0.455696 1.00104 0.000350019 -0.000968273
2.89916 0.455696 1.00101 0.000296164 -0.000806713
2.92437 0.455696 1.00097 0.000235065 -0.000631036
2.94958 0.455696 1.00093 0.000165989 -0.000439431
2.97479 0.455696 1.00089 8.80301e-05 -0.00022985
3 0.455696 1.00084 0 0

0 0.481013 1 0.3 0
0.0252101 0.481013 1.25915 0.236326 0.0132244
0.0504202 0.481013 1.41318 0.209251 0.0262824
0.0756303 0.481013 1.46715 0.200857 0.0386172
0.10084 0.481013 1.48006 0.198478 0.0500828
0.12605 0.481013 1.48207 0.197401 0.0606321
0.151261 0.481013 1.48149 0.196388 0.0702277
0.176471 0.481013 1.48002 0.195107 0.0788487
0.201681 0.481013 1.47802 0.193419 0.0864961
0.226891 0.481013 1.47559 0.191234 0.0931909
0.252101 0.481013 1.47283 0.188488 0.0989693
0.277311 0.481013 1.4698 0.185141 0.103878
0.302521 0.481013 1.46658 0.181173 0.10797
0.327731 0.481013 1.46325 0.176584 0.111299
0.352941 0.481013 1.45989 0.171389 0.113919
0.378151 0.481013 1.45656 0.165616 0.115883
0.403361 0.481013 1.45335 0.159306 0.117236
0.428571 0.481013 1.45033 0.152505 0.118017
0.453782 0.481013 1.44753 0.145267 0.118259
0.478992 0.481013 1.44494 0.137652 0.117983
0.504202 0.481013 1.44247 0.129718 0.117206
0.529412 0.481013 1.44005 0.121524 0.115938
0.554622 0.481013 1.43764 0.113128 0.114184
0.579832 0.481013 1.43529 0.104587 0.111947
0.605042 0.481013 1.43306 0.0959589 0.109222
0.630252 0.481013 1.43108 0.0873043 0.106003
0.655462 0.481013 1.42941 0.078685 0.102278
0.680672 0.481013 1.42812 0.0701642 0.0980288
0.705882 0.481013 1.42722 0.0618053 0.0932376
0.731092 0.481013 1.42673 0.053672 0.0878835
0.756303 0.481013 1.42663 0.0458292 0.0819458
0.781513 0.481013 1.42695 0.0383429 0.0754048
0.806723 0.481013 1.42766 0.0312808 0.0682426
0.831933 0.481013 1.42881 0.0247138 0.0604446
0.857143 0.481013 1.43036 0.0187131 0.0519995
0.882353 0.481013 1.43243 0.0133569 0.0429009
0.907563 0.481013 1.43487 0.00872103 0.0331462
0.932773 0.481013 1.43793 0.00489187 0.0227393
0.957983 0.481013 1.44132 0.00195269 0.0116858
0.983193 0.481013 1.44545 0 0
1.0084 0.481013 0 0 0
1.03361 0.481013 0 0 0
1.05882 0.481013 0 0 0
1.08403 0.481013 0 0 0
1.10924 0.481013 0 0 0
1.13445 0.481013 0 0 0
1.15966 0.481013 0 0 0
1.18487 0.481013 0 0 0
1.21008 0.481013 0 0 0
1.23529 0.481013 0 0 0
1.2605 0.481013 0 0 0
1.28571 0.481013 0 0 0
1.31092 0.481013 0 0 0
1.33613 0.481013 0 0 0
1.36134 0.481013 0 0 0
1.38655 0.481013 0 0 0
1.41176 0.481013 0 0 0
1.43697 0.481013 0 0 0
1.46218 0.481013 0 0 0
1.48739 0.481013 0 0 0
1.51261 0.481013 0 0 0
1.53782 0.481013 0 0 0
1.56303 0.481013 0 0 0
1.58824 0.481013 0 0 0
1.61345 0.481013 0 0 0
1.63866 0.481013 0 0 0
1.66387 0.481013 0 0 0
1.68908 0.481013 0 0 0
1.71429 0.481013 0 0 0
1.7395 0.481013 0 0 0
1.76471 0.481013 0 0 0
1.78992 0.481013 0 0 0
1.81513 0.481013 0 0 0
1.84034 0.481013 0 0 0
1.86555 0.481013 0 0 0
1.89076 0.481013 0 0 0
1.91597 0.481013 0 0 0
1.94118 0.481013 0 0 0
1.96639 0.481013 0 0 0
1.9916 0.481013 0 0 0
2.01681 0.481013 1.00063 0 0
2.04202 0.481013 1.0007 -6.29281e-05 -0.000277162
2.06723 0.481013 1.00078 -0.000108418 -0.000541265
2.09244 0.481013 1.00085 -0.000137018 -0.00079179
2.11765 0.481013 1.00093 -0.000149592 -0.0010279
2.14286 0.481013 1.001 -0.000147259 -0.00124855
2.16807 0.481013 1.00107 -0.000131403 -0.00145266
2.19328 0.481013 1.00114 -0.000103632 -0.00163922
2.21849 0.481013 1.00121 -6.57208e-05 -0.00180739
2.2437 0.481013 1.00126 -1.9547e-05 -0.00195657
2.26891 0.481013 1.00132 3.29779e-05 -0.00208643
2.29412 0.481013 1.00136 8.99707e-05 -0.00219692
2.31933 0.481013 1.0014 0.000149631 -0.00228827
2.34454 0.481013 1.00144 0.000210282 -0.00236095
2.36975 0.481013 1.00146 0.000270406 -0.00241564
2.39496 0.481013 1.00148 0.00032866 -0.00245319
2.42017 0.481013 1.0015 0.000383887 -0.00247457
2.44538 0.481013 1.00151 0.000435118 -0.00248082
2.47059 0.481013 1.00151 0.000481566 -0.00247305
2.4958 0.481013 1.00151 0.000522614 -0.00245232
2.52101 0.481013 1.00151 0.000557801 -0.00241968
2.54622 0.481013 1.0015 0.000586804 -0.00237613
2.57143 0.481013 1.00148 0.000609421 -0.00232256
2.59664 0.481013 1.00147 0.00062555 -0.00225976
2.62185 0.481013 1.00145 0.000635165 -0.00218838
2.64706 0.481013 1.00143 0.000638305 -0.00210894
2.67227 0.481013 1.0014 0.000635045 -0.00202179
2.69748 0.481013 1.00137 0.000625482 -0.00192712
2.72269 0.481013 1.00135 0.000609716 -0.00182494
2.7479 0.481013 1.00132 0.000587828 -0.00171507
2.77311 0.481013 1.00128 0.000559866 -0.00159712
2.79832 0.481013 1.00125 0.000525823 -0.0014705
2.82353 0.481013 1.00122 0.000485618 -0.00133443
2.84874 0.481013 1.00118 0.000439078 -0.00118785
2.87395 0.481013 1.00114 0.000385917 -0.00102953
2.89916 0.481013 1.0011 0.000325714 -0.00085794
2.92437 0.481013 1.00106 0.000257891 -0.00067134
2.94958 0.481013 1.00102 0.000181686 -0.000467712
2.97479 0.481013 1.00097 9.61427e-05 -0.000244782
3 0.481013 1.00093 0 0

0 0.506329 1 0.3 0
0.0252101 0.506329 1.25547 0.237051 0.0131152
0.0504202 0.506329 1.40716 0.210138 0.0261257
0.0756303 0.506329 1.46071 0.201635 0.0385165
0.10084 0.506329 1.47368 0.199099 0.0501511
0.12605 0.506329 1.47575 0.197868 0.0609805
0.151261 0.506329 1.47522 0.196708 0.0709584
0.176471 0.506329 1.47383 0.195293 0.0800491
0.201681 0.506329 1.47195 0.193492 0.0882346
0.226891 0.506329 1.46966 0.191222 0.0955148
0.252101 0.506329 1.46706 0.18842 0.101905
0.277311 0.506329 1.46421 0.185049 0.107432
0.302521 0.506329 1.46117 0.181086 0.112132
0.327731 0.506329 1.45801 0.17653 0.116042
0.352941 0.506329 1.45473 0.171394 0.119205
0.378151 0.506329 1.45134 0.165701 0.121659
0.403361 0.506329 1.44781 0.159486 0.123443
0.428571 0.506329 1.44416 0.152786 0.124593
0.453782 0.506329 1.44049 0.145645 0.125143
0.478992 0.506329 1.43696 0.13811 0.125123
0.504202 0.506329 1.43379 0.130235 0.124556
0.529412 0.506329 1.43114 0.122082 0.123455
0.554622 0.506329 1.42906 0.113714 0.121824
0.579832 0.506329 1.42747 0.105194 0.11966
0.605042 0.506329 1.42627 0.0965843 0.116953
0.630252 0.506329 1.42533 0.0879443 0.113692
0.655462 0.506329 1.42457 0.079332 0.109861
0.680672 0.506329 1.42398 0.0708065 0.105444
0.705882 0.506329 1.42357 0.0624287 0.100421
0.731092 0.506329 1.4234 0.0542621 0.0947724
0.756303 0.506329 1.42351 0.046373 0.0884756
0.781513 0.506329 1.42395 0.0388301 0.0815099
0.806723 0.506329 1.42475 0.0317042 0.0738554
0.831933 0.506329 1.42596 0.0250695 0.0654951
0.857143 0.506329 1.42755 0.0190005 0.0564145
0.882353 0.506329 1.42965 0.0135777 0.046604
0.907563 0.506329 1.43212 0.00887952 0.0360567
0.932773 0.506329 1.4352 0.00499294 0.0247722
0.957983 0.506329 1.43861 0.00200166 0.0127506
0.983193 0.506329 1.44273 0 0
1.0084 0.506329 0 0 0
1.03361 0.506329 0 0 0
1.05882 0.506329 0 0 0
1.08403 0.506329 0 0 0
1.10924 0.506329 0 0 0
1.13445 0.506329 0 0 0
1.15966 0.506329 0 0 0
1.18487 0.506329 0 0 0
1.21008 0.506329 0 0 0
1.23529 0.506329 0 0 0
1.2605 0.506329 0 0 0
1.28571 0.506329 0 0 0
1.31092 0.506329 0 0 0
1.33613 0.506329 0 0 0
1.36134 0.506329 0 0 0
1.38655 0.506329 0 0 0
1.41176 0.506329 0 0 0
1.43697 0.506329 0 0 0
1.46218 0.506329 0 0 0
1.48739 0.506329 0 0 0
1.51261 0.506329 0 0 0
1.53782 0.506329 0 0 0
1.56303 0.506329 0 0 0
1.58824 0.506329 0 0 0
1.61345 0.506329 0 0 0
1.63866 0.506329 0 0 0
1.66387 0.506329 0 0 0
1.68908 0.506329 0 0 0
1.71429 0.506329 0 0 0
1.7395 0.506329 0 0 0
1.76471 0.506329 0 0 0
1.78992 0.506329 0 0 0
1.81513 0.506329 0 0 0
1.84034 0.506329 0 0 0
1.86555 0.506329 0 0 0
1.89076 0.506329 0 0 0
1.91597 0.506329 0 0 0
1.94118 0.506329 0 0 0
1.96639 0.506329 0 0 0
1.9916 0.506329 0 0 0
2.01681 0.506329 1.00067 0 0
2.04202 0.506329 1.00075 -6.69076e-05 -0.000300536
2.06723 0.506329 1.00084 -0.000114446 -0.000587652
2.09244 0.506329 1.00092 -0.000143125 -0.000860522
2.11765 0.506329 1.00101 -0.000153878 -0.00111796
2.14286 0.506329 1.00109 -0.000147971 -0.00135856
2.16807 0.506329 1.00117 -0.000127008 -0.00158091
2.19328 0.506329 1.00125 -9.28725e-05 -0.00178374
2.21849 0.506329 1.00132 -4.76473e-05 -0.00196601
2.2437 0.506329 1.00139 6.47118e-06 -0.002127
2.26891 0.506329 1.00145 6.72599e-05 -0.00226635
2.29412 0.506329 1.0015 0.000132547 -0.00238406
2.31933 0.506329 1.00154 0.000200274 -0.00248044
2.34454 0.506329 1.00158 0.000268548 -0.00255612
2.36975 0.506329 1.00161 0.000335674 -0.00261194
2.39496 0.506329 1.00163 0.000400173 -0.00264896
2.42017 0.506329 1.00164 0.000460792 -0.00266835
2.44538 0.506329 1.00165 0.000516499 -0.00267137
2.47059 0.506329 1.00166 0.000566474 -0.0026593
2.4958 0.506329 1.00166 0.000610092 -0.0026334
2.52101 0.506329 1.00165 0.000646907 -0.0025949
2.54622 0.506329 1.00164 0.000676625 -0.00254493
2.57143 0.506329 1.00162 0.000699084 -0.00248451
2.59664 0.506329 1.0016 0.00071423 -0.00241455
2.62185 0.506329 1.00158 0.000722096 -0.00233578
2.64706 0.506329 1.00155 0.000722776 -0.00224879
2.67227 0.506329 1.00153 0.000716403 -0.00215396
2.69748 0.506329 1.0015 0.000703134 -0.0020515
2.72269 0.506329 1.00147 0.000683119 -0.00194143
2.7479 0.506329 1.00143 0.000656494 -0.00182353
2.77311 0.506329 1.0014 0.000623348 -0.00169739
2.79832 0.506329 1.00136 0.000583713 -0.00156234
2.82353 0.506329 1.00133 0.00053754 -0.0014175
2.84874 0.506329 1.00129 0.000484679 -0.00126174
2.87395 0.506329 1.00125 0.000424855 -0.00109364
2.89916 0.506329 1.00121 0.000357648 -0.000911549
2.92437 0.506329 1.00116 0.000282468 -0.000713519
2.94958 0.506329 1.00112 0.000198523 -0.000497319
2.97479 0.506329 1.00107 0.000104813 -0.000260423
3 0.506329 1.00102 0 0

0 0.531646 1 0.3 0
0.0252101 0.531646 1.25197 0.237748 0.0130569
0.0504202 0.531646 1.40144 0.211001 0.0260644
0.0756303 0.531646 1.45458 0.202408 0.0385434
0.10084 0.531646 1.4676 0.199734 0.0503661
0.12605 0.531646 1.4697 0.198365 0.0614817
0.151261 0.531646 1.46917 0.197066 0.0718365
0.176471 0.531646 1.46781 0.195516 0.0813819
0.201681 0.531646 1.46599 0.193591 0.0900833
0.226891 0.531646 1.46379 0.191214 0.0979226
0.252101 0.531646 1.4613 0.188329 0.104897
0.277311 0.531646 1.4586 0.1849 0.111016
0.302521 0.531646 1.45575 0.180905 0.1163
0.327731 0.531646 1.45287 0.176337 0.12078
0.352941 0.531646 1.45009 0.171204 0.124488
0.378151 0.531646 1.44756 0.165526 0.127461
0.403361 0.531646 1.44539 0.159337 0.129731
0.428571 0.531646 1.4436 0.152682 0.131324
0.453782 0.531646 1.44201 0.145611 0.132259
0.478992 0.531646 1.44035 0.138175 0.132552
0.504202 0.531646 1.43835 0.130419 0.132215
0.529412 0.531646 1.43592 0.122389 0.131264
0.554622 0.531646 1.43315 0.114128 0.129711
0.579832 0.531646 1.43027 0.105689 0.127562
0.605042 0.531646 1.42754 0.0971289 0.124818
0.630252 0.531646 1.42515 0.08851 0.121471
0.655462 0.531646 1.42322 0.0798972 0.117506
0.680672 0.531646 1.4218 0.0713559 0.112904
0.705882 0.531646 1.42087 0.0629517 0.107643
0.731092 0.531646 1.4204 0.0547508 0.101697
0.756303 0.531646 1.42037 0.0468207 0.0950417
0.781513 0.531646 1.42075 0.0392313 0.0876523
0.806723 0.531646 1.42154 0.0320544 0.0795054
0.831933 0.531646 1.42277 0.0253661 0.0705807
0.857143 0.531646 1.42439 0.0192427 0.0608606
0.882353 0.531646 1.42651 0.0137665 0.050332
0.907563 0.531646 1.42901 0.00901754 0.038985
0.932773 0.531646 1.43209 0.00508309 0.0268154
0.957983 0.531646 1.43551 0.00204679 0.0138193
0.983193 0.531646 1.4396 0 0
1.0084 0.531646 0 0 0
1.03361 0.531646 0 0 0
1.05882 0.531646 0 0 0
1.08403 0.531646 0 0 0
1.10924 0.531646 0 0 0
1.13445 0.531646 0 0 0
1.15966 0.531646 0 0 0
1.18487 0.531646 0 0 0
1.21008 0.531646 0 0 0
1.23529 0.531646 0 0 0
1.2605 0.531646 0 0 0
1.28571 0.531646 0 0 0
1.31092 0.531646 0 0 0
1.33613 0.531646 0 0 0
1.36134 0.531646 0 0 0
1.38655 0.531646 0 0 0
1.41176 0.531646 0 0 0
1.43697 0.531646 0 0 0
1.46218 0.531646 0 0 0
1.48739 0.531646 0 0 0
1.51261 0.531646 0 0 0
1.53782 0.531646 0 0 0
1.56303 0.531646 0 0 0
1.58824 0.531646 0 0 0
1.61345 0.531646 0 0 0
1.63866 0.531646 0 0 0
1.66387 0.531646 0 0 0
1.68908 0.531646 0 0 0
1.71429 0.531646 0 0 0
1.7395 0.531646 0 0 0
1.76471 0.531646 0 0 0
1.78992 0.531646 0 0 0
1.81513 0.531646 0 0 0
1.84034 0.531646 0 0 0
1.86555 0.531646 0 0 0
1.89076 0.531646 0 0 0
1.91597 0.531646 0 0 0
1.94118 0.531646 0 0 0
1.96639 0.531646 0 0 0
1.9916 0.531646 0 0 0
2.01681 0.531646 1.00072 0 0
2.04202 0.531646 1.00081 -7.08039e-05 -0.000326292
2.06723 0.531646 1.00091 -0.000120058 -0.00063892
2.09244 0.531646 1.001 -0.00014821 -0.000936648
2.11765 0.531646 1.0011 -0.000156276 -0.00121783
2.14286 0.531646 1.00119 -0.000145704 -0.0014806
2.16807 0.531646 1.00128 -0.000118376 -0.00172314
2.19328 0.531646 1.00137 -7.65156e-05 -0.00194384
2.21849 0.531646 1.00145 -2.25823e-05 -0.00214144
2.2437 0.531646 1.00152 4.08443e-05 -0.00231511
2.26891 0.531646 1.00159 0.000111174 -0.00246445
2.29412 0.531646 1.00164 0.000185902 -0.00258954
2.31933 0.531646 1.00169 0.000262683 -0.00269084
2.34454 0.531646 1.00173 0.000339386 -0.00276914
2.36975 0.531646 1.00176 0.00041413 -0.00282553
2.39496 0.531646 1.00179 0.000485301 -0.0028613
2.42017 0.531646 1.0018 0.000551555 -0.00287787
2.44538 0.531646 1.00181 0.000611809 -0.00287674
2.47059 0.531646 1.00181 0.000665225 -0.00285941
2.4958 0.531646 1.00181 0.000711189 -0.00282737
2.52101 0.531646 1.0018 0.000749282 -0.00278203
2.54622 0.531646 1.00179 0.00077926 -0.00272469
2.57143 0.531646 1.00177 0.000801017 -0.00265652
2.59664 0.531646 1.00175 0.000814566 -0.00257852
2.62185 0.531646 1.00172 0.000820008 -0.00249154
2.64706 0.531646 1.00169 0.000817507 -0.00239622
2.67227 0.531646 1.00166 0.000807269 -0.00229299
2.69748 0.531646 1.00163 0.000789514 -0.00218208
2.72269 0.531646 1.0016 0.00076446 -0.0020635
2.7479 0.531646 1.00156 0.000732298 -0.00193701
2.77311 0.531646 1.00152 0.000693171 -0.00180215
2.79832 0.531646 1.00148 0.000647154 -0.00165818
2.82353 0.531646 1.00144 0.000594235 -0.00150412
2.84874 0.531646 1.0014 0.000534291 -0.00133872
2.87395 0.531646 1.00136 0.000467064 -0.00116041
2.89916 0.531646 1.00132 0.000392138 -0.000967369
2.92437 0.531646 1.00127 0.000308913 -0.000757442
2.94958 0.531646 1.00122 0.000216572 -0.00052816
2.97479 0.531646 1.00117 0.000114071 -0.000276727
3 0.531646 1.00112 0 0

0 0.556962 1 0.3 0
0.0252101 0.556962 1.24863 0.23842 0.0130401
0.0504202 0.556962 1.39599 0.211843 0.0260831
0.0756303 0.556962 1.44873 0.203176 0.0386815
0.10084 0.556962 1.46177 0.200382 0.0507148
0.12605 0.556962 1.46386 0.198887 0.0621296
0.151261 0.556962 1.46331 0.197455 0.0728647
0.176471 0.556962 1.46194 0.195767 0.0828591
0.201681 0.556962 1.46012 0.193708 0.0920631
0.226891 0.556962 1.45796 0.191207 0.100442
0.252101 0.556962 1.45552 0.188218 0.107975
0.277311 0.556962 1.45285 0.184709 0.114656
0.302521 0.556962 1.44995 0.180665 0.120488
0.327731 0.556962 1.44677 0.176085 0.125483
0.352941 0.556962 1.44321 0.170978 0.129658
0.378151 0.556962 1.43914 0.165359 0.13304
0.403361 0.556962 1.43459 0.159245 0.13566
0.428571 0.556962 1.42983 0.152656 0.13756
0.453782 0.556962 1.42534 0.145623 0.138775
0.478992 0.556962 1.42162 0.138193 0.139335
0.504202 0.556962 1.41898 0.130426 0.139253
0.529412 0.556962 1.41744 0.122387 0.138531
0.554622 0.556962 1.41674 0.114138 0.137164
0.579832 0.556962 1.41654 0.105737 0.135144
0.605042 0.556962 1.41651 0.0972354 0.132462
0.630252 0.556962 1.41647 0.0886841 0.129107
0.655462 0.556962 1.41636 0.0801348 0.125064
0.680672 0.556962 1.41621 0.0716435 0.120318
0.705882 0.556962 1.41612 0.0632712 0.114844
0.731092 0.556962 1.41616 0.0550833 0.10862
0.756303 0.556962 1.41643 0.0471489 0.101619
0.781513 0.556962 1.417 0.0395411 0.0938134
0.806723 0.556962 1.4179 0.0323351 0.085178
0.831933 0.556962 1.41919 0.0256104 0.0756895
0.857143 0.556962 1.42086 0.0194467 0.0653276
0.882353 0.556962 1.42301 0.0139288 0.0540767
0.907563 0.556962 1.42553 0.00913875 0.0419242
0.932773 0.556962 1.42861 0.00516426 0.0288638
0.957983 0.556962 1.43204 0.00208872 0.0148889
0.983193 0.556962 1.43608 0 0
1.0084 0.556962 0 0 0
1.03361 0.556962 0 0 0
1.05882 0.556962 0 0 0
1.08403 0.556962 0 0 0
1.10924 0.556962 0 0 0
1.13445 0.556962 0 0 0
1.15966 0.556962 0 0 0
1.18487 0.556962 0 0 0
1.21008 0.556962 0 0 0
1.23529 0.556962 0 0 0
1.2605 0.556962 0 0 0
1.28571 0.556962 0 0 0
1.31092 0.556962 0 0 0
1.33613 0.556962 0 0 0
1.36134 0.556962 0 0 0
1.38655 0.556962 0 0 0
1.41176 0.556962 0 0 0
1.43697 0.556962 0 0 0
1.46218 0.556962 0 0 0
1.48739 0.556962 0 0 0
1.51261 0.556962 0 0 0
1.53782 0.556962 0 0 0
1.56303 0.556962 0 0 0
1.58824 0.556962 0 0 0
1.61345 0.556962 0 0 0
1.63866 0.556962 0 0 0
1.66387 0.556962 0 0 0
1.68908 0.556962 0 0 0
1.71429 0.556962 0 0 0
1.7395 0.556962 0 0 0
1.76471 0.556962 0 0 0
1.78992 0.556962 0 0 0
1.81513 0.556962 0 0 0
1.84034 0.556962 0 0 0
1.86555 0.556962 0 0 0
1.89076 0.556962 0 0 0
1.91597 0.556962 0 0 0
1.94118 0.556962 0 0 0
1.96639 0.556962 0 0 0
1.9916 0.556962 0 0 0
2.01681 0.556962 1.00077 0 0
2.04202 0.556962 1.00087 -7.45447e-05 -0.000354721
2.06723 0.556962 1.00098 -0.000125058 -0.000695696
2.09244 0.556962 1.00108 -0.000151892 -0.00102114
2.11765 0.556962 1.00119 -0.00015617 -0.0013288
2.14286 0.556962 1.0013 -0.000139572 -0.00161623
2.16807 0.556962 1.0014 -0.000104334 -0.00188109
2.19328 0.556962 1.0015 -5.31057e-05 -0.00212139
2.21849 0.556962 1.00158 1.11897e-05 -0.00233559
2.2437 0.556962 1.00167 8.55115e-05 -0.00252276
2.26891 0.556962 1.00174 0.000166839 -0.00268251
2.29412 0.556962 1.0018 0.000252285 -0.00281501
2.31933 0.556962 1.00185 0.000339186 -0.00292092
2.34454 0.556962 1.0019 0.000425156 -0.00300129
2.36975 0.556962 1.00193 0.000508126 -0.00305748
2.39496 0.556962 1.00195 0.00058635 -0.00309108
2.42017 0.556962 1.00197 0.000658408 -0.0031038
2.44538 0.556962 1.00198 0.000723183 -0.00309742
2.47059 0.556962 1.00198 0.000779839 -0.00307372
2.4958 0.556962 1.00197 0.000827795 -0.00303442
2.52101 0.556962 1.00196 0.000866685 -0.00298115
2.54622 0.556962 1.00195 0.00089633 -0.00291538
2.57143 0.556962 1.00193 0.000916704 -0.00283845
2.59664 0.556962 1.0019 0.000927904 -0.00275148
2.62185 0.556962 1.00187 0.000930114 -0.0026554
2.64706 0.556962 1.00184 0.000923586 -0.00255093
2.67227 0.556962 1.00181 0.000908606 -0.00243855
2.69748 0.556962 1.00177 0.000885475 -0.00231851
2.72269 0.556962 1.00173 0.000854481 -0.0021908
2.7479 0.556962 1.00169 0.000815883 -0.00205515
2.77311 0.556962 1.00165 0.000769882 -0.00191105
2.79832 0.556962 1.00161 0.000716604 -0.00175769
2.82353 0.556962 1.00157 0.00065608 -0.00159397
2.84874 0.556962 1.00152 0.000588216 -0.0014185
2.87395 0.556962 1.00148 0.000512776 -0.00122959
2.89916 0.556962 1.00143 0.000429353 -0.00102519
2.92437 0.556962 1.00139 0.000337341 -0.000802943
2.94958 0.556962 1.00134 0.0002359 -0.000560122
2.97479 0.556962 1.00128 0.000123947 -0.000293634
3 0.556962 1.00123 0 0

0 0.582278 1 0.3 0
0.0252101 0.582278 1.24543 0.239069 0.0130564
0.0504202 0.582278 1.39079 0.212664 0.0261679
0.0756303 0.582278 1.44312 0.203937 0.0389165
0.10084 0.582278 1.45616 0.201038 0.0511864
0.12605 0.582278 1.45822 0.199427 0.0629199
0.151261 0.582278 1.4576 0.197865 0.0740466
0.176471 0.582278 1.45617 0.196036 0.084493
0.201681 0.582278 1.45432 0.19383 0.0941945
0.226891 0.582278 1.45217 0.191187 0.103101
0.252101 0.582278 1.4498 0.188063 0.11118
0.277311 0.582278 1.44735 0.18443 0.118413
0.302521 0.582278 1.445 0.180271 0.124802
0.327731 0.582278 1.44302 0.17558 0.130357
0.352941 0.582278 1.44173 0.17037 0.135096
0.378151 0.582278 1.44129 0.164672 0.139033
0.403361 0.582278 1.44149 0.15853 0.142173
0.428571 0.582278 1.44175 0.151991 0.144522
0.453782 0.582278 1.44134 0.145089 0.146088
0.478992 0.582278 1.43971 0.137847 0.146891
0.504202 0.582278 1.43678 0.130282 0.146957
0.529412 0.582278 1.43287 0.122421 0.146311
0.554622 0.582278 1.42855 0.114304 0.144971
0.579832 0.582278 1.42436 0.105984 0.142944
0.605042 0.582278 1.42069 0.0975244 0.140225
0.630252 0.582278 1.41774 0.0889895 0.136799
0.655462 0.582278 1.41553 0.080444 0.132645
0.680672 0.582278 1.414 0.0719514 0.127737
0.705882 0.582278 1.41306 0.0635749 0.122049
0.731092 0.582278 1.41264 0.0553794 0.115548
0.756303 0.582278 1.41268 0.0474328 0.108205
0.781513 0.582278 1.41314 0.0398067 0.0999874
0.806723 0.582278 1.41401 0.0325765 0.0908662
0.831933 0.582278 1.41531 0.0258224 0.0808146
0.857143 0.582278 1.417 0.0196257 0.0698093
0.882353 0.582278 1.41917 0.014073 0.0578324
0.907563 0.582278 1.42171 0.00924822 0.0448698
0.932773 0.582278 1.42478 0.00523893 0.030914
0.957983 0.582278 1.4282 0.00212827 0.0159574
0.983193 0.582278 1.43219 0 0
1.0084 0.582278 0 0 0
1.03361 0.582278 0 0 0
1.05882 0.582278 0 0 0
1.08403 0.582278 0 0 0
1.10924 0.582278 0 0 0
1.13445 0.582278 0 0 0
1.15966 0.582278 0 0 0
1.18487 0.582278 0 0 0
1.21008 0.582278 0 0 0
1.23529 0.582278 0 0 0
1.2605 0.582278 0 0 0
1.28571 0.582278 0 0 0
1.31092 0.582278 0 0 0
1.33613 0.582278 0 0 0
1.36134 0.582278 0 0 0
1.38655 0.582278 0 0 0
1.41176 0.582278 0 0 0
1.43697 0.582278 0 0 0
1.46218 0.582278 0 0 0
1.48739 0.582278 0 0 0
1.51261 0.582278 0 0 0
1.53782 0.582278 0 0 0
1.56303 0.582278 0 0 0
1.58824 0.582278 0 0 0
1.61345 0.582278 0 0 0
1.63866 0.582278 0 0 0
1.66387 0.582278 0 0 0
1.68908 0.582278 0 0 0
1.71429 0.582278 0 0 0
1.7395 0.582278 0 0 0
1.76471 0.582278 0 0 0
1.78992 0.582278 0 0 0
1.81513 0.582278 0 0 0
1.84034 0.582278 0 0 0
1.86555 0.582278 0 0 0
1.89076 0.582278 0 0 0
1.91597 0.582278 0 0 0
1.94118 0.582278 0 0 0
1.96639 0.582278 0 0 0
1.9916 0.582278 0 0 0
2.01681 0.582278 1.00082 0 0
2.04202 0.582278 1.00093 -7.80347e-05 -0.000386173
2.06723 0.582278 1.00105 -0.000129184 -0.000758744
2.09244 0.582278 1.00117 -0.000153671 -0.00111518
2.11765 0.582278 1.00129 -0.000152757 -0.00145245
2.14286 0.582278 1.00141 -0.000128429 -0.00176734
2.16807 0.582278 1.00153 -8.33803e-05 -0.00205687
2.19328 0.582278 1.00163 -2.08013e-05 -0.00231859
2.21849 0.582278 1.00173 5.58139e-05 -0.00255068
2.2437 0.582278 1.00182 0.000142869 -0.00275208
2.26891 0.582278 1.0019 0.00023684 -0.00292249
2.29412 0.582278 1.00197 0.000334407 -0.00306224
2.31933 0.582278 1.00203 0.000432557 -0.00317224
2.34454 0.582278 1.00208 0.000528641 -0.00325388
2.36975 0.582278 1.00211 0.000620401 -0.00330886
2.39496 0.582278 1.00214 0.000705979 -0.00333912
2.42017 0.582278 1.00215 0.000783896 -0.00334674
2.44538 0.582278 1.00216 0.000853029 -0.00333383
2.47059 0.582278 1.00216 0.000912574 -0.00330246
2.4958 0.582278 1.00215 0.000962007 -0.00325463
2.52101 0.582278 1.00214 0.00100104 -0.0031922
2.54622 0.582278 1.00212 0.0010296 -0.00311684
2.57143 0.582278 1.0021 0.00104775 -0.00303005
2.59664 0.582278 1.00207 0.00105569 -0.00293308
2.62185 0.582278 1.00203 0.00105371 -0.00282698
2.64706 0.582278 1.002 0.00104216 -0.00271251
2.67227 0.582278 1.00196 0.00102143 -0.00259021
2.69748 0.582278 1.00192 0.000991902 -0.00246033
2.72269 0.582278 1.00188 0.000953952 -0.00232286
2.7479 0.582278 1.00184 0.000907908 -0.0021775
2.77311 0.582278 1.00179 0.000854041 -0.00202366
2.79832 0.582278 1.00175 0.000792531 -0.00186045
2.82353 0.582278 1.0017 0.000723454 -0.00168665
2.84874 0.582278 1.00165 0.000646756 -0.00150075
2.87395 0.582278 1.00161 0.000562224 -0.00130086
2.89916 0.582278 1.00156 0.000469463 -0.00108475
2.92437 0.582278 1.00151 0.000367867 -0.000849823
2.94958 0.582278 1.00146 0.000256575 -0.000593066
2.97479 0.582278 1.0014 0.000134468 -0.000311073
3 0.582278 1.00135 0 0

0 0.607595 1 0.3 0
0.0252101 0.607595 1.24237 0.239695 0.013098
0.0504202 0.607595 1.38581 0.213462 0.0263067
0.0756303 0.607595 1.43774 0.20469 0.0392361
0.10084 0.607595 1.45076 0.201696 0.0517727
0.12605 0.607595 1.45276 0.199975 0.0638512
0.151261 0.607595 1.45203 0.198283 0.075389
0.176471 0.607595 1.4505 0.196306 0.0862975
0.201681 0.607595 1.44855 0.193942 0.096496
0.226891 0.607595 1.44628 0.191144 0.105917
0.252101 0.607595 1.44371 0.187884 0.11451
0.277311 0.607595 1.44072 0.184151 0.122235
0.302521 0.607595 1.43708 0.179944 0.12907
0.327731 0.607595 1.43245 0.175265 0.135005
0.352941 0.607595 1.4266 0.170109 0.140054
0.378151 0.607595 1.41977 0.164466 0.144255
0.403361 0.607595 1.41274 0.158332 0.147656
0.428571 0.607595 1.40665 0.151727 0.150299
0.453782 0.607595 1.40243 0.144702 0.152204
0.478992 0.607595 1.40046 0.137323 0.153372
0.504202 0.607595 1.40044 0.129662 0.153789
0.529412 0.607595 1.40168 0.121777 0.153446
0.554622 0.607595 1.40339 0.113713 0.152336
0.579832 0.607595 1.405 0.105505 0.150457
0.605042 0.607595 1.40618 0.0971872 0.147806
0.630252 0.607595 1.4069 0.0887971 0.144376
0.655462 0.607595 1.40724 0.0803813 0.140151
0.680672 0.607595 1.40737 0.0719936 0.135109
0.705882 0.607595 1.40745 0.0636947 0.129222
0.731092 0.607595 1.40763 0.0555508 0.122459
0.756303 0.607595 1.40801 0.0476328 0.114784
0.781513 0.607595 1.40867 0.0400162 0.106163
0.806723 0.607595 1.40966 0.0327804 0.0965617
0.831933 0.607595 1.41103 0.0260092 0.0859497
0.857143 0.607595 1.41277 0.0197878 0.074301
0.882353 0.607595 1.41497 0.0142059 0.0615957
0.907563 0.607595 1.41753 0.00935031 0.047819
0.932773 0.607595 1.4206 0.00530931 0.0329638
0.957983 0.607595 1.42403 0.00216613 0.0170236
0.983193 0.607595 1.42796 0 0
1.0084 0.607595 0 0 0
1.03361 0.607595 0 0 0
1.05882 0.607595 0 0 0
1.08403 0.607595 0 0 0
1.10924 0.607595 0 0 0
1.13445 0.607595 0 0 0
1.15966 0.607595 0 0 0
1.18487 0.607595 0 0 0
1.21008 0.607595 0 0 0
1.23529 0.607595 0 0 0
1.2605 0.607595 0 0 0
1.28571 0.607595 0 0 0
1.31092 0.607595 0 0 0
1.33613 0.607595 0 0 0
1.36134 0.607595 0 0 0
1.38655 0.607595 0 0 0
1.41176 0.607595 0 0 0
1.43697 0.607595 0 0 0
1.46218 0.607595 0 0 0
1.48739 0.607595 0 0 0
1.51261 0.607595 0 0 0
1.53782 0.607595 0 0 0
1.56303 0.607595 0 0 0
1.58824 0.607595 0 0 0
1.61345 0.607595 0 0 0
1.63866 0.607595 0 0 0
1.66387 0.607595 0 0 0
1.68908 0.607595 0 0 0
1.71429 0.607595 0 0 0
1.7395 0.607595 0 0 0
1.76471 0.607595 0 0 0
1.78992 0.607595 0 0 0
1.81513 0.607595 0 0 0
1.84034 0.607595 0 0 0
1.86555 0.607595 0 0 0
1.89076 0.607595 0 0 0
1.91597 0.607595 0 0 0
1.94118 0.607595 0 0 0
1.96639 0.607595 0 0 0
1.9916 0.607595 0 0 0
2.01681 0.607595 1.00086 0 0
2.04202 0.607595 1.00098 -8.1148e-05 -0.000421087
2.06723 0.607595 1.00112 -0.000132095 -0.000829015
2.09244 0.607595 1.00126 -0.000152888 -0.00122025
2.11765 0.607595 1.00139 -0.000144983 -0.0015907
2.14286 0.607595 1.00153 -0.000110787 -0.00193619
2.16807 0.607595 1.00166 -5.35867e-05 -0.00225297
2.19328 0.607595 1.00179 2.27361e-05 -0.00253801
2.21849 0.607595 1.0019 0.00011398 -0.00278923
2.2437 0.607595 1.002 0.000215883 -0.00300549
2.26891 0.607595 1.00209 0.000324335 -0.00318659
2.29412 0.607595 1.00216 0.000435535 -0.00333314
2.31933 0.607595 1.00222 0.000546098 -0.00344642
2.34454 0.607595 1.00227 0.000653107 -0.00352822
2.36975 0.607595 1.00231 0.000754136 -0.00358068
2.39496 0.607595 1.00234 0.000847235 -0.00360618
2.42017 0.607595 1.00235 0.000930904 -0.0036072
2.44538 0.607595 1.00236 0.00100405 -0.00358624
2.47059 0.607595 1.00236 0.00106593 -0.00354572
2.4958 0.607595 1.00235 0.00111613 -0.00348792
2.52101 0.607595 1.00233 0.00115446 -0.00341496
2.54622 0.607595 1.0023 0.00118097 -0.00332874
2.57143 0.607595 1.00228 0.00119585 -0.00323091
2.59664 0.607595 1.00224 0.00119944 -0.00312287
2.62185 0.607595 1.00221 0.00119214 -0.00300575
2.64706 0.607595 1.00217 0.00117443 -0.0028804
2.67227 0.607595 1.00212 0.00114679 -0.00274739
2.69748 0.607595 1.00208 0.00110971 -0.00260698
2.72269 0.607595 1.00203 0.00106366 -0.00245913
2.7479 0.607595 1.00199 0.00100904 -0.00230351
2.77311 0.607595 1.00194 0.000946211 -0.00213945
2.79832 0.607595 1.00189 0.0008754 -0.00196596
2.82353 0.607595 1.00184 0.000796739 -0.00178172
2.84874 0.607595 1.00179 0.000710212 -0.00158505
2.87395 0.607595 1.00174 0.000615637 -0.00137388
2.89916 0.607595 1.00169 0.000512634 -0.00114576
2.92437 0.607595 1.00164 0.000400599 -0.000897842
2.94958 0.607595 1.00159 0.000278658 -0.000626824
2.97479 0.607595 1.00153 0.000145662 -0.000328955
3 0.607595 1.00147 0 0

0 0.632911 1 0.3 0
0.0252101 0.632911 1.23947 0.240294 0.0131575
0.0504202 0.632911 1.3811 0.214235 0.0264883
0.0756303 0.632911 1.43262 0.205427 0.0396307
0.10084 0.632911 1.44558 0.202348 0.0524698
0.12605 0.632911 1.44746 0.200518 0.0649272
0.151261 0.632911 1.44659 0.19869 0.0769039
0.176471 0.632911 1.44491 0.196549 0.088294
0.201681 0.632911 1.44289 0.194001 0.0990017
0.226891 0.632911 1.44073 0.191002 0.10895
0.252101 0.632911 1.43868 0.187526 0.118086
0.277311 0.632911 1.43715 0.183554 0.12638
0.302521 0.632911 1.43674 0.179086 0.133819
0.327731 0.632911 1.43796 0.174146 0.140393
0.352941 0.632911 1.44079 0.168786 0.14608
0.378151 0.632911 1.44437 0.163066 0.150855
0.403361 0.632911 1.4472 0.157024 0.154702
0.428571 0.632911 1.44783 0.150665 0.157632
0.453782 0.632911 1.44557 0.143966 0.159681
0.478992 0.632911 1.44071 0.136908 0.160896
0.504202 0.632911 1.43424 0.129498 0.161319
0.529412 0.632911 1.42731 0.121771 0.160976
0.554622 0.632911 1.42087 0.113785 0.159875
0.579832 0.632911 1.41545 0.105604 0.158006
0.605042 0.632911 1.41121 0.0972921 0.155352
0.630252 0.632911 1.40809 0.0889073 0.15189
0.655462 0.632911 1.40592 0.0805045 0.147591
0.680672 0.632911 1.40452 0.0721378 0.142424
0.705882 0.632911 1.40372 0.0638632 0.136353
0.731092 0.632911 1.40343 0.0557413 0.129341
0.756303 0.632911 1.40357 0.0478381 0.121348
0.781513 0.632911 1.40414 0.0402262 0.112335
0.806723 0.632911 1.40509 0.032984 0.102261
0.831933 0.632911 1.40647 0.0261962 0.0910938
0.857143 0.632911 1.40824 0.0199505 0.078803
0.882353 0.632911 1.41045 0.0143392 0.0653675
0.907563 0.632911 1.41304 0.00945218 0.0507726
0.932773 0.632911 1.41611 0.00537893 0.0350136
0.957983 0.632911 1.41954 0.00220343 0.0180871
0.983193 0.632911 1.42341 0 0
1.0084 0.632911 0 0 0
1.03361 0.632911 0 0 0
1.05882 0.632911 0 0 0
1.08403 0.632911 0 0 0
1.10924 0.632911 0 0 0
1.13445 0.632911 0 0 0
1.15966 0.632911 0 0 0
1.18487 0.632911 0 0 0
1.21008 0.632911 0 0 0
1.23529 0.632911 0 0 0
1.2605 0.632911 0 0 0
1.28571 0.632911 0 0 0
1.31092 0.632911 0 0 0
1.33613 0.632911 0 0 0
1.36134 0.632911 0 0 0
1.38655 0.632911 0 0 0
1.41176 0.632911 0 0 0
1.43697 0.632911 0 0 0
1.46218 0.632911 0 0 0
1.48739 0.632911 0 0 0
1.51261 0.632911 0 0 0
1.53782 0.632911 0 0 0
1.56303 0.632911 0 0 0
1.58824 0.632911 0 0 0
1.61345 0.632911 0 0 0
1.63866 0.632911 0 0 0
1.66387 0.632911 0 0 0
1.68908 0.632911 0 0 0
1.71429 0.632911 0 0 0
1.7395 0.632911 0 0 0
1.76471 0.632911 0 0 0
1.78992 0.632911 0 0 0
1.81513 0.632911 0 0 0
1.84034 0.632911 0 0 0
1.86555 0.632911 0 0 0
1.89076 0.632911 0 0 0
1.91597 0.632911 0 0 0
1.94118 0.632911 0 0 0
1.96639 0.632911 0 0 0
1.9916 0.632911 0 0 0
2.01681 0.632911 1.0009 0 0
2.04202 0.632911 1.00103 -8.37165e-05 -0.000460011
2.06723 0.632911 1.00119 -0.000133332 -0.000907707
2.09244 0.632911 1.00135 -0.000148662 -0.00133817
2.11765 0.632911 1.00151 -0.000131456 -0.00174594
2.14286 0.632911 1.00166 -8.46944e-05 -0.00212558
2.16807 0.632911 1.00181 -1.24571e-05 -0.00247238
2.19328 0.632911 1.00195 8.04902e-05 -0.0027827
2.21849 0.632911 1.00208 0.00018907 -0.00305417
2.2437 0.632911 1.00219 0.000308227 -0.00328566
2.26891 0.632911 1.00229 0.000433179 -0.00347719
2.29412 0.632911 1.00237 0.000559601 -0.00362976
2.31933 0.632911 1.00244 0.000683723 -0.00374512
2.34454 0.632911 1.00249 0.000802378 -0.00382561
2.36975 0.632911 1.00253 0.000913 -0.00387389
2.39496 0.632911 1.00255 0.00101359 -0.00389287
2.42017 0.632911 1.00257 0.00110268 -0.00388552
2.44538 0.632911 1.00257 0.00117925 -0.00385476
2.47059 0.632911 1.00257 0.00124267 -0.00380338
2.4958 0.632911 1.00255 0.00129266 -0.00373401
2.52101 0.632911 1.00253 0.00132919 -0.00364903
2.54622 0.632911 1.0025 0.00135246 -0.00355056
2.57143 0.632911 1.00247 0.00136283 -0.00344044
2.59664 0.632911 1.00243 0.00136077 -0.00332019
2.62185 0.632911 1.00239 0.00134683 -0.00319104
2.64706 0.632911 1.00235 0.00132162 -0.00305391
2.67227 0.632911 1.0023 0.00128575 -0.00290939
2.69748 0.632911 1.00225 0.00123981 -0.00275774
2.72269 0.632911 1.0022 0.00118439 -0.00259892
2.7479 0.632911 1.00215 0.00111996 -0.00243251
2.77311 0.632911 1.0021 0.00104695 -0.00225778
2.79832 0.632911 1.00205 0.000965671 -0.00207365
2.82353 0.632911 1.00199 0.000876303 -0.00187864
2.84874 0.632911 1.00194 0.000778873 -0.00167091
2.87395 0.632911 1.00189 0.000673232 -0.00144821
2.89916 0.632911 1.00183 0.000559021 -0.00120785
2.92437 0.632911 1.00178 0.000435641 -0.000946722
2.94958 0.632911 1.00173 0.000302209 -0.000661202
2.97479 0.632911 1.00167 0.000157551 -0.00034718
3 0.632911 1.00161 0 0

0 0.658228 1 0.3 0
0.0252101 0.658228 1.23675 0.240862 0.0132277
0.0504202 0.658228 1.37667 0.214974 0.0267029
0.0756303 0.658228 1.42777 0.206142 0.0400939
0.10084 0.658228 1.44061 0.202983 0.0532786
0.12605 0.658228 1.44233 0.201041 0.0661577
0.151261 0.658228 1.44122 0.199065 0.0786076
0.176471 0.658228 1.43928 0.196749 0.0904982
0.201681 0.658228 1.43688 0.194016 0.101708
0.226891 0.658228 1.43396 0.190853 0.112134
0.252101 0.658228 1.43017 0.18727 0.121688
0.277311 0.658228 1.42487 0.183275 0.130307
0.302521 0.658228 1.41741 0.178865 0.137965
0.327731 0.658228 1.40771 0.174008 0.144683
0.352941 0.658228 1.39677 0.168661 0.15052
0.378151 0.658228 1.38658 0.162809 0.155536
0.403361 0.658228 1.37921 0.156484 0.159759
0.428571 0.658228 1.37584 0.149765 0.163175
0.453782 0.658228 1.37637 0.142742 0.165745
0.478992 0.658228 1.37965 0.135489 0.167441
0.504202 0.658228 1.38418 0.128046 0.168252
0.529412 0.658228 1.38867 0.120433 0.168187
0.554622 0.658228 1.39234 0.112656 0.167261
0.579832 0.658228 1.3949 0.104725 0.165485
0.605042 0.658228 1.39644 0.0966624 0.162858
0.630252 0.658228 1.39721 0.088501 0.159368
0.655462 0.658228 1.39751 0.0802855 0.154993
0.680672 0.658228 1.3976 0.0720679 0.149699
0.705882 0.658228 1.39767 0.0639069 0.143448
0.731092 0.658228 1.39786 0.0558664 0.136196
0.756303 0.658228 1.39828 0.0480162 0.127896
0.781513 0.658228 1.399 0.0404322 0.1185
0.806723 0.658228 1.40006 0.0331963 0.107964
0.831933 0.658228 1.40149 0.0263971 0.0962471
0.857143 0.658228 1.40331 0.0201269 0.0833169
0.882353 0.658228 1.40557 0.0144827 0.06915
0.907563 0.658228 1.40822 0.00955993 0.0537329
0.932773 0.658228 1.41131 0.00545063 0.037065
0.957983 0.658228 1.41477 0.0022409 0.0191487
0.983193 0.658228 1.41857 0 0
1.0084 0.658228 0 0 0
1.03361 0.658228 0 0 0
1.05882 0.658228 0 0 0
1.08403 0.658228 0 0 0
1.10924 0.658228 0 0 0
1.13445 0.658228 0 0 0
1.15966 0.658228 0 0 0
1.18487 0.658228 0 0 0
1.21008 0.658228 0 0 0
1.23529 0.658228 0 0 0
1.2605 0.658228 0 0 0
1.28571 0.658228 0 0 0
1.31092 0.658228 0 0 0
1.33613 0.658228 0 0 0
1.36134 0.658228 0 0 0
1.38655 0.658228 0 0 0
1.41176 0.658228 0 0 0
1.43697 0.658228 0 0 0
1.46218 0.658228 0 0 0
1.48739 0.658228 0 0 0
1.51261 0.658228 0 0 0
1.53782 0.658228 0 0 0
1.56303 0.658228 0 0 0
1.58824 0.658228 0 0 0
1.61345 0.658228 0 0 0
1.63866 0.658228 0 0 0
1.66387 0.658228 0 0 0
1.68908 0.658228 0 0 0
1.71429 0.658228 0 0 0
1.7395 0.658228 0 0 0
1.76471 0.658228 0 0 0
1.78992 0.658228 0 0 0
1.81513 0.658228 0 0 0
1.84034 0.658228 0 0 0
1.86555 0.658228 0 0 0
1.89076 0.658228 0 0 0
1.91597 0.658228 0 0 0
1.94118 0.658228 0 0 0
1.96639 0.658228 0 0 0
1.9916 0.658228 0 0 0
2.01681 0.658228 1.00093 0 0
2.04202 0.658228 1.00108 -8.55141e-05 -0.000503651
2.06723 0.658228 1.00126 -0.000132273 -0.000996353
2.09244 0.658228 1.00144 -0.000139805 -0.00147128
2.11765 0.658228 1.00162 -0.000110311 -0.00192113
2.14286 0.658228 1.0018 -4.75743e-05 -0.00233889
2.16807 0.658228 1.00197 4.32579e-05 -0.00271869
2.19328 0.658228 1.00213 0.000156284 -0.00305622
2.21849 0.658228 1.00227 0.000285348 -0.00334886
2.2437 0.658228 1.0024 0.000424455 -0.0035956
2.26891 0.658228 1.00251 0.000568073 -0.00379686
2.29412 0.658228 1.0026 0.000711322 -0.00395419
2.31933 0.658228 1.00267 0.000850058 -0.00406998
2.34454 0.658228 1.00272 0.000980901 -0.00414722
2.36975 0.658228 1.00276 0.0011012 -0.00418927
2.39496 0.658228 1.00279 0.00120898 -0.00419963
2.42017 0.658228 1.0028 0.00130285 -0.00418181
2.44538 0.658228 1.0028 0.00138193 -0.00413923
2.47059 0.658228 1.00279 0.00144578 -0.0040751
2.4958 0.658228 1.00278 0.00149429 -0.00399239
2.52101 0.658228 1.00275 0.00152764 -0.00389377
2.54622 0.658228 1.00272 0.00154621 -0.00378157
2.57143 0.658228 1.00268 0.00155055 -0.00365783
2.59664 0.658228 1.00263 0.00154131 -0.00352419
2.62185 0.658228 1.00259 0.0015192 -0.00338198
2.64706 0.658228 1.00254 0.00148498 -0.00323216
2.67227 0.658228 1.00248 0.00143938 -0.00307534
2.69748 0.658228 1.00243 0.00138314 -0.00291179
2.72269 0.658228 1.00237 0.00131691 -0.00274141
2.7479 0.658228 1.00232 0.0012413 -0.00256373
2.77311 0.658228 1.00226 0.0011568 -0.00237794
2.79832 0.658228 1.00221 0.00106379 -0.00218283
2.82353 0.658228 1.00215 0.000962499 -0.00197678
2.84874 0.658228 1.0021 0.000853014 -0.00175778
2.87395 0.658228 1.00204 0.000735215 -0.00152337
2.89916 0.658228 1.00199 0.000608768 -0.00127063
2.92437 0.658228 1.00193 0.000473085 -0.000996143
2.94958 0.658228 1.00187 0.000327278 -0.000695976
2.97479 0.658228 1.00182 0.000170154 -0.000365628
3 0.658228 1.00175 0 0

0 0.683544 1 0.3 0
0.0252101 0.683544 1.23425 0.241389 0.0133012
0.0504202 0.683544 1.3726 0.21567 0.0269422
0.0756303 0.683544 1.42325 0.206822 0.040624
0.10084 0.683544 1.4359 0.203582 0.054209
0.12605 0.683544 1.43738 0.201513 0.0675656
0.151261 0.683544 1.43605 0.199357 0.0805393
0.176471 0.683544 1.43403 0.196808 0.0929779
0.201681 0.683544 1.43202 0.193788 0.104753
0.226891 0.683544 1.43066 0.190275 0.115774
0.252101 0.683544 1.43089 0.186266 0.12598
0.277311 0.683544 1.43375 0.181793 0.135324
0.302521 0.683544 1.43975 0.176932 0.143747
0.327731 0.683544 1.44792 0.171788 0.151176
0.352941 0.683544 1.4558 0.166436 0.157548
0.378151 0.683544 1.46043 0.160879 0.162847
0.403361 0.683544 1.45992 0.15505 0.167113
0.428571 0.683544 1.45424 0.148864 0.170423
0.453782 0.683544 1.44496 0.142273 0.172852
0.478992 0.683544 1.4342 0.135286 0.174453
0.504202 0.683544 1.42379 0.127958 0.175246
0.529412 0.683544 1.41486 0.12036 0.175228
0.554622 0.683544 1.4078 0.112558 0.174382
0.579832 0.683544 1.40255 0.104607 0.172687
0.605042 0.683544 1.39881 0.0965504 0.170118
0.630252 0.683544 1.39624 0.0884259 0.166645
0.655462 0.683544 1.39453 0.0802704 0.162237
0.680672 0.683544 1.39348 0.0721245 0.156857
0.705882 0.683544 1.39292 0.0640349 0.150458
0.731092 0.683544 1.39281 0.0560561 0.142994
0.756303 0.683544 1.39308 0.0482507 0.13441
0.781513 0.683544 1.39376 0.0406912 0.124653
0.806723 0.683544 1.39481 0.0334584 0.113671
0.831933 0.683544 1.3963 0.0266428 0.101418
0.857143 0.683544 1.39816 0.0203408 0.0878544
0.882353 0.683544 1.40047 0.0146546 0.0729567
0.907563 0.683544 1.40315 0.00968609 0.0567116
0.932773 0.683544 1.40625 0.00553125 0.039126
0.957983 0.683544 1.40975 0.00228107 0.020212
0.983193 0.683544 1.41349 0 0
1.0084 0.683544 0 0 0
1.03361 0.683544 0 0 0
1.05882 0.683544 0 0 0
1.08403 0.683544 0 0 0
1.10924 0.683544 0 0 0
1.13445 0.683544 0 0 0
1.15966 0.683544 0 0 0
1.18487 0.683544 0 0 0
1.21008 0.683544 0 0 0
1.23529 0.683544 0 0 0
1.2605 0.683544 0 0 0
1.28571 0.683544 0 0 0
1.31092 0.683544 0 0 0
1.33613 0.683544 0 0 0
1.36134 0.683544 0 0 0
1.38655 0.683544 0 0 0
1.41176 0.683544 0 0 0
1.43697 0.683544 0 0 0
1.46218 0.683544 0 0 0
1.48739 0.683544 0 0 0
1.51261 0.683544 0 0 0
1.53782 0.683544 0 0 0
1.56303 0.683544 0 0 0
1.58824 0.683544 0 0 0
1.61345 0.683544 0 0 0
1.63866 0.683544 0 0 0
1.66387 0.683544 0 0 0
1.68908 0.683544 0 0 0
1.71429 0.683544 0 0 0
1.7395 0.683544 0 0 0
1.76471 0.683544 0 0 0
1.78992 0.683544 0 0 0
1.81513 0.683544 0 0 0
1.84034 0.683544 0 0 0
1.86555 0.683544 0 0 0
1.89076 0.683544 0 0 0
1.91597 0.683544 0 0 0
1.94118 0.683544 0 0 0
1.96639 0.683544 0 0 0
1.9916 0.683544 0 0 0
2.01681 0.683544 1.00094 0 0
2.04202 0.683544 1.00112 -8.62313e-05 -0.000552932
2.06723 0.683544 1.00132 -0.000128064 -0.00109696
2.09244 0.683544 1.00154 -0.000124692 -0.00162259
2.11765 0.683544 1.00175 -7.902e-05 -0.00212006
2.14286 0.683544 1.00196 4.01123e-06 -0.00258036
2.16807 0.683544 1.00215 0.000117818 -0.00299625
2.19328 0.683544 1.00233 0.000255038 -0.00336273
2.21849 0.683544 1.00249 0.000408196 -0.00367708
2.2437 0.683544 1.00263 0.000570212 -0.00393859
2.26891 0.683544 1.00275 0.000734738 -0.0041483
2.29412 0.683544 1.00285 0.000896335 -0.00430852
2.31933 0.683544 1.00292 0.00105053 -0.0044225
2.34454 0.683544 1.00298 0.00119381 -0.00449407
2.36975 0.683544 1.00302 0.00132352 -0.00452735
2.39496 0.683544 1.00305 0.00143779 -0.00452657
2.42017 0.683544 1.00306 0.0015354 -0.00449588
2.44538 0.683544 1.00305 0.0016157 -0.0044392
2.47059 0.683544 1.00304 0.00167847 -0.00436021
2.4958 0.683544 1.00301 0.00172388 -0.00426224
2.52101 0.683544 1.00298 0.00175232 -0.00414823
2.54622 0.683544 1.00294 0.00176442 -0.00402077
2.57143 0.683544 1.0029 0.00176094 -0.00388204
2.59664 0.683544 1.00285 0.00174273 -0.00373381
2.62185 0.683544 1.00279 0.00171069 -0.0035775
2.64706 0.683544 1.00274 0.00166573 -0.00341409
2.67227 0.683544 1.00268 0.00160874 -0.00324422
2.69748 0.683544 1.00262 0.00154057 -0.00306813
2.72269 0.683544 1.00256 0.00146199 -0.00288566
2.7479 0.683544 1.0025 0.0013737 -0.00269629
2.77311 0.683544 1.00244 0.00127627 -0.00249909
2.79832 0.683544 1.00238 0.00117015 -0.00229273
2.82353 0.683544 1.00232 0.00105565 -0.00207544
2.84874 0.683544 1.00226 0.000932882 -0.00184503
2.87395 0.683544 1.0022 0.000801769 -0.00159881
2.89916 0.683544 1.00214 0.000662003 -0.00133362
2.92437 0.683544 1.00209 0.000513011 -0.00104574
2.94958 0.683544 1.00203 0.000353908 -0.000730892
2.97479 0.683544 1.00197 0.000183487 -0.000384166
3 0.683544 1.00191 0 0

0 0.708861 1 0.3 0
0.0252101 0.708861 1.23206 0.241863 0.0133706
0.0504202 0.708861 1.36898 0.216305 0.0271998
0.0756303 0.708861 1.41914 0.207448 0.0412254
0.10084 0.708861 1.43147 0.204124 0.0552786
0.12605 0.708861 1.43253 0.201912 0.0691755
0.151261 0.708861 1.43061 0.199567 0.0827094
0.176471 0.708861 1.42759 0.196816 0.0956774
0.201681 0.708861 1.42343 0.193641 0.107897
0.226891 0.708861 1.41729 0.190079 0.119221
0.252101 0.708861 1.40794 0.186153 0.129552
0.277311 0.708861 1.39467 0.181834 0.138879
0.302521 0.708861 1.37849 0.177051 0.147271
0.327731 0.708861 1.36238 0.171745 0.154824
0.352941 0.708861 1.3501 0.16593 0.161581
0.378151 0.708861 1.34425 0.159704 0.1675
0.403361 0.708861 1.34517 0.1532 0.17249
0.428571 0.708861 1.35118 0.146526 0.176476
0.453782 0.708861 1.35969 0.139735 0.179437
0.478992 0.708861 1.36832 0.132826 0.181397
0.504202 0.708861 1.37556 0.125772 0.182402
0.529412 0.708861 1.38082 0.118547 0.182492
0.554622 0.708861 1.38416 0.111139 0.181691
0.579832 0.708861 1.38599 0.103557 0.180004
0.605042 0.708861 1.38678 0.0958229 0.177418
0.630252 0.708861 1.38696 0.0879712 0.173907
0.655462 0.708861 1.38686 0.0800421 0.169434
0.680672 0.708861 1.38671 0.072081 0.163953
0.705882 0.708861 1.38665 0.0641382 0.15741
0.731092 0.708861 1.3868 0.0562701 0.149745
0.756303 0.708861 1.38722 0.0485408 0.140896
0.781513 0.708861 1.38796 0.0410229 0.130797
0.806723 0.708861 1.38907 0.0337997 0.119387
0.831933 0.708861 1.39056 0.0269641 0.106609
0.857143 0.708861 1.39249 0.0206186 0.0924206
0.882353 0.708861 1.39483 0.0148728 0.0767912
0.907563 0.708861 1.39764 0.00983915 0.0597135
0.932773 0.708861 1.40083 0.00562316 0.0412006
0.957983 0.708861 1.40446 0.00232318 0.0212791
0.983193 0.708861 1.4082 0 0
1.0084 0.708861 0 0 0
1.03361 0.708861 0 0 0
1.05882 0.708861 0 0 0
1.08403 0.708861 0 0 0
1.10924 0.708861 0 0 0
1.13445 0.708861 0 0 0
1.15966 0.708861 0 0 0
1.18487 0.708861 0 0 0
1.21008 0.708861 0 0 0
1.23529 0.708861 0 0 0
1.2605 0.708861 0 0 0
1.28571 0.708861 0 0 0
1.31092 0.708861 0 0 0
1.33613 0.708861 0 0 0
1.36134 0.708861 0 0 0
1.38655 0.708861 0 0 0
1.41176 0.708861 0 0 0
1.43697 0.708861 0 0 0
1.46218 0.708861 0 0 0
1.48739 0.708861 0 0 0
1.51261 0.708861 0 0 0
1.53782 0.708861 0 0 0
1.56303 0.708861 0 0 0
1.58824 0.708861 0 0 0
1.61345 0.708861 0 0 0
1.63866 0.708861 0 0 0
1.66387 0.708861 0 0 0
1.68908 0.708861 0 0 0
1.71429 0.708861 0 0 0
1.7395 0.708861 0 0 0
1.76471 0.708861 0 0 0
1.78992 0.708861 0 0 0
1.81513 0.708861 0 0 0
1.84034 0.708861 0 0 0
1.86555 0.708861 0 0 0
1.89076 0.708861 0 0 0
1.91597 0.708861 0 0 0
1.94118 0.708861 0 0 0
1.96639 0.708861 0 0 0
1.9916 0.708861 0 0 0
2.01681 0.708861 1.00094 0 0
2.04202 0.708861 1.00115 -8.54364e-05 -0.000609097
2.06723 0.708861 1.00139 -0.000119509 -0.00121218
2.09244 0.708861 1.00163 -0.000101053 -0.001796
2.11765 0.708861 1.00188 -3.41164e-05 -0.00234752
2.14286 0.708861 1.00213 7.46943e-05 -0.00285519
2.16807 0.708861 1.00235 0.000216844 -0.00331026
2.19328 0.708861 1.00255 0.000383108 -0.00370709
2.21849 0.708861 1.00273 0.00056442 -0.00404308
2.2437 0.708861 1.00289 0.000752484 -0.00431815
2.26891 0.708861 1.00302 0.000940106 -0.00453424
2.29412 0.708861 1.00312 0.00112134 -0.00469474
2.31933 0.708861 1.00321 0.00129148 -0.00480398
2.34454 0.708861 1.00327 0.00144699 -0.0048668
2.36975 0.708861 1.00331 0.00158534 -0.00488828
2.39496 0.708861 1.00333 0.00170488 -0.00487344
2.42017 0.708861 1.00333 0.00180468 -0.00482712
2.44538 0.708861 1.00332 0.0018844 -0.00475382
2.47059 0.708861 1.0033 0.00194415 -0.00465767
2.4958 0.708861 1.00327 0.00198438 -0.00454237
2.52101 0.708861 1.00323 0.0020058 -0.00441117
2.54622 0.708861 1.00319 0.00200931 -0.00426685
2.57143 0.708861 1.00313 0.00199591 -0.00411174
2.59664 0.708861 1.00308 0.00196668 -0.00394774
2.62185 0.708861 1.00301 0.0019227 -0.00377631
2.64706 0.708861 1.00295 0.00186507 -0.00359847
2.67227 0.708861 1.00289 0.00179482 -0.00341483
2.69748 0.708861 1.00282 0.00171294 -0.00322561
2.72269 0.708861 1.00275 0.0016203 -0.00303059
2.7479 0.708861 1.00269 0.00151771 -0.00282917
2.77311 0.708861 1.00262 0.00140582 -0.00262029
2.79832 0.708861 1.00256 0.00128514 -0.00240249
2.82353 0.708861 1.0025 0.00115605 -0.00217384
2.84874 0.708861 1.00243 0.00101869 -0.00193196
2.87395 0.708861 1.00237 0.000873049 -0.00167394
2.89916 0.708861 1.00231 0.000718829 -0.00139633
2.92437 0.708861 1.00225 0.000555482 -0.00109512
2.94958 0.708861 1.0022 0.000382129 -0.000765666
2.97479 0.708861 1.00214 0.000197559 -0.000402644
3 0.708861 1.00208 0 0

0 0.734177 1 0.3 0
0.0252101 0.734177 1.23026 0.242264 0.0134277
0.0504202 0.734177 1.36596 0.216855 0.0274734
0.0756303 0.734177 1.41556 0.207991 0.0419159
0.10084 0.734177 1.42746 0.204557 0.0565338
0.12605 0.734177 1.42818 0.202132 0.0710734
0.151261 0.734177 1.42637 0.199464 0.085283
0.176471 0.734177 1.4248 0.196264 0.0989547
0.201681 0.734177 1.42519 0.192492 0.111941
0.226891 0.734177 1.4294 0.188196 0.124132
0.252101 0.734177 1.43877 0.183501 0.135414
0.277311 0.734177 1.45257 0.178597 0.145643
0.302521 0.734177 1.46718 0.173647 0.154682
0.327731 0.734177 1.47745 0.168687 0.162472
0.352941 0.734177 1.47946 0.163602 0.169057
0.378151 0.734177 1.47262 0.158211 0.174556
0.403361 0.734177 1.45936 0.152389 0.179096
0.428571 0.734177 1.44335 0.146121 0.182768
0.453782 0.734177 1.42774 0.13947 0.185609
0.478992 0.734177 1.41443 0.132529 0.187615
0.504202 0.734177 1.40404 0.125379 0.188764
0.529412 0.734177 1.39643 0.118074 0.189034
0.554622 0.734177 1.39107 0.110643 0.188402
0.579832 0.734177 1.38737 0.103102 0.186851
0.605042 0.734177 1.38484 0.0954662 0.184357
0.630252 0.734177 1.3831 0.0877491 0.180893
0.655462 0.734177 1.38194 0.079972 0.176419
0.680672 0.734177 1.38122 0.0721629 0.170887
0.705882 0.734177 1.38087 0.0643581 0.164241
0.731092 0.734177 1.38089 0.0566035 0.156415
0.756303 0.734177 1.38125 0.0489552 0.147336
0.781513 0.734177 1.38202 0.0414818 0.13693
0.806723 0.734177 1.38317 0.0342638 0.125123
0.831933 0.734177 1.38482 0.0273982 0.11185
0.857143 0.734177 1.38683 0.0209927 0.0970523
0.882353 0.734177 1.38938 0.0151671 0.0807007
0.907563 0.734177 1.39223 0.0100471 0.0627807
0.932773 0.734177 1.39545 0.00574599 0.0433211
0.957983 0.734177 1.39912 0.00237745 0.0223667
0.983193 0.734177 1.40281 0 0
1.0084 0.734177 0 0 0
1.03361 0.734177 0 0 0
1.05882 0.734177 0 0 0
1.08403 0.734177 0 0 0
1.10924 0.734177 0 0 0
1.13445 0.734177 0 0 0
1.15966 0.734177 0 0 0
1.18487 0.734177 0 0 0
1.21008 0.734177 0 0 0
1.23529 0.734177 0 0 0
1.2605 0.734177 0 0 0
1.28571 0.734177 0 0 0
1.31092 0.734177 0 0 0
1.33613 0.734177 0 0 0
1.36134 0.734177 0 0 0
1.38655 0.734177 0 0 0
1.41176 0.734177 0 0 0
1.43697 0.734177 0 0 0
1.46218 0.734177 0 0 0
1.48739 0.734177 0 0 0
1.51261 0.734177 0 0 0
1.53782 0.734177 0 0 0
1.56303 0.734177 0 0 0
1.58824 0.734177 0 0 0
1.61345 0.734177 0 0 0
1.63866 0.734177 0 0 0
1.66387 0.734177 0 0 0
1.68908 0.734177 0 0 0
1.71429 0.734177 0 0 0
1.7395 0.734177 0 0 0
1.76471 0.734177 0 0 0
1.78992 0.734177 0 0 0
1.81513 0.734177 0 0 0
1.84034 0.734177 0 0 0
1.86555 0.734177 0 0 0
1.89076 0.734177 0 0 0
1.91597 0.734177 0 0 0
1.94118 0.734177 0 0 0
1.96639 0.734177 0 0 0
1.9916 0.734177 0 0 0
2.01681 0.734177 1.00092 0 0
2.04202 0.734177 1.00115 -8.25109e-05 -0.000673861
2.06723 0.734177 1.00144 -0.000104885 -0.00134563
2.09244 0.734177 1.00173 -6.56703e-05 -0.00199671
2.11765 0.734177 1.00203 2.92314e-05 -0.00260968
2.14286 0.734177 1.00231 0.000170781 -0.00316989
2.16807 0.734177 1.00257 0.000347804 -0.00366696
2.19328 0.734177 1.0028 0.000548724 -0.00409488
2.21849 0.734177 1.00301 0.00076262 -0.00445152
2.2437 0.734177 1.00318 0.000979886 -0.0047379
2.26891 0.734177 1.00332 0.00119253 -0.00495731
2.29412 0.734177 1.00343 0.00139423 -0.00511454
2.31933 0.734177 1.00352 0.00158021 -0.00521528
2.34454 0.734177 1.00358 0.00174708 -0.00526562
2.36975 0.734177 1.00361 0.00189262 -0.0052717
2.39496 0.734177 1.00363 0.00201554 -0.00523944
2.42017 0.734177 1.00363 0.00211535 -0.00517442
2.44538 0.734177 1.00362 0.0021921 -0.00508173
2.47059 0.734177 1.00359 0.00224631 -0.00496598
2.4958 0.734177 1.00355 0.00227882 -0.00483121
2.52101 0.734177 1.0035 0.00229067 -0.00468095
2.54622 0.734177 1.00345 0.00228308 -0.00451816
2.57143 0.734177 1.00338 0.00225733 -0.00434532
2.59664 0.734177 1.00332 0.00221471 -0.0041644
2.62185 0.734177 1.00325 0.00215655 -0.00397688
2.64706 0.734177 1.00318 0.00208409 -0.00378382
2.67227 0.734177 1.0031 0.00199854 -0.00358578
2.69748 0.734177 1.00303 0.001901 -0.00338293
2.72269 0.734177 1.00296 0.00179247 -0.00317499
2.7479 0.734177 1.00289 0.00167384 -0.00296122
2.77311 0.734177 1.00282 0.00154584 -0.00274048
2.79832 0.734177 1.00275 0.00140906 -0.00251114
2.82353 0.734177 1.00268 0.00126392 -0.00227111
2.84874 0.734177 1.00262 0.00111062 -0.0020178
2.87395 0.734177 1.00255 0.000949176 -0.00174806
2.89916 0.734177 1.00249 0.000779327 -0.00145818
2.92437 0.734177 1.00243 0.000600543 -0.00114383
2.94958 0.734177 1.00237 0.000411961 -0.000799986
2.97479 0.734177 1.00231 0.000212375 -0.000420896
3 0.734177 1.00225 0 0

0 0.759494 1 0.3 0
0.0252101 0.759494 1.22902 0.242563 0.0134629
0.0504202 0.759494 1.36376 0.217288 0.027764
0.0756303 0.759494 1.41257 0.208423 0.0427202
0.10084 0.759494 1.42355 0.204872 0.0580066
0.12605 0.759494 1.4229 0.202251 0.0732375
0.151261 0.759494 1.41844 0.199387 0.0880388
0.176471 0.759494 1.41102 0.196102 0.102089
0.201681 0.759494 1.39914 0.192435 0.11516
0.226891 0.759494 1.38129 0.188391 0.127167
0.252101 0.759494 1.35828 0.183886 0.138191
0.277311 0.759494 1.33431 0.178821 0.148388
0.302521 0.759494 1.3155 0.173199 0.157837
0.327731 0.759494 1.3065 0.167158 0.166447
0.352941 0.759494 1.30827 0.16091 0.174032
0.378151 0.759494 1.31825 0.154628 0.180439
0.403361 0.759494 1.33221 0.148385 0.185633
0.428571 0.759494 1.34624 0.142162 0.189674
0.453782 0.759494 1.3579 0.135885 0.192659
0.478992 0.759494 1.3663 0.129484 0.194675
0.504202 0.759494 1.37162 0.122908 0.195779
0.529412 0.759494 1.37454 0.116139 0.195997
0.554622 0.759494 1.37582 0.109181 0.195328
0.579832 0.759494 1.37609 0.10205 0.193756
0.605042 0.759494 1.37583 0.0947678 0.191252
0.630252 0.759494 1.37535 0.0873599 0.187775
0.655462 0.759494 1.37486 0.0798535 0.183276
0.680672 0.759494 1.37448 0.0722788 0.177694
0.705882 0.759494 1.3743 0.064671 0.170962
0.731092 0.759494 1.37437 0.0570725 0.163002
0.756303 0.759494 1.37477 0.0495358 0.153727
0.781513 0.759494 1.37548 0.0421246 0.14305
0.806723 0.759494 1.37663 0.0349196 0.130881
0.831933 0.759494 1.3781 0.0280145 0.117135
0.857143 0.759494 1.38016 0.0215252 0.101747
0.882353 0.759494 1.38253 0.0155794 0.084669
0.907563 0.759494 1.38568 0.0103216 0.0659012
0.932773 0.759494 1.38915 0.00589401 0.045474
0.957983 0.759494 1.3933 0.00243102 0.0234674
0.983193 0.759494 1.39719 0 0
1.0084 0.759494 0 0 0
1.03361 0.759494 0 0 0
1.05882 0.759494 0 0 0
1.08403 0.759494 0 0 0
1.10924 0.759494 0 0 0
1.13445 0.759494 0 0 0
1.15966 0.759494 0 0 0
1.18487 0.759494 0 0 0
1.21008 0.759494 0 0 0
1.23529 0.759494 0 0 0
1.2605 0.759494 0 0 0
1.28571 0.759494 0 0 0
1.31092 0.759494 0 0 0
1.33613 0.759494 0 0 0
1.36134 0.759494 0 0 0
1.38655 0.759494 0 0 0
1.41176 0.759494 0 0 0
1.43697 0.759494 0 0 0
1.46218 0.759494 0 0 0
1.48739 0.759494 0 0 0
1.51261 0.759494 0 0 0
1.53782 0.759494 0 0 0
1.56303 0.759494 0 0 0
1.58824 0.759494 0 0 0
1.61345 0.759494 0 0 0
1.63866 0.759494 0 0 0
1.66387 0.759494 0 0 0
1.68908 0.759494 0 0 0
1.71429 0.759494 0 0 0
1.7395 0.759494 0 0 0
1.76471 0.759494 0 0 0
1.78992 0.759494 0 0 0
1.81513 0.759494 0 0 0
1.84034 0.759494 0 0 0
1.86555 0.759494 0 0 0
1.89076 0.759494 0 0 0
1.91597 0.759494 0 0 0
1.94118 0.759494 0 0 0
1.96639 0.759494 0 0 0
1.9916 0.759494 0 0 0
2.01681 0.759494 1.00086 0 0
2.04202 0.759494 1.00113 -7.65407e-05 -0.000749666
2.06723 0.759494 1.00148 -8.1651e-05 -0.00150232
2.09244 0.759494 1.00184 -1.38707e-05 -0.00223168
2.11765 0.759494 1.00219 0.000117858 -0.00291453
2.14286 0.759494 1.00252 0.00030094 -0.00353253
2.16807 0.759494 1.00282 0.000520663 -0.00407377
2.19328 0.759494 1.00309 0.000762559 -0.00453236
2.21849 0.759494 1.00331 0.00101363 -0.00490733
2.2437 0.759494 1.0035 0.00126298 -0.00520141
2.26891 0.759494 1.00366 0.00150199 -0.00541976
2.29412 0.759494 1.00377 0.0017242 -0.00556905
2.31933 0.759494 1.00386 0.00192502 -0.00565663
2.34454 0.759494 1.00392 0.00210147 -0.00569001
2.36975 0.759494 1.00395 0.00225184 -0.00567653
2.39496 0.759494 1.00397 0.00237542 -0.00562309
2.42017 0.759494 1.00396 0.00247224 -0.00553602
2.44538 0.759494 1.00393 0.00254293 -0.00542101
2.47059 0.759494 1.0039 0.00258848 -0.00528311
2.4958 0.759494 1.00385 0.00261017 -0.00512669
2.52101 0.759494 1.00379 0.00260944 -0.00495551
2.54622 0.759494 1.00372 0.00258784 -0.0047727
2.57143 0.759494 1.00365 0.00254693 -0.00458083
2.59664 0.759494 1.00357 0.00248829 -0.00438191
2.62185 0.759494 1.0035 0.00241342 -0.00417746
2.64706 0.759494 1.00342 0.00232377 -0.00396848
2.67227 0.759494 1.00333 0.00222068 -0.00375551
2.69748 0.759494 1.00325 0.00210539 -0.00353863
2.72269 0.759494 1.00317 0.001979 -0.00331747
2.7479 0.759494 1.0031 0.00184248 -0.0030912
2.77311 0.759494 1.00302 0.00169665 -0.00285851
2.79832 0.759494 1.00295 0.00154215 -0.00261764
2.82353 0.759494 1.00288 0.00137944 -0.0023663
2.84874 0.759494 1.00281 0.00120879 -0.0021017
2.87395 0.759494 1.00274 0.00103023 -0.00182046
2.89916 0.759494 1.00268 0.00084354 -0.00151858
2.92437 0.759494 1.00262 0.000648215 -0.00119139
2.94958 0.759494 1.00256 0.000443408 -0.000833514
2.97479 0.759494 1.0025 0.000227932 -0.000438742
3 0.759494 1.00244 0 0

0 0.78481 1 0.3 0
0.0252101 0.78481 1.22861 0.242713 0.0134672
0.0504202 0.78481 1.36276 0.217536 0.0280933
0.0756303 0.78481 1.41073 0.20863 0.0437295
0.10084 0.78481 1.42118 0.204816 0.0599004
0.12605 0.78481 1.42146 0.201676 0.0761033
0.151261 0.78481 1.42175 0.198016 0.0919502
0.176471 0.78481 1.42688 0.193668 0.107168
0.201681 0.78481 1.43982 0.188806 0.121522
0.226891 0.78481 1.46036 0.183764 0.134747
0.252101 0.78481 1.48337 0.178872 0.146592
0.277311 0.78481 1.50039 0.174241 0.156928
0.302521 0.78481 1.50456 0.169693 0.165821
0.327731 0.78481 1.49471 0.164907 0.173472
0.352941 0.78481 1.47505 0.159658 0.180099
0.378151 0.78481 1.45173 0.153915 0.185849
0.403361 0.78481 1.4297 0.14779 0.190771
0.428571 0.78481 1.41156 0.141429 0.194849
0.453782 0.78481 1.39794 0.134936 0.198047
0.478992 0.78481 1.38833 0.128363 0.200336
0.504202 0.78481 1.38177 0.121721 0.2017
0.529412 0.78481 1.37733 0.115001 0.202134
0.554622 0.78481 1.3743 0.108187 0.201632
0.579832 0.78481 1.37215 0.101268 0.200185
0.605042 0.78481 1.37058 0.0942395 0.197768
0.630252 0.78481 1.3694 0.0871025 0.194348
0.655462 0.78481 1.36854 0.0798656 0.189876
0.680672 0.78481 1.36797 0.0725441 0.184291
0.705882 0.78481 1.36767 0.0651604 0.177519
0.731092 0.78481 1.3677 0.057746 0.169472
0.756303 0.78481 1.36807 0.0503421 0.160054
0.781513 0.78481 1.3689 0.0430061 0.149161
0.806723 0.78481 1.37011 0.0358087 0.136686
0.831933 0.78481 1.37204 0.0288502 0.122527
0.857143 0.78481 1.37427 0.0222467 0.106592
0.882353 0.78481 1.37743 0.0161491 0.0888301
0.907563 0.78481 1.38062 0.0107238 0.0692086
0.932773 0.78481 1.38432 0.00612788 0.0477841
0.957983 0.78481 1.3883 0.00253041 0.0246562
0.983193 0.78481 1.39207 0 0
1.0084 0.78481 0 0 0
1.03361 0.78481 0 0 0
1.05882 0.78481 0 0 0
1.08403 0.78481 0 0 0
1.10924 0.78481 0 0 0
1.13445 0.78481 0 0 0
1.15966 0.78481 0 0 0
1.18487 0.78481 0 0 0
1.21008 0.78481 0 0 0
1.23529 0.78481 0 0 0
1.2605 0.78481 0 0 0
1.28571 0.78481 0 0 0
1.31092 0.78481 0 0 0
1.33613 0.78481 0 0 0
1.36134 0.78481 0 0 0
1.38655 0.78481 0 0 0
1.41176 0.78481 0 0 0
1.43697 0.78481 0 0 0
1.46218 0.78481 0 0 0
1.48739 0.78481 0 0 0
1.51261 0.78481 0 0 0
1.53782 0.78481 0 0 0
1.56303 0.78481 0 0 0
1.58824 0.78481 0 0 0
1.61345 0.78481 0 0 0
1.63866 0.78481 0 0 0
1.66387 0.78481 0 0 0
1.68908 0.78481 0 0 0
1.71429 0.78481 0 0 0
1.7395 0.78481 0 0 0
1.76471 0.78481 0 0 0
1.78992 0.78481 0 0 0
1.81513 0.78481 0 0 0
1.84034 0.78481 0 0 0
1.86555 0.78481 0 0 0
1.89076 0.78481 0 0 0
1.91597 0.78481 0 0 0
1.94118 0.78481 0 0 0
1.96639 0.78481 0 0 0
1.9916 0.78481 0 0 0
2.01681 0.78481 1.00075 0 0
2.04202 0.78481 1.00108 -6.61238e-05 -0.00084011
2.06723 0.78481 1.00151 -4.59295e-05 -0.00168934
2.09244 0.78481 1.00194 6.12793e-05 -0.0025104
2.11765 0.78481 1.00237 0.00024158 -0.00327244
2.14286 0.78481 1.00276 0.000477197 -0.00395305
2.16807 0.78481 1.00311 0.000748773 -0.00453932
2.19328 0.78481 1.00341 0.00103843 -0.00502637
2.21849 0.78481 1.00366 0.00133102 -0.00541543
2.2437 0.78481 1.00387 0.00161459 -0.00571177
2.26891 0.78481 1.00403 0.00188025 -0.00592316
2.29412 0.78481 1.00416 0.00212179 -0.00605856
2.31933 0.78481 1.00424 0.00233519 -0.00612729
2.34454 0.78481 1.0043 0.0025182 -0.00613851
2.36975 0.78481 1.00432 0.00266991 -0.00610081
2.39496 0.78481 1.00433 0.00279035 -0.00602208
2.42017 0.78481 1.00431 0.00288031 -0.00590941
2.44538 0.78481 1.00427 0.00294103 -0.00576905
2.47059 0.78481 1.00423 0.00297409 -0.00560643
2.4958 0.78481 1.00416 0.00298126 -0.00542622
2.52101 0.78481 1.00409 0.00296442 -0.00523235
2.54622 0.78481 1.00402 0.00292547 -0.00502806
2.57143 0.78481 1.00393 0.00286627 -0.00481599
2.59664 0.78481 1.00385 0.00278865 -0.00459814
2.62185 0.78481 1.00376 0.00269432 -0.00437602
2.64706 0.78481 1.00367 0.0025849 -0.00415057
2.67227 0.78481 1.00358 0.00246188 -0.00392227
2.69748 0.78481 1.00349 0.0023266 -0.00369109
2.72269 0.78481 1.0034 0.00218027 -0.00345657
2.7479 0.78481 1.00332 0.00202392 -0.00321773
2.77311 0.78481 1.00323 0.00185845 -0.00297313
2.79832 0.78481 1.00315 0.00168454 -0.00272084
2.82353 0.78481 1.00308 0.00150271 -0.0024584
2.84874 0.78481 1.00301 0.00131326 -0.00218278
2.87395 0.78481 1.00294 0.00111624 -0.00189036
2.89916 0.78481 1.00287 0.000911479 -0.00157686
2.92437 0.78481 1.00281 0.000698491 -0.0012373
2.94958 0.78481 1.00275 0.000476459 -0.000865886
2.97479 0.78481 1.00269 0.000244217 -0.000455989
3 0.78481 1.00263 0 0

0 0.810127 1 0.3 0
0.0252101 0.810127 1.22937 0.242656 0.0134231
0.0504202 0.810127 1.36319 0.217562 0.0284733
0.0756303 0.810127 1.40904 0.208668 0.0449581
0.10084 0.810127 1.41567 0.204724 0.0620493
0.12605 0.810127 1.40834 0.201475 0.0789101
0.151261 0.810127 1.39261 0.197923 0.0949312
0.176471 0.810127 1.3678 0.193917 0.109826
0.201681 0.810127 1.33496 0.189359 0.123662
0.226891 0.810127 1.30039 0.184125 0.136698
0.252101 0.810127 1.27362 0.178235 0.149066
0.277311 0.810127 1.26196 0.171928 0.160585
0.302521 0.810127 1.26664 0.165552 0.170891
0.327731 0.810127 1.2832 0.159383 0.179725
0.352941 0.810127 1.30477 0.153516 0.187067
0.378151 0.810127 1.32543 0.147884 0.193067
0.403361 0.810127 1.34186 0.142351 0.197917
0.428571 0.810127 1.35319 0.136783 0.201771
0.453782 0.810127 1.36005 0.131096 0.20472
0.478992 0.810127 1.36363 0.12525 0.206804
0.504202 0.810127 1.36507 0.119234 0.208033
0.529412 0.810127 1.36524 0.113054 0.208397
0.554622 0.810127 1.36474 0.106717 0.207876
0.579832 0.810127 1.36394 0.100232 0.206441
0.605042 0.810127 1.36305 0.0936067 0.204054
0.630252 0.810127 1.3622 0.0868472 0.20067
0.655462 0.810127 1.36147 0.0799619 0.196229
0.680672 0.810127 1.36093 0.0729615 0.190662
0.705882 0.810127 1.36061 0.0658613 0.183884
0.731092 0.810127 1.36057 0.0586829 0.175798
0.756303 0.810127 1.36086 0.0514588 0.166293
0.781513 0.810127 1.36147 0.0442331 0.155245
0.806723 0.810127 1.36258 0.0370737 0.142524
0.831933 0.810127 1.36387 0.0300623 0.127999
0.857143 0.810127 1.36606 0.0233264 0.111556
0.882353 0.810127 1.36813 0.0170065 0.0930949
0.907563 0.810127 1.37177 0.0112989 0.0726106
0.932773 0.810127 1.37557 0.00642511 0.0501282
0.957983 0.810127 1.38096 0.00260914 0.0258489
0.983193 0.810127 1.38579 0 0
1.0084 0.810127 0 0 0
1.03361 0.810127 0 0 0
1.05882 0.810127 0 0 0
1.08403 0.810127 0 0 0
1.10924 0.810127 0 0 0
1.13445 0.810127 0 0 0
1.15966 0.810127 0 0 0
1.18487 0.810127 0 0 0
1.21008 0.810127 0 0 0
1.23529 0.810127 0 0 0
1.2605 0.810127 0 0 0
1.28571 0.810127 0 0 0
1.31092 0.810127 0 0 0
1.33613 0.810127 0 0 0
1.36134 0.810127 0 0 0
1.38655 0.810127 0 0 0
1.41176 0.810127 0 0 0
1.43697 0.810127 0 0 0
1.46218 0.810127 0 0 0
1.48739 0.810127 0 0 0
1.51261 0.810127 0 0 0
1.53782 0.810127 0 0 0
1.56303 0.810127 0 0 0
1.58824 0.810127 0 0 0
1.61345 0.810127 0 0 0
1.63866 0.810127 0 0 0
1.66387 0.810127 0 0 0
1.68908 0.810127 0 0 0
1.71429 0.810127 0 0 0
1.7395 0.810127 0 0 0
1.76471 0.810127 0 0 0
1.78992 0.810127 0 0 0
1.81513 0.810127 0 0 0
1.84034 0.810127 0 0 0
1.86555 0.810127 0 0 0
1.89076 0.810127 0 0 0
1.91597 0.810127 0 0 0
1.94118 0.810127 0 0 0
1.96639 0.810127 0 0 0
1.9916 0.810127 0 0 0
2.01681 0.810127 1.00058 0 0
2.04202 0.810127 1.00098 -4.90179e-05 -0.000950697
2.06723 0.810127 1.00152 8.39818e-06 -0.00191696
2.09244 0.810127 1.00206 0.000170314 -0.00284589
2.11765 0.810127 1.00257 0.000414707 -0.00369685
2.14286 0.810127 1.00303 0.000716352 -0.00444355
2.16807 0.810127 1.00344 0.00105002 -0.00507332
2.19328 0.810127 1.00378 0.00139411 -0.00558394
2.21849 0.810127 1.00406 0.00173162 -0.00598022
2.2437 0.810127 1.00429 0.00205007 -0.00627116
2.26891 0.810127 1.00446 0.00234091 -0.00646783
2.29412 0.810127 1.00458 0.0025988 -0.006582
2.31933 0.810127 1.00467 0.00282079 -0.00662524
2.34454 0.810127 1.00471 0.00300577 -0.0066084
2.36975 0.810127 1.00473 0.00315389 -0.00654139
2.39496 0.810127 1.00472 0.00326619 -0.00643306
2.42017 0.810127 1.00469 0.00334432 -0.00629117
2.44538 0.810127 1.00464 0.00339028 -0.00612244
2.47059 0.810127 1.00458 0.00340629 -0.00593265
2.4958 0.810127 1.0045 0.00339464 -0.00572665
2.52101 0.810127 1.00442 0.00335765 -0.00550848
2.54622 0.810127 1.00433 0.00329758 -0.00528145
2.57143 0.810127 1.00423 0.0032166 -0.00504818
2.59664 0.810127 1.00413 0.00311677 -0.00481065
2.62185 0.810127 1.00403 0.003 -0.00457031
2.64706 0.810127 1.00393 0.00286806 -0.00432801
2.67227 0.810127 1.00383 0.00272255 -0.00408414
2.69748 0.810127 1.00373 0.00256493 -0.00383856
2.72269 0.810127 1.00364 0.00239648 -0.00359065
2.7479 0.810127 1.00354 0.00221831 -0.00333934
2.77311 0.810127 1.00345 0.00203133 -0.003083
2.79832 0.810127 1.00337 0.0018363 -0.00281955
2.82353 0.810127 1.00329 0.00163374 -0.00254631
2.84874 0.810127 1.00321 0.00142401 -0.00226006
2.87395 0.810127 1.00314 0.00120718 -0.00195692
2.89916 0.810127 1.00308 0.000983107 -0.00163234
2.92437 0.810127 1.00301 0.000751336 -0.00128099
2.94958 0.810127 1.00295 0.000511082 -0.00089672
2.97479 0.810127 1.0029 0.000261213 -0.000472432
3 0.810127 1.00284 0 0

0 0.835443 1 0.3 0
0.0252101 0.835443 1.23221 0.242235 0.0133413
0.0504202 0.835443 1.3668 0.217063 0.0290821
0.0756303 0.835443 1.41224 0.207839 0.0469373
0.10084 0.835443 1.42288 0.202953 0.0657111
0.12605 0.835443 1.43065 0.198174 0.0844378
0.151261 0.835443 1.44824 0.192776 0.102442
0.176471 0.835443 1.47764 0.187178 0.119147
0.201681 0.835443 1.51112 0.181979 0.134071
0.226891 0.835443 1.53481 0.177415 0.147002
0.252101 0.835443 1.53787 0.173174 0.158096
0.277311 0.835443 1.51982 0.168707 0.167743
0.302521 0.835443 1.48897 0.163673 0.176329
0.327731 0.835443 1.45542 0.158097 0.184072
0.352941 0.835443 1.426 0.152211 0.191015
0.378151 0.835443 1.40343 0.146246 0.197105
0.403361 0.835443 1.38756 0.140331 0.202277
0.428571 0.835443 1.37702 0.1345 0.206499
0.453782 0.835443 1.37021 0.128726 0.209767
0.478992 0.835443 1.36576 0.122964 0.212096
0.504202 0.835443 1.36275 0.117167 0.213504
0.529412 0.835443 1.36056 0.111299 0.214
0.554622 0.835443 1.35885 0.105333 0.213583
0.579832 0.835443 1.35745 0.0992509 0.212235
0.605042 0.835443 1.35625 0.0930412 0.209928
0.630252 0.835443 1.35522 0.0866963 0.206618
0.655462 0.835443 1.35438 0.0802125 0.202245
0.680672 0.835443 1.35374 0.0735891 0.196736
0.705882 0.835443 1.35333 0.0668289 0.190002
0.731092 0.835443 1.35322 0.0599408 0.181936
0.756303 0.835443 1.35346 0.0529401 0.172415
0.781513 0.835443 1.35422 0.0458574 0.161296
0.806723 0.835443 1.35542 0.038735 0.148427
0.831933 0.835443 1.3577 0.0316591 0.13365
0.857143 0.835443 1.36025 0.0247315 0.116802
0.882353 0.835443 1.36479 0.0181456 0.0977723
0.907563 0.835443 1.36876 0.0121163 0.076468
0.932773 0.835443 1.37435 0.00691828 0.0529378
0.957983 0.835443 1.37881 0.00283277 0.0273624
0.983193 0.835443 1.38326 0 0
1.0084 0.835443 0 0 0
1.03361 0.835443 0 0 0
1.05882 0.835443 0 0 0
1.08403 0.835443 0 0 0
1.10924 0.835443 0 0 0
1.13445 0.835443 0 0 0
1.15966 0.835443 0 0 0
1.18487 0.835443 0 0 0
1.21008 0.835443 0 0 0
1.23529 0.835443 0 0 0
1.2605 0.835443 0 0 0
1.28571 0.835443 0 0 0
1.31092 0.835443 0 0 0
1.33613 0.835443 0 0 0
1.36134 0.835443 0 0 0
1.38655 0.835443 0 0 0
1.41176 0.835443 0 0 0
1.43697 0.835443 0 0 0
1.46218 0.835443 0 0 0
1.48739 0.835443 0 0 0
1.51261 0.835443 0 0 0
1.53782 0.835443 0 0 0
1.56303 0.835443 0 0 0
1.58824 0.835443 0 0 0
1.61345 0.835443 0 0 0
1.63866 0.835443 0 0 0
1.66387 0.835443 0 0 0
1.68908 0.835443 0 0 0
1.71429 0.835443 0 0 0
1.7395 0.835443 0 0 0
1.76471 0.835443 0 0 0
1.78992 0.835443 0 0 0
1.81513 0.835443 0 0 0
1.84034 0.835443 0 0 0
1.86555 0.835443 0 0 0
1.89076 0.835443 0 0 0
1.91597 0.835443 0 0 0
1.94118 0.835443 0 0 0
1.96639 0.835443 0 0 0
1.9916 0.835443 0 0 0
2.01681 0.835443 1.0003 0 0
2.04202 0.835443 1.00082 -2.14691e-05 -0.00109024
2.06723 0.835443 1.00152 9.13513e-05 -0.00220038
2.09244 0.835443 1.00219 0.000329612 -0.00325618
2.11765 0.835443 1.00281 0.000658364 -0.00420503
2.14286 0.835443 1.00336 0.00104195 -0.00501829
2.16807 0.835443 1.00383 0.00144827 -0.00568613
2.19328 0.835443 1.00422 0.00185226 -0.0062115
2.21849 0.835443 1.00453 0.00223593 -0.00660477
2.2437 0.835443 1.00476 0.00258733 -0.00687994
2.26891 0.835443 1.00494 0.00289927 -0.00705218
2.29412 0.835443 1.00506 0.00316804 -0.00713644
2.31933 0.835443 1.00514 0.00339239 -0.00714665
2.34454 0.835443 1.00517 0.00357278 -0.0070954
2.36975 0.835443 1.00518 0.00371073 -0.00699379
2.39496 0.835443 1.00515 0.0038085 -0.00685151
2.42017 0.835443 1.0051 0.0038687 -0.00667688
2.44538 0.835443 1.00504 0.00389417 -0.00647698
2.47059 0.835443 1.00496 0.00388778 -0.00625778
2.4958 0.835443 1.00487 0.00385238 -0.00602424
2.52101 0.835443 1.00477 0.00379071 -0.00578044
2.54622 0.835443 1.00466 0.00370537 -0.00552965
2.57143 0.835443 1.00455 0.00359881 -0.00527445
2.59664 0.835443 1.00443 0.00347329 -0.00501675
2.62185 0.835443 1.00432 0.0033309 -0.00475786
2.64706 0.835443 1.00421 0.00317352 -0.00449855
2.67227 0.835443 1.00409 0.00300287 -0.00423906
2.69748 0.835443 1.00399 0.00282048 -0.00397914
2.72269 0.835443 1.00388 0.00262767 -0.00371803
2.7479 0.835443 1.00378 0.0024256 -0.00345448
2.77311 0.835443 1.00368 0.00221523 -0.00318673
2.79832 0.835443 1.00359 0.00199732 -0.00291249
2.82353 0.835443 1.00351 0.00177245 -0.00262892
2.84874 0.835443 1.00343 0.00154095 -0.00233257
2.87395 0.835443 1.00336 0.00130296 -0.00201931
2.89916 0.835443 1.00329 0.00105835 -0.00168431
2.92437 0.835443 1.00322 0.000806683 -0.00132192
2.94958 0.835443 1.00316 0.000547226 -0.000925616
2.97479 0.835443 1.00311 0.00027889 -0.000487859
3 0.835443 1.00306 0 0

0 0.860759 1 0.3 0
0.0252101 0.860759 1.23768 0.241401 0.0131529
0.0504202 0.860759 1.37081 0.216322 0.0297923
0.0756303 0.860759 1.40446 0.207357 0.0489052
0.10084 0.860759 1.39083 0.202733 0.0682721
0.12605 0.860759 1.35425 0.198393 0.0866426
0.151261 0.860759 1.30451 0.19333 0.103861
0.176471 0.860759 1.25419 0.187289 0.120319
0.201681 0.860759 1.21864 0.180403 0.136181
0.226891 0.860759 1.20772 0.173168 0.151007
0.252101 0.860759 1.22076 0.166187 0.164128
0.277311 0.860759 1.24888 0.159857 0.175206
0.302521 0.860759 1.28103 0.154236 0.184373
0.327731 0.860759 1.3091 0.149137 0.191999
0.352941 0.860759 1.32963 0.144306 0.198434
0.378151 0.860759 1.34268 0.139543 0.203905
0.403361 0.860759 1.34993 0.134736 0.208524
0.428571 0.860759 1.35332 0.129839 0.212329
0.453782 0.860759 1.35442 0.124839 0.215322
0.478992 0.860759 1.35426 0.119736 0.217493
0.504202 0.860759 1.35347 0.114526 0.218828
0.529412 0.860759 1.35239 0.109205 0.219311
0.554622 0.860759 1.35122 0.103765 0.218918
0.579832 0.860759 1.35005 0.0981971 0.217622
0.605042 0.860759 1.34893 0.0924922 0.215384
0.630252 0.860759 1.3479 0.0866406 0.212154
0.655462 0.860759 1.347 0.0806332 0.207871
0.680672 0.860759 1.34625 0.0744615 0.202455
0.705882 0.860759 1.34571 0.0681184 0.195812
0.731092 0.860759 1.34542 0.0615994 0.187827
0.756303 0.860759 1.34546 0.0549062 0.178365
0.781513 0.860759 1.34581 0.0480473 0.167267
0.806723 0.860759 1.34669 0.0410557 0.15435
0.831933 0.860759 1.34763 0.0339727 0.139413
0.857143 0.860759 1.34973 0.0269134 0.122247
0.882353 0.860759 1.35089 0.0199954 0.102638
0.907563 0.860759 1.35477 0.0134668 0.0804992
0.932773 0.860759 1.35814 0.0076775 0.0557326
0.957983 0.860759 1.36519 0.00301212 0.0287914
0.983193 0.860759 1.3735 0 0
1.0084 0.860759 0 0 0
1.03361 0.860759 0 0 0
1.05882 0.860759 0 0 0
1.08403 0.860759 0 0 0
1.10924 0.860759 0 0 0
1.13445 0.860759 0 0 0
1.15966 0.860759 0 0 0
1.18487 0.860759 0 0 0
1.21008 0.860759 0 0 0
1.23529 0.860759 0 0 0
1.2605 0.860759 0 0 0
1.28571 0.860759 0 0 0
1.31092 0.860759 0 0 0
1.33613 0.860759 0 0 0
1.36134 0.860759 0 0 0
1.38655 0.860759 0 0 0
1.41176 0.860759 0 0 0
1.43697 0.860759 0 0 0
1.46218 0.860759 0 0 0
1.48739 0.860759 0 0 0
1.51261 0.860759 0 0 0
1.53782 0.860759 0 0 0
1.56303 0.860759 0 0 0
1.58824 0.860759 0 0 0
1.61345 0.860759 0 0 0
1.63866 0.860759 0 0 0
1.66387 0.860759 0 0 0
1.68908 0.860759 0 0 0
1.71429 0.860759 0 0 0
1.7395 0.860759 0 0 0
1.76471 0.860759 0 0 0
1.78992 0.860759 0 0 0
1.81513 0.860759 0 0 0
1.84034 0.860759 0 0 0
1.86555 0.860759 0 0 0
1.89076 0.860759 0 0 0
1.91597 0.860759 0 0 0
1.94118 0.860759 0 0 0
1.96639 0.860759 0 0 0
1.9916 0.860759 0 0 0
2.01681 0.860759 0.999875 0 0
2.04202 0.860759 1.00058 2.31e-05 -0.0012733
2.06723 0.860759 1.0015 0.000219996 -0.00256243
2.09244 0.860759 1.00236 0.000565222 -0.00376619
2.11765 0.860759 1.00312 0.00100403 -0.00481861
2.14286 0.860759 1.00377 0.00148692 -0.00569321
2.16807 0.860759 1.00431 0.00197497 -0.0063876
2.19328 0.860759 1.00473 0.00244112 -0.00691359
2.21849 0.860759 1.00507 0.00286825 -0.00728951
2.2437 0.860759 1.00531 0.00324668 -0.00753564
2.26891 0.860759 1.00549 0.00357188 -0.00767185
2.29412 0.860759 1.0056 0.00384278 -0.0077164
2.31933 0.860759 1.00566 0.00406049 -0.00768553
2.34454 0.860759 1.00568 0.00422742 -0.00759334
2.36975 0.860759 1.00566 0.00434678 -0.00745194
2.39496 0.860759 1.00562 0.00442212 -0.00727163
2.42017 0.860759 1.00555 0.00445711 -0.00706108
2.44538 0.860759 1.00546 0.00445543 -0.00682757
2.47059 0.860759 1.00536 0.00442058 -0.00657713
2.4958 0.860759 1.00525 0.00435593 -0.0063147
2.52101 0.860759 1.00513 0.0042646 -0.00604431
2.54622 0.860759 1.00501 0.0041495 -0.00576912
2.57143 0.860759 1.00488 0.00401329 -0.00549159
2.59664 0.860759 1.00475 0.00385841 -0.0052135
2.62185 0.860759 1.00462 0.00368707 -0.00493602
2.64706 0.860759 1.00449 0.00350125 -0.00465977
2.67227 0.860759 1.00437 0.00330273 -0.00438486
2.69748 0.860759 1.00425 0.00309306 -0.00411087
2.72269 0.860759 1.00414 0.00287363 -0.0038369
2.7479 0.860759 1.00403 0.00264559 -0.00356153
2.77311 0.860759 1.00392 0.00240993 -0.00328284
2.79832 0.860759 1.00383 0.00216741 -0.00299837
2.82353 0.860759 1.00374 0.00191862 -0.00270507
2.84874 0.860759 1.00365 0.00166391 -0.00239927
2.87395 0.860759 1.00358 0.00140343 -0.00207663
2.89916 0.860759 1.00351 0.00113706 -0.00173202
2.92437 0.860759 1.00344 0.000864425 -0.0013595
2.94958 0.860759 1.00338 0.000584819 -0.000952165
2.97479 0.860759 1.00333 0.00029721 -0.000502049
3 0.860759 1.00328 0 0

0 0.886076 1 0.3 0
0.0252101 0.886076 1.25065 0.23924 0.0131819
0.0504202 0.886076 1.39187 0.213103 0.0322053
0.0756303 0.886076 1.44326 0.202247 0.0550235
0.10084 0.886076 1.47756 0.194769 0.0782205
0.12605 0.886076 1.52234 0.187929 0.0997058
0.151261 0.886076 1.56872 0.182089 0.118334
0.176471 0.886076 1.59403 0.177447 0.133867
0.201681 0.886076 1.58429 0.173289 0.146863
0.226891 0.886076 1.54557 0.168682 0.158199
0.252101 0.886076 1.49535 0.163279 0.168542
0.277311 0.886076 1.44864 0.157363 0.178151
0.302521 0.886076 1.41244 0.151394 0.186986
0.327731 0.886076 1.38751 0.145684 0.194918
0.352941 0.886076 1.37163 0.140331 0.201858
0.378151 0.886076 1.36199 0.135294 0.207786
0.403361 0.886076 1.3562 0.130481 0.212732
0.428571 0.886076 1.35259 0.125793 0.21674
0.453782 0.886076 1.35015 0.121153 0.219853
0.478992 0.886076 1.34831 0.116504 0.222097
0.504202 0.886076 1.34676 0.111804 0.223488
0.529412 0.886076 1.34535 0.107023 0.224024
0.554622 0.886076 1.34404 0.102141 0.223693
0.579832 0.886076 1.34278 0.0971386 0.222471
0.605042 0.886076 1.34159 0.0919998 0.220321
0.630252 0.886076 1.34048 0.0867094 0.217193
0.655462 0.886076 1.33946 0.0812517 0.213025
0.680672 0.886076 1.33858 0.0756101 0.207737
0.705882 0.886076 1.33788 0.0697663 0.201233
0.731092 0.886076 1.33743 0.0637014 0.193393
0.756303 0.886076 1.33732 0.0573955 0.184075
0.781513 0.886076 1.33773 0.0508332 0.173105
0.806723 0.886076 1.33871 0.0440011 0.160283
0.831933 0.886076 1.34103 0.0369251 0.145366
0.857143 0.886076 1.34391 0.0296298 0.128099
0.882353 0.886076 1.35056 0.0223163 0.108199
0.907563 0.886076 1.35603 0.015168 0.085455
0.932773 0.886076 1.36779 0.00875262 0.0596821
0.957983 0.886076 1.37364 0.00352202 0.0312276
0.983193 0.886076 1.38175 0 0
1.0084 0.886076 0 0 0
1.03361 0.886076 0 0 0
1.05882 0.886076 0 0 0
1.08403 0.886076 0 0 0
1.10924 0.886076 0 0 0
1.13445 0.886076 0 0 0
1.15966 0.886076 0 0 0
1.18487 0.886076 0 0 0
1.21008 0.886076 0 0 0
1.23529 0.886076 0 0 0
1.2605 0.886076 0 0 0
1.28571 0.886076 0 0 0
1.31092 0.886076 0 0 0
1.33613 0.886076 0 0 0
1.36134 0.886076 0 0 0
1.38655 0.886076 0 0 0
1.41176 0.886076 0 0 0
1.43697 0.886076 0 0 0
1.46218 0.886076 0 0 0
1.48739 0.886076 0 0 0
1.51261 0.886076 0 0 0
1.53782 0.886076 0 0 0
1.56303 0.886076 0 0 0
1.58824 0.886076 0 0 0
1.61345 0.886076 0 0 0
1.63866 0.886076 0 0 0
1.66387 0.886076 0 0 0
1.68908 0.886076 0 0 0
1.71429 0.886076 0 0 0
1.7395 0.886076 0 0 0
1.76471 0.886076 0 0 0
1.78992 0.886076 0 0 0
1.81513 0.886076 0 0 0
1.84034 0.886076 0 0 0
1.86555 0.886076 0 0 0
1.89076 0.886076 0 0 0
1.91597 0.886076 0 0 0
1.94118 0.886076 0 0 0
1.96639 0.886076 0 0 0
1.9916 0.886076 0 0 0
2.01681 0.886076 0.999223 0 0
2.04202 0.886076 1.00025 9.68263e-05 -0.00152591
2.06723 0.886076 1.00148 0.000424434 -0.00303834
2.09244 0.886076 1.00259 0.000919291 -0.00441013
2.11765 0.886076 1.00352 0.00149872 -0.00556346
2.14286 0.886076 1.00429 0.0020968 -0.00648419
2.16807 0.886076 1.00489 0.00267064 -0.00718476
2.19328 0.886076 1.00536 0.00319475 -0.00769062
2.21849 0.886076 1.0057 0.00365617 -0.00803038
2.2437 0.886076 1.00594 0.00404984 -0.00823152
2.26891 0.886076 1.00611 0.00437553 -0.00831869
2.29412 0.886076 1.0062 0.00463579 -0.00831322
2.31933 0.886076 1.00624 0.00483464 -0.00823321
2.34454 0.886076 1.00623 0.00497679 -0.00809391
2.36975 0.886076 1.00619 0.00506719 -0.00790806
2.39496 0.886076 1.00612 0.00511073 -0.00768624
2.42017 0.886076 1.00603 0.00511212 -0.00743724
2.44538 0.886076 1.00592 0.00507576 -0.0071683
2.47059 0.886076 1.00579 0.00500576 -0.00688537
2.4958 0.886076 1.00566 0.00490589 -0.00659325
2.52101 0.886076 1.00552 0.00477958 -0.00629579
2.54622 0.886076 1.00537 0.00462997 -0.00599599
2.57143 0.886076 1.00523 0.00445987 -0.00569612
2.59664 0.886076 1.00508 0.00427184 -0.00539778
2.62185 0.886076 1.00493 0.00406814 -0.00510198
2.64706 0.886076 1.00479 0.00385082 -0.00480917
2.67227 0.886076 1.00466 0.00362166 -0.00451927
2.69748 0.886076 1.00452 0.00338224 -0.00423171
2.72269 0.886076 1.0044 0.00313392 -0.00394543
2.7479 0.886076 1.00428 0.00287787 -0.00365885
2.77311 0.886076 1.00417 0.00261504 -0.00336987
2.79832 0.886076 1.00407 0.00234621 -0.00307585
2.82353 0.886076 1.00397 0.00207194 -0.00277357
2.84874 0.886076 1.00388 0.0017926 -0.00245914
2.87395 0.886076 1.0038 0.00150834 -0.00212799
2.89916 0.886076 1.00373 0.00121906 -0.00177475
2.92437 0.886076 1.00367 0.000924424 -0.00139315
2.94958 0.886076 1.00361 0.000623765 -0.000975952
2.97479 0.886076 1.00356 0.000316125 -0.000514782
3 0.886076 1.00352 0 0

0 0.911392 1 0.3 0
0.0252101 0.911392 1.26476 0.236829 0.0125836
0.0504202 0.911392 1.36879 0.211759 0.0328007
0.0756303 0.911392 1.33447 0.202185 0.0557544
0.10084 0.911392 1.2535 0.194886 0.078178
0.12605 0.911392 1.1786 0.186555 0.100039
0.151261 0.911392 1.13835 0.177294 0.121021
0.176471 0.911392 1.14025 0.168194 0.139875
0.201681 0.911392 1.17422 0.160248 0.155601
0.226891 0.911392 1.22183 0.153816 0.168209
0.252101 0.911392 1.26676 0.148651 0.178426
0.277311 0.911392 1.30064 0.144267 0.187055
0.302521 0.911392 1.32237 0.140244 0.19463
0.327731 0.911392 1.33451 0.136345 0.201399
0.352941 0.911392 1.34038 0.13247 0.207437
0.378151 0.911392 1.34263 0.128593 0.21274
0.403361 0.911392 1.34301 0.124705 0.217285
0.428571 0.911392 1.34246 0.120798 0.221055
0.453782 0.911392 1.34151 0.116861 0.224036
0.478992 0.911392 1.34037 0.112873 0.226221
0.504202 0.911392 1.33916 0.108819 0.2276
0.529412 0.911392 1.33791 0.104678 0.228158
0.554622 0.911392 1.33665 0.100433 0.227876
0.579832 0.911392 1.33539 0.0960685 0.226726
0.605042 0.911392 1.33414 0.0915672 0.22467
0.630252 0.911392 1.33293 0.0869117 0.221656
0.655462 0.911392 1.33177 0.0820827 0.217624
0.680672 0.911392 1.3307 0.0770579 0.212495
0.705882 0.911392 1.32977 0.0718117 0.206171
0.731092 0.911392 1.32903 0.0663136 0.198535
0.756303 0.911392 1.32854 0.0605293 0.189442
0.781513 0.911392 1.32837 0.0544208 0.178711
0.806723 0.911392 1.32864 0.0479548 0.166121
0.831933 0.911392 1.32911 0.0410971 0.1514
0.857143 0.911392 1.33048 0.0338663 0.13421
0.882353 0.911392 1.3306 0.0262867 0.114131
0.907563 0.911392 1.33303 0.018509 0.090827
0.932773 0.911392 1.33465 0.0110306 0.0636572
0.957983 0.911392 1.33874 0.00420718 0.0334411
0.983193 0.911392 1.35926 0 0
1.0084 0.911392 0 0 0
1.03361 0.911392 0 0 0
1.05882 0.911392 0 0 0
1.08403 0.911392 0 0 0
1.10924 0.911392 0 0 0
1.13445 0.911392 0 0 0
1.15966 0.911392 0 0 0
1.18487 0.911392 0 0 0
1.21008 0.911392 0 0 0
1.23529 0.911392 0 0 0
1.2605 0.911392 0 0 0
1.28571 0.911392 0 0 0
1.31092 0.911392 0 0 0
1.33613 0.911392 0 0 0
1.36134 0.911392 0 0 0
1.38655 0.911392 0 0 0
1.41176 0.911392 0 0 0
1.43697 0.911392 0 0 0
1.46218 0.911392 0 0 0
1.48739 0.911392 0 0 0
1.51261 0.911392 0 0 0
1.53782 0.911392 0 0 0
1.56303 0.911392 0 0 0
1.58824 0.911392 0 0 0
1.61345 0.911392 0 0 0
1.63866 0.911392 0 0 0
1.66387 0.911392 0 0 0
1.68908 0.911392 0 0 0
1.71429 0.911392 0 0 0
1.7395 0.911392 0 0 0
1.76471 0.911392 0 0 0
1.78992 0.911392 0 0 0
1.81513 0.911392 0 0 0
1.84034 0.911392 0 0 0
1.86555 0.911392 0 0 0
1.89076 0.911392 0 0 0
1.91597 0.911392 0 0 0
1.94118 0.911392 0 0 0
1.96639 0.911392 0 0 0
1.9916 0.911392 0 0 0
2.01681 0.911392 0.998211 0 0
2.04202 0.911392 0.999918 0.000222893 -0.00189169
2.06723 0.911392 1.00151 0.000760788 -0.00368053
2.09244 0.911392 1.00296 0.00146155 -0.00523194
2.11765 0.911392 1.00408 0.00221236 -0.00646668
2.14286 0.911392 1.00496 0.00293299 -0.00740271
2.16807 0.911392 1.00562 0.00358529 -0.00807767
2.19328 0.911392 1.00611 0.00415198 -0.00853549
2.21849 0.911392 1.00645 0.00462884 -0.00881642
2.2437 0.911392 1.00668 0.0050182 -0.00895497
2.26891 0.911392 1.00681 0.00532561 -0.00897982
2.29412 0.911392 1.00688 0.00555793 -0.00891447
2.31933 0.911392 1.00688 0.00572236 -0.00877816
2.34454 0.911392 1.00684 0.00582592 -0.00858662
2.36975 0.911392 1.00677 0.0058752 -0.0083527
2.39496 0.911392 1.00667 0.00587629 -0.00808692
2.42017 0.911392 1.00654 0.00583474 -0.00779786
2.44538 0.911392 1.0064 0.00575555 -0.00749255
2.47059 0.911392 1.00625 0.00564323 -0.00717664
2.4958 0.911392 1.00609 0.00550185 -0.00685469
2.52101 0.911392 1.00592 0.00533503 -0.00653028
2.54622 0.911392 1.00576 0.00514602 -0.00620618
2.57143 0.911392 1.00559 0.00493772 -0.00588442
2.59664 0.911392 1.00542 0.0047127 -0.00556638
2.62185 0.911392 1.00526 0.00447325 -0.00525288
2.64706 0.911392 1.0051 0.00422138 -0.00494416
2.67227 0.911392 1.00495 0.00395887 -0.00463999
2.69748 0.911392 1.00481 0.00368724 -0.0043396
2.72269 0.911392 1.00467 0.00340784 -0.00404178
2.7479 0.911392 1.00454 0.00312177 -0.00374477
2.77311 0.911392 1.00442 0.00282998 -0.00344633
2.79832 0.911392 1.00431 0.0025332 -0.00314362
2.82353 0.911392 1.00421 0.00223197 -0.00283326
2.84874 0.911392 1.00412 0.00192666 -0.00251116
2.87395 0.911392 1.00404 0.00161739 -0.00217252
2.89916 0.911392 1.00396 0.00130411 -0.00181174
2.92437 0.911392 1.0039 0.000986497 -0.00142228
2.94958 0.911392 1.00384 0.000663947 -0.000996564
2.97479 0.911392 1.0038 0.000335577 -0.000525836
3 0.911392 1.00376 0 0

0 0.936709 1 0.3 0
0.0252101 0.936709 1.34748 0.225408 0.0174639
0.0504202 0.936709 1.55458 0.195384 0.0484014
0.0756303 0.936709 1.65574 0.182942 0.0785119
0.10084 0.936709 1.71135 0.176142 0.101903
0.12605 0.936709 1.70512 0.171804 0.11935
0.151261 0.936709 1.64227 0.167398 0.133305
0.176471 0.936709 1.5569 0.161675 0.145806
0.201681 0.936709 1.47903 0.155023 0.15772
0.226891 0.936709 1.42136 0.148392 0.169052
0.252101 0.936709 1.38399 0.142424 0.179524
0.277311 0.936709 1.36195 0.13729 0.188937
0.302521 0.936709 1.34981 0.132879 0.197243
0.327731 0.936709 1.34335 0.128989 0.204496
0.352941 0.936709 1.33987 0.125432 0.21078
0.378151 0.936709 1.33781 0.122066 0.216172
0.403361 0.936709 1.33637 0.118796 0.220726
0.428571 0.936709 1.33517 0.115557 0.224475
0.453782 0.936709 1.33403 0.112307 0.227436
0.478992 0.936709 1.3329 0.109014 0.229615
0.504202 0.936709 1.33173 0.105655 0.231007
0.529412 0.936709 1.33052 0.10221 0.231601
0.554622 0.936709 1.32926 0.0986634 0.231377
0.579832 0.936709 1.32797 0.0949988 0.230305
0.605042 0.936709 1.32665 0.0911999 0.228349
0.630252 0.936709 1.32531 0.0872491 0.225461
0.655462 0.936709 1.32399 0.0831255 0.221578
0.680672 0.936709 1.32271 0.0788042 0.216628
0.705882 0.936709 1.32151 0.0742539 0.210517
0.731092 0.936709 1.32046 0.069435 0.20313
0.756303 0.936709 1.31966 0.0642973 0.194329
0.781513 0.936709 1.31924 0.0587764 0.183934
0.806723 0.936709 1.31945 0.0527891 0.171727
0.831933 0.936709 1.32089 0.0462488 0.157408
0.857143 0.936709 1.32347 0.0390048 0.140644
0.882353 0.936709 1.33147 0.0311115 0.120852
0.907563 0.936709 1.33823 0.0223277 0.0976841
0.932773 0.936709 1.36422 0.0136785 0.0699188
0.957983 0.936709 1.37316 0.00539874 0.0383431
0.983193 0.936709 1.3983 0 0
1.0084 0.936709 0 0 0
1.03361 0.936709 0 0 0
1.05882 0.936709 0 0 0
1.08403 0.936709 0 0 0
1.10924 0.936709 0 0 0
1.13445 0.936709 0 0 0
1.15966 0.936709 0 0 0
1.18487 0.936709 0 0 0
1.21008 0.936709 0 0 0
1.23529 0.936709 0 0 0
1.2605 0.936709 0 0 0
1.28571 0.936709 0 0 0
1.31092 0.936709 0 0 0
1.33613 0.936709 0 0 0
1.36134 0.936709 0 0 0
1.38655 0.936709 0 0 0
1.41176 0.936709 0 0 0
1.43697 0.936709 0 0 0
1.46218 0.936709 0 0 0
1.48739 0.936709 0 0 0
1.51261 0.936709 0 0 0
1.53782 0.936709 0 0 0
1.56303 0.936709 0 0 0
1.58824 0.936709 0 0 0
1.61345 0.936709 0 0 0
1.63866 0.936709 0 0 0
1.66387 0.936709 0 0 0
1.68908 0.936709 0 0 0
1.71429 0.936709 0 0 0
1.7395 0.936709 0 0 0
1.76471 0.936709 0 0 0
1.78992 0.936709 0 0 0
1.81513 0.936709 0 0 0
1.84034 0.936709 0 0 0
1.86555 0.936709 0 0 0
1.89076 0.936709 0 0 0
1.91597 0.936709 0 0 0
1.94118 0.936709 0 0 0
1.96639 0.936709 0 0 0
1.9916 0.936709 0 0 0
2.01681 0.936709 0.996432 0 0
2.04202 0.936709 0.999477 0.000450046 -0.00247078
2.06723 0.936709 1.00153 0.00133365 -0.00457951
2.09244 0.936709 1.00352 0.00230483 -0.00628906
2.11765 0.936709 1.00485 0.00324433 -0.00755151
2.14286 0.936709 1.00584 0.00407305 -0.00844871
2.16807 0.936709 1.00654 0.00477568 -0.00905333
2.19328 0.936709 1.00702 0.00535262 -0.00942937
2.21849 0.936709 1.00733 0.00581336 -0.00962718
2.2437 0.936709 1.00752 0.0061697 -0.00968612
2.26891 0.936709 1.00761 0.00643362 -0.00963692
2.29412 0.936709 1.00763 0.00661625 -0.0095038
2.31933 0.936709 1.00759 0.00672767 -0.00930599
2.34454 0.936709 1.00751 0.00677677 -0.00905891
2.36975 0.936709 1.00739 0.00677141 -0.00877497
2.39496 0.936709 1.00725 0.00671848 -0.00846421
2.42017 0.936709 1.00709 0.00662406 -0.00813475
2.44538 0.936709 1.00691 0.0064935 -0.00779316
2.47059 0.936709 1.00673 0.00633149 -0.0074447
2.4958 0.936709 1.00654 0.00614221 -0.00709357
2.52101 0.936709 1.00635 0.00592932 -0.00674301
2.54622 0.936709 1.00615 0.00569606 -0.0063955
2.57143 0.936709 1.00596 0.0054453 -0.00605279
2.59664 0.936709 1.00578 0.00517954 -0.00571603
2.62185 0.936709 1.0056 0.00490101 -0.00538582
2.64706 0.936709 1.00542 0.00461166 -0.00506219
2.67227 0.936709 1.00525 0.00431316 -0.00474473
2.69748 0.936709 1.0051 0.004007 -0.00443251
2.72269 0.936709 1.00495 0.00369441 -0.00412412
2.7479 0.936709 1.00481 0.00337645 -0.00381768
2.77311 0.936709 1.00468 0.00305399 -0.00351076
2.79832 0.936709 1.00456 0.00272773 -0.00320039
2.82353 0.936709 1.00446 0.00239815 -0.00288298
2.84874 0.936709 1.00436 0.0020656 -0.0025543
2.87395 0.936709 1.00427 0.0017302 -0.00220935
2.89916 0.936709 1.0042 0.00139191 -0.00184229
2.92437 0.936709 1.00414 0.00105043 -0.00144633
2.94958 0.936709 1.00409 0.000705222 -0.0010136
2.97479 0.936709 1.00404 0.000355498 -0.000534996
3 0.936709 1.00401 0 0

0 0.962025 1 0.3 0
0.0252101 0.962025 1.18013 0.219893 0.00686476
0.0504202 0.962025 1.09939 0.1903 0.0416386
0.0756303 0.962025 1.01949 0.173015 0.0791467
0.10084 0.962025 1.01433 0.158608 0.109585
0.12605 0.962025 1.06874 0.147685 0.132248
0.151261 0.962025 1.14714 0.14039 0.148248
0.176471 0.962025 1.21884 0.135748 0.160007
0.201681 0.962025 1.27025 0.132488 0.169647
0.226891 0.962025 1.30144 0.129748 0.178354
0.252101 0.962025 1.31795 0.127148 0.186556
0.277311 0.962025 1.3256 0.124587 0.194298
0.302521 0.962025 1.3286 0.122061 0.201494
0.327731 0.962025 1.32941 0.119583 0.208056
0.352941 0.962025 1.32929 0.117149 0.213926
0.378151 0.962025 1.32877 0.114743 0.219072
0.403361 0.962025 1.32808 0.112341 0.223482
0.428571 0.962025 1.32728 0.109919 0.22715
0.453782 0.962025 1.32638 0.107455 0.230072
0.478992 0.962025 1.3254 0.10493 0.232243
0.504202 0.962025 1.32433 0.102329 0.233654
0.529412 0.962025 1.32317 0.0996375 0.234288
0.554622 0.962025 1.32192 0.0968431 0.234125
0.579832 0.962025 1.32058 0.0939333 0.233136
0.605042 0.962025 1.31917 0.0908946 0.231284
0.630252 0.962025 1.31769 0.0877113 0.228524
0.655462 0.962025 1.31617 0.0843645 0.224798
0.680672 0.962025 1.31463 0.08083 0.220035
0.705882 0.962025 1.3131 0.0770767 0.214152
0.731092 0.962025 1.31163 0.0730639 0.207041
0.756303 0.962025 1.31027 0.0687382 0.198576
0.781513 0.962025 1.30912 0.0640314 0.188592
0.806723 0.962025 1.30817 0.0588469 0.176888
0.831933 0.962025 1.3078 0.0530869 0.163174
0.857143 0.962025 1.30694 0.0465527 0.147114
0.882353 0.962025 1.30766 0.0391841 0.128028
0.907563 0.962025 1.30325 0.0304135 0.105412
0.932773 0.962025 1.30702 0.0207755 0.0769354
0.957983 0.962025 1.28346 0.00819871 0.0437117
0.983193 0.962025 1.3504 0 0
1.0084 0.962025 0 0 0
1.03361 0.962025 0 0 0
1.05882 0.962025 0 0 0
1.08403 0.962025 0 0 0
1.10924 0.962025 0 0 0
1.13445 0.962025 0 0 0
1.15966 0.962025 0 0 0
1.18487 0.962025 0 0 0
1.21008 0.962025 0 0 0
1.23529 0.962025 0 0 0
1.2605 0.962025 0 0 0
1.28571 0.962025 0 0 0
1.31092 0.962025 0 0 0
1.33613 0.962025 0 0 0
1.36134 0.962025 0 0 0
1.38655 0.962025 0 0 0
1.41176 0.962025 0 0 0
1.43697 0.962025 0 0 0
1.46218 0.962025 0 0 0
1.48739 0.962025 0 0 0
1.51261 0.962025 0 0 0
1.53782 0.962025 0 0 0
1.56303 0.962025 0 0 0
1.58824 0.962025 0 0 0
1.61345 0.962025 0 0 0
1.63866 0.962025 0 0 0
1.66387 0.962025 0 0 0
1.68908 0.962025 0 0 0
1.71429 0.962025 0 0 0
1.7395 0.962025 0 0 0
1.76471 0.962025 0 0 0
1.78992 0.962025 0 0 0
1.81513 0.962025 0 0 0
1.84034 0.962025 0 0 0
1.86555 0.962025 0 0 0
1.89076 0.962025 0 0 0
1.91597 0.962025 0 0 0
1.94118 0.962025 0 0 0
1.96639 0.962025 0 0 0
1.9916 0.962025 0 0 0
2.01681 0.962025 0.992383 0 0
2.04202 0.962025 1.00043 0.000891541 -0.00337722
2.06723 0.962025 1.0022 0.00237369 -0.00582653
2.09244 0.962025 1.00472 0.00364352 -0.00761195
2.11765 0.962025 1.00608 0.00473399 -0.0088066
2.14286 0.962025 1.00708 0.0056079 -0.0095911
2.16807 0.962025 1.00772 0.00629824 -0.0100749
2.19328 0.962025 1.00813 0.0068303 -0.0103364
2.21849 0.962025 1.00837 0.00722883 -0.0104304
2.2437 0.962025 1.00848 0.00751438 -0.0103971
2.26891 0.962025 1.0085 0.007704 -0.0102664
2.29412 0.962025 1.00846 0.00781181 -0.0100613
2.31933 0.962025 1.00836 0.00784958 -0.0098
2.34454 0.962025 1.00822 0.00782719 -0.00949672
2.36975 0.962025 1.00805 0.00775301 -0.00916297
2.39496 0.962025 1.00787 0.00763419 -0.00880802
2.42017 0.962025 1.00766 0.0074769 -0.00843929
2.44538 0.962025 1.00745 0.00728647 -0.00806277
2.47059 0.962025 1.00723 0.00706752 -0.00768322
2.4958 0.962025 1.00701 0.00682411 -0.00730441
2.52101 0.962025 1.00679 0.00655976 -0.00692923
2.54622 0.962025 1.00657 0.00627759 -0.00655979
2.57143 0.962025 1.00635 0.00598028 -0.0061976
2.59664 0.962025 1.00614 0.00567023 -0.00584354
2.62185 0.962025 1.00594 0.00534951 -0.00549798
2.64706 0.962025 1.00575 0.0050199 -0.00516077
2.67227 0.962025 1.00557 0.00468299 -0.00483129
2.69748 0.962025 1.00539 0.0043401 -0.00450846
2.72269 0.962025 1.00523 0.00399239 -0.00419071
2.7479 0.962025 1.00508 0.0036408 -0.003876
2.77311 0.962025 1.00494 0.00328612 -0.00356177
2.79832 0.962025 1.00482 0.00292896 -0.0032449
2.82353 0.962025 1.00471 0.00256978 -0.00292166
2.84874 0.962025 1.00461 0.00220885 -0.00258763
2.87395 0.962025 1.00452 0.00184631 -0.00223766
2.89916 0.962025 1.00444 0.00148209 -0.0018657
2.92437 0.962025 1.00438 0.00111596 -0.00146475
2.94958 0.962025 1.00433 0.000747428 -0.00102668
2.97479 0.962025 1.00429 0.000375808 -0.000542053
3 0.962025 1.00426 0 0

0 0.987342 1 0.3 0
0.0252101 0.987342 2.31987 0.151109 0.0717797
0.0504202 0.987342 2.17647 0.148571 0.0912266
0.0756303 0.987342 1.85772 0.149409 0.10497
0.10084 0.987342 1.64176 0.142767 0.117819
0.12605 0.987342 1.49444 0.134861 0.131366
0.151261 0.987342 1.40721 0.127854 0.144862
0.176471 0.987342 1.36016 0.122629 0.157479
0.201681 0.987342 1.33687 0.118978 0.168857
0.226891 0.987342 1.32651 0.116391 0.179002
0.252101 0.987342 1.32249 0.11443 0.188063
0.277311 0.987342 1.32119 0.1128 0.196192
0.302521 0.987342 1.32087 0.111326 0.203495
0.327731 0.987342 1.3208 0.109909 0.210034
0.352941 0.987342 1.32068 0.108495 0.215837
0.378151 0.987342 1.32045 0.107053 0.220918
0.403361 0.987342 1.32006 0.105563 0.225279
0.428571 0.987342 1.31953 0.104012 0.228921
0.453782 0.987342 1.31884 0.102386 0.231839
0.478992 0.987342 1.31801 0.100678 0.234026
0.504202 0.987342 1.31703 0.0988799 0.235469
0.529412 0.987342 1.31592 0.0969841 0.236154
0.554622 0.987342 1.31466 0.0949839 0.236058
0.579832 0.987342 1.31328 0.0928718 0.235154
0.605042 0.987342 1.31176 0.090639 0.233406
0.630252 0.987342 1.31013 0.0882741 0.230771
0.655462 0.987342 1.30839 0.0857625 0.227196
0.680672 0.987342 1.30656 0.0830843 0.222617
0.705882 0.987342 1.30466 0.0802131 0.216957
0.731092 0.987342 1.30273 0.0771127 0.21012
0.756303 0.987342 1.30081 0.0737324 0.201993
0.781513 0.987342 1.29904 0.0700053 0.192434
0.806723 0.987342 1.29742 0.0658203 0.181272
0.831933 0.987342 1.29685 0.0610608 0.16824
0.857143 0.987342 1.29632 0.0553813 0.153137
0.882353 0.987342 1.30329 0.0487294 0.135158
0.907563 0.987342 1.30436 0.0396176 0.11449
0.932773 0.987342 1.35816 0.0294706 0.0876339
0.957983 0.987342 1.34961 0.0121609 0.0557744
0.983193 0.987342 1.63943 0 0
1.0084 0.987342 0 0 0
1.03361 0.987342 0 0 0
1.05882 0.987342 0 0 0
1.08403 0.987342 0 0 0
1.10924 0.987342 0 0 0
1.13445 0.987342 0 0 0
1.15966 0.987342 0 0 0
1.18487 0.987342 0 0 0
1.21008 0.987342 0 0 0
1.23529 0.987342 0 0 0
1.2605 0.987342 0 0 0
1.28571 0.987342 0 0 0
1.31092 0.987342 0 0 0
1.33613 0.987342 0 0 0
1.36134 0.987342 0 0 0
1.38655 0.987342 0 0 0
1.41176 0.987342 0 0 0
1.43697 0.987342 0 0 0
1.46218 0.987342 0 0 0
1.48739 0.987342 0 0 0
1.51261 0.987342 0 0 0
1.53782 0.987342 0 0 0
1.56303 0.987342 0 0 0
1.58824 0.987342 0 0 0
1.61345 0.987342 0 0 0
1.63866 0.987342 0 0 0
1.66387 0.987342 0 0 0
1.68908 0.987342 0 0 0
1.71429 0.987342 0 0 0
1.7395 0.987342 0 0 0
1.76471 0.987342 0 0 0
1.78992 0.987342 0 0 0
1.81513 0.987342 0 0 0
1.84034 0.987342 0 0 0
1.86555 0.987342 0 0 0
1.89076 0.987342 0 0 0
1.91597 0.987342 0 0 0
1.94118 0.987342 0 0 0
1.96639 0.987342 0 0 0
1.9916 0.987342 0 0 0
2.01681 0.987342 0.969897 0 0
2.04202 0.987342 0.99926 0.00200753 -0.00518339
2.06723 0.987342 1.00148 0.00427996 -0.00771703
2.09244 0.987342 1.00591 0.00571074 -0.00924264
2.11765 0.987342 1.00754 0.00680939 -0.0101888
2.14286 0.987342 1.0086 0.00760319 -0.0107649
2.16807 0.987342 1.00916 0.00818368 -0.0110802
2.19328 0.987342 1.00945 0.00859667 -0.0112039
2.21849 0.987342 1.00957 0.00887676 -0.0111837
2.2437 0.987342 1.00957 0.00904855 -0.011054
2.26891 0.987342 1.00949 0.00913063 -0.010841
2.29412 0.987342 1.00936 0.00913751 -0.0105652
2.31933 0.987342 1.00919 0.00908082 -0.0102424
2.34454 0.987342 1.00898 0.00897012 -0.00988542
2.36975 0.987342 1.00876 0.00881337 -0.00950462
2.39496 0.987342 1.00852 0.00861729 -0.00910825
2.42017 0.987342 1.00827 0.00838764 -0.00870298
2.44538 0.987342 1.00801 0.00812934 -0.00829416
2.47059 0.987342 1.00775 0.00784667 -0.00788605
2.4958 0.987342 1.00749 0.00754334 -0.00748194
2.52101 0.987342 1.00724 0.00722258 -0.00708436
2.54622 0.987342 1.00699 0.00688719 -0.00669511
2.57143 0.987342 1.00675 0.00653963 -0.0063154
2.59664 0.987342 1.00652 0.00618205 -0.00594589
2.62185 0.987342 1.00629 0.00581628 -0.00558671
2.64706 0.987342 1.00608 0.00544393 -0.00523754
2.67227 0.987342 1.00588 0.0050664 -0.00489759
2.69748 0.987342 1.00569 0.00468485 -0.00456561
2.72269 0.987342 1.00552 0.00430028 -0.0042399
2.7479 0.987342 1.00536 0.00391351 -0.00391828
2.77311 0.987342 1.00521 0.00352523 -0.00359807
2.79832 0.987342 1.00508 0.00313594 -0.00327601
2.82353 0.987342 1.00496 0.00274603 -0.00294825
2.84874 0.987342 1.00485 0.00235574 -0.00261024
2.87395 0.987342 1.00476 0.00196517 -0.00225667
2.89916 0.987342 1.00469 0.00157426 -0.00188133
2.92437 0.987342 1.00463 0.00118279 -0.00147704
2.94958 0.987342 1.00458 0.000790378 -0.00103543
2.97479 0.987342 1.00455 0.000396421 -0.000546814
3 0.987342 1.00452 0 0

0 1.01266 0.00080251 0 0
0.0252101 1.01266 0.409573 0.0204258 0.0970943
0.0504202 1.01266 0.91538 0.0436418 0.123546
0.0756303 1.01266 1.08513 0.0699406 0.134581
0.10084 1.01266 1.19075 0.0839176 0.140338
0.12605 1.01266 1.25107 0.0915327 0.146685
0.151261 1.01266 1.28275 0.0955941 0.154402
0.176471 1.01266 1.29785 0.0977843 0.163087
0.201681 1.01266 1.30451 0.0989788 0.1721
0.226891 1.01266 1.30754 0.0996224 0.180958
0.252101 1.01266 1.30919 0.0999459 0.189374
0.277311 1.01266 1.31031 0.100062 0.197199
0.302521 1.01266 1.31115 0.10002 0.204364
0.327731 1.01266 1.31176 0.0998425 0.21084
0.352941 1.01266 1.31215 0.0995402 0.216619
0.378151 1.01266 1.31231 0.0991192 0.221695
0.403361 1.01266 1.31225 0.0985839 0.226066
0.428571 1.01266 1.31197 0.0979372 0.229729
0.453782 1.01266 1.31148 0.0971815 0.232679
0.478992 1.01266 1.31079 0.0963187 0.234907
0.504202 1.01266 1.3099 0.0953499 0.236403
0.529412 1.01266 1.30883 0.0942758 0.237149
0.554622 1.01266 1.30757 0.0930961 0.237126
0.579832 1.01266 1.30612 0.0918094 0.236307
0.605042 1.01266 1.3045 0.0904125 0.234659
0.630252 1.01266 1.3027 0.0889002 0.232141
0.655462 1.01266 1.30073 0.0872641 0.228704
0.680672 1.01266 1.29859 0.0854917 0.22429
0.705882 1.01266 1.29629 0.0835652 0.218828
0.731092 1.01266 1.29385 0.0814605 0.212236
0.756303 1.01266 1.29125 0.0791423 0.204415
0.781513 1.01266 1.2886 0.076573 0.195239
0.806723 1.01266 1.28551 0.073667 0.18459
0.831933 1.01266 1.28347 0.0704405 0.172211
0.857143 1.01266 1.27735 0.0665419 0.15812
0.882353 1.01266 1.28155 0.0626026 0.141421
0.907563 1.01266 1.25423 0.0568842 0.123056
0.932773 1.01266 1.28839 0.0529447 0.0998105
0.957983 1.01266 1.16051 0.0438336 0.0739859
0.983193 1.01266 1.25876 0.0379123 0.0400471
1.0084 1.01266 0.688625 0 0
1.03361 1.01266 0.993153 0 0
1.05882 1.01266 1.01901 0 0
1.08403 1.01266 1.03883 0 0
1.10924 1.01266 1.05193 0 0
1.13445 1.01266 1.06127 0 0
1.15966 1.01266 1.06777 0 0
1.18487 1.01266 1.07232 0 0
1.21008 1.01266 1.07545 0 0
1.23529 1.01266 1.07756 0 0
1.2605 1.01266 1.07889 0 0
1.28571 1.01266 1.07961 0 0
1.31092 1.01266 1.07984 0 0
1.33613 1.01266 1.07969 0 0
1.36134 1.01266 1.07922 0 0
1.38655 1.01266 1.07848 0 0
1.41176 1.01266 1.07751 0 0
1.43697 1.01266 1.07635 0 0
1.46218 1.01266 1.07504 0 0
1.48739 1.01266 1.07359 0 0
1.51261 1.01266 1.07202 0 0
1.53782 1.01266 1.07035 0 0
1.56303 1.01266 1.0686 0 0
1.58824 1.01266 1.06677 0 0
1.61345 1.01266 1.0649 0 0
1.63866 1.01266 1.06297 0 0
1.66387 1.01266 1.06101 0 0
1.68908 1.01266 1.05903 0 0
1.71429 1.01266 1.05704 0 0
1.7395 1.01266 1.05504 0 0
1.76471 1.01266 1.05305 0 0
1.78992 1.01266 1.05108 0 0
1.81513 1.01266 1.04915 0 0
1.84034 1.01266 1.04728 0 0
1.86555 1.01266 1.04549 0 0
1.89076 1.01266 1.04383 0 0
1.91597 1.01266 1.04237 0 0
1.94118 1.01266 1.04141 0 0
1.96639 1.01266 1.04223 0 0
1.9916 1.01266 1.06052 0 0
2.01681 1.01266 1.00334 0.00556294 -0.00497583
2.04202 1.01266 1.01364 0.00671905 -0.00778552
2.06723 1.01266 1.00997 0.00810924 -0.00966094
2.09244 1.01266 1.01078 0.00895689 -0.0107603
2.11765 1.01266 1.01083 0.00962644 -0.0114334
2.14286 1.01266 1.011 0.0101018 -0.0118055
2.16807 1.01266 1.01106 0.0104299 -0.0119632
2.19328 1.01266 1.01104 0.0106342 -0.0119605
2.21849 1.01266 1.01093 0.0107359 -0.0118364
2.2437 1.01266 1.01078 0.0107516 -0.0116197
2.26891 1.01266 1.01057 0.0106949 -0.0113329
2.29412 1.01266 1.01033 0.0105771 -0.0109936
2.31933 1.01266 1.01007 0.0104073 -0.0106159
2.34454 1.01266 1.00979 0.0101934 -0.0102111
2.36975 1.01266 1.00949 0.0099419 -0.00978854
2.39496 1.01266 1.00919 0.00965857 -0.00935548
2.42017 1.01266 1.00889 0.00934823 -0.00891794
2.44538 1.01266 1.00859 0.00901508 -0.0084807
2.47059 1.01266 1.00829 0.00866276 -0.00804751
2.4958 1.01266 1.00799 0.00829447 -0.0076213
2.52101 1.01266 1.00771 0.00791295 -0.00720423
2.54622 1.01266 1.00743 0.00752062 -0.00679782
2.57143 1.01266 1.00716 0.00711958 -0.00640304
2.59664 1.01266 1.0069 0.00671164 -0.00602031
2.62185 1.01266 1.00665 0.00629838 -0.00564959
2.64706 1.01266 1.00642 0.00588115 -0.00529038
2.67227 1.01266 1.0062 0.0054611 -0.00494173
2.69748 1.01266 1.006 0.00503921 -0.00460228
2.72269 1.01266 1.00581 0.00461631 -0.0042702
2.7479 1.01266 1.00564 0.00419306 -0.00394319
2.77311 1.01266 1.00548 0.00377 -0.00361847
2.79832 1.01266 1.00534 0.00334755 -0.00329267
2.82353 1.01266 1.00521 0.00292599 -0.00296184
2.84874 1.01266 1.0051 0.00250552 -0.00262132
2.87395 1.01266 1.00501 0.00208618 -0.00226568
2.89916 1.01266 1.00494 0.00166794 -0.0018886
2.92437 1.01266 1.00488 0.00125061 -0.00148273
2.94958 1.01266 1.00483 0.000833866 -0.00103953
2.97479 1.01266 1.0048 0.00041724 -0.000549101
3 1.01266 1.00479 0 0

0 1.03797 0.990661 0 0
0.0252101 1.03797 0.898493 0.00215391 0.0306339
0.0504202 1.03797 1.18363 0.0151576 0.0709987
0.0756303 1.03797 1.17306 0.0382907 0.100625
0.10084 1.03797 1.2226 0.0523669 0.12028
0.12605 1.03797 1.24818 0.0632035 0.135675
0.151261 1.03797 1.26667 0.0708023 0.148483
0.176471 1.03797 1.27919 0.0762678 0.159815
0.201681 1.03797 1.28747 0.0802733 0.170134
0.226891 1.03797 1.29301 0.0832623 0.179634
0.252101 1.03797 1.29683 0.0855343 0.188388
0.277311 1.03797 1.29954 0.0872879 0.196417
0.302521 1.03797 1.30149 0.0886519 0.203725
0.327731 1.03797 1.30289 0.0897111 0.210315
0.352941 1.03797 1.30385 0.0905223 0.21619
0.378151 1.03797 1.30444 0.0911249 0.221351
0.403361 1.03797 1.3047 0.0915469 0.2258
0.428571 1.03797 1.30467 0.0918093 0.229536
0.453782 1.03797 1.30437 0.0919281 0.232556
0.478992 1.03797 1.30381 0.0919161 0.234855
0.504202 1.03797 1.303 0.0917835 0.236421
0.529412 1.03797 1.30196 0.0915386 0.23724
0.554622 1.03797 1.30068 0.091188 0.237295
0.579832 1.03797 1.29917 0.0907366 0.236559
0.605042 1.03797 1.29743 0.0901875 0.235003
0.630252 1.03797 1.29546 0.0895418 0.232588
0.655462 1.03797 1.29326 0.0887982 0.229269
0.680672 1.03797 1.29082 0.0879527 0.224991
0.705882 1.03797 1.28812 0.0869979 0.219691
0.731092 1.03797 1.28516 0.0859238 0.21329
0.756303 1.03797 1.28184 0.0847104 0.205703
0.781513 1.03797 1.27841 0.0833569 0.196806
0.806723 1.03797 1.27372 0.0817787 0.186519
0.831933 1.03797 1.27111 0.0801378 0.174522
0.857143 1.03797 1.25993 0.0779134 0.160998
0.882353 1.03797 1.26719 0.0762403 0.144758
0.907563 1.03797 1.22698 0.0726998 0.126986
0.932773 1.03797 1.27332 0.0712349 0.104557
0.957983 1.03797 1.15734 0.065259 0.0788532
0.983193 1.03797 1.26109 0.0600532 0.0491907
1.0084 1.03797 1.0565 0.0461786 0.0104675
1.03361 1.03797 1.0831 0.0315997 0.00449712
1.05882 1.03797 1.05967 0.0247369 0.00148367
1.08403 1.03797 1.06308 0.0197998 -0.000136396
1.10924 1.03797 1.065 0.0167767 -0.00102286
1.13445 1.03797 1.06885 0.014729 -0.00150953
1.15966 1.03797 1.07232 0.0133333 -0.00177939
1.18487 1.03797 1.07526 0.0123412 -0.00192854
1.21008 1.03797 1.07752 0.0116132 -0.00200889
1.23529 1.03797 1.07913 0.011061 -0.00204885
1.2605 1.03797 1.08015 0.0106293 -0.00206432
1.28571 1.03797 1.08067 0.0102821 -0.0020644
1.31092 1.03797 1.08077 0.0099955 -0.00205452
1.33613 1.03797 1.08052 0.00975304 -0.00203803
1.36134 1.03797 1.07997 0.00954324 -0.00201711
1.38655 1.03797 1.07918 0.00935779 -0.00199321
1.41176 1.03797 1.07817 0.00919056 -0.00196738
1.43697 1.03797 1.07698 0.00903694 -0.00194037
1.46218 1.03797 1.07564 0.00889343 -0.00191272
1.48739 1.03797 1.07417 0.00875734 -0.00188487
1.51261 1.03797 1.07259 0.00862659 -0.00185711
1.53782 1.03797 1.07092 0.0084996 -0.00182968
1.56303 1.03797 1.06917 0.00837516 -0.00180273
1.58824 1.03797 1.06735 0.00825242 -0.00177638
1.61345 1.03797 1.06547 0.0081308 -0.00175072
1.63866 1.03797 1.06355 0.00801003 -0.00172582
1.66387 1.03797 1.06159 0.00789012 -0.00170174
1.68908 1.03797 1.05961 0.00777139 -0.0016786
1.71429 1.03797 1.05761 0.00765457 -0.00165657
1.7395 1.03797 1.0556 0.00754088 -0.00163596
1.76471 1.03797 1.0536 0.00743225 -0.00161728
1.78992 1.03797 1.0516 0.00733166 -0.00160143
1.81513 1.03797 1.04962 0.00724377 -0.00158994
1.84034 1.03797 1.04765 0.00717603 -0.00158552
1.86555 1.03797 1.0457 0.00714071 -0.00159307
1.89076 1.03797 1.04376 0.00715944 -0.00162177
1.91597 1.03797 1.04169 0.00726718 -0.00168884
1.94118 1.03797 1.03957 0.00754829 -0.00183239
1.96639 1.03797 1.03581 0.00807786 -0.00213502
1.9916 1.03797 1.03399 0.00935201 -0.00301172
2.01681 1.03797 1.01773 0.0112063 -0.00709495
2.04202 1.03797 1.01747 0.0117385 -0.00924899
2.06723 1.03797 1.01482 0.0122586 -0.0108428
2.09244 1.03797 1.01425 0.0125503 -0.0117798
2.11765 1.03797 1.01369 0.012758 -0.0123234
2.14286 1.03797 1.01334 0.0128696 -0.0125822
2.16807 1.03797 1.01301 0.0128999 -0.0126396
2.19328 1.03797 1.0127 0.0128563 -0.0125489
2.21849 1.03797 1.01238 0.0127473 -0.0123479
2.2437 1.03797 1.01205 0.0125809 -0.0120642
2.26891 1.03797 1.0117 0.0123646 -0.011719
2.29412 1.03797 1.01135 0.0121051 -0.0113286
2.31933 1.03797 1.01099 0.0118085 -0.0109062
2.34454 1.03797 1.01062 0.01148 -0.0104622
2.36975 1.03797 1.01026 0.0111245 -0.0100051
2.39496 1.03797 1.00989 0.0107461 -0.00954174
2.42017 1.03797 1.00953 0.0103485 -0.00907747
2.44538 1.03797 1.00918 0.00993496 -0.00861668
2.47059 1.03797 1.00884 0.00950825 -0.00816276
2.4958 1.03797 1.0085 0.00907093 -0.00771832
2.52101 1.03797 1.00818 0.00862516 -0.00728524
2.54622 1.03797 1.00787 0.00817288 -0.00686482
2.57143 1.03797 1.00757 0.00771573 -0.0064578
2.59664 1.03797 1.00729 0.00725517 -0.00606443
2.62185 1.03797 1.00702 0.00679243 -0.00568452
2.64706 1.03797 1.00676 0.00632857 -0.00531743
2.67227 1.03797 1.00653 0.00586448 -0.00496209
2.69748 1.03797 1.00631 0.00540093 -0.00461702
2.72269 1.03797 1.0061 0.00493851 -0.00428031
2.7479 1.03797 1.00592 0.00447773 -0.00394957
2.77311 1.03797 1.00575 0.00401898 -0.00362193
2.79832 1.03797 1.0056 0.00356254 -0.00329395
2.82353 1.03797 1.00547 0.00310862 -0.0029616
2.84874 1.03797 1.00536 0.00265733 -0.00262015
2.87395 1.03797 1.00526 0.00220868 -0.00226409
2.89916 1.03797 1.00518 0.00176264 -0.00188699
2.92437 1.03797 1.00513 0.00131905 -0.00148141
2.94958 1.03797 1.00509 0.000877669 -0.00103868
2.97479 1.03797 1.00506 0.000438161 -0.000548757
3 1.03797 1.00506 0 0

0 1.06329 1.13989 0 0
0.0252101 1.06329 1.05342 -0.000421446 0.0202011
0.0504202 1.06329 1.20011 0.00549501 0.0549046
0.0756303 1.06329 1.17547 0.0203587 0.083201
0.10084 1.06329 1.22088 0.0315423 0.105912
0.12605 1.06329 1.23822 0.0423785 0.124682
0.151261 1.06329 1.25436 0.0510208 0.140266
0.176471 1.06329 1.26619 0.0580287 0.153669
0.201681 1.06329 1.27493 0.0636786 0.165447
0.226891 1.06329 1.28142 0.0682557 0.175955
0.252101 1.06329 1.28626 0.0719985 0.185407
0.277311 1.06329 1.28988 0.0750921 0.19393
0.302521 1.06329 1.29259 0.0776752 0.2016
0.327731 1.06329 1.29459 0.0798506 0.208463
0.352941 1.06329 1.29602 0.0816946 0.214552
0.378151 1.06329 1.29698 0.0832642 0.219886
0.403361 1.06329 1.29753 0.0846028 0.224479
0.428571 1.06329 1.29771 0.085744 0.228337
0.453782 1.06329 1.29757 0.0867142 0.231464
0.478992 1.06329 1.29712 0.0875351 0.233858
0.504202 1.06329 1.29638 0.0882244 0.235512
0.529412 1.06329 1.29536 0.088797 0.236415
0.554622 1.06329 1.29406 0.0892657 0.23655
0.579832 1.06329 1.29249 0.0896409 0.235895
0.605042 1.06329 1.29064 0.0899315 0.234421
0.630252 1.06329 1.28851 0.0901444 0.232092
0.655462 1.06329 1.28608 0.090285 0.228867
0.680672 1.06329 1.28335 0.0903568 0.224694
0.705882 1.06329 1.28027 0.0903608 0.219511
0.731092 1.06329 1.27685 0.0902998 0.213244
0.756303 1.06329 1.27285 0.0901607 0.205816
0.781513 1.06329 1.26887 0.0899814 0.19709
0.806723 1.06329 1.26244 0.0896329 0.187034
0.831933 1.06329 1.26043 0.0894524 0.175235
0.857143 1.06329 1.24333 0.0886171 0.162057
0.882353 1.06329 1.25631 0.0887693 0.146144
0.907563 1.06329 1.20244 0.086905 0.12878
0.932773 1.06329 1.25577 0.0870138 0.107815
0.957983 1.06329 1.13567 0.0836107 0.0835752
0.983193 1.06329 1.21567 0.0796458 0.0588683
1.0084 1.06329 1.04633 0.0709379 0.0290966
1.03361 1.06329 1.06654 0.0550551 0.0152766
1.05882 1.06329 1.06288 0.0454089 0.0070946
1.08403 1.06329 1.0678 0.0383149 0.00265195
1.10924 1.06329 1.07167 0.0333479 4.20462e-05
1.13445 1.06329 1.07518 0.0297462 -0.00148831
1.15966 1.06329 1.07789 0.0270937 -0.00241322
1.18487 1.06329 1.0799 0.0250961 -0.00298116
1.21008 1.06329 1.0813 0.0235605 -0.00333398
1.23529 1.06329 1.08219 0.0223557 -0.00355282
1.2605 1.06329 1.08263 0.0213914 -0.00368553
1.28571 1.06329 1.08271 0.0206043 -0.00376115
1.31092 1.06329 1.08248 0.0199492 -0.00379787
1.33613 1.06329 1.08197 0.0193936 -0.00380751
1.36134 1.06329 1.08122 0.0189132 -0.00379799
1.38655 1.06329 1.08027 0.0184903 -0.00377478
1.41176 1.06329 1.07915 0.0181112 -0.00374179
1.43697 1.06329 1.07787 0.0177658 -0.00370188
1.46218 1.06329 1.07647 0.0174459 -0.00365717
1.48739 1.06329 1.07495 0.0171456 -0.00360926
1.51261 1.06329 1.07332 0.0168599 -0.00355937
1.53782 1.06329 1.07162 0.0165853 -0.00350846
1.56303 1.06329 1.06984 0.0163189 -0.00345724
1.58824 1.06329 1.068 0.0160587 -0.0034063
1.61345 1.06329 1.06611 0.0158033 -0.00335615
1.63866 1.06329 1.06417 0.0155519 -0.00330721
1.66387 1.06329 1.06221 0.0153043 -0.00325995
1.68908 1.06329 1.06021 0.0150611 -0.00321494
1.71429 1.06329 1.05819 0.0148234 -0.00317291
1.7395 1.06329 1.05616 0.0145935 -0.00313495
1.76471 1.06329 1.05412 0.0143748 -0.00310275
1.78992 1.06329 1.05208 0.0141724 -0.00307896
1.81513 1.06329 1.05003 0.0139941 -0.00306793
1.84034 1.06329 1.04798 0.0138511 -0.00307694
1.86555 1.06329 1.04591 0.0137603 -0.00311852
1.89076 1.06329 1.04381 0.0137478 -0.00321488
1.91597 1.06329 1.0416 0.0138495 -0.0034072
1.94118 1.06329 1.03941 0.0141344 -0.00377142
1.96639 1.06329 1.03626 0.0146352 -0.00447673
1.9916 1.06329 1.03537 0.0156213 -0.00579311
2.01681 1.06329 1.0239 0.0163776 -0.00845005
2.04202 1.06329 1.02198 0.0163823 -0.0102656
2.06723 1.06329 1.019 0.0163412 -0.0116079
2.09244 1.06329 1.01757 0.0161745 -0.0124343
2.11765 1.06329 1.01645 0.0159749 -0.0128994
2.14286 1.06329 1.01564 0.0157396 -0.0130947
2.16807 1.06329 1.01497 0.0154731 -0.0130944
2.19328 1.06329 1.01438 0.0151748 -0.0129503
2.21849 1.06329 1.01385 0.0148455 -0.0127001
2.2437 1.06329 1.01334 0.0144869 -0.0123714
2.26891 1.06329 1.01286 0.0141012 -0.0119855
2.29412 1.06329 1.01238 0.0136913 -0.0115586
2.31933 1.06329 1.01192 0.01326 -0.0111035
2.34454 1.06329 1.01147 0.0128102 -0.0106304
2.36975 1.06329 1.01103 0.0123447 -0.0101474
2.39496 1.06329 1.0106 0.0118661 -0.00966103
2.42017 1.06329 1.01019 0.0113768 -0.00917644
2.44538 1.06329 1.00978 0.010879 -0.00869771
2.47059 1.06329 1.00939 0.0103746 -0.008228
2.4958 1.06329 1.00902 0.0098653 -0.0077697
2.52101 1.06329 1.00866 0.00935277 -0.00732452
2.54622 1.06329 1.00831 0.00883833 -0.00689357
2.57143 1.06329 1.00798 0.00832318 -0.00647746
2.59664 1.06329 1.00767 0.00780833 -0.0060763
2.62185 1.06329 1.00738 0.00729466 -0.00568978
2.64706 1.06329 1.00711 0.00678291 -0.00531716
2.67227 1.06329 1.00685 0.00627368 -0.0049573
2.69748 1.06329 1.00661 0.00576748 -0.00460863
2.72269 1.06329 1.0064 0.00526471 -0.00426916
2.7479 1.06329 1.0062 0.00476566 -0.00393646
2.77311 1.06329 1.00602 0.00427056 -0.00360759
2.79832 1.06329 1.00586 0.00377958 -0.00327908
2.82353 1.06329 1.00573 0.0032928 -0.00294685
2.84874 1.06329 1.00561 0.00281026 -0.00260613
2.87395 1.06329 1.00551 0.00233195 -0.00225135
2.89916 1.06329 1.00543 0.0018578 -0.00187606
2.92437 1.06329 1.00538 0.00138772 -0.00147273
2.94958 1.06329 1.00534 0.000921547 -0.00103264
2.97479 1.06329 1.00532 0.000459074 -0.000545646
3 1.06329 1.00532 0 0

0 1.08861 1.15173 0 0
0.0252101 1.08861 1.08851 -0.00167723 0.0177179
0.0504202 1.08861 1.19234 0.000669084 0.045898
0.0756303 1.08861 1.17393 0.00987498 0.0711074
0.10084 1.08861 1.2162 0.0181233 0.0941278
0.12605 1.08861 1.22933 0.0275662 0.114131
0.151261 1.08861 1.24487 0.0358481 0.131277
0.176471 1.08861 1.25625 0.0432195 0.146155
0.201681 1.08861 1.26512 0.0495964 0.159176
0.226891 1.08861 1.27199 0.0550801 0.17068
0.252101 1.08861 1.27733 0.0597987 0.18091
0.277311 1.08861 1.28145 0.0638771 0.190035
0.302521 1.08861 1.28462 0.0674246 0.198173
0.327731 1.08861 1.28703 0.0705322 0.205405
0.352941 1.08861 1.2888 0.0732742 0.211786
0.378151 1.08861 1.29003 0.0757103 0.217356
0.403361 1.08861 1.2908 0.0778886 0.222142
0.428571 1.08861 1.29116 0.0798483 0.226161
0.453782 1.08861 1.29115 0.0816216 0.229423
0.478992 1.08861 1.29078 0.0832354 0.231933
0.504202 1.08861 1.29009 0.0847126 0.233688
0.529412 1.08861 1.28908 0.0860726 0.234681
0.554622 1.08861 1.28776 0.0873326 0.234897
0.579832 1.08861 1.28612 0.0885076 0.234317
0.605042 1.08861 1.28417 0.0896106 0.232915
0.630252 1.08861 1.28189 0.0906532 0.230657
0.655462 1.08861 1.27927 0.0916453 0.227503
0.680672 1.08861 1.27628 0.0925957 0.223403
0.705882 1.08861 1.27287 0.09351 0.2183
0.731092 1.08861 1.26909 0.0944009 0.212117
0.756303 1.08861 1.26444 0.0952474 0.204789
0.781513 1.08861 1.26031 0.0961313 0.196158
0.806723 1.08861 1.25194 0.0968265 0.186252
0.831933 1.08861 1.25176 0.0978647 0.174571
0.857143 1.08861 1.2288 0.0980773 0.161602
0.882353 1.08861 1.24765 0.0994043 0.146094
0.907563 1.08861 1.18777 0.0987338 0.128935
0.932773 1.08861 1.23844 0.0991333 0.109517
0.957983 1.08861 1.1408 0.0971252 0.0864146
0.983193 1.08861 1.18992 0.0927817 0.0647738
1.0084 1.08861 1.10143 0.0861074 0.0390978
1.03361 1.08861 1.10329 0.0736034 0.0236514
1.05882 1.08861 1.0928 0.0638499 0.0133336
1.08403 1.08861 1.08873 0.0558054 0.00684487
1.10924 1.08861 1.08629 0.0495278 0.00265747
1.13445 1.08861 1.08533 0.0446404 -6.16282e-05
1.15966 1.08861 1.08512 0.0408403 -0.00185405
1.18487 1.08861 1.08523 0.0378653 -0.0030491
1.21008 1.08861 1.08537 0.0355117 -0.00385264
1.23529 1.08861 1.08541 0.0336249 -0.00439461
1.2605 1.08861 1.08526 0.0320899 -0.00475834
1.28571 1.08861 1.08491 0.0308216 -0.00499828
1.31092 1.08861 1.08434 0.0297567 -0.0051507
1.33613 1.08861 1.08358 0.028848 -0.00524027
1.36134 1.08861 1.08264 0.0280599 -0.00528412
1.38655 1.08861 1.08154 0.0273653 -0.00529443
1.41176 1.08861 1.08029 0.0267435 -0.00528
1.43697 1.08861 1.07891 0.0261785 -0.00524735
1.46218 1.08861 1.07742 0.0256576 -0.00520134
1.48739 1.08861 1.07584 0.0251712 -0.0051457
1.51261 1.08861 1.07416 0.0247114 -0.0050833
1.53782 1.08861 1.07241 0.0242725 -0.00501638
1.56303 1.08861 1.0706 0.0238497 -0.00494672
1.58824 1.08861 1.06873 0.0234396 -0.00487579
1.61345 1.08861 1.06682 0.0230398 -0.00480486
1.63866 1.08861 1.06486 0.0226488 -0.00473506
1.66387 1.08861 1.06287 0.0222661 -0.00466758
1.68908 1.08861 1.06085 0.021892 -0.00460371
1.71429 1.08861 1.05881 0.0215278 -0.0045451
1.7395 1.08861 1.05676 0.0211763 -0.00449396
1.76471 1.08861 1.05469 0.0208416 -0.00445345
1.78992 1.08861 1.0526 0.0205296 -0.00442828
1.81513 1.08861 1.0505 0.020249 -0.00442563
1.84034 1.08861 1.04838 0.0200118 -0.00445669
1.86555 1.08861 1.04622 0.0198341 -0.00453924
1.89076 1.08861 1.044 0.0197377 -0.00470172
1.91597 1.08861 1.04164 0.0197479 -0.00499062
1.94118 1.08861 1.03917 0.0198984 -0.00547725
1.96639 1.08861 1.03609 0.0201811 -0.0062876
1.9916 1.08861 1.0334 0.020616 -0.00751279
2.01681 1.08861 1.02745 0.0207833 -0.00943753
2.04202 1.08861 1.02473 0.020508 -0.0109233
2.06723 1.08861 1.02207 0.02011 -0.0120613
2.09244 1.08861 1.02028 0.0196186 -0.0127942
2.11765 1.08861 1.01887 0.0191022 -0.0132068
2.14286 1.08861 1.01775 0.0185751 -0.0133675
2.16807 1.08861 1.01682 0.0180437 -0.0133384
2.19328 1.08861 1.01601 0.0175082 -0.0131673
2.21849 1.08861 1.01529 0.0169673 -0.012891
2.2437 1.08861 1.01463 0.0164198 -0.0125373
2.26891 1.08861 1.01401 0.0158653 -0.0121276
2.29412 1.08861 1.01342 0.0153039 -0.0116785
2.31933 1.08861 1.01286 0.014736 -0.0112029
2.34454 1.08861 1.01233 0.0141627 -0.0107111
2.36975 1.08861 1.01181 0.0135848 -0.0102112
2.39496 1.08861 1.01132 0.0130037 -0.00970965
2.42017 1.08861 1.01084 0.0124205 -0.00921154
2.44538 1.08861 1.01039 0.0118364 -0.00872084
2.47059 1.08861 1.00995 0.0112524 -0.00824062
2.4958 1.08861 1.00953 0.0106696 -0.00777314
2.52101 1.08861 1.00914 0.0100888 -0.00732001
2.54622 1.08861 1.00876 0.00951094 -0.00688227
2.57143 1.08861 1.0084 0.00893664 -0.00646041
2.59664 1.08861 1.00806 0.00836651 -0.00605448
2.62185 1.08861 1.00775 0.00780104 -0.0056641
2.64706 1.08861 1.00745 0.00724063 -0.00528845
2.67227 1.08861 1.00717 0.00668561 -0.00492635
2.69748 1.08861 1.00692 0.0061362 -0.00457618
2.72269 1.08861 1.00669 0.00559258 -0.00423592
2.7479 1.08861 1.00648 0.00505484 -0.00390311
2.77311 1.08861 1.00629 0.00452305 -0.00357479
2.79832 1.08861 1.00612 0.00399722 -0.00324747
2.82353 1.08861 1.00598 0.00347733 -0.00291706
2.84874 1.08861 1.00586 0.00296334 -0.00257879
2.87395 1.08861 1.00576 0.00245521 -0.00222708
2.89916 1.08861 1.00568 0.00195286 -0.00185546
2.92437 1.08861 1.00562 0.00145623 -0.00145642
2.94958 1.08861 1.00559 0.000965249 -0.0010212
2.97479 1.08861 1.00558 0.000479862 -0.000539662
3 1.08861 1.00559 0 0

0 1.11392 1.17521 0 0
0.0252101 1.11392 1.13853 -0.00185136 0.0157849
0.0504202 1.11392 1.19708 -0.00109132 0.0396854
0.0756303 1.11392 1.18414 0.00417653 0.0622738
0.10084 1.11392 1.21633 0.00992605 0.0845383
0.12605 1.11392 1.2255 0.0174407 0.10461
0.151261 1.11392 1.23925 0.0246584 0.122441
0.176471 1.11392 1.24941 0.0316399 0.138201
0.201681 1.11392 1.25779 0.038071 0.152115
0.226891 1.11392 1.26455 0.0439042 0.164431
0.252101 1.11392 1.26996 0.0491542 0.17536
0.277311 1.11392 1.27426 0.05387 0.185071
0.302521 1.11392 1.27765 0.0581129 0.193691
0.327731 1.11392 1.28027 0.0619448 0.201318
0.352941 1.11392 1.28225 0.065423 0.208023
0.378151 1.11392 1.28366 0.0685985 0.213858
0.403361 1.11392 1.28458 0.0715153 0.218863
0.428571 1.11392 1.28506 0.0742114 0.223064
0.453782 1.11392 1.28514 0.0767195 0.226479
0.478992 1.11392 1.28484 0.0790681 0.229116
0.504202 1.11392 1.28418 0.0812819 0.23098
0.529412 1.11392 1.28317 0.0833829 0.232065
0.554622 1.11392 1.28182 0.0853905 0.232361
0.579832 1.11392 1.28013 0.0873221 0.231851
0.605042 1.11392 1.27808 0.0891932 0.230511
0.630252 1.11392 1.27567 0.0910178 0.22831
0.655462 1.11392 1.27288 0.092808 0.225209
0.680672 1.11392 1.26969 0.0945753 0.22116
0.705882 1.11392 1.26599 0.0963245 0.216108
0.731092 1.11392 1.26199 0.0980764 0.209978
0.756303 1.11392 1.25671 0.0997853 0.202717
0.781513 1.11392 1.25288 0.101586 0.194147
0.806723 1.11392 1.24243 0.103119 0.184354
0.831933 1.11392 1.24478 0.105096 0.172811
0.857143 1.11392 1.21722 0.106095 0.159997
0.882353 1.11392 1.23939 0.10805 0.145062
0.907563 1.11392 1.18089 0.108252 0.128197
0.932773 1.11392 1.22224 0.108552 0.110245
0.957983 1.11392 1.14825 0.107294 0.0888
0.983193 1.11392 1.17484 0.103183 0.0692679
1.0084 1.11392 1.12065 0.0976487 0.0475354
1.03361 1.11392 1.11247 0.0878145 0.031926
1.05882 1.11392 1.10218 0.0787801 0.0203199
1.08403 1.11392 1.09689 0.0707096 0.0121569
1.10924 1.11392 1.09382 0.0639275 0.00644268
1.13445 1.11392 1.0921 0.0583485 0.00246342
1.15966 1.11392 1.09106 0.0538039 -0.000314434
1.18487 1.11392 1.09033 0.0501054 -0.00226196
1.21008 1.11392 1.0897 0.0470832 -0.00363343
1.23529 1.11392 1.08906 0.0445952 -0.0046017
1.2605 1.11392 1.08835 0.0425276 -0.00528442
1.28571 1.11392 1.08753 0.0407901 -0.00576229
1.31092 1.11392 1.08659 0.0393124 -0.00609126
1.33613 1.11392 1.08552 0.0380393 -0.00631072
1.36134 1.11392 1.08434 0.0369277 -0.00644878
1.38655 1.11392 1.08304 0.0359441 -0.00652588
1.41176 1.11392 1.08164 0.0350617 -0.00655706
1.43697 1.11392 1.08013 0.0342597 -0.00655362
1.46218 1.11392 1.07854 0.0335214 -0.00652413
1.48739 1.11392 1.07686 0.0328337 -0.00647518
1.51261 1.11392 1.07512 0.0321862 -0.00641192
1.53782 1.11392 1.07331 0.0315704 -0.00633845
1.56303 1.11392 1.07145 0.0309801 -0.00625804
1.58824 1.11392 1.06954 0.0304104 -0.00617343
1.61345 1.11392 1.06759 0.0298576 -0.00608698
1.63866 1.11392 1.0656 0.0293195 -0.00600082
1.66387 1.11392 1.06358 0.0287947 -0.00591708
1.68908 1.11392 1.06154 0.0282834 -0.00583804
1.71429 1.11392 1.05947 0.0277865 -0.00576639
1.7395 1.11392 1.05739 0.0273067 -0.00570556
1.76471 1.11392 1.05529 0.0268477 -0.00566016
1.78992 1.11392 1.05317 0.0264152 -0.00563663
1.81513 1.11392 1.05103 0.026017 -0.00564425
1.84034 1.11392 1.04886 0.0256629 -0.00569649
1.86555 1.11392 1.04664 0.0253647 -0.00581314
1.89076 1.11392 1.04437 0.0251357 -0.00602299
1.91597 1.11392 1.04199 0.0249866 -0.00636751
1.94118 1.11392 1.03951 0.024923 -0.00690076
1.96639 1.11392 1.03667 0.0249128 -0.00769522
1.9916 1.11392 1.034 0.0249168 -0.00877275
2.01681 1.11392 1.02977 0.0247046 -0.0101783
2.04202 1.11392 1.02702 0.0241952 -0.0113738
2.06723 1.11392 1.02451 0.0235497 -0.0123147
2.09244 1.11392 1.02258 0.0228185 -0.0129477
2.11765 1.11392 1.02099 0.0220592 -0.0133088
2.14286 1.11392 1.01967 0.0212956 -0.0134433
2.16807 1.11392 1.01854 0.0205395 -0.0133989
2.19328 1.11392 1.01756 0.0197944 -0.0132168
2.21849 1.11392 1.01668 0.0190604 -0.0129306
2.2437 1.11392 1.01588 0.0183365 -0.0125672
2.26891 1.11392 1.01514 0.0176211 -0.0121478
2.29412 1.11392 1.01444 0.0169131 -0.011689
2.31933 1.11392 1.01379 0.0162117 -0.011204
2.34454 1.11392 1.01318 0.0155164 -0.0107034
2.36975 1.11392 1.01259 0.0148271 -0.0101953
2.39496 1.11392 1.01203 0.0141438 -0.00968619
2.42017 1.11392 1.0115 0.0134667 -0.00918132
2.44538 1.11392 1.01099 0.0127961 -0.00868466
2.47059 1.11392 1.01051 0.0121322 -0.00819925
2.4958 1.11392 1.01005 0.0114755 -0.00772736
2.52101 1.11392 1.00961 0.0108261 -0.00727055
2.54622 1.11392 1.0092 0.0101844 -0.00682983
2.57143 1.11392 1.00881 0.00955061 -0.00640567
2.59664 1.11392 1.00845 0.00892488 -0.00599808
2.62185 1.11392 1.00811 0.00830734 -0.00560664
2.64706 1.11392 1.00779 0.00769806 -0.00523054
2.67227 1.11392 1.00749 0.00709704 -0.00486855
2.69748 1.11392 1.00722 0.00650428 -0.00451906
2.72269 1.11392 1.00698 0.00591969 -0.00418004
2.7479 1.11392 1.00675 0.00534318 -0.00384902
2.77311 1.11392 1.00655 0.00477465 -0.00352307
2.79832 1.11392 1.00638 0.00421395 -0.0031987
2.82353 1.11392 1.00623 0.00366096 -0.00287185
2.84874 1.11392 1.0061 0.00311557 -0.00253778
2.87395 1.11392 1.006 0.00257767 -0.00219096
2.89916 1.11392 1.00592 0.0020472 -0.00182494
2.92437 1.11392 1.00587 0.00152414 -0.00143227
2.94958 1.11392 1.00584 0.00100851 -0.00100423
2.97479 1.11392 1.00584 0.000500406 -0.000530722
3 1.11392 1.00586 0 0

0 1.13924 1.1869 0 0
0.0252101 1.13924 1.16445 -0.00185268 0.0150589
0.0504202 1.13924 1.20043 -0.00201081 0.0357062
0.0756303 1.13924 1.19383 0.000891436 0.0561098
0.10084 1.13924 1.21718 0.00482056 0.077028
0.12605 1.13924 1.22436 0.0105405 0.0964758
0.151261 1.13924 1.23602 0.0165405 0.114324
0.176471 1.13924 1.24483 0.0227786 0.130422
0.201681 1.13924 1.25242 0.0288631 0.144839
0.226891 1.13924 1.25876 0.0346573 0.157703
0.252101 1.13924 1.26397 0.0400922 0.169164
0.277311 1.13924 1.26822 0.0451495 0.17936
0.302521 1.13924 1.27164 0.0498413 0.188407
0.327731 1.13924 1.27433 0.0541945 0.1964
0.352941 1.13924 1.27639 0.0582426 0.203417
0.378151 1.13924 1.27789 0.0620206 0.209516
0.403361 1.13924 1.2789 0.0655622 0.214741
0.428571 1.13924 1.27945 0.0688991 0.219128
0.453782 1.13924 1.27958 0.0720603 0.222697
0.478992 1.13924 1.27931 0.0750721 0.225465
0.504202 1.13924 1.27867 0.0779584 0.227437
0.529412 1.13924 1.27765 0.0807408 0.228613
0.554622 1.13924 1.27627 0.0834389 0.228985
0.579832 1.13924 1.27453 0.0860706 0.228539
0.605042 1.13924 1.27241 0.0886516 0.227252
0.630252 1.13924 1.2699 0.0911962 0.225097
0.655462 1.13924 1.26697 0.0937159 0.222037
0.680672 1.13924 1.26363 0.0962225 0.218025
0.705882 1.13924 1.2597 0.0987146 0.213014
0.731092 1.13924 1.25562 0.101221 0.206922
0.756303 1.13924 1.24972 0.103658 0.199721
0.781513 1.13924 1.24655 0.106218 0.191217
0.806723 1.13924 1.23416 0.108408 0.181533
0.831933 1.13924 1.23882 0.111053 0.17021
0.857143 1.13924 1.20904 0.112663 0.157562
0.882353 1.13924 1.2309 0.114881 0.143315
0.907563 1.13924 1.17929 0.115705 0.126944
0.932773 1.13924 1.20864 0.115876 0.110262
0.957983 1.13924 1.15579 0.115003 0.0906093
0.983193 1.13924 1.16691 0.111359 0.0726763
1.0084 1.13924 1.13381 0.106584 0.0536765
1.03361 1.13924 1.12363 0.0987849 0.0384789
1.05882 1.13924 1.11411 0.0908587 0.0264221
1.08403 1.13924 1.10771 0.0833192 0.0173013
1.10924 1.13924 1.10318 0.0765793 0.0105185
1.13445 1.13924 1.09993 0.0707412 0.00552555
1.15966 1.13924 1.09753 0.065772 0.00186339
1.18487 1.13924 1.09569 0.0615774 -0.000821184
1.21008 1.13924 1.09417 0.0580442 -0.00279013
1.23529 1.13924 1.09283 0.055062 -0.00423417
1.2605 1.13924 1.09155 0.0525318 -0.00529122
1.28571 1.13924 1.09028 0.0503693 -0.00606093
1.31092 1.13924 1.08898 0.0485047 -0.00661564
1.33613 1.13924 1.08762 0.0468805 -0.00700825
1.36134 1.13924 1.08619 0.0454505 -0.00727777
1.38655 1.13924 1.08469 0.0441771 -0.00745329
1.41176 1.13924 1.08312 0.0430301 -0.00755674
1.43697 1.13924 1.08148 0.0419849 -0.00760483
1.46218 1.13924 1.07977 0.0410219 -0.00761048
1.48739 1.13924 1.078 0.0401252 -0.00758374
1.51261 1.13924 1.07617 0.0392819 -0.00753254
1.53782 1.13924 1.0743 0.0384819 -0.00746326
1.56303 1.13924 1.07237 0.037717 -0.00738107
1.58824 1.13924 1.07041 0.036981 -0.00729028
1.61345 1.13924 1.06842 0.0362691 -0.00719463
1.63866 1.13924 1.06639 0.0355781 -0.00709749
1.66387 1.13924 1.06434 0.0349059 -0.00700211
1.68908 1.13924 1.06227 0.0342519 -0.00691185
1.71429 1.13924 1.06017 0.0336165 -0.00683052
1.7395 1.13924 1.05806 0.0330015 -0.00676266
1.76471 1.13924 1.05593 0.03241 -0.00671405
1.78992 1.13924 1.05378 0.0318464 -0.00669233
1.81513 1.13924 1.0516 0.0313164 -0.00670776
1.84034 1.13924 1.0494 0.0308265 -0.00677431
1.86555 1.13924 1.04716 0.0303834 -0.00691089
1.89076 1.13924 1.04487 0.0299922 -0.00714245
1.91597 1.13924 1.04249 0.0296526 -0.00750063
1.94118 1.13924 1.04002 0.0293546 -0.00802008
1.96639 1.13924 1.03735 0.0290619 -0.00873519
1.9916 1.13924 1.03469 0.0287245 -0.00963526
2.01681 1.13924 1.03146 0.0282216 -0.0106999
2.04202 1.13924 1.02885 0.0275126 -0.0116499
2.06723 1.13924 1.0265 0.0266762 -0.0124149
2.09244 1.13924 1.02452 0.0257603 -0.012946
2.11765 1.13924 1.02283 0.0248118 -0.0132525
2.14286 1.13924 1.02138 0.0238583 -0.0133611
2.16807 1.13924 1.02012 0.0229153 -0.0133062
2.19328 1.13924 1.019 0.0219904 -0.0131209
2.21849 1.13924 1.01799 0.0210859 -0.0128346
2.2437 1.13924 1.01707 0.0202022 -0.012472
2.26891 1.13924 1.01623 0.0193383 -0.0120534
2.29412 1.13924 1.01544 0.0184928 -0.0115951
2.31933 1.13924 1.0147 0.0176645 -0.0111102
2.34454 1.13924 1.01401 0.0168522 -0.0106093
2.36975 1.13924 1.01335 0.0160549 -0.0101008
2.39496 1.13924 1.01273 0.0152721 -0.00959129
2.42017 1.13924 1.01214 0.014503 -0.00908606
2.44538 1.13924 1.01158 0.0137473 -0.00858918
2.47059 1.13924 1.01106 0.0130046 -0.00810377
2.4958 1.13924 1.01056 0.0122747 -0.00763211
2.52101 1.13924 1.01008 0.0115574 -0.00717582
2.54622 1.13924 1.00964 0.0108524 -0.00673592
2.57143 1.13924 1.00922 0.0101595 -0.00631288
2.59664 1.13924 1.00883 0.00947855 -0.00590674
2.62185 1.13924 1.00846 0.00880927 -0.00551709
2.64706 1.13924 1.00812 0.0081514 -0.00514311
2.67227 1.13924 1.00781 0.00750468 -0.00478361
2.69748 1.13924 1.00752 0.00686883 -0.00443698
2.72269 1.13924 1.00726 0.00624355 -0.00410123
2.7479 1.13924 1.00702 0.00562854 -0.00377393
2.77311 1.13924 1.00681 0.00502352 -0.00345217
2.79832 1.13924 1.00663 0.00442823 -0.00313253
2.82353 1.13924 1.00647 0.00384241 -0.00281101
2.84874 1.13924 1.00634 0.00326589 -0.00248292
2.87395 1.13924 1.00624 0.00269851 -0.00214282
2.89916 1.13924 1.00616 0.00214021 -0.00178436
2.92437 1.13924 1.00611 0.00159102 -0.00140015
2.94958 1.13924 1.00608 0.00105107 -0.000981624
2.97479 1.13924 1.00609 0.000520581 -0.000518778
3 1.13924 1.00612 0 0

0 1.16456 1.19647 0 0
0.0252101 1.16456 1.18434 -0.00180357 0.0145089
0.0504202 1.16456 1.2051 -0.00245108 0.0329316
0.0756303 1.16456 1.20267 -0.0010095 0.0516411
0.10084 1.16456 1.21874 0.00160499 0.0711066
0.12605 1.16456 1.22483 0.00583896 0.0896492
0.151261 1.16456 1.23433 0.0106962 0.107094
0.176471 1.16456 1.24185 0.0160808 0.123126
0.201681 1.16456 1.24853 0.0216206 0.1377
0.226891 1.16456 1.2543 0.0271379 0.150843
0.252101 1.16456 1.25915 0.0325154 0.162638
0.277311 1.16456 1.26319 0.0376863 0.173177
0.302521 1.16456 1.2665 0.042622 0.182551
0.327731 1.16456 1.26915 0.0473168 0.190845
0.352941 1.16456 1.2712 0.0517791 0.198129
0.378151 1.16456 1.27272 0.0560254 0.204461
0.403361 1.16456 1.27375 0.0600761 0.209887
0.428571 1.16456 1.27433 0.063953 0.214445
0.453782 1.16456 1.27448 0.0676783 0.21816
0.478992 1.16456 1.27422 0.0712735 0.221049
0.504202 1.16456 1.27358 0.0747591 0.223123
0.529412 1.16456 1.27255 0.0781541 0.224383
0.554622 1.16456 1.27114 0.0814763 0.224825
0.579832 1.16456 1.26935 0.0847417 0.224436
0.605042 1.16456 1.26717 0.0879645 0.223198
0.630252 1.16456 1.26458 0.0911572 0.221083
0.655462 1.16456 1.26156 0.0943282 0.218058
0.680672 1.16456 1.25813 0.0974879 0.214081
0.705882 1.16456 1.25401 0.100624 0.209108
0.731092 1.16456 1.25001 0.103775 0.203062
0.756303 1.16456 1.24351 0.10681 0.19593
0.781513 1.16456 1.24118 0.109976 0.187528
0.806723 1.16456 1.22734 0.112684 0.177972
0.831933 1.16456 1.23334 0.115768 0.166958
0.857143 1.16456 1.20402 0.117866 0.154541
0.882353 1.16456 1.2225 0.120164 0.141015
0.907563 1.16456 1.18039 0.121408 0.125349
0.932773 1.16456 1.19833 0.121565 0.10975
0.957983 1.16456 1.1617 0.120914 0.0918417
0.983193 1.16456 1.16338 0.117855 0.0752419
1.0084 1.16456 1.14184 0.11374 0.0582972
1.03361 1.16456 1.13132 0.107461 0.0438294
1.05882 1.16456 1.12227 0.10064 0.031798
1.08403 1.16456 1.11544 0.0938239 0.022185
1.10924 1.16456 1.11026 0.0874241 0.0146701
1.13445 1.16456 1.10629 0.0816368 0.00887823
1.15966 1.16456 1.10317 0.0765218 0.0044519
1.18487 1.16456 1.10065 0.0720608 0.00108584
1.21008 1.16456 1.09851 0.0681955 -0.00146609
1.23529 1.16456 1.09661 0.0648528 -0.00339587
1.2605 1.16456 1.09485 0.0619573 -0.00485052
1.28571 1.16456 1.09317 0.059439 -0.00594156
1.31092 1.16456 1.09152 0.0572354 -0.0067533
1.33613 1.16456 1.08986 0.0552927 -0.00734961
1.36134 1.16456 1.08819 0.0535655 -0.00777902
1.38655 1.16456 1.08648 0.0520157 -0.00807865
1.41176 1.16456 1.08473 0.0506115 -0.00827713
1.43697 1.16456 1.08294 0.0493268 -0.00839666
1.46218 1.16456 1.0811 0.04814 -0.00845469
1.48739 1.16456 1.07923 0.0470335 -0.00846498
1.51261 1.16456 1.07731 0.0459926 -0.00843856
1.53782 1.16456 1.07536 0.0450056 -0.00838433
1.56303 1.16456 1.07337 0.0440631 -0.00830961
1.58824 1.16456 1.07135 0.0431576 -0.00822054
1.61345 1.16456 1.06931 0.0422832 -0.00812242
1.63866 1.16456 1.06724 0.0414359 -0.00801999
1.66387 1.16456 1.06515 0.0406126 -0.00791773
1.68908 1.16456 1.06304 0.0398119 -0.00782014
1.71429 1.16456 1.06091 0.0390334 -0.00773206
1.7395 1.16456 1.05877 0.0382779 -0.00765899
1.76471 1.16456 1.05661 0.0375472 -0.00760753
1.78992 1.16456 1.05443 0.0368441 -0.00758587
1.81513 1.16456 1.05223 0.0361717 -0.00760439
1.84034 1.16456 1.05001 0.0355332 -0.00767621
1.86555 1.16456 1.04776 0.0349308 -0.00781774
1.89076 1.16456 1.04546 0.0343636 -0.00804862
1.91597 1.16456 1.0431 0.0338247 -0.00839062
1.94118 1.16456 1.04068 0.033298 -0.00886326
1.96639 1.16456 1.03815 0.0327507 -0.00947813
1.9916 1.16456 1.03561 0.0321412 -0.0102143
2.01681 1.16456 1.03286 0.0314038 -0.0110317
2.04202 1.16456 1.03041 0.0305168 -0.011779
2.06723 1.16456 1.02817 0.0295209 -0.0123899
2.09244 1.16456 1.02619 0.0284536 -0.0128222
2.11765 1.16456 1.02446 0.0273526 -0.0130717
2.14286 1.16456 1.02292 0.0262445 -0.0131522
2.16807 1.16456 1.02156 0.0251466 -0.013087
2.19328 1.16456 1.02033 0.0240689 -0.0129016
2.21849 1.16456 1.01922 0.0230165 -0.0126204
2.2437 1.16456 1.0182 0.0219912 -0.0122653
2.26891 1.16456 1.01726 0.0209931 -0.0118548
2.29412 1.16456 1.01639 0.0200215 -0.0114045
2.31933 1.16456 1.01558 0.0190752 -0.0109271
2.34454 1.16456 1.01481 0.0181528 -0.0104332
2.36975 1.16456 1.01409 0.0172532 -0.00993098
2.39496 1.16456 1.01341 0.0163751 -0.00942731
2.42017 1.16456 1.01277 0.0155175 -0.0089275
2.44538 1.16456 1.01217 0.0146795 -0.00843569
2.47059 1.16456 1.01159 0.0138604 -0.0079551
2.4958 1.16456 1.01105 0.0130592 -0.00748809
2.52101 1.16456 1.01054 0.0122755 -0.00703633
2.54622 1.16456 1.01007 0.0115086 -0.00660089
2.57143 1.16456 1.00962 0.0107578 -0.00618231
2.59664 1.16456 1.0092 0.0100226 -0.00578065
2.62185 1.16456 1.00881 0.00930251 -0.00539555
2.64706 1.16456 1.00845 0.00859688 -0.00502623
2.67227 1.16456 1.00812 0.0079052 -0.00467155
2.69748 1.16456 1.00781 0.00722695 -0.00432996
2.72269 1.16456 1.00754 0.00656163 -0.0039995
2.7479 1.16456 1.00729 0.00590873 -0.00367782
2.77311 1.16456 1.00707 0.00526782 -0.00336208
2.79832 1.16456 1.00688 0.00463848 -0.00304894
2.82353 1.16456 1.00671 0.00402038 -0.00273449
2.84874 1.16456 1.00658 0.00341324 -0.00241416
2.87395 1.16456 1.00647 0.00281689 -0.00208261
2.89916 1.16456 1.00639 0.00223127 -0.00173365
2.92437 1.16456 1.00634 0.00165644 -0.00136003
2.94958 1.16456 1.00632 0.00109264 -0.000953351
2.97479 1.16456 1.00633 0.000540264 -0.000503807
3 1.16456 1.00637 0 0

0 1.18987 1.2036 0 0
0.0252101 1.18987 1.19725 -0.00177294 0.0141256
0.0504202 1.18987 1.20958 -0.0027153 0.0309423
0.0756303 1.18987 1.20967 -0.00216249 0.0482931
0.10084 1.18987 1.22063 -0.000480643 0.0663777
0.12605 1.18987 1.226 0.00260515 0.0839295
0.151261 1.18987 1.23355 0.00648327 0.100734
0.176471 1.18987 1.23996 0.0110421 0.116425
0.201681 1.18987 1.24573 0.0159731 0.130887
0.226891 1.18987 1.25087 0.0210907 0.144073
0.252101 1.18987 1.25528 0.0262591 0.156007
0.277311 1.18987 1.25902 0.0313825 0.166735
0.302521 1.18987 1.26214 0.0364042 0.176319
0.327731 1.18987 1.26466 0.0412922 0.184824
0.352941 1.18987 1.26664 0.046033 0.192308
0.378151 1.18987 1.26812 0.0506249 0.198824
0.403361 1.18987 1.26913 0.0550742 0.204415
0.428571 1.18987 1.26969 0.0593915 0.209116
0.453782 1.18987 1.26984 0.0635905 0.212955
0.478992 1.18987 1.26957 0.0676859 0.21595
0.504202 1.18987 1.26892 0.0716929 0.218113
0.529412 1.18987 1.26787 0.0756263 0.219448
0.554622 1.18987 1.26644 0.0794999 0.219951
0.579832 1.18987 1.26461 0.0833267 0.219613
0.605042 1.18987 1.26239 0.0871172 0.218418
0.630252 1.18987 1.25975 0.0908806 0.216341
0.655462 1.18987 1.25666 0.0946203 0.213354
0.680672 1.18987 1.25321 0.0983444 0.209415
0.705882 1.18987 1.24893 0.102026 0.204492
0.731092 1.18987 1.24512 0.105715 0.198509
0.756303 1.18987 1.23811 0.109236 0.191469
0.781513 1.18987 1.23653 0.112868 0.183219
0.806723 1.18987 1.22207 0.11599 0.173825
0.831933 1.18987 1.22808 0.119347 0.163191
0.857143 1.18987 1.20143 0.121832 0.151105
0.882353 1.18987 1.21487 0.124155 0.138275
0.907563 1.18987 1.18236 0.125668 0.123465
0.932773 1.18987 1.19119 0.125931 0.108816
0.957983 1.18987 1.1659 0.125453 0.0924952
0.983193 1.18987 1.1624 0.122985 0.0770795
1.0084 1.18987 1.14727 0.119481 0.0617203
1.03361 1.18987 1.13738 0.114364 0.0480604
1.05882 1.18987 1.12895 0.10855 0.0363008
1.08403 1.18987 1.12211 0.102509 0.0265208
1.10924 1.18987 1.11661 0.096609 0.018574
1.13445 1.18987 1.11214 0.091075 0.012221
1.15966 1.18987 1.10847 0.086019 0.00719865
1.18487 1.18987 1.10537 0.0814765 0.00325865
1.21008 1.18987 1.1027 0.0774363 0.00018496
1.23529 1.18987 1.10032 0.0738611 -0.0022019
1.2605 1.18987 1.09814 0.0707018 -0.00404691
1.28571 1.18987 1.09609 0.067906 -0.00546521
1.31092 1.18987 1.09411 0.0654232 -0.00654744
1.33613 1.18987 1.09218 0.0632068 -0.00736465
1.36134 1.18987 1.09027 0.0612155 -0.00797253
1.38655 1.18987 1.08835 0.0594132 -0.00841479
1.41176 1.18987 1.08643 0.0577692 -0.00872587
1.43697 1.18987 1.08449 0.0562572 -0.00893308
1.46218 1.18987 1.08252 0.054855 -0.00905818
1.48739 1.18987 1.08053 0.0535441 -0.00911864
1.51261 1.18987 1.07852 0.0523091 -0.00912859
1.53782 1.18987 1.07648 0.0511372 -0.00909961
1.56303 1.18987 1.07442 0.0500181 -0.00904127
1.58824 1.18987 1.07234 0.0489432 -0.00896163
1.61345 1.18987 1.07024 0.0479059 -0.00886766
1.63866 1.18987 1.06812 0.0469013 -0.00876556
1.66387 1.18987 1.06599 0.0459255 -0.00866107
1.68908 1.18987 1.06384 0.0449761 -0.0085598
1.71429 1.18987 1.06168 0.0440519 -0.00846752
1.7395 1.18987 1.05951 0.0431525 -0.00839048
1.76471 1.18987 1.05732 0.0422784 -0.00833577
1.78992 1.18987 1.05512 0.0414305 -0.00831169
1.81513 1.18987 1.0529 0.0406097 -0.00832805
1.84034 1.18987 1.05067 0.0398164 -0.00839646
1.86555 1.18987 1.04841 0.0390493 -0.00853023
1.89076 1.18987 1.04612 0.0383038 -0.00874377
1.91597 1.18987 1.04379 0.0375701 -0.00905079
1.94118 1.18987 1.04142 0.0368311 -0.00946046
1.96639 1.18987 1.039 0.0360601 -0.00997232
1.9916 1.18987 1.03657 0.035226 -0.0105635
2.01681 1.18987 1.03408 0.0342919 -0.0111945
2.04202 1.18987 1.03176 0.033246 -0.0117764
2.06723 1.18987 1.02961 0.0321108 -0.0122552
2.09244 1.18987 1.02765 0.0309142 -0.0125962
2.11765 1.18987 1.02589 0.0296856 -0.0127893
2.14286 1.18987 1.0243 0.028449 -0.0128402
2.16807 1.18987 1.02287 0.0272214 -0.0127637
2.19328 1.18987 1.02156 0.0260143 -0.0125787
2.21849 1.18987 1.02036 0.0248343 -0.0123049
2.2437 1.18987 1.01926 0.023685 -0.0119609
2.26891 1.18987 1.01825 0.0225676 -0.0115633
2.29412 1.18987 1.0173 0.0214821 -0.0111263
2.31933 1.18987 1.01641 0.020428 -0.0106621
2.34454 1.18987 1.01559 0.0194039 -0.0101808
2.36975 1.18987 1.01481 0.0184087 -0.00969048
2.39496 1.18987 1.01407 0.0174411 -0.00919796
2.42017 1.18987 1.01338 0.0164997 -0.00870857
2.44538 1.18987 1.01273 0.0155834 -0.00822654
2.47059 1.18987 1.01211 0.014691 -0.00775515
2.4958 1.18987 1.01154 0.0138215 -0.00729682
2.52101 1.18987 1.01099 0.0129738 -0.00685332
2.54622 1.18987 1.01048 0.012147 -0.00642577
2.57143 1.18987 1.01001 0.0113401 -0.00601479
2.59664 1.18987 1.00956 0.0105524 -0.0056205
2.62185 1.18987 1.00915 0.00978284 -0.0052426
2.64706 1.18987 1.00877 0.00903075 -0.0048804
2.67227 1.18987 1.00841 0.00829531 -0.0045328
2.69748 1.18987 1.00809 0.00757577 -0.00419833
2.72269 1.18987 1.0078 0.00687142 -0.00387514
2.7479 1.18987 1.00754 0.00618158 -0.00356093
2.77311 1.18987 1.00731 0.00550567 -0.00325299
2.79832 1.18987 1.00711 0.00484314 -0.00294809
2.82353 1.18987 1.00694 0.00419355 -0.00264243
2.84874 1.18987 1.00681 0.00355657 -0.0023316
2.87395 1.18987 1.0067 0.00293198 -0.00201042
2.89916 1.18987 1.00662 0.00231973 -0.00167287
2.92437 1.18987 1.00657 0.00171995 -0.00131194
2.94958 1.18987 1.00655 0.00113296 -0.000919433
2.97479 1.18987 1.00657 0.000559329 -0.00048582
3 1.18987 1.00662 0 0

0 1.21519 1.20921 0 0
0.0252101 1.21519 1.20623 -0.0017665 0.0137813
0.0504202 1.21519 1.21369 -0.00289263 0.0294255
0.0756303 1.21519 1.21504 -0.00289685 0.045663
0.10084 1.21519 1.2226 -0.00187848 0.0625163
0.12605 1.21519 1.22733 0.000346498 0.0790875
0.151261 1.21519 1.23332 0.00342261 0.0951374
0.176471 1.21519 1.23877 0.00724666 0.110319
0.201681 1.21519 1.2437 0.011582 0.124476
0.226891 1.21519 1.24823 0.0162555 0.137517
0.252101 1.21519 1.25216 0.0211324 0.149418
0.277311 1.21519 1.25557 0.0261044 0.16019
0.302521 1.21519 1.25844 0.0310983 0.169864
0.327731 1.21519 1.26079 0.0360642 0.178482
0.352941 1.21519 1.26265 0.040971 0.186089
0.378151 1.21519 1.26405 0.0458018 0.192728
0.403361 1.21519 1.265 0.0505494 0.198435
0.428571 1.21519 1.26553 0.0552135 0.203242
0.453782 1.21519 1.26564 0.0597985 0.207176
0.478992 1.21519 1.26536 0.0643114 0.210253
0.504202 1.21519 1.26468 0.0687609 0.212487
0.529412 1.21519 1.26361 0.0731562 0.213883
0.554622 1.21519 1.26216 0.0775065 0.214438
0.579832 1.21519 1.26031 0.0818195 0.214145
0.605042 1.21519 1.25806 0.0861015 0.21299
0.630252 1.21519 1.2554 0.0903569 0.210953
0.655462 1.21519 1.25227 0.0945826 0.208008
0.680672 1.21519 1.24884 0.0987842 0.20412
0.705882 1.21519 1.24444 0.102919 0.199263
0.731092 1.21519 1.24087 0.107047 0.193372
0.756303 1.21519 1.23354 0.11096 0.186451
0.781513 1.21519 1.2324 0.114939 0.178404
0.806723 1.21519 1.21824 0.118398 0.169222
0.831933 1.21519 1.22309 0.121922 0.159008
0.857143 1.21519 1.20037 0.124703 0.147355
0.882353 1.21519 1.20852 0.127061 0.135181
0.907563 1.21519 1.18426 0.12875 0.121299
0.932773 1.21519 1.18664 0.129197 0.107523
0.957983 1.21519 1.16881 0.128898 0.0925979
0.983193 1.21519 1.16279 0.126979 0.0782664
1.0084 1.21519 1.15125 0.124052 0.0641863
1.03361 1.21519 1.14221 0.119857 0.0513373
1.05882 1.21519 1.13435 0.114929 0.0399878
1.08403 1.21519 1.12767 0.109642 0.0302608
1.10924 1.21519 1.12204 0.104306 0.0221118
1.13445 1.21519 1.11729 0.0991415 0.0154
1.15966 1.21519 1.11324 0.0942831 0.00994168
1.18487 1.21519 1.10974 0.0898004 0.00554487
1.21008 1.21519 1.10667 0.0857163 0.00202938
1.23529 1.21519 1.1039 0.0820236 -0.000763989
1.2605 1.21519 1.10136 0.0786976 -0.00297062
1.28571 1.21519 1.09899 0.0757044 -0.00470295
1.31092 1.21519 1.09672 0.0730069 -0.00605291
1.33613 1.21519 1.09454 0.070568 -0.00709504
1.36134 1.21519 1.0924 0.0683529 -0.00788949
1.38655 1.21519 1.09029 0.0663298 -0.00848469
1.41176 1.21519 1.08819 0.0644703 -0.00891969
1.43697 1.21519 1.0861 0.0627496 -0.00922606
1.46218 1.21519 1.084 0.0611463 -0.00942937
1.48739 1.21519 1.0819 0.0596421 -0.00955049
1.51261 1.21519 1.07979 0.0582213 -0.00960651
1.53782 1.21519 1.07766 0.0568707 -0.00961158
1.56303 1.21519 1.07553 0.0555796 -0.00957751
1.58824 1.21519 1.07338 0.0543388 -0.00951431
1.61345 1.21519 1.07122 0.0531411 -0.00943061
1.63866 1.21519 1.06905 0.0519808 -0.00933406
1.66387 1.21519 1.06687 0.0508534 -0.00923164
1.68908 1.21519 1.06468 0.0497557 -0.00913
1.71429 1.21519 1.06248 0.0486855 -0.00903573
1.7395 1.21519 1.06028 0.0476413 -0.00895566
1.76471 1.21519 1.05806 0.0466223 -0.00889711
1.78992 1.21519 1.05584 0.0456279 -0.00886816
1.81513 1.21519 1.0536 0.0446571 -0.00887777
1.84034 1.21519 1.05136 0.0437081 -0.00893579
1.86555 1.21519 1.0491 0.0427774 -0.00905257
1.89076 1.21519 1.04681 0.0418586 -0.00923811
1.91597 1.21519 1.04451 0.040941 -0.00950028
1.94118 1.21519 1.04219 0.0400091 -0.00984179
1.96639 1.21519 1.03985 0.0390423 -0.0102565
1.9916 1.21519 1.03751 0.0380181 -0.0107232
2.01681 1.21519 1.03518 0.0369151 -0.0112081
2.04202 1.21519 1.03296 0.0357271 -0.0116548
2.06723 1.21519 1.03087 0.0344677 -0.012022
2.09244 1.21519 1.02894 0.0331574 -0.0122814
2.11765 1.21519 1.02717 0.0318191 -0.0124212
2.14286 1.21519 1.02554 0.0304732 -0.0124422
2.16807 1.21519 1.02405 0.0291358 -0.0123535
2.19328 1.21519 1.02269 0.0278184 -0.0121687
2.21849 1.21519 1.02142 0.0265287 -0.0119032
2.2437 1.21519 1.02026 0.0252714 -0.0115722
2.26891 1.21519 1.01917 0.0240488 -0.0111903
2.29412 1.21519 1.01816 0.0228618 -0.0107703
2.31933 1.21519 1.01721 0.0217103 -0.0103233
2.34454 1.21519 1.01632 0.0205935 -0.00985884
2.36975 1.21519 1.01549 0.0195104 -0.00938483
2.39496 1.21519 1.0147 0.0184598 -0.00890781
2.42017 1.21519 1.01396 0.0174402 -0.00843309
2.44538 1.21519 1.01327 0.0164503 -0.0079649
2.47059 1.21519 1.01262 0.0154888 -0.00750655
2.4958 1.21519 1.012 0.0145544 -0.00706052
2.52101 1.21519 1.01142 0.0136459 -0.00662865
2.54622 1.21519 1.01088 0.0127619 -0.00621213
2.57143 1.21519 1.01038 0.0119014 -0.00581166
2.59664 1.21519 1.00991 0.0110632 -0.00542743
2.62185 1.21519 1.00947 0.0102462 -0.00505923
2.64706 1.21519 1.00907 0.00944941 -0.00470645
2.67227 1.21519 1.0087 0.00867181 -0.00436808
2.69748 1.21519 1.00836 0.00791246 -0.00404274
2.72269 1.21519 1.00806 0.00717045 -0.00372869
2.7479 1.21519 1.00779 0.00644496 -0.00342374
2.77311 1.21519 1.00755 0.00573524 -0.00312532
2.79832 1.21519 1.00734 0.00504065 -0.00283032
2.82353 1.21519 1.00717 0.00436064 -0.00253512
2.84874 1.21519 1.00702 0.00369482 -0.00223548
2.87395 1.21519 1.00691 0.00304295 -0.00192644
2.89916 1.21519 1.00683 0.00240499 -0.0016022
2.92437 1.21519 1.00679 0.0017811 -0.00125599
2.94958 1.21519 1.00677 0.00117175 -0.000879948
2.97479 1.21519 1.0068 0.000577651 -0.000464857
3 1.21519 1.00685 0 0

0 1.24051 1.21351 0 0
0.0252101 1.24051 1.21239 -0.00178243 0.013454
0.0504202 1.24051 1.21718 -0.00303397 0.0282002
0.0756303 1.24051 1.21904 -0.00339782 0.0434989
0.10084 1.24051 1.22445 -0.00285399 0.0592773
0.12605 1.24051 1.22857 -0.0012665 0.0749174
0.151261 1.24051 1.23337 0.00116862 0.0901767
0.176471 1.24051 1.23799 0.00436878 0.104754
0.201681 1.24051 1.2422 0.00816036 0.118476
0.226891 1.24051 1.24616 0.0123933 0.131231
0.252101 1.24051 1.24964 0.0169445 0.142961
0.277311 1.24051 1.2527 0.0217051 0.153648
0.302521 1.24051 1.2553 0.0265951 0.163298
0.327731 1.24051 1.25746 0.0315535 0.171934
0.352941 1.24051 1.25917 0.0365374 0.179584
0.378151 1.24051 1.26046 0.0415177 0.186279
0.403361 1.24051 1.26133 0.0464761 0.192048
0.428571 1.24051 1.2618 0.0514022 0.196918
0.453782 1.24051 1.26187 0.0562913 0.200911
0.478992 1.24051 1.26155 0.0611426 0.204044
0.504202 1.24051 1.26085 0.0659578 0.206328
0.529412 1.24051 1.25977 0.0707399 0.207768
0.554622 1.24051 1.25829 0.0754921 0.208364
0.579832 1.24051 1.25643 0.0802169 0.20811
0.605042 1.24051 1.25417 0.0849149 0.206995
0.630252 1.24051 1.25151 0.0895852 0.205001
0.655462 1.24051 1.24836 0.0942176 0.202108
0.680672 1.24051 1.24499 0.098815 0.198285
0.705882 1.24051 1.24053 0.103321 0.193515
0.731092 1.24051 1.23718 0.107797 0.187747
0.756303 1.24051 1.2298 0.112026 0.180978
0.781513 1.24051 1.2287 0.116258 0.173178
0.806723 1.24051 1.21559 0.11999 0.164261
0.831933 1.24051 1.21859 0.123622 0.154485
0.857143 1.24051 1.20009 0.126624 0.14335
0.882353 1.24051 1.20364 0.129048 0.131798
0.907563 1.24051 1.18573 0.130866 0.118848
0.932773 1.24051 1.18401 0.131533 0.105901
0.957983 1.24051 1.17087 0.131437 0.0921928
0.983193 1.24051 1.16387 0.13001 0.0788643
1.0084 1.24051 1.15441 0.127623 0.0658601
1.03361 1.24051 1.14618 0.124189 0.0537917
1.05882 1.24051 1.13884 0.120035 0.0429229
1.08403 1.24051 1.13239 0.115449 0.0333912
1.10924 1.24051 1.12676 0.110689 0.0252098
1.13445 1.24051 1.12186 0.105952 0.0183056
1.15966 1.24051 1.11757 0.101379 0.0125568
1.18487 1.24051 1.11378 0.0970562 0.00782074
1.21008 1.24051 1.1104 0.09303 0.00395278
1.23529 1.24051 1.10732 0.0893158 0.000817176
1.2605 1.24051 1.10448 0.0859092 -0.00170737
1.28571 1.24051 1.10183 0.0827934 -0.00372594
1.31092 1.24051 1.09931 0.0799447 -0.00532773
1.33613 1.24051 1.0969 0.0773364 -0.0065874
1.36134 1.24051 1.09455 0.0749413 -0.00756693
1.38655 1.24051 1.09225 0.0727329 -0.00831754
1.41176 1.24051 1.08999 0.0706869 -0.00888143
1.43697 1.24051 1.08775 0.068781 -0.00929336
1.46218 1.24051 1.08553 0.0669956 -0.00958203
1.48739 1.24051 1.08331 0.0653131 -0.00977118
1.51261 1.24051 1.0811 0.0637187 -0.00988056
1.53782 1.24051 1.07888 0.0621994 -0.00992664
1.56303 1.24051 1.07667 0.0607442 -0.00992335
1.58824 1.24051 1.07445 0.0593439 -0.00988251
1.61345 1.24051 1.07223 0.057991 -0.00981436
1.63866 1.24051 1.07 0.0566791 -0.00972795
1.66387 1.24051 1.06777 0.0554035 -0.00963141
1.68908 1.24051 1.06554 0.0541601 -0.00953234
1.71429 1.24051 1.06331 0.0529459 -0.00943805
1.7395 1.24051 1.06107 0.0517586 -0.00935579
1.76471 1.24051 1.05883 0.0505961 -0.00929296
1.78992 1.24051 1.05658 0.0494567 -0.00925728
1.81513 1.24051 1.05433 0.0483379 -0.00925676
1.84034 1.24051 1.05207 0.0472365 -0.00929958
1.86555 1.24051 1.04981 0.0461479 -0.00939361
1.89076 1.24051 1.04754 0.0450647 -0.00954547
1.91597 1.24051 1.04526 0.043977 -0.0097591
1.94118 1.24051 1.04297 0.0428716 -0.0100335
1.96639 1.24051 1.04069 0.0417327 -0.0103605
1.9916 1.24051 1.03842 0.0405447 -0.0107215
2.01681 1.24051 1.03619 0.0392947 -0.0110892
2.04202 1.24051 1.03404 0.0379795 -0.0114255
2.06723 1.24051 1.032 0.0366083 -0.011699
2.09244 1.24051 1.03009 0.0351965 -0.0118872
2.11765 1.24051 1.02831 0.0337619 -0.0119785
2.14286 1.24051 1.02666 0.0323215 -0.0119712
2.16807 1.24051 1.02513 0.0308897 -0.0118703
2.19328 1.24051 1.02372 0.0294777 -0.0116853
2.21849 1.24051 1.0224 0.0280936 -0.0114281
2.2437 1.24051 1.02117 0.0267425 -0.0111111
2.26891 1.24051 1.02003 0.0254277 -0.0107466
2.29412 1.24051 1.01896 0.0241508 -0.0103458
2.31933 1.24051 1.01796 0.0229124 -0.00991884
2.34454 1.24051 1.01702 0.0217121 -0.00947445
2.36975 1.24051 1.01613 0.0205491 -0.0090201
2.39496 1.24051 1.0153 0.0194225 -0.00856207
2.42017 1.24051 1.01452 0.0183308 -0.0081055
2.44538 1.24051 1.01379 0.0172727 -0.00765455
2.47059 1.24051 1.01309 0.0162468 -0.00721253
2.4958 1.24051 1.01245 0.0152517 -0.00678196
2.52101 1.24051 1.01184 0.0142859 -0.00636471
2.54622 1.24051 1.01127 0.013348 -0.00596203
2.57143 1.24051 1.01074 0.0124367 -0.0055747
2.59664 1.24051 1.01024 0.0115507 -0.005203
2.62185 1.24051 1.00978 0.0106887 -0.0048468
2.64706 1.24051 1.00936 0.00984936 -0.00450557
2.67227 1.24051 1.00898 0.00903161 -0.00417843
2.69748 1.24051 1.00862 0.00823428 -0.0038641
2.72269 1.24051 1.00831 0.00745633 -0.00356096
2.7479 1.24051 1.00802 0.00669677 -0.00326696
2.77311 1.24051 1.00777 0.00595474 -0.00297967
2.79832 1.24051 1.00756 0.00522948 -0.00269617
2.82353 1.24051 1.00738 0.00452037 -0.00241303
2.84874 1.24051 1.00723 0.00382695 -0.00212621
2.87395 1.24051 1.00712 0.00314898 -0.001831
2.89916 1.24051 1.00704 0.00248641 -0.00152187
2.92437 1.24051 1.00699 0.00183948 -0.0011924
2.94958 1.24051 1.00698 0.00120875 -0.000835033
2.97479 1.24051 1.00701 0.000595108 -0.000440987
3 1.24051 1.00708 0 0

0 1.26582 1.21675 0 0
0.0252101 1.26582 1.21666 -0.00181549 0.0131262
0.0504202 1.26582 1.21999 -0.0031605 0.0271501
0.0756303 1.26582 1.222 -0.00376706 0.0416376
0.10084 1.26582 1.22605 -0.00356693 0.0564789
0.12605 1.26582 1.22961 -0.00245198 0.0712508
0.151261 1.26582 1.23353 -0.000523013 0.0857259
0.176471 1.26582 1.23745 0.00216085 0.099654
0.201681 1.26582 1.24105 0.00547544 0.112861
0.226891 1.26582 1.2445 0.00929754 0.125228
0.252101 1.26582 1.24757 0.0135198 0.136679
0.277311 1.26582 1.25029 0.0180405 0.147176
0.302521 1.26582 1.25263 0.0227792 0.156705
0.327731 1.26582 1.25458 0.0276702 0.16527
0.352941 1.26582 1.25614 0.0326635 0.172885
0.378151 1.26582 1.2573 0.0377212 0.17957
0.403361 1.26582 1.25808 0.0428163 0.185345
0.428571 1.26582 1.25848 0.0479298 0.190232
0.453782 1.26582 1.2585 0.0530489 0.194247
0.478992 1.26582 1.25815 0.0581653 0.197405
0.504202 1.26582 1.25742 0.0632737 0.199715
0.529412 1.26582 1.25632 0.0683706 0.201183
0.554622 1.26582 1.25483 0.0734531 0.201809
0.579832 1.26582 1.25297 0.0785179 0.201588
0.605042 1.26582 1.2507 0.0835594 0.200512
0.630252 1.26582 1.24807 0.0885717 0.198566
0.655462 1.26582 1.24493 0.093537 0.195735
0.680672 1.26582 1.24163 0.0984551 0.191995
0.705882 1.26582 1.23718 0.10326 0.187333
0.731092 1.26582 1.23397 0.108008 0.181719
0.756303 1.26582 1.2268 0.112489 0.175134
0.781513 1.26582 1.22539 0.116903 0.167613
0.806723 1.26582 1.2138 0.120851 0.159015
0.831933 1.26582 1.21476 0.124568 0.149681
0.857143 1.26582 1.20009 0.127731 0.13912
0.882353 1.26582 1.20015 0.130249 0.128171
0.907563 1.26582 1.18675 0.132176 0.116116
0.932773 1.26582 1.18269 0.133075 0.10397
0.957983 1.26582 1.17243 0.133202 0.0913267
0.983193 1.26582 1.16525 0.132213 0.0789279
1.0084 1.26582 1.15706 0.130326 0.0668612
1.03361 1.26582 1.14953 0.127537 0.0555331
1.05882 1.26582 1.14265 0.12406 0.0451783
1.08403 1.26582 1.13645 0.120116 0.0359336
1.10924 1.26582 1.13089 0.115913 0.027843
1.13445 1.26582 1.12593 0.111626 0.0208782
1.15966 1.26582 1.12149 0.107388 0.0149634
1.18487 1.26582 1.1175 0.103293 0.00999651
1.21008 1.26582 1.11388 0.0994002 0.00586493
1.23529 1.26582 1.11056 0.0957405 0.00245655
1.2605 1.26582 1.10748 0.0923258 -0.000333859
1.28571 1.26582 1.10459 0.0891537 -0.00260129
1.31092 1.26582 1.10185 0.0862127 -0.00442928
1.33613 1.26582 1.09923 0.0834862 -0.00588997
1.36134 1.26582 1.09669 0.0809549 -0.00704496
1.38655 1.26582 1.09422 0.0785986 -0.00794636
1.41176 1.26582 1.09181 0.0763975 -0.00863808
1.43697 1.26582 1.08943 0.0743327 -0.009157
1.46218 1.26582 1.08708 0.0723869 -0.00953408
1.48739 1.26582 1.08475 0.0705446 -0.00979533
1.51261 1.26582 1.08243 0.0687918 -0.00996267
1.53782 1.26582 1.08013 0.0671165 -0.0100546
1.56303 1.26582 1.07783 0.065508 -0.0100869
1.58824 1.26582 1.07554 0.0639573 -0.010073
1.61345 1.26582 1.07326 0.0624567 -0.0100247
1.63866 1.26582 1.07098 0.061 -0.00995218
1.66387 1.26582 1.0687 0.0595816 -0.00986475
1.68908 1.26582 1.06642 0.0581974 -0.0097708
1.71429 1.26582 1.06415 0.0568435 -0.00967825
1.7395 1.26582 1.06187 0.0555171 -0.00959467
1.76471 1.26582 1.0596 0.0542151 -0.00952748
1.78992 1.26582 1.05733 0.0529348 -0.00948398
1.81513 1.26582 1.05507 0.0516731 -0.00947132
1.84034 1.26582 1.0528 0.0504257 -0.00949626
1.86555 1.26582 1.05053 0.0491874 -0.00956472
1.89076 1.26582 1.04827 0.0479512 -0.00968095
1.91597 1.26582 1.04601 0.046708 -0.00984643
1.94118 1.26582 1.04375 0.045447 -0.0100583
1.96639 1.26582 1.04151 0.0441565 -0.0103081
1.9916 1.26582 1.0393 0.0428255 -0.01058
2.01681 1.26582 1.03713 0.0414461 -0.0108524
2.04202 1.26582 1.03503 0.0400171 -0.0110984
2.06723 1.26582 1.03303 0.0385453 -0.011294
2.09244 1.26582 1.03113 0.0370421 -0.0114213
2.11765 1.26582 1.02935 0.0355219 -0.0114699
2.14286 1.26582 1.02768 0.0339987 -0.0114368
2.16807 1.26582 1.02612 0.0324851 -0.0113245
2.19328 1.26582 1.02466 0.0309915 -0.0111394
2.21849 1.26582 1.0233 0.0295256 -0.0108906
2.2437 1.26582 1.02202 0.0280933 -0.010588
2.26891 1.26582 1.02083 0.0266981 -0.0102418
2.29412 1.26582 1.01971 0.0253423 -0.00986177
2.31933 1.26582 1.01866 0.0240269 -0.00945673
2.34454 1.26582 1.01767 0.022752 -0.00903469
2.36975 1.26582 1.01674 0.0215173 -0.00860256
2.39496 1.26582 1.01587 0.0203218 -0.00816621
2.42017 1.26582 1.01505 0.0191645 -0.00773058
2.44538 1.26582 1.01427 0.0180439 -0.00729969
2.47059 1.26582 1.01355 0.0169587 -0.00687677
2.4958 1.26582 1.01287 0.0159074 -0.00646435
2.52101 1.26582 1.01223 0.0148885 -0.0060643
2.54622 1.26582 1.01163 0.0139004 -0.00567794
2.57143 1.26582 1.01107 0.0129418 -0.00530609
2.59664 1.26582 1.01056 0.012011 -0.00494912
2.62185 1.26582 1.01008 0.0111066 -0.00460699
2.64706 1.26582 1.00964 0.0102273 -0.00427927
2.67227 1.26582 1.00924 0.00937175 -0.00396519
2.69748 1.26582 1.00887 0.00853863 -0.00366359
2.72269 1.26582 1.00854 0.00772675 -0.00337299
2.7479 1.26582 1.00824 0.00693501 -0.00309151
2.77311 1.26582 1.00798 0.00616243 -0.00281687
2.79832 1.26582 1.00776 0.00540816 -0.00254637
2.82353 1.26582 1.00757 0.00467151 -0.00227677
2.84874 1.26582 1.00742 0.00395197 -0.00200431
2.87395 1.26582 1.00731 0.00324926 -0.00172454
2.89916 1.26582 1.00723 0.00256339 -0.00143227
2.92437 1.26582 1.00719 0.00189465 -0.00112142
2.94958 1.26582 1.00718 0.00124369 -0.000784873
2.97479 1.26582 1.00721 0.000611577 -0.000414307
3 1.26582 1.00729 0 0

0 1.29114 1.21912 0 0
0.0252101 1.29114 1.21963 -0.00186111 0.0127922
0.0504202 1.29114 1.22216 -0.00328283 0.0262035
0.0756303 1.29114 1.22413 -0.00406188 0.0399738
0.10084 1.29114 1.22735 -0.00411552 0.0539896
0.12605 1.29114 1.23041 -0.00335431 0.0679569
0.151261 1.29114 1.23369 -0.00182369 0.081675
0.176471 1.29114 1.23703 0.000438179 0.0949388
0.201681 1.29114 1.24014 0.00334389 0.107585
0.226891 1.29114 1.24314 0.00679615 0.119497
0.252101 1.29114 1.24583 0.0107042 0.130589
0.277311 1.29114 1.24825 0.0149772 0.140812
0.302521 1.29114 1.25034 0.0195386 0.150137
0.327731 1.29114 1.25209 0.0243226 0.158554
0.352941 1.29114 1.25348 0.0292752 0.166064
0.378151 1.29114 1.25453 0.0343537 0.172677
0.403361 1.29114 1.25521 0.0395244 0.178405
0.428571 1.29114 1.25554 0.0447614 0.183262
0.453782 1.29114 1.2555 0.050045 0.187262
0.478992 1.29114 1.25511 0.0553602 0.190414
0.504202 1.29114 1.25436 0.0606951 0.192727
0.529412 1.29114 1.25324 0.06604 0.194205
0.554622 1.29114 1.25175 0.0713858 0.194849
0.579832 1.29114 1.24989 0.0767232 0.194656
0.605042 1.29114 1.24764 0.0820409 0.193618
0.630252 1.29114 1.24504 0.0873275 0.191726
0.655462 1.29114 1.24193 0.0925587 0.188968
0.680672 1.29114 1.23872 0.0977303 0.185328
0.705882 1.29114 1.23433 0.10277 0.180795
0.731092 1.29114 1.23118 0.107725 0.17536
0.756303 1.29114 1.22443 0.112406 0.168992
0.781513 1.29114 1.22251 0.116952 0.161773
0.806723 1.29114 1.21257 0.121068 0.153538
0.831933 1.29114 1.21168 0.124859 0.144647
0.857143 1.29114 1.20014 0.128144 0.134684
0.882353 1.29114 1.19781 0.130771 0.12433
0.907563 1.29114 1.18746 0.132807 0.113115
0.932773 1.29114 1.18221 0.13393 0.101743
0.957983 1.29114 1.17373 0.134293 0.0900442
0.983193 1.29114 1.16673 0.133697 0.0785076
1.0084 1.29114 1.15939 0.132268 0.0672803
1.03361 1.29114 1.15243 0.130037 0.0566518
1.05882 1.29114 1.14595 0.127155 0.0468233
1.08403 1.29114 1.13998 0.123792 0.0379238
1.10924 1.29114 1.13453 0.120116 0.0300122
1.13445 1.29114 1.12957 0.116278 0.023089
1.15966 1.29114 1.12505 0.1124 0.0171114
1.18487 1.29114 1.12092 0.108574 0.0120092
1.21008 1.29114 1.11713 0.104867 0.00769735
1.23529 1.29114 1.11362 0.101319 0.00408545
1.2605 1.29114 1.11034 0.0979547 0.0010846
1.28571 1.29114 1.10725 0.0947824 -0.00138883
1.31092 1.29114 1.10432 0.0918013 -0.00341094
1.33613 1.29114 1.10151 0.0890038 -0.00504948
1.36134 1.29114 1.09881 0.0863783 -0.00636385
1.38655 1.29114 1.09618 0.0839109 -0.00740553
1.41176 1.29114 1.09362 0.0815865 -0.0082188
1.43697 1.29114 1.09111 0.0793903 -0.00884158
1.46218 1.29114 1.08864 0.0773079 -0.00930625
1.48739 1.29114 1.0862 0.0753261 -0.00964041
1.51261 1.29114 1.08378 0.0734325 -0.00986761
1.53782 1.29114 1.08139 0.0716161 -0.010008
1.56303 1.29114 1.07902 0.0698672 -0.0100789
1.58824 1.29114 1.07665 0.0681772 -0.0100951
1.61345 1.29114 1.0743 0.0665388 -0.0100697
1.63866 1.29114 1.07196 0.0649456 -0.010014
1.66387 1.29114 1.06963 0.0633922 -0.00993824
1.68908 1.29114 1.06731 0.061874 -0.00985153
1.71429 1.29114 1.065 0.0603869 -0.00976229
1.7395 1.29114 1.06269 0.0589274 -0.00967837
1.76471 1.29114 1.06039 0.0574921 -0.00960714
1.78992 1.29114 1.0581 0.0560775 -0.00955553
1.81513 1.29114 1.05581 0.05468 -0.00952997
1.84034 1.29114 1.05353 0.053295 -0.00953613
1.86555 1.29114 1.05126 0.0519172 -0.00957851
1.89076 1.29114 1.049 0.0505401 -0.00965979
1.91597 1.29114 1.04674 0.0491559 -0.00978003
1.94118 1.29114 1.04451 0.047756 -0.00993566
1.96639 1.29114 1.0423 0.0463314 -0.0101186
1.9916 1.29114 1.04012 0.0448747 -0.010316
2.01681 1.29114 1.03799 0.043381 -0.0105107
2.04202 1.29114 1.03593 0.0418503 -0.0106828
2.06723 1.29114 1.03395 0.0402877 -0.0108141
2.09244 1.29114 1.03207 0.0387025 -0.0108903
2.11765 1.29114 1.03028 0.0371059 -0.0109025
2.14286 1.29114 1.02859 0.0355096 -0.010847
2.16807 1.29114 1.02701 0.0339245 -0.0107248
2.19328 1.29114 1.02552 0.03236 -0.0105403
2.21849 1.29114 1.02412 0.0308236 -0.0103001
2.2437 1.29114 1.0228 0.0293209 -0.0100122
2.26891 1.29114 1.02157 0.0278559 -0.00968488
2.29412 1.29114 1.0204 0.0264312 -0.00932642
2.31933 1.29114 1.01931 0.0250481 -0.0089446
2.34454 1.29114 1.01828 0.0237074 -0.00854651
2.36975 1.29114 1.01731 0.0224088 -0.00813845
2.39496 1.29114 1.0164 0.0211518 -0.00772586
2.42017 1.29114 1.01554 0.0199353 -0.00731335
2.44538 1.29114 1.01473 0.0187582 -0.00690477
2.47059 1.29114 1.01397 0.0176191 -0.00650323
2.4958 1.29114 1.01326 0.0165165 -0.0061112
2.52101 1.29114 1.0126 0.0154489 -0.00573055
2.54622 1.29114 1.01197 0.0144147 -0.00536263
2.57143 1.29114 1.01139 0.0134123 -0.0050083
2.59664 1.29114 1.01085 0.0124401 -0.004668
2.62185 1.29114 1.01036 0.0114966 -0.00434178
2.64706 1.29114 1.0099 0.0105802 -0.00402931
2.67227 1.29114 1.00948 0.00968946 -0.00372992
2.69748 1.29114 1.0091 0.00882301 -0.00344262
2.72269 1.29114 1.00875 0.00797951 -0.00316605
2.7479 1.29114 1.00845 0.00715775 -0.00289851
2.77311 1.29114 1.00818 0.00635665 -0.00263792
2.79832 1.29114 1.00795 0.00557527 -0.00238178
2.82353 1.29114 1.00776 0.00481286 -0.00212712
2.84874 1.29114 1.0076 0.00406888 -0.00187044
2.87395 1.29114 1.00749 0.00334304 -0.00160762
2.89916 1.29114 1.00741 0.00263536 -0.00133383
2.92437 1.29114 1.00737 0.0019462 -0.00104341
2.94958 1.29114 1.00736 0.00127632 -0.000729709
2.97479 1.29114 1.0074 0.000626943 -0.000384941
3 1.29114 1.00748 0 0

0 1.31646 1.22078 0 0
0.0252101 1.31646 1.22165 -0.00191575 0.012449
0.0504202 1.31646 1.22376 -0.00340579 0.0253156
0.0756303 1.31646 1.22564 -0.00431488 0.0384384
0.10084 1.31646 1.22832 -0.00456108 0.0517152
0.12605 1.31646 1.23097 -0.00406927 0.0649368
0.151261 1.31646 1.23378 -0.00285353 0.0779331
0.176471 1.31646 1.23665 -0.000935622 0.0905361
0.201681 1.31646 1.23936 0.00162369 0.102599
0.226891 1.31646 1.24198 0.0047497 0.114013
0.252101 1.31646 1.24435 0.00836718 0.124691
0.277311 1.31646 1.24649 0.0123975 0.134576
0.302521 1.31646 1.24835 0.0167703 0.14363
0.327731 1.31646 1.24991 0.0214223 0.151833
0.352941 1.31646 1.25116 0.026299 0.159177
0.378151 1.31646 1.25208 0.0313547 0.165662
0.403361 1.31646 1.25267 0.0365514 0.171294
0.428571 1.31646 1.25293 0.0418583 0.176079
0.453782 1.31646 1.25284 0.0472499 0.180026
0.478992 1.31646 1.25241 0.0527053 0.183142
0.504202 1.31646 1.25164 0.0582068 0.185435
0.529412 1.31646 1.25051 0.0637388 0.186906
0.554622 1.31646 1.24902 0.0692865 0.187556
0.579832 1.31646 1.24718 0.074835 0.187385
0.605042 1.31646 1.24495 0.0803674 0.186386
0.630252 1.31646 1.24239 0.0858672 0.184553
0.655462 1.31646 1.23933 0.0913046 0.181878
0.680672 1.31646 1.2362 0.0966705 0.178353
0.705882 1.31646 1.23195 0.101892 0.173968
0.731092 1.31646 1.22879 0.107 0.168734
0.756303 1.31646 1.22258 0.111835 0.162611
0.781513 1.31646 1.22008 0.116478 0.155708
0.806723 1.31646 1.21168 0.120721 0.147869
0.831933 1.31646 1.20935 0.124583 0.139423
0.857143 1.31646 1.20014 0.127962 0.13006
0.882353 1.31646 1.19636 0.130704 0.120297
0.907563 1.31646 1.18799 0.132853 0.109862
0.932773 1.31646 1.18226 0.134189 0.0992343
0.957983 1.31646 1.1749 0.13479 0.0883862
0.983193 1.31646 1.16823 0.134548 0.0776503
1.0084 1.31646 1.16148 0.133534 0.0671892
1.03361 1.31646 1.15499 0.131795 0.0572225
1.05882 1.31646 1.14885 0.129439 0.0479212
1.08403 1.31646 1.14311 0.126601 0.039403
1.10924 1.31646 1.13778 0.123416 0.0317332
1.13445 1.31646 1.13285 0.120012 0.0249297
1.15966 1.31646 1.12829 0.116499 0.0189732
1.18487 1.31646 1.12407 0.112966 0.0138176
1.21008 1.31646 1.12015 0.109478 0.0094004
1.23529 1.31646 1.11649 0.106085 0.0056506
1.2605 1.31646 1.11305 0.102816 0.00249452
1.28571 1.31646 1.1098 0.0996892 -0.000139859
1.31092 1.31646 1.1067 0.0967124 -0.00232036
1.33613 1.31646 1.10373 0.0938858 -0.00410917
1.36134 1.31646 1.10088 0.0912046 -0.0055622
1.38655 1.31646 1.09811 0.0886607 -0.00672905
1.41176 1.31646 1.09541 0.0862442 -0.0076533
1.43697 1.31646 1.09278 0.0839442 -0.00837293
1.46218 1.31646 1.09019 0.0817496 -0.00892091
1.48739 1.31646 1.08765 0.0796496 -0.00932577
1.51261 1.31646 1.08514 0.0776339 -0.00961218
1.53782 1.31646 1.08266 0.0756929 -0.00980147
1.56303 1.31646 1.0802 0.0738181 -0.00991209
1.58824 1.31646 1.07777 0.0720018 -0.00996009
1.61345 1.31646 1.07535 0.070237 -0.00995949
1.63866 1.31646 1.07295 0.0685176 -0.00992262
1.66387 1.31646 1.07057 0.0668385 -0.00986039
1.68908 1.31646 1.0682 0.065195 -0.00978259
1.71429 1.31646 1.06585 0.0635828 -0.00969805
1.7395 1.31646 1.0635 0.0619981 -0.00961481
1.76471 1.31646 1.06117 0.0604374 -0.00954022
1.78992 1.31646 1.05885 0.0588967 -0.00948092
1.81513 1.31646 1.05655 0.0573723 -0.00944277
1.84034 1.31646 1.05425 0.0558596 -0.00943064
1.86555 1.31646 1.05198 0.0543535 -0.00944807
1.89076 1.31646 1.04971 0.0528481 -0.00949681
1.91597 1.31646 1.04747 0.0513369 -0.00957617
1.94118 1.31646 1.04525 0.0498131 -0.00968251
1.96639 1.31646 1.04305 0.04827 -0.00980873
1.9916 1.31646 1.0409 0.0467026 -0.0099442
2.01681 1.31646 1.0388 0.0451078 -0.0100755
2.04202 1.31646 1.03676 0.0434863 -0.0101876
2.06723 1.31646 1.03479 0.0418425 -0.0102664
2.09244 1.31646 1.03291 0.0401836 -0.0103005
2.11765 1.31646 1.03112 0.0385188 -0.0102824
2.14286 1.31646 1.02943 0.036858 -0.0102084
2.16807 1.31646 1.02782 0.0352104 -0.0100785
2.19328 1.31646 1.0263 0.0335844 -0.00989563
2.21849 1.31646 1.02487 0.0319869 -0.00966461
2.2437 1.31646 1.02352 0.0304235 -0.00939166
2.26891 1.31646 1.02224 0.0288981 -0.00908359
2.29412 1.31646 1.02104 0.0274137 -0.00874732
2.31933 1.31646 1.01991 0.0259718 -0.00838956
2.34454 1.31646 1.01884 0.0245734 -0.00801655
2.36975 1.31646 1.01784 0.0232187 -0.00763391
2.39496 1.31646 1.01689 0.0219072 -0.0072466
2.42017 1.31646 1.016 0.0206382 -0.00685889
2.44538 1.31646 1.01516 0.0194106 -0.00647438
2.47059 1.31646 1.01437 0.0182232 -0.00609604
2.4958 1.31646 1.01363 0.0170744 -0.00572625
2.52101 1.31646 1.01294 0.0159629 -0.00536683
2.54622 1.31646 1.01229 0.0148868 -0.00501913
2.57143 1.31646 1.01169 0.0138446 -0.00468406
2.59664 1.31646 1.01113 0.0128347 -0.0043621
2.62185 1.31646 1.01061 0.0118554 -0.00405338
2.64706 1.31646 1.01014 0.010905 -0.00375768
2.67227 1.31646 1.0097 0.00998211 -0.00347445
2.69748 1.31646 1.00931 0.00908507 -0.00320282
2.72269 1.31646 1.00895 0.00821252 -0.00294161
2.7479 1.31646 1.00864 0.00736315 -0.00268929
2.77311 1.31646 1.00836 0.00653579 -0.00244399
2.79832 1.31646 1.00812 0.00572944 -0.00220345
2.82353 1.31646 1.00793 0.00494329 -0.00196498
2.84874 1.31646 1.00777 0.00417676 -0.00172539
2.87395 1.31646 1.00765 0.00342957 -0.00148091
2.89916 1.31646 1.00757 0.00270176 -0.00122711
2.92437 1.31646 1.00753 0.00199373 -0.000958788
2.94958 1.31646 1.00753 0.00130639 -0.000669828
2.97479 1.31646 1.00758 0.000641091 -0.000353039
3 1.31646 1.00766 0 0

0 1.34177 1.22188 0 0
0.0252101 1.34177 1.22299 -0.00197681 0.0120951
0.0504202 1.34177 1.22486 -0.00353153 0.0244586
0.0756303 1.34177 1.22666 -0.00454505 0.0369854
0.10084 1.34177 1.22898 -0.00494256 0.0495893
0.12605 1.34177 1.23132 -0.00466087 0.0621166
0.151261 1.34177 1.23378 -0.00369687 0.0744274
0.176471 1.34177 1.23627 -0.00206068 0.0863834
0.201681 1.34177 1.23866 0.000206054 0.0978569
0.226891 1.34177 1.24096 0.00304701 0.108748
0.252101 1.34177 1.24306 0.00640064 0.118973
0.277311 1.34177 1.24496 0.0102002 0.128473
0.302521 1.34177 1.24662 0.0143826 0.137205
0.327731 1.34177 1.24801 0.0188885 0.145141
0.352941 1.34177 1.24912 0.0236649 0.152267
0.378151 1.34177 1.24993 0.0286652 0.158576
0.403361 1.34177 1.25043 0.0338488 0.164066
0.428571 1.34177 1.25062 0.0391812 0.168739
0.453782 1.34177 1.25049 0.0446327 0.172601
0.478992 1.34177 1.25003 0.0501774 0.175654
0.504202 1.34177 1.24923 0.0557927 0.177903
0.529412 1.34177 1.2481 0.0614576 0.179351
0.554622 1.34177 1.24662 0.0671522 0.179997
0.579832 1.34177 1.2448 0.0728566 0.179841
0.605042 1.34177 1.24261 0.0785485 0.17888
0.630252 1.34177 1.2401 0.0842071 0.177111
0.655462 1.34177 1.23711 0.0897983 0.174528
0.680672 1.34177 1.23405 0.0953072 0.171131
0.705882 1.34177 1.22997 0.100665 0.166912
0.731092 1.34177 1.22676 0.105882 0.161894
0.756303 1.34177 1.22113 0.110832 0.15604
0.781513 1.34177 1.21811 0.115547 0.149463
0.806723 1.34177 1.21099 0.119883 0.142038
0.831933 1.34177 1.20767 0.123812 0.134039
0.857143 1.34177 1.20011 0.127271 0.125265
0.882353 1.34177 1.19556 0.130124 0.116086
0.907563 1.34177 1.18845 0.132391 0.106376
0.932773 1.34177 1.18264 0.133925 0.0964613
0.957983 1.34177 1.17601 0.13476 0.0863895
0.983193 1.34177 1.16969 0.134836 0.0763993
1.0084 1.34177 1.1634 0.1342 0.0666472
1.03361 1.34177 1.15729 0.132895 0.0573086
1.05882 1.34177 1.15144 0.131008 0.0485286
1.08403 1.34177 1.14591 0.128642 0.0404137
1.10924 1.34177 1.14069 0.12591 0.0330298
1.13445 1.34177 1.13581 0.122919 0.0264054
1.15966 1.34177 1.13124 0.119767 0.0205369
1.18487 1.34177 1.12697 0.116534 0.0153966
1.21008 1.34177 1.12296 0.113288 0.01094
1.23529 1.34177 1.11918 0.110077 0.00711231
1.2605 1.34177 1.11561 0.106937 0.00385368
1.28571 1.34177 1.11222 0.103892 0.00110314
1.31092 1.34177 1.10899 0.100956 -0.00119865
1.33613 1.34177 1.10588 0.0981366 -0.00310768
1.36134 1.34177 1.10289 0.0954337 -0.00467561
1.38655 1.34177 1.09999 0.0928453 -0.00594927
1.41176 1.34177 1.09717 0.090366 -0.00697062
1.43697 1.34177 1.09442 0.0879888 -0.00777692
1.46218 1.34177 1.09173 0.085706 -0.00840103
1.48739 1.34177 1.08908 0.0835094 -0.00887178
1.51261 1.34177 1.08648 0.081391 -0.00921443
1.53782 1.34177 1.08391 0.0793429 -0.00945105
1.56303 1.34177 1.08138 0.0773578 -0.00960092
1.58824 1.34177 1.07888 0.0754291 -0.00968093
1.61345 1.34177 1.0764 0.0735506 -0.00970588
1.63866 1.34177 1.07394 0.0717168 -0.00968884
1.66387 1.34177 1.0715 0.0699228 -0.00964134
1.68908 1.34177 1.06909 0.0681639 -0.00957366
1.71429 1.34177 1.06669 0.0664362 -0.00949497
1.7395 1.34177 1.06431 0.0647358 -0.00941347
1.76471 1.34177 1.06195 0.0630589 -0.00933648
1.78992 1.34177 1.0596 0.0614019 -0.00927043
1.81513 1.34177 1.05728 0.0597606 -0.00922077
1.84034 1.34177 1.05497 0.0581309 -0.00919184
1.86555 1.34177 1.05268 0.0565081 -0.00918659
1.89076 1.34177 1.05041 0.054887 -0.00920621
1.91597 1.34177 1.04816 0.0532623 -0.00924981
1.94118 1.34177 1.04595 0.0516286 -0.00931399
1.96639 1.34177 1.04377 0.0499811 -0.00939272
1.9916 1.34177 1.04163 0.0483162 -0.00947737
2.01681 1.34177 1.03954 0.0466322 -0.00955736
2.04202 1.34177 1.03752 0.0449302 -0.00962111
2.06723 1.34177 1.03556 0.043214 -0.00965765
2.09244 1.34177 1.03368 0.0414895 -0.0096579
2.11765 1.34177 1.03189 0.0397643 -0.0096155
2.14286 1.34177 1.03018 0.0380466 -0.00952707
2.16807 1.34177 1.02855 0.0363445 -0.00939202
2.19328 1.34177 1.02701 0.0346653 -0.00921215
2.21849 1.34177 1.02555 0.0330154 -0.00899105
2.2437 1.34177 1.02417 0.0313999 -0.00873352
2.26891 1.34177 1.02286 0.0298228 -0.00844506
2.29412 1.34177 1.02163 0.028287 -0.00813142
2.31933 1.34177 1.02046 0.0267945 -0.0077983
2.34454 1.34177 1.01936 0.0253463 -0.00745111
2.36975 1.34177 1.01832 0.0239428 -0.00709483
2.39496 1.34177 1.01734 0.0225839 -0.00673392
2.42017 1.34177 1.01642 0.0212689 -0.00637226
2.44538 1.34177 1.01555 0.0199969 -0.00601319
2.47059 1.34177 1.01474 0.0187668 -0.00565948
2.4958 1.34177 1.01397 0.0175771 -0.00531339
2.52101 1.34177 1.01325 0.0164264 -0.00497669
2.54622 1.34177 1.01259 0.015313 -0.00465069
2.57143 1.34177 1.01196 0.0142353 -0.00433631
2.59664 1.34177 1.01138 0.0131916 -0.0040341
2.62185 1.34177 1.01085 0.0121801 -0.00374424
2.64706 1.34177 1.01036 0.0111992 -0.00346661
2.67227 1.34177 1.00991 0.0102472 -0.00320077
2.69748 1.34177 1.0095 0.00932258 -0.00294601
2.72269 1.34177 1.00914 0.00842379 -0.0027013
2.7479 1.34177 1.00881 0.00754946 -0.00246532
2.77311 1.34177 1.00853 0.00669834 -0.00223641
2.79832 1.34177 1.00828 0.00586937 -0.00201257
2.82353 1.34177 1.00808 0.00506169 -0.00179141
2.84874 1.34177 1.00792 0.00427471 -0.00157006
2.87395 1.34177 1.00779 0.00350814 -0.00134516
2.89916 1.34177 1.00771 0.00276203 -0.00111272
2.92437 1.34177 1.00768 0.00203688 -0.000868034
2.94958 1.34177 1.00768 0.00133367 -0.000605562
2.97479 1.34177 1.00773 0.00065391 -0.000318774
3 1.34177 1.00783 0 0

0 1.36709 1.22253 0 0
0.0252101 1.36709 1.22381 -0.00204244 0.0117302
0.0504202 1.36709 1.22555 -0.00366088 0.0236159
0.0756303 1.36709 1.22729 -0.00476361 0.0355845
0.10084 1.36709 1.22937 -0.00528508 0.0475654
0.12605 1.36709 1.23147 -0.00517227 0.0594425
0.151261 1.36709 1.23366 -0.00441322 0.0711018
0.176471 1.36709 1.23587 -0.00301035 0.0824291
0.201681 1.36709 1.23799 -0.000991757 0.0933156
0.226891 1.36709 1.24003 0.00160055 0.103671
0.252101 1.36709 1.24191 0.00471661 0.113419
0.277311 1.36709 1.24361 0.00830037 0.122501
0.302521 1.36709 1.24509 0.012296 0.130871
0.327731 1.36709 1.24633 0.0166493 0.138499
0.352941 1.36709 1.24732 0.0213094 0.145365
0.378151 1.36709 1.24803 0.0262301 0.151456
0.403361 1.36709 1.24846 0.03137 0.156767
0.428571 1.36709 1.24859 0.036692 0.161294
0.453782 1.36709 1.24841 0.0421631 0.16504
0.478992 1.36709 1.24792 0.0477537 0.168005
0.504202 1.36709 1.24711 0.0534369 0.170191
0.529412 1.36709 1.24598 0.0591873 0.171599
0.554622 1.36709 1.24452 0.0649803 0.172231
0.579832 1.36709 1.24272 0.0707916 0.172085
0.605042 1.36709 1.24057 0.0765947 0.171162
0.630252 1.36709 1.23812 0.0823643 0.169459
0.655462 1.36709 1.23522 0.0880636 0.166977
0.680672 1.36709 1.23221 0.0936718 0.163718
0.705882 1.36709 1.22834 0.0991245 0.159678
0.731092 1.36709 1.22506 0.104417 0.154888
0.756303 1.36709 1.21998 0.109448 0.149318
0.781513 1.36709 1.21657 0.114217 0.143075
0.806723 1.36709 1.21045 0.118621 0.136071
0.831933 1.36709 1.20653 0.12261 0.128522
0.857143 1.36709 1.20009 0.126138 0.120314
0.882353 1.36709 1.19519 0.129096 0.111711
0.907563 1.36709 1.18891 0.131482 0.102678
0.932773 1.36709 1.1832 0.133199 0.0934423
0.957983 1.36709 1.17709 0.134255 0.0840875
0.983193 1.36709 1.17111 0.134621 0.0747943
1.0084 1.36709 1.16517 0.134325 0.0657048
1.03361 1.36709 1.15938 0.133408 0.0569642
1.05882 1.36709 1.15378 0.131938 0.0486964
1.08403 1.36709 1.14843 0.129999 0.040997
1.10924 1.36709 1.14333 0.127682 0.0339299
1.13445 1.36709 1.13851 0.125079 0.0275292
1.15966 1.36709 1.13395 0.122275 0.0218019
1.18487 1.36709 1.12964 0.119343 0.0167338
1.21008 1.36709 1.12556 0.116348 0.0122944
1.23529 1.36709 1.1217 0.113337 0.00844235
1.2605 1.36709 1.11803 0.11035 0.00512987
1.28571 1.36709 1.11452 0.107415 0.00230609
1.31092 1.36709 1.11117 0.104549 -8.01589e-05
1.33613 1.36709 1.10794 0.101766 -0.00207853
1.36134 1.36709 1.10483 0.0990712 -0.00373596
1.38655 1.36709 1.10181 0.0964666 -0.00509595
1.41176 1.36709 1.09888 0.0939512 -0.00619822
1.43697 1.36709 1.09602 0.0915218 -0.00707866
1.46218 1.36709 1.09323 0.0891739 -0.00776941
1.48739 1.36709 1.09049 0.086902 -0.00829909
1.51261 1.36709 1.0878 0.0847002 -0.00869304
1.53782 1.36709 1.08515 0.0825626 -0.00897367
1.56303 1.36709 1.08255 0.0804835 -0.00916073
1.58824 1.36709 1.07997 0.0784573 -0.00927166
1.61345 1.36709 1.07743 0.0764788 -0.00932182
1.63866 1.36709 1.07491 0.0745432 -0.00932477
1.66387 1.36709 1.07243 0.072646 -0.00929252
1.68908 1.36709 1.06996 0.0707831 -0.0092357
1.71429 1.36709 1.06752 0.0689507 -0.00916375
1.7395 1.36709 1.0651 0.067145 -0.00908499
1.76471 1.36709 1.06271 0.0653624 -0.00900672
1.78992 1.36709 1.06034 0.0635995 -0.00893523
1.81513 1.36709 1.05798 0.0618523 -0.00887569
1.84034 1.36709 1.05566 0.060117 -0.00883212
1.86555 1.36709 1.05335 0.0583893 -0.0088071
1.89076 1.36709 1.05108 0.0566651 -0.00880164
1.91597 1.36709 1.04883 0.0549398 -0.00881485
1.94118 1.36709 1.04662 0.0532094 -0.00884382
1.96639 1.36709 1.04444 0.0514702 -0.00888354
1.9916 1.36709 1.04231 0.0497199 -0.00892706
2.01681 1.36709 1.04023 0.0479578 -0.00896602
2.04202 1.36709 1.03821 0.0461851 -0.00899142
2.06723 1.36709 1.03626 0.044405 -0.00899464
2.09244 1.36709 1.03438 0.0426227 -0.0089684
2.11765 1.36709 1.03258 0.0408445 -0.00890741
2.14286 1.36709 1.03086 0.0390774 -0.0088086
2.16807 1.36709 1.02921 0.0373281 -0.0086711
2.19328 1.36709 1.02765 0.0356033 -0.00849596
2.21849 1.36709 1.02617 0.0339087 -0.00828578
2.2437 1.36709 1.02476 0.032249 -0.00804426
2.26891 1.36709 1.02342 0.0306281 -0.0077758
2.29412 1.36709 1.02216 0.0290489 -0.00748512
2.31933 1.36709 1.02096 0.0275134 -0.00717704
2.34454 1.36709 1.01983 0.0260228 -0.00685619
2.36975 1.36709 1.01876 0.0245777 -0.00652693
2.39496 1.36709 1.01776 0.0231781 -0.00619319
2.42017 1.36709 1.01681 0.0218235 -0.0058585
2.44538 1.36709 1.01591 0.0205132 -0.00552587
2.47059 1.36709 1.01507 0.0192461 -0.00519788
2.4958 1.36709 1.01428 0.0180208 -0.00487662
2.52101 1.36709 1.01354 0.016836 -0.0045638
2.54622 1.36709 1.01285 0.01569 -0.00426067
2.57143 1.36709 1.01221 0.0145811 -0.00396816
2.59664 1.36709 1.01161 0.0135076 -0.00368683
2.62185 1.36709 1.01106 0.0124679 -0.00341695
2.64706 1.36709 1.01056 0.0114601 -0.00315847
2.67227 1.36709 1.01009 0.0104825 -0.00291107
2.69748 1.36709 1.00968 0.00953345 -0.00267419
2.72269 1.36709 1.0093 0.00861145 -0.00244695
2.7479 1.36709 1.00896 0.00771501 -0.00222825
2.77311 1.36709 1.00867 0.00684284 -0.00201666
2.79832 1.36709 1.00842 0.00599381 -0.00181046
2.82353 1.36709 1.00821 0.00516702 -0.00160756
2.84874 1.36709 1.00805 0.00436187 -0.00140548
2.87395 1.36709 1.00792 0.00357805 -0.00120126
2.89916 1.36709 1.00784 0.00281566 -0.000991377
2.92437 1.36709 1.00781 0.00207526 -0.000771693
2.94958 1.36709 1.00781 0.00135792 -0.000537286
2.97479 1.36709 1.00787 0.000665295 -0.000282341
3 1.36709 1.00797 0 0

0 1.39241 1.22284 0 0
0.0252101 1.39241 1.22425 -0.0021113 0.0113545
0.0504202 1.39241 1.22592 -0.00379401 0.0227777
0.0756303 1.39241 1.22761 -0.00497731 0.0342161
0.10084 1.39241 1.22952 -0.00560503 0.045612
0.12605 1.39241 1.23145 -0.00563282 0.0568752
0.151261 1.39241 1.23344 -0.00504472 0.0679135
0.176471 1.39241 1.23542 -0.00383837 0.0786323
0.201681 1.39241 1.23733 -0.00203237 0.0889397
0.226891 1.39241 1.23917 0.000342042 0.0987565
0.252101 1.39241 1.24086 0.00324448 0.108013
0.277311 1.39241 1.24239 0.00662804 0.116653
0.302521 1.39241 1.24372 0.0104437 0.124634
0.327731 1.39241 1.24484 0.0146423 0.131921
0.352941 1.39241 1.24572 0.019176 0.138493
0.378151 1.39241 1.24635 0.024 0.144333
0.403361 1.39241 1.24671 0.0290725 0.149432
0.428571 1.39241 1.24679 0.0343552 0.153785
0.453782 1.39241 1.24658 0.0398127 0.157388
0.478992 1.39241 1.24607 0.0454126 0.160242
0.504202 1.39241 1.24526 0.0511245 0.162347
0.529412 1.39241 1.24413 0.0569193 0.163703
0.554622 1.39241 1.24269 0.0627687 0.16431
0.579832 1.39241 1.24093 0.0686444 0.16417
0.605042 1.39241 1.23883 0.0745164 0.163283
0.630252 1.39241 1.23643 0.0803557 0.16165
0.655462 1.39241 1.23362 0.0861237 0.159272
0.680672 1.39241 1.23067 0.0917939 0.156159
0.705882 1.39241 1.22701 0.0973077 0.152308
0.731092 1.39241 1.22369 0.102647 0.147755
0.756303 1.39241 1.21906 0.107731 0.142479
0.781513 1.39241 1.21541 0.112536 0.136575
0.806723 1.39241 1.21002 0.116989 0.129991
0.831933 1.39241 1.2058 0.12103 0.122891
0.857143 1.39241 1.20011 0.12462 0.115228
0.882353 1.39241 1.19513 0.127673 0.107187
0.907563 1.39241 1.1894 0.130176 0.0987879
0.932773 1.39241 1.18388 0.13206 0.0901976
0.957983 1.39241 1.17815 0.133324 0.081511
0.983193 1.39241 1.17247 0.133951 0.072872
1.0084 1.39241 1.16683 0.133962 0.0644063
1.03361 1.39241 1.1613 0.133392 0.0562368
1.05882 1.39241 1.15592 0.132295 0.0484703
1.08403 1.39241 1.15072 0.13074 0.0411921
1.10924 1.39241 1.14574 0.128803 0.0344629
1.13445 1.39241 1.14098 0.12656 0.0283192
1.15966 1.39241 1.13643 0.124087 0.022775
1.18487 1.39241 1.13211 0.12145 0.0178255
1.21008 1.39241 1.12799 0.118707 0.0134513
1.23529 1.39241 1.12406 0.115907 0.0096219
1.2605 1.39241 1.1203 0.113089 0.00629957
1.28571 1.39241 1.1167 0.110282 0.00344251
1.31092 1.39241 1.11325 0.10751 0.00100714
1.33613 1.39241 1.10992 0.104788 -0.00105002
1.36134 1.39241 1.1067 0.102126 -0.00277107
1.38655 1.39241 1.10357 0.0995297 -0.00419585
1.41176 1.39241 1.10054 0.0970023 -0.00536142
1.43697 1.39241 1.09758 0.0945436 -0.00630184
1.46218 1.39241 1.0947 0.0921522 -0.00704806
1.48739 1.39241 1.09187 0.0898252 -0.00762801
1.51261 1.39241 1.08909 0.087559 -0.00806673
1.53782 1.39241 1.08637 0.0853496 -0.0083866
1.56303 1.39241 1.08369 0.0831928 -0.0086075
1.58824 1.39241 1.08104 0.0810844 -0.00874713
1.61345 1.39241 1.07844 0.0790201 -0.00882114
1.63866 1.39241 1.07587 0.076996 -0.00884344
1.66387 1.39241 1.07333 0.0750083 -0.00882633
1.68908 1.39241 1.07081 0.0730534 -0.00878067
1.71429 1.39241 1.06833 0.0711279 -0.00871608
1.7395 1.39241 1.06588 0.0692283 -0.00864096
1.76471 1.39241 1.06345 0.0673513 -0.00856259
1.78992 1.39241 1.06104 0.0654937 -0.00848716
1.81513 1.39241 1.05867 0.0636521 -0.00841969
1.84034 1.39241 1.05632 0.0618229 -0.00836398
1.86555 1.39241 1.054 0.0600026 -0.0083225
1.89076 1.39241 1.05171 0.0581875 -0.00829619
1.91597 1.39241 1.04946 0.0563741 -0.00828438
1.94118 1.39241 1.04724 0.0545593 -0.00828469
1.96639 1.39241 1.04507 0.0527406 -0.00829307
1.9916 1.39241 1.04294 0.0509163 -0.00830396
2.01681 1.39241 1.04086 0.0490864 -0.00831078
2.04202 1.39241 1.03885 0.0472522 -0.00830644
2.06723 1.39241 1.03689 0.0454168 -0.00828414
2.09244 1.39241 1.03501 0.0435844 -0.00823804
2.11765 1.39241 1.0332 0.0417604 -0.00816373
2.14286 1.39241 1.03146 0.0399508 -0.00805849
2.16807 1.39241 1.02981 0.0381615 -0.00792131
2.19328 1.39241 1.02822 0.0363983 -0.00775275
2.21849 1.39241 1.02672 0.0346662 -0.00755466
2.2437 1.39241 1.02528 0.0329697 -0.00732985
2.26891 1.39241 1.02392 0.0313125 -0.00708182
2.29412 1.39241 1.02263 0.0296972 -0.00681443
2.31933 1.39241 1.02141 0.028126 -0.00653168
2.34454 1.39241 1.02025 0.0266001 -0.00623751
2.36975 1.39241 1.01916 0.0251203 -0.00593568
2.39496 1.39241 1.01813 0.0236866 -0.00562966
2.42017 1.39241 1.01715 0.0222988 -0.00532254
2.44538 1.39241 1.01623 0.0209562 -0.00501707
2.47059 1.39241 1.01537 0.0196578 -0.00471557
2.4958 1.39241 1.01456 0.0184023 -0.00442
2.52101 1.39241 1.0138 0.0171885 -0.00413193
2.54622 1.39241 1.01309 0.0160146 -0.00385258
2.57143 1.39241 1.01243 0.0148791 -0.00358284
2.59664 1.39241 1.01182 0.0137802 -0.00332331
2.62185 1.39241 1.01125 0.0127162 -0.00307429
2.64706 1.39241 1.01073 0.0116853 -0.00283582
2.67227 1.39241 1.01026 0.0106857 -0.0026077
2.69748 1.39241 1.00983 0.00971568 -0.00238949
2.72269 1.39241 1.00944 0.00877371 -0.00218052
2.7479 1.39241 1.0091 0.00785824 -0.00197987
2.77311 1.39241 1.0088 0.00696791 -0.00178637
2.79832 1.39241 1.00854 0.00610157 -0.00159857
2.82353 1.39241 1.00833 0.00525827 -0.00141474
2.84874 1.39241 1.00816 0.0044374 -0.00123276
2.87395 1.39241 1.00803 0.00363866 -0.00105014
2.89916 1.39241 1.00795 0.00286216 -0.000863861
2.92437 1.39241 1.00791 0.00210852 -0.000670369
2.94958 1.39241 1.00792 0.00137892 -0.000465417
2.97479 1.39241 1.00798 0.000675143 -0.000243956
3 1.39241 1.00809 0 0

0 1.41772 1.22288 0 0
0.0252101 1.41772 1.22438 -0.0021824 0.0109689
0.0504202 1.41772 1.22602 -0.00393076 0.0219388
0.0756303 1.41772 1.22768 -0.00519026 0.0328678
0.10084 1.41772 1.22947 -0.00591325 0.0437077
0.12605 1.41772 1.23127 -0.00606269 0.054387
0.151261 1.41772 1.23311 -0.00562133 0.064831
0.176471 1.41772 1.23492 -0.00458412 0.0749609
0.201681 1.41772 1.23667 -0.002963 0.0847001
0.226891 1.41772 1.23834 -0.000781331 0.0939794
0.252101 1.41772 1.23988 0.00192822 0.102737
0.277311 1.41772 1.24127 0.0051263 0.110922
0.302521 1.41772 1.24249 0.00877002 0.118492
0.327731 1.41772 1.2435 0.0128148 0.125415
0.352941 1.41772 1.2443 0.0172163 0.131667
0.378151 1.41772 1.24486 0.0219313 0.137229
0.403361 1.41772 1.24516 0.0269184 0.142091
0.428571 1.41772 1.2452 0.0321389 0.146244
0.453782 1.41772 1.24497 0.0375558 0.149684
0.478992 1.41772 1.24445 0.0431345 0.152408
0.504202 1.41772 1.24364 0.048842 0.154416
0.529412 1.41772 1.24253 0.0546463 0.155707
0.554622 1.41772 1.24111 0.0605159 0.156282
0.579832 1.41772 1.23938 0.0664195 0.156142
0.605042 1.41772 1.23734 0.072324 0.155289
0.630252 1.41772 1.235 0.0781974 0.153726
0.655462 1.41772 1.23229 0.0840001 0.151458
0.680672 1.41772 1.2294 0.0897009 0.148495
0.705882 1.41772 1.22593 0.0952464 0.144841
0.731092 1.41772 1.22259 0.100609 0.140529
0.756303 1.41772 1.21834 0.105721 0.135553
0.781513 1.41772 1.21457 0.11055 0.129989
0.806723 1.41772 1.20971 0.115034 0.123819
0.831933 1.41772 1.20538 0.119118 0.117164
0.857143 1.41772 1.2002 0.122762 0.110021
0.882353 1.41772 1.19529 0.125902 0.102526
0.907563 1.41772 1.18994 0.128513 0.0947257
0.932773 1.41772 1.18464 0.130551 0.0867482
0.957983 1.41772 1.17921 0.132005 0.0786887
0.983193 1.41772 1.17378 0.132868 0.0706662
1.0084 1.41772 1.16839 0.133154 0.062791
1.03361 1.41772 1.16308 0.132894 0.0551684
1.05882 1.41772 1.15788 0.132131 0.0478913
1.08403 1.41772 1.15283 0.130922 0.0410357
1.10924 1.41772 1.14794 0.12933 0.0346584
1.13445 1.41772 1.14324 0.127422 0.0287963
1.15966 1.41772 1.13873 0.12526 0.0234678
1.18487 1.41772 1.1344 0.122906 0.0186748
1.21008 1.41772 1.13024 0.120412 0.014406
1.23529 1.41772 1.12626 0.117826 0.0106396
1.2605 1.41772 1.12244 0.115186 0.00734653
1.28571 1.41772 1.11876 0.112522 0.00449261
1.31092 1.41772 1.11521 0.10986 0.00204117
1.33613 1.41772 1.11179 0.107218 -4.54711e-05
1.36134 1.41772 1.10848 0.104609 -0.00180466
1.38655 1.41772 1.10526 0.102042 -0.00327246
1.41176 1.41772 1.10213 0.0995237 -0.00448305
1.43697 1.41772 1.09909 0.0970564 -0.00546834
1.46218 1.41772 1.09611 0.0946414 -0.00625773
1.48739 1.41772 1.0932 0.0922784 -0.00687812
1.51261 1.41772 1.09035 0.0899659 -0.00735391
1.53782 1.41772 1.08754 0.0877019 -0.00770708
1.56303 1.41772 1.08479 0.0854836 -0.0079574
1.58824 1.41772 1.08208 0.0833082 -0.00812254
1.61345 1.41772 1.07942 0.0811726 -0.00821824
1.63866 1.41772 1.07679 0.0790738 -0.00825854
1.66387 1.41772 1.0742 0.0770088 -0.00825588
1.68908 1.41772 1.07164 0.0749745 -0.00822126
1.71429 1.41772 1.06911 0.0729681 -0.00816435
1.7395 1.41772 1.06662 0.0709866 -0.00809361
1.76471 1.41772 1.06416 0.0690271 -0.00801628
1.78992 1.41772 1.06172 0.0670867 -0.00793849
1.81513 1.41772 1.05932 0.0651625 -0.00786517
1.84034 1.41772 1.05695 0.0632514 -0.00780001
1.86555 1.41772 1.05462 0.0613504 -0.00774545
1.89076 1.41772 1.05231 0.0594566 -0.00770253
1.91597 1.41772 1.05005 0.0575673 -0.00767085
1.94118 1.41772 1.04783 0.0556801 -0.00764858
1.96639 1.41772 1.04565 0.0537932 -0.00763251
1.9916 1.41772 1.04351 0.0519059 -0.00761826
2.01681 1.41772 1.04144 0.0500182 -0.00760062
2.04202 1.41772 1.03942 0.0481317 -0.00757401
2.06723 1.41772 1.03746 0.0462491 -0.00753304
2.09244 1.41772 1.03557 0.0443743 -0.00747298
2.11765 1.41772 1.03375 0.0425118 -0.00739017
2.14286 1.41772 1.03201 0.0406667 -0.00728223
2.16807 1.41772 1.03033 0.0388443 -0.00714812
2.19328 1.41772 1.02873 0.0370495 -0.00698804
2.21849 1.41772 1.02721 0.035287 -0.00680328
2.2437 1.41772 1.02575 0.0335607 -0.00659597
2.26891 1.41772 1.02437 0.0318742 -0.00636885
2.29412 1.41772 1.02306 0.0302299 -0.00612503
2.31933 1.41772 1.02181 0.02863 -0.00586783
2.34454 1.41772 1.02063 0.0270757 -0.00560056
2.36975 1.41772 1.01951 0.0255677 -0.00532642
2.39496 1.41772 1.01846 0.0241065 -0.00504842
2.42017 1.41772 1.01746 0.0226916 -0.00476927
2.44538 1.41772 1.01652 0.0213227 -0.00449142
2.47059 1.41772 1.01563 0.0199987 -0.00421695
2.4958 1.41772 1.0148 0.0187185 -0.00394764
2.52101 1.41772 1.01403 0.0174808 -0.00368495
2.54622 1.41772 1.0133 0.016284 -0.00343002
2.57143 1.41772 1.01263 0.0151266 -0.00318372
2.59664 1.41772 1.012 0.0140067 -0.00294665
2.62185 1.41772 1.01142 0.0129226 -0.00271915
2.64706 1.41772 1.01089 0.0118726 -0.00250135
2.67227 1.41772 1.0104 0.0108547 -0.00229314
2.69748 1.41772 1.00996 0.00986739 -0.00209424
2.72269 1.41772 1.00956 0.00890887 -0.00190413
2.7479 1.41772 1.00921 0.00797762 -0.00172211
2.77311 1.41772 1.0089 0.00707223 -0.00154728
2.79832 1.41772 1.00864 0.0061915 -0.00137849
2.82353 1.41772 1.00842 0.00533449 -0.00121434
2.84874 1.41772 1.00825 0.00450052 -0.00105314
2.87395 1.41772 1.00812 0.00368933 -0.000892853
2.89916 1.41772 1.00804 0.00290104 -0.000731027
2.92437 1.41772 1.008 0.00213633 -0.000564722
2.94958 1.41772 1.00801 0.00139647 -0.000390409
2.97479 1.41772 1.00807 0.000683357 -0.000203853
3 1.41772 1.00819 0 0

0 1.44304 1.2227 0 0
0.0252101 1.44304 1.22428 -0.002255 0.0105748
0.0504202 1.44304 1.2259 -0.00407086 0.0210974
0.0756303 1.44304 1.22754 -0.00540496 0.0315325
0.10084 1.44304 1.22925 -0.00621695 0.041839
0.12605 1.44304 1.23096 -0.00647582 0.051959
0.151261 1.44304 1.23268 -0.00616444 0.0618313
0.176471 1.44304 1.23437 -0.00527638 0.071391
0.201681 1.44304 1.23599 -0.00381907 0.0805738
0.226891 1.44304 1.23754 -0.00181011 0.0893204
0.252101 1.44304 1.23896 0.000723879 0.0975773
0.277311 1.44304 1.24025 0.00374964 0.105298
0.302521 1.44304 1.24137 0.0072295 0.112445
0.327731 1.44304 1.2423 0.0111232 0.118986
0.352941 1.44304 1.24302 0.0153894 0.124898
0.378151 1.44304 1.24353 0.0199868 0.130162
0.403361 1.44304 1.24379 0.0248752 0.134766
0.428571 1.44304 1.2438 0.0300154 0.1387
0.453782 1.44304 1.24355 0.0353699 0.141958
0.478992 1.44304 1.24303 0.0409023 0.144536
0.504202 1.44304 1.24223 0.0465778 0.146434
0.529412 1.44304 1.24114 0.052362 0.14765
0.554622 1.44304 1.23975 0.0582211 0.148185
0.579832 1.44304 1.23807 0.0641212 0.14804
0.605042 1.44304 1.23608 0.0700271 0.14722
0.630252 1.44304 1.23381 0.0759043 0.145728
0.655462 1.44304 1.23118 0.0817125 0.143571
0.680672 1.44304 1.22836 0.0874173 0.140762
0.705882 1.44304 1.22506 0.0929692 0.137308
0.731092 1.44304 1.22175 0.0983339 0.13324
0.756303 1.44304 1.21779 0.103455 0.128563
0.781513 1.44304 1.214 0.108293 0.12334
0.806723 1.44304 1.20951 0.112795 0.117574
0.831933 1.44304 1.2052 0.116911 0.111358
0.857143 1.44304 1.20037 0.120603 0.104713
0.882353 1.44304 1.19558 0.123817 0.0977444
0.907563 1.44304 1.19053 0.126529 0.0905108
0.932773 1.44304 1.18543 0.128704 0.0831152
0.957983 1.44304 1.18025 0.130331 0.0756475
0.983193 1.44304 1.17505 0.131405 0.0682084
1.0084 1.44304 1.16986 0.131937 0.0608944
1.03361 1.44304 1.16473 0.131953 0.0537968
1.05882 1.44304 1.15969 0.131489 0.0469968
1.08403 1.44304 1.15476 0.130592 0.0405622
1.10924 1.44304 1.14997 0.129314 0.0345456
1.13445 1.44304 1.14533 0.127711 0.028983
1.15966 1.44304 1.14084 0.125841 0.0238953
1.18487 1.44304 1.13651 0.123755 0.019289
1.21008 1.44304 1.13234 0.121504 0.015159
1.23529 1.44304 1.12832 0.11913 0.0114902
1.2605 1.44304 1.12444 0.116672 0.00826043
1.28571 1.44304 1.12069 0.11416 0.00544226
1.31092 1.44304 1.11707 0.11162 0.00300504
1.33613 1.44304 1.11357 0.109072 0.00091639
1.36134 1.44304 1.11017 0.106533 -0.00085652
1.38655 1.44304 1.10687 0.104013 -0.00234604
1.41176 1.44304 1.10366 0.101521 -0.00358336
1.43697 1.44304 1.10053 0.0990633 -0.00459803
1.46218 1.44304 1.09747 0.0966428 -0.00541772
1.48739 1.44304 1.09448 0.0942614 -0.00606798
1.51261 1.44304 1.09155 0.0919198 -0.0065723
1.53782 1.44304 1.08868 0.0896175 -0.00695203
1.56303 1.44304 1.08586 0.0873535 -0.00722653
1.58824 1.44304 1.08309 0.0851263 -0.00741324
1.61345 1.44304 1.08036 0.0829339 -0.00752779
1.63866 1.44304 1.07768 0.0807744 -0.00758416
1.66387 1.44304 1.07503 0.0786455 -0.00759478
1.68908 1.44304 1.07243 0.0765448 -0.00757066
1.71429 1.44304 1.06986 0.0744702 -0.00752149
1.7395 1.44304 1.06733 0.0724192 -0.00745567
1.76471 1.44304 1.06483 0.0703894 -0.00738044
1.78992 1.44304 1.06237 0.0683784 -0.00730183
1.81513 1.44304 1.05994 0.0663836 -0.00722472
1.84034 1.44304 1.05755 0.0644028 -0.0071528
1.86555 1.44304 1.05519 0.0624333 -0.00708851
1.89076 1.44304 1.05287 0.0604729 -0.00703304
1.91597 1.44304 1.0506 0.0585195 -0.00698631
1.94118 1.44304 1.04836 0.0565714 -0.006947
1.96639 1.44304 1.04617 0.0546275 -0.00691264
1.9916 1.44304 1.04404 0.0526875 -0.0068798
2.01681 1.44304 1.04195 0.0507518 -0.00684439
2.04202 1.44304 1.03993 0.0488221 -0.006802
2.06723 1.44304 1.03797 0.0469007 -0.00674832
2.09244 1.44304 1.03607 0.0449911 -0.00667954
2.11765 1.44304 1.03424 0.0430973 -0.00659259
2.14286 1.44304 1.03248 0.0412238 -0.00648543
2.16807 1.44304 1.0308 0.039375 -0.006357
2.19328 1.44304 1.02918 0.0375555 -0.00620728
2.21849 1.44304 1.02764 0.0357694 -0.00603713
2.2437 1.44304 1.02616 0.0340202 -0.00584813
2.26891 1.44304 1.02476 0.0323112 -0.0056424
2.29412 1.44304 1.02343 0.0306447 -0.00542245
2.31933 1.44304 1.02216 0.0290228 -0.00519096
2.34454 1.44304 1.02096 0.0274467 -0.00495069
2.36975 1.44304 1.01982 0.0259173 -0.00470435
2.39496 1.44304 1.01874 0.0244348 -0.00445451
2.42017 1.44304 1.01773 0.0229991 -0.00420352
2.44538 1.44304 1.01677 0.0216098 -0.00395353
2.47059 1.44304 1.01586 0.0202659 -0.00370638
2.4958 1.44304 1.01502 0.0189665 -0.00346368
2.52101 1.44304 1.01422 0.0177102 -0.00322675
2.54622 1.44304 1.01348 0.0164955 -0.00299667
2.57143 1.44304 1.01279 0.0153209 -0.00277425
2.59664 1.44304 1.01215 0.0141846 -0.00256009
2.62185 1.44304 1.01156 0.0130848 -0.00235457
2.64706 1.44304 1.01101 0.0120198 -0.00215788
2.67227 1.44304 1.01052 0.0109877 -0.00197003
2.69748 1.44304 1.01007 0.00998677 -0.00179085
2.72269 1.44304 1.00966 0.00901529 -0.00162002
2.7479 1.44304 1.0093 0.00807169 -0.00145705
2.77311 1.44304 1.00899 0.00715451 -0.00130129
2.79832 1.44304 1.00872 0.00626251 -0.00115191
2.82353 1.44304 1.0085 0.00539472 -0.00100788
2.84874 1.44304 1.00832 0.00455046 -0.000867932
2.87395 1.44304 1.00819 0.00372945 -0.000730533
2.89916 1.44304 1.00811 0.00293185 -0.000593806
2.92437 1.44304 1.00807 0.00215836 -0.000455469
2.94958 1.44304 1.00808 0.00141035 -0.000312753
2.97479 1.44304 1.00814 0.000689841 -0.000162289
3 1.44304 1.00826 0 0

0 1.46835 1.22236 0 0
0.0252101 1.46835 1.224 -0.00232853 0.0101741
0.0504202 1.46835 1.22561 -0.004214 0.0202536
0.0756303 1.46835 1.22724 -0.00562295 0.0302068
0.10084 1.46835 1.22889 -0.00652097 0.0399977
0.12605 1.46835 1.23054 -0.00688186 0.0495784
0.151261 1.46835 1.23217 -0.00668927 0.0588986
0.176471 1.46835 1.23376 -0.00593618 0.0679045
0.201681 1.46835 1.2353 -0.00462695 0.0765429
0.226891 1.46835 1.23675 -0.00277508 0.0847637
0.252101 1.46835 1.23808 -0.000402526 0.0925208
0.277311 1.46835 1.23929 0.00246225 0.0997739
0.302521 1.46835 1.24033 0.0057859 0.106489
0.327731 1.46835 1.24121 0.00953186 0.112636
0.352941 1.46835 1.24188 0.0136616 0.118194
0.378151 1.46835 1.24234 0.018136 0.123145
0.403361 1.46835 1.24258 0.0229155 0.127474
0.428571 1.46835 1.24258 0.0279615 0.131173
0.453782 1.46835 1.24232 0.0332359 0.134235
0.478992 1.46835 1.2418 0.0387016 0.136656
0.504202 1.46835 1.24101 0.044322 0.138432
0.529412 1.46835 1.23995 0.0500614 0.139564
0.554622 1.46835 1.2386 0.055884 0.140053
0.579832 1.46835 1.23696 0.0617541 0.1399
0.605042 1.46835 1.23503 0.0676348 0.13911
0.630252 1.46835 1.23282 0.0734898 0.137689
0.655462 1.46835 1.23029 0.0792788 0.135644
0.680672 1.46835 1.22753 0.0849645 0.13299
0.705882 1.46835 1.22439 0.0905011 0.129736
0.731092 1.46835 1.22113 0.0958504 0.125913
0.756303 1.46835 1.21739 0.100963 0.121533
0.781513 1.46835 1.21364 0.105797 0.116647
0.806723 1.46835 1.20943 0.110306 0.111274
0.831933 1.46835 1.2052 0.114443 0.105486
0.857143 1.46835 1.20062 0.118172 0.0993203
0.882353 1.46835 1.19598 0.12145 0.0928579
0.907563 1.46835 1.19116 0.124251 0.0861624
0.932773 1.46835 1.18625 0.126548 0.0793202
0.957983 1.46835 1.18127 0.128328 0.0724129
0.983193 1.46835 1.17626 0.12959 0.0655278
1.0084 1.46835 1.17126 0.130342 0.0587491
1.03361 1.46835 1.16628 0.130603 0.0521564
1.05882 1.46835 1.16138 0.130406 0.0458211
1.08403 1.46835 1.15656 0.129787 0.0398038
1.10924 1.46835 1.15185 0.128793 0.0341525
1.13445 1.46835 1.14726 0.127471 0.0289021
1.15966 1.46835 1.1428 0.12587 0.0240744
1.18487 1.46835 1.13848 0.124037 0.0196789
1.21008 1.46835 1.13429 0.122018 0.0157149
1.23529 1.46835 1.13023 0.119852 0.0121728
1.2605 1.46835 1.12631 0.117575 0.00903576
1.28571 1.46835 1.12251 0.115218 0.0062821
1.31092 1.46835 1.11882 0.112808 0.00388635
1.33613 1.46835 1.11525 0.110366 0.00182092
1.36134 1.46835 1.11177 0.107909 5.71474e-05
1.38655 1.46835 1.1084 0.10545 -0.00143375
1.41176 1.46835 1.10511 0.103 -0.00267999
1.43697 1.46835 1.1019 0.100568 -0.00370871
1.46218 1.46835 1.09876 0.0981578 -0.00454565
1.48739 1.46835 1.0957 0.0957741 -0.00521489
1.51261 1.46835 1.0927 0.0934192 -0.00573876
1.53782 1.46835 1.08976 0.0910943 -0.00613777
1.56303 1.46835 1.08687 0.0887999 -0.00643068
1.58824 1.46835 1.08404 0.0865356 -0.00663448
1.61345 1.46835 1.08126 0.0843008 -0.00676451
1.63866 1.46835 1.07852 0.0820945 -0.00683455
1.66387 1.46835 1.07583 0.0799152 -0.00685689
1.68908 1.46835 1.07318 0.0777614 -0.00684243
1.71429 1.46835 1.07057 0.0756315 -0.00680076
1.7395 1.46835 1.068 0.0735237 -0.00674023
1.76471 1.46835 1.06546 0.0714361 -0.00666798
1.78992 1.46835 1.06297 0.0693669 -0.00658998
1.81513 1.46835 1.06051 0.067314 -0.00651108
1.84034 1.46835 1.0581 0.0652755 -0.00643494
1.86555 1.46835 1.05572 0.0632496 -0.00636409
1.89076 1.46835 1.05338 0.0612345 -0.00629987
1.91597 1.46835 1.05109 0.0592287 -0.00624251
1.94118 1.46835 1.04885 0.0572312 -0.00619115
1.96639 1.46835 1.04665 0.0552412 -0.00614396
1.9916 1.46835 1.0445 0.0532588 -0.00609828
2.01681 1.46835 1.04241 0.0512848 -0.00605091
2.04202 1.46835 1.04038 0.0493207 -0.00599836
2.06723 1.46835 1.03841 0.0473689 -0.0059372
2.09244 1.46835 1.03651 0.0454324 -0.0058643
2.11765 1.46835 1.03467 0.0435147 -0.00577713
2.14286 1.46835 1.0329 0.0416199 -0.00567389
2.16807 1.46835 1.0312 0.0397518 -0.00555358
2.19328 1.46835 1.02957 0.0379143 -0.005416
2.21849 1.46835 1.02801 0.0361113 -0.0052617
2.2437 1.46835 1.02652 0.034346 -0.0050918
2.26891 1.46835 1.0251 0.0326212 -0.00490794
2.29412 1.46835 1.02375 0.0309393 -0.00471208
2.31933 1.46835 1.02246 0.0293021 -0.0045064
2.34454 1.46835 1.02124 0.0277108 -0.00429316
2.36975 1.46835 1.02008 0.0261663 -0.00407461
2.39496 1.46835 1.01899 0.0246688 -0.00385291
2.42017 1.46835 1.01795 0.0232184 -0.0036301
2.44538 1.46835 1.01698 0.0218146 -0.00340801
2.47059 1.46835 1.01606 0.0204566 -0.00318828
2.4958 1.46835 1.01519 0.0191435 -0.00297233
2.52101 1.46835 1.01439 0.0178739 -0.00276135
2.54622 1.46835 1.01363 0.0166464 -0.00255631
2.57143 1.46835 1.01293 0.0154595 -0.002358
2.59664 1.46835 1.01227 0.0143115 -0.00216699
2.62185 1.46835 1.01167 0.0132005 -0.0019837
2.64706 1.46835 1.01112 0.0121248 -0.00180837
2.67227 1.46835 1.01061 0.0110826 -0.00164112
2.69748 1.46835 1.01015 0.010072 -0.0014819
2.72269 1.46835 1.00974 0.00909139 -0.00133057
2.7479 1.46835 1.00937 0.00813903 -0.00118686
2.77311 1.46835 1.00905 0.0072135 -0.00105039
2.79832 1.46835 1.00878 0.00631352 -0.000920649
2.82353 1.46835 1.00855 0.00543808 -0.000796979
2.84874 1.46835 1.00837 0.00458648 -0.000678568
2.87395 1.46835 1.00824 0.00375843 -0.000564396
2.89916 1.46835 1.00815 0.00295412 -0.000453195
2.92437 1.46835 1.00811 0.00217429 -0.000343381
2.94958 1.46835 1.00813 0.00142038 -0.000232981
2.97479 1.46835 1.00819 0.000694504 -0.000119535
3 1.46835 1.00831 0 0

0 1.49367 1.2219 0 0
0.0252101 1.49367 1.22357 -0.00240255 0.00976891
0.0504202 1.49367 1.22518 -0.00435988 0.019409
0.0756303 1.49367 1.2268 -0.00584516 0.02889
0.10084 1.49367 1.22842 -0.00682852 0.0381797
0.12605 1.49367 1.23001 -0.00728747 0.0472376
0.151261 1.49367 1.23159 -0.00720657 0.0560221
0.176471 1.49367 1.23312 -0.00657864 0.0644888
0.201681 1.49367 1.23458 -0.00540599 0.0725942
0.226891 1.49367 1.23596 -0.00369923 0.0802965
0.252101 1.49367 1.23724 -0.00147679 0.087557
0.277311 1.49367 1.23838 0.00123655 0.0943413
0.302521 1.49367 1.23938 0.00441094 0.100619
0.327731 1.49367 1.24021 0.00801287 0.106366
0.352941 1.49367 1.24085 0.0120063 0.111561
0.378151 1.49367 1.24129 0.0163538 0.116186
0.403361 1.49367 1.24151 0.0210172 0.12023
0.428571 1.49367 1.2415 0.0259581 0.123683
0.453782 1.49367 1.24125 0.0311385 0.126537
0.478992 1.49367 1.24074 0.0365206 0.12879
0.504202 1.49367 1.23998 0.0420671 0.130437
0.529412 1.49367 1.23894 0.047741 0.131478
0.554622 1.49367 1.23763 0.0535052 0.131915
0.579832 1.49367 1.23604 0.0593226 0.13175
0.605042 1.49367 1.23417 0.0651555 0.130989
0.630252 1.49367 1.23203 0.0709661 0.129637
0.655462 1.49367 1.22958 0.0767142 0.127704
0.680672 1.49367 1.2269 0.0823611 0.125204
0.705882 1.49367 1.22388 0.0878633 0.12215
0.731092 1.49367 1.22069 0.0931811 0.11857
0.756303 1.49367 1.21713 0.0982694 0.114482
0.781513 1.49367 1.21346 0.103086 0.109929
0.806723 1.49367 1.20945 0.10759 0.104937
0.831933 1.49367 1.20532 0.111738 0.0995661
0.857143 1.49367 1.20095 0.115495 0.0938585
0.882353 1.49367 1.19646 0.118824 0.0878825
0.907563 1.49367 1.19182 0.121701 0.0816996
0.932773 1.49367 1.18709 0.124103 0.0753842
0.957983 1.49367 1.18228 0.126019 0.0690096
0.983193 1.49367 1.17744 0.127445 0.062652
1.0084 1.49367 1.17258 0.12839 0.0563851
1.03361 1.49367 1.16774 0.128869 0.0502787
1.05882 1.49367 1.16295 0.128908 0.0443958
1.08403 1.49367 1.15822 0.128539 0.0387904
1.10924 1.49367 1.15358 0.1278 0.0335064
1.13445 1.49367 1.14904 0.126733 0.0285767
1.15966 1.49367 1.14461 0.12538 0.0240231
1.18487 1.49367 1.1403 0.123783 0.0198573
1.21008 1.49367 1.1361 0.121983 0.0160815
1.23529 1.49367 1.13202 0.120017 0.01269
1.2605 1.49367 1.12805 0.117919 0.00967083
1.28571 1.49367 1.1242 0.115719 0.00700662
1.31092 1.49367 1.12046 0.113443 0.00467649
1.33613 1.49367 1.11682 0.111113 0.00265703
1.36134 1.49367 1.11328 0.108747 0.000923383
1.38655 1.49367 1.10983 0.106361 -0.000549894
1.41176 1.49367 1.10647 0.103967 -0.00178815
1.43697 1.49367 1.10319 0.101573 -0.00281612
1.46218 1.49367 1.09999 0.0991876 -0.00365754
1.48739 1.49367 1.09685 0.0968162 -0.00433487
1.51261 1.49367 1.09379 0.0944627 -0.00486918
1.53782 1.49367 1.09078 0.0921298 -0.00527996
1.56303 1.49367 1.08784 0.0898194 -0.00558519
1.58824 1.49367 1.08495 0.0875324 -0.00580127
1.61345 1.49367 1.08211 0.0852693 -0.00594309
1.63866 1.49367 1.07932 0.0830298 -0.00602407
1.66387 1.49367 1.07658 0.0808137 -0.00605625
1.68908 1.49367 1.07388 0.0786201 -0.00605032
1.71429 1.49367 1.07123 0.076448 -0.0060157
1.7395 1.49367 1.06862 0.0742962 -0.0059606
1.76471 1.49367 1.06605 0.0721636 -0.00589205
1.78992 1.49367 1.06352 0.0700486 -0.00581595
1.81513 1.49367 1.06104 0.06795 -0.00573706
1.84034 1.49367 1.0586 0.0658662 -0.00565908
1.86555 1.49367 1.0562 0.063796 -0.00558457
1.89076 1.49367 1.05385 0.0617381 -0.00551507
1.91597 1.49367 1.05154 0.0596916 -0.00545107
1.94118 1.49367 1.04928 0.0576558 -0.00539211
1.96639 1.49367 1.04707 0.0556305 -0.00533687
1.9916 1.49367 1.04491 0.053616 -0.00528335
2.01681 1.49367 1.04281 0.0516133 -0.00522905
2.04202 1.49367 1.04077 0.0496239 -0.00517123
2.06723 1.49367 1.03879 0.0476502 -0.00510709
2.09244 1.49367 1.03688 0.0456947 -0.00503412
2.11765 1.49367 1.03503 0.0437608 -0.00495017
2.14286 1.49367 1.03325 0.0418519 -0.00485367
2.16807 1.49367 1.03154 0.0399715 -0.00474368
2.19328 1.49367 1.02989 0.0381231 -0.00461989
2.21849 1.49367 1.02832 0.0363101 -0.00448257
2.2437 1.49367 1.02682 0.0345353 -0.00433251
2.26891 1.49367 1.02538 0.0328015 -0.00417094
2.29412 1.49367 1.02401 0.0311108 -0.00399936
2.31933 1.49367 1.02271 0.0294649 -0.00381951
2.34454 1.49367 1.02147 0.0278649 -0.00363321
2.36975 1.49367 1.0203 0.0263117 -0.0034423
2.39496 1.49367 1.01919 0.0248056 -0.0032486
2.42017 1.49367 1.01814 0.0233467 -0.00305382
2.44538 1.49367 1.01715 0.0219344 -0.00285952
2.47059 1.49367 1.01621 0.020568 -0.00266712
2.4958 1.49367 1.01534 0.0192468 -0.00247785
2.52101 1.49367 1.01452 0.0179693 -0.00229278
2.54622 1.49367 1.01375 0.0167342 -0.0021128
2.57143 1.49367 1.01303 0.0155401 -0.00193862
2.59664 1.49367 1.01237 0.0143851 -0.00177081
2.62185 1.49367 1.01176 0.0132676 -0.0016098
2.64706 1.49367 1.01119 0.0121857 -0.0014559
2.67227 1.49367 1.01068 0.0111376 -0.00130929
2.69748 1.49367 1.01021 0.0101215 -0.00117008
2.72269 1.49367 1.00979 0.00913558 -0.0010383
2.7479 1.49367 1.00942 0.00817825 -0.00091389
2.77311 1.49367 1.00909 0.00724799 -0.000796736
2.79832 1.49367 1.00881 0.00634347 -0.000686654
2.82353 1.49367 1.00858 0.00546365 -0.000583385
2.84874 1.49367 1.0084 0.00460782 -0.000486575
2.87395 1.49367 1.00826 0.00377569 -0.000395748
2.89916 1.49367 1.00817 0.00296742 -0.000310269
2.92437 1.49367 1.00813 0.00218382 -0.000229284
2.94958 1.49367 1.00815 0.00142635 -0.000151657
2.97479 1.49367 1.00821 0.000697257 -7.58835e-05
3 1.49367 1.00833 0 0

0 1.51899 1.22134 0 0
0.0252101 1.51899 1.22303 -0.00247676 0.00936183
0.0504202 1.51899 1.22463 -0.00450826 0.0185663
0.0756303 1.51899 1.22624 -0.00607214 0.0275836
0.10084 1.51899 1.22784 -0.00714174 0.0363838
0.12605 1.51899 1.2294 -0.00769717 0.0449324
0.151261 1.51899 1.23094 -0.0077238 0.0531949
0.176471 1.51899 1.23242 -0.00721445 0.0611351
0.201681 1.51899 1.23385 -0.00617006 0.0687178
0.226891 1.51899 1.23519 -0.00459925 0.0759091
0.252101 1.51899 1.23642 -0.00251789 0.0826773
0.277311 1.51899 1.23753 5.19958e-05 0.088994
0.302521 1.51899 1.2385 0.00308327 0.0948339
0.327731 1.51899 1.2393 0.00654487 0.100175
0.352941 1.51899 1.23992 0.0104028 0.105
0.378151 1.51899 1.24035 0.0146213 0.109293
0.403361 1.51899 1.24057 0.0191631 0.113043
0.428571 1.51899 1.24057 0.0239905 0.116242
0.453782 1.51899 1.24033 0.0290657 0.118881
0.478992 1.51899 1.23984 0.0343507 0.120958
0.504202 1.51899 1.2391 0.0398075 0.122469
0.529412 1.51899 1.2381 0.0453984 0.123415
0.554622 1.51899 1.23683 0.0510857 0.123796
0.579832 1.51899 1.23529 0.0568312 0.123616
0.605042 1.51899 1.23348 0.0625967 0.12288
0.630252 1.51899 1.2314 0.0683436 0.121596
0.655462 1.51899 1.22904 0.0740319 0.119774
0.680672 1.51899 1.22643 0.0796224 0.117427
0.705882 1.51899 1.22353 0.0850733 0.114572
0.731092 1.51899 1.22041 0.0903447 0.111232
0.756303 1.51899 1.217 0.0953945 0.107429
0.781513 1.51899 1.21342 0.100182 0.103201
0.806723 1.51899 1.20957 0.104669 0.098579
0.831933 1.51899 1.20556 0.108815 0.093612
0.857143 1.51899 1.20135 0.112588 0.0883444
0.882353 1.51899 1.197 0.115956 0.0828349
0.907563 1.51899 1.19252 0.118895 0.0771411
0.932773 1.51899 1.18793 0.121386 0.071328
0.957983 1.51899 1.18327 0.123418 0.0654611
0.983193 1.51899 1.17857 0.124988 0.059607
1.0084 1.51899 1.17384 0.126101 0.0538307
1.03361 1.51899 1.16912 0.12677 0.0481933
1.05882 1.51899 1.16442 0.127018 0.0427505
1.08403 1.51899 1.15978 0.12687 0.0375505
1.10924 1.51899 1.1552 0.126361 0.0326333
1.13445 1.51899 1.1507 0.125524 0.0280293
1.15966 1.51899 1.14629 0.124397 0.0237601
1.18487 1.51899 1.14198 0.123019 0.0198383
1.21008 1.51899 1.13777 0.121424 0.0162682
1.23529 1.51899 1.13367 0.119649 0.0130473
1.2605 1.51899 1.12967 0.117724 0.0101669
1.28571 1.51899 1.12578 0.115679 0.00761347
1.31092 1.51899 1.12199 0.113538 0.00536998
1.33613 1.51899 1.11829 0.111325 0.00341666
1.36134 1.51899 1.11469 0.109058 0.00173204
1.38655 1.51899 1.11118 0.106753 0.000293754
1.41176 1.51899 1.10775 0.104424 -0.000920825
1.43697 1.51899 1.10441 0.102081 -0.00193408
1.46218 1.51899 1.10113 0.0997324 -0.00276776
1.48739 1.51899 1.09794 0.0973863 -0.00344266
1.51261 1.51899 1.09481 0.0950476 -0.00397844
1.53782 1.51899 1.09174 0.0927204 -0.0043935
1.56303 1.51899 1.08874 0.0904077 -0.00470489
1.58824 1.51899 1.08579 0.0881118 -0.00492828
1.61345 1.51899 1.0829 0.0858339 -0.00507799
1.63866 1.51899 1.08006 0.083575 -0.00516699
1.66387 1.51899 1.07727 0.0813355 -0.00520692
1.68908 1.51899 1.07453 0.0791153 -0.00520819
1.71429 1.51899 1.07183 0.0769141 -0.00517997
1.7395 1.51899 1.06919 0.0747313 -0.00513028
1.76471 1.51899 1.06658 0.0725664 -0.00506598
1.78992 1.51899 1.06403 0.0704185 -0.00499285
1.81513 1.51899 1.06151 0.0682866 -0.00491561
1.84034 1.51899 1.05905 0.0661699 -0.0048379
1.86555 1.51899 1.05663 0.0640675 -0.00476238
1.89076 1.51899 1.05425 0.0619788 -0.00469069
1.91597 1.51899 1.05193 0.0599031 -0.00462358
1.94118 1.51899 1.04965 0.0578402 -0.00456091
1.96639 1.51899 1.04743 0.0557903 -0.0045018
1.9916 1.51899 1.04526 0.053754 -0.00444477
2.01681 1.51899 1.04315 0.0517324 -0.00438788
2.04202 1.51899 1.0411 0.049727 -0.00432895
2.06723 1.51899 1.03912 0.0477399 -0.00426574
2.09244 1.51899 1.03719 0.0457738 -0.00419617
2.11765 1.51899 1.03533 0.0438314 -0.00411843
2.14286 1.51899 1.03354 0.041916 -0.00403115
2.16807 1.51899 1.03182 0.0400305 -0.00393342
2.19328 1.51899 1.03016 0.0381783 -0.00382485
2.21849 1.51899 1.02857 0.0363622 -0.00370552
2.2437 1.51899 1.02706 0.034585 -0.00357594
2.26891 1.51899 1.02561 0.032849 -0.00343697
2.29412 1.51899 1.02422 0.0311562 -0.00328977
2.31933 1.51899 1.02291 0.0295082 -0.00313567
2.34454 1.51899 1.02166 0.0279061 -0.00297611
2.36975 1.51899 1.02047 0.0263507 -0.0028126
2.39496 1.51899 1.01935 0.0248423 -0.00264661
2.42017 1.51899 1.01828 0.0233808 -0.00247955
2.44538 1.51899 1.01728 0.0219661 -0.00231274
2.47059 1.51899 1.01633 0.0205973 -0.0021474
2.4958 1.51899 1.01544 0.0192735 -0.00198458
2.52101 1.51899 1.01461 0.0179937 -0.00182521
2.54622 1.51899 1.01383 0.0167563 -0.00167009
2.57143 1.51899 1.01311 0.01556 -0.00151988
2.59664 1.51899 1.01244 0.0144031 -0.00137513
2.62185 1.51899 1.01181 0.0132838 -0.00123627
2.64706 1.51899 1.01124 0.0122003 -0.00110366
2.67227 1.51899 1.01072 0.0111507 -0.000977573
2.69748 1.51899 1.01024 0.0101333 -0.000858244
2.72269 1.51899 1.00982 0.00914631 -0.00074586
2.7479 1.51899 1.00944 0.00818795 -0.000640589
2.77311 1.51899 1.00911 0.00725673 -0.000542583
2.79832 1.51899 1.00882 0.00635129 -0.000451989
2.82353 1.51899 1.00859 0.00547055 -0.000368949
2.84874 1.51899 1.0084 0.00461377 -0.000293586
2.87395 1.51899 1.00826 0.00378063 -0.000225989
2.89916 1.51899 1.00817 0.00297132 -0.000166179
2.92437 1.51899 1.00813 0.00218662 -0.000114066
2.94958 1.51899 1.00814 0.00142809 -6.93904e-05
2.97479 1.51899 1.00821 0.000698013 -3.16463e-05
3 1.51899 1.00833 0 0

0 1.5443 1.2207 0 0
0.0252101 1.5443 1.22239 -0.00255094 0.00895553
0.0504202 1.5443 1.22399 -0.00465897 0.0177289
0.0756303 1.5443 1.22559 -0.00630423 0.0262901
0.10084 1.5443 1.22717 -0.00746197 0.0346108
0.12605 1.5443 1.22872 -0.00811388 0.0426613
0.151261 1.5443 1.23023 -0.00824586 0.0504131
0.176471 1.5443 1.23169 -0.00785073 0.0578375
0.201681 1.5443 1.23309 -0.00692857 0.0649067
0.226891 1.5443 1.23441 -0.00548665 0.0715941
0.252101 1.5443 1.23562 -0.00353907 0.0778749
0.277311 1.5443 1.23672 -0.0011059 0.0837264
0.302521 1.5443 1.23767 0.00178771 0.0891282
0.327731 1.5443 1.23847 0.00511257 0.0940627
0.352941 1.5443 1.23909 0.00883635 0.0985145
0.378151 1.5443 1.23952 0.0129245 0.102471
0.403361 1.5443 1.23975 0.0173408 0.105923
0.428571 1.5443 1.23976 0.0220483 0.108861
0.453782 1.5443 1.23954 0.0270092 0.11128
0.478992 1.5443 1.23908 0.0321857 0.113176
0.504202 1.5443 1.23837 0.0375396 0.114547
0.529412 1.5443 1.23741 0.0430328 0.115393
0.554622 1.5443 1.23619 0.0486271 0.115716
0.579832 1.5443 1.2347 0.0542841 0.115519
0.605042 1.5443 1.23295 0.059965 0.114807
0.630252 1.5443 1.23093 0.0656311 0.11359
0.655462 1.5443 1.22865 0.0712429 0.111876
0.680672 1.5443 1.22611 0.076761 0.10968
0.705882 1.5443 1.22331 0.0821451 0.107019
0.731092 1.5443 1.22028 0.087356 0.103915
0.756303 1.5443 1.21699 0.0923536 0.100391
0.781513 1.5443 1.2135 0.0970995 0.096481
0.806723 1.5443 1.20978 0.101557 0.0922158
0.831933 1.5443 1.20589 0.105689 0.0876393
0.857143 1.5443 1.20181 0.109466 0.0827942
0.882353 1.5443 1.19759 0.11286 0.0777321
0.907563 1.5443 1.19324 0.115846 0.0725057
0.932773 1.5443 1.18878 0.118409 0.0671723
0.957983 1.5443 1.18425 0.120537 0.0617902
0.983193 1.5443 1.17966 0.122228 0.0564178
1.0084 1.5443 1.17504 0.123486 0.0511123
1.03361 1.5443 1.17041 0.124321 0.0459276
1.05882 1.5443 1.1658 0.124751 0.0409127
1.08403 1.5443 1.16123 0.124798 0.0361108
1.10924 1.5443 1.1567 0.124492 0.0315579
1.13445 1.5443 1.15224 0.123862 0.0272822
1.15966 1.5443 1.14785 0.122941 0.0233043
1.18487 1.5443 1.14354 0.121762 0.0196371
1.21008 1.5443 1.13933 0.120359 0.0162864
1.23529 1.5443 1.13521 0.118764 0.0132518
1.2605 1.5443 1.13118 0.117005 0.0105274
1.28571 1.5443 1.12725 0.115111 0.00810274
1.31092 1.5443 1.12341 0.113105 0.00596389
1.33613 1.5443 1.11966 0.111011 0.00409423
1.36134 1.5443 1.116 0.108847 0.00247534
1.38655 1.5443 1.11243 0.10663 0.00108762
1.41176 1.5443 1.10894 0.104374 -8.90144e-05
1.43697 1.5443 1.10553 0.102091 -0.00107472
1.46218 1.5443 1.1022 0.0997909 -0.00188926
1.48739 1.5443 1.09894 0.0974817 -0.00255176
1.51261 1.5443 1.09575 0.0951701 -0.00308045
1.53782 1.5443 1.09263 0.0928613 -0.00349252
1.56303 1.5443 1.08957 0.0905594 -0.00380402
1.58824 1.5443 1.08657 0.0882677 -0.00402981
1.61345 1.5443 1.08362 0.0859884 -0.0041835
1.63866 1.5443 1.08073 0.0837233 -0.00427749
1.66387 1.5443 1.0779 0.0814736 -0.00432299
1.68908 1.5443 1.07511 0.07924 -0.00433
1.71429 1.5443 1.07238 0.0770228 -0.00430739
1.7395 1.5443 1.0697 0.0748221 -0.00426292
1.76471 1.5443 1.06706 0.0726378 -0.00420324
1.78992 1.5443 1.06447 0.0704697 -0.00413399
1.81513 1.5443 1.06193 0.0683172 -0.00405978
1.84034 1.5443 1.05944 0.06618 -0.00398422
1.86555 1.5443 1.057 0.0640577 -0.00390998
1.89076 1.5443 1.0546 0.06195 -0.00383884
1.91597 1.5443 1.05226 0.0598568 -0.00377169
1.94118 1.5443 1.04997 0.0577782 -0.0037087
1.96639 1.5443 1.04773 0.0557146 -0.00364932
1.9916 1.5443 1.04555 0.0536668 -0.00359247
2.01681 1.5443 1.04343 0.0516361 -0.00353667
2.04202 1.5443 1.04137 0.0496241 -0.00348019
2.06723 1.5443 1.03937 0.0476327 -0.00342121
2.09244 1.5443 1.03744 0.0456643 -0.00335799
2.11765 1.5443 1.03557 0.0437216 -0.00328901
2.14286 1.5443 1.03377 0.0418074 -0.00321304
2.16807 1.5443 1.03203 0.0399245 -0.00312922
2.19328 1.5443 1.03037 0.0380757 -0.00303709
2.21849 1.5443 1.02877 0.0362638 -0.00293657
2.2437 1.5443 1.02724 0.0344911 -0.00282794
2.26891 1.5443 1.02578 0.0327598 -0.00271178
2.29412 1.5443 1.02439 0.0310718 -0.00258893
2.31933 1.5443 1.02306 0.0294285 -0.00246039
2.34454 1.5443 1.02179 0.0278309 -0.00232727
2.36975 1.5443 1.0206 0.0262798 -0.00219076
2.39496 1.5443 1.01946 0.0247754 -0.00205203
2.42017 1.5443 1.01838 0.0233179 -0.00191224
2.44538 1.5443 1.01737 0.0219067 -0.00177248
2.47059 1.5443 1.01641 0.0205414 -0.00163374
2.4958 1.5443 1.01552 0.0192209 -0.00149694
2.52101 1.5443 1.01467 0.0179443 -0.00136288
2.54622 1.5443 1.01389 0.0167101 -0.00123226
2.57143 1.5443 1.01315 0.0155169 -0.00110567
2.59664 1.5443 1.01247 0.0143631 -0.000983644
2.62185 1.5443 1.01184 0.0132469 -0.000866618
2.64706 1.5443 1.01126 0.0121665 -0.00075499
2.67227 1.5443 1.01073 0.0111201 -0.000649119
2.69748 1.5443 1.01025 0.0101059 -0.000549351
2.72269 1.5443 1.00982 0.00912199 -0.000456038
2.7479 1.5443 1.00944 0.00816671 -0.000369559
2.77311 1.5443 1.0091 0.00723848 -0.000290337
2.79832 1.5443 1.00881 0.0063359 -0.000218853
2.82353 1.5443 1.00857 0.00545786 -0.000155654
2.84874 1.5443 1.00838 0.00460358 -0.000101352
2.87395 1.5443 1.00824 0.00377269 -5.66174e-05
2.89916 1.5443 1.00814 0.00296537 -2.21569e-05
2.92437 1.5443 1.0081 0.00218241 1.32392e-06
2.94958 1.5443 1.00811 0.0014254 1.317e-05
2.97479 1.5443 1.00817 0.000696687 1.28439e-05
3 1.5443 1.0083 0 0

0 1.56962 1.21999 0 0
0.0252101 1.56962 1.22167 -0.00262499 0.0085529
0.0504202 1.56962 1.22325 -0.00481191 0.016901
0.0756303 1.56962 1.22485 -0.00654158 0.0250133
0.10084 1.56962 1.22642 -0.00778993 0.0328629
0.12605 1.56962 1.22796 -0.00853926 0.0404243
0.151261 1.56962 1.22947 -0.00877559 0.0476747
0.176471 1.56962 1.23092 -0.00849171 0.054592
0.201681 1.56962 1.23232 -0.00768718 0.0611555
0.226891 1.56962 1.23363 -0.00636847 0.0673455
0.252101 1.56962 1.23485 -0.00454856 0.0731439
0.277311 1.56962 1.23594 -0.00224628 0.0785336
0.302521 1.56962 1.2369 0.000514595 0.0834992
0.327731 1.56962 1.23771 0.00370616 0.0880271
0.352941 1.56962 1.23834 0.00729731 0.0921053
0.378151 1.56962 1.23879 0.0112545 0.0957236
0.403361 1.56962 1.23904 0.0155424 0.0988738
0.428571 1.56962 1.23907 0.0201246 0.101549
0.453782 1.56962 1.23888 0.0249638 0.103745
0.478992 1.56962 1.23846 0.0300222 0.105458
0.504202 1.56962 1.23779 0.0352619 0.106687
0.529412 1.56962 1.23687 0.0406445 0.107431
0.554622 1.56962 1.23569 0.0461318 0.107693
0.579832 1.56962 1.23426 0.0516852 0.107477
0.605042 1.56962 1.23257 0.0572662 0.106789
0.630252 1.56962 1.23062 0.0628361 0.105636
0.655462 1.56962 1.2284 0.0683558 0.104029
0.680672 1.56962 1.22594 0.0737866 0.101982
0.705882 1.56962 1.22322 0.0790894 0.0995109
0.731092 1.56962 1.22027 0.0842258 0.0966378
0.756303 1.56962 1.21708 0.0891578 0.0933853
0.781513 1.56962 1.21369 0.0938489 0.0897834
0.806723 1.56962 1.21008 0.0982639 0.0858633
0.831933 1.56962 1.20629 0.10237 0.0816636
0.857143 1.56962 1.20232 0.106138 0.0772243
0.882353 1.56962 1.19821 0.109541 0.0725913
0.907563 1.56962 1.19398 0.112559 0.0678122
0.932773 1.56962 1.18963 0.115176 0.0629376
0.957983 1.56962 1.1852 0.117382 0.0580191
0.983193 1.56962 1.18071 0.119173 0.0531083
1.0084 1.56962 1.17619 0.120552 0.0482553
1.03361 1.56962 1.17164 0.121528 0.0435076
1.05882 1.56962 1.1671 0.122115 0.0389086
1.08403 1.56962 1.16258 0.122333 0.0344966
1.10924 1.56962 1.15809 0.122206 0.0303041
1.13445 1.56962 1.15366 0.12176 0.0263568
1.15966 1.56962 1.14929 0.121024 0.0226742
1.18487 1.56962 1.14499 0.120027 0.0192691
1.21008 1.56962 1.14076 0.118801 0.016148
1.23529 1.56962 1.13662 0.117373 0.0133121
1.2605 1.56962 1.13257 0.115772 0.0107576
1.28571 1.56962 1.1286 0.114023 0.0084764
1.31092 1.56962 1.12472 0.11215 0.00645725
1.33613 1.56962 1.12092 0.110175 0.00468621
1.36134 1.56962 1.11721 0.108117 0.00314748
1.38655 1.56962 1.11358 0.105993 0.00182399
1.41176 1.56962 1.11004 0.103817 0.000697966
1.43697 1.56962 1.10657 0.101603 -0.000248624
1.46218 1.56962 1.10318 0.0993598 -0.00103366
1.48739 1.56962 1.09987 0.097098 -0.00167461
1.51261 1.56962 1.09662 0.0948247 -0.00218824
1.53782 1.56962 1.09344 0.0925461 -0.00259049
1.56303 1.56962 1.09032 0.0902673 -0.00289636
1.58824 1.56962 1.08727 0.0879924 -0.00311979
1.61345 1.56962 1.08428 0.0857246 -0.00327364
1.63866 1.56962 1.08134 0.0834664 -0.00336967
1.66387 1.56962 1.07846 0.0812196 -0.00341852
1.68908 1.56962 1.07564 0.0789857 -0.00342976
1.71429 1.56962 1.07286 0.0767656 -0.00341188
1.7395 1.56962 1.07014 0.0745601 -0.00337232
1.76471 1.56962 1.06747 0.0723694 -0.00331749
1.78992 1.56962 1.06486 0.0701939 -0.00325283
1.81513 1.56962 1.06229 0.0680335 -0.00318281
1.84034 1.56962 1.05977 0.0658884 -0.00311099
1.86555 1.56962 1.0573 0.0637585 -0.00304003
1.89076 1.56962 1.05489 0.061644 -0.00297176
1.91597 1.56962 1.05253 0.059545 -0.00290723
1.94118 1.56962 1.05022 0.0574621 -0.00284679
1.96639 1.56962 1.04797 0.0553958 -0.00279017
1.9916 1.56962 1.04578 0.0533472 -0.00273662
2.01681 1.56962 1.04365 0.0513175 -0.002685
2.04202 1.56962 1.04158 0.0493084 -0.00263393
2.06723 1.56962 1.03957 0.0473219 -0.00258192
2.09244 1.56962 1.03762 0.0453601 -0.00252752
2.11765 1.56962 1.03575 0.0434255 -0.0024694
2.14286 1.56962 1.03394 0.0415207 -0.00240646
2.16807 1.56962 1.03219 0.0396481 -0.00233788
2.19328 1.56962 1.03052 0.0378105 -0.00226314
2.21849 1.56962 1.02891 0.0360101 -0.00218203
2.2437 1.56962 1.02737 0.0342493 -0.00209466
2.26891 1.56962 1.0259 0.0325299 -0.00200135
2.29412 1.56962 1.02449 0.0308537 -0.00190268
2.31933 1.56962 1.02316 0.029222 -0.00179936
2.34454 1.56962 1.02188 0.0276357 -0.00169222
2.36975 1.56962 1.02068 0.0260955 -0.00158216
2.39496 1.56962 1.01953 0.0246018 -0.0014701
2.42017 1.56962 1.01845 0.0231544 -0.00135696
2.44538 1.56962 1.01742 0.0217531 -0.00124362
2.47059 1.56962 1.01646 0.0203973 -0.00113088
2.4958 1.56962 1.01555 0.0190861 -0.00101951
2.52101 1.56962 1.0147 0.0178184 -0.000910181
2.54622 1.56962 1.01391 0.0165929 -0.0008035
2.57143 1.56962 1.01317 0.0154082 -0.000700009
2.59664 1.56962 1.01248 0.0142627 -0.000600196
2.62185 1.56962 1.01184 0.0131547 -0.00050451
2.64706 1.56962 1.01126 0.0120823 -0.000413378
2.67227 1.56962 1.01072 0.0110438 -0.000327232
2.69748 1.56962 1.01024 0.0100373 -0.000246528
2.72269 1.56962 1.0098 0.00906098 -0.000171773
2.7479 1.56962 1.00941 0.00811307 -0.000103552
2.77311 1.56962 1.00907 0.00719195 -4.25527e-05
2.79832 1.56962 1.00877 0.00629621 1.04121e-05
2.82353 1.56962 1.00853 0.00542466 5.43858e-05
2.84874 1.56962 1.00833 0.00457647 8.82567e-05
2.87395 1.56962 1.00819 0.00375125 0.000110756
2.89916 1.56962 1.00809 0.00294912 0.00012047
2.92437 1.56962 1.00804 0.00217087 0.000115863
2.94958 1.56962 1.00805 0.00141809 9.53264e-05
2.97479 1.56962 1.00811 0.000693193 5.72307e-05
3 1.56962 1.00823 0 0

0 1.59494 1.21922 0 0
0.0252101 1.59494 1.22087 -0.00269888 0.00815694
0.0504202 1.59494 1.22244 -0.00496705 0.0160866
0.0756303 1.59494 1.22403 -0.00678423 0.0237571
0.10084 1.59494 1.22559 -0.00812584 0.031143
0.12605 1.59494 1.22714 -0.00897384 0.0382228
0.151261 1.59494 1.22865 -0.009314 0.044979
0.176471 1.59494 1.23012 -0.00913902 0.0513961
0.201681 1.59494 1.23153 -0.00844821 0.0574603
0.226891 1.59494 1.23286 -0.00724773 0.0631587
0.252101 1.59494 1.23409 -0.00555005 0.0684795
0.277311 1.59494 1.23521 -0.00337335 0.0734113
0.302521 1.59494 1.23619 -0.000740666 0.0779437
0.327731 1.59494 1.23702 0.00232091 0.082067
0.352941 1.59494 1.23768 0.00578109 0.0857727
0.378151 1.59494 1.23816 0.00960708 0.0890532
0.403361 1.59494 1.23844 0.0137643 0.0919022
0.428571 1.59494 1.23851 0.0182167 0.0943145
0.453782 1.59494 1.23835 0.0229276 0.0962864
0.478992 1.59494 1.23797 0.0278595 0.0978155
0.504202 1.59494 1.23734 0.0329746 0.0989009
0.529412 1.59494 1.23647 0.0382349 0.0995431
0.554622 1.59494 1.23534 0.0436023 0.0997443
0.579832 1.59494 1.23396 0.0490386 0.0995085
0.605042 1.59494 1.23233 0.0545054 0.0988416
0.630252 1.59494 1.23043 0.0599644 0.0977518
0.655462 1.59494 1.22829 0.0653773 0.0962495
0.680672 1.59494 1.22589 0.0707062 0.0943481
0.705882 1.59494 1.22325 0.0759132 0.0920636
0.731092 1.59494 1.22038 0.0809612 0.0894157
0.756303 1.59494 1.21728 0.085814 0.0864269
0.781513 1.59494 1.21397 0.0904365 0.0831243
0.806723 1.59494 1.21045 0.0947959 0.0795375
0.831933 1.59494 1.20676 0.0988613 0.075701
0.857143 1.59494 1.20289 0.102605 0.0716517
0.882353 1.59494 1.19888 0.106004 0.0674303
0.907563 1.59494 1.19473 0.109037 0.0630795
0.932773 1.59494 1.19048 0.11169 0.0586441
0.957983 1.59494 1.18614 0.113954 0.0541697
0.983193 1.59494 1.18173 0.115824 0.0497015
1.0084 1.59494 1.17728 0.117302 0.0452838
1.03361 1.59494 1.1728 0.118395 0.0409582
1.05882 1.59494 1.16832 0.119115 0.0367629
1.08403 1.59494 1.16384 0.119479 0.0327321
1.10924 1.59494 1.15939 0.119508 0.0288946
1.13445 1.59494 1.15498 0.119223 0.0252741
1.15966 1.59494 1.15062 0.118652 0.0218884
1.18487 1.59494 1.14632 0.117821 0.01875
1.21008 1.59494 1.14209 0.116756 0.0158657
1.23529 1.59494 1.13793 0.115484 0.0132377
1.2605 1.59494 1.13384 0.11403 0.0108638
1.28571 1.59494 1.12984 0.112421 0.00873781
1.31092 1.59494 1.12592 0.110677 0.00685062
1.33613 1.59494 1.12208 0.10882 0.0051906
1.36134 1.59494 1.11832 0.106869 0.00374421
1.38655 1.59494 1.11464 0.104841 0.00249662
1.41176 1.59494 1.11104 0.10275 0.00143218
1.43697 1.59494 1.10752 0.100611 0.000534824
1.46218 1.59494 1.10407 0.0984336 -0.000211527
1.48739 1.59494 1.1007 0.0962286 -0.000822709
1.51261 1.59494 1.0974 0.094004 -0.00131407
1.53782 1.59494 1.09417 0.0917667 -0.00170028
1.56303 1.59494 1.091 0.0895227 -0.00199522
1.58824 1.59494 1.0879 0.0872768 -0.00221188
1.61345 1.59494 1.08486 0.085033 -0.0023623
1.63866 1.59494 1.08188 0.0827943 -0.00245752
1.66387 1.59494 1.07896 0.0805634 -0.0025076
1.68908 1.59494 1.07609 0.0783423 -0.00252157
1.71429 1.59494 1.07328 0.0761325 -0.0025075
1.7395 1.59494 1.07052 0.0739352 -0.00247245
1.76471 1.59494 1.06782 0.0717512 -0.00242257
1.78992 1.59494 1.06517 0.0695813 -0.00236304
1.81513 1.59494 1.06258 0.067426 -0.00229818
1.84034 1.59494 1.06003 0.0652856 -0.00223142
1.86555 1.59494 1.05755 0.0631606 -0.0021654
1.89076 1.59494 1.05511 0.0610515 -0.00210196
1.91597 1.59494 1.05273 0.0589587 -0.00204225
1.94118 1.59494 1.05041 0.056883 -0.00198676
1.96639 1.59494 1.04815 0.0548253 -0.00193543
1.9916 1.59494 1.04594 0.0527866 -0.00188774
2.01681 1.59494 1.0438 0.0507684 -0.00184283
2.04202 1.59494 1.04172 0.0487724 -0.00179958
2.06723 1.59494 1.0397 0.0468002 -0.00175676
2.09244 1.59494 1.03775 0.0448542 -0.00171313
2.11765 1.59494 1.03586 0.0429365 -0.00166754
2.14286 1.59494 1.03404 0.0410495 -0.00161896
2.16807 1.59494 1.03229 0.0391955 -0.00156661
2.19328 1.59494 1.03061 0.037377 -0.00150993
2.21849 1.59494 1.02899 0.0355959 -0.0014486
2.2437 1.59494 1.02744 0.0338545 -0.00138255
2.26891 1.59494 1.02596 0.0321545 -0.00131194
2.29412 1.59494 1.02455 0.0304973 -0.00123709
2.31933 1.59494 1.02321 0.0288843 -0.00115848
2.34454 1.59494 1.02192 0.0273163 -0.00107669
2.36975 1.59494 1.02071 0.0257939 -0.00099238
2.39496 1.59494 1.01956 0.0243174 -0.000906238
2.42017 1.59494 1.01846 0.0228868 -0.000818961
2.44538 1.59494 1.01743 0.0215018 -0.000731232
2.47059 1.59494 1.01646 0.0201617 -0.000643702
2.4958 1.59494 1.01555 0.0188657 -0.000556979
2.52101 1.59494 1.01469 0.0176128 -0.000471624
2.54622 1.59494 1.01389 0.0164018 -0.000388156
2.57143 1.59494 1.01315 0.0152312 -0.000307053
2.59664 1.59494 1.01245 0.0140994 -0.00022877
2.62185 1.59494 1.01181 0.0130047 -0.000153752
2.64706 1.59494 1.01122 0.0119455 -8.24547e-05
2.67227 1.59494 1.01068 0.0109198 -1.53707e-05
2.69748 1.59494 1.01019 0.00992576 4.69429e-05
2.72269 1.59494 1.00975 0.00896159 0.000103834
2.7479 1.59494 1.00936 0.00802549 0.00015452
2.77311 1.59494 1.00901 0.0071158 0.000198059
2.79832 1.59494 1.00871 0.00623103 0.000233308
2.82353 1.59494 1.00846 0.00536995 0.000258903
2.84874 1.59494 1.00826 0.00453165 0.000273226
2.87395 1.59494 1.00811 0.00371568 0.000274398
2.89916 1.59494 1.00801 0.0029221 0.000260271
2.92437 1.59494 1.00796 0.00215167 0.00022845
2.94958 1.59494 1.00797 0.00140597 0.000176327
2.97479 1.59494 1.00802 0.000687447 0.000101131
3 1.59494 1.00814 0 0

0 1.62025 1.21838 0 0
0.0252101 1.62025 1.22 -0.00277266 0.00777071
0.0504202 1.62025 1.22154 -0.0051244 0.0152902
0.0756303 1.62025 1.22312 -0.00703207 0.022526
0.10084 1.62025 1.22469 -0.00846935 0.0294543
0.12605 1.62025 1.22625 -0.00941704 0.036058
0.151261 1.62025 1.22778 -0.00986031 0.0423254
0.176471 1.62025 1.22928 -0.00979176 0.0482475
0.201681 1.62025 1.23072 -0.00921077 0.0538175
0.226891 1.62025 1.23208 -0.00812362 0.0590293
0.252101 1.62025 1.23335 -0.00654289 0.0638772
0.277311 1.62025 1.23451 -0.00448666 0.0683556
0.302521 1.62025 1.23553 -0.00197779 0.0724587
0.327731 1.62025 1.2364 0.000956987 0.076181
0.352941 1.62025 1.2371 0.00428781 0.0795172
0.378151 1.62025 1.23762 0.00798239 0.0824624
0.403361 1.62025 1.23794 0.0120066 0.0850123
0.428571 1.62025 1.23805 0.0163251 0.0871633
0.453782 1.62025 1.23794 0.0209015 0.0889128
0.478992 1.62025 1.2376 0.0256989 0.0902593
0.504202 1.62025 1.23702 0.0306798 0.0912023
0.529412 1.62025 1.2362 0.0358068 0.0917428
0.554622 1.62025 1.23513 0.041042 0.0918834
0.579832 1.62025 1.2338 0.0463478 0.0916279
0.605042 1.62025 1.23222 0.0516864 0.0909824
0.630252 1.62025 1.23039 0.0570202 0.0899549
0.655462 1.62025 1.2283 0.0623118 0.0885553
0.680672 1.62025 1.22597 0.0675241 0.0867965
0.705882 1.62025 1.2234 0.0726207 0.0846937
0.731092 1.62025 1.2206 0.0775658 0.0822654
0.756303 1.62025 1.21757 0.0823247 0.0795325
0.781513 1.62025 1.21434 0.0868644 0.0765199
0.806723 1.62025 1.2109 0.0911535 0.0732548
0.831933 1.62025 1.20729 0.0951633 0.0697682
0.857143 1.62025 1.2035 0.0988678 0.0660936
0.882353 1.62025 1.19957 0.102245 0.0622671
0.907563 1.62025 1.1955 0.105276 0.0583269
0.932773 1.62025 1.19133 0.107946 0.0543123
0.957983 1.62025 1.18706 0.110248 0.0502635
0.983193 1.62025 1.18272 0.112175 0.0462203
1.0084 1.62025 1.17833 0.11373 0.0422213
1.03361 1.62025 1.17391 0.114918 0.0383031
1.05882 1.62025 1.16946 0.115748 0.0344994
1.08403 1.62025 1.16502 0.116235 0.0308403
1.10924 1.62025 1.1606 0.116397 0.0273515
1.13445 1.62025 1.1562 0.116253 0.0240542
1.15966 1.62025 1.15185 0.115827 0.0209649
1.18487 1.62025 1.14754 0.115143 0.0180953
1.21008 1.62025 1.1433 0.114224 0.0154522
1.23529 1.62025 1.13912 0.113095 0.0130386
1.2605 1.62025 1.13501 0.11178 0.0108531
1.28571 1.62025 1.13097 0.110302 0.00889125
1.31092 1.62025 1.12701 0.108682 0.00714565
1.33613 1.62025 1.12312 0.106941 0.00560655
1.36134 1.62025 1.11932 0.105097 0.00426242
1.38655 1.62025 1.11559 0.103168 0.0031004
1.41176 1.62025 1.11194 0.101167 0.00210674
1.43697 1.62025 1.10837 0.0991085 0.00126723
1.46218 1.62025 1.10487 0.0970043 0.000567453
1.48739 1.62025 1.10145 0.0948646 -6.85369e-06
1.51261 1.62025 1.0981 0.0926982 -0.000469627
1.53782 1.62025 1.09481 0.0905128 -0.000834282
1.56303 1.62025 1.0916 0.0883148 -0.00111357
1.58824 1.62025 1.08845 0.0861097 -0.0013195
1.61345 1.62025 1.08536 0.083902 -0.00146323
1.63866 1.62025 1.08234 0.0816955 -0.00155505
1.66387 1.62025 1.07937 0.0794934 -0.00160437
1.68908 1.62025 1.07647 0.0772981 -0.00161965
1.71429 1.62025 1.07362 0.0751116 -0.00160848
1.7395 1.62025 1.07083 0.0729357 -0.00157753
1.76471 1.62025 1.0681 0.0707717 -0.00153258
1.78992 1.62025 1.06542 0.0686206 -0.00147858
1.81513 1.62025 1.0628 0.0664833 -0.00141961
1.84034 1.62025 1.06023 0.0643606 -0.00135899
1.86555 1.62025 1.05772 0.0622533 -0.00129925
1.89076 1.62025 1.05527 0.060162 -0.00124224
1.91597 1.62025 1.05287 0.0580877 -0.00118914
1.94118 1.62025 1.05053 0.0560311 -0.00114053
1.96639 1.62025 1.04825 0.0539935 -0.00109651
1.9916 1.62025 1.04604 0.0519759 -0.00105673
2.01681 1.62025 1.04388 0.0499799 -0.00102052
2.04202 1.62025 1.04179 0.0480071 -0.000986969
2.06723 1.62025 1.03977 0.0460594 -0.000955052
2.09244 1.62025 1.0378 0.0441386 -0.000923687
2.11765 1.62025 1.03591 0.042247 -0.000891833
2.14286 1.62025 1.03408 0.0403868 -0.000858556
2.16807 1.62025 1.03233 0.03856 -0.000823076
2.19328 1.62025 1.03063 0.0367688 -0.000784797
2.21849 1.62025 1.02901 0.0350153 -0.000743319
2.2437 1.62025 1.02746 0.0333012 -0.00069844
2.26891 1.62025 1.02597 0.0316282 -0.000650138
2.29412 1.62025 1.02456 0.0299977 -0.000598549
2.31933 1.62025 1.0232 0.0284108 -0.000543944
2.34454 1.62025 1.02192 0.0268683 -0.000486691
2.36975 1.62025 1.0207 0.0253707 -0.000427232
2.39496 1.62025 1.01954 0.0239184 -0.000366054
2.42017 1.62025 1.01844 0.0225113 -0.000303662
2.44538 1.62025 1.01741 0.021149 -0.000240565
2.47059 1.62025 1.01643 0.019831 -0.00017726
2.4958 1.62025 1.01551 0.0185566 -0.000114221
2.52101 1.62025 1.01465 0.0173246 -5.19011e-05
2.54622 1.62025 1.01385 0.0161338 9.26848e-06
2.57143 1.62025 1.0131 0.014983 6.887e-05
2.59664 1.62025 1.0124 0.0138704 0.000126486
2.62185 1.62025 1.01175 0.0127946 0.000181681
2.64706 1.62025 1.01116 0.0117536 0.000233979
2.67227 1.62025 1.01062 0.0107458 0.000282837
2.69748 1.62025 1.01012 0.0097692 0.000327608
2.72269 1.62025 1.00968 0.00882199 0.000367507
2.7479 1.62025 1.00928 0.00790235 0.00040157
2.77311 1.62025 1.00893 0.00700859 0.000428608
2.79832 1.62025 1.00863 0.00613913 0.000447163
2.82353 1.62025 1.00837 0.00529269 0.000455464
2.84874 1.62025 1.00817 0.00446826 0.000451388
2.87395 1.62025 1.00801 0.0036653 0.000432432
2.89916 1.62025 1.00791 0.00288381 0.000395696
2.92437 1.62025 1.00785 0.00212448 0.000337888
2.94958 1.62025 1.00785 0.00138884 0.000255355
2.97479 1.62025 1.0079 0.000679359 0.00014413
3 1.62025 1.00802 0 0

0 1.64557 1.21747 0 0
0.0252101 1.64557 1.21903 -0.00284644 0.00739727
0.0504202 1.64557 1.22055 -0.00528402 0.0145161
0.0756303 1.64557 1.22212 -0.00728474 0.021324
0.10084 1.64557 1.2237 -0.00881946 0.0277997
0.12605 1.64557 1.22529 -0.00986703 0.0339312
0.151261 1.64557 1.22686 -0.0104118 0.0397132
0.176471 1.64557 1.22841 -0.0104464 0.045144
0.201681 1.64557 1.2299 -0.0099706 0.0502237
0.226891 1.64557 1.23131 -0.00899142 0.0549531
0.252101 1.64557 1.23264 -0.00752203 0.0593328
0.277311 1.64557 1.23385 -0.00558106 0.0633625
0.302521 1.64557 1.23492 -0.00319166 0.0670413
0.327731 1.64557 1.23585 -0.000380647 0.0703676
0.352941 1.64557 1.2366 0.00282223 0.0733391
0.378151 1.64557 1.23717 0.00638499 0.0759535
0.403361 1.64557 1.23755 0.0102739 0.0782085
0.428571 1.64557 1.23771 0.0144541 0.080102
0.453782 1.64557 1.23765 0.0188897 0.0816326
0.478992 1.64557 1.23736 0.0235444 0.0827995
0.504202 1.64557 1.23684 0.0283814 0.0836028
0.529412 1.64557 1.23606 0.0333637 0.0840438
0.554622 1.64557 1.23504 0.0384543 0.0841253
0.579832 1.64557 1.23377 0.0436161 0.0838512
0.605042 1.64557 1.23225 0.0488123 0.0832273
0.630252 1.64557 1.23047 0.0540062 0.0822613
0.655462 1.64557 1.22844 0.0591613 0.0809627
0.680672 1.64557 1.22617 0.0642418 0.0793437
0.705882 1.64557 1.22366 0.0692126 0.0774183
0.731092 1.64557 1.22093 0.0740393 0.0752035
0.756303 1.64557 1.21796 0.0786889 0.0727189
0.781513 1.64557 1.21479 0.08313 0.0699868
0.806723 1.64557 1.21143 0.087333 0.0670322
0.831933 1.64557 1.20788 0.0912708 0.0638826
0.857143 1.64557 1.20416 0.0949191 0.0605681
0.882353 1.64557 1.20029 0.0982569 0.0571206
0.907563 1.64557 1.19629 0.101267 0.0535739
0.932773 1.64557 1.19218 0.103936 0.0499627
0.957983 1.64557 1.18797 0.106255 0.046322
0.983193 1.64557 1.18368 0.108219 0.0426867
1.0084 1.64557 1.17934 0.109828 0.0390905
1.03361 1.64557 1.17495 0.111088 0.0355654
1.05882 1.64557 1.17055 0.112005 0.0321408
1.08403 1.64557 1.16613 0.112593 0.0288433
1.10924 1.64557 1.16172 0.112866 0.0256956
1.13445 1.64557 1.15733 0.112843 0.0227166
1.15966 1.64557 1.15298 0.112543 0.0199212
1.18487 1.64557 1.14867 0.111988 0.0173202
1.21008 1.64557 1.1444 0.111201 0.0149204
1.23529 1.64557 1.1402 0.110202 0.0127248
1.2605 1.64557 1.13606 0.109015 0.010733
1.28571 1.64557 1.13199 0.107661 0.00894158
1.31092 1.64557 1.12799 0.10616 0.00734463
1.33613 1.64557 1.12406 0.104533 0.00593398
1.36134 1.64557 1.12021 0.102795 0.00469981
1.38655 1.64557 1.11644 0.100965 0.003631
1.41176 1.64557 1.11274 0.0990576 0.00271554
1.43697 1.64557 1.10912 0.0970854 0.00194086
1.46218 1.64557 1.10557 0.0950608 0.00129417
1.48739 1.64557 1.1021 0.0929943 0.000762675
1.51261 1.64557 1.0987 0.0908952 0.000333798
1.53782 1.64557 1.09536 0.0887716 -4.62302e-06
1.56303 1.64557 1.0921 0.0866305 -0.00026422
1.58824 1.64557 1.08891 0.0844777 -0.000455985
1.61345 1.64557 1.08578 0.0823182 -0.000590189
1.63866 1.64557 1.08271 0.0801564 -0.000676337
1.66387 1.64557 1.07971 0.0779959 -0.000723129
1.68908 1.64557 1.07676 0.0758394 -0.000738444
1.71429 1.64557 1.07388 0.0736896 -0.000729334
1.7395 1.64557 1.07106 0.0715485 -0.000702028
1.76471 1.64557 1.0683 0.0694178 -0.000661945
1.78992 1.64557 1.06559 0.0672988 -0.000613714
1.81513 1.64557 1.06294 0.0651928 -0.000561198
1.84034 1.64557 1.06035 0.063101 -0.000507525
1.86555 1.64557 1.05782 0.0610243 -0.000455128
1.89076 1.64557 1.05535 0.0589637 -0.000405785
1.91597 1.64557 1.05294 0.0569203 -0.000360679
1.94118 1.64557 1.05058 0.0548951 -0.000320452
1.96639 1.64557 1.04829 0.0528894 -0.00028528
1.9916 1.64557 1.04606 0.0509044 -0.000254944
2.01681 1.64557 1.0439 0.0489418 -0.000228918
2.04202 1.64557 1.0418 0.047003 -0.000206449
2.06723 1.64557 1.03976 0.04509 -0.000186645
2.09244 1.64557 1.0378 0.0432046 -0.00016855
2.11765 1.64557 1.0359 0.0413488 -0.000151217
2.14286 1.64557 1.03406 0.0395246 -0.000133765
2.16807 1.64557 1.0323 0.0377341 -0.000115424
2.19328 1.64557 1.0306 0.0359791 -9.55636e-05
2.21849 1.64557 1.02898 0.0342615 -7.37102e-05
2.2437 1.64557 1.02742 0.0325831 -4.95489e-05
2.26891 1.64557 1.02593 0.0309452 -2.29171e-05
2.29412 1.64557 1.02451 0.0293492 6.211e-06
2.31933 1.64557 1.02315 0.0277961 3.77441e-05
2.34454 1.64557 1.02186 0.0262866 7.14964e-05
2.36975 1.64557 1.02064 0.0248213 0.000107211
2.39496 1.64557 1.01947 0.0234003 0.00014458
2.42017 1.64557 1.01837 0.0220236 0.000183267
2.44538 1.64557 1.01734 0.0206909 0.000222918
2.47059 1.64557 1.01636 0.0194016 0.000263177
2.4958 1.64557 1.01544 0.0181551 0.00030369
2.52101 1.64557 1.01457 0.0169502 0.000344108
2.54622 1.64557 1.01377 0.0157858 0.00038408
2.57143 1.64557 1.01301 0.0146606 0.000423252
2.59664 1.64557 1.01231 0.013573 0.000461244
2.62185 1.64557 1.01167 0.0125215 0.000497637
2.64706 1.64557 1.01107 0.0115043 0.000531944
2.67227 1.64557 1.01052 0.0105196 0.000563581
2.69748 1.64557 1.01003 0.00956552 0.000591828
2.72269 1.64557 1.00958 0.00864025 0.000615783
2.7479 1.64557 1.00917 0.00774191 0.000634317
2.77311 1.64557 1.00882 0.00686876 0.000646013
2.79832 1.64557 1.00852 0.00601916 0.00064911
2.82353 1.64557 1.00826 0.00519173 0.000641446
2.84874 1.64557 1.00805 0.00438537 0.000620393
2.87395 1.64557 1.00789 0.0035994 0.00058282
2.89916 1.64557 1.00777 0.00283372 0.000525053
2.92437 1.64557 1.00771 0.00208893 0.00044287
2.94958 1.64557 1.00771 0.00136649 0.00033152
2.97479 1.64557 1.00776 0.000668839 0.000185775
3 1.64557 1.00787 0 0

0 1.67089 1.21647 0 0
0.0252101 1.67089 1.21795 -0.00292041 0.00703964
0.0504202 1.67089 1.21945 -0.00544587 0.0137682
0.0756303 1.67089 1.22103 -0.00754149 0.0201546
0.10084 1.67089 1.22263 -0.00917424 0.0261812
0.12605 1.67089 1.22426 -0.0103204 0.0318425
0.151261 1.67089 1.22589 -0.0109634 0.0371407
0.176471 1.67089 1.22749 -0.0110962 0.042082
0.201681 1.67089 1.22905 -0.0107197 0.0466742
0.226891 1.67089 1.23054 -0.00984206 0.0509251
0.252101 1.67089 1.23194 -0.00847775 0.0548414
0.277311 1.67089 1.23322 -0.00664648 0.0584282
0.302521 1.67089 1.23437 -0.00437217 0.0616889
0.327731 1.67089 1.23537 -0.00168211 0.0646256
0.352941 1.67089 1.23619 0.00139383 0.0672391
0.378151 1.67089 1.23683 0.00482376 0.0695293
0.403361 1.67089 1.23726 0.00857433 0.0714957
0.428571 1.67089 1.23749 0.0126111 0.0731376
0.453782 1.67089 1.23749 0.0168989 0.0744547
0.478992 1.67089 1.23726 0.021402 0.0754467
0.504202 1.67089 1.23678 0.0260844 0.0761146
0.529412 1.67089 1.23607 0.03091 0.0764597
0.554622 1.67089 1.2351 0.0358427 0.0764848
0.579832 1.67089 1.23388 0.0408464 0.076194
0.605042 1.67089 1.23241 0.0458851 0.0755927
0.630252 1.67089 1.23068 0.0509232 0.0746881
0.655462 1.67089 1.22871 0.0559257 0.0734892
0.680672 1.67089 1.22649 0.060858 0.0720071
0.705882 1.67089 1.22404 0.0656862 0.0702548
0.731092 1.67089 1.22135 0.0703778 0.0682479
0.756303 1.67089 1.21845 0.0749011 0.0660039
0.781513 1.67089 1.21533 0.0792265 0.0635431
0.806723 1.67089 1.21202 0.083326 0.0608879
0.831933 1.67089 1.20853 0.0871741 0.0580626
0.857143 1.67089 1.20486 0.0907479 0.0550941
0.882353 1.67089 1.20105 0.0940279 0.0520103
0.907563 1.67089 1.1971 0.0969976 0.0488409
0.932773 1.67089 1.19303 0.0996444 0.0456161
0.957983 1.67089 1.18886 0.10196 0.0423667
0.983193 1.67089 1.18462 0.103939 0.0391227
1.0084 1.67089 1.18031 0.105581 0.0359137
1.03361 1.67089 1.17595 0.10689 0.0327673
1.05882 1.67089 1.17156 0.107872 0.0297092
1.08403 1.67089 1.16716 0.108539 0.0267624
1.10924 1.67089 1.16276 0.108903 0.0239471
1.13445 1.67089 1.15837 0.10898 0.0212799
1.15966 1.67089 1.15401 0.108788 0.0187742
1.18487 1.67089 1.14969 0.108346 0.0164396
1.21008 1.67089 1.1454 0.107675 0.0142827
1.23529 1.67089 1.14118 0.106794 0.0123064
1.2605 1.67089 1.13701 0.105725 0.010511
1.28571 1.67089 1.1329 0.104487 0.00889384
1.31092 1.67089 1.12886 0.1031 0.00745019
1.33613 1.67089 1.12489 0.101582 0.0061732
1.36134 1.67089 1.121 0.0999504 0.00505452
1.38655 1.67089 1.11718 0.0982213 0.00408456
1.41176 1.67089 1.11343 0.0964093 0.00325287
1.43697 1.67089 1.10976 0.0945279 0.00254842
1.46218 1.67089 1.10617 0.0925889 0.00195988
1.48739 1.67089 1.10265 0.0906032 0.00147586
1.51261 1.67089 1.0992 0.0885802 0.00108512
1.53782 1.67089 1.09582 0.0865282 0.000776697
1.56303 1.67089 1.09251 0.0844545 0.000540078
1.58824 1.67089 1.08927 0.0823653 0.000365282
1.61345 1.67089 1.0861 0.0802661 0.000242943
1.63866 1.67089 1.083 0.0781615 0.000164371
1.66387 1.67089 1.07996 0.0760554 0.000121584
1.68908 1.67089 1.07698 0.0739511 0.000107337
1.71429 1.67089 1.07406 0.0718513 0.000115129
1.7395 1.67089 1.07121 0.0697585 0.000139204
1.76471 1.67089 1.06841 0.0676747 0.000174545
1.78992 1.67089 1.06568 0.0656015 0.000216857
1.81513 1.67089 1.06301 0.0635405 0.000262545
1.84034 1.67089 1.0604 0.061493 0.000308684
1.86555 1.67089 1.05785 0.0594603 0.000352989
1.89076 1.67089 1.05536 0.0574435 0.000393767
1.91597 1.67089 1.05293 0.0554439 0.000429876
1.94118 1.67089 1.05056 0.0534626 0.000460661
1.96639 1.67089 1.04826 0.0515011 0.0004859
1.9916 1.67089 1.04602 0.0495607 0.00050573
2.01681 1.67089 1.04384 0.047643 0.00052058
2.04202 1.67089 1.04174 0.0457495 0.000531095
2.06723 1.67089 1.0397 0.0438821 0.000538062
2.09244 1.67089 1.03772 0.0420425 0.000542347
2.11765 1.67089 1.03582 0.0402326 0.000544828
2.14286 1.67089 1.03398 0.0384543 0.000546348
2.16807 1.67089 1.03221 0.0367095 0.000547673
2.19328 1.67089 1.03051 0.0349999 0.000549461
2.21849 1.67089 1.02888 0.0333273 0.000552251
2.2437 1.67089 1.02732 0.0316932 0.000556448
2.26891 1.67089 1.02583 0.030099 0.000562335
2.29412 1.67089 1.02441 0.0285457 0.000570074
2.31933 1.67089 1.02305 0.0270345 0.000579722
2.34454 1.67089 1.02176 0.0255659 0.000591252
2.36975 1.67089 1.02053 0.0241403 0.000604565
2.39496 1.67089 1.01937 0.0227581 0.000619508
2.42017 1.67089 1.01827 0.0214191 0.000635892
2.44538 1.67089 1.01723 0.020123 0.000653502
2.47059 1.67089 1.01625 0.0188693 0.000672105
2.4958 1.67089 1.01532 0.0176573 0.000691459
2.52101 1.67089 1.01446 0.016486 0.000711308
2.54622 1.67089 1.01365 0.0153542 0.000731382
2.57143 1.67089 1.0129 0.0142607 0.000751384
2.59664 1.67089 1.0122 0.0132041 0.000770979
2.62185 1.67089 1.01155 0.0121827 0.000789768
2.64706 1.67089 1.01095 0.0111948 0.000807264
2.67227 1.67089 1.0104 0.0102386 0.000822855
2.69748 1.67089 1.0099 0.00931243 0.000835764
2.72269 1.67089 1.00945 0.00841425 0.000844994
2.7479 1.67089 1.00905 0.00754225 0.000849271
2.77311 1.67089 1.00869 0.00669461 0.000846976
2.79832 1.67089 1.00838 0.00586963 0.000836068
2.82353 1.67089 1.00812 0.00506581 0.000814009
2.84874 1.67089 1.0079 0.00428192 0.000777684
2.87395 1.67089 1.00773 0.00351715 0.000723329
2.89916 1.67089 1.00761 0.00277123 0.000646483
2.92437 1.67089 1.00755 0.00204462 0.000541955
2.94958 1.67089 1.00753 0.00133868 0.00040384
2.97479 1.67089 1.00757 0.000655789 0.00022557
3 1.67089 1.00768 0 0

0 1.6962 1.21535 0 0
0.0252101 1.6962 1.21675 -0.00299473 0.00670066
0.0504202 1.6962 1.21822 -0.00560979 0.01305
0.0756303 1.6962 1.21981 -0.00780095 0.0190202
0.10084 1.6962 1.22145 -0.00953044 0.0245991
0.12605 1.6962 1.22314 -0.0107714 0.02979
0.151261 1.6962 1.22485 -0.0115069 0.0346041
0.176471 1.6962 1.22654 -0.0117308 0.0390565
0.201681 1.6962 1.2282 -0.0114456 0.0431633
0.226891 1.6962 1.22978 -0.0106615 0.0469395
0.252101 1.6962 1.23127 -0.00939503 0.0503978
0.277311 1.6962 1.23265 -0.00766744 0.0535484
0.302521 1.6962 1.23389 -0.00550387 0.0563989
0.327731 1.6962 1.23497 -0.00293235 0.0589544
0.352941 1.6962 1.23587 1.69056e-05 0.0612186
0.378151 1.6962 1.23658 0.00331204 0.0631932
0.403361 1.6962 1.23709 0.00692004 0.0648795
0.428571 1.6962 1.23739 0.010807 0.0662779
0.453782 1.6962 1.23745 0.0149385 0.0673888
0.478992 1.6962 1.23728 0.0192798 0.0682129
0.504202 1.6962 1.23687 0.0237957 0.0687511
0.529412 1.6962 1.23621 0.0284512 0.0690053
0.554622 1.6962 1.23529 0.0332112 0.0689781
0.579832 1.6962 1.23413 0.0380408 0.0686734
0.605042 1.6962 1.23271 0.0429053 0.0680963
0.630252 1.6962 1.23103 0.0477705 0.0672535
0.655462 1.6962 1.22911 0.0526025 0.0661533
0.680672 1.6962 1.22694 0.0573684 0.0648056
0.705882 1.6962 1.22453 0.0620357 0.0632223
0.731092 1.6962 1.22189 0.0665735 0.0614174
0.756303 1.6962 1.21903 0.0709518 0.0594067
0.781513 1.6962 1.21596 0.0751425 0.0572081
0.806723 1.6962 1.21269 0.0791193 0.0548413
0.831933 1.6962 1.20924 0.0828583 0.0523281
0.857143 1.6962 1.20561 0.086338 0.0496916
0.882353 1.6962 1.20184 0.0895399 0.0469566
0.907563 1.6962 1.19792 0.0924487 0.0441486
0.932773 1.6962 1.19389 0.0950524 0.041294
0.957983 1.6962 1.18975 0.0973426 0.0384192
0.983193 1.6962 1.18553 0.0993148 0.0355504
1.0084 1.6962 1.18124 0.100968 0.0327129
1.03361 1.6962 1.1769 0.102304 0.0299306
1.05882 1.6962 1.17252 0.10333 0.0272257
1.08403 1.6962 1.16813 0.104054 0.0246181
1.10924 1.6962 1.16372 0.104487 0.0221254
1.13445 1.6962 1.15933 0.104645 0.0197621
1.15966 1.6962 1.15495 0.104543 0.0175399
1.18487 1.6962 1.15061 0.104198 0.0154676
1.21008 1.6962 1.1463 0.103629 0.013551
1.23529 1.6962 1.14205 0.102854 0.0117931
1.2605 1.6962 1.13784 0.101893 0.0101944
1.28571 1.6962 1.1337 0.100763 0.00875297
1.31092 1.6962 1.12962 0.0994843 0.00746493
1.33613 1.6962 1.12561 0.0980729 0.00632456
1.36134 1.6962 1.12167 0.0965458 0.00532477
1.38655 1.6962 1.11781 0.0949184 0.00445732
1.41176 1.6962 1.11402 0.093205 0.00371316
1.43697 1.6962 1.1103 0.0914187 0.00308266
1.46218 1.6962 1.10666 0.0895714 0.00255587
1.48739 1.6962 1.10309 0.0876737 0.00212272
1.51261 1.6962 1.0996 0.0857353 0.00177321
1.53782 1.6962 1.09618 0.0837646 0.00149759
1.56303 1.6962 1.09283 0.0817689 0.00128641
1.58824 1.6962 1.08955 0.0797549 0.00113071
1.61345 1.6962 1.08633 0.077728 0.00102203
1.63866 1.6962 1.08319 0.0756932 0.000952504
1.66387 1.6962 1.08011 0.0736546 0.000914883
1.68908 1.6962 1.0771 0.0716157 0.000902576
1.71429 1.6962 1.07415 0.0695797 0.000909656
1.7395 1.6962 1.07127 0.0675491 0.000930866
1.76471 1.6962 1.06845 0.0655261 0.000961613
1.78992 1.6962 1.06569 0.0635127 0.000997959
1.81513 1.6962 1.063 0.0615106 0.0010366
1.84034 1.6962 1.06036 0.0595213 0.00107485
1.86555 1.6962 1.05779 0.0575462 0.00111059
1.89076 1.6962 1.05529 0.0555868 0.00114224
1.91597 1.6962 1.05284 0.0536443 0.00116873
1.94118 1.6962 1.05046 0.0517201 0.00118943
1.96639 1.6962 1.04815 0.0498155 0.0012041
1.9916 1.6962 1.0459 0.0479321 0.00121284
2.01681 1.6962 1.04372 0.0460714 0.00121601
2.04202 1.6962 1.0416 0.0442349 0.00121418
2.06723 1.6962 1.03956 0.0424245 0.00120807
2.09244 1.6962 1.03758 0.0406417 0.00119848
2.11765 1.6962 1.03567 0.0388884 0.00118623
2.14286 1.6962 1.03383 0.0371664 0.00117214
2.16807 1.6962 1.03206 0.0354773 0.00115698
2.19328 1.6962 1.03036 0.0338229 0.00114143
2.21849 1.6962 1.02873 0.0322047 0.00112607
2.2437 1.6962 1.02717 0.0306241 0.00111139
2.26891 1.6962 1.02568 0.0290824 0.00109778
2.29412 1.6962 1.02425 0.0275806 0.00108549
2.31933 1.6962 1.02289 0.0261196 0.00107473
2.34454 1.6962 1.0216 0.0247001 0.00106559
2.36975 1.6962 1.02038 0.0233224 0.0010581
2.39496 1.6962 1.01921 0.0219867 0.00105225
2.42017 1.6962 1.01811 0.0206929 0.00104798
2.44538 1.6962 1.01707 0.0194407 0.00104519
2.47059 1.6962 1.0161 0.0182297 0.00104376
2.4958 1.6962 1.01518 0.0170591 0.00104354
2.52101 1.6962 1.01431 0.0159281 0.00104437
2.54622 1.6962 1.0135 0.0148355 0.00104605
2.57143 1.6962 1.01275 0.01378 0.00104834
2.59664 1.6962 1.01205 0.0127604 0.00105095
2.62185 1.6962 1.0114 0.011775 0.00105352
2.64706 1.6962 1.0108 0.0108222 0.00105555
2.67227 1.6962 1.01025 0.00990029 0.00105644
2.69748 1.6962 1.00975 0.00900741 0.00105536
2.72269 1.6962 1.0093 0.0081417 0.00105125
2.7479 1.6962 1.00889 0.00730127 0.00104272
2.77311 1.6962 1.00853 0.00648426 0.00102797
2.79832 1.6962 1.00822 0.00568888 0.00100471
2.82353 1.6962 1.00795 0.0049135 0.000970071
2.84874 1.6962 1.00773 0.00415675 0.000920462
2.87395 1.6962 1.00755 0.00341762 0.000851501
2.89916 1.6962 1.00743 0.00269565 0.000757926
2.92437 1.6962 1.00735 0.00199109 0.00063354
2.94958 1.6962 1.00733 0.00130515 0.000471217
2.97479 1.6962 1.00736 0.0006401 0.00026296
3 1.6962 1.00746 0 0

0 1.72152 1.21407 0 0
0.0252101 1.72152 1.21537 -0.00306957 0.00638288
0.0504202 1.72152 1.21683 -0.00577524 0.0123637
0.0756303 1.72152 1.21844 -0.00806072 0.0179211
0.10084 1.72152 1.22015 -0.00988283 0.0230514
0.12605 1.72152 1.22193 -0.0112116 0.0277693
0.151261 1.72152 1.22374 -0.0120304 0.032097
0.176471 1.72152 1.22555 -0.0123348 0.03606
0.201681 1.72152 1.22732 -0.0121302 0.0396834
0.226891 1.72152 1.22903 -0.0114299 0.0429892
0.252101 1.72152 1.23064 -0.0102528 0.0459962
0.277311 1.72152 1.23213 -0.00862239 0.0487191
0.302521 1.72152 1.23347 -0.00656542 0.0511691
0.327731 1.72152 1.23465 -0.0041108 0.0533543
0.352941 1.72152 1.23565 -0.00128917 0.0552802
0.378151 1.72152 1.23645 0.00186768 0.0569505
0.403361 1.72152 1.23705 0.00532715 0.0583674
0.428571 1.72152 1.23742 0.00905605 0.0595326
0.453782 1.72152 1.23755 0.0130209 0.0604469
0.478992 1.72152 1.23745 0.0171878 0.0611115
0.504202 1.72152 1.2371 0.021523 0.0615277
0.529412 1.72152 1.2365 0.0259927 0.0616972
0.554622 1.72152 1.23564 0.0305631 0.0616229
0.579832 1.72152 1.23452 0.0352006 0.0613081
0.605042 1.72152 1.23315 0.0398721 0.0607577
0.630252 1.72152 1.23152 0.0445448 0.0599776
0.655462 1.72152 1.22964 0.0491864 0.0589754
0.680672 1.72152 1.22751 0.0537654 0.0577599
0.705882 1.72152 1.22514 0.0582513 0.0563418
0.731092 1.72152 1.22253 0.0626144 0.0547333
0.756303 1.72152 1.21971 0.0668268 0.0529484
0.781513 1.72152 1.21667 0.0708618 0.0510027
0.806723 1.72152 1.21343 0.0746949 0.0489137
0.831933 1.72152 1.21001 0.0783034 0.0467001
0.857143 1.72152 1.20641 0.0816675 0.0443821
0.882353 1.72152 1.20266 0.0847697 0.041981
0.907563 1.72152 1.19877 0.0875956 0.0395188
0.932773 1.72152 1.19476 0.0901341 0.0370181
0.957983 1.72152 1.19064 0.092377 0.0345016
0.983193 1.72152 1.18643 0.0943198 0.0319916
1.0084 1.72152 1.18214 0.0959611 0.0295097
1.03361 1.72152 1.17781 0.0973029 0.0270765
1.05882 1.72152 1.17343 0.0983501 0.024711
1.08403 1.72152 1.16902 0.0991105 0.0224301
1.10924 1.72152 1.16461 0.0995945 0.0202489
1.13445 1.72152 1.1602 0.0998146 0.01818
1.15966 1.72152 1.1558 0.099785 0.0162336
1.18487 1.72152 1.15143 0.0995216 0.0144174
1.21008 1.72152 1.1471 0.0990409 0.0127366
1.23529 1.72152 1.14281 0.0983601 0.0111939
1.2605 1.72152 1.13857 0.0974969 0.00979
1.28571 1.72152 1.13439 0.0964686 0.00852347
1.31092 1.72152 1.13027 0.0952922 0.0073911
1.33613 1.72152 1.12622 0.0939843 0.00638813
1.36134 1.72152 1.12224 0.0925606 0.00550855
1.38655 1.72152 1.11833 0.0910358 0.00474533
1.41176 1.72152 1.11449 0.0894236 0.00409066
1.43697 1.72152 1.11073 0.087737 0.00353619
1.46218 1.72152 1.10704 0.0859873 0.00307325
1.48739 1.72152 1.10343 0.0841852 0.00269302
1.51261 1.72152 1.09989 0.0823401 0.00238671
1.53782 1.72152 1.09643 0.0804604 0.00214567
1.56303 1.72152 1.09303 0.0785535 0.00196155
1.58824 1.72152 1.08971 0.0766261 0.00182635
1.61345 1.72152 1.08647 0.0746839 0.00173253
1.63866 1.72152 1.08329 0.0727317 0.00167305
1.66387 1.72152 1.08017 0.070774 0.0016414
1.68908 1.72152 1.07713 0.0688143 0.00163165
1.71429 1.72152 1.07415 0.066856 0.00163847
1.7395 1.72152 1.07124 0.0649018 0.00165711
1.76471 1.72152 1.06839 0.062954 0.00168342
1.78992 1.72152 1.06561 0.0610147 0.00171384
1.81513 1.72152 1.0629 0.0590859 0.00174538
1.84034 1.72152 1.06024 0.0571691 0.00177559
1.86555 1.72152 1.05766 0.055266 0.00180256
1.89076 1.72152 1.05513 0.0533779 0.00182485
1.91597 1.72152 1.05268 0.0515063 0.00184147
1.94118 1.72152 1.05029 0.0496526 0.00185185
1.96639 1.72152 1.04796 0.0478183 0.00185576
1.9916 1.72152 1.04571 0.0460049 0.00185329
2.01681 1.72152 1.04352 0.0442138 0.00184475
2.04202 1.72152 1.0414 0.0424466 0.00183069
2.06723 1.72152 1.03935 0.0407051 0.00181175
2.09244 1.72152 1.03737 0.0389907 0.00178868
2.11765 1.72152 1.03546 0.0373053 0.0017623
2.14286 1.72152 1.03362 0.0356504 0.00173337
2.16807 1.72152 1.03185 0.0340277 0.00170268
2.19328 1.72152 1.03015 0.0324387 0.00167091
2.21849 1.72152 1.02852 0.0308849 0.00163871
2.2437 1.72152 1.02696 0.0293675 0.00160661
2.26891 1.72152 1.02547 0.0278877 0.00157507
2.29412 1.72152 1.02404 0.0264465 0.00154446
2.31933 1.72152 1.02269 0.0250447 0.00151507
2.34454 1.72152 1.0214 0.0236828 0.0014871
2.36975 1.72152 1.02018 0.0223613 0.0014607
2.39496 1.72152 1.01902 0.0210802 0.00143598
2.42017 1.72152 1.01792 0.0198395 0.00141296
2.44538 1.72152 1.01688 0.018639 0.00139167
2.47059 1.72152 1.01591 0.017478 0.00137207
2.4958 1.72152 1.01499 0.0163561 0.00135411
2.52101 1.72152 1.01413 0.0152722 0.0013377
2.54622 1.72152 1.01332 0.0142255 0.00132271
2.57143 1.72152 1.01257 0.0132146 0.00130895
2.59664 1.72152 1.01187 0.0122383 0.0012962
2.62185 1.72152 1.01123 0.0112951 0.0012841
2.64706 1.72152 1.01063 0.0103835 0.00127221
2.67227 1.72152 1.01008 0.00950158 0.0012599
2.69748 1.72152 1.00958 0.00864773 0.00124635
2.72269 1.72152 1.00912 0.00782005 0.00123043
2.7479 1.72152 1.00872 0.00701664 0.00121069
2.77311 1.72152 1.00835 0.00623558 0.00118519
2.79832 1.72152 1.00803 0.00547502 0.00115145
2.82353 1.72152 1.00776 0.00473318 0.00110627
2.84874 1.72152 1.00753 0.00400849 0.00104565
2.87395 1.72152 1.00735 0.00329974 0.000964607
2.89916 1.72152 1.00722 0.00260618 0.000857075
2.92437 1.72152 1.00713 0.00192781 0.00071582
2.94958 1.72152 1.0071 0.0012656 0.000532418
2.97479 1.72152 1.00712 0.000621653 0.000297322
3 1.72152 1.0072 0 0

0 1.74684 1.21258 0 0
0.0252101 1.74684 1.21377 -0.00314498 0.00608833
0.0504202 1.74684 1.21525 -0.00594109 0.0117101
0.0756303 1.74684 1.2169 -0.00831669 0.016855
0.10084 1.74684 1.2187 -0.0102231 0.0215323
0.12605 1.74684 1.22061 -0.0116278 0.0257717
0.151261 1.74684 1.22256 -0.0125159 0.029609
0.176471 1.74684 1.22452 -0.0128863 0.0330817
0.201681 1.74684 1.22644 -0.0127486 0.036224
0.226891 1.74684 1.22829 -0.0121199 0.0390653
0.252101 1.74684 1.23004 -0.0110226 0.0416298
0.277311 1.74684 1.23166 -0.00948287 0.0439361
0.302521 1.74684 1.23313 -0.00752898 0.0459983
0.327731 1.74684 1.23443 -0.00519093 0.0478267
0.352941 1.74684 1.23554 -0.00249967 0.0494284
0.378151 1.74684 1.23644 0.000513213 0.0508082
0.403361 1.74684 1.23713 0.00381572 0.0519693
0.428571 1.74684 1.23758 0.0073756 0.0529138
0.453782 1.74684 1.2378 0.0111605 0.0536432
0.478992 1.74684 1.23777 0.0151379 0.0541588
0.504202 1.74684 1.23748 0.0192754 0.0544621
0.529412 1.74684 1.23694 0.0235407 0.0545549
0.554622 1.74684 1.23613 0.0279016 0.0544397
0.579832 1.74684 1.23507 0.0323262 0.0541196
0.605042 1.74684 1.23374 0.036783 0.053599
0.630252 1.74684 1.23215 0.0412408 0.0528832
0.655462 1.74684 1.23031 0.0456692 0.0519786
0.680672 1.74684 1.22821 0.0500383 0.0508933
0.705882 1.74684 1.22587 0.0543193 0.0496363
0.731092 1.74684 1.2233 0.0584844 0.0482185
0.756303 1.74684 1.2205 0.0625074 0.046652
0.781513 1.74684 1.21748 0.0663633 0.0449502
0.806723 1.74684 1.21426 0.0700291 0.043128
0.831933 1.74684 1.21085 0.0734839 0.0412017
0.857143 1.74684 1.20727 0.0767089 0.0391884
0.882353 1.74684 1.20353 0.079688 0.0371063
0.907563 1.74684 1.19965 0.0824078 0.0349741
0.932773 1.74684 1.19564 0.0848578 0.0328109
0.957983 1.74684 1.19152 0.0870303 0.030636
0.983193 1.74684 1.18731 0.0889209 0.0284682
1.0084 1.74684 1.18302 0.0905281 0.0263258
1.03361 1.74684 1.17867 0.0918532 0.0242261
1.05882 1.74684 1.17428 0.0929007 0.0221851
1.08403 1.74684 1.16986 0.0936772 0.0202172
1.10924 1.74684 1.16543 0.094192 0.0183352
1.13445 1.74684 1.16099 0.0944562 0.0165498
1.15966 1.74684 1.15657 0.0944828 0.0148697
1.18487 1.74684 1.15217 0.094286 0.0133016
1.21008 1.74684 1.1478 0.0938808 0.0118498
1.23529 1.74684 1.14347 0.0932833 0.010517
1.2605 1.74684 1.13919 0.0925094 0.00930381
1.28571 1.74684 1.13497 0.0915754 0.0082091
1.31092 1.74684 1.13081 0.0904971 0.00723028
1.33613 1.74684 1.12671 0.0892901 0.00636337
1.36134 1.74684 1.12268 0.0879691 0.0056033
1.38655 1.74684 1.11873 0.0865482 0.0049441
1.41176 1.74684 1.11485 0.0850405 0.0043791
1.43697 1.74684 1.11104 0.0834582 0.00390111
1.46218 1.74684 1.10731 0.0818125 0.00350266
1.48739 1.74684 1.10365 0.0801137 0.00317608
1.51261 1.74684 1.10007 0.0783708 0.00291372
1.53782 1.74684 1.09657 0.0765923 0.00270804
1.56303 1.74684 1.09314 0.0747853 0.00255171
1.58824 1.74684 1.08978 0.0729565 0.00243769
1.61345 1.74684 1.08649 0.0711114 0.00235933
1.63866 1.74684 1.08328 0.0692552 0.00231041
1.66387 1.74684 1.08014 0.0673921 0.00228516
1.68908 1.74684 1.07706 0.0655258 0.00227833
1.71429 1.74684 1.07406 0.0636596 0.00228517
1.7395 1.74684 1.07112 0.0617964 0.00230146
1.76471 1.74684 1.06825 0.0599387 0.00232349
1.78992 1.74684 1.06544 0.0580885 0.0023481
1.81513 1.74684 1.06271 0.0562478 0.00237262
1.84034 1.74684 1.06004 0.0544184 0.00239487
1.86555 1.74684 1.05743 0.0526018 0.00241314
1.89076 1.74684 1.0549 0.0507996 0.00242615
1.91597 1.74684 1.05243 0.0490133 0.00243303
1.94118 1.74684 1.05003 0.0472444 0.00243326
1.96639 1.74684 1.0477 0.0454941 0.00242666
1.9916 1.74684 1.04544 0.0437642 0.00241331
2.01681 1.74684 1.04324 0.0420559 0.00239353
2.04202 1.74684 1.04112 0.040371 0.00236781
2.06723 1.74684 1.03907 0.0387108 0.00233677
2.09244 1.74684 1.03709 0.0370771 0.00230113
2.11765 1.74684 1.03518 0.0354714 0.00226166
2.14286 1.74684 1.03334 0.0338951 0.00221913
2.16807 1.74684 1.03157 0.03235 0.0021743
2.19328 1.74684 1.02987 0.0308372 0.00212788
2.21849 1.74684 1.02824 0.0293583 0.00208054
2.2437 1.74684 1.02669 0.0279143 0.00203286
2.26891 1.74684 1.0252 0.0265064 0.00198536
2.29412 1.74684 1.02378 0.0251355 0.00193847
2.31933 1.74684 1.02243 0.0238022 0.00189257
2.34454 1.74684 1.02115 0.0225071 0.00184795
2.36975 1.74684 1.01993 0.0212505 0.00180485
2.39496 1.74684 1.01877 0.0200325 0.00176345
2.42017 1.74684 1.01768 0.0188532 0.0017239
2.44538 1.74684 1.01665 0.0177122 0.00168628
2.47059 1.74684 1.01568 0.0166091 0.00165065
2.4958 1.74684 1.01477 0.0155433 0.00161704
2.52101 1.74684 1.01391 0.0145139 0.00158541
2.54622 1.74684 1.01311 0.01352 0.00155571
2.57143 1.74684 1.01236 0.0125605 0.00152781
2.59664 1.74684 1.01167 0.0116341 0.0015015
2.62185 1.74684 1.01102 0.0107395 0.00147651
2.64706 1.74684 1.01043 0.00987511 0.00145239
2.67227 1.74684 1.00988 0.0090393 0.00142857
2.69748 1.74684 1.00938 0.00823036 0.0014042
2.72269 1.74684 1.00892 0.00744647 0.00137817
2.7479 1.74684 1.00851 0.00668573 0.00134897
2.77311 1.74684 1.00815 0.00594619 0.00131459
2.79832 1.74684 1.00783 0.00522589 0.00127238
2.82353 1.74684 1.00755 0.00452294 0.00121893
2.84874 1.74684 1.00731 0.00383555 0.00114984
2.87395 1.74684 1.00712 0.00316221 0.00105959
2.89916 1.74684 1.00698 0.00250187 0.000941325
2.92437 1.74684 1.00688 0.00185415 0.000786739
2.94958 1.74684 1.00683 0.00121968 0.000586024
2.97479 1.74684 1.00684 0.000600303 0.000327941
3 1.74684 1.00691 0 0

0 1.77215 1.21082 0 0
0.0252101 1.77215 1.21188 -0.00322076 0.00581812
0.0504202 1.77215 1.21341 -0.00610506 0.011087
0.0756303 1.77215 1.21514 -0.00856198 0.0158155
0.10084 1.77215 1.21709 -0.0105385 0.0200309
0.12605 1.77215 1.21916 -0.0120007 0.0237833
0.151261 1.77215 1.2213 -0.0129381 0.0271251
0.176471 1.77215 1.22344 -0.013355 0.0301068
0.201681 1.77215 1.22555 -0.0132668 0.0327723
0.226891 1.77215 1.22758 -0.0126956 0.0351577
0.252101 1.77215 1.22949 -0.0116678 0.0372916
0.277311 1.77215 1.23127 -0.0102124 0.0391959
0.302521 1.77215 1.23289 -0.00835945 0.0408866
0.327731 1.77215 1.23432 -0.0061397 0.0423753
0.352941 1.77215 1.23555 -0.00358419 0.0436701
0.378151 1.77215 1.23657 -0.00072401 0.0447764
0.403361 1.77215 1.23736 0.00240979 0.0456979
0.428571 1.77215 1.2379 0.00578619 0.046437
0.453782 1.77215 1.2382 0.00937427 0.0469955
0.478992 1.77215 1.23825 0.0131432 0.0473746
0.504202 1.77215 1.23803 0.0170623 0.0475759
0.529412 1.77215 1.23755 0.0211011 0.0476012
0.554622 1.77215 1.2368 0.0252291 0.0474525
0.579832 1.77215 1.23578 0.0294163 0.0471328
0.605042 1.77215 1.23449 0.0336332 0.0466457
0.630252 1.77215 1.23294 0.0378503 0.0459959
0.655462 1.77215 1.23112 0.0420392 0.045189
0.680672 1.77215 1.22906 0.046172 0.0442318
0.705882 1.77215 1.22674 0.0502217 0.0431322
0.731092 1.77215 1.22418 0.0541624 0.0418992
0.756303 1.77215 1.22139 0.0579696 0.0405433
0.781513 1.77215 1.21839 0.0616201 0.0390758
0.806723 1.77215 1.21518 0.0650927 0.0375094
0.831933 1.77215 1.21177 0.0683679 0.0358577
0.857143 1.77215 1.20819 0.0714285 0.034135
0.882353 1.77215 1.20445 0.0742594 0.0323566
0.907563 1.77215 1.20056 0.0768482 0.0305383
0.932773 1.77215 1.19654 0.0791853 0.0286959
0.957983 1.77215 1.19241 0.0812634 0.0268454
0.983193 1.77215 1.18818 0.0830783 0.0250025
1.0084 1.77215 1.18387 0.0846285 0.0231825
1.03361 1.77215 1.1795 0.085915 0.0213997
1.05882 1.77215 1.17509 0.0869416 0.0196673
1.08403 1.77215 1.17064 0.0877142 0.0179976
1.10924 1.77215 1.16617 0.0882411 0.0164009
1.13445 1.77215 1.1617 0.0885323 0.0148864
1.15966 1.77215 1.15724 0.0885994 0.0134613
1.18487 1.77215 1.1528 0.0884553 0.0121312
1.21008 1.77215 1.14839 0.0881138 0.0108998
1.23529 1.77215 1.14402 0.0875894 0.00976948
1.2605 1.77215 1.1397 0.086897 0.00874067
1.28571 1.77215 1.13543 0.0860514 0.00781258
1.31092 1.77215 1.13123 0.0850674 0.00698305
1.33613 1.77215 1.12708 0.0839594 0.0062488
1.36134 1.77215 1.12301 0.0827413 0.00560557
1.38655 1.77215 1.11901 0.0814263 0.00504832
1.41176 1.77215 1.11508 0.0800268 0.00457142
1.43697 1.77215 1.11123 0.0785542 0.00416876
1.46218 1.77215 1.10746 0.0770194 0.00383396
1.48739 1.77215 1.10376 0.0754321 0.00356045
1.51261 1.77215 1.10014 0.073801 0.00334167
1.53782 1.77215 1.0966 0.0721342 0.0031711
1.56303 1.77215 1.09313 0.0704387 0.00304241
1.58824 1.77215 1.08973 0.0687209 0.0029495
1.61345 1.77215 1.08641 0.0669863 0.00288659
1.63866 1.77215 1.08317 0.0652397 0.00284826
1.66387 1.77215 1.07999 0.0634854 0.00282948
1.68908 1.77215 1.07689 0.0617272 0.00282564
1.71429 1.77215 1.07386 0.0599682 0.00283261
1.7395 1.77215 1.0709 0.0582112 0.00284667
1.76471 1.77215 1.068 0.0564588 0.0028646
1.78992 1.77215 1.06518 0.0547131 0.0028836
1.81513 1.77215 1.06243 0.052976 0.00290134
1.84034 1.77215 1.05974 0.0512493 0.00291591
1.86555 1.77215 1.05713 0.0495347 0.00292583
1.89076 1.77215 1.05458 0.0478336 0.00292997
1.91597 1.77215 1.0521 0.0461475 0.00292759
1.94118 1.77215 1.04969 0.044478 0.00291826
1.96639 1.77215 1.04736 0.0428263 0.00290183
1.9916 1.77215 1.04509 0.041194 0.00287841
2.01681 1.77215 1.04289 0.0395824 0.00284831
2.04202 1.77215 1.04077 0.0379932 0.00281201
2.06723 1.77215 1.03872 0.0364277 0.0027701
2.09244 1.77215 1.03674 0.0348874 0.00272328
2.11765 1.77215 1.03483 0.0333739 0.00267227
2.14286 1.77215 1.03299 0.0318885 0.00261784
2.16807 1.77215 1.03123 0.0304326 0.00256073
2.19328 1.77215 1.02953 0.0290076 0.00250167
2.21849 1.77215 1.02791 0.0276147 0.00244132
2.2437 1.77215 1.02636 0.026255 0.00238031
2.26891 1.77215 1.02488 0.0249294 0.0023192
2.29412 1.77215 1.02347 0.0236388 0.00225847
2.31933 1.77215 1.02212 0.0223839 0.00219855
2.34454 1.77215 1.02085 0.0211651 0.0021398
2.36975 1.77215 1.01963 0.0199827 0.00208255
2.39496 1.77215 1.01849 0.0188369 0.00202703
2.42017 1.77215 1.0174 0.0177276 0.00197346
2.44538 1.77215 1.01638 0.0166545 0.001922
2.47059 1.77215 1.01541 0.0156174 0.00187278
2.4958 1.77215 1.01451 0.0146154 0.00182588
2.52101 1.77215 1.01366 0.0136481 0.00178133
2.54622 1.77215 1.01286 0.0127144 0.00173913
2.57143 1.77215 1.01212 0.0118133 0.0016992
2.59664 1.77215 1.01143 0.0109437 0.00166139
2.62185 1.77215 1.01079 0.0101042 0.00162546
2.64706 1.77215 1.0102 0.00929348 0.00159102
2.67227 1.77215 1.00965 0.00850997 0.00155752
2.69748 1.77215 1.00915 0.00775201 0.00152416
2.72269 1.77215 1.0087 0.00701784 0.00148984
2.7479 1.77215 1.00829 0.0063056 0.00145307
2.77311 1.77215 1.00792 0.00561334 0.00141179
2.79832 1.77215 1.00759 0.00493901 0.00136331
2.82353 1.77215 1.00731 0.00428057 0.00130402
2.84874 1.77215 1.00707 0.00363601 0.00122927
2.87395 1.77215 1.00687 0.00300349 0.00113302
2.89916 1.77215 1.00671 0.00238154 0.0010077
2.92437 1.77215 1.0066 0.0017693 0.000843917
2.94958 1.77215 1.00654 0.00116692 0.000630386
2.97479 1.77215 1.00653 0.000575875 0.000353986
3 1.77215 1.00659 0 0

0 1.79747 1.20869 0 0
0.0252101 1.79747 1.20962 -0.00329624 0.00557182
0.0504202 1.79747 1.21126 -0.00626281 0.0104885
0.0756303 1.79747 1.21313 -0.00878518 0.0147897
0.10084 1.79747 1.21528 -0.0108089 0.018529
0.12605 1.79747 1.21758 -0.0123016 0.0217831
0.151261 1.79747 1.21995 -0.0132608 0.0246239
0.176471 1.79747 1.22233 -0.0136991 0.027116
0.201681 1.79747 1.22466 -0.0136394 0.0293123
0.226891 1.79747 1.2269 -0.0131099 0.0312546
0.252101 1.79747 1.22901 -0.0121414 0.0329748
0.277311 1.79747 1.23097 -0.0107655 0.0344964
0.302521 1.79747 1.23275 -0.0090137 0.0358364
0.327731 1.79747 1.23434 -0.00691716 0.0370069
0.352941 1.79747 1.23571 -0.00450649 0.038016
0.378151 1.79747 1.23685 -0.00181179 0.0388693
0.403361 1.79747 1.23775 0.00113725 0.0395705
0.428571 1.79747 1.23839 0.0043113 0.0401221
0.453782 1.79747 1.23878 0.00768129 0.0405258
0.478992 1.79747 1.23891 0.0112184 0.0407829
0.504202 1.79747 1.23876 0.0148939 0.0408948
0.529412 1.79747 1.23834 0.0186794 0.040863
0.554622 1.79747 1.23764 0.0225467 0.0406893
0.579832 1.79747 1.23666 0.0264678 0.0403764
0.605042 1.79747 1.23542 0.0304153 0.0399271
0.630252 1.79747 1.23389 0.0343619 0.0393456
0.655462 1.79747 1.23211 0.0382812 0.0386364
0.680672 1.79747 1.23005 0.0421474 0.0378053
0.705882 1.79747 1.22775 0.0459356 0.0368588
0.731092 1.79747 1.2252 0.0496219 0.0358046
0.756303 1.79747 1.22242 0.0531837 0.0346512
0.781513 1.79747 1.21941 0.0565996 0.033408
0.806723 1.79747 1.21619 0.0598502 0.0320856
0.831933 1.79747 1.21278 0.0629175 0.030695
0.857143 1.79747 1.20918 0.0657858 0.0292483
0.882353 1.79747 1.20542 0.0684414 0.0277577
0.907563 1.79747 1.20151 0.0708728 0.0262363
0.932773 1.79747 1.19747 0.0730712 0.024697
0.957983 1.79747 1.19331 0.0750299 0.0231528
0.983193 1.79747 1.18905 0.0767451 0.0216167
1.0084 1.79747 1.18471 0.0782151 0.0201009
1.03361 1.79747 1.1803 0.079441 0.0186171
1.05882 1.79747 1.17585 0.0804259 0.0171763
1.08403 1.79747 1.17136 0.0811753 0.0157882
1.10924 1.79747 1.16685 0.0816963 0.0144615
1.13445 1.79747 1.16234 0.0819981 0.0132035
1.15966 1.79747 1.15783 0.0820912 0.0120202
1.18487 1.79747 1.15334 0.0819871 0.0109161
1.21008 1.79747 1.14889 0.0816984 0.00989439
1.23529 1.79747 1.14447 0.0812384 0.00895687
1.2605 1.79747 1.1401 0.0806206 0.00810405
1.28571 1.79747 1.13578 0.0798587 0.00733525
1.31092 1.79747 1.13153 0.0789663 0.00664869
1.33613 1.79747 1.12734 0.0779566 0.00604167
1.36134 1.79747 1.12322 0.0768426 0.00551067
1.38655 1.79747 1.11917 0.0756364 0.0050515
1.41176 1.79747 1.1152 0.0743496 0.00465944
1.43697 1.79747 1.1113 0.0729932 0.0043294
1.46218 1.79747 1.10749 0.071577 0.00405599
1.48739 1.79747 1.10375 0.0701102 0.0038337
1.51261 1.79747 1.10009 0.0686012 0.00365697
1.53782 1.79747 1.0965 0.0670575 0.00352028
1.56303 1.79747 1.093 0.0654857 0.00341823
1.58824 1.79747 1.08957 0.063892 0.00334565
1.61345 1.79747 1.08622 0.0622816 0.00329758
1.63866 1.79747 1.08294 0.0606591 0.00326939
1.66387 1.79747 1.07974 0.0590286 0.00325677
1.68908 1.79747 1.07661 0.0573937 0.00325577
1.71429 1.79747 1.07356 0.0557575 0.00326281
1.7395 1.79747 1.07057 0.0541226 0.00327472
1.76471 1.79747 1.06766 0.0524915 0.00328871
1.78992 1.79747 1.06482 0.0508663 0.00330238
1.81513 1.79747 1.06205 0.0492489 0.00331374
1.84034 1.79747 1.05935 0.047641 0.00332114
1.86555 1.79747 1.05673 0.0460442 0.00332332
1.89076 1.79747 1.05417 0.04446 0.00331934
1.91597 1.79747 1.05168 0.0428897 0.00330857
1.94118 1.79747 1.04927 0.0413349 0.00329066
1.96639 1.79747 1.04693 0.0397969 0.00326553
1.9916 1.79747 1.04466 0.0382771 0.00323332
2.01681 1.79747 1.04246 0.0367768 0.00319432
2.04202 1.79747 1.04034 0.0352975 0.00314901
2.06723 1.79747 1.03829 0.0338405 0.00309797
2.09244 1.79747 1.03631 0.0324072 0.00304184
2.11765 1.79747 1.03441 0.030999 0.00298134
2.14286 1.79747 1.03258 0.0296173 0.0029172
2.16807 1.79747 1.03082 0.0282632 0.00285016
2.19328 1.79747 1.02913 0.026938 0.00278092
2.21849 1.79747 1.02752 0.0256429 0.00271016
2.2437 1.79747 1.02598 0.0243788 0.00263852
2.26891 1.79747 1.0245 0.0231467 0.00256656
2.29412 1.79747 1.0231 0.0219472 0.00249483
2.31933 1.79747 1.02177 0.0207811 0.00242378
2.34454 1.79747 1.0205 0.0196487 0.00235383
2.36975 1.79747 1.01929 0.0185503 0.00228532
2.39496 1.79747 1.01816 0.017486 0.00221858
2.42017 1.79747 1.01708 0.0164558 0.00215386
2.44538 1.79747 1.01607 0.0154595 0.00209138
2.47059 1.79747 1.01511 0.0144967 0.00203132
2.4958 1.79747 1.01421 0.013567 0.0019738
2.52101 1.79747 1.01337 0.0126695 0.00191892
2.54622 1.79747 1.01258 0.0118036 0.0018667
2.57143 1.79747 1.01185 0.0109682 0.00181714
2.59664 1.79747 1.01116 0.0101624 0.00177011
2.62185 1.79747 1.01053 0.00938497 0.00172543
2.64706 1.79747 1.00994 0.00863455 0.00168276
2.67227 1.79747 1.0094 0.00790974 0.00164161
2.69748 1.79747 1.00891 0.00720902 0.00160122
2.72269 1.79747 1.00845 0.00653069 0.00156057
2.7479 1.79747 1.00804 0.00587297 0.00151821
2.77311 1.79747 1.00767 0.00523391 0.00147215
2.79832 1.79747 1.00734 0.00461145 0.00141967
2.82353 1.79747 1.00705 0.00400341 0.00135714
2.84874 1.79747 1.0068 0.00340754 0.00127971
2.87395 1.79747 1.00659 0.00282163 0.00118099
2.89916 1.79747 1.00642 0.00224368 0.00105276
2.92437 1.79747 1.00629 0.00167223 0.00088456
2.94958 1.79747 1.00622 0.00110676 0.000663543
2.97479 1.79747 1.00619 0.000548142 0.000374463
3 1.79747 1.00622 0 0

0 1.82278 1.20608 0 0
0.0252101 1.82278 1.20687 -0.00336966 0.00534636
0.0504202 1.82278 1.20872 -0.00640631 0.00990177
0.0756303 1.82278 1.21079 -0.00896725 0.0137553
0.10084 1.82278 1.21325 -0.011003 0.0169982
0.12605 1.82278 1.21585 -0.0124879 0.0197409
0.151261 1.82278 1.21852 -0.0134329 0.022077
0.176471 1.82278 1.22119 -0.0138617 0.0240852
0.201681 1.82278 1.22378 -0.0138068 0.0258258
0.226891 1.82278 1.22627 -0.0133029 0.0273443
0.252101 1.82278 1.22861 -0.0123848 0.0286739
0.277311 1.82278 1.23078 -0.0110865 0.0298381
0.302521 1.82278 1.23274 -0.00943996 0.0308538
0.327731 1.82278 1.23449 -0.00747609 0.0317322
0.352941 1.82278 1.23601 -0.00522433 0.0324811
0.378151 1.82278 1.23729 -0.00271317 0.0331056
0.403361 1.82278 1.23831 2.96674e-05 0.0336092
0.428571 1.82278 1.23907 0.00297703 0.033994
0.453782 1.82278 1.23955 0.00610213 0.0342615
0.478992 1.82278 1.23976 0.0093785 0.034413
0.504202 1.82278 1.23968 0.0127799 0.0344496
0.529412 1.82278 1.23932 0.0162803 0.0343725
0.554622 1.82278 1.23867 0.0198539 0.0341833
0.579832 1.82278 1.23774 0.0234752 0.0338841
0.605042 1.82278 1.23653 0.0271189 0.0334774
0.630252 1.82278 1.23503 0.0307604 0.0329663
0.655462 1.82278 1.23326 0.0343755 0.0323548
0.680672 1.82278 1.23122 0.0379405 0.0316475
0.705882 1.82278 1.22892 0.0414329 0.0308496
0.731092 1.82278 1.22636 0.0448309 0.0299673
0.756303 1.82278 1.22357 0.0481138 0.0290076
0.781513 1.82278 1.22055 0.0512625 0.027978
0.806723 1.82278 1.21731 0.054259 0.0268868
0.831933 1.82278 1.21387 0.0570874 0.0257432
0.857143 1.82278 1.21025 0.0597332 0.0245565
0.882353 1.82278 1.20645 0.0621842 0.0233368
0.907563 1.82278 1.2025 0.06443 0.0220942
0.932773 1.82278 1.19842 0.0664626 0.0208391
0.957983 1.82278 1.19422 0.068276 0.019582
0.983193 1.82278 1.18991 0.0698667 0.018333
1.0084 1.82278 1.18553 0.0712333 0.0171018
1.03361 1.82278 1.18107 0.0723766 0.0158979
1.05882 1.82278 1.17656 0.0732995 0.0147297
1.08403 1.82278 1.17202 0.0740067 0.0136052
1.10924 1.82278 1.16746 0.0745049 0.0125311
1.13445 1.82278 1.16289 0.074802 0.0115133
1.15966 1.82278 1.15833 0.0749076 0.0105565
1.18487 1.82278 1.15379 0.0748322 0.00966437
1.21008 1.82278 1.14928 0.074587 0.0088394
1.23529 1.82278 1.1448 0.0741841 0.00808304
1.2605 1.82278 1.14038 0.0736356 0.00739566
1.28571 1.82278 1.13601 0.0729541 0.00677672
1.31092 1.82278 1.1317 0.072152 0.00622478
1.33613 1.82278 1.12746 0.0712413 0.00573762
1.36134 1.82278 1.1233 0.0702338 0.00531239
1.38655 1.82278 1.1192 0.0691407 0.00494565
1.41176 1.82278 1.11518 0.0679727 0.00463356
1.43697 1.82278 1.11125 0.0667397 0.00437192
1.46218 1.82278 1.10739 0.0654509 0.0041563
1.48739 1.82278 1.10361 0.0641148 0.00398215
1.51261 1.82278 1.09991 0.0627391 0.00384487
1.53782 1.82278 1.09629 0.0613307 0.00373987
1.56303 1.82278 1.09275 0.0598959 0.00366268
1.58824 1.82278 1.08929 0.0584403 0.00360895
1.61345 1.82278 1.08591 0.0569687 0.00357456
1.63866 1.82278 1.08261 0.0554855 0.00355563
1.66387 1.82278 1.07938 0.0539944 0.00354853
1.68908 1.82278 1.07623 0.0524988 0.00354994
1.71429 1.82278 1.07315 0.0510017 0.00355687
1.7395 1.82278 1.07015 0.0495054 0.00356663
1.76471 1.82278 1.06722 0.0480123 0.00357689
1.78992 1.82278 1.06436 0.0465244 0.00358563
1.81513 1.82278 1.06158 0.0450434 0.00359117
1.84034 1.82278 1.05887 0.0435709 0.00359215
1.86555 1.82278 1.05623 0.0421086 0.0035875
1.89076 1.82278 1.05367 0.0406576 0.00357647
1.91597 1.82278 1.05118 0.0392196 0.00355854
1.94118 1.82278 1.04876 0.0377956 0.00353347
1.96639 1.82278 1.04642 0.0363871 0.00350122
1.9916 1.82278 1.04415 0.0349953 0.00346195
2.01681 1.82278 1.04196 0.0336215 0.00341597
2.04202 1.82278 1.03984 0.032267 0.00336373
2.06723 1.82278 1.03779 0.0309331 0.00330578
2.09244 1.82278 1.03582 0.029621 0.00324275
2.11765 1.82278 1.03392 0.028332 0.00317531
2.14286 1.82278 1.0321 0.0270674 0.00310417
2.16807 1.82278 1.03035 0.0258283 0.00303002
2.19328 1.82278 1.02867 0.0246158 0.00295357
2.21849 1.82278 1.02707 0.0234309 0.00287546
2.2437 1.82278 1.02553 0.0222746 0.00279634
2.26891 1.82278 1.02407 0.0211476 0.00271678
2.29412 1.82278 1.02268 0.0200506 0.00263733
2.31933 1.82278 1.02136 0.0189842 0.00255846
2.34454 1.82278 1.0201 0.0179489 0.00248062
2.36975 1.82278 1.01891 0.0169447 0.00240418
2.39496 1.82278 1.01778 0.015972 0.0023295
2.42017 1.82278 1.01672 0.0150305 0.00225687
2.44538 1.82278 1.01571 0.0141202 0.00218655
2.47059 1.82278 1.01477 0.0132408 0.00211874
2.4958 1.82278 1.01388 0.0123917 0.00205361
2.52101 1.82278 1.01305 0.0115724 0.00199129
2.54622 1.82278 1.01227 0.0107822 0.00193186
2.57143 1.82278 1.01155 0.0100203 0.00187532
2.59664 1.82278 1.01087 0.00928566 0.00182163
2.62185 1.82278 1.01024 0.00857728 0.00177062
2.64706 1.82278 1.00966 0.00789398 0.00172203
2.67227 1.82278 1.00913 0.00723449 0.00167542
2.69748 1.82278 1.00864 0.00659739 0.00163014
2.72269 1.82278 1.00819 0.00598116 0.00158525
2.7479 1.82278 1.00778 0.0053841 0.00153939
2.77311 1.82278 1.0074 0.00480435 0.00149071
2.79832 1.82278 1.00707 0.00423983 0.00143659
2.82353 1.82278 1.00677 0.00368829 0.00137347
2.84874 1.82278 1.00652 0.00314726 0.00129648
2.87395 1.82278 1.00629 0.00261413 0.00119907
2.89916 1.82278 1.00611 0.00208633 0.00107249
2.92437 1.82278 1.00596 0.00156155 0.000905329
2.94958 1.82278 1.00586 0.00103838 0.000683107
2.97479 1.82278 1.00581 0.000516793 0.000388157
3 1.82278 1.00582 0 0

0 1.8481 1.2028 0 0
0.0252101 1.8481 1.20346 -0.00343724 0.00513344
0.0504202 1.8481 1.2057 -0.00652077 0.00930383
0.0756303 1.8481 1.2081 -0.00907631 0.0126769
0.10084 1.8481 1.21098 -0.0110721 0.0153971
0.12605 1.8481 1.21397 -0.0124971 0.0176156
0.151261 1.8481 1.21703 -0.0133825 0.0194487
0.176471 1.8481 1.22004 -0.0137664 0.0209864
0.201681 1.8481 1.22295 -0.0136916 0.0222936
0.226891 1.8481 1.22573 -0.0131989 0.0234163
0.252101 1.8481 1.22832 -0.0123263 0.0243865
0.277311 1.8481 1.23071 -0.0111086 0.025226
0.302521 1.8481 1.23289 -0.0095774 0.0259499
0.327731 1.8481 1.23482 -0.00776197 0.0265679
0.352941 1.8481 1.2365 -0.00568974 0.0270868
0.378151 1.8481 1.23792 -0.00338679 0.0275108
0.403361 1.8481 1.23907 -0.000878196 0.0278426
0.428571 1.8481 1.23994 0.00181159 0.028084
0.453782 1.8481 1.24053 0.00465857 0.0282363
0.478992 1.8481 1.24082 0.00763907 0.0283004
0.504202 1.8481 1.24082 0.0107296 0.0282772
0.529412 1.8481 1.24052 0.0139069 0.0281677
0.554622 1.8481 1.23992 0.017148 0.0279732
0.579832 1.8481 1.23903 0.0204298 0.0276953
0.605042 1.8481 1.23784 0.0237301 0.0273359
0.630252 1.8481 1.23637 0.0270265 0.0268976
0.655462 1.8481 1.2346 0.0302974 0.0263834
0.680672 1.8481 1.23257 0.0335218 0.0257969
0.705882 1.8481 1.23026 0.0366793 0.0251423
0.731092 1.8481 1.22769 0.0397506 0.0244243
0.756303 1.8481 1.22487 0.0427173 0.0236483
0.781513 1.8481 1.22182 0.0455621 0.0228202
0.806723 1.8481 1.21855 0.0482694 0.0219464
0.831933 1.8481 1.21507 0.0508246 0.021034
0.857143 1.8481 1.2114 0.0532151 0.0200902
0.882353 1.8481 1.20755 0.05543 0.0191227
0.907563 1.8481 1.20355 0.0574602 0.0181393
0.932773 1.8481 1.19941 0.0592984 0.0171481
0.957983 1.8481 1.19515 0.0609397 0.0161569
0.983193 1.8481 1.19078 0.0623807 0.0151736
1.0084 1.8481 1.18633 0.0636203 0.0142057
1.03361 1.8481 1.18181 0.0646593 0.0132604
1.05882 1.8481 1.17724 0.0655002 0.0123441
1.08403 1.8481 1.17263 0.0661474 0.0114629
1.10924 1.8481 1.168 0.0666067 0.0106221
1.13445 1.8481 1.16337 0.0668853 0.00982605
1.15966 1.8481 1.15874 0.0669916 0.00907843
1.18487 1.8481 1.15414 0.066935 0.00838202
1.21008 1.8481 1.14956 0.0667257 0.00773873
1.23529 1.8481 1.14503 0.0663743 0.00714965
1.2605 1.8481 1.14054 0.0658917 0.00661507
1.28571 1.8481 1.13612 0.0652892 0.00613451
1.31092 1.8481 1.13176 0.0645779 0.00570682
1.33613 1.8481 1.12746 0.0637685 0.00533026
1.36134 1.8481 1.12324 0.0628717 0.00500254
1.38655 1.8481 1.1191 0.0618976 0.00472094
1.41176 1.8481 1.11504 0.0608558 0.00448239
1.43697 1.8481 1.11106 0.0597551 0.00428352
1.46218 1.8481 1.10716 0.0586039 0.00412081
1.48739 1.8481 1.10334 0.0574099 0.0039906
1.51261 1.8481 1.0996 0.0561799 0.00388916
1.53782 1.8481 1.09595 0.0549203 0.00381281
1.56303 1.8481 1.09238 0.0536367 0.00375792
1.58824 1.8481 1.08889 0.0523341 0.00372097
1.61345 1.8481 1.08548 0.0510169 0.0036986
1.63866 1.8481 1.08215 0.049689 0.00368763
1.66387 1.8481 1.0789 0.0483538 0.00368513
1.68908 1.8481 1.07573 0.0470144 0.00368837
1.71429 1.8481 1.07263 0.0456734 0.00369489
1.7395 1.8481 1.06961 0.044333 0.00370251
1.76471 1.8481 1.06667 0.0429953 0.0037093
1.78992 1.8481 1.0638 0.041662 0.00371362
1.81513 1.8481 1.06101 0.0403349 0.0037141
1.84034 1.8481 1.05829 0.0390153 0.00370963
1.86555 1.8481 1.05565 0.0377047 0.00369937
1.89076 1.8481 1.05308 0.0364042 0.00368271
1.91597 1.8481 1.05058 0.0351152 0.00365926
1.94118 1.8481 1.04817 0.0338389 0.00362886
1.96639 1.8481 1.04583 0.0325764 0.00359151
1.9916 1.8481 1.04356 0.0313289 0.0035474
2.01681 1.8481 1.04137 0.0300975 0.00349683
2.04202 1.8481 1.03925 0.0288835 0.00344024
2.06723 1.8481 1.03721 0.027688 0.00337815
2.09244 1.8481 1.03525 0.0265121 0.00331114
2.11765 1.8481 1.03336 0.0253571 0.00323984
2.14286 1.8481 1.03155 0.0242239 0.00316492
2.16807 1.8481 1.02981 0.0231136 0.00308702
2.19328 1.8481 1.02814 0.0220273 0.00300682
2.21849 1.8481 1.02655 0.0209658 0.00292493
2.2437 1.8481 1.02503 0.01993 0.00284197
2.26891 1.8481 1.02358 0.0189205 0.00275851
2.29412 1.8481 1.0222 0.017938 0.00267508
2.31933 1.8481 1.02089 0.0169831 0.00259215
2.34454 1.8481 1.01965 0.016056 0.00251018
2.36975 1.8481 1.01847 0.015157 0.00242955
2.39496 1.8481 1.01736 0.0142863 0.00235064
2.42017 1.8481 1.01631 0.0134437 0.00227374
2.44538 1.8481 1.01532 0.0126292 0.00219913
2.47059 1.8481 1.01439 0.0118425 0.00212704
2.4958 1.8481 1.01351 0.0110832 0.00205767
2.52101 1.8481 1.01269 0.0103507 0.00199116
2.54622 1.8481 1.01193 0.00964459 0.00192762
2.57143 1.8481 1.01121 0.00896402 0.0018671
2.59664 1.8481 1.01055 0.0083082 0.00180957
2.62185 1.8481 1.00993 0.00767623 0.00175493
2.64706 1.8481 1.00936 0.00706711 0.00170297
2.67227 1.8481 1.00883 0.00647971 0.00165333
2.69748 1.8481 1.00834 0.00591281 0.00160545
2.72269 1.8481 1.0079 0.00536504 0.00155852
2.7479 1.8481 1.00749 0.00483487 0.00151135
2.77311 1.8481 1.00712 0.00432057 0.00146225
2.79832 1.8481 1.00678 0.00382016 0.00140885
2.82353 1.8481 1.00648 0.00333137 0.00134779
2.84874 1.8481 1.00621 0.00285157 0.00127441
2.87395 1.8481 1.00597 0.0023778 0.00118218
2.89916 1.8481 1.00577 0.0019068 0.00106215
2.92437 1.8481 1.0056 0.00143532 0.000902156
2.94958 1.8481 1.00547 0.000960643 0.000686086
2.97479 1.8481 1.00539 0.000481371 0.000393519
3 1.8481 1.00538 0 0

0 1.87342 1.19862 0 0
0.0252101 1.87342 1.19922 -0.00349037 0.00491705
0.0504202 1.87342 1.20208 -0.00657736 0.00865378
0.0756303 1.87342 1.20497 -0.00905791 0.0114979
0.10084 1.87342 1.20844 -0.0109392 0.0136656
0.12605 1.87342 1.21195 -0.0122371 0.015353
0.151261 1.87342 1.21548 -0.01301 0.0166956
0.176471 1.87342 1.21891 -0.013312 0.0177892
0.201681 1.87342 1.22219 -0.0131953 0.0186978
0.226891 1.87342 1.22528 -0.0127051 0.019464
0.252101 1.87342 1.22816 -0.0118801 0.0201157
0.277311 1.87342 1.23081 -0.010754 0.0206714
0.302521 1.87342 1.2332 -0.00935631 0.021143
0.327731 1.87342 1.23533 -0.00771337 0.0215381
0.352941 1.87342 1.23719 -0.00584949 0.0218618
0.378151 1.87342 1.23877 -0.00378743 0.0221173
0.403361 1.87342 1.24005 -0.001549 0.0223064
0.428571 1.87342 1.24104 0.000844661 0.0224306
0.453782 1.87342 1.24173 0.00337282 0.0224907
0.478992 1.87342 1.24211 0.00601499 0.0224873
0.504202 1.87342 1.24218 0.00875085 0.0224212
0.529412 1.87342 1.24195 0.0115602 0.0222932
0.554622 1.87342 1.2414 0.0144231 0.022104
0.579832 1.87342 1.24054 0.0173196 0.0218551
0.605042 1.87342 1.23938 0.0202301 0.0215479
0.630252 1.87342 1.23791 0.0231354 0.0211842
0.655462 1.87342 1.23615 0.0260165 0.0207663
0.680672 1.87342 1.2341 0.0288552 0.0202969
0.705882 1.87342 1.23178 0.0316337 0.0197791
0.731092 1.87342 1.22918 0.0343352 0.0192164
0.756303 1.87342 1.22633 0.0369436 0.0186128
0.781513 1.87342 1.22323 0.0394441 0.0179727
0.806723 1.87342 1.21991 0.0418229 0.0173007
0.831933 1.87342 1.21637 0.0440675 0.0166019
0.857143 1.87342 1.21264 0.0461671 0.0158819
0.882353 1.87342 1.20873 0.0481121 0.015146
0.907563 1.87342 1.20466 0.0498947 0.0144002
0.932773 1.87342 1.20044 0.0515087 0.0136501
0.957983 1.87342 1.1961 0.0529499 0.0129017
0.983193 1.87342 1.19166 0.0542155 0.0121606
1.0084 1.87342 1.18712 0.0553046 0.0114324
1.03361 1.87342 1.18252 0.056218 0.0107221
1.05882 1.87342 1.17787 0.0569579 0.0100347
1.08403 1.87342 1.17318 0.0575282 0.00937439
1.10924 1.87342 1.16847 0.057934 0.00874509
1.13445 1.87342 1.16376 0.0581818 0.00815005
1.15966 1.87342 1.15906 0.0582788 0.0075919
1.18487 1.87342 1.15438 0.0582334 0.00707268
1.21008 1.87342 1.14974 0.0580543 0.00659376
1.23529 1.87342 1.14513 0.057751 0.00615592
1.2605 1.87342 1.14059 0.0573331 0.00575935
1.28571 1.87342 1.1361 0.0568104 0.00540366
1.31092 1.87342 1.13168 0.0561925 0.00508796
1.33613 1.87342 1.12733 0.055489 0.0048109
1.36134 1.87342 1.12306 0.0547092 0.00457075
1.38655 1.87342 1.11886 0.0538619 0.00436541
1.41176 1.87342 1.11475 0.0529554 0.00419252
1.43697 1.87342 1.11073 0.0519977 0.00404952
1.46218 1.87342 1.10679 0.050996 0.00393366
1.48739 1.87342 1.10293 0.0499569 0.00384213
1.51261 1.87342 1.09916 0.0488866 0.00377204
1.53782 1.87342 1.09548 0.0477905 0.00372052
1.56303 1.87342 1.09188 0.0466734 0.00368474
1.58824 1.87342 1.08836 0.0455399 0.00366194
1.61345 1.87342 1.08493 0.0443937 0.00364949
1.63866 1.87342 1.08157 0.0432382 0.0036449
1.66387 1.87342 1.0783 0.0420764 0.00364584
1.68908 1.87342 1.07511 0.0409108 0.00365017
1.71429 1.87342 1.072 0.0397438 0.00365594
1.7395 1.87342 1.06896 0.0385773 0.00366142
1.76471 1.87342 1.06601 0.0374131 0.0036651
1.78992 1.87342 1.06313 0.0362528 0.00366567
1.81513 1.87342 1.06033 0.0350977 0.00366206
1.84034 1.87342 1.05761 0.033949 0.00365341
1.86555 1.87342 1.05496 0.0328081 0.00363905
1.89076 1.87342 1.05239 0.031676 0.00361854
1.91597 1.87342 1.0499 0.0305538 0.0035916
1.94118 1.87342 1.04748 0.0294426 0.00355812
1.96639 1.87342 1.04514 0.0283433 0.00351816
1.9916 1.87342 1.04288 0.0272571 0.00347191
2.01681 1.87342 1.0407 0.0261849 0.00341966
2.04202 1.87342 1.03859 0.0251278 0.00336182
2.06723 1.87342 1.03656 0.0240868 0.00329886
2.09244 1.87342 1.03461 0.0230629 0.00323132
2.11765 1.87342 1.03273 0.0220571 0.00315978
2.14286 1.87342 1.03093 0.0210704 0.00308482
2.16807 1.87342 1.0292 0.0201036 0.00300705
2.19328 1.87342 1.02755 0.0191578 0.00292708
2.21849 1.87342 1.02598 0.0182336 0.0028455
2.2437 1.87342 1.02447 0.0173318 0.00276285
2.26891 1.87342 1.02304 0.016453 0.00267969
2.29412 1.87342 1.02168 0.0155978 0.0025965
2.31933 1.87342 1.02038 0.0147665 0.00251376
2.34454 1.87342 1.01916 0.0139597 0.00243188
2.36975 1.87342 1.01799 0.0131774 0.00235126
2.39496 1.87342 1.0169 0.0124197 0.00227224
2.42017 1.87342 1.01586 0.0116868 0.00219514
2.44538 1.87342 1.01489 0.0109784 0.00212023
2.47059 1.87342 1.01397 0.0102943 0.00204775
2.4958 1.87342 1.01311 0.00963424 0.00197789
2.52101 1.87342 1.01231 0.00899778 0.00191082
2.54622 1.87342 1.01155 0.00838443 0.00184666
2.57143 1.87342 1.01085 0.00779358 0.00178547
2.59664 1.87342 1.0102 0.00722458 0.00172727
2.62185 1.87342 1.00959 0.00667665 0.00167199
2.64706 1.87342 1.00903 0.00614898 0.00161948
2.67227 1.87342 1.00851 0.00564064 0.00156945
2.69748 1.87342 1.00803 0.0051506 0.00152147
2.72269 1.87342 1.00759 0.00467773 0.00147486
2.7479 1.87342 1.00719 0.0042207 0.00142864
2.77311 1.87342 1.00682 0.003778 0.00138137
2.79832 1.87342 1.00648 0.00334784 0.00133099
2.82353 1.87342 1.00617 0.00292804 0.00127455
2.84874 1.87342 1.00589 0.00251596 0.00120778
2.87395 1.87342 1.00564 0.00210837 0.00112458
2.89916 1.87342 1.00542 0.0017014 0.00101616
2.92437 1.87342 1.00522 0.00129066 0.000869999
2.94958 1.87342 1.00506 0.000871752 0.000668613
2.97479 1.87342 1.00494 0.000441156 0.000388491
3 1.87342 1.00489 0 0

0 1.89873 1.19315 0 0
0.0252101 1.89873 1.19378 -0.00351256 0.00465851
0.0504202 1.89873 1.19778 -0.00652377 0.00788576
0.0756303 1.89873 1.20143 -0.00881882 0.0101354
0.10084 1.89873 1.2057 -0.0104837 0.0117259
0.12605 1.89873 1.20986 -0.0115739 0.01289
0.151261 1.89873 1.21396 -0.0121792 0.0137731
0.176471 1.89873 1.21787 -0.0123673 0.0144669
0.201681 1.89873 1.22156 -0.0121959 0.0150275
0.226891 1.89873 1.22501 -0.01171 0.0154897
0.252101 1.89873 1.2282 -0.0109461 0.0158748
0.277311 1.89873 1.23111 -0.00993399 0.0161959
0.302521 1.89873 1.23374 -0.00869889 0.0164615
0.327731 1.89873 1.23608 -0.0072629 0.0166767
0.352941 1.89873 1.23812 -0.00564607 0.0168446
0.378151 1.89873 1.23986 -0.00386708 0.0169672
0.403361 1.89873 1.24128 -0.00194378 0.0170458
0.428571 1.89873 1.2424 0.000106495 0.0170813
0.453782 1.89873 1.24319 0.00226669 0.0170741
0.478992 1.89873 1.24367 0.0045199 0.0170247
0.504202 1.89873 1.24381 0.00684932 0.0169336
0.529412 1.89873 1.24364 0.00923819 0.0168014
0.554622 1.89873 1.24313 0.0116698 0.0166288
0.579832 1.89873 1.24231 0.0141277 0.0164165
0.605042 1.89873 1.24116 0.0165954 0.0161658
0.630252 1.89873 1.2397 0.0190568 0.0158779
0.655462 1.89873 1.23793 0.0214961 0.0155543
0.680672 1.89873 1.23586 0.0238979 0.0151971
0.705882 1.89873 1.23351 0.0262474 0.0148082
0.731092 1.89873 1.23087 0.0285306 0.0143901
0.756303 1.89873 1.22796 0.0307339 0.0139456
0.781513 1.89873 1.22481 0.0328449 0.0134776
0.806723 1.89873 1.22142 0.0348522 0.0129894
0.831933 1.89873 1.2178 0.0367454 0.0124845
0.857143 1.89873 1.21399 0.0385153 0.0119664
0.882353 1.89873 1.20999 0.0401541 0.0114391
0.907563 1.89873 1.20583 0.0416553 0.0109064
0.932773 1.89873 1.20152 0.0430139 0.0103722
0.957983 1.89873 1.19708 0.0442264 0.00984067
0.983193 1.89873 1.19254 0.0452905 0.0093155
1.0084 1.89873 1.18791 0.0462057 0.00880046
1.03361 1.89873 1.18321 0.0469726 0.00829908
1.05882 1.89873 1.17846 0.0475935 0.00781463
1.08403 1.89873 1.17367 0.0480714 0.00735007
1.10924 1.89873 1.16887 0.048411 0.00690799
1.13445 1.89873 1.16407 0.0486177 0.00649062
1.15966 1.89873 1.15928 0.0486977 0.00609976
1.18487 1.89873 1.15452 0.0486581 0.00573677
1.21008 1.89873 1.14979 0.0485064 0.00540258
1.23529 1.89873 1.14512 0.0482505 0.00509772
1.2605 1.89873 1.14049 0.0478987 0.00482228
1.28571 1.89873 1.13594 0.0474591 0.00457596
1.31092 1.89873 1.13146 0.04694 0.00435811
1.33613 1.89873 1.12705 0.0463494 0.00416777
1.36134 1.89873 1.12272 0.0456952 0.00400366
1.38655 1.89873 1.11848 0.0449848 0.00386428
1.41176 1.89873 1.11432 0.0442253 0.00374792
1.43697 1.89873 1.11025 0.0434232 0.00365271
1.46218 1.89873 1.10627 0.0425846 0.00357666
1.48739 1.89873 1.10238 0.0417152 0.00351769
1.51261 1.89873 1.09858 0.04082 0.0034737
1.53782 1.89873 1.09486 0.0399036 0.00344256
1.56303 1.89873 1.09124 0.03897 0.00342218
1.58824 1.89873 1.08769 0.0380228 0.00341051
1.61345 1.89873 1.08424 0.0370654 0.00340559
1.63866 1.89873 1.08087 0.0361004 0.00340555
1.66387 1.89873 1.07758 0.0351302 0.00340864
1.68908 1.89873 1.07437 0.0341572 0.00341326
1.71429 1.89873 1.07125 0.0331829 0.00341795
1.7395 1.89873 1.0682 0.0322092 0.00342139
1.76471 1.89873 1.06524 0.0312374 0.00342244
1.78992 1.89873 1.06236 0.0302689 0.00342013
1.81513 1.89873 1.05955 0.0293046 0.00341364
1.84034 1.89873 1.05682 0.0283458 0.00340235
1.86555 1.89873 1.05418 0.0273933 0.00338576
1.89076 1.89873 1.05161 0.0264481 0.00336355
1.91597 1.89873 1.04912 0.0255111 0.00333554
1.94118 1.89873 1.04671 0.0245832 0.00330169
1.96639 1.89873 1.04438 0.0236651 0.00326206
1.9916 1.89873 1.04212 0.0227579 0.00321685
2.01681 1.89873 1.03995 0.0218624 0.00316633
2.04202 1.89873 1.03785 0.0209793 0.00311085
2.06723 1.89873 1.03583 0.0201097 0.00305084
2.09244 1.89873 1.03389 0.0192543 0.00298675
2.11765 1.89873 1.03203 0.0184139 0.0029191
2.14286 1.89873 1.03024 0.0175895 0.0028484
2.16807 1.89873 1.02853 0.0167818 0.00277519
2.19328 1.89873 1.0269 0.0159915 0.00269998
2.21849 1.89873 1.02534 0.0152193 0.0026233
2.2437 1.89873 1.02385 0.0144658 0.00254564
2.26891 1.89873 1.02244 0.0137315 0.00246749
2.29412 1.89873 1.0211 0.013017 0.0023893
2.31933 1.89873 1.01982 0.0123226 0.00231148
2.34454 1.89873 1.01861 0.0116486 0.00223441
2.36975 1.89873 1.01747 0.0109952 0.00215847
2.39496 1.89873 1.01639 0.0103625 0.00208397
2.42017 1.89873 1.01537 0.00975048 0.0020112
2.44538 1.89873 1.01442 0.00915908 0.00194041
2.47059 1.89873 1.01352 0.00858813 0.00187184
2.4958 1.89873 1.01268 0.00803739 0.00180568
2.52101 1.89873 1.01189 0.00750654 0.00174208
2.54622 1.89873 1.01115 0.00699517 0.00168117
2.57143 1.89873 1.01046 0.00650282 0.00162302
2.59664 1.89873 1.00982 0.00602897 0.00156767
2.62185 1.89873 1.00923 0.00557303 0.00151508
2.64706 1.89873 1.00868 0.00513436 0.00146515
2.67227 1.89873 1.00817 0.00471223 0.00141768
2.69748 1.89873 1.0077 0.00430585 0.00137233
2.72269 1.89873 1.00727 0.00391433 0.0013286
2.7479 1.89873 1.00687 0.00353664 0.0012857
2.77311 1.89873 1.0065 0.00317156 0.00124252
2.79832 1.89873 1.00616 0.00281758 0.0011974
2.82353 1.89873 1.00585 0.00247281 0.00114793
2.84874 1.89873 1.00556 0.00213476 0.00109053
2.87395 1.89873 1.00529 0.0018002 0.00101985
2.89916 1.89873 1.00505 0.00146483 0.000927889
2.92437 1.89873 1.00482 0.00112317 0.000802512
2.94958 1.89873 1.00462 0.000768772 0.00062549
2.97479 1.89873 1.00444 0.000394917 0.00037015
3 1.89873 1.00434 0 0

0 1.92405 1.18586 0 0
0.0252101 1.92405 1.18715 -0.00345827 0.00430079
0.0504202 1.92405 1.19247 -0.00624146 0.00687461
0.0756303 1.92405 1.19737 -0.00819508 0.00845989
0.10084 1.92405 1.20268 -0.00951651 0.00946956
0.12605 1.92405 1.20769 -0.0103174 0.0101504
0.151261 1.92405 1.21247 -0.0107106 0.0106357
0.176471 1.92405 1.21694 -0.010769 0.0109992
0.201681 1.92405 1.22109 -0.0105475 0.011282
0.226891 1.92405 1.22492 -0.0100854 0.0115071
0.252101 1.92405 1.22843 -0.00941223 0.0116879
0.277311 1.92405 1.23162 -0.00855112 0.0118321
0.302521 1.92405 1.23449 -0.00752118 0.0119443
0.327731 1.92405 1.23705 -0.00633893 0.0120272
0.352941 1.92405 1.23928 -0.00501928 0.0120825
0.378151 1.92405 1.24119 -0.00357621 0.0121112
0.403361 1.92405 1.24276 -0.00202313 0.0121139
0.428571 1.92405 1.24401 -0.000373202 0.0120912
0.453782 1.92405 1.24491 0.00136056 0.0120432
0.478992 1.92405 1.24548 0.00316517 0.0119704
0.504202 1.92405 1.2457 0.00502762 0.0118731
0.529412 1.92405 1.24558 0.00693489 0.0117516
0.554622 1.92405 1.24512 0.008874 0.0116065
0.579832 1.92405 1.24432 0.010832 0.0114384
0.605042 1.92405 1.24319 0.012796 0.0112478
0.630252 1.92405 1.24172 0.0147534 0.0110358
0.655462 1.92405 1.23994 0.0166917 0.0108033
0.680672 1.92405 1.23784 0.0185988 0.0105515
0.705882 1.92405 1.23543 0.0204632 0.0102817
0.731092 1.92405 1.23274 0.0222736 0.00999539
0.756303 1.92405 1.22977 0.0240196 0.00969426
0.781513 1.92405 1.22654 0.0256913 0.00938014
0.806723 1.92405 1.22306 0.0272797 0.009055
0.831933 1.92405 1.21936 0.0287767 0.00872095
0.857143 1.92405 1.21544 0.0301751 0.00838022
0.882353 1.92405 1.21134 0.0314689 0.00803511
0.907563 1.92405 1.20706 0.0326531 0.00768801
0.932773 1.92405 1.20264 0.0337236 0.00734131
0.957983 1.92405 1.19809 0.034678 0.00699741
0.983193 1.92405 1.19343 0.0355145 0.00665864
1.0084 1.92405 1.18868 0.0362328 0.00632727
1.03361 1.92405 1.18387 0.0368337 0.00600545
1.05882 1.92405 1.179 0.0373187 0.00569515
1.08403 1.92405 1.17411 0.0376909 0.00539819
1.10924 1.92405 1.1692 0.0379536 0.00511614
1.13445 1.92405 1.16429 0.0381115 0.00485036
1.15966 1.92405 1.15941 0.0381695 0.00460195
1.18487 1.92405 1.15455 0.0381334 0.00437173
1.21008 1.92405 1.14973 0.0380092 0.00416029
1.23529 1.92405 1.14497 0.0378032 0.00396792
1.2605 1.92405 1.14028 0.0375219 0.00379466
1.28571 1.92405 1.13565 0.0371721 0.00364032
1.31092 1.92405 1.1311 0.0367602 0.00350446
1.33613 1.92405 1.12663 0.0362926 0.00338644
1.36134 1.92405 1.12224 0.0357755 0.00328543
1.38655 1.92405 1.11795 0.0352149 0.00320043
1.41176 1.92405 1.11375 0.0346163 0.00313033
1.43697 1.92405 1.10963 0.0339849 0.00307386
1.46218 1.92405 1.10562 0.0333255 0.0030297
1.48739 1.92405 1.10169 0.0326424 0.00299646
1.51261 1.92405 1.09786 0.0319396 0.00297272
1.53782 1.92405 1.09411 0.0312208 0.00295702
1.56303 1.92405 1.09046 0.0304889 0.00294794
1.58824 1.92405 1.0869 0.0297469 0.00294408
1.61345 1.92405 1.08342 0.0289972 0.00294407
1.63866 1.92405 1.08003 0.0282419 0.00294663
1.66387 1.92405 1.07673 0.0274828 0.00295054
1.68908 1.92405 1.07351 0.0267217 0.00295466
1.71429 1.92405 1.07038 0.0259598 0.00295799
1.7395 1.92405 1.06733 0.0251985 0.0029596
1.76471 1.92405 1.06436 0.0244388 0.0029587
1.78992 1.92405 1.06147 0.0236815 0.00295458
1.81513 1.92405 1.05866 0.0229277 0.0029467
1.84034 1.92405 1.05594 0.0221781 0.00293461
1.86555 1.92405 1.05329 0.0214334 0.00291798
1.89076 1.92405 1.05073 0.0206943 0.0028966
1.91597 1.92405 1.04825 0.0199616 0.00287036
1.94118 1.92405 1.04584 0.0192358 0.00283924
1.96639 1.92405 1.04352 0.0185177 0.00280334
1.9916 1.92405 1.04128 0.017808 0.00276282
2.01681 1.92405 1.03911 0.0171072 0.00271792
2.04202 1.92405 1.03703 0.0164162 0.00266892
2.06723 1.92405 1.03503 0.0157356 0.00261618
2.09244 1.92405 1.0331 0.015066 0.00256006
2.11765 1.92405 1.03126 0.0144082 0.00250099
2.14286 1.92405 1.02949 0.0137627 0.00243938
2.16807 1.92405 1.0278 0.0131303 0.00237567
2.19328 1.92405 1.02618 0.0125114 0.0023103
2.21849 1.92405 1.02464 0.0119068 0.00224367
2.2437 1.92405 1.02318 0.0113167 0.00217622
2.26891 1.92405 1.02178 0.0107418 0.00210834
2.29412 1.92405 1.02046 0.0101822 0.0020404
2.31933 1.92405 1.01921 0.0096385 0.00197276
2.34454 1.92405 1.01802 0.00911076 0.00190575
2.36975 1.92405 1.0169 0.00859918 0.00183966
2.39496 1.92405 1.01584 0.00810387 0.00177478
2.42017 1.92405 1.01485 0.00762482 0.00171136
2.44538 1.92405 1.01391 0.00716201 0.00164961
2.47059 1.92405 1.01303 0.00671531 0.00158973
2.4958 1.92405 1.01221 0.00628454 0.0015319
2.52101 1.92405 1.01144 0.00586946 0.00147625
2.54622 1.92405 1.01072 0.00546979 0.00142289
2.57143 1.92405 1.01005 0.00508519 0.0013719
2.59664 1.92405 1.00942 0.00471527 0.00132332
2.62185 1.92405 1.00885 0.00435962 0.00127714
2.64706 1.92405 1.00831 0.00401778 0.0012333
2.67227 1.92405 1.00781 0.00368924 0.00119166
2.69748 1.92405 1.00735 0.00337345 0.00115199
2.72269 1.92405 1.00693 0.00306978 0.00111393
2.7479 1.92405 1.00654 0.00277753 0.00107694
2.77311 1.92405 1.00617 0.00249582 0.0010402
2.79832 1.92405 1.00584 0.00222356 0.00100253
2.82353 1.92405 1.00552 0.00195929 0.000962154
2.84874 1.92405 1.00523 0.00170099 0.000916387
2.87395 1.92405 1.00494 0.00144577 0.000861089
2.89916 1.92405 1.00467 0.00118942 0.000789718
2.92437 1.92405 1.00441 0.000925829 0.000691675
2.94958 1.92405 1.00415 0.000646483 0.000549464
2.97479 1.92405 1.00391 0.000340316 0.000334055
3 1.92405 1.00374 0 0

0 1.94937 1.17528 0 0
0.0252101 1.94937 1.17786 -0.00325742 0.00366215
0.0504202 1.94937 1.18693 -0.00552674 0.00546081
0.0756303 1.94937 1.19331 -0.00689767 0.00632204
0.10084 1.94937 1.19998 -0.00774668 0.00680474
0.12605 1.94937 1.20588 -0.00820022 0.00708742
0.151261 1.94937 1.21136 -0.00837122 0.00727105
0.176471 1.94937 1.21636 -0.00831814 0.00739734
0.201681 1.94937 1.22095 -0.00808168 0.00748821
0.226891 1.94937 1.22515 -0.00768827 0.00755424
0.252101 1.94937 1.22898 -0.00715693 0.007601
0.277311 1.94937 1.23245 -0.00650212 0.00763142
0.302521 1.94937 1.23557 -0.00573568 0.00764714
0.327731 1.94937 1.23834 -0.00486787 0.00764911
0.352941 1.94937 1.24077 -0.00390816 0.00763791
0.378151 1.94937 1.24285 -0.00286552 0.00761391
0.403361 1.94937 1.24458 -0.00174875 0.00757739
0.428571 1.94937 1.24595 -0.000566589 0.0075286
0.453782 1.94937 1.24697 0.000672202 0.00746773
0.478992 1.94937 1.24763 0.00195879 0.00739502
0.504202 1.94937 1.24793 0.00328425 0.00731069
0.529412 1.94937 1.24787 0.00463963 0.00721503
0.554622 1.94937 1.24745 0.0060159 0.00710833
0.579832 1.94937 1.24667 0.00740405 0.00699096
0.605042 1.94937 1.24554 0.00879513 0.00686334
0.630252 1.94937 1.24406 0.0101803 0.00672594
0.655462 1.94937 1.24225 0.0115508 0.00657931
0.680672 1.94937 1.2401 0.0128982 0.00642407
0.705882 1.94937 1.23764 0.0142143 0.0062609
0.731092 1.94937 1.23487 0.0154913 0.00609057
0.756303 1.94937 1.23182 0.0167219 0.00591392
0.781513 1.94937 1.22849 0.0178991 0.00573187
0.806723 1.94937 1.2249 0.0190167 0.0055454
0.831933 1.94937 1.22108 0.0200689 0.00535557
0.857143 1.94937 1.21704 0.0210509 0.00516347
0.882353 1.94937 1.2128 0.0219583 0.00497024
0.907563 1.94937 1.20839 0.0227877 0.00477706
0.932773 1.94937 1.20383 0.0235365 0.00458511
0.957983 1.94937 1.19914 0.0242029 0.00439557
0.983193 1.94937 1.19434 0.0247858 0.00420961
1.0084 1.94937 1.18945 0.0252851 0.00402836
1.03361 1.94937 1.18449 0.0257013 0.00385287
1.05882 1.94937 1.17949 0.0260359 0.00368414
1.08403 1.94937 1.17447 0.026291 0.00352307
1.10924 1.94937 1.16943 0.0264691 0.00337047
1.13445 1.94937 1.16441 0.0265735 0.00322701
1.15966 1.94937 1.15941 0.026608 0.00309325
1.18487 1.94937 1.15444 0.0265766 0.00296962
1.21008 1.94937 1.14953 0.0264836 0.0028564
1.23529 1.94937 1.14468 0.0263337 0.00275376
1.2605 1.94937 1.13989 0.0261315 0.0026617
1.28571 1.94937 1.13519 0.0258817 0.00258011
1.31092 1.94937 1.13056 0.025589 0.00250875
1.33613 1.94937 1.12603 0.025258 0.00244727
1.36134 1.94937 1.12159 0.024893 0.0023952
1.38655 1.94937 1.11724 0.0244982 0.002352
1.41176 1.94937 1.11299 0.0240775 0.00231702
1.43697 1.94937 1.10884 0.0236345 0.00228955
1.46218 1.94937 1.10479 0.0231726 0.00226883
1.48739 1.94937 1.10083 0.0226948 0.00225406
1.51261 1.94937 1.09697 0.0222039 0.00224439
1.53782 1.94937 1.0932 0.0217023 0.00223899
1.56303 1.94937 1.08953 0.0211922 0.00223699
1.58824 1.94937 1.08595 0.0206754 0.00223756
1.61345 1.94937 1.08246 0.0201537 0.00223987
1.63866 1.94937 1.07906 0.0196284 0.00224315
1.66387 1.94937 1.07574 0.0191008 0.00224664
1.68908 1.94937 1.07252 0.018572 0.00224966
1.71429 1.94937 1.06938 0.0180429 0.00225157
1.7395 1.94937 1.06633 0.0175142 0.00225181
1.76471 1.94937 1.06336 0.0169868 0.00224988
1.78992 1.94937 1.06047 0.0164612 0.00224535
1.81513 1.94937 1.05767 0.0159379 0.00223788
1.84034 1.94937 1.05494 0.0154175 0.00222719
1.86555 1.94937 1.05231 0.0149006 0.00221309
1.89076 1.94937 1.04975 0.0143874 0.00219545
1.91597 1.94937 1.04727 0.0138786 0.00217422
1.94118 1.94937 1.04488 0.0133746 0.00214941
1.96639 1.94937 1.04257 0.0128757 0.0021211
1.9916 1.94937 1.04034 0.0123826 0.0020894
2.01681 1.94937 1.0382 0.0118956 0.0020545
2.04202 1.94937 1.03613 0.0114153 0.00201661
2.06723 1.94937 1.03414 0.0109421 0.00197598
2.09244 1.94937 1.03224 0.0104765 0.00193288
2.11765 1.94937 1.03041 0.010019 0.00188761
2.14286 1.94937 1.02867 0.00957002 0.00184048
2.16807 1.94937 1.027 0.00913004 0.00179179
2.19328 1.94937 1.0254 0.00869948 0.00174187
2.21849 1.94937 1.02389 0.00827872 0.00169101
2.2437 1.94937 1.02244 0.00786811 0.00163954
2.26891 1.94937 1.02107 0.00746799 0.00158773
2.29412 1.94937 1.01977 0.00707861 0.00153587
2.31933 1.94937 1.01854 0.00670021 0.00148423
2.34454 1.94937 1.01738 0.00633296 0.00143303
2.36975 1.94937 1.01628 0.00597697 0.00138252
2.39496 1.94937 1.01525 0.00563234 0.00133289
2.42017 1.94937 1.01428 0.00529907 0.00128435
2.44538 1.94937 1.01336 0.00497714 0.00123705
2.47059 1.94937 1.0125 0.00466648 0.00119115
2.4958 1.94937 1.0117 0.00436699 0.00114677
2.52101 1.94937 1.01095 0.0040785 0.00110402
2.54622 1.94937 1.01025 0.00380083 0.001063
2.57143 1.94937 1.0096 0.00353376 0.00102375
2.59664 1.94937 1.009 0.00327705 0.000986321
2.62185 1.94937 1.00844 0.00303044 0.00095071
2.64706 1.94937 1.00792 0.00279365 0.000916885
2.67227 1.94937 1.00744 0.00256637 0.000884764
2.69748 1.94937 1.00699 0.00234827 0.000854205
2.72269 1.94937 1.00658 0.002139 0.000824982
2.7479 1.94937 1.0062 0.00193816 0.000796759
2.77311 1.94937 1.00584 0.00174525 0.000769036
2.79832 1.94937 1.00551 0.00155964 0.000741076
2.82353 1.94937 1.00519 0.00138046 0.000711777
2.84874 1.94937 1.00489 0.0012064 0.000679457
2.87395 1.94937 1.0046 0.0010354 0.000641458
2.89916 1.94937 1.0043 0.000864142 0.000593398
2.92437 1.94937 1.00399 0.00068708 0.000527651
2.94958 1.94937 1.00367 0.000494937 0.000430145
2.97479 1.94937 1.00333 0.000272278 0.000272516
3 1.94937 1.00304 0 0

0 1.97468 1.15202 0 0
0.0252101 1.97468 1.16901 -0.00259112 0.00254648
0.0504202 1.97468 1.17841 -0.00377685 0.00322899
0.0756303 1.97468 1.18861 -0.0044437 0.00348023
0.10084 1.97468 1.19673 -0.00476465 0.00360292
0.12605 1.97468 1.20397 -0.00490046 0.00365703
0.151261 1.97468 1.21029 -0.00490252 0.00368248
0.176471 1.97468 1.21594 -0.00480543 0.003692
0.201681 1.97468 1.22101 -0.00462591 0.00369219
0.226891 1.97468 1.22561 -0.00437478 0.00368568
0.252101 1.97468 1.22976 -0.0040592 0.00367374
0.277311 1.97468 1.23351 -0.00368473 0.00365694
0.302521 1.97468 1.23688 -0.00325607 0.0036356
0.327731 1.97468 1.23988 -0.00277757 0.00360992
0.352941 1.97468 1.2425 -0.00225339 0.00358005
0.378151 1.97468 1.24475 -0.00168771 0.00354616
0.403361 1.97468 1.24663 -0.00108474 0.00350836
0.428571 1.97468 1.24814 -0.000448772 0.00346682
0.453782 1.97468 1.24927 0.0002158 0.00342166
0.478992 1.97468 1.25002 0.000904489 0.00337305
0.504202 1.97468 1.2504 0.00161272 0.00332113
0.529412 1.97468 1.25039 0.00233586 0.00326607
0.554622 1.97468 1.25 0.00306921 0.00320804
0.579832 1.97468 1.24924 0.00380807 0.00314719
0.605042 1.97468 1.24811 0.00454774 0.00308373
0.630252 1.97468 1.24661 0.00528357 0.00301785
0.655462 1.97468 1.24476 0.00601097 0.00294974
0.680672 1.97468 1.24256 0.00672549 0.00287963
0.705882 1.97468 1.24002 0.00742282 0.00280777
0.731092 1.97468 1.23717 0.00809883 0.0027344
0.756303 1.97468 1.23401 0.00874964 0.00265979
0.781513 1.97468 1.23057 0.00937161 0.00258424
0.806723 1.97468 1.22686 0.00996144 0.00250805
0.831933 1.97468 1.2229 0.0105161 0.00243153
0.857143 1.97468 1.21872 0.0110331 0.00235504
0.882353 1.97468 1.21434 0.0115101 0.00227891
0.907563 1.97468 1.20977 0.0119454 0.00220351
0.932773 1.97468 1.20505 0.0123377 0.00212919
0.957983 1.97468 1.2002 0.0126859 0.00205632
0.983193 1.97468 1.19524 0.0129897 0.00198526
1.0084 1.97468 1.1902 0.0132489 0.00191635
1.03361 1.97468 1.18509 0.0134641 0.00184994
1.05882 1.97468 1.17994 0.013636 0.00178632
1.08403 1.97468 1.17477 0.0137658 0.00172581
1.10924 1.97468 1.1696 0.0138549 0.00166864
1.13445 1.97468 1.16444 0.0139052 0.00161506
1.15966 1.97468 1.15931 0.0139187 0.00156525
1.18487 1.97468 1.15423 0.0138976 0.00151935
1.21008 1.97468 1.14921 0.0138443 0.00147747
1.23529 1.97468 1.14426 0.0137612 0.00143966
1.2605 1.97468 1.13938 0.013651 0.00140594
1.28571 1.97468 1.1346 0.0135161 0.00137626
1.31092 1.97468 1.1299 0.0133591 0.00135054
1.33613 1.97468 1.1253 0.0131823 0.00132865
1.36134 1.97468 1.1208 0.0129882 0.00131042
1.38655 1.97468 1.1164 0.0127789 0.00129564
1.41176 1.97468 1.1121 0.0125564 0.00128406
1.43697 1.97468 1.10791 0.0123228 0.00127538
1.46218 1.97468 1.10382 0.0120796 0.00126931
1.48739 1.97468 1.09983 0.0118287 0.00126552
1.51261 1.97468 1.09595 0.0115712 0.00126364
1.53782 1.97468 1.09216 0.0113085 0.00126332
1.56303 1.97468 1.08847 0.0110418 0.0012642
1.58824 1.97468 1.08487 0.0107718 0.0012659
1.61345 1.97468 1.08137 0.0104996 0.00126805
1.63866 1.97468 1.07796 0.0102257 0.00127032
1.66387 1.97468 1.07464 0.00995089 0.00127235
1.68908 1.97468 1.07141 0.00967556 0.00127385
1.71429 1.97468 1.06827 0.0094002 0.00127451
1.7395 1.97468 1.06522 0.0091252 0.00127407
1.76471 1.97468 1.06225 0.00885089 0.0012723
1.78992 1.97468 1.05937 0.00857755 0.00126902
1.81513 1.97468 1.05657 0.00830547 0.00126404
1.84034 1.97468 1.05385 0.00803488 0.00125726
1.86555 1.97468 1.05122 0.00776603 0.00124858
1.89076 1.97468 1.04868 0.00749913 0.00123794
1.91597 1.97468 1.04622 0.00723443 0.00122533
1.94118 1.97468 1.04384 0.00697214 0.00121077
1.96639 1.97468 1.04154 0.00671251 0.00119428
1.9916 1.97468 1.03933 0.00645576 0.00117595
2.01681 1.97468 1.0372 0.00620216 0.00115588
2.04202 1.97468 1.03515 0.00595195 0.00113417
2.06723 1.97468 1.03319 0.00570538 0.00111096
2.09244 1.97468 1.03131 0.00546272 0.0010864
2.11765 1.97468 1.0295 0.0052242 0.00106065
2.14286 1.97468 1.02778 0.00499009 0.00103387
2.16807 1.97468 1.02613 0.00476062 0.00100624
2.19328 1.97468 1.02457 0.00453602 0.000977923
2.21849 1.97468 1.02307 0.0043165 0.000949088
2.2437 1.97468 1.02166 0.00410226 0.000919902
2.26891 1.97468 1.02031 0.00389346 0.000890527
2.29412 1.97468 1.01904 0.00369026 0.000861116
2.31933 1.97468 1.01783 0.00349278 0.000831814
2.34454 1.97468 1.0167 0.00330112 0.000802758
2.36975 1.97468 1.01562 0.00311535 0.000774075
2.39496 1.97468 1.01462 0.00293552 0.000745881
2.42017 1.97468 1.01367 0.00276163 0.000718281
2.44538 1.97468 1.01278 0.00259368 0.000691372
2.47059 1.97468 1.01195 0.00243165 0.000665237
2.4958 1.97468 1.01117 0.00227547 0.000639949
2.52101 1.97468 1.01044 0.00212507 0.000615569
2.54622 1.97468 1.00976 0.00198037 0.000592146
2.57143 1.97468 1.00914 0.00184126 0.000569716
2.59664 1.97468 1.00855 0.00170762 0.000548299
2.62185 1.97468 1.00801 0.00157935 0.0005279
2.64706 1.97468 1.00751 0.00145629 0.000508505
2.67227 1.97468 1.00704 0.00133834 0.000490074
2.69748 1.97468 1.00661 0.00122534 0.000472539
2.72269 1.97468 1.00622 0.00111718 0.000455792
2.7479 1.97468 1.00585 0.00101369 0.000439673
2.77311 1.97468 1.00551 0.000914705 0.000423947
2.79832 1.97468 1.00518 0.000820018 0.000408274
2.82353 1.97468 1.00487 0.000729316 0.000392152
2.84874 1.97468 1.00457 0.000642096 0.000374822
2.87395 1.97468 1.00426 0.000557485 0.000355096
2.89916 1.97468 1.00394 0.000473841 0.000331008
2.92437 1.97468 1.00359 0.000388001 0.000299039
2.94958 1.97468 1.00319 0.00029319 0.00025213
2.97479 1.97468 1.00273 0.000176676 0.000172632
3 1.97468 1.00209 0 0

0 2 1 0 0
0.0252101 2 1.15161 0 0
0.0504202 2 1.17548 0 0
0.0756303 2 1.18717 0 0
0.10084 2 1.19624 0 0
0.12605 2 1.20389 0 0
0.151261 2 1.21055 0 0
0.176471 2 1.21648 0 0
0.201681 2 1.22183 0 0
0.226891 2 1.22668 0 0
0.252101 2 1.23109 0 0
0.277311 2 1.23508 0 0
0.302521 2 1.23868 0 0
0.327731 2 1.24188 0 0
0.352941 2 1.2447 0 0
0.378151 2 1.24713 0 0
0.403361 2 1.24917 0 0
0.428571 2 1.25082 0 0
0.453782 2 1.25207 0 0
0.478992 2 1.25292 0 0
0.504202 2 1.25337 0 0
0.529412 2 1.25341 0 0
0.554622 2 1.25306 0 0
0.579832 2 1.25231 0 0
0.605042 2 1.25116 0 0
0.630252 2 1.24963 0 0
0.655462 2 1.24772 0 0
0.680672 2 1.24544 0 0
0.705882 2 1.24281 0 0
0.731092 2 1.23984 0 0
0.756303 2 1.23655 0 0
0.781513 2 1.23296 0 0
0.806723 2 1.22909 0 0
0.831933 2 1.22497 0 0
0.857143 2 1.2206 0 0
0.882353 2 1.21603 0 0
0.907563 2 1.21128 0 0
0.932773 2 1.20636 0 0
0.957983 2 1.20131 0 0
0.983193 2 1.19616 0 0
1.0084 2 1.19092 0 0
1.03361 2 1.18562 0 0
1.05882 2 1.18029 0 0
1.08403 2 1.17495 0 0
1.10924 2 1.16961 0 0
1.13445 2 1.1643 0 0
1.15966 2 1.15903 0 0
1.18487 2 1.15382 0 0
1.21008 2 1.14868 0 0
1.23529 2 1.14362 0 0
1.2605 2 1.13864 0 0
1.28571 2 1.13377 0 0
1.31092 2 1.12899 0 0
1.33613 2 1.12433 0 0
1.36134 2 1.11977 0 0
1.38655 2 1.11532 0 0
1.41176 2 1.11098 0 0
1.43697 2 1.10675 0 0
1.46218 2 1.10263 0 0
1.48739 2 1.09862 0 0
1.51261 2 1.09471 0 0
1.53782 2 1.09091 0 0
1.56303 2 1.08721 0 0
1.58824 2 1.08361 0 0
1.61345 2 1.0801 0 0
1.63866 2 1.07669 0 0
1.66387 2 1.07337 0 0
1.68908 2 1.07015 0 0
1.71429 2 1.06701 0 0
1.7395 2 1.06396 0 0
1.76471 2 1.061 0 0
1.78992 2 1.05813 0 0
1.81513 2 1.05534 0 0
1.84034 2 1.05264 0 0
1.86555 2 1.05002 0 0
1.89076 2 1.04749 0 0
1.91597 2 1.04505 0 0
1.94118 2 1.04269 0 0
1.96639 2 1.04041 0 0
1.9916 2 1.03822 0 0
2.01681 2 1.03611 0 0
2.04202 2 1.03409 0 0
2.06723 2 1.03214 0 0
2.09244 2 1.03029 0 0
2.11765 2 1.02851 0 0
2.14286 2 1.02681 0 0
2.16807 2 1.02519 0 0
2.19328 2 1.02365 0 0
2.21849 2 1.02219 0 0
2.2437 2 1.0208 0 0
2.26891 2 1.01949 0 0
2.29412 2 1.01824 0 0
2.31933 2 1.01707 0 0
2.34454 2 1.01596 0 0
2.36975 2 1.01492 0 0
2.39496 2 1.01394 0 0
2.42017 2 1.01302 0 0
2.44538 2 1.01215 0 0
2.47059 2 1.01135 0 0
2.4958 2 1.0106 0 0
2.52101 2 1.0099 0 0
2.54622 2 1.00924 0 0
2.57143 2 1.00864 0 0
2.59664 2 1.00808 0 0
2.62185 2 1.00756 0 0
2.64706 2 1.00708 0 0
2.67227 2 1.00663 0 0
2.69748 2 1.00622 0 0
2.72269 2 1.00584 0 0
2.7479 2 1.00549 0 0
2.77311 2 1.00517 0 0
2.79832 2 1.00486 0 0
2.82353 2 1.00456 0 0
2.84874 2 1.00427 0 0
2.87395 2 1.00397 0 0
2.89916 2 1.00365 0 0
2.92437 2 1.00328 0 0
2.94958 2 1.0028 0 0
2.97479 2 1.00204 0 0
3 2 1 0 0

