0 0 1 0.1 0
0.0201342 0 1.3215 0 0
0.0402685 0 1.24661 0 0
0.0604027 0 1.20182 0 0
0.0805369 0 1.16931 0 0
0.100671 0 1.14896 0 0
0.120805 0 1.13458 0 0
0.14094 0 1.12393 0 0
0.161074 0 1.11568 0 0
0.181208 0 1.10904 0 0
0.201342 0 1.10347 0 0
0.221477 0 1.09865 0 0
0.241611 0 1.09432 0 0
0.261745 0 1.09034 0 0
0.281879 0 1.0866 0 0
0.302013 0 1.08302 0 0
0.322148 0 1.07956 0 0
0.342282 0 1.07619 0 0
0.362416 0 1.07288 0 0
0.38255 0 1.06963 0 0
0.402685 0 1.06643 0 0
0.422819 0 1.06328 0 0
0.442953 0 1.06017 0 0
0.463087 0 1.05712 0 0
0.483221 0 1.05413 0 0
0.503356 0 1.05121 0 0
0.52349 0 1.04835 0 0
0.543624 0 1.04558 0 0
0.563758 0 1.04289 0 0
0.583893 0 1.04029 0 0
0.604027 0 1.03779 0 0
0.624161 0 1.03539 0 0
0.644295 0 1.03309 0 0
0.66443 0 1.03091 0 0
0.684564 0 1.02883 0 0
0.704698 0 1.02687 0 0
0.724832 0 1.02501 0 0
0.744966 0 1.02326 0 0
0.765101 0 1.02162 0 0
0.785235 0 1.02007 0 0
0.805369 0 1.01862 0 0
0.825503 0 1.01723 0 0
0.845638 0 1.01591 0 0
0.865772 0 1.01462 0 0
0.885906 0 1.01333 0 0
0.90604 0 1.01198 0 0
0.926174 0 1.01049 0 0
0.946309 0 1.00869 0 0
0.966443 0 1.00602 0 0
0.986577 0 1 0 0
1.00671 0 0 0 0
1.02685 0 0 0 0
1.04698 0 0 0 0
1.06711 0 0 0 0
1.08725 0 0 0 0
1.10738 0 0 0 0
1.12752 0 0 0 0
1.14765 0 0 0 0
1.16779 0 0 0 0
1.18792 0 0 0 0
1.20805 0 0 0 0
1.22819 0 0 0 0
1.24832 0 0 0 0
1.26846 0 0 0 0
1.28859 0 0 0 0
1.30872 0 0 0 0
1.32886 0 0 0 0
1.34899 0 0 0 0
1.36913 0 0 0 0
1.38926 0 0 0 0
1.4094 0 0 0 0
1.42953 0 0 0 0
1.44966 0 0 0 0
1.4698 0 0 0 0
1.48993 0 0 0 0
1.51007 0 0 0 0
1.5302 0 0 0 0
1.55034 0 0 0 0
1.57047 0 0 0 0
1.5906 0 0 0 0
1.61074 0 0 0 0
1.63087 0 0 0 0
1.65101 0 0 0 0
1.67114 0 0 0 0
1.69128 0 0 0 0
1.71141 0 0 0 0
1.73154 0 0 0 0
1.75168 0 0 0 0
1.77181 0 0 0 0
1.79195 0 0 0 0
1.81208 0 0 0 0
1.83221 0 0 0 0
1.85235 0 0 0 0
1.87248 0 0 0 0
1.89262 0 0 0 0
1.91275 0 0 0 0
1.93289 0 0 0 0
1.95302 0 0 0 0
1.97315 0 0 0 0
1.99329 0 0 0 0
2.01342 0 1 0 0
2.03356 0 1 -4.15126e-14 -3.61902e-13
2.05369 0 1 -7.37962e-14 -7.12775e-13
2.07383 0 1 -9.48199e-14 -1.04779e-12
2.09396 0 1 -1.04006e-13 -1.36298e-12
2.11409 0 1 -1.01628e-13 -1.65491e-12
2.13423 0 1 -8.85248e-14 -1.92061e-12
2.15436 0 1 -6.58909e-14 -2.15763e-12
2.1745 0 1 -3.51782e-14 -2.36401e-12
2.19463 0 1 2.0227e-15 -2.5384e-12
2.21477 0 1 4.40595e-14 -2.67999e-12
2.2349 0 1 8.92831e-14 -2.7886e-12
2.25503 0 1 1.36112e-13 -2.86465e-12
2.27517 0 1 1.83051e-13 -2.90912e-12
2.2953 0 1 2.2875e-13 -2.92352e-12
2.31544 0 1 2.72026e-13 -2.90981e-12
2.33557 0 1 3.11883e-13 -2.87034e-12
2.3557 0 1 3.47509e-13 -2.80777e-12
2.37584 0 1 3.78307e-13 -2.72494e-12
2.39597 0 1 4.03874e-13 -2.62486e-12
2.41611 0 1 4.23977e-13 -2.51055e-12
2.43624 0 1 4.38575e-13 -2.385e-12
2.45638 0 1 4.47759e-13 -2.25111e-12
2.47651 0 1 4.51746e-13 -2.11159e-12
2.49664 0 1 4.5089e-13 -1.96893e-12
2.51678 0 1 4.45597e-13 -1.82543e-12
2.53691 0 1 4.36341e-13 -1.68307e-12
2.55705 0 1 4.23643e-13 -1.54358e-12
2.57718 0 1 4.08024e-13 -1.40841e-12
2.59732 0 1 3.9001e-13 -1.27871e-12
2.61745 0 1 3.70115e-13 -1.15538e-12
2.63758 0 1 3.48825e-13 -1.03906e-12
2.65772 0 1 3.26594e-13 -9.30199e-13
2.67785 0 1 3.03827e-13 -8.29031e-13
2.69799 0 1 2.80869e-13 -7.3561e-13
2.71812 0 1 2.5802e-13 -6.49838e-13
2.73826 0 1 2.35516e-13 -5.71497e-13
2.75839 0 1 2.13561e-13 -5.00249e-13
2.77852 0 1 1.923e-13 -4.35683e-13
2.79866 0 1 1.71823e-13 -3.77309e-13
2.81879 0 1 1.52167e-13 -3.24597e-13
2.83893 0 1 1.33323e-13 -2.76959e-13
2.85906 0 1 1.15256e-13 -2.33783e-13
2.87919 0 1 9.78827e-14 -1.94404e-13
2.89933 0 1 8.10935e-14 -1.58163e-13
2.91946 0 1 6.47415e-14 -1.24379e-13
2.9396 0 1 4.86384e-14 -9.23435e-14
2.95973 0 1 3.25955e-14 -6.13623e-14
2.97987 0 1 1.64327e-14 -3.07718e-14
3 0 1 0 0

0 0.020202 1 0.1 0
0.0201342 0.020202 1.68275 0.0483384 0.00623154
0.0402685 0.020202 1.40167 0.047115 0.00571712
0.0604027 0.020202 1.31015 0.0393987 0.00421176
0.0805369 0.020202 1.2322 0.0335155 0.00267757
0.100671 0.020202 1.18693 0.0285071 0.00149796
0.120805 0.020202 1.15815 0.0246316 0.000669441
0.14094 0.020202 1.13955 0.0216529 0.000101431
0.161074 0.020202 1.12675 0.0193565 -0.000294481
0.181208 0.020202 1.11738 0.0175604 -0.000582469
0.201342 0.020202 1.11008 0.0161309 -0.000803914
0.221477 0.020202 1.10407 0.0149726 -0.000983994
0.241611 0.020202 1.09891 0.0140178 -0.00113756
0.261745 0.020202 1.09431 0.0132179 -0.00127321
0.281879 0.020202 1.0901 0.012537 -0.00139581
0.302013 0.020202 1.08616 0.0119482 -0.00150804
0.322148 0.020202 1.08243 0.0114309 -0.00161127
0.342282 0.020202 1.07885 0.0109688 -0.00170611
0.362416 0.020202 1.07537 0.0105494 -0.00179274
0.38255 0.020202 1.07199 0.0101624 -0.00187109
0.402685 0.020202 1.06869 0.00979982 -0.00194098
0.422819 0.020202 1.06546 0.0094551 -0.00200221
0.442953 0.020202 1.06229 0.00912303 -0.00205459
0.463087 0.020202 1.05918 0.00879948 -0.00209801
0.483221 0.020202 1.05614 0.00848119 -0.00213242
0.503356 0.020202 1.05318 0.00816563 -0.0021579
0.52349 0.020202 1.05029 0.00785091 -0.00217459
0.543624 0.020202 1.04747 0.00753566 -0.00218277
0.563758 0.020202 1.04475 0.00721896 -0.00218277
0.583893 0.020202 1.04211 0.00690024 -0.00217502
0.604027 0.020202 1.03957 0.00657928 -0.00216002
0.624161 0.020202 1.03714 0.00625609 -0.00213831
0.644295 0.020202 1.0348 0.0059309 -0.00211046
0.66443 0.020202 1.03257 0.00560412 -0.00207706
0.684564 0.020202 1.03045 0.00527629 -0.00203866
0.704698 0.020202 1.02845 0.00494803 -0.00199578
0.724832 0.020202 1.02655 0.00462004 -0.00194884
0.744966 0.020202 1.02475 0.00429307 -0.00189817
0.765101 0.020202 1.02306 0.00396785 -0.0018439
0.785235 0.020202 1.02147 0.00364506 -0.00178593
0.805369 0.020202 1.01997 0.00332528 -0.00172385
0.825503 0.020202 1.01855 0.00300886 -0.00165679
0.845638 0.020202 1.01719 0.00269576 -0.00158322
0.865772 0.020202 1.01587 0.00238526 -0.00150061
0.885906 0.020202 1.01456 0.00207528 -0.00140486
0.90604 0.020202 1.01323 0.00176127 -0.00128908
0.926174 0.020202 1.01181 0.0014336 -0.00114106
0.946309 0.020202 1.01025 0.00107156 -0.000936608
0.966443 0.020202 1.00854 0.000633382 -0.000617725
0.986577 0.020202 1.0063 0 0
1.00671 0.020202 0 0 0
1.02685 0.020202 0 0 0
1.04698 0.020202 0 0 0
1.06711 0.020202 0 0 0
1.08725 0.020202 0 0 0
1.10738 0.020202 0 0 0
1.12752 0.020202 0 0 0
1.14765 0.020202 0 0 0
1.16779 0.020202 0 0 0
1.18792 0.020202 0 0 0
1.20805 0.020202 0 0 0
1.22819 0.020202 0 0 0
1.24832 0.020202 0 0 0
1.26846 0.020202 0 0 0
1.28859 0.020202 0 0 0
1.30872 0.020202 0 0 0
1.32886 0.020202 0 0 0
1.34899 0.020202 0 0 0
1.36913 0.020202 0 0 0
1.38926 0.020202 0 0 0
1.4094 0.020202 0 0 0
1.42953 0.020202 0 0 0
1.44966 0.020202 0 0 0
1.4698 0.020202 0 0 0
1.48993 0.020202 0 0 0
1.51007 0.020202 0 0 0
1.5302 0.020202 0 0 0
1.55034 0.020202 0 0 0
1.57047 0.020202 0 0 0
1.5906 0.020202 0 0 0
1.61074 0.020202 0 0 0
1.63087 0.020202 0 0 0
1.65101 0.020202 0 0 0
1.67114 0.020202 0 0 0
1.69128 0.020202 0 0 0
1.71141 0.020202 0 0 0
1.73154 0.020202 0 0 0
1.75168 0.020202 0 0 0
1.77181 0.020202 0 0 0
1.79195 0.020202 0 0 0
1.81208 0.020202 0 0 0
1.83221 0.020202 0 0 0
1.85235 0.020202 0 0 0
1.87248 0.020202 0 0 0
1.89262 0.020202 0 0 0
1.91275 0.020202 0 0 0
1.93289 0.020202 0 0 0
1.95302 0.020202 0 0 0
1.97315 0.020202 0 0 0
1.99329 0.020202 0 0 0
2.01342 0.020202 1 0 0
2.03356 0.020202 1 -4.15126e-14 -3.61902e-13
2.05369 0.020202 1 -7.37962e-14 -7.12775e-13
2.07383 0.020202 1 -9.48199e-14 -1.04779e-12
2.09396 0.020202 1 -1.04006e-13 -1.36298e-12
2.11409 0.020202 1 -1.01628e-13 -1.65491e-12
2.13423 0.020202 1 -8.85248e-14 -1.92061e-12
2.15436 0.020202 1 -6.58909e-14 -2.15763e-12
2.1745 0.020202 1 -3.51782e-14 -2.36401e-12
2.19463 0.020202 1 2.0227e-15 -2.5384e-12
2.21477 0.020202 1 4.40595e-14 -2.67999e-12
2.2349 0.020202 1 8.92831e-14 -2.7886e-12
2.25503 0.020202 1 1.36112e-13 -2.86465e-12
2.27517 0.020202 1 1.83051e-13 -2.90912e-12
2.2953 0.020202 1 2.2875e-13 -2.92352e-12
2.31544 0.020202 1 2.72026e-13 -2.90981e-12
2.33557 0.020202 1 3.11883e-13 -2.87034e-12
2.3557 0.020202 1 3.47509e-13 -2.80777e-12
2.37584 0.020202 1 3.78307e-13 -2.72494e-12
2.39597 0.020202 1 4.03874e-13 -2.62486e-12
2.41611 0.020202 1 4.23977e-13 -2.51055e-12
2.43624 0.020202 1 4.38575e-13 -2.385e-12
2.45638 0.020202 1 4.47759e-13 -2.25111e-12
2.47651 0.020202 1 4.51746e-13 -2.11159e-12
2.49664 0.020202 1 4.5089e-13 -1.96893e-12
2.51678 0.020202 1 4.45597e-13 -1.82543e-12
2.53691 0.020202 1 4.36341e-13 -1.68307e-12
2.55705 0.020202 1 4.23643e-13 -1.54358e-12
2.57718 0.020202 1 4.08024e-13 -1.40841e-12
2.59732 0.020202 1 3.9001e-13 -1.27871e-12
2.61745 0.020202 1 3.70115e-13 -1.15538e-12
2.63758 0.020202 1 3.48825e-13 -1.03906e-12
2.65772 0.020202 1 3.26594e-13 -9.30199e-13
2.67785 0.020202 1 3.03827e-13 -8.29031e-13
2.69799 0.020202 1 2.80869e-13 -7.3561e-13
2.71812 0.020202 1 2.5802e-13 -6.49838e-13
2.73826 0.020202 1 2.35516e-13 -5.71497e-13
2.75839 0.020202 1 2.13561e-13 -5.00249e-13
2.77852 0.020202 1 1.923e-13 -4.35683e-13
2.79866 0.020202 1 1.71823e-13 -3.77309e-13
2.81879 0.020202 1 1.52167e-13 -3.24597e-13
2.83893 0.020202 1 1.33323e-13 -2.76959e-13
2.85906 0.020202 1 1.15256e-13 -2.33783e-13
2.87919 0.020202 1 9.78827e-14 -1.94404e-13
2.89933 0.020202 1 8.10935e-14 -1.58163e-13
2.91946 0.020202 1 6.47415e-14 -1.24379e-13
2.9396 0.020202 1 4.86384e-14 -9.23435e-14
2.95973 0.020202 1 3.25955e-14 -6.13623e-14
2.97987 0.020202 1 1.64327e-14 -3.07718e-14
3 0.020202 1 0 0

0 0.040404 1 0.1 0
0.0201342 0.040404 1.37768 0.0679888 0.0177838
0.0402685 0.040404 1.28803 0.0656195 0.0158727
0.0604027 0.040404 1.24701 0.0597175 0.0126255
0.0805369 0.040404 1.2112 0.0539146 0.00898921
0.100671 0.040404 1.1845 0.0484169 0.0060895
0.120805 0.040404 1.16358 0.043578 0.00392002
0.14094 0.040404 1.14729 0.0394438 0.00233673
0.161074 0.040404 1.13451 0.035971 0.00117204
0.181208 0.040404 1.12435 0.0330726 0.000295042
0.201342 0.040404 1.1161 0.030653 -0.000386388
0.221477 0.040404 1.10923 0.0286235 -0.00093379
0.241611 0.040404 1.10334 0.0269075 -0.00138737
0.261745 0.040404 1.09817 0.025442 -0.00177316
0.281879 0.040404 1.09351 0.0241759 -0.00210797
0.302013 0.040404 1.08923 0.023068 -0.00240268
0.322148 0.040404 1.08522 0.0220852 -0.00266429
0.342282 0.040404 1.08142 0.0212007 -0.00289733
0.362416 0.040404 1.07778 0.0203929 -0.00310472
0.38255 0.040404 1.07427 0.0196441 -0.00328834
0.402685 0.040404 1.07087 0.0189401 -0.00344945
0.422819 0.040404 1.06755 0.0182692 -0.00358889
0.442953 0.040404 1.06432 0.0176222 -0.00370734
0.463087 0.040404 1.06116 0.0169913 -0.00380537
0.483221 0.040404 1.05808 0.0163708 -0.00388358
0.503356 0.040404 1.05507 0.0157558 -0.00394262
0.52349 0.040404 1.05214 0.015143 -0.00398322
0.543624 0.040404 1.0493 0.0145296 -0.00400623
0.563758 0.040404 1.04654 0.0139141 -0.00401261
0.583893 0.040404 1.04387 0.0132951 -0.0040034
0.604027 0.040404 1.0413 0.0126724 -0.00397974
0.624161 0.040404 1.03882 0.0120457 -0.00394281
0.644295 0.040404 1.03645 0.0114155 -0.00389381
0.66443 0.040404 1.03419 0.0107824 -0.00383393
0.684564 0.040404 1.03203 0.0101473 -0.0037643
0.704698 0.040404 1.02998 0.00951119 -0.00368593
0.724832 0.040404 1.02805 0.00887526 -0.00359965
0.744966 0.040404 1.02622 0.00824064 -0.00350602
0.765101 0.040404 1.02449 0.0076084 -0.00340524
0.785235 0.040404 1.02287 0.00697945 -0.00329702
0.805369 0.040404 1.02134 0.00635436 -0.00318037
0.825503 0.040404 1.01989 0.00573312 -0.00305333
0.845638 0.040404 1.01852 0.00511483 -0.0029125
0.865772 0.040404 1.01721 0.004497 -0.00275233
0.885906 0.040404 1.01593 0.00387461 -0.00256381
0.90604 0.040404 1.01467 0.00323827 -0.00233205
0.926174 0.040404 1.01341 0.00257124 -0.00203146
0.946309 0.040404 1.01212 0.0018444 -0.00161572
0.966443 0.040404 1.01081 0.00100905 -0.000995118
0.986577 0.040404 1.00966 0 0
1.00671 0.040404 0 0 0
1.02685 0.040404 0 0 0
1.04698 0.040404 0 0 0
1.06711 0.040404 0 0 0
1.08725 0.040404 0 0 0
1.10738 0.040404 0 0 0
1.12752 0.040404 0 0 0
1.14765 0.040404 0 0 0
1.16779 0.040404 0 0 0
1.18792 0.040404 0 0 0
1.20805 0.040404 0 0 0
1.22819 0.040404 0 0 0
1.24832 0.040404 0 0 0
1.26846 0.040404 0 0 0
1.28859 0.040404 0 0 0
1.30872 0.040404 0 0 0
1.32886 0.040404 0 0 0
1.34899 0.040404 0 0 0
1.36913 0.040404 0 0 0
1.38926 0.040404 0 0 0
1.4094 0.040404 0 0 0
1.42953 0.040404 0 0 0
1.44966 0.040404 0 0 0
1.4698 0.040404 0 0 0
1.48993 0.040404 0 0 0
1.51007 0.040404 0 0 0
1.5302 0.040404 0 0 0
1.55034 0.040404 0 0 0
1.57047 0.040404 0 0 0
1.5906 0.040404 0 0 0
1.61074 0.040404 0 0 0
1.63087 0.040404 0 0 0
1.65101 0.040404 0 0 0
1.67114 0.040404 0 0 0
1.69128 0.040404 0 0 0
1.71141 0.040404 0 0 0
1.73154 0.040404 0 0 0
1.75168 0.040404 0 0 0
1.77181 0.040404 0 0 0
1.79195 0.040404 0 0 0
1.81208 0.040404 0 0 0
1.83221 0.040404 0 0 0
1.85235 0.040404 0 0 0
1.87248 0.040404 0 0 0
1.89262 0.040404 0 0 0
1.91275 0.040404 0 0 0
1.93289 0.040404 0 0 0
1.95302 0.040404 0 0 0
1.97315 0.040404 0 0 0
1.99329 0.040404 0 0 0
2.01342 0.040404 1 0 0
2.03356 0.040404 1 -5.32981e-14 -3.8931e-13
2.05369 0.040404 1 -9.22853e-14 -7.65011e-13
2.07383 0.040404 1 -1.16687e-13 -1.12309e-12
2.09396 0.040404 1 -1.26799e-13 -1.45967e-12
2.11409 0.040404 1 -1.23429e-13 -1.77123e-12
2.13423 0.040404 1 -1.07808e-13 -2.05464e-12
2.15436 0.040404 1 -8.14573e-14 -2.3073e-12
2.1745 0.040404 1 -4.61054e-14 -2.52713e-12
2.19463 0.040404 1 -3.60098e-15 -2.71265e-12
2.21477 0.040404 1 4.41759e-14 -2.86304e-12
2.2349 0.040404 1 9.53532e-14 -2.97808e-12
2.25503 0.040404 1 1.48146e-13 -3.05825e-12
2.27517 0.040404 1 2.00881e-13 -3.10461e-12
2.2953 0.040404 1 2.52057e-13 -3.1188e-12
2.31544 0.040404 1 3.00366e-13 -3.10294e-12
2.33557 0.040404 1 3.44704e-13 -3.05958e-12
2.3557 0.040404 1 3.84194e-13 -2.99159e-12
2.37584 0.040404 1 4.18188e-13 -2.90203e-12
2.39597 0.040404 1 4.46254e-13 -2.79413e-12
2.41611 0.040404 1 4.68167e-13 -2.67116e-12
2.43624 0.040404 1 4.839e-13 -2.53632e-12
2.45638 0.040404 1 4.93588e-13 -2.39272e-12
2.47651 0.040404 1 4.975e-13 -2.24326e-12
2.49664 0.040404 1 4.96037e-13 -2.09061e-12
2.51678 0.040404 1 4.89677e-13 -1.93722e-12
2.53691 0.040404 1 4.78965e-13 -1.78519e-12
2.55705 0.040404 1 4.64482e-13 -1.63636e-12
2.57718 0.040404 1 4.46825e-13 -1.49226e-12
2.59732 0.040404 1 4.26591e-13 -1.3541e-12
2.61745 0.040404 1 4.04354e-13 -1.22284e-12
2.63758 0.040404 1 3.80645e-13 -1.09915e-12
2.65772 0.040404 1 3.55964e-13 -9.83481e-13
2.67785 0.040404 1 3.30761e-13 -8.76073e-13
2.69799 0.040404 1 3.05421e-13 -7.7696e-13
2.71812 0.040404 1 2.80263e-13 -6.86039e-13
2.73826 0.040404 1 2.55549e-13 -6.0306e-13
2.75839 0.040404 1 2.31499e-13 -5.27649e-13
2.77852 0.040404 1 2.08266e-13 -4.59371e-13
2.79866 0.040404 1 1.85941e-13 -3.97694e-13
2.81879 0.040404 1 1.6456e-13 -3.42048e-13
2.83893 0.040404 1 1.44112e-13 -2.91805e-13
2.85906 0.040404 1 1.24561e-13 -2.46308e-13
2.87919 0.040404 1 1.05805e-13 -2.04858e-13
2.89933 0.040404 1 8.77083e-14 -1.66739e-13
2.91946 0.040404 1 7.01121e-14 -1.31227e-13
2.9396 0.040404 1 5.27957e-14 -9.75622e-14
2.95973 0.040404 1 3.5516e-14 -6.49751e-14
2.97987 0.040404 1 1.80234e-14 -3.27045e-14
3 0.040404 1 0 0

0 0.0606061 1 0.1 0
0.0201342 0.0606061 1.33475 0.0757222 0.0162387
0.0402685 0.0606061 1.29107 0.075406 0.0183426
0.0604027 0.0606061 1.25465 0.0722318 0.0167725
0.0805369 0.0606061 1.21954 0.0678496 0.0137079
0.100671 0.0606061 1.19153 0.062938 0.0105595
0.120805 0.0606061 1.16963 0.058113 0.00777991
0.14094 0.0606061 1.15268 0.0536668 0.00547963
0.161074 0.0606061 1.13941 0.0497126 0.00362197
0.181208 0.0606061 1.12882 0.0462598 0.00212769
0.201342 0.0606061 1.12016 0.0432694 0.000916406
0.221477 0.0606061 1.11291 0.0406836 -7.90321e-05
0.241611 0.0606061 1.10668 0.0384417 -0.000910222
0.261745 0.0606061 1.1012 0.0364866 -0.00161513
0.281879 0.0606061 1.09629 0.0347677 -0.00222104
0.302013 0.0606061 1.0918 0.0332413 -0.00274737
0.322148 0.0606061 1.08762 0.0318706 -0.00320786
0.342282 0.0606061 1.08368 0.0306243 -0.00361221
0.362416 0.0606061 1.07994 0.0294764 -0.00396734
0.38255 0.0606061 1.07634 0.0284053 -0.00427821
0.402685 0.0606061 1.07286 0.027393 -0.00454849
0.422819 0.0606061 1.06949 0.0264244 -0.00478093
0.442953 0.0606061 1.06621 0.0254876 -0.00497777
0.463087 0.0606061 1.06302 0.0245726 -0.00514086
0.483221 0.0606061 1.0599 0.0236714 -0.00527193
0.503356 0.0606061 1.05687 0.0227779 -0.00537259
0.52349 0.0606061 1.05391 0.0218872 -0.0054445
0.543624 0.0606061 1.05104 0.020996 -0.00548934
0.563758 0.0606061 1.04825 0.0201017 -0.00550886
0.583893 0.0606061 1.04556 0.0192028 -0.00550489
0.604027 0.0606061 1.04296 0.0182986 -0.00547928
0.624161 0.0606061 1.04045 0.017389 -0.00543393
0.644295 0.0606061 1.03805 0.0164744 -0.00537072
0.66443 0.0606061 1.03576 0.0155555 -0.00529146
0.684564 0.0606061 1.03357 0.0146336 -0.00519781
0.704698 0.0606061 1.03149 0.0137098 -0.00509125
0.724832 0.0606061 1.02952 0.0127855 -0.00497296
0.744966 0.0606061 1.02765 0.011862 -0.00484367
0.765101 0.0606061 1.0259 0.0109406 -0.00470356
0.785235 0.0606061 1.02425 0.0100221 -0.004552
0.805369 0.0606061 1.0227 0.00910671 -0.00438728
0.825503 0.0606061 1.02125 0.00819388 -0.00420615
0.845638 0.0606061 1.01988 0.00728165 -0.00400315
0.865772 0.0606061 1.01859 0.00636604 -0.00376953
0.885906 0.0606061 1.01736 0.00543995 -0.00349148
0.90604 0.0606061 1.01619 0.00449168 -0.00314713
0.926174 0.0606061 1.01507 0.00350297 -0.00270143
0.946309 0.0606061 1.014 0.00244714 -0.00209758
0.966443 0.0606061 1.01302 0.00128901 -0.00124371
0.986577 0.0606061 1.01229 0 0
1.00671 0.0606061 0 0 0
1.02685 0.0606061 0 0 0
1.04698 0.0606061 0 0 0
1.06711 0.0606061 0 0 0
1.08725 0.0606061 0 0 0
1.10738 0.0606061 0 0 0
1.12752 0.0606061 0 0 0
1.14765 0.0606061 0 0 0
1.16779 0.0606061 0 0 0
1.18792 0.0606061 0 0 0
1.20805 0.0606061 0 0 0
1.22819 0.0606061 0 0 0
1.24832 0.0606061 0 0 0
1.26846 0.0606061 0 0 0
1.28859 0.0606061 0 0 0
1.30872 0.0606061 0 0 0
1.32886 0.0606061 0 0 0
1.34899 0.0606061 0 0 0
1.36913 0.0606061 0 0 0
1.38926 0.0606061 0 0 0
1.4094 0.0606061 0 0 0
1.42953 0.0606061 0 0 0
1.44966 0.0606061 0 0 0
1.4698 0.0606061 0 0 0
1.48993 0.0606061 0 0 0
1.51007 0.0606061 0 0 0
1.5302 0.0606061 0 0 0
1.55034 0.0606061 0 0 0
1.57047 0.0606061 0 0 0
1.5906 0.0606061 0 0 0
1.61074 0.0606061 0 0 0
1.63087 0.0606061 0 0 0
1.65101 0.0606061 0 0 0
1.67114 0.0606061 0 0 0
1.69128 0.0606061 0 0 0
1.71141 0.0606061 0 0 0
1.73154 0.0606061 0 0 0
1.75168 0.0606061 0 0 0
1.77181 0.0606061 0 0 0
1.79195 0.0606061 0 0 0
1.81208 0.0606061 0 0 0
1.83221 0.0606061 0 0 0
1.85235 0.0606061 0 0 0
1.87248 0.0606061 0 0 0
1.89262 0.0606061 0 0 0
1.91275 0.0606061 0 0 0
1.93289 0.0606061 0 0 0
1.95302 0.0606061 0 0 0
1.97315 0.0606061 0 0 0
1.99329 0.0606061 0 0 0
2.01342 0.0606061 1 0 0
2.03356 0.0606061 1 -7.2448e-14 -4.41617e-13
2.05369 0.0606061 1 -1.23502e-13 -8.6615e-13
2.07383 0.0606061 1 -1.54367e-13 -1.26985e-12
2.09396 0.0606061 1 -1.66439e-13 -1.64877e-12
2.11409 0.0606061 1 -1.61378e-13 -1.99915e-12
2.13423 0.0606061 1 -1.41105e-13 -2.31756e-12
2.15436 0.0606061 1 -1.07741e-13 -2.60108e-12
2.1745 0.0606061 1 -6.35474e-14 -2.84739e-12
2.19463 0.0606061 1 -1.08737e-14 -3.05482e-12
2.21477 0.0606061 1 4.79297e-14 -3.22243e-12
2.2349 0.0606061 1 1.10562e-13 -3.35004e-12
2.25503 0.0606061 1 1.74836e-13 -3.43818e-12
2.27517 0.0606061 1 2.38741e-13 -3.48813e-12
2.2953 0.0606061 1 3.0047e-13 -3.50174e-12
2.31544 0.0606061 1 3.58453e-13 -3.4815e-12
2.33557 0.0606061 1 4.11393e-13 -3.43031e-12
2.3557 0.0606061 1 4.58275e-13 -3.35148e-12
2.37584 0.0606061 1 4.98359e-13 -3.24852e-12
2.39597 0.0606061 1 5.31162e-13 -3.12512e-12
2.41611 0.0606061 1 5.56462e-13 -2.98499e-12
2.43624 0.0606061 1 5.74274e-13 -2.83179e-12
2.45638 0.0606061 1 5.84802e-13 -2.66901e-12
2.47651 0.0606061 1 5.88425e-13 -2.49996e-12
2.49664 0.0606061 1 5.85644e-13 -2.32764e-12
2.51678 0.0606061 1 5.7707e-13 -2.15479e-12
2.53691 0.0606061 1 5.63391e-13 -1.98377e-12
2.55705 0.0606061 1 5.45317e-13 -1.81662e-12
2.57718 0.0606061 1 5.23584e-13 -1.65503e-12
2.59732 0.0606061 1 4.98922e-13 -1.50034e-12
2.61745 0.0606061 1 4.72005e-13 -1.35359e-12
2.63758 0.0606061 1 4.4348e-13 -1.21551e-12
2.65772 0.0606061 1 4.13938e-13 -1.08656e-12
2.67785 0.0606061 1 3.83913e-13 -9.66995e-13
2.69799 0.0606061 1 3.53851e-13 -8.56817e-13
2.71812 0.0606061 1 3.2412e-13 -7.55883e-13
2.73826 0.0606061 1 2.9504e-13 -6.63892e-13
2.75839 0.0606061 1 2.66844e-13 -5.80416e-13
2.77852 0.0606061 1 2.397e-13 -5.04942e-13
2.79866 0.0606061 1 2.13716e-13 -4.36873e-13
2.81879 0.0606061 1 1.88923e-13 -3.75554e-13
2.83893 0.0606061 1 1.65302e-13 -3.20276e-13
2.85906 0.0606061 1 1.42794e-13 -2.70294e-13
2.87919 0.0606061 1 1.21284e-13 -2.24838e-13
2.89933 0.0606061 1 1.00592e-13 -1.83095e-13
2.91946 0.0606061 1 8.05071e-14 -1.44235e-13
2.9396 0.0606061 1 6.07615e-14 -1.0741e-13
2.95973 0.0606061 1 4.103e-14 -7.17163e-14
2.97987 0.0606061 1 2.09336e-14 -3.62342e-14
3 0.0606061 1 0 0

0 0.0808081 1 0.1 0
0.0201342 0.0808081 1.25649 0.0802274 0.015445
0.0402685 0.0808081 1.24475 0.0801187 0.0199424
0.0604027 0.0808081 1.22439 0.0787343 0.0198968
0.0805369 0.0808081 1.20298 0.07599 0.0175895
0.100671 0.0808081 1.18371 0.0723606 0.0145569
0.120805 0.0808081 1.16702 0.0683664 0.0115168
0.14094 0.0808081 1.15289 0.064361 0.0087694
0.161074 0.0808081 1.14104 0.0605547 0.00639818
0.181208 0.0808081 1.13109 0.0570509 0.0043911
0.201342 0.0808081 1.12266 0.053884 0.00270123
0.221477 0.0808081 1.11544 0.0510487 0.00127493
0.241611 0.0808081 1.10914 0.0485188 6.33919e-05
0.261745 0.0808081 1.10356 0.0462588 -0.00097383
0.281879 0.0808081 1.09854 0.0442314 -0.00186864
0.302013 0.0808081 1.09394 0.0424001 -0.00264559
0.322148 0.0808081 1.08967 0.0407315 -0.00332326
0.342282 0.0808081 1.08565 0.0391957 -0.0039157
0.362416 0.0808081 1.08184 0.0377667 -0.00443348
0.38255 0.0808081 1.07819 0.036422 -0.00488468
0.402685 0.0808081 1.07467 0.0351424 -0.00527552
0.422819 0.0808081 1.07127 0.0339117 -0.00561094
0.442953 0.0808081 1.06796 0.0327163 -0.00589495
0.463087 0.0808081 1.06474 0.0315452 -0.00613101
0.483221 0.0808081 1.06161 0.0303894 -0.00632217
0.503356 0.0808081 1.05856 0.0292416 -0.00647125
0.52349 0.0808081 1.05558 0.0280964 -0.00658098
0.543624 0.0808081 1.05269 0.0269497 -0.00665403
0.563758 0.0808081 1.04989 0.0257986 -0.00669305
0.583893 0.0808081 1.04717 0.0246414 -0.00670072
0.604027 0.0808081 1.04455 0.0234772 -0.00667969
0.624161 0.0808081 1.04202 0.0223058 -0.00663258
0.644295 0.0808081 1.03959 0.0211277 -0.00656194
0.66443 0.0808081 1.03727 0.0199438 -0.00647018
0.684564 0.0808081 1.03505 0.0187553 -0.0063595
0.704698 0.0808081 1.03294 0.0175637 -0.00623178
0.724832 0.0808081 1.03095 0.0163704 -0.00608847
0.744966 0.0808081 1.02906 0.0151768 -0.00593042
0.765101 0.0808081 1.02729 0.0139842 -0.00575769
0.785235 0.0808081 1.02562 0.0127931 -0.00556925
0.805369 0.0808081 1.02406 0.0116035 -0.00536258
0.825503 0.0808081 1.02261 0.0104144 -0.00513314
0.845638 0.0808081 1.02125 0.009223 -0.00487348
0.865772 0.0808081 1.01999 0.00802461 -0.00457203
0.885906 0.0808081 1.01882 0.0068115 -0.00421117
0.90604 0.0808081 1.01774 0.0055722 -0.00376432
0.926174 0.0808081 1.01674 0.00429075 -0.00319168
0.946309 0.0808081 1.01586 0.00294718 -0.00243438
0.966443 0.0808081 1.0151 0.00152013 -0.00140805
0.986577 0.0808081 1.0146 0 0
1.00671 0.0808081 0 0 0
1.02685 0.0808081 0 0 0
1.04698 0.0808081 0 0 0
1.06711 0.0808081 0 0 0
1.08725 0.0808081 0 0 0
1.10738 0.0808081 0 0 0
1.12752 0.0808081 0 0 0
1.14765 0.0808081 0 0 0
1.16779 0.0808081 0 0 0
1.18792 0.0808081 0 0 0
1.20805 0.0808081 0 0 0
1.22819 0.0808081 0 0 0
1.24832 0.0808081 0 0 0
1.26846 0.0808081 0 0 0
1.28859 0.0808081 0 0 0
1.30872 0.0808081 0 0 0
1.32886 0.0808081 0 0 0
1.34899 0.0808081 0 0 0
1.36913 0.0808081 0 0 0
1.38926 0.0808081 0 0 0
1.4094 0.0808081 0 0 0
1.42953 0.0808081 0 0 0
1.44966 0.0808081 0 0 0
1.4698 0.0808081 0 0 0
1.48993 0.0808081 0 0 0
1.51007 0.0808081 0 0 0
1.5302 0.0808081 0 0 0
1.55034 0.0808081 0 0 0
1.57047 0.0808081 0 0 0
1.5906 0.0808081 0 0 0
1.61074 0.0808081 0 0 0
1.63087 0.0808081 0 0 0
1.65101 0.0808081 0 0 0
1.67114 0.0808081 0 0 0
1.69128 0.0808081 0 0 0
1.71141 0.0808081 0 0 0
1.73154 0.0808081 0 0 0
1.75168 0.0808081 0 0 0
1.77181 0.0808081 0 0 0
1.79195 0.0808081 0 0 0
1.81208 0.0808081 0 0 0
1.83221 0.0808081 0 0 0
1.85235 0.0808081 0 0 0
1.87248 0.0808081 0 0 0
1.89262 0.0808081 0 0 0
1.91275 0.0808081 0 0 0
1.93289 0.0808081 0 0 0
1.95302 0.0808081 0 0 0
1.97315 0.0808081 0 0 0
1.99329 0.0808081 0 0 0
2.01342 0.0808081 1 0 0
2.03356 0.0808081 1 -9.80035e-14 -5.21823e-13
2.05369 0.0808081 1 -1.6574e-13 -1.02223e-12
2.07383 0.0808081 1 -2.05751e-13 -1.4972e-12
2.09396 0.0808081 1 -2.20611e-13 -1.94239e-12
2.11409 0.0808081 1 -2.13002e-13 -2.35352e-12
2.13423 0.0808081 1 -1.85772e-13 -2.72665e-12
2.15436 0.0808081 1 -1.419e-13 -3.05836e-12
2.1745 0.0808081 1 -8.44424e-14 -3.34594e-12
2.19463 0.0808081 1 -1.64951e-14 -3.58744e-12
2.21477 0.0808081 1 5.88758e-14 -3.78177e-12
2.2349 0.0808081 1 1.38707e-13 -3.92874e-12
2.25503 0.0808081 1 2.20214e-13 -4.02905e-12
2.27517 0.0808081 1 3.00855e-13 -4.08423e-12
2.2953 0.0808081 1 3.78362e-13 -4.09661e-12
2.31544 0.0808081 1 4.50784e-13 -4.06914e-12
2.33557 0.0808081 1 5.16523e-13 -4.00538e-12
2.3557 0.0808081 1 5.74351e-13 -3.90929e-12
2.37584 0.0808081 1 6.23385e-13 -3.7851e-12
2.39597 0.0808081 1 6.6308e-13 -3.63722e-12
2.41611 0.0808081 1 6.93229e-13 -3.47009e-12
2.43624 0.0808081 1 7.13907e-13 -3.28804e-12
2.45638 0.0808081 1 7.2543e-13 -3.09523e-12
2.47651 0.0808081 1 7.28326e-13 -2.89553e-12
2.49664 0.0808081 1 7.23284e-13 -2.69251e-12
2.51678 0.0808081 1 7.11109e-13 -2.48933e-12
2.53691 0.0808081 1 6.92698e-13 -2.28877e-12
2.55705 0.0808081 1 6.68969e-13 -2.09316e-12
2.57718 0.0808081 1 6.40866e-13 -1.90445e-12
2.59732 0.0808081 1 6.09306e-13 -1.72417e-12
2.61745 0.0808081 1 5.75141e-13 -1.55348e-12
2.63758 0.0808081 1 5.39188e-13 -1.39318e-12
2.65772 0.0808081 1 5.02168e-13 -1.24378e-12
2.67785 0.0808081 1 4.64728e-13 -1.10549e-12
2.69799 0.0808081 1 4.27425e-13 -9.78312e-13
2.71812 0.0808081 1 3.90703e-13 -8.6202e-13
2.73826 0.0808081 1 3.54932e-13 -7.56225e-13
2.75839 0.0808081 1 3.20398e-13 -6.60412e-13
2.77852 0.0808081 1 2.8729e-13 -5.7395e-13
2.79866 0.0808081 1 2.5572e-13 -4.96127e-13
2.81879 0.0808081 1 2.25722e-13 -4.2616e-13
2.83893 0.0808081 1 1.97263e-13 -3.63216e-13
2.85906 0.0808081 1 1.70254e-13 -3.0642e-13
2.87919 0.0808081 1 1.44534e-13 -2.54869e-13
2.89933 0.0808081 1 1.19881e-13 -2.07615e-13
2.91946 0.0808081 1 9.60107e-14 -1.63685e-13
2.9396 0.0808081 1 7.25652e-14 -1.22066e-13
2.95973 0.0808081 1 4.91169e-14 -8.16819e-14
2.97987 0.0808081 1 2.51424e-14 -4.14023e-14
3 0.0808081 1 0 0

0 0.10101 1 0.1 0
0.0201342 0.10101 1.21424 0.0828696 0.0135126
0.0402685 0.10101 1.21752 0.08274 0.0193
0.0604027 0.10101 1.20573 0.0824211 0.020719
0.0805369 0.10101 1.19113 0.0809684 0.0195736
0.100671 0.10101 1.17659 0.0785595 0.0172046
0.120805 0.10101 1.16314 0.0755488 0.0144054
0.14094 0.10101 1.15117 0.0722535 0.0116052
0.161074 0.10101 1.14073 0.0689075 0.00900585
0.181208 0.10101 1.13165 0.0656608 0.00668202
0.201342 0.10101 1.12375 0.062597 0.0046428
0.221477 0.10101 1.11683 0.0597536 0.00286776
0.241611 0.10101 1.1107 0.0571384 0.00132594
0.261745 0.10101 1.1052 0.0547414 -1.46503e-05
0.281879 0.10101 1.1002 0.052543 -0.00118299
0.302013 0.10101 1.0956 0.0505193 -0.00220366
0.322148 0.10101 1.09132 0.0486452 -0.00309682
0.342282 0.10101 1.0873 0.0468963 -0.00387867
0.362416 0.10101 1.08347 0.0452498 -0.00456216
0.38255 0.10101 1.07981 0.0436851 -0.00515764
0.402685 0.10101 1.07628 0.042184 -0.00567346
0.422819 0.10101 1.07287 0.0407308 -0.00611646
0.442953 0.10101 1.06956 0.0393121 -0.00649239
0.463087 0.10101 1.06633 0.0379165 -0.00680621
0.483221 0.10101 1.06319 0.0365348 -0.00706235
0.503356 0.10101 1.06013 0.0351595 -0.00726486
0.52349 0.10101 1.05715 0.033785 -0.00741757
0.543624 0.10101 1.05425 0.032407 -0.00752418
0.563758 0.10101 1.05143 0.0310224 -0.00758827
0.583893 0.10101 1.0487 0.0296294 -0.00761337
0.604027 0.10101 1.04606 0.0282271 -0.00760291
0.624161 0.10101 1.04351 0.0268155 -0.00756024
0.644295 0.10101 1.04106 0.0253951 -0.00748856
0.66443 0.10101 1.03872 0.0239668 -0.00739082
0.684564 0.10101 1.03648 0.0225321 -0.00726971
0.704698 0.10101 1.03435 0.0210924 -0.00712747
0.724832 0.10101 1.03234 0.0196494 -0.00696575
0.744966 0.10101 1.03043 0.0182045 -0.00678548
0.765101 0.10101 1.02864 0.0167588 -0.00658654
0.785235 0.10101 1.02697 0.0153128 -0.00636748
0.805369 0.10101 1.02541 0.0138662 -0.00612502
0.825503 0.10101 1.02396 0.0124179 -0.00585344
0.845638 0.10101 1.02262 0.0109648 -0.00554367
0.865772 0.10101 1.02139 0.0095022 -0.00518201
0.885906 0.10101 1.02027 0.00802303 -0.00474833
0.90604 0.10101 1.01927 0.00651756 -0.00421365
0.926174 0.10101 1.01839 0.00497368 -0.00353701
0.946309 0.10101 1.01764 0.00337831 -0.0026619
0.966443 0.10101 1.01706 0.00172039 -0.00151367
0.986577 0.10101 1.01672 0 0
1.00671 0.10101 0 0 0
1.02685 0.10101 0 0 0
1.04698 0.10101 0 0 0
1.06711 0.10101 0 0 0
1.08725 0.10101 0 0 0
1.10738 0.10101 0 0 0
1.12752 0.10101 0 0 0
1.14765 0.10101 0 0 0
1.16779 0.10101 0 0 0
1.18792 0.10101 0 0 0
1.20805 0.10101 0 0 0
1.22819 0.10101 0 0 0
1.24832 0.10101 0 0 0
1.26846 0.10101 0 0 0
1.28859 0.10101 0 0 0
1.30872 0.10101 0 0 0
1.32886 0.10101 0 0 0
1.34899 0.10101 0 0 0
1.36913 0.10101 0 0 0
1.38926 0.10101 0 0 0
1.4094 0.10101 0 0 0
1.42953 0.10101 0 0 0
1.44966 0.10101 0 0 0
1.4698 0.10101 0 0 0
1.48993 0.10101 0 0 0
1.51007 0.10101 0 0 0
1.5302 0.10101 0 0 0
1.55034 0.10101 0 0 0
1.57047 0.10101 0 0 0
1.5906 0.10101 0 0 0
1.61074 0.10101 0 0 0
1.63087 0.10101 0 0 0
1.65101 0.10101 0 0 0
1.67114 0.10101 0 0 0
1.69128 0.10101 0 0 0
1.71141 0.10101 0 0 0
1.73154 0.10101 0 0 0
1.75168 0.10101 0 0 0
1.77181 0.10101 0 0 0
1.79195 0.10101 0 0 0
1.81208 0.10101 0 0 0
1.83221 0.10101 0 0 0
1.85235 0.10101 0 0 0
1.87248 0.10101 0 0 0
1.89262 0.10101 0 0 0
1.91275 0.10101 0 0 0
1.93289 0.10101 0 0 0
1.95302 0.10101 0 0 0
1.97315 0.10101 0 0 0
1.99329 0.10101 0 0 0
2.01342 0.10101 1 0 0
2.03356 0.10101 1 -1.30276e-13 -6.34746e-13
2.05369 0.10101 1 -2.19294e-13 -1.24268e-12
2.07383 0.10101 1 -2.70944e-13 -1.819e-12
2.09396 0.10101 1 -2.89083e-13 -2.35854e-12
2.11409 0.10101 1 -2.77623e-13 -2.85619e-12
2.13423 0.10101 1 -2.40568e-13 -3.30723e-12
2.15436 0.10101 1 -1.82023e-13 -3.70749e-12
2.1745 0.10101 1 -1.06127e-13 -4.05366e-12
2.19463 0.10101 1 -1.70057e-14 -4.34339e-12
2.21477 0.10101 1 8.12898e-14 -4.57539e-12
2.2349 0.10101 1 1.84886e-13 -4.74948e-12
2.25503 0.10101 1 2.90165e-13 -4.86657e-12
2.27517 0.10101 1 3.93829e-13 -4.92864e-12
2.2953 0.10101 1 4.92974e-13 -4.93863e-12
2.31544 0.10101 1 5.8512e-13 -4.90027e-12
2.33557 0.10101 1 6.6826e-13 -4.818e-12
2.3557 0.10101 1 7.40874e-13 -4.69676e-12
2.37584 0.10101 1 8.01893e-13 -4.54184e-12
2.39597 0.10101 1 8.50696e-13 -4.35868e-12
2.41611 0.10101 1 8.87087e-13 -4.15274e-12
2.43624 0.10101 1 9.11253e-13 -3.92936e-12
2.45638 0.10101 1 9.23677e-13 -3.69361e-12
2.47651 0.10101 1 9.25099e-13 -3.45022e-12
2.49664 0.10101 1 9.16474e-13 -3.20351e-12
2.51678 0.10101 1 8.98887e-13 -2.95726e-12
2.53691 0.10101 1 8.7352e-13 -2.71481e-12
2.55705 0.10101 1 8.41598e-13 -2.47895e-12
2.57718 0.10101 1 8.04341e-13 -2.25194e-12
2.59732 0.10101 1 7.62936e-13 -2.03559e-12
2.61745 0.10101 1 7.18486e-13 -1.83121e-12
2.63758 0.10101 1 6.72018e-13 -1.63971e-12
2.65772 0.10101 1 6.24456e-13 -1.46162e-12
2.67785 0.10101 1 5.76605e-13 -1.29715e-12
2.69799 0.10101 1 5.29146e-13 -1.14621e-12
2.71812 0.10101 1 4.82641e-13 -1.00849e-12
2.73826 0.10101 1 4.37541e-13 -8.83483e-13
2.75839 0.10101 1 3.94172e-13 -7.70513e-13
2.77852 0.10101 1 3.52759e-13 -6.68799e-13
2.79866 0.10101 1 3.13434e-13 -5.77452e-13
2.81879 0.10101 1 2.76219e-13 -4.95517e-13
2.83893 0.10101 1 2.41054e-13 -4.21981e-13
2.85906 0.10101 1 2.07807e-13 -3.55784e-13
2.87919 0.10101 1 1.76267e-13 -2.95835e-13
2.89933 0.10101 1 1.46133e-13 -2.40998e-13
2.91946 0.10101 1 1.17028e-13 -1.90103e-13
2.9396 0.10101 1 8.84931e-14 -1.41911e-13
2.95973 0.10101 1 5.99618e-14 -9.51183e-14
2.97987 0.10101 1 3.07408e-14 -4.83311e-14
3 0.10101 1 0 0

0 0.121212 1 0.1 0
0.0201342 0.121212 1.18331 0.0847152 0.011778
0.0402685 0.121212 1.19284 0.0844005 0.0180474
0.0604027 0.121212 1.1869 0.0845764 0.0204825
0.0805369 0.121212 1.17773 0.0839814 0.0203598
0.100671 0.121212 1.16752 0.0825529 0.0187525
0.120805 0.121212 1.15731 0.080466 0.0164078
0.14094 0.121212 1.14767 0.0779473 0.0137986
0.161074 0.121212 1.13884 0.0752012 0.0111974
0.181208 0.121212 1.13087 0.0723844 0.00874535
0.201342 0.121212 1.12371 0.0696032 0.00650411
0.221477 0.121212 1.11728 0.0669231 0.00449068
0.241611 0.121212 1.11147 0.0643781 0.00269891
0.261745 0.121212 1.10618 0.0619807 0.00111217
0.281879 0.121212 1.10132 0.0597296 -0.000289593
0.302013 0.121212 1.09682 0.0576147 -0.0015263
0.322148 0.121212 1.09261 0.0556214 -0.0026161
0.342282 0.121212 1.08862 0.0537328 -0.00357482
0.362416 0.121212 1.08483 0.0519316 -0.00441591
0.38255 0.121212 1.08119 0.050201 -0.00515073
0.402685 0.121212 1.07769 0.0485256 -0.00578888
0.422819 0.121212 1.07429 0.0468913 -0.00633851
0.442953 0.121212 1.07099 0.045286 -0.00680667
0.463087 0.121212 1.06777 0.0436991 -0.00719959
0.483221 0.121212 1.06464 0.0421219 -0.00752286
0.503356 0.121212 1.06158 0.0405474 -0.00778164
0.52349 0.121212 1.0586 0.03897 -0.00798079
0.543624 0.121212 1.0557 0.0373856 -0.00812494
0.563758 0.121212 1.05288 0.0357914 -0.00821854
0.583893 0.121212 1.05014 0.0341857 -0.00826594
0.604027 0.121212 1.04749 0.0325677 -0.00827129
0.624161 0.121212 1.04493 0.0309375 -0.00823861
0.644295 0.121212 1.04247 0.0292959 -0.00817167
0.66443 0.121212 1.04011 0.0276439 -0.00807395
0.684564 0.121212 1.03786 0.025983 -0.00794854
0.704698 0.121212 1.03571 0.024315 -0.00779797
0.724832 0.121212 1.03368 0.0226415 -0.00762409
0.744966 0.121212 1.03176 0.020964 -0.00742782
0.765101 0.121212 1.02996 0.0192835 -0.00720888
0.785235 0.121212 1.02828 0.0176007 -0.00696544
0.805369 0.121212 1.02672 0.0159153 -0.00669357
0.825503 0.121212 1.02528 0.0142261 -0.00638664
0.845638 0.121212 1.02396 0.0125303 -0.00603441
0.865772 0.121212 1.02277 0.0108238 -0.00562182
0.885906 0.121212 1.0217 0.00910103 -0.00512753
0.90604 0.121212 1.02077 0.00735453 -0.00452194
0.926174 0.121212 1.01997 0.00557624 -0.00376513
0.946309 0.121212 1.01934 0.00375885 -0.00280482
0.966443 0.121212 1.01888 0.00189833 -0.00157555
0.986577 0.121212 1.01866 0 0
1.00671 0.121212 0 0 0
1.02685 0.121212 0 0 0
1.04698 0.121212 0 0 0
1.06711 0.121212 0 0 0
1.08725 0.121212 0 0 0
1.10738 0.121212 0 0 0
1.12752 0.121212 0 0 0
1.14765 0.121212 0 0 0
1.16779 0.121212 0 0 0
1.18792 0.121212 0 0 0
1.20805 0.121212 0 0 0
1.22819 0.121212 0 0 0
1.24832 0.121212 0 0 0
1.26846 0.121212 0 0 0
1.28859 0.121212 0 0 0
1.30872 0.121212 0 0 0
1.32886 0.121212 0 0 0
1.34899 0.121212 0 0 0
1.36913 0.121212 0 0 0
1.38926 0.121212 0 0 0
1.4094 0.121212 0 0 0
1.42953 0.121212 0 0 0
1.44966 0.121212 0 0 0
1.4698 0.121212 0 0 0
1.48993 0.121212 0 0 0
1.51007 0.121212 0 0 0
1.5302 0.121212 0 0 0
1.55034 0.121212 0 0 0
1.57047 0.121212 0 0 0
1.5906 0.121212 0 0 0
1.61074 0.121212 0 0 0
1.63087 0.121212 0 0 0
1.65101 0.121212 0 0 0
1.67114 0.121212 0 0 0
1.69128 0.121212 0 0 0
1.71141 0.121212 0 0 0
1.73154 0.121212 0 0 0
1.75168 0.121212 0 0 0
1.77181 0.121212 0 0 0
1.79195 0.121212 0 0 0
1.81208 0.121212 0 0 0
1.83221 0.121212 0 0 0
1.85235 0.121212 0 0 0
1.87248 0.121212 0 0 0
1.89262 0.121212 0 0 0
1.91275 0.121212 0 0 0
1.93289 0.121212 0 0 0
1.95302 0.121212 0 0 0
1.97315 0.121212 0 0 0
1.99329 0.121212 0 0 0
2.01342 0.121212 1 0 0
2.03356 0.121212 1 -1.70353e-13 -7.87314e-13
2.05369 0.121212 1 -2.85724e-13 -1.54098e-12
2.07383 0.121212 1 -3.51507e-13 -2.25494e-12
2.09396 0.121212 1 -3.73058e-13 -2.92278e-12
2.11409 0.121212 1 -3.55772e-13 -3.53812e-12
2.13423 0.121212 1 -3.0511e-13 -4.09505e-12
2.15436 0.121212 1 -2.26595e-13 -4.58837e-12
2.1745 0.121212 1 -1.25795e-13 -5.01393e-12
2.19463 0.121212 1 -8.2143e-15 -5.36883e-12
2.21477 0.121212 1 1.20799e-13 -5.65147e-12
2.2349 0.121212 1 2.56134e-13 -5.86172e-12
2.25503 0.121212 1 3.93048e-13 -6.00082e-12
2.27517 0.121212 1 5.27246e-13 -6.07136e-12
2.2953 0.121212 1 6.54973e-13 -6.07713e-12
2.31544 0.121212 1 7.73054e-13 -6.02299e-12
2.33557 0.121212 1 8.78935e-13 -5.91461e-12
2.3557 0.121212 1 9.70701e-13 -5.75829e-12
2.37584 0.121212 1 1.04706e-12 -5.56076e-12
2.39597 0.121212 1 1.10733e-12 -5.32891e-12
2.41611 0.121212 1 1.15134e-12 -5.06963e-12
2.43624 0.121212 1 1.17943e-12 -4.78961e-12
2.45638 0.121212 1 1.19232e-12 -4.4952e-12
2.47651 0.121212 1 1.19106e-12 -4.19226e-12
2.49664 0.121212 1 1.17697e-12 -3.88611e-12
2.51678 0.121212 1 1.15151e-12 -3.58145e-12
2.53691 0.121212 1 1.11628e-12 -3.28231e-12
2.55705 0.121212 1 1.0729e-12 -2.99207e-12
2.57718 0.121212 1 1.02296e-12 -2.71345e-12
2.59732 0.121212 1 9.68007e-13 -2.44856e-12
2.61745 0.121212 1 9.0949e-13 -2.19896e-12
2.63758 0.121212 1 8.48712e-13 -1.96565e-12
2.65772 0.121212 1 7.86858e-13 -1.74921e-12
2.67785 0.121212 1 7.2494e-13 -1.54978e-12
2.69799 0.121212 1 6.63809e-13 -1.3672e-12
2.71812 0.121212 1 6.04171e-13 -1.201e-12
2.73826 0.121212 1 5.4657e-13 -1.05048e-12
2.75839 0.121212 1 4.91395e-13 -9.14787e-13
2.77852 0.121212 1 4.38916e-13 -7.929e-13
2.79866 0.121212 1 3.89268e-13 -6.837e-13
2.81879 0.121212 1 3.4246e-13 -5.85995e-13
2.83893 0.121212 1 2.98401e-13 -4.98527e-13
2.85906 0.121212 1 2.56898e-13 -4.19986e-13
2.87919 0.121212 1 2.17658e-13 -3.49034e-13
2.89933 0.121212 1 1.8029e-13 -2.84283e-13
2.91946 0.121212 1 1.44303e-13 -2.24286e-13
2.9396 0.121212 1 1.09097e-13 -1.67531e-13
2.95973 0.121212 1 7.39265e-14 -1.12417e-13
2.97987 0.121212 1 3.79157e-14 -5.72137e-14
3 0.121212 1 0 0

0 0.141414 1 0.1 0
0.0201342 0.141414 1.16197 0.0860785 0.0102327
0.0402685 0.141414 1.17388 0.0855884 0.0164848
0.0604027 0.141414 1.17138 0.0859566 0.0195395
0.0805369 0.141414 1.16575 0.08588 0.0202309
0.100671 0.141414 1.15864 0.0851575 0.0193601
0.120805 0.141414 1.15098 0.0838261 0.0175643
0.14094 0.141414 1.14334 0.0820165 0.0152991
0.161074 0.141414 1.13601 0.0798808 0.0128643
0.181208 0.141414 1.12915 0.0775555 0.0104428
0.201342 0.141414 1.1228 0.0751478 0.00813758
0.221477 0.141414 1.11696 0.0727342 0.00599964
0.241611 0.141414 1.11157 0.0703646 0.00404872
0.261745 0.141414 1.10659 0.0680676 0.00228663
0.281879 0.141414 1.10196 0.0658566 0.000705774
0.302013 0.141414 1.09762 0.0637343 -0.000705752
0.322148 0.141414 1.09353 0.0616962 -0.0019612
0.342282 0.141414 1.08964 0.0597337 -0.00307365
0.362416 0.141414 1.08592 0.0578358 -0.00405526
0.38255 0.141414 1.08234 0.0559906 -0.00491699
0.402685 0.141414 1.07888 0.0541863 -0.00566861
0.422819 0.141414 1.07552 0.0524116 -0.00631881
0.442953 0.141414 1.07225 0.0506563 -0.00687536
0.463087 0.141414 1.06907 0.0489114 -0.0073453
0.483221 0.141414 1.06595 0.0471694 -0.00773507
0.503356 0.141414 1.06291 0.0454239 -0.00805071
0.52349 0.141414 1.05994 0.0436703 -0.00829788
0.543624 0.141414 1.05705 0.0419048 -0.00848201
0.563758 0.141414 1.05423 0.0401251 -0.00860831
0.583893 0.141414 1.05149 0.0383297 -0.00868179
0.604027 0.141414 1.04884 0.0365183 -0.00870727
0.624161 0.141414 1.04627 0.0346911 -0.00868932
0.644295 0.141414 1.0438 0.0328492 -0.00863223
0.66443 0.141414 1.04143 0.0309938 -0.0085399
0.684564 0.141414 1.03917 0.0291268 -0.00841577
0.704698 0.141414 1.03701 0.0272498 -0.00826261
0.724832 0.141414 1.03497 0.0253648 -0.0080824
0.744966 0.141414 1.03304 0.0234734 -0.00787607
0.765101 0.141414 1.03123 0.0215767 -0.0076432
0.785235 0.141414 1.02955 0.0196755 -0.00738164
0.805369 0.141414 1.02799 0.0177697 -0.007087
0.825503 0.141414 1.02657 0.0158584 -0.00675204
0.845638 0.141414 1.02527 0.0139395 -0.00636582
0.865772 0.141414 1.02411 0.01201 -0.00591269
0.885906 0.141414 1.02309 0.0100657 -0.00537105
0.90604 0.141414 1.02221 0.00810195 -0.00471194
0.926174 0.141414 1.0215 0.00611416 -0.00389764
0.946309 0.141414 1.02095 0.00409948 -0.00288062
0.966443 0.141414 1.0206 0.00205861 -0.00160343
0.986577 0.141414 1.02047 0 0
1.00671 0.141414 0 0 0
1.02685 0.141414 0 0 0
1.04698 0.141414 0 0 0
1.06711 0.141414 0 0 0
1.08725 0.141414 0 0 0
1.10738 0.141414 0 0 0
1.12752 0.141414 0 0 0
1.14765 0.141414 0 0 0
1.16779 0.141414 0 0 0
1.18792 0.141414 0 0 0
1.20805 0.141414 0 0 0
1.22819 0.141414 0 0 0
1.24832 0.141414 0 0 0
1.26846 0.141414 0 0 0
1.28859 0.141414 0 0 0
1.30872 0.141414 0 0 0
1.32886 0.141414 0 0 0
1.34899 0.141414 0 0 0
1.36913 0.141414 0 0 0
1.38926 0.141414 0 0 0
1.4094 0.141414 0 0 0
1.42953 0.141414 0 0 0
1.44966 0.141414 0 0 0
1.4698 0.141414 0 0 0
1.48993 0.141414 0 0 0
1.51007 0.141414 0 0 0
1.5302 0.141414 0 0 0
1.55034 0.141414 0 0 0
1.57047 0.141414 0 0 0
1.5906 0.141414 0 0 0
1.61074 0.141414 0 0 0
1.63087 0.141414 0 0 0
1.65101 0.141414 0 0 0
1.67114 0.141414 0 0 0
1.69128 0.141414 0 0 0
1.71141 0.141414 0 0 0
1.73154 0.141414 0 0 0
1.75168 0.141414 0 0 0
1.77181 0.141414 0 0 0
1.79195 0.141414 0 0 0
1.81208 0.141414 0 0 0
1.83221 0.141414 0 0 0
1.85235 0.141414 0 0 0
1.87248 0.141414 0 0 0
1.89262 0.141414 0 0 0
1.91275 0.141414 0 0 0
1.93289 0.141414 0 0 0
1.95302 0.141414 0 0 0
1.97315 0.141414 0 0 0
1.99329 0.141414 0 0 0
2.01342 0.141414 1 0 0
2.03356 0.141414 1 -2.1991e-13 -9.88867e-13
2.05369 0.141414 1 -3.67544e-13 -1.9354e-12
2.07383 0.141414 1 -4.50112e-13 -2.83177e-12
2.09396 0.141414 1 -4.74776e-13 -3.66973e-12
2.11409 0.141414 1 -4.48748e-13 -4.44114e-12
2.13423 0.141414 1 -3.79329e-13 -5.13839e-12
2.15436 0.141414 1 -2.73902e-13 -5.75486e-12
2.1745 0.141414 1 -1.39863e-13 -6.28528e-12
2.19463 0.141414 1 1.54962e-14 -6.72593e-12
2.21477 0.141414 1 1.85084e-13 -7.07487e-12
2.2349 0.141414 1 3.62168e-13 -7.33201e-12
2.25503 0.141414 1 5.40532e-13 -7.49906e-12
2.27517 0.141414 1 7.14568e-13 -7.57947e-12
2.2953 0.141414 1 8.79395e-13 -7.57825e-12
2.31544 0.141414 1 1.03093e-12 -7.50173e-12
2.33557 0.141414 1 1.16593e-12 -7.35729e-12
2.3557 0.141414 1 1.28199e-12 -7.15313e-12
2.37584 0.141414 1 1.37756e-12 -6.8979e-12
2.39597 0.141414 1 1.45186e-12 -6.60045e-12
2.41611 0.141414 1 1.5048e-12 -6.26958e-12
2.43624 0.141414 1 1.53696e-12 -5.91381e-12
2.45638 0.141414 1 1.54939e-12 -5.54118e-12
2.47651 0.141414 1 1.54359e-12 -5.15906e-12
2.49664 0.141414 1 1.52135e-12 -4.77411e-12
2.51678 0.141414 1 1.48467e-12 -4.39218e-12
2.53691 0.141414 1 1.43567e-12 -4.01822e-12
2.55705 0.141414 1 1.37651e-12 -3.65639e-12
2.57718 0.141414 1 1.3093e-12 -3.30998e-12
2.59732 0.141414 1 1.23606e-12 -2.9815e-12
2.61745 0.141414 1 1.15865e-12 -2.67276e-12
2.63758 0.141414 1 1.07876e-12 -2.38491e-12
2.65772 0.141414 1 9.97886e-13 -2.11852e-12
2.67785 0.141414 1 9.17328e-13 -1.87368e-12
2.69799 0.141414 1 8.38152e-13 -1.65007e-12
2.71812 0.141414 1 7.61232e-13 -1.447e-12
2.73826 0.141414 1 6.87227e-13 -1.26356e-12
2.75839 0.141414 1 6.16609e-13 -1.09858e-12
2.77852 0.141414 1 5.49688e-13 -9.50744e-13
2.79866 0.141414 1 4.86603e-13 -8.18633e-13
2.81879 0.141414 1 4.27337e-13 -7.00723e-13
2.83893 0.141414 1 3.71748e-13 -5.95442e-13
2.85906 0.141414 1 3.19565e-13 -5.0115e-13
2.87919 0.141414 1 2.70389e-13 -4.16189e-13
2.89933 0.141414 1 2.23713e-13 -3.38834e-13
2.91946 0.141414 1 1.78896e-13 -2.67295e-13
2.9396 0.141414 1 1.35156e-13 -1.99717e-13
2.95973 0.141414 1 9.15457e-14 -1.3411e-13
2.97987 0.141414 1 4.69461e-14 -6.8324e-14
3 0.141414 1 0 0

0 0.161616 1 0.1 0
0.0201342 0.161616 1.14642 0.0871405 0.00892199
0.0402685 0.161616 1.15892 0.0865163 0.0148967
0.0604027 0.161616 1.15839 0.0869253 0.0182615
0.0805369 0.161616 1.15509 0.0871362 0.0195343
0.100671 0.161616 1.15025 0.0868889 0.0192876
0.120805 0.161616 1.1446 0.0861305 0.0180326
0.14094 0.161616 1.13862 0.084912 0.0161738
0.161074 0.161616 1.13263 0.0833298 0.0140055
0.181208 0.161616 1.12683 0.0814881 0.0117281
0.201342 0.161616 1.12129 0.0794807 0.00947019
0.221477 0.161616 1.11607 0.0773827 0.00730867
0.241611 0.161616 1.11116 0.0752495 0.00528576
0.261745 0.161616 1.10654 0.073119 0.00342117
0.281879 0.161616 1.10218 0.0710147 0.00172076
0.302013 0.161616 1.09806 0.0689489 0.000182336
0.322148 0.161616 1.09413 0.066926 -0.00120065
0.342282 0.161616 1.09038 0.0649448 -0.00243681
0.362416 0.161616 1.08676 0.0630007 -0.0035355
0.38255 0.161616 1.08327 0.0610867 -0.00450603
0.402685 0.161616 1.07988 0.0591952 -0.00535732
0.422819 0.161616 1.07658 0.057318 -0.00609778
0.442953 0.161616 1.07336 0.0554475 -0.00673526
0.463087 0.161616 1.07021 0.0535767 -0.00727709
0.483221 0.161616 1.06713 0.0516996 -0.00773019
0.503356 0.161616 1.06412 0.0498111 -0.00810109
0.52349 0.161616 1.06117 0.0479073 -0.00839604
0.543624 0.161616 1.05829 0.0459855 -0.00862105
0.563758 0.161616 1.05548 0.0440439 -0.00878189
0.583893 0.161616 1.05275 0.0420815 -0.00888412
0.604027 0.161616 1.0501 0.0400985 -0.00893304
0.624161 0.161616 1.04754 0.0380955 -0.00893371
0.644295 0.161616 1.04506 0.0360738 -0.0088908
0.66443 0.161616 1.04269 0.0340351 -0.00880857
0.684564 0.161616 1.04041 0.0319813 -0.00869071
0.704698 0.161616 1.03825 0.0299145 -0.0085402
0.724832 0.161616 1.0362 0.0278368 -0.00835911
0.744966 0.161616 1.03427 0.0257499 -0.00814838
0.765101 0.161616 1.03246 0.0236554 -0.00790748
0.785235 0.161616 1.03077 0.0215541 -0.00763406
0.805369 0.161616 1.02922 0.0194464 -0.00732346
0.825503 0.161616 1.02781 0.0173319 -0.00696812
0.845638 0.161616 1.02653 0.0152095 -0.00655685
0.865772 0.161616 1.0254 0.0130771 -0.00607399
0.885906 0.161616 1.02442 0.0109325 -0.00549843
0.90604 0.161616 1.0236 0.0087733 -0.00480256
0.926174 0.161616 1.02295 0.0065979 -0.00395144
0.946309 0.161616 1.02247 0.00440684 -0.00290217
0.966443 0.161616 1.02219 0.00220407 -0.00160414
0.986577 0.161616 1.02215 0 0
1.00671 0.161616 0 0 0
1.02685 0.161616 0 0 0
1.04698 0.161616 0 0 0
1.06711 0.161616 0 0 0
1.08725 0.161616 0 0 0
1.10738 0.161616 0 0 0
1.12752 0.161616 0 0 0
1.14765 0.161616 0 0 0
1.16779 0.161616 0 0 0
1.18792 0.161616 0 0 0
1.20805 0.161616 0 0 0
1.22819 0.161616 0 0 0
1.24832 0.161616 0 0 0
1.26846 0.161616 0 0 0
1.28859 0.161616 0 0 0
1.30872 0.161616 0 0 0
1.32886 0.161616 0 0 0
1.34899 0.161616 0 0 0
1.36913 0.161616 0 0 0
1.38926 0.161616 0 0 0
1.4094 0.161616 0 0 0
1.42953 0.161616 0 0 0
1.44966 0.161616 0 0 0
1.4698 0.161616 0 0 0
1.48993 0.161616 0 0 0
1.51007 0.161616 0 0 0
1.5302 0.161616 0 0 0
1.55034 0.161616 0 0 0
1.57047 0.161616 0 0 0
1.5906 0.161616 0 0 0
1.61074 0.161616 0 0 0
1.63087 0.161616 0 0 0
1.65101 0.161616 0 0 0
1.67114 0.161616 0 0 0
1.69128 0.161616 0 0 0
1.71141 0.161616 0 0 0
1.73154 0.161616 0 0 0
1.75168 0.161616 0 0 0
1.77181 0.161616 0 0 0
1.79195 0.161616 0 0 0
1.81208 0.161616 0 0 0
1.83221 0.161616 0 0 0
1.85235 0.161616 0 0 0
1.87248 0.161616 0 0 0
1.89262 0.161616 0 0 0
1.91275 0.161616 0 0 0
1.93289 0.161616 0 0 0
1.95302 0.161616 0 0 0
1.97315 0.161616 0 0 0
1.99329 0.161616 0 0 0
2.01342 0.161616 1 0 0
2.03356 0.161616 1 -2.81161e-13 -1.25169e-12
2.05369 0.161616 1 -4.68124e-13 -2.45002e-12
2.07383 0.161616 1 -5.70325e-13 -3.58473e-12
2.09396 0.161616 1 -5.97182e-13 -4.64508e-12
2.11409 0.161616 1 -5.58206e-13 -5.62044e-12
2.13423 0.161616 1 -4.63041e-13 -6.50094e-12
2.15436 0.161616 1 -3.21453e-13 -7.27801e-12
2.1745 0.161616 1 -1.43231e-13 -7.94479e-12
2.19463 0.161616 1 6.1985e-14 -8.49656e-12
2.21477 0.161616 1 2.84841e-13 -8.93089e-12
2.2349 0.161616 1 5.16489e-13 -9.24777e-12
2.25503 0.161616 1 7.48764e-13 -9.44958e-12
2.27517 0.161616 1 9.74345e-13 -9.54096e-12
2.2953 0.161616 1 1.18691e-12 -9.52854e-12
2.31544 0.161616 1 1.38119e-12 -9.4207e-12
2.33557 0.161616 1 1.55308e-12 -9.22714e-12
2.3557 0.161616 1 1.69958e-12 -8.95854e-12
2.37584 0.161616 1 1.81881e-12 -8.62617e-12
2.39597 0.161616 1 1.90993e-12 -8.24151e-12
2.41611 0.161616 1 1.97301e-12 -7.81589e-12
2.43624 0.161616 1 2.00895e-12 -7.36022e-12
2.45638 0.161616 1 2.0193e-12 -6.88476e-12
2.47651 0.161616 1 2.00616e-12 -6.39889e-12
2.49664 0.161616 1 1.97197e-12 -5.91097e-12
2.51678 0.161616 1 1.91944e-12 -5.42832e-12
2.53691 0.161616 1 1.85143e-12 -4.95713e-12
2.55705 0.161616 1 1.77077e-12 -4.50248e-12
2.57718 0.161616 1 1.68025e-12 -4.0684e-12
2.59732 0.161616 1 1.58251e-12 -3.65788e-12
2.61745 0.161616 1 1.47995e-12 -3.27304e-12
2.63758 0.161616 1 1.37477e-12 -2.91514e-12
2.65772 0.161616 1 1.26885e-12 -2.58477e-12
2.67785 0.161616 1 1.16386e-12 -2.28189e-12
2.69799 0.161616 1 1.06111e-12 -2.00594e-12
2.71812 0.161616 1 9.61691e-13 -1.75598e-12
2.73826 0.161616 1 8.66406e-13 -1.53072e-12
2.75839 0.161616 1 7.75817e-13 -1.32863e-12
2.77852 0.161616 1 6.9027e-13 -1.14799e-12
2.79866 0.161616 1 6.09906e-13 -9.86978e-13
2.81879 0.161616 1 5.34659e-13 -8.43639e-13
2.83893 0.161616 1 4.6432e-13 -7.15982e-13
2.85906 0.161616 1 3.98507e-13 -6.01954e-13
2.87919 0.161616 1 3.36687e-13 -4.99473e-13
2.89933 0.161616 1 2.78202e-13 -4.06385e-13
2.91946 0.161616 1 2.22208e-13 -3.20487e-13
2.9396 0.161616 1 1.67707e-13 -2.39468e-13
2.95973 0.161616 1 1.13506e-13 -1.60865e-13
2.97987 0.161616 1 5.81778e-14 -8.20151e-14
3 0.161616 1 0 0

0 0.181818 1 0.1 0
0.0201342 0.181818 1.13476 0.087993 0.00781378
0.0402685 0.181818 1.14711 0.0872802 0.0133905
0.0604027 0.181818 1.14768 0.087665 0.0168515
0.0805369 0.181818 1.14586 0.0880205 0.0185059
0.100671 0.181818 1.14262 0.0880764 0.0187504
0.120805 0.181818 1.13849 0.0877301 0.0179784
0.14094 0.181818 1.13385 0.0869756 0.0165305
0.161074 0.181818 1.12901 0.0858608 0.0146756
0.181208 0.181818 1.12415 0.0844558 0.0126131
0.201342 0.181818 1.11938 0.0828339 0.010483
0.221477 0.181818 1.11477 0.0810609 0.00837854
0.241611 0.181818 1.11034 0.0791904 0.00635891
0.261745 0.181818 1.10611 0.0772631 0.00445889
0.281879 0.181818 1.10206 0.0753077 0.00269689
0.302013 0.181818 1.09818 0.0733431 0.00108056
0.322148 0.181818 1.09445 0.0713802 -0.000389237
0.342282 0.181818 1.09085 0.069424 -0.0017157
0.362416 0.181818 1.08737 0.067475 -0.00290435
0.38255 0.181818 1.08399 0.0655314 -0.00396192
0.402685 0.181818 1.08069 0.0635891 -0.00489565
0.422819 0.181818 1.07747 0.0616435 -0.00571292
0.442953 0.181818 1.07431 0.0596896 -0.00642104
0.463087 0.181818 1.07121 0.0577227 -0.00702715
0.483221 0.181818 1.06818 0.0557384 -0.00753818
0.503356 0.181818 1.0652 0.0537331 -0.00796086
0.52349 0.181818 1.06228 0.0517043 -0.0083017
0.543624 0.181818 1.05943 0.0496499 -0.00856703
0.563758 0.181818 1.05664 0.0475692 -0.00876299
0.583893 0.181818 1.05392 0.0454617 -0.0088955
0.604027 0.181818 1.05128 0.0433282 -0.00897022
0.624161 0.181818 1.04872 0.0411699 -0.00899251
0.644295 0.181818 1.04624 0.0389883 -0.00896735
0.66443 0.181818 1.04387 0.0367856 -0.00889924
0.684564 0.181818 1.04159 0.0345641 -0.00879207
0.704698 0.181818 1.03942 0.0323261 -0.00864894
0.724832 0.181818 1.03737 0.0300739 -0.00847201
0.744966 0.181818 1.03543 0.0278097 -0.00826222
0.765101 0.181818 1.03362 0.0255353 -0.008019
0.785235 0.181818 1.03195 0.023252 -0.0077399
0.805369 0.181818 1.0304 0.0209606 -0.00742016
0.825503 0.181818 1.029 0.0186614 -0.00705219
0.845638 0.181818 1.02774 0.0163542 -0.00662491
0.865772 0.181818 1.02664 0.0140384 -0.00612308
0.885906 0.181818 1.02569 0.0117132 -0.00552654
0.90604 0.181818 1.02492 0.00937837 -0.00480949
0.926174 0.181818 1.02431 0.00703473 -0.0039399
0.946309 0.181818 1.0239 0.00468538 -0.00287924
0.966443 0.181818 1.02369 0.00233654 -0.00158271
0.986577 0.181818 1.0237 0 0
1.00671 0.181818 0 0 0
1.02685 0.181818 0 0 0
1.04698 0.181818 0 0 0
1.06711 0.181818 0 0 0
1.08725 0.181818 0 0 0
1.10738 0.181818 0 0 0
1.12752 0.181818 0 0 0
1.14765 0.181818 0 0 0
1.16779 0.181818 0 0 0
1.18792 0.181818 0 0 0
1.20805 0.181818 0 0 0
1.22819 0.181818 0 0 0
1.24832 0.181818 0 0 0
1.26846 0.181818 0 0 0
1.28859 0.181818 0 0 0
1.30872 0.181818 0 0 0
1.32886 0.181818 0 0 0
1.34899 0.181818 0 0 0
1.36913 0.181818 0 0 0
1.38926 0.181818 0 0 0
1.4094 0.181818 0 0 0
1.42953 0.181818 0 0 0
1.44966 0.181818 0 0 0
1.4698 0.181818 0 0 0
1.48993 0.181818 0 0 0
1.51007 0.181818 0 0 0
1.5302 0.181818 0 0 0
1.55034 0.181818 0 0 0
1.57047 0.181818 0 0 0
1.5906 0.181818 0 0 0
1.61074 0.181818 0 0 0
1.63087 0.181818 0 0 0
1.65101 0.181818 0 0 0
1.67114 0.181818 0 0 0
1.69128 0.181818 0 0 0
1.71141 0.181818 0 0 0
1.73154 0.181818 0 0 0
1.75168 0.181818 0 0 0
1.77181 0.181818 0 0 0
1.79195 0.181818 0 0 0
1.81208 0.181818 0 0 0
1.83221 0.181818 0 0 0
1.85235 0.181818 0 0 0
1.87248 0.181818 0 0 0
1.89262 0.181818 0 0 0
1.91275 0.181818 0 0 0
1.93289 0.181818 0 0 0
1.95302 0.181818 0 0 0
1.97315 0.181818 0 0 0
1.99329 0.181818 0 0 0
2.01342 0.181818 1 0 0
2.03356 0.181818 1 -3.56865e-13 -1.59174e-12
2.05369 0.181818 1 -5.9162e-13 -3.11615e-12
2.07383 0.181818 1 -7.16494e-13 -4.55973e-12
2.09396 0.181818 1 -7.43742e-13 -5.9083e-12
2.11409 0.181818 1 -6.85808e-13 -7.14792e-12
2.13423 0.181818 1 -5.55372e-13 -8.26563e-12
2.15436 0.181818 1 -3.6528e-13 -9.25021e-12
2.1745 0.181818 1 -1.28427e-13 -1.00927e-11
2.19463 0.181818 1 1.42459e-13 -1.07871e-11
2.21477 0.181818 1 4.35085e-13 -1.13303e-11
2.2349 0.181818 1 7.3781e-13 -1.17224e-11
2.25503 0.181818 1 1.03994e-12 -1.19667e-11
2.27517 0.181818 1 1.33195e-12 -1.20695e-11
2.2953 0.181818 1 1.60562e-12 -1.20397e-11
2.31544 0.181818 1 1.85422e-12 -1.18884e-11
2.33557 0.181818 1 2.07253e-12 -1.16284e-11
2.3557 0.181818 1 2.25682e-12 -1.12737e-11
2.37584 0.181818 1 2.40487e-12 -1.0839e-11
2.39597 0.181818 1 2.51582e-12 -1.03393e-11
2.41611 0.181818 1 2.58998e-12 -9.7893e-12
2.43624 0.181818 1 2.62875e-12 -9.203e-12
2.45638 0.181818 1 2.63438e-12 -8.59355e-12
2.47651 0.181818 1 2.60976e-12 -7.97289e-12
2.49664 0.181818 1 2.55826e-12 -7.35163e-12
2.51678 0.181818 1 2.48354e-12 -6.73896e-12
2.53691 0.181818 1 2.38939e-12 -6.14257e-12
2.55705 0.181818 1 2.27959e-12 -5.56876e-12
2.57718 0.181818 1 2.15779e-12 -5.02239e-12
2.59732 0.181818 1 2.02741e-12 -4.50708e-12
2.61745 0.181818 1 1.89159e-12 -4.02527e-12
2.63758 0.181818 1 1.75311e-12 -3.57837e-12
2.65772 0.181818 1 1.61441e-12 -3.16688e-12
2.67785 0.181818 1 1.47755e-12 -2.79058e-12
2.69799 0.181818 1 1.34419e-12 -2.44861e-12
2.71812 0.181818 1 1.21566e-12 -2.1396e-12
2.73826 0.181818 1 1.09295e-12 -1.86183e-12
2.75839 0.181818 1 9.76706e-13 -1.61324e-12
2.77852 0.181818 1 8.67305e-13 -1.39161e-12
2.79866 0.181818 1 7.64871e-13 -1.19454e-12
2.81879 0.181818 1 6.69283e-13 -1.01956e-12
2.83893 0.181818 1 5.80218e-13 -8.6413e-13
2.85906 0.181818 1 4.97153e-13 -7.25666e-13
2.87919 0.181818 1 4.19384e-13 -6.01537e-13
2.89933 0.181818 1 3.46033e-13 -4.8907e-13
2.91946 0.181818 1 2.76017e-13 -3.85521e-13
2.9396 0.181818 1 2.08072e-13 -2.88013e-13
2.95973 0.181818 1 1.4068e-13 -1.93506e-13
2.97987 0.181818 1 7.20425e-14 -9.87096e-14
3 0.181818 1 0 0

0 0.20202 1 0.1 0
0.0201342 0.20202 1.12576 0.088692 0.00687411
0.0402685 0.20202 1.13768 0.087928 0.0120109
0.0604027 0.20202 1.13882 0.0882667 0.0154309
0.0805369 0.20202 1.13795 0.0886835 0.0173111
0.100671 0.20202 1.13582 0.0889229 0.0179204
0.120805 0.20202 1.13282 0.088861 0.0175536
0.14094 0.20202 1.12925 0.0884553 0.0164867
0.161074 0.20202 1.12535 0.0877164 0.0149544
0.181208 0.20202 1.12131 0.0866839 0.0131428
0.201342 0.20202 1.11722 0.0854094 0.0111922
0.221477 0.20202 1.11319 0.0839453 0.00920378
0.241611 0.20202 1.10923 0.0823385 0.00724727
0.261745 0.20202 1.10539 0.0806279 0.00536882
0.281879 0.20202 1.10166 0.0788437 0.00359721
0.302013 0.20202 1.09804 0.077008 0.00194896
0.322148 0.20202 1.09452 0.0751357 0.000432167
0.342282 0.20202 1.09111 0.0732363 -0.000950733
0.362416 0.20202 1.08777 0.0713148 -0.00220096
0.38255 0.20202 1.08451 0.069373 -0.00332208
0.402685 0.20202 1.08132 0.0674107 -0.00431905
0.422819 0.20202 1.07819 0.065426 -0.00519768
0.442953 0.20202 1.07511 0.0634168 -0.00596423
0.463087 0.20202 1.07208 0.0613803 -0.00662517
0.483221 0.20202 1.06909 0.0593143 -0.00718707
0.503356 0.20202 1.06616 0.0572167 -0.00765648
0.52349 0.20202 1.06328 0.055086 -0.00803991
0.543624 0.20202 1.06046 0.0529215 -0.00834375
0.563758 0.20202 1.05769 0.050723 -0.00857428
0.583893 0.20202 1.05499 0.0484913 -0.00873759
0.604027 0.20202 1.05236 0.0462275 -0.00883952
0.624161 0.20202 1.04981 0.0439333 -0.00888563
0.644295 0.20202 1.04734 0.0416109 -0.00888104
0.66443 0.20202 1.04497 0.0392629 -0.00883042
0.684564 0.20202 1.0427 0.0368918 -0.00873776
0.704698 0.20202 1.04053 0.0345005 -0.00860625
0.724832 0.20202 1.03847 0.0320916 -0.0084381
0.744966 0.20202 1.03654 0.0296677 -0.00823426
0.765101 0.20202 1.03473 0.0272308 -0.00799417
0.785235 0.20202 1.03306 0.024783 -0.00771538
0.805369 0.20202 1.03152 0.0223255 -0.00739322
0.825503 0.20202 1.03013 0.0198595 -0.00702023
0.845638 0.20202 1.02889 0.0173856 -0.00658575
0.865772 0.20202 1.02781 0.0149045 -0.00607526
0.885906 0.20202 1.0269 0.012417 -0.00546987
0.90604 0.20202 1.02616 0.00992453 -0.00474576
0.926174 0.20202 1.0256 0.00742993 -0.00387382
0.946309 0.20202 1.02524 0.00493822 -0.0028195
0.966443 0.20202 1.02508 0.00245732 -0.00154304
0.986577 0.20202 1.02514 0 0
1.00671 0.20202 0 0 0
1.02685 0.20202 0 0 0
1.04698 0.20202 0 0 0
1.06711 0.20202 0 0 0
1.08725 0.20202 0 0 0
1.10738 0.20202 0 0 0
1.12752 0.20202 0 0 0
1.14765 0.20202 0 0 0
1.16779 0.20202 0 0 0
1.18792 0.20202 0 0 0
1.20805 0.20202 0 0 0
1.22819 0.20202 0 0 0
1.24832 0.20202 0 0 0
1.26846 0.20202 0 0 0
1.28859 0.20202 0 0 0
1.30872 0.20202 0 0 0
1.32886 0.20202 0 0 0
1.34899 0.20202 0 0 0
1.36913 0.20202 0 0 0
1.38926 0.20202 0 0 0
1.4094 0.20202 0 0 0
1.42953 0.20202 0 0 0
1.44966 0.20202 0 0 0
1.4698 0.20202 0 0 0
1.48993 0.20202 0 0 0
1.51007 0.20202 0 0 0
1.5302 0.20202 0 0 0
1.55034 0.20202 0 0 0
1.57047 0.20202 0 0 0
1.5906 0.20202 0 0 0
1.61074 0.20202 0 0 0
1.63087 0.20202 0 0 0
1.65101 0.20202 0 0 0
1.67114 0.20202 0 0 0
1.69128 0.20202 0 0 0
1.71141 0.20202 0 0 0
1.73154 0.20202 0 0 0
1.75168 0.20202 0 0 0
1.77181 0.20202 0 0 0
1.79195 0.20202 0 0 0
1.81208 0.20202 0 0 0
1.83221 0.20202 0 0 0
1.85235 0.20202 0 0 0
1.87248 0.20202 0 0 0
1.89262 0.20202 0 0 0
1.91275 0.20202 0 0 0
1.93289 0.20202 0 0 0
1.95302 0.20202 0 0 0
1.97315 0.20202 0 0 0
1.99329 0.20202 0 0 0
2.01342 0.20202 1 0 0
2.03356 0.20202 1 -4.50373e-13 -2.02958e-12
2.05369 0.20202 1 -7.43009e-13 -3.9742e-12
2.07383 0.20202 1 -8.93648e-13 -5.81598e-12
2.09396 0.20202 1 -9.18167e-13 -7.53619e-12
2.11409 0.20202 1 -8.3279e-13 -9.1164e-12
2.13423 0.20202 1 -6.54104e-13 -1.05395e-11
2.15436 0.20202 1 -3.98983e-13 -1.17907e-11
2.1745 0.20202 1 -8.43834e-14 -1.28584e-11
2.19463 0.20202 1 2.72941e-13 -1.37347e-11
2.21477 0.20202 1 6.5682e-13 -1.44155e-11
2.2349 0.20202 1 1.052e-12 -1.49015e-11
2.25503 0.20202 1 1.44448e-12 -1.51972e-11
2.27517 0.20202 1 1.82187e-12 -1.53109e-11
2.2953 0.20202 1 2.17354e-12 -1.52547e-11
2.31544 0.20202 1 2.49088e-12 -1.50434e-11
2.33557 0.20202 1 2.76727e-12 -1.46938e-11
2.3557 0.20202 1 2.99817e-12 -1.42245e-11
2.37584 0.20202 1 3.18097e-12 -1.36548e-11
2.39597 0.20202 1 3.31483e-12 -1.30042e-11
2.41611 0.20202 1 3.40051e-12 -1.22917e-11
2.43624 0.20202 1 3.44013e-12 -1.15355e-11
2.45638 0.20202 1 3.43689e-12 -1.07524e-11
2.47651 0.20202 1 3.39482e-12 -9.95771e-12
2.49664 0.20202 1 3.31851e-12 -9.16481e-12
2.51678 0.20202 1 3.21288e-12 -8.38526e-12
2.53691 0.20202 1 3.08299e-12 -7.6287e-12
2.55705 0.20202 1 2.93383e-12 -6.90284e-12
2.57718 0.20202 1 2.77017e-12 -6.21363e-12
2.59732 0.20202 1 2.59647e-12 -5.56536e-12
2.61745 0.20202 1 2.41677e-12 -4.96085e-12
2.63758 0.20202 1 2.23464e-12 -4.40161e-12
2.65772 0.20202 1 2.05316e-12 -3.88802e-12
2.67785 0.20202 1 1.8749e-12 -3.41954e-12
2.69799 0.20202 1 1.70196e-12 -2.99488e-12
2.71812 0.20202 1 1.53594e-12 -2.6121e-12
2.73826 0.20202 1 1.378e-12 -2.26887e-12
2.75839 0.20202 1 1.22893e-12 -1.96249e-12
2.77852 0.20202 1 1.08912e-12 -1.69001e-12
2.79866 0.20202 1 9.5864e-13 -1.44833e-12
2.81879 0.20202 1 8.37281e-13 -1.23431e-12
2.83893 0.20202 1 7.24562e-13 -1.04468e-12
2.85906 0.20202 1 6.19772e-13 -8.76201e-13
2.87919 0.20202 1 5.2198e-13 -7.25562e-13
2.89933 0.20202 1 4.30028e-13 -5.89429e-13
2.91946 0.20202 1 3.42535e-13 -4.64369e-13
2.9396 0.20202 1 2.5788e-13 -3.46822e-13
2.95973 0.20202 1 1.74147e-13 -2.33024e-13
2.97987 0.20202 1 8.90863e-14 -1.18909e-13
3 0.20202 1 0 0

0 0.222222 1 0.1 0
0.0201342 0.222222 1.11866 0.0892743 0.0060724
0.0402685 0.222222 1.13008 0.0884869 0.0107692
0.0604027 0.222222 1.13148 0.0887773 0.0140656
0.0805369 0.222222 1.1312 0.0892094 0.0160578
0.100671 0.222222 1.12983 0.0895528 0.0169247
0.120805 0.222222 1.12766 0.0896796 0.0168831
0.14094 0.222222 1.12491 0.0895269 0.0161514
0.161074 0.222222 1.12179 0.0890792 0.0149273
0.181208 0.222222 1.11843 0.0883517 0.0133773
0.201342 0.222222 1.11496 0.0873758 0.0116345
0.221477 0.222222 1.11144 0.0861896 0.00980102
0.241611 0.222222 1.10793 0.084831 0.00795175
0.261745 0.222222 1.10445 0.0833342 0.00614011
0.281879 0.222222 1.10104 0.0817278 0.00440257
0.302013 0.222222 1.09768 0.0800346 0.00276289
0.322148 0.222222 1.09439 0.0782714 0.00123555
0.342282 0.222222 1.09117 0.0764504 -0.000171699
0.362416 0.222222 1.08799 0.0745796 -0.00145577
0.38255 0.222222 1.08487 0.0726639 -0.00261682
0.402685 0.222222 1.08179 0.0707059 -0.00365725
0.422819 0.222222 1.07876 0.0687065 -0.00458089
0.442953 0.222222 1.07576 0.0666657 -0.00539257
0.463087 0.222222 1.07281 0.064583 -0.00609776
0.483221 0.222222 1.06989 0.0624579 -0.00670231
0.503356 0.222222 1.06701 0.0602897 -0.0072123
0.52349 0.222222 1.06417 0.0580783 -0.00763394
0.543624 0.222222 1.06138 0.0558242 -0.00797347
0.563758 0.222222 1.05864 0.0535281 -0.00823707
0.583893 0.222222 1.05597 0.0511915 -0.00843082
0.604027 0.222222 1.05336 0.0488162 -0.00856057
0.624161 0.222222 1.05082 0.0464046 -0.00863192
0.644295 0.222222 1.04836 0.0439595 -0.00865006
0.66443 0.222222 1.046 0.0414838 -0.00861966
0.684564 0.222222 1.04373 0.0389807 -0.00854478
0.704698 0.222222 1.04156 0.0364532 -0.00842864
0.724832 0.222222 1.03951 0.0339046 -0.00827345
0.744966 0.222222 1.03758 0.0313377 -0.00808021
0.765101 0.222222 1.03578 0.0287553 -0.00784839
0.785235 0.222222 1.03411 0.0261597 -0.00757565
0.805369 0.222222 1.03258 0.023553 -0.00725748
0.825503 0.222222 1.0312 0.0209371 -0.0068868
0.845638 0.222222 1.02998 0.0183135 -0.0064535
0.865772 0.222222 1.02892 0.0156842 -0.00594401
0.885906 0.222222 1.02804 0.0130512 -0.00534086
0.90604 0.222222 1.02733 0.0104175 -0.0046223
0.926174 0.222222 1.02681 0.00778745 -0.00376202
0.946309 0.222222 1.02648 0.00516769 -0.00272911
0.966443 0.222222 1.02636 0.00256736 -0.00148823
0.986577 0.222222 1.02647 0 0
1.00671 0.222222 0 0 0
1.02685 0.222222 0 0 0
1.04698 0.222222 0 0 0
1.06711 0.222222 0 0 0
1.08725 0.222222 0 0 0
1.10738 0.222222 0 0 0
1.12752 0.222222 0 0 0
1.14765 0.222222 0 0 0
1.16779 0.222222 0 0 0
1.18792 0.222222 0 0 0
1.20805 0.222222 0 0 0
1.22819 0.222222 0 0 0
1.24832 0.222222 0 0 0
1.26846 0.222222 0 0 0
1.28859 0.222222 0 0 0
1.30872 0.222222 0 0 0
1.32886 0.222222 0 0 0
1.34899 0.222222 0 0 0
1.36913 0.222222 0 0 0
1.38926 0.222222 0 0 0
1.4094 0.222222 0 0 0
1.42953 0.222222 0 0 0
1.44966 0.222222 0 0 0
1.4698 0.222222 0 0 0
1.48993 0.222222 0 0 0
1.51007 0.222222 0 0 0
1.5302 0.222222 0 0 0
1.55034 0.222222 0 0 0
1.57047 0.222222 0 0 0
1.5906 0.222222 0 0 0
1.61074 0.222222 0 0 0
1.63087 0.222222 0 0 0
1.65101 0.222222 0 0 0
1.67114 0.222222 0 0 0
1.69128 0.222222 0 0 0
1.71141 0.222222 0 0 0
1.73154 0.222222 0 0 0
1.75168 0.222222 0 0 0
1.77181 0.222222 0 0 0
1.79195 0.222222 0 0 0
1.81208 0.222222 0 0 0
1.83221 0.222222 0 0 0
1.85235 0.222222 0 0 0
1.87248 0.222222 0 0 0
1.89262 0.222222 0 0 0
1.91275 0.222222 0 0 0
1.93289 0.222222 0 0 0
1.95302 0.222222 0 0 0
1.97315 0.222222 0 0 0
1.99329 0.222222 0 0 0
2.01342 0.222222 1 0 0
2.03356 0.222222 1 -5.65705e-13 -2.59157e-12
2.05369 0.222222 1 -9.28109e-13 -5.076e-12
2.07383 0.222222 1 -1.10741e-12 -7.42957e-12
2.09396 0.222222 1 -1.12412e-12 -9.62744e-12
2.11409 0.222222 1 -9.99342e-13 -1.16452e-11
2.13423 0.222222 1 -7.54744e-13 -1.34601e-11
2.15436 0.222222 1 -4.12471e-13 -1.50528e-11
2.1745 0.222222 1 5.19154e-15 -1.64078e-11
2.19463 0.222222 1 4.76244e-13 -1.75149e-11
2.21477 0.222222 1 9.79432e-13 -1.83692e-11
2.2349 0.222222 1 1.49475e-12 -1.89715e-11
2.25503 0.222222 1 2.00393e-12 -1.93282e-11
2.27517 0.222222 1 2.49084e-12 -1.94508e-11
2.2953 0.222222 1 2.94181e-12 -1.93553e-11
2.31544 0.222222 1 3.34583e-12 -1.90614e-11
2.33557 0.222222 1 3.69461e-12 -1.85916e-11
2.3557 0.222222 1 3.98259e-12 -1.79704e-11
2.37584 0.222222 1 4.20677e-12 -1.7223e-11
2.39597 0.222222 1 4.36652e-12 -1.63749e-11
2.41611 0.222222 1 4.46327e-12 -1.5451e-11
2.43624 0.222222 1 4.50018e-12 -1.44745e-11
2.45638 0.222222 1 4.4818e-12 -1.34673e-11
2.47651 0.222222 1 4.41369e-12 -1.24486e-11
2.49664 0.222222 1 4.3021e-12 -1.14357e-11
2.51678 0.222222 1 4.15365e-12 -1.04429e-11
2.53691 0.222222 1 3.97506e-12 -9.48225e-12
2.55705 0.222222 1 3.77289e-12 -8.56329e-12
2.57718 0.222222 1 3.5534e-12 -7.69319e-12
2.59732 0.222222 1 3.32235e-12 -6.87704e-12
2.61745 0.222222 1 3.08493e-12 -6.11804e-12
2.63758 0.222222 1 2.84569e-12 -5.41774e-12
2.65772 0.222222 1 2.60852e-12 -4.77629e-12
2.67785 0.222222 1 2.37666e-12 -4.19269e-12
2.69799 0.222222 1 2.15265e-12 -3.66501e-12
2.71812 0.222222 1 1.93845e-12 -3.1906e-12
2.73826 0.222222 1 1.73544e-12 -2.76626e-12
2.75839 0.222222 1 1.54451e-12 -2.38842e-12
2.77852 0.222222 1 1.36604e-12 -2.05324e-12
2.79866 0.222222 1 1.20005e-12 -1.75671e-12
2.81879 0.222222 1 1.04614e-12 -1.49479e-12
2.83893 0.222222 1 9.03657e-13 -1.26333e-12
2.85906 0.222222 1 7.71617e-13 -1.05822e-12
2.87919 0.222222 1 6.48781e-13 -8.75321e-13
2.89933 0.222222 1 5.3365e-13 -7.1046e-13
2.91946 0.222222 1 4.24448e-13 -5.59365e-13
2.9396 0.222222 1 3.19109e-13 -4.17625e-13
2.95973 0.222222 1 2.15225e-13 -2.80582e-13
2.97987 0.222222 1 1.09971e-13 -1.43215e-13
3 0.222222 1 0 0

0 0.242424 1 0.1 0
0.0201342 0.242424 1.11294 0.0897652 0.00538428
0.0402685 0.242424 1.12387 0.0889742 0.0096617
0.0604027 0.242424 1.12537 0.0892223 0.0127892
0.0805369 0.242424 1.12544 0.0896458 0.0148141
0.100671 0.242424 1.12459 0.090042 0.0158535
0.120805 0.242424 1.12303 0.0902885 0.0160647
0.14094 0.242424 1.12091 0.0903133 0.0156174
0.161074 0.242424 1.1184 0.0900842 0.0146743
0.181208 0.242424 1.11562 0.0895981 0.0133799
0.201342 0.242424 1.11266 0.0888697 0.0118558
0.221477 0.242424 1.1096 0.0879236 0.0101997
0.241611 0.242424 1.1065 0.0867882 0.00848758
0.261745 0.242424 1.10338 0.0854914 0.00677637
0.281879 0.242424 1.10026 0.0840583 0.00510753
0.302013 0.242424 1.09717 0.0825102 0.00351019
0.322148 0.242424 1.0941 0.0808645 0.00200394
0.342282 0.242424 1.09106 0.0791344 0.000601185
0.362416 0.242424 1.08805 0.0773298 -0.000691038
0.38255 0.242424 1.08507 0.0754575 -0.00186959
0.402685 0.242424 1.08212 0.0735224 -0.00293417
0.422819 0.242424 1.07919 0.0715275 -0.0038865
0.442953 0.242424 1.07629 0.0694748 -0.00472976
0.463087 0.242424 1.07341 0.0673655 -0.00546812
0.483221 0.242424 1.07056 0.0652006 -0.00610647
0.503356 0.242424 1.06774 0.062981 -0.00665019
0.52349 0.242424 1.06495 0.0607079 -0.00710495
0.543624 0.242424 1.0622 0.0583827 -0.00747659
0.563758 0.242424 1.0595 0.0560071 -0.00777103
0.583893 0.242424 1.05685 0.0535834 -0.00799415
0.604027 0.242424 1.05426 0.0511141 -0.00815166
0.624161 0.242424 1.05174 0.0486024 -0.00824905
0.644295 0.242424 1.0493 0.0460515 -0.00829144
0.66443 0.242424 1.04694 0.0434648 -0.00828346
0.684564 0.242424 1.04468 0.040846 -0.00822911
0.704698 0.242424 1.04253 0.0381987 -0.00813161
0.724832 0.242424 1.04048 0.0355265 -0.00799316
0.744966 0.242424 1.03855 0.0328327 -0.00781477
0.765101 0.242424 1.03676 0.0301207 -0.00759601
0.785235 0.242424 1.03509 0.0273934 -0.00733469
0.805369 0.242424 1.03358 0.0246535 -0.00702659
0.825503 0.242424 1.03221 0.0219036 -0.00666507
0.845638 0.242424 1.031 0.0191464 -0.00624075
0.865772 0.242424 1.02996 0.0163846 -0.00574113
0.885906 0.242424 1.0291 0.0136216 -0.00515022
0.90604 0.242424 1.02842 0.0108616 -0.00444834
0.926174 0.242424 1.02793 0.00811039 -0.00361183
0.946309 0.242424 1.02764 0.00537558 -0.00261312
0.966443 0.242424 1.02755 0.0026674 -0.00142082
0.986577 0.242424 1.0277 0 0
1.00671 0.242424 0 0 0
1.02685 0.242424 0 0 0
1.04698 0.242424 0 0 0
1.06711 0.242424 0 0 0
1.08725 0.242424 0 0 0
1.10738 0.242424 0 0 0
1.12752 0.242424 0 0 0
1.14765 0.242424 0 0 0
1.16779 0.242424 0 0 0
1.18792 0.242424 0 0 0
1.20805 0.242424 0 0 0
1.22819 0.242424 0 0 0
1.24832 0.242424 0 0 0
1.26846 0.242424 0 0 0
1.28859 0.242424 0 0 0
1.30872 0.242424 0 0 0
1.32886 0.242424 0 0 0
1.34899 0.242424 0 0 0
1.36913 0.242424 0 0 0
1.38926 0.242424 0 0 0
1.4094 0.242424 0 0 0
1.42953 0.242424 0 0 0
1.44966 0.242424 0 0 0
1.4698 0.242424 0 0 0
1.48993 0.242424 0 0 0
1.51007 0.242424 0 0 0
1.5302 0.242424 0 0 0
1.55034 0.242424 0 0 0
1.57047 0.242424 0 0 0
1.5906 0.242424 0 0 0
1.61074 0.242424 0 0 0
1.63087 0.242424 0 0 0
1.65101 0.242424 0 0 0
1.67114 0.242424 0 0 0
1.69128 0.242424 0 0 0
1.71141 0.242424 0 0 0
1.73154 0.242424 0 0 0
1.75168 0.242424 0 0 0
1.77181 0.242424 0 0 0
1.79195 0.242424 0 0 0
1.81208 0.242424 0 0 0
1.83221 0.242424 0 0 0
1.85235 0.242424 0 0 0
1.87248 0.242424 0 0 0
1.89262 0.242424 0 0 0
1.91275 0.242424 0 0 0
1.93289 0.242424 0 0 0
1.95302 0.242424 0 0 0
1.97315 0.242424 0 0 0
1.99329 0.242424 0 0 0
2.01342 0.242424 1 0 0
2.03356 0.242424 1 -7.07593e-13 -3.31144e-12
2.05369 0.242424 1 -1.15356e-12 -6.48792e-12
2.07383 0.242424 1 -1.36376e-12 -9.49793e-12
2.09396 0.242424 1 -1.3647e-12 -1.23085e-11
2.11409 0.242424 1 -1.18375e-12 -1.48871e-11
2.13423 0.242424 1 -8.49246e-13 -1.72037e-11
2.15436 0.242424 1 -3.90204e-13 -1.92324e-11
2.1745 0.242424 1 1.64104e-13 -2.09532e-11
2.19463 0.242424 1 7.84753e-13 -2.23524e-11
2.21477 0.242424 1 1.44384e-12 -2.34241e-11
2.2349 0.242424 1 2.11516e-12 -2.41697e-11
2.25503 0.242424 1 2.77488e-12 -2.45981e-11
2.27517 0.242424 1 3.40207e-12 -2.47248e-11
2.2953 0.242424 1 3.97915e-12 -2.45715e-11
2.31544 0.242424 1 4.49211e-12 -2.41645e-11
2.33557 0.242424 1 4.93061e-12 -2.35337e-11
2.3557 0.242424 1 5.28794e-12 -2.27113e-11
2.37584 0.242424 1 5.56079e-12 -2.17306e-11
2.39597 0.242424 1 5.74892e-12 -2.06249e-11
2.41611 0.242424 1 5.85479e-12 -1.94263e-11
2.43624 0.242424 1 5.88308e-12 -1.81651e-11
2.45638 0.242424 1 5.84022e-12 -1.68692e-11
2.47651 0.242424 1 5.73386e-12 -1.55634e-11
2.49664 0.242424 1 5.57249e-12 -1.42691e-11
2.51678 0.242424 1 5.36499e-12 -1.30047e-11
2.53691 0.242424 1 5.12025e-12 -1.1785e-11
2.55705 0.242424 1 4.8469e-12 -1.06216e-11
2.57718 0.242424 1 4.55309e-12 -9.52325e-12
2.59732 0.242424 1 4.24627e-12 -8.49591e-12
2.61745 0.242424 1 3.93308e-12 -7.54313e-12
2.63758 0.242424 1 3.6193e-12 -6.66641e-12
2.65772 0.242424 1 3.30983e-12 -5.86549e-12
2.67785 0.242424 1 3.00867e-12 -5.13871e-12
2.69799 0.242424 1 2.71894e-12 -4.48327e-12
2.71812 0.242424 1 2.44299e-12 -3.8955e-12
2.73826 0.242424 1 2.18244e-12 -3.37109e-12
2.75839 0.242424 1 1.93824e-12 -2.90533e-12
2.77852 0.242424 1 1.71078e-12 -2.4932e-12
2.79866 0.242424 1 1.49991e-12 -2.12954e-12
2.81879 0.242424 1 1.30504e-12 -1.80914e-12
2.83893 0.242424 1 1.12521e-12 -1.52675e-12
2.85906 0.242424 1 9.59081e-13 -1.27717e-12
2.87919 0.242424 1 8.05027e-13 -1.05522e-12
2.89933 0.242424 1 6.61097e-13 -8.55669e-13
2.91946 0.242424 1 5.25017e-13 -6.73228e-13
2.9396 0.242424 1 3.94159e-13 -5.02429e-13
2.95973 0.242424 1 2.65491e-13 -3.37522e-13
2.97987 0.242424 1 1.35495e-13 -1.72317e-13
3 0.242424 1 0 0

0 0.262626 1 0.1 0
0.0201342 0.262626 1.10827 0.0901833 0.00479087
0.0402685 0.262626 1.11875 0.0894021 0.00867936
0.0604027 0.262626 1.12025 0.0896163 0.0116168
0.0805369 0.262626 1.12052 0.0900202 0.0136217
0.100671 0.262626 1.12002 0.0904371 0.014769
0.120805 0.262626 1.11889 0.0907549 0.0151717
0.14094 0.262626 1.11725 0.0908995 0.0149599
0.161074 0.262626 1.11523 0.0908296 0.0142654
0.181208 0.262626 1.11292 0.0905289 0.0132107
0.201342 0.262626 1.1104 0.0899995 0.0119038
0.221477 0.262626 1.10775 0.0892544 0.0104352
0.241611 0.262626 1.105 0.0883126 0.0088783
0.261745 0.262626 1.1022 0.0871954 0.00729076
0.281879 0.262626 1.09937 0.0859235 0.00571656
0.302013 0.262626 1.09652 0.0845156 0.00418829
0.322148 0.262626 1.09367 0.0829881 0.00272935
0.342282 0.262626 1.09082 0.0813541 0.00135582
0.362416 0.262626 1.08798 0.0796243 7.81742e-05
0.38255 0.262626 1.08514 0.0778068 -0.00109747
0.402685 0.262626 1.08232 0.0759078 -0.00216825
0.422819 0.262626 1.0795 0.0739319 -0.00313375
0.442953 0.262626 1.07669 0.0718826 -0.00399538
0.463087 0.262626 1.07389 0.0697626 -0.00475592
0.483221 0.262626 1.07111 0.0675743 -0.00541911
0.503356 0.262626 1.06836 0.0653198 -0.00598942
0.52349 0.262626 1.06562 0.0630014 -0.00647179
0.543624 0.262626 1.06292 0.0606214 -0.00687153
0.563758 0.262626 1.06026 0.0581826 -0.00719408
0.583893 0.262626 1.05764 0.055688 -0.00744496
0.604027 0.262626 1.05508 0.0531408 -0.00762963
0.624161 0.262626 1.05258 0.0505448 -0.00775333
0.644295 0.262626 1.05015 0.0479036 -0.007821
0.66443 0.262626 1.04781 0.0452215 -0.00783713
0.684564 0.262626 1.04556 0.0425024 -0.00780562
0.704698 0.262626 1.04341 0.0397506 -0.00772958
0.724832 0.262626 1.04137 0.03697 -0.00761122
0.744966 0.262626 1.03945 0.0341646 -0.00745156
0.765101 0.262626 1.03766 0.0313381 -0.00725025
0.785235 0.262626 1.03601 0.0284942 -0.00700533
0.805369 0.262626 1.0345 0.0256361 -0.00671291
0.825503 0.262626 1.03315 0.0227674 -0.0063669
0.845638 0.262626 1.03196 0.0198914 -0.00595871
0.865772 0.262626 1.03093 0.0170119 -0.00547695
0.885906 0.262626 1.03009 0.0141332 -0.00490719
0.90604 0.262626 1.02943 0.0112608 -0.00423171
0.926174 0.262626 1.02897 0.00840123 -0.0034294
0.946309 0.262626 1.0287 0.00556333 -0.00247574
0.966443 0.262626 1.02865 0.00275803 -0.00134291
0.986577 0.262626 1.02883 0 0
1.00671 0.262626 0 0 0
1.02685 0.262626 0 0 0
1.04698 0.262626 0 0 0
1.06711 0.262626 0 0 0
1.08725 0.262626 0 0 0
1.10738 0.262626 0 0 0
1.12752 0.262626 0 0 0
1.14765 0.262626 0 0 0
1.16779 0.262626 0 0 0
1.18792 0.262626 0 0 0
1.20805 0.262626 0 0 0
1.22819 0.262626 0 0 0
1.24832 0.262626 0 0 0
1.26846 0.262626 0 0 0
1.28859 0.262626 0 0 0
1.30872 0.262626 0 0 0
1.32886 0.262626 0 0 0
1.34899 0.262626 0 0 0
1.36913 0.262626 0 0 0
1.38926 0.262626 0 0 0
1.4094 0.262626 0 0 0
1.42953 0.262626 0 0 0
1.44966 0.262626 0 0 0
1.4698 0.262626 0 0 0
1.48993 0.262626 0 0 0
1.51007 0.262626 0 0 0
1.5302 0.262626 0 0 0
1.55034 0.262626 0 0 0
1.57047 0.262626 0 0 0
1.5906 0.262626 0 0 0
1.61074 0.262626 0 0 0
1.63087 0.262626 0 0 0
1.65101 0.262626 0 0 0
1.67114 0.262626 0 0 0
1.69128 0.262626 0 0 0
1.71141 0.262626 0 0 0
1.73154 0.262626 0 0 0
1.75168 0.262626 0 0 0
1.77181 0.262626 0 0 0
1.79195 0.262626 0 0 0
1.81208 0.262626 0 0 0
1.83221 0.262626 0 0 0
1.85235 0.262626 0 0 0
1.87248 0.262626 0 0 0
1.89262 0.262626 0 0 0
1.91275 0.262626 0 0 0
1.93289 0.262626 0 0 0
1.95302 0.262626 0 0 0
1.97315 0.262626 0 0 0
1.99329 0.262626 0 0 0
2.01342 0.262626 1 0 0
2.03356 0.262626 1 -8.81536e-13 -4.23222e-12
2.05369 0.262626 1 -1.42676e-12 -8.29473e-12
2.07383 0.262626 1 -1.66876e-12 -1.21456e-11
2.09396 0.262626 1 -1.64169e-12 -1.5741e-11
2.11409 0.262626 1 -1.38114e-12 -1.90375e-11
2.13423 0.262626 1 -9.24102e-13 -2.19953e-11
2.15436 0.262626 1 -3.08636e-13 -2.45802e-11
2.1745 0.262626 1 4.26802e-13 -2.67654e-11
2.19463 0.262626 1 1.2442e-12 -2.85334e-11
2.21477 0.262626 1 2.1069e-12 -2.98767e-11
2.2349 0.262626 1 2.98063e-12 -3.07978e-11
2.25503 0.262626 1 3.83431e-12 -3.13089e-11
2.27517 0.262626 1 4.64084e-12 -3.14313e-11
2.2953 0.262626 1 5.37766e-12 -3.11941e-11
2.31544 0.262626 1 6.02702e-12 -3.06325e-11
2.33557 0.262626 1 6.57612e-12 -2.97863e-11
2.3557 0.262626 1 7.01698e-12 -2.8698e-11
2.37584 0.262626 1 7.34607e-12 -2.74114e-11
2.39597 0.262626 1 7.56396e-12 -2.597e-11
2.41611 0.262626 1 7.67464e-12 -2.44155e-11
2.43624 0.262626 1 7.68495e-12 -2.2787e-11
2.45638 0.262626 1 7.60392e-12 -2.11202e-11
2.47651 0.262626 1 7.4421e-12 -1.94468e-11
2.49664 0.262626 1 7.21094e-12 -1.77939e-11
2.51678 0.262626 1 6.9223e-12 -1.61843e-11
2.53691 0.262626 1 6.58798e-12 -1.46364e-11
2.55705 0.262626 1 6.21928e-12 -1.31646e-11
2.57718 0.262626 1 5.82677e-12 -1.17791e-11
2.59732 0.262626 1 5.42006e-12 -1.04869e-11
2.61745 0.262626 1 5.00761e-12 -9.2918e-12
2.63758 0.262626 1 4.59674e-12 -8.19515e-12
2.65772 0.262626 1 4.19356e-12 -7.19603e-12
2.67785 0.262626 1 3.80299e-12 -6.2918e-12
2.69799 0.262626 1 3.42886e-12 -5.47845e-12
2.71812 0.262626 1 3.07394e-12 -4.75097e-12
2.73826 0.262626 1 2.74007e-12 -4.10357e-12
2.75839 0.262626 1 2.42829e-12 -3.53005e-12
2.77852 0.262626 1 2.13886e-12 -3.02385e-12
2.79866 0.262626 1 1.87143e-12 -2.57835e-12
2.81879 0.262626 1 1.62512e-12 -2.18684e-12
2.83893 0.262626 1 1.39854e-12 -1.84271e-12
2.85906 0.262626 1 1.1899e-12 -1.53939e-12
2.87919 0.262626 1 9.97039e-13 -1.27035e-12
2.89933 0.262626 1 8.17431e-13 -1.0291e-12
2.91946 0.262626 1 6.48159e-13 -8.09091e-13
2.9396 0.262626 1 4.85899e-13 -6.03549e-13
2.95973 0.262626 1 3.26842e-13 -4.0539e-13
2.97987 0.262626 1 1.666e-13 -2.06998e-13
3 0.262626 1 0 0

0 0.282828 1 0.1 0
0.0201342 0.282828 1.10441 0.0905423 0.00427749
0.0402685 0.282828 1.11448 0.08978 0.00781136
0.0604027 0.282828 1.11593 0.0899688 0.0105533
0.0805369 0.282828 1.1163 0.090349 0.0125049
0.100671 0.282828 1.11603 0.090767 0.0137129
0.120805 0.282828 1.11522 0.0911227 0.0142576
0.14094 0.282828 1.11394 0.0913444 0.0142378
0.161074 0.282828 1.1123 0.0913862 0.0137589
0.181208 0.282828 1.11037 0.091224 0.0129232
0.201342 0.282828 1.10823 0.0908501 0.0118244
0.221477 0.282828 1.10592 0.0902683 0.0105442
0.241611 0.282828 1.10349 0.0894895 0.00915141
0.261745 0.282828 1.10097 0.0885285 0.00770204
0.281879 0.282828 1.0984 0.0874012 0.00624063
0.302013 0.282828 1.09578 0.0861232 0.00480153
0.322148 0.282828 1.09314 0.0847089 0.0034106
0.342282 0.282828 1.09047 0.0831707 0.00208666
0.362416 0.282828 1.08779 0.081519 0.000842886
0.38255 0.282828 1.0851 0.0797625 -0.000312044
0.402685 0.282828 1.0824 0.0779081 -0.00137296
0.422819 0.282828 1.07969 0.0759615 -0.00233745
0.442953 0.282828 1.07698 0.0739272 -0.00320518
0.463087 0.282828 1.07427 0.071809 -0.00397744
0.483221 0.282828 1.07156 0.0696105 -0.00465676
0.503356 0.282828 1.06887 0.0673348 -0.00524658
0.52349 0.282828 1.06619 0.0649851 -0.00575099
0.543624 0.282828 1.06354 0.0625647 -0.00617459
0.563758 0.282828 1.06092 0.060077 -0.00652223
0.583893 0.282828 1.05834 0.0575258 -0.00679896
0.604027 0.282828 1.0558 0.0549151 -0.00700981
0.624161 0.282828 1.05333 0.0522491 -0.00715969
0.644295 0.282828 1.05092 0.0495322 -0.00725327
0.66443 0.282828 1.0486 0.046769 -0.00729479
0.684564 0.282828 1.04636 0.043964 -0.00728799
0.704698 0.282828 1.04422 0.0411219 -0.00723587
0.724832 0.282828 1.04219 0.0382472 -0.00714055
0.744966 0.282828 1.04028 0.0353443 -0.00700309
0.765101 0.282828 1.0385 0.0324176 -0.00682324
0.785235 0.282828 1.03686 0.0294712 -0.00659925
0.805369 0.282828 1.03536 0.0265091 -0.00632764
0.825503 0.282828 1.03402 0.0235356 -0.00600291
0.845638 0.282828 1.03284 0.0205547 -0.00561729
0.865772 0.282828 1.03183 0.0175711 -0.00516056
0.885906 0.282828 1.031 0.0145901 -0.00461977
0.90604 0.282828 1.03036 0.0116179 -0.00397915
0.926174 0.282828 1.02992 0.00866205 -0.00321996
0.946309 0.282828 1.02968 0.00573214 -0.00232051
0.966443 0.282828 1.02965 0.00283977 -0.00125627
0.986577 0.282828 1.02985 0 0
1.00671 0.282828 0 0 0
1.02685 0.282828 0 0 0
1.04698 0.282828 0 0 0
1.06711 0.282828 0 0 0
1.08725 0.282828 0 0 0
1.10738 0.282828 0 0 0
1.12752 0.282828 0 0 0
1.14765 0.282828 0 0 0
1.16779 0.282828 0 0 0
1.18792 0.282828 0 0 0
1.20805 0.282828 0 0 0
1.22819 0.282828 0 0 0
1.24832 0.282828 0 0 0
1.26846 0.282828 0 0 0
1.28859 0.282828 0 0 0
1.30872 0.282828 0 0 0
1.32886 0.282828 0 0 0
1.34899 0.282828 0 0 0
1.36913 0.282828 0 0 0
1.38926 0.282828 0 0 0
1.4094 0.282828 0 0 0
1.42953 0.282828 0 0 0
1.44966 0.282828 0 0 0
1.4698 0.282828 0 0 0
1.48993 0.282828 0 0 0
1.51007 0.282828 0 0 0
1.5302 0.282828 0 0 0
1.55034 0.282828 0 0 0
1.57047 0.282828 0 0 0
1.5906 0.282828 0 0 0
1.61074 0.282828 0 0 0
1.63087 0.282828 0 0 0
1.65101 0.282828 0 0 0
1.67114 0.282828 0 0 0
1.69128 0.282828 0 0 0
1.71141 0.282828 0 0 0
1.73154 0.282828 0 0 0
1.75168 0.282828 0 0 0
1.77181 0.282828 0 0 0
1.79195 0.282828 0 0 0
1.81208 0.282828 0 0 0
1.83221 0.282828 0 0 0
1.85235 0.282828 0 0 0
1.87248 0.282828 0 0 0
1.89262 0.282828 0 0 0
1.91275 0.282828 0 0 0
1.93289 0.282828 0 0 0
1.95302 0.282828 0 0 0
1.97315 0.282828 0 0 0
1.99329 0.282828 0 0 0
2.01342 0.282828 1 0 0
2.03356 0.282828 1 -1.09382e-12 -5.4088e-12
2.05369 0.282828 1 -1.75568e-12 -1.06046e-11
2.07383 0.282828 1 -2.02786e-12 -1.55317e-11
2.09396 0.282828 1 -1.95441e-12 -2.01315e-11
2.11409 0.282828 1 -1.58157e-12 -2.43462e-11
2.13423 0.282828 1 -9.57704e-13 -2.81228e-11
2.15436 0.282828 1 -1.32733e-13 -3.14158e-11
2.1745 0.282828 1 8.42789e-13 -3.41899e-11
2.19463 0.282828 1 1.91887e-12 -3.64225e-11
2.21477 0.282828 1 3.0474e-12 -3.8104e-11
2.2349 0.282828 1 4.18351e-12 -3.92385e-11
2.25503 0.282828 1 5.28675e-12 -3.98432e-11
2.27517 0.282828 1 6.3221e-12 -3.99471e-11
2.2953 0.282828 1 7.26066e-12 -3.95893e-11
2.31544 0.282828 1 8.08009e-12 -3.8817e-11
2.33557 0.282828 1 8.76464e-12 -3.76831e-11
2.3557 0.282828 1 9.30498e-12 -3.62438e-11
2.37584 0.282828 1 9.69769e-12 -3.45566e-11
2.39597 0.282828 1 9.94463e-12 -3.26784e-11
2.41611 0.282828 1 1.00521e-11 -3.06632e-11
2.43624 0.282828 1 1.003e-11 -2.85616e-11
2.45638 0.282828 1 9.89106e-12 -2.64192e-11
2.47651 0.282828 1 9.64959e-12 -2.42762e-11
2.49664 0.282828 1 9.32113e-12 -2.21668e-11
2.51678 0.282828 1 8.92148e-12 -2.01197e-11
2.53691 0.282828 1 8.4662e-12 -1.81573e-11
2.55705 0.282828 1 7.97007e-12 -1.62971e-11
2.57718 0.282828 1 7.44677e-12 -1.45512e-11
2.59732 0.282828 1 6.90863e-12 -1.29277e-11
2.61745 0.282828 1 6.36641e-12 -1.14306e-11
2.63758 0.282828 1 5.8293e-12 -1.00606e-11
2.65772 0.282828 1 5.30491e-12 -8.81587e-12
2.67785 0.282828 1 4.79926e-12 -7.6924e-12
2.69799 0.282828 1 4.31694e-12 -6.68454e-12
2.71812 0.282828 1 3.86123e-12 -5.78544e-12
2.73826 0.282828 1 3.43417e-12 -4.9874e-12
2.75839 0.282828 1 3.03679e-12 -4.28224e-12
2.77852 0.282828 1 2.66917e-12 -3.66148e-12
2.79866 0.282828 1 2.33065e-12 -3.11655e-12
2.81879 0.282828 1 2.01987e-12 -2.63893e-12
2.83893 0.282828 1 1.73491e-12 -2.22022e-12
2.85906 0.282828 1 1.47338e-12 -1.85215e-12
2.87919 0.282828 1 1.2324e-12 -1.52657e-12
2.89933 0.282828 1 1.0087e-12 -1.23542e-12
2.91946 0.282828 1 7.98557e-13 -9.70551e-13
2.9396 0.282828 1 5.97762e-13 -7.2364e-13
2.95973 0.282828 1 4.01536e-13 -4.85966e-13
2.97987 0.282828 1 2.04415e-13 -2.48177e-13
3 0.282828 1 0 0

0 0.30303 1 0.1 0
0.0201342 0.30303 1.1012 0.0908528 0.00383265
0.0402685 0.30303 1.1109 0.0901154 0.00704701
0.0604027 0.30303 1.11227 0.0902862 0.00959784
0.0805369 0.30303 1.11268 0.0906423 0.0114771
0.100671 0.30303 1.11256 0.0910499 0.0127125
0.120805 0.30303 1.11196 0.0914209 0.0133605
0.14094 0.30303 1.11096 0.0916882 0.0134958
0.161074 0.30303 1.10961 0.0918052 0.0132017
0.181208 0.30303 1.10799 0.0917429 0.0125627
0.201342 0.30303 1.10615 0.0914871 0.0116586
0.221477 0.30303 1.10413 0.0910344 0.0105619
0.241611 0.30303 1.10198 0.0903891 0.0093352
0.261745 0.30303 1.09972 0.08956 0.00803164
0.281879 0.30303 1.09738 0.0885585 0.0066946
0.302013 0.30303 1.09498 0.0873969 0.00535886
0.322148 0.30303 1.09253 0.0860871 0.00405151
0.342282 0.30303 1.09003 0.0846401 0.00279316
0.362416 0.30303 1.08751 0.0830656 0.00159899
0.38255 0.30303 1.08495 0.0813722 0.000479723
0.402685 0.30303 1.08237 0.079567 -0.000557522
0.422819 0.30303 1.07978 0.0776561 -0.00150851
0.442953 0.30303 1.07716 0.075645 -0.0023713
0.463087 0.30303 1.07454 0.0735381 -0.00314573
0.483221 0.30303 1.07191 0.0713397 -0.00383309
0.503356 0.30303 1.06929 0.0690539 -0.00443571
0.52349 0.30303 1.06667 0.0666846 -0.00495676
0.543624 0.30303 1.06406 0.0642359 -0.00540001
0.563758 0.30303 1.06149 0.0617118 -0.00576966
0.583893 0.30303 1.05894 0.0591168 -0.00607014
0.604027 0.30303 1.05644 0.0564554 -0.00630596
0.624161 0.30303 1.05399 0.0537324 -0.00648163
0.644295 0.30303 1.05161 0.0509528 -0.00660142
0.66443 0.30303 1.0493 0.0481216 -0.00666931
0.684564 0.30303 1.04708 0.0452438 -0.00668877
0.704698 0.30303 1.04496 0.0423246 -0.00666264
0.724832 0.30303 1.04294 0.0393691 -0.00659297
0.744966 0.30303 1.04104 0.036382 -0.00648078
0.765101 0.30303 1.03927 0.0333683 -0.00632597
0.785235 0.30303 1.03763 0.0303327 -0.00612703
0.805369 0.30303 1.03614 0.0272799 -0.00588086
0.825503 0.30303 1.03481 0.0242146 -0.00558258
0.845638 0.30303 1.03364 0.0211418 -0.00522529
0.865772 0.30303 1.03265 0.0180669 -0.00479989
0.885906 0.30303 1.03184 0.0149958 -0.00429493
0.90604 0.30303 1.03122 0.0119356 -0.00369646
0.926174 0.30303 1.03079 0.00889461 -0.00298799
0.946309 0.30303 1.03057 0.00588304 -0.00215048
0.966443 0.30303 1.03057 0.00291303 -0.00116243
0.986577 0.30303 1.03079 0 0
1.00671 0.30303 0 0 0
1.02685 0.30303 0 0 0
1.04698 0.30303 0 0 0
1.06711 0.30303 0 0 0
1.08725 0.30303 0 0 0
1.10738 0.30303 0 0 0
1.12752 0.30303 0 0 0
1.14765 0.30303 0 0 0
1.16779 0.30303 0 0 0
1.18792 0.30303 0 0 0
1.20805 0.30303 0 0 0
1.22819 0.30303 0 0 0
1.24832 0.30303 0 0 0
1.26846 0.30303 0 0 0
1.28859 0.30303 0 0 0
1.30872 0.30303 0 0 0
1.32886 0.30303 0 0 0
1.34899 0.30303 0 0 0
1.36913 0.30303 0 0 0
1.38926 0.30303 0 0 0
1.4094 0.30303 0 0 0
1.42953 0.30303 0 0 0
1.44966 0.30303 0 0 0
1.4698 0.30303 0 0 0
1.48993 0.30303 0 0 0
1.51007 0.30303 0 0 0
1.5302 0.30303 0 0 0
1.55034 0.30303 0 0 0
1.57047 0.30303 0 0 0
1.5906 0.30303 0 0 0
1.61074 0.30303 0 0 0
1.63087 0.30303 0 0 0
1.65101 0.30303 0 0 0
1.67114 0.30303 0 0 0
1.69128 0.30303 0 0 0
1.71141 0.30303 0 0 0
1.73154 0.30303 0 0 0
1.75168 0.30303 0 0 0
1.77181 0.30303 0 0 0
1.79195 0.30303 0 0 0
1.81208 0.30303 0 0 0
1.83221 0.30303 0 0 0
1.85235 0.30303 0 0 0
1.87248 0.30303 0 0 0
1.89262 0.30303 0 0 0
1.91275 0.30303 0 0 0
1.93289 0.30303 0 0 0
1.95302 0.30303 0 0 0
1.97315 0.30303 0 0 0
1.99329 0.30303 0 0 0
2.01342 0.30303 1 0 0
2.03356 0.30303 1 -1.35149e-12 -6.91109e-12
2.05369 0.30303 1 -2.14849e-12 -1.35556e-11
2.07383 0.30303 1 -2.44502e-12 -1.98592e-11
2.09396 0.30303 1 -2.29792e-12 -2.57437e-11
2.11409 0.30303 1 -1.76733e-12 -3.1132e-11
2.13423 0.30303 1 -9.16484e-13 -3.59532e-11
2.15436 0.30303 1 1.89039e-13 -4.01469e-11
2.1745 0.30303 1 1.48273e-12 -4.36669e-11
2.19463 0.30303 1 2.89883e-12 -4.64833e-11
2.21477 0.30303 1 4.37419e-12 -4.85845e-11
2.2349 0.30303 1 5.8501e-12 -4.99769e-11
2.25503 0.30303 1 7.27394e-12 -5.06847e-11
2.27517 0.30303 1 8.60054e-12 -5.07473e-11
2.2953 0.30303 1 9.79305e-12 -5.02176e-11
2.31544 0.30303 1 1.08235e-11 -4.91587e-11
2.33557 0.30303 1 1.16726e-11 -4.7641e-11
2.3557 0.30303 1 1.23299e-11 -4.57389e-11
2.37584 0.30303 1 1.27924e-11 -4.35278e-11
2.39597 0.30303 1 1.30641e-11 -4.10818e-11
2.41611 0.30303 1 1.31548e-11 -3.84713e-11
2.43624 0.30303 1 1.30787e-11 -3.57611e-11
2.45638 0.30303 1 1.28534e-11 -3.30097e-11
2.47651 0.30303 1 1.24986e-11 -3.02679e-11
2.49664 0.30303 1 1.20352e-11 -2.7579e-11
2.51678 0.30303 1 1.14842e-11 -2.49781e-11
2.53691 0.30303 1 1.0866e-11 -2.24933e-11
2.55705 0.30303 1 1.02e-11 -2.01452e-11
2.57718 0.30303 1 9.50375e-12 -1.79483e-11
2.59732 0.30303 1 8.79303e-12 -1.59115e-11
2.61745 0.30303 1 8.08147e-12 -1.40387e-11
2.63758 0.30303 1 7.38058e-12 -1.23299e-11
2.65772 0.30303 1 6.69971e-12 -1.07817e-11
2.67785 0.30303 1 6.04622e-12 -9.38816e-12
2.69799 0.30303 1 5.42555e-12 -8.1414e-12
2.71812 0.30303 1 4.84146e-12 -7.03215e-12
2.73826 0.30303 1 4.29618e-12 -6.05018e-12
2.75839 0.30303 1 3.79064e-12 -5.18476e-12
2.77852 0.30303 1 3.3246e-12 -4.42492e-12
2.79866 0.30303 1 2.89689e-12 -3.75963e-12
2.81879 0.30303 1 2.50554e-12 -3.17807e-12
2.83893 0.30303 1 2.14788e-12 -2.66959e-12
2.85906 0.30303 1 1.82068e-12 -2.22382e-12
2.87919 0.30303 1 1.52018e-12 -1.83061e-12
2.89933 0.30303 1 1.24213e-12 -1.47992e-12
2.91946 0.30303 1 9.81778e-13 -1.1617e-12
2.9396 0.30303 1 7.33805e-13 -8.65721e-13
2.95973 0.30303 1 4.92235e-13 -5.8127e-13
2.97987 0.30303 1 2.50272e-13 -2.96888e-13
3 0.30303 1 0 0

0 0.323232 1 0.1 0
0.0201342 0.323232 1.09849 0.0911231 0.00344718
0.0402685 0.323232 1.10787 0.0904141 0.00637639
0.0604027 0.323232 1.10914 0.0905731 0.00874646
0.0805369 0.323232 1.10956 0.0909068 0.0105442
0.100671 0.323232 1.10952 0.0912976 0.0117846
0.120805 0.323232 1.10907 0.0916688 0.012507
0.14094 0.323232 1.10827 0.0919592 0.0127672
0.161074 0.323232 1.10716 0.0921233 0.0126308
0.181208 0.323232 1.10578 0.09213 0.0121666
0.201342 0.323232 1.10419 0.0919608 0.011442
0.221477 0.323232 1.10242 0.0916071 0.01052
0.241611 0.323232 1.10051 0.0910679 0.00945688
0.261745 0.323232 1.09847 0.0903473 0.00830151
0.281879 0.323232 1.09634 0.0894523 0.0070952
0.302013 0.323232 1.09413 0.0883919 0.00587196
0.322148 0.323232 1.09186 0.0871755 0.00465918
0.342282 0.323232 1.08952 0.0858123 0.0034784
0.362416 0.323232 1.08714 0.084311 0.00234612
0.38255 0.323232 1.08472 0.0826795 0.00127457
0.402685 0.323232 1.08226 0.0809248 0.000272444
0.422819 0.323232 1.07977 0.0790532 -0.000654474
0.442953 0.323232 1.07725 0.0770704 -0.00150278
0.463087 0.323232 1.07472 0.0749814 -0.00227098
0.483221 0.323232 1.07217 0.072791 -0.0029591
0.503356 0.323232 1.06961 0.0705039 -0.00356841
0.52349 0.323232 1.06705 0.0681245 -0.00410109
0.543624 0.323232 1.0645 0.0656575 -0.00456005
0.563758 0.323232 1.06196 0.0631076 -0.0049487
0.583893 0.323232 1.05946 0.0604797 -0.00527081
0.604027 0.323232 1.05699 0.057779 -0.00553033
0.624161 0.323232 1.05457 0.0550106 -0.00573122
0.644295 0.323232 1.05222 0.05218 -0.00587734
0.66443 0.323232 1.04993 0.0492927 -0.00597231
0.684564 0.323232 1.04772 0.0463543 -0.0060193
0.704698 0.323232 1.04561 0.0433702 -0.00602095
0.724832 0.323232 1.04361 0.040346 -0.00597918
0.744966 0.323232 1.04172 0.0372871 -0.00589502
0.765101 0.323232 1.03996 0.0341987 -0.00576844
0.785235 0.323232 1.03833 0.0310863 -0.0055982
0.805369 0.323232 1.03686 0.027955 -0.0053816
0.825503 0.323232 1.03553 0.0248103 -0.00511438
0.845638 0.323232 1.03438 0.0216576 -0.00479049
0.865772 0.323232 1.0334 0.018503 -0.00440194
0.885906 0.323232 1.0326 0.0153533 -0.00393873
0.90604 0.323232 1.03199 0.0122161 -0.00338865
0.926174 0.323232 1.03158 0.00910042 -0.00273734
0.946309 0.323232 1.03138 0.00601691 -0.00196824
0.966443 0.323232 1.03139 0.0029782 -0.00106268
0.986577 0.323232 1.03163 0 0
1.00671 0.323232 0 0 0
1.02685 0.323232 0 0 0
1.04698 0.323232 0 0 0
1.06711 0.323232 0 0 0
1.08725 0.323232 0 0 0
1.10738 0.323232 0 0 0
1.12752 0.323232 0 0 0
1.14765 0.323232 0 0 0
1.16779 0.323232 0 0 0
1.18792 0.323232 0 0 0
1.20805 0.323232 0 0 0
1.22819 0.323232 0 0 0
1.24832 0.323232 0 0 0
1.26846 0.323232 0 0 0
1.28859 0.323232 0 0 0
1.30872 0.323232 0 0 0
1.32886 0.323232 0 0 0
1.34899 0.323232 0 0 0
1.36913 0.323232 0 0 0
1.38926 0.323232 0 0 0
1.4094 0.323232 0 0 0
1.42953 0.323232 0 0 0
1.44966 0.323232 0 0 0
1.4698 0.323232 0 0 0
1.48993 0.323232 0 0 0
1.51007 0.323232 0 0 0
1.5302 0.323232 0 0 0
1.55034 0.323232 0 0 0
1.57047 0.323232 0 0 0
1.5906 0.323232 0 0 0
1.61074 0.323232 0 0 0
1.63087 0.323232 0 0 0
1.65101 0.323232 0 0 0
1.67114 0.323232 0 0 0
1.69128 0.323232 0 0 0
1.71141 0.323232 0 0 0
1.73154 0.323232 0 0 0
1.75168 0.323232 0 0 0
1.77181 0.323232 0 0 0
1.79195 0.323232 0 0 0
1.81208 0.323232 0 0 0
1.83221 0.323232 0 0 0
1.85235 0.323232 0 0 0
1.87248 0.323232 0 0 0
1.89262 0.323232 0 0 0
1.91275 0.323232 0 0 0
1.93289 0.323232 0 0 0
1.95302 0.323232 0 0 0
1.97315 0.323232 0 0 0
1.99329 0.323232 0 0 0
2.01342 0.323232 1 0 0
2.03356 0.323232 1 -1.66212e-12 -8.82817e-12
2.05369 0.323232 1 -2.61283e-12 -1.73237e-11
2.07383 0.323232 1 -2.92113e-12 -2.53872e-11
2.09396 0.323232 1 -2.66039e-12 -3.29142e-11
2.11409 0.323232 1 -1.90889e-12 -3.98016e-11
2.13423 0.323232 1 -7.4947e-13 -4.59548e-11
2.15436 0.323232 1 7.3168e-13 -5.12934e-11
2.1745 0.323232 1 2.44697e-12 -5.57564e-11
2.19463 0.323232 1 4.30985e-12 -5.93051e-11
2.21477 0.323232 1 6.23739e-12 -6.19253e-11
2.2349 0.323232 1 8.15282e-12 -6.36271e-11
2.25503 0.323232 1 9.98781e-12 -6.4444e-11
2.27517 0.323232 1 1.16842e-11 -6.44303e-11
2.2953 0.323232 1 1.31951e-11 -6.36572e-11
2.31544 0.323232 1 1.44858e-11 -6.22093e-11
2.33557 0.323232 1 1.55331e-11 -6.01803e-11
2.3557 0.323232 1 1.63253e-11 -5.76684e-11
2.37584 0.323232 1 1.6861e-11 -5.47728e-11
2.39597 0.323232 1 1.71475e-11 -5.15898e-11
2.41611 0.323232 1 1.71994e-11 -4.82108e-11
2.43624 0.323232 1 1.70373e-11 -4.4719e-11
2.45638 0.323232 1 1.66854e-11 -4.1189e-11
2.47651 0.323232 1 1.61706e-11 -3.76851e-11
2.49664 0.323232 1 1.55209e-11 -3.42613e-11
2.51678 0.323232 1 1.47643e-11 -3.09614e-11
2.53691 0.323232 1 1.39274e-11 -2.78193e-11
2.55705 0.323232 1 1.30354e-11 -2.48598e-11
2.57718 0.323232 1 1.2111e-11 -2.20997e-11
2.59732 0.323232 1 1.11742e-11 -1.95485e-11
2.61745 0.323232 1 1.02421e-11 -1.72099e-11
2.63758 0.323232 1 9.32913e-12 -1.50822e-11
2.65772 0.323232 1 8.4467e-12 -1.31601e-11
2.67785 0.323232 1 7.60366e-12 -1.14348e-11
2.69799 0.323232 1 6.80642e-12 -9.89553e-12
2.71812 0.323232 1 6.05919e-12 -8.52972e-12
2.73826 0.323232 1 5.36429e-12 -7.32388e-12
2.75839 0.323232 1 4.72238e-12 -6.26398e-12
2.77852 0.323232 1 4.13272e-12 -5.33582e-12
2.79866 0.323232 1 3.59342e-12 -4.52533e-12
2.81879 0.323232 1 3.1016e-12 -3.81872e-12
2.83893 0.323232 1 2.65361e-12 -3.20258e-12
2.85906 0.323232 1 2.24511e-12 -2.6639e-12
2.87919 0.323232 1 1.87116e-12 -2.19005e-12
2.89933 0.323232 1 1.52628e-12 -1.7686e-12
2.91946 0.323232 1 1.20441e-12 -1.38717e-12
2.9396 0.323232 1 8.98835e-13 -1.03319e-12
2.95973 0.323232 1 6.02089e-13 -6.93565e-13
2.97987 0.323232 1 3.05733e-13 -3.54286e-13
3 0.323232 1 0 0

0 0.343434 1 0.1 0
0.0201342 0.343434 1.09619 0.0913596 0.00311363
0.0402685 0.343434 1.10528 0.0906811 0.00579051
0.0604027 0.343434 1.10646 0.0908334 0.00799383
0.0805369 0.343434 1.10685 0.091147 0.00970787
0.100671 0.343434 1.10686 0.0915179 0.0109393
0.120805 0.343434 1.10652 0.0918794 0.0117149
0.14094 0.343434 1.10586 0.0921768 0.0120763
0.161074 0.343434 1.10492 0.0923668 0.0120744
0.181208 0.343434 1.10374 0.0924179 0.011765
0.201342 0.343434 1.10236 0.0923094 0.0112044
0.221477 0.343434 1.10079 0.092029 0.0104466
0.241611 0.343434 1.09908 0.0915717 0.00954133
0.261745 0.343434 1.09724 0.0909376 0.00853283
0.281879 0.343434 1.09529 0.0901301 0.00745951
0.302013 0.343434 1.09326 0.0891552 0.00635387
0.322148 0.343434 1.09114 0.0880197 0.00524276
0.342282 0.343434 1.08896 0.0867311 0.00414795
0.362416 0.343434 1.08671 0.0852968 0.00308664
0.38255 0.343434 1.08441 0.0837237 0.00207208
0.402685 0.343434 1.08207 0.0820184 0.00111416
0.422819 0.343434 1.07968 0.080187 0.000219914
0.442953 0.343434 1.07726 0.0782353 -0.000605981
0.463087 0.343434 1.07481 0.0761684 -0.00136081
0.483221 0.343434 1.07233 0.0739916 -0.00204347
0.503356 0.343434 1.06984 0.0717097 -0.00265412
0.52349 0.343434 1.06734 0.0693277 -0.00319398
0.543624 0.343434 1.06484 0.0668507 -0.00366506
0.563758 0.343434 1.06235 0.0642839 -0.00406996
0.583893 0.343434 1.05989 0.0616326 -0.00441173
0.604027 0.343434 1.05746 0.0589023 -0.00469367
0.624161 0.343434 1.05507 0.0560988 -0.00491918
0.644295 0.343434 1.05274 0.0532277 -0.00509163
0.66443 0.343434 1.05047 0.0502951 -0.00521421
0.684564 0.343434 1.04829 0.0473069 -0.00528978
0.704698 0.343434 1.04619 0.0442691 -0.00532074
0.724832 0.343434 1.0442 0.0411875 -0.00530886
0.744966 0.343434 1.04233 0.0380681 -0.00525513
0.765101 0.343434 1.04058 0.0349166 -0.00515962
0.785235 0.343434 1.03896 0.0317388 -0.00502131
0.805369 0.343434 1.03749 0.0285405 -0.00483793
0.825503 0.343434 1.03618 0.0253276 -0.00460582
0.845638 0.343434 1.03504 0.0221063 -0.00431975
0.865772 0.343434 1.03407 0.0188831 -0.00397286
0.885906 0.343434 1.03328 0.0156655 -0.00355647
0.90604 0.343434 1.03269 0.0124615 -0.00306009
0.926174 0.343434 1.03229 0.00928084 -0.00247136
0.946309 0.343434 1.0321 0.00613454 -0.00177604
0.966443 0.343434 1.03213 0.00303561 -0.000958142
0.986577 0.343434 1.03238 0 0
1.00671 0.343434 0 0 0
1.02685 0.343434 0 0 0
1.04698 0.343434 0 0 0
1.06711 0.343434 0 0 0
1.08725 0.343434 0 0 0
1.10738 0.343434 0 0 0
1.12752 0.343434 0 0 0
1.14765 0.343434 0 0 0
1.16779 0.343434 0 0 0
1.18792 0.343434 0 0 0
1.20805 0.343434 0 0 0
1.22819 0.343434 0 0 0
1.24832 0.343434 0 0 0
1.26846 0.343434 0 0 0
1.28859 0.343434 0 0 0
1.30872 0.343434 0 0 0
1.32886 0.343434 0 0 0
1.34899 0.343434 0 0 0
1.36913 0.343434 0 0 0
1.38926 0.343434 0 0 0
1.4094 0.343434 0 0 0
1.42953 0.343434 0 0 0
1.44966 0.343434 0 0 0
1.4698 0.343434 0 0 0
1.48993 0.343434 0 0 0
1.51007 0.343434 0 0 0
1.5302 0.343434 0 0 0
1.55034 0.343434 0 0 0
1.57047 0.343434 0 0 0
1.5906 0.343434 0 0 0
1.61074 0.343434 0 0 0
1.63087 0.343434 0 0 0
1.65101 0.343434 0 0 0
1.67114 0.343434 0 0 0
1.69128 0.343434 0 0 0
1.71141 0.343434 0 0 0
1.73154 0.343434 0 0 0
1.75168 0.343434 0 0 0
1.77181 0.343434 0 0 0
1.79195 0.343434 0 0 0
1.81208 0.343434 0 0 0
1.83221 0.343434 0 0 0
1.85235 0.343434 0 0 0
1.87248 0.343434 0 0 0
1.89262 0.343434 0 0 0
1.91275 0.343434 0 0 0
1.93289 0.343434 0 0 0
1.95302 0.343434 0 0 0
1.97315 0.343434 0 0 0
1.99329 0.343434 0 0 0
2.01342 0.343434 1 0 0
2.03356 0.343434 1 -2.03353e-12 -1.12734e-11
2.05369 0.343434 1 -3.15471e-12 -2.21331e-11
2.07383 0.343434 1 -3.45165e-12 -3.24462e-11
2.09396 0.343434 1 -3.01914e-12 -4.20725e-11
2.11409 0.343434 1 -1.95919e-12 -5.08743e-11
2.13423 0.343434 1 -3.80493e-13 -5.87249e-11
2.15436 0.343434 1 1.60351e-12 -6.55176e-11
2.1745 0.343434 1 3.87735e-12 -7.11716e-11
2.19463 0.343434 1 6.32703e-12 -7.56368e-11
2.21477 0.343434 1 8.84363e-12 -7.88962e-11
2.2349 0.343434 1 1.13268e-11 -8.09655e-11
2.25503 0.343434 1 1.3688e-11 -8.18915e-11
2.27517 0.343434 1 1.58524e-11 -8.17485e-11
2.2953 0.343434 1 1.77608e-11 -8.06328e-11
2.31544 0.343434 1 1.93702e-11 -7.8658e-11
2.33557 0.343434 1 2.06533e-11 -7.59485e-11
2.3557 0.343434 1 2.15977e-11 -7.26341e-11
2.37584 0.343434 1 2.22048e-11 -6.88448e-11
2.39597 0.343434 1 2.2487e-11 -6.47064e-11
2.41611 0.343434 1 2.24662e-11 -6.03365e-11
2.43624 0.343434 1 2.21713e-11 -5.58424e-11
2.45638 0.343434 1 2.1636e-11 -5.13186e-11
2.47651 0.343434 1 2.08968e-11 -4.68462e-11
2.49664 0.343434 1 1.99912e-11 -4.24927e-11
2.51678 0.343434 1 1.8956e-11 -3.83119e-11
2.53691 0.343434 1 1.78263e-11 -3.43448e-11
2.55705 0.343434 1 1.66345e-11 -3.06208e-11
2.57718 0.343434 1 1.54097e-11 -2.7159e-11
2.59732 0.343434 1 1.41772e-11 -2.39694e-11
2.61745 0.343434 1 1.29587e-11 -2.10544e-11
2.63758 0.343434 1 1.17717e-11 -1.84104e-11
2.65772 0.343434 1 1.06302e-11 -1.60288e-11
2.67785 0.343434 1 9.54465e-12 -1.38972e-11
2.69799 0.343434 1 8.52256e-12 -1.20008e-11
2.71812 0.343434 1 7.56848e-12 -1.03228e-11
2.73826 0.343434 1 6.68465e-12 -8.84529e-12
2.75839 0.343434 1 5.87122e-12 -7.55012e-12
2.77852 0.343434 1 5.12668e-12 -6.41897e-12
2.79866 0.343434 1 4.44805e-12 -5.43387e-12
2.81879 0.343434 1 3.83128e-12 -4.57732e-12
2.83893 0.343434 1 3.27134e-12 -3.83248e-12
2.85906 0.343434 1 2.76244e-12 -3.1831e-12
2.87919 0.343434 1 2.29811e-12 -2.61345e-12
2.89933 0.343434 1 1.87128e-12 -2.10819e-12
2.91946 0.343434 1 1.47422e-12 -1.65213e-12
2.9396 0.343434 1 1.09851e-12 -1.22985e-12
2.95973 0.343434 1 7.34797e-13 -8.25387e-13
2.97987 0.343434 1 3.72632e-13 -4.21674e-13
3 0.343434 1 0 0

0 0.363636 1 0.1 0
0.0201342 0.363636 1.09424 0.0915676 0.00282584
0.0402685 0.363636 1.10307 0.0909205 0.00528135
0.0604027 0.363636 1.10415 0.0910701 0.00733394
0.0805369 0.363636 1.1045 0.091366 0.00896704
0.100671 0.363636 1.10453 0.0917158 0.0101818
0.120805 0.363636 1.10425 0.0920616 0.010996
0.14094 0.363636 1.1037 0.0923545 0.0114401
0.161074 0.363636 1.10289 0.0925545 0.0115538
0.181208 0.363636 1.10187 0.092631 0.0113816
0.201342 0.363636 1.10064 0.092562 0.0109703
0.221477 0.363636 1.09925 0.0923331 0.0103655
0.241611 0.363636 1.0977 0.0919364 0.0096106
0.261745 0.363636 1.09603 0.0913689 0.00874511
0.281879 0.363636 1.09425 0.0906311 0.00780409
0.302013 0.363636 1.09236 0.0897262 0.00681793
0.322148 0.363636 1.09039 0.0886589 0.00581239
0.342282 0.363636 1.08835 0.0874347 0.00480887
0.362416 0.363636 1.08623 0.0860596 0.00382477
0.38255 0.363636 1.08405 0.0845397 0.00287393
0.402685 0.363636 1.08181 0.0828807 0.00196704
0.422819 0.363636 1.07952 0.0810886 0.00111215
0.442953 0.363636 1.07718 0.0791686 0.000314953
0.463087 0.363636 1.07481 0.0771261 -0.000420747
0.483221 0.363636 1.07241 0.0749663 -0.00109278
0.503356 0.363636 1.06998 0.0726945 -0.00170031
0.52349 0.363636 1.06754 0.0703157 -0.00224358
0.543624 0.363636 1.0651 0.0678354 -0.0027237
0.563758 0.363636 1.06266 0.065259 -0.00314247
0.583893 0.363636 1.06023 0.0625922 -0.00350215
0.604027 0.363636 1.05784 0.0598409 -0.00380537
0.624161 0.363636 1.05548 0.0570111 -0.00405493
0.644295 0.363636 1.05318 0.0541089 -0.00425366
0.66443 0.363636 1.05093 0.0511406 -0.00440431
0.684564 0.363636 1.04877 0.0481126 -0.00450937
0.704698 0.363636 1.04669 0.0450311 -0.00457096
0.724832 0.363636 1.04472 0.0419025 -0.00459069
0.744966 0.363636 1.04286 0.0387331 -0.0045695
0.765101 0.363636 1.04112 0.035529 -0.00450754
0.785235 0.363636 1.03952 0.0322965 -0.00440401
0.805369 0.363636 1.03806 0.0290418 -0.00425705
0.825503 0.363636 1.03676 0.0257713 -0.00406357
0.845638 0.363636 1.03563 0.0224918 -0.00381918
0.865772 0.363636 1.03467 0.0192103 -0.00351803
0.885906 0.363636 1.03389 0.0159346 -0.00315281
0.90604 0.363636 1.03331 0.0126736 -0.00271459
0.926174 0.363636 1.03292 0.00943707 -0.00219294
0.946309 0.363636 1.03274 0.00623664 -0.00157583
0.966443 0.363636 1.03278 0.00308556 -0.000849797
0.986577 0.363636 1.03304 0 0
1.00671 0.363636 0 0 0
1.02685 0.363636 0 0 0
1.04698 0.363636 0 0 0
1.06711 0.363636 0 0 0
1.08725 0.363636 0 0 0
1.10738 0.363636 0 0 0
1.12752 0.363636 0 0 0
1.14765 0.363636 0 0 0
1.16779 0.363636 0 0 0
1.18792 0.363636 0 0 0
1.20805 0.363636 0 0 0
1.22819 0.363636 0 0 0
1.24832 0.363636 0 0 0
1.26846 0.363636 0 0 0
1.28859 0.363636 0 0 0
1.30872 0.363636 0 0 0
1.32886 0.363636 0 0 0
1.34899 0.363636 0 0 0
1.36913 0.363636 0 0 0
1.38926 0.363636 0 0 0
1.4094 0.363636 0 0 0
1.42953 0.363636 0 0 0
1.44966 0.363636 0 0 0
1.4698 0.363636 0 0 0
1.48993 0.363636 0 0 0
1.51007 0.363636 0 0 0
1.5302 0.363636 0 0 0
1.55034 0.363636 0 0 0
1.57047 0.363636 0 0 0
1.5906 0.363636 0 0 0
1.61074 0.363636 0 0 0
1.63087 0.363636 0 0 0
1.65101 0.363636 0 0 0
1.67114 0.363636 0 0 0
1.69128 0.363636 0 0 0
1.71141 0.363636 0 0 0
1.73154 0.363636 0 0 0
1.75168 0.363636 0 0 0
1.77181 0.363636 0 0 0
1.79195 0.363636 0 0 0
1.81208 0.363636 0 0 0
1.83221 0.363636 0 0 0
1.85235 0.363636 0 0 0
1.87248 0.363636 0 0 0
1.89262 0.363636 0 0 0
1.91275 0.363636 0 0 0
1.93289 0.363636 0 0 0
1.95302 0.363636 0 0 0
1.97315 0.363636 0 0 0
1.99329 0.363636 0 0 0
2.01342 0.363636 1 0 0
2.03356 0.363636 1 -2.47316e-12 -1.43913e-11
2.05369 0.363636 1 -3.77664e-12 -2.82699e-11
2.07383 0.363636 1 -4.02299e-12 -4.14579e-11
2.09396 0.363636 1 -3.33481e-12 -5.37672e-11
2.11409 0.363636 1 -1.84529e-12 -6.5013e-11
2.13423 0.363636 1 3.02816e-13 -7.50259e-11
2.15436 0.363636 1 2.95989e-12 -8.36636e-11
2.1745 0.363636 1 5.97357e-12 -9.08196e-11
2.19463 0.363636 1 9.19356e-12 -9.64293e-11
2.21477 0.363636 1 1.24768e-11 -1.00472e-10
2.2349 0.363636 1 1.56923e-11 -1.02973e-10
2.25503 0.363636 1 1.87252e-11 -1.03998e-10
2.27517 0.363636 1 2.14799e-11 -1.03647e-10
2.2953 0.363636 1 2.38819e-11 -1.02052e-10
2.31544 0.363636 1 2.58784e-11 -9.93641e-11
2.33557 0.363636 1 2.74378e-11 -9.57499e-11
2.3557 0.363636 1 2.85485e-11 -9.13803e-11
2.37584 0.363636 1 2.92162e-11 -8.64258e-11
2.39597 0.363636 1 2.94613e-11 -8.10498e-11
2.41611 0.363636 1 2.9316e-11 -7.54043e-11
2.43624 0.363636 1 2.8821e-11 -6.96265e-11
2.45638 0.363636 1 2.80229e-11 -6.38363e-11
2.47651 0.363636 1 2.69709e-11 -5.81356e-11
2.49664 0.363636 1 2.57149e-11 -5.26079e-11
2.51678 0.363636 1 2.43037e-11 -4.73193e-11
2.53691 0.363636 1 2.27829e-11 -4.2319e-11
2.55705 0.363636 1 2.11943e-11 -3.76413e-11
2.57718 0.363636 1 1.95751e-11 -3.33075e-11
2.59732 0.363636 1 1.79571e-11 -2.93274e-11
2.61745 0.363636 1 1.63671e-11 -2.57015e-11
2.63758 0.363636 1 1.48269e-11 -2.24227e-11
2.65772 0.363636 1 1.33531e-11 -1.94782e-11
2.67785 0.363636 1 1.19581e-11 -1.68505e-11
2.69799 0.363636 1 1.06504e-11 -1.45194e-11
2.71812 0.363636 1 9.43465e-12 -1.24625e-11
2.73826 0.363636 1 8.31282e-12 -1.06565e-11
2.75839 0.363636 1 7.28421e-12 -9.07764e-12
2.77852 0.363636 1 6.34608e-12 -7.70246e-12
2.79866 0.363636 1 5.49401e-12 -6.50807e-12
2.81879 0.363636 1 4.72222e-12 -5.47239e-12
2.83893 0.363636 1 4.02388e-12 -4.57423e-12
2.85906 0.363636 1 3.39131e-12 -3.79338e-12
2.87919 0.363636 1 2.81605e-12 -3.11033e-12
2.89933 0.363636 1 2.289e-12 -2.50619e-12
2.91946 0.363636 1 1.80034e-12 -1.96232e-12
2.9396 0.363636 1 1.33943e-12 -1.45993e-12
2.95973 0.363636 1 8.94666e-13 -9.79564e-13
2.97987 0.363636 1 4.53107e-13 -5.00499e-13
3 0.363636 1 0 0

0 0.383838 1 0.1 0
0.0201342 0.383838 1.09256 0.0917514 0.00257865
0.0402685 0.383838 1.10117 0.0911358 0.00484172
0.0604027 0.383838 1.10215 0.0912857 0.00676058
0.0805369 0.383838 1.10245 0.0915665 0.00831877
0.100671 0.383838 1.10247 0.091895 0.00951388
0.120805 0.383838 1.10223 0.0922212 0.010357
0.14094 0.383838 1.10175 0.0925017 0.0108705
0.161074 0.383838 1.10105 0.0927 0.0110845
0.181208 0.383838 1.10014 0.092787 0.0110347
0.201342 0.383838 1.09905 0.0927404 0.0107591
0.221477 0.383838 1.09779 0.0925449 0.0102964
0.241611 0.383838 1.09639 0.0921905 0.00968371
0.261745 0.383838 1.09486 0.0916719 0.00895582
0.281879 0.383838 1.09321 0.0909874 0.00814429
0.302013 0.383838 1.09147 0.0901377 0.0072771
0.322148 0.383838 1.08962 0.0891258 0.00637847
0.342282 0.383838 1.0877 0.0879554 0.00546902
0.362416 0.383838 1.08569 0.0866311 0.00456593
0.38255 0.383838 1.08362 0.0851579 0.00368323
0.402685 0.383838 1.08148 0.0835409 0.00283216
0.422819 0.383838 1.07928 0.0817853 0.00202144
0.442953 0.383838 1.07703 0.0798963 0.00125765
0.463087 0.383838 1.07474 0.0778788 0.000545486
0.483221 0.383838 1.07241 0.0757382 -0.000111921
0.503356 0.383838 1.07004 0.0734795 -0.000712792
0.52349 0.383838 1.06766 0.0711081 -0.00125645
0.543624 0.383838 1.06527 0.0686296 -0.00174314
0.563758 0.383838 1.06288 0.0660496 -0.00217381
0.583893 0.383838 1.06049 0.0633739 -0.00254997
0.604027 0.383838 1.05813 0.0606088 -0.00287355
0.624161 0.383838 1.05581 0.0577605 -0.00314669
0.644295 0.383838 1.05353 0.0548354 -0.00337169
0.66443 0.383838 1.05132 0.0518401 -0.00355081
0.684564 0.383838 1.04918 0.0487812 -0.00368616
0.704698 0.383838 1.04712 0.0456653 -0.00377956
0.724832 0.383838 1.04516 0.0424991 -0.00383243
0.744966 0.383838 1.04331 0.0392892 -0.00384564
0.765101 0.383838 1.04159 0.0360423 -0.0038194
0.785235 0.383838 1.04 0.0327649 -0.00375314
0.805369 0.383838 1.03855 0.0294637 -0.00364537
0.825503 0.383838 1.03726 0.0261455 -0.00349357
0.845638 0.383838 1.03614 0.0228175 -0.00329413
0.865772 0.383838 1.03519 0.0194873 -0.00304224
0.885906 0.383838 1.03442 0.016163 -0.00273181
0.90604 0.383838 1.03385 0.0128539 -0.00235549
0.926174 0.383838 1.03347 0.00957019 -0.00190463
0.946309 0.383838 1.03331 0.00632384 -0.00136932
0.966443 0.383838 1.03335 0.00312834 -0.00073849
0.986577 0.383838 1.03362 0 0
1.00671 0.383838 0 0 0
1.02685 0.383838 0 0 0
1.04698 0.383838 0 0 0
1.06711 0.383838 0 0 0
1.08725 0.383838 0 0 0
1.10738 0.383838 0 0 0
1.12752 0.383838 0 0 0
1.14765 0.383838 0 0 0
1.16779 0.383838 0 0 0
1.18792 0.383838 0 0 0
1.20805 0.383838 0 0 0
1.22819 0.383838 0 0 0
1.24832 0.383838 0 0 0
1.26846 0.383838 0 0 0
1.28859 0.383838 0 0 0
1.30872 0.383838 0 0 0
1.32886 0.383838 0 0 0
1.34899 0.383838 0 0 0
1.36913 0.383838 0 0 0
1.38926 0.383838 0 0 0
1.4094 0.383838 0 0 0
1.42953 0.383838 0 0 0
1.44966 0.383838 0 0 0
1.4698 0.383838 0 0 0
1.48993 0.383838 0 0 0
1.51007 0.383838 0 0 0
1.5302 0.383838 0 0 0
1.55034 0.383838 0 0 0
1.57047 0.383838 0 0 0
1.5906 0.383838 0 0 0
1.61074 0.383838 0 0 0
1.63087 0.383838 0 0 0
1.65101 0.383838 0 0 0
1.67114 0.383838 0 0 0
1.69128 0.383838 0 0 0
1.71141 0.383838 0 0 0
1.73154 0.383838 0 0 0
1.75168 0.383838 0 0 0
1.77181 0.383838 0 0 0
1.79195 0.383838 0 0 0
1.81208 0.383838 0 0 0
1.83221 0.383838 0 0 0
1.85235 0.383838 0 0 0
1.87248 0.383838 0 0 0
1.89262 0.383838 0 0 0
1.91275 0.383838 0 0 0
1.93289 0.383838 0 0 0
1.95302 0.383838 0 0 0
1.97315 0.383838 0 0 0
1.99329 0.383838 0 0 0
2.01342 0.383838 1 0 0
2.03356 0.383838 1 -2.98695e-12 -1.83657e-11
2.05369 0.383838 1 -4.47472e-12 -3.60989e-11
2.07383 0.383838 1 -4.60713e-12 -5.29607e-11
2.09396 0.383838 1 -3.54296e-12 -6.86986e-11
2.11409 0.383838 1 -1.45641e-12 -8.3064e-11
2.13423 0.383838 1 1.4646e-12 -9.583e-11
2.15436 0.383838 1 5.02248e-12 -1.06807e-10
2.1745 0.383838 1 9.01584e-12 -1.15855e-10
2.19463 0.383838 1 1.32465e-11 -1.2289e-10
2.21477 0.383838 1 1.75264e-11 -1.27889e-10
2.2349 0.383838 1 2.16847e-11 -1.3089e-10
2.25503 0.383838 1 2.55729e-11 -1.31984e-10
2.27517 0.383838 1 2.90691e-11 -1.31311e-10
2.2953 0.383838 1 3.20799e-11 -1.29047e-10
2.31544 0.383838 1 3.45418e-11 -1.25397e-10
2.33557 0.383838 1 3.64191e-11 -1.20581e-10
2.3557 0.383838 1 3.77026e-11 -1.14826e-10
2.37584 0.383838 1 3.84056e-11 -1.08353e-10
2.39597 0.383838 1 3.85603e-11 -1.01377e-10
2.41611 0.383838 1 3.82135e-11 -9.40911e-11
2.43624 0.383838 1 3.74223e-11 -8.66718e-11
2.45638 0.383838 1 3.62506e-11 -7.92705e-11
2.47651 0.383838 1 3.47648e-11 -7.20147e-11
2.49664 0.383838 1 3.30314e-11 -6.50074e-11
2.51678 0.383838 1 3.11142e-11 -5.83287e-11
2.53691 0.383838 1 2.90727e-11 -5.20374e-11
2.55705 0.383838 1 2.69603e-11 -4.6173e-11
2.57718 0.383838 1 2.48243e-11 -4.07583e-11
2.59732 0.383838 1 2.27046e-11 -3.5802e-11
2.61745 0.383838 1 2.06343e-11 -3.13015e-11
2.63758 0.383838 1 1.86397e-11 -2.72446e-11
2.65772 0.383838 1 1.67408e-11 -2.36124e-11
2.67785 0.383838 1 1.49519e-11 -2.03809e-11
2.69799 0.383838 1 1.32821e-11 -1.75224e-11
2.71812 0.383838 1 1.17363e-11 -1.50073e-11
2.73826 0.383838 1 1.03154e-11 -1.28052e-11
2.75839 0.383838 1 9.01756e-12 -1.08855e-11
2.77852 0.383838 1 7.83813e-12 -9.21795e-12
2.79866 0.383838 1 6.77065e-12 -7.77361e-12
2.81879 0.383838 1 5.80707e-12 -6.52461e-12
2.83893 0.383838 1 4.93814e-12 -5.44449e-12
2.85906 0.383838 1 4.15366e-12 -4.50806e-12
2.87919 0.383838 1 3.44264e-12 -3.69126e-12
2.89933 0.383838 1 2.79336e-12 -2.97087e-12
2.91946 0.383838 1 2.19336e-12 -2.3241e-12
2.9396 0.383838 1 1.6293e-12 -1.72807e-12
2.95973 0.383838 1 1.08672e-12 -1.15919e-12
2.97987 0.383838 1 5.49648e-13 -5.92337e-13
3 0.383838 1 0 0

0 0.40404 1 0.1 0
0.0201342 0.40404 1.09111 0.0919145 0.00236765
0.0402685 0.40404 1.09952 0.0913299 0.0044652
0.0604027 0.40404 1.1004 0.0914823 0.00626763
0.0805369 0.40404 1.10065 0.0917502 0.00775915
0.100671 0.40404 1.10065 0.0920581 0.00893508
0.120805 0.40404 1.10043 0.0923624 0.00980178
0.14094 0.40404 1.1 0.092625 0.010375
0.161074 0.40404 1.09936 0.0928129 0.0106777
0.181208 0.40404 1.09855 0.0928988 0.0107379
0.201342 0.40404 1.09756 0.092861 0.0105866
0.221477 0.40404 1.09642 0.0926838 0.0102556
0.241611 0.40404 1.09513 0.092356 0.00977672
0.261745 0.40404 1.09372 0.0918707 0.00918018
0.281879 0.40404 1.0922 0.0912245 0.00849398
0.302013 0.40404 1.09057 0.0904164 0.00774348
0.322148 0.40404 1.08884 0.0894476 0.00695114
0.342282 0.40404 1.08702 0.0883203 0.00613647
0.362416 0.40404 1.08512 0.0870379 0.00531611
0.38255 0.40404 1.08314 0.0856044 0.00450403
0.402685 0.40404 1.0811 0.0840241 0.00371168
0.422819 0.40404 1.07899 0.0823015 0.00294829
0.442953 0.40404 1.07682 0.0804412 0.00222109
0.463087 0.40404 1.07459 0.0784482 0.00153556
0.483221 0.40404 1.07233 0.0763273 0.000895652
0.503356 0.40404 1.07003 0.0740837 0.000304017
0.52349 0.40404 1.0677 0.0717227 -0.000237807
0.543624 0.40404 1.06536 0.0692499 -0.000729207
0.563758 0.40404 1.06301 0.0666709 -0.00117033
0.583893 0.40404 1.06067 0.063992 -0.00156192
0.604027 0.40404 1.05835 0.0612192 -0.00190517
0.624161 0.40404 1.05606 0.0583591 -0.00220162
0.644295 0.40404 1.05381 0.0554183 -0.00245297
0.66443 0.40404 1.05162 0.0524036 -0.00266098
0.684564 0.40404 1.0495 0.0493218 -0.00282736
0.704698 0.40404 1.04747 0.0461799 -0.00295362
0.724832 0.40404 1.04552 0.0429847 -0.00304097
0.744966 0.40404 1.04369 0.0397433 -0.00309021
0.765101 0.40404 1.04198 0.0364625 -0.0031016
0.785235 0.40404 1.0404 0.0331493 -0.00307476
0.805369 0.40404 1.03897 0.0298107 -0.00300857
0.825503 0.40404 1.03769 0.026454 -0.00290106
0.845638 0.40404 1.03658 0.0230867 -0.00274937
0.865772 0.40404 1.03564 0.0197166 -0.00254966
0.885906 0.40404 1.03488 0.0163525 -0.00229707
0.90604 0.40404 1.03432 0.0130038 -0.0019857
0.926174 0.40404 1.03395 0.0096812 -0.00160864
0.946309 0.40404 1.03379 0.00639675 -0.00115799
0.966443 0.40404 1.03384 0.00316421 -0.000624966
0.986577 0.40404 1.03411 0 0
1.00671 0.40404 0 0 0
1.02685 0.40404 0 0 0
1.04698 0.40404 0 0 0
1.06711 0.40404 0 0 0
1.08725 0.40404 0 0 0
1.10738 0.40404 0 0 0
1.12752 0.40404 0 0 0
1.14765 0.40404 0 0 0
1.16779 0.40404 0 0 0
1.18792 0.40404 0 0 0
1.20805 0.40404 0 0 0
1.22819 0.40404 0 0 0
1.24832 0.40404 0 0 0
1.26846 0.40404 0 0 0
1.28859 0.40404 0 0 0
1.30872 0.40404 0 0 0
1.32886 0.40404 0 0 0
1.34899 0.40404 0 0 0
1.36913 0.40404 0 0 0
1.38926 0.40404 0 0 0
1.4094 0.40404 0 0 0
1.42953 0.40404 0 0 0
1.44966 0.40404 0 0 0
1.4698 0.40404 0 0 0
1.48993 0.40404 0 0 0
1.51007 0.40404 0 0 0
1.5302 0.40404 0 0 0
1.55034 0.40404 0 0 0
1.57047 0.40404 0 0 0
1.5906 0.40404 0 0 0
1.61074 0.40404 0 0 0
1.63087 0.40404 0 0 0
1.65101 0.40404 0 0 0
1.67114 0.40404 0 0 0
1.69128 0.40404 0 0 0
1.71141 0.40404 0 0 0
1.73154 0.40404 0 0 0
1.75168 0.40404 0 0 0
1.77181 0.40404 0 0 0
1.79195 0.40404 0 0 0
1.81208 0.40404 0 0 0
1.83221 0.40404 0 0 0
1.85235 0.40404 0 0 0
1.87248 0.40404 0 0 0
1.89262 0.40404 0 0 0
1.91275 0.40404 0 0 0
1.93289 0.40404 0 0 0
1.95302 0.40404 0 0 0
1.97315 0.40404 0 0 0
1.99329 0.40404 0 0 0
2.01342 0.40404 1 0 0
2.03356 0.40404 1 -3.57769e-12 -2.34309e-11
2.05369 0.40404 1 -5.23427e-12 -4.60854e-11
2.07383 0.40404 1 -5.15361e-12 -6.76425e-11
2.09396 0.40404 1 -3.54175e-12 -8.77616e-11
2.11409 0.40404 1 -6.26976e-13 -1.06108e-10
2.13423 0.40404 1 3.34279e-12 -1.22379e-10
2.15436 0.40404 1 8.10607e-12 -1.36319e-10
2.1745 0.40404 1 1.33964e-11 -1.47746e-10
2.19463 0.40404 1 1.8952e-11 -1.5655e-10
2.21477 0.40404 1 2.4526e-11 -1.62709e-10
2.2349 0.40404 1 2.98957e-11 -1.66278e-10
2.25503 0.40404 1 3.48694e-11 -1.67385e-10
2.27517 0.40404 1 3.92923e-11 -1.66224e-10
2.2953 0.40404 1 4.30488e-11 -1.63032e-10
2.31544 0.40404 1 4.60628e-11 -1.58085e-10
2.33557 0.40404 1 4.82964e-11 -1.51675e-10
2.3557 0.40404 1 4.97455e-11 -1.44101e-10
2.37584 0.40404 1 5.04356e-11 -1.35654e-10
2.39597 0.40404 1 5.04163e-11 -1.26609e-10
2.41611 0.40404 1 4.9755e-11 -1.17218e-10
2.43624 0.40404 1 4.85316e-11 -1.07704e-10
2.45638 0.40404 1 4.68331e-11 -9.82565e-11
2.47651 0.40404 1 4.4749e-11 -8.90356e-11
2.49664 0.40404 1 4.23673e-11 -8.01676e-11
2.51678 0.40404 1 3.97714e-11 -7.17488e-11
2.53691 0.40404 1 3.70383e-11 -6.38484e-11
2.55705 0.40404 1 3.42364e-11 -5.65109e-11
2.57718 0.40404 1 3.14251e-11 -4.97601e-11
2.59732 0.40404 1 2.86541e-11 -4.36019e-11
2.61745 0.40404 1 2.59641e-11 -3.80285e-11
2.63758 0.40404 1 2.33867e-11 -3.30207e-11
2.65772 0.40404 1 2.09453e-11 -2.85512e-11
2.67785 0.40404 1 1.86562e-11 -2.45868e-11
2.69799 0.40404 1 1.65288e-11 -2.10905e-11
2.71812 0.40404 1 1.45676e-11 -1.80233e-11
2.73826 0.40404 1 1.2772e-11 -1.53454e-11
2.75839 0.40404 1 1.11381e-11 -1.30173e-11
2.77852 0.40404 1 9.65872e-12 -1.10008e-11
2.79866 0.40404 1 8.32449e-12 -9.25902e-12
2.81879 0.40404 1 7.1243e-12 -7.75697e-12
2.83893 0.40404 1 6.04568e-12 -6.46164e-12
2.85906 0.40404 1 5.07516e-12 -5.3418e-12
2.87919 0.40404 1 4.19846e-12 -4.36783e-12
2.89933 0.40404 1 3.40055e-12 -3.51128e-12
2.91946 0.40404 1 2.66565e-12 -2.74436e-12
2.9396 0.40404 1 1.97704e-12 -2.03933e-12
2.95973 0.40404 1 1.31675e-12 -1.36762e-12
2.97987 0.40404 1 6.65119e-13 -6.98913e-13
3 0.40404 1 0 0

0 0.424242 1 0.1 0
0.0201342 0.424242 1.08985 0.0920596 0.00218902
0.0402685 0.424242 1.09808 0.0915051 0.00414599
0.0604027 0.424242 1.09887 0.0916617 0.00584917
0.0805369 0.424242 1.09906 0.0919187 0.00728373
0.100671 0.424242 1.09904 0.0922067 0.00844353
0.120805 0.424242 1.09882 0.092488 0.00933149
0.14094 0.424242 1.09842 0.092729 0.00995833
0.161074 0.424242 1.09783 0.0929 0.0103411
0.181208 0.424242 1.09708 0.0929757 0.0105016
0.201342 0.424242 1.09617 0.0929358 0.0104645
0.221477 0.424242 1.09512 0.0927643 0.0102561
0.241611 0.424242 1.09393 0.0924497 0.009903
0.261745 0.424242 1.09262 0.0919842 0.00943125
0.281879 0.424242 1.0912 0.0913629 0.00886539
0.302013 0.424242 1.08967 0.0905838 0.00822811
0.322148 0.424242 1.08804 0.0896464 0.00753995
0.342282 0.424242 1.08632 0.0885519 0.00681913
0.362416 0.424242 1.08451 0.0873026 0.00608155
0.38255 0.424242 1.08262 0.0859014 0.00534085
0.402685 0.424242 1.08066 0.0843518 0.00460851
0.422819 0.424242 1.07863 0.0826578 0.00389408
0.442953 0.424242 1.07653 0.0808234 0.00320528
0.463087 0.424242 1.07438 0.0788531 0.00254822
0.483221 0.424242 1.07218 0.0767517 0.0019276
0.503356 0.424242 1.06994 0.074524 0.00134684
0.52349 0.424242 1.06767 0.0721752 0.000808286
0.543624 0.424242 1.06538 0.0697109 0.000313364
0.563758 0.424242 1.06307 0.0671368 -0.000137284
0.583893 0.424242 1.06077 0.064459 -0.000543653
0.604027 0.424242 1.05849 0.0616837 -0.000906239
0.624161 0.424242 1.05623 0.0588176 -0.00122591
0.644295 0.424242 1.05401 0.0558675 -0.00150381
0.66443 0.424242 1.05185 0.0528402 -0.00174118
0.684564 0.424242 1.04975 0.0497428 -0.00193931
0.704698 0.424242 1.04774 0.0465824 -0.00209941
0.724832 0.424242 1.04581 0.0433661 -0.00222246
0.744966 0.424242 1.044 0.0401013 -0.00230918
0.765101 0.424242 1.0423 0.0367949 -0.00235985
0.785235 0.424242 1.04074 0.0334544 -0.00237428
0.805369 0.424242 1.03932 0.030087 -0.00235171
0.825503 0.424242 1.03805 0.0267003 -0.0022907
0.845638 0.424242 1.03694 0.0233021 -0.00218911
0.865772 0.424242 1.03601 0.0199007 -0.00204402
0.885906 0.424242 1.03526 0.016505 -0.00185175
0.90604 0.424242 1.03471 0.0131248 -0.00160781
0.926174 0.424242 1.03435 0.009771 -0.00130693
0.946309 0.424242 1.03419 0.0064559 -0.000943151
0.966443 0.424242 1.03425 0.00319341 -0.000509874
0.986577 0.424242 1.03453 0 0
1.00671 0.424242 0 0 0
1.02685 0.424242 0 0 0
1.04698 0.424242 0 0 0
1.06711 0.424242 0 0 0
1.08725 0.424242 0 0 0
1.10738 0.424242 0 0 0
1.12752 0.424242 0 0 0
1.14765 0.424242 0 0 0
1.16779 0.424242 0 0 0
1.18792 0.424242 0 0 0
1.20805 0.424242 0 0 0
1.22819 0.424242 0 0 0
1.24832 0.424242 0 0 0
1.26846 0.424242 0 0 0
1.28859 0.424242 0 0 0
1.30872 0.424242 0 0 0
1.32886 0.424242 0 0 0
1.34899 0.424242 0 0 0
1.36913 0.424242 0 0 0
1.38926 0.424242 0 0 0
1.4094 0.424242 0 0 0
1.42953 0.424242 0 0 0
1.44966 0.424242 0 0 0
1.4698 0.424242 0 0 0
1.48993 0.424242 0 0 0
1.51007 0.424242 0 0 0
1.5302 0.424242 0 0 0
1.55034 0.424242 0 0 0
1.57047 0.424242 0 0 0
1.5906 0.424242 0 0 0
1.61074 0.424242 0 0 0
1.63087 0.424242 0 0 0
1.65101 0.424242 0 0 0
1.67114 0.424242 0 0 0
1.69128 0.424242 0 0 0
1.71141 0.424242 0 0 0
1.73154 0.424242 0 0 0
1.75168 0.424242 0 0 0
1.77181 0.424242 0 0 0
1.79195 0.424242 0 0 0
1.81208 0.424242 0 0 0
1.83221 0.424242 0 0 0
1.85235 0.424242 0 0 0
1.87248 0.424242 0 0 0
1.89262 0.424242 0 0 0
1.91275 0.424242 0 0 0
1.93289 0.424242 0 0 0
1.95302 0.424242 0 0 0
1.97315 0.424242 0 0 0
1.99329 0.424242 0 0 0
2.01342 0.424242 1 0 0
2.03356 0.424242 1 -4.24229e-12 -2.98857e-11
2.05369 0.424242 1 -6.02312e-12 -5.8824e-11
2.07383 0.424242 1 -5.57779e-12 -8.63821e-11
2.09396 0.424242 1 -3.17419e-12 -1.12101e-10
2.11409 0.424242 1 8.877e-13 -1.35528e-10
2.13423 0.424242 1 6.28003e-12 -1.56257e-10
2.15436 0.424242 1 1.26561e-11 -1.73949e-10
2.1745 0.424242 1 1.96626e-11 -1.88361e-10
2.19463 0.424242 1 2.6954e-11 -1.99356e-10
2.21477 0.424242 1 3.42058e-11 -2.0691e-10
2.2349 0.424242 1 4.11281e-11 -2.11108e-10
2.25503 0.424242 1 4.74743e-11 -2.12131e-10
2.27517 0.424242 1 5.3049e-11 -2.10242e-10
2.2953 0.424242 1 5.77099e-11 -2.05767e-10
2.31544 0.424242 1 6.13685e-11 -1.99074e-10
2.33557 0.424242 1 6.39865e-11 -1.90552e-10
2.3557 0.424242 1 6.55704e-11 -1.80594e-10
2.37584 0.424242 1 6.61647e-11 -1.69581e-10
2.39597 0.424242 1 6.58438e-11 -1.57868e-10
2.41611 0.424242 1 6.47044e-11 -1.45778e-10
2.43624 0.424242 1 6.28575e-11 -1.33594e-10
2.45638 0.424242 1 6.04214e-11 -1.21554e-10
2.47651 0.424242 1 5.75159e-11 -1.09856e-10
2.49664 0.424242 1 5.42572e-11 -9.86529e-11
2.51678 0.424242 1 5.0754e-11 -8.80612e-11
2.53691 0.424242 1 4.71053e-11 -7.81603e-11
2.55705 0.424242 1 4.3398e-11 -6.89995e-11
2.57718 0.424242 1 3.97065e-11 -6.06016e-11
2.59732 0.424242 1 3.60924e-11 -5.29679e-11
2.61745 0.424242 1 3.2605e-11 -4.60826e-11
2.63758 0.424242 1 2.92819e-11 -3.99164e-11
2.65772 0.424242 1 2.61502e-11 -3.44307e-11
2.67785 0.424242 1 2.32274e-11 -2.958e-11
2.69799 0.424242 1 2.05234e-11 -2.53151e-11
2.71812 0.424242 1 1.80408e-11 -2.15846e-11
2.73826 0.424242 1 1.57771e-11 -1.83371e-11
2.75839 0.424242 1 1.3725e-11 -1.55219e-11
2.77852 0.424242 1 1.18738e-11 -1.30903e-11
2.79866 0.424242 1 1.02102e-11 -1.09958e-11
2.81879 0.424242 1 8.71897e-12 -9.19469e-12
2.83893 0.424242 1 7.38336e-12 -7.64581e-12
2.85906 0.424242 1 6.18567e-12 -6.31059e-12
2.87919 0.424242 1 5.10739e-12 -5.15264e-12
2.89933 0.424242 1 4.12931e-12 -4.13723e-12
2.91946 0.424242 1 3.23146e-12 -3.2306e-12
2.9396 0.424242 1 2.39293e-12 -2.39917e-12
2.95973 0.424242 1 1.59143e-12 -1.60849e-12
2.97987 0.424242 1 8.02801e-13 -8.22095e-13
3 0.424242 1 0 0

0 0.444444 1 0.1 0
0.0201342 0.444444 1.08875 0.0921893 0.00203941
0.0402685 0.444444 1.09682 0.0916636 0.00387889
0.0604027 0.444444 1.09753 0.0918255 0.0054996
0.0805369 0.444444 1.09766 0.0920731 0.00688776
0.100671 0.444444 1.0976 0.0923422 0.00803641
0.120805 0.444444 1.09737 0.0925999 0.00894585
0.14094 0.444444 1.09698 0.0928166 0.00962287
0.161074 0.444444 1.09643 0.0929658 0.0100798
0.181208 0.444444 1.09573 0.0930244 0.010333
0.201342 0.444444 1.09488 0.0929733 0.010402
0.221477 0.444444 1.0939 0.0927971 0.0103082
0.241611 0.444444 1.09279 0.0924844 0.0100735
0.261745 0.444444 1.09156 0.0920267 0.00972007
0.281879 0.444444 1.09022 0.0914185 0.00926913
0.302013 0.444444 1.08878 0.0906567 0.00874081
0.322148 0.444444 1.08723 0.0897399 0.00815366
0.342282 0.444444 1.0856 0.0886684 0.00752451
0.362416 0.444444 1.08387 0.0874434 0.00686836
0.38255 0.444444 1.08206 0.086067 0.00619838
0.402685 0.444444 1.08018 0.084542 0.00552596
0.422819 0.444444 1.07822 0.0828717 0.00486077
0.442953 0.444444 1.07619 0.0810596 0.00421091
0.463087 0.444444 1.0741 0.0791099 0.00358302
0.483221 0.444444 1.07196 0.0770268 0.00298243
0.503356 0.444444 1.06978 0.074815 0.00241328
0.52349 0.444444 1.06756 0.0724796 0.00187865
0.543624 0.444444 1.06531 0.0700258 0.00138074
0.563758 0.444444 1.06306 0.0674594 0.000920952
0.583893 0.444444 1.0608 0.0647864 0.000500015
0.604027 0.444444 1.05855 0.062013 0.00011813
0.624161 0.444444 1.05632 0.0591459 -0.000224936
0.644295 0.444444 1.05413 0.056192 -0.000529729
0.66443 0.444444 1.052 0.0531581 -0.000797009
0.684564 0.444444 1.04992 0.0500516 -0.00102764
0.704698 0.444444 1.04793 0.0468796 -0.0012225
0.724832 0.444444 1.04603 0.0436495 -0.00138236
0.744966 0.444444 1.04423 0.0403687 -0.00150782
0.765101 0.444444 1.04255 0.0370445 -0.00159921
0.785235 0.444444 1.041 0.0336845 -0.00165652
0.805369 0.444444 1.03959 0.0302962 -0.0016793
0.825503 0.444444 1.03833 0.0268875 -0.00166663
0.845638 0.444444 1.03724 0.0234665 -0.00161707
0.865772 0.444444 1.03632 0.0200416 -0.0015286
0.885906 0.444444 1.03558 0.0166221 -0.00139865
0.90604 0.444444 1.03503 0.013218 -0.00122408
0.926174 0.444444 1.03467 0.00984043 -0.00100122
0.946309 0.444444 1.03452 0.0065018 -0.000725953
0.966443 0.444444 1.03458 0.00321616 -0.00039379
0.986577 0.444444 1.03486 0 0
1.00671 0.444444 0 0 0
1.02685 0.444444 0 0 0
1.04698 0.444444 0 0 0
1.06711 0.444444 0 0 0
1.08725 0.444444 0 0 0
1.10738 0.444444 0 0 0
1.12752 0.444444 0 0 0
1.14765 0.444444 0 0 0
1.16779 0.444444 0 0 0
1.18792 0.444444 0 0 0
1.20805 0.444444 0 0 0
1.22819 0.444444 0 0 0
1.24832 0.444444 0 0 0
1.26846 0.444444 0 0 0
1.28859 0.444444 0 0 0
1.30872 0.444444 0 0 0
1.32886 0.444444 0 0 0
1.34899 0.444444 0 0 0
1.36913 0.444444 0 0 0
1.38926 0.444444 0 0 0
1.4094 0.444444 0 0 0
1.42953 0.444444 0 0 0
1.44966 0.444444 0 0 0
1.4698 0.444444 0 0 0
1.48993 0.444444 0 0 0
1.51007 0.444444 0 0 0
1.5302 0.444444 0 0 0
1.55034 0.444444 0 0 0
1.57047 0.444444 0 0 0
1.5906 0.444444 0 0 0
1.61074 0.444444 0 0 0
1.63087 0.444444 0 0 0
1.65101 0.444444 0 0 0
1.67114 0.444444 0 0 0
1.69128 0.444444 0 0 0
1.71141 0.444444 0 0 0
1.73154 0.444444 0 0 0
1.75168 0.444444 0 0 0
1.77181 0.444444 0 0 0
1.79195 0.444444 0 0 0
1.81208 0.444444 0 0 0
1.83221 0.444444 0 0 0
1.85235 0.444444 0 0 0
1.87248 0.444444 0 0 0
1.89262 0.444444 0 0 0
1.91275 0.444444 0 0 0
1.93289 0.444444 0 0 0
1.95302 0.444444 0 0 0
1.97315 0.444444 0 0 0
1.99329 0.444444 0 0 0
2.01342 0.444444 1 0 0
2.03356 0.444444 1 -4.96765e-12 -3.8111e-11
2.05369 0.444444 1 -6.78168e-12 -7.5074e-11
2.07383 0.444444 1 -5.74363e-12 -1.10304e-10
2.09396 0.444444 1 -2.20267e-12 -1.4318e-10
2.11409 0.444444 1 3.44589e-12 -1.73092e-10
2.13423 0.444444 1 1.07673e-11 -1.99491e-10
2.15436 0.444444 1 1.93009e-11 -2.21926e-10
2.1745 0.444444 1 2.85776e-11 -2.40078e-10
2.19463 0.444444 1 3.81405e-11 -2.53773e-10
2.21477 0.444444 1 4.75638e-11 -2.62992e-10
2.2349 0.444444 1 5.64703e-11 -2.67862e-10
2.25503 0.444444 1 6.45444e-11 -2.68637e-10
2.27517 0.444444 1 7.15403e-11 -2.65682e-10
2.2953 0.444444 1 7.72858e-11 -2.59438e-10
2.31544 0.444444 1 8.16803e-11 -2.50399e-10
2.33557 0.444444 1 8.46901e-11 -2.39081e-10
2.3557 0.444444 1 8.63399e-11 -2.26003e-10
2.37584 0.444444 1 8.67029e-11 -2.11659e-10
2.39597 0.444444 1 8.58898e-11 -1.9651e-10
2.41611 0.444444 1 8.40379e-11 -1.80967e-10
2.43624 0.444444 1 8.13004e-11 -1.65386e-10
2.45638 0.444444 1 7.78379e-11 -1.50068e-10
2.47651 0.444444 1 7.38099e-11 -1.35253e-10
2.49664 0.444444 1 6.93692e-11 -1.21128e-10
2.51678 0.444444 1 6.46569e-11 -1.0783e-10
2.53691 0.444444 1 5.97994e-11 -9.54489e-11
2.55705 0.444444 1 5.49067e-11 -8.40377e-11
2.57718 0.444444 1 5.00714e-11 -7.36158e-11
2.59732 0.444444 1 4.53689e-11 -6.41765e-11
2.61745 0.444444 1 4.08583e-11 -5.56921e-11
2.63758 0.444444 1 3.65838e-11 -4.81195e-11
2.65772 0.444444 1 3.25758e-11 -4.14046e-11
2.67785 0.444444 1 2.8853e-11 -3.54859e-11
2.69799 0.444444 1 2.54241e-11 -3.0298e-11
2.71812 0.444444 1 2.22893e-11 -2.5774e-11
2.73826 0.444444 1 1.94423e-11 -2.18471e-11
2.75839 0.444444 1 1.68713e-11 -1.84529e-11
2.77852 0.444444 1 1.45607e-11 -1.55295e-11
2.79866 0.444444 1 1.24917e-11 -1.30185e-11
2.81879 0.444444 1 1.06436e-11 -1.08652e-11
2.83893 0.444444 1 8.994e-12 -9.01881e-12
2.85906 0.444444 1 7.51979e-12 -7.43167e-12
2.87919 0.444444 1 6.19703e-12 -6.05924e-12
2.89933 0.444444 1 5.00121e-12 -4.85925e-12
2.91946 0.444444 1 3.90716e-12 -3.79081e-12
2.9396 0.444444 1 2.88873e-12 -2.81341e-12
2.95973 0.444444 1 1.91838e-12 -1.88569e-12
2.97987 0.444444 1 9.66447e-13 -9.63864e-13
3 0.444444 1 0 0

0 0.464646 1 0.1 0
0.0201342 0.464646 1.08778 0.0923053 0.00191588
0.0402685 0.464646 1.09571 0.0918071 0.00365918
0.0604027 0.464646 1.09634 0.0919749 0.00521362
0.0805369 0.464646 1.09641 0.0922143 0.00656649
0.100671 0.464646 1.09631 0.0924654 0.00771033
0.120805 0.464646 1.09607 0.0926992 0.00864343
0.14094 0.464646 1.09568 0.0928897 0.00936946
0.161074 0.464646 1.09514 0.0930133 0.00989672
0.181208 0.464646 1.09447 0.0930491 0.0102373
0.201342 0.464646 1.09367 0.0929794 0.0104061
0.221477 0.464646 1.09274 0.0927899 0.0104201
0.241611 0.464646 1.09169 0.0924691 0.0102972
0.261745 0.464646 1.09053 0.0920089 0.0100559
0.281879 0.464646 1.08926 0.0914031 0.00971433
0.302013 0.464646 1.08789 0.0906482 0.00929021
0.322148 0.464646 1.08642 0.089742 0.00880014
0.342282 0.464646 1.08485 0.0886841 0.0082595
0.362416 0.464646 1.0832 0.087475 0.00768234
0.38255 0.464646 1.08146 0.0861161 0.00708127
0.402685 0.464646 1.07964 0.0846095 0.00646744
0.422819 0.464646 1.07775 0.0829578 0.0058506
0.442953 0.464646 1.07579 0.0811642 0.0052391
0.463087 0.464646 1.07376 0.0792322 0.00464003
0.483221 0.464646 1.07167 0.0771659 0.00405927
0.503356 0.464646 1.06954 0.0749694 0.0035016
0.52349 0.464646 1.06737 0.0726477 0.00297081
0.543624 0.464646 1.06518 0.0702058 0.00246981
0.563758 0.464646 1.06296 0.0676493 0.00200073
0.583893 0.464646 1.06074 0.0649841 0.001565
0.604027 0.464646 1.05853 0.0622163 0.00116351
0.624161 0.464646 1.05634 0.0593526 0.000796636
0.644295 0.464646 1.05418 0.0563997 0.000464413
0.66443 0.464646 1.05207 0.0533648 0.000166576
0.684564 0.464646 1.05002 0.050255 -9.73228e-05
0.704698 0.464646 1.04805 0.0470777 -0.000327831
0.724832 0.464646 1.04617 0.0438404 -0.000525511
0.744966 0.464646 1.04439 0.0405504 -0.000690857
0.765101 0.464646 1.04272 0.0372156 -0.000824224
0.785235 0.464646 1.04119 0.0338434 -0.000925758
0.805369 0.464646 1.03979 0.0304417 -0.00099534
0.825503 0.464646 1.03854 0.0270185 -0.00103254
0.845638 0.464646 1.03746 0.0235821 -0.00103657
0.865772 0.464646 1.03655 0.0201412 -0.0010063
0.885906 0.464646 1.03582 0.0167053 -0.000940232
0.90604 0.464646 1.03527 0.0132846 -0.000836516
0.926174 0.464646 1.03492 0.00989028 -0.000693025
0.946309 0.464646 1.03478 0.00653494 -0.000507413
0.966443 0.464646 1.03484 0.00323268 -0.00027722
0.986577 0.464646 1.03512 0 0
1.00671 0.464646 0 0 0
1.02685 0.464646 0 0 0
1.04698 0.464646 0 0 0
1.06711 0.464646 0 0 0
1.08725 0.464646 0 0 0
1.10738 0.464646 0 0 0
1.12752 0.464646 0 0 0
1.14765 0.464646 0 0 0
1.16779 0.464646 0 0 0
1.18792 0.464646 0 0 0
1.20805 0.464646 0 0 0
1.22819 0.464646 0 0 0
1.24832 0.464646 0 0 0
1.26846 0.464646 0 0 0
1.28859 0.464646 0 0 0
1.30872 0.464646 0 0 0
1.32886 0.464646 0 0 0
1.34899 0.464646 0 0 0
1.36913 0.464646 0 0 0
1.38926 0.464646 0 0 0
1.4094 0.464646 0 0 0
1.42953 0.464646 0 0 0
1.44966 0.464646 0 0 0
1.4698 0.464646 0 0 0
1.48993 0.464646 0 0 0
1.51007 0.464646 0 0 0
1.5302 0.464646 0 0 0
1.55034 0.464646 0 0 0
1.57047 0.464646 0 0 0
1.5906 0.464646 0 0 0
1.61074 0.464646 0 0 0
1.63087 0.464646 0 0 0
1.65101 0.464646 0 0 0
1.67114 0.464646 0 0 0
1.69128 0.464646 0 0 0
1.71141 0.464646 0 0 0
1.73154 0.464646 0 0 0
1.75168 0.464646 0 0 0
1.77181 0.464646 0 0 0
1.79195 0.464646 0 0 0
1.81208 0.464646 0 0 0
1.83221 0.464646 0 0 0
1.85235 0.464646 0 0 0
1.87248 0.464646 0 0 0
1.89262 0.464646 0 0 0
1.91275 0.464646 0 0 0
1.93289 0.464646 0 0 0
1.95302 0.464646 0 0 0
1.97315 0.464646 0 0 0
1.99329 0.464646 0 0 0
2.01342 0.464646 1 0 0
2.03356 0.464646 1 -5.72435e-12 -4.85932e-11
2.05369 0.464646 1 -7.40823e-12 -9.58069e-11
2.07383 0.464646 1 -5.43871e-12 -1.40849e-10
2.09396 0.464646 1 -2.72271e-13 -1.82876e-10
2.11409 0.464646 1 7.56848e-12 -2.21063e-10
2.13423 0.464646 1 1.75054e-11 -2.54671e-10
2.15436 0.464646 1 2.89246e-11 -2.83097e-10
2.1745 0.464646 1 4.12027e-11 -3.05922e-10
2.19463 0.464646 1 5.37349e-11 -3.2293e-10
2.21477 0.464646 1 6.59626e-11 -3.34114e-10
2.2349 0.464646 1 7.73965e-11 -3.39661e-10
2.25503 0.464646 1 8.7634e-11 -3.39933e-10
2.27517 0.464646 1 9.63692e-11 -3.35431e-10
2.2953 0.464646 1 1.03396e-10 -3.26755e-10
2.31544 0.464646 1 1.08606e-10 -3.14567e-10
2.33557 0.464646 1 1.11976e-10 -2.99555e-10
2.3557 0.464646 1 1.13563e-10 -2.82396e-10
2.37584 0.464646 1 1.13482e-10 -2.63737e-10
2.39597 0.464646 1 1.11896e-10 -2.44169e-10
2.41611 0.464646 1 1.08999e-10 -2.24215e-10
2.43624 0.464646 1 1.05001e-10 -2.04324e-10
2.45638 0.464646 1 1.00118e-10 -1.84869e-10
2.47651 0.464646 1 9.45628e-11 -1.66143e-10
2.49664 0.464646 1 8.8535e-11 -1.48371e-10
2.51678 0.464646 1 8.22165e-11 -1.31711e-10
2.53691 0.464646 1 7.57683e-11 -1.16265e-10
2.55705 0.464646 1 6.93282e-11 -1.02085e-10
2.57718 0.464646 1 6.30106e-11 -8.91837e-11
2.59732 0.464646 1 5.69071e-11 -7.7542e-11
2.61745 0.464646 1 5.10876e-11 -6.71154e-11
2.63758 0.464646 1 4.56027e-11 -5.78414e-11
2.65772 0.464646 1 4.0486e-11 -4.96453e-11
2.67785 0.464646 1 3.57558e-11 -4.24444e-11
2.69799 0.464646 1 3.14186e-11 -3.61525e-11
2.71812 0.464646 1 2.74702e-11 -3.06824e-11
2.73826 0.464646 1 2.38988e-11 -2.59486e-11
2.75839 0.464646 1 2.06862e-11 -2.18689e-11
2.77852 0.464646 1 1.78097e-11 -1.83651e-11
2.79866 0.464646 1 1.52433e-11 -1.53642e-11
2.81879 0.464646 1 1.29589e-11 -1.27982e-11
2.83893 0.464646 1 1.0927e-11 -1.0604e-11
2.85906 0.464646 1 9.11731e-12 -8.72345e-12
2.87919 0.464646 1 7.49902e-12 -7.10203e-12
2.89933 0.464646 1 6.04096e-12 -5.68847e-12
2.91946 0.464646 1 4.71143e-12 -4.43342e-12
2.9396 0.464646 1 3.47788e-12 -3.28821e-12
2.95973 0.464646 1 2.30628e-12 -2.20329e-12
2.97987 0.464646 1 1.16032e-12 -1.12631e-12
3 0.464646 1 0 0

0 0.484848 1 0.1 0
0.0201342 0.484848 1.08693 0.0924094 0.00181579
0.0402685 0.484848 1.09474 0.091937 0.00348256
0.0604027 0.484848 1.09529 0.0921109 0.00498627
0.0805369 0.484848 1.0953 0.0923431 0.00631523
0.100671 0.484848 1.09516 0.0925767 0.00746161
0.120805 0.484848 1.09489 0.0927865 0.00842213
0.14094 0.484848 1.09449 0.0929493 0.00919786
0.161074 0.484848 1.09396 0.0930443 0.00979374
0.181208 0.484848 1.09331 0.0930525 0.0102181
0.201342 0.484848 1.09253 0.0929581 0.0104819
0.221477 0.484848 1.09164 0.0927475 0.0105981
0.241611 0.484848 1.09064 0.0924102 0.0105812
0.261745 0.484848 1.08953 0.0919381 0.0104463
0.281879 0.484848 1.08831 0.0913253 0.0102087
0.302013 0.484848 1.087 0.0905677 0.00988382
0.322148 0.484848 1.08559 0.0896629 0.00948635
0.342282 0.484848 1.08409 0.08861 0.00903034
0.362416 0.484848 1.0825 0.0874088 0.00852884
0.38255 0.484848 1.08082 0.0860602 0.00799387
0.402685 0.484848 1.07907 0.0845658 0.00743631
0.422819 0.484848 1.07723 0.0829277 0.00686589
0.442953 0.484848 1.07532 0.0811485 0.00629117
0.463087 0.484848 1.07335 0.0792313 0.00571962
0.483221 0.484848 1.07132 0.0771798 0.00515761
0.503356 0.484848 1.06924 0.0749977 0.00461051
0.52349 0.484848 1.06712 0.0726897 0.00408278
0.543624 0.484848 1.06497 0.0702606 0.00357798
0.563758 0.484848 1.06279 0.0677157 0.00309894
0.583893 0.484848 1.06061 0.0650607 0.00264779
0.604027 0.484848 1.05843 0.0623017 0.00222603
0.624161 0.484848 1.05628 0.0594452 0.00183469
0.644295 0.484848 1.05415 0.0564978 0.00147433
0.66443 0.484848 1.05207 0.0534667 0.00114518
0.684564 0.484848 1.05005 0.0503591 0.000847205
0.704698 0.484848 1.0481 0.0471822 0.000580167
0.724832 0.484848 1.04623 0.0439437 0.000343723
0.744966 0.484848 1.04447 0.0406511 0.000137479
0.765101 0.484848 1.04283 0.0373122 -3.8941e-05
0.785235 0.484848 1.0413 0.0339346 -0.000185844
0.805369 0.484848 1.03992 0.0305264 -0.000303421
0.825503 0.484848 1.03869 0.0270958 -0.000391711
0.845638 0.484848 1.03761 0.0236511 -0.000450586
0.865772 0.484848 1.03671 0.0202014 -0.000479741
0.885906 0.484848 1.03598 0.0167561 -0.000478715
0.90604 0.484848 1.03545 0.0133256 -0.00044692
0.926174 0.484848 1.0351 0.00992127 -0.000383706
0.946309 0.484848 1.03496 0.00655576 -0.000288439
0.966443 0.484848 1.03503 0.00324318 -0.000160616
0.986577 0.484848 1.03531 0 0
1.00671 0.484848 0 0 0
1.02685 0.484848 0 0 0
1.04698 0.484848 0 0 0
1.06711 0.484848 0 0 0
1.08725 0.484848 0 0 0
1.10738 0.484848 0 0 0
1.12752 0.484848 0 0 0
1.14765 0.484848 0 0 0
1.16779 0.484848 0 0 0
1.18792 0.484848 0 0 0
1.20805 0.484848 0 0 0
1.22819 0.484848 0 0 0
1.24832 0.484848 0 0 0
1.26846 0.484848 0 0 0
1.28859 0.484848 0 0 0
1.30872 0.484848 0 0 0
1.32886 0.484848 0 0 0
1.34899 0.484848 0 0 0
1.36913 0.484848 0 0 0
1.38926 0.484848 0 0 0
1.4094 0.484848 0 0 0
1.42953 0.484848 0 0 0
1.44966 0.484848 0 0 0
1.4698 0.484848 0 0 0
1.48993 0.484848 0 0 0
1.51007 0.484848 0 0 0
1.5302 0.484848 0 0 0
1.55034 0.484848 0 0 0
1.57047 0.484848 0 0 0
1.5906 0.484848 0 0 0
1.61074 0.484848 0 0 0
1.63087 0.484848 0 0 0
1.65101 0.484848 0 0 0
1.67114 0.484848 0 0 0
1.69128 0.484848 0 0 0
1.71141 0.484848 0 0 0
1.73154 0.484848 0 0 0
1.75168 0.484848 0 0 0
1.77181 0.484848 0 0 0
1.79195 0.484848 0 0 0
1.81208 0.484848 0 0 0
1.83221 0.484848 0 0 0
1.85235 0.484848 0 0 0
1.87248 0.484848 0 0 0
1.89262 0.484848 0 0 0
1.91275 0.484848 0 0 0
1.93289 0.484848 0 0 0
1.95302 0.484848 0 0 0
1.97315 0.484848 0 0 0
1.99329 0.484848 0 0 0
2.01342 0.484848 1 0 0
2.03356 0.484848 1 -6.45725e-12 -6.19541e-11
2.05369 0.484848 1 -7.73725e-12 -1.22267e-10
2.07383 0.484848 1 -4.33795e-12 -1.79863e-10
2.09396 0.484848 1 3.1418e-12 -2.33595e-10
2.11409 0.484848 1 1.40085e-11 -2.82344e-10
2.13423 0.484848 1 2.74908e-11 -3.25112e-10
2.15436 0.484848 1 4.27687e-11 -3.61095e-10
2.1745 0.484848 1 5.9012e-11 -3.89746e-10
2.19463 0.484848 1 7.54202e-11 -4.10796e-10
2.21477 0.484848 1 9.12609e-11 -4.24263e-10
2.2349 0.484848 1 1.05901e-10 -4.30429e-10
2.25503 0.484848 1 1.1883e-10 -4.29804e-10
2.27517 0.484848 1 1.29671e-10 -4.23078e-10
2.2953 0.484848 1 1.38183e-10 -4.11069e-10
2.31544 0.484848 1 1.44255e-10 -3.94663e-10
2.33557 0.484848 1 1.47891e-10 -3.74772e-10
2.3557 0.484848 1 1.49195e-10 -3.52287e-10
2.37584 0.484848 1 1.48346e-10 -3.28045e-10
2.39597 0.484848 1 1.45579e-10 -3.02804e-10
2.41611 0.484848 1 1.41167e-10 -2.77229e-10
2.43624 0.484848 1 1.35397e-10 -2.51881e-10
2.45638 0.484848 1 1.2856e-10 -2.27218e-10
2.47651 0.484848 1 1.20936e-10 -2.03598e-10
2.49664 0.484848 1 1.12785e-10 -1.81286e-10
2.51678 0.484848 1 1.04341e-10 -1.60464e-10
2.53691 0.484848 1 9.58058e-11 -1.4124e-10
2.55705 0.484848 1 8.73522e-11 -1.23665e-10
2.57718 0.484848 1 7.91198e-11 -1.07738e-10
2.59732 0.484848 1 7.12182e-11 -9.34196e-11
2.61745 0.484848 1 6.37292e-11 -8.06426e-11
2.63758 0.484848 1 5.67095e-11 -6.93182e-11
2.65772 0.484848 1 5.01941e-11 -5.93439e-11
2.67785 0.484848 1 4.41999e-11 -5.06097e-11
2.69799 0.484848 1 3.87282e-11 -4.30025e-11
2.71812 0.484848 1 3.37683e-11 -3.64094e-11
2.73826 0.484848 1 2.93002e-11 -3.07211e-11
2.75839 0.484848 1 2.52966e-11 -2.58331e-11
2.77852 0.484848 1 2.17254e-11 -2.16474e-11
2.79866 0.484848 1 1.85507e-11 -1.80728e-11
2.81879 0.484848 1 1.57349e-11 -1.50248e-11
2.83893 0.484848 1 1.32391e-11 -1.24262e-11
2.85906 0.484848 1 1.10238e-11 -1.02053e-11
2.87919 0.484848 1 9.04947e-12 -8.29608e-12
2.89933 0.484848 1 7.27664e-12 -6.6365e-12
2.91946 0.484848 1 5.66549e-12 -5.16721e-12
2.9396 0.484848 1 4.17554e-12 -3.82994e-12
2.95973 0.484848 1 2.76489e-12 -2.5655e-12
2.97987 0.484848 1 1.38922e-12 -1.31159e-12
3 0.484848 1 0 0

0 0.505051 1 0.1 0
0.0201342 0.505051 1.08618 0.0925029 0.00173677
0.0402685 0.505051 1.09387 0.0920544 0.00334513
0.0604027 0.505051 1.09435 0.0922345 0.00481298
0.0805369 0.505051 1.0943 0.0924598 0.00612949
0.100671 0.505051 1.09412 0.0926765 0.00728655
0.120805 0.505051 1.09381 0.0928619 0.00827952
0.14094 0.505051 1.0934 0.0929957 0.00910718
0.161074 0.505051 1.09286 0.0930593 0.0097716
0.181208 0.505051 1.09221 0.0930359 0.0102778
0.201342 0.505051 1.09146 0.0929111 0.0106332
0.221477 0.505051 1.09059 0.0926729 0.0108474
0.241611 0.505051 1.08962 0.0923114 0.0109315
0.261745 0.505051 1.08855 0.0918192 0.0108977
0.281879 0.505051 1.08738 0.0911906 0.0107588
0.302013 0.505051 1.08611 0.0904216 0.0105281
0.322148 0.505051 1.08476 0.0895098 0.0102184
0.342282 0.505051 1.08331 0.0884537 0.00984255
0.362416 0.505051 1.08177 0.087253 0.00941266
0.38255 0.505051 1.08015 0.085908 0.00894017
0.402685 0.505051 1.07844 0.08442 0.00843567
0.422819 0.505051 1.07666 0.0827905 0.00790885
0.442953 0.505051 1.07481 0.0810217 0.00736846
0.463087 0.505051 1.07289 0.0791163 0.00682228
0.483221 0.505051 1.0709 0.0770774 0.00627715
0.503356 0.505051 1.06887 0.0749086 0.005739
0.52349 0.505051 1.06679 0.0726141 0.00521288
0.543624 0.505051 1.06468 0.0701983 0.00470301
0.563758 0.505051 1.06255 0.0676664 0.00421288
0.583893 0.505051 1.06041 0.0650237 0.00374525
0.604027 0.505051 1.05827 0.0622763 0.00330227
0.624161 0.505051 1.05614 0.0594303 0.00288555
0.644295 0.505051 1.05404 0.0564924 0.00249617
0.66443 0.505051 1.05199 0.0534696 0.00213486
0.684564 0.505051 1.04999 0.050369 0.00180194
0.704698 0.505051 1.04807 0.047198 0.00149751
0.724832 0.505051 1.04623 0.043964 0.00122142
0.744966 0.505051 1.04449 0.0406747 0.00097338
0.765101 0.505051 1.04286 0.0373379 0.000752982
0.785235 0.505051 1.04135 0.0339614 0.000559763
0.805369 0.505051 1.03998 0.0305533 0.000393233
0.825503 0.505051 1.03876 0.0271218 0.00025289
0.845638 0.505051 1.0377 0.0236756 0.000138236
0.865772 0.505051 1.0368 0.0202236 4.87627e-05
0.885906 0.505051 1.03609 0.0167756 -1.60715e-05
0.90604 0.505051 1.03555 0.013342 -5.68912e-05
0.926174 0.505051 1.03521 0.0099341 -7.44729e-05
0.946309 0.505051 1.03508 0.00656469 -6.98395e-05
0.966443 0.505051 1.03514 0.00324785 -4.43821e-05
0.986577 0.505051 1.03542 0 0
1.00671 0.505051 0 0 0
1.02685 0.505051 0 0 0
1.04698 0.505051 0 0 0
1.06711 0.505051 0 0 0
1.08725 0.505051 0 0 0
1.10738 0.505051 0 0 0
1.12752 0.505051 0 0 0
1.14765 0.505051 0 0 0
1.16779 0.505051 0 0 0
1.18792 0.505051 0 0 0
1.20805 0.505051 0 0 0
1.22819 0.505051 0 0 0
1.24832 0.505051 0 0 0
1.26846 0.505051 0 0 0
1.28859 0.505051 0 0 0
1.30872 0.505051 0 0 0
1.32886 0.505051 0 0 0
1.34899 0.505051 0 0 0
1.36913 0.505051 0 0 0
1.38926 0.505051 0 0 0
1.4094 0.505051 0 0 0
1.42953 0.505051 0 0 0
1.44966 0.505051 0 0 0
1.4698 0.505051 0 0 0
1.48993 0.505051 0 0 0
1.51007 0.505051 0 0 0
1.5302 0.505051 0 0 0
1.55034 0.505051 0 0 0
1.57047 0.505051 0 0 0
1.5906 0.505051 0 0 0
1.61074 0.505051 0 0 0
1.63087 0.505051 0 0 0
1.65101 0.505051 0 0 0
1.67114 0.505051 0 0 0
1.69128 0.505051 0 0 0
1.71141 0.505051 0 0 0
1.73154 0.505051 0 0 0
1.75168 0.505051 0 0 0
1.77181 0.505051 0 0 0
1.79195 0.505051 0 0 0
1.81208 0.505051 0 0 0
1.83221 0.505051 0 0 0
1.85235 0.505051 0 0 0
1.87248 0.505051 0 0 0
1.89262 0.505051 0 0 0
1.91275 0.505051 0 0 0
1.93289 0.505051 0 0 0
1.95302 0.505051 0 0 0
1.97315 0.505051 0 0 0
1.99329 0.505051 0 0 0
2.01342 0.505051 1 0 0
2.03356 0.505051 1 -7.07144e-12 -7.89895e-11
2.05369 0.505051 1 -7.5077e-12 -1.56052e-10
2.07383 0.505051 1 -1.9511e-12 -2.2972e-10
2.09396 0.505051 1 8.80948e-12 -2.9843e-10
2.11409 0.505051 1 2.38501e-11 -3.60661e-10
2.13423 0.505051 1 4.21375e-11 -4.15062e-10
2.15436 0.505051 1 6.25739e-11 -4.60565e-10
2.1745 0.505051 1 8.40515e-11 -4.96453e-10
2.19463 0.505051 1 1.05511e-10 -5.22401e-10
2.21477 0.505051 1 1.25992e-10 -5.38473e-10
2.2349 0.505051 1 1.44681e-10 -5.4509e-10
2.25503 0.505051 1 1.60932e-10 -5.42973e-10
2.27517 0.505051 1 1.74288e-10 -5.33076e-10
2.2953 0.505051 1 1.84476e-10 -5.16509e-10
2.31544 0.505051 1 1.91395e-10 -4.94462e-10
2.33557 0.505051 1 1.95098e-10 -4.68142e-10
2.3557 0.505051 1 1.95761e-10 -4.38714e-10
2.37584 0.505051 1 1.93657e-10 -4.07262e-10
2.39597 0.505051 1 1.89124e-10 -3.74754e-10
2.41611 0.505051 1 1.82541e-10 -3.4203e-10
2.43624 0.505051 1 1.74299e-10 -3.09788e-10
2.45638 0.505051 1 1.64788e-10 -2.78589e-10
2.47651 0.505051 1 1.54373e-10 -2.48862e-10
2.49664 0.505051 1 1.43393e-10 -2.20917e-10
2.51678 0.505051 1 1.32144e-10 -1.94957e-10
2.53691 0.505051 1 1.20881e-10 -1.71096e-10
2.55705 0.505051 1 1.09816e-10 -1.49372e-10
2.57718 0.505051 1 9.91175e-11 -1.29764e-10
2.59732 0.505051 1 8.89161e-11 -1.12206e-10
2.61745 0.505051 1 7.93046e-11 -9.65959e-11
2.63758 0.505051 1 7.03449e-11 -8.28102e-11
2.65772 0.505051 1 6.20713e-11 -7.07103e-11
2.67785 0.505051 1 5.44959e-11 -6.01503e-11
2.69799 0.505051 1 4.7612e-11 -5.09826e-11
2.71812 0.505051 1 4.13989e-11 -4.30622e-11
2.73826 0.505051 1 3.58247e-11 -3.62496e-11
2.75839 0.505051 1 3.08496e-11 -3.0413e-11
2.77852 0.505051 1 2.64284e-11 -2.54297e-11
2.79866 0.505051 1 2.25126e-11 -2.11861e-11
2.81879 0.505051 1 1.90518e-11 -1.75782e-11
2.83893 0.505051 1 1.59949e-11 -1.4511e-11
2.85906 0.505051 1 1.32909e-11 -1.18972e-11
2.87919 0.505051 1 1.08893e-11 -9.65693e-12
2.89933 0.505051 1 8.73996e-12 -7.71528e-12
2.91946 0.505051 1 6.79318e-12 -6.00117e-12
2.9396 0.505051 1 4.99876e-12 -4.44507e-12
2.95973 0.505051 1 3.30522e-12 -2.97664e-12
2.97987 0.505051 1 1.65852e-12 -1.52191e-12
3 0.505051 1 0 0

0 0.525253 1 0.1 0
0.0201342 0.525253 1.08552 0.0925867 0.00167668
0.0402685 0.525253 1.0931 0.0921604 0.00324335
0.0604027 0.525253 1.09351 0.0923461 0.00468953
0.0805369 0.525253 1.0934 0.0925648 0.00600508
0.100671 0.525253 1.09317 0.0927646 0.00718157
0.120805 0.525253 1.09283 0.0929251 0.00821303
0.14094 0.525253 1.09239 0.0930284 0.00909622
0.161074 0.525253 1.09184 0.093058 0.00983053
0.181208 0.525253 1.09119 0.0929991 0.010418
0.201342 0.525253 1.09044 0.0928389 0.0108629
0.221477 0.525253 1.08958 0.0925669 0.0111718
0.241611 0.525253 1.08863 0.0921743 0.0113528
0.261745 0.525253 1.08759 0.0916545 0.0114154
0.281879 0.525253 1.08645 0.0910022 0.0113703
0.302013 0.525253 1.08522 0.0902139 0.0112285
0.322148 0.525253 1.08391 0.089287 0.0110015
0.342282 0.525253 1.0825 0.0882203 0.0107009
0.362416 0.525253 1.08101 0.0870131 0.010338
0.38255 0.525253 1.07943 0.0856655 0.00992369
0.402685 0.525253 1.07778 0.0841783 0.00946828
0.422819 0.525253 1.07604 0.0825527 0.00898147
0.442953 0.525253 1.07423 0.0807904 0.00847215
0.463087 0.525253 1.07236 0.0788938 0.00794844
0.483221 0.525253 1.07042 0.0768656 0.00741762
0.503356 0.525253 1.06843 0.0747089 0.00688612
0.52349 0.525253 1.0664 0.0724274 0.0063596
0.543624 0.525253 1.06433 0.0700254 0.00584288
0.563758 0.525253 1.06224 0.0675076 0.00534007
0.583893 0.525253 1.06013 0.0648792 0.00485456
0.604027 0.525253 1.05802 0.0621458 0.0043891
0.624161 0.525253 1.05593 0.0593136 0.00394585
0.644295 0.525253 1.05387 0.0563889 0.00352643
0.66443 0.525253 1.05184 0.0533785 0.00313199
0.684564 0.525253 1.04987 0.0502895 0.00276324
0.704698 0.525253 1.04797 0.0471293 0.00242057
0.724832 0.525253 1.04615 0.0439051 0.00210402
0.744966 0.525253 1.04443 0.0406248 0.00181338
0.765101 0.525253 1.04282 0.0372959 0.00154822
0.785235 0.525253 1.04133 0.0339266 0.00130793
0.805369 0.525253 1.03997 0.0305247 0.0010917
0.825503 0.525253 1.03877 0.0270988 0.000898593
0.845638 0.525253 1.03771 0.0236574 0.000727493
0.865772 0.525253 1.03683 0.0202096 0.000577106
0.885906 0.525253 1.03612 0.0167652 0.000445917
0.90604 0.525253 1.03559 0.0133347 0.000332129
0.926174 0.525253 1.03526 0.0099294 0.000233583
0.946309 0.525253 1.03512 0.00656213 0.000147653
0.966443 0.525253 1.03518 0.00324689 7.11161e-05
0.986577 0.525253 1.03546 0 0
1.00671 0.525253 0 0 0
1.02685 0.525253 0 0 0
1.04698 0.525253 0 0 0
1.06711 0.525253 0 0 0
1.08725 0.525253 0 0 0
1.10738 0.525253 0 0 0
1.12752 0.525253 0 0 0
1.14765 0.525253 0 0 0
1.16779 0.525253 0 0 0
1.18792 0.525253 0 0 0
1.20805 0.525253 0 0 0
1.22819 0.525253 0 0 0
1.24832 0.525253 0 0 0
1.26846 0.525253 0 0 0
1.28859 0.525253 0 0 0
1.30872 0.525253 0 0 0
1.32886 0.525253 0 0 0
1.34899 0.525253 0 0 0
1.36913 0.525253 0 0 0
1.38926 0.525253 0 0 0
1.4094 0.525253 0 0 0
1.42953 0.525253 0 0 0
1.44966 0.525253 0 0 0
1.4698 0.525253 0 0 0
1.48993 0.525253 0 0 0
1.51007 0.525253 0 0 0
1.5302 0.525253 0 0 0
1.55034 0.525253 0 0 0
1.57047 0.525253 0 0 0
1.5906 0.525253 0 0 0
1.61074 0.525253 0 0 0
1.63087 0.525253 0 0 0
1.65101 0.525253 0 0 0
1.67114 0.525253 0 0 0
1.69128 0.525253 0 0 0
1.71141 0.525253 0 0 0
1.73154 0.525253 0 0 0
1.75168 0.525253 0 0 0
1.77181 0.525253 0 0 0
1.79195 0.525253 0 0 0
1.81208 0.525253 0 0 0
1.83221 0.525253 0 0 0
1.85235 0.525253 0 0 0
1.87248 0.525253 0 0 0
1.89262 0.525253 0 0 0
1.91275 0.525253 0 0 0
1.93289 0.525253 0 0 0
1.95302 0.525253 0 0 0
1.97315 0.525253 0 0 0
1.99329 0.525253 0 0 0
2.01342 0.525253 1 0 0
2.03356 0.525253 1 -7.41149e-12 -1.0072e-10
2.05369 0.525253 1 -6.31659e-12 -1.99213e-10
2.07383 0.525253 1 2.4532e-12 -2.93473e-10
2.09396 0.525253 1 1.78537e-11 -3.81361e-10
2.11409 0.525253 1 3.86482e-11 -4.60802e-10
2.13423 0.525253 1 6.34477e-11 -5.29972e-10
2.15436 0.525253 1 9.07775e-11 -5.87443e-10
2.1745 0.525253 1 1.19158e-10 -6.32288e-10
2.19463 0.525253 1 1.47185e-10 -6.64121e-10
2.21477 0.525253 1 1.73606e-10 -6.83088e-10
2.2349 0.525253 1 1.97374e-10 -6.89815e-10
2.25503 0.525253 1 2.17686e-10 -6.85324e-10
2.27517 0.525253 1 2.33994e-10 -6.70934e-10
2.2953 0.525253 1 2.46002e-10 -6.48152e-10
2.31544 0.525253 1 2.53645e-10 -6.18573e-10
2.33557 0.525253 1 2.57053e-10 -5.83791e-10
2.3557 0.525253 1 2.56516e-10 -5.4533e-10
2.37584 0.525253 1 2.5244e-10 -5.04585e-10
2.39597 0.525253 1 2.45308e-10 -4.62791e-10
2.41611 0.525253 1 2.35642e-10 -4.20998e-10
2.43624 0.525253 1 2.23975e-10 -3.80072e-10
2.45638 0.525253 1 2.1082e-10 -3.40693e-10
2.47651 0.525253 1 1.96658e-10 -3.0337e-10
2.49664 0.525253 1 1.81921e-10 -2.68458e-10
2.51678 0.525253 1 1.66986e-10 -2.3618e-10
2.53691 0.525253 1 1.52168e-10 -2.06645e-10
2.55705 0.525253 1 1.37728e-10 -1.79871e-10
2.57718 0.525253 1 1.23866e-10 -1.55805e-10
2.59732 0.525253 1 1.10733e-10 -1.3434e-10
2.61745 0.525253 1 9.84329e-11 -1.15329e-10
2.63758 0.525253 1 8.70295e-11 -9.86019e-11
2.65772 0.525253 1 7.65534e-11 -8.39719e-11
2.67785 0.525253 1 6.70073e-11 -7.12473e-11
2.69799 0.525253 1 5.83721e-11 -6.02369e-11
2.71812 0.525253 1 5.06118e-11 -5.07547e-11
2.73826 0.525253 1 4.3678e-11 -4.26241e-11
2.75839 0.525253 1 3.75138e-11 -3.56795e-11
2.77852 0.525253 1 3.20568e-11 -2.97674e-11
2.79866 0.525253 1 2.72412e-11 -2.47477e-11
2.81879 0.525253 1 2.30003e-11 -2.04922e-11
2.83893 0.525253 1 1.92675e-11 -1.68848e-11
2.85906 0.525253 1 1.5977e-11 -1.38197e-11
2.87919 0.525253 1 1.30643e-11 -1.12003e-11
2.89933 0.525253 1 1.04665e-11 -8.9368e-12
2.91946 0.525253 1 8.12124e-12 -6.94428e-12
2.9396 0.525253 1 5.96658e-12 -5.14011e-12
2.95973 0.525253 1 3.93945e-12 -3.44098e-12
2.97987 0.525253 1 1.97418e-12 -1.75947e-12
3 0.525253 1 0 0

0 0.545455 1 0.1 0
0.0201342 0.545455 1.08493 0.0926615 0.00163358
0.0402685 0.545455 1.09241 0.0922554 0.00317399
0.0604027 0.545455 1.09276 0.0924462 0.00461208
0.0805369 0.545455 1.0926 0.092658 0.00593817
0.100671 0.545455 1.09231 0.0928405 0.00714334
0.120805 0.545455 1.09194 0.0929753 0.00822029
0.14094 0.545455 1.09146 0.0930464 0.00916373
0.161074 0.545455 1.09089 0.0930393 0.00997057
0.181208 0.545455 1.09022 0.0929409 0.01064
0.201342 0.545455 1.08946 0.0927405 0.0111735
0.221477 0.545455 1.08861 0.0924289 0.0115748
0.241611 0.545455 1.08767 0.0919986 0.0118492
0.261745 0.545455 1.08664 0.091444 0.0120041
0.281879 0.545455 1.08553 0.0907607 0.0120478
0.302013 0.545455 1.08433 0.0899456 0.0119898
0.322148 0.545455 1.08304 0.0889966 0.0118402
0.342282 0.545455 1.08167 0.0879123 0.0116096
0.362416 0.545455 1.08021 0.0866922 0.0113085
0.38255 0.545455 1.07868 0.0853362 0.0109474
0.402685 0.545455 1.07706 0.0838447 0.0105364
0.422819 0.545455 1.07537 0.0822187 0.0100853
0.442953 0.545455 1.07361 0.0804595 0.00960315
0.463087 0.545455 1.07177 0.078569 0.00909834
0.483221 0.545455 1.06988 0.0765495 0.0085786
0.503356 0.545455 1.06793 0.0744037 0.0080509
0.52349 0.545455 1.06594 0.072135 0.00752142
0.543624 0.545455 1.06391 0.0697472 0.0069956
0.563758 0.545455 1.06185 0.0672447 0.00647814
0.583893 0.545455 1.05978 0.0646323 0.00597302
0.604027 0.545455 1.05771 0.0619154 0.00548356
0.624161 0.545455 1.05565 0.0590998 0.00501246
0.644295 0.545455 1.05361 0.0561917 0.00456182
0.66443 0.545455 1.05162 0.0531977 0.00413322
0.684564 0.545455 1.04968 0.0501247 0.00372772
0.704698 0.545455 1.0478 0.0469799 0.00334597
0.724832 0.545455 1.046 0.0437707 0.0029882
0.744966 0.545455 1.0443 0.0405046 0.00265428
0.765101 0.545455 1.04271 0.0371893 0.00234373
0.785235 0.545455 1.04124 0.0338328 0.00205577
0.805369 0.545455 1.0399 0.0304431 0.00178931
0.825503 0.545455 1.0387 0.0270287 0.00154296
0.845638 0.545455 1.03766 0.0235981 0.00131501
0.865772 0.545455 1.03679 0.0201606 0.00110338
0.885906 0.545455 1.03608 0.0167259 0.000905636
0.90604 0.545455 1.03556 0.0133045 0.000718831
0.926174 0.545455 1.03523 0.00990782 0.000539469
0.946309 0.545455 1.0351 0.00654848 0.000363375
0.966443 0.545455 1.03516 0.00324048 0.000185546
0.986577 0.545455 1.03543 0 0
1.00671 0.545455 0 0 0
1.02685 0.545455 0 0 0
1.04698 0.545455 0 0 0
1.06711 0.545455 0 0 0
1.08725 0.545455 0 0 0
1.10738 0.545455 0 0 0
1.12752 0.545455 0 0 0
1.14765 0.545455 0 0 0
1.16779 0.545455 0 0 0
1.18792 0.545455 0 0 0
1.20805 0.545455 0 0 0
1.22819 0.545455 0 0 0
1.24832 0.545455 0 0 0
1.26846 0.545455 0 0 0
1.28859 0.545455 0 0 0
1.30872 0.545455 0 0 0
1.32886 0.545455 0 0 0
1.34899 0.545455 0 0 0
1.36913 0.545455 0 0 0
1.38926 0.545455 0 0 0
1.4094 0.545455 0 0 0
1.42953 0.545455 0 0 0
1.44966 0.545455 0 0 0
1.4698 0.545455 0 0 0
1.48993 0.545455 0 0 0
1.51007 0.545455 0 0 0
1.5302 0.545455 0 0 0
1.55034 0.545455 0 0 0
1.57047 0.545455 0 0 0
1.5906 0.545455 0 0 0
1.61074 0.545455 0 0 0
1.63087 0.545455 0 0 0
1.65101 0.545455 0 0 0
1.67114 0.545455 0 0 0
1.69128 0.545455 0 0 0
1.71141 0.545455 0 0 0
1.73154 0.545455 0 0 0
1.75168 0.545455 0 0 0
1.77181 0.545455 0 0 0
1.79195 0.545455 0 0 0
1.81208 0.545455 0 0 0
1.83221 0.545455 0 0 0
1.85235 0.545455 0 0 0
1.87248 0.545455 0 0 0
1.89262 0.545455 0 0 0
1.91275 0.545455 0 0 0
1.93289 0.545455 0 0 0
1.95302 0.545455 0 0 0
1.97315 0.545455 0 0 0
1.99329 0.545455 0 0 0
2.01342 0.545455 1 0 0
2.03356 0.545455 1 -7.23074e-12 -1.28456e-10
2.05369 0.545455 1 -3.55131e-12 -2.54396e-10
2.07383 0.545455 1 9.95724e-12 -3.75064e-10
2.09396 0.545455 1 3.19053e-11 -4.87523e-10
2.11409 0.545455 1 6.06287e-11 -5.88939e-10
2.13423 0.545455 1 9.42524e-11 -6.7684e-10
2.15436 0.545455 1 1.3079e-10 -7.49328e-10
2.1745 0.545455 1 1.6826e-10 -8.05206e-10
2.19463 0.545455 1 2.04807e-10 -8.44033e-10
2.21477 0.545455 1 2.38796e-10 -8.66096e-10
2.2349 0.545455 1 2.68893e-10 -8.72324e-10
2.25503 0.545455 1 2.94106e-10 -8.64166e-10
2.27517 0.545455 1 3.13797e-10 -8.43446e-10
2.2953 0.545455 1 3.27667e-10 -8.1221e-10
2.31544 0.545455 1 3.35725e-10 -7.72593e-10
2.33557 0.545455 1 3.38229e-10 -7.26697e-10
2.3557 0.545455 1 3.35637e-10 -6.76506e-10
2.37584 0.545455 1 3.28548e-10 -6.23812e-10
2.39597 0.545455 1 3.17642e-10 -5.70177e-10
2.41611 0.545455 1 3.03638e-10 -5.16914e-10
2.43624 0.545455 1 2.8725e-10 -4.65081e-10
2.45638 0.545455 1 2.69158e-10 -4.15497e-10
2.47651 0.545455 1 2.49985e-10 -3.68758e-10
2.49664 0.545455 1 2.30281e-10 -3.25262e-10
2.51678 0.545455 1 2.10519e-10 -2.85243e-10
2.53691 0.545455 1 1.91088e-10 -2.48794e-10
2.55705 0.545455 1 1.72301e-10 -2.15899e-10
2.57718 0.545455 1 1.54394e-10 -1.86456e-10
2.59732 0.545455 1 1.37538e-10 -1.60301e-10
2.61745 0.545455 1 1.21844e-10 -1.37226e-10
2.63758 0.545455 1 1.07374e-10 -1.16999e-10
2.65772 0.545455 1 9.41493e-11 -9.93719e-11
2.67785 0.545455 1 8.21564e-11 -8.40934e-11
2.69799 0.545455 1 7.13572e-11 -7.09171e-11
2.71812 0.545455 1 6.16941e-11 -5.96064e-11
2.73826 0.545455 1 5.30958e-11 -4.99383e-11
2.75839 0.545455 1 4.54821e-11 -4.17054e-11
2.77852 0.545455 1 3.87673e-11 -3.47175e-11
2.79866 0.545455 1 3.28636e-11 -2.88016e-11
2.81879 0.545455 1 2.76832e-11 -2.38009e-11
2.83893 0.545455 1 2.31392e-11 -1.9574e-11
2.85906 0.545455 1 1.91474e-11 -1.59931e-11
2.87919 0.545455 1 1.5626e-11 -1.29418e-11
2.89933 0.545455 1 1.24958e-11 -1.03129e-11
2.91946 0.545455 1 9.67926e-12 -8.00535e-12
2.9396 0.545455 1 7.10007e-12 -5.92139e-12
2.95973 0.545455 1 4.6811e-12 -3.96271e-12
2.97987 0.545455 1 2.34277e-12 -2.02639e-12
3 0.545455 1 0 0

0 0.565657 1 0.1 0
0.0201342 0.565657 1.08441 0.092728 0.0016057
0.0402685 0.565657 1.09181 0.09234 0.00313412
0.0604027 0.565657 1.09209 0.0925349 0.00457719
0.0805369 0.565657 1.09187 0.0927391 0.00592537
0.100671 0.565657 1.09153 0.0929037 0.00716899
0.120805 0.565657 1.09111 0.0930114 0.00829925
0.14094 0.565657 1.09059 0.0930481 0.00930873
0.161074 0.565657 1.08999 0.093001 0.0101918
0.181208 0.565657 1.0893 0.0928592 0.0109451
0.201342 0.565657 1.08852 0.0926135 0.0115673
0.221477 0.565657 1.08766 0.0922564 0.0120593
0.241611 0.565657 1.08672 0.091782 0.0124244
0.261745 0.565657 1.0857 0.0911859 0.0126675
0.281879 0.565657 1.0846 0.0904647 0.0127954
0.302013 0.565657 1.08342 0.0896159 0.012816
0.322148 0.565657 1.08215 0.088638 0.0127383
0.342282 0.565657 1.08081 0.0875299 0.0125719
0.362416 0.565657 1.07939 0.0862911 0.012327
0.38255 0.565657 1.07788 0.0849214 0.0120136
0.402685 0.565657 1.0763 0.0834211 0.0116419
0.422819 0.565657 1.07465 0.0817908 0.0112215
0.442953 0.565657 1.07292 0.0800316 0.0107619
0.463087 0.565657 1.07113 0.0781449 0.0102719
0.483221 0.565657 1.06927 0.0761325 0.00975944
0.503356 0.565657 1.06736 0.0739969 0.00923214
0.52349 0.565657 1.06541 0.0717408 0.00869671
0.543624 0.565657 1.06342 0.0693678 0.00815914
0.563758 0.565657 1.0614 0.0668817 0.00762471
0.583893 0.565657 1.05936 0.0642871 0.00709797
0.604027 0.565657 1.05732 0.061589 0.00658278
0.624161 0.565657 1.0553 0.0587929 0.00608234
0.644295 0.565657 1.05329 0.0559047 0.0055992
0.66443 0.565657 1.05133 0.0529309 0.00513534
0.684564 0.565657 1.04941 0.0498781 0.00469216
0.704698 0.565657 1.04756 0.0467534 0.00427055
0.724832 0.565657 1.04579 0.0435639 0.00387089
0.744966 0.565657 1.04411 0.0403171 0.00349311
0.765101 0.565657 1.04254 0.0370207 0.00313668
0.785235 0.565657 1.04108 0.0336825 0.00280065
0.805369 0.565657 1.03976 0.0303106 0.00248362
0.825503 0.565657 1.03858 0.0269134 0.00218376
0.845638 0.565657 1.03755 0.0234995 0.00189877
0.865772 0.565657 1.03668 0.0200781 0.00162585
0.885906 0.565657 1.03599 0.0166589 0.00136161
0.90604 0.565657 1.03547 0.0132524 0.00110202
0.926174 0.565657 1.03514 0.00986993 0.000842283
0.946309 0.565657 1.03501 0.00652412 0.000576718
0.966443 0.565657 1.03507 0.00322881 0.000298602
0.986577 0.565657 1.03534 0 0
1.00671 0.565657 0 0 0
1.02685 0.565657 0 0 0
1.04698 0.565657 0 0 0
1.06711 0.565657 0 0 0
1.08725 0.565657 0 0 0
1.10738 0.565657 0 0 0
1.12752 0.565657 0 0 0
1.14765 0.565657 0 0 0
1.16779 0.565657 0 0 0
1.18792 0.565657 0 0 0
1.20805 0.565657 0 0 0
1.22819 0.565657 0 0 0
1.24832 0.565657 0 0 0
1.26846 0.565657 0 0 0
1.28859 0.565657 0 0 0
1.30872 0.565657 0 0 0
1.32886 0.565657 0 0 0
1.34899 0.565657 0 0 0
1.36913 0.565657 0 0 0
1.38926 0.565657 0 0 0
1.4094 0.565657 0 0 0
1.42953 0.565657 0 0 0
1.44966 0.565657 0 0 0
1.4698 0.565657 0 0 0
1.48993 0.565657 0 0 0
1.51007 0.565657 0 0 0
1.5302 0.565657 0 0 0
1.55034 0.565657 0 0 0
1.57047 0.565657 0 0 0
1.5906 0.565657 0 0 0
1.61074 0.565657 0 0 0
1.63087 0.565657 0 0 0
1.65101 0.565657 0 0 0
1.67114 0.565657 0 0 0
1.69128 0.565657 0 0 0
1.71141 0.565657 0 0 0
1.73154 0.565657 0 0 0
1.75168 0.565657 0 0 0
1.77181 0.565657 0 0 0
1.79195 0.565657 0 0 0
1.81208 0.565657 0 0 0
1.83221 0.565657 0 0 0
1.85235 0.565657 0 0 0
1.87248 0.565657 0 0 0
1.89262 0.565657 0 0 0
1.91275 0.565657 0 0 0
1.93289 0.565657 0 0 0
1.95302 0.565657 0 0 0
1.97315 0.565657 0 0 0
1.99329 0.565657 0 0 0
2.01342 0.565657 1 0 0
2.03356 0.565657 1 -6.14612e-12 -1.63887e-10
2.05369 0.565657 1 1.70925e-12 -3.25017e-10
2.07383 0.565657 1 2.21532e-11 -4.79589e-10
2.09396 0.565657 1 5.33246e-11 -6.23556e-10
2.11409 0.565657 1 9.29716e-11 -7.53033e-10
2.13423 0.565657 1 1.38551e-10 -8.64673e-10
2.15436 0.565657 1 1.87379e-10 -9.55951e-10
2.1745 0.565657 1 2.36802e-10 -1.02534e-09
2.19463 0.565657 1 2.84363e-10 -1.07236e-09
2.21477 0.565657 1 3.27942e-10 -1.09754e-09
2.2349 0.565657 1 3.65851e-10 -1.10225e-09
2.25503 0.565657 1 3.96883e-10 -1.08855e-09
2.27517 0.565657 1 4.20321e-10 -1.05896e-09
2.2953 0.565657 1 4.35906e-10 -1.01626e-09
2.31544 0.565657 1 4.43777e-10 -9.63288e-10
2.33557 0.565657 1 4.44398e-10 -9.02824e-10
2.3557 0.565657 1 4.38474e-10 -8.37436e-10
2.37584 0.565657 1 4.26873e-10 -7.69414e-10
2.39597 0.565657 1 4.1055e-10 -7.00726e-10
2.41611 0.565657 1 3.90485e-10 -6.32997e-10
2.43624 0.565657 1 3.67632e-10 -5.67512e-10
2.45638 0.565657 1 3.42882e-10 -5.05244e-10
2.47651 0.565657 1 3.17037e-10 -4.46876e-10
2.49664 0.565657 1 2.90793e-10 -3.92846e-10
2.51678 0.565657 1 2.64737e-10 -3.43382e-10
2.53691 0.565657 1 2.39342e-10 -2.98545e-10
2.55705 0.565657 1 2.1498e-10 -2.58263e-10
2.57718 0.565657 1 1.91921e-10 -2.22363e-10
2.59732 0.565657 1 1.70355e-10 -1.90605e-10
2.61745 0.565657 1 1.50394e-10 -1.62698e-10
2.63758 0.565657 1 1.32091e-10 -1.38327e-10
2.65772 0.565657 1 1.15449e-10 -1.17166e-10
2.67785 0.565657 1 1.0043e-10 -9.88892e-11
2.69799 0.565657 1 8.69679e-11 -8.31804e-11
2.71812 0.565657 1 7.49741e-11 -6.97398e-11
2.73826 0.565657 1 6.43461e-11 -5.82871e-11
2.75839 0.565657 1 5.49722e-11 -4.85645e-11
2.77852 0.565657 1 4.67367e-11 -4.03369e-11
2.79866 0.565657 1 3.95226e-11 -3.33917e-11
2.81879 0.565657 1 3.32148e-11 -2.7538e-11
2.83893 0.565657 1 2.77014e-11 -2.26044e-11
2.85906 0.565657 1 2.28746e-11 -1.84369e-11
2.87919 0.565657 1 1.8631e-11 -1.48963e-11
2.89933 0.565657 1 1.48714e-11 -1.18547e-11
2.91946 0.565657 1 1.14998e-11 -9.19269e-12
2.9396 0.565657 1 8.4223e-12 -6.79485e-12
2.95973 0.565657 1 5.54491e-12 -4.54574e-12
2.97987 0.565657 1 2.77149e-12 -2.3247e-12
3 0.565657 1 0 0

0 0.585859 1 0.1 0
0.0201342 0.585859 1.08396 0.0927864 0.00159141
0.0402685 0.585859 1.09128 0.0924144 0.00312115
0.0604027 0.585859 1.0915 0.0926121 0.00458186
0.0805369 0.585859 1.09122 0.0928078 0.00596379
0.100671 0.585859 1.09083 0.0929529 0.00725618
0.120805 0.585859 1.09035 0.0930316 0.00844841
0.14094 0.585859 1.08978 0.0930311 0.00953072
0.161074 0.585859 1.08914 0.0929404 0.0104949
0.181208 0.585859 1.08842 0.0927505 0.0113347
0.201342 0.585859 1.08762 0.092454 0.0120464
0.221477 0.585859 1.08674 0.0920455 0.0126283
0.241611 0.585859 1.08579 0.0915206 0.0130816
0.261745 0.585859 1.08476 0.0908764 0.0134093
0.281879 0.585859 1.08366 0.0901106 0.0136167
0.302013 0.585859 1.08249 0.0892217 0.0137105
0.322148 0.585859 1.08124 0.0882088 0.0136988
0.342282 0.585859 1.07992 0.0870711 0.0135907
0.362416 0.585859 1.07852 0.0858083 0.0133957
0.38255 0.585859 1.07704 0.0844204 0.0131241
0.402685 0.585859 1.07549 0.0829073 0.0127857
0.422819 0.585859 1.07387 0.0812696 0.0123907
0.442953 0.585859 1.07218 0.0795078 0.0119485
0.463087 0.585859 1.07042 0.077623 0.0114684
0.483221 0.585859 1.0686 0.0756166 0.0109591
0.503356 0.585859 1.06673 0.0734906 0.0104284
0.52349 0.585859 1.06481 0.0712474 0.00988356
0.543624 0.585859 1.06285 0.0688898 0.00933126
0.563758 0.585859 1.06087 0.0664216 0.00877727
0.583893 0.585859 1.05887 0.0638467 0.00822667
0.604027 0.585859 1.05687 0.0611698 0.00768384
0.624161 0.585859 1.05487 0.0583961 0.00715244
0.644295 0.585859 1.0529 0.0555313 0.00663547
0.66443 0.585859 1.05096 0.0525814 0.00613524
0.684564 0.585859 1.04907 0.0495529 0.00565348
0.704698 0.585859 1.04725 0.0464525 0.00519127
0.724832 0.585859 1.0455 0.0432874 0.00474914
0.744966 0.585859 1.04385 0.0400649 0.00432705
0.765101 0.585859 1.04229 0.0367924 0.00392441
0.785235 0.585859 1.04086 0.0334779 0.00354006
0.805369 0.585859 1.03955 0.0301292 0.00317232
0.825503 0.585859 1.03838 0.0267547 0.00281892
0.845638 0.585859 1.03737 0.023363 0.00247696
0.865772 0.585859 1.03651 0.0199633 0.00214291
0.885906 0.585859 1.03582 0.0165652 0.00181249
0.90604 0.585859 1.03531 0.0131791 0.0014806
0.926174 0.585859 1.03499 0.00981635 0.00114119
0.946309 0.585859 1.03485 0.00648943 0.000787122
0.966443 0.585859 1.03491 0.00321205 0.000410001
0.986577 0.585859 1.03518 0 0
1.00671 0.585859 0 0 0
1.02685 0.585859 0 0 0
1.04698 0.585859 0 0 0
1.06711 0.585859 0 0 0
1.08725 0.585859 0 0 0
1.10738 0.585859 0 0 0
1.12752 0.585859 0 0 0
1.14765 0.585859 0 0 0
1.16779 0.585859 0 0 0
1.18792 0.585859 0 0 0
1.20805 0.585859 0 0 0
1.22819 0.585859 0 0 0
1.24832 0.585859 0 0 0
1.26846 0.585859 0 0 0
1.28859 0.585859 0 0 0
1.30872 0.585859 0 0 0
1.32886 0.585859 0 0 0
1.34899 0.585859 0 0 0
1.36913 0.585859 0 0 0
1.38926 0.585859 0 0 0
1.4094 0.585859 0 0 0
1.42953 0.585859 0 0 0
1.44966 0.585859 0 0 0
1.4698 0.585859 0 0 0
1.48993 0.585859 0 0 0
1.51007 0.585859 0 0 0
1.5302 0.585859 0 0 0
1.55034 0.585859 0 0 0
1.57047 0.585859 0 0 0
1.5906 0.585859 0 0 0
1.61074 0.585859 0 0 0
1.63087 0.585859 0 0 0
1.65101 0.585859 0 0 0
1.67114 0.585859 0 0 0
1.69128 0.585859 0 0 0
1.71141 0.585859 0 0 0
1.73154 0.585859 0 0 0
1.75168 0.585859 0 0 0
1.77181 0.585859 0 0 0
1.79195 0.585859 0 0 0
1.81208 0.585859 0 0 0
1.83221 0.585859 0 0 0
1.85235 0.585859 0 0 0
1.87248 0.585859 0 0 0
1.89262 0.585859 0 0 0
1.91275 0.585859 0 0 0
1.93289 0.585859 0 0 0
1.95302 0.585859 0 0 0
1.97315 0.585859 0 0 0
1.99329 0.585859 0 0 0
2.01342 0.585859 1 0 0
2.03356 0.585859 1 -3.57168e-12 -2.09196e-10
2.05369 0.585859 1 1.08392e-11 -4.15505e-10
2.07383 0.585859 1 4.13738e-11 -6.13662e-10
2.09396 0.585859 1 8.55217e-11 -7.98069e-10
2.11409 0.585859 1 1.40216e-10 -9.63387e-10
2.13423 0.585859 1 2.01992e-10 -1.10508e-09
2.15436 0.585859 1 2.67211e-10 -1.21979e-09
2.1745 0.585859 1 3.32316e-10 -1.3056e-09
2.19463 0.585859 1 3.94062e-10 -1.36205e-09
2.21477 0.585859 1 4.4971e-10 -1.39004e-09
2.2349 0.585859 1 4.97146e-10 -1.3916e-09
2.25503 0.585859 1 5.34936e-10 -1.36966e-09
2.27517 0.585859 1 5.62317e-10 -1.32769e-09
2.2953 0.585859 1 5.79138e-10 -1.26947e-09
2.31544 0.585859 1 5.85767e-10 -1.19879e-09
2.33557 0.585859 1 5.82979e-10 -1.11927e-09
2.3557 0.585859 1 5.71841e-10 -1.03424e-09
2.37584 0.585859 1 5.53598e-10 -9.46619e-10
2.39597 0.585859 1 5.29577e-10 -8.58853e-10
2.41611 0.585859 1 5.01106e-10 -7.72943e-10
2.43624 0.585859 1 4.69449e-10 -6.90433e-10
2.45638 0.585859 1 4.35766e-10 -6.12459e-10
2.47651 0.585859 1 4.01079e-10 -5.39791e-10
2.49664 0.585859 1 3.66262e-10 -4.72888e-10
2.51678 0.585859 1 3.32031e-10 -4.11953e-10
2.53691 0.585859 1 2.98958e-10 -3.56987e-10
2.55705 0.585859 1 2.67473e-10 -3.07832e-10
2.57718 0.585859 1 2.37881e-10 -2.64219e-10
2.59732 0.585859 1 2.1038e-10 -2.25798e-10
2.61745 0.585859 1 1.85077e-10 -1.92173e-10
2.63758 0.585859 1 1.62004e-10 -1.62922e-10
2.65772 0.585859 1 1.41131e-10 -1.37618e-10
2.67785 0.585859 1 1.22386e-10 -1.1584e-10
2.69799 0.585859 1 1.0566e-10 -9.71858e-11
2.71812 0.585859 1 9.08236e-11 -8.12775e-11
2.73826 0.585859 1 7.77309e-11 -6.77652e-11
2.75839 0.585859 1 6.62291e-11 -5.63294e-11
2.77852 0.585859 1 5.61624e-11 -4.66809e-11
2.79866 0.585859 1 4.73768e-11 -3.85603e-11
2.81879 0.585859 1 3.97223e-11 -3.17357e-11
2.83893 0.585859 1 3.30552e-11 -2.60003e-11
2.85906 0.585859 1 2.72383e-11 -2.11697e-11
2.87919 0.585859 1 2.21416e-11 -1.70775e-11
2.89933 0.585859 1 1.76411e-11 -1.35726e-11
2.91946 0.585859 1 1.36185e-11 -1.05138e-11
2.9396 0.585859 1 9.9584e-12 -7.76585e-12
2.95973 0.585859 1 6.54692e-12 -5.19358e-12
2.97987 0.585859 1 3.26812e-12 -2.65619e-12
3 0.585859 1 0 0

0 0.606061 1 0.1 0
0.0201342 0.606061 1.08357 0.0928367 0.00158923
0.0402685 0.606061 1.09082 0.0924784 0.00313276
0.0604027 0.606061 1.09098 0.0926775 0.00462356
0.0805369 0.606061 1.09063 0.092863 0.0060512
0.100671 0.606061 1.09018 0.0929867 0.00740333
0.120805 0.606061 1.08964 0.0930336 0.00866706
0.14094 0.606061 1.08903 0.0929921 0.00982993
0.161074 0.606061 1.08833 0.0928533 0.0108809
0.181208 0.606061 1.08757 0.0926099 0.0118109
0.201342 0.606061 1.08673 0.0922568 0.0126135
0.221477 0.606061 1.08582 0.0917905 0.0132849
0.241611 0.606061 1.08485 0.0912086 0.0138242
0.261745 0.606061 1.08382 0.0905096 0.0142329
0.281879 0.606061 1.08271 0.0896929 0.0145149
0.302013 0.606061 1.08154 0.0887578 0.0146762
0.322148 0.606061 1.0803 0.0877042 0.0147243
0.342282 0.606061 1.07899 0.0865318 0.0146678
0.362416 0.606061 1.07761 0.0852406 0.0145162
0.38255 0.606061 1.07616 0.0838306 0.0142796
0.402685 0.606061 1.07463 0.0823016 0.0139683
0.422819 0.606061 1.07304 0.0806538 0.0135925
0.442953 0.606061 1.07138 0.0788876 0.0131622
0.463087 0.606061 1.06965 0.0770035 0.012687
0.483221 0.606061 1.06787 0.0750025 0.0121759
0.503356 0.606061 1.06603 0.0728861 0.0116376
0.52349 0.606061 1.06415 0.0706563 0.0110797
0.543624 0.606061 1.06223 0.0683154 0.0105094
0.563758 0.606061 1.06028 0.0658666 0.00993307
0.583893 0.606061 1.05831 0.0633136 0.00935621
0.604027 0.606061 1.05634 0.0606606 0.00878372
0.624161 0.606061 1.05438 0.0579123 0.00821969
0.644295 0.606061 1.05244 0.0550742 0.0076675
0.66443 0.606061 1.05053 0.0521519 0.00712982
0.684564 0.606061 1.04867 0.0491517 0.00660861
0.704698 0.606061 1.04687 0.0460801 0.00610516
0.724832 0.606061 1.04515 0.042944 0.0056201
0.744966 0.606061 1.04352 0.0397504 0.0051534
0.765101 0.606061 1.04199 0.0365069 0.00470437
0.785235 0.606061 1.04057 0.0332211 0.00427167
0.805369 0.606061 1.03928 0.0299008 0.00385328
0.825503 0.606061 1.03813 0.0265543 0.0034465
0.845638 0.606061 1.03712 0.0231901 0.00304785
0.865772 0.606061 1.03628 0.0198174 0.00265308
0.885906 0.606061 1.0356 0.0164457 0.00225703
0.90604 0.606061 1.0351 0.0130854 0.00185357
0.926174 0.606061 1.03477 0.00974765 0.00143543
0.946309 0.606061 1.03464 0.0064448 0.000994067
0.966443 0.606061 1.0347 0.0031904 0.000519479
0.986577 0.606061 1.03496 0 0
1.00671 0.606061 0 0 0
1.02685 0.606061 0 0 0
1.04698 0.606061 0 0 0
1.06711 0.606061 0 0 0
1.08725 0.606061 0 0 0
1.10738 0.606061 0 0 0
1.12752 0.606061 0 0 0
1.14765 0.606061 0 0 0
1.16779 0.606061 0 0 0
1.18792 0.606061 0 0 0
1.20805 0.606061 0 0 0
1.22819 0.606061 0 0 0
1.24832 0.606061 0 0 0
1.26846 0.606061 0 0 0
1.28859 0.606061 0 0 0
1.30872 0.606061 0 0 0
1.32886 0.606061 0 0 0
1.34899 0.606061 0 0 0
1.36913 0.606061 0 0 0
1.38926 0.606061 0 0 0
1.4094 0.606061 0 0 0
1.42953 0.606061 0 0 0
1.44966 0.606061 0 0 0
1.4698 0.606061 0 0 0
1.48993 0.606061 0 0 0
1.51007 0.606061 0 0 0
1.5302 0.606061 0 0 0
1.55034 0.606061 0 0 0
1.57047 0.606061 0 0 0
1.5906 0.606061 0 0 0
1.61074 0.606061 0 0 0
1.63087 0.606061 0 0 0
1.65101 0.606061 0 0 0
1.67114 0.606061 0 0 0
1.69128 0.606061 0 0 0
1.71141 0.606061 0 0 0
1.73154 0.606061 0 0 0
1.75168 0.606061 0 0 0
1.77181 0.606061 0 0 0
1.79195 0.606061 0 0 0
1.81208 0.606061 0 0 0
1.83221 0.606061 0 0 0
1.85235 0.606061 0 0 0
1.87248 0.606061 0 0 0
1.89262 0.606061 0 0 0
1.91275 0.606061 0 0 0
1.93289 0.606061 0 0 0
1.95302 0.606061 0 0 0
1.97315 0.606061 0 0 0
1.99329 0.606061 0 0 0
2.01342 0.606061 1 0 0
2.03356 0.606061 1 1.37964e-12 -2.67213e-10
2.05369 0.606061 1 2.5877e-11 -5.31625e-10
2.07383 0.606061 1 7.10275e-11 -7.85901e-10
2.09396 0.606061 1 1.33417e-10 -1.02226e-09
2.11409 0.606061 1 2.08841e-10 -1.23336e-09
2.13423 0.606061 1 2.92553e-10 -1.41303e-09
2.15436 0.606061 1 3.79607e-10 -1.55685e-09
2.1745 0.606061 1 4.6523e-10 -1.66244e-09
2.19463 0.606061 1 5.45152e-10 -1.72945e-09
2.21477 0.606061 1 6.15856e-10 -1.75938e-09
2.2349 0.606061 1 6.74733e-10 -1.75526e-09
2.25503 0.606061 1 7.2013e-10 -1.72123e-09
2.27517 0.606061 1 7.51309e-10 -1.66208e-09
2.2953 0.606061 1 7.68347e-10 -1.58292e-09
2.31544 0.606061 1 7.71986e-10 -1.48879e-09
2.33557 0.606061 1 7.63471e-10 -1.38442e-09
2.3557 0.606061 1 7.44385e-10 -1.27409e-09
2.37584 0.606061 1 7.16498e-10 -1.16147e-09
2.39597 0.606061 1 6.81636e-10 -1.04962e-09
2.41611 0.606061 1 6.41586e-10 -9.40944e-10
2.43624 0.606061 1 5.9801e-10 -8.37289e-10
2.45638 0.606061 1 5.52401e-10 -7.39953e-10
2.47651 0.606061 1 5.06054e-10 -6.49777e-10
2.49664 0.606061 1 4.60046e-10 -5.67218e-10
2.51678 0.606061 1 4.15249e-10 -4.92419e-10
2.53691 0.606061 1 3.72333e-10 -4.25281e-10
2.55705 0.606061 1 3.31789e-10 -3.65526e-10
2.57718 0.606061 1 2.93946e-10 -3.12746e-10
2.59732 0.606061 1 2.59003e-10 -2.66448e-10
2.61745 0.606061 1 2.27041e-10 -2.26095e-10
2.63758 0.606061 1 1.98055e-10 -1.91129e-10
2.65772 0.606061 1 1.71969e-10 -1.60993e-10
2.67785 0.606061 1 1.48655e-10 -1.3515e-10
2.69799 0.606061 1 1.27948e-10 -1.1309e-10
2.71812 0.606061 1 1.0966e-10 -9.43392e-11
2.73826 0.606061 1 9.35877e-11 -7.84635e-11
2.75839 0.606061 1 7.95245e-11 -6.50689e-11
2.77852 0.606061 1 6.72629e-11 -5.38017e-11
2.79866 0.606061 1 5.66011e-11 -4.43464e-11
2.81879 0.606061 1 4.73451e-11 -3.64231e-11
2.83893 0.606061 1 3.9311e-11 -2.97836e-11
2.85906 0.606061 1 3.23254e-11 -2.42074e-11
2.87919 0.606061 1 2.62252e-11 -1.94976e-11
2.89933 0.606061 1 2.08565e-11 -1.54754e-11
2.91946 0.606061 1 1.60734e-11 -1.19752e-11
2.9396 0.606061 1 1.17354e-11 -8.83888e-12
2.95973 0.606061 1 7.7043e-12 -5.90916e-12
2.97987 0.606061 1 3.84097e-12 -3.02236e-12
3 0.606061 1 0 0

0 0.626263 1 0.1 0
0.0201342 0.626263 1.08326 0.0928788 0.00159783
0.0402685 0.626263 1.09043 0.0925318 0.00316698
0.0604027 0.626263 1.09053 0.0927303 0.00470031
0.0805369 0.626263 1.09012 0.0929035 0.00618611
0.100671 0.626263 1.0896 0.0930029 0.00760979
0.120805 0.626263 1.08899 0.0930142 0.00895553
0.14094 0.626263 1.08831 0.0929271 0.0102077
0.161074 0.626263 1.08756 0.0927344 0.0113519
0.181208 0.626263 1.08674 0.0924312 0.0123763
0.201342 0.626263 1.08586 0.0920148 0.0132718
0.221477 0.626263 1.08491 0.0914838 0.0140323
0.241611 0.626263 1.08391 0.090838 0.0146554
0.261745 0.626263 1.08286 0.0900778 0.0151412
0.281879 0.626263 1.08174 0.0892039 0.0154928
0.302013 0.626263 1.08056 0.0882169 0.0157155
0.322148 0.626263 1.07932 0.0871176 0.0158166
0.342282 0.626263 1.07802 0.0859062 0.0158046
0.362416 0.626263 1.07665 0.0845829 0.0156891
0.38255 0.626263 1.07522 0.0831477 0.0154805
0.402685 0.626263 1.07372 0.0816004 0.0151893
0.422819 0.626263 1.07215 0.0799408 0.0148262
0.442953 0.626263 1.07052 0.078169 0.0144016
0.463087 0.626263 1.06882 0.0762852 0.0139256
0.483221 0.626263 1.06707 0.0742897 0.0134079
0.503356 0.626263 1.06527 0.0721835 0.0128574
0.52349 0.626263 1.06342 0.0699682 0.0122825
0.543624 0.626263 1.06153 0.0676456 0.0116908
0.563758 0.626263 1.05962 0.0652183 0.011089
0.583893 0.626263 1.05768 0.0626896 0.0104834
0.604027 0.626263 1.05575 0.0600632 0.00987919
0.624161 0.626263 1.05382 0.0573436 0.00928083
0.644295 0.626263 1.05191 0.0545357 0.00869208
0.66443 0.626263 1.05003 0.0516449 0.0081159
0.684564 0.626263 1.0482 0.0486771 0.00755449
0.704698 0.626263 1.04643 0.0456385 0.00700928
0.724832 0.626263 1.04474 0.0425359 0.00648097
0.744966 0.626263 1.04313 0.0393761 0.00596952
0.765101 0.626263 1.04162 0.0361663 0.00547412
0.785235 0.626263 1.04022 0.0329141 0.00499322
0.805369 0.626263 1.03895 0.0296273 0.00452446
0.825503 0.626263 1.03781 0.0263138 0.00406468
0.845638 0.626263 1.03682 0.0229824 0.00360985
0.865772 0.626263 1.03599 0.0196418 0.00315498
0.885906 0.626263 1.03532 0.0163016 0.00269408
0.90604 0.626263 1.03482 0.0129722 0.00221999
0.926174 0.626263 1.0345 0.00966442 0.00172429
0.946309 0.626263 1.03436 0.0063906 0.00119708
0.966443 0.626263 1.03442 0.00316403 0.000626791
0.986577 0.626263 1.03467 0 0
1.00671 0.626263 0 0 0
1.02685 0.626263 0 0 0
1.04698 0.626263 0 0 0
1.06711 0.626263 0 0 0
1.08725 0.626263 0 0 0
1.10738 0.626263 0 0 0
1.12752 0.626263 0 0 0
1.14765 0.626263 0 0 0
1.16779 0.626263 0 0 0
1.18792 0.626263 0 0 0
1.20805 0.626263 0 0 0
1.22819 0.626263 0 0 0
1.24832 0.626263 0 0 0
1.26846 0.626263 0 0 0
1.28859 0.626263 0 0 0
1.30872 0.626263 0 0 0
1.32886 0.626263 0 0 0
1.34899 0.626263 0 0 0
1.36913 0.626263 0 0 0
1.38926 0.626263 0 0 0
1.4094 0.626263 0 0 0
1.42953 0.626263 0 0 0
1.44966 0.626263 0 0 0
1.4698 0.626263 0 0 0
1.48993 0.626263 0 0 0
1.51007 0.626263 0 0 0
1.5302 0.626263 0 0 0
1.55034 0.626263 0 0 0
1.57047 0.626263 0 0 0
1.5906 0.626263 0 0 0
1.61074 0.626263 0 0 0
1.63087 0.626263 0 0 0
1.65101 0.626263 0 0 0
1.67114 0.626263 0 0 0
1.69128 0.626263 0 0 0
1.71141 0.626263 0 0 0
1.73154 0.626263 0 0 0
1.75168 0.626263 0 0 0
1.77181 0.626263 0 0 0
1.79195 0.626263 0 0 0
1.81208 0.626263 0 0 0
1.83221 0.626263 0 0 0
1.85235 0.626263 0 0 0
1.87248 0.626263 0 0 0
1.89262 0.626263 0 0 0
1.91275 0.626263 0 0 0
1.93289 0.626263 0 0 0
1.95302 0.626263 0 0 0
1.97315 0.626263 0 0 0
1.99329 0.626263 0 0 0
2.01342 0.626263 1 0 0
2.03356 0.626263 1 1.0041e-11 -3.41627e-10
2.05369 0.626263 1 4.98366e-11 -6.8091e-10
2.07383 0.626263 1 1.16088e-10 -1.00758e-09
2.09396 0.626263 1 2.0411e-10 -1.31077e-09
2.11409 0.626263 1 3.08094e-10 -1.58034e-09
2.13423 0.626263 1 4.21503e-10 -1.80791e-09
2.15436 0.626263 1 5.37599e-10 -1.9877e-09
2.1745 0.626263 1 6.49978e-10 -2.11681e-09
2.19463 0.626263 1 7.53038e-10 -2.19519e-09
2.21477 0.626263 1 8.42311e-10 -2.22531e-09
2.2349 0.626263 1 9.1464e-10 -2.21165e-09
2.25503 0.626263 1 9.68205e-10 -2.16007e-09
2.27517 0.626263 1 1.00243e-09 -2.07717e-09
2.2953 0.626263 1 1.01781e-09 -1.96985e-09
2.31544 0.626263 1 1.01568e-09 -1.84477e-09
2.33557 0.626263 1 9.97976e-10 -1.7081e-09
2.3557 0.626263 1 9.67017e-10 -1.56527e-09
2.37584 0.626263 1 9.25291e-10 -1.42091e-09
2.39597 0.626263 1 8.75293e-10 -1.27874e-09
2.41611 0.626263 1 8.194e-10 -1.14169e-09
2.43624 0.626263 1 7.59779e-10 -1.01189e-09
2.45638 0.626263 1 6.98335e-10 -8.908e-10
2.47651 0.626263 1 6.36684e-10 -7.79298e-10
2.49664 0.626263 1 5.76145e-10 -6.77796e-10
2.51678 0.626263 1 5.17752e-10 -5.8633e-10
2.53691 0.626263 1 4.62278e-10 -5.04649e-10
2.55705 0.626263 1 4.10266e-10 -4.32299e-10
2.57718 0.626263 1 3.62055e-10 -3.68686e-10
2.59732 0.626263 1 3.17818e-10 -3.13129e-10
2.61745 0.626263 1 2.77595e-10 -2.64907e-10
2.63758 0.626263 1 2.41317e-10 -2.23286e-10
2.65772 0.626263 1 2.08836e-10 -1.8755e-10
2.67785 0.626263 1 1.79947e-10 -1.57016e-10
2.69799 0.626263 1 1.54406e-10 -1.31041e-10
2.71812 0.626263 1 1.31946e-10 -1.09037e-10
2.73826 0.626263 1 1.1229e-10 -9.04658e-11
2.75839 0.626263 1 9.5158e-11 -7.48455e-11
2.77852 0.626263 1 8.02778e-11 -6.17454e-11
2.79866 0.626263 1 6.73863e-11 -5.07842e-11
2.81879 0.626263 1 5.62345e-11 -4.16254e-11
2.83893 0.626263 1 4.65883e-11 -3.39724e-11
2.85906 0.626263 1 3.82294e-11 -2.75635e-11
2.87919 0.626263 1 3.09543e-11 -2.21659e-11
2.89933 0.626263 1 2.45727e-11 -1.75698e-11
2.91946 0.626263 1 1.89056e-11 -1.35816e-11
2.9396 0.626263 1 1.3782e-11 -1.00173e-11
2.95973 0.626263 1 9.0353e-12 -6.69463e-12
2.97987 0.626263 1 4.49888e-12 -3.4243e-12
3 0.626263 1 0 0

0 0.646465 1 0.1 0
0.0201342 0.646465 1.08301 0.0929119 0.00161599
0.0402685 0.646465 1.09012 0.0925737 0.00322217
0.0604027 0.646465 1.09016 0.0927695 0.00481078
0.0805369 0.646465 1.08968 0.0929275 0.00636799
0.100671 0.646465 1.08908 0.0929987 0.00787608
0.120805 0.646465 1.08839 0.0929692 0.00931544
0.14094 0.646465 1.08764 0.0928303 0.0106665
0.161074 0.646465 1.08681 0.0925768 0.0119114
0.181208 0.646465 1.08593 0.0922064 0.0130348
0.201342 0.646465 1.08499 0.0917189 0.0140252
0.221477 0.646465 1.084 0.0911157 0.0148746
0.241611 0.646465 1.08296 0.0903988 0.0155788
0.261745 0.646465 1.08187 0.0895707 0.0161374
0.281879 0.646465 1.08074 0.0886338 0.0165528
0.302013 0.646465 1.07955 0.0875899 0.0168301
0.322148 0.646465 1.07831 0.0864404 0.0169767
0.342282 0.646465 1.07701 0.0851864 0.0170014
0.362416 0.646465 1.07565 0.0838282 0.0169142
0.38255 0.646465 1.07423 0.0823657 0.0167258
0.402685 0.646465 1.07275 0.0807987 0.0164473
0.422819 0.646465 1.0712 0.0791267 0.0160898
0.442953 0.646465 1.06959 0.0773492 0.0156645
0.463087 0.646465 1.06793 0.0754659 0.0151818
0.483221 0.646465 1.06621 0.0734767 0.0146521
0.503356 0.646465 1.06443 0.0713822 0.0140847
0.52349 0.646465 1.06262 0.069183 0.0134886
0.543624 0.646465 1.06077 0.0668808 0.0128718
0.563758 0.646465 1.05889 0.0644775 0.0122417
0.583893 0.646465 1.05699 0.061976 0.0116048
0.604027 0.646465 1.05509 0.0593794 0.0109668
0.624161 0.646465 1.05319 0.0566919 0.0103324
0.644295 0.646465 1.05131 0.0539179 0.00970585
0.66443 0.646465 1.04947 0.0510625 0.00909024
0.684564 0.646465 1.04767 0.0481312 0.00848799
0.704698 0.646465 1.04593 0.0451301 0.00790065
0.724832 0.646465 1.04426 0.0420654 0.00732895
0.744966 0.646465 1.04267 0.038944 0.00677281
0.765101 0.646465 1.04119 0.0357728 0.00623128
0.785235 0.646465 1.03981 0.032559 0.00570255
0.805369 0.646465 1.03856 0.0293105 0.00518392
0.825503 0.646465 1.03744 0.0260351 0.00467177
0.845638 0.646465 1.03646 0.0227412 0.00416148
0.865772 0.646465 1.03564 0.0194377 0.00364736
0.885906 0.646465 1.03497 0.016134 0.00312258
0.90604 0.646465 1.03448 0.0128402 0.00257903
0.926174 0.646465 1.03416 0.00956729 0.00200713
0.946309 0.646465 1.03403 0.00632724 0.00139571
0.966443 0.646465 1.03408 0.00313315 0.000731709
0.986577 0.646465 1.03433 0 0
1.00671 0.646465 0 0 0
1.02685 0.646465 0 0 0
1.04698 0.646465 0 0 0
1.06711 0.646465 0 0 0
1.08725 0.646465 0 0 0
1.10738 0.646465 0 0 0
1.12752 0.646465 0 0 0
1.14765 0.646465 0 0 0
1.16779 0.646465 0 0 0
1.18792 0.646465 0 0 0
1.20805 0.646465 0 0 0
1.22819 0.646465 0 0 0
1.24832 0.646465 0 0 0
1.26846 0.646465 0 0 0
1.28859 0.646465 0 0 0
1.30872 0.646465 0 0 0
1.32886 0.646465 0 0 0
1.34899 0.646465 0 0 0
1.36913 0.646465 0 0 0
1.38926 0.646465 0 0 0
1.4094 0.646465 0 0 0
1.42953 0.646465 0 0 0
1.44966 0.646465 0 0 0
1.4698 0.646465 0 0 0
1.48993 0.646465 0 0 0
1.51007 0.646465 0 0 0
1.5302 0.646465 0 0 0
1.55034 0.646465 0 0 0
1.57047 0.646465 0 0 0
1.5906 0.646465 0 0 0
1.61074 0.646465 0 0 0
1.63087 0.646465 0 0 0
1.65101 0.646465 0 0 0
1.67114 0.646465 0 0 0
1.69128 0.646465 0 0 0
1.71141 0.646465 0 0 0
1.73154 0.646465 0 0 0
1.75168 0.646465 0 0 0
1.77181 0.646465 0 0 0
1.79195 0.646465 0 0 0
1.81208 0.646465 0 0 0
1.83221 0.646465 0 0 0
1.85235 0.646465 0 0 0
1.87248 0.646465 0 0 0
1.89262 0.646465 0 0 0
1.91275 0.646465 0 0 0
1.93289 0.646465 0 0 0
1.95302 0.646465 0 0 0
1.97315 0.646465 0 0 0
1.99329 0.646465 0 0 0
2.01342 0.646465 1 0 0
2.03356 0.646465 1 2.44067e-11 -4.37269e-10
2.05369 0.646465 1 8.71662e-11 -8.73266e-10
2.07383 0.646465 1 1.83814e-10 -1.29351e-09
2.09396 0.646465 1 3.07852e-10 -1.68278e-09
2.11409 0.646465 1 4.51191e-10 -2.027e-09
2.13423 0.646465 1 6.04784e-10 -2.31484e-09
2.15436 0.646465 1 7.59423e-10 -2.53876e-09
2.1745 0.646465 1 9.0653e-10 -2.69537e-09
2.19463 0.646465 1 1.0388e-09 -2.78526e-09
2.21477 0.646465 1 1.15063e-09 -2.81242e-09
2.2349 0.646465 1 1.23831e-09 -2.78345e-09
2.25503 0.646465 1 1.29999e-09 -2.70662e-09
2.27517 0.646465 1 1.33548e-09 -2.59105e-09
2.2953 0.646465 1 1.346e-09 -2.44597e-09
2.31544 0.646465 1 1.3338e-09 -2.28019e-09
2.33557 0.646465 1 1.30183e-09 -2.10165e-09
2.3557 0.646465 1 1.25343e-09 -1.91726e-09
2.37584 0.646465 1 1.19206e-09 -1.73273e-09
2.39597 0.646465 1 1.12109e-09 -1.55262e-09
2.41611 0.646465 1 1.04366e-09 -1.38036e-09
2.43624 0.646465 1 9.62571e-10 -1.2184e-09
2.45638 0.646465 1 8.80216e-10 -1.06831e-09
2.47651 0.646465 1 7.98588e-10 -9.3097e-10
2.49664 0.646465 1 7.19271e-10 -8.06679e-10
2.51678 0.646465 1 6.43473e-10 -6.95291e-10
2.53691 0.646465 1 5.7206e-10 -5.96335e-10
2.55705 0.646465 1 5.05603e-10 -5.09112e-10
2.57718 0.646465 1 4.44424e-10 -4.32778e-10
2.59732 0.646465 1 3.88645e-10 -3.66404e-10
2.61745 0.646465 1 3.38223e-10 -3.09034e-10
2.63758 0.646465 1 2.92995e-10 -2.59715e-10
2.65772 0.646465 1 2.52709e-10 -2.17532e-10
2.67785 0.646465 1 2.17051e-10 -1.81618e-10
2.69799 0.646465 1 1.85669e-10 -1.51174e-10
2.71812 0.646465 1 1.58192e-10 -1.25469e-10
2.73826 0.646465 1 1.34245e-10 -1.03844e-10
2.75839 0.646465 1 1.13455e-10 -8.57115e-11
2.77852 0.646465 1 9.54662e-11 -7.05499e-11
2.79866 0.646465 1 7.99382e-11 -5.79006e-11
2.81879 0.646465 1 6.65529e-11 -4.73615e-11
2.83893 0.646465 1 5.50147e-11 -3.85801e-11
2.85906 0.646465 1 4.505e-11 -3.12471e-11
2.87919 0.646465 1 3.64059e-11 -2.50889e-11
2.89933 0.646465 1 2.88482e-11 -1.98601e-11
2.91946 0.646465 1 2.21581e-11 -1.53358e-11
2.9396 0.646465 1 1.61285e-11 -1.13029e-11
2.95973 0.646465 1 1.0559e-11 -7.55115e-12
2.97987 0.646465 1 5.25106e-12 -3.86262e-12
3 0.646465 1 0 0

0 0.666667 1 0.1 0
0.0201342 0.666667 1.08286 0.0929354 0.0016426
0.0402685 0.666667 1.08991 0.0926032 0.00329714
0.0604027 0.666667 1.08988 0.0927935 0.00495445
0.0805369 0.666667 1.08931 0.0929325 0.00659753
0.100671 0.666667 1.08862 0.0929703 0.00820424
0.120805 0.666667 1.08784 0.0928934 0.00975012
0.14094 0.666667 1.087 0.0926947 0.0112108
0.161074 0.666667 1.08608 0.0923718 0.0125642
0.181208 0.666667 1.08512 0.0919252 0.0137916
0.201342 0.666667 1.08412 0.0913579 0.0148787
0.221477 0.666667 1.08307 0.0906741 0.015816
0.241611 0.666667 1.08198 0.0898787 0.0165982
0.261745 0.666667 1.08086 0.0889761 0.0172243
0.281879 0.666667 1.0797 0.0879706 0.0176968
0.302013 0.666667 1.07849 0.0868652 0.0180211
0.322148 0.666667 1.07724 0.0856622 0.0182049
0.342282 0.666667 1.07594 0.084363 0.0182577
0.362416 0.666667 1.07459 0.0829682 0.0181901
0.38255 0.666667 1.07318 0.0814776 0.0180136
0.402685 0.666667 1.07171 0.0798906 0.0177398
0.422819 0.666667 1.07019 0.0782064 0.0173806
0.442953 0.666667 1.06861 0.076424 0.0169476
0.463087 0.666667 1.06697 0.0745426 0.0164521
0.483221 0.666667 1.06528 0.0725616 0.0159048
0.503356 0.666667 1.06354 0.0704806 0.0153157
0.52349 0.666667 1.06175 0.0683002 0.0146941
0.543624 0.666667 1.05994 0.0660211 0.0140487
0.563758 0.666667 1.05809 0.0636449 0.0133872
0.583893 0.666667 1.05623 0.0611737 0.0127165
0.604027 0.666667 1.05436 0.0586105 0.0120427
0.624161 0.666667 1.0525 0.0559588 0.0113708
0.644295 0.666667 1.05065 0.0532226 0.0107052
0.66443 0.666667 1.04884 0.0504067 0.0100494
0.684564 0.666667 1.04707 0.0475163 0.00940589
0.704698 0.666667 1.04536 0.044557 0.00877625
0.724832 0.666667 1.04371 0.0415349 0.00816125
0.744966 0.666667 1.04216 0.0384564 0.0075607
0.765101 0.666667 1.04069 0.0353284 0.0069735
0.785235 0.666667 1.03934 0.0321579 0.00639756
0.805369 0.666667 1.03811 0.0289524 0.00582982
0.825503 0.666667 1.037 0.0257197 0.00526615
0.845638 0.666667 1.03604 0.0224682 0.00470135
0.865772 0.666667 1.03523 0.0192064 0.00412905
0.885906 0.666667 1.03458 0.0159438 0.0035416
0.90604 0.666667 1.03409 0.0126904 0.00292992
0.926174 0.666667 1.03377 0.0094569 0.00228338
0.946309 0.666667 1.03364 0.00625514 0.00158957
0.966443 0.666667 1.03369 0.00309796 0.000834026
0.986577 0.666667 1.03392 0 0
1.00671 0.666667 0 0 0
1.02685 0.666667 0 0 0
1.04698 0.666667 0 0 0
1.06711 0.666667 0 0 0
1.08725 0.666667 0 0 0
1.10738 0.666667 0 0 0
1.12752 0.666667 0 0 0
1.14765 0.666667 0 0 0
1.16779 0.666667 0 0 0
1.18792 0.666667 0 0 0
1.20805 0.666667 0 0 0
1.22819 0.666667 0 0 0
1.24832 0.666667 0 0 0
1.26846 0.666667 0 0 0
1.28859 0.666667 0 0 0
1.30872 0.666667 0 0 0
1.32886 0.666667 0 0 0
1.34899 0.666667 0 0 0
1.36913 0.666667 0 0 0
1.38926 0.666667 0 0 0
1.4094 0.666667 0 0 0
1.42953 0.666667 0 0 0
1.44966 0.666667 0 0 0
1.4698 0.666667 0 0 0
1.48993 0.666667 0 0 0
1.51007 0.666667 0 0 0
1.5302 0.666667 0 0 0
1.55034 0.666667 0 0 0
1.57047 0.666667 0 0 0
1.5906 0.666667 0 0 0
1.61074 0.666667 0 0 0
1.63087 0.666667 0 0 0
1.65101 0.666667 0 0 0
1.67114 0.666667 0 0 0
1.69128 0.666667 0 0 0
1.71141 0.666667 0 0 0
1.73154 0.666667 0 0 0
1.75168 0.666667 0 0 0
1.77181 0.666667 0 0 0
1.79195 0.666667 0 0 0
1.81208 0.666667 0 0 0
1.83221 0.666667 0 0 0
1.85235 0.666667 0 0 0
1.87248 0.666667 0 0 0
1.89262 0.666667 0 0 0
1.91275 0.666667 0 0 0
1.93289 0.666667 0 0 0
1.95302 0.666667 0 0 0
1.97315 0.666667 0 0 0
1.99329 0.666667 0 0 0
2.01342 0.666667 1 0 0
2.03356 0.666667 1 4.74539e-11 -5.60504e-10
2.05369 0.666667 1 1.4443e-10 -1.12179e-09
2.07383 0.666667 1 2.84806e-10 -1.66331e-09
2.09396 0.666667 1 4.59465e-10 -2.16357e-09
2.11409 0.666667 1 6.57049e-10 -2.60305e-09
2.13423 0.666667 1 8.64964e-10 -2.96643e-09
2.15436 0.666667 1 1.07061e-09 -3.24401e-09
2.1745 0.666667 1 1.26252e-09 -3.43203e-09
2.19463 0.666667 1 1.43127e-09 -3.5323e-09
2.21477 0.666667 1 1.56994e-09 -3.5512e-09
2.2349 0.666667 1 1.67437e-09 -3.4984e-09
2.25503 0.666667 1 1.74293e-09 -3.38558e-09
2.27517 0.666667 1 1.77626e-09 -3.22525e-09
2.2953 0.666667 1 1.77672e-09 -3.02975e-09
2.31544 0.666667 1 1.74794e-09 -2.81062e-09
2.33557 0.666667 1 1.69434e-09 -2.57806e-09
2.3557 0.666667 1 1.62067e-09 -2.34073e-09
2.37584 0.666667 1 1.53168e-09 -2.10564e-09
2.39597 0.666667 1 1.4319e-09 -1.87825e-09
2.41611 0.666667 1 1.3254e-09 -1.66253e-09
2.43624 0.666667 1 1.21575e-09 -1.46122e-09
2.45638 0.666667 1 1.10594e-09 -1.27595e-09
2.47651 0.666667 1 9.98377e-10 -1.1075e-09
2.49664 0.666667 1 8.94932e-10 -9.55963e-10
2.51678 0.666667 1 7.96972e-10 -8.20915e-10
2.53691 0.666667 1 7.05433e-10 -7.01571e-10
2.55705 0.666667 1 6.20878e-10 -5.96901e-10
2.57718 0.666667 1 5.4357e-10 -5.05726e-10
2.59732 0.666667 1 4.73527e-10 -4.26802e-10
2.61745 0.666667 1 4.10581e-10 -3.58871e-10
2.63758 0.666667 1 3.54428e-10 -3.00708e-10
2.65772 0.666667 1 3.04665e-10 -2.5115e-10
2.67785 0.666667 1 2.60832e-10 -2.09111e-10
2.69799 0.666667 1 2.2243e-10 -1.73599e-10
2.71812 0.666667 1 1.88953e-10 -1.43715e-10
2.73826 0.666667 1 1.59894e-10 -1.18655e-10
2.75839 0.666667 1 1.34767e-10 -9.77061e-11
2.77852 0.666667 1 1.13106e-10 -8.02417e-11
2.79866 0.666667 1 9.44755e-11 -6.57134e-11
2.81879 0.666667 1 7.84726e-11 -5.36429e-11
2.83893 0.666667 1 6.4725e-11 -4.36138e-11
2.85906 0.666667 1 5.28917e-11 -3.52624e-11
2.87919 0.666667 1 4.26602e-11 -2.82687e-11
2.89933 0.666667 1 3.37436e-11 -2.23475e-11
2.91946 0.666667 1 2.58755e-11 -1.72384e-11
2.9396 0.666667 1 1.8806e-11 -1.26959e-11
2.95973 0.666667 1 1.22953e-11 -8.47871e-12
2.97987 0.666667 1 6.10703e-12 -4.3373e-12
3 0.666667 1 0 0

0 0.686869 1 0.1 0
0.0201342 0.686869 1.0828 0.0929478 0.00167671
0.0402685 0.686869 1.08979 0.0926187 0.0033912
0.0604027 0.686869 1.08968 0.0928002 0.00513186
0.0805369 0.686869 1.08902 0.0929152 0.00687695
0.100671 0.686869 1.08823 0.0929125 0.0085983
0.120805 0.686869 1.08734 0.0927793 0.0102651
0.14094 0.686869 1.08638 0.092511 0.011847
0.161074 0.686869 1.08537 0.0921079 0.0133172
0.181208 0.686869 1.08432 0.0915744 0.0146532
0.201342 0.686869 1.08323 0.0909173 0.0158383
0.221477 0.686869 1.08212 0.090144 0.0168616
0.241611 0.686869 1.08098 0.0892622 0.0177174
0.261745 0.686869 1.07981 0.088279 0.0184046
0.281879 0.686869 1.07861 0.0871999 0.0189263
0.302013 0.686869 1.07739 0.0860294 0.0192887
0.322148 0.686869 1.07612 0.0847705 0.0195004
0.342282 0.686869 1.07482 0.0834248 0.0195718
0.362416 0.686869 1.07347 0.081993 0.0195145
0.38255 0.686869 1.07207 0.0804746 0.0193408
0.402685 0.686869 1.07062 0.0788688 0.0190633
0.422819 0.686869 1.06912 0.077174 0.0186945
0.442953 0.686869 1.06756 0.0753888 0.0182468
0.463087 0.686869 1.06595 0.0735117 0.017732
0.483221 0.686869 1.06428 0.0715415 0.0171615
0.503356 0.686869 1.06257 0.0694772 0.0165457
0.52349 0.686869 1.06082 0.0673186 0.0158945
0.543624 0.686869 1.05904 0.0650661 0.015217
0.563758 0.686869 1.05723 0.0627205 0.0145211
0.583893 0.686869 1.0554 0.0602836 0.0138142
0.604027 0.686869 1.05357 0.0577576 0.0131027
0.624161 0.686869 1.05174 0.0551458 0.0123919
0.644295 0.686869 1.04993 0.0524517 0.0116865
0.66443 0.686869 1.04815 0.0496796 0.0109899
0.684564 0.686869 1.04641 0.0468345 0.0103048
0.704698 0.686869 1.04473 0.0439215 0.00963297
0.724832 0.686869 1.04311 0.0409465 0.00897499
0.744966 0.686869 1.04158 0.0379157 0.0083306
0.765101 0.686869 1.04014 0.0348355 0.00769847
0.785235 0.686869 1.03881 0.0317128 0.00707621
0.805369 0.686869 1.0376 0.028555 0.00646036
0.825503 0.686869 1.03651 0.0253697 0.0058463
0.845638 0.686869 1.03556 0.022165 0.00522822
0.865772 0.686869 1.03476 0.0189495 0.00459904
0.885906 0.686869 1.03412 0.0157325 0.00395029
0.90604 0.686869 1.03364 0.0125237 0.00327202
0.926174 0.686869 1.03333 0.00933395 0.00255255
0.946309 0.686869 1.0332 0.00617475 0.00177832
0.966443 0.686869 1.03324 0.00305867 0.00093356
0.986577 0.686869 1.03347 0 0
1.00671 0.686869 0 0 0
1.02685 0.686869 0 0 0
1.04698 0.686869 0 0 0
1.06711 0.686869 0 0 0
1.08725 0.686869 0 0 0
1.10738 0.686869 0 0 0
1.12752 0.686869 0 0 0
1.14765 0.686869 0 0 0
1.16779 0.686869 0 0 0
1.18792 0.686869 0 0 0
1.20805 0.686869 0 0 0
1.22819 0.686869 0 0 0
1.24832 0.686869 0 0 0
1.26846 0.686869 0 0 0
1.28859 0.686869 0 0 0
1.30872 0.686869 0 0 0
1.32886 0.686869 0 0 0
1.34899 0.686869 0 0 0
1.36913 0.686869 0 0 0
1.38926 0.686869 0 0 0
1.4094 0.686869 0 0 0
1.42953 0.686869 0 0 0
1.44966 0.686869 0 0 0
1.4698 0.686869 0 0 0
1.48993 0.686869 0 0 0
1.51007 0.686869 0 0 0
1.5302 0.686869 0 0 0
1.55034 0.686869 0 0 0
1.57047 0.686869 0 0 0
1.5906 0.686869 0 0 0
1.61074 0.686869 0 0 0
1.63087 0.686869 0 0 0
1.65101 0.686869 0 0 0
1.67114 0.686869 0 0 0
1.69128 0.686869 0 0 0
1.71141 0.686869 0 0 0
1.73154 0.686869 0 0 0
1.75168 0.686869 0 0 0
1.77181 0.686869 0 0 0
1.79195 0.686869 0 0 0
1.81208 0.686869 0 0 0
1.83221 0.686869 0 0 0
1.85235 0.686869 0 0 0
1.87248 0.686869 0 0 0
1.89262 0.686869 0 0 0
1.91275 0.686869 0 0 0
1.93289 0.686869 0 0 0
1.95302 0.686869 0 0 0
1.97315 0.686869 0 0 0
1.99329 0.686869 0 0 0
2.01342 0.686869 1 0 0
2.03356 0.686869 1 8.36244e-11 -7.1979e-10
2.05369 0.686869 1 2.31328e-10 -1.44394e-09
2.07383 0.686869 1 4.34584e-10 -2.14305e-09
2.09396 0.686869 1 6.80443e-10 -2.78664e-09
2.11409 0.686869 1 9.52805e-10 -3.34755e-09
2.13423 0.686869 1 1.23405e-09 -3.80514e-09
2.15436 0.686869 1 1.50693e-09 -4.14713e-09
2.1745 0.686869 1 1.75619e-09 -4.36982e-09
2.19463 0.686869 1 1.96979e-09 -4.47718e-09
2.21477 0.686869 1 2.13948e-09 -4.47925e-09
2.2349 0.686869 1 2.26087e-09 -4.39021e-09
2.25503 0.686869 1 2.3331e-09 -4.22647e-09
2.27517 0.686869 1 2.3582e-09 -4.00512e-09
2.2953 0.686869 1 2.34042e-09 -3.74259e-09
2.31544 0.686869 1 2.28542e-09 -3.45387e-09
2.33557 0.686869 1 2.19967e-09 -3.15192e-09
2.3557 0.686869 1 2.08983e-09 -2.8475e-09
2.37584 0.686869 1 1.96238e-09 -2.5491e-09
2.39597 0.686869 1 1.82329e-09 -2.26313e-09
2.41611 0.686869 1 1.67781e-09 -1.99411e-09
2.43624 0.686869 1 1.53042e-09 -1.74496e-09
2.45638 0.686869 1 1.38478e-09 -1.51728e-09
2.47651 0.686869 1 1.24376e-09 -1.31161e-09
2.49664 0.686869 1 1.10949e-09 -1.12771e-09
2.51678 0.686869 1 9.83472e-10 -9.6476e-10
2.53691 0.686869 1 8.66667e-10 -8.21524e-10
2.55705 0.686869 1 7.59568e-10 -6.9653e-10
2.57718 0.686869 1 6.62309e-10 -5.88169e-10
2.59732 0.686869 1 5.74741e-10 -4.94788e-10
2.61745 0.686869 1 4.96503e-10 -4.14754e-10
2.63758 0.686869 1 4.27086e-10 -3.46505e-10
2.65772 0.686869 1 3.65882e-10 -2.88575e-10
2.67785 0.686869 1 3.12229e-10 -2.39614e-10
2.69799 0.686869 1 2.65437e-10 -1.98398e-10
2.71812 0.686869 1 2.24819e-10 -1.63829e-10
2.73826 0.686869 1 1.89707e-10 -1.34932e-10
2.75839 0.686869 1 1.59463e-10 -1.1085e-10
2.77852 0.686869 1 1.33488e-10 -9.08328e-11
2.79866 0.686869 1 1.11228e-10 -7.42284e-11
2.81879 0.686869 1 9.2173e-11 -6.04716e-11
2.83893 0.686869 1 7.58589e-11 -4.9073e-11
2.85906 0.686869 1 6.18626e-11 -3.96075e-11
2.87919 0.686869 1 4.98003e-11 -3.17029e-11
2.89933 0.686869 1 3.93213e-11 -2.50292e-11
2.91946 0.686869 1 3.01036e-11 -1.92867e-11
2.9396 0.686869 1 2.18466e-11 -1.41941e-11
2.95973 0.686869 1 1.42641e-11 -9.47585e-12
2.97987 0.686869 1 7.07641e-12 -4.8476e-12
3 0.686869 1 0 0

0 0.707071 1 0.1 0
0.0201342 0.707071 1.08286 0.0929474 0.00171751
0.0402685 0.707071 1.0898 0.0926181 0.00350434
0.0604027 0.707071 1.0896 0.0927865 0.00534492
0.0805369 0.707071 1.08882 0.0928707 0.00721059
0.100671 0.707071 1.0879 0.0928183 0.00906482
0.120805 0.707071 1.08688 0.0926174 0.0108685
0.14094 0.707071 1.0858 0.0922666 0.0125842
0.161074 0.707071 1.08466 0.0917703 0.0141793
0.181208 0.707071 1.0835 0.0911376 0.0156279
0.201342 0.707071 1.08232 0.0903793 0.0169111
0.221477 0.707071 1.08113 0.0895069 0.0180171
0.241611 0.707071 1.07992 0.0885312 0.0189402
0.261745 0.707071 1.07871 0.0874613 0.0196804
0.281879 0.707071 1.07747 0.0863047 0.0202418
0.302013 0.707071 1.07622 0.0850668 0.020632
0.322148 0.707071 1.07494 0.0837511 0.0208609
0.342282 0.707071 1.07363 0.0823592 0.0209404
0.362416 0.707071 1.07228 0.0808916 0.0208832
0.38255 0.707071 1.07089 0.0793475 0.0207028
0.402685 0.707071 1.06946 0.0777253 0.0204127
0.422819 0.707071 1.06797 0.076023 0.0200262
0.442953 0.707071 1.06644 0.0742383 0.0195565
0.463087 0.707071 1.06485 0.0723692 0.019016
0.483221 0.707071 1.06322 0.0704135 0.0184166
0.503356 0.707071 1.06154 0.0683699 0.0177694
0.52349 0.707071 1.05983 0.0662373 0.0170845
0.543624 0.707071 1.05808 0.0640154 0.0163713
0.563758 0.707071 1.0563 0.0617047 0.0156384
0.583893 0.707071 1.05451 0.0593062 0.0148932
0.604027 0.707071 1.05271 0.0568219 0.0141424
0.624161 0.707071 1.05092 0.0542544 0.0133916
0.644295 0.707071 1.04914 0.0516068 0.0126455
0.66443 0.707071 1.04739 0.0488832 0.0119079
0.684564 0.707071 1.04569 0.0460879 0.0111814
0.704698 0.707071 1.04404 0.0432259 0.0104676
0.724832 0.707071 1.04245 0.0403027 0.00976728
0.744966 0.707071 1.04095 0.0373241 0.00907989
0.765101 0.707071 1.03953 0.0342963 0.00840387
0.785235 0.707071 1.03823 0.0312261 0.0077365
0.805369 0.707071 1.03703 0.0281205 0.00707387
0.825503 0.707071 1.03597 0.024987 0.00641083
0.845638 0.707071 1.03503 0.0218335 0.00574095
0.865772 0.707071 1.03425 0.0186685 0.00505641
0.885906 0.707071 1.03361 0.0155012 0.00434798
0.90604 0.707071 1.03314 0.0123412 0.0036048
0.926174 0.707071 1.03283 0.00919923 0.00281425
0.946309 0.707071 1.0327 0.00608656 0.00196169
0.966443 0.707071 1.03274 0.00301553 0.00103016
0.986577 0.707071 1.03296 0 0
1.00671 0.707071 0 0 0
1.02685 0.707071 0 0 0
1.04698 0.707071 0 0 0
1.06711 0.707071 0 0 0
1.08725 0.707071 0 0 0
1.10738 0.707071 0 0 0
1.12752 0.707071 0 0 0
1.14765 0.707071 0 0 0
1.16779 0.707071 0 0 0
1.18792 0.707071 0 0 0
1.20805 0.707071 0 0 0
1.22819 0.707071 0 0 0
1.24832 0.707071 0 0 0
1.26846 0.707071 0 0 0
1.28859 0.707071 0 0 0
1.30872 0.707071 0 0 0
1.32886 0.707071 0 0 0
1.34899 0.707071 0 0 0
1.36913 0.707071 0 0 0
1.38926 0.707071 0 0 0
1.4094 0.707071 0 0 0
1.42953 0.707071 0 0 0
1.44966 0.707071 0 0 0
1.4698 0.707071 0 0 0
1.48993 0.707071 0 0 0
1.51007 0.707071 0 0 0
1.5302 0.707071 0 0 0
1.55034 0.707071 0 0 0
1.57047 0.707071 0 0 0
1.5906 0.707071 0 0 0
1.61074 0.707071 0 0 0
1.63087 0.707071 0 0 0
1.65101 0.707071 0 0 0
1.67114 0.707071 0 0 0
1.69128 0.707071 0 0 0
1.71141 0.707071 0 0 0
1.73154 0.707071 0 0 0
1.75168 0.707071 0 0 0
1.77181 0.707071 0 0 0
1.79195 0.707071 0 0 0
1.81208 0.707071 0 0 0
1.83221 0.707071 0 0 0
1.85235 0.707071 0 0 0
1.87248 0.707071 0 0 0
1.89262 0.707071 0 0 0
1.91275 0.707071 0 0 0
1.93289 0.707071 0 0 0
1.95302 0.707071 0 0 0
1.97315 0.707071 0 0 0
1.99329 0.707071 0 0 0
2.01342 0.707071 1 0 0
2.03356 0.707071 1 1.39557e-10 -9.26458e-10
2.05369 0.707071 1 3.62238e-10 -1.86319e-09
2.07383 0.707071 1 6.55953e-10 -2.76773e-09
2.09396 0.707071 1 1.00205e-09 -3.59663e-09
2.11409 0.707071 1 1.3775e-09 -4.31203e-09
2.13423 0.707071 1 1.75753e-09 -4.8863e-09
2.15436 0.707071 1 2.11854e-09 -5.3043e-09
2.1745 0.707071 1 2.44041e-09 -5.5632e-09
2.19463 0.707071 1 2.70805e-09 -5.67075e-09
2.21477 0.707071 1 2.912e-09 -5.6426e-09
2.2349 0.707071 1 3.04827e-09 -5.49943e-09
2.25503 0.707071 1 3.11759e-09 -5.26422e-09
2.27517 0.707071 1 3.12442e-09 -4.96015e-09
2.2953 0.707071 1 3.07585e-09 -4.60894e-09
2.31544 0.707071 1 2.98052e-09 -4.22989e-09
2.33557 0.707071 1 2.84773e-09 -3.83931e-09
2.3557 0.707071 1 2.68673e-09 -3.45035e-09
2.37584 0.707071 1 2.5062e-09 -3.07316e-09
2.39597 0.707071 1 2.31391e-09 -2.71509e-09
2.41611 0.707071 1 2.11655e-09 -2.38112e-09
2.43624 0.707071 1 1.91963e-09 -2.07421e-09
2.45638 0.707071 1 1.72754e-09 -1.79576e-09
2.47651 0.707071 1 1.5436e-09 -1.5459e-09
2.49664 0.707071 1 1.37019e-09 -1.32387e-09
2.51678 0.707071 1 1.20888e-09 -1.12825e-09
2.53691 0.707071 1 1.06055e-09 -9.5723e-10
2.55705 0.707071 1 9.2554e-10 -8.08747e-10
2.57718 0.707071 1 8.03754e-10 -6.80635e-10
2.59732 0.707071 1 6.94782e-10 -5.70731e-10
2.61745 0.707071 1 5.97982e-10 -4.76937e-10
2.63758 0.707071 1 5.12559e-10 -3.97276e-10
2.65772 0.707071 1 4.37623e-10 -3.29918e-10
2.67785 0.707071 1 3.72244e-10 -2.73195e-10
2.69799 0.707071 1 3.15482e-10 -2.2561e-10
2.71812 0.707071 1 2.66418e-10 -1.85831e-10
2.73826 0.707071 1 2.24176e-10 -1.52684e-10
2.75839 0.707071 1 1.87931e-10 -1.25143e-10
2.77852 0.707071 1 1.56916e-10 -1.02317e-10
2.79866 0.707071 1 1.30432e-10 -8.3437e-11
2.81879 0.707071 1 1.07839e-10 -6.78379e-11
2.83893 0.707071 1 8.85593e-11 -5.49481e-11
2.85906 0.707071 1 7.20729e-11 -4.42731e-11
2.87919 0.707071 1 5.79098e-11 -3.53831e-11
2.89933 0.707071 1 4.56444e-11 -2.7898e-11
2.91946 0.707071 1 3.48883e-11 -2.14749e-11
2.9396 0.707071 1 2.52819e-11 -1.57931e-11
2.95973 0.707071 1 1.64854e-11 -1.05395e-11
2.97987 0.707071 1 8.16879e-12 -5.39195e-12
3 0.707071 1 0 0

0 0.727273 1 0.1 0
0.0201342 0.727273 1.08308 0.0929315 0.00176437
0.0402685 0.727273 1.08996 0.0925985 0.00363746
0.0604027 0.727273 1.08965 0.0927483 0.00559748
0.0805369 0.727273 1.08872 0.0927928 0.00760557
0.100671 0.727273 1.08764 0.092678 0.00961371
0.120805 0.727273 1.08646 0.0923946 0.011572
0.14094 0.727273 1.08522 0.0919451 0.0134345
0.161074 0.727273 1.08395 0.0913399 0.0151623
0.181208 0.727273 1.08266 0.0905934 0.016726
0.201342 0.727273 1.08137 0.0897217 0.0181052
0.221477 0.727273 1.08009 0.0887403 0.019288
0.241611 0.727273 1.07881 0.0876634 0.0202701
0.261745 0.727273 1.07754 0.0865022 0.0210528
0.281879 0.727273 1.07627 0.0852657 0.0216424
0.302013 0.727273 1.07499 0.0839597 0.0220484
0.322148 0.727273 1.07369 0.0825881 0.0222827
0.342282 0.727273 1.07237 0.0811522 0.0223587
0.362416 0.727273 1.07103 0.079652 0.0222907
0.38255 0.727273 1.06965 0.0780859 0.0220934
0.402685 0.727273 1.06823 0.0764517 0.0217814
0.422819 0.727273 1.06676 0.0747465 0.021369
0.442953 0.727273 1.06525 0.0729672 0.02087
0.463087 0.727273 1.06369 0.0711109 0.0202975
0.483221 0.727273 1.06209 0.0691748 0.0196638
0.503356 0.727273 1.06045 0.0671566 0.0189804
0.52349 0.727273 1.05876 0.0650549 0.0182579
0.543624 0.727273 1.05705 0.0628686 0.017506
0.563758 0.727273 1.05531 0.0605976 0.0167335
0.583893 0.727273 1.05355 0.0582425 0.0159482
0.604027 0.727273 1.05179 0.0558047 0.0151568
0.624161 0.727273 1.05003 0.0532862 0.0143652
0.644295 0.727273 1.04829 0.05069 0.0135781
0.66443 0.727273 1.04658 0.0480195 0.0127994
0.684564 0.727273 1.04491 0.0452788 0.0120318
0.704698 0.727273 1.04329 0.0424726 0.0112769
0.724832 0.727273 1.04173 0.0396059 0.0105351
0.744966 0.727273 1.04026 0.0366842 0.00980593
0.765101 0.727273 1.03887 0.0337136 0.00908741
0.785235 0.727273 1.03759 0.0307004 0.00837648
0.805369 0.727273 1.03641 0.0276514 0.00766873
0.825503 0.727273 1.03537 0.0245739 0.00695846
0.845638 0.727273 1.03445 0.0214757 0.00623855
0.865772 0.727273 1.03368 0.0183653 0.00550047
0.885906 0.727273 1.03306 0.0152515 0.00473416
0.90604 0.727273 1.03259 0.0121442 0.00392792
0.926174 0.727273 1.03229 0.00905362 0.00306824
0.946309 0.727273 1.03215 0.00599115 0.00213952
0.966443 0.727273 1.03219 0.0029688 0.00112373
0.986577 0.727273 1.0324 0 0
1.00671 0.727273 0 0 0
1.02685 0.727273 0 0 0
1.04698 0.727273 0 0 0
1.06711 0.727273 0 0 0
1.08725 0.727273 0 0 0
1.10738 0.727273 0 0 0
1.12752 0.727273 0 0 0
1.14765 0.727273 0 0 0
1.16779 0.727273 0 0 0
1.18792 0.727273 0 0 0
1.20805 0.727273 0 0 0
1.22819 0.727273 0 0 0
1.24832 0.727273 0 0 0
1.26846 0.727273 0 0 0
1.28859 0.727273 0 0 0
1.30872 0.727273 0 0 0
1.32886 0.727273 0 0 0
1.34899 0.727273 0 0 0
1.36913 0.727273 0 0 0
1.38926 0.727273 0 0 0
1.4094 0.727273 0 0 0
1.42953 0.727273 0 0 0
1.44966 0.727273 0 0 0
1.4698 0.727273 0 0 0
1.48993 0.727273 0 0 0
1.51007 0.727273 0 0 0
1.5302 0.727273 0 0 0
1.55034 0.727273 0 0 0
1.57047 0.727273 0 0 0
1.5906 0.727273 0 0 0
1.61074 0.727273 0 0 0
1.63087 0.727273 0 0 0
1.65101 0.727273 0 0 0
1.67114 0.727273 0 0 0
1.69128 0.727273 0 0 0
1.71141 0.727273 0 0 0
1.73154 0.727273 0 0 0
1.75168 0.727273 0 0 0
1.77181 0.727273 0 0 0
1.79195 0.727273 0 0 0
1.81208 0.727273 0 0 0
1.83221 0.727273 0 0 0
1.85235 0.727273 0 0 0
1.87248 0.727273 0 0 0
1.89262 0.727273 0 0 0
1.91275 0.727273 0 0 0
1.93289 0.727273 0 0 0
1.95302 0.727273 0 0 0
1.97315 0.727273 0 0 0
1.99329 0.727273 0 0 0
2.01342 0.727273 1 0 0
2.03356 0.727273 1 2.25211e-10 -1.19587e-09
2.05369 0.727273 1 5.58567e-10 -2.41141e-09
2.07383 0.727273 1 9.82579e-10 -3.58472e-09
2.09396 0.727273 1 1.46998e-09 -4.65344e-09
2.11409 0.727273 1 1.98748e-09 -5.56478e-09
2.13423 0.727273 1 2.50018e-09 -6.28215e-09
2.15436 0.727273 1 2.97584e-09 -6.7876e-09
2.1745 0.727273 1 3.38824e-09 -7.08083e-09
2.19463 0.727273 1 3.71904e-09 -7.17595e-09
2.21477 0.727273 1 3.95814e-09 -7.09712e-09
2.2349 0.727273 1 4.10305e-09 -6.87432e-09
2.25503 0.727273 1 4.15756e-09 -6.53955e-09
2.27517 0.727273 1 4.13004e-09 -6.12402e-09
2.2953 0.727273 1 4.03187e-09 -5.65617e-09
2.31544 0.727273 1 3.87589e-09 -5.16058e-09
2.33557 0.727273 1 3.67529e-09 -4.65749e-09
2.3557 0.727273 1 3.44269e-09 -4.16274e-09
2.37584 0.727273 1 3.18956e-09 -3.68817e-09
2.39597 0.727273 1 2.92586e-09 -3.242e-09
2.41611 0.727273 1 2.65993e-09 -2.82947e-09
2.43624 0.727273 1 2.39846e-09 -2.45338e-09
2.45638 0.727273 1 2.14656e-09 -2.11464e-09
2.47651 0.727273 1 1.90797e-09 -1.81272e-09
2.49664 0.727273 1 1.68522e-09 -1.5461e-09
2.51678 0.727273 1 1.47979e-09 -1.31257e-09
2.53691 0.727273 1 1.29239e-09 -1.10951e-09
2.55705 0.727273 1 1.12304e-09 -9.3411e-10
2.57718 0.727273 1 9.7129e-10 -7.83495e-10
2.59732 0.727273 1 8.36344e-10 -6.54867e-10
2.61745 0.727273 1 7.17157e-10 -5.45561e-10
2.63758 0.727273 1 6.12539e-10 -4.53098e-10
2.65772 0.727273 1 5.21225e-10 -3.75211e-10
2.67785 0.727273 1 4.4193e-10 -3.0986e-10
2.69799 0.727273 1 3.73391e-10 -2.55224e-10
2.71812 0.727273 1 3.14398e-10 -2.09699e-10
2.73826 0.727273 1 2.63809e-10 -1.71883e-10
2.75839 0.727273 1 2.20567e-10 -1.40556e-10
2.77852 0.727273 1 1.837e-10 -1.14668e-10
2.79866 0.727273 1 1.52327e-10 -9.33139e-11
2.81879 0.727273 1 1.25655e-10 -7.57189e-11
2.83893 0.727273 1 1.02969e-10 -6.12185e-11
2.85906 0.727273 1 8.36319e-11 -4.92419e-11
2.87919 0.727273 1 6.70717e-11 -3.92945e-11
2.89933 0.727273 1 5.27746e-11 -3.09418e-11
2.91946 0.727273 1 4.02746e-11 -2.37933e-11
2.9396 0.727273 1 2.91434e-11 -1.74855e-11
2.95973 0.727273 1 1.89789e-11 -1.16647e-11
2.97987 0.727273 1 9.39349e-12 -5.96781e-12
3 0.727273 1 0 0

0 0.747475 1 0.1 0
0.0201342 0.747475 1.0835 0.0928968 0.00181686
0.0402685 0.747475 1.09031 0.0925557 0.00379281
0.0604027 0.747475 1.08985 0.0926797 0.00589611
0.0805369 0.747475 1.08874 0.0926722 0.00807292
0.100671 0.747475 1.08746 0.0924784 0.0102594
0.120805 0.747475 1.08608 0.0920928 0.0123918
0.14094 0.747475 1.08466 0.0915248 0.0144139
0.161074 0.747475 1.08321 0.0907917 0.0162806
0.181208 0.747475 1.08178 0.0899151 0.0179593
0.201342 0.747475 1.08037 0.0889169 0.0194293
0.221477 0.747475 1.07898 0.0878171 0.0206801
0.241611 0.747475 1.07763 0.0866329 0.0217094
0.261745 0.747475 1.0763 0.0853775 0.0225215
0.281879 0.747475 1.07498 0.0840606 0.0231255
0.302013 0.747475 1.07367 0.0826884 0.0235334
0.322148 0.747475 1.07236 0.0812643 0.0237596
0.342282 0.747475 1.07104 0.079789 0.0238195
0.362416 0.747475 1.0697 0.0782616 0.0237291
0.38255 0.747475 1.06833 0.0766795 0.0235045
0.402685 0.747475 1.06692 0.0750395 0.0231612
0.422819 0.747475 1.06548 0.0733377 0.0227146
0.442953 0.747475 1.06399 0.0715702 0.0221791
0.463087 0.747475 1.06247 0.0697329 0.0215684
0.483221 0.747475 1.06089 0.0678225 0.0208952
0.503356 0.747475 1.05928 0.0658359 0.0201714
0.52349 0.747475 1.05764 0.0637708 0.0194079
0.543624 0.747475 1.05596 0.0616257 0.0186146
0.563758 0.747475 1.05425 0.0593999 0.0178005
0.583893 0.747475 1.05254 0.0570935 0.0169735
0.604027 0.747475 1.05081 0.0547073 0.0161406
0.624161 0.747475 1.04909 0.0522431 0.0153077
0.644295 0.747475 1.04739 0.0497033 0.0144797
0.66443 0.747475 1.04571 0.047091 0.0136603
0.684564 0.747475 1.04407 0.0444099 0.0128524
0.704698 0.747475 1.04248 0.0416643 0.0120573
0.724832 0.747475 1.04096 0.0388589 0.0112755
0.744966 0.747475 1.03951 0.0359989 0.010506
0.765101 0.747475 1.03815 0.0330901 0.0097468
0.785235 0.747475 1.03689 0.0301383 0.00899424
0.805369 0.747475 1.03575 0.0271503 0.00824342
0.825503 0.747475 1.03472 0.0241331 0.00748803
0.845638 0.747475 1.03382 0.0210942 0.00672022
0.865772 0.747475 1.03306 0.018042 0.0059307
0.885906 0.747475 1.03245 0.0149853 0.00510856
0.90604 0.747475 1.03199 0.0119339 0.00424127
0.926174 0.747475 1.03169 0.00889816 0.00331448
0.946309 0.747475 1.03156 0.00588917 0.00231177
0.966443 0.747475 1.03159 0.00291879 0.00121424
0.986577 0.747475 1.0318 0 0
1.00671 0.747475 0 0 0
1.02685 0.747475 0 0 0
1.04698 0.747475 0 0 0
1.06711 0.747475 0 0 0
1.08725 0.747475 0 0 0
1.10738 0.747475 0 0 0
1.12752 0.747475 0 0 0
1.14765 0.747475 0 0 0
1.16779 0.747475 0 0 0
1.18792 0.747475 0 0 0
1.20805 0.747475 0 0 0
1.22819 0.747475 0 0 0
1.24832 0.747475 0 0 0
1.26846 0.747475 0 0 0
1.28859 0.747475 0 0 0
1.30872 0.747475 0 0 0
1.32886 0.747475 0 0 0
1.34899 0.747475 0 0 0
1.36913 0.747475 0 0 0
1.38926 0.747475 0 0 0
1.4094 0.747475 0 0 0
1.42953 0.747475 0 0 0
1.44966 0.747475 0 0 0
1.4698 0.747475 0 0 0
1.48993 0.747475 0 0 0
1.51007 0.747475 0 0 0
1.5302 0.747475 0 0 0
1.55034 0.747475 0 0 0
1.57047 0.747475 0 0 0
1.5906 0.747475 0 0 0
1.61074 0.747475 0 0 0
1.63087 0.747475 0 0 0
1.65101 0.747475 0 0 0
1.67114 0.747475 0 0 0
1.69128 0.747475 0 0 0
1.71141 0.747475 0 0 0
1.73154 0.747475 0 0 0
1.75168 0.747475 0 0 0
1.77181 0.747475 0 0 0
1.79195 0.747475 0 0 0
1.81208 0.747475 0 0 0
1.83221 0.747475 0 0 0
1.85235 0.747475 0 0 0
1.87248 0.747475 0 0 0
1.89262 0.747475 0 0 0
1.91275 0.747475 0 0 0
1.93289 0.747475 0 0 0
1.95302 0.747475 0 0 0
1.97315 0.747475 0 0 0
1.99329 0.747475 0 0 0
2.01342 0.747475 1 0 0
2.03356 0.747475 1 3.55608e-10 -1.5491e-09
2.05369 0.747475 1 8.52399e-10 -3.13243e-09
2.07383 0.747475 1 1.46448e-09 -4.65873e-09
2.09396 0.747475 1 2.15133e-09 -6.03795e-09
2.11409 0.747475 1 2.86444e-09 -7.19664e-09
2.13423 0.747475 1 3.55442e-09 -8.08702e-09
2.15436 0.747475 1 4.17762e-09 -8.68929e-09
2.1745 0.747475 1 4.70052e-09 -9.00874e-09
2.19463 0.747475 1 5.10177e-09 -9.0699e-09
2.21477 0.747475 1 5.37202e-09 -8.90974e-09
2.2349 0.747475 1 5.51235e-09 -8.5714e-09
2.25503 0.747475 1 5.53183e-09 -8.09906e-09
2.27517 0.747475 1 5.445e-09 -7.53437e-09
2.2953 0.747475 1 5.26948e-09 -6.91414e-09
2.31544 0.747475 1 5.02401e-09 -6.26926e-09
2.33557 0.747475 1 4.72693e-09 -5.62439e-09
2.3557 0.747475 1 4.39518e-09 -4.99827e-09
2.37584 0.747475 1 4.04365e-09 -4.40429e-09
2.39597 0.747475 1 3.6849e-09 -3.85135e-09
2.41611 0.747475 1 3.32911e-09 -3.34463e-09
2.43624 0.747475 1 2.98414e-09 -2.88638e-09
2.45638 0.747475 1 2.65582e-09 -2.47668e-09
2.47651 0.747475 1 2.34814e-09 -2.11399e-09
2.49664 0.747475 1 2.0636e-09 -1.79572e-09
2.51678 0.747475 1 1.80343e-09 -1.51857e-09
2.53691 0.747475 1 1.56793e-09 -1.2789e-09
2.55705 0.747475 1 1.35663e-09 -1.07293e-09
2.57718 0.747475 1 1.16854e-09 -8.96906e-10
2.59732 0.747475 1 1.00229e-09 -7.47256e-10
2.61745 0.747475 1 8.56279e-10 -6.20622e-10
2.63758 0.747475 1 7.28795e-10 -5.13928e-10
2.65772 0.747475 1 6.18072e-10 -4.24393e-10
2.67785 0.747475 1 5.22369e-10 -3.49536e-10
2.69799 0.747475 1 4.40011e-10 -2.87165e-10
2.71812 0.747475 1 3.69417e-10 -2.35363e-10
2.73826 0.747475 1 3.09117e-10 -1.92464e-10
2.75839 0.747475 1 2.57767e-10 -1.57032e-10
2.77852 0.747475 1 2.14145e-10 -1.27833e-10
2.79866 0.747475 1 1.77151e-10 -1.03814e-10
2.81879 0.747475 1 1.45804e-10 -8.40761e-11
2.83893 0.747475 1 1.19228e-10 -6.78522e-11
2.85906 0.747475 1 9.66459e-11 -5.44869e-11
2.87919 0.747475 1 7.73662e-11 -4.34151e-11
2.89933 0.747475 1 6.07715e-11 -3.41429e-11
2.91946 0.747475 1 4.63055e-11 -2.62281e-11
2.9396 0.747475 1 3.34605e-11 -1.92611e-11
2.95973 0.747475 1 2.17628e-11 -1.28446e-11
2.97987 0.747475 1 1.07593e-11 -6.57165e-12
3 0.747475 1 0 0

0 0.767677 1 0.1 0
0.0201342 0.767677 1.08417 0.0928383 0.00187492
0.0402685 0.767677 1.09091 0.0924842 0.00397465
0.0604027 0.767677 1.09024 0.0925724 0.00625143
0.0805369 0.767677 1.08889 0.0924956 0.00862914
0.100671 0.767677 1.08736 0.0922001 0.0110221
0.120805 0.767677 1.08573 0.0916873 0.0133492
0.14094 0.767677 1.08408 0.0909759 0.0155426
0.161074 0.767677 1.08243 0.090093 0.0175513
0.181208 0.767677 1.08083 0.0890686 0.019341
0.201342 0.767677 1.07928 0.087931 0.0208922
0.221477 0.767677 1.07779 0.0867047 0.0221975
0.241611 0.767677 1.07635 0.0854094 0.0232586
0.261745 0.767677 1.07496 0.0840595 0.0240838
0.281879 0.767677 1.0736 0.082665 0.0246856
0.302013 0.767677 1.07227 0.0812316 0.0250797
0.322148 0.767677 1.07094 0.0797614 0.0252831
0.342282 0.767677 1.06962 0.0782542 0.0253134
0.362416 0.767677 1.06828 0.0767076 0.0251885
0.38255 0.767677 1.06692 0.0751179 0.0249257
0.402685 0.767677 1.06554 0.0734805 0.0245419
0.422819 0.767677 1.06412 0.0717904 0.0240531
0.442953 0.767677 1.06266 0.0700424 0.0234743
0.463087 0.767677 1.06117 0.0682319 0.0228197
0.483221 0.767677 1.05963 0.0663545 0.0221023
0.503356 0.767677 1.05806 0.0644063 0.0213344
0.52349 0.767677 1.05644 0.0623846 0.0205269
0.543624 0.767677 1.0548 0.0602871 0.01969
0.563758 0.767677 1.05314 0.0581125 0.0188327
0.583893 0.767677 1.05146 0.0558606 0.0179631
0.604027 0.767677 1.04978 0.0535318 0.0170883
0.624161 0.767677 1.04809 0.0511273 0.0162141
0.644295 0.767677 1.04643 0.0486493 0.0153455
0.66443 0.767677 1.04479 0.0461004 0.0144863
0.684564 0.767677 1.04318 0.043484 0.0136391
0.704698 0.767677 1.04163 0.040804 0.0128053
0.724832 0.767677 1.04014 0.0380649 0.0119852
0.744966 0.767677 1.03872 0.0352714 0.0111775
0.765101 0.767677 1.03739 0.032429 0.0103797
0.785235 0.767677 1.03615 0.0295432 0.0095879
0.805369 0.767677 1.03502 0.0266205 0.00879651
0.825503 0.767677 1.03402 0.0236675 0.00799854
0.845638 0.767677 1.03314 0.0206917 0.00718538
0.865772 0.767677 1.03239 0.0177011 0.00634685
0.885906 0.767677 1.0318 0.0147048 0.0054712
0.90604 0.767677 1.03135 0.0117123 0.00454502
0.926174 0.767677 1.03106 0.00873412 0.00355319
0.946309 0.767677 1.03092 0.0057814 0.00247861
0.966443 0.767677 1.03095 0.00286585 0.00130174
0.986577 0.767677 1.03115 0 0
1.00671 0.767677 0 0 0
1.02685 0.767677 0 0 0
1.04698 0.767677 0 0 0
1.06711 0.767677 0 0 0
1.08725 0.767677 0 0 0
1.10738 0.767677 0 0 0
1.12752 0.767677 0 0 0
1.14765 0.767677 0 0 0
1.16779 0.767677 0 0 0
1.18792 0.767677 0 0 0
1.20805 0.767677 0 0 0
1.22819 0.767677 0 0 0
1.24832 0.767677 0 0 0
1.26846 0.767677 0 0 0
1.28859 0.767677 0 0 0
1.30872 0.767677 0 0 0
1.32886 0.767677 0 0 0
1.34899 0.767677 0 0 0
1.36913 0.767677 0 0 0
1.38926 0.767677 0 0 0
1.4094 0.767677 0 0 0
1.42953 0.767677 0 0 0
1.44966 0.767677 0 0 0
1.4698 0.767677 0 0 0
1.48993 0.767677 0 0 0
1.51007 0.767677 0 0 0
1.5302 0.767677 0 0 0
1.55034 0.767677 0 0 0
1.57047 0.767677 0 0 0
1.5906 0.767677 0 0 0
1.61074 0.767677 0 0 0
1.63087 0.767677 0 0 0
1.65101 0.767677 0 0 0
1.67114 0.767677 0 0 0
1.69128 0.767677 0 0 0
1.71141 0.767677 0 0 0
1.73154 0.767677 0 0 0
1.75168 0.767677 0 0 0
1.77181 0.767677 0 0 0
1.79195 0.767677 0 0 0
1.81208 0.767677 0 0 0
1.83221 0.767677 0 0 0
1.85235 0.767677 0 0 0
1.87248 0.767677 0 0 0
1.89262 0.767677 0 0 0
1.91275 0.767677 0 0 0
1.93289 0.767677 0 0 0
1.95302 0.767677 0 0 0
1.97315 0.767677 0 0 0
1.99329 0.767677 0 0 0
2.01342 0.767677 1 0 0
2.03356 0.767677 1 5.53593e-10 -2.01555e-09
2.05369 0.767677 1 1.29223e-09 -4.08736e-09
2.07383 0.767677 1 2.17657e-09 -6.07918e-09
2.09396 0.767677 1 3.14537e-09 -7.86027e-09
2.11409 0.767677 1 4.12727e-09 -9.32882e-09
2.13423 0.767677 1 5.05251e-09 -1.0424e-08
2.15436 0.767677 1 5.86261e-09 -1.11269e-08
2.1745 0.767677 1 6.51604e-09 -1.14538e-08
2.19463 0.767677 1 6.9899e-09 -1.1446e-08
2.21477 0.767677 1 7.27835e-09 -1.11594e-08
2.2349 0.767677 1 7.38943e-09 -1.06555e-08
2.25503 0.767677 1 7.34103e-09 -9.99477e-09
2.27517 0.767677 1 7.15702e-09 -9.23208e-09
2.2953 0.767677 1 6.86398e-09 -8.41437e-09
2.31544 0.767677 1 6.48862e-09 -7.57979e-09
2.33557 0.767677 1 6.056e-09 -6.7578e-09
2.3557 0.767677 1 5.5884e-09 -5.96993e-09
2.37584 0.767677 1 5.10481e-09 -5.23091e-09
2.39597 0.767677 1 4.62067e-09 -4.54978e-09
2.41611 0.767677 1 4.14808e-09 -3.93117e-09
2.43624 0.767677 1 3.69603e-09 -3.37629e-09
2.45638 0.767677 1 3.27082e-09 -2.88387e-09
2.47651 0.767677 1 2.87647e-09 -2.45094e-09
2.49664 0.767677 1 2.51516e-09 -2.07342e-09
2.51678 0.767677 1 2.18758e-09 -1.7466e-09
2.53691 0.767677 1 1.89332e-09 -1.46552e-09
2.55705 0.767677 1 1.63116e-09 -1.22517e-09
2.57718 0.767677 1 1.39929e-09 -1.02075e-09
2.59732 0.767677 1 1.19558e-09 -8.47735e-10
2.61745 0.767677 1 1.01766e-09 -7.01938e-10
2.63758 0.767677 1 8.63131e-10 -5.79583e-10
2.65772 0.767677 1 7.29568e-10 -4.77288e-10
2.67785 0.767677 1 6.14651e-10 -3.92062e-10
2.69799 0.767677 1 5.16185e-10 -3.21289e-10
2.71812 0.767677 1 4.32126e-10 -2.62695e-10
2.73826 0.767677 1 3.60603e-10 -2.14317e-10
2.75839 0.767677 1 2.99919e-10 -1.74475e-10
2.77852 0.767677 1 2.48548e-10 -1.41734e-10
2.79866 0.767677 1 2.05131e-10 -1.14872e-10
2.81879 0.767677 1 1.68459e-10 -9.28548e-11
2.83893 0.767677 1 1.37468e-10 -7.48039e-11
2.85906 0.767677 1 1.11215e-10 -5.99712e-11
2.87919 0.767677 1 8.88682e-11 -4.77151e-11
2.89933 0.767677 1 6.96903e-11 -3.74775e-11
2.91946 0.767677 1 5.30208e-11 -2.87608e-11
2.9396 0.767677 1 3.82604e-11 -2.11062e-11
2.95973 0.767677 1 2.48542e-11 -1.40701e-11
2.97987 0.767677 1 1.22741e-11 -7.19883e-12
3 0.767677 1 0 0

0 0.787879 1 0.1 0
0.0201342 0.787879 1.08518 0.0927495 0.00193898
0.0402685 0.787879 1.09181 0.0923759 0.00419045
0.0604027 0.787879 1.09087 0.0924139 0.0066801
0.0805369 0.787879 1.0892 0.0922435 0.00929841
0.100671 0.787879 1.08733 0.0918156 0.0119299
0.120805 0.787879 1.08539 0.0911432 0.0144723
0.14094 0.787879 1.08346 0.0902585 0.0168455
0.161074 0.787879 1.08158 0.0892014 0.0189941
0.181208 0.787879 1.07979 0.0880111 0.0208845
0.201342 0.787879 1.07809 0.0867228 0.0225013
0.221477 0.787879 1.07649 0.0853647 0.0238424
0.241611 0.787879 1.07496 0.0839581 0.0249152
0.261745 0.787879 1.07351 0.0825178 0.0257333
0.281879 0.787879 1.07211 0.0810526 0.0263139
0.302013 0.787879 1.07076 0.0795668 0.0266765
0.322148 0.787879 1.06942 0.0780608 0.026841
0.342282 0.787879 1.0681 0.0765326 0.0268277
0.362416 0.787879 1.06678 0.0749779 0.0266559
0.38255 0.787879 1.06544 0.0733915 0.0263446
0.402685 0.787879 1.06408 0.0717672 0.0259113
0.422819 0.787879 1.06269 0.0700989 0.0253728
0.442953 0.787879 1.06126 0.0683802 0.0247446
0.463087 0.787879 1.0598 0.0666055 0.024041
0.483221 0.787879 1.0583 0.0647694 0.0232755
0.503356 0.787879 1.05676 0.0628677 0.0224603
0.52349 0.787879 1.05519 0.0608967 0.0216066
0.543624 0.787879 1.05359 0.0588537 0.0207245
0.563758 0.787879 1.05197 0.0567371 0.0198231
0.583893 0.787879 1.05033 0.0545459 0.0189105
0.604027 0.787879 1.04868 0.0522804 0.0179938
0.624161 0.787879 1.04704 0.0499414 0.0170788
0.644295 0.787879 1.04541 0.0475307 0.0161706
0.66443 0.787879 1.04381 0.0450506 0.0152728
0.684564 0.787879 1.04224 0.0425042 0.0143879
0.704698 0.787879 1.04072 0.0398951 0.0135173
0.724832 0.787879 1.03926 0.0372272 0.012661
0.744966 0.787879 1.03787 0.0345052 0.0118175
0.765101 0.787879 1.03657 0.0317339 0.0109838
0.785235 0.787879 1.03536 0.0289187 0.0101556
0.805369 0.787879 1.03426 0.0260655 0.00932663
0.825503 0.787879 1.03327 0.0231807 0.00848913
0.845638 0.787879 1.03241 0.0202716 0.00763365
0.865772 0.787879 1.03168 0.0173459 0.00674902
0.885906 0.787879 1.03109 0.0144126 0.0058225
0.90604 0.787879 1.03066 0.0114815 0.00483979
0.926174 0.787879 1.03037 0.0085631 0.00378499
0.946309 0.787879 1.03024 0.00566884 0.00264049
0.966443 0.787879 1.03027 0.00281043 0.00138644
0.986577 0.787879 1.03046 0 0
1.00671 0.787879 0 0 0
1.02685 0.787879 0 0 0
1.04698 0.787879 0 0 0
1.06711 0.787879 0 0 0
1.08725 0.787879 0 0 0
1.10738 0.787879 0 0 0
1.12752 0.787879 0 0 0
1.14765 0.787879 0 0 0
1.16779 0.787879 0 0 0
1.18792 0.787879 0 0 0
1.20805 0.787879 0 0 0
1.22819 0.787879 0 0 0
1.24832 0.787879 0 0 0
1.26846 0.787879 0 0 0
1.28859 0.787879 0 0 0
1.30872 0.787879 0 0 0
1.32886 0.787879 0 0 0
1.34899 0.787879 0 0 0
1.36913 0.787879 0 0 0
1.38926 0.787879 0 0 0
1.4094 0.787879 0 0 0
1.42953 0.787879 0 0 0
1.44966 0.787879 0 0 0
1.4698 0.787879 0 0 0
1.48993 0.787879 0 0 0
1.51007 0.787879 0 0 0
1.5302 0.787879 0 0 0
1.55034 0.787879 0 0 0
1.57047 0.787879 0 0 0
1.5906 0.787879 0 0 0
1.61074 0.787879 0 0 0
1.63087 0.787879 0 0 0
1.65101 0.787879 0 0 0
1.67114 0.787879 0 0 0
1.69128 0.787879 0 0 0
1.71141 0.787879 0 0 0
1.73154 0.787879 0 0 0
1.75168 0.787879 0 0 0
1.77181 0.787879 0 0 0
1.79195 0.787879 0 0 0
1.81208 0.787879 0 0 0
1.83221 0.787879 0 0 0
1.85235 0.787879 0 0 0
1.87248 0.787879 0 0 0
1.89262 0.787879 0 0 0
1.91275 0.787879 0 0 0
1.93289 0.787879 0 0 0
1.95302 0.787879 0 0 0
1.97315 0.787879 0 0 0
1.99329 0.787879 0 0 0
2.01342 0.787879 1 0 0
2.03356 0.787879 1 8.54286e-10 -2.63704e-09
2.05369 0.787879 1 1.95216e-09 -5.36282e-09
2.07383 0.787879 1 3.23212e-09 -7.97118e-09
2.09396 0.787879 1 4.59995e-09 -1.02713e-08
2.11409 0.787879 1 5.94994e-09 -1.21235e-08
2.13423 0.787879 1 7.18396e-09 -1.34534e-08
2.15436 0.787879 1 8.22534e-09 -1.42492e-08
2.1745 0.787879 1 9.02528e-09 -1.45471e-08
2.19463 0.787879 1 9.56286e-09 -1.44152e-08
2.21477 0.787879 1 9.84095e-09 -1.39369e-08
2.2349 0.787879 1 9.88009e-09 -1.3199e-08
2.25503 0.787879 1 9.71215e-09 -1.22829e-08
2.27517 0.787879 1 9.37478e-09 -1.12598e-08
2.2953 0.787879 1 8.90698e-09 -1.01885e-08
2.31544 0.787879 1 8.34599e-09 -9.1152e-09
2.33557 0.787879 1 7.72531e-09 -8.0741e-09
2.3557 0.787879 1 7.07365e-09 -7.08916e-09
2.37584 0.787879 1 6.41456e-09 -6.17574e-09
2.39597 0.787879 1 5.76656e-09 -5.34234e-09
2.41611 0.787879 1 5.14355e-09 -4.59226e-09
2.43624 0.787879 1 4.55536e-09 -3.92494e-09
2.45638 0.787879 1 4.00839e-09 -3.33716e-09
2.47651 0.787879 1 3.50625e-09 -2.82392e-09
2.49664 0.787879 1 3.05036e-09 -2.37918e-09
2.51678 0.787879 1 2.64043e-09 -1.99641e-09
2.53691 0.787879 1 2.27496e-09 -1.66897e-09
2.55705 0.787879 1 1.95159e-09 -1.39041e-09
2.57718 0.787879 1 1.66742e-09 -1.1546e-09
2.59732 0.787879 1 1.41922e-09 -9.55879e-10
2.61745 0.787879 1 1.20364e-09 -7.89118e-10
2.63758 0.787879 1 1.01734e-09 -6.49712e-10
2.65772 0.787879 1 8.57095e-10 -5.33587e-10
2.67785 0.787879 1 7.19839e-10 -4.37173e-10
2.69799 0.787879 1 6.02727e-10 -3.5737e-10
2.71812 0.787879 1 5.0315e-10 -2.91505e-10
2.73826 0.787879 1 4.18744e-10 -2.37284e-10
2.75839 0.787879 1 3.47386e-10 -1.92755e-10
2.77852 0.787879 1 2.87188e-10 -1.5626e-10
2.79866 0.787879 1 2.36477e-10 -1.26397e-10
2.81879 0.787879 1 1.93781e-10 -1.01982e-10
2.83893 0.787879 1 1.5781e-10 -8.20142e-11
2.85906 0.787879 1 1.27429e-10 -6.5647e-11
2.87919 0.787879 1 1.01645e-10 -5.21565e-11
2.89933 0.787879 1 7.958e-11 -4.09157e-11
2.91946 0.787879 1 6.04553e-11 -3.13686e-11
2.9396 0.787879 1 4.35669e-11 -2.30041e-11
2.95973 0.787879 1 2.82675e-11 -1.53299e-11
2.97987 0.787879 1 1.39449e-11 -7.84355e-12
3 0.787879 1 0 0

0 0.808081 1 0.1 0
0.0201342 0.808081 1.08666 0.0926205 0.0020104
0.0402685 0.808081 1.09311 0.0922189 0.00445299
0.0604027 0.808081 1.09178 0.0921851 0.00720808
0.0805369 0.808081 1.08966 0.0918861 0.0101159
0.100671 0.808081 1.08736 0.0912842 0.0130212
0.120805 0.808081 1.08503 0.0904113 0.0157968
0.14094 0.808081 1.08277 0.0893188 0.0183519
0.161074 0.808081 1.08062 0.0880614 0.0206299
0.181208 0.808081 1.07862 0.0866891 0.0226023
0.201342 0.808081 1.07676 0.0852425 0.0242611
0.221477 0.808081 1.07504 0.0837525 0.0256126
0.241611 0.808081 1.07343 0.0822404 0.0266718
0.261745 0.808081 1.07193 0.0807192 0.0274589
0.281879 0.808081 1.0705 0.0791957 0.0279967
0.302013 0.808081 1.06913 0.0776714 0.0283085
0.322148 0.808081 1.0678 0.0761443 0.0284176
0.342282 0.808081 1.06649 0.0746097 0.0283464
0.362416 0.808081 1.06518 0.0730613 0.0281159
0.38255 0.808081 1.06387 0.0714919 0.027746
0.402685 0.808081 1.06254 0.0698938 0.0272551
0.422819 0.808081 1.06118 0.0682593 0.0266603
0.442953 0.808081 1.05979 0.066581 0.0259773
0.463087 0.808081 1.05836 0.0648523 0.0252208
0.483221 0.808081 1.0569 0.0630673 0.0244042
0.503356 0.808081 1.05541 0.0612207 0.0235395
0.52349 0.808081 1.05388 0.0593085 0.0226381
0.543624 0.808081 1.05232 0.0573276 0.02171
0.563758 0.808081 1.05074 0.0552758 0.0207642
0.583893 0.808081 1.04914 0.053152 0.0198089
0.604027 0.808081 1.04754 0.050956 0.0188509
0.624161 0.808081 1.04593 0.0486885 0.0178963
0.644295 0.808081 1.04435 0.0463508 0.0169498
0.66443 0.808081 1.04278 0.0439451 0.0160151
0.684564 0.808081 1.04125 0.0414741 0.0150947
0.704698 0.808081 1.03976 0.038941 0.0141896
0.724832 0.808081 1.03834 0.0363497 0.0132997
0.744966 0.808081 1.03698 0.0337041 0.0124232
0.765101 0.808081 1.0357 0.0310088 0.0115568
0.785235 0.808081 1.03452 0.0282689 0.0106955
0.805369 0.808081 1.03344 0.0254896 0.00983245
0.825503 0.808081 1.03247 0.022677 0.00895909
0.845638 0.808081 1.03163 0.0198379 0.00806491
0.865772 0.808081 1.03092 0.0169801 0.00713764
0.885906 0.808081 1.03035 0.0141122 0.00616337
0.90604 0.808081 1.02992 0.0112443 0.00512673
0.926174 0.808081 1.02965 0.00838718 0.00401104
0.946309 0.808081 1.02953 0.00555278 0.0027983
0.966443 0.808081 1.02956 0.00275309 0.00146877
0.986577 0.808081 1.02974 0 0
1.00671 0.808081 0 0 0
1.02685 0.808081 0 0 0
1.04698 0.808081 0 0 0
1.06711 0.808081 0 0 0
1.08725 0.808081 0 0 0
1.10738 0.808081 0 0 0
1.12752 0.808081 0 0 0
1.14765 0.808081 0 0 0
1.16779 0.808081 0 0 0
1.18792 0.808081 0 0 0
1.20805 0.808081 0 0 0
1.22819 0.808081 0 0 0
1.24832 0.808081 0 0 0
1.26846 0.808081 0 0 0
1.28859 0.808081 0 0 0
1.30872 0.808081 0 0 0
1.32886 0.808081 0 0 0
1.34899 0.808081 0 0 0
1.36913 0.808081 0 0 0
1.38926 0.808081 0 0 0
1.4094 0.808081 0 0 0
1.42953 0.808081 0 0 0
1.44966 0.808081 0 0 0
1.4698 0.808081 0 0 0
1.48993 0.808081 0 0 0
1.51007 0.808081 0 0 0
1.5302 0.808081 0 0 0
1.55034 0.808081 0 0 0
1.57047 0.808081 0 0 0
1.5906 0.808081 0 0 0
1.61074 0.808081 0 0 0
1.63087 0.808081 0 0 0
1.65101 0.808081 0 0 0
1.67114 0.808081 0 0 0
1.69128 0.808081 0 0 0
1.71141 0.808081 0 0 0
1.73154 0.808081 0 0 0
1.75168 0.808081 0 0 0
1.77181 0.808081 0 0 0
1.79195 0.808081 0 0 0
1.81208 0.808081 0 0 0
1.83221 0.808081 0 0 0
1.85235 0.808081 0 0 0
1.87248 0.808081 0 0 0
1.89262 0.808081 0 0 0
1.91275 0.808081 0 0 0
1.93289 0.808081 0 0 0
1.95302 0.808081 0 0 0
1.97315 0.808081 0 0 0
1.99329 0.808081 0 0 0
2.01342 0.808081 1 0 0
2.03356 0.808081 1 1.31245e-09 -3.47439e-09
2.05369 0.808081 1 2.94704e-09 -7.08399e-09
2.07383 0.808081 1 4.8045e-09 -1.05121e-08
2.09396 0.808081 1 6.73728e-09 -1.34796e-08
2.11409 0.808081 1 8.58815e-09 -1.57977e-08
2.13423 0.808081 1 1.02207e-08 -1.73827e-08
2.15436 0.808081 1 1.15381e-08 -1.82417e-08
2.1745 0.808081 1 1.24881e-08 -1.84467e-08
2.19463 0.808081 1 1.30595e-08 -1.81065e-08
2.21477 0.808081 1 1.32728e-08 -1.7344e-08
2.2349 0.808081 1 1.31696e-08 -1.62796e-08
2.25503 0.808081 1 1.28031e-08 -1.50211e-08
2.27517 0.808081 1 1.22307e-08 -1.36593e-08
2.2953 0.808081 1 1.1508e-08 -1.22661e-08
2.31544 0.808081 1 1.06857e-08 -1.08958e-08
2.33557 0.808081 1 9.80738e-09 -9.58675e-09
2.3557 0.808081 1 8.90914e-09 -8.36447e-09
2.37584 0.808081 1 8.01935e-09 -7.24384e-09
2.39597 0.808081 1 7.15941e-09 -6.2317e-09
2.41611 0.808081 1 6.34459e-09 -5.32899e-09
2.43624 0.808081 1 5.58496e-09 -4.53245e-09
2.45638 0.808081 1 4.88639e-09 -3.83604e-09
2.47651 0.808081 1 4.2514e-09 -3.23208e-09
2.49664 0.808081 1 3.68e-09 -2.71199e-09
2.51678 0.808081 1 3.17035e-09 -2.26695e-09
2.53691 0.808081 1 2.71932e-09 -1.88828e-09
2.55705 0.808081 1 2.32294e-09 -1.56771e-09
2.57718 0.808081 1 1.97677e-09 -1.2976e-09
2.59732 0.808081 1 1.67616e-09 -1.07096e-09
2.61745 0.808081 1 1.41646e-09 -8.81531e-10
2.63758 0.808081 1 1.19315e-09 -7.23777e-10
2.65772 0.808081 1 1.00197e-09 -5.92837e-10
2.67785 0.808081 1 8.38934e-10 -4.84489e-10
2.69799 0.808081 1 7.004e-10 -3.95094e-10
2.71812 0.808081 1 5.83067e-10 -3.21532e-10
2.73826 0.808081 1 4.83977e-10 -2.6115e-10
2.75839 0.808081 1 4.00499e-10 -2.11697e-10
2.77852 0.808081 1 3.30312e-10 -1.71272e-10
2.79866 0.808081 1 2.71375e-10 -1.38276e-10
2.81879 0.808081 1 2.21908e-10 -1.11365e-10
2.83893 0.808081 1 1.80356e-10 -8.94098e-11
2.85906 0.808081 1 1.45364e-10 -7.14558e-11
2.87919 0.808081 1 1.15751e-10 -5.66927e-11
2.89933 0.808081 1 9.04811e-11 -4.44212e-11
2.91946 0.808081 1 6.86376e-11 -3.40236e-11
2.9396 0.808081 1 4.93993e-11 -2.49343e-11
2.95973 0.808081 1 3.20145e-11 -1.66105e-11
2.97987 0.808081 1 1.57771e-11 -8.49891e-12
3 0.808081 1 0 0

0 0.828283 1 0.1 0
0.0201342 0.828283 1.0888 0.0924371 0.00209241
0.0402685 0.828283 1.09495 0.091995 0.0047843
0.0604027 0.828283 1.09303 0.0918555 0.00787593
0.0805369 0.828283 1.09029 0.0913768 0.0111323
0.100671 0.828283 1.08741 0.0905453 0.0143467
0.120805 0.828283 1.0846 0.0894223 0.0173663
0.14094 0.828283 1.08195 0.0880839 0.0200939
0.161074 0.828283 1.0795 0.0866023 0.0224785
0.181208 0.828283 1.07727 0.0850368 0.0245024
0.201342 0.828283 1.07525 0.0834319 0.0261699
0.221477 0.828283 1.07341 0.0818181 0.0274989
0.241611 0.828283 1.07174 0.0802142 0.0285139
0.261745 0.828283 1.07019 0.0786296 0.029243
0.281879 0.828283 1.06875 0.0770669 0.0297143
0.302013 0.828283 1.06738 0.0755241 0.0299554
0.322148 0.828283 1.06606 0.0739954 0.0299925
0.342282 0.828283 1.06477 0.0724733 0.0298498
0.362416 0.828283 1.06349 0.070949 0.0295496
0.38255 0.828283 1.06221 0.0694131 0.0291123
0.402685 0.828283 1.06091 0.0678563 0.0285569
0.422819 0.828283 1.05959 0.0662694 0.0279005
0.442953 0.828283 1.05824 0.0646442 0.0271589
0.463087 0.828283 1.05686 0.062973 0.0263466
0.483221 0.828283 1.05544 0.0612493 0.0254769
0.503356 0.828283 1.05399 0.0594673 0.0245617
0.52349 0.828283 1.0525 0.0576225 0.0236121
0.543624 0.828283 1.05099 0.0557116 0.022638
0.563758 0.828283 1.04945 0.053732 0.0216485
0.583893 0.828283 1.0479 0.0516824 0.0206514
0.604027 0.828283 1.04634 0.0495623 0.0196535
0.624161 0.828283 1.04478 0.0473723 0.0186608
0.644295 0.828283 1.04323 0.0451134 0.017678
0.66443 0.828283 1.04171 0.0427877 0.0167086
0.684564 0.828283 1.04021 0.0403976 0.015755
0.704698 0.828283 1.03876 0.037946 0.0148182
0.724832 0.828283 1.03737 0.0354363 0.0138977
0.744966 0.828283 1.03604 0.0328724 0.0129915
0.765101 0.828283 1.03479 0.0302582 0.012096
0.785235 0.828283 1.03364 0.0275983 0.0112055
0.805369 0.828283 1.03258 0.0248974 0.0103126
0.825503 0.828283 1.03163 0.0221612 0.00940775
0.845638 0.828283 1.03081 0.0193958 0.00847925
0.865772 0.828283 1.03011 0.0166085 0.00751354
0.885906 0.828283 1.02956 0.0138081 0.00649528
0.90604 0.828283 1.02915 0.0110044 0.00540775
0.926174 0.828283 1.02889 0.0082092 0.00423328
0.946309 0.828283 1.02878 0.00543497 0.00295358
0.966443 0.828283 1.02881 0.00269461 0.00154952
0.986577 0.828283 1.02899 0 0
1.00671 0.828283 0 0 0
1.02685 0.828283 0 0 0
1.04698 0.828283 0 0 0
1.06711 0.828283 0 0 0
1.08725 0.828283 0 0 0
1.10738 0.828283 0 0 0
1.12752 0.828283 0 0 0
1.14765 0.828283 0 0 0
1.16779 0.828283 0 0 0
1.18792 0.828283 0 0 0
1.20805 0.828283 0 0 0
1.22819 0.828283 0 0 0
1.24832 0.828283 0 0 0
1.26846 0.828283 0 0 0
1.28859 0.828283 0 0 0
1.30872 0.828283 0 0 0
1.32886 0.828283 0 0 0
1.34899 0.828283 0 0 0
1.36913 0.828283 0 0 0
1.38926 0.828283 0 0 0
1.4094 0.828283 0 0 0
1.42953 0.828283 0 0 0
1.44966 0.828283 0 0 0
1.4698 0.828283 0 0 0
1.48993 0.828283 0 0 0
1.51007 0.828283 0 0 0
1.5302 0.828283 0 0 0
1.55034 0.828283 0 0 0
1.57047 0.828283 0 0 0
1.5906 0.828283 0 0 0
1.61074 0.828283 0 0 0
1.63087 0.828283 0 0 0
1.65101 0.828283 0 0 0
1.67114 0.828283 0 0 0
1.69128 0.828283 0 0 0
1.71141 0.828283 0 0 0
1.73154 0.828283 0 0 0
1.75168 0.828283 0 0 0
1.77181 0.828283 0 0 0
1.79195 0.828283 0 0 0
1.81208 0.828283 0 0 0
1.83221 0.828283 0 0 0
1.85235 0.828283 0 0 0
1.87248 0.828283 0 0 0
1.89262 0.828283 0 0 0
1.91275 0.828283 0 0 0
1.93289 0.828283 0 0 0
1.95302 0.828283 0 0 0
1.97315 0.828283 0 0 0
1.99329 0.828283 0 0 0
2.01342 0.828283 1 0 0
2.03356 0.828283 1 2.01506e-09 -4.61868e-09
2.05369 0.828283 1 4.45794e-09 -9.43576e-09
2.07383 0.828283 1 7.16273e-09 -1.3957e-08
2.09396 0.828283 1 9.89446e-09 -1.77744e-08
2.11409 0.828283 1 1.24195e-08 -2.06414e-08
2.13423 0.828283 1 1.4553e-08 -2.24775e-08
2.15436 0.828283 1 1.618e-08 -2.33324e-08
2.1745 0.828283 1 1.72562e-08 -2.33378e-08
2.19463 0.828283 1 1.77943e-08 -2.26643e-08
2.21477 0.828283 1 1.78469e-08 -2.14891e-08
2.2349 0.828283 1 1.74895e-08 -1.9976e-08
2.25503 0.828283 1 1.68068e-08 -1.82648e-08
2.27517 0.828283 1 1.58829e-08 -1.64682e-08
2.2953 0.828283 1 1.47951e-08 -1.46716e-08
2.31544 0.828283 1 1.36103e-08 -1.29364e-08
2.33557 0.828283 1 1.23839e-08 -1.13042e-08
2.3557 0.828283 1 1.11594e-08 -9.79987e-09
2.37584 0.828283 1 9.96979e-09 -8.43637e-09
2.39597 0.828283 1 8.83874e-09 -7.21728e-09
2.41611 0.828283 1 7.78192e-09 -6.13976e-09
2.43624 0.828283 1 6.80863e-09 -5.19667e-09
2.45638 0.828283 1 5.92317e-09 -4.37821e-09
2.47651 0.828283 1 5.12603e-09 -3.67314e-09
2.49664 0.828283 1 4.41492e-09 -3.06972e-09
2.51678 0.828283 1 3.78564e-09 -2.55629e-09
2.53691 0.828283 1 3.23273e-09 -2.12171e-09
2.55705 0.828283 1 2.75001e-09 -1.7556e-09
2.57718 0.828283 1 2.331e-09 -1.44849e-09
2.59732 0.828283 1 1.96917e-09 -1.1919e-09
2.61745 0.828283 1 1.65822e-09 -9.78281e-10
2.63758 0.828283 1 1.39215e-09 -8.01036e-10
2.65772 0.828283 1 1.16539e-09 -6.54427e-10
2.67785 0.828283 1 9.72834e-10 -5.3351e-10
2.69799 0.828283 1 8.09875e-10 -4.3405e-10
2.71812 0.828283 1 6.72378e-10 -3.52447e-10
2.73826 0.828283 1 5.56676e-10 -2.85649e-10
2.75839 0.828283 1 4.59535e-10 -2.31085e-10
2.77852 0.828283 1 3.78125e-10 -1.86595e-10
2.79866 0.828283 1 3.09978e-10 -1.5037e-10
2.81879 0.828283 1 2.52952e-10 -1.20895e-10
2.83893 0.828283 1 2.05188e-10 -9.69023e-11
2.85906 0.828283 1 1.6508e-10 -7.73277e-11
2.87919 0.828283 1 1.31231e-10 -6.12689e-11
2.89933 0.828283 1 1.02423e-10 -4.79513e-11
2.91946 0.828283 1 7.75883e-11 -3.66933e-11
2.9396 0.828283 1 5.57709e-11 -2.68733e-11
2.95973 0.828283 1 3.61033e-11 -1.78961e-11
2.97987 0.828283 1 1.77743e-11 -9.15684e-12
3 0.828283 1 0 0

0 0.848485 1 0.1 0
0.0201342 0.848485 1.09188 0.0921768 0.00219193
0.0402685 0.848485 1.09748 0.0916738 0.00522195
0.0604027 0.848485 1.09465 0.0913742 0.00874601
0.0805369 0.848485 1.09104 0.0906418 0.0124186
0.100671 0.848485 1.08742 0.0895081 0.0159714
0.120805 0.848485 1.08401 0.0880776 0.0192306
0.14094 0.848485 1.08091 0.0864567 0.0221032
0.161074 0.848485 1.07813 0.0847342 0.0245538
0.181208 0.848485 1.07568 0.0829756 0.0265841
0.201342 0.848485 1.0735 0.0812245 0.0282162
0.221477 0.848485 1.07158 0.0795072 0.0294822
0.241611 0.848485 1.06985 0.0778364 0.030418
0.261745 0.848485 1.06828 0.0762153 0.0310593
0.281879 0.848485 1.06684 0.0746409 0.03144
0.302013 0.848485 1.06548 0.073106 0.031591
0.322148 0.848485 1.06419 0.0716009 0.0315406
0.342282 0.848485 1.06293 0.0701145 0.0313143
0.362416 0.848485 1.06169 0.0686354 0.0309351
0.38255 0.848485 1.06045 0.0671521 0.0304236
0.402685 0.848485 1.0592 0.0656536 0.0297986
0.422819 0.848485 1.05793 0.0641299 0.0290771
0.442953 0.848485 1.05663 0.0625714 0.0282746
0.463087 0.848485 1.05529 0.06097 0.0274051
0.483221 0.848485 1.05392 0.0593185 0.0264817
0.503356 0.848485 1.05252 0.057611 0.025516
0.52349 0.848485 1.05108 0.0558427 0.0245189
0.543624 0.848485 1.04961 0.0540098 0.0235
0.563758 0.848485 1.04812 0.0521098 0.0224681
0.583893 0.848485 1.04661 0.0501413 0.021431
0.604027 0.848485 1.0451 0.0481036 0.0203952
0.624161 0.848485 1.04358 0.0459971 0.0193667
0.644295 0.848485 1.04207 0.0438229 0.01835
0.66443 0.848485 1.04059 0.0415827 0.0173486
0.684564 0.848485 1.03913 0.0392789 0.0163647
0.704698 0.848485 1.03772 0.0369142 0.0153992
0.724832 0.848485 1.03636 0.0344916 0.0144516
0.744966 0.848485 1.03506 0.0320146 0.0135194
0.765101 0.848485 1.03384 0.0294868 0.0125988
0.785235 0.848485 1.03271 0.026912 0.0116836
0.805369 0.848485 1.03167 0.0242945 0.0107657
0.825503 0.848485 1.03075 0.0216391 0.00983439
0.845638 0.848485 1.02994 0.0189511 0.00887688
0.865772 0.848485 1.02926 0.0162374 0.00787796
0.885906 0.848485 1.02872 0.013506 0.00682043
0.90604 0.848485 1.02833 0.0107672 0.00568573
0.926174 0.848485 1.02809 0.0080332 0.00445478
0.946309 0.848485 1.02799 0.005318 0.00310888
0.966443 0.848485 1.02804 0.00263608 0.00163004
0.986577 0.848485 1.02822 0 0
1.00671 0.848485 0 0 0
1.02685 0.848485 0 0 0
1.04698 0.848485 0 0 0
1.06711 0.848485 0 0 0
1.08725 0.848485 0 0 0
1.10738 0.848485 0 0 0
1.12752 0.848485 0 0 0
1.14765 0.848485 0 0 0
1.16779 0.848485 0 0 0
1.18792 0.848485 0 0 0
1.20805 0.848485 0 0 0
1.22819 0.848485 0 0 0
1.24832 0.848485 0 0 0
1.26846 0.848485 0 0 0
1.28859 0.848485 0 0 0
1.30872 0.848485 0 0 0
1.32886 0.848485 0 0 0
1.34899 0.848485 0 0 0
1.36913 0.848485 0 0 0
1.38926 0.848485 0 0 0
1.4094 0.848485 0 0 0
1.42953 0.848485 0 0 0
1.44966 0.848485 0 0 0
1.4698 0.848485 0 0 0
1.48993 0.848485 0 0 0
1.51007 0.848485 0 0 0
1.5302 0.848485 0 0 0
1.55034 0.848485 0 0 0
1.57047 0.848485 0 0 0
1.5906 0.848485 0 0 0
1.61074 0.848485 0 0 0
1.63087 0.848485 0 0 0
1.65101 0.848485 0 0 0
1.67114 0.848485 0 0 0
1.69128 0.848485 0 0 0
1.71141 0.848485 0 0 0
1.73154 0.848485 0 0 0
1.75168 0.848485 0 0 0
1.77181 0.848485 0 0 0
1.79195 0.848485 0 0 0
1.81208 0.848485 0 0 0
1.83221 0.848485 0 0 0
1.85235 0.848485 0 0 0
1.87248 0.848485 0 0 0
1.89262 0.848485 0 0 0
1.91275 0.848485 0 0 0
1.93289 0.848485 0 0 0
1.95302 0.848485 0 0 0
1.97315 0.848485 0 0 0
1.99329 0.848485 0 0 0
2.01342 0.848485 1 0 0
2.03356 0.848485 1 3.1036e-09 -6.21102e-09
2.05369 0.848485 1 6.7767e-09 -1.26982e-08
2.07383 0.848485 1 1.07312e-08 -1.86777e-08
2.09396 0.848485 1 1.45879e-08 -2.35591e-08
2.11409 0.848485 1 1.80037e-08 -2.70389e-08
2.13423 0.848485 1 2.07391e-08 -2.90723e-08
2.15436 0.848485 1 2.26756e-08 -2.97928e-08
2.1745 0.848485 1 2.38001e-08 -2.94294e-08
2.19463 0.848485 1 2.41747e-08 -2.8242e-08
2.21477 0.848485 1 2.39067e-08 -2.648e-08
2.2349 0.848485 1 2.31232e-08 -2.43607e-08
2.25503 0.848485 1 2.19531e-08 -2.20604e-08
2.27517 0.848485 1 2.05155e-08 -1.97141e-08
2.2953 0.848485 1 1.89142e-08 -1.74197e-08
2.31544 0.848485 1 1.72346e-08 -1.52436e-08
2.33557 0.848485 1 1.55441e-08 -1.32272e-08
2.3557 0.848485 1 1.38935e-08 -1.13931e-08
2.37584 0.848485 1 1.23193e-08 -9.74928e-09
2.39597 0.848485 1 1.08455e-08 -8.29422e-09
2.41611 0.848485 1 9.48689e-09 -7.01954e-09
2.43624 0.848485 1 8.25028e-09 -5.91278e-09
2.45638 0.848485 1 7.13693e-09 -4.9592e-09
2.47651 0.848485 1 6.14394e-09 -4.14313e-09
2.49664 0.848485 1 5.26555e-09 -3.4489e-09
2.51678 0.848485 1 4.49417e-09 -2.86146e-09
2.53691 0.848485 1 3.82111e-09 -2.36676e-09
2.55705 0.848485 1 3.23725e-09 -1.95196e-09
2.57718 0.848485 1 2.73343e-09 -1.60554e-09
2.59732 0.848485 1 2.30075e-09 -1.31727e-09
2.61745 0.848485 1 1.93078e-09 -1.07819e-09
2.63758 0.848485 1 1.6157e-09 -8.80532e-10
2.65772 0.848485 1 1.34836e-09 -7.17581e-10
2.67785 0.848485 1 1.12228e-09 -5.83608e-10
2.69799 0.848485 1 9.31699e-10 -4.73737e-10
2.71812 0.848485 1 7.71484e-10 -3.83844e-10
2.73826 0.848485 1 6.37131e-10 -3.10457e-10
2.75839 0.848485 1 5.24704e-10 -2.50662e-10
2.77852 0.848485 1 4.30779e-10 -2.02025e-10
2.79866 0.848485 1 3.52393e-10 -1.62515e-10
2.81879 0.848485 1 2.86988e-10 -1.30441e-10
2.83893 0.848485 1 2.32361e-10 -1.0439e-10
2.85906 0.848485 1 1.86614e-10 -8.31823e-11
2.87919 0.848485 1 1.48108e-10 -6.58223e-11
2.89933 0.848485 1 1.15424e-10 -5.14575e-11
2.91946 0.848485 1 8.73185e-11 -3.9341e-11
2.9396 0.848485 1 6.26887e-11 -2.87941e-11
2.95973 0.848485 1 4.05376e-11 -1.9169e-11
2.97987 0.848485 1 1.99382e-11 -9.80825e-12
3 0.848485 1 0 0

0 0.868687 1 0.1 0
0.0201342 0.868687 1.09639 0.0918016 0.00232681
0.0402685 0.868687 1.10098 0.0912011 0.00583722
0.0604027 0.868687 1.09677 0.0906525 0.00992133
0.0805369 0.868687 1.09193 0.0895615 0.0140789
0.100671 0.868687 1.08732 0.0880368 0.0179789
0.120805 0.868687 1.08318 0.0862407 0.021444
0.14094 0.868687 1.07956 0.0843112 0.0244049
0.161074 0.868687 1.07644 0.0823481 0.0268574
0.181208 0.868687 1.07377 0.0804153 0.0288319
0.201342 0.868687 1.07147 0.0785488 0.0303731
0.221477 0.868687 1.06948 0.0767648 0.0315296
0.241611 0.868687 1.06773 0.0750659 0.0323483
0.261745 0.868687 1.06617 0.0734468 0.0328721
0.281879 0.868687 1.06475 0.0718971 0.033139
0.302013 0.868687 1.06344 0.0704037 0.0331824
0.322148 0.868687 1.06219 0.0689524 0.0330318
0.342282 0.868687 1.06098 0.0675289 0.0327127
0.362416 0.868687 1.0598 0.0661191 0.032248
0.38255 0.868687 1.05861 0.0647096 0.0316579
0.402685 0.868687 1.05741 0.0632884 0.0309607
0.422819 0.868687 1.05619 0.0618441 0.0301726
0.442953 0.868687 1.05494 0.0603669 0.0293087
0.463087 0.868687 1.05366 0.0588481 0.0283825
0.483221 0.868687 1.05234 0.0572803 0.0274064
0.503356 0.868687 1.05099 0.0556573 0.0263918
0.52349 0.868687 1.0496 0.0539743 0.025349
0.543624 0.868687 1.04818 0.0522276 0.0242874
0.563758 0.868687 1.04674 0.0504146 0.0232155
0.583893 0.868687 1.04528 0.0485338 0.0221408
0.604027 0.868687 1.04381 0.0465848 0.0210698
0.624161 0.868687 1.04234 0.0445678 0.0200083
0.644295 0.868687 1.04087 0.0424839 0.0189607
0.66443 0.868687 1.03943 0.0403348 0.0179303
0.684564 0.868687 1.03801 0.0381227 0.0169194
0.704698 0.868687 1.03663 0.0358502 0.0159288
0.724832 0.868687 1.03531 0.0335202 0.0149576
0.744966 0.868687 1.03404 0.0311356 0.0140036
0.765101 0.868687 1.03285 0.0286996 0.0130623
0.785235 0.868687 1.03174 0.0262156 0.0121273
0.805369 0.868687 1.03072 0.0236869 0.0111897
0.825503 0.868687 1.02981 0.0211173 0.010238
0.845638 0.868687 1.02903 0.0185112 0.00925792
0.865772 0.868687 1.02836 0.0158744 0.00823233
0.885906 0.868687 1.02784 0.013214 0.00714169
0.90604 0.868687 1.02747 0.0105399 0.00596481
0.926174 0.868687 1.02725 0.0078652 0.00468027
0.946309 0.868687 1.02717 0.0052058 0.00326835
0.966443 0.868687 1.02725 0.00257921 0.00171271
0.986577 0.868687 1.02744 0 0
1.00671 0.868687 0 0 0
1.02685 0.868687 0 0 0
1.04698 0.868687 0 0 0
1.06711 0.868687 0 0 0
1.08725 0.868687 0 0 0
1.10738 0.868687 0 0 0
1.12752 0.868687 0 0 0
1.14765 0.868687 0 0 0
1.16779 0.868687 0 0 0
1.18792 0.868687 0 0 0
1.20805 0.868687 0 0 0
1.22819 0.868687 0 0 0
1.24832 0.868687 0 0 0
1.26846 0.868687 0 0 0
1.28859 0.868687 0 0 0
1.30872 0.868687 0 0 0
1.32886 0.868687 0 0 0
1.34899 0.868687 0 0 0
1.36913 0.868687 0 0 0
1.38926 0.868687 0 0 0
1.4094 0.868687 0 0 0
1.42953 0.868687 0 0 0
1.44966 0.868687 0 0 0
1.4698 0.868687 0 0 0
1.48993 0.868687 0 0 0
1.51007 0.868687 0 0 0
1.5302 0.868687 0 0 0
1.55034 0.868687 0 0 0
1.57047 0.868687 0 0 0
1.5906 0.868687 0 0 0
1.61074 0.868687 0 0 0
1.63087 0.868687 0 0 0
1.65101 0.868687 0 0 0
1.67114 0.868687 0 0 0
1.69128 0.868687 0 0 0
1.71141 0.868687 0 0 0
1.73154 0.868687 0 0 0
1.75168 0.868687 0 0 0
1.77181 0.868687 0 0 0
1.79195 0.868687 0 0 0
1.81208 0.868687 0 0 0
1.83221 0.868687 0 0 0
1.85235 0.868687 0 0 0
1.87248 0.868687 0 0 0
1.89262 0.868687 0 0 0
1.91275 0.868687 0 0 0
1.93289 0.868687 0 0 0
1.95302 0.868687 0 0 0
1.97315 0.868687 0 0 0
1.99329 0.868687 0 0 0
2.01342 0.868687 1 0 0
2.03356 0.868687 1 4.81551e-09 -8.47957e-09
2.05369 0.868687 1 1.03865e-08 -1.73073e-08
2.07383 0.868687 1 1.61922e-08 -2.52236e-08
2.09396 0.868687 1 2.16166e-08 -3.13945e-08
2.11409 0.868687 1 2.61708e-08 -3.54915e-08
2.13423 0.868687 1 2.95734e-08 -3.75751e-08
2.15436 0.868687 1 3.17411e-08 -3.79324e-08
2.1745 0.868687 1 3.2738e-08 -3.69423e-08
2.19463 0.868687 1 3.27174e-08 -3.49884e-08
2.21477 0.868687 1 3.18736e-08 -3.24112e-08
2.2349 0.868687 1 3.04081e-08 -2.94892e-08
2.25503 0.868687 1 2.85081e-08 -2.64365e-08
2.27517 0.868687 1 2.63361e-08 -2.34083e-08
2.2953 0.868687 1 2.40257e-08 -2.05108e-08
2.31544 0.868687 1 2.16815e-08 -1.78111e-08
2.33557 0.868687 1 1.9382e-08 -1.53467e-08
2.3557 0.868687 1 1.7183e-08 -1.31335e-08
2.37584 0.868687 1 1.51217e-08 -1.11719e-08
2.39597 0.868687 1 1.32205e-08 -9.45244e-09
2.41611 0.868687 1 1.14901e-08 -7.95921e-09
2.43624 0.868687 1 9.93279e-09 -6.67275e-09
2.45638 0.868687 1 8.54474e-09 -5.57212e-09
2.47651 0.868687 1 7.31785e-09 -4.63619e-09
2.49664 0.868687 1 6.24134e-09 -3.84463e-09
2.51678 0.868687 1 5.30292e-09 -3.17839e-09
2.53691 0.868687 1 4.48962e-09 -2.62008e-09
2.55705 0.868687 1 3.78846e-09 -2.15406e-09
2.57718 0.868687 1 3.18685e-09 -1.7665e-09
2.59732 0.868687 1 2.67291e-09 -1.44526e-09
2.61745 0.868687 1 2.2356e-09 -1.17981e-09
2.63758 0.868687 1 1.86487e-09 -9.61093e-10
2.65772 0.868687 1 1.55165e-09 -7.81361e-10
2.67785 0.868687 1 1.28783e-09 -6.34035e-10
2.69799 0.868687 1 1.06626e-09 -5.13557e-10
2.71812 0.868687 1 8.80655e-10 -4.15249e-10
2.73826 0.868687 1 7.25531e-10 -3.35197e-10
2.75839 0.868687 1 5.96134e-10 -2.70129e-10
2.77852 0.868687 1 4.8836e-10 -2.17326e-10
2.79866 0.868687 1 3.98676e-10 -1.74527e-10
2.81879 0.868687 1 3.24053e-10 -1.39857e-10
2.83893 0.868687 1 2.61895e-10 -1.11757e-10
2.85906 0.868687 1 2.09977e-10 -8.89298e-11
2.87919 0.868687 1 1.6639e-10 -7.02827e-11
2.89933 0.868687 1 1.29485e-10 -5.48856e-11
2.91946 0.868687 1 9.78281e-11 -4.19257e-11
2.9396 0.868687 1 7.01517e-11 -3.06672e-11
2.95973 0.868687 1 4.53163e-11 -2.04095e-11
2.97987 0.868687 1 2.22681e-11 -1.04431e-11
3 0.868687 1 0 0

0 0.888889 1 0.1 0
0.0201342 0.888889 1.10287 0.0912497 0.00252274
0.0402685 0.888889 1.1052 0.0904808 0.00672721
0.0604027 0.888889 1.09875 0.0895336 0.0115235
0.0805369 0.888889 1.09227 0.0879382 0.0162186
0.100671 0.888889 1.08656 0.0859248 0.0204387
0.120805 0.888889 1.0817 0.0837209 0.0240368
0.14094 0.888889 1.07763 0.0814856 0.0269964
0.161074 0.888889 1.07425 0.0793149 0.0293629
0.181208 0.888889 1.07143 0.0772578 0.0312044
0.201342 0.888889 1.06907 0.075333 0.0325918
0.221477 0.888889 1.06707 0.0735402 0.0335897
0.241611 0.888889 1.06536 0.0718688 0.0342546
0.261745 0.888889 1.06385 0.0703025 0.034634
0.281879 0.888889 1.06249 0.068823 0.0347682
0.302013 0.888889 1.06124 0.0674112 0.034691
0.322148 0.888889 1.06006 0.0660489 0.0344314
0.342282 0.888889 1.05892 0.0647186 0.0340143
0.362416 0.888889 1.0578 0.0634044 0.0334613
0.38255 0.888889 1.05668 0.0620916 0.0327916
0.402685 0.888889 1.05554 0.0607671 0.0320223
0.422819 0.888889 1.05439 0.0594194 0.031169
0.442953 0.888889 1.0532 0.0580382 0.0302456
0.463087 0.888889 1.05197 0.0566148 0.029265
0.483221 0.888889 1.05071 0.0551418 0.028239
0.503356 0.888889 1.04941 0.0536132 0.0271783
0.52349 0.888889 1.04807 0.0520243 0.0260929
0.543624 0.888889 1.04671 0.0503716 0.0249918
0.563758 0.888889 1.04532 0.0486526 0.0238831
0.583893 0.888889 1.04391 0.0468661 0.0227742
0.604027 0.888889 1.04248 0.0450117 0.0216714
0.624161 0.888889 1.04106 0.0430898 0.0205803
0.644295 0.888889 1.03964 0.0411016 0.0195051
0.66443 0.888889 1.03823 0.0390488 0.0184493
0.684564 0.888889 1.03685 0.0369337 0.017415
0.704698 0.888889 1.03551 0.0347587 0.0164028
0.724832 0.888889 1.03422 0.0325265 0.0154122
0.744966 0.888889 1.03298 0.03024 0.0144404
0.765101 0.888889 1.03181 0.0279018 0.0134832
0.785235 0.888889 1.03073 0.0255145 0.0125336
0.805369 0.888889 1.02973 0.0230808 0.0115824
0.825503 0.888889 1.02884 0.0206032 0.0106171
0.845638 0.888889 1.02806 0.0180847 0.00962199
0.865772 0.888889 1.02742 0.0155293 0.00857796
0.885906 0.888889 1.02691 0.0129426 0.00746247
0.90604 0.888889 1.02656 0.0103332 0.00625054
0.926174 0.888889 1.02636 0.00771451 0.00491676
0.946309 0.888889 1.02633 0.00510482 0.0034388
0.966443 0.888889 1.02645 0.00252681 0.00180173
0.986577 0.888889 1.02667 0 0
1.00671 0.888889 0 0 0
1.02685 0.888889 0 0 0
1.04698 0.888889 0 0 0
1.06711 0.888889 0 0 0
1.08725 0.888889 0 0 0
1.10738 0.888889 0 0 0
1.12752 0.888889 0 0 0
1.14765 0.888889 0 0 0
1.16779 0.888889 0 0 0
1.18792 0.888889 0 0 0
1.20805 0.888889 0 0 0
1.22819 0.888889 0 0 0
1.24832 0.888889 0 0 0
1.26846 0.888889 0 0 0
1.28859 0.888889 0 0 0
1.30872 0.888889 0 0 0
1.32886 0.888889 0 0 0
1.34899 0.888889 0 0 0
1.36913 0.888889 0 0 0
1.38926 0.888889 0 0 0
1.4094 0.888889 0 0 0
1.42953 0.888889 0 0 0
1.44966 0.888889 0 0 0
1.4698 0.888889 0 0 0
1.48993 0.888889 0 0 0
1.51007 0.888889 0 0 0
1.5302 0.888889 0 0 0
1.55034 0.888889 0 0 0
1.57047 0.888889 0 0 0
1.5906 0.888889 0 0 0
1.61074 0.888889 0 0 0
1.63087 0.888889 0 0 0
1.65101 0.888889 0 0 0
1.67114 0.888889 0 0 0
1.69128 0.888889 0 0 0
1.71141 0.888889 0 0 0
1.73154 0.888889 0 0 0
1.75168 0.888889 0 0 0
1.77181 0.888889 0 0 0
1.79195 0.888889 0 0 0
1.81208 0.888889 0 0 0
1.83221 0.888889 0 0 0
1.85235 0.888889 0 0 0
1.87248 0.888889 0 0 0
1.89262 0.888889 0 0 0
1.91275 0.888889 0 0 0
1.93289 0.888889 0 0 0
1.95302 0.888889 0 0 0
1.97315 0.888889 0 0 0
1.99329 0.888889 0 0 0
2.01342 0.888889 1 0 0
2.03356 0.888889 1 7.56591e-09 -1.18126e-08
2.05369 0.888889 1 1.61144e-08 -2.39623e-08
2.07383 0.888889 1 2.46647e-08 -3.44131e-08
2.09396 0.888889 1 3.22255e-08 -4.20522e-08
2.11409 0.888889 1 3.81481e-08 -4.66339e-08
2.13423 0.888889 1 4.21717e-08 -4.84595e-08
2.15436 0.888889 1 4.43356e-08 -4.80772e-08
2.1745 0.888889 1 4.48623e-08 -4.60848e-08
2.19463 0.888889 1 4.40583e-08 -4.30255e-08
2.21477 0.888889 1 4.22474e-08 -3.93451e-08
2.2349 0.888889 1 3.97306e-08 -3.53853e-08
2.25503 0.888889 1 3.67674e-08 -3.13932e-08
2.27517 0.888889 1 3.35687e-08 -2.75374e-08
2.2953 0.888889 1 3.02982e-08 -2.39249e-08
2.31544 0.888889 1 2.70773e-08 -2.06168e-08
2.33557 0.888889 1 2.39916e-08 -1.76405e-08
2.3557 0.888889 1 2.10976e-08 -1.50005e-08
2.37584 0.888889 1 1.84288e-08 -1.26858e-08
2.39597 0.888889 1 1.60016e-08 -1.06759e-08
2.41611 0.888889 1 1.38194e-08 -8.94508e-09
2.43624 0.888889 1 1.18767e-08 -7.46508e-09
2.45638 0.888889 1 1.01616e-08 -6.2074e-09
2.47651 0.888889 1 8.65865e-09 -5.14446e-09
2.49664 0.888889 1 7.35017e-09 -4.25046e-09
2.51678 0.888889 1 6.21758e-09 -3.50184e-09
2.53691 0.888889 1 5.24234e-09 -2.87744e-09
2.55705 0.888889 1 4.40653e-09 -2.35851e-09
2.57718 0.888889 1 3.69331e-09 -1.92866e-09
2.59732 0.888889 1 3.08709e-09 -1.5737e-09
2.61745 0.888889 1 2.57369e-09 -1.2814e-09
2.63758 0.888889 1 2.14035e-09 -1.04134e-09
2.65772 0.888889 1 1.77571e-09 -8.44673e-10
2.67785 0.888889 1 1.46977e-09 -6.83925e-10
2.69799 0.888889 1 1.21375e-09 -5.52825e-10
2.71812 0.888889 1 1e-09 -4.46123e-10
2.73826 0.888889 1 8.21937e-10 -3.59444e-10
2.75839 0.888889 1 6.73855e-10 -2.89153e-10
2.77852 0.888889 1 5.50875e-10 -2.32235e-10
2.79866 0.888889 1 4.48822e-10 -1.86199e-10
2.81879 0.888889 1 3.64133e-10 -1.48982e-10
2.83893 0.888889 1 2.93773e-10 -1.18879e-10
2.85906 0.888889 1 2.35152e-10 -9.44716e-11
2.87919 0.888889 1 1.86059e-10 -7.45739e-11
2.89933 0.888889 1 1.44592e-10 -5.81771e-11
2.91946 0.888889 1 1.09105e-10 -4.44034e-11
2.9396 0.888889 1 7.81502e-11 -3.24607e-11
2.95973 0.888889 1 5.04329e-11 -2.15965e-11
2.97987 0.888889 1 2.47605e-11 -1.10505e-11
3 0.888889 1 0 0

0 0.909091 1 0.1 0
0.0201342 0.909091 1.11375 0.0903534 0.00293771
0.0402685 0.909091 1.11279 0.0892834 0.00823312
0.0604027 0.909091 1.10322 0.0877275 0.0139126
0.0805369 0.909091 1.0941 0.0854735 0.0191093
0.100671 0.909091 1.08641 0.0829021 0.0235038
0.120805 0.909091 1.08023 0.0802939 0.027062
0.14094 0.909091 1.0754 0.0778052 0.0298631
0.161074 0.909091 1.07163 0.0755056 0.0320176
0.181208 0.909091 1.06866 0.0734128 0.033632
0.201342 0.909091 1.06629 0.0715173 0.0347983
0.221477 0.909091 1.06434 0.069797 0.0355914
0.241611 0.909091 1.0627 0.0682251 0.0360715
0.261745 0.909091 1.06129 0.0667741 0.0362869
0.281879 0.909091 1.06003 0.0654182 0.0362766
0.302013 0.909091 1.05888 0.0641334 0.0360726
0.322148 0.909091 1.0578 0.0628983 0.0357016
0.342282 0.909091 1.05675 0.0616936 0.0351865
0.362416 0.909091 1.05571 0.0605023 0.0345469
0.38255 0.909091 1.05467 0.0593092 0.0338005
0.402685 0.909091 1.0536 0.0581012 0.032963
0.422819 0.909091 1.05251 0.0568668 0.0320484
0.442953 0.909091 1.05139 0.0555959 0.0310698
0.463087 0.909091 1.05023 0.0542802 0.0300392
0.483221 0.909091 1.04903 0.0529128 0.0289677
0.503356 0.909091 1.04778 0.0514879 0.0278654
0.52349 0.909091 1.04651 0.0500013 0.0267418
0.543624 0.909091 1.04519 0.0484499 0.0256054
0.563758 0.909091 1.04386 0.0468315 0.0244642
0.583893 0.909091 1.0425 0.0451451 0.0233252
0.604027 0.909091 1.04112 0.0433908 0.0221945
0.624161 0.909091 1.03974 0.0415691 0.0210776
0.644295 0.909091 1.03837 0.0396816 0.0199788
0.66443 0.909091 1.03701 0.03773 0.0189013
0.684564 0.909091 1.03567 0.0357167 0.0178473
0.704698 0.909091 1.03436 0.0336442 0.0168176
0.724832 0.909091 1.0331 0.0315153 0.0158114
0.744966 0.909091 1.03189 0.0293325 0.0148262
0.765101 0.909091 1.03074 0.0270981 0.0138577
0.785235 0.909091 1.02968 0.0248143 0.012899
0.805369 0.909091 1.0287 0.0224827 0.0119403
0.825503 0.909091 1.02782 0.0201046 0.0109688
0.845638 0.909091 1.02705 0.0176813 0.00996756
0.865772 0.909091 1.02641 0.0152142 0.00891531
0.885906 0.909091 1.02592 0.012706 0.00778609
0.90604 0.909091 1.02559 0.0101628 0.00654981
0.926174 0.909091 1.02543 0.00759605 0.00517443
0.946309 0.909091 1.02545 0.00502635 0.00363133
0.966443 0.909091 1.02564 0.00248393 0.00190488
0.986577 0.909091 1.02593 0 0
1.00671 0.909091 0 0 0
1.02685 0.909091 0 0 0
1.04698 0.909091 0 0 0
1.06711 0.909091 0 0 0
1.08725 0.909091 0 0 0
1.10738 0.909091 0 0 0
1.12752 0.909091 0 0 0
1.14765 0.909091 0 0 0
1.16779 0.909091 0 0 0
1.18792 0.909091 0 0 0
1.20805 0.909091 0 0 0
1.22819 0.909091 0 0 0
1.24832 0.909091 0 0 0
1.26846 0.909091 0 0 0
1.28859 0.909091 0 0 0
1.30872 0.909091 0 0 0
1.32886 0.909091 0 0 0
1.34899 0.909091 0 0 0
1.36913 0.909091 0 0 0
1.38926 0.909091 0 0 0
1.4094 0.909091 0 0 0
1.42953 0.909091 0 0 0
1.44966 0.909091 0 0 0
1.4698 0.909091 0 0 0
1.48993 0.909091 0 0 0
1.51007 0.909091 0 0 0
1.5302 0.909091 0 0 0
1.55034 0.909091 0 0 0
1.57047 0.909091 0 0 0
1.5906 0.909091 0 0 0
1.61074 0.909091 0 0 0
1.63087 0.909091 0 0 0
1.65101 0.909091 0 0 0
1.67114 0.909091 0 0 0
1.69128 0.909091 0 0 0
1.71141 0.909091 0 0 0
1.73154 0.909091 0 0 0
1.75168 0.909091 0 0 0
1.77181 0.909091 0 0 0
1.79195 0.909091 0 0 0
1.81208 0.909091 0 0 0
1.83221 0.909091 0 0 0
1.85235 0.909091 0 0 0
1.87248 0.909091 0 0 0
1.89262 0.909091 0 0 0
1.91275 0.909091 0 0 0
1.93289 0.909091 0 0 0
1.95302 0.909091 0 0 0
1.97315 0.909091 0 0 0
1.99329 0.909091 0 0 0
2.01342 0.909091 1 0 0
2.03356 0.909091 1 1.21217e-08 -1.69123e-08
2.05369 0.909091 1 2.54339e-08 -3.38171e-08
2.07383 0.909091 1 3.80214e-08 -4.74652e-08
2.09396 0.909091 1 4.83605e-08 -5.65639e-08
2.11409 0.909091 1 5.57299e-08 -6.12242e-08
2.13423 0.909091 1 6.00672e-08 -6.22249e-08
2.15436 0.909091 1 6.17048e-08 -6.05234e-08
2.1745 0.909091 1 6.11507e-08 -5.70099e-08
2.19463 0.909091 1 5.89469e-08 -5.24131e-08
2.21477 0.909091 1 5.55929e-08 -4.72855e-08
2.2349 0.909091 1 5.15118e-08 -4.20218e-08
2.25503 0.909091 1 4.70419e-08 -3.68887e-08
2.27517 0.909091 1 4.24414e-08 -3.20547e-08
2.2953 0.909091 1 3.78982e-08 -2.76162e-08
2.31544 0.909091 1 3.35431e-08 -2.36183e-08
2.33557 0.909091 1 2.94606e-08 -2.00711e-08
2.3557 0.909091 1 2.57005e-08 -1.69619e-08
2.37584 0.909091 1 2.22861e-08 -1.42638e-08
2.39597 0.909091 1 1.92216e-08 -1.19421e-08
2.41611 0.909091 1 1.64982e-08 -9.9586e-09
2.43624 0.909091 1 1.40984e-08 -8.27465e-09
2.45638 0.909091 1 1.19991e-08 -6.85279e-09
2.47651 0.909091 1 1.01745e-08 -5.65805e-09
2.49664 0.909091 1 8.59768e-09 -4.65849e-09
2.51678 0.909091 1 7.24202e-09 -3.8255e-09
2.53691 0.909091 1 6.08186e-09 -3.1338e-09
2.55705 0.909091 1 5.09319e-09 -2.56128e-09
2.57718 0.909091 1 4.25392e-09 -2.08884e-09
2.59732 0.909091 1 3.54398e-09 -1.70007e-09
2.61745 0.909091 1 2.94543e-09 -1.38098e-09
2.63758 0.909091 1 2.44232e-09 -1.11972e-09
2.65772 0.909091 1 2.02063e-09 -9.06287e-10
2.67785 0.909091 1 1.66811e-09 -7.32312e-10
2.69799 0.909091 1 1.37411e-09 -5.90783e-10
2.71812 0.909091 1 1.12946e-09 -4.7587e-10
2.73826 0.909091 1 9.26268e-10 -3.82733e-10
2.75839 0.909091 1 7.57781e-10 -3.07368e-10
2.77852 0.909091 1 6.18242e-10 -2.46468e-10
2.79866 0.909091 1 5.02754e-10 -1.97308e-10
2.81879 0.909091 1 4.07161e-10 -1.57642e-10
2.83893 0.909091 1 3.27937e-10 -1.25618e-10
2.85906 0.909091 1 2.6209e-10 -9.97029e-11
2.87919 0.909091 1 2.07074e-10 -7.86148e-11
2.89933 0.909091 1 1.60711e-10 -6.12699e-11
2.91946 0.909091 1 1.21122e-10 -4.67274e-11
2.9396 0.909091 1 8.66651e-11 -3.41406e-11
2.95973 0.909091 1 5.58746e-11 -2.27076e-11
2.97987 0.909091 1 2.7409e-11 -1.16191e-11
3 0.909091 1 0 0

0 0.929293 1 0.1 0
0.0201342 0.929293 1.12373 0.0889821 0.00341883
0.0402685 0.929293 1.11127 0.0872752 0.0101611
0.0604027 0.929293 1.09683 0.0846894 0.0168149
0.0805369 0.929293 1.08694 0.081578 0.022462
0.100671 0.929293 1.0801 0.0784619 0.0269135
0.120805 0.929293 1.07496 0.075584 0.0302977
0.14094 0.929293 1.0709 0.0730193 0.0328184
0.161074 0.929293 1.06765 0.0707665 0.0346633
0.181208 0.929293 1.06504 0.0687938 0.0359801
0.201342 0.929293 1.06292 0.067059 0.0368783
0.221477 0.929293 1.06119 0.0655195 0.0374378
0.241611 0.929293 1.05975 0.0641354 0.0377178
0.261745 0.929293 1.0585 0.0628718 0.0377628
0.281879 0.929293 1.05739 0.0616981 0.0376075
0.302013 0.929293 1.05638 0.0605882 0.0372797
0.322148 0.929293 1.05541 0.0595196 0.0368027
0.342282 0.929293 1.05447 0.0584728 0.036196
0.362416 0.929293 1.05353 0.057431 0.0354771
0.38255 0.929293 1.05258 0.0563799 0.0346613
0.402685 0.929293 1.0516 0.0553069 0.0337625
0.422819 0.929293 1.05059 0.0542014 0.0327938
0.442953 0.929293 1.04953 0.053054 0.0317668
0.463087 0.929293 1.04844 0.0518574 0.0306927
0.483221 0.929293 1.0473 0.0506051 0.0295819
0.503356 0.929293 1.04612 0.0492924 0.0284439
0.52349 0.929293 1.0449 0.0479154 0.0272876
0.543624 0.929293 1.04365 0.0464716 0.0261213
0.563758 0.929293 1.04236 0.0449595 0.0249526
0.583893 0.929293 1.04106 0.0433786 0.0237882
0.604027 0.929293 1.03973 0.0417291 0.0226343
0.624161 0.929293 1.0384 0.0400123 0.021496
0.644295 0.929293 1.03707 0.0382297 0.0203776
0.66443 0.929293 1.03575 0.0363836 0.0192825
0.684564 0.929293 1.03445 0.0344766 0.0182127
0.704698 0.929293 1.03318 0.0325113 0.0171692
0.724832 0.929293 1.03195 0.0304905 0.0161514
0.744966 0.929293 1.03076 0.0284169 0.015157
0.765101 0.929293 1.02964 0.0262926 0.0141817
0.785235 0.929293 1.02859 0.0241194 0.0132189
0.805369 0.929293 1.02762 0.0218982 0.012259
0.825503 0.929293 1.02675 0.019629 0.0112888
0.845638 0.929293 1.02599 0.017311 0.010291
0.865772 0.929293 1.02535 0.0149427 0.00924261
0.885906 0.929293 1.02486 0.0125226 0.00811434
0.90604 0.929293 1.02454 0.0100511 0.00686988
0.926174 0.929293 1.02442 0.00753441 0.00546711
0.946309 0.929293 1.02452 0.00499138 0.00386415
0.966443 0.929293 1.02483 0.00246059 0.00203708
0.986577 0.929293 1.02529 0 0
1.00671 0.929293 0 0 0
1.02685 0.929293 0 0 0
1.04698 0.929293 0 0 0
1.06711 0.929293 0 0 0
1.08725 0.929293 0 0 0
1.10738 0.929293 0 0 0
1.12752 0.929293 0 0 0
1.14765 0.929293 0 0 0
1.16779 0.929293 0 0 0
1.18792 0.929293 0 0 0
1.20805 0.929293 0 0 0
1.22819 0.929293 0 0 0
1.24832 0.929293 0 0 0
1.26846 0.929293 0 0 0
1.28859 0.929293 0 0 0
1.30872 0.929293 0 0 0
1.32886 0.929293 0 0 0
1.34899 0.929293 0 0 0
1.36913 0.929293 0 0 0
1.38926 0.929293 0 0 0
1.4094 0.929293 0 0 0
1.42953 0.929293 0 0 0
1.44966 0.929293 0 0 0
1.4698 0.929293 0 0 0
1.48993 0.929293 0 0 0
1.51007 0.929293 0 0 0
1.5302 0.929293 0 0 0
1.55034 0.929293 0 0 0
1.57047 0.929293 0 0 0
1.5906 0.929293 0 0 0
1.61074 0.929293 0 0 0
1.63087 0.929293 0 0 0
1.65101 0.929293 0 0 0
1.67114 0.929293 0 0 0
1.69128 0.929293 0 0 0
1.71141 0.929293 0 0 0
1.73154 0.929293 0 0 0
1.75168 0.929293 0 0 0
1.77181 0.929293 0 0 0
1.79195 0.929293 0 0 0
1.81208 0.929293 0 0 0
1.83221 0.929293 0 0 0
1.85235 0.929293 0 0 0
1.87248 0.929293 0 0 0
1.89262 0.929293 0 0 0
1.91275 0.929293 0 0 0
1.93289 0.929293 0 0 0
1.95302 0.929293 0 0 0
1.97315 0.929293 0 0 0
1.99329 0.929293 0 0 0
2.01342 0.929293 1 0 0
2.03356 0.929293 1 2.00125e-08 -2.51413e-08
2.05369 0.929293 1 4.10962e-08 -4.882e-08
2.07383 0.929293 1 5.94484e-08 -6.61605e-08
2.09396 0.929293 1 7.30404e-08 -7.62262e-08
2.11409 0.929293 1 8.14745e-08 -8.00694e-08
2.13423 0.929293 1 8.52875e-08 -7.93025e-08
2.15436 0.929293 1 8.53898e-08 -7.54528e-08
2.1745 0.929293 1 8.27438e-08 -6.975e-08
2.19463 0.929293 1 7.82128e-08 -6.31032e-08
2.21477 0.929293 1 7.25067e-08 -5.6147e-08
2.2349 0.929293 1 6.61771e-08 -4.93012e-08
2.25503 0.929293 1 5.96334e-08 -4.28272e-08
2.27517 0.929293 1 5.31672e-08 -3.68729e-08
2.2953 0.929293 1 4.69757e-08 -3.15082e-08
2.31544 0.929293 1 4.11838e-08 -2.67508e-08
2.33557 0.929293 1 3.58623e-08 -2.25846e-08
2.3557 0.929293 1 3.10427e-08 -1.89734e-08
2.37584 0.929293 1 2.67284e-08 -1.58699e-08
2.39597 0.929293 1 2.29042e-08 -1.32218e-08
2.41611 0.929293 1 1.95426e-08 -1.09764e-08
2.43624 0.929293 1 1.66087e-08 -9.08281e-09
2.45638 0.929293 1 1.40642e-08 -7.49347e-09
2.47651 0.929293 1 1.18697e-08 -6.16521e-09
2.49664 0.929293 1 9.98657e-09 -5.05941e-09
2.51678 0.929293 1 8.37777e-09 -4.14203e-09
2.53691 0.929293 1 7.00897e-09 -3.38338e-09
2.55705 0.929293 1 5.84873e-09 -2.75785e-09
2.57718 0.929293 1 4.86864e-09 -2.24347e-09
2.59732 0.929293 1 4.04338e-09 -1.82157e-09
2.61745 0.929293 1 3.35054e-09 -1.47635e-09
2.63758 0.929293 1 2.77047e-09 -1.1945e-09
2.65772 0.929293 1 2.28606e-09 -9.64862e-10
2.67785 0.929293 1 1.88251e-09 -7.78146e-10
2.69799 0.929293 1 1.54705e-09 -6.26613e-10
2.71812 0.929293 1 1.26875e-09 -5.03853e-10
2.73826 0.929293 1 1.03828e-09 -4.04566e-10
2.75839 0.929293 1 8.47703e-10 -3.24387e-10
2.77852 0.929293 1 6.90283e-10 -2.59722e-10
2.79866 0.929293 1 5.60323e-10 -2.0762e-10
2.81879 0.929293 1 4.53012e-10 -1.65655e-10
2.83893 0.929293 1 3.64284e-10 -1.31836e-10
2.85906 0.929293 1 2.90706e-10 -1.04514e-10
2.87919 0.929293 1 2.29367e-10 -8.23212e-11
2.89933 0.929293 1 1.77788e-10 -6.40997e-11
2.91946 0.929293 1 1.3384e-10 -4.88494e-11
2.9396 0.929293 1 9.5667e-11 -3.56723e-11
2.95973 0.929293 1 6.16224e-11 -2.37198e-11
2.97987 0.929293 1 3.02045e-11 -1.2137e-11
3 0.929293 1 0 0

0 0.949495 1 0.1 0
0.0201342 0.949495 1.17011 0.0856817 0.00611458
0.0402685 0.949495 1.14947 0.0832316 0.015253
0.0604027 0.949495 1.12442 0.079704 0.0224061
0.0805369 0.949495 1.10244 0.0759761 0.0275935
0.100671 0.949495 1.08639 0.0725426 0.0312918
0.120805 0.949495 1.07568 0.0695979 0.0339418
0.14094 0.949495 1.06881 0.0671469 0.0358439
0.161074 0.949495 1.06438 0.0651185 0.0371936
0.181208 0.949495 1.06141 0.063425 0.0381198
0.201342 0.949495 1.05933 0.0619873 0.0387093
0.221477 0.949495 1.05778 0.0607411 0.0390232
0.241611 0.949495 1.05654 0.0596359 0.0391056
0.261745 0.949495 1.0555 0.0586321 0.0389899
0.281879 0.949495 1.05459 0.0576984 0.0387026
0.302013 0.949495 1.05374 0.0568093 0.0382651
0.322148 0.949495 1.05292 0.0559439 0.037696
0.342282 0.949495 1.05211 0.0550846 0.0370114
0.362416 0.949495 1.05128 0.0542166 0.0362256
0.38255 0.949495 1.05043 0.0533272 0.0353521
0.402685 0.949495 1.04954 0.0524055 0.034403
0.422819 0.949495 1.04861 0.0514423 0.03339
0.442953 0.949495 1.04764 0.0504299 0.0323238
0.463087 0.949495 1.04661 0.0493619 0.0312147
0.483221 0.949495 1.04554 0.048233 0.0300723
0.503356 0.949495 1.04443 0.0470393 0.0289058
0.52349 0.949495 1.04327 0.045778 0.0277235
0.543624 0.949495 1.04207 0.0444472 0.0265335
0.563758 0.949495 1.04085 0.0430462 0.0253431
0.583893 0.949495 1.03959 0.0415749 0.0241588
0.604027 0.949495 1.03832 0.0400343 0.0229866
0.624161 0.949495 1.03704 0.0384259 0.0218317
0.644295 0.949495 1.03575 0.036752 0.0206982
0.66443 0.949495 1.03447 0.035015 0.0195896
0.684564 0.949495 1.03321 0.0332179 0.018508
0.704698 0.949495 1.03197 0.0313639 0.0174545
0.724832 0.949495 1.03077 0.0294558 0.0164288
0.744966 0.949495 1.02962 0.0274965 0.0154288
0.765101 0.949495 1.02851 0.0254884 0.0144507
0.785235 0.949495 1.02748 0.0234331 0.0134882
0.805369 0.949495 1.02651 0.0213312 0.0125324
0.825503 0.949495 1.02564 0.0191819 0.0115705
0.845638 0.949495 1.02487 0.0169828 0.0105855
0.865772 0.949495 1.02422 0.0147291 0.00955391
0.885906 0.949495 1.02372 0.0124141 0.00844456
0.90604 0.949495 1.0234 0.0100298 0.00721538
0.926174 0.949495 1.02331 0.00757006 0.00581155
0.946309 0.949495 1.02351 0.00504124 0.00416717
0.966443 0.949495 1.02401 0.00247945 0.00223044
0.986577 0.949495 1.02491 0 0
1.00671 0.949495 0 0 0
1.02685 0.949495 0 0 0
1.04698 0.949495 0 0 0
1.06711 0.949495 0 0 0
1.08725 0.949495 0 0 0
1.10738 0.949495 0 0 0
1.12752 0.949495 0 0 0
1.14765 0.949495 0 0 0
1.16779 0.949495 0 0 0
1.18792 0.949495 0 0 0
1.20805 0.949495 0 0 0
1.22819 0.949495 0 0 0
1.24832 0.949495 0 0 0
1.26846 0.949495 0 0 0
1.28859 0.949495 0 0 0
1.30872 0.949495 0 0 0
1.32886 0.949495 0 0 0
1.34899 0.949495 0 0 0
1.36913 0.949495 0 0 0
1.38926 0.949495 0 0 0
1.4094 0.949495 0 0 0
1.42953 0.949495 0 0 0
1.44966 0.949495 0 0 0
1.4698 0.949495 0 0 0
1.48993 0.949495 0 0 0
1.51007 0.949495 0 0 0
1.5302 0.949495 0 0 0
1.55034 0.949495 0 0 0
1.57047 0.949495 0 0 0
1.5906 0.949495 0 0 0
1.61074 0.949495 0 0 0
1.63087 0.949495 0 0 0
1.65101 0.949495 0 0 0
1.67114 0.949495 0 0 0
1.69128 0.949495 0 0 0
1.71141 0.949495 0 0 0
1.73154 0.949495 0 0 0
1.75168 0.949495 0 0 0
1.77181 0.949495 0 0 0
1.79195 0.949495 0 0 0
1.81208 0.949495 0 0 0
1.83221 0.949495 0 0 0
1.85235 0.949495 0 0 0
1.87248 0.949495 0 0 0
1.89262 0.949495 0 0 0
1.91275 0.949495 0 0 0
1.93289 0.949495 0 0 0
1.95302 0.949495 0 0 0
1.97315 0.949495 0 0 0
1.99329 0.949495 0 0 0
2.01342 0.949495 1 0 0
2.03356 0.949495 1 3.46409e-08 -3.93631e-08
2.05369 0.949495 1 6.8497e-08 -7.22825e-08
2.07383 0.949495 1 9.43844e-08 -9.29447e-08
2.09396 0.949495 1 1.1082e-07 -1.02451e-07
2.11409 0.949495 1 1.18852e-07 -1.03815e-07
2.13423 0.949495 1 1.20343e-07 -9.98735e-08
2.15436 0.949495 1 1.17154e-07 -9.28014e-08
2.1745 0.949495 1 1.1086e-07 -8.4131e-08
2.19463 0.949495 1 1.02689e-07 -7.48867e-08
2.21477 0.949495 1 9.35548e-08 -6.57236e-08
2.2349 0.949495 1 8.41093e-08 -5.70379e-08
2.25503 0.949495 1 7.47999e-08 -4.90491e-08
2.27517 0.949495 1 6.59192e-08 -4.18587e-08
2.2953 0.949495 1 5.76458e-08 -3.5492e-08
2.31544 0.949495 1 5.00756e-08 -2.99262e-08
2.33557 0.949495 1 4.32463e-08 -2.51105e-08
2.3557 0.949495 1 3.71559e-08 -2.09789e-08
2.37584 0.949495 1 3.17758e-08 -1.74596e-08
2.39597 0.949495 1 2.70616e-08 -1.448e-08
2.41611 0.949495 1 2.29592e-08 -1.19709e-08
2.43624 0.949495 1 1.94109e-08 -9.86786e-09
2.45638 0.949495 1 1.63583e-08 -8.11242e-09
2.47651 0.949495 1 1.37444e-08 -6.65263e-09
2.49664 0.949495 1 1.1516e-08 -5.44281e-09
2.51678 0.949495 1 9.62363e-09 -4.44328e-09
2.53691 0.949495 1 8.0223e-09 -3.61983e-09
2.55705 0.949495 1 6.67174e-09 -2.94324e-09
2.57718 0.949495 1 5.53616e-09 -2.38869e-09
2.59732 0.949495 1 4.58406e-09 -1.9352e-09
2.61745 0.949495 1 3.78791e-09 -1.56517e-09
2.63758 0.949495 1 3.12382e-09 -1.26386e-09
2.65772 0.949495 1 2.57118e-09 -1.01898e-09
2.67785 0.949495 1 2.11227e-09 -8.20326e-10
2.69799 0.949495 1 1.73196e-09 -6.59459e-10
2.71812 0.949495 1 1.41737e-09 -5.29405e-10
2.73826 0.949495 1 1.15756e-09 -4.24427e-10
2.75839 0.949495 1 9.43277e-10 -3.3981e-10
2.77852 0.949495 1 7.66714e-10 -2.71688e-10
2.79866 0.949495 1 6.21297e-10 -2.16894e-10
2.81879 0.949495 1 5.01496e-10 -1.72836e-10
2.83893 0.949495 1 4.02661e-10 -1.37386e-10
2.85906 0.949495 1 3.20877e-10 -1.08795e-10
2.87919 0.949495 1 2.52841e-10 -8.56077e-11
2.89933 0.949495 1 1.95749e-10 -6.66016e-11
2.91946 0.949495 1 1.47202e-10 -5.07209e-11
2.9396 0.949495 1 1.05116e-10 -3.70206e-11
2.95973 0.949495 1 6.76509e-11 -2.46101e-11
2.97987 0.949495 1 3.31343e-11 -1.25926e-11
3 0.949495 1 0 0

0 0.969697 1 0.1 0
0.0201342 0.969697 1.10496 0.0807606 0.00597229
0.0402685 0.969697 1.05507 0.0753646 0.018126
0.0604027 0.969697 1.04813 0.0700512 0.0261287
0.0805369 0.969697 1.05186 0.066161 0.031318
0.100671 0.969697 1.05568 0.0633617 0.0346266
0.120805 0.969697 1.05732 0.0612769 0.0367828
0.14094 0.969697 1.05736 0.0596516 0.0382153
0.161074 0.969697 1.05662 0.0583391 0.0391655
0.181208 0.969697 1.05564 0.0572498 0.0397685
0.201342 0.969697 1.05467 0.0563232 0.0401023
0.221477 0.969697 1.05378 0.0555141 0.0402149
0.241611 0.969697 1.053 0.0547873 0.0401383
0.261745 0.969697 1.05229 0.0541149 0.0398959
0.281879 0.969697 1.05163 0.0534739 0.0395064
0.302013 0.969697 1.05098 0.0528456 0.0389856
0.322148 0.969697 1.05034 0.0522144 0.0383474
0.342282 0.969697 1.04967 0.051567 0.037605
0.362416 0.969697 1.04897 0.0508922 0.0367703
0.38255 0.969697 1.04823 0.0501801 0.0358547
0.402685 0.969697 1.04744 0.0494225 0.0348693
0.422819 0.969697 1.0466 0.0486123 0.0338245
0.442953 0.969697 1.04571 0.0477436 0.0327303
0.463087 0.969697 1.04476 0.0468115 0.0315963
0.483221 0.969697 1.04376 0.0458122 0.0304315
0.503356 0.969697 1.04271 0.044743 0.0292448
0.52349 0.969697 1.04161 0.0436019 0.0280442
0.543624 0.969697 1.04048 0.0423881 0.0268375
0.563758 0.969697 1.03931 0.0411016 0.0256317
0.583893 0.969697 1.03811 0.0397432 0.0244334
0.604027 0.969697 1.03689 0.0383143 0.0232484
0.624161 0.969697 1.03565 0.0368172 0.0220818
0.644295 0.969697 1.03441 0.0352545 0.0209378
0.66443 0.969697 1.03318 0.0336294 0.0198199
0.684564 0.969697 1.03195 0.0319452 0.0187304
0.704698 0.969697 1.03075 0.0302054 0.0176705
0.724832 0.969697 1.02958 0.0284137 0.0166402
0.744966 0.969697 1.02845 0.0265731 0.0156379
0.765101 0.969697 1.02736 0.0246866 0.01466
0.785235 0.969697 1.02633 0.0227562 0.0137012
0.805369 0.969697 1.02537 0.0207826 0.0127533
0.825503 0.969697 1.02449 0.0187653 0.0118048
0.845638 0.969697 1.0237 0.0167011 0.0108398
0.865772 0.969697 1.02302 0.0145837 0.00983655
0.885906 0.969697 1.02248 0.0124018 0.00876463
0.90604 0.969697 1.02212 0.0101382 0.00758027
0.926174 0.969697 1.02201 0.0077678 0.00621864
0.946309 0.969697 1.02229 0.00526416 0.00458106
0.966443 0.969697 1.02287 0.00260382 0.0025414
0.986577 0.969697 1.02555 0 0
1.00671 0.969697 0 0 0
1.02685 0.969697 0 0 0
1.04698 0.969697 0 0 0
1.06711 0.969697 0 0 0
1.08725 0.969697 0 0 0
1.10738 0.969697 0 0 0
1.12752 0.969697 0 0 0
1.14765 0.969697 0 0 0
1.16779 0.969697 0 0 0
1.18792 0.969697 0 0 0
1.20805 0.969697 0 0 0
1.22819 0.969697 0 0 0
1.24832 0.969697 0 0 0
1.26846 0.969697 0 0 0
1.28859 0.969697 0 0 0
1.30872 0.969697 0 0 0
1.32886 0.969697 0 0 0
1.34899 0.969697 0 0 0
1.36913 0.969697 0 0 0
1.38926 0.969697 0 0 0
1.4094 0.969697 0 0 0
1.42953 0.969697 0 0 0
1.44966 0.969697 0 0 0
1.4698 0.969697 0 0 0
1.48993 0.969697 0 0 0
1.51007 0.969697 0 0 0
1.5302 0.969697 0 0 0
1.55034 0.969697 0 0 0
1.57047 0.969697 0 0 0
1.5906 0.969697 0 0 0
1.61074 0.969697 0 0 0
1.63087 0.969697 0 0 0
1.65101 0.969697 0 0 0
1.67114 0.969697 0 0 0
1.69128 0.969697 0 0 0
1.71141 0.969697 0 0 0
1.73154 0.969697 0 0 0
1.75168 0.969697 0 0 0
1.77181 0.969697 0 0 0
1.79195 0.969697 0 0 0
1.81208 0.969697 0 0 0
1.83221 0.969697 0 0 0
1.85235 0.969697 0 0 0
1.87248 0.969697 0 0 0
1.89262 0.969697 0 0 0
1.91275 0.969697 0 0 0
1.93289 0.969697 0 0 0
1.95302 0.969697 0 0 0
1.97315 0.969697 0 0 0
1.99329 0.969697 0 0 0
2.01342 0.969697 1 0 0
2.03356 0.969697 1 6.48534e-08 -6.5948e-08
2.05369 0.969697 1 1.18655e-07 -1.09583e-07
2.07383 0.969697 1 1.51862e-07 -1.30622e-07
2.09396 0.969697 1 1.68111e-07 -1.36231e-07
2.11409 0.969697 1 1.72135e-07 -1.32512e-07
2.13423 0.969697 1 1.67997e-07 -1.23587e-07
2.15436 0.969697 1 1.5876e-07 -1.12096e-07
2.1745 0.969697 1 1.46615e-07 -9.96847e-08
2.19463 0.969697 1 1.33081e-07 -8.73495e-08
2.21477 0.969697 1 1.19181e-07 -7.56686e-08
2.2349 0.969697 1 1.05586e-07 -6.495e-08
2.25503 0.969697 1 9.27124e-08 -5.53293e-08
2.27517 0.969697 1 8.08011e-08 -4.68344e-08
2.2953 0.969697 1 6.99694e-08 -3.9428e-08
2.31544 0.969697 1 6.02523e-08 -3.30355e-08
2.33557 0.969697 1 5.16295e-08 -2.75636e-08
2.3557 0.969697 1 4.40466e-08 -2.29121e-08
2.37584 0.969697 1 3.74287e-08 -1.89814e-08
2.39597 0.969697 1 3.16906e-08 -1.56768e-08
2.41611 0.969697 1 2.67435e-08 -1.29112e-08
2.43624 0.969697 1 2.24997e-08 -1.06058e-08
2.45638 0.969697 1 1.88756e-08 -8.69099e-09
2.47651 0.969697 1 1.57932e-08 -7.10584e-09
2.49664 0.969697 1 1.31812e-08 -5.79748e-09
2.51678 0.969697 1 1.09753e-08 -4.72057e-09
2.53691 0.969697 1 9.11807e-09 -3.83642e-09
2.55705 0.969697 1 7.55899e-09 -3.11225e-09
2.57718 0.969697 1 6.25372e-09 -2.52044e-09
2.59732 0.969697 1 5.16371e-09 -2.03782e-09
2.61745 0.969697 1 4.25561e-09 -1.64502e-09
2.63758 0.969697 1 3.50077e-09 -1.32593e-09
2.65772 0.969697 1 2.87464e-09 -1.06718e-09
2.67785 0.969697 1 2.35629e-09 -8.57728e-10
2.69799 0.969697 1 1.92795e-09 -6.8845e-10
2.71812 0.969697 1 1.57459e-09 -5.51856e-10
2.73826 0.969697 1 1.28351e-09 -4.41796e-10
2.75839 0.969697 1 1.04402e-09 -3.53235e-10
2.77852 0.969697 1 8.47145e-10 -2.82054e-10
2.79866 0.969697 1 6.85361e-10 -2.24891e-10
2.81879 0.969697 1 5.52362e-10 -1.78998e-10
2.83893 0.969697 1 4.42867e-10 -1.42128e-10
2.85906 0.969697 1 3.52446e-10 -1.12435e-10
2.87919 0.969697 1 2.77374e-10 -8.83902e-11
2.89933 0.969697 1 2.145e-10 -6.87115e-11
2.91946 0.969697 1 1.61137e-10 -5.22939e-11
2.9396 0.969697 1 1.14962e-10 -3.81513e-11
2.95973 0.969697 1 7.39276e-11 -2.53555e-11
2.97987 0.969697 1 3.61828e-11 -1.29741e-11
3 0.969697 1 0 0

0 0.989899 1 0.1 0
0.0201342 0.989899 1.45825 0.0611692 0.0244603
0.0402685 0.989899 1.25609 0.0619579 0.0321516
0.0604027 0.989899 1.16616 0.0586591 0.0351658
0.0805369 0.989899 1.11019 0.056014 0.0369746
0.100671 0.989899 1.08049 0.0540155 0.0382628
0.120805 0.989899 1.06516 0.0526592 0.0392382
0.14094 0.989899 1.05746 0.0517563 0.0399669
0.161074 0.989899 1.05362 0.0511386 0.0404812
0.181208 0.989899 1.05166 0.0506876 0.0408015
0.201342 0.989899 1.05058 0.0503283 0.0409434
0.221477 0.989899 1.04991 0.0500146 0.04092
0.241611 0.989899 1.04943 0.0497178 0.0407434
0.261745 0.989899 1.04901 0.0494187 0.0404249
0.281879 0.989899 1.0486 0.0491037 0.039976
0.302013 0.989899 1.04817 0.0487623 0.0394077
0.322148 0.989899 1.0477 0.0483856 0.0387308
0.342282 0.989899 1.04719 0.0479662 0.0379562
0.362416 0.989899 1.04662 0.0474971 0.0370945
0.38255 0.989899 1.046 0.0469726 0.0361559
0.402685 0.989899 1.04531 0.0463874 0.0351506
0.422819 0.989899 1.04457 0.045737 0.0340885
0.442953 0.989899 1.04376 0.0450175 0.032979
0.463087 0.989899 1.04288 0.044226 0.0318314
0.483221 0.989899 1.04196 0.0433602 0.0306545
0.503356 0.989899 1.04097 0.0424187 0.0294567
0.52349 0.989899 1.03994 0.0414007 0.0282461
0.543624 0.989899 1.03887 0.0403064 0.0270302
0.563758 0.989899 1.03775 0.0391366 0.0258159
0.583893 0.989899 1.03661 0.0378929 0.0246098
0.604027 0.989899 1.03544 0.0365775 0.0234177
0.624161 0.989899 1.03426 0.0351933 0.0222446
0.644295 0.989899 1.03306 0.0337435 0.0210948
0.66443 0.989899 1.03187 0.0322319 0.0199718
0.684564 0.989899 1.03069 0.0306623 0.0188782
0.704698 0.989899 1.02952 0.029039 0.0178152
0.724832 0.989899 1.02838 0.027366 0.0167833
0.744966 0.989899 1.02726 0.0256473 0.015781
0.765101 0.989899 1.02619 0.0238865 0.0148057
0.785235 0.989899 1.02517 0.0220864 0.0138524
0.805369 0.989899 1.0242 0.0202491 0.0129141
0.825503 0.989899 1.0233 0.0183749 0.0119809
0.845638 0.989899 1.02247 0.0164621 0.0110391
0.865772 0.989899 1.02174 0.0145055 0.0100702
0.885906 0.989899 1.02112 0.0124941 0.00904849
0.90604 0.989899 1.02068 0.0104075 0.0079374
0.926174 0.989899 1.02052 0.00820655 0.00668004
0.946309 0.989899 1.02106 0.0058231 0.00517441
0.966443 0.989899 1.02237 0.00308133 0.00318585
0.986577 0.989899 1.03183 0 0
1.00671 0.989899 0 0 0
1.02685 0.989899 0 0 0
1.04698 0.989899 0 0 0
1.06711 0.989899 0 0 0
1.08725 0.989899 0 0 0
1.10738 0.989899 0 0 0
1.12752 0.989899 0 0 0
1.14765 0.989899 0 0 0
1.16779 0.989899 0 0 0
1.18792 0.989899 0 0 0
1.20805 0.989899 0 0 0
1.22819 0.989899 0 0 0
1.24832 0.989899 0 0 0
1.26846 0.989899 0 0 0
1.28859 0.989899 0 0 0
1.30872 0.989899 0 0 0
1.32886 0.989899 0 0 0
1.34899 0.989899 0 0 0
1.36913 0.989899 0 0 0
1.38926 0.989899 0 0 0
1.4094 0.989899 0 0 0
1.42953 0.989899 0 0 0
1.44966 0.989899 0 0 0
1.4698 0.989899 0 0 0
1.48993 0.989899 0 0 0
1.51007 0.989899 0 0 0
1.5302 0.989899 0 0 0
1.55034 0.989899 0 0 0
1.57047 0.989899 0 0 0
1.5906 0.989899 0 0 0
1.61074 0.989899 0 0 0
1.63087 0.989899 0 0 0
1.65101 0.989899 0 0 0
1.67114 0.989899 0 0 0
1.69128 0.989899 0 0 0
1.71141 0.989899 0 0 0
1.73154 0.989899 0 0 0
1.75168 0.989899 0 0 0
1.77181 0.989899 0 0 0
1.79195 0.989899 0 0 0
1.81208 0.989899 0 0 0
1.83221 0.989899 0 0 0
1.85235 0.989899 0 0 0
1.87248 0.989899 0 0 0
1.89262 0.989899 0 0 0
1.91275 0.989899 0 0 0
1.93289 0.989899 0 0 0
1.95302 0.989899 0 0 0
1.97315 0.989899 0 0 0
1.99329 0.989899 0 0 0
2.01342 0.989899 1 0 0
2.03356 0.989899 1 1.38915e-07 -1.22146e-07
2.05369 0.989899 1 2.1352e-07 -1.6813e-07
2.07383 0.989899 1 2.45291e-07 -1.80729e-07
2.09396 0.989899 1 2.52566e-07 -1.76919e-07
2.11409 0.989899 1 2.45601e-07 -1.64943e-07
2.13423 0.989899 1 2.30633e-07 -1.49242e-07
2.15436 0.989899 1 2.11536e-07 -1.32321e-07
2.1745 0.989899 1 1.90747e-07 -1.15601e-07
2.19463 0.989899 1 1.69789e-07 -9.98627e-08
2.21477 0.989899 1 1.49595e-07 -8.54993e-08
2.2349 0.989899 1 1.30708e-07 -7.2669e-08
2.25503 0.989899 1 1.13411e-07 -6.1387e-08
2.27517 0.989899 1 9.78185e-08 -5.1586e-08
2.2953 0.989899 1 8.39344e-08 -4.31529e-08
2.31544 0.989899 1 7.16931e-08 -3.59539e-08
2.33557 0.989899 1 6.09881e-08 -2.98487e-08
2.3557 0.989899 1 5.1691e-08 -2.47002e-08
2.37584 0.989899 1 4.36646e-08 -2.03796e-08
2.39597 0.989899 1 3.67709e-08 -1.67693e-08
2.41611 0.989899 1 3.08774e-08 -1.37642e-08
2.43624 0.989899 1 2.58595e-08 -1.12712e-08
2.45638 0.989899 1 2.16032e-08 -9.20973e-09
2.47651 0.989899 1 1.80051e-08 -7.50986e-09
2.49664 0.989899 1 1.49729e-08 -6.11188e-09
2.51678 0.989899 1 1.24251e-08 -4.96501e-09
2.53691 0.989899 1 1.029e-08 -4.02629e-09
2.55705 0.989899 1 8.50529e-09 -3.2596e-09
2.57718 0.989899 1 7.01707e-09 -2.63468e-09
2.59732 0.989899 1 5.77885e-09 -2.1263e-09
2.61745 0.989899 1 4.75082e-09 -1.71348e-09
2.63758 0.989899 1 3.89903e-09 -1.37885e-09
2.65772 0.989899 1 3.19459e-09 -1.10804e-09
2.67785 0.989899 1 2.61307e-09 -8.89242e-10
2.69799 0.989899 1 2.13382e-09 -7.12732e-10
2.71812 0.989899 1 1.73944e-09 -5.70545e-10
2.73826 0.989899 1 1.41535e-09 -4.56165e-10
2.75839 0.989899 1 1.1493e-09 -3.6427e-10
2.77852 0.989899 1 9.31075e-10 -2.90521e-10
2.79866 0.989899 1 7.52117e-10 -2.31379e-10
2.81879 0.989899 1 6.05294e-10 -1.83964e-10
2.83893 0.989899 1 4.84653e-10 -1.45923e-10
2.85906 0.989899 1 3.85216e-10 -1.15328e-10
2.87919 0.989899 1 3.02811e-10 -9.05881e-11
2.89933 0.989899 1 2.33922e-10 -7.03682e-11
2.91946 0.989899 1 1.75559e-10 -5.35229e-11
2.9396 0.989899 1 1.25143e-10 -3.90313e-11
2.95973 0.989899 1 8.04139e-11 -2.59347e-11
2.97987 0.989899 1 3.93311e-11 -1.32705e-11
3 0.989899 1 0 0

0 1.0101 0.491769 0 0
0.0201342 1.0101 0.792247 0.0123504 0.0290656
0.0402685 1.0101 0.895495 0.0251948 0.0358216
0.0604027 1.0101 0.968876 0.0322859 0.0378793
0.0805369 1.0101 1.00592 0.0367701 0.0387283
0.100671 1.0101 1.0257 0.0394969 0.0393272
0.120805 1.0101 1.0357 0.0412255 0.0398769
0.14094 1.0101 1.0407 0.0423616 0.0403636
0.161074 1.0101 1.0432 0.0431389 0.0407465
0.181208 1.0101 1.04447 0.0436876 0.0409967
0.201342 1.0101 1.04512 0.0440806 0.0411007
0.221477 1.0101 1.04545 0.0443581 0.0410559
0.241611 1.0101 1.04559 0.0445425 0.0408664
0.261745 1.0101 1.0456 0.0446461 0.0405395
0.281879 1.0101 1.0455 0.0446751 0.0400845
0.302013 1.0101 1.04531 0.0446324 0.0395116
0.322148 1.0101 1.04504 0.0445187 0.038831
0.342282 1.0101 1.04469 0.0443333 0.0380534
0.362416 1.0101 1.04426 0.0440749 0.037189
0.38255 1.0101 1.04376 0.0437418 0.0362482
0.402685 1.0101 1.04317 0.0433319 0.0352409
0.422819 1.0101 1.04252 0.0428437 0.034177
0.442953 1.0101 1.04179 0.0422755 0.0330659
0.463087 1.0101 1.041 0.0416263 0.0319167
0.483221 1.0101 1.04015 0.0408953 0.0307384
0.503356 1.0101 1.03923 0.0400826 0.0295393
0.52349 1.0101 1.03826 0.0391886 0.0283273
0.543624 1.0101 1.03725 0.0382145 0.02711
0.563758 1.0101 1.03619 0.0371621 0.0258945
0.583893 1.0101 1.0351 0.0360337 0.024687
0.604027 1.0101 1.03399 0.0348324 0.0234936
0.624161 1.0101 1.03285 0.0335615 0.0223192
0.644295 1.0101 1.03171 0.0322251 0.0211684
0.66443 1.0101 1.03056 0.0308274 0.0200446
0.684564 1.0101 1.02941 0.0293731 0.0189504
0.704698 1.0101 1.02828 0.0278669 0.0178876
0.724832 1.0101 1.02716 0.0263137 0.0168565
0.744966 1.0101 1.02608 0.0247183 0.0158563
0.765101 1.0101 1.02502 0.0230852 0.0148846
0.785235 1.0101 1.024 0.0214187 0.0139374
0.805369 1.0101 1.02302 0.0197222 0.0130084
0.825503 1.0101 1.0221 0.0179987 0.012089
0.845638 1.0101 1.02122 0.0162496 0.0111675
0.865772 1.0101 1.02039 0.014475 0.0102283
0.885906 1.0101 1.0196 0.012673 0.0092504
0.90604 1.0101 1.01884 0.0108394 0.00820542
0.926174 1.0101 1.01804 0.00896724 0.00705242
0.946309 1.0101 1.01704 0.00704882 0.0057293
0.966443 1.0101 1.01522 0.00505727 0.00412548
0.986577 1.0101 1.01211 0.00297833 0.00215066
1.00671 1.0101 0.993274 0 0
1.02685 1.0101 0.998973 0 0
1.04698 1.0101 1.0001 0 0
1.06711 1.0101 1.00041 0 0
1.08725 1.0101 1.00051 0 0
1.10738 1.0101 1.00054 0 0
1.12752 1.0101 1.00053 0 0
1.14765 1.0101 1.0005 0 0
1.16779 1.0101 1.00047 0 0
1.18792 1.0101 1.00043 0 0
1.20805 1.0101 1.00039 0 0
1.22819 1.0101 1.00035 0 0
1.24832 1.0101 1.00031 0 0
1.26846 1.0101 1.00027 0 0
1.28859 1.0101 1.00024 0 0
1.30872 1.0101 1.00021 0 0
1.32886 1.0101 1.00018 0 0
1.34899 1.0101 1.00016 0 0
1.36913 1.0101 1.00014 0 0
1.38926 1.0101 1.00012 0 0
1.4094 1.0101 1.0001 0 0
1.42953 1.0101 1.00009 0 0
1.44966 1.0101 1.00008 0 0
1.4698 1.0101 1.00007 0 0
1.48993 1.0101 1.00006 0 0
1.51007 1.0101 1.00005 0 0
1.5302 1.0101 1.00004 0 0
1.55034 1.0101 1.00004 0 0
1.57047 1.0101 1.00003 0 0
1.5906 1.0101 1.00003 0 0
1.61074 1.0101 1.00002 0 0
1.63087 1.0101 1.00002 0 0
1.65101 1.0101 1.00002 0 0
1.67114 1.0101 1.00001 0 0
1.69128 1.0101 1.00001 0 0
1.71141 1.0101 1.00001 0 0
1.73154 1.0101 1.00001 0 0
1.75168 1.0101 1.00001 0 0
1.77181 1.0101 1.00001 0 0
1.79195 1.0101 1 0 0
1.81208 1.0101 1 0 0
1.83221 1.0101 1 0 0
1.85235 1.0101 1 0 0
1.87248 1.0101 1 0 0
1.89262 1.0101 1 0 0
1.91275 1.0101 1 0 0
1.93289 1.0101 1 0 0
1.95302 1.0101 1 0 0
1.97315 1.0101 1 0 0
1.99329 1.0101 1 0 0
2.01342 1.0101 1 2.71214e-07 -1.62789e-07
2.03356 1.0101 1 3.58831e-07 -2.28321e-07
2.05369 1.0101 1 3.90608e-07 -2.44858e-07
2.07383 1.0101 1 3.89216e-07 -2.37942e-07
2.09396 1.0101 1 3.70014e-07 -2.20234e-07
2.11409 1.0101 1 3.41616e-07 -1.98033e-07
2.13423 1.0101 1 3.09173e-07 -1.74673e-07
2.15436 1.0101 1 2.75782e-07 -1.51945e-07
2.1745 1.0101 1 2.43283e-07 -1.30787e-07
2.19463 1.0101 1 2.12729e-07 -1.11636e-07
2.21477 1.0101 1 1.84671e-07 -9.46401e-08
2.2349 1.0101 1 1.59341e-07 -7.97716e-08
2.25503 1.0101 1 1.36769e-07 -6.69088e-08
2.27517 1.0101 1 1.16859e-07 -5.58797e-08
2.2953 1.0101 1 9.94431e-08 -4.64918e-08
2.31544 1.0101 1 8.43153e-08 -3.85499e-08
2.33557 1.0101 1 7.12527e-08 -3.18664e-08
2.3557 1.0101 1 6.00315e-08 -2.62678e-08
2.37584 1.0101 1 5.04359e-08 -2.15969e-08
2.39597 1.0101 1 4.22637e-08 -1.7714e-08
2.41611 1.0101 1 3.53292e-08 -1.44968e-08
2.43624 1.0101 1 2.94646e-08 -1.18389e-08
2.45638 1.0101 1 2.45201e-08 -9.64929e-09
2.47651 1.0101 1 2.03631e-08 -7.84989e-09
2.49664 1.0101 1 1.68774e-08 -6.37467e-09
2.51678 1.0101 1 1.39619e-08 -5.1679e-09
2.53691 1.0101 1 1.15291e-08 -4.18277e-09
2.55705 1.0101 1 9.50347e-09 -3.38015e-09
2.57718 1.0101 1 7.82045e-09 -2.72745e-09
2.59732 1.0101 1 6.42486e-09 -2.19761e-09
2.61745 1.0101 1 5.26983e-09 -1.76822e-09
2.63758 1.0101 1 4.31562e-09 -1.42082e-09
2.65772 1.0101 1 3.52868e-09 -1.14018e-09
2.67785 1.0101 1 2.88073e-09 -9.13814e-10
2.69799 1.0101 1 2.34804e-09 -7.31493e-10
2.71812 1.0101 1 1.91072e-09 -5.84849e-10
2.73826 1.0101 1 1.55212e-09 -4.67055e-10
2.75839 1.0101 1 1.25837e-09 -3.72549e-10
2.77852 1.0101 1 1.0179e-09 -2.96803e-10
2.79866 1.0101 1 8.21086e-10 -2.3614e-10
2.81879 1.0101 1 6.59914e-10 -1.87566e-10
2.83893 1.0101 1 5.27721e-10 -1.48643e-10
2.85906 1.0101 1 4.18956e-10 -1.17377e-10
2.87919 1.0101 1 3.28976e-10 -9.21264e-11
2.89933 1.0101 1 2.53882e-10 -7.1515e-11
2.91946 1.0101 1 1.90367e-10 -5.43656e-11
2.9396 1.0101 1 1.3559e-10 -3.96305e-11
2.95973 1.0101 1 8.70649e-11 -2.63275e-11
2.97987 1.0101 1 4.25576e-11 -1.34715e-11
3 1.0101 1 0 0

0 1.0303 0.892406 0 0
0.0201342 1.0303 0.986839 0.00451527 0.0115933
0.0402685 1.0303 0.988689 0.0133946 0.0216634
0.0604027 1.0303 1.01088 0.0199446 0.0286417
0.0805369 1.0303 1.02017 0.0252074 0.0330095
0.100671 1.0303 1.02733 0.0290546 0.0357984
0.120805 1.0303 1.03211 0.0319195 0.0376377
0.14094 1.0303 1.03545 0.0340762 0.0388779
0.161074 1.0303 1.03779 0.0357285 0.0397092
0.181208 1.0303 1.03944 0.037014 0.0402363
0.201342 1.0303 1.0406 0.0380248 0.0405197
0.221477 1.0303 1.0414 0.0388228 0.0405972
0.241611 1.0303 1.04194 0.0394493 0.040495
0.261745 1.0303 1.04228 0.0399324 0.0402332
0.281879 1.0303 1.04246 0.0402908 0.0398283
0.302013 1.0303 1.04249 0.0405368 0.0392949
0.322148 1.0303 1.0424 0.040679 0.0386464
0.342282 1.0303 1.04221 0.0407224 0.0378951
0.362416 1.0303 1.04191 0.0406707 0.0370529
0.38255 1.0303 1.04152 0.0405257 0.0361308
0.402685 1.0303 1.04104 0.0402887 0.0351396
0.422819 1.0303 1.04048 0.0399606 0.0340897
0.442953 1.0303 1.03983 0.0395419 0.0329908
0.463087 1.0303 1.03912 0.0390334 0.0318523
0.483221 1.0303 1.03834 0.0384361 0.0306834
0.503356 1.0303 1.03749 0.0377511 0.0294927
0.52349 1.0303 1.03659 0.0369801 0.0282881
0.543624 1.0303 1.03563 0.0361253 0.0270775
0.563758 1.0303 1.03463 0.0351894 0.0258677
0.583893 1.0303 1.0336 0.0341755 0.0246655
0.604027 1.0303 1.03254 0.0330873 0.0234766
0.624161 1.0303 1.03145 0.0319291 0.0223063
0.644295 1.0303 1.03035 0.0307052 0.0211591
0.66443 1.0303 1.02925 0.0294208 0.0200385
0.684564 1.0303 1.02814 0.028081 0.0189475
0.704698 1.0303 1.02704 0.0266913 0.0178877
0.724832 1.0303 1.02595 0.0252572 0.0168598
0.744966 1.0303 1.02489 0.0237845 0.0158632
0.765101 1.0303 1.02385 0.0222788 0.014896
0.785235 1.0303 1.02283 0.0207455 0.0139544
0.805369 1.0303 1.02185 0.0191901 0.013033
0.825503 1.0303 1.0209 0.0176176 0.0121238
0.845638 1.0303 1.01997 0.0160329 0.0112163
0.865772 1.0303 1.01907 0.0144409 0.0102962
0.885906 1.0303 1.01816 0.0128463 0.00934443
0.90604 1.0303 1.01722 0.0112548 0.00833517
0.926174 1.0303 1.01617 0.00967253 0.00723244
0.946309 1.0303 1.01489 0.00810681 0.0059866
0.966443 1.0303 1.01307 0.00655551 0.00453341
0.986577 1.0303 1.01045 0.00501134 0.00285256
1.00671 1.0303 1.0047 0.00332789 0.000990836
1.02685 1.0303 1.00285 0.00231309 0.000415918
1.04698 1.0303 1.00192 0.00171507 0.000189808
1.06711 1.0303 1.00148 0.00132819 7.9351e-05
1.08725 1.0303 1.00123 0.00106138 1.99784e-05
1.10738 1.0303 1.00106 0.000866881 -1.31325e-05
1.12752 1.0303 1.00092 0.000718924 -3.15916e-05
1.14765 1.0303 1.00081 0.000602698 -4.14503e-05
1.16779 1.0303 1.00072 0.00050919 -4.60877e-05
1.18792 1.0303 1.00063 0.000432612 -4.74915e-05
1.20805 1.0303 1.00055 0.00036906 -4.68817e-05
1.22819 1.0303 1.00049 0.000315785 -4.50323e-05
1.24832 1.0303 1.00043 0.000270783 -4.24474e-05
1.26846 1.0303 1.00037 0.000232547 -3.94611e-05
1.28859 1.0303 1.00032 0.000199915 -3.62966e-05
1.30872 1.0303 1.00028 0.000171971 -3.31035e-05
1.32886 1.0303 1.00024 0.00014798 -2.99807e-05
1.34899 1.0303 1.00021 0.000127343 -2.69923e-05
1.36913 1.0303 1.00018 0.000109569 -2.41777e-05
1.38926 1.0303 1.00016 9.42445e-05 -2.15592e-05
1.4094 1.0303 1.00013 8.1026e-05 -1.9147e-05
1.42953 1.0303 1.00012 6.96206e-05 -1.69426e-05
1.44966 1.0303 1.0001 5.97796e-05 -1.49418e-05
1.4698 1.0303 1.00009 5.12898e-05 -1.31364e-05
1.48993 1.0303 1.00007 4.39685e-05 -1.15157e-05
1.51007 1.0303 1.00006 3.7658e-05 -1.00674e-05
1.5302 1.0303 1.00005 3.22222e-05 -8.77854e-06
1.55034 1.0303 1.00004 2.75433e-05 -7.63585e-06
1.57047 1.0303 1.00004 2.35192e-05 -6.62629e-06
1.5906 1.0303 1.00003 2.00614e-05 -5.73722e-06
1.61074 1.0303 1.00003 1.70931e-05 -4.95662e-06
1.63087 1.0303 1.00002 1.45475e-05 -4.27323e-06
1.65101 1.0303 1.00002 1.23668e-05 -3.67655e-06
1.67114 1.0303 1.00002 1.05008e-05 -3.15693e-06
1.69128 1.0303 1.00001 8.90593e-06 -2.70553e-06
1.71141 1.0303 1.00001 7.54432e-06 -2.31432e-06
1.73154 1.0303 1.00001 6.38329e-06 -1.97605e-06
1.75168 1.0303 1.00001 5.39452e-06 -1.68421e-06
1.77181 1.0303 1.00001 4.55352e-06 -1.43297e-06
1.79195 1.0303 1.00001 3.83914e-06 -1.21714e-06
1.81208 1.0303 1 3.23316e-06 -1.03212e-06
1.83221 1.0303 1 2.71988e-06 -8.73851e-07
1.85235 1.0303 1 2.28586e-06 -7.38783e-07
1.87248 1.0303 1 1.9196e-06 -6.23822e-07
1.89262 1.0303 1 1.6114e-06 -5.26323e-07
1.91275 1.0303 1 1.35324e-06 -4.44115e-07
1.93289 1.0303 1 1.13885e-06 -3.75618e-07
1.95302 1.0303 1 9.6429e-07 -3.20289e-07
1.97315 1.0303 1 8.2937e-07 -2.80281e-07
1.99329 1.0303 1 7.42302e-07 -2.67662e-07
2.01342 1.0303 1 7.24275e-07 -3.22755e-07
2.03356 1.0303 1 6.83939e-07 -3.3127e-07
2.05369 1.0303 1 6.32997e-07 -3.16942e-07
2.07383 1.0303 1 5.75648e-07 -2.90658e-07
2.09396 1.0303 1 5.1616e-07 -2.59612e-07
2.11409 1.0303 1 4.57574e-07 -2.2779e-07
2.13423 1.0303 1 4.01887e-07 -1.97317e-07
2.15436 1.0303 1 3.50278e-07 -1.69258e-07
2.1745 1.0303 1 3.03332e-07 -1.44066e-07
2.19463 1.0303 1 2.61232e-07 -1.21846e-07
2.21477 1.0303 1 2.23901e-07 -1.02501e-07
2.2349 1.0303 1 1.91095e-07 -8.58306e-08
2.25503 1.0303 1 1.62483e-07 -7.15818e-08
2.27517 1.0303 1 1.37685e-07 -5.94849e-08
2.2953 1.0303 1 1.1631e-07 -4.92732e-08
2.31544 1.0303 1 9.79725e-08 -4.06953e-08
2.33557 1.0303 1 8.23079e-08 -3.35207e-08
2.3557 1.0303 1 6.89769e-08 -2.75427e-08
2.37584 1.0303 1 5.76707e-08 -2.25787e-08
2.39597 1.0303 1 4.81118e-08 -1.84695e-08
2.41611 1.0303 1 4.00537e-08 -1.50776e-08
2.43624 1.0303 1 3.3279e-08 -1.2285e-08
2.45638 1.0303 1 2.75976e-08 -9.99143e-09
2.47651 1.0303 1 2.28444e-08 -8.11202e-09
2.49664 1.0303 1 1.88766e-08 -6.57523e-09
2.51678 1.0303 1 1.55715e-08 -5.32112e-09
2.53691 1.0303 1 1.2824e-08 -4.29965e-09
2.55705 1.0303 1 1.05445e-08 -3.46917e-09
2.57718 1.0303 1 8.65665e-09 -2.79512e-09
2.59732 1.0303 1 7.09604e-09 -2.24896e-09
2.61745 1.0303 1 5.80811e-09 -1.80711e-09
2.63758 1.0303 1 4.74696e-09 -1.4502e-09
2.65772 1.0303 1 3.87403e-09 -1.16233e-09
2.67785 1.0303 1 3.15699e-09 -9.3048e-10
2.69799 1.0303 1 2.56883e-09 -7.43996e-10
2.71812 1.0303 1 2.08699e-09 -5.94204e-10
2.73826 1.0303 1 1.6927e-09 -4.74033e-10
2.75839 1.0303 1 1.37033e-09 -3.77737e-10
2.77852 1.0303 1 1.10692e-09 -3.00648e-10
2.79866 1.0303 1 8.91718e-10 -2.38979e-10
2.81879 1.0303 1 7.15788e-10 -1.89654e-10
2.83893 1.0303 1 5.71733e-10 -1.50173e-10
2.85906 1.0303 1 4.534e-10 -1.18495e-10
2.87919 1.0303 1 3.55663e-10 -9.29385e-11
2.89933 1.0303 1 2.74223e-10 -7.21017e-11
2.91946 1.0303 1 2.05447e-10 -5.47846e-11
2.9396 1.0303 1 1.46222e-10 -3.9922e-11
2.95973 1.0303 1 9.38298e-11 -2.65163e-11
2.97987 1.0303 1 4.58378e-11 -1.35683e-11
3 1.0303 1 0 0

0 1.05051 0.94124 0 0
0.0201342 1.05051 0.953145 0.00217672 0.00861531
0.0402685 1.05051 0.975497 0.00662795 0.0165363
0.0604027 1.05051 0.995142 0.011722 0.0234629
0.0805369 1.05051 1.00813 0.016558 0.0285463
0.100671 1.05051 1.01769 0.0206666 0.0322042
0.120805 1.05051 1.0243 0.0240545 0.0348064
0.14094 1.05051 1.02895 0.0268078 0.0366513
0.161074 1.05051 1.03225 0.0290433 0.0379425
0.181208 1.05051 1.03462 0.0308644 0.0388149
0.201342 1.05051 1.03633 0.0323542 0.039358
0.221477 1.05051 1.03758 0.033576 0.0396329
0.241611 1.05051 1.03847 0.0345765 0.0396829
0.261745 1.05051 1.0391 0.0353903 0.0395404
0.281879 1.05051 1.03951 0.0360423 0.0392307
0.302013 1.05051 1.03974 0.0365506 0.0387744
0.322148 1.05051 1.03982 0.0369285 0.0381894
0.342282 1.05051 1.03976 0.0371854 0.0374911
0.362416 1.05051 1.03959 0.037328 0.0366936
0.38255 1.05051 1.03931 0.0373615 0.0358098
0.402685 1.05051 1.03893 0.0372896 0.0348518
0.422819 1.05051 1.03845 0.0371151 0.0338307
0.442953 1.05051 1.03789 0.0368407 0.0327572
0.463087 1.05051 1.03725 0.0364685 0.0316412
0.483221 1.05051 1.03653 0.0360008 0.0304923
0.503356 1.05051 1.03575 0.0354402 0.0293194
0.52349 1.05051 1.03491 0.0347893 0.0281309
0.543624 1.05051 1.03402 0.0340512 0.0269345
0.563758 1.05051 1.03308 0.0332294 0.0257377
0.583893 1.05051 1.0321 0.0323278 0.024547
0.604027 1.05051 1.03109 0.0313508 0.0233684
0.624161 1.05051 1.03005 0.0303031 0.0222074
0.644295 1.05051 1.029 0.0291899 0.0210684
0.66443 1.05051 1.02794 0.0280168 0.0199552
0.684564 1.05051 1.02687 0.0267895 0.0188708
0.704698 1.05051 1.02581 0.0255141 0.0178169
0.724832 1.05051 1.02475 0.0241968 0.0167945
0.744966 1.05051 1.02371 0.0228443 0.0158031
0.765101 1.05051 1.02269 0.0214629 0.0148409
0.785235 1.05051 1.02168 0.0200594 0.0139047
0.805369 1.05051 1.0207 0.0186404 0.0129892
0.825503 1.05051 1.01973 0.017213 0.0120871
0.845638 1.05051 1.01878 0.0157842 0.0111883
0.865772 1.05051 1.01782 0.0143616 0.0102796
0.885906 1.05051 1.01683 0.0129534 0.00934342
0.90604 1.05051 1.01579 0.0115682 0.0083569
0.926174 1.05051 1.01461 0.0102149 0.00729109
0.946309 1.05051 1.01321 0.00889979 0.00611267
0.966443 1.05051 1.01141 0.00761944 0.00479389
0.986577 1.05051 1.0091 0.00636143 0.00335461
1.00671 1.05051 1.00542 0.00505165 0.00191178
1.02685 1.05051 1.00397 0.00392477 0.00106878
1.04698 1.05051 1.00298 0.00309462 0.000598606
1.06711 1.05051 1.00233 0.00248187 0.0003309
1.08725 1.05051 1.00189 0.00202209 0.000173208
1.10738 1.05051 1.00157 0.00166918 7.78725e-05
1.12752 1.05051 1.00132 0.00139229 1.93895e-05
1.14765 1.05051 1.00113 0.0011708 -1.65e-05
1.16779 1.05051 1.00097 0.000990713 -3.81194e-05
1.18792 1.05051 1.00084 0.00084234 -5.05223e-05
1.20805 1.05051 1.00072 0.000718783 -5.68861e-05
1.22819 1.05051 1.00063 0.000615017 -5.92694e-05
1.24832 1.05051 1.00054 0.000527284 -5.9039e-05
1.26846 1.05051 1.00047 0.000452716 -5.71199e-05
1.28859 1.05051 1.0004 0.000389075 -5.41467e-05
1.30872 1.05051 1.00035 0.000334585 -5.05586e-05
1.32886 1.05051 1.0003 0.000287818 -4.66598e-05
1.34899 1.05051 1.00026 0.000247605 -4.26606e-05
1.36913 1.05051 1.00022 0.000212982 -3.87046e-05
1.38926 1.05051 1.00019 0.000183145 -3.48875e-05
1.4094 1.05051 1.00016 0.000157417 -3.12708e-05
1.42953 1.05051 1.00014 0.000135227 -2.78914e-05
1.44966 1.05051 1.00012 0.000116087 -2.47684e-05
1.4698 1.05051 1.0001 9.95813e-05 -2.19082e-05
1.48993 1.05051 1.00009 8.53516e-05 -1.93084e-05
1.51007 1.05051 1.00008 7.309e-05 -1.69607e-05
1.5302 1.05051 1.00006 6.25308e-05 -1.48524e-05
1.55034 1.05051 1.00005 5.34442e-05 -1.29686e-05
1.57047 1.05051 1.00005 4.56309e-05 -1.12928e-05
1.5906 1.05051 1.00004 3.89185e-05 -9.80826e-06
1.61074 1.05051 1.00003 3.31573e-05 -8.49792e-06
1.63087 1.05051 1.00003 2.82175e-05 -7.34533e-06
1.65101 1.05051 1.00002 2.39864e-05 -6.33474e-06
1.67114 1.05051 1.00002 2.03662e-05 -5.45133e-06
1.69128 1.05051 1.00002 1.72723e-05 -4.68128e-06
1.71141 1.05051 1.00001 1.46312e-05 -4.01185e-06
1.73154 1.05051 1.00001 1.23794e-05 -3.43139e-06
1.75168 1.05051 1.00001 1.04617e-05 -2.92932e-06
1.77181 1.05051 1.00001 8.83076e-06 -2.49609e-06
1.79195 1.05051 1.00001 7.44541e-06 -2.12314e-06
1.81208 1.05051 1.00001 6.27027e-06 -1.80282e-06
1.83221 1.05051 1 5.2749e-06 -1.52837e-06
1.85235 1.05051 1 4.43317e-06 -1.29382e-06
1.87248 1.05051 1 3.72272e-06 -1.09399e-06
1.89262 1.05051 1 3.12458e-06 -9.24436e-07
1.91275 1.05051 1 2.62282e-06 -7.8154e-07
1.93289 1.05051 1 2.20435e-06 -6.62642e-07
1.95302 1.05051 1 1.85895e-06 -5.66494e-07
1.97315 1.05051 1 1.57913e-06 -4.94159e-07
1.99329 1.05051 1 1.35915e-06 -4.49937e-07
2.01342 1.05051 1 1.18691e-06 -4.35626e-07
2.03356 1.05051 1 1.03613e-06 -4.08901e-07
2.05369 1.05051 1 9.03457e-07 -3.72671e-07
2.07383 1.05051 1 7.85546e-07 -3.31871e-07
2.09396 1.05051 1 6.80591e-07 -2.90566e-07
2.11409 1.05051 1 5.87389e-07 -2.51225e-07
2.13423 1.05051 1 5.04999e-07 -2.15139e-07
2.15436 1.05051 1 4.32558e-07 -1.82846e-07
2.1745 1.05051 1 3.69216e-07 -1.54443e-07
2.19463 1.05051 1 3.14121e-07 -1.29777e-07
2.21477 1.05051 1 2.66434e-07 -1.08567e-07
2.2349 1.05051 1 2.25346e-07 -9.04702e-08
2.25503 1.05051 1 1.90087e-07 -7.513e-08
2.27517 1.05051 1 1.59946e-07 -6.21971e-08
2.2953 1.05051 1 1.34267e-07 -5.13451e-08
2.31544 1.05051 1 1.12461e-07 -4.22766e-08
2.33557 1.05051 1 9.39963e-08 -3.47262e-08
2.3557 1.05051 1 7.84052e-08 -2.84605e-08
2.37584 1.05051 1 6.52739e-08 -2.32765e-08
2.39597 1.05051 1 5.42412e-08 -1.8999e-08
2.41611 1.05051 1 4.49929e-08 -1.54787e-08
2.43624 1.05051 1 3.72572e-08 -1.25882e-08
2.45638 1.05051 1 3.08002e-08 -1.02201e-08
2.47651 1.05051 1 2.54211e-08 -8.28399e-09
2.49664 1.05051 1 2.09485e-08 -6.7042e-09
2.51678 1.05051 1 1.72365e-08 -5.41755e-09
2.53691 1.05051 1 1.41611e-08 -4.37149e-09
2.55705 1.05051 1 1.16175e-08 -3.52248e-09
2.57718 1.05051 1 9.5172e-09 -2.83452e-09
2.59732 1.05051 1 7.78567e-09 -2.27792e-09
2.61745 1.05051 1 6.36036e-09 -1.82829e-09
2.63758 1.05051 1 5.18887e-09 -1.46559e-09
2.65772 1.05051 1 4.22736e-09 -1.17343e-09
2.67785 1.05051 1 3.43927e-09 -9.38409e-10
2.69799 1.05051 1 2.79414e-09 -7.49605e-10
2.71812 1.05051 1 2.26666e-09 -5.9812e-10
2.73826 1.05051 1 1.83581e-09 -4.76725e-10
2.75839 1.05051 1 1.48418e-09 -3.7955e-10
2.77852 1.05051 1 1.19735e-09 -3.01837e-10
2.79866 1.05051 1 9.63392e-10 -2.3973e-10
2.81879 1.05051 1 7.72432e-10 -1.90103e-10
2.83893 1.05051 1 6.1631e-10 -1.50418e-10
2.85906 1.05051 1 4.88257e-10 -1.18607e-10
2.87919 1.05051 1 3.82648e-10 -9.29684e-11
2.89933 1.05051 1 2.94776e-10 -7.20858e-11
2.91946 1.05051 1 2.20674e-10 -5.47485e-11
2.9396 1.05051 1 1.5695e-10 -3.98833e-11
2.95973 1.05051 1 1.00653e-10 -2.64864e-11
2.97987 1.05051 1 4.91449e-11 -1.35531e-11
3 1.05051 1 0 0

0 1.07071 0.964523 0 0
0.0201342 1.07071 0.973242 0.00102345 0.00575383
0.0402685 1.07071 0.985091 0.00356644 0.0124786
0.0604027 1.07071 0.997027 0.00709557 0.0189113
0.0805369 1.07071 1.00643 0.0109444 0.0242291
0.100671 1.07071 1.01411 0.0146229 0.0284049
0.120805 1.07071 1.02001 0.0179403 0.0315802
0.14094 1.07071 1.02454 0.0208343 0.0339499
0.161074 1.07071 1.02799 0.0233188 0.0356853
0.181208 1.07071 1.03062 0.0254351 0.0369204
0.201342 1.07071 1.03261 0.0272312 0.0377557
0.221477 1.07071 1.03413 0.0287519 0.0382652
0.241611 1.07071 1.03527 0.0300351 0.0385045
0.261745 1.07071 1.03611 0.0311119 0.0385158
0.281879 1.07071 1.0367 0.0320066 0.0383324
0.302013 1.07071 1.0371 0.0327384 0.0379808
0.322148 1.07071 1.03732 0.0333219 0.0374836
0.342282 1.07071 1.03739 0.0337684 0.0368598
0.362416 1.07071 1.03732 0.0340867 0.036126
0.38255 1.07071 1.03714 0.0342834 0.0352974
0.402685 1.07071 1.03685 0.0343641 0.0343873
0.422819 1.07071 1.03645 0.0343331 0.0334084
0.442953 1.07071 1.03597 0.0341943 0.0323723
0.463087 1.07071 1.0354 0.0339512 0.0312896
0.483221 1.07071 1.03475 0.0336071 0.0301704
0.503356 1.07071 1.03404 0.0331655 0.0290242
0.52349 1.07071 1.03326 0.0326299 0.0278597
0.543624 1.07071 1.03242 0.0320043 0.0266851
0.563758 1.07071 1.03154 0.0312929 0.0255078
0.583893 1.07071 1.03061 0.0305001 0.0243347
0.604027 1.07071 1.02965 0.0296309 0.0231721
0.624161 1.07071 1.02867 0.0286907 0.0220253
0.644295 1.07071 1.02766 0.027685 0.0208991
0.66443 1.07071 1.02664 0.02662 0.0197973
0.684564 1.07071 1.02562 0.025502 0.0187229
0.704698 1.07071 1.02459 0.0243374 0.0176779
0.724832 1.07071 1.02357 0.0231332 0.0166633
0.744966 1.07071 1.02255 0.0218965 0.0156788
0.765101 1.07071 1.02155 0.0206343 0.0147228
0.785235 1.07071 1.02056 0.0193543 0.0137921
0.805369 1.07071 1.01958 0.0180639 0.012882
0.825503 1.07071 1.01861 0.0167711 0.0119854
0.845638 1.07071 1.01764 0.015484 0.0110929
0.865772 1.07071 1.01666 0.0142109 0.0101925
0.885906 1.07071 1.01564 0.0129603 0.00926838
0.90604 1.07071 1.01456 0.0117401 0.00830184
0.926174 1.07071 1.01337 0.0105562 0.00727159
0.946309 1.07071 1.01201 0.00940989 0.00615841
0.966443 1.07071 1.0104 0.00829283 0.00495641
0.986577 1.07071 1.00853 0.00718783 0.00370083
1.00671 1.07071 1.00626 0.00606272 0.0024936
1.02685 1.07071 1.00479 0.00500629 0.0016224
1.04698 1.07071 1.00373 0.00411913 0.0010377
1.06711 1.07071 1.00297 0.0034005 0.000655708
1.08725 1.07071 1.00242 0.00282438 0.000406504
1.10738 1.07071 1.002 0.00236137 0.000242952
1.12752 1.07071 1.00167 0.0019864 0.000134939
1.14765 1.07071 1.00141 0.00167984 6.34124e-05
1.16779 1.07071 1.0012 0.00142685 1.62169e-05
1.18792 1.07071 1.00103 0.00121628 -1.45286e-05
1.20805 1.07071 1.00088 0.00103969 -3.4029e-05
1.22819 1.07071 1.00076 0.000890664 -4.57864e-05
1.24832 1.07071 1.00065 0.000764239 -5.21982e-05
1.26846 1.07071 1.00056 0.000656532 -5.49299e-05
1.28859 1.07071 1.00048 0.000564456 -5.51525e-05
1.30872 1.07071 1.00041 0.000485531 -5.36966e-05
1.32886 1.07071 1.00036 0.000417737 -5.11548e-05
1.34899 1.07071 1.00031 0.000359412 -4.79502e-05
1.36913 1.07071 1.00026 0.000309175 -4.43843e-05
1.38926 1.07071 1.00023 0.000265872 -4.06709e-05
1.4094 1.07071 1.00019 0.000228527 -3.69589e-05
1.42953 1.07071 1.00017 0.000196314 -3.33503e-05
1.44966 1.07071 1.00014 0.000168527 -2.99124e-05
1.4698 1.07071 1.00012 0.000144564 -2.66871e-05
1.48993 1.07071 1.0001 0.000123906 -2.36978e-05
1.51007 1.07071 1.00009 0.000106105 -2.09545e-05
1.5302 1.07071 1.00007 9.07759e-05 -1.84576e-05
1.55034 1.07071 1.00006 7.75849e-05 -1.62009e-05
1.57047 1.07071 1.00005 6.62427e-05 -1.41737e-05
1.5906 1.07071 1.00005 5.64988e-05 -1.23624e-05
1.61074 1.07071 1.00004 4.81359e-05 -1.07517e-05
1.63087 1.07071 1.00003 4.09654e-05 -9.32571e-06
1.65101 1.07071 1.00003 3.48236e-05 -8.06811e-06
1.67114 1.07071 1.00002 2.95688e-05 -6.96308e-06
1.69128 1.07071 1.00002 2.50778e-05 -5.99538e-06
1.71141 1.07071 1.00002 2.1244e-05 -5.15062e-06
1.73154 1.07071 1.00001 1.79752e-05 -4.41537e-06
1.75168 1.07071 1.00001 1.51915e-05 -3.77725e-06
1.77181 1.07071 1.00001 1.28239e-05 -3.22492e-06
1.79195 1.07071 1.00001 1.08126e-05 -2.74811e-06
1.81208 1.07071 1.00001 9.10651e-06 -2.33756e-06
1.83221 1.07071 1.00001 7.66122e-06 -1.98499e-06
1.85235 1.07071 1 6.4388e-06 -1.6831e-06
1.87248 1.07071 1 5.4067e-06 -1.42545e-06
1.89262 1.07071 1 4.53715e-06 -1.20653e-06
1.91275 1.07071 1 3.80657e-06 -1.02174e-06
1.93289 1.07071 1 3.19507e-06 -8.67486e-07
1.95302 1.07071 1 2.68593e-06 -7.41297e-07
1.97315 1.07071 1 2.26479e-06 -6.41828e-07
1.99329 1.07071 1 1.91814e-06 -5.67892e-07
2.01342 1.07071 1 1.63042e-06 -5.14353e-07
2.03356 1.07071 1 1.38686e-06 -4.62817e-07
2.05369 1.07071 1 1.18012e-06 -4.10892e-07
2.07383 1.07071 1 1.00394e-06 -3.59806e-07
2.09396 1.07071 1 8.53377e-07 -3.1138e-07
2.11409 1.07071 1 7.24487e-07 -2.66896e-07
2.13423 1.07071 1 6.14102e-07 -2.26994e-07
2.15436 1.07071 1 5.19615e-07 -1.91829e-07
2.1745 1.07071 1 4.3884e-07 -1.61249e-07
2.19463 1.07071 1 3.69908e-07 -1.3493e-07
2.21477 1.07071 1 3.112e-07 -1.12461e-07
2.2349 1.07071 1 2.61308e-07 -9.34083e-08
2.25503 1.07071 1 2.19002e-07 -7.73414e-08
2.27517 1.07071 1 1.83207e-07 -6.38572e-08
2.2953 1.07071 1 1.52988e-07 -5.25875e-08
2.31544 1.07071 1 1.2753e-07 -4.32032e-08
2.33557 1.07071 1 1.06127e-07 -3.54146e-08
2.3557 1.07071 1 8.81698e-08 -2.89696e-08
2.37584 1.07071 1 7.31325e-08 -2.36509e-08
2.39597 1.07071 1 6.05643e-08 -1.92729e-08
2.41611 1.07071 1 5.00788e-08 -1.56775e-08
2.43624 1.07071 1 4.13464e-08 -1.27313e-08
2.45638 1.07071 1 3.40865e-08 -1.03221e-08
2.47651 1.07071 1 2.80609e-08 -8.35581e-09
2.49664 1.07071 1 2.30679e-08 -6.75399e-09
2.51678 1.07071 1 1.89371e-08 -5.45137e-09
2.53691 1.07071 1 1.55248e-08 -4.39386e-09
2.55705 1.07071 1 1.27104e-08 -3.53671e-09
2.57718 1.07071 1 1.03925e-08 -2.84305e-09
2.59732 1.07071 1 8.48622e-09 -2.28252e-09
2.61745 1.07071 1 6.92067e-09 -1.83024e-09
2.63758 1.07071 1 5.63669e-09 -1.46582e-09
2.65772 1.07071 1 4.585e-09 -1.17258e-09
2.67785 1.07071 1 3.72467e-09 -9.36931e-10
2.69799 1.07071 1 3.0217e-09 -7.47808e-10
2.71812 1.07071 1 2.44793e-09 -5.9621e-10
2.73826 1.07071 1 1.98006e-09 -4.74835e-10
2.75839 1.07071 1 1.59883e-09 -3.77762e-10
2.77852 1.07071 1 1.28833e-09 -3.00197e-10
2.79866 1.07071 1 1.03543e-09 -2.3826e-10
2.81879 1.07071 1 8.29319e-10 -1.8881e-10
2.83893 1.07071 1 6.61042e-10 -1.493e-10
2.85906 1.07071 1 5.23209e-10 -1.17655e-10
2.87919 1.07071 1 4.09687e-10 -9.2172e-11
2.89933 1.07071 1 3.15357e-10 -7.14344e-11
2.91946 1.07071 1 2.35913e-10 -5.42329e-11
2.9396 1.07071 1 1.67682e-10 -3.9497e-11
2.95973 1.07071 1 1.07475e-10 -2.62262e-11
2.97987 1.07071 1 5.24501e-11 -1.34201e-11
3 1.07071 1 0 0

0 1.09091 0.976883 0 0
0.0201342 1.09091 0.980134 0.000455647 0.00450381
0.0402685 1.09091 0.989163 0.00189337 0.010039
0.0604027 1.09091 0.997596 0.00429991 0.0156834
0.0805369 1.09091 1.00517 0.0072242 0.0207461
0.100671 1.09091 1.01163 0.0102979 0.0250096
0.120805 1.09091 1.01692 0.013285 0.0284513
0.14094 1.09091 1.02118 0.0160555 0.0311527
0.161074 1.09091 1.02458 0.0185558 0.0332223
0.181208 1.09091 1.02727 0.0207747 0.0347648
0.201342 1.09091 1.02939 0.0227235 0.0358702
0.221477 1.09091 1.03105 0.0244224 0.0366118
0.241611 1.09091 1.03234 0.0258942 0.0370483
0.261745 1.09091 1.03333 0.0271604 0.0372268
0.281879 1.09091 1.03406 0.0282403 0.0371852
0.302013 1.09091 1.03458 0.02915 0.0369546
0.322148 1.09091 1.03492 0.0299029 0.0365611
0.342282 1.09091 1.03509 0.03051 0.0360268
0.362416 1.09091 1.03513 0.0309803 0.0353709
0.38255 1.09091 1.03503 0.031321 0.0346103
0.402685 1.09091 1.03482 0.0315384 0.0337604
0.422819 1.09091 1.0345 0.0316375 0.0328347
0.442953 1.09091 1.03408 0.0316232 0.0318461
0.463087 1.09091 1.03358 0.0314995 0.030806
0.483221 1.09091 1.033 0.0312708 0.0297252
0.503356 1.09091 1.03234 0.0309411 0.0286136
0.52349 1.09091 1.03162 0.0305147 0.0274805
0.543624 1.09091 1.03084 0.029996 0.0263343
0.563758 1.09091 1.03001 0.0293898 0.0251828
0.583893 1.09091 1.02914 0.0287012 0.0240332
0.604027 1.09091 1.02823 0.0279355 0.0228916
0.624161 1.09091 1.0273 0.0270985 0.0217639
0.644295 1.09091 1.02634 0.0261963 0.0206548
0.66443 1.09091 1.02536 0.0252353 0.0195683
0.684564 1.09091 1.02438 0.0242222 0.0185074
0.704698 1.09091 1.02339 0.0231639 0.0174743
0.724832 1.09091 1.0224 0.0220677 0.0164701
0.744966 1.09091 1.02141 0.0209411 0.0154946
0.765101 1.09091 1.02044 0.0197915 0.0145463
0.785235 1.09091 1.01947 0.0186269 0.0136225
0.805369 1.09091 1.0185 0.0174552 0.0127184
0.825503 1.09091 1.01754 0.0162846 0.0118278
0.845638 1.09091 1.01657 0.015123 0.0109421
0.865772 1.09091 1.01559 0.0139785 0.0100506
0.885906 1.09091 1.01457 0.0128582 0.00914027
0.90604 1.09091 1.0135 0.0117679 0.00819679
0.926174 1.09091 1.01235 0.0107103 0.00720622
0.946309 1.09091 1.01108 0.00968297 0.00615995
0.966443 1.09091 1.00967 0.00867645 0.00506397
0.986577 1.09091 1.00813 0.00767657 0.00395453
1.00671 1.09091 1.00648 0.00667049 0.00290911
1.02685 1.09091 1.0052 0.00570109 0.002069
1.04698 1.09091 1.00419 0.00483183 0.00144116
1.06711 1.09091 1.00341 0.00408303 0.000990027
1.08725 1.09091 1.00281 0.00345148 0.000671441
1.10738 1.09091 1.00234 0.00292347 0.000447918
1.12752 1.09091 1.00196 0.00248284 0.000291367
1.14765 1.09091 1.00165 0.00211444 0.000181796
1.16779 1.09091 1.0014 0.00180531 0.000105261
1.18792 1.09091 1.0012 0.0015448 5.20742e-05
1.20805 1.09091 1.00102 0.00132431 1.54816e-05
1.22819 1.09091 1.00088 0.00113695 -9.26211e-06
1.24832 1.09091 1.00075 0.000977185 -2.55218e-05
1.26846 1.09091 1.00064 0.000840542 -3.57051e-05
1.28859 1.09091 1.00055 0.000723382 -4.15494e-05
1.30872 1.09091 1.00048 0.000622726 -4.43171e-05
1.32886 1.09091 1.00041 0.000536112 -4.493e-05
1.34899 1.09091 1.00035 0.000461493 -4.40632e-05
1.36913 1.09091 1.0003 0.000397152 -4.22117e-05
1.38926 1.09091 1.00026 0.000341644 -3.97375e-05
1.4094 1.09091 1.00022 0.00029374 -3.69039e-05
1.42953 1.09091 1.00019 0.000252396 -3.3901e-05
1.44966 1.09091 1.00016 0.000216718 -3.0864e-05
1.4698 1.09091 1.00014 0.000185937 -2.78872e-05
1.48993 1.09091 1.00012 0.000159392 -2.50342e-05
1.51007 1.09091 1.0001 0.000136514 -2.23458e-05
1.5302 1.09091 1.00009 0.000116808 -1.9846e-05
1.55034 1.09091 1.00007 9.98468e-05 -1.75465e-05
1.57047 1.09091 1.00006 8.52606e-05 -1.54502e-05
1.5906 1.09091 1.00005 7.27279e-05 -1.35536e-05
1.61074 1.09091 1.00004 6.19698e-05 -1.18488e-05
1.63087 1.09091 1.00004 5.27444e-05 -1.03253e-05
1.65101 1.09091 1.00003 4.48416e-05 -8.97073e-06
1.67114 1.09091 1.00003 3.80792e-05 -7.77191e-06
1.69128 1.09091 1.00002 3.22991e-05 -6.71537e-06
1.71141 1.09091 1.00002 2.73644e-05 -5.78779e-06
1.73154 1.09091 1.00002 2.31564e-05 -4.97634e-06
1.75168 1.09091 1.00001 1.95724e-05 -4.26885e-06
1.77181 1.09091 1.00001 1.65237e-05 -3.65393e-06
1.79195 1.09091 1.00001 1.39336e-05 -3.12109e-06
1.81208 1.09091 1.00001 1.17362e-05 -2.66075e-06
1.83221 1.09091 1.00001 9.8743e-06 -2.26422e-06
1.85235 1.09091 1.00001 8.29915e-06 -1.92373e-06
1.87248 1.09091 1 6.9687e-06 -1.63242e-06
1.89262 1.09091 1 5.847e-06 -1.38428e-06
1.91275 1.09091 1 4.90334e-06 -1.1742e-06
1.93289 1.09091 1 4.11146e-06 -9.97921e-07
1.95302 1.09091 1 3.44887e-06 -8.51986e-07
1.97315 1.09091 1 2.89592e-06 -7.33405e-07
1.99329 1.09091 1 2.43481e-06 -6.38748e-07
2.01342 1.09091 1 2.04884e-06 -5.6232e-07
2.03356 1.09091 1 1.72419e-06 -4.94654e-07
2.05369 1.09091 1 1.45095e-06 -4.32302e-07
2.07383 1.09091 1 1.22082e-06 -3.74597e-07
2.09396 1.09091 1 1.02685e-06 -3.21858e-07
2.11409 1.09091 1 8.63208e-07 -2.74447e-07
2.13423 1.09091 1 7.25082e-07 -2.32486e-07
2.15436 1.09091 1 6.08471e-07 -1.95833e-07
2.1745 1.09091 1 5.10044e-07 -1.64162e-07
2.19463 1.09091 1 4.27016e-07 -1.37035e-07
2.21477 1.09091 1 3.57037e-07 -1.13969e-07
2.2349 1.09091 1 2.98122e-07 -9.44746e-08
2.25503 1.09091 1 2.48584e-07 -7.80831e-08
2.27517 1.09091 1 2.06986e-07 -6.4362e-08
2.2953 1.09091 1 1.72106e-07 -5.29209e-08
2.31544 1.09091 1 1.42902e-07 -4.34139e-08
2.33557 1.09091 1 1.18487e-07 -3.55387e-08
2.3557 1.09091 1 9.81068e-08 -2.90338e-08
2.37584 1.09091 1 8.11202e-08 -2.36745e-08
2.39597 1.09091 1 6.69834e-08 -1.92698e-08
2.41611 1.09091 1 5.52356e-08 -1.56578e-08
2.43624 1.09091 1 4.54876e-08 -1.2702e-08
2.45638 1.09091 1 3.74108e-08 -1.02881e-08
2.47651 1.09091 1 3.07281e-08 -8.32027e-09
2.49664 1.09091 1 2.52068e-08 -6.71907e-09
2.51678 1.09091 1 2.06514e-08 -5.41839e-09
2.53691 1.09091 1 1.68981e-08 -4.36354e-09
2.55705 1.09091 1 1.38098e-08 -3.50941e-09
2.57718 1.09091 1 1.12721e-08 -2.81885e-09
2.59732 1.09091 1 9.18951e-09 -2.26135e-09
2.61745 1.09091 1 7.48262e-09 -1.8119e-09
2.63758 1.09091 1 6.08539e-09 -1.45007e-09
2.65772 1.09091 1 4.94302e-09 -1.15916e-09
2.67785 1.09091 1 4.01011e-09 -9.25568e-10
2.69799 1.09091 1 3.24909e-09 -7.38241e-10
2.71812 1.09091 1 2.62891e-09 -5.88196e-10
2.73826 1.09091 1 2.12396e-09 -4.68152e-10
2.75839 1.09091 1 1.7131e-09 -3.72213e-10
2.77852 1.09091 1 1.37893e-09 -2.95607e-10
2.79866 1.09091 1 1.10713e-09 -2.34479e-10
2.81879 1.09091 1 8.8589e-10 -1.85708e-10
2.83893 1.09091 1 7.05494e-10 -1.46767e-10
2.85906 1.09091 1 5.57919e-10 -1.15599e-10
2.87919 1.09091 1 4.36522e-10 -9.05195e-11
2.89933 1.09091 1 3.35772e-10 -7.01251e-11
2.91946 1.09091 1 2.51021e-10 -5.32213e-11
2.9396 1.09091 1 1.78317e-10 -3.87512e-11
2.95973 1.09091 1 1.14233e-10 -2.5728e-11
2.97987 1.09091 1 5.57233e-11 -1.31654e-11
3 1.09091 1 0 0

0 1.11111 0.985463 0 0
0.0201342 1.11111 0.987416 0.000155457 0.00371422
0.0402685 1.11111 0.993403 0.000984207 0.00837975
0.0604027 1.11111 0.999299 0.00260532 0.0133015
0.0805369 1.11111 1.00511 0.00477309 0.0179616
0.100671 1.11111 1.01035 0.00724141 0.0220924
0.120805 1.11111 1.01488 0.00980124 0.0255899
0.14094 1.11111 1.01871 0.0123082 0.0284551
0.161074 1.11111 1.02189 0.0146756 0.0307385
0.181208 1.11111 1.0245 0.0168581 0.0325086
0.201342 1.11111 1.02663 0.0188374 0.0338348
0.221477 1.11111 1.02834 0.0206113 0.0347805
0.241611 1.11111 1.02971 0.022186 0.0354009
0.261745 1.11111 1.03079 0.0235714 0.0357426
0.281879 1.11111 1.03161 0.0247789 0.0358448
0.302013 1.11111 1.03222 0.0258195 0.0357406
0.322148 1.11111 1.03264 0.0267033 0.0354582
0.342282 1.11111 1.0329 0.0274394 0.0350219
0.362416 1.11111 1.03301 0.0280354 0.0344527
0.38255 1.11111 1.03299 0.0284983 0.0337693
0.402685 1.11111 1.03284 0.028834 0.0329881
0.422819 1.11111 1.03259 0.0290479 0.0321243
0.442953 1.11111 1.03224 0.0291448 0.0311912
0.463087 1.11111 1.0318 0.0291294 0.0302014
0.483221 1.11111 1.03127 0.0290063 0.0291662
0.503356 1.11111 1.03068 0.0287799 0.0280961
0.52349 1.11111 1.03001 0.0284551 0.0270007
0.543624 1.11111 1.02929 0.0280366 0.025889
0.563758 1.11111 1.02851 0.0275295 0.0247689
0.583893 1.11111 1.02769 0.0269394 0.0236478
0.604027 1.11111 1.02683 0.0262719 0.0225322
0.624161 1.11111 1.02595 0.0255331 0.0214281
0.644295 1.11111 1.02503 0.0247293 0.0203402
0.66443 1.11111 1.0241 0.0238673 0.0192727
0.684564 1.11111 1.02316 0.022954 0.0182288
0.704698 1.11111 1.02221 0.0219966 0.0172107
0.724832 1.11111 1.02126 0.0210025 0.0162197
0.744966 1.11111 1.0203 0.0199793 0.0152556
0.765101 1.11111 1.01935 0.0189347 0.0143174
0.785235 1.11111 1.01841 0.0178767 0.0134023
0.805369 1.11111 1.01747 0.0168132 0.0125064
0.825503 1.11111 1.01652 0.0157519 0.0116238
0.845638 1.11111 1.01557 0.0147003 0.0107472
0.865772 1.11111 1.01461 0.0136654 0.00986774
0.885906 1.11111 1.01361 0.0126528 0.00897517
0.90604 1.11111 1.01258 0.0116663 0.00805932
0.926174 1.11111 1.01149 0.0107064 0.00711214
0.946309 1.11111 1.01033 0.0097693 0.00613184
0.966443 1.11111 1.00909 0.00884694 0.00512923
0.986577 1.11111 1.00779 0.00792992 0.0041357
1.00671 1.11111 1.00649 0.0070146 0.00320594
1.02685 1.11111 1.00538 0.00612513 0.00241585
1.04698 1.11111 1.00445 0.00529984 0.00178426
1.06711 1.11111 1.0037 0.00456045 0.00129909
1.08725 1.11111 1.00308 0.00391336 0.000935072
1.10738 1.11111 1.00259 0.0033549 0.000665564
1.12752 1.11111 1.00218 0.00287654 0.000467499
1.14765 1.11111 1.00185 0.00246811 0.000322577
1.16779 1.11111 1.00157 0.00211966 0.000216899
1.18792 1.11111 1.00134 0.00182215 0.000140137
1.20805 1.11111 1.00114 0.00156776 8.46853e-05
1.22819 1.11111 1.00098 0.00134985 4.49549e-05
1.24832 1.11111 1.00084 0.00116285 1.6835e-05
1.26846 1.11111 1.00072 0.00100211 -2.70953e-06
1.28859 1.11111 1.00062 0.000863745 -1.59285e-05
1.30872 1.11111 1.00053 0.000744488 -2.44964e-05
1.32886 1.11111 1.00045 0.000641604 -2.96639e-05
1.34899 1.11111 1.00039 0.000552783 -3.23671e-05
1.36913 1.11111 1.00033 0.000476066 -3.33077e-05
1.38926 1.11111 1.00029 0.000409786 -3.30115e-05
1.4094 1.11111 1.00025 0.000352519 -3.18716e-05
1.42953 1.11111 1.00021 0.000303046 -3.01806e-05
1.44966 1.11111 1.00018 0.000260317 -2.8155e-05
1.4698 1.11111 1.00015 0.000223427 -2.59535e-05
1.48993 1.11111 1.00013 0.000191595 -2.36908e-05
1.51007 1.11111 1.00011 0.000164144 -2.14481e-05
1.5302 1.11111 1.00009 0.000140488 -1.92814e-05
1.55034 1.11111 1.00008 0.00012012 -1.72277e-05
1.57047 1.11111 1.00007 0.000102597 -1.53097e-05
1.5906 1.11111 1.00006 8.75355e-05 -1.35397e-05
1.61074 1.11111 1.00005 7.46031e-05 -1.19223e-05
1.63087 1.11111 1.00004 6.35099e-05 -1.04564e-05
1.65101 1.11111 1.00004 5.40046e-05 -9.13734e-06
1.67114 1.11111 1.00003 4.5869e-05 -7.95771e-06
1.69128 1.11111 1.00002 3.89136e-05 -6.90857e-06
1.71141 1.11111 1.00002 3.29741e-05 -5.98008e-06
1.73154 1.11111 1.00002 2.79082e-05 -5.16204e-06
1.75168 1.11111 1.00001 2.35927e-05 -4.44426e-06
1.77181 1.11111 1.00001 1.9921e-05 -3.81685e-06
1.79195 1.11111 1.00001 1.6801e-05 -3.27041e-06
1.81208 1.11111 1.00001 1.41533e-05 -2.79613e-06
1.83221 1.11111 1.00001 1.19095e-05 -2.38589e-06
1.85235 1.11111 1.00001 1.00105e-05 -2.0323e-06
1.87248 1.11111 1.00001 8.40593e-06 -1.72869e-06
1.89262 1.11111 1 7.05224e-06 -1.46916e-06
1.91275 1.11111 1 5.91223e-06 -1.24854e-06
1.93289 1.11111 1 4.95398e-06 -1.06234e-06
1.95302 1.11111 1 4.15e-06 -9.06591e-07
1.97315 1.11111 1 3.47643e-06 -7.77601e-07
1.99329 1.11111 1 2.91235e-06 -6.71348e-07
2.01342 1.11111 1 2.4394e-06 -5.82839e-07
2.03356 1.11111 1 2.04241e-06 -5.06198e-07
2.05369 1.11111 1 1.70927e-06 -4.38106e-07
2.07383 1.11111 1 1.42986e-06 -3.77064e-07
2.09396 1.11111 1 1.19558e-06 -3.22502e-07
2.11409 1.11111 1 9.99174e-07 -2.74146e-07
2.13423 1.11111 1 8.34523e-07 -2.31724e-07
2.15436 1.11111 1 6.96506e-07 -1.94873e-07
2.1745 1.11111 1 5.8084e-07 -1.63145e-07
2.19463 1.11111 1 4.83941e-07 -1.36036e-07
2.21477 1.11111 1 4.0281e-07 -1.13027e-07
2.2349 1.11111 1 3.34928e-07 -9.36093e-08
2.25503 1.11111 1 2.78179e-07 -7.73022e-08
2.27517 1.11111 1 2.30783e-07 -6.36666e-08
2.2953 1.11111 1 1.9124e-07 -5.23082e-08
2.31544 1.11111 1 1.58285e-07 -4.28788e-08
2.33557 1.11111 1 1.30853e-07 -3.50748e-08
2.3557 1.11111 1 1.08044e-07 -2.86342e-08
2.37584 1.11111 1 8.91042e-08 -2.33324e-08
2.39597 1.11111 1 7.33957e-08 -1.89784e-08
2.41611 1.11111 1 6.03837e-08 -1.54107e-08
2.43624 1.11111 1 4.96191e-08 -1.24934e-08
2.45638 1.11111 1 4.07248e-08 -1.01126e-08
2.47651 1.11111 1 3.33851e-08 -8.17326e-09
2.49664 1.11111 1 2.7336e-08 -6.5963e-09
2.51678 1.11111 1 2.23567e-08 -5.31617e-09
2.53691 1.11111 1 1.8263e-08 -4.27869e-09
2.55705 1.11111 1 1.49017e-08 -3.43916e-09
2.57718 1.11111 1 1.2145e-08 -2.76085e-09
2.59732 1.11111 1 9.88696e-09 -2.21357e-09
2.61745 1.11111 1 8.03948e-09 -1.77264e-09
2.63758 1.11111 1 6.5297e-09 -1.41787e-09
2.65772 1.11111 1 5.29727e-09 -1.13281e-09
2.67785 1.11111 1 4.29234e-09 -9.04052e-10
2.69799 1.11111 1 3.47377e-09 -7.20703e-10
2.71812 1.11111 1 2.80761e-09 -5.73927e-10
2.73826 1.11111 1 2.26595e-09 -4.56563e-10
2.75839 1.11111 1 1.82578e-09 -3.62817e-10
2.77852 1.11111 1 1.46822e-09 -2.88003e-10
2.79866 1.11111 1 1.17773e-09 -2.28337e-10
2.81879 1.11111 1 9.41566e-10 -1.80759e-10
2.83893 1.11111 1 7.49218e-10 -1.42791e-10
2.85906 1.11111 1 5.92041e-10 -1.1242e-10
2.87919 1.11111 1 4.6289e-10 -8.79961e-11
2.89933 1.11111 1 3.5582e-10 -6.8147e-11
2.91946 1.11111 1 2.65852e-10 -5.17058e-11
2.9396 1.11111 1 1.88753e-10 -3.76405e-11
2.95973 1.11111 1 1.20862e-10 -2.49883e-11
2.97987 1.11111 1 5.89332e-11 -1.27872e-11
3 1.11111 1 0 0

0 1.13131 0.991319 0 0
0.0201342 1.13131 0.992543 -1.14951e-05 0.0032399
0.0402685 1.13131 0.99668 0.000453101 0.00724676
0.0604027 1.13131 1.00096 0.00154106 0.0115489
0.0805369 1.13131 1.00545 0.0031327 0.0157675
0.100671 1.13131 1.00969 0.00507555 0.0196509
0.120805 1.13131 1.01352 0.00720834 0.0230647
0.14094 1.13131 1.01688 0.00940006 0.0259626
0.161074 1.13131 1.01978 0.011556 0.0283513
0.181208 1.13131 1.02222 0.0136142 0.0302658
0.201342 1.13131 1.02427 0.0155376 0.0317529
0.221477 1.13131 1.02597 0.0173066 0.0328618
0.241611 1.13131 1.02735 0.0189133 0.0336393
0.261745 1.13131 1.02846 0.0203565 0.0341279
0.281879 1.13131 1.02934 0.0216391 0.0343651
0.302013 1.13131 1.03001 0.0227661 0.0343838
0.322148 1.13131 1.03049 0.0237431 0.0342126
0.342282 1.13131 1.03081 0.0245762 0.0338767
0.362416 1.13131 1.03098 0.0252711 0.0333982
0.38255 1.13131 1.03102 0.0258333 0.0327968
0.402685 1.13131 1.03094 0.0262678 0.03209
0.422819 1.13131 1.03074 0.0265797 0.0312936
0.442953 1.13131 1.03045 0.0267736 0.030422
0.463087 1.13131 1.03006 0.026854 0.0294883
0.483221 1.13131 1.02959 0.0268255 0.0285044
0.503356 1.13131 1.02905 0.026693 0.0274813
0.52349 1.13131 1.02844 0.0264612 0.026429
0.543624 1.13131 1.02776 0.0261352 0.0253568
0.563758 1.13131 1.02704 0.0257203 0.0242729
0.583893 1.13131 1.02627 0.0252222 0.023185
0.604027 1.13131 1.02546 0.0246468 0.0220999
0.624161 1.13131 1.02462 0.0240004 0.0210233
0.644295 1.13131 1.02375 0.0232895 0.0199605
0.66443 1.13131 1.02287 0.0225208 0.0189157
0.684564 1.13131 1.02197 0.0217016 0.0178921
0.704698 1.13131 1.02106 0.0208389 0.0168922
0.724832 1.13131 1.02014 0.0199404 0.0159173
0.744966 1.13131 1.01923 0.0190136 0.0149675
0.765101 1.13131 1.01831 0.0180662 0.014042
0.785235 1.13131 1.01739 0.0171058 0.0131385
0.805369 1.13131 1.01648 0.01614 0.0122534
0.825503 1.13131 1.01556 0.015176 0.011382
0.845638 1.13131 1.01464 0.0142207 0.0105182
0.865772 1.13131 1.0137 0.0132797 0.00965469
0.885906 1.13131 1.01275 0.0123575 0.00878416
0.90604 1.13131 1.01176 0.0114564 0.00789989
0.926174 1.13131 1.01075 0.0105759 0.00699801
0.946309 1.13131 1.00969 0.00971249 0.0060805
0.966443 1.13131 1.00859 0.00886026 0.00515912
0.986577 1.13131 1.00748 0.00801383 0.00425898
1.00671 1.13131 1.00639 0.00717357 0.00341795
1.02685 1.13131 1.00542 0.00635458 0.00268026
1.04698 1.13131 1.00457 0.00558069 0.00206422
1.06711 1.13131 1.00386 0.00486983 0.00156809
1.08725 1.13131 1.00326 0.00423113 0.00117832
1.10738 1.13131 1.00276 0.00366616 0.000877113
1.12752 1.13131 1.00234 0.00317158 0.000646843
1.14765 1.13131 1.00199 0.00274141 0.000472065
1.16779 1.13131 1.0017 0.00236868 0.000340098
1.18792 1.13131 1.00145 0.00204636 0.000240892
1.20805 1.13131 1.00124 0.00176786 0.00016665
1.22819 1.13131 1.00107 0.00152726 0.000111385
1.24832 1.13131 1.00091 0.00131934 7.05278e-05
1.26846 1.13131 1.00078 0.00113961 4.05966e-05
1.28859 1.13131 1.00067 0.000984156 1.89393e-05
1.30872 1.13131 1.00058 0.00084966 3.53355e-06
1.32886 1.13131 1.0005 0.000733258 -7.1643e-06
1.34899 1.13131 1.00043 0.0006325 -1.43339e-05
1.36913 1.13131 1.00036 0.000545277 -1.88771e-05
1.38926 1.13131 1.00031 0.00046978 -2.14833e-05
1.4094 1.13131 1.00027 0.000404445 -2.26791e-05
1.42953 1.13131 1.00023 0.000347925 -2.28655e-05
1.44966 1.13131 1.0002 0.000299051 -2.2347e-05
1.4698 1.13131 1.00017 0.000256813 -2.13535e-05
1.48993 1.13131 1.00014 0.000220334 -2.00576e-05
1.51007 1.13131 1.00012 0.000188851 -1.85873e-05
1.5302 1.13131 1.0001 0.000161702 -1.70365e-05
1.55034 1.13131 1.00009 0.000138311 -1.54728e-05
1.57047 1.13131 1.00007 0.000118176 -1.39438e-05
1.5906 1.13131 1.00006 0.000100861 -1.24816e-05
1.61074 1.13131 1.00005 8.59869e-05 -1.11071e-05
1.63087 1.13131 1.00005 7.32226e-05 -9.83235e-06
1.65101 1.13131 1.00004 6.22811e-05 -8.66304e-06
1.67114 1.13131 1.00003 5.29128e-05 -7.60031e-06
1.69128 1.13131 1.00003 4.49008e-05 -6.64199e-06
1.71141 1.13131 1.00002 3.80568e-05 -5.7837e-06
1.73154 1.13131 1.00002 3.22176e-05 -5.0196e-06
1.75168 1.13131 1.00002 2.72419e-05 -4.34299e-06
1.77181 1.13131 1.00001 2.30073e-05 -3.74677e-06
1.79195 1.13131 1.00001 1.94079e-05 -3.22374e-06
1.81208 1.13131 1.00001 1.63525e-05 -2.76685e-06
1.83221 1.13131 1.00001 1.37623e-05 -2.36935e-06
1.85235 1.13131 1.00001 1.15695e-05 -2.02492e-06
1.87248 1.13131 1.00001 9.71584e-06 -1.72773e-06
1.89262 1.13131 1 8.15111e-06 -1.47247e-06
1.91275 1.13131 1 6.83233e-06 -1.25435e-06
1.93289 1.13131 1 5.72255e-06 -1.0691e-06
1.95302 1.13131 1 4.79002e-06 -9.12775e-07
1.97315 1.13131 1 4.00731e-06 -7.81628e-07
1.99329 1.13131 1 3.35076e-06 -6.71792e-07
2.01342 1.13131 1 2.80006e-06 -5.79102e-07
2.03356 1.13131 1 2.3382e-06 -4.99371e-07
2.05369 1.13131 1 1.95112e-06 -4.29679e-07
2.07383 1.13131 1 1.62701e-06 -3.68266e-07
2.09396 1.13131 1 1.35586e-06 -3.14115e-07
2.11409 1.13131 1 1.12917e-06 -2.66571e-07
2.13423 1.13131 1 9.39761e-07 -2.25107e-07
2.15436 1.13131 1 7.81574e-07 -1.89213e-07
2.1745 1.13131 1 6.49526e-07 -1.58366e-07
2.19463 1.13131 1 5.39353e-07 -1.32036e-07
2.21477 1.13131 1 4.47482e-07 -1.09698e-07
2.2349 1.13131 1 3.70923e-07 -9.08477e-08
2.25503 1.13131 1 3.0717e-07 -7.50177e-08
2.27517 1.13131 1 2.54123e-07 -6.17803e-08
2.2953 1.13131 1 2.10023e-07 -5.0753e-08
2.31544 1.13131 1 1.73395e-07 -4.15984e-08
2.33557 1.13131 1 1.43003e-07 -3.40219e-08
2.3557 1.13131 1 1.17811e-07 -2.77693e-08
2.37584 1.13131 1 9.6951e-08 -2.26227e-08
2.39597 1.13131 1 7.96975e-08 -1.83968e-08
2.41611 1.13131 1 6.54424e-08 -1.49346e-08
2.43624 1.13131 1 5.36777e-08 -1.21041e-08
2.45638 1.13131 1 4.39794e-08 -9.79466e-09
2.47651 1.13131 1 3.59937e-08 -7.91389e-09
2.49664 1.13131 1 2.94255e-08 -6.38496e-09
2.51678 1.13131 1 2.40294e-08 -5.14419e-09
2.53691 1.13131 1 1.96014e-08 -4.13889e-09
2.55705 1.13131 1 1.59718e-08 -3.32566e-09
2.57718 1.13131 1 1.30001e-08 -2.66881e-09
2.59732 1.13131 1 1.05698e-08 -2.13902e-09
2.61745 1.13131 1 8.5844e-09 -1.71233e-09
2.63758 1.13131 1 6.96424e-09 -1.36914e-09
2.65772 1.13131 1 5.64355e-09 -1.09347e-09
2.67785 1.13131 1 4.56808e-09 -8.72336e-10
2.69799 1.13131 1 3.69315e-09 -6.95161e-10
2.71812 1.13131 1 2.98201e-09 -5.5338e-10
2.73826 1.13131 1 2.40444e-09 -4.40053e-10
2.75839 1.13131 1 1.93563e-09 -3.49565e-10
2.77852 1.13131 1 1.55521e-09 -2.7738e-10
2.79866 1.13131 1 1.24649e-09 -2.19834e-10
2.81879 1.13131 1 9.95759e-10 -1.73964e-10
2.83893 1.13131 1 7.91756e-10 -1.37375e-10
2.85906 1.13131 1 6.25223e-10 -1.08119e-10
2.87919 1.13131 1 4.88519e-10 -8.46029e-11
2.89933 1.13131 1 3.753e-10 -6.55013e-11
2.91946 1.13131 1 2.80256e-10 -4.96874e-11
2.9396 1.13131 1 1.98885e-10 -3.61657e-11
2.95973 1.13131 1 1.27297e-10 -2.40077e-11
2.97987 1.13131 1 6.20485e-11 -1.22858e-11
3 1.13131 1 0 0

0 1.15152 0.995438 0 0
0.0201342 1.15152 0.996365 -0.000112285 0.00292149
0.0402685 1.15152 0.999278 0.000126932 0.00643613
0.0604027 1.15152 1.00247 0.0008518 0.0102299
0.0805369 1.15152 1.00595 0.00201553 0.0140297
0.100671 1.15152 1.00937 0.00352929 0.0176228
0.120805 1.15152 1.01259 0.00527769 0.0208741
0.14094 1.15152 1.0155 0.00715316 0.0237145
0.161074 1.15152 1.01809 0.00906724 0.026123
0.181208 1.15152 1.02033 0.0109536 0.0281086
0.201342 1.15152 1.02226 0.0127658 0.0296978
0.221477 1.15152 1.02388 0.0144734 0.0309248
0.241611 1.15152 1.02524 0.0160579 0.0318264
0.261745 1.15152 1.02635 0.017509 0.0324385
0.281879 1.15152 1.02725 0.0188219 0.032795
0.302013 1.15152 1.02795 0.0199957 0.0329264
0.322148 1.15152 1.02847 0.0210314 0.0328606
0.342282 1.15152 1.02883 0.0219315 0.0326225
0.362416 1.15152 1.02905 0.0226992 0.0322343
0.38255 1.15152 1.02913 0.023338 0.0317161
0.402685 1.15152 1.0291 0.0238519 0.031086
0.422819 1.15152 1.02896 0.0242447 0.0303602
0.442953 1.15152 1.02871 0.0245206 0.0295537
0.463087 1.15152 1.02838 0.0246837 0.0286801
0.483221 1.15152 1.02796 0.0247385 0.0277517
0.503356 1.15152 1.02746 0.0246895 0.0267798
0.52349 1.15152 1.0269 0.0245415 0.0257749
0.543624 1.15152 1.02628 0.0242997 0.0247463
0.563758 1.15152 1.0256 0.0239694 0.0237028
0.583893 1.15152 1.02488 0.0235564 0.0226521
0.604027 1.15152 1.02412 0.0230665 0.0216011
0.624161 1.15152 1.02332 0.0225061 0.0205559
0.644295 1.15152 1.0225 0.0218819 0.0195217
0.66443 1.15152 1.02166 0.0212005 0.0185029
0.684564 1.15152 1.0208 0.0204691 0.0175029
0.704698 1.15152 1.01993 0.0196949 0.0165243
0.724832 1.15152 1.01906 0.0188852 0.0155685
0.744966 1.15152 1.01818 0.0180476 0.014636
0.765101 1.15152 1.0173 0.0171893 0.0137263
0.785235 1.15152 1.01642 0.0163179 0.0128374
0.805369 1.15152 1.01553 0.0154403 0.0119666
0.825503 1.15152 1.01465 0.0145632 0.0111099
0.845638 1.15152 1.01376 0.0136924 0.0102625
0.865772 1.15152 1.01286 0.012833 0.00941905
0.885906 1.15152 1.01196 0.0119882 0.00857435
0.90604 1.15152 1.01103 0.0111598 0.00772439
0.926174 1.15152 1.01008 0.010347 0.00686801
0.946309 1.15152 1.00912 0.00954725 0.00600894
0.966443 1.15152 1.00814 0.00875675 0.00515808
0.986577 1.15152 1.00716 0.00797293 0.00433477
1.00671 1.15152 1.00622 0.00719772 0.00356526
1.02685 1.15152 1.00536 0.00644133 0.00287726
1.04698 1.15152 1.0046 0.00571933 0.00228566
1.06711 1.15152 1.00393 0.00504544 0.00179275
1.08725 1.15152 1.00336 0.0044286 0.00139173
1.10738 1.15152 1.00287 0.00387264 0.00107109
1.12752 1.15152 1.00245 0.00337728 0.000817912
1.14765 1.15152 1.0021 0.00293957 0.000619793
1.16779 1.15152 1.0018 0.00255502 0.000465796
1.18792 1.15152 1.00154 0.0022185 0.000346729
1.20805 1.15152 1.00132 0.00192478 0.000255094
1.22819 1.15152 1.00114 0.00166886 0.000184893
1.24832 1.15152 1.00098 0.00144611 0.000131378
1.26846 1.15152 1.00084 0.00125238 9.08173e-05
1.28859 1.15152 1.00072 0.00108398 6.02924e-05
1.30872 1.15152 1.00062 0.000937649 3.75233e-05
1.32886 1.15152 1.00053 0.000810545 2.07319e-05
1.34899 1.15152 1.00046 0.000700182 8.53239e-06
1.36913 1.15152 1.00039 0.000604394 -1.54698e-07
1.38926 1.15152 1.00033 0.000521295 -6.16967e-06
1.4094 1.15152 1.00029 0.000449241 -1.01659e-05
1.42953 1.15152 1.00025 0.000386801 -1.26505e-05
1.44966 1.15152 1.00021 0.00033273 -1.40162e-05
1.4698 1.15152 1.00018 0.00028594 -1.45662e-05
1.48993 1.15152 1.00015 0.000245482 -1.45333e-05
1.51007 1.15152 1.00013 0.000210531 -1.40958e-05
1.5302 1.15152 1.00011 0.000180363 -1.33886e-05
1.55034 1.15152 1.00009 0.00015435 -1.25135e-05
1.57047 1.15152 1.00008 0.000131942 -1.15459e-05
1.5906 1.15152 1.00007 0.000112659 -1.05411e-05
1.61074 1.15152 1.00006 9.6084e-05 -9.5387e-06
1.63087 1.15152 1.00005 8.18522e-05 -8.5664e-06
1.65101 1.15152 1.00004 6.96464e-05 -7.64266e-06
1.67114 1.15152 1.00003 5.91906e-05 -6.77906e-06
1.69128 1.15152 1.00003 5.02444e-05 -5.98203e-06
1.71141 1.15152 1.00002 4.25992e-05 -5.25419e-06
1.73154 1.15152 1.00002 3.60738e-05 -4.59546e-06
1.75168 1.15152 1.00002 3.05113e-05 -4.00386e-06
1.77181 1.15152 1.00001 2.57754e-05 -3.4761e-06
1.79195 1.15152 1.00001 2.17486e-05 -3.00814e-06
1.81208 1.15152 1.00001 1.83292e-05 -2.59547e-06
1.83221 1.15152 1.00001 1.54293e-05 -2.2334e-06
1.85235 1.15152 1.00001 1.29734e-05 -1.91729e-06
1.87248 1.15152 1.00001 1.08963e-05 -1.64264e-06
1.89262 1.15152 1 9.14209e-06 -1.40518e-06
1.91275 1.15152 1 7.66268e-06 -1.20095e-06
1.93289 1.15152 1 6.41674e-06 -1.02625e-06
1.95302 1.15152 1 5.36879e-06 -8.77588e-07
1.97315 1.15152 1 4.48835e-06 -7.51607e-07
1.99329 1.15152 1 3.74926e-06 -6.44941e-07
2.01342 1.15152 1 3.12921e-06 -5.54208e-07
2.03356 1.15152 1 2.60938e-06 -4.76223e-07
2.05369 1.15152 1 2.17396e-06 -4.08518e-07
2.07383 1.15152 1 1.80964e-06 -3.49374e-07
2.09396 1.15152 1 1.50515e-06 -2.97627e-07
2.11409 1.15152 1 1.2509e-06 -2.52451e-07
2.13423 1.15152 1 1.0388e-06 -2.1319e-07
2.15436 1.15152 1 8.61997e-07 -1.79264e-07
2.1745 1.15152 1 7.14725e-07 -1.50127e-07
2.19463 1.15152 1 5.92136e-07 -1.25252e-07
2.21477 1.15152 1 4.90164e-07 -1.04135e-07
2.2349 1.15152 1 4.05401e-07 -8.62994e-08
2.25503 1.15152 1 3.34997e-07 -7.1307e-08
2.27517 1.15152 1 2.76565e-07 -5.87579e-08
2.2953 1.15152 1 2.28109e-07 -4.82944e-08
2.31544 1.15152 1 1.87961e-07 -3.96003e-08
2.33557 1.15152 1 1.54727e-07 -3.23996e-08
2.3557 1.15152 1 1.27241e-07 -2.64532e-08
2.37584 1.15152 1 1.04532e-07 -2.15558e-08
2.39597 1.15152 1 8.57884e-08 -1.75325e-08
2.41611 1.15152 1 7.0333e-08 -1.4235e-08
2.43624 1.15152 1 5.76022e-08 -1.15382e-08
2.45638 1.15152 1 4.71267e-08 -9.33724e-09
2.47651 1.15152 1 3.85161e-08 -7.54445e-09
2.49664 1.15152 1 3.14459e-08 -6.08681e-09
2.51678 1.15152 1 2.56467e-08 -4.90375e-09
2.53691 1.15152 1 2.08951e-08 -3.94515e-09
2.55705 1.15152 1 1.7006e-08 -3.16968e-09
2.57718 1.15152 1 1.38263e-08 -2.54333e-09
2.59732 1.15152 1 1.12293e-08 -2.03817e-09
2.61745 1.15152 1 9.11054e-09 -1.63133e-09
2.63758 1.15152 1 7.38368e-09 -1.30415e-09
2.65772 1.15152 1 5.97768e-09 -1.04137e-09
2.67785 1.15152 1 4.83404e-09 -8.30597e-10
2.69799 1.15152 1 3.90468e-09 -6.61755e-10
2.71812 1.15152 1 3.15009e-09 -5.26666e-10
2.73826 1.15152 1 2.53786e-09 -4.18709e-10
2.75839 1.15152 1 2.04141e-09 -3.32528e-10
2.77852 1.15152 1 1.63896e-09 -2.63794e-10
2.79866 1.15152 1 1.31266e-09 -2.09011e-10
2.81879 1.15152 1 1.04789e-09 -1.65356e-10
2.83893 1.15152 1 8.32656e-10 -1.30544e-10
2.85906 1.15152 1 6.57115e-10 -1.02717e-10
2.87919 1.15152 1 5.13143e-10 -8.0357e-11
2.89933 1.15152 1 3.9401e-10 -6.22013e-11
2.91946 1.15152 1 2.94088e-10 -4.71764e-11
2.9396 1.15152 1 2.08612e-10 -3.43344e-11
2.95973 1.15152 1 1.33474e-10 -2.27912e-11
2.97987 1.15152 1 6.50381e-11 -1.16637e-11
3 1.15152 1 0 0

0 1.17172 0.99837 0 0
0.0201342 1.17172 0.999144 -0.000177903 0.0026925
0.0402685 1.17172 1.00127 -8.48984e-05 0.00583202
0.0604027 1.17172 1.00371 0.000390118 0.00921201
0.0805369 1.17172 1.00646 0.00123878 0.0126366
0.100671 1.17172 1.00924 0.00241282 0.0159352
0.120805 1.17172 1.01193 0.0038335 0.0189856
0.14094 1.17172 1.01444 0.00541753 0.0217125
0.161074 1.17172 1.01671 0.00708876 0.0240791
0.181208 1.17172 1.01874 0.00878412 0.0260772
0.201342 1.17172 1.02052 0.0104547 0.0277169
0.221477 1.17172 1.02205 0.0120646 0.0290191
0.241611 1.17172 1.02335 0.0135885 0.0300106
0.261745 1.17172 1.02444 0.0150095 0.0307199
0.281879 1.17172 1.02532 0.0163169 0.0311758
0.302013 1.17172 1.02603 0.0175042 0.0314058
0.322148 1.17172 1.02657 0.0185685 0.0314355
0.342282 1.17172 1.02696 0.0195086 0.0312887
0.362416 1.17172 1.02721 0.0203249 0.030987
0.38255 1.17172 1.02733 0.0210192 0.0305502
0.402685 1.17172 1.02734 0.0215934 0.0299964
0.422819 1.17172 1.02724 0.0220505 0.0293421
0.442953 1.17172 1.02704 0.0223936 0.0286023
0.463087 1.17172 1.02674 0.0226264 0.027791
0.483221 1.17172 1.02637 0.0227526 0.0269206
0.503356 1.17172 1.02592 0.0227766 0.0260029
0.52349 1.17172 1.0254 0.022703 0.0250484
0.543624 1.17172 1.02483 0.0225367 0.0240668
0.563758 1.17172 1.0242 0.0222831 0.0230669
0.583893 1.17172 1.02352 0.0219476 0.0220567
0.604027 1.17172 1.02281 0.0215363 0.0210431
0.624161 1.17172 1.02206 0.0210553 0.0200324
0.644295 1.17172 1.02128 0.0205113 0.0190299
0.66443 1.17172 1.02049 0.0199108 0.0180403
0.684564 1.17172 1.01967 0.0192608 0.0170669
0.704698 1.17172 1.01884 0.0185685 0.0161126
0.724832 1.17172 1.01801 0.0178409 0.015179
0.744966 1.17172 1.01717 0.0170853 0.0142669
0.765101 1.17172 1.01632 0.0163088 0.013376
0.785235 1.17172 1.01548 0.0155183 0.012505
0.805369 1.17172 1.01463 0.0147203 0.0116518
0.825503 1.17172 1.01379 0.0139209 0.0108134
0.845638 1.17172 1.01294 0.0131252 0.0099861
0.865772 1.17172 1.01209 0.0123375 0.00916616
0.885906 1.17172 1.01123 0.0115607 0.00835017
0.90604 1.17172 1.01036 0.0107961 0.00753605
0.926174 1.17172 1.00948 0.0100433 0.00672423
0.946309 1.17172 1.0086 0.00930069 0.005919
0.966443 1.17172 1.00772 0.00856626 0.00512971
0.986577 1.17172 1.00685 0.00783921 0.00437102
1.00671 1.17172 1.00602 0.00712203 0.00366133
1.02685 1.17172 1.00525 0.00642206 0.00301897
1.04698 1.17172 1.00455 0.00574997 0.00245538
1.06711 1.17172 1.00394 0.0051161 0.00197403
1.08725 1.17172 1.00339 0.00452824 0.0015718
1.10738 1.17172 1.00292 0.00399083 0.00124137
1.12752 1.17172 1.00252 0.00350524 0.000973471
1.14765 1.17172 1.00216 0.00307043 0.000758428
1.16779 1.17172 1.00186 0.00268381 0.000587141
1.18792 1.17172 1.0016 0.00234182 0.00045154
1.20805 1.17172 1.00138 0.0020405 0.000344736
1.22819 1.17172 1.00119 0.00177579 0.000260996
1.24832 1.17172 1.00102 0.00154376 0.000195624
1.26846 1.17172 1.00088 0.00134072 0.000144821
1.28859 1.17172 1.00076 0.00116329 0.000105535
1.30872 1.17172 1.00065 0.00100842 7.53255e-05
1.32886 1.17172 1.00056 0.000873364 5.22499e-05
1.34899 1.17172 1.00048 0.000755703 3.47648e-05
1.36913 1.17172 1.00041 0.00065328 2.16461e-05
1.38926 1.17172 1.00035 0.000564197 1.19249e-05
1.4094 1.17172 1.0003 0.000486783 4.83546e-06
1.42953 1.17172 1.00026 0.000419567 -2.26474e-07
1.44966 1.17172 1.00022 0.000361258 -3.73664e-06
1.4698 1.17172 1.00019 0.000310724 -6.06869e-06
1.48993 1.17172 1.00016 0.00026697 -7.51523e-06
1.51007 1.17172 1.00014 0.000229124 -8.30451e-06
1.5302 1.17172 1.00012 0.000196422 -8.61382e-06
1.55034 1.17172 1.0001 0.000168196 -8.5801e-06
1.57047 1.17172 1.00008 0.000143859 -8.30841e-06
1.5906 1.17172 1.00007 0.0001229 -7.87869e-06
1.61074 1.17172 1.00006 0.00010487 -7.35116e-06
1.63087 1.17172 1.00005 8.9379e-05 -6.77061e-06
1.65101 1.17172 1.00004 7.60844e-05 -6.16978e-06
1.67114 1.17172 1.00004 6.46891e-05 -5.57213e-06
1.69128 1.17172 1.00003 5.49336e-05 -4.99393e-06
1.71141 1.17172 1.00003 4.65925e-05 -4.44601e-06
1.73154 1.17172 1.00002 3.94696e-05 -3.93508e-06
1.75168 1.17172 1.00002 3.33949e-05 -3.46476e-06
1.77181 1.17172 1.00002 2.82207e-05 -3.03646e-06
1.79195 1.17172 1.00001 2.38193e-05 -2.64995e-06
1.81208 1.17172 1.00001 2.00801e-05 -2.30392e-06
1.83221 1.17172 1.00001 1.69078e-05 -1.99632e-06
1.85235 1.17172 1.00001 1.422e-05 -1.72463e-06
1.87248 1.17172 1.00001 1.19457e-05 -1.48612e-06
1.89262 1.17172 1.00001 1.00241e-05 -1.27795e-06
1.91275 1.17172 1 8.4025e-06 -1.0973e-06
1.93289 1.17172 1 7.03601e-06 -9.41396e-07
1.95302 1.17172 1 5.8859e-06 -8.07508e-07
1.97315 1.17172 1 4.91902e-06 -6.92949e-07
1.99329 1.17172 1 4.10698e-06 -5.95041e-07
2.01342 1.17172 1 3.42562e-06 -5.11159e-07
2.03356 1.17172 1 2.85442e-06 -4.38875e-07
2.05369 1.17172 1 2.37609e-06 -3.762e-07
2.07383 1.17172 1 1.97598e-06 -3.21623e-07
2.09396 1.17172 1 1.6417e-06 -2.74028e-07
2.11409 1.17172 1 1.36273e-06 -2.32579e-07
2.13423 1.17172 1 1.13018e-06 -1.96602e-07
2.15436 1.17172 1 9.36504e-07 -1.6552e-07
2.1745 1.17172 1 7.75358e-07 -1.38807e-07
2.19463 1.17172 1 6.41394e-07 -1.15972e-07
2.21477 1.17172 1 5.30119e-07 -9.65553e-08
2.2349 1.17172 1 4.37767e-07 -8.01268e-08
2.25503 1.17172 1 3.61183e-07 -6.62914e-08
2.27517 1.17172 1 2.97728e-07 -5.46897e-08
2.2953 1.17172 1 2.45195e-07 -4.49994e-08
2.31544 1.17172 1 2.01743e-07 -3.69348e-08
2.33557 1.17172 1 1.65834e-07 -3.02456e-08
2.3557 1.17172 1 1.36185e-07 -2.4714e-08
2.37584 1.17172 1 1.11729e-07 -2.01527e-08
2.39597 1.17172 1 9.15748e-08 -1.64014e-08
2.41611 1.17172 1 7.4982e-08 -1.33238e-08
2.43624 1.17172 1 6.13346e-08 -1.08047e-08
2.45638 1.17172 1 5.01211e-08 -8.74725e-09
2.47651 1.17172 1 4.09167e-08 -7.07018e-09
2.49664 1.17172 1 3.3369e-08 -5.70583e-09
2.51678 1.17172 1 2.71862e-08 -4.59793e-09
2.53691 1.17172 1 2.21267e-08 -3.69984e-09
2.55705 1.17172 1 1.79906e-08 -2.97304e-09
2.57718 1.17172 1 1.46128e-08 -2.38582e-09
2.59732 1.17172 1 1.18572e-08 -1.91209e-09
2.61745 1.17172 1 9.61135e-09 -1.5305e-09
2.63758 1.17172 1 7.78285e-09 -1.22355e-09
2.65772 1.17172 1 6.2956e-09 -9.77003e-10
2.67785 1.17172 1 5.08705e-09 -7.79231e-10
2.69799 1.17172 1 4.10585e-09 -6.20793e-10
2.71812 1.17172 1 3.30991e-09 -4.94026e-10
2.73826 1.17172 1 2.66469e-09 -3.9272e-10
2.75839 1.17172 1 2.14194e-09 -3.11851e-10
2.77852 1.17172 1 1.71852e-09 -2.47358e-10
2.79866 1.17172 1 1.37549e-09 -1.9596e-10
2.81879 1.17172 1 1.09738e-09 -1.55006e-10
2.83893 1.17172 1 8.71477e-10 -1.22353e-10
2.85906 1.17172 1 6.87377e-10 -9.62569e-11
2.87919 1.17172 1 5.36503e-10 -7.52916e-11
2.89933 1.17172 1 4.11754e-10 -5.82724e-11
2.91946 1.17172 1 3.07202e-10 -4.4192e-11
2.9396 1.17172 1 2.17833e-10 -3.21603e-11
2.95973 1.17172 1 1.39328e-10 -2.13478e-11
2.97987 1.17172 1 6.78714e-11 -1.09257e-11
3 1.17172 1 0 0

0 1.19192 1.00047 0 0
0.0201342 1.19192 1.00116 -0.000223467 0.00251508
0.0402685 1.19192 1.00277 -0.000229243 0.00536157
0.0604027 1.19192 1.00469 7.09978e-05 0.00840353
0.0805369 1.19192 1.00689 0.000687343 0.0115005
0.100671 1.19192 1.00916 0.00159619 0.0145197
0.120805 1.19192 1.01142 0.00274561 0.0173565
0.14094 1.19192 1.01358 0.00407336 0.0199384
0.161074 1.19192 1.01557 0.00551707 0.0222223
0.181208 1.19192 1.01739 0.00702061 0.0241891
0.201342 1.19192 1.01901 0.00853697 0.0258374
0.221477 1.19192 1.02043 0.0100287 0.0271774
0.241611 1.19192 1.02165 0.0114671 0.0282267
0.261745 1.19192 1.02269 0.0128311 0.0290069
0.281879 1.19192 1.02356 0.0141055 0.0295414
0.302013 1.19192 1.02425 0.01528 0.0298535
0.322148 1.19192 1.0248 0.0163477 0.0299664
0.342282 1.19192 1.0252 0.0173045 0.0299018
0.362416 1.19192 1.02547 0.0181483 0.0296802
0.38255 1.19192 1.02562 0.0188786 0.0293206
0.402685 1.19192 1.02566 0.0194958 0.0288406
0.422819 1.19192 1.02559 0.0200014 0.0282565
0.442953 1.19192 1.02542 0.0203975 0.0275834
0.463087 1.19192 1.02517 0.020687 0.0268349
0.483221 1.19192 1.02484 0.0208732 0.026024
0.503356 1.19192 1.02443 0.0209597 0.0251621
0.52349 1.19192 1.02396 0.0209509 0.0242601
0.543624 1.19192 1.02342 0.0208514 0.0233278
0.563758 1.19192 1.02284 0.0206662 0.0223739
0.583893 1.19192 1.02221 0.0204008 0.0214067
0.604027 1.19192 1.02154 0.0200609 0.0204331
0.624161 1.19192 1.02083 0.0196525 0.0194597
0.644295 1.19192 1.0201 0.019182 0.0184917
0.66443 1.19192 1.01934 0.0186559 0.017534
0.684564 1.19192 1.01857 0.0180809 0.01659
0.704698 1.19192 1.01779 0.017464 0.0156629
0.724832 1.19192 1.01699 0.0168119 0.0147543
0.744966 1.19192 1.01619 0.0161316 0.0138655
0.765101 1.19192 1.01539 0.0154298 0.0129965
0.785235 1.19192 1.01458 0.0147128 0.0121465
0.805369 1.19192 1.01378 0.0139869 0.0113142
0.825503 1.19192 1.01297 0.0132574 0.0104973
0.845638 1.19192 1.01216 0.012529 0.00969332
0.865772 1.19192 1.01136 0.0118056 0.00889971
0.885906 1.19192 1.01055 0.0110896 0.00811445
0.90604 1.19192 1.00973 0.0103824 0.00733675
0.926174 1.19192 1.00892 0.00968407 0.00656791
0.946309 1.19192 1.00812 0.00899397 0.00581215
0.966443 1.19192 1.00732 0.00831135 0.00507715
0.986577 1.19192 1.00654 0.00763652 0.00437397
1.00671 1.19192 1.00579 0.00697208 0.00371569
1.02685 1.19192 1.0051 0.00632358 0.00311492
1.04698 1.19192 1.00446 0.0056987 0.00258025
1.06711 1.19192 1.00389 0.00510527 0.00211516
1.08725 1.19192 1.00338 0.00454975 0.00171842
1.10738 1.19192 1.00293 0.00403645 0.00138541
1.12752 1.19192 1.00254 0.00356746 0.00110951
1.14765 1.19192 1.0022 0.00314292 0.00088329
1.16779 1.19192 1.0019 0.00276151 0.000699336
1.18792 1.19192 1.00164 0.00242092 0.000550756
1.20805 1.19192 1.00142 0.00211824 0.000431412
1.22819 1.19192 1.00122 0.00185029 0.00033601
1.24832 1.19192 1.00106 0.00161382 0.000260073
1.26846 1.19192 1.00091 0.00140565 0.000199875
1.28859 1.19192 1.00078 0.00122277 0.00015235
1.30872 1.19192 1.00068 0.00106241 0.000114987
1.32886 1.19192 1.00058 0.000922006 8.57513e-05
1.34899 1.19192 1.0005 0.000799244 6.2992e-05
1.36913 1.19192 1.00043 0.000692045 4.53795e-05
1.38926 1.19192 1.00037 0.000598551 3.18441e-05
1.4094 1.19192 1.00032 0.000517104 2.15272e-05
1.42953 1.19192 1.00027 0.000446234 1.37411e-05
1.44966 1.19192 1.00023 0.000384637 7.93661e-06
1.4698 1.19192 1.0002 0.00033116 3.67573e-06
1.48993 1.19192 1.00017 0.000284786 6.10215e-07
1.51007 1.19192 1.00014 0.000244618 -1.53606e-06
1.5302 1.19192 1.00012 0.000209867 -2.98133e-06
1.55034 1.19192 1.0001 0.000179837 -3.89742e-06
1.57047 1.19192 1.00009 0.000153918 -4.41902e-06
1.5906 1.19192 1.00008 0.000131575 -4.65119e-06
1.61074 1.19192 1.00006 0.000112338 -4.67536e-06
1.63087 1.19192 1.00005 9.57961e-05 -4.55421e-06
1.65101 1.19192 1.00005 8.15891e-05 -4.33558e-06
1.67114 1.19192 1.00004 6.94031e-05 -4.05559e-06
1.69128 1.19192 1.00003 5.8964e-05 -3.74118e-06
1.71141 1.19192 1.00003 5.00329e-05 -3.41211e-06
1.73154 1.19192 1.00002 4.24019e-05 -3.08257e-06
1.75168 1.19192 1.00002 3.58902e-05 -2.76247e-06
1.77181 1.19192 1.00002 3.03409e-05 -2.45844e-06
1.79195 1.19192 1.00001 2.5618e-05 -2.17464e-06
1.81208 1.19192 1.00001 2.16039e-05 -1.91341e-06
1.83221 1.19192 1.00001 1.81966e-05 -1.67572e-06
1.85235 1.19192 1.00001 1.53084e-05 -1.4616e-06
1.87248 1.19192 1.00001 1.28634e-05 -1.27039e-06
1.89262 1.19192 1.00001 1.07965e-05 -1.10098e-06
1.91275 1.19192 1 9.05139e-06 -9.51956e-07
1.93289 1.19192 1 7.58003e-06 -8.21721e-07
1.95302 1.19192 1 6.34099e-06 -7.08537e-07
1.97315 1.19192 1 5.29883e-06 -6.1058e-07
1.99329 1.19192 1 4.42325e-06 -5.25972e-07
2.01342 1.19192 1 3.68839e-06 -4.52849e-07
2.03356 1.19192 1 3.0723e-06 -3.89473e-07
2.05369 1.19192 1 2.55637e-06 -3.3435e-07
2.07383 1.19192 1 2.12484e-06 -2.86284e-07
2.09396 1.19192 1 1.76434e-06 -2.44339e-07
2.11409 1.19192 1 1.46355e-06 -2.07781e-07
2.13423 1.19192 1 1.21286e-06 -1.76011e-07
2.15436 1.19192 1 1.00417e-06 -1.48513e-07
2.1745 1.19192 1 8.30618e-07 -1.24827e-07
2.19463 1.19192 1 6.86436e-07 -1.04526e-07
2.21477 1.19192 1 5.66769e-07 -8.72158e-08
2.2349 1.19192 1 4.67539e-07 -7.25275e-08
2.25503 1.19192 1 3.85332e-07 -6.01224e-08
2.27517 1.19192 1 3.17289e-07 -4.96916e-08
2.2953 1.19192 1 2.61021e-07 -4.09566e-08
2.31544 1.19192 1 2.14532e-07 -3.36693e-08
2.33557 1.19192 1 1.76157e-07 -2.7611e-08
2.3557 1.19192 1 1.4451e-07 -2.25908e-08
2.37584 1.19192 1 1.18436e-07 -1.84433e-08
2.39597 1.19192 1 9.69726e-08 -1.50263e-08
2.41611 1.19192 1 7.93226e-08 -1.22186e-08
2.43624 1.19192 1 6.48222e-08 -9.91711e-09
2.45638 1.19192 1 5.29209e-08 -8.03491e-09
2.47651 1.19192 1 4.31625e-08 -6.49895e-09
2.49664 1.19192 1 3.5169e-08 -5.24809e-09
2.51678 1.19192 1 2.86277e-08 -4.23139e-09
2.53691 1.19192 1 2.32802e-08 -3.40654e-09
2.55705 1.19192 1 1.89129e-08 -2.73852e-09
2.57718 1.19192 1 1.53497e-08 -2.19842e-09
2.59732 1.19192 1 1.24454e-08 -1.76246e-09
2.61745 1.19192 1 1.00806e-08 -1.4111e-09
2.63758 1.19192 1 8.15689e-09 -1.12835e-09
2.65772 1.19192 1 6.59349e-09 -9.01152e-10
2.67785 1.19192 1 5.3241e-09 -7.18838e-10
2.69799 1.19192 1 4.29432e-09 -5.72742e-10
2.71812 1.19192 1 3.45961e-09 -4.55822e-10
2.73826 1.19192 1 2.78348e-09 -3.62367e-10
2.75839 1.19192 1 2.23607e-09 -2.87754e-10
2.77852 1.19192 1 1.793e-09 -2.28243e-10
2.79866 1.19192 1 1.43431e-09 -1.80812e-10
2.81879 1.19192 1 1.14369e-09 -1.43018e-10
2.83893 1.19192 1 9.078e-10 -1.12883e-10
2.85906 1.19192 1 7.15686e-10 -8.88008e-11
2.87919 1.19192 1 5.5835e-10 -6.94546e-11
2.89933 1.19192 1 4.28347e-10 -5.37516e-11
2.91946 1.19192 1 3.19464e-10 -4.07617e-11
2.9396 1.19192 1 2.26453e-10 -2.96635e-11
2.95973 1.19192 1 1.448e-10 -1.9691e-11
2.97987 1.19192 1 7.05198e-11 -1.00785e-11
3 1.19192 1 0 0

0 1.21212 1.00197 0 0
0.0201342 1.21212 1.0026 -0.000256533 0.00236883
0.0402685 1.21212 1.00388 -0.000331431 0.00497951
0.0604027 1.21212 1.00543 -0.000155706 0.00774206
0.0805369 1.21212 1.00721 0.000288202 0.0105556
0.100671 1.21212 1.0091 0.000991042 0.0133182
0.120805 1.21212 1.011 0.00191947 0.0159436
0.14094 1.21212 1.01285 0.003028 0.0183662
0.161074 1.21212 1.0146 0.004267 0.0205424
0.181208 1.21212 1.01622 0.0055886 0.0224474
0.201342 1.21212 1.01768 0.00694997 0.0240723
0.221477 1.21212 1.01898 0.00831478 0.0254193
0.241611 1.21212 1.02012 0.00965347 0.0264985
0.261745 1.21212 1.0211 0.0109428 0.0273253
0.281879 1.21212 1.02193 0.0121648 0.0279178
0.302013 1.21212 1.0226 0.0133062 0.0282953
0.322148 1.21212 1.02314 0.0143574 0.0284779
0.342282 1.21212 1.02354 0.0153118 0.028485
0.362416 1.21212 1.02383 0.0161649 0.0283354
0.38255 1.21212 1.02399 0.0169141 0.0280471
0.402685 1.21212 1.02405 0.0175586 0.0276367
0.422819 1.21212 1.02401 0.0180983 0.0271201
0.442953 1.21212 1.02387 0.0185342 0.0265119
0.463087 1.21212 1.02366 0.0188684 0.0258257
0.483221 1.21212 1.02336 0.0191034 0.0250741
0.503356 1.21212 1.02299 0.0192423 0.0242688
0.52349 1.21212 1.02255 0.0192889 0.0234203
0.543624 1.21212 1.02206 0.0192475 0.0225386
0.563758 1.21212 1.02152 0.0191228 0.0216325
0.583893 1.21212 1.02093 0.0189198 0.0207102
0.604027 1.21212 1.0203 0.0186441 0.0197788
0.624161 1.21212 1.01964 0.0183014 0.0188448
0.644295 1.21212 1.01895 0.0178978 0.0179136
0.66443 1.21212 1.01824 0.0174397 0.0169901
0.684564 1.21212 1.01751 0.0169334 0.0160781
0.704698 1.21212 1.01677 0.0163855 0.0151806
0.724832 1.21212 1.01601 0.0158025 0.0142997
0.744966 1.21212 1.01525 0.0151911 0.0134369
0.765101 1.21212 1.01449 0.0145574 0.0125926
0.785235 1.21212 1.01372 0.0139074 0.0117666
0.805369 1.21212 1.01296 0.0132469 0.010958
0.825503 1.21212 1.01219 0.0125808 0.0101655
0.845638 1.21212 1.01143 0.0119134 0.00938748
0.865772 1.21212 1.01067 0.0112482 0.00862233
0.885906 1.21212 1.00991 0.0105875 0.00786906
0.90604 1.21212 1.00915 0.00993288 0.00712773
0.926174 1.21212 1.0084 0.00928493 0.00640004
0.946309 1.21212 1.00766 0.00864373 0.0056898
0.966443 1.21212 1.00693 0.00800946 0.00500324
0.986577 1.21212 1.00623 0.00738309 0.00434866
1.00671 1.21212 1.00555 0.00676717 0.00373549
1.02685 1.21212 1.00492 0.00616609 0.00317265
1.04698 1.21212 1.00434 0.0055856 0.00266653
1.06711 1.21212 1.00381 0.00503173 0.00222019
1.08725 1.21212 1.00333 0.00450974 0.0018333
1.10738 1.21212 1.00291 0.00402352 0.00150292
1.12752 1.21212 1.00253 0.00357536 0.0012243
1.14765 1.21212 1.0022 0.00316604 0.000991759
1.16779 1.21212 1.00191 0.00279508 0.000799324
1.18792 1.21212 1.00166 0.00246107 0.000641206
1.20805 1.21212 1.00144 0.00216196 0.00051205
1.22819 1.21212 1.00124 0.0018953 0.000407085
1.24832 1.21212 1.00108 0.00165845 0.000322155
1.26846 1.21212 1.00093 0.00144876 0.000253713
1.28859 1.21212 1.0008 0.0012636 0.000198764
1.30872 1.21212 1.00069 0.00110049 0.000154812
1.32886 1.21212 1.0006 0.000957095 0.000119786
1.34899 1.21212 1.00051 0.00083126 9.19824e-05
1.36913 1.21212 1.00044 0.000721023 7.00038e-05
1.38926 1.21212 1.00038 0.0006246 5.27092e-05
1.4094 1.21212 1.00033 0.000540384 3.91696e-05
1.42953 1.21212 1.00028 0.000466934 2.86308e-05
1.44966 1.21212 1.00024 0.000402961 2.0482e-05
1.4698 1.21212 1.00021 0.000347318 1.42298e-05
1.48993 1.21212 1.00018 0.000298984 9.47656e-06
1.51007 1.21212 1.00015 0.000257053 5.9027e-06
1.5302 1.21212 1.00013 0.000220726 3.25199e-06
1.55034 1.21212 1.00011 0.000189295 1.31965e-06
1.57047 1.21212 1.00009 0.000162135 -5.74568e-08
1.5906 1.21212 1.00008 0.000138696 -1.00883e-06
1.61074 1.21212 1.00007 0.000118496 -1.63686e-06
1.63087 1.21212 1.00006 0.00010111 -2.02211e-06
1.65101 1.21212 1.00005 8.6165e-05 -2.22764e-06
1.67114 1.21212 1.00004 7.33361e-05 -2.30255e-06
1.69128 1.21212 1.00003 6.23381e-05 -2.28475e-06
1.71141 1.21212 1.00003 5.29223e-05 -2.20331e-06
1.73154 1.21212 1.00002 4.48719e-05 -2.08029e-06
1.75168 1.21212 1.00002 3.7998e-05 -1.93224e-06
1.77181 1.21212 1.00002 3.21366e-05 -1.7714e-06
1.79195 1.21212 1.00001 2.71454e-05 -1.60663e-06
1.81208 1.21212 1.00001 2.29008e-05 -1.44423e-06
1.83221 1.21212 1.00001 1.92961e-05 -1.28851e-06
1.85235 1.21212 1.00001 1.62389e-05 -1.14225e-06
1.87248 1.21212 1.00001 1.36495e-05 -1.00714e-06
1.89262 1.21212 1.00001 1.14594e-05 -8.8399e-07
1.91275 1.21212 1 9.60947e-06 -7.73018e-07
1.93289 1.21212 1 8.04885e-06 -6.7397e-07
1.95302 1.21212 1 6.73401e-06 -5.86259e-07
1.97315 1.21212 1 5.6276e-06 -5.09051e-07
1.99329 1.21212 1 4.69769e-06 -4.41346e-07
2.01342 1.21212 1 3.91701e-06 -3.82064e-07
2.03356 1.21212 1 3.26239e-06 -3.30139e-07
2.05369 1.21212 1 2.71412e-06 -2.84605e-07
2.07383 1.21212 1 2.25549e-06 -2.44645e-07
2.09396 1.21212 1 1.87232e-06 -2.09589e-07
2.11409 1.21212 1 1.55259e-06 -1.78891e-07
2.13423 1.21212 1 1.28614e-06 -1.52091e-07
2.15436 1.21212 1 1.06434e-06 -1.28789e-07
2.1745 1.21212 1 8.79919e-07 -1.08625e-07
2.19463 1.21212 1 7.26751e-07 -9.12638e-08
2.21477 1.21212 1 5.99671e-07 -7.63928e-08
2.2349 1.21212 1 4.94344e-07 -6.3719e-08
2.25503 1.21212 1 4.07133e-07 -5.29703e-08
2.27517 1.21212 1 3.34992e-07 -4.38962e-08
2.2953 1.21212 1 2.75375e-07 -3.62688e-08
2.31544 1.21212 1 2.26154e-07 -2.98833e-08
2.33557 1.21212 1 1.85556e-07 -2.45575e-08
2.3557 1.21212 1 1.52102e-07 -2.01311e-08
2.37584 1.21212 1 1.24561e-07 -1.64642e-08
2.39597 1.21212 1 1.01909e-07 -1.34355e-08
2.41611 1.21212 1 8.32968e-08 -1.09411e-08
2.43624 1.21212 1 6.80186e-08 -8.89214e-09
2.45638 1.21212 1 5.54892e-08 -7.21325e-09
2.47651 1.21212 1 4.52242e-08 -5.8408e-09
2.49664 1.21212 1 3.68225e-08 -4.72134e-09
2.51678 1.21212 1 2.99527e-08 -3.81013e-09
2.53691 1.21212 1 2.43409e-08 -3.0699e-09
2.55705 1.21212 1 1.97614e-08 -2.4697e-09
2.57718 1.21212 1 1.60278e-08 -1.98392e-09
2.59732 1.21212 1 1.2987e-08 -1.59142e-09
2.61745 1.21212 1 1.05127e-08 -1.27482e-09
2.63758 1.21212 1 8.50134e-09 -1.01985e-09
2.65772 1.21212 1 6.86785e-09 -8.14823e-10
2.67785 1.21212 1 5.54244e-09 -6.502e-10
2.69799 1.21212 1 4.46792e-09 -5.18209e-10
2.71812 1.21212 1 3.5975e-09 -4.12526e-10
2.73826 1.21212 1 2.89288e-09 -3.28018e-10
2.75839 1.21212 1 2.32277e-09 -2.60522e-10
2.77852 1.21212 1 1.8616e-09 -2.06671e-10
2.79866 1.21212 1 1.48847e-09 -1.6374e-10
2.81879 1.21212 1 1.18634e-09 -1.29524e-10
2.83893 1.21212 1 9.41237e-10 -1.02238e-10
2.85906 1.21212 1 7.41741e-10 -8.04292e-11
2.87919 1.21212 1 5.78456e-10 -6.29083e-11
2.89933 1.21212 1 4.43614e-10 -4.86862e-11
2.91946 1.21212 1 3.30745e-10 -3.69213e-11
2.9396 1.21212 1 2.34384e-10 -2.68698e-11
2.95973 1.21212 1 1.49834e-10 -1.78377e-11
2.97987 1.21212 1 7.29563e-11 -9.13088e-12
3 1.21212 1 0 0

0 1.23232 1.00303 0 0
0.0201342 1.23232 1.00362 -0.000281074 0.00224211
0.0402685 1.23232 1.00467 -0.000405644 0.00465714
0.0604027 1.23232 1.00595 -0.000320223 0.00718511
0.0805369 1.23232 1.00743 -5.47811e-06 0.00975331
0.100671 1.23232 1.00901 0.000537251 0.0122843
0.120805 1.23232 1.01062 0.00128702 0.0147082
0.14094 1.23232 1.01222 0.002211 0.0169682
0.161074 1.23232 1.01375 0.00327043 0.0190231
0.181208 1.23232 1.01518 0.00442544 0.0208465
0.201342 1.23232 1.01649 0.00563838 0.0224248
0.221477 1.23232 1.01768 0.0068756 0.0237547
0.241611 1.23232 1.01873 0.00810829 0.0248407
0.261745 1.23232 1.01965 0.00931259 0.0256928
0.281879 1.23232 1.02042 0.0104693 0.0263245
0.302013 1.23232 1.02107 0.0115632 0.0267513
0.322148 1.23232 1.02159 0.0125828 0.0269901
0.342282 1.23232 1.02199 0.0135193 0.0270578
0.362416 1.23232 1.02227 0.0143667 0.0269714
0.38255 1.23232 1.02245 0.0151206 0.0267473
0.402685 1.23232 1.02252 0.0157786 0.0264012
0.422819 1.23232 1.0225 0.0163396 0.0259482
0.442953 1.23232 1.02239 0.0168034 0.0254022
0.463087 1.23232 1.0222 0.0171711 0.0247764
0.483221 1.23232 1.02194 0.0174445 0.0240832
0.503356 1.23232 1.0216 0.0176262 0.023334
0.52349 1.23232 1.0212 0.0177193 0.0225392
0.543624 1.23232 1.02075 0.0177276 0.0217088
0.563758 1.23232 1.02025 0.0176554 0.0208514
0.583893 1.23232 1.0197 0.0175075 0.0199752
0.604027 1.23232 1.01911 0.0172889 0.0190875
0.624161 1.23232 1.01849 0.0170052 0.0181945
0.644295 1.23232 1.01784 0.0166621 0.017302
0.66443 1.23232 1.01717 0.0162656 0.0164148
0.684564 1.23232 1.01648 0.0158217 0.0155368
0.704698 1.23232 1.01578 0.0153368 0.0146711
0.724832 1.23232 1.01507 0.014817 0.0138203
0.744966 1.23232 1.01435 0.0142683 0.0129859
0.765101 1.23232 1.01363 0.0136968 0.0121688
0.785235 1.23232 1.0129 0.0131079 0.0113693
0.805369 1.23232 1.01218 0.012507 0.010587
0.825503 1.23232 1.01146 0.0118987 0.00982128
0.845638 1.23232 1.01074 0.0112869 0.00907119
0.865772 1.23232 1.01002 0.010675 0.00833601
0.885906 1.23232 1.00931 0.0100653 0.00761542
0.90604 1.23232 1.00861 0.00945942 0.00691001
0.926174 1.23232 1.00791 0.0088585 0.00622156
0.946309 1.23232 1.00723 0.00826318 0.00555343
0.966443 1.23232 1.00656 0.00767427 0.00491056
0.986577 1.23232 1.00592 0.00709314 0.00429923
1.00671 1.23232 1.00531 0.00652223 0.00372633
1.02685 1.23232 1.00473 0.00596512 0.00319824
1.04698 1.23232 1.00419 0.00542631 0.00271974
1.06711 1.23232 1.0037 0.00491051 0.0022933
1.08725 1.23232 1.00326 0.004422 0.00191901
1.10738 1.23232 1.00286 0.00396417 0.00159494
1.12752 1.23232 1.0025 0.00353925 0.00131763
1.14765 1.23232 1.00219 0.00314831 0.00108271
1.16779 1.23232 1.00191 0.00279142 0.000885411
1.18792 1.23232 1.00166 0.00246777 0.000720891
1.20805 1.23232 1.00144 0.00217596 0.000584549
1.22819 1.23232 1.00125 0.00191415 0.000472153
1.24832 1.23232 1.00109 0.00168025 0.000379923
1.26846 1.23232 1.00094 0.00147204 0.000304549
1.28859 1.23232 1.00081 0.00128729 0.00024318
1.30872 1.23232 1.0007 0.00112382 0.000193388
1.32886 1.23232 1.00061 0.000979517 0.000153124
1.34899 1.23232 1.00052 0.000852431 0.000120672
1.36913 1.23232 1.00045 0.000740732 9.46055e-05
1.38926 1.23232 1.00039 0.000642741 7.37399e-05
1.4094 1.23232 1.00033 0.000556926 5.70991e-05
1.42953 1.23232 1.00029 0.000481901 4.38798e-05
1.44966 1.23232 1.00025 0.000416413 3.34235e-05
1.4698 1.23232 1.00021 0.000359339 2.51917e-05
1.48993 1.23232 1.00018 0.000309672 1.87453e-05
1.51007 1.23232 1.00015 0.000266514 1.37269e-05
1.5302 1.23232 1.00013 0.000229067 9.84671e-06
1.55034 1.23232 1.00011 0.000196621 6.87009e-06
1.57047 1.23232 1.0001 0.000168549 4.60768e-06
1.5906 1.23232 1.00008 0.000144295 2.90707e-06
1.61074 1.23232 1.00007 0.000123369 1.64601e-06
1.63087 1.23232 1.00006 0.00010534 7.26697e-07
1.65101 1.23232 1.00005 8.98279e-05 7.12461e-08
1.67114 1.23232 1.00004 7.65005e-05 -3.82166e-07
1.69128 1.23232 1.00004 6.50657e-05 -6.82379e-07
1.71141 1.23232 1.00003 5.52685e-05 -8.67786e-07
1.73154 1.23232 1.00003 4.68858e-05 -9.68403e-07
1.75168 1.23232 1.00002 3.97233e-05 -1.00754e-06
1.77181 1.23232 1.00002 3.36119e-05 -1.00319e-06
1.79195 1.23232 1.00001 2.84044e-05 -9.69094e-07
1.81208 1.23232 1.00001 2.39734e-05 -9.15663e-07
1.83221 1.23232 1.00001 2.02081e-05 -8.50683e-07
1.85235 1.23232 1.00001 1.7013e-05 -7.79889e-07
1.87248 1.23232 1.00001 1.43054e-05 -7.07419e-07
1.89262 1.23232 1.00001 1.2014e-05 -6.36179e-07
1.91275 1.23232 1.00001 1.00775e-05 -5.68122e-07
1.93289 1.23232 1 8.44305e-06 -5.0447e-07
1.95302 1.23232 1 7.06533e-06 -4.45884e-07
1.97315 1.23232 1 5.9055e-06 -3.92603e-07
1.99329 1.23232 1 4.9303e-06 -3.44554e-07
2.01342 1.23232 1 4.11134e-06 -3.01463e-07
2.03356 1.23232 1 3.42442e-06 -2.62942e-07
2.05369 1.23232 1 2.84897e-06 -2.28579e-07
2.07383 1.23232 1 2.36751e-06 -1.97981e-07
2.09396 1.23232 1 1.96518e-06 -1.708e-07
2.11409 1.23232 1 1.62942e-06 -1.46733e-07
2.13423 1.23232 1 1.34957e-06 -1.25512e-07
2.15436 1.23232 1 1.11659e-06 -1.06892e-07
2.1745 1.23232 1 9.2287e-07 -9.0642e-08
2.19463 1.23232 1 7.61983e-07 -7.65397e-08
2.21477 1.23232 1 6.28513e-07 -6.43707e-08
2.2349 1.23232 1 5.17909e-07 -5.39281e-08
2.25503 1.23232 1 4.26351e-07 -4.50147e-08
2.27517 1.23232 1 3.50638e-07 -3.74451e-08
2.2953 1.23232 1 2.88092e-07 -3.10474e-08
2.31544 1.23232 1 2.36475e-07 -2.56642e-08
2.33557 1.23232 1 1.9392e-07 -2.11534e-08
2.3557 1.23232 1 1.5887e-07 -1.73883e-08
2.37584 1.23232 1 1.3003e-07 -1.42568e-08
2.39597 1.23232 1 1.06324e-07 -1.16612e-08
2.41611 1.23232 1 8.68559e-08 -9.51641e-09
2.43624 1.23232 1 7.08846e-08 -7.74932e-09
2.45638 1.23232 1 5.77947e-08 -6.2974e-09
2.47651 1.23232 1 4.70767e-08 -5.10751e-09
2.49664 1.23232 1 3.83096e-08 -4.13472e-09
2.51678 1.23232 1 3.11452e-08 -3.34125e-09
2.53691 1.23232 1 2.52963e-08 -2.69543e-09
2.55705 1.23232 1 2.0526e-08 -2.17087e-09
2.57718 1.23232 1 1.66393e-08 -1.74564e-09
2.59732 1.23232 1 1.34755e-08 -1.40157e-09
2.61745 1.23232 1 1.09026e-08 -1.12367e-09
2.63758 1.23232 1 8.81225e-09 -8.996e-10
2.65772 1.23232 1 7.11555e-09 -7.19226e-10
2.67785 1.23232 1 5.7396e-09 -5.74259e-10
2.69799 1.23232 1 4.62471e-09 -4.57926e-10
2.71812 1.23232 1 3.72205e-09 -3.64707e-10
2.73826 1.23232 1 2.99171e-09 -2.90112e-10
2.75839 1.23232 1 2.40108e-09 -2.30498e-10
2.77852 1.23232 1 1.92356e-09 -1.82909e-10
2.79866 1.23232 1 1.53739e-09 -1.44951e-10
2.81879 1.23232 1 1.22485e-09 -1.14686e-10
2.83893 1.23232 1 9.71436e-10 -9.05419e-11
2.85906 1.23232 1 7.65272e-10 -7.12388e-11
2.87919 1.23232 1 5.96612e-10 -5.57269e-11
2.89933 1.23232 1 4.574e-10 -4.3133e-11
2.91946 1.23232 1 3.40931e-10 -3.27135e-11
2.9396 1.23232 1 2.41544e-10 -2.38101e-11
2.95973 1.23232 1 1.54379e-10 -1.58084e-11
2.97987 1.23232 1 7.51564e-11 -8.09322e-12
3 1.23232 1 0 0

0 1.25253 1.00376 0 0
0.0201342 1.25253 1.00432 -0.000299306 0.00212808
0.0402685 1.25253 1.00521 -0.000460178 0.00437604
0.0604027 1.25253 1.00629 -0.000441265 0.00670364
0.0805369 1.25253 1.00753 -0.000224222 0.00905839
0.100671 1.25253 1.00887 0.000193612 0.0113816
0.120805 1.25253 1.01026 0.000799345 0.0136175
0.14094 1.25253 1.01164 0.00156939 0.0157182
0.161074 1.25253 1.01298 0.0024737 0.0176464
0.181208 1.25253 1.01425 0.00347963 0.0193763
0.201342 1.25253 1.01542 0.00455477 0.0208921
0.221477 1.25253 1.0165 0.00566887 0.022187
0.241611 1.25253 1.01746 0.00679491 0.0232614
0.261745 1.25253 1.01831 0.00790958 0.024121
0.281879 1.25253 1.01903 0.0089933 0.0247755
0.302013 1.25253 1.01964 0.01003 0.0252368
0.322148 1.25253 1.02014 0.011007 0.0255189
0.342282 1.25253 1.02053 0.0119141 0.0256362
0.362416 1.25253 1.02081 0.0127438 0.0256038
0.38255 1.25253 1.02099 0.0134905 0.0254365
0.402685 1.25253 1.02107 0.0141505 0.0251487
0.422819 1.25253 1.02107 0.0147216 0.0247545
0.442953 1.25253 1.02098 0.0152026 0.024267
0.463087 1.25253 1.02081 0.0155938 0.0236991
0.483221 1.25253 1.02057 0.0158962 0.0230624
0.503356 1.25253 1.02027 0.0161117 0.0223682
0.52349 1.25253 1.01991 0.0162428 0.0216266
0.543624 1.25253 1.01949 0.016293 0.0208473
0.563758 1.25253 1.01902 0.0162659 0.020039
0.583893 1.25253 1.01851 0.0161659 0.0192097
0.604027 1.25253 1.01796 0.0159977 0.0183665
0.624161 1.25253 1.01738 0.0157664 0.0175158
0.644295 1.25253 1.01677 0.0154775 0.0166633
0.66443 1.25253 1.01614 0.0151365 0.0158139
0.684564 1.25253 1.01549 0.0147492 0.0149716
0.704698 1.25253 1.01483 0.0143214 0.0141397
0.724832 1.25253 1.01416 0.013859 0.0133209
0.744966 1.25253 1.01348 0.0133675 0.012517
0.765101 1.25253 1.0128 0.0128527 0.0117292
0.785235 1.25253 1.01212 0.0123197 0.0109583
0.805369 1.25253 1.01143 0.0117733 0.0102043
0.825503 1.25253 1.01075 0.0112179 0.00946717
0.845638 1.25253 1.01008 0.0106573 0.00874659
0.865772 1.25253 1.00941 0.0100945 0.00804238
0.885906 1.25253 1.00874 0.00953201 0.00735474
0.90604 1.25253 1.00809 0.00897171 0.00668452
0.926174 1.25253 1.00744 0.00841495 0.00603349
0.946309 1.25253 1.00681 0.00786285 0.00540451
0.966443 1.25253 1.0062 0.00731662 0.00480151
0.986577 1.25253 1.00561 0.00677789 0.00422923
1.00671 1.25253 1.00505 0.00624893 0.00369274
1.02685 1.25253 1.00452 0.0057328 0.0031967
1.04698 1.25253 1.00403 0.0052331 0.00274463
1.06711 1.25253 1.00358 0.00475361 0.00233848
1.08725 1.25253 1.00316 0.00429784 0.00197846
1.10738 1.25253 1.00279 0.00386866 0.00166323
1.12752 1.25253 1.00245 0.00346814 0.00139024
1.14765 1.25253 1.00215 0.00309747 0.00115608
1.16779 1.25253 1.00188 0.00275699 0.000956925
1.18792 1.25253 1.00164 0.00244634 0.000788749
1.20805 1.25253 1.00143 0.00216458 0.000647622
1.22819 1.25253 1.00125 0.00191034 0.000529835
1.24832 1.25253 1.00108 0.00168199 0.000431994
1.26846 1.25253 1.00094 0.0014777 0.000351061
1.28859 1.25253 1.00082 0.00129558 0.000284367
1.30872 1.25253 1.00071 0.00113375 0.000229598
1.32886 1.25253 1.00061 0.000990349 0.000184765
1.34899 1.25253 1.00053 0.000863602 0.00014818
1.36913 1.25253 1.00046 0.000751837 0.000118414
1.38926 1.25253 1.00039 0.000653496 9.42684e-05
1.4094 1.25253 1.00034 0.000567143 7.474e-05
1.42953 1.25253 1.00029 0.00049146 5.89946e-05
1.44966 1.25253 1.00025 0.000425249 4.63396e-05
1.4698 1.25253 1.00021 0.000367425 3.62027e-05
1.48993 1.25253 1.00018 0.00031701 2.81118e-05
1.51007 1.25253 1.00016 0.000273126 2.16787e-05
1.5302 1.25253 1.00013 0.000234988 1.65849e-05
1.55034 1.25253 1.00011 0.000201895 1.25701e-05
1.57047 1.25253 1.0001 0.000173224 9.42158e-06
1.5906 1.25253 1.00008 0.000148422 6.96634e-06
1.61074 1.25253 1.00007 0.000126997 5.06388e-06
1.63087 1.25253 1.00006 0.000108519 3.60044e-06
1.65101 1.25253 1.00005 9.26037e-05 2.48419e-06
1.67114 1.25253 1.00004 7.89171e-05 1.64118e-06
1.69128 1.25253 1.00004 6.71636e-05 1.01209e-06
1.71141 1.25253 1.00003 5.70848e-05 5.49478e-07
1.73154 1.25253 1.00003 4.84544e-05 2.1555e-07
1.75168 1.25253 1.00002 4.10748e-05 -1.96811e-08
1.77181 1.25253 1.00002 3.47736e-05 -1.79906e-07
1.79195 1.25253 1.00002 2.94008e-05 -2.83746e-07
1.81208 1.25253 1.00001 2.48261e-05 -3.45763e-07
1.83221 1.25253 1.00001 2.09364e-05 -3.77268e-07
1.85235 1.25253 1.00001 1.76337e-05 -3.86989e-07
1.87248 1.25253 1.00001 1.48333e-05 -3.81599e-07
1.89262 1.25253 1.00001 1.2462e-05 -3.66147e-07
1.91275 1.25253 1.00001 1.0457e-05 -3.44399e-07
1.93289 1.25253 1 8.76376e-06 -3.19113e-07
1.95302 1.25253 1 7.33581e-06 -2.92255e-07
1.97315 1.25253 1 6.13312e-06 -2.65178e-07
1.99329 1.25253 1 5.12147e-06 -2.38768e-07
2.01342 1.25253 1 4.27157e-06 -2.13565e-07
2.03356 1.25253 1 3.55846e-06 -1.89873e-07
2.05369 1.25253 1 2.9609e-06 -1.67843e-07
2.07383 1.25253 1 2.46078e-06 -1.47538e-07
2.09396 1.25253 1 2.04277e-06 -1.28968e-07
2.11409 1.25253 1 1.69382e-06 -1.12112e-07
2.13423 1.25253 1 1.40291e-06 -9.69281e-08
2.15436 1.25253 1 1.16068e-06 -8.33537e-08
2.1745 1.25253 1 9.59234e-07 -7.13102e-08
2.19463 1.25253 1 7.9191e-07 -6.07046e-08
2.21477 1.25253 1 6.53091e-07 -5.14325e-08
2.2349 1.25253 1 5.38053e-07 -4.3382e-08
2.25503 1.25253 1 4.42827e-07 -3.64375e-08
2.27517 1.25253 1 3.64089e-07 -3.04834e-08
2.2953 1.25253 1 2.99054e-07 -2.54075e-08
2.31544 1.25253 1 2.45392e-07 -2.11029e-08
2.33557 1.25253 1 2.01162e-07 -1.74703e-08
2.3557 1.25253 1 1.64743e-07 -1.44187e-08
2.37584 1.25253 1 1.34786e-07 -1.18657e-08
2.39597 1.25253 1 1.10169e-07 -9.73826e-09
2.41611 1.25253 1 8.99613e-08 -7.97179e-09
2.43624 1.25253 1 7.33891e-08 -6.50995e-09
2.45638 1.25253 1 5.98119e-08 -5.304e-09
2.47651 1.25253 1 4.86996e-08 -4.31205e-09
2.49664 1.25253 1 3.96137e-08 -3.49837e-09
2.51678 1.25253 1 3.21921e-08 -2.83264e-09
2.53691 1.25253 1 2.61357e-08 -2.28929e-09
2.55705 1.25253 1 2.11984e-08 -1.84683e-09
2.57718 1.25253 1 1.71773e-08 -1.48732e-09
2.59732 1.25253 1 1.39055e-08 -1.19581e-09
2.61745 1.25253 1 1.1246e-08 -9.5991e-10
2.63758 1.25253 1 9.08624e-09 -7.69365e-10
2.65772 1.25253 1 7.33393e-09 -6.15736e-10
2.67785 1.25253 1 5.91347e-09 -4.92083e-10
2.69799 1.25253 1 4.76301e-09 -3.92724e-10
2.71812 1.25253 1 3.83193e-09 -3.1301e-10
2.73826 1.25253 1 3.07891e-09 -2.49155e-10
2.75839 1.25253 1 2.4702e-09 -1.98073e-10
2.77852 1.25253 1 1.97824e-09 -1.57259e-10
2.79866 1.25253 1 1.58057e-09 -1.24681e-10
2.81879 1.25253 1 1.25885e-09 -9.8687e-11
2.83893 1.25253 1 9.98089e-10 -7.79376e-11
2.85906 1.25253 1 7.8604e-10 -6.13396e-11
2.87919 1.25253 1 6.12635e-10 -4.79954e-11
2.89933 1.25253 1 4.69567e-10 -3.71571e-11
2.91946 1.25253 1 3.4992e-10 -2.81869e-11
2.9396 1.25253 1 2.47864e-10 -2.05194e-11
2.95973 1.25253 1 1.58391e-10 -1.36262e-11
2.97987 1.25253 1 7.70985e-11 -6.97743e-12
3 1.25253 1 0 0

0 1.27273 1.00425 0 0
0.0201342 1.27273 1.00478 -0.000312563 0.00202261
0.0402685 1.27273 1.00555 -0.000500124 0.00412417
0.0604027 1.27273 1.00648 -0.000530767 0.00627766
0.0805369 1.27273 1.00755 -0.000388313 0.00844513
0.100671 1.27273 1.0087 -6.8398e-05 0.0105822
0.120805 1.27273 1.00989 0.000421161 0.0126446
0.14094 1.27273 1.01109 0.00106336 0.0145929
0.161074 1.27273 1.01227 0.00183498 0.0163944
0.181208 1.27273 1.01339 0.00270945 0.0180248
0.201342 1.27273 1.01445 0.00365929 0.0194679
0.221477 1.27273 1.01542 0.00465781 0.0207151
0.241611 1.27273 1.01629 0.00568031 0.0217639
0.261745 1.27273 1.01707 0.00670474 0.0226167
0.281879 1.27273 1.01774 0.00771193 0.0232799
0.302013 1.27273 1.01831 0.00868568 0.0237629
0.322148 1.27273 1.01878 0.00961256 0.0240765
0.342282 1.27273 1.01915 0.0104817 0.0242332
0.362416 1.27273 1.01942 0.0112846 0.0242459
0.38255 1.27273 1.0196 0.0120147 0.0241277
0.402685 1.27273 1.0197 0.0126672 0.0238919
0.422819 1.27273 1.0197 0.0132389 0.0235512
0.442953 1.27273 1.01963 0.013728 0.0231182
0.463087 1.27273 1.01948 0.0141339 0.0226048
0.483221 1.27273 1.01927 0.0144567 0.0220223
0.503356 1.27273 1.01899 0.0146979 0.0213812
0.52349 1.27273 1.01866 0.0148594 0.0206917
0.543624 1.27273 1.01827 0.0149439 0.0199628
0.563758 1.27273 1.01784 0.0149549 0.0192033
0.583893 1.27273 1.01736 0.0148961 0.0184209
0.604027 1.27273 1.01685 0.0147718 0.0176227
0.624161 1.27273 1.01631 0.0145869 0.016815
0.644295 1.27273 1.01574 0.0143461 0.0160035
0.66443 1.27273 1.01515 0.0140549 0.015193
0.684564 1.27273 1.01454 0.0137185 0.0143877
0.704698 1.27273 1.01392 0.0133424 0.0135911
0.724832 1.27273 1.01329 0.012932 0.0128058
0.744966 1.27273 1.01265 0.0124926 0.012034
0.765101 1.27273 1.01201 0.0120295 0.0112773
0.785235 1.27273 1.01137 0.0115475 0.0105367
0.805369 1.27273 1.01072 0.011051 0.00981265
0.825503 1.27273 1.01008 0.0105443 0.00910554
0.845638 1.27273 1.00945 0.0100308 0.00841554
0.865772 1.27273 1.00882 0.00951367 0.0077429
0.885906 1.27273 1.0082 0.00899529 0.00708813
0.90604 1.27273 1.00759 0.00847769 0.00645226
0.926174 1.27273 1.007 0.00796251 0.00583694
0.946309 1.27273 1.00642 0.00745117 0.00524458
0.966443 1.27273 1.00585 0.00694517 0.00467829
0.986577 1.27273 1.00531 0.00644624 0.00414168
1.00671 1.27273 1.0048 0.00595654 0.00363852
1.02685 1.27273 1.00431 0.0054787 0.00317221
1.04698 1.27273 1.00386 0.00501573 0.00274535
1.06711 1.27273 1.00344 0.00457069 0.00235941
1.08725 1.27273 1.00305 0.00414649 0.00201459
1.10738 1.27273 1.0027 0.00374557 0.00170992
1.12752 1.27273 1.00238 0.0033698 0.00144344
1.14765 1.27273 1.0021 0.00302034 0.00121249
1.16779 1.27273 1.00184 0.0026977 0.00101392
1.18792 1.27273 1.00161 0.00240178 0.000844423
1.20805 1.27273 1.00141 0.00213198 0.000700634
1.22819 1.27273 1.00123 0.0018873 0.000579326
1.24832 1.27273 1.00107 0.00166647 0.000477478
1.26846 1.27273 1.00093 0.001468 0.000392337
1.28859 1.27273 1.00081 0.00129032 0.000321438
1.30872 1.27273 1.0007 0.00113179 0.000262604
1.32886 1.27273 1.00061 0.000990788 0.000213939
1.34899 1.27273 1.00053 0.000865731 0.000173808
1.36913 1.27273 1.00046 0.000755105 0.000140807
1.38926 1.27273 1.00039 0.000657482 0.000113744
1.4094 1.27273 1.00034 0.000571526 9.16109e-05
1.42953 1.27273 1.00029 0.000496005 7.35566e-05
1.44966 1.27273 1.00025 0.000429783 5.88689e-05
1.4698 1.27273 1.00022 0.000371828 4.6952e-05
1.48993 1.27273 1.00018 0.000321201 3.73101e-05
1.51007 1.27273 1.00016 0.000277053 2.95309e-05
1.5302 1.27273 1.00014 0.000238622 2.32734e-05
1.55034 1.27273 1.00012 0.000205224 1.82557e-05
1.57047 1.27273 1.0001 0.000176246 1.42454e-05
1.5906 1.27273 1.00008 0.000151145 1.10516e-05
1.61074 1.27273 1.00007 0.000129437 8.51778e-06
1.63087 1.27273 1.00006 0.000110691 6.5158e-06
1.65101 1.27273 1.00005 9.45286e-05 4.94113e-06
1.67114 1.27273 1.00004 8.06151e-05 3.70867e-06
1.69128 1.27273 1.00004 6.86553e-05 2.74934e-06
1.71141 1.27273 1.00003 5.83904e-05 2.00719e-06
1.73154 1.27273 1.00003 4.95932e-05 1.43703e-06
1.75168 1.27273 1.00002 4.20649e-05 1.0025e-06
1.77181 1.27273 1.00002 3.56318e-05 6.74385e-07
1.79195 1.27273 1.00002 3.01426e-05 4.29344e-07
1.81208 1.27273 1.00001 2.54656e-05 2.48753e-07
1.83221 1.27273 1.00001 2.14862e-05 1.17828e-07
1.85235 1.27273 1.00001 1.81052e-05 2.48814e-08
1.87248 1.27273 1.00001 1.52367e-05 -3.92844e-08
1.89262 1.27273 1.00001 1.28063e-05 -8.18644e-08
1.91275 1.27273 1.00001 1.07501e-05 -1.08449e-07
1.93289 1.27273 1 9.01273e-06 -1.23348e-07
1.95302 1.27273 1 7.54679e-06 -1.29848e-07
1.97315 1.27273 1 6.3115e-06 -1.3043e-07
1.99329 1.27273 1 5.27195e-06 -1.26939e-07
2.01342 1.27273 1 4.39825e-06 -1.20735e-07
2.03356 1.27273 1 3.66489e-06 -1.12812e-07
2.05369 1.27273 1 3.05012e-06 -1.03895e-07
2.07383 1.27273 1 2.53544e-06 -9.45121e-08
2.09396 1.27273 1 2.10511e-06 -8.50537e-08
2.11409 1.27273 1 1.74578e-06 -7.58043e-08
2.13423 1.27273 1 1.44611e-06 -6.69681e-08
2.15436 1.27273 1 1.19653e-06 -5.86857e-08
2.1745 1.27273 1 9.88911e-07 -5.10462e-08
2.19463 1.27273 1 8.16424e-07 -4.40971e-08
2.21477 1.27273 1 6.73295e-07 -3.7853e-08
2.2349 1.27273 1 5.54669e-07 -3.2303e-08
2.25503 1.27273 1 4.56464e-07 -2.74177e-08
2.27517 1.27273 1 3.75257e-07 -2.31547e-08
2.2953 1.27273 1 3.08182e-07 -1.9464e-08
2.31544 1.27273 1 2.52839e-07 -1.62912e-08
2.33557 1.27273 1 2.07227e-07 -1.35812e-08
2.3557 1.27273 1 1.69673e-07 -1.12801e-08
2.37584 1.27273 1 1.38787e-07 -9.33638e-09
2.39597 1.27273 1 1.13411e-07 -7.70264e-09
2.41611 1.27273 1 9.25844e-08 -6.33557e-09
2.43624 1.27273 1 7.55082e-08 -5.19633e-09
2.45638 1.27273 1 6.15216e-08 -4.25055e-09
2.47651 1.27273 1 5.00772e-08 -3.46816e-09
2.49664 1.27273 1 4.07222e-08 -2.82305e-09
2.51678 1.27273 1 3.30829e-08 -2.29274e-09
2.53691 1.27273 1 2.68508e-08 -1.85807e-09
2.55705 1.27273 1 2.17718e-08 -1.50273e-09
2.57718 1.27273 1 1.76365e-08 -1.21299e-09
2.59732 1.27273 1 1.42729e-08 -9.77289e-10
2.61745 1.27273 1 1.15396e-08 -7.85991e-10
2.63758 1.27273 1 9.32058e-09 -6.31062e-10
2.65772 1.27273 1 7.52079e-09 -5.05844e-10
2.67785 1.27273 1 6.06232e-09 -4.04836e-10
2.69799 1.27273 1 4.88144e-09 -3.23509e-10
2.71812 1.27273 1 3.92606e-09 -2.58143e-10
2.73826 1.27273 1 3.15363e-09 -2.05694e-10
2.75839 1.27273 1 2.52943e-09 -1.63675e-10
2.77852 1.27273 1 2.02511e-09 -1.30056e-10
2.79866 1.27273 1 1.61758e-09 -1.03189e-10
2.81879 1.27273 1 1.28799e-09 -8.17283e-11
2.83893 1.27273 1 1.02094e-09 -6.4581e-11
2.85906 1.27273 1 8.03844e-10 -5.08526e-11
2.87919 1.27273 1 6.26372e-10 -3.9807e-11
2.89933 1.27273 1 4.79998e-10 -3.08297e-11
2.91946 1.27273 1 3.57627e-10 -2.3395e-11
2.9396 1.27273 1 2.53282e-10 -1.70365e-11
2.95973 1.27273 1 1.61832e-10 -1.13168e-11
2.97987 1.27273 1 7.87645e-11 -5.79659e-12
3 1.27273 1 0 0

0 1.29293 1.00455 0 0
0.0201342 1.29293 1.00505 -0.000321719 0.00192314
0.0402685 1.29293 1.00574 -0.000528776 0.00389358
0.0604027 1.29293 1.00656 -0.000596593 0.00589331
0.0805369 1.29293 1.00748 -0.000511523 0.00789485
0.100671 1.29293 1.00848 -0.000268805 0.00986471
0.120805 1.29293 1.00952 0.000126848 0.0117681
0.14094 1.29293 1.01057 0.000663052 0.0135727
0.161074 1.29293 1.0116 0.00132176 0.0152505
0.181208 1.29293 1.0126 0.00208143 0.0167796
0.201342 1.29293 1.01354 0.00291889 0.0181445
0.221477 1.29293 1.01442 0.00381092 0.0193354
0.241611 1.29293 1.01521 0.00473534 0.0203482
0.261745 1.29293 1.01592 0.00567172 0.021183
0.281879 1.29293 1.01654 0.00660182 0.0218438
0.302013 1.29293 1.01707 0.00750978 0.0223373
0.322148 1.29293 1.01751 0.00838208 0.0226722
0.342282 1.29293 1.01786 0.00920748 0.0228588
0.362416 1.29293 1.01812 0.00997684 0.0229081
0.38255 1.29293 1.0183 0.010683 0.0228317
0.402685 1.29293 1.01839 0.0113203 0.0226415
0.422819 1.29293 1.01841 0.011885 0.0223491
0.442953 1.29293 1.01835 0.0123745 0.0219661
0.463087 1.29293 1.01822 0.0127873 0.0215036
0.483221 1.29293 1.01803 0.0131232 0.0209722
0.503356 1.29293 1.01777 0.0133828 0.0203821
0.52349 1.29293 1.01747 0.0135676 0.0197429
0.543624 1.29293 1.01711 0.0136798 0.0190634
0.563758 1.29293 1.01671 0.0137223 0.0183519
0.583893 1.29293 1.01627 0.0136985 0.0176161
0.604027 1.29293 1.01579 0.0136121 0.0168628
0.624161 1.29293 1.01528 0.0134676 0.0160984
0.644295 1.29293 1.01475 0.0132695 0.0153283
0.66443 1.29293 1.0142 0.0130225 0.0145575
0.684564 1.29293 1.01363 0.0127317 0.0137901
0.704698 1.29293 1.01305 0.0124022 0.0130298
0.724832 1.29293 1.01245 0.0120389 0.0122793
0.744966 1.29293 1.01186 0.0116468 0.011541
0.765101 1.29293 1.01125 0.0112308 0.0108166
0.785235 1.29293 1.01065 0.0107954 0.0101075
0.805369 1.29293 1.01005 0.0103449 0.00941459
0.825503 1.29293 1.00945 0.00988297 0.00873849
0.845638 1.29293 1.00885 0.00941318 0.00807974
0.865772 1.29293 1.00827 0.00893845 0.0074389
0.885906 1.29293 1.00769 0.00846129 0.00681672
0.90604 1.29293 1.00713 0.0079838 0.00621426
0.926174 1.29293 1.00657 0.0075078 0.00563306
0.946309 1.29293 1.00603 0.00703493 0.00507514
0.966443 1.29293 1.00552 0.00656684 0.00454295
0.986577 1.29293 1.00502 0.00610531 0.00403927
1.00671 1.29293 1.00454 0.0056524 0.00356689
1.02685 1.29293 1.0041 0.00521043 0.00312833
1.04698 1.29293 1.00368 0.00478193 0.00272547
1.06711 1.29293 1.00329 0.00436947 0.0023594
1.08725 1.29293 1.00293 0.00397548 0.00203025
1.10738 1.29293 1.0026 0.00360204 0.00173726
1.12752 1.29293 1.0023 0.00325079 0.00147888
1.14765 1.29293 1.00203 0.00292283 0.00125297
1.16779 1.29293 1.00179 0.00261875 0.00105696
1.18792 1.29293 1.00157 0.0023386 0.000888073
1.20805 1.29293 1.00138 0.00208202 0.000743447
1.22819 1.29293 1.00121 0.00184831 0.000620279
1.24832 1.29293 1.00106 0.00163644 0.000515899
1.26846 1.29293 1.00092 0.00144524 0.000427827
1.28859 1.29293 1.0008 0.00127338 0.000353809
1.30872 1.29293 1.0007 0.00111947 0.000291824
1.32886 1.29293 1.0006 0.000982088 0.000240086
1.34899 1.29293 1.00052 0.000859842 0.000197032
1.36913 1.29293 1.00045 0.00075137 0.000161304
1.38926 1.29293 1.00039 0.000655373 0.000131735
1.4094 1.29293 1.00034 0.000570625 0.000107325
1.42953 1.29293 1.00029 0.000495981 8.72245e-05
1.44966 1.29293 1.00025 0.000430378 7.0712e-05
1.4698 1.29293 1.00022 0.000372843 5.71791e-05
1.48993 1.29293 1.00018 0.000322483 4.61145e-05
1.51007 1.29293 1.00016 0.000278489 3.70893e-05
1.5302 1.29293 1.00014 0.000240125 2.97455e-05
1.55034 1.29293 1.00012 0.000206733 2.37843e-05
1.57047 1.29293 1.0001 0.000177718 1.89576e-05
1.5906 1.29293 1.00008 0.00015255 1.50596e-05
1.61074 1.29293 1.00007 0.000130755 1.19202e-05
1.63087 1.29293 1.00006 0.000111912 9.3987e-06
1.65101 1.29293 1.00005 9.56474e-05 7.37953e-06
1.67114 1.29293 1.00004 8.16308e-05 5.76762e-06
1.69128 1.29293 1.00004 6.95705e-05 4.48506e-06
1.71141 1.29293 1.00003 5.92093e-05 3.46812e-06
1.73154 1.29293 1.00003 5.03217e-05 2.66483e-06
1.75168 1.29293 1.00002 4.27095e-05 2.03285e-06
1.77181 1.29293 1.00002 3.61995e-05 1.53782e-06
1.79195 1.29293 1.00002 3.06404e-05 1.15191e-06
1.81208 1.29293 1.00001 2.59003e-05 8.52649e-07
1.83221 1.29293 1.00001 2.18645e-05 6.21912e-07
1.85235 1.29293 1.00001 1.84332e-05 4.45158e-07
1.87248 1.29293 1.00001 1.55201e-05 3.10743e-07
1.89262 1.29293 1.00001 1.30505e-05 2.09379e-07
1.91275 1.29293 1.00001 1.09598e-05 1.33688e-07
1.93289 1.29293 1 9.19233e-06 7.78369e-08
1.95302 1.29293 1 7.70015e-06 3.7235e-08
1.97315 1.29293 1 6.44211e-06 8.2917e-09
1.99329 1.29293 1 5.38288e-06 -1.17875e-08
2.01342 1.29293 1 4.49224e-06 -2.51677e-08
2.03356 1.29293 1 3.74434e-06 -3.35222e-08
2.05369 1.29293 1 3.11714e-06 -3.8144e-08
2.07383 1.29293 1 2.59184e-06 -4.00337e-08
2.09396 1.29293 1 2.15247e-06 -3.99666e-08
2.11409 1.29293 1 1.78545e-06 -3.85435e-08
2.13423 1.29293 1 1.47927e-06 -3.62277e-08
2.15436 1.29293 1 1.22417e-06 -3.33728e-08
2.1745 1.29293 1 1.01191e-06 -3.02448e-08
2.19463 1.29293 1 8.35512e-07 -2.70389e-08
2.21477 1.29293 1 6.89099e-07 -2.38939e-08
2.2349 1.29293 1 5.67722e-07 -2.09036e-08
2.25503 1.29293 1 4.6722e-07 -1.81273e-08
2.27517 1.29293 1 3.84101e-07 -1.55979e-08
2.2953 1.29293 1 3.15437e-07 -1.33286e-08
2.31544 1.29293 1 2.58779e-07 -1.13186e-08
2.33557 1.29293 1 2.12079e-07 -9.55774e-09
2.3557 1.29293 1 1.7363e-07 -8.02958e-09
2.37584 1.29293 1 1.42007e-07 -6.71429e-09
2.39597 1.29293 1 1.16028e-07 -5.59042e-09
2.41611 1.29293 1 9.47062e-08 -4.63631e-09
2.43624 1.29293 1 7.72263e-08 -3.83102e-09
2.45638 1.29293 1 6.29106e-08 -3.15488e-09
2.47651 1.29293 1 5.11984e-08 -2.58988e-09
2.49664 1.29293 1 4.1626e-08 -2.11979e-09
2.51678 1.29293 1 3.38104e-08 -1.73023e-09
2.53691 1.29293 1 2.74356e-08 -1.40859e-09
2.55705 1.29293 1 2.22412e-08 -1.14392e-09
2.57718 1.29293 1 1.80129e-08 -9.26829e-10
2.59732 1.29293 1 1.45743e-08 -7.49285e-10
2.61745 1.29293 1 1.17806e-08 -6.04485e-10
2.63758 1.29293 1 9.51316e-09 -4.86699e-10
2.65772 1.29293 1 7.67446e-09 -3.9112e-10
2.67785 1.29293 1 6.1848e-09 -3.13743e-10
2.69799 1.29293 1 4.97895e-09 -2.51238e-10
2.71812 1.29293 1 4.00359e-09 -2.00851e-10
2.73826 1.29293 1 3.21519e-09 -1.60313e-10
2.75839 1.29293 1 2.57824e-09 -1.27757e-10
2.77852 1.29293 1 2.06375e-09 -1.01653e-10
2.79866 1.29293 1 1.64809e-09 -8.07498e-11
2.81879 1.29293 1 1.31201e-09 -6.40239e-11
2.83893 1.29293 1 1.03978e-09 -5.06384e-11
2.85906 1.29293 1 8.18523e-10 -3.99068e-11
2.87919 1.29293 1 6.37698e-10 -3.12614e-11
2.89933 1.29293 1 4.88598e-10 -2.42268e-11
2.91946 1.29293 1 3.63983e-10 -1.83951e-11
2.9396 1.29293 1 2.57751e-10 -1.34026e-11
2.95973 1.29293 1 1.6467e-10 -8.90734e-12
2.97987 1.29293 1 8.01393e-11 -4.56463e-12
3 1.29293 1 0 0

0 1.31313 1.00471 0 0
0.0201342 1.31313 1.00519 -0.000327393 0.00182808
0.0402685 1.31313 1.00581 -0.000548381 0.00367898
0.0604027 1.31313 1.00653 -0.00064411 0.00554088
0.0805369 1.31313 1.00735 -0.000603432 0.00739399
0.100671 1.31313 1.00822 -0.000421892 0.00921307
0.120805 1.31313 1.00913 -0.000102385 0.0109709
0.14094 1.31313 1.01005 0.000345896 0.0126412
0.161074 1.31313 1.01097 0.000908806 0.0142004
0.181208 1.31313 1.01186 0.0015688 0.0156293
0.201342 1.31313 1.0127 0.00230644 0.0169133
0.221477 1.31313 1.01348 0.00310164 0.0180428
0.241611 1.31313 1.0142 0.0039347 0.0190123
0.261745 1.31313 1.01485 0.00478704 0.0198208
0.281879 1.31313 1.01542 0.00564162 0.0204701
0.302013 1.31313 1.01591 0.00648327 0.020965
0.322148 1.31313 1.01632 0.00729876 0.0213124
0.342282 1.31313 1.01665 0.00807681 0.0215205
0.362416 1.31313 1.01689 0.00880804 0.0215988
0.38255 1.31313 1.01706 0.00948482 0.0215574
0.402685 1.31313 1.01716 0.0101012 0.0214066
0.422819 1.31313 1.01718 0.0106526 0.0211572
0.442953 1.31313 1.01713 0.011136 0.0208196
0.463087 1.31313 1.01701 0.0115493 0.0204041
0.483221 1.31313 1.01684 0.0118918 0.0199207
0.503356 1.31313 1.01661 0.0121635 0.019379
0.52349 1.31313 1.01633 0.0123655 0.018788
0.543624 1.31313 1.016 0.0124993 0.0181562
0.563758 1.31313 1.01563 0.0125674 0.0174917
0.583893 1.31313 1.01522 0.0125727 0.0168017
0.604027 1.31313 1.01477 0.0125187 0.0160929
0.624161 1.31313 1.0143 0.0124092 0.0153716
0.644295 1.31313 1.01381 0.0122484 0.0146431
0.66443 1.31313 1.01329 0.0120406 0.0139123
0.684564 1.31313 1.01276 0.0117905 0.0131835
0.704698 1.31313 1.01221 0.0115028 0.01246
0.724832 1.31313 1.01166 0.011182 0.0117451
0.744966 1.31313 1.0111 0.0108329 0.0110411
0.765101 1.31313 1.01053 0.0104598 0.0103501
0.785235 1.31313 1.00997 0.010067 0.00967344
0.805369 1.31313 1.0094 0.00965859 0.00901241
0.825503 1.31313 1.00884 0.00923809 0.00836792
0.845638 1.31313 1.00829 0.0088088 0.00774076
0.865772 1.31313 1.00774 0.00837361 0.0071317
0.885906 1.31313 1.0072 0.00793503 0.00654163
0.90604 1.31313 1.00668 0.00749523 0.00597163
0.926174 1.31313 1.00617 0.00705615 0.00542309
0.946309 1.31313 1.00567 0.00661955 0.0048977
0.966443 1.31313 1.00519 0.00618717 0.00439742
0.986577 1.31313 1.00473 0.00576081 0.00392438
1.00671 1.31313 1.00429 0.00534241 0.00348067
1.02685 1.31313 1.00388 0.00493404 0.00306813
1.04698 1.31313 1.00349 0.00453791 0.00268813
1.06711 1.31313 1.00313 0.00415619 0.00234145
1.08725 1.31313 1.0028 0.00379094 0.00202812
1.10738 1.31313 1.00249 0.00344394 0.0017475
1.12752 1.31313 1.00222 0.00311663 0.00149833
1.14765 1.31313 1.00196 0.00281001 0.00127884
1.16779 1.31313 1.00173 0.00252469 0.00108692
1.18792 1.31313 1.00153 0.00226083 0.000920219
1.20805 1.31313 1.00134 0.00201823 0.000776292
1.22819 1.31313 1.00118 0.00179637 0.000652705
1.24832 1.31313 1.00103 0.00159448 0.000547105
1.26846 1.31313 1.0009 0.00141158 0.000457272
1.28859 1.31313 1.00079 0.00124659 0.000381158
1.30872 1.31313 1.00068 0.00109831 0.000316902
1.32886 1.31313 1.0006 0.000965515 0.000262839
1.34899 1.31313 1.00052 0.000846983 0.00021749
1.36913 1.31313 1.00045 0.000741495 0.000179559
1.38926 1.31313 1.00039 0.000647881 0.000147917
1.4094 1.31313 1.00033 0.000565023 0.000121588
1.42953 1.31313 1.00029 0.000491866 9.97324e-05
1.44966 1.31313 1.00025 0.000427425 8.16316e-05
1.4698 1.31313 1.00021 0.000370789 6.66742e-05
1.48993 1.31313 1.00018 0.000321119 5.4341e-05
1.51007 1.31313 1.00016 0.000277646 4.41934e-05
1.5302 1.31313 1.00013 0.000239673 3.58619e-05
1.55034 1.31313 1.00012 0.000206566 2.90359e-05
1.57047 1.31313 1.0001 0.000177757 2.3455e-05
1.5906 1.31313 1.00008 0.000152731 1.89021e-05
1.61074 1.31313 1.00007 0.00013103 1.51956e-05
1.63087 1.31313 1.00006 0.000112246 1.2185e-05
1.65101 1.31313 1.00005 9.60123e-05 9.74492e-06
1.67114 1.31313 1.00004 8.20071e-05 7.77189e-06
1.69128 1.31313 1.00004 6.99439e-05 6.18025e-06
1.71141 1.31313 1.00003 5.95701e-05 4.89941e-06
1.73154 1.31313 1.00003 5.06631e-05 3.87127e-06
1.75168 1.31313 1.00002 4.30276e-05 3.04813e-06
1.77181 1.31313 1.00002 3.64922e-05 2.3909e-06
1.79195 1.31313 1.00002 3.09068e-05 1.86764e-06
1.81208 1.31313 1.00001 2.61406e-05 1.45228e-06
1.83221 1.31313 1.00001 2.20796e-05 1.12359e-06
1.85235 1.31313 1.00001 1.86245e-05 8.64337e-07
1.87248 1.31313 1.00001 1.56892e-05 6.60571e-07
1.89262 1.31313 1.00001 1.31991e-05 5.01008e-07
1.91275 1.31313 1.00001 1.10898e-05 3.76563e-07
1.93289 1.31313 1 9.30548e-06 2.79936e-07
1.95302 1.31313 1 7.79823e-06 2.05284e-07
1.97315 1.31313 1 6.5268e-06 1.47945e-07
1.99329 1.31313 1 5.45574e-06 1.04208e-07
2.01342 1.31313 1 4.55471e-06 7.11303e-08
2.03356 1.31313 1 3.79774e-06 4.63781e-08
2.05369 1.31313 1 3.16264e-06 2.81047e-08
2.07383 1.31313 1 2.6305e-06 1.48472e-08
2.09396 1.31313 1 2.18523e-06 5.44643e-09
2.11409 1.31313 1 1.81314e-06 -1.01523e-09
2.13423 1.31313 1 1.5026e-06 -5.26301e-09
2.15436 1.31313 1 1.24378e-06 -7.86752e-09
2.1745 1.31313 1 1.02834e-06 -9.27492e-09
2.19463 1.31313 1 8.49245e-07 -9.83092e-09
2.21477 1.31313 1 7.00544e-07 -9.80037e-09
2.2349 1.31313 1 5.77234e-07 -9.38342e-09
2.25503 1.31313 1 4.75105e-07 -8.72872e-09
2.27517 1.31313 1 3.90619e-07 -7.94452e-09
2.2953 1.31313 1 3.20813e-07 -7.10763e-09
2.31544 1.31313 1 2.63201e-07 -6.27079e-09
2.33557 1.31313 1 2.15708e-07 -5.46864e-09
2.3557 1.31313 1 1.76601e-07 -4.72239e-09
2.37584 1.31313 1 1.44435e-07 -4.04355e-09
2.39597 1.31313 1 1.18007e-07 -3.43677e-09
2.41611 1.31313 1 9.63171e-08 -2.90203e-09
2.43624 1.31313 1 7.85347e-08 -2.43628e-09
2.45638 1.31313 1 6.39713e-08 -2.03461e-09
2.47651 1.31313 1 5.20568e-08 -1.69116e-09
2.49664 1.31313 1 4.23195e-08 -1.39963e-09
2.51678 1.31313 1 3.43698e-08 -1.1538e-09
2.53691 1.31313 1 2.78861e-08 -9.47696e-10
2.55705 1.31313 1 2.26035e-08 -7.75793e-10
2.57718 1.31313 1 1.83038e-08 -6.33089e-10
2.59732 1.31313 1 1.48076e-08 -5.15129e-10
2.61745 1.31313 1 1.19674e-08 -4.18004e-10
2.63758 1.31313 1 9.66256e-09 -3.38323e-10
2.65772 1.31313 1 7.79378e-09 -2.73169e-10
2.67785 1.31313 1 6.27998e-09 -2.2006e-10
2.69799 1.31313 1 5.05476e-09 -1.76893e-10
2.71812 1.31313 1 4.0639e-09 -1.41903e-10
2.73826 1.31313 1 3.26311e-09 -1.13611e-10
2.75839 1.31313 1 2.61624e-09 -9.07879e-11
2.77852 1.31313 1 2.09383e-09 -7.24146e-11
2.79866 1.31313 1 1.67186e-09 -5.76487e-11
2.81879 1.31313 1 1.33073e-09 -4.57956e-11
2.83893 1.31313 1 1.05445e-09 -3.62824e-11
2.85906 1.31313 1 8.29958e-10 -2.86358e-11
2.87919 1.31313 1 6.46522e-10 -2.24616e-11
2.89933 1.31313 1 4.95299e-10 -1.74275e-11
2.91946 1.31313 1 3.68935e-10 -1.32464e-11
2.9396 1.31313 1 2.61234e-10 -9.66059e-12
2.95973 1.31313 1 1.66883e-10 -6.42625e-12
2.97987 1.31313 1 8.12118e-11 -3.29607e-12
3 1.31313 1 0 0

0 1.33333 1.00475 0 0
0.0201342 1.33333 1.00521 -0.000330066 0.00173643
0.0402685 1.33333 1.00578 -0.000560558 0.00347678
0.0604027 1.33333 1.00643 -0.000677114 0.00521356
0.0805369 1.33333 1.00716 -0.000670873 0.00693264
0.100671 1.33333 1.00793 -0.000538033 0.00861503
0.120805 1.33333 1.00873 -0.000280487 0.0102396
0.14094 1.33333 1.00955 9.47516e-05 0.011785
0.161074 1.33333 1.01036 0.000576437 0.0132317
0.181208 1.33333 1.01115 0.0011502 0.0145632
0.201342 1.33333 1.01191 0.0017997 0.0157662
0.221477 1.33333 1.01261 0.00250765 0.0168314
0.241611 1.33333 1.01326 0.00325668 0.0177531
0.261745 1.33333 1.01385 0.00403006 0.0185291
0.281879 1.33333 1.01437 0.00481211 0.0191601
0.302013 1.33333 1.01482 0.00558858 0.0196492
0.322148 1.33333 1.0152 0.00634677 0.0200016
0.342282 1.33333 1.01551 0.00707565 0.0202241
0.362416 1.33333 1.01574 0.00776584 0.0203246
0.38255 1.33333 1.0159 0.00840956 0.0203117
0.402685 1.33333 1.01599 0.00900052 0.0201947
0.422819 1.33333 1.01601 0.00953386 0.0199831
0.442953 1.33333 1.01597 0.010006 0.0196864
0.463087 1.33333 1.01587 0.0104146 0.019314
0.483221 1.33333 1.01571 0.0107582 0.0188753
0.503356 1.33333 1.0155 0.0110365 0.0183791
0.52349 1.33333 1.01524 0.0112501 0.017834
0.543624 1.33333 1.01494 0.0114001 0.0172481
0.563758 1.33333 1.01459 0.0114885 0.016629
0.583893 1.33333 1.01421 0.0115178 0.0159837
0.604027 1.33333 1.0138 0.011491 0.0153187
0.624161 1.33333 1.01336 0.0114116 0.01464
0.644295 1.33333 1.0129 0.0112832 0.0139529
0.66443 1.33333 1.01242 0.01111 0.0132621
0.684564 1.33333 1.01192 0.010896 0.0125719
0.704698 1.33333 1.01141 0.0106457 0.0118858
0.724832 1.33333 1.01089 0.0103632 0.0112069
0.744966 1.33333 1.01037 0.0100529 0.0105378
0.765101 1.33333 1.00984 0.00971887 0.00988055
0.785235 1.33333 1.00931 0.00936513 0.0092369
0.805369 1.33333 1.00879 0.00899539 0.00860822
0.825503 1.33333 1.00826 0.00861309 0.00799562
0.845638 1.33333 1.00775 0.00822137 0.00740011
0.865772 1.33333 1.00724 0.00782302 0.00682259
0.885906 1.33333 1.00674 0.00742054 0.00626403
0.90604 1.33333 1.00625 0.00701614 0.00572551
0.926174 1.33333 1.00578 0.0066118 0.00520827
0.946309 1.33333 1.00532 0.00620936 0.00471373
0.966443 1.33333 1.00487 0.00581059 0.00424348
0.986577 1.33333 1.00445 0.00541727 0.00379914
1.00671 1.33333 1.00405 0.00503124 0.00338229
1.02685 1.33333 1.00367 0.00465438 0.00299428
1.04698 1.33333 1.00331 0.00428862 0.00263609
1.06711 1.33333 1.00298 0.00393585 0.00230822
1.08725 1.33333 1.00267 0.00359782 0.00201064
1.10738 1.33333 1.00238 0.00327608 0.00174278
1.12752 1.33333 1.00212 0.00297189 0.00150357
1.14765 1.33333 1.00188 0.00268615 0.00129153
1.16779 1.33333 1.00167 0.00241945 0.00110488
1.18792 1.33333 1.00147 0.002172 0.000941616
1.20805 1.33333 1.0013 0.00194372 0.000799656
1.22819 1.33333 1.00114 0.00173424 0.000676876
1.24832 1.33333 1.001 0.00154294 0.0005712
1.26846 1.33333 1.00088 0.00136906 0.00048065
1.28859 1.33333 1.00077 0.00121167 0.000403374
1.30872 1.33333 1.00067 0.00106977 0.000337669
1.32886 1.33333 1.00058 0.000942303 0.000281993
1.34899 1.33333 1.00051 0.000828186 0.000234962
1.36913 1.33333 1.00044 0.000726343 0.000195348
1.38926 1.33333 1.00038 0.000635724 0.000162072
1.4094 1.33333 1.00033 0.000555315 0.000134191
1.42953 1.33333 1.00028 0.000484154 0.000110886
1.44966 1.33333 1.00025 0.000421332 9.14499e-05
1.4698 1.33333 1.00021 0.000366004 7.52764e-05
1.48993 1.33333 1.00018 0.000317386 6.18459e-05
1.51007 1.33333 1.00016 0.000274755 5.0716e-05
1.5302 1.33333 1.00013 0.000237454 4.1511e-05
1.55034 1.33333 1.00011 0.00020488 3.39127e-05
1.57047 1.33333 1.0001 0.00017649 2.76529e-05
1.5906 1.33333 1.00008 0.000151793 2.25056e-05
1.61074 1.33333 1.00007 0.000130349 1.82811e-05
1.63087 1.33333 1.00006 0.000111763 1.48205e-05
1.65101 1.33333 1.00005 9.56817e-05 1.19911e-05
1.67114 1.33333 1.00004 8.17918e-05 9.68211e-06
1.69128 1.33333 1.00004 6.98149e-05 7.80149e-06
1.71141 1.33333 1.00003 5.95047e-05 6.27271e-06
1.73154 1.33333 1.00003 5.06439e-05 5.0324e-06
1.75168 1.33333 1.00002 4.30408e-05 4.02813e-06
1.77181 1.33333 1.00002 3.65274e-05 3.21662e-06
1.79195 1.33333 1.00002 3.09563e-05 2.56223e-06
1.81208 1.33333 1.00001 2.61984e-05 2.03564e-06
1.83221 1.33333 1.00001 2.21413e-05 1.61281e-06
1.85235 1.33333 1.00001 1.8687e-05 1.27403e-06
1.87248 1.33333 1.00001 1.57503e-05 1.0032e-06
1.89262 1.33333 1.00001 1.32574e-05 7.87192e-07
1.91275 1.33333 1.00001 1.11442e-05 6.1533e-07
1.93289 1.33333 1 9.35561e-06 4.78938e-07
1.95302 1.33333 1 7.84382e-06 3.7099e-07
1.97315 1.33333 1 6.56781e-06 2.85811e-07
1.99329 1.33333 1 5.49233e-06 2.18825e-07
2.01342 1.33333 1 4.5871e-06 1.66349e-07
2.03356 1.33333 1 3.82622e-06 1.25421e-07
2.05369 1.33333 1 3.18753e-06 9.36641e-08
2.07383 1.33333 1 2.65215e-06 6.91706e-08
2.09396 1.33333 1 2.20396e-06 5.04089e-08
2.11409 1.33333 1 1.82927e-06 3.61513e-08
2.13423 1.33333 1 1.51644e-06 2.54147e-08
2.15436 1.33333 1 1.2556e-06 1.7414e-08
2.1745 1.33333 1 1.0384e-06 1.15241e-08
2.19463 1.33333 1 8.57762e-07 7.24998e-09
2.21477 1.33333 1 7.07732e-07 4.20141e-09
2.2349 1.33333 1 5.83278e-07 2.07313e-09
2.25503 1.33333 1 4.80169e-07 6.28018e-10
2.27517 1.33333 1 3.94848e-07 -3.16586e-10
2.2953 1.33333 1 3.24332e-07 -9.00098e-10
2.31544 1.33333 1 2.6612e-07 -1.22788e-09
2.33557 1.33333 1 2.18123e-07 -1.37866e-09
2.3557 1.33333 1 1.78592e-07 -1.4106e-09
2.37584 1.33333 1 1.46073e-07 -1.36601e-09
2.39597 1.33333 1 1.1935e-07 -1.27522e-09
2.41611 1.33333 1 9.7416e-08 -1.15951e-09
2.43624 1.33333 1 7.94316e-08 -1.03346e-09
2.45638 1.33333 1 6.47017e-08 -9.06762e-10
2.47651 1.33333 1 5.26503e-08 -7.85509e-10
2.49664 1.33333 1 4.28008e-08 -6.73294e-10
2.51678 1.33333 1 3.47593e-08 -5.71948e-10
2.53691 1.33333 1 2.82008e-08 -4.82112e-10
2.55705 1.33333 1 2.28572e-08 -4.0365e-10
2.57718 1.33333 1 1.8508e-08 -3.35948e-10
2.59732 1.33333 1 1.49716e-08 -2.78117e-10
2.61745 1.33333 1 1.20991e-08 -2.29142e-10
2.63758 1.33333 1 9.768e-09 -1.87973e-10
2.65772 1.33333 1 7.87811e-09 -1.53591e-10
2.67785 1.33333 1 6.34731e-09 -1.25043e-10
2.69799 1.33333 1 5.10845e-09 -1.0146e-10
2.71812 1.33333 1 4.10665e-09 -8.20686e-11
2.73826 1.33333 1 3.29708e-09 -6.6191e-11
2.75839 1.33333 1 2.6432e-09 -5.32392e-11
2.77852 1.33333 1 2.11518e-09 -4.27094e-11
2.79866 1.33333 1 1.68872e-09 -3.4173e-11
2.81879 1.33333 1 1.34401e-09 -2.72676e-11
2.83893 1.33333 1 1.06487e-09 -2.16875e-11
2.85906 1.33333 1 8.38074e-10 -1.71753e-11
2.87919 1.33333 1 6.52783e-10 -1.35126e-11
2.89933 1.33333 1 5.00054e-10 -1.05121e-11
2.91946 1.33333 1 3.72449e-10 -8.00926e-12
2.9396 1.33333 1 2.63706e-10 -5.8541e-12
2.95973 1.33333 1 1.68455e-10 -3.90235e-12
2.97987 1.33333 1 8.19745e-11 -2.00565e-12
3 1.33333 1 0 0

0 1.35354 1.00472 0 0
0.0201342 1.35354 1.00516 -0.000330131 0.00164759
0.0402685 1.35354 1.00568 -0.000566533 0.00328457
0.0604027 1.35354 1.00627 -0.000698392 0.00490655
0.0805369 1.35354 1.00692 -0.000718854 0.00650354
0.100671 1.35354 1.00761 -0.000624905 0.00806137
0.120805 1.35354 1.00833 -0.000417952 0.00956359
0.14094 1.35354 1.00905 -0.00010353 0.0109932
0.161074 1.35354 1.00978 0.000309259 0.0123341
0.181208 1.35354 1.01048 0.000808542 0.013572
0.201342 1.35354 1.01116 0.00138053 0.0146953
0.221477 1.35354 1.01179 0.00201035 0.0156955
0.241611 1.35354 1.01238 0.00268277 0.0165667
0.261745 1.35354 1.01292 0.00338282 0.0173062
0.281879 1.35354 1.01339 0.00409623 0.0179137
0.302013 1.35354 1.0138 0.00480977 0.0183912
0.322148 1.35354 1.01415 0.00551147 0.0187427
0.342282 1.35354 1.01443 0.00619074 0.0189735
0.362416 1.35354 1.01465 0.00683839 0.0190902
0.38255 1.35354 1.0148 0.00744665 0.0191002
0.402685 1.35354 1.01488 0.00800914 0.0190117
0.422819 1.35354 1.01491 0.00852077 0.0188331
0.442953 1.35354 1.01487 0.00897766 0.0185729
0.463087 1.35354 1.01478 0.00937708 0.0182399
0.483221 1.35354 1.01464 0.00971733 0.0178424
0.503356 1.35354 1.01445 0.00999765 0.0173888
0.52349 1.35354 1.01421 0.0102181 0.0168872
0.543624 1.35354 1.01393 0.0103796 0.0163451
0.563758 1.35354 1.01361 0.0104836 0.0157696
0.583893 1.35354 1.01326 0.0105322 0.0151677
0.604027 1.35354 1.01288 0.0105281 0.0145454
0.624161 1.35354 1.01247 0.0104742 0.0139085
0.644295 1.35354 1.01204 0.0103739 0.0132622
0.66443 1.35354 1.01159 0.0102309 0.0126111
0.684564 1.35354 1.01113 0.0100489 0.0119594
0.704698 1.35354 1.01065 0.00983183 0.0113106
0.724832 1.35354 1.01017 0.00958373 0.0106679
0.744966 1.35354 1.00968 0.0093085 0.0100338
0.765101 1.35354 1.00919 0.00900999 0.00941063
0.785235 1.35354 1.00869 0.00869189 0.00880018
0.805369 1.35354 1.0082 0.0083577 0.00820397
0.825503 1.35354 1.00772 0.00801066 0.00762328
0.845638 1.35354 1.00723 0.00765377 0.00705923
0.865772 1.35354 1.00676 0.00728974 0.00651283
0.885906 1.35354 1.0063 0.00692102 0.00598509
0.90604 1.35354 1.00585 0.0065498 0.00547705
0.926174 1.35354 1.00541 0.0061781 0.00498984
0.946309 1.35354 1.00498 0.00580778 0.00452466
0.966443 1.35354 1.00457 0.0054406 0.00408279
0.986577 1.35354 1.00418 0.0050783 0.0036655
1.00671 1.35354 1.00381 0.00472262 0.00327395
1.02685 1.35354 1.00346 0.00437529 0.00290915
1.04698 1.35354 1.00313 0.00403801 0.00257176
1.06711 1.35354 1.00282 0.00371246 0.00226211
1.08725 1.35354 1.00253 0.00340014 0.00198008
1.10738 1.35354 1.00226 0.00310241 0.00172514
1.12752 1.35354 1.00202 0.00282036 0.00149636
1.14765 1.35354 1.0018 0.00255482 0.00129249
1.16779 1.35354 1.0016 0.00230633 0.00111199
1.18792 1.35354 1.00141 0.00207514 0.000953166
1.20805 1.35354 1.00125 0.00186123 0.000814201
1.22819 1.35354 1.0011 0.00166433 0.000693247
1.24832 1.35354 1.00097 0.00148397 0.000588475
1.26846 1.35354 1.00085 0.00131953 0.000498121
1.28859 1.35354 1.00074 0.00117024 0.000420516
1.30872 1.35354 1.00065 0.00103524 0.000354111
1.32886 1.35354 1.00057 0.000913625 0.000297483
1.34899 1.35354 1.00049 0.000804446 0.000249348
1.36913 1.35354 1.00043 0.000706753 0.000208551
1.38926 1.35354 1.00037 0.000619608 0.00017407
1.4094 1.35354 1.00032 0.000542095 0.000145001
1.42953 1.35354 1.00028 0.000473341 0.000120555
1.44966 1.35354 1.00024 0.000412514 0.000100043
1.4698 1.35354 1.00021 0.000358833 8.2871e-05
1.48993 1.35354 1.00018 0.000311571 6.8524e-05
1.51007 1.35354 1.00015 0.000270054 5.65617e-05
1.5302 1.35354 1.00013 0.000233665 4.66073e-05
1.55034 1.35354 1.00011 0.000201836 3.83392e-05
1.57047 1.35354 1.0001 0.000174053 3.14845e-05
1.5906 1.35354 1.00008 0.000149849 2.58119e-05
1.61074 1.35354 1.00007 0.000128804 2.11258e-05
1.63087 1.35354 1.00006 0.00011054 1.72614e-05
1.65101 1.35354 1.00005 9.47183e-05 1.40801e-05
1.67114 1.35354 1.00004 8.10365e-05 1.14657e-05
1.69128 1.35354 1.00004 6.92261e-05 9.32091e-06
1.71141 1.35354 1.00003 5.90485e-05 7.56428e-06
1.73154 1.35354 1.00003 5.02928e-05 6.12803e-06
1.75168 1.35354 1.00002 4.27729e-05 4.95572e-06
1.77181 1.35354 1.00002 3.63248e-05 4.00049e-06
1.79195 1.35354 1.00002 3.08048e-05 3.22345e-06
1.81208 1.35354 1.00001 2.60866e-05 2.59245e-06
1.83221 1.35354 1.00001 2.20602e-05 2.08093e-06
1.85235 1.35354 1.00001 1.86294e-05 1.66697e-06
1.87248 1.35354 1.00001 1.57106e-05 1.33255e-06
1.89262 1.35354 1.00001 1.32311e-05 1.06286e-06
1.91275 1.35354 1.00001 1.1128e-05 8.45768e-07
1.93289 1.35354 1 9.34664e-06 6.71336e-07
1.95302 1.35354 1 7.84007e-06 5.31451e-07
1.97315 1.35354 1 6.56772e-06 4.195e-07
1.99329 1.35354 1 5.4947e-06 3.30101e-07
2.01342 1.35354 1 4.59106e-06 2.58884e-07
2.03356 1.35354 1 3.83111e-06 2.023e-07
2.05369 1.35354 1 3.19289e-06 1.57473e-07
2.07383 1.35354 1 2.65763e-06 1.22076e-07
2.09396 1.35354 1 2.20934e-06 9.42224e-08
2.11409 1.35354 1 1.83439e-06 7.23888e-08
2.13423 1.35354 1 1.52121e-06 5.5344e-08
2.15436 1.35354 1 1.25996e-06 4.20957e-08
2.1745 1.35354 1 1.04233e-06 3.18455e-08
2.19463 1.35354 1 8.61263e-07 2.39531e-08
2.21477 1.35354 1 7.10817e-07 1.79066e-08
2.2349 1.35354 1 5.85971e-07 1.32987e-08
2.25503 1.35354 1 4.82501e-07 9.80625e-09
2.27517 1.35354 1 3.96853e-07 7.17451e-09
2.2953 1.35354 1 3.26043e-07 5.20336e-09
2.31544 1.35354 1 2.67573e-07 3.73654e-09
2.33557 1.35354 1 2.19349e-07 2.65258e-09
2.3557 1.35354 1 1.79622e-07 1.85762e-09
2.37584 1.35354 1 1.46933e-07 1.27948e-09
2.39597 1.35354 1 1.20066e-07 8.62976e-10
2.41611 1.35354 1 9.80094e-08 5.66162e-10
2.43624 1.35354 1 7.99215e-08 3.57317e-10
2.45638 1.35354 1 6.51048e-08 2.1261e-10
2.47651 1.35354 1 5.29809e-08 1.14246e-10
2.49664 1.35354 1 4.3071e-08 4.90231e-11
2.51678 1.35354 1 3.49796e-08 7.21973e-12
2.53691 1.35354 1 2.83799e-08 -1.82692e-11
2.55705 1.35354 1 2.30024e-08 -3.25914e-11
2.57718 1.35354 1 1.86255e-08 -3.94399e-11
2.59732 1.35354 1 1.50665e-08 -4.14349e-11
2.61745 1.35354 1 1.21754e-08 -4.04104e-11
2.63758 1.35354 1 9.82934e-09 -3.76298e-11
2.65772 1.35354 1 7.9273e-09 -3.39454e-11
2.67785 1.35354 1 6.38668e-09 -2.99172e-11
2.69799 1.35354 1 5.13989e-09 -2.58996e-11
2.71812 1.35354 1 4.13171e-09 -2.21041e-11
2.73826 1.35354 1 3.31702e-09 -1.86458e-11
2.75839 1.35354 1 2.65903e-09 -1.5575e-11
2.77852 1.35354 1 2.12772e-09 -1.29009e-11
2.79866 1.35354 1 1.69863e-09 -1.06069e-11
2.81879 1.35354 1 1.35181e-09 -8.66184e-12
2.83893 1.35354 1 1.07098e-09 -7.02684e-12
2.85906 1.35354 1 8.42834e-10 -5.65994e-12
2.87919 1.35354 1 6.56455e-10 -4.51851e-12
2.89933 1.35354 1 5.02842e-10 -3.56036e-12
2.91946 1.35354 1 3.7451e-10 -2.74377e-12
2.9396 1.35354 1 2.65157e-10 -2.02657e-12
2.95973 1.35354 1 1.69378e-10 -1.36438e-12
2.97987 1.35354 1 8.24236e-11 -7.08047e-13
3 1.35354 1 0 0

0 1.37374 1.00462 0 0
0.0201342 1.37374 1.00504 -0.000327923 0.0015612
0.0402685 1.37374 1.00553 -0.000567278 0.00310075
0.0604027 1.37374 1.00607 -0.000710059 0.00461644
0.0805369 1.37374 1.00666 -0.000751137 0.0061014
0.100671 1.37374 1.00727 -0.000688303 0.0075451
0.120805 1.37374 1.00791 -0.000522787 0.00893486
0.14094 1.37374 1.00856 -0.000259135 0.0102571
0.161074 1.37374 1.00921 9.51413e-05 0.0114987
0.181208 1.37374 1.00984 0.000530116 0.0126477
0.201342 1.37374 1.01045 0.00103409 0.0136939
0.221477 1.37374 1.01102 0.00159424 0.0146294
0.241611 1.37374 1.01155 0.00219725 0.015449
0.261745 1.37374 1.01204 0.00282978 0.0161494
0.281879 1.37374 1.01247 0.00347894 0.0167299
0.302013 1.37374 1.01285 0.00413258 0.0171915
0.322148 1.37374 1.01316 0.00477953 0.0175372
0.342282 1.37374 1.01342 0.00540977 0.0177712
0.362416 1.37374 1.01362 0.00601446 0.0178991
0.38255 1.37374 1.01376 0.006586 0.0179272
0.402685 1.37374 1.01384 0.00711802 0.0178624
0.422819 1.37374 1.01387 0.00760536 0.0177123
0.442953 1.37374 1.01384 0.00804397 0.0174846
0.463087 1.37374 1.01375 0.00843088 0.0171871
0.483221 1.37374 1.01362 0.00876409 0.0168276
0.503356 1.37374 1.01345 0.00904252 0.0164137
0.52349 1.37374 1.01323 0.00926593 0.0159528
0.543624 1.37374 1.01297 0.0094348 0.0154522
0.563758 1.37374 1.01267 0.00955028 0.0149186
0.583893 1.37374 1.01235 0.0096141 0.0143584
0.604027 1.37374 1.01199 0.00962847 0.0137775
0.624161 1.37374 1.01162 0.00959604 0.0131814
0.644295 1.37374 1.01122 0.0095198 0.0125751
0.66443 1.37374 1.0108 0.00940302 0.0119631
0.684564 1.37374 1.01037 0.00924913 0.0113495
0.704698 1.37374 1.00993 0.00906171 0.0107377
0.724832 1.37374 1.00948 0.00884441 0.010131
0.744966 1.37374 1.00902 0.00860083 0.00953185
0.765101 1.37374 1.00856 0.00833453 0.00894267
0.785235 1.37374 1.0081 0.00804896 0.00836535
0.805369 1.37374 1.00765 0.00774737 0.00780148
0.825503 1.37374 1.00719 0.00743285 0.00725247
0.845638 1.37374 1.00675 0.00710823 0.0067195
0.865772 1.37374 1.00631 0.00677612 0.00620366
0.885906 1.37374 1.00588 0.00643892 0.00570596
0.90604 1.37374 1.00546 0.00609877 0.00522741
0.926174 1.37374 1.00505 0.00575769 0.00476903
0.946309 1.37374 1.00466 0.0054175 0.00433186
0.966443 1.37374 1.00428 0.00507996 0.00391691
0.986577 1.37374 1.00392 0.00474675 0.00352519
1.00671 1.37374 1.00358 0.0044195 0.00315758
1.02685 1.37374 1.00325 0.00409981 0.0028148
1.04698 1.37374 1.00294 0.00378923 0.0024973
1.06711 1.37374 1.00266 0.00348922 0.00220524
1.08725 1.37374 1.00239 0.00320112 0.00193846
1.10738 1.37374 1.00215 0.0029261 0.00169645
1.12752 1.37374 1.00192 0.00266515 0.00147838
1.14765 1.37374 1.00171 0.00241899 0.00128316
1.16779 1.37374 1.00152 0.00218813 0.00110948
1.18792 1.37374 1.00135 0.00197282 0.000955844
1.20805 1.37374 1.0012 0.0017731 0.000820692
1.22819 1.37374 1.00105 0.00158877 0.000702399
1.24832 1.37374 1.00093 0.00141946 0.000599352
1.26846 1.37374 1.00082 0.00126467 0.000509977
1.28859 1.37374 1.00072 0.00112375 0.000432774
1.30872 1.37374 1.00063 0.000995983 0.000366335
1.32886 1.37374 1.00055 0.000880574 0.000309356
1.34899 1.37374 1.00048 0.000776701 0.00026065
1.36913 1.37374 1.00042 0.000683526 0.000219138
1.38926 1.37374 1.00036 0.000600211 0.000183859
1.4094 1.37374 1.00031 0.000525937 0.000153955
1.42953 1.37374 1.00027 0.000459912 0.000128669
1.44966 1.37374 1.00023 0.000401377 0.000107339
1.4698 1.37374 1.0002 0.000349617 8.93848e-05
1.48993 1.37374 1.00017 0.00030396 7.43051e-05
1.51007 1.37374 1.00015 0.000263782 6.16649e-05
1.5302 1.37374 1.00013 0.000228506 5.10902e-05
1.55034 1.37374 1.00011 0.000197601 4.22602e-05
1.57047 1.37374 1.00009 0.000170584 3.49004e-05
1.5906 1.37374 1.00008 0.000147013 2.87768e-05
1.61074 1.37374 1.00007 0.000126491 2.36907e-05
1.63087 1.37374 1.00006 0.000108656 1.94733e-05
1.65101 1.37374 1.00005 9.31878e-05 1.59822e-05
1.67114 1.37374 1.00004 7.97957e-05 1.30969e-05
1.69128 1.37374 1.00004 6.82224e-05 1.07162e-05
1.71141 1.37374 1.00003 5.82384e-05 8.75489e-06
1.73154 1.37374 1.00003 4.96406e-05 7.14169e-06
1.75168 1.37374 1.00002 4.22491e-05 5.81685e-06
1.77181 1.37374 1.00002 3.59052e-05 4.73053e-06
1.79195 1.37374 1.00002 3.04695e-05 3.84114e-06
1.81208 1.37374 1.00001 2.58195e-05 3.1141e-06
1.83221 1.37374 1.00001 2.1848e-05 2.52067e-06
1.85235 1.37374 1.00001 1.84614e-05 2.03704e-06
1.87248 1.37374 1.00001 1.5578e-05 1.64348e-06
1.89262 1.37374 1.00001 1.31268e-05 1.3237e-06
1.91275 1.37374 1.00001 1.10462e-05 1.06428e-06
1.93289 1.37374 1 9.28283e-06 8.54132e-07
1.95302 1.37374 1 7.79047e-06 6.84178e-07
1.97315 1.37374 1 6.52935e-06 5.46951e-07
1.99329 1.37374 1 5.46517e-06 4.36341e-07
2.01342 1.37374 1 4.56846e-06 3.47344e-07
2.03356 1.37374 1 3.81393e-06 2.75877e-07
2.05369 1.37374 1 3.17992e-06 2.18604e-07
2.07383 1.37374 1 2.64793e-06 1.72806e-07
2.09396 1.37374 1 2.20215e-06 1.36271e-07
2.11409 1.37374 1 1.82913e-06 1.07196e-07
2.13423 1.37374 1 1.51741e-06 8.41163e-08
2.15436 1.37374 1 1.25726e-06 6.58442e-08
2.1745 1.37374 1 1.04045e-06 5.14167e-08
2.19463 1.37374 1 8.59995e-07 4.00555e-08
2.21477 1.37374 1 7.09992e-07 3.1133e-08
2.2349 1.37374 1 5.85465e-07 2.41441e-08
2.25503 1.37374 1 4.82218e-07 1.8684e-08
2.27517 1.37374 1 3.96724e-07 1.44291e-08
2.2953 1.37374 1 3.26017e-07 1.11214e-08
2.31544 1.37374 1 2.67612e-07 8.55622e-09
2.33557 1.37374 1 2.19427e-07 6.57125e-09
2.3557 1.37374 1 1.79721e-07 5.03858e-09
2.37584 1.37374 1 1.4704e-07 3.85757e-09
2.39597 1.37374 1 1.20173e-07 2.94927e-09
2.41611 1.37374 1 9.81105e-08 2.25197e-09
2.43624 1.37374 1 8.00144e-08 1.71758e-09
2.45638 1.37374 1 6.5188e-08 1.30867e-09
2.47651 1.37374 1 5.3054e-08 9.96232e-10
2.49664 1.37374 1 4.31343e-08 7.57827e-10
2.51678 1.37374 1 3.50337e-08 5.76131e-10
2.53691 1.37374 1 2.84257e-08 4.37804e-10
2.55705 1.37374 1 2.30408e-08 3.32592e-10
2.57718 1.37374 1 1.86574e-08 2.52633e-10
2.59732 1.37374 1 1.50928e-08 1.91904e-10
2.61745 1.37374 1 1.21971e-08 1.45804e-10
2.63758 1.37374 1 9.84702e-09 1.10822e-10
2.65772 1.37374 1 7.94166e-09 8.42806e-11
2.67785 1.37374 1 6.39828e-09 6.41438e-11
2.69799 1.37374 1 5.14923e-09 4.88635e-11
2.71812 1.37374 1 4.13919e-09 3.72641e-11
2.73826 1.37374 1 3.32299e-09 2.84539e-11
2.75839 1.37374 1 2.66378e-09 2.17566e-11
2.77852 1.37374 1 2.13148e-09 1.66596e-11
2.79866 1.37374 1 1.7016e-09 1.27744e-11
2.81879 1.37374 1 1.35414e-09 9.80637e-12
2.83893 1.37374 1 1.0728e-09 7.53158e-12
2.85906 1.37374 1 8.44247e-10 5.77947e-12
2.87919 1.37374 1 6.57541e-10 4.41931e-12
2.89933 1.37374 1 5.03664e-10 3.34988e-12
2.91946 1.37374 1 3.75118e-10 2.4915e-12
2.9396 1.37374 1 2.65586e-10 1.77963e-12
2.95973 1.37374 1 1.69654e-10 1.15966e-12
2.97987 1.37374 1 8.25591e-11 5.8241e-13
3 1.37374 1 0 0

0 1.39394 1.00448 0 0
0.0201342 1.39394 1.00488 -0.000323742 0.00147708
0.0402685 1.39394 1.00534 -0.000563591 0.00292424
0.0604027 1.39394 1.00583 -0.000713779 0.00434083
0.0805369 1.39394 1.00636 -0.000770627 0.00572229
0.100671 1.39394 1.00692 -0.000732691 0.00706092
0.120805 1.39394 1.0075 -0.0006012 0.008347
0.14094 1.39394 1.00808 -0.000380041 0.0095698
0.161074 1.39394 1.00866 -7.55481e-05 0.0107186
0.181208 1.39394 1.00923 0.000303874 0.0117834
0.201342 1.39394 1.00978 0.000748231 0.0127555
0.221477 1.39394 1.01029 0.00124644 0.013628
0.241611 1.39394 1.01077 0.00178683 0.0143959
0.261745 1.39394 1.01121 0.00235758 0.0150559
0.281879 1.39394 1.0116 0.00294709 0.0156069
0.302013 1.39394 1.01194 0.0035443 0.0160495
0.322148 1.39394 1.01223 0.00413888 0.0163857
0.342282 1.39394 1.01247 0.00472144 0.016619
0.362416 1.39394 1.01265 0.00528358 0.0167538
0.38255 1.39394 1.01278 0.00581801 0.0167956
0.402685 1.39394 1.01286 0.00631848 0.0167504
0.422819 1.39394 1.01288 0.00677984 0.0166248
0.442953 1.39394 1.01286 0.00719799 0.0164258
0.463087 1.39394 1.01278 0.00756979 0.0161603
0.483221 1.39394 1.01266 0.00789307 0.0158354
0.503356 1.39394 1.0125 0.00816648 0.0154583
0.52349 1.39394 1.0123 0.00838949 0.0150357
0.543624 1.39394 1.01206 0.00856228 0.0145743
0.563758 1.39394 1.01179 0.00868567 0.0140805
0.583893 1.39394 1.01149 0.00876105 0.0135603
0.604027 1.39394 1.01116 0.0087903 0.0130192
0.624161 1.39394 1.01081 0.00877571 0.0124627
0.644295 1.39394 1.01044 0.00871992 0.0118953
0.66443 1.39394 1.01005 0.00862584 0.0113216
0.684564 1.39394 1.00965 0.00849658 0.0107453
0.704698 1.39394 1.00924 0.00833539 0.0101701
0.724832 1.39394 1.00882 0.00814558 0.00959884
0.744966 1.39394 1.0084 0.00793048 0.00903433
0.765101 1.39394 1.00797 0.00769337 0.00847884
0.785235 1.39394 1.00754 0.00743744 0.00793432
0.805369 1.39394 1.00712 0.00716573 0.00740245
0.825503 1.39394 1.0067 0.00688115 0.00688468
0.845638 1.39394 1.00628 0.00658638 0.00638225
0.865772 1.39394 1.00588 0.00628393 0.00589628
0.885906 1.39394 1.00548 0.00597609 0.00542779
0.90604 1.39394 1.00509 0.00566497 0.00497774
0.926174 1.39394 1.00471 0.00535253 0.00454705
0.946309 1.39394 1.00435 0.00504058 0.00413661
0.966443 1.39394 1.004 0.0047308 0.00374727
0.986577 1.39394 1.00367 0.00442482 0.00337982
1.00671 1.39394 1.00335 0.00412417 0.00303492
1.02685 1.39394 1.00305 0.00383035 0.00271308
1.04698 1.39394 1.00277 0.00354474 0.0024146
1.06711 1.39394 1.0025 0.00326867 0.00213952
1.08725 1.39394 1.00226 0.00300333 0.00188762
1.10738 1.39394 1.00203 0.00274974 0.00165843
1.12752 1.39394 1.00182 0.00250878 0.00145119
1.14765 1.39394 1.00162 0.0022811 0.00126493
1.16779 1.39394 1.00145 0.00206716 0.00109852
1.18792 1.39394 1.00129 0.00186723 0.000950649
1.20805 1.39394 1.00114 0.00168134 0.000819947
1.22819 1.39394 1.00101 0.00150938 0.000704988
1.24832 1.39394 1.00089 0.00135106 0.000604342
1.26846 1.39394 1.00078 0.00120595 0.000516606
1.28859 1.39394 1.00069 0.00107352 0.00044043
1.30872 1.39394 1.0006 0.000953141 0.00037454
1.32886 1.39394 1.00053 0.000844147 0.000317745
1.34899 1.39394 1.00046 0.000745815 0.000268948
1.36913 1.39394 1.0004 0.000657404 0.000227151
1.38926 1.39394 1.00035 0.000578173 0.000191452
1.4094 1.39394 1.0003 0.000507386 0.000161043
1.42953 1.39394 1.00026 0.000444329 0.000135206
1.44966 1.39394 1.00023 0.000388315 0.000113304
1.4698 1.39394 1.0002 0.000338688 9.47819e-05
1.48993 1.39394 1.00017 0.000294834 7.91507e-05
1.51007 1.39394 1.00015 0.000256175 6.59865e-05
1.5302 1.39394 1.00013 0.000222175 5.49219e-05
1.55034 1.39394 1.00011 0.000192342 4.56396e-05
1.57047 1.39394 1.00009 0.000166223 3.78669e-05
1.5906 1.39394 1.00008 0.000143402 3.13697e-05
1.61074 1.39394 1.00007 0.000123505 2.59481e-05
1.63087 1.39394 1.00006 0.000106192 2.14316e-05
1.65101 1.39394 1.00005 9.11574e-05 1.76753e-05
1.67114 1.39394 1.00004 7.81252e-05 1.45562e-05
1.69128 1.39394 1.00004 6.68501e-05 1.19703e-05
1.71141 1.39394 1.00003 5.7113e-05 9.82973e-06
1.73154 1.39394 1.00003 4.87191e-05 8.06053e-06
1.75168 1.39394 1.00002 4.14957e-05 6.60044e-06
1.77181 1.39394 1.00002 3.52903e-05 5.39724e-06
1.79195 1.39394 1.00002 2.99685e-05 4.40716e-06
1.81208 1.39394 1.00001 2.54119e-05 3.59365e-06
1.83221 1.39394 1.00001 2.1517e-05 2.92615e-06
1.85235 1.39394 1.00001 1.8193e-05 2.37925e-06
1.87248 1.39394 1.00001 1.53607e-05 1.93178e-06
1.89262 1.39394 1.00001 1.29513e-05 1.56617e-06
1.91275 1.39394 1.00001 1.09046e-05 1.26787e-06
1.93289 1.39394 1 9.16876e-06 1.02483e-06
1.95302 1.39394 1 7.69877e-06 8.2709e-07
1.97315 1.39394 1 6.45576e-06 6.66438e-07
1.99329 1.39394 1 5.40622e-06 5.36113e-07
2.01342 1.39394 1 4.52133e-06 4.30551e-07
2.03356 1.39394 1 3.77632e-06 3.45184e-07
2.05369 1.39394 1 3.14997e-06 2.76262e-07
2.07383 1.39394 1 2.62413e-06 2.20714e-07
2.09396 1.39394 1 2.18327e-06 1.76025e-07
2.11409 1.39394 1 1.81419e-06 1.4014e-07
2.13423 1.39394 1 1.5056e-06 1.11378e-07
2.15436 1.39394 1 1.24796e-06 8.83703e-08
2.1745 1.39394 1 1.03313e-06 7.00012e-08
2.19463 1.39394 1 8.54248e-07 5.53636e-08
2.21477 1.39394 1 7.05487e-07 4.37216e-08
2.2349 1.39394 1 5.8194e-07 3.44791e-08
2.25503 1.39394 1 4.79464e-07 2.71545e-08
2.27517 1.39394 1 3.94574e-07 2.13598e-08
2.2953 1.39394 1 3.24342e-07 1.67827e-08
2.31544 1.39394 1 2.66307e-07 1.31728e-08
2.33557 1.39394 1 2.18411e-07 1.03297e-08
2.3557 1.39394 1 1.7893e-07 8.09356e-09
2.37584 1.39394 1 1.46425e-07 6.33679e-09
2.39597 1.39394 1 1.19695e-07 4.95815e-09
2.41611 1.39394 1 9.77386e-08 3.8773e-09
2.43624 1.39394 1 7.97249e-08 3.03067e-09
2.45638 1.39394 1 6.49626e-08 2.368e-09
2.47651 1.39394 1 5.28783e-08 1.84967e-09
2.49664 1.39394 1 4.29973e-08 1.44448e-09
2.51678 1.39394 1 3.49267e-08 1.12787e-09
2.53691 1.39394 1 2.8342e-08 8.80582e-10
2.55705 1.39394 1 2.29753e-08 6.87494e-10
2.57718 1.39394 1 1.8606e-08 5.36761e-10
2.59732 1.39394 1 1.50525e-08 4.1911e-10
2.61745 1.39394 1 1.21654e-08 3.27289e-10
2.63758 1.39394 1 9.82204e-09 2.55627e-10
2.65772 1.39394 1 7.92195e-09 1.99698e-10
2.67785 1.39394 1 6.38271e-09 1.56043e-10
2.69799 1.39394 1 5.13691e-09 1.21963e-10
2.71812 1.39394 1 4.12943e-09 9.5353e-11
2.73826 1.39394 1 3.31525e-09 7.45701e-11
2.75839 1.39394 1 2.65763e-09 5.83324e-11
2.77852 1.39394 1 2.12661e-09 4.56396e-11
2.79866 1.39394 1 1.69773e-09 3.571e-11
2.81879 1.39394 1 1.35108e-09 2.79325e-11
2.83893 1.39394 1 1.07039e-09 2.18277e-11
2.85906 1.39394 1 8.42355e-10 1.70181e-11
2.87919 1.39394 1 6.56073e-10 1.3204e-11
2.89933 1.39394 1 5.02546e-10 1.01443e-11
2.91946 1.39394 1 3.74291e-10 7.64054e-12
2.9396 1.39394 1 2.65006e-10 5.52392e-12
2.95973 1.39394 1 1.69288e-10 3.64291e-12
2.97987 1.39394 1 8.23842e-11 1.85201e-12
3 1.39394 1 0 0

0 1.41414 1.0043 0 0
0.0201342 1.41414 1.00469 -0.000317858 0.00139514
0.0402685 1.41414 1.00511 -0.000556153 0.00275432
0.0604027 1.41414 1.00557 -0.000710897 0.004078
0.0805369 1.41414 1.00606 -0.000779622 0.00536334
0.100671 1.41414 1.00656 -0.000761572 0.00660483
0.120805 1.41414 1.00708 -0.000658071 0.00779505
0.14094 1.41414 1.00761 -0.000472568 0.0089256
0.161074 1.41414 1.00813 -0.000210521 0.0099878
0.181208 1.41414 1.00864 0.000120862 0.0109734
0.201342 1.41414 1.00913 0.000512971 0.011875
0.221477 1.41414 1.0096 0.000956187 0.0126865
0.241611 1.41414 1.01003 0.00144028 0.0134034
0.261745 1.41414 1.01043 0.00195476 0.0140227
0.281879 1.41414 1.01078 0.00248926 0.0145429
0.302013 1.41414 1.0111 0.00303372 0.0149643
0.322148 1.41414 1.01136 0.00357869 0.0152882
0.342282 1.41414 1.01158 0.00411545 0.0155174
0.362416 1.41414 1.01174 0.0046361 0.0156557
0.38255 1.41414 1.01186 0.00513371 0.0157076
0.402685 1.41414 1.01193 0.00560225 0.0156783
0.422819 1.41414 1.01195 0.00603669 0.0155737
0.442953 1.41414 1.01193 0.00643292 0.0153998
0.463087 1.41414 1.01186 0.00678776 0.015163
0.483221 1.41414 1.01175 0.00709887 0.0148698
0.503356 1.41414 1.0116 0.00736474 0.0145266
0.52349 1.41414 1.01142 0.00758462 0.0141396
0.543624 1.41414 1.0112 0.00775842 0.0137151
0.563758 1.41414 1.01095 0.00788669 0.013259
0.583893 1.41414 1.01067 0.00797051 0.0127769
0.604027 1.41414 1.01036 0.00801145 0.0122741
0.624161 1.41414 1.01004 0.00801148 0.0117557
0.644295 1.41414 1.0097 0.00797292 0.0112261
0.66443 1.41414 1.00934 0.00789835 0.0106895
0.684564 1.41414 1.00897 0.00779057 0.0101498
0.704698 1.41414 1.00858 0.00765252 0.00961025
0.724832 1.41414 1.0082 0.0074872 0.00907392
0.744966 1.41414 1.0078 0.00729767 0.00854343
0.765101 1.41414 1.00741 0.00708695 0.00802108
0.785235 1.41414 1.00701 0.00685798 0.00750884
0.805369 1.41414 1.00662 0.00661362 0.00700842
0.825503 1.41414 1.00623 0.00635657 0.00652129
0.845638 1.41414 1.00584 0.00608937 0.00604873
0.865772 1.41414 1.00547 0.0058144 0.00559186
0.885906 1.41414 1.0051 0.00553387 0.00515168
0.90604 1.41414 1.00474 0.00524982 0.00472912
0.926174 1.41414 1.00439 0.00496412 0.00432501
0.946309 1.41414 1.00406 0.00467855 0.00394013
0.966443 1.41414 1.00373 0.00439472 0.0035752
0.986577 1.41414 1.00343 0.00411419 0.00323083
1.00671 1.41414 1.00313 0.00383841 0.00290753
1.02685 1.41414 1.00286 0.00356875 0.00260565
1.04698 1.41414 1.00259 0.00330649 0.00232536
1.06711 1.41414 1.00235 0.00305282 0.00206663
1.08725 1.41414 1.00212 0.00280881 0.00182922
1.10738 1.41414 1.00191 0.00257537 0.00161264
1.12752 1.41414 1.00171 0.00235328 0.00141622
1.14765 1.41414 1.00153 0.00214313 0.00123911
1.16779 1.41414 1.00137 0.00194535 0.00108027
1.18792 1.41414 1.00122 0.00176017 0.00093857
1.20805 1.41414 1.00108 0.00158766 0.000812802
1.22819 1.41414 1.00096 0.00142775 0.000701704
1.24832 1.41414 1.00085 0.00128019 0.000604005
1.26846 1.41414 1.00075 0.00114465 0.000518452
1.28859 1.41414 1.00066 0.00102068 0.000443833
1.30872 1.41414 1.00058 0.000907735 0.000378993
1.32886 1.41414 1.00051 0.000805243 0.000322846
1.34899 1.41414 1.00044 0.000712572 0.000274386
1.36913 1.41414 1.00039 0.000629073 0.000232689
1.38926 1.41414 1.00034 0.000554084 0.000196915
1.4094 1.41414 1.00029 0.000486951 0.000166307
1.42953 1.41414 1.00025 0.00042703 0.000140185
1.44966 1.41414 1.00022 0.0003737 0.000117947
1.4698 1.41414 1.00019 0.000326365 9.90579e-05
1.48993 1.41414 1.00016 0.000284462 8.30497e-05
1.51007 1.41414 1.00014 0.00024746 6.95112e-05
1.5302 1.41414 1.00012 0.000214866 5.80844e-05
1.55034 1.41414 1.0001 0.000186221 4.84586e-05
1.57047 1.41414 1.00009 0.000161105 4.0365e-05
1.5906 1.41414 1.00008 0.00013913 3.3572e-05
1.61074 1.41414 1.00007 0.000119944 2.78804e-05
1.63087 1.41414 1.00006 0.000103229 2.31198e-05
1.65101 1.41414 1.00005 8.86942e-05 1.91444e-05
1.67114 1.41414 1.00004 7.6081e-05 1.58301e-05
1.69128 1.41414 1.00003 6.51561e-05 1.30711e-05
1.71141 1.41414 1.00003 5.57112e-05 1.07781e-05
1.73154 1.41414 1.00002 4.75607e-05 8.87516e-06
1.75168 1.41414 1.00002 4.05397e-05 7.29827e-06
1.77181 1.41414 1.00002 3.45025e-05 5.99346e-06
1.79195 1.41414 1.00002 2.93202e-05 4.91533e-06
1.81208 1.41414 1.00001 2.48791e-05 4.02577e-06
1.83221 1.41414 1.00001 2.10797e-05 3.2928e-06
1.85235 1.41414 1.00001 1.78346e-05 2.68969e-06
1.87248 1.41414 1.00001 1.50674e-05 2.19412e-06
1.89262 1.41414 1.00001 1.27115e-05 1.78744e-06
1.91275 1.41414 1.00001 1.07089e-05 1.45418e-06
1.93289 1.41414 1 9.00921e-06 1.18143e-06
1.95302 1.41414 1 7.56888e-06 9.58506e-07
1.97315 1.41414 1 6.35016e-06 7.76557e-07
1.99329 1.41414 1 5.32049e-06 6.28252e-07
2.01342 1.41414 1 4.45181e-06 5.07538e-07
2.03356 1.41414 1 3.72003e-06 4.09422e-07
2.05369 1.41414 1 3.10446e-06 3.2979e-07
2.07383 1.41414 1 2.58738e-06 2.65258e-07
2.09396 1.41414 1 2.15364e-06 2.13041e-07
2.11409 1.41414 1 1.79032e-06 1.70857e-07
2.13423 1.41414 1 1.48641e-06 1.36831e-07
2.15436 1.41414 1 1.23255e-06 1.0943e-07
2.1745 1.41414 1 1.02077e-06 8.73987e-08
2.19463 1.41414 1 8.44342e-07 6.97129e-08
2.21477 1.41414 1 6.97559e-07 5.55375e-08
2.2349 1.41414 1 5.75601e-07 4.41928e-08
2.25503 1.41414 1 4.74401e-07 3.51268e-08
2.27517 1.41414 1 3.90534e-07 2.78918e-08
2.2953 1.41414 1 3.21119e-07 2.21257e-08
2.31544 1.41414 1 2.63739e-07 1.7536e-08
2.33557 1.41414 1 2.16365e-07 1.38869e-08
2.3557 1.41414 1 1.77301e-07 1.0989e-08
2.37584 1.41414 1 1.45128e-07 8.68977e-09
2.39597 1.41414 1 1.18663e-07 6.86735e-09
2.41611 1.41414 1 9.69177e-08 5.42408e-09
2.43624 1.41414 1 7.90719e-08 4.28195e-09
2.45638 1.41414 1 6.44432e-08 3.37878e-09
2.47651 1.41414 1 5.24653e-08 2.66503e-09
2.49664 1.41414 1 4.26688e-08 2.10129e-09
2.51678 1.41414 1 3.46655e-08 1.65626e-09
2.53691 1.41414 1 2.81342e-08 1.30511e-09
2.55705 1.41414 1 2.281e-08 1.02815e-09
2.57718 1.41414 1 1.84746e-08 8.09777e-10
2.59732 1.41414 1 1.49479e-08 6.37658e-10
2.61745 1.41414 1 1.20822e-08 5.02031e-10
2.63758 1.41414 1 9.75585e-09 3.95188e-10
2.65772 1.41414 1 7.86929e-09 3.11038e-10
2.67785 1.41414 1 6.34083e-09 2.44774e-10
2.69799 1.41414 1 5.1036e-09 1.92603e-10
2.71812 1.41414 1 4.10294e-09 1.51533e-10
2.73826 1.41414 1 3.2942e-09 1.19206e-10
2.75839 1.41414 1 2.64091e-09 9.37608e-11
2.77852 1.41414 1 2.11334e-09 7.37305e-11
2.79866 1.41414 1 1.68722e-09 5.79571e-11
2.81879 1.41414 1 1.34277e-09 4.55259e-11
2.83893 1.41414 1 1.06385e-09 3.57122e-11
2.85906 1.41414 1 8.37241e-10 2.79393e-11
2.87919 1.41414 1 6.52114e-10 2.1745e-11
2.89933 1.41414 1 4.99532e-10 1.67531e-11
2.91946 1.41414 1 3.7206e-10 1.26508e-11
2.9396 1.41414 1 2.63438e-10 9.16824e-12
2.95973 1.41414 1 1.68294e-10 6.06021e-12
2.97987 1.41414 1 8.19056e-11 3.08789e-12
3 1.41414 1 0 0

0 1.43434 1.0041 0 0
0.0201342 1.43434 1.00447 -0.000310521 0.00131539
0.0402685 1.43434 1.00487 -0.000545552 0.00259056
0.0604027 1.43434 1.00529 -0.000702527 0.00382675
0.0805369 1.43434 1.00574 -0.000779978 0.00502245
0.100671 1.43434 1.0062 -0.000777748 0.00617376
0.120805 1.43434 1.00667 -0.000697298 0.00727515
0.14094 1.43434 1.00715 -0.000541784 0.00832005
0.161074 1.43434 1.00762 -0.000316005 0.00930149
0.181208 1.43434 1.00808 -2.62254e-05 0.0102127
0.201342 1.43434 1.00852 0.000320075 0.0110474
0.221477 1.43434 1.00894 0.000714504 0.0118005
0.241611 1.43434 1.00933 0.00114807 0.0124679
0.261745 1.43434 1.00969 0.00161149 0.0130467
0.281879 1.43434 1.01002 0.00209548 0.0135356
0.302013 1.43434 1.0103 0.00259097 0.0139344
0.322148 1.43434 1.01054 0.00308932 0.014244
0.342282 1.43434 1.01073 0.00358251 0.0144668
0.362416 1.43434 1.01089 0.00406318 0.0146056
0.38255 1.43434 1.011 0.00452479 0.0146646
0.402685 1.43434 1.01106 0.00496161 0.0146481
0.422819 1.43434 1.01108 0.00536876 0.0145612
0.442953 1.43434 1.01106 0.00574223 0.0144094
0.463087 1.43434 1.01099 0.00607882 0.0141983
0.483221 1.43434 1.01089 0.00637613 0.0139338
0.503356 1.43434 1.01076 0.00663254 0.0136217
0.52349 1.43434 1.01058 0.00684709 0.0132679
0.543624 1.43434 1.01038 0.00701951 0.0128779
0.563758 1.43434 1.01015 0.0071501 0.0124574
0.583893 1.43434 1.00989 0.00723968 0.0120115
0.604027 1.43434 1.00961 0.00728954 0.0115453
0.624161 1.43434 1.00931 0.00730137 0.0110634
0.644295 1.43434 1.00899 0.00727719 0.0105702
0.66443 1.43434 1.00866 0.00721928 0.0100696
0.684564 1.43434 1.00832 0.00713015 0.00956535
0.704698 1.43434 1.00797 0.00701243 0.0090606
0.724832 1.43434 1.00761 0.00686887 0.00855832
0.744966 1.43434 1.00724 0.00670225 0.00806108
0.765101 1.43434 1.00687 0.00651533 0.00757114
0.785235 1.43434 1.00651 0.00631086 0.00709048
0.805369 1.43434 1.00614 0.00609146 0.0066208
0.825503 1.43434 1.00578 0.00585967 0.00616358
0.845638 1.43434 1.00543 0.00561788 0.0057201
0.865772 1.43434 1.00508 0.00536834 0.00529147
0.885906 1.43434 1.00474 0.00511315 0.00487868
0.90604 1.43434 1.00441 0.00485427 0.0044826
0.926174 1.43434 1.00408 0.0045935 0.004104
0.946309 1.43434 1.00377 0.00433252 0.00374357
0.966443 1.43434 1.00348 0.00407291 0.00340192
0.986577 1.43434 1.00319 0.00381612 0.00307953
1.00671 1.43434 1.00292 0.00356353 0.00277679
1.02685 1.43434 1.00267 0.00331641 0.00249395
1.04698 1.43434 1.00243 0.00307595 0.00223108
1.06711 1.43434 1.0022 0.00284321 0.00198809
1.08725 1.43434 1.00199 0.00261916 0.00176472
1.10738 1.43434 1.00179 0.00240462 0.0015605
1.12752 1.43434 1.00161 0.00220029 0.00137482
1.14765 1.43434 1.00144 0.0020067 0.00120689
1.16779 1.43434 1.00129 0.00182424 0.0010558
1.18792 1.43434 1.00115 0.00165313 0.00092056
1.20805 1.43434 1.00102 0.00149345 0.000800081
1.22819 1.43434 1.00091 0.00134516 0.000693246
1.24832 1.43434 1.0008 0.00120807 0.000598926
1.26846 1.43434 1.00071 0.00108189 0.000515998
1.28859 1.43434 1.00063 0.000966233 0.000443372
1.30872 1.43434 1.00055 0.00086066 0.000380003
1.32886 1.43434 1.00048 0.000764657 0.000324903
1.34899 1.43434 1.00042 0.000677676 0.000277151
1.36913 1.43434 1.00037 0.000599146 0.000235894
1.38926 1.43434 1.00032 0.000528482 0.000200353
1.4094 1.43434 1.00028 0.000465098 0.000169821
1.42953 1.43434 1.00024 0.000408418 0.000143661
1.44966 1.43434 1.00021 0.00035788 0.000121301
1.4698 1.43434 1.00018 0.000312945 0.000102235
1.48993 1.43434 1.00016 0.000273098 8.60144e-05
1.51007 1.43434 1.00014 0.000237855 7.22439e-05
1.5302 1.43434 1.00012 0.000206761 6.05775e-05
1.55034 1.43434 1.0001 0.000179394 5.07132e-05
1.57047 1.43434 1.00009 0.000155363 4.23886e-05
1.5906 1.43434 1.00007 0.000134308 3.53761e-05
1.61074 1.43434 1.00006 0.000115901 2.94794e-05
1.63087 1.43434 1.00005 9.98438e-05 2.45295e-05
1.65101 1.43434 1.00005 8.58645e-05 2.03813e-05
1.67114 1.43434 1.00004 7.37187e-05 1.69106e-05
1.69128 1.43434 1.00003 6.31868e-05 1.40113e-05
1.71141 1.43434 1.00003 5.40717e-05 1.15932e-05
1.73154 1.43434 1.00002 4.61976e-05 9.57938e-06
1.75168 1.43434 1.00002 3.9408e-05 7.90477e-06
1.77181 1.43434 1.00002 3.35642e-05 6.51425e-06
1.79195 1.43434 1.00001 2.85431e-05 5.36129e-06
1.81208 1.43434 1.00001 2.42365e-05 4.40664e-06
1.83221 1.43434 1.00001 2.0549e-05 3.61728e-06
1.85235 1.43434 1.00001 1.73968e-05 2.96549e-06
1.87248 1.43434 1.00001 1.47068e-05 2.42802e-06
1.89262 1.43434 1.00001 1.24148e-05 1.9854e-06
1.91275 1.43434 1.00001 1.0465e-05 1.62138e-06
1.93289 1.43434 1 8.8091e-06 1.32239e-06
1.95302 1.43434 1 7.40485e-06 1.07713e-06
1.97315 1.43434 1 6.21587e-06 8.76217e-07
1.99329 1.43434 1 5.21068e-06 7.11843e-07
2.01342 1.43434 1 4.36214e-06 5.77541e-07
2.03356 1.43434 1 3.64689e-06 4.67958e-07
2.05369 1.43434 1 3.04487e-06 3.78665e-07
2.07383 1.43434 1 2.53889e-06 3.06005e-07
2.09396 1.43434 1 2.11424e-06 2.46963e-07
2.11409 1.43434 1 1.75834e-06 1.99054e-07
2.13423 1.43434 1 1.46049e-06 1.60235e-07
2.15436 1.43434 1 1.21155e-06 1.28824e-07
2.1745 1.43434 1 1.00379e-06 1.03445e-07
2.19463 1.43434 1 8.30621e-07 8.29685e-08
2.21477 1.43434 1 6.86485e-07 6.64696e-08
2.2349 1.43434 1 5.66672e-07 5.31937e-08
2.25503 1.43434 1 4.67208e-07 4.25253e-08
2.27517 1.43434 1 3.84744e-07 3.3963e-08
2.2953 1.43434 1 3.16463e-07 2.70993e-08
2.31544 1.43434 1 2.59997e-07 2.16037e-08
2.33557 1.43434 1 2.13361e-07 1.72083e-08
2.3557 1.43434 1 1.7489e-07 1.36965e-08
2.37584 1.43434 1 1.43195e-07 1.08933e-08
2.39597 1.43434 1 1.17113e-07 8.65796e-09
2.41611 1.43434 1 9.56759e-08 6.87686e-09
2.43624 1.43434 1 7.80775e-08 5.45887e-09
2.45638 1.43434 1 6.36473e-08 4.33081e-09
2.47651 1.43434 1 5.18285e-08 3.43404e-09
2.49664 1.43434 1 4.21595e-08 2.72159e-09
2.51678 1.43434 1 3.42583e-08 2.15593e-09
2.53691 1.43434 1 2.78088e-08 1.70707e-09
2.55705 1.43434 1 2.25501e-08 1.35108e-09
2.57718 1.43434 1 1.8267e-08 1.06889e-09
2.59732 1.43434 1 1.47822e-08 8.45315e-10
2.61745 1.43434 1 1.19499e-08 6.6825e-10
2.63758 1.43434 1 9.65036e-09 5.28082e-10
2.65772 1.43434 1 7.78517e-09 4.17168e-10
2.67785 1.43434 1 6.27378e-09 3.29437e-10
2.69799 1.43434 1 5.05018e-09 2.60068e-10
2.71812 1.43434 1 4.06042e-09 2.05238e-10
2.73826 1.43434 1 3.26037e-09 1.61913e-10
2.75839 1.43434 1 2.61402e-09 1.27687e-10
2.77852 1.43434 1 2.09199e-09 1.00652e-10
2.79866 1.43434 1 1.6703e-09 7.92952e-11
2.81879 1.43434 1 1.32941e-09 6.2413e-11
2.83893 1.43434 1 1.05333e-09 4.90486e-11
2.85906 1.43434 1 8.29018e-10 3.84364e-11
2.87919 1.43434 1 6.45749e-10 2.99592e-11
2.89933 1.43434 1 4.94686e-10 2.31124e-11
2.91946 1.43434 1 3.68473e-10 1.74739e-11
2.9396 1.43434 1 2.60915e-10 1.26776e-11
2.95973 1.43434 1 1.66694e-10 8.3884e-12
2.97987 1.43434 1 8.11328e-11 4.27825e-12
3 1.43434 1 0 0

0 1.45455 1.00388 0 0
0.0201342 1.45455 1.00424 -0.00030196 0.00123786
0.0402685 1.45455 1.00461 -0.00053231 0.00243267
0.0604027 1.45455 1.005 -0.000689616 0.00358625
0.0805369 1.45455 1.00541 -0.00077323 0.00469802
0.100671 1.45455 1.00584 -0.000783499 0.00576539
0.120805 1.45455 1.00627 -0.000722036 0.00678425
0.14094 1.45455 1.0067 -0.000591798 0.00774954
0.161074 1.45455 1.00713 -0.000397077 0.00865572
0.181208 1.45455 1.00754 -0.000143388 0.00949724
0.201342 1.45455 1.00794 0.000162716 0.0102689
0.221477 1.45455 1.00832 0.000513874 0.0109664
0.241611 1.45455 1.00868 0.000902164 0.011586
0.261745 1.45455 1.009 0.00131936 0.0121253
0.281879 1.45455 1.00929 0.00175715 0.0125828
0.302013 1.45455 1.00955 0.00220738 0.0129582
0.322148 1.45455 1.00976 0.00266221 0.0132522
0.342282 1.45455 1.00994 0.00311427 0.0134666
0.362416 1.45455 1.01008 0.00355677 0.0136038
0.38255 1.45455 1.01018 0.00398359 0.0136673
0.402685 1.45455 1.01024 0.00438932 0.0136609
0.422819 1.45455 1.01026 0.00476931 0.013589
0.442953 1.45455 1.01024 0.00511967 0.0134564
0.463087 1.45455 1.01018 0.00543725 0.0132683
0.483221 1.45455 1.01009 0.00571964 0.0130299
0.503356 1.45455 1.00996 0.00596513 0.0127464
0.52349 1.45455 1.0098 0.00617265 0.0124232
0.543624 1.45455 1.00961 0.00634175 0.0120655
0.563758 1.45455 1.0094 0.00647254 0.0116785
0.583893 1.45455 1.00916 0.00656562 0.0112669
0.604027 1.45455 1.0089 0.00662203 0.0108354
0.624161 1.45455 1.00863 0.0066432 0.0103885
0.644295 1.45455 1.00833 0.00663089 0.00993014
0.66443 1.45455 1.00803 0.0065871 0.00946423
0.684564 1.45455 1.00771 0.00651407 0.00899418
0.704698 1.45455 1.00738 0.00641417 0.00852313
0.724832 1.45455 1.00705 0.00628987 0.00805389
0.744966 1.45455 1.00671 0.00614372 0.00758897
0.765101 1.45455 1.00637 0.00597825 0.00713058
0.785235 1.45455 1.00603 0.00579597 0.00668065
0.805369 1.45455 1.0057 0.00559933 0.00624087
0.825503 1.45455 1.00536 0.00539068 0.00581271
0.845638 1.45455 1.00503 0.00517226 0.00539743
0.865772 1.45455 1.00471 0.00494619 0.00499613
0.885906 1.45455 1.0044 0.00471447 0.00460976
0.90604 1.45455 1.00409 0.00447893 0.00423915
0.926174 1.45455 1.00379 0.00424132 0.00388501
0.946309 1.45455 1.00351 0.00400323 0.00354796
0.966443 1.45455 1.00323 0.00376616 0.00322852
0.986577 1.45455 1.00297 0.00353149 0.00292709
1.00671 1.45455 1.00272 0.0033005 0.00264395
1.02685 1.45455 1.00249 0.00307439 0.00237928
1.04698 1.45455 1.00227 0.00285423 0.00213308
1.06711 1.45455 1.00206 0.00264101 0.00190523
1.08725 1.45455 1.00186 0.0024356 0.00169544
1.10738 1.45455 1.00168 0.00223875 0.00150328
1.12752 1.45455 1.00151 0.00205108 0.00132816
1.14765 1.45455 1.00136 0.00187307 0.00116939
1.16779 1.45455 1.00122 0.00170508 0.00102614
1.18792 1.45455 1.00108 0.00154732 0.000897523
1.20805 1.45455 1.00097 0.00139988 0.000782576
1.22819 1.45455 1.00086 0.00126273 0.000680301
1.24832 1.45455 1.00076 0.00113571 0.00058969
1.26846 1.45455 1.00067 0.00101859 0.000509735
1.28859 1.45455 1.00059 0.000911044 0.000439457
1.30872 1.45455 1.00052 0.00081269 0.000377908
1.32886 1.45455 1.00046 0.000723083 0.00032419
1.34899 1.45455 1.0004 0.000641745 0.000277462
1.36913 1.45455 1.00035 0.000568172 0.00023694
1.38926 1.45455 1.00031 0.000501847 0.000201902
1.4094 1.45455 1.00027 0.000442248 0.000171691
1.42953 1.45455 1.00023 0.000388858 0.000145712
1.44966 1.45455 1.0002 0.000341171 0.000123427
1.4698 1.45455 1.00018 0.000298701 0.000104357
1.48993 1.45455 1.00015 0.000260978 8.80758e-05
1.51007 1.45455 1.00013 0.000227562 7.42061e-05
1.5302 1.45455 1.00011 0.000198034 6.24154e-05
1.55034 1.45455 1.0001 0.000172008 5.24123e-05
1.57047 1.45455 1.00008 0.000149122 4.39422e-05
1.5906 1.45455 1.00007 0.000129043 3.67838e-05
1.61074 1.45455 1.00006 0.000111466 3.07447e-05
1.63087 1.45455 1.00005 9.61139e-05 2.5659e-05
1.65101 1.45455 1.00004 8.27321e-05 2.13833e-05
1.67114 1.45455 1.00004 7.10919e-05 1.77947e-05
1.69128 1.45455 1.00003 6.09871e-05 1.47875e-05
1.71141 1.45455 1.00003 5.22323e-05 1.22716e-05
1.73154 1.45455 1.00002 4.46616e-05 1.01699e-05
1.75168 1.45455 1.00002 3.81271e-05 8.4168e-06
1.77181 1.45455 1.00002 3.24974e-05 6.9567e-06
1.79195 1.45455 1.00001 2.76558e-05 5.74236e-06
1.81208 1.45455 1.00001 2.34995e-05 4.73386e-06
1.83221 1.45455 1.00001 1.99376e-05 3.89745e-06
1.85235 1.45455 1.00001 1.68903e-05 3.20474e-06
1.87248 1.45455 1.00001 1.42876e-05 2.63181e-06
1.89262 1.45455 1.00001 1.20683e-05 2.15858e-06
1.91275 1.45455 1.00001 1.01791e-05 1.76821e-06
1.93289 1.45455 1 8.57337e-06 1.44662e-06
1.95302 1.45455 1 7.21076e-06 1.18203e-06
1.97315 1.45455 1 6.05625e-06 9.64624e-07
1.99329 1.45455 1 5.07957e-06 7.86215e-07
2.01342 1.45455 1 4.25457e-06 6.39998e-07
2.03356 1.45455 1 3.55875e-06 5.20319e-07
2.05369 1.45455 1 2.97273e-06 4.2249e-07
2.07383 1.45455 1 2.47992e-06 3.42628e-07
2.09396 1.45455 1 2.06609e-06 2.77517e-07
2.11409 1.45455 1 1.71907e-06 2.24505e-07
2.13423 1.45455 1 1.4285e-06 1.814e-07
2.15436 1.45455 1 1.18552e-06 1.46398e-07
2.1745 1.45455 1 9.82634e-07 1.18013e-07
2.19463 1.45455 1 8.13447e-07 9.50243e-08
2.21477 1.45455 1 6.72557e-07 7.643e-08
2.2349 1.45455 1 5.55387e-07 6.14091e-08
2.25503 1.45455 1 4.58074e-07 4.92899e-08
2.27517 1.45455 1 3.77358e-07 3.95236e-08
2.2953 1.45455 1 3.10496e-07 3.16625e-08
2.31544 1.45455 1 2.55181e-07 2.53421e-08
2.33557 1.45455 1 2.09476e-07 2.02658e-08
2.3557 1.45455 1 1.71759e-07 1.6193e-08
2.37584 1.45455 1 1.40674e-07 1.29285e-08
2.39597 1.45455 1 1.15084e-07 1.03144e-08
2.41611 1.45455 1 9.40445e-08 8.22292e-09
2.43624 1.45455 1 7.67665e-08 6.55102e-09
2.45638 1.45455 1 6.25944e-08 5.21561e-09
2.47651 1.45455 1 5.09834e-08 4.14979e-09
2.49664 1.45455 1 4.14817e-08 3.29977e-09
2.51678 1.45455 1 3.37149e-08 2.62232e-09
2.53691 1.45455 1 2.73734e-08 2.08277e-09
2.55705 1.45455 1 2.22015e-08 1.65332e-09
2.57718 1.45455 1 1.7988e-08 1.31172e-09
2.59732 1.45455 1 1.4559e-08 1.04016e-09
2.61745 1.45455 1 1.17715e-08 8.24404e-10
2.63758 1.45455 1 9.50781e-09 6.53077e-10
2.65772 1.45455 1 7.67135e-09 5.17103e-10
2.67785 1.45455 1 6.18294e-09 4.09245e-10
2.69799 1.45455 1 4.97775e-09 3.23733e-10
2.71812 1.45455 1 4.00269e-09 2.5597e-10
2.73826 1.45455 1 3.21441e-09 2.02296e-10
2.75839 1.45455 1 2.57747e-09 1.59798e-10
2.77852 1.45455 1 2.06296e-09 1.26157e-10
2.79866 1.45455 1 1.6473e-09 9.9528e-11
2.81879 1.45455 1 1.31123e-09 7.8439e-11
2.83893 1.45455 1 1.03902e-09 6.17152e-11
2.85906 1.45455 1 8.17826e-10 4.84137e-11
2.87919 1.45455 1 6.37085e-10 3.77721e-11
2.89933 1.45455 1 4.88088e-10 2.91647e-11
2.91946 1.45455 1 3.63588e-10 2.20666e-11
2.9396 1.45455 1 2.57477e-10 1.60205e-11
2.95973 1.45455 1 1.64511e-10 1.06067e-11
2.97987 1.45455 1 8.00782e-11 5.41247e-12
3 1.45455 1 0 0

0 1.47475 1.00366 0 0
0.0201342 1.47475 1.00399 -0.000292387 0.0011626
0.0402685 1.47475 1.00434 -0.000516892 0.0022805
0.0604027 1.47475 1.00471 -0.000672979 0.00335588
0.0805369 1.47475 1.00509 -0.000760662 0.00438889
0.100671 1.47475 1.00548 -0.000780711 0.00537789
0.120805 1.47475 1.00587 -0.000734876 0.00631994
0.14094 1.47475 1.00626 -0.000625976 0.00721117
0.161074 1.47475 1.00665 -0.00045791 0.00804719
0.181208 1.47475 1.00703 -0.000235585 0.00882353
0.201342 1.47475 1.00739 3.52093e-05 0.00953594
0.221477 1.47475 1.00773 0.00034798 0.0101806
0.241611 1.47475 1.00805 0.000695723 0.0107546
0.261745 1.47475 1.00835 0.00107113 0.0112555
0.281879 1.47475 1.00861 0.0014668 0.011682
0.302013 1.47475 1.00884 0.00187538 0.0120339
0.322148 1.47475 1.00904 0.00228978 0.0123114
0.342282 1.47475 1.0092 0.00270327 0.0125161
0.362416 1.47475 1.00933 0.00310962 0.01265
0.38255 1.47475 1.00942 0.00350312 0.012716
0.402685 1.47475 1.00947 0.00387874 0.0127174
0.422819 1.47475 1.00948 0.00423206 0.0126581
0.442953 1.47475 1.00946 0.00455935 0.0125423
0.463087 1.47475 1.00941 0.00485758 0.0123747
0.483221 1.47475 1.00932 0.00512433 0.0121598
0.503356 1.47475 1.00921 0.00535788 0.0119025
0.52349 1.47475 1.00906 0.00555707 0.0116077
0.543624 1.47475 1.00889 0.00572133 0.0112801
0.563758 1.47475 1.00869 0.0058506 0.0109243
0.583893 1.47475 1.00847 0.00594528 0.010545
0.604027 1.47475 1.00823 0.00600623 0.0101465
0.624161 1.47475 1.00798 0.00603462 0.00973286
0.644295 1.47475 1.00771 0.00603198 0.00930791
0.66443 1.47475 1.00742 0.00600008 0.00887523
0.684564 1.47475 1.00713 0.00594089 0.00843812
0.704698 1.47475 1.00683 0.00585653 0.00799956
0.724832 1.47475 1.00652 0.00574926 0.00756224
0.744966 1.47475 1.00621 0.00562135 0.00712859
0.765101 1.47475 1.0059 0.00547515 0.00670074
0.785235 1.47475 1.00558 0.00531295 0.00628058
0.805369 1.47475 1.00527 0.005137 0.00586977
0.825503 1.47475 1.00497 0.00494949 0.00546973
0.845638 1.47475 1.00466 0.00475253 0.0050817
0.865772 1.47475 1.00436 0.00454808 0.00470675
0.885906 1.47475 1.00407 0.00433802 0.00434581
0.90604 1.47475 1.00379 0.00412411 0.00399965
0.926174 1.47475 1.00352 0.00390797 0.00366895
0.946309 1.47475 1.00326 0.00369113 0.00335426
0.966443 1.47475 1.003 0.003475 0.00305602
0.986577 1.47475 1.00276 0.00326088 0.00277457
1.00671 1.47475 1.00253 0.00304998 0.00251013
1.02685 1.47475 1.00232 0.00284339 0.0022628
1.04698 1.47475 1.00211 0.00264213 0.00203255
1.06711 1.47475 1.00192 0.00244709 0.00181924
1.08725 1.47475 1.00174 0.00225906 0.00162256
1.10738 1.47475 1.00157 0.00207872 0.00144211
1.12752 1.47475 1.00142 0.00190664 0.00127734
1.14765 1.47475 1.00127 0.00174325 0.00112762
1.16779 1.47475 1.00114 0.00158888 0.000992207
1.18792 1.47475 1.00102 0.00144373 0.000870299
1.20805 1.47475 1.00091 0.00130789 0.000761037
1.22819 1.47475 1.00081 0.00118133 0.000663529
1.24832 1.47475 1.00072 0.00106395 0.000576869
1.26846 1.47475 1.00064 0.000955542 0.000500155
1.28859 1.47475 1.00056 0.000855831 0.000432502
1.30872 1.47475 1.00049 0.000764485 0.000373055
1.32886 1.47475 1.00043 0.000681119 0.000320997
1.34899 1.47475 1.00038 0.000605316 0.000275558
1.36913 1.47475 1.00033 0.000536631 0.00023602
1.38926 1.47475 1.00029 0.000474605 0.000201718
1.4094 1.47475 1.00025 0.000418776 0.000172042
1.42953 1.47475 1.00022 0.000368679 0.000146437
1.44966 1.47475 1.00019 0.000323862 0.000124402
1.4698 1.47475 1.00017 0.000283882 0.000105484
1.48993 1.47475 1.00014 0.000248318 8.92803e-05
1.51007 1.47475 1.00013 0.000216766 7.54329e-05
1.5302 1.47475 1.00011 0.000188845 6.36242e-05
1.55034 1.47475 1.00009 0.0001642 5.3575e-05
1.57047 1.47475 1.00008 0.000142499 4.50399e-05
1.5906 1.47475 1.00007 0.000123434 3.78048e-05
1.61074 1.47475 1.00006 0.000106724 3.1683e-05
1.63087 1.47475 1.00005 9.21108e-05 2.65125e-05
1.65101 1.47475 1.00004 7.93579e-05 2.21531e-05
1.67114 1.47475 1.00004 6.82522e-05 1.84836e-05
1.69128 1.47475 1.00003 5.86006e-05 1.54001e-05
1.71141 1.47475 1.00003 5.02296e-05 1.2813e-05
1.73154 1.47475 1.00002 4.29833e-05 1.0646e-05
1.75168 1.47475 1.00002 3.67226e-05 8.83343e-06
1.77181 1.47475 1.00002 3.13237e-05 7.31972e-06
1.79195 1.47475 1.00001 2.66763e-05 6.05741e-06
1.81208 1.47475 1.00001 2.26831e-05 5.00627e-06
1.83221 1.47475 1.00001 1.9258e-05 4.13221e-06
1.85235 1.47475 1.00001 1.63253e-05 3.40641e-06
1.87248 1.47475 1.00001 1.38186e-05 2.80454e-06
1.89262 1.47475 1.00001 1.16794e-05 2.30612e-06
1.91275 1.47475 1 9.85701e-06 1.89391e-06
1.93289 1.47475 1 8.30696e-06 1.55345e-06
1.95302 1.47475 1 6.99067e-06 1.27261e-06
1.97315 1.47475 1 5.87466e-06 1.04126e-06
1.99329 1.47475 1 4.92992e-06 8.50923e-07
2.01342 1.47475 1 4.13139e-06 6.94525e-07
2.03356 1.47475 1 3.45748e-06 5.66181e-07
2.05369 1.47475 1 2.88958e-06 4.60993e-07
2.07383 1.47475 1 2.41172e-06 3.74894e-07
2.09396 1.47475 1 2.01022e-06 3.0451e-07
2.11409 1.47475 1 1.67336e-06 2.47048e-07
2.13423 1.47475 1 1.39114e-06 2.00194e-07
2.15436 1.47475 1 1.15502e-06 1.62039e-07
2.1745 1.47475 1 9.57764e-07 1.31008e-07
2.19463 1.47475 1 7.9319e-07 1.05802e-07
2.21477 1.47475 1 6.56074e-07 8.53535e-08
2.2349 1.47475 1 5.4199e-07 6.87846e-08
2.25503 1.47475 1 4.47196e-07 5.53753e-08
2.27517 1.47475 1 3.68535e-07 4.45359e-08
2.2953 1.47475 1 3.03346e-07 3.57838e-08
2.31544 1.47475 1 2.49392e-07 2.8725e-08
2.33557 1.47475 1 2.04793e-07 2.30379e-08
2.3557 1.47475 1 1.67975e-07 1.84607e-08
2.37584 1.47475 1 1.37618e-07 1.47805e-08
2.39597 1.47475 1 1.12619e-07 1.18244e-08
2.41611 1.47475 1 9.2057e-08 9.45213e-09
2.43624 1.47475 1 7.51656e-08 7.55007e-09
2.45638 1.47475 1 6.13058e-08 6.02634e-09
2.47651 1.47475 1 4.99469e-08 4.80671e-09
2.49664 1.47475 1 4.06486e-08 3.83126e-09
2.51678 1.47475 1 3.30458e-08 3.05172e-09
2.53691 1.47475 1 2.68364e-08 2.42919e-09
2.55705 1.47475 1 2.17707e-08 1.93242e-09
2.57718 1.47475 1 1.76427e-08 1.53628e-09
2.59732 1.47475 1 1.42825e-08 1.2206e-09
2.61745 1.47475 1 1.15501e-08 9.69206e-10
2.63758 1.47475 1 9.33073e-09 7.69135e-10
2.65772 1.47475 1 7.5298e-09 6.10012e-10
2.67785 1.47475 1 6.06989e-09 4.83534e-10
2.69799 1.47475 1 4.88751e-09 3.83065e-10
2.71812 1.47475 1 3.93073e-09 3.03303e-10
2.73826 1.47475 1 3.15708e-09 2.40016e-10
2.75839 1.47475 1 2.53185e-09 1.89823e-10
2.77852 1.47475 1 2.02672e-09 1.50031e-10
2.79866 1.47475 1 1.61856e-09 1.18486e-10
2.81879 1.47475 1 1.2885e-09 9.34695e-11
2.83893 1.47475 1 1.02113e-09 7.36059e-11
2.85906 1.47475 1 8.03833e-10 5.7788e-11
2.87919 1.47475 1 6.26249e-10 4.51186e-11
2.89933 1.47475 1 4.79835e-10 3.48598e-11
2.91946 1.47475 1 3.57475e-10 2.63907e-11
2.9396 1.47475 1 2.53173e-10 1.91694e-11
2.95973 1.47475 1 1.61778e-10 1.26968e-11
2.97987 1.47475 1 7.87562e-11 6.48125e-12
3 1.47475 1 0 0

0 1.49495 1.00343 0 0
0.0201342 1.49495 1.00375 -0.000281999 0.00108968
0.0402685 1.49495 1.00408 -0.000499717 0.00213396
0.0604027 1.49495 1.00442 -0.000653326 0.00313524
0.0805369 1.49495 1.00477 -0.000743369 0.00409416
0.100671 1.49495 1.00513 -0.000770961 0.00500987
0.120805 1.49495 1.00548 -0.000737969 0.0058803
0.14094 1.49495 1.00584 -0.000647108 0.00670254
0.161074 1.49495 1.00619 -0.000501962 0.00747317
0.181208 1.49495 1.00654 -0.000306944 0.00818861
0.201342 1.49495 1.00686 -6.72063e-05 0.00884535
0.221477 1.49495 1.00717 0.000211492 0.00944026
0.241611 1.49495 1.00746 0.000522939 0.00997072
0.261745 1.49495 1.00773 0.000860637 0.0104348
0.281879 1.49495 1.00797 0.00121796 0.0108312
0.302013 1.49495 1.00818 0.00158833 0.0111596
0.322148 1.49495 1.00836 0.00196533 0.0114203
0.342282 1.49495 1.0085 0.00234285 0.0116144
0.362416 1.49495 1.00862 0.00271516 0.0117436
0.38255 1.49495 1.0087 0.00307702 0.0118104
0.402685 1.49495 1.00874 0.00342373 0.0118178
0.422819 1.49495 1.00876 0.00375115 0.011769
0.442953 1.49495 1.00874 0.00405575 0.0116678
0.463087 1.49495 1.00869 0.00433461 0.0115184
0.483221 1.49495 1.00861 0.00458538 0.0113248
0.503356 1.49495 1.0085 0.00480633 0.0110915
0.52349 1.49495 1.00837 0.00499626 0.0108228
0.543624 1.49495 1.00821 0.0051545 0.0105231
0.563758 1.49495 1.00803 0.00528086 0.0101968
0.583893 1.49495 1.00783 0.0053756 0.00984787
0.604027 1.49495 1.00761 0.00543938 0.00948046
0.624161 1.49495 1.00737 0.00547319 0.00909837
0.644295 1.49495 1.00712 0.00547832 0.00870518
0.66443 1.49495 1.00686 0.00545633 0.00830426
0.684564 1.49495 1.00659 0.00540897 0.00789869
0.704698 1.49495 1.00631 0.00533813 0.00749132
0.724832 1.49495 1.00603 0.00524584 0.00708471
0.744966 1.49495 1.00574 0.00513417 0.00668118
0.765101 1.49495 1.00545 0.00500523 0.00628279
0.785235 1.49495 1.00516 0.00486115 0.00589136
0.805369 1.49495 1.00488 0.00470399 0.00550848
0.825503 1.49495 1.00459 0.00453577 0.00513555
0.845638 1.49495 1.00431 0.00435845 0.00477377
0.865772 1.49495 1.00404 0.00417386 0.00442417
0.885906 1.49495 1.00377 0.00398378 0.00408765
0.90604 1.49495 1.00351 0.00378983 0.00376493
0.926174 1.49495 1.00326 0.00359356 0.00345665
0.946309 1.49495 1.00302 0.00339641 0.00316331
0.966443 1.49495 1.00278 0.00319969 0.0028853
0.986577 1.49495 1.00256 0.00300464 0.0026229
1.00671 1.49495 1.00235 0.00281237 0.00237629
1.02685 1.49495 1.00215 0.00262391 0.00214551
1.04698 1.49495 1.00196 0.0024402 0.00193053
1.06711 1.49495 1.00178 0.00226204 0.00173115
1.08725 1.49495 1.00162 0.00209018 0.00154711
1.10738 1.49495 1.00146 0.00192523 0.001378
1.12752 1.49495 1.00132 0.0017677 0.00122332
1.14765 1.49495 1.00119 0.00161799 0.00108249
1.16779 1.49495 1.00107 0.0014764 0.000954847
1.18792 1.49495 1.00095 0.00134311 0.000839661
1.20805 1.49495 1.00085 0.00121821 0.000736161
1.22819 1.49495 1.00076 0.0011017 0.000643549
1.24832 1.49495 1.00067 0.000993486 0.00056101
1.26846 1.49495 1.0006 0.000893396 0.000487733
1.28859 1.49495 1.00053 0.000801197 0.000422919
1.30872 1.49495 1.00047 0.000716601 0.000365794
1.32886 1.49495 1.00041 0.000639273 0.000315616
1.34899 1.49495 1.00036 0.000568848 0.000271684
1.36913 1.49495 1.00032 0.000504935 0.000233339
1.38926 1.49495 1.00028 0.000447126 0.000199969
1.4094 1.49495 1.00024 0.00039501 0.000171011
1.42953 1.49495 1.00021 0.000348172 0.00014595
1.44966 1.49495 1.00018 0.000306206 0.000124316
1.4698 1.49495 1.00016 0.000268713 0.000105688
1.48993 1.49495 1.00014 0.000235312 8.96853e-05
1.51007 1.49495 1.00012 0.000205636 7.59697e-05
1.5302 1.49495 1.0001 0.000179339 6.42397e-05
1.55034 1.49495 1.00009 0.000156095 5.42291e-05
1.57047 1.49495 1.00008 0.000135601 4.5703e-05
1.5906 1.49495 1.00007 0.000117574 3.84556e-05
1.61074 1.49495 1.00006 0.000101754 3.23066e-05
1.63087 1.49495 1.00005 8.79016e-05 2.70993e-05
1.65101 1.49495 1.00004 7.57991e-05 2.26972e-05
1.67114 1.49495 1.00004 6.52479e-05 1.89822e-05
1.69128 1.49495 1.00003 5.60682e-05 1.58524e-05
1.71141 1.49495 1.00003 4.80981e-05 1.32199e-05
1.73154 1.49495 1.00002 4.11919e-05 1.10092e-05
1.75168 1.49495 1.00002 3.52192e-05 9.1556e-06
1.77181 1.49495 1.00002 3.00636e-05 7.60382e-06
1.79195 1.49495 1.00001 2.56217e-05 6.30665e-06
1.81208 1.49495 1.00001 2.18017e-05 5.22389e-06
1.83221 1.49495 1.00001 1.85223e-05 4.32142e-06
1.85235 1.49495 1.00001 1.57121e-05 3.57026e-06
1.87248 1.49495 1.00001 1.3308e-05 2.94593e-06
1.89262 1.49495 1.00001 1.1255e-05 2.42771e-06
1.91275 1.49495 1 9.50456e-06 1.99815e-06
1.93289 1.49495 1 8.01467e-06 1.64256e-06
1.95302 1.49495 1 6.74858e-06 1.34859e-06
1.97315 1.49495 1 5.67439e-06 1.10587e-06
1.99329 1.49495 1 4.76446e-06 9.05732e-07
2.01342 1.49495 1 3.99485e-06 7.40915e-07
2.03356 1.49495 1 3.34494e-06 6.0536e-07
2.05369 1.49495 1 2.79694e-06 4.94012e-07
2.07383 1.49495 1 2.33555e-06 4.02667e-07
2.09396 1.49495 1 1.94766e-06 3.27824e-07
2.11409 1.49495 1 1.62205e-06 2.66581e-07
2.13423 1.49495 1 1.34909e-06 2.16529e-07
2.15436 1.49495 1 1.12062e-06 1.75674e-07
2.1745 1.49495 1 9.29637e-07 1.42368e-07
2.19463 1.49495 1 7.70224e-07 1.1525e-07
2.21477 1.49495 1 6.37342e-07 9.31962e-08
2.2349 1.49495 1 5.26728e-07 7.52831e-08
2.25503 1.49495 1 4.34775e-07 6.07503e-08
2.27517 1.49495 1 3.58435e-07 4.89736e-08
2.2953 1.49495 1 2.95143e-07 3.94412e-08
2.31544 1.49495 1 2.42736e-07 3.17338e-08
2.33557 1.49495 1 1.99398e-07 2.55088e-08
2.3557 1.49495 1 1.63606e-07 2.04864e-08
2.37584 1.49495 1 1.34082e-07 1.64383e-08
2.39597 1.49495 1 1.09761e-07 1.31789e-08
2.41611 1.49495 1 8.97486e-08 1.05569e-08
2.43624 1.49495 1 7.33027e-08 8.44975e-09
2.45638 1.49495 1 5.98037e-08 6.75782e-09
2.47651 1.49495 1 4.87367e-08 5.40051e-09
2.49664 1.49495 1 3.96744e-08 4.31255e-09
2.51678 1.49495 1 3.22622e-08 3.44124e-09
2.53691 1.49495 1 2.62065e-08 2.74398e-09
2.55705 1.49495 1 2.12649e-08 2.18646e-09
2.57718 1.49495 1 1.72368e-08 1.741e-09
2.59732 1.49495 1 1.3957e-08 1.38535e-09
2.61745 1.49495 1 1.12893e-08 1.10162e-09
2.63758 1.49495 1 9.12189e-09 8.7542e-10
2.65772 1.49495 1 7.36272e-09 6.95218e-10
2.67785 1.49495 1 5.93631e-09 5.51758e-10
2.69799 1.49495 1 4.78082e-09 4.37626e-10
2.71812 1.49495 1 3.8456e-09 3.46888e-10
2.73826 1.49495 1 3.08921e-09 2.74792e-10
2.75839 1.49495 1 2.47782e-09 2.17539e-10
2.77852 1.49495 1 1.98377e-09 1.72094e-10
2.79866 1.49495 1 1.58449e-09 1.36026e-10
2.81879 1.49495 1 1.26155e-09 1.07391e-10
2.83893 1.49495 1 9.99905e-10 8.46312e-11
2.85906 1.49495 1 7.87222e-10 6.64886e-11
2.87919 1.49495 1 6.13383e-10 5.19433e-11
2.89933 1.49495 1 4.70032e-10 4.01547e-11
2.91946 1.49495 1 3.50213e-10 3.04139e-11
2.9396 1.49495 1 2.48058e-10 2.21007e-11
2.95973 1.49495 1 1.58528e-10 1.46432e-11
2.97987 1.49495 1 7.71834e-11 7.47668e-12
3 1.49495 1 0 0

0 1.51515 1.0032 0 0
0.0201342 1.51515 1.0035 -0.00027098 0.00101919
0.0402685 1.51515 1.00381 -0.000481165 0.00199301
0.0604027 1.51515 1.00413 -0.000631283 0.00292399
0.0805369 1.51515 1.00445 -0.000722294 0.00381316
0.100671 1.51515 1.00478 -0.000755585 0.0046602
0.120805 1.51515 1.00511 -0.000733119 0.00546376
0.14094 1.51515 1.00544 -0.000657523 0.00622169
0.161074 1.51515 1.00576 -0.000532122 0.00693136
0.181208 1.51515 1.00607 -0.000360921 0.00758991
0.201342 1.51515 1.00637 -0.000148535 0.00819452
0.221477 1.51515 1.00665 9.99007e-05 0.00874256
0.241611 1.51515 1.00691 0.000378858 0.00923186
0.261745 1.51515 1.00715 0.000682546 0.00966071
0.281879 1.51515 1.00737 0.00100505 0.0100281
0.302013 1.51515 1.00756 0.00134045 0.0103335
0.322148 1.51515 1.00772 0.00168297 0.0105772
0.342282 1.51515 1.00785 0.00202706 0.0107601
0.362416 1.51515 1.00795 0.00236751 0.0108838
0.38255 1.51515 1.00802 0.0026995 0.0109502
0.402685 1.51515 1.00807 0.00301868 0.0109619
0.422819 1.51515 1.00808 0.00332119 0.0109218
0.442953 1.51515 1.00806 0.00360372 0.0108334
0.463087 1.51515 1.00801 0.00386347 0.0107001
0.483221 1.51515 1.00794 0.0040982 0.0105258
0.503356 1.51515 1.00784 0.00430619 0.0103144
0.52349 1.51515 1.00772 0.00448623 0.0100698
0.543624 1.51515 1.00757 0.00463758 0.00979604
0.563758 1.51515 1.0074 0.00475996 0.00949705
0.583893 1.51515 1.00722 0.0048535 0.00917665
0.604027 1.51515 1.00702 0.0049187 0.00883857
0.624161 1.51515 1.0068 0.00495638 0.00848633
0.644295 1.51515 1.00657 0.00496765 0.0081233
0.66443 1.51515 1.00633 0.00495386 0.0077526
0.684564 1.51515 1.00608 0.00491655 0.00737714
0.704698 1.51515 1.00582 0.00485742 0.00699961
0.724832 1.51515 1.00556 0.00477828 0.00662243
0.744966 1.51515 1.0053 0.00468101 0.0062478
0.765101 1.51515 1.00503 0.00456752 0.0058777
0.785235 1.51515 1.00477 0.00443975 0.00551387
0.805369 1.51515 1.0045 0.00429961 0.00515785
0.825503 1.51515 1.00424 0.00414895 0.00481096
0.845638 1.51515 1.00398 0.00398957 0.00447439
0.865772 1.51515 1.00373 0.0038232 0.00414911
0.885906 1.51515 1.00348 0.00365147 0.00383598
0.90604 1.51515 1.00324 0.00347592 0.0035357
0.926174 1.51515 1.00301 0.00329799 0.00324884
0.946309 1.51515 1.00279 0.00311903 0.00297588
0.966443 1.51515 1.00258 0.00294027 0.00271716
0.986577 1.51515 1.00237 0.00276287 0.00247292
1.00671 1.51515 1.00218 0.00258786 0.00224329
1.02685 1.51515 1.00199 0.0024162 0.00202831
1.04698 1.51515 1.00182 0.00224876 0.00182791
1.06711 1.51515 1.00166 0.00208628 0.00164189
1.08725 1.51515 1.0015 0.00192944 0.00146999
1.10738 1.51515 1.00136 0.00177879 0.00131183
1.12752 1.51515 1.00123 0.00163481 0.00116696
1.14765 1.51515 1.00111 0.00149786 0.00103482
1.16779 1.51515 1.001 0.00136822 0.000914823
1.18792 1.51515 1.00089 0.00124605 0.000806312
1.20805 1.51515 1.0008 0.00113144 0.00070859
1.22819 1.51515 1.00071 0.00102441 0.000620939
1.24832 1.51515 1.00063 0.000924863 0.000542627
1.26846 1.51515 1.00056 0.000832672 0.000472921
1.28859 1.51515 1.0005 0.000747633 0.0004111
1.30872 1.51515 1.00044 0.000669496 0.000356465
1.32886 1.51515 1.00039 0.000597969 0.000308341
1.34899 1.51515 1.00034 0.00053273 0.000266089
1.36913 1.51515 1.0003 0.000473436 0.000229106
1.38926 1.51515 1.00026 0.000419726 0.000196831
1.4094 1.51515 1.00023 0.000371234 0.000168744
1.42953 1.51515 1.0002 0.000327589 0.000144369
1.44966 1.51515 1.00017 0.000288427 0.000123269
1.4698 1.51515 1.00015 0.00025339 0.00010505
1.48993 1.51515 1.00013 0.000222132 8.93566e-05
1.51007 1.51515 1.00011 0.000194323 7.58695e-05
1.5302 1.51515 1.0001 0.000169647 6.43044e-05
1.55034 1.51515 1.00008 0.000147808 5.44085e-05
1.57047 1.51515 1.00007 0.000128527 4.59584e-05
1.5906 1.51515 1.00006 0.000111547 3.87573e-05
1.61074 1.51515 1.00005 9.66272e-05 3.26323e-05
1.63087 1.51515 1.00005 8.35483e-05 2.74325e-05
1.65101 1.51515 1.00004 7.21084e-05 2.3026e-05
1.67114 1.51515 1.00003 6.21239e-05 1.92984e-05
1.69128 1.51515 1.00003 5.34281e-05 1.61506e-05
1.71141 1.51515 1.00002 4.58702e-05 1.34967e-05
1.73154 1.51515 1.00002 3.93147e-05 1.1263e-05
1.75168 1.51515 1.00002 3.36398e-05 9.38588e-06
1.77181 1.51515 1.00001 2.87367e-05 7.8109e-06
1.79195 1.51515 1.00001 2.45085e-05 6.49144e-06
1.81208 1.51515 1.00001 2.0869e-05 5.38769e-06
1.83221 1.51515 1.00001 1.7742e-05 4.46574e-06
1.85235 1.51515 1.00001 1.50602e-05 3.69675e-06
1.87248 1.51515 1.00001 1.27641e-05 3.05626e-06
1.89262 1.51515 1.00001 1.08017e-05 2.52353e-06
1.91275 1.51515 1 9.12735e-06 2.08104e-06
1.93289 1.51515 1 7.70117e-06 1.714e-06
1.95302 1.51515 1 6.48835e-06 1.40995e-06
1.97315 1.51515 1 5.45866e-06 1.15841e-06
1.99329 1.51515 1 4.58583e-06 9.50592e-07
2.01342 1.51515 1 3.84714e-06 7.79111e-07
2.03356 1.51515 1 3.22294e-06 6.37797e-07
2.05369 1.51515 1 2.69629e-06 5.21492e-07
2.07383 1.51515 1 2.25263e-06 4.25891e-07
2.09396 1.51515 1 1.87942e-06 3.47408e-07
2.11409 1.51515 1 1.56596e-06 2.83059e-07
2.13423 1.51515 1 1.30305e-06 2.30365e-07
2.15436 1.51515 1 1.08286e-06 1.87267e-07
2.1745 1.51515 1 8.98708e-07 1.52062e-07
2.19463 1.51515 1 7.44919e-07 1.2334e-07
2.21477 1.51515 1 6.16662e-07 9.99339e-08
2.2349 1.51515 1 5.09847e-07 8.08838e-08
2.25503 1.51515 1 4.21009e-07 6.53968e-08
2.27517 1.51515 1 3.47223e-07 5.28211e-08
2.2953 1.51515 1 2.86019e-07 4.2621e-08
2.31544 1.51515 1 2.35319e-07 3.43569e-08
2.33557 1.51515 1 1.93375e-07 2.76687e-08
2.3557 1.51515 1 1.5872e-07 2.22616e-08
2.37584 1.51515 1 1.30123e-07 1.78948e-08
2.39597 1.51515 1 1.06555e-07 1.43717e-08
2.41611 1.51515 1 8.71551e-08 1.15322e-08
2.43624 1.51515 1 7.12066e-08 9.24573e-09
2.45638 1.51515 1 5.81112e-08 7.40641e-09
2.47651 1.51515 1 4.73713e-08 5.92814e-09
2.49664 1.51515 1 3.85738e-08 4.74111e-09
2.51678 1.51515 1 3.13757e-08 3.78878e-09
2.53691 1.51515 1 2.54933e-08 3.02539e-09
2.55705 1.51515 1 2.06914e-08 2.41398e-09
2.57718 1.51515 1 1.67761e-08 1.92469e-09
2.59732 1.51515 1 1.35871e-08 1.53345e-09
2.61745 1.51515 1 1.09927e-08 1.22085e-09
2.63758 1.51515 1 8.88419e-09 9.71289e-10
2.65772 1.51515 1 7.17239e-09 7.72198e-10
2.67785 1.51515 1 5.78404e-09 6.13492e-10
2.69799 1.51515 1 4.65911e-09 4.87074e-10
2.71812 1.51515 1 3.74841e-09 3.86446e-10
2.73826 1.51515 1 3.01169e-09 3.064e-10
2.75839 1.51515 1 2.41606e-09 2.42766e-10
2.77852 1.51515 1 1.93465e-09 1.92203e-10
2.79866 1.51515 1 1.5455e-09 1.52033e-10
2.81879 1.51515 1 1.2307e-09 1.20113e-10
2.83893 1.51515 1 9.75601e-10 9.4718e-11
2.85906 1.51515 1 7.68197e-10 7.44578e-11
2.87919 1.51515 1 5.98641e-10 5.8201e-11
2.89933 1.51515 1 4.58796e-10 4.50144e-11
2.91946 1.51515 1 3.41885e-10 3.41095e-11
2.9396 1.51515 1 2.4219e-10 2.47951e-11
2.95973 1.51515 1 1.54798e-10 1.64331e-11
2.97987 1.51515 1 7.53776e-11 8.39228e-12
3 1.51515 1 0 0

0 1.53535 1.00298 0 0
0.0201342 1.53535 1.00326 -0.000259497 0.000951188
0.0402685 1.53535 1.00355 -0.000461579 0.00185763
0.0604027 1.53535 1.00385 -0.000607403 0.00272192
0.0805369 1.53535 1.00415 -0.000698254 0.00354532
0.100671 1.53535 1.00445 -0.000735727 0.00432796
0.120805 1.53535 1.00475 -0.000721853 0.00506902
0.14094 1.53535 1.00505 -0.000659182 0.00576695
0.161074 1.53535 1.00534 -0.000550822 0.00641978
0.181208 1.53535 1.00562 -0.000400428 0.00702524
0.201342 1.53535 1.00589 -0.000212163 0.00758106
0.221477 1.53535 1.00615 9.37463e-06 0.00808511
0.241611 1.53535 1.00639 0.000259247 0.00853555
0.261745 1.53535 1.00661 0.000532282 0.00893096
0.281879 1.53535 1.0068 0.000823186 0.00927041
0.302013 1.53535 1.00697 0.00112666 0.00955351
0.322148 1.53535 1.00712 0.00143748 0.00978045
0.342282 1.53535 1.00724 0.00175065 0.00995196
0.362416 1.53535 1.00733 0.00206141 0.0100693
0.38255 1.53535 1.00739 0.00236535 0.0101343
0.402685 1.53535 1.00743 0.00265848 0.0101491
0.422819 1.53535 1.00744 0.00293722 0.0101163
0.442953 1.53535 1.00742 0.00319847 0.0100389
0.463087 1.53535 1.00738 0.00343959 0.00992007
0.483221 1.53535 1.00731 0.00365845 0.00976316
0.503356 1.53535 1.00722 0.00385337 0.00957171
0.52349 1.53535 1.00711 0.00402314 0.0093493
0.543624 1.53535 1.00697 0.004167 0.00909956
0.563758 1.53535 1.00682 0.00428459 0.00882607
0.583893 1.53535 1.00665 0.00437593 0.00853236
0.604027 1.53535 1.00646 0.00444139 0.00822184
0.624161 1.53535 1.00626 0.00448166 0.00789777
0.644295 1.53535 1.00605 0.00449766 0.00756326
0.66443 1.53535 1.00583 0.00449058 0.00722125
0.684564 1.53535 1.0056 0.00446177 0.00687444
0.704698 1.53535 1.00536 0.00441274 0.00652535
0.724832 1.53535 1.00512 0.00434511 0.00617627
0.744966 1.53535 1.00488 0.00426057 0.00582929
0.765101 1.53535 1.00464 0.00416088 0.00548627
0.785235 1.53535 1.00439 0.00404777 0.00514887
0.805369 1.53535 1.00415 0.003923 0.00481857
0.825503 1.53535 1.00391 0.00378828 0.00449664
0.845638 1.53535 1.00367 0.00364527 0.0041842
0.865772 1.53535 1.00344 0.00349556 0.0038822
0.885906 1.53535 1.00321 0.00334067 0.00359143
0.90604 1.53535 1.00299 0.00318204 0.00331257
0.926174 1.53535 1.00278 0.003021 0.00304616
0.946309 1.53535 1.00258 0.00285881 0.00279262
0.966443 1.53535 1.00238 0.00269663 0.00255227
0.986577 1.53535 1.00219 0.00253553 0.00232533
1.00671 1.53535 1.00202 0.00237648 0.00211189
1.02685 1.53535 1.00185 0.00222036 0.00191197
1.04698 1.53535 1.00169 0.00206798 0.00172549
1.06711 1.53535 1.00154 0.00192002 0.00155226
1.08725 1.53535 1.0014 0.00177709 0.00139201
1.10738 1.53535 1.00127 0.00163972 0.0012444
1.12752 1.53535 1.00114 0.00150833 0.001109
1.14765 1.53535 1.00103 0.00138326 0.000985325
1.16779 1.53535 1.00093 0.00126475 0.000872816
1.18792 1.53535 1.00083 0.00115298 0.000770886
1.20805 1.53535 1.00074 0.00104802 0.000678906
1.22819 1.53535 1.00066 0.000949882 0.000596229
1.24832 1.53535 1.00059 0.000858511 0.000522194
1.26846 1.53535 1.00052 0.000773786 0.000456141
1.28859 1.53535 1.00046 0.000695536 0.000397419
1.30872 1.53535 1.00041 0.000623542 0.000345393
1.32886 1.53535 1.00036 0.000557552 0.000299453
1.34899 1.53535 1.00032 0.000497282 0.000259014
1.36913 1.53535 1.00028 0.000442429 0.000223528
1.38926 1.53535 1.00025 0.000392673 0.000192479
1.4094 1.53535 1.00022 0.000347689 0.00016539
1.42953 1.53535 1.00019 0.000307146 0.000141819
1.44966 1.53535 1.00016 0.000270718 0.000121363
1.4698 1.53535 1.00014 0.000238083 0.000103656
1.48993 1.53535 1.00012 0.00020893 8.83645e-05
1.51007 1.53535 1.00011 0.000182959 7.51903e-05
1.5302 1.53535 1.00009 0.000159885 6.38656e-05
1.55034 1.53535 1.00008 0.000139438 5.41519e-05
1.57047 1.53535 1.00007 0.000121365 4.58375e-05
1.5906 1.53535 1.00006 0.000105428 3.87353e-05
1.61074 1.53535 1.00005 9.14099e-05 3.26804e-05
1.63087 1.53535 1.00004 7.91069e-05 2.75283e-05
1.65101 1.53535 1.00004 6.83339e-05 2.31524e-05
1.67114 1.53535 1.00003 5.89214e-05 1.94425e-05
1.69128 1.53535 1.00003 5.07153e-05 1.63027e-05
1.71141 1.53535 1.00002 4.35758e-05 1.36499e-05
1.73154 1.53535 1.00002 3.73771e-05 1.14124e-05
1.75168 1.53535 1.00002 3.2006e-05 9.52819e-06
1.77181 1.53535 1.00001 2.73611e-05 7.944e-06
1.79195 1.53535 1.00001 2.3352e-05 6.61413e-06
1.81208 1.53535 1.00001 1.98981e-05 5.49946e-06
1.83221 1.53535 1.00001 1.6928e-05 4.56656e-06
1.85235 1.53535 1.00001 1.43787e-05 3.78693e-06
1.87248 1.53535 1.00001 1.21943e-05 3.13632e-06
1.89262 1.53535 1.00001 1.0326e-05 2.59416e-06
1.91275 1.53535 1 8.7307e-06 2.143e-06
1.93289 1.53535 1 7.37086e-06 1.76808e-06
1.95302 1.53535 1 6.21366e-06 1.45693e-06
1.97315 1.53535 1 5.23051e-06 1.19906e-06
1.99329 1.53535 1 4.39658e-06 9.8562e-07
2.01342 1.53535 1 3.69035e-06 8.09193e-07
2.03356 1.53535 1 3.09321e-06 6.63547e-07
2.05369 1.53535 1 2.58909e-06 5.43466e-07
2.07383 1.53535 1 2.16414e-06 4.44589e-07
2.09396 1.53535 1 1.80648e-06 3.63275e-07
2.11409 1.53535 1 1.50589e-06 2.96489e-07
2.13423 1.53535 1 1.25365e-06 2.41702e-07
2.15436 1.53535 1 1.04228e-06 1.96816e-07
2.1745 1.53535 1 8.65418e-07 1.60086e-07
2.19463 1.53535 1 7.17638e-07 1.30066e-07
2.21477 1.53535 1 5.94331e-07 1.05561e-07
2.2349 1.53535 1 4.91588e-07 8.55803e-08
2.25503 1.53535 1 4.06096e-07 6.93085e-08
2.27517 1.53535 1 3.35056e-07 5.60723e-08
2.2953 1.53535 1 2.76103e-07 4.53177e-08
2.31544 1.53535 1 2.27247e-07 3.65891e-08
2.33557 1.53535 1 1.86811e-07 2.95128e-08
2.3557 1.53535 1 1.53387e-07 2.37821e-08
2.37584 1.53535 1 1.25794e-07 1.91461e-08
2.39597 1.53535 1 1.03045e-07 1.53996e-08
2.41611 1.53535 1 8.43124e-08 1.23749e-08
2.43624 1.53535 1 6.89062e-08 9.93546e-09
2.45638 1.53535 1 5.62514e-08 7.96992e-09
2.47651 1.53535 1 4.58691e-08 6.38774e-09
2.49664 1.53535 1 3.73615e-08 5.11533e-09
2.51678 1.53535 1 3.03984e-08 4.09298e-09
2.53691 1.53535 1 2.4706e-08 3.27228e-09
2.55705 1.53535 1 2.00578e-08 2.61405e-09
2.57718 1.53535 1 1.62665e-08 2.08657e-09
2.59732 1.53535 1 1.31778e-08 1.66423e-09
2.61745 1.53535 1 1.06641e-08 1.32636e-09
2.63758 1.53535 1 8.62063e-09 1.05628e-09
2.65772 1.53535 1 6.96118e-09 8.40576e-10
2.67785 1.53535 1 5.61495e-09 6.6843e-10
2.69799 1.53535 1 4.52386e-09 5.31155e-10
2.71812 1.53535 1 3.64034e-09 4.21772e-10
2.73826 1.53535 1 2.92543e-09 3.34675e-10
2.75839 1.53535 1 2.34731e-09 2.65369e-10
2.77852 1.53535 1 1.87994e-09 2.10248e-10
2.79866 1.53535 1 1.50206e-09 1.6642e-10
2.81879 1.53535 1 1.19631e-09 1.31563e-10
2.83893 1.53535 1 9.48492e-10 1.0381e-10
2.85906 1.53535 1 7.46967e-10 8.16505e-11
2.87919 1.53535 1 5.82184e-10 6.38562e-11
2.89933 1.53535 1 4.46248e-10 4.94113e-11
2.91946 1.53535 1 3.32582e-10 3.74564e-11
2.9396 1.53535 1 2.35633e-10 2.72374e-11
2.95973 1.53535 1 1.50628e-10 1.80565e-11
2.97987 1.53535 1 7.33579e-11 9.22298e-12
3 1.53535 1 0 0

0 1.55556 1.00276 0 0
0.0201342 1.55556 1.00303 -0.000247703 0.000885728
0.0402685 1.55556 1.0033 -0.000441269 0.00172781
0.0604027 1.55556 1.00357 -0.000582179 0.00252882
0.0805369 1.55556 1.00385 -0.000671962 0.00329021
0.100671 1.55556 1.00413 -0.000712369 0.00401239
0.120805 1.55556 1.00441 -0.000705473 0.00469498
0.14094 1.55556 1.00468 -0.00065375 0.00533691
0.161074 1.55556 1.00495 -0.000560117 0.00593671
0.181208 1.55556 1.0052 -0.000427929 0.00649263
0.201342 1.55556 1.00545 -0.000260963 0.00700286
0.221477 1.55556 1.00568 -6.33521e-05 0.00746567
0.241611 1.55556 1.0059 0.000160478 0.00787955
0.261745 1.55556 1.00609 0.000405898 0.00824331
0.281879 1.55556 1.00627 0.000668169 0.00855617
0.302013 1.55556 1.00643 0.000942531 0.00881778
0.322148 1.55556 1.00656 0.0012243 0.0090283
0.342282 1.55556 1.00667 0.00150893 0.00918833
0.362416 1.55556 1.00675 0.00179213 0.00929898
0.38255 1.55556 1.00681 0.00206988 0.00936178
0.402685 1.55556 1.00684 0.0023385 0.00937866
0.422819 1.55556 1.00685 0.0025947 0.00935191
0.442953 1.55556 1.00683 0.0028356 0.00928411
0.463087 1.55556 1.00679 0.00305873 0.0091781
0.483221 1.55556 1.00673 0.00326207 0.0090369
0.503356 1.55556 1.00664 0.003444 0.00886368
0.52349 1.55556 1.00654 0.00360335 0.00866167
0.543624 1.55556 1.00642 0.00373933 0.00843415
0.563758 1.55556 1.00627 0.00385154 0.0081844
0.583893 1.55556 1.00612 0.00393991 0.00791561
0.604027 1.55556 1.00595 0.0040047 0.00763093
0.624161 1.55556 1.00576 0.00404648 0.00733337
0.644295 1.55556 1.00557 0.00406603 0.0070258
0.66443 1.55556 1.00536 0.00406436 0.00671093
0.684564 1.55556 1.00515 0.00404269 0.00639129
0.704698 1.55556 1.00494 0.00400233 0.00606923
0.724832 1.55556 1.00472 0.00394474 0.00574691
0.744966 1.55556 1.00449 0.00387145 0.00542627
0.765101 1.55556 1.00427 0.00378403 0.00510909
0.785235 1.55556 1.00404 0.00368408 0.00479694
0.805369 1.55556 1.00382 0.00357318 0.00449121
0.825503 1.55556 1.0036 0.0034529 0.00419312
0.845638 1.55556 1.00338 0.00332478 0.00390373
0.865772 1.55556 1.00317 0.00319028 0.00362394
0.885906 1.55556 1.00296 0.0030508 0.00335451
0.90604 1.55556 1.00276 0.00290768 0.00309607
0.926174 1.55556 1.00256 0.00276216 0.00284914
0.946309 1.55556 1.00238 0.0026154 0.0026141
0.966443 1.55556 1.0022 0.0024685 0.00239124
0.986577 1.55556 1.00202 0.00232243 0.00218075
1.00671 1.55556 1.00186 0.0021781 0.00198272
1.02685 1.55556 1.00171 0.00203633 0.00179715
1.04698 1.55556 1.00156 0.00189786 0.00162394
1.06711 1.55556 1.00142 0.00176332 0.00146293
1.08725 1.55556 1.00129 0.00163327 0.00131385
1.10738 1.55556 1.00117 0.0015082 0.00117638
1.12752 1.55556 1.00106 0.00138849 0.00105013
1.14765 1.55556 1.00096 0.00127444 0.000934642
1.16779 1.55556 1.00086 0.0011663 0.000829428
1.18792 1.55556 1.00077 0.00106421 0.000733947
1.20805 1.55556 1.00069 0.00096826 0.000647631
1.22819 1.55556 1.00062 0.000878455 0.000569895
1.24832 1.55556 1.00055 0.000794755 0.000500145
1.26846 1.55556 1.00049 0.000717057 0.000437783
1.28859 1.55556 1.00043 0.000645213 0.000382221
1.30872 1.55556 1.00038 0.000579036 0.000332885
1.32886 1.55556 1.00034 0.000518302 0.000289218
1.34899 1.55556 1.0003 0.000462764 0.000250693
1.36913 1.55556 1.00026 0.000412154 0.000216805
1.38926 1.55556 1.00023 0.000366188 0.000187085
1.4094 1.55556 1.0002 0.000324576 0.000161093
1.42953 1.55556 1.00018 0.000287026 0.000138424
1.44966 1.55556 1.00015 0.000253243 0.000118704
1.4698 1.55556 1.00013 0.000222939 0.000101593
1.48993 1.55556 1.00012 0.000195835 8.67822e-05
1.51007 1.55556 1.0001 0.00017166 7.39927e-05
1.5302 1.55556 1.00009 0.000150155 6.29736e-05
1.55034 1.55556 1.00008 0.000131075 5.35006e-05
1.57047 1.55556 1.00007 0.000114191 4.53743e-05
1.5906 1.55556 1.00006 9.92857e-05 3.84174e-05
1.61074 1.55556 1.00005 8.61598e-05 3.24735e-05
1.63087 1.55556 1.00004 7.46276e-05 2.74051e-05
1.65101 1.55556 1.00004 6.45189e-05 2.30913e-05
1.67114 1.55556 1.00003 5.56776e-05 1.94264e-05
1.69128 1.55556 1.00003 4.79616e-05 1.63185e-05
1.71141 1.55556 1.00002 4.1242e-05 1.36873e-05
1.73154 1.55556 1.00002 3.54022e-05 1.14637e-05
1.75168 1.55556 1.00002 3.03374e-05 9.58752e-06
1.77181 1.55556 1.00001 2.59535e-05 8.00708e-06
1.79195 1.55556 1.00001 2.21662e-05 6.67787e-06
1.81208 1.55556 1.00001 1.89007e-05 5.56169e-06
1.83221 1.55556 1.00001 1.60903e-05 4.62583e-06
1.85235 1.55556 1.00001 1.3676e-05 3.84232e-06
1.87248 1.55556 1.00001 1.16058e-05 3.18732e-06
1.89262 1.55556 1 9.83377e-06 2.64055e-06
1.91275 1.55556 1 8.31957e-06 2.18476e-06
1.93289 1.55556 1 7.02792e-06 1.80536e-06
1.95302 1.55556 1 5.92798e-06 1.48996e-06
1.97315 1.55556 1 4.99283e-06 1.22814e-06
1.99329 1.55556 1 4.19911e-06 1.01108e-06
2.01342 1.55556 1 3.52649e-06 8.3136e-07
2.03356 1.55556 1 2.95741e-06 6.82761e-07
2.05369 1.55556 1 2.47668e-06 5.6005e-07
2.07383 1.55556 1 2.07122e-06 4.58848e-07
2.09396 1.55556 1 1.72976e-06 3.7549e-07
2.11409 1.55556 1 1.44263e-06 3.06918e-07
2.13423 1.55556 1 1.20154e-06 2.50579e-07
2.15436 1.55556 1 9.99415e-07 2.04348e-07
2.1745 1.55556 1 8.30196e-07 1.66459e-07
2.19463 1.55556 1 6.8873e-07 1.35444e-07
2.21477 1.55556 1 5.70634e-07 1.10087e-07
2.2349 1.55556 1 4.72184e-07 8.93796e-08
2.25503 1.55556 1 3.90226e-07 7.249e-08
2.27517 1.55556 1 3.22091e-07 5.87301e-08
2.2953 1.55556 1 2.65523e-07 4.75328e-08
2.31544 1.55556 1 2.18622e-07 3.84312e-08
2.33557 1.55556 1 1.79787e-07 3.10412e-08
2.3557 1.55556 1 1.47673e-07 2.50476e-08
2.37584 1.55556 1 1.21152e-07 2.01916e-08
2.39597 1.55556 1 9.92762e-08 1.62616e-08
2.41611 1.55556 1 8.1256e-08 1.30843e-08
2.43624 1.55556 1 6.643e-08 1.0518e-08
2.45638 1.55556 1 5.42472e-08 8.44748e-09
2.47651 1.55556 1 4.42486e-08 6.77848e-09
2.49664 1.55556 1 3.60525e-08 5.43446e-09
2.51678 1.55556 1 2.93419e-08 4.35316e-09
2.53691 1.55556 1 2.38541e-08 3.48405e-09
2.55705 1.55556 1 1.93715e-08 2.78612e-09
2.57718 1.55556 1 1.57142e-08 2.22616e-09
2.59732 1.55556 1 1.27336e-08 1.77729e-09
2.61745 1.55556 1 1.03073e-08 1.41779e-09
2.63758 1.55556 1 8.33423e-09 1.13012e-09
2.65772 1.55556 1 6.73151e-09 9.00114e-10
2.67785 1.55556 1 5.43094e-09 7.1637e-10
2.69799 1.55556 1 4.37658e-09 5.69705e-10
2.71812 1.55556 1 3.52258e-09 4.52728e-10
2.73826 1.55556 1 2.83139e-09 3.59502e-10
2.75839 1.55556 1 2.27231e-09 2.85254e-10
2.77852 1.55556 1 1.82022e-09 2.26154e-10
2.79866 1.55556 1 1.45462e-09 1.79124e-10
2.81879 1.55556 1 1.15874e-09 1.41692e-10
2.83893 1.55556 1 9.18859e-10 1.11866e-10
2.85906 1.55556 1 7.23751e-10 8.80339e-11
2.87919 1.55556 1 5.64181e-10 6.88828e-11
2.89933 1.55556 1 4.32516e-10 5.33249e-11
2.91946 1.55556 1 3.22397e-10 4.04392e-11
2.9396 1.55556 1 2.28451e-10 2.94163e-11
2.95973 1.55556 1 1.4606e-10 1.9506e-11
2.97987 1.55556 1 7.11442e-11 9.96509e-12
3 1.55556 1 0 0

0 1.57576 1.00255 0 0
0.0201342 1.57576 1.0028 -0.00023574 0.000822855
0.0402685 1.57576 1.00306 -0.000420514 0.00160352
0.0604027 1.57576 1.00331 -0.000556045 0.00234453
0.0805369 1.57576 1.00357 -0.000644042 0.00304741
0.100671 1.57576 1.00383 -0.00068636 0.00371282
0.120805 1.57576 1.00408 -0.000685094 0.00434067
0.14094 1.57576 1.00433 -0.000642644 0.0049303
0.161074 1.57576 1.00457 -0.000561753 0.00548063
0.181208 1.57576 1.00481 -0.000445521 0.00599033
0.201342 1.57576 1.00503 -0.000297382 0.00645799
0.221477 1.57576 1.00524 -0.000121071 0.00688221
0.241611 1.57576 1.00544 7.94355e-05 0.00726176
0.261745 1.57576 1.00562 0.000299987 0.00759568
0.281879 1.57576 1.00578 0.000536333 0.0078833
0.302013 1.57576 1.00592 0.0007842 0.00812435
0.322148 1.57576 1.00604 0.00103937 0.00831894
0.342282 1.57576 1.00613 0.00129776 0.00846763
0.362416 1.57576 1.00621 0.00155546 0.00857134
0.38255 1.57576 1.00626 0.00180883 0.00863143
0.402685 1.57576 1.00629 0.00205451 0.00864956
0.422819 1.57576 1.00629 0.00228946 0.00862777
0.442953 1.57576 1.00628 0.00251104 0.00856833
0.463087 1.57576 1.00624 0.00271693 0.00847376
0.483221 1.57576 1.00618 0.00290524 0.00834677
0.503356 1.57576 1.0061 0.00307444 0.00819019
0.52349 1.57576 1.00601 0.00322339 0.00800693
0.543624 1.57576 1.00589 0.00335129 0.00779996
0.563758 1.57576 1.00576 0.00345771 0.00757224
0.583893 1.57576 1.00562 0.00354253 0.00732671
0.604027 1.57576 1.00546 0.00360592 0.00706623
0.624161 1.57576 1.00529 0.00364832 0.00679357
0.644295 1.57576 1.00512 0.00367041 0.00651136
0.66443 1.57576 1.00493 0.00367307 0.00622211
0.684564 1.57576 1.00474 0.00365733 0.00592818
0.704698 1.57576 1.00454 0.0036244 0.00563175
0.724832 1.57576 1.00433 0.00357555 0.00533482
0.744966 1.57576 1.00413 0.00351216 0.00503923
0.765101 1.57576 1.00392 0.00343564 0.00474663
0.785235 1.57576 1.00372 0.00334745 0.00445851
0.805369 1.57576 1.00351 0.00324903 0.00417619
0.825503 1.57576 1.00331 0.00314182 0.00390081
0.845638 1.57576 1.00311 0.00302721 0.00363338
0.865772 1.57576 1.00292 0.00290656 0.00337474
0.885906 1.57576 1.00272 0.00278115 0.00312563
0.90604 1.57576 1.00254 0.00265223 0.00288663
0.926174 1.57576 1.00236 0.00252094 0.00265823
0.946309 1.57576 1.00219 0.00238836 0.00244078
0.966443 1.57576 1.00202 0.00225549 0.00223455
0.986577 1.57576 1.00187 0.00212326 0.00203971
1.00671 1.57576 1.00172 0.00199249 0.00185633
1.02685 1.57576 1.00157 0.00186394 0.00168441
1.04698 1.57576 1.00144 0.0017383 0.00152386
1.06711 1.57576 1.00131 0.00161614 0.00137449
1.08725 1.57576 1.00119 0.00149799 0.00123609
1.10738 1.57576 1.00108 0.00138428 0.00110835
1.12752 1.57576 1.00098 0.00127538 0.000990893
1.14765 1.57576 1.00089 0.00117156 0.000883324
1.16779 1.57576 1.0008 0.00107303 0.000785186
1.18792 1.57576 1.00072 0.000979949 0.000695992
1.20805 1.57576 1.00064 0.000892384 0.000615229
1.22819 1.57576 1.00057 0.000810356 0.000542368
1.24832 1.57576 1.00051 0.00073383 0.000476871
1.26846 1.57576 1.00046 0.00066272 0.000418201
1.28859 1.57576 1.0004 0.000596898 0.000365825
1.30872 1.57576 1.00036 0.000536202 0.000319221
1.32886 1.57576 1.00032 0.000480436 0.000277888
1.34899 1.57576 1.00028 0.000429382 0.000241343
1.36913 1.57576 1.00025 0.000382803 0.000209128
1.38926 1.57576 1.00022 0.000340448 0.000180813
1.4094 1.57576 1.00019 0.00030206 0.000155996
1.42953 1.57576 1.00017 0.000267377 0.000134304
1.44966 1.57576 1.00014 0.000236137 0.000115393
1.4698 1.57576 1.00013 0.00020808 9.89479e-05
1.48993 1.57576 1.00011 0.000182956 8.4683e-05
1.51007 1.57576 1.0001 0.000160521 7.23383e-05
1.5302 1.57576 1.00008 0.000140541 6.16797e-05
1.55034 1.57576 1.00007 0.000122794 5.24975e-05
1.57047 1.57576 1.00006 0.000107072 4.46041e-05
1.5906 1.57576 1.00005 9.31771e-05 3.78329e-05
1.61074 1.57576 1.00005 8.09279e-05 3.20359e-05
1.63087 1.57576 1.00004 7.01546e-05 2.70829e-05
1.65101 1.57576 1.00003 6.07014e-05 2.2859e-05
1.67114 1.57576 1.00003 5.24252e-05 1.92636e-05
1.69128 1.57576 1.00002 4.51952e-05 1.62087e-05
1.71141 1.57576 1.00002 3.88929e-05 1.36177e-05
1.73154 1.57576 1.00002 3.34107e-05 1.1424e-05
1.75168 1.57576 1.00002 2.86517e-05 9.56962e-06
1.77181 1.57576 1.00001 2.45288e-05 8.0048e-06
1.79195 1.57576 1.00001 2.0964e-05 6.68641e-06
1.81208 1.57576 1.00001 1.78877e-05 5.5774e-06
1.83221 1.57576 1.00001 1.5238e-05 4.64596e-06
1.85235 1.57576 1.00001 1.296e-05 3.86486e-06
1.87248 1.57576 1.00001 1.10051e-05 3.21079e-06
1.89262 1.57576 1 9.33052e-06 2.66391e-06
1.91275 1.57576 1 7.89855e-06 2.2073e-06
1.93289 1.57576 1 6.67618e-06 1.82661e-06
1.95302 1.57576 1 5.63451e-06 1.50966e-06
1.97315 1.57576 1 4.74832e-06 1.24614e-06
1.99329 1.57576 1 3.99564e-06 1.02734e-06
2.01342 1.57576 1 3.3574e-06 8.45909e-07
2.03356 1.57576 1 2.81708e-06 6.95672e-07
2.05369 1.57576 1 2.36036e-06 5.71427e-07
2.07383 1.57576 1 1.97492e-06 4.6881e-07
2.09396 1.57576 1 1.65014e-06 3.84166e-07
2.11409 1.57576 1 1.37688e-06 3.14435e-07
2.13423 1.57576 1 1.14732e-06 2.57062e-07
2.15436 1.57576 1 9.54746e-07 2.09916e-07
2.1745 1.57576 1 7.93443e-07 1.71222e-07
2.19463 1.57576 1 6.58528e-07 1.39504e-07
2.21477 1.57576 1 5.45843e-07 1.13536e-07
2.2349 1.57576 1 4.51859e-07 9.23e-08
2.25503 1.57576 1 3.73581e-07 7.49552e-08
2.27517 1.57576 1 3.08475e-07 6.08049e-08
2.2953 1.57576 1 2.54398e-07 4.92742e-08
2.31544 1.57576 1 2.09542e-07 3.98887e-08
2.33557 1.57576 1 1.72385e-07 3.2258e-08
2.3557 1.57576 1 1.41645e-07 2.60608e-08
2.37584 1.57576 1 1.16247e-07 2.10334e-08
2.39597 1.57576 1 9.52905e-08 1.69593e-08
2.41611 1.57576 1 7.80202e-08 1.36612e-08
2.43624 1.57576 1 6.38058e-08 1.0994e-08
2.45638 1.57576 1 5.21211e-08 8.83938e-09
2.47651 1.57576 1 4.25277e-08 7.10049e-09
2.49664 1.57576 1 3.4661e-08 5.69851e-09
2.51678 1.57576 1 2.82178e-08 4.56927e-09
2.53691 1.57576 1 2.29469e-08 3.66059e-09
2.55705 1.57576 1 1.86401e-08 2.93007e-09
2.57718 1.57576 1 1.5125e-08 2.34333e-09
2.59732 1.57576 1 1.22595e-08 1.8725e-09
2.61745 1.57576 1 9.92605e-09 1.49503e-09
2.63758 1.57576 1 8.02801e-09 1.19267e-09
2.65772 1.57576 1 6.48576e-09 9.50699e-10
2.67785 1.57576 1 5.23392e-09 7.57214e-10
2.69799 1.57576 1 4.21878e-09 6.02635e-10
2.71812 1.57576 1 3.39632e-09 4.7924e-10
2.73826 1.57576 1 2.7305e-09 3.80816e-10
2.75839 1.57576 1 2.1918e-09 3.02367e-10
2.77852 1.57576 1 1.75609e-09 2.39873e-10
2.79866 1.57576 1 1.40364e-09 1.90106e-10
2.81879 1.57576 1 1.11834e-09 1.50467e-10
2.83893 1.57576 1 8.86986e-10 1.18859e-10
2.85906 1.57576 1 6.9877e-10 9.35868e-11
2.87919 1.57576 1 5.448e-10 7.32636e-11
2.89933 1.57576 1 4.17728e-10 5.67418e-11
2.91946 1.57576 1 3.11424e-10 4.30477e-11
2.9396 1.57576 1 2.20711e-10 3.13244e-11
2.95973 1.57576 1 1.41134e-10 2.07768e-11
2.97987 1.57576 1 6.87564e-11 1.06162e-11
3 1.57576 1 0 0

0 1.59596 1.00235 0 0
0.0201342 1.59596 1.00259 -0.000223734 0.000762597
0.0402685 1.59596 1.00282 -0.000399566 0.00148473
0.0604027 1.59596 1.00306 -0.00052939 0.00216886
0.0805369 1.59596 1.0033 -0.000615038 0.00281656
0.100671 1.59596 1.00353 -0.000658436 0.00342864
0.120805 1.59596 1.00377 -0.000661674 0.00400523
0.14094 1.59596 1.004 -0.000627074 0.00454599
0.161074 1.59596 1.00422 -0.000557223 0.00505015
0.181208 1.59596 1.00443 -0.00045499 0.00551674
0.201342 1.59596 1.00464 -0.000323513 0.00594466
0.221477 1.59596 1.00483 -0.000166175 0.00633281
0.241611 1.59596 1.00501 1.34396e-05 0.0066802
0.261745 1.59596 1.00517 0.000211601 0.00698604
0.281879 1.59596 1.00531 0.000424492 0.00724981
0.302013 1.59596 1.00544 0.000648277 0.00747128
0.322148 1.59596 1.00555 0.000879164 0.00765057
0.342282 1.59596 1.00564 0.00111346 0.00778815
0.362416 1.59596 1.0057 0.00134765 0.00788485
0.38255 1.59596 1.00575 0.00157842 0.00794183
0.402685 1.59596 1.00577 0.0018027 0.00796058
0.422819 1.59596 1.00578 0.00201773 0.00794286
0.442953 1.59596 1.00576 0.00222106 0.00789071
0.463087 1.59596 1.00573 0.00241055 0.00780636
0.483221 1.59596 1.00568 0.00258444 0.00769222
0.503356 1.59596 1.0056 0.00274128 0.00755082
0.52349 1.59596 1.00551 0.00287997 0.0073848
0.543624 1.59596 1.00541 0.00299974 0.00719681
0.563758 1.59596 1.00529 0.00310013 0.00698956
0.583893 1.59596 1.00516 0.00318098 0.00676569
0.604027 1.59596 1.00501 0.00324239 0.00652783
0.624161 1.59596 1.00486 0.00328471 0.0062785
0.644295 1.59596 1.0047 0.00330851 0.00602013
0.66443 1.59596 1.00452 0.00331454 0.00575503
0.684564 1.59596 1.00435 0.00330373 0.00548536
0.704698 1.59596 1.00417 0.0032771 0.00521315
0.724832 1.59596 1.00398 0.00323583 0.00494027
0.744966 1.59596 1.00379 0.00318113 0.00466842
0.765101 1.59596 1.0036 0.00311428 0.00439916
0.785235 1.59596 1.00341 0.0030366 0.00413387
0.805369 1.59596 1.00323 0.00294939 0.00387379
0.825503 1.59596 1.00304 0.00285396 0.00362
0.845638 1.59596 1.00286 0.00275159 0.00337344
0.865772 1.59596 1.00268 0.00264353 0.00313492
0.885906 1.59596 1.0025 0.00253095 0.00290512
0.90604 1.59596 1.00233 0.00241499 0.00268459
0.926174 1.59596 1.00217 0.00229672 0.00247378
0.946309 1.59596 1.00201 0.00217713 0.00227304
0.966443 1.59596 1.00186 0.00205715 0.0020826
0.986577 1.59596 1.00172 0.00193761 0.00190262
1.00671 1.59596 1.00158 0.00181931 0.00173316
1.02685 1.59596 1.00145 0.00170292 0.00157422
1.04698 1.59596 1.00133 0.00158908 0.0014257
1.06711 1.59596 1.00121 0.00147834 0.00128745
1.08725 1.59596 1.0011 0.00137115 0.00115924
1.10738 1.59596 1.001 0.00126793 0.0010408
1.12752 1.59596 1.00091 0.00116901 0.000931794
1.14765 1.59596 1.00082 0.00107464 0.000831847
1.16779 1.59596 1.00074 0.000985025 0.000740548
1.18792 1.59596 1.00066 0.000900292 0.000657456
1.20805 1.59596 1.0006 0.00082052 0.000582108
1.22819 1.59596 1.00053 0.00074573 0.000514025
1.24832 1.59596 1.00048 0.000675894 0.000452722
1.26846 1.59596 1.00042 0.00061094 0.000397713
1.28859 1.59596 1.00038 0.000550759 0.000348516
1.30872 1.59596 1.00033 0.000495207 0.000304661
1.32886 1.59596 1.00029 0.000444116 0.00026569
1.34899 1.59596 1.00026 0.000397292 0.000231166
1.36913 1.59596 1.00023 0.000354525 0.000200673
1.38926 1.59596 1.0002 0.000315595 0.000173817
1.4094 1.59596 1.00018 0.000280271 0.000150232
1.42953 1.59596 1.00015 0.000248321 0.000129575
1.44966 1.59596 1.00014 0.000219509 0.000111529
1.4698 1.59596 1.00012 0.000193606 9.58055e-05
1.48993 1.59596 1.0001 0.000170384 8.21386e-05
1.51007 1.59596 1.00009 0.000149625 7.02877e-05
1.5302 1.59596 1.00008 0.000131117 6.00352e-05
1.55034 1.59596 1.00007 0.00011466 5.11855e-05
1.57047 1.59596 1.00006 0.000100064 4.35631e-05
1.5906 1.59596 1.00005 8.71523e-05 3.70118e-05
1.61074 1.59596 1.00004 7.57577e-05 3.13925e-05
1.63087 1.59596 1.00004 6.57259e-05 2.65823e-05
1.65101 1.59596 1.00003 5.69147e-05 2.24726e-05
1.67114 1.59596 1.00003 4.9193e-05 1.89681e-05
1.69128 1.59596 1.00002 4.24411e-05 1.59851e-05
1.71141 1.59596 1.00002 3.655e-05 1.34506e-05
1.73154 1.59596 1.00002 3.1421e-05 1.1301e-05
1.75168 1.59596 1.00001 2.69646e-05 9.48084e-06
1.77181 1.59596 1.00001 2.31006e-05 7.9423e-06
1.79195 1.59596 1.00001 1.97568e-05 6.64391e-06
1.81208 1.59596 1.00001 1.68689e-05 5.54996e-06
1.83221 1.59596 1.00001 1.43794e-05 4.6297e-06
1.85235 1.59596 1.00001 1.22376e-05 3.85675e-06
1.87248 1.59596 1.00001 1.03981e-05 3.20851e-06
1.89262 1.59596 1 8.8212e-06 2.66568e-06
1.91275 1.59596 1 7.47182e-06 2.21177e-06
1.93289 1.59596 1 6.31915e-06 1.83277e-06
1.95302 1.59596 1 5.3362e-06 1.51676e-06
1.97315 1.59596 1 4.49941e-06 1.25365e-06
1.99329 1.59596 1 3.78823e-06 1.03487e-06
2.01342 1.59596 1 3.1848e-06 8.53216e-07
2.03356 1.59596 1 2.67363e-06 7.0258e-07
2.05369 1.59596 1 2.24131e-06 5.77835e-07
2.07383 1.59596 1 1.87624e-06 4.74666e-07
2.09396 1.59596 1 1.56844e-06 3.89451e-07
2.11409 1.59596 1 1.30933e-06 3.19157e-07
2.13423 1.59596 1 1.09153e-06 2.61245e-07
2.15436 1.59596 1 9.08734e-07 2.13594e-07
2.1745 1.59596 1 7.5554e-07 1.74434e-07
2.19463 1.59596 1 6.27341e-07 1.42293e-07
2.21477 1.59596 1 5.20213e-07 1.15944e-07
2.2349 1.59596 1 4.30821e-07 9.43695e-08
2.25503 1.59596 1 3.56333e-07 7.67258e-08
2.27517 1.59596 1 2.9435e-07 6.23136e-08
2.2953 1.59596 1 2.42844e-07 5.05547e-08
2.31544 1.59596 1 2.00101e-07 4.09717e-08
2.33557 1.59596 1 1.64679e-07 3.31708e-08
2.3557 1.59596 1 1.35363e-07 2.68278e-08
2.37584 1.59596 1 1.11131e-07 2.16758e-08
2.39597 1.59596 1 9.11285e-08 1.74958e-08
2.41611 1.59596 1 7.4638e-08 1.4108e-08
2.43624 1.59596 1 6.10601e-08 1.13652e-08
2.45638 1.59596 1 4.98944e-08 9.14696e-09
2.47651 1.59596 1 4.07237e-08 7.35472e-09
2.49664 1.59596 1 3.32009e-08 5.90817e-09
2.51678 1.59596 1 2.70373e-08 4.74178e-09
2.53691 1.59596 1 2.19934e-08 3.80222e-09
2.55705 1.59596 1 1.78706e-08 3.04611e-09
2.57718 1.59596 1 1.45047e-08 2.43822e-09
2.59732 1.59596 1 1.17599e-08 1.94994e-09
2.61745 1.59596 1 9.52406e-09 1.55811e-09
2.63758 1.59596 1 7.70487e-09 1.24396e-09
2.65772 1.59596 1 6.22626e-09 9.9233e-10
2.67785 1.59596 1 5.02572e-09 7.9095e-10
2.69799 1.59596 1 4.05192e-09 6.29928e-10
2.71812 1.59596 1 3.26274e-09 5.01286e-10
2.73826 1.59596 1 2.62369e-09 3.98598e-10
2.75839 1.59596 1 2.10651e-09 3.16686e-10
2.77852 1.59596 1 1.68811e-09 2.51388e-10
2.79866 1.59596 1 1.34958e-09 1.9935e-10
2.81879 1.59596 1 1.07548e-09 1.57873e-10
2.83893 1.59596 1 8.53153e-10 1.24778e-10
2.85906 1.59596 1 6.72239e-10 9.82981e-11
2.87919 1.59596 1 5.24208e-10 7.69896e-11
2.89933 1.59596 1 4.02009e-10 5.96547e-11
2.91946 1.59596 1 2.99756e-10 4.52763e-11
2.9396 1.59596 1 2.12478e-10 3.29577e-11
2.95973 1.59596 1 1.35892e-10 2.18664e-11
2.97987 1.59596 1 6.62147e-11 1.11752e-11
3 1.59596 1 0 0

0 1.61616 1.00216 0 0
0.0201342 1.61616 1.00238 -0.000211798 0.000704966
0.0402685 1.61616 1.0026 -0.000378647 0.00137141
0.0604027 1.61616 1.00282 -0.000502553 0.00200166
0.0805369 1.61616 1.00304 -0.000585429 0.00259732
0.100671 1.61616 1.00326 -0.000629233 0.00315927
0.120805 1.61616 1.00347 -0.000636037 0.00368785
0.14094 1.61616 1.00368 -0.000608078 0.00418292
0.161074 1.61616 1.00389 -0.0005478 0.004644
0.181208 1.61616 1.00408 -0.000457862 0.00507037
0.201342 1.61616 1.00427 -0.000341143 0.00546121
0.221477 1.61616 1.00444 -0.000200716 0.00581566
0.241611 1.61616 1.0046 -3.98191e-05 0.00613295
0.261745 1.61616 1.00475 0.000138189 0.00641245
0.281879 1.61616 1.00488 0.000329877 0.00665374
0.302013 1.61616 1.005 0.000531798 0.00685665
0.322148 1.61616 1.00509 0.00074054 0.0070213
0.342282 1.61616 1.00517 0.000952782 0.00714812
0.362416 1.61616 1.00523 0.00116534 0.00723784
0.38255 1.61616 1.00528 0.00137522 0.00729147
0.402685 1.61616 1.0053 0.00157963 0.00731033
0.422819 1.61616 1.0053 0.00177605 0.00729597
0.442953 1.61616 1.00529 0.00196224 0.0072502
0.463087 1.61616 1.00525 0.00213623 0.00717498
0.483221 1.61616 1.0052 0.00229637 0.00707248
0.503356 1.61616 1.00514 0.00244131 0.00694495
0.52349 1.61616 1.00506 0.00257001 0.00679476
0.543624 1.61616 1.00496 0.00268172 0.00662431
0.563758 1.61616 1.00485 0.00277597 0.00643603
0.583893 1.61616 1.00473 0.00285257 0.00623233
0.604027 1.61616 1.0046 0.00291157 0.00601558
0.624161 1.61616 1.00446 0.00295324 0.0057881
0.644295 1.61616 1.00431 0.00297806 0.0055521
0.66443 1.61616 1.00415 0.00298667 0.00530969
0.684564 1.61616 1.00399 0.00297988 0.00506288
0.704698 1.61616 1.00382 0.0029586 0.00481353
0.724832 1.61616 1.00365 0.00292388 0.00456337
0.744966 1.61616 1.00348 0.00287679 0.00431399
0.765101 1.61616 1.0033 0.00281849 0.00406682
0.785235 1.61616 1.00313 0.00275017 0.00382316
0.805369 1.61616 1.00296 0.002673 0.00358416
0.825503 1.61616 1.00279 0.00258819 0.00335085
0.845638 1.61616 1.00262 0.00249689 0.0031241
0.865772 1.61616 1.00246 0.00240024 0.00290466
0.885906 1.61616 1.0023 0.00229933 0.00269318
0.90604 1.61616 1.00214 0.00219519 0.00249017
0.926174 1.61616 1.00199 0.00208881 0.00229606
0.946309 1.61616 1.00185 0.00198109 0.00211116
0.966443 1.61616 1.00171 0.0018729 0.0019357
0.986577 1.61616 1.00158 0.00176501 0.00176982
1.00671 1.61616 1.00145 0.00165814 0.00161358
1.02685 1.61616 1.00133 0.00155292 0.00146696
1.04698 1.61616 1.00122 0.00144993 0.00132989
1.06711 1.61616 1.00111 0.00134968 0.00120221
1.08725 1.61616 1.00102 0.00125259 0.00108372
1.10738 1.61616 1.00092 0.00115903 0.000974164
1.12752 1.61616 1.00084 0.00106931 0.000873242
1.14765 1.61616 1.00076 0.000983665 0.000780614
1.16779 1.61616 1.00068 0.000902278 0.000695903
1.18792 1.61616 1.00061 0.000825274 0.000618712
1.20805 1.61616 1.00055 0.000752725 0.00054862
1.22819 1.61616 1.00049 0.000684652 0.000485197
1.24832 1.61616 1.00044 0.000621037 0.000428004
1.26846 1.61616 1.00039 0.000561819 0.0003766
1.28859 1.61616 1.00035 0.000506904 0.000330553
1.30872 1.61616 1.00031 0.000456166 0.000289434
1.32886 1.61616 1.00027 0.000409456 0.000252831
1.34899 1.61616 1.00024 0.000366606 0.000220347
1.36913 1.61616 1.00021 0.00032743 0.000191603
1.38926 1.61616 1.00019 0.000291732 0.000166241
1.4094 1.61616 1.00016 0.000259308 0.000143926
1.42953 1.61616 1.00014 0.00022995 0.000124345
1.44966 1.61616 1.00013 0.000203448 0.000107207
1.4698 1.61616 1.00011 0.000179596 9.22461e-05
1.48993 1.61616 1.0001 0.000158191 7.92178e-05
1.51007 1.61616 1.00008 0.000139036 6.78996e-05
1.5302 1.61616 1.00007 0.000121941 5.80899e-05
1.55034 1.61616 1.00006 0.000106724 4.96066e-05
1.57047 1.61616 1.00005 9.32155e-05 4.22867e-05
1.5906 1.61616 1.00005 8.12531e-05 3.59839e-05
1.61074 1.61616 1.00004 7.06859e-05 3.05681e-05
1.63087 1.61616 1.00003 6.13737e-05 2.5924e-05
1.65101 1.61616 1.00003 5.31867e-05 2.19494e-05
1.67114 1.61616 1.00003 4.60054e-05 1.85542e-05
1.69128 1.61616 1.00002 3.97203e-05 1.56594e-05
1.71141 1.61616 1.00002 3.42317e-05 1.31958e-05
1.73154 1.61616 1.00002 2.94489e-05 1.11028e-05
1.75168 1.61616 1.00001 2.52897e-05 9.3278e-06
1.77181 1.61616 1.00001 2.16804e-05 7.82503e-06
1.79195 1.61616 1.00001 1.85545e-05 6.55485e-06
1.81208 1.61616 1.00001 1.58527e-05 5.48302e-06
1.83221 1.61616 1.00001 1.35218e-05 4.58001e-06
1.85235 1.61616 1.00001 1.15148e-05 3.82042e-06
1.87248 1.61616 1 9.78994e-06 3.18245e-06
1.89262 1.61616 1 8.31022e-06 2.64744e-06
1.91275 1.61616 1 7.0431e-06 2.19944e-06
1.93289 1.61616 1 5.95995e-06 1.82486e-06
1.95302 1.61616 1 5.03568e-06 1.5121e-06
1.97315 1.61616 1 4.24832e-06 1.25134e-06
1.99329 1.61616 1 3.57873e-06 1.03423e-06
2.01342 1.61616 1 3.01024e-06 8.53716e-07
2.03356 1.61616 1 2.52838e-06 7.03835e-07
2.05369 1.61616 1 2.12059e-06 5.79554e-07
2.07383 1.61616 1 1.77605e-06 4.76638e-07
2.09396 1.61616 1 1.48539e-06 3.91526e-07
2.11409 1.61616 1 1.24058e-06 3.21228e-07
2.13423 1.61616 1 1.03469e-06 2.63242e-07
2.15436 1.61616 1 8.61799e-07 2.15471e-07
2.1745 1.61616 1 7.16831e-07 1.76166e-07
2.19463 1.61616 1 5.95455e-07 1.43866e-07
2.21477 1.61616 1 4.9398e-07 1.17356e-07
2.2349 1.61616 1 4.09264e-07 9.56236e-08
2.25503 1.61616 1 3.38639e-07 7.78299e-08
2.27517 1.61616 1 2.79844e-07 6.32781e-08
2.2953 1.61616 1 2.30966e-07 5.13917e-08
2.31544 1.61616 1 1.90386e-07 4.16936e-08
2.33557 1.61616 1 1.56742e-07 3.37902e-08
2.3557 1.61616 1 1.28885e-07 2.73565e-08
2.37584 1.61616 1 1.0585e-07 2.21251e-08
2.39597 1.61616 1 8.68283e-08 1.7876e-08
2.41611 1.61616 1 7.114e-08 1.44286e-08
2.43624 1.61616 1 5.82177e-08 1.16345e-08
2.45638 1.61616 1 4.75872e-08 9.37235e-09
2.47651 1.61616 1 3.88529e-08 7.5428e-09
2.49664 1.61616 1 3.16855e-08 6.06464e-09
2.51678 1.61616 1 2.5811e-08 4.87159e-09
2.53691 1.61616 1 2.1002e-08 3.90962e-09
2.55705 1.61616 1 1.707e-08 3.13474e-09
2.57718 1.61616 1 1.38588e-08 2.51118e-09
2.59732 1.61616 1 1.12392e-08 2.00986e-09
2.61745 1.61616 1 9.10482e-09 1.60722e-09
2.63758 1.61616 1 7.36761e-09 1.28412e-09
2.65772 1.61616 1 5.95523e-09 1.0251e-09
2.67785 1.61616 1 4.80813e-09 8.17641e-10
2.69799 1.61616 1 3.87741e-09 6.51627e-10
2.71812 1.61616 1 3.12295e-09 5.18895e-10
2.73826 1.61616 1 2.51184e-09 4.12862e-10
2.75839 1.61616 1 2.01716e-09 3.28222e-10
2.77852 1.61616 1 1.61685e-09 2.60701e-10
2.79866 1.61616 1 1.29288e-09 2.06856e-10
2.81879 1.61616 1 1.0305e-09 1.63909e-10
2.83893 1.61616 1 8.1763e-10 1.29619e-10
2.85906 1.61616 1 6.44371e-10 1.02166e-10
2.87919 1.61616 1 5.02569e-10 8.00586e-11
2.89933 1.61616 1 3.85483e-10 6.20618e-11
2.91946 1.61616 1 2.87485e-10 4.71234e-11
2.9396 1.61616 1 2.03816e-10 3.43152e-11
2.95973 1.61616 1 1.30376e-10 2.27741e-11
2.97987 1.61616 1 6.35386e-11 1.16419e-11
3 1.61616 1 0 0

0 1.63636 1.00198 0 0
0.0201342 1.63636 1.00218 -0.000200034 0.000649959
0.0402685 1.63636 1.00239 -0.000357955 0.00126346
0.0604027 1.63636 1.0026 -0.000475834 0.00184273
0.0805369 1.63636 1.0028 -0.000555627 0.00238931
0.100671 1.63636 1.003 -0.000599301 0.00290416
0.120805 1.63636 1.0032 -0.000608889 0.00338775
0.14094 1.63636 1.00339 -0.000586544 0.0038401
0.161074 1.63636 1.00358 -0.00053457 0.00426095
0.181208 1.63636 1.00376 -0.000455443 0.00464981
0.201342 1.63636 1.00393 -0.000351804 0.00500606
0.221477 1.63636 1.00408 -0.000226456 0.00532906
0.241611 1.63636 1.00423 -8.23305e-05 0.0056182
0.261745 1.63636 1.00436 7.75429e-05 0.00587301
0.281879 1.63636 1.00448 0.000250076 0.00609316
0.302013 1.63636 1.00459 0.000432168 0.00627854
0.322148 1.63636 1.00467 0.00062075 0.00642928
0.342282 1.63636 1.00475 0.00081283 0.00654575
0.362416 1.63636 1.0048 0.00100554 0.0066286
0.38255 1.63636 1.00484 0.00119616 0.00667874
0.402685 1.63636 1.00486 0.00138218 0.00669732
0.422819 1.63636 1.00486 0.0015613 0.00668573
0.442953 1.63636 1.00484 0.00173146 0.00664553
0.463087 1.63636 1.00481 0.00189086 0.0065785
0.483221 1.63636 1.00477 0.00203797 0.00648655
0.503356 1.63636 1.00471 0.00217155 0.00637171
0.52349 1.63636 1.00463 0.0022906 0.00623608
0.543624 1.63636 1.00454 0.00239441 0.00608182
0.563758 1.63636 1.00444 0.00248253 0.00591113
0.583893 1.63636 1.00433 0.00255472 0.00572618
0.604027 1.63636 1.00421 0.00261099 0.00552913
0.624161 1.63636 1.00408 0.00265156 0.00532206
0.644295 1.63636 1.00394 0.00267683 0.00510702
0.66443 1.63636 1.0038 0.00268735 0.00488592
0.684564 1.63636 1.00365 0.00268382 0.00466061
0.704698 1.63636 1.0035 0.00266705 0.00443279
0.724832 1.63636 1.00334 0.00263796 0.00420406
0.744966 1.63636 1.00319 0.00259753 0.00397588
0.765101 1.63636 1.00303 0.00254678 0.00374959
0.785235 1.63636 1.00287 0.00248678 0.00352639
0.805369 1.63636 1.00271 0.0024186 0.00330736
0.825503 1.63636 1.00256 0.00234333 0.00309343
0.845638 1.63636 1.0024 0.00226201 0.00288543
0.865772 1.63636 1.00225 0.0021757 0.00268407
0.885906 1.63636 1.00211 0.00208537 0.00248995
0.90604 1.63636 1.00197 0.00199198 0.00230354
0.926174 1.63636 1.00183 0.00189643 0.00212525
0.946309 1.63636 1.0017 0.00179956 0.00195536
0.966443 1.63636 1.00157 0.00170214 0.00179409
0.986577 1.63636 1.00145 0.00160491 0.00164157
1.00671 1.63636 1.00133 0.00150851 0.00149785
1.02685 1.63636 1.00122 0.00141353 0.00136293
1.04698 1.63636 1.00112 0.00132049 0.00123672
1.06711 1.63636 1.00102 0.00122987 0.00111909
1.08725 1.63636 1.00093 0.00114205 0.00100985
1.10738 1.63636 1.00085 0.00105738 0.000908773
1.12752 1.63636 1.00077 0.000976127 0.00081558
1.14765 1.63636 1.0007 0.000898522 0.000729962
1.16779 1.63636 1.00063 0.000824727 0.000651582
1.18792 1.63636 1.00057 0.00075486 0.000580077
1.20805 1.63636 1.00051 0.00068899 0.000515069
1.22819 1.63636 1.00045 0.00062714 0.000456169
1.24832 1.63636 1.00041 0.000569296 0.000402981
1.26846 1.63636 1.00036 0.000515407 0.000355108
1.28859 1.63636 1.00032 0.000465393 0.000312158
1.30872 1.63636 1.00029 0.000419144 0.000273746
1.32886 1.63636 1.00025 0.00037653 0.000239496
1.34899 1.63636 1.00022 0.000337401 0.000209051
1.36913 1.63636 1.0002 0.000301594 0.000182065
1.38926 1.63636 1.00017 0.000268936 0.000158215
1.4094 1.63636 1.00015 0.000239243 0.000137193
1.42953 1.63636 1.00013 0.000212333 0.000118714
1.44966 1.63636 1.00012 0.000188017 0.000102513
1.4698 1.63636 1.0001 0.000166111 8.83448e-05
1.48993 1.63636 1.00009 0.000146433 7.59854e-05
1.51007 1.63636 1.00008 0.000128806 6.52296e-05
1.5302 1.63636 1.00007 0.00011306 5.5891e-05
1.55034 1.63636 1.00006 9.90302e-05 4.78013e-05
1.57047 1.63636 1.00005 8.65633e-05 4.08089e-05
1.5906 1.63636 1.00004 7.5513e-05 3.4778e-05
1.61074 1.63636 1.00004 6.57425e-05 2.95872e-05
1.63087 1.63636 1.00003 5.71244e-05 2.51286e-05
1.65101 1.63636 1.00003 4.95408e-05 2.13064e-05
1.67114 1.63636 1.00002 4.28829e-05 1.80362e-05
1.69128 1.63636 1.00002 3.70508e-05 1.52436e-05
1.71141 1.63636 1.00002 3.19534e-05 1.28631e-05
1.73154 1.63636 1.00001 2.75078e-05 1.08376e-05
1.75168 1.63636 1.00001 2.36387e-05 9.11727e-06
1.77181 1.63636 1.00001 2.02784e-05 7.65857e-06
1.79195 1.63636 1.00001 1.73658e-05 6.42381e-06
1.81208 1.63636 1.00001 1.48464e-05 5.38035e-06
1.83221 1.63636 1.00001 1.26714e-05 4.49997e-06
1.85235 1.63636 1.00001 1.07972e-05 3.75838e-06
1.87248 1.63636 1 9.18524e-06 3.13466e-06
1.89262 1.63636 1 7.80144e-06 2.61088e-06
1.91275 1.63636 1 6.61566e-06 2.1717e-06
1.93289 1.63636 1 5.60136e-06 1.80399e-06
1.95302 1.63636 1 4.73527e-06 1.49658e-06
1.97315 1.63636 1 3.99701e-06 1.23994e-06
1.99329 1.63636 1 3.36879e-06 1.02599e-06
2.01342 1.63636 1 2.83509e-06 8.47885e-07
2.03356 1.63636 1 2.38245e-06 6.99819e-07
2.05369 1.63636 1 1.99918e-06 5.76893e-07
2.07383 1.63636 1 1.67516e-06 4.74975e-07
2.09396 1.63636 1 1.40167e-06 3.90589e-07
2.11409 1.63636 1 1.1712e-06 3.20809e-07
2.13423 1.63636 1 9.7726e-07 2.63182e-07
2.15436 1.63636 1 8.14322e-07 2.15652e-07
2.1745 1.63636 1 6.77631e-07 1.765e-07
2.19463 1.63636 1 5.6313e-07 1.4429e-07
2.21477 1.63636 1 4.67357e-07 1.17824e-07
2.2349 1.63636 1 3.87363e-07 9.61038e-08
2.25503 1.63636 1 3.20645e-07 7.83002e-08
2.27517 1.63636 1 2.65077e-07 6.37245e-08
2.2953 1.63636 1 2.18861e-07 5.18056e-08
2.31544 1.63636 1 1.80475e-07 4.20707e-08
2.33557 1.63636 1 1.48636e-07 3.41287e-08
2.3557 1.63636 1 1.22264e-07 2.76569e-08
2.37584 1.63636 1 1.00448e-07 2.23891e-08
2.39597 1.63636 1 8.24248e-08 1.8106e-08
2.41611 1.63636 1 6.75548e-08 1.46275e-08
2.43624 1.63636 1 5.53018e-08 1.18054e-08
2.45638 1.63636 1 4.52183e-08 9.51836e-09
2.47651 1.63636 1 3.69303e-08 7.66689e-09
2.49664 1.63636 1 3.01268e-08 6.16959e-09
2.51678 1.63636 1 2.45486e-08 4.95997e-09
2.53691 1.63636 1 1.99807e-08 3.98375e-09
2.55705 1.63636 1 1.62445e-08 3.19669e-09
2.57718 1.63636 1 1.31923e-08 2.56277e-09
2.59732 1.63636 1 1.07016e-08 2.05269e-09
2.61745 1.63636 1 8.6716e-09 1.64266e-09
2.63758 1.63636 1 7.01887e-09 1.31338e-09
2.65772 1.63636 1 5.67477e-09 1.04918e-09
2.67785 1.63636 1 4.58282e-09 8.37413e-10
2.69799 1.63636 1 3.6966e-09 6.67822e-10
2.71812 1.63636 1 2.97802e-09 5.32132e-10
2.73826 1.63636 1 2.39582e-09 4.23658e-10
2.75839 1.63636 1 1.9244e-09 3.37009e-10
2.77852 1.63636 1 1.54283e-09 2.67838e-10
2.79866 1.63636 1 1.23395e-09 2.12641e-10
2.81879 1.63636 1 9.83729e-10 1.68587e-10
2.83893 1.63636 1 7.80677e-10 1.33392e-10
2.85906 1.63636 1 6.15367e-10 1.05195e-10
2.87919 1.63636 1 4.80039e-10 8.24743e-11
2.89933 1.63636 1 3.6827e-10 6.39656e-11
2.91946 1.63636 1 2.74698e-10 4.85909e-11
2.9396 1.63636 1 1.94786e-10 3.53985e-11
2.95973 1.63636 1 1.24623e-10 2.35013e-11
2.97987 1.63636 1 6.07469e-11 1.20169e-11
3 1.63636 1 0 0

0 1.65657 1.00181 0 0
0.0201342 1.65657 1.002 -0.00018853 0.000597554
0.0402685 1.65657 1.00219 -0.000337658 0.00116081
0.0604027 1.65657 1.00238 -0.00044949 0.00169185
0.0805369 1.65657 1.00257 -0.00052599 0.00219217
0.100671 1.65657 1.00276 -0.00056911 0.00266277
0.120805 1.65657 1.00294 -0.000580833 0.00310418
0.14094 1.65657 1.00312 -0.000563225 0.00351657
0.161074 1.65657 1.00329 -0.000518461 0.00389985
0.181208 1.65657 1.00345 -0.000448843 0.00425369
0.201342 1.65657 1.00361 -0.000356806 0.00457767
0.221477 1.65657 1.00375 -0.000244907 0.00487131
0.241611 1.65657 1.00388 -0.000115808 0.00513417
0.261745 1.65657 1.004 2.77527e-05 0.00536587
0.281879 1.65657 1.00411 0.000182992 0.00556619
0.302013 1.65657 1.00421 0.000347119 0.00573505
0.322148 1.65657 1.00429 0.000517371 0.00587259
0.342282 1.65657 1.00435 0.000691057 0.00597916
0.362416 1.65657 1.0044 0.000865588 0.00605535
0.38255 1.65657 1.00443 0.00103852 0.00610194
0.402685 1.65657 1.00445 0.00120756 0.00611996
0.422819 1.65657 1.00445 0.00137063 0.00611062
0.442953 1.65657 1.00444 0.00152586 0.00607533
0.463087 1.65657 1.00441 0.0016716 0.00601566
0.483221 1.65657 1.00437 0.00180644 0.0059333
0.503356 1.65657 1.00431 0.00192923 0.00583006
0.52349 1.65657 1.00424 0.00203904 0.00570782
0.543624 1.65657 1.00416 0.00213519 0.00556852
0.563758 1.65657 1.00407 0.00221723 0.00541413
0.583893 1.65657 1.00397 0.00228494 0.00524661
0.604027 1.65657 1.00385 0.00233828 0.0050679
0.624161 1.65657 1.00374 0.00237741 0.00487992
0.644295 1.65657 1.00361 0.00240267 0.00468448
0.66443 1.65657 1.00348 0.00241454 0.00448337
0.684564 1.65657 1.00334 0.00241362 0.00427824
0.704698 1.65657 1.0032 0.00240063 0.00407067
0.724832 1.65657 1.00306 0.00237638 0.00386212
0.744966 1.65657 1.00292 0.00234174 0.00365393
0.765101 1.65657 1.00277 0.00229763 0.00344734
0.785235 1.65657 1.00263 0.00224502 0.00324346
0.805369 1.65657 1.00248 0.00218486 0.00304328
0.825503 1.65657 1.00234 0.00211815 0.00284768
0.845638 1.65657 1.0022 0.00204583 0.00265742
0.865772 1.65657 1.00206 0.00196885 0.00247316
0.885906 1.65657 1.00193 0.00188811 0.00229545
0.90604 1.65657 1.0018 0.00180448 0.00212475
0.926174 1.65657 1.00167 0.00171879 0.00196142
0.946309 1.65657 1.00155 0.00163179 0.00180574
0.966443 1.65657 1.00144 0.00154421 0.0016579
0.986577 1.65657 1.00133 0.00145671 0.00151804
1.00671 1.65657 1.00122 0.00136988 0.00138619
1.02685 1.65657 1.00112 0.00128427 0.00126234
1.04698 1.65657 1.00103 0.00120035 0.00114644
1.06711 1.65657 1.00094 0.00111856 0.00103835
1.08725 1.65657 1.00086 0.00103925 0.000937911
1.10738 1.65657 1.00078 0.00096273 0.000844904
1.12752 1.65657 1.00071 0.000889264 0.000759083
1.14765 1.65657 1.00064 0.000819053 0.000680169
1.16779 1.65657 1.00058 0.000752249 0.000607854
1.18792 1.65657 1.00052 0.000688962 0.000541814
1.20805 1.65657 1.00047 0.000629256 0.000481706
1.22819 1.65657 1.00042 0.000573157 0.000427181
1.24832 1.65657 1.00037 0.000520655 0.00037788
1.26846 1.65657 1.00033 0.000471707 0.000333447
1.28859 1.65657 1.0003 0.000426244 0.000293528
1.30872 1.65657 1.00026 0.00038417 0.000257774
1.32886 1.65657 1.00023 0.000345372 0.000225848
1.34899 1.65657 1.00021 0.000309717 0.000197424
1.36913 1.65657 1.00018 0.000277062 0.000172191
1.38926 1.65657 1.00016 0.000247251 0.000149854
1.4094 1.65657 1.00014 0.000220124 0.000130134
1.42953 1.65657 1.00012 0.000195517 0.000112772
1.44966 1.65657 1.00011 0.000173262 9.75257e-05
1.4698 1.65657 1.0001 0.000153194 8.41706e-05
1.48993 1.65657 1.00008 0.000135151 7.25011e-05
1.51007 1.65657 1.00007 0.000118973 6.2329e-05
1.5302 1.65657 1.00006 0.000104508 5.34828e-05
1.55034 1.65657 1.00005 9.16093e-05 4.58073e-05
1.57047 1.65657 1.00005 8.01365e-05 3.91622e-05
1.5906 1.65657 1.00004 6.99583e-05 3.34216e-05
1.61074 1.65657 1.00004 6.09509e-05 2.84729e-05
1.63087 1.65657 1.00003 5.29991e-05 2.42155e-05
1.65101 1.65657 1.00003 4.59957e-05 2.05602e-05
1.67114 1.65657 1.00002 3.98419e-05 1.7428e-05
1.69128 1.65657 1.00002 3.4447e-05 1.47491e-05
1.71141 1.65657 1.00002 2.97278e-05 1.24622e-05
1.73154 1.65657 1.00001 2.56087e-05 1.05135e-05
1.75168 1.65657 1.00001 2.2021e-05 8.85592e-06
1.77181 1.65657 1.00001 1.89027e-05 7.44844e-06
1.79195 1.65657 1.00001 1.61979e-05 6.25536e-06
1.81208 1.65657 1.00001 1.38564e-05 5.24571e-06
1.83221 1.65657 1.00001 1.18335e-05 4.3927e-06
1.85235 1.65657 1.00001 1.00891e-05 3.67319e-06
1.87248 1.65657 1 8.58783e-06 3.06723e-06
1.89262 1.65657 1 7.29815e-06 2.55771e-06
1.91275 1.65657 1 6.19228e-06 2.12993e-06
1.93289 1.65657 1 5.24573e-06 1.77132e-06
1.95302 1.65657 1 4.43698e-06 1.47113e-06
1.97315 1.65657 1 3.74717e-06 1.22021e-06
1.99329 1.65657 1 3.15981e-06 1.01078e-06
2.01342 1.65657 1 2.66055e-06 8.36224e-07
2.03356 1.65657 1 2.23686e-06 6.90937e-07
2.05369 1.65657 1 1.8779e-06 5.70178e-07
2.07383 1.65657 1 1.57428e-06 4.69942e-07
2.09396 1.65657 1 1.31786e-06 3.86853e-07
2.11409 1.65657 1 1.10166e-06 3.18069e-07
2.13423 1.65657 1 9.19638e-07 2.61201e-07
2.15436 1.65657 1 7.66636e-07 2.14246e-07
2.1745 1.65657 1 6.38218e-07 1.75526e-07
2.19463 1.65657 1 5.30596e-07 1.43636e-07
2.21477 1.65657 1 4.40533e-07 1.17405e-07
2.2349 1.65657 1 3.65275e-07 9.58553e-08
2.25503 1.65657 1 3.02479e-07 7.81729e-08
2.27517 1.65657 1 2.50154e-07 6.36814e-08
2.2953 1.65657 1 2.06616e-07 5.18193e-08
2.31544 1.65657 1 1.7044e-07 4.21208e-08
2.33557 1.65657 1 1.40422e-07 3.42007e-08
2.3557 1.65657 1 1.15547e-07 2.77403e-08
2.37584 1.65657 1 9.49623e-08 2.24766e-08
2.39597 1.65657 1 7.79497e-08 1.81927e-08
2.41611 1.65657 1 6.3908e-08 1.47102e-08
2.43624 1.65657 1 5.23333e-08 1.18822e-08
2.45638 1.65657 1 4.28045e-08 9.58829e-09
2.47651 1.65657 1 3.49697e-08 7.72953e-09
2.49664 1.65657 1 2.8536e-08 6.22499e-09
2.51678 1.65657 1 2.32592e-08 5.00845e-09
2.53691 1.65657 1 1.89367e-08 4.02579e-09
2.55705 1.65657 1 1.54e-08 3.23286e-09
2.57718 1.65657 1 1.25099e-08 2.59368e-09
2.59732 1.65657 1 1.01508e-08 2.07895e-09
2.61745 1.65657 1 8.22743e-09 1.66485e-09
2.63758 1.65657 1 6.66105e-09 1.33203e-09
2.65772 1.65657 1 5.38682e-09 1.0648e-09
2.67785 1.65657 1 4.35134e-09 8.50435e-10
2.69799 1.65657 1 3.51072e-09 6.78642e-10
2.71812 1.65657 1 2.82892e-09 5.41091e-10
2.73826 1.65657 1 2.27638e-09 4.31054e-10
2.75839 1.65657 1 1.82887e-09 3.43097e-10
2.77852 1.65657 1 1.46656e-09 2.72836e-10
2.79866 1.65657 1 1.17319e-09 2.16732e-10
2.81879 1.65657 1 9.35481e-10 1.71928e-10
2.83893 1.65657 1 7.42536e-10 1.36109e-10
2.85906 1.65657 1 5.85416e-10 1.07396e-10
2.87919 1.65657 1 4.56762e-10 8.42446e-11
2.89933 1.65657 1 3.50479e-10 6.5372e-11
2.91946 1.65657 1 2.61477e-10 4.96836e-11
2.9396 1.65657 1 1.85447e-10 3.62109e-11
2.95973 1.65657 1 1.18671e-10 2.40504e-11
2.97987 1.65657 1 5.78574e-11 1.23019e-11
3 1.65657 1 0 0

0 1.67677 1.00165 0 0
0.0201342 1.67677 1.00183 -0.000177359 0.000547715
0.0402685 1.67677 1.00201 -0.000317905 0.00106333
0.0604027 1.67677 1.00218 -0.00042374 0.00154879
0.0805369 1.67677 1.00236 -0.000496818 0.00200552
0.100671 1.67677 1.00253 -0.000539056 0.00243452
0.120805 1.67677 1.0027 -0.000552379 0.00283638
0.14094 1.67677 1.00286 -0.000538761 0.00321138
0.161074 1.67677 1.00302 -0.000500255 0.00355954
0.181208 1.67677 1.00317 -0.000439006 0.00388069
0.201342 1.67677 1.00331 -0.000357261 0.00417456
0.221477 1.67677 1.00344 -0.000257361 0.00444081
0.241611 1.67677 1.00356 -0.000141724 0.00467911
0.261745 1.67677 1.00367 -1.28322e-05 0.00488921
0.281879 1.67677 1.00377 0.000126803 0.00507093
0.302013 1.67677 1.00386 0.000274667 0.00522426
0.322148 1.67677 1.00393 0.000428275 0.00534934
0.342282 1.67677 1.00399 0.000585201 0.00544649
0.362416 1.67677 1.00403 0.000743116 0.00551623
0.38255 1.67677 1.00406 0.00089981 0.00555928
0.402685 1.67677 1.00407 0.00105322 0.00557652
0.422819 1.67677 1.00407 0.00120146 0.00556905
0.442953 1.67677 1.00406 0.00134283 0.0055381
0.463087 1.67677 1.00403 0.00147582 0.00548505
0.483221 1.67677 1.004 0.00159916 0.00541142
0.503356 1.67677 1.00394 0.00171176 0.0053188
0.52349 1.67677 1.00388 0.00181277 0.00520889
0.543624 1.67677 1.00381 0.00190155 0.00508341
0.563758 1.67677 1.00372 0.00197767 0.00494413
0.583893 1.67677 1.00363 0.00204089 0.00479281
0.604027 1.67677 1.00353 0.00209116 0.00463119
0.624161 1.67677 1.00342 0.00212861 0.00446101
0.644295 1.67677 1.0033 0.0021535 0.00428392
0.66443 1.67677 1.00318 0.00216625 0.00410151
0.684564 1.67677 1.00306 0.00216738 0.00391532
0.704698 1.67677 1.00293 0.00215753 0.00372677
0.724832 1.67677 1.0028 0.00213742 0.00353719
0.744966 1.67677 1.00267 0.00210781 0.00334783
0.765101 1.67677 1.00253 0.00206954 0.0031598
0.785235 1.67677 1.0024 0.00202347 0.00297414
0.805369 1.67677 1.00227 0.00197047 0.00279175
0.825503 1.67677 1.00214 0.00191142 0.00261345
0.845638 1.67677 1.00201 0.00184719 0.00243994
0.865772 1.67677 1.00189 0.00177862 0.00227183
0.885906 1.67677 1.00177 0.00170656 0.00210964
0.90604 1.67677 1.00165 0.00163178 0.00195378
0.926174 1.67677 1.00153 0.00155503 0.0018046
0.946309 1.67677 1.00142 0.00147702 0.00166235
0.966443 1.67677 1.00132 0.0013984 0.00152722
0.986577 1.67677 1.00122 0.00131978 0.00139932
1.00671 1.67677 1.00112 0.00124169 0.0012787
1.02685 1.67677 1.00103 0.00116464 0.00116535
1.04698 1.67677 1.00094 0.00108906 0.00105922
1.06711 1.67677 1.00086 0.00101534 0.000960183
1.08725 1.67677 1.00079 0.000943828 0.000868096
1.10738 1.67677 1.00072 0.000874792 0.000782766
1.12752 1.67677 1.00065 0.00080847 0.000703969
1.14765 1.67677 1.00059 0.00074505 0.000631451
1.16779 1.67677 1.00053 0.000684675 0.000564939
1.18792 1.67677 1.00048 0.000627444 0.000504137
1.20805 1.67677 1.00043 0.000573419 0.00044874
1.22819 1.67677 1.00039 0.000522626 0.000398431
1.24832 1.67677 1.00035 0.000475059 0.00035289
1.26846 1.67677 1.00031 0.000430682 0.000311795
1.28859 1.67677 1.00027 0.000389436 0.000274826
1.30872 1.67677 1.00024 0.000351238 0.000241671
1.32886 1.67677 1.00022 0.000315987 0.000212024
1.34899 1.67677 1.00019 0.000283567 0.000185592
1.36913 1.67677 1.00017 0.00025385 0.000162094
1.38926 1.67677 1.00015 0.000226701 0.000141261
1.4094 1.67677 1.00013 0.000201976 0.000122842
1.42953 1.67677 1.00012 0.000179528 0.000106601
1.44966 1.67677 1.0001 0.000159209 9.23166e-05
1.4698 1.67677 1.00009 0.000140872 7.97852e-05
1.48993 1.67677 1.00008 0.00012437 6.88187e-05
1.51007 1.67677 1.00007 0.000109563 5.92447e-05
1.5302 1.67677 1.00006 9.63114e-05 5.09058e-05
1.55034 1.67677 1.00005 8.44844e-05 4.36594e-05
1.57047 1.67677 1.00004 7.39563e-05 3.73762e-05
1.5906 1.67677 1.00004 6.46083e-05 3.19401e-05
1.61074 1.67677 1.00003 5.63287e-05 2.72468e-05
1.63087 1.67677 1.00003 4.90134e-05 2.32032e-05
1.65101 1.67677 1.00002 4.25654e-05 1.97263e-05
1.67114 1.67677 1.00002 3.68951e-05 1.67426e-05
1.69128 1.67677 1.00002 3.19201e-05 1.41871e-05
1.71141 1.67677 1.00002 2.75648e-05 1.20024e-05
1.73154 1.67677 1.00001 2.37604e-05 1.01381e-05
1.75168 1.67677 1.00001 2.04444e-05 8.55019e-06
1.77181 1.67677 1.00001 1.756e-05 7.2e-06
1.79195 1.67677 1.00001 1.50564e-05 6.05394e-06
1.81208 1.67677 1.00001 1.28875e-05 5.0828e-06
1.83221 1.67677 1.00001 1.10124e-05 4.26124e-06
1.85235 1.67677 1 9.39436e-06 3.56736e-06
1.87248 1.67677 1 8.0009e-06 2.98225e-06
1.89262 1.67677 1 6.80306e-06 2.48964e-06
1.91275 1.67677 1 5.77529e-06 2.07554e-06
1.93289 1.67677 1 4.89503e-06 1.72797e-06
1.95302 1.67677 1 4.14246e-06 1.43668e-06
1.97315 1.67677 1 3.50019e-06 1.19291e-06
1.99329 1.67677 1 2.953e-06 9.89211e-07
2.01342 1.67677 1 2.48761e-06 8.19234e-07
2.03356 1.67677 1 2.09245e-06 6.77598e-07
2.05369 1.67677 1 1.75747e-06 5.59742e-07
2.07383 1.67677 1 1.47398e-06 4.61807e-07
2.09396 1.67677 1 1.23445e-06 3.80537e-07
2.11409 1.67677 1 1.03238e-06 3.13185e-07
2.13423 1.67677 1 8.62172e-07 2.57442e-07
2.15436 1.67677 1 7.1903e-07 2.11368e-07
2.1745 1.67677 1 5.98831e-07 1.73334e-07
2.19463 1.67677 1 4.98049e-07 1.41977e-07
2.21477 1.67677 1 4.13673e-07 1.16158e-07
2.2349 1.67677 1 3.43135e-07 9.49251e-08
2.25503 1.67677 1 2.84252e-07 7.74854e-08
2.27517 1.67677 1 2.35167e-07 6.31787e-08
2.2953 1.67677 1 1.94308e-07 5.14564e-08
2.31544 1.67677 1 1.60344e-07 4.18629e-08
2.33557 1.67677 1 1.32149e-07 3.4021e-08
2.3557 1.67677 1 1.08777e-07 2.76184e-08
2.37584 1.67677 1 8.9428e-08 2.23969e-08
2.39597 1.67677 1 7.34309e-08 1.81434e-08
2.41611 1.67677 1 6.02224e-08 1.46824e-08
2.43624 1.67677 1 4.93307e-08 1.18695e-08
2.45638 1.67677 1 4.03609e-08 9.58565e-09
2.47651 1.67677 1 3.29833e-08 7.73348e-09
2.49664 1.67677 1 2.69229e-08 6.23299e-09
2.51678 1.67677 1 2.19508e-08 5.01868e-09
2.53691 1.67677 1 1.78764e-08 4.03701e-09
2.55705 1.67677 1 1.45418e-08 3.24424e-09
2.57718 1.67677 1 1.18159e-08 2.60467e-09
2.59732 1.67677 1 9.59017e-09 2.08922e-09
2.61745 1.67677 1 7.77501e-09 1.67422e-09
2.63758 1.67677 1 6.29635e-09 1.34042e-09
2.65772 1.67677 1 5.09313e-09 1.07221e-09
2.67785 1.67677 1 4.11508e-09 8.56906e-10
2.69799 1.67677 1 3.32088e-09 6.84235e-10
2.71812 1.67677 1 2.67656e-09 5.45886e-10
2.73826 1.67677 1 2.15426e-09 4.35135e-10
2.75839 1.67677 1 1.73113e-09 3.4655e-10
2.77852 1.67677 1 1.38847e-09 2.75742e-10
2.79866 1.67677 1 1.11095e-09 2.19166e-10
2.81879 1.67677 1 8.86034e-10 1.73956e-10
2.83893 1.67677 1 7.03427e-10 1.37792e-10
2.85906 1.67677 1 5.5469e-10 1.08784e-10
2.87919 1.67677 1 4.32872e-10 8.53802e-11
2.89933 1.67677 1 3.32212e-10 6.62892e-11
2.91946 1.67677 1 2.47897e-10 5.04074e-11
2.9396 1.67677 1 1.7585e-10 3.67571e-11
2.95973 1.67677 1 1.12553e-10 2.44248e-11
2.97987 1.67677 1 5.48865e-11 1.24986e-11
3 1.67677 1 0 0

0 1.69697 1.0015 0 0
0.0201342 1.69697 1.00167 -0.000166586 0.000500392
0.0402685 1.69697 1.00184 -0.000298815 0.000970892
0.0604027 1.69697 1.002 -0.000398766 0.00141329
0.0805369 1.69697 1.00216 -0.000468361 0.00182895
0.100671 1.69697 1.00232 -0.000509469 0.00221885
0.120805 1.69697 1.00247 -0.000523948 0.00258361
0.14094 1.69697 1.00262 -0.000513682 0.00292359
0.161074 1.69697 1.00277 -0.000480606 0.00323891
0.181208 1.69697 1.00291 -0.000426723 0.00352952
0.201342 1.69697 1.00303 -0.00035411 0.00379527
0.221477 1.69697 1.00316 -0.000264912 0.00403594
0.241611 1.69697 1.00327 -0.000161336 0.00425131
0.261745 1.69697 1.00337 -4.56311e-05 0.0044412
0.281879 1.69697 1.00346 7.99324e-05 0.00460552
0.302013 1.69697 1.00353 0.000213086 0.00474427
0.322148 1.69697 1.0036 0.000351592 0.0048576
0.342282 1.69697 1.00365 0.000493268 0.00494582
0.362416 1.69697 1.00369 0.000636016 0.00500939
0.38255 1.69697 1.00372 0.000777846 0.00504894
0.402685 1.69697 1.00373 0.000916897 0.00506527
0.422819 1.69697 1.00373 0.00105146 0.00505933
0.442953 1.69697 1.00372 0.00118 0.00503221
0.463087 1.69697 1.00369 0.00130114 0.00498515
0.483221 1.69697 1.00366 0.00141371 0.00491948
0.503356 1.69697 1.00361 0.00151673 0.00483662
0.52349 1.69697 1.00355 0.00160941 0.00473806
0.543624 1.69697 1.00348 0.00169115 0.00462536
0.563758 1.69697 1.0034 0.00176153 0.00450008
0.583893 1.69697 1.00332 0.00182033 0.00436381
0.604027 1.69697 1.00322 0.00186747 0.00421812
0.624161 1.69697 1.00312 0.00190305 0.00406455
0.644295 1.69697 1.00302 0.00192728 0.0039046
0.66443 1.69697 1.00291 0.00194052 0.00373971
0.684564 1.69697 1.00279 0.00194324 0.00357127
0.704698 1.69697 1.00268 0.00193599 0.00340057
0.724832 1.69697 1.00256 0.00191939 0.00322882
0.744966 1.69697 1.00244 0.00189415 0.00305716
0.765101 1.69697 1.00232 0.00186101 0.0028866
0.785235 1.69697 1.0022 0.00182072 0.0027181
0.805369 1.69697 1.00208 0.00177408 0.00255248
0.825503 1.69697 1.00196 0.00172188 0.00239049
0.845638 1.69697 1.00184 0.00166491 0.00223279
0.865772 1.69697 1.00173 0.00160393 0.00207992
0.885906 1.69697 1.00161 0.0015397 0.00193238
0.90604 1.69697 1.00151 0.00147293 0.00179054
0.926174 1.69697 1.0014 0.0014043 0.00165473
0.946309 1.69697 1.0013 0.00133445 0.00152517
0.966443 1.69697 1.00121 0.00126398 0.00140204
0.986577 1.69697 1.00111 0.00119344 0.00128546
1.00671 1.69697 1.00103 0.00112332 0.00117546
1.02685 1.69697 1.00094 0.00105408 0.00107205
1.04698 1.69697 1.00086 0.000986124 0.000975162
1.06711 1.69697 1.00079 0.000919799 0.000884708
1.08725 1.69697 1.00072 0.000855415 0.000800548
1.10738 1.69697 1.00066 0.000793228 0.000722511
1.12752 1.69697 1.0006 0.000733456 0.000650396
1.14765 1.69697 1.00054 0.000676267 0.000583975
1.16779 1.69697 1.00049 0.000621795 0.000523003
1.18792 1.69697 1.00044 0.000570131 0.000467215
1.20805 1.69697 1.0004 0.000521335 0.000416336
1.22819 1.69697 1.00035 0.000475431 0.000370081
1.24832 1.69697 1.00032 0.000432417 0.000328165
1.26846 1.69697 1.00028 0.000392263 0.000290296
1.28859 1.69697 1.00025 0.000354918 0.00025619
1.30872 1.69697 1.00022 0.000320309 0.000225563
1.32886 1.69697 1.0002 0.000288349 0.000198142
1.34899 1.69697 1.00018 0.000258935 0.000173663
1.36913 1.69697 1.00016 0.000231954 0.00015187
1.38926 1.69697 1.00014 0.000207285 0.000132524
1.4094 1.69697 1.00012 0.000184803 0.000115395
1.42953 1.69697 1.00011 0.000164375 0.000100269
1.44966 1.69697 1.00009 0.000145871 8.69474e-05
1.4698 1.69697 1.00008 0.000129158 7.52434e-05
1.48993 1.69697 1.00007 0.000114106 6.49862e-05
1.51007 1.69697 1.00006 0.000100589 5.60184e-05
1.5302 1.69697 1.00005 8.8483e-05 4.81962e-05
1.55034 1.69697 1.00005 7.76695e-05 4.13889e-05
1.57047 1.69697 1.00004 6.8036e-05 3.54781e-05
1.5906 1.69697 1.00004 5.94756e-05 3.03567e-05
1.61074 1.69697 1.00003 5.18877e-05 2.59288e-05
1.63087 1.69697 1.00003 4.51783e-05 2.21085e-05
1.65101 1.69697 1.00002 3.92599e-05 1.8819e-05
1.67114 1.69697 1.00002 3.40514e-05 1.59921e-05
1.69128 1.69697 1.00002 2.94781e-05 1.35676e-05
1.71141 1.69697 1.00001 2.54716e-05 1.14921e-05
1.73154 1.69697 1.00001 2.19694e-05 9.71871e-06
1.75168 1.69697 1.00001 1.89145e-05 8.20612e-06
1.77181 1.69697 1.00001 1.62554e-05 6.9183e-06
1.79195 1.69697 1.00001 1.39457e-05 5.82376e-06
1.81208 1.69697 1.00001 1.19435e-05 4.8951e-06
1.83221 1.69697 1.00001 1.02114e-05 4.10848e-06
1.85235 1.69697 1 8.71579e-06 3.44329e-06
1.87248 1.69697 1 7.42692e-06 2.88168e-06
1.89262 1.69697 1 6.3183e-06 2.40828e-06
1.91275 1.69697 1 5.3665e-06 2.00986e-06
1.93289 1.69697 1 4.55083e-06 1.67506e-06
1.95302 1.69697 1 3.85307e-06 1.39414e-06
1.97315 1.69697 1 3.25723e-06 1.15878e-06
1.99329 1.69697 1 2.74932e-06 9.61888e-07
2.01342 1.69697 1 2.31709e-06 7.97409e-07
2.03356 1.69697 1 1.9499e-06 6.60203e-07
2.05369 1.69697 1 1.63847e-06 5.45909e-07
2.07383 1.69697 1 1.37478e-06 4.50834e-07
2.09396 1.69697 1 1.15185e-06 3.71852e-07
2.11409 1.69697 1 9.63703e-07 3.06329e-07
2.13423 1.69697 1 8.05149e-07 2.52044e-07
2.15436 1.69697 1 6.71743e-07 2.07129e-07
2.1745 1.69697 1 5.59668e-07 1.70014e-07
2.19463 1.69697 1 4.65657e-07 1.39385e-07
2.21477 1.69697 1 3.86914e-07 1.14141e-07
2.2349 1.69697 1 3.21058e-07 9.336e-08
2.25503 1.69697 1 2.66059e-07 7.62753e-08
2.27517 1.69697 1 2.20194e-07 6.22464e-08
2.2953 1.69697 1 1.82e-07 5.07408e-08
2.31544 1.69697 1 1.50238e-07 4.1316e-08
2.33557 1.69697 1 1.23862e-07 3.36048e-08
2.3557 1.69697 1 1.01989e-07 2.73032e-08
2.37584 1.69697 1 8.38741e-08 2.21594e-08
2.39597 1.69697 1 6.88921e-08 1.79656e-08
2.41611 1.69697 1 5.65175e-08 1.45501e-08
2.43624 1.69697 1 4.63098e-08 1.17717e-08
2.45638 1.69697 1 3.79005e-08 9.51407e-09
2.47651 1.69697 1 3.09816e-08 7.68157e-09
2.49664 1.69697 1 2.52962e-08 6.19577e-09
2.51678 1.69697 1 2.06301e-08 4.99238e-09
2.53691 1.69697 1 1.68054e-08 4.01876e-09
2.55705 1.69697 1 1.36742e-08 3.23186e-09
2.57718 1.69697 1 1.11138e-08 2.59653e-09
2.59732 1.69697 1 9.02266e-09 2.08411e-09
2.61745 1.69697 1 7.31673e-09 1.67124e-09
2.63758 1.69697 1 5.92666e-09 1.33892e-09
2.65772 1.69697 1 4.79522e-09 1.0717e-09
2.67785 1.69697 1 3.87528e-09 8.57034e-10
2.69799 1.69697 1 3.12807e-09 6.84759e-10
2.71812 1.69697 1 2.52171e-09 5.46635e-10
2.73826 1.69697 1 2.03006e-09 4.35992e-10
2.75839 1.69697 1 1.63168e-09 3.47435e-10
2.77852 1.69697 1 1.30897e-09 2.76606e-10
2.79866 1.69697 1 1.04756e-09 2.19978e-10
2.81879 1.69697 1 8.35638e-10 1.74701e-10
2.83893 1.69697 1 6.63546e-10 1.3846e-10
2.85906 1.69697 1 5.23344e-10 1.09374e-10
2.87919 1.69697 1 4.08489e-10 8.58928e-11
2.89933 1.69697 1 3.1356e-10 6.6726e-11
2.91946 1.69697 1 2.34025e-10 5.07693e-11
2.9396 1.69697 1 1.66044e-10 3.70425e-11
2.95973 1.69697 1 1.063e-10 2.46282e-11
2.97987 1.69697 1 5.1849e-11 1.26093e-11
3 1.69697 1 0 0

0 1.71717 1.00137 0 0
0.0201342 1.71717 1.00152 -0.000156257 0.000455522
0.0402685 1.71717 1.00168 -0.000280483 0.000883333
0.0604027 1.71717 1.00183 -0.000374711 0.00128508
0.0805369 1.71717 1.00198 -0.000440816 0.00166204
0.100671 1.71717 1.00213 -0.000480609 0.00201515
0.120805 1.71717 1.00227 -0.000495877 0.00234508
0.14094 1.71717 1.00241 -0.000488414 0.00265224
0.161074 1.71717 1.00254 -0.000460046 0.00293682
0.181208 1.71717 1.00266 -0.000412645 0.00319888
0.201342 1.71717 1.00278 -0.000348133 0.00343835
0.221477 1.71717 1.00289 -0.000268482 0.00365513
0.241611 1.71717 1.00299 -0.000175709 0.00384907
0.261745 1.71717 1.00309 -7.18564e-05 0.00402008
0.281879 1.71717 1.00317 4.10202e-05 0.0041681
0.302013 1.71717 1.00324 0.000160874 0.00429317
0.322148 1.71717 1.0033 0.000285687 0.00439545
0.342282 1.71717 1.00334 0.000413497 0.00447522
0.362416 1.71717 1.00338 0.000542415 0.00453289
0.38255 1.71717 1.0034 0.00067065 0.00456903
0.402685 1.71717 1.00341 0.000796526 0.00458435
0.422819 1.71717 1.00341 0.000918501 0.00457968
0.442953 1.71717 1.0034 0.00103518 0.00455598
0.463087 1.71717 1.00338 0.00114533 0.00451435
0.483221 1.71717 1.00334 0.00124788 0.00445595
0.503356 1.71717 1.0033 0.00134192 0.00438205
0.52349 1.71717 1.00325 0.00142674 0.00429398
0.543624 1.71717 1.00318 0.00150179 0.0041931
0.563758 1.71717 1.00311 0.00156666 0.00408082
0.583893 1.71717 1.00303 0.00162113 0.00395854
0.604027 1.71717 1.00295 0.00166512 0.00382768
0.624161 1.71717 1.00286 0.0016987 0.0036896
0.644295 1.71717 1.00276 0.00172205 0.00354567
0.66443 1.71717 1.00266 0.00173548 0.00339718
0.684564 1.71717 1.00255 0.00173938 0.00324537
0.704698 1.71717 1.00245 0.00173425 0.00309141
0.724832 1.71717 1.00234 0.00172065 0.0029364
0.744966 1.71717 1.00223 0.00169918 0.00278137
0.765101 1.71717 1.00212 0.00167052 0.00262726
0.785235 1.71717 1.00201 0.00163534 0.0024749
0.805369 1.71717 1.0019 0.00159435 0.00232508
0.825503 1.71717 1.00179 0.00154827 0.00217847
0.845638 1.71717 1.00168 0.00149781 0.00203566
0.865772 1.71717 1.00158 0.00144366 0.00189718
0.885906 1.71717 1.00148 0.00138649 0.00176346
0.90604 1.71717 1.00138 0.00132696 0.00163485
0.926174 1.71717 1.00128 0.00126569 0.00151165
0.946309 1.71717 1.00119 0.00120325 0.00139408
0.966443 1.71717 1.0011 0.00114019 0.0012823
0.986577 1.71717 1.00102 0.001077 0.00117641
1.00671 1.71717 1.00094 0.00101414 0.00107646
1.02685 1.71717 1.00086 0.000952029 0.000982441
1.04698 1.71717 1.00079 0.000891024 0.000894314
1.06711 1.71717 1.00072 0.000831451 0.00081199
1.08725 1.71717 1.00066 0.000773588 0.000735348
1.10738 1.71717 1.0006 0.000717671 0.000664236
1.12752 1.71717 1.00055 0.000663897 0.000598473
1.14765 1.71717 1.00049 0.000612422 0.000537858
1.16779 1.71717 1.00045 0.000563367 0.000482169
1.18792 1.71717 1.0004 0.000516817 0.000431171
1.20805 1.71717 1.00036 0.000472828 0.000384617
1.22819 1.71717 1.00033 0.000431425 0.000342254
1.24832 1.71717 1.00029 0.000392607 0.000303823
1.26846 1.71717 1.00026 0.000356349 0.000269067
1.28859 1.71717 1.00023 0.000322608 0.000237728
1.30872 1.71717 1.00021 0.00029132 0.000209554
1.32886 1.71717 1.00018 0.000262409 0.000184298
1.34899 1.71717 1.00016 0.000235783 0.000161724
1.36913 1.71717 1.00014 0.000211344 0.000141602
1.38926 1.71717 1.00013 0.000188985 0.000123715
1.4094 1.71717 1.00011 0.000168593 0.000107858
1.42953 1.71717 1.0001 0.000150051 9.3837e-05
1.44966 1.71717 1.00009 0.000133244 8.14709e-05
1.4698 1.71717 1.00008 0.000118052 7.0592e-05
1.48993 1.71717 1.00007 0.000104361 6.10448e-05
1.51007 1.71717 1.00006 9.20565e-05 5.26863e-05
1.5302 1.71717 1.00005 8.10283e-05 4.53856e-05
1.55034 1.71717 1.00004 7.11705e-05 3.90234e-05
1.57047 1.71717 1.00004 6.23819e-05 3.34914e-05
1.5906 1.71717 1.00003 5.45666e-05 2.86918e-05
1.61074 1.71717 1.00003 4.76342e-05 2.45364e-05
1.63087 1.71717 1.00002 4.15e-05 2.09464e-05
1.65101 1.71717 1.00002 3.60851e-05 1.7851e-05
1.67114 1.71717 1.00002 3.13163e-05 1.51875e-05
1.69128 1.71717 1.00002 2.71262e-05 1.29001e-05
1.71141 1.71717 1.00001 2.34529e-05 1.09394e-05
1.73154 1.71717 1.00001 2.02397e-05 9.26183e-06
1.75168 1.71717 1.00001 1.74351e-05 7.82922e-06
1.77181 1.71717 1.00001 1.49923e-05 6.60795e-06
1.79195 1.71717 1.00001 1.2869e-05 5.56869e-06
1.81208 1.71717 1.00001 1.10273e-05 4.68583e-06
1.83221 1.71717 1 9.43292e-06 3.93711e-06
1.85235 1.71717 1 8.05547e-06 3.30319e-06
1.87248 1.71717 1 6.8677e-06 2.76736e-06
1.89262 1.71717 1 5.84545e-06 2.31516e-06
1.91275 1.71717 1 4.96729e-06 1.93415e-06
1.93289 1.71717 1 4.21429e-06 1.6136e-06
1.95302 1.71717 1 3.5698e-06 1.34435e-06
1.97315 1.71717 1 3.01914e-06 1.11851e-06
1.99329 1.71717 1 2.5495e-06 9.29379e-07
2.01342 1.71717 1 2.14963e-06 7.71211e-07
2.03356 1.71717 1 1.80975e-06 6.39129e-07
2.05369 1.71717 1 1.52135e-06 5.28988e-07
2.07383 1.71717 1 1.27703e-06 4.37272e-07
2.09396 1.71717 1 1.07039e-06 3.61003e-07
2.11409 1.71717 1 8.95904e-07 2.97666e-07
2.13423 1.71717 1 7.48795e-07 2.4514e-07
2.15436 1.71717 1 6.24965e-07 2.01637e-07
2.1745 1.71717 1 5.2089e-07 1.65655e-07
2.19463 1.71717 1 4.3355e-07 1.35931e-07
2.21477 1.71717 1 3.60366e-07 1.1141e-07
2.2349 1.71717 1 2.99134e-07 9.12049e-08
2.25503 1.71717 1 2.47976e-07 7.45783e-08
2.27517 1.71717 1 2.05298e-07 6.09129e-08
2.2953 1.71717 1 1.69744e-07 4.96953e-08
2.31544 1.71717 1 1.40166e-07 4.04981e-08
2.33557 1.71717 1 1.15595e-07 3.29665e-08
2.3557 1.71717 1 9.52117e-08 2.68061e-08
2.37584 1.71717 1 7.83246e-08 2.17733e-08
2.39597 1.71717 1 6.43531e-08 1.76663e-08
2.41611 1.71717 1 5.28093e-08 1.43188e-08
2.43624 1.71717 1 4.32838e-08 1.15934e-08
2.45638 1.71717 1 3.54339e-08 9.377e-09
2.47651 1.71717 1 2.89733e-08 7.57649e-09
2.49664 1.71717 1 2.36628e-08 6.11546e-09
2.51678 1.71717 1 1.93032e-08 4.9312e-09
2.53691 1.71717 1 1.57286e-08 3.9723e-09
2.55705 1.71717 1 1.28012e-08 3.1967e-09
2.57718 1.71717 1 1.04069e-08 2.57003e-09
2.59732 1.71717 1 8.45076e-09 2.06422e-09
2.61745 1.71717 1 6.85459e-09 1.65637e-09
2.63758 1.71717 1 5.5536e-09 1.32786e-09
2.65772 1.71717 1 4.4944e-09 1.06351e-09
2.67785 1.71717 1 3.63297e-09 8.51017e-10
2.69799 1.71717 1 2.93311e-09 6.80366e-10
2.71812 1.71717 1 2.36505e-09 5.43453e-10
2.73826 1.71717 1 1.90434e-09 4.33709e-10
2.75839 1.71717 1 1.53094e-09 3.45817e-10
2.77852 1.71717 1 1.2284e-09 2.75476e-10
2.79866 1.71717 1 9.83269e-10 2.19205e-10
2.81879 1.71717 1 7.84506e-10 1.74187e-10
2.83893 1.71717 1 6.23064e-10 1.38134e-10
2.85906 1.71717 1 4.9151e-10 1.0918e-10
2.87919 1.71717 1 3.83716e-10 8.57933e-11
2.89933 1.71717 1 2.94602e-10 6.66908e-11
2.91946 1.71717 1 2.19921e-10 5.07756e-11
2.9396 1.71717 1 1.56071e-10 3.70718e-11
2.95973 1.71717 1 9.99375e-11 2.46643e-11
2.97987 1.71717 1 4.87579e-11 1.2636e-11
3 1.71717 1 0 0

0 1.73737 1.00124 0 0
0.0201342 1.73737 1.00139 -0.000146409 0.000413029
0.0402685 1.73737 1.00153 -0.000262977 0.000800475
0.0604027 1.73737 1.00167 -0.000351679 0.00116384
0.0805369 1.73737 1.00181 -0.000414327 0.00150431
0.100671 1.73737 1.00195 -0.00045267 0.00182282
0.120805 1.73737 1.00208 -0.000468421 0.00212002
0.14094 1.73737 1.00221 -0.000463287 0.00239637
0.161074 1.73737 1.00233 -0.000438992 0.00265214
0.181208 1.73737 1.00244 -0.000397289 0.00288747
0.201342 1.73737 1.00255 -0.000339961 0.00310236
0.221477 1.73737 1.00265 -0.000268827 0.0032968
0.241611 1.73737 1.00275 -0.000185731 0.00347071
0.261745 1.73737 1.00283 -9.25321e-05 0.00362405
0.281879 1.73737 1.0029 8.90551e-06 0.00375681
0.302013 1.73737 1.00297 0.000116733 0.00386906
0.322148 1.73737 1.00302 0.000229133 0.00396095
0.342282 1.73737 1.00306 0.000344338 0.00403275
0.362416 1.73737 1.0031 0.00046065 0.00408482
0.38255 1.73737 1.00312 0.000576458 0.00411767
0.402685 1.73737 1.00313 0.000690255 0.00413191
0.422819 1.73737 1.00313 0.000800653 0.00412829
0.442953 1.73737 1.00312 0.000906394 0.00410766
0.463087 1.73737 1.00309 0.00100636 0.00407096
0.483221 1.73737 1.00306 0.00109958 0.00401923
0.503356 1.73737 1.00302 0.00118524 0.00395359
0.52349 1.73737 1.00297 0.00126267 0.00387519
0.543624 1.73737 1.00291 0.00133137 0.00378527
0.563758 1.73737 1.00285 0.00139097 0.00368505
0.583893 1.73737 1.00278 0.00144124 0.0035758
0.604027 1.73737 1.0027 0.00148211 0.00345875
0.624161 1.73737 1.00261 0.00151362 0.00333514
0.644295 1.73737 1.00252 0.00153592 0.00320618
0.66443 1.73737 1.00243 0.00154927 0.00307303
0.684564 1.73737 1.00234 0.00155403 0.00293679
0.704698 1.73737 1.00224 0.00155062 0.00279854
0.724832 1.73737 1.00214 0.00153953 0.00265925
0.744966 1.73737 1.00204 0.00152132 0.00251985
0.765101 1.73737 1.00194 0.00149657 0.00238119
0.785235 1.73737 1.00183 0.0014659 0.00224404
0.805369 1.73737 1.00173 0.00142993 0.00210909
0.825503 1.73737 1.00164 0.00138932 0.00197696
0.845638 1.73737 1.00154 0.00134469 0.0018482
0.865772 1.73737 1.00144 0.00129667 0.00172328
0.885906 1.73737 1.00135 0.00124587 0.00160259
0.90604 1.73737 1.00126 0.00119289 0.00148647
0.926174 1.73737 1.00117 0.00113827 0.00137518
0.946309 1.73737 1.00109 0.00108255 0.00126893
0.966443 1.73737 1.00101 0.00102622 0.00116787
0.986577 1.73737 1.00093 0.000969724 0.00107208
1.00671 1.73737 1.00086 0.000913481 0.000981627
1.02685 1.73737 1.00079 0.000857864 0.000896499
1.04698 1.73737 1.00072 0.000803206 0.000816661
1.06711 1.73737 1.00066 0.0007498 0.000742039
1.08725 1.73737 1.0006 0.000697899 0.000672526
1.10738 1.73737 1.00055 0.000647719 0.000607986
1.12752 1.73737 1.0005 0.000599439 0.00054826
1.14765 1.73737 1.00045 0.000553201 0.000493169
1.16779 1.73737 1.00041 0.000509115 0.000442515
1.18792 1.73737 1.00037 0.000467263 0.000396089
1.20805 1.73737 1.00033 0.000427693 0.000353671
1.22819 1.73737 1.0003 0.000390431 0.000315036
1.24832 1.73737 1.00027 0.000355478 0.000279954
1.26846 1.73737 1.00024 0.000322814 0.000248193
1.28859 1.73737 1.00021 0.000292401 0.000219524
1.30872 1.73737 1.00019 0.000264184 0.000193722
1.32886 1.73737 1.00017 0.000238094 0.000170567
1.34899 1.73737 1.00015 0.000214054 0.000149846
1.36913 1.73737 1.00013 0.000191975 0.000131353
1.38926 1.73737 1.00012 0.000171763 0.000114895
1.4094 1.73737 1.0001 0.000153316 0.000100286
1.42953 1.73737 1.00009 0.000136534 8.73524e-05
1.44966 1.73737 1.00008 0.000121311 7.59309e-05
1.4698 1.73737 1.00007 0.000107543 6.58699e-05
1.48993 1.73737 1.00006 9.51258e-05 5.7029e-05
1.51007 1.73737 1.00005 8.39591e-05 4.92789e-05
1.5302 1.73737 1.00005 7.3944e-05 4.25006e-05
1.55034 1.73737 1.00004 6.49858e-05 3.6586e-05
1.57047 1.73737 1.00003 5.69938e-05 3.14365e-05
1.5906 1.73737 1.00003 4.98822e-05 2.69629e-05
1.61074 1.73737 1.00003 4.35697e-05 2.30848e-05
1.63087 1.73737 1.00002 3.79803e-05 1.97299e-05
1.65101 1.73737 1.00002 3.30431e-05 1.68336e-05
1.67114 1.73737 1.00002 2.86922e-05 1.43382e-05
1.69128 1.73737 1.00001 2.48667e-05 1.21925e-05
1.71141 1.73737 1.00001 2.15109e-05 1.03509e-05
1.73154 1.73737 1.00001 1.85737e-05 8.77328e-06
1.75168 1.73737 1.00001 1.60083e-05 7.42437e-06
1.77181 1.73737 1.00001 1.37724e-05 6.27306e-06
1.79195 1.73737 1.00001 1.18279e-05 5.29215e-06
1.81208 1.73737 1.00001 1.01402e-05 4.45787e-06
1.83221 1.73737 1 8.67838e-06 3.74951e-06
1.85235 1.73737 1 7.41467e-06 3.14907e-06
1.87248 1.73737 1 6.32438e-06 2.64095e-06
1.89262 1.73737 1 5.38549e-06 2.21166e-06
1.91275 1.73737 1 4.57851e-06 1.84953e-06
1.93289 1.73737 1 3.88619e-06 1.54454e-06
1.95302 1.73737 1 3.29331e-06 1.28808e-06
1.97315 1.73737 1 2.78651e-06 1.07274e-06
1.99329 1.73737 1 2.35404e-06 8.92198e-07
2.01342 1.73737 1 1.98565e-06 7.41061e-07
2.03356 1.73737 1 1.67238e-06 6.1472e-07
2.05369 1.73737 1 1.40642e-06 5.09257e-07
2.07383 1.73737 1 1.18102e-06 4.21348e-07
2.09396 1.73737 1 9.90294e-07 3.48173e-07
2.11409 1.73737 1 8.29172e-07 2.87345e-07
2.13423 1.73737 1 6.93275e-07 2.36851e-07
2.15436 1.73737 1 5.78834e-07 1.9499e-07
2.1745 1.73737 1 4.8261e-07 1.60333e-07
2.19463 1.73737 1 4.01828e-07 1.31677e-07
2.21477 1.73737 1 3.34111e-07 1.08015e-07
2.2349 1.73737 1 2.77432e-07 8.85002e-08
2.25503 1.73737 1 2.30061e-07 7.24268e-08
2.27517 1.73737 1 1.90526e-07 5.92043e-08
2.2953 1.73737 1 1.57579e-07 4.83406e-08
2.31544 1.73737 1 1.30161e-07 3.94257e-08
2.33557 1.73737 1 1.07376e-07 3.2119e-08
2.3557 1.73737 1 8.84679e-08 2.61374e-08
2.37584 1.73737 1 7.27978e-08 2.12465e-08
2.39597 1.73737 1 5.98291e-08 1.72521e-08
2.41611 1.73737 1 4.91103e-08 1.39936e-08
2.43624 1.73737 1 4.02629e-08 1.13385e-08
2.45638 1.73737 1 3.29696e-08 9.17753e-09
2.47651 1.73737 1 2.69653e-08 7.42066e-09
2.49664 1.73737 1 2.20285e-08 5.99393e-09
2.51678 1.73737 1 1.79744e-08 4.83658e-09
2.53691 1.73737 1 1.46494e-08 3.89875e-09
2.55705 1.73737 1 1.19258e-08 3.13964e-09
2.57718 1.73737 1 9.6974e-09 2.52583e-09
2.59732 1.73737 1 7.87645e-09 2.03004e-09
2.61745 1.73737 1 6.39018e-09 1.63e-09
2.63758 1.73737 1 5.17847e-09 1.30754e-09
2.65772 1.73737 1 4.19171e-09 1.04789e-09
2.67785 1.73737 1 3.389e-09 8.39026e-10
2.69799 1.73737 1 2.7367e-09 6.71182e-10
2.71812 1.73737 1 2.20712e-09 5.36434e-10
2.73826 1.73737 1 1.77752e-09 4.28357e-10
2.75839 1.73737 1 1.42926e-09 3.41747e-10
2.77852 1.73737 1 1.14703e-09 2.72391e-10
2.79866 1.73737 1 9.18311e-10 2.16875e-10
2.81879 1.73737 1 7.32815e-10 1.72436e-10
2.83893 1.73737 1 5.82119e-10 1.36826e-10
2.85906 1.73737 1 4.59297e-10 1.08214e-10
2.87919 1.73737 1 3.58637e-10 8.50893e-11
2.89933 1.73737 1 2.75403e-10 6.61892e-11
2.91946 1.73737 1 2.05632e-10 5.04308e-11
2.9396 1.73737 1 1.45964e-10 3.68488e-11
2.95973 1.73737 1 9.34886e-11 2.45358e-11
2.97987 1.73737 1 4.56239e-11 1.25805e-11
3 1.73737 1 0 0

0 1.75758 1.00113 0 0
0.0201342 1.75758 1.00126 -0.000137063 0.000372829
0.0402685 1.75758 1.0014 -0.000246338 0.000722122
0.0604027 1.75758 1.00153 -0.000329729 0.00104924
0.0805369 1.75758 1.00166 -0.000388981 0.0013553
0.100671 1.75758 1.00178 -0.000425772 0.00164119
0.120805 1.75758 1.0019 -0.000441744 0.0019076
0.14094 1.75758 1.00202 -0.000438524 0.002155
0.161074 1.75758 1.00213 -0.000417742 0.00238374
0.181208 1.75758 1.00224 -0.000381041 0.00259399
0.201342 1.75758 1.00234 -0.000330083 0.00278587
0.221477 1.75758 1.00244 -0.000266546 0.00295938
0.241611 1.75758 1.00252 -0.000192122 0.00311455
0.261745 1.75758 1.0026 -0.000108506 0.00325135
0.281879 1.75758 1.00267 -1.73901e-05 0.00336983
0.302013 1.75758 1.00272 7.95556e-05 0.00347005
0.322148 1.75758 1.00277 0.000180693 0.00355219
0.342282 1.75758 1.00281 0.000284432 0.00361646
0.362416 1.75758 1.00284 0.000389247 0.00366322
0.38255 1.75758 1.00286 0.000493692 0.0036929
0.402685 1.75758 1.00287 0.000596414 0.00370605
0.422819 1.75758 1.00287 0.000696165 0.00370331
0.442953 1.75758 1.00286 0.000791813 0.00368543
0.463087 1.75758 1.00284 0.000882352 0.00365323
0.483221 1.75758 1.00281 0.000966906 0.00360763
0.503356 1.75758 1.00277 0.00104473 0.00354961
0.52349 1.75758 1.00272 0.00111523 0.00348018
0.543624 1.75758 1.00267 0.00117793 0.00340042
0.563758 1.75758 1.00261 0.0012325 0.00331142
0.583893 1.75758 1.00254 0.00127872 0.00321428
0.604027 1.75758 1.00247 0.00131652 0.00311012
0.624161 1.75758 1.00239 0.00134591 0.00300002
0.644295 1.75758 1.00231 0.00136703 0.00288506
0.66443 1.75758 1.00223 0.0013801 0.00276627
0.684564 1.75758 1.00214 0.00138543 0.00264464
0.704698 1.75758 1.00205 0.00138339 0.00252112
0.724832 1.75758 1.00196 0.00137442 0.00239659
0.744966 1.75758 1.00186 0.00135901 0.00227188
0.765101 1.75758 1.00177 0.00133768 0.00214775
0.785235 1.75758 1.00168 0.00131098 0.0020249
0.805369 1.75758 1.00159 0.00127947 0.00190395
0.825503 1.75758 1.0015 0.00124372 0.00178547
0.845638 1.75758 1.00141 0.00120432 0.00166995
0.865772 1.75758 1.00132 0.00116182 0.00155782
0.885906 1.75758 1.00123 0.00111677 0.00144943
0.90604 1.75758 1.00115 0.0010697 0.00134509
0.926174 1.75758 1.00107 0.00102111 0.00124505
0.946309 1.75758 1.00099 0.000971489 0.00114949
0.966443 1.75758 1.00092 0.000921269 0.00105855
0.986577 1.75758 1.00085 0.000870864 0.00097232
1.00671 1.75758 1.00078 0.000820646 0.000890844
1.02685 1.75758 1.00072 0.000770954 0.000814127
1.04698 1.75758 1.00066 0.00072209 0.000742139
1.06711 1.75758 1.0006 0.000674319 0.000674815
1.08725 1.75758 1.00055 0.000627872 0.000612061
1.10738 1.75758 1.0005 0.000582944 0.00055376
1.12752 1.75758 1.00046 0.000539697 0.000499771
1.14765 1.75758 1.00041 0.000498262 0.000449935
1.16779 1.75758 1.00037 0.000458739 0.000404078
1.18792 1.75758 1.00034 0.000421201 0.000362015
1.20805 1.75758 1.0003 0.000385696 0.000323551
1.22819 1.75758 1.00027 0.000352246 0.000288485
1.24832 1.75758 1.00024 0.000320856 0.000256614
1.26846 1.75758 1.00022 0.000291507 0.000227732
1.28859 1.75758 1.0002 0.000264168 0.000201636
1.30872 1.75758 1.00017 0.00023879 0.000178125
1.32886 1.75758 1.00015 0.000215314 0.000157003
1.34899 1.75758 1.00014 0.000193671 0.000138079
1.36913 1.75758 1.00012 0.000173782 0.000121173
1.38926 1.75758 1.00011 0.000155565 0.000106108
1.4094 1.75758 1.00009 0.00013893 9.27204e-05
1.42953 1.75758 1.00008 0.000123787 8.08536e-05
1.44966 1.75758 1.00007 0.000110044 7.03615e-05
1.4698 1.75758 1.00006 9.76059e-05 6.1108e-05
1.48993 1.75758 1.00006 8.63824e-05 5.29665e-05
1.51007 1.75758 1.00005 7.62826e-05 4.58206e-05
1.5302 1.75758 1.00004 6.72189e-05 3.95631e-05
1.55034 1.75758 1.00004 5.91068e-05 3.4096e-05
1.57047 1.75758 1.00003 5.18653e-05 2.93301e-05
1.5906 1.75758 1.00003 4.54174e-05 2.51847e-05
1.61074 1.75758 1.00002 3.96907e-05 2.15865e-05
1.63087 1.75758 1.00002 3.46168e-05 1.847e-05
1.65101 1.75758 1.00002 3.01323e-05 1.57761e-05
1.67114 1.75758 1.00002 2.61779e-05 1.34523e-05
1.69128 1.75758 1.00001 2.26991e-05 1.14516e-05
1.71141 1.75758 1.00001 1.96456e-05 9.73241e-06
1.73154 1.75758 1.00001 1.69713e-05 8.25795e-06
1.75168 1.75758 1.00001 1.46343e-05 6.99571e-06
1.77181 1.75758 1.00001 1.25963e-05 5.91711e-06
1.79195 1.75758 1.00001 1.08229e-05 4.99707e-06
1.81208 1.75758 1.00001 9.28291e-06 4.21365e-06
1.83221 1.75758 1 7.94826e-06 3.54772e-06
1.85235 1.75758 1 6.7939e-06 2.98261e-06
1.87248 1.75758 1 5.79742e-06 2.50386e-06
1.89262 1.75758 1 4.93889e-06 2.09893e-06
1.91275 1.75758 1 4.2006e-06 1.75698e-06
1.93289 1.75758 1 3.5669e-06 1.46867e-06
1.95302 1.75758 1 3.02396e-06 1.22598e-06
1.97315 1.75758 1 2.55962e-06 1.02199e-06
1.99329 1.75758 1 2.16321e-06 8.50787e-07
2.01342 1.75758 1 1.82538e-06 7.07319e-07
2.03356 1.75758 1 1.53797e-06 5.87268e-07
2.05369 1.75758 1 1.29387e-06 4.86957e-07
2.07383 1.75758 1 1.0869e-06 4.03258e-07
2.09396 1.75758 1 9.11695e-07 3.3352e-07
2.11409 1.75758 1 7.63625e-07 2.75494e-07
2.13423 1.75758 1 6.38688e-07 2.27279e-07
2.15436 1.75758 1 5.33435e-07 1.8727e-07
2.1745 1.75758 1 4.44904e-07 1.54116e-07
2.19463 1.75758 1 3.70551e-07 1.26678e-07
2.21477 1.75758 1 3.08202e-07 1.04e-07
2.2349 1.75758 1 2.55997e-07 8.52804e-08
2.25503 1.75758 1 2.12349e-07 6.98484e-08
2.27517 1.75758 1 1.7591e-07 5.71424e-08
2.2953 1.75758 1 1.45533e-07 4.6694e-08
2.31544 1.75758 1 1.20245e-07 3.81126e-08
2.33557 1.75758 1 9.92233e-08 3.10732e-08
2.3557 1.75758 1 8.17728e-08 2.53057e-08
2.37584 1.75758 1 6.73065e-08 2.0586e-08
2.39597 1.75758 1 5.53304e-08 1.67282e-08
2.41611 1.75758 1 4.54292e-08 1.35786e-08
2.43624 1.75758 1 3.72543e-08 1.10102e-08
2.45638 1.75758 1 3.05135e-08 8.91815e-09
2.47651 1.75758 1 2.49625e-08 7.21602e-09
2.49664 1.75758 1 2.03971e-08 5.83268e-09
2.51678 1.75758 1 1.66471e-08 4.70967e-09
2.53691 1.75758 1 1.35707e-08 3.79901e-09
2.55705 1.75758 1 1.105e-08 3.06134e-09
2.57718 1.75758 1 8.98725e-09 2.46445e-09
2.59732 1.75758 1 7.30119e-09 1.98198e-09
2.61745 1.75758 1 5.92469e-09 1.59241e-09
2.63758 1.75758 1 4.80221e-09 1.27818e-09
2.65772 1.75758 1 3.88792e-09 1.02498e-09
2.67785 1.75758 1 3.144e-09 8.21178e-10
2.69799 1.75758 1 2.53933e-09 6.57293e-10
2.71812 1.75758 1 2.04832e-09 5.2564e-10
2.73826 1.75758 1 1.64994e-09 4.19981e-10
2.75839 1.75758 1 1.32691e-09 3.35257e-10
2.77852 1.75758 1 1.06508e-09 2.67371e-10
2.79866 1.75758 1 8.52851e-10 2.13002e-10
2.81879 1.75758 1 6.80699e-10 1.69456e-10
2.83893 1.75758 1 5.40817e-10 1.34545e-10
2.85906 1.75758 1 4.26788e-10 1.06479e-10
2.87919 1.75758 1 3.33317e-10 8.37833e-11
2.89933 1.75758 1 2.56013e-10 6.5223e-11
2.91946 1.75758 1 1.91197e-10 4.97363e-11
2.9396 1.75758 1 1.3575e-10 3.63748e-11
2.95973 1.75758 1 8.69705e-11 2.42442e-11
2.97987 1.75758 1 4.24556e-11 1.24439e-11
3 1.75758 1 0 0

0 1.77778 1.00103 0 0
0.0201342 1.77778 1.00115 -0.000128221 0.000334827
0.0402685 1.77778 1.00127 -0.000230572 0.00064806
0.0604027 1.77778 1.0014 -0.000308873 0.000940931
0.0805369 1.77778 1.00152 -0.000364796 0.00121449
0.100671 1.77778 1.00163 -0.000399954 0.00146961
0.120805 1.77778 1.00175 -0.000415918 0.00170698
0.14094 1.77778 1.00186 -0.000414241 0.00192713
0.161074 1.77778 1.00196 -0.00039647 0.00213044
0.181208 1.77778 1.00206 -0.000364152 0.00231715
0.201342 1.77778 1.00215 -0.000318839 0.00248742
0.221477 1.77778 1.00224 -0.000262084 0.00264132
0.241611 1.77778 1.00232 -0.000195442 0.00277891
0.261745 1.77778 1.00239 -0.00012046 0.00290022
0.281879 1.77778 1.00245 -3.86737e-05 0.00300531
0.302013 1.77778 1.00251 4.84066e-05 0.00309426
0.322148 1.77778 1.00255 0.000139305 0.00316722
0.342282 1.77778 1.00259 0.000232594 0.00322442
0.362416 1.77778 1.00261 0.000326905 0.00326615
0.38255 1.77778 1.00263 0.000420941 0.0032928
0.402685 1.77778 1.00264 0.000513491 0.00330484
0.422819 1.77778 1.00263 0.000603436 0.00330284
0.442953 1.77778 1.00262 0.000689761 0.00328745
0.463087 1.77778 1.0026 0.000771563 0.00325939
0.483221 1.77778 1.00258 0.000848054 0.00321944
0.503356 1.77778 1.00254 0.000918566 0.00316846
0.52349 1.77778 1.0025 0.000982553 0.00310734
0.543624 1.77778 1.00245 0.00103959 0.00303703
0.563758 1.77778 1.00239 0.00108936 0.00295847
0.583893 1.77778 1.00233 0.00113169 0.00287263
0.604027 1.77778 1.00226 0.00116647 0.0027805
0.624161 1.77778 1.00219 0.00119373 0.00268304
0.644295 1.77778 1.00212 0.00121357 0.00258117
0.66443 1.77778 1.00204 0.00122619 0.00247584
0.684564 1.77778 1.00196 0.00123185 0.0023679
0.704698 1.77778 1.00188 0.0012309 0.0022582
0.724832 1.77778 1.00179 0.0012237 0.00214754
0.744966 1.77778 1.00171 0.00121069 0.00203664
0.765101 1.77778 1.00162 0.00119234 0.00192619
0.785235 1.77778 1.00154 0.00116914 0.0018168
0.805369 1.77778 1.00145 0.00114158 0.00170905
0.825503 1.77778 1.00137 0.00111019 0.00160344
0.845638 1.77778 1.00129 0.00107547 0.0015004
0.865772 1.77778 1.00121 0.00103793 0.00140033
0.885906 1.77778 1.00113 0.000998064 0.00130355
0.90604 1.77778 1.00105 0.000956347 0.00121035
0.926174 1.77778 1.00098 0.000913232 0.00112093
0.946309 1.77778 1.00091 0.000869146 0.00103547
0.966443 1.77778 1.00084 0.00082449 0.000954103
0.986577 1.77778 1.00078 0.000779632 0.000876909
1.00671 1.77778 1.00072 0.000734911 0.000803933
1.02685 1.77778 1.00066 0.000690631 0.000735181
1.04698 1.77778 1.0006 0.000647064 0.00067063
1.06711 1.77778 1.00055 0.000604452 0.000610226
1.08725 1.77778 1.0005 0.000563001 0.000553887
1.10738 1.77778 1.00046 0.000522888 0.000501512
1.12752 1.77778 1.00042 0.00048426 0.000452977
1.14765 1.77778 1.00038 0.000447236 0.000408143
1.16779 1.77778 1.00034 0.000411907 0.000366859
1.18792 1.77778 1.00031 0.00037834 0.000328959
1.20805 1.77778 1.00028 0.000346578 0.000294273
1.22819 1.77778 1.00025 0.000316643 0.000262625
1.24832 1.77778 1.00022 0.00028854 0.000233833
1.26846 1.77778 1.0002 0.000262254 0.000207718
1.28859 1.77778 1.00018 0.000237757 0.000184098
1.30872 1.77778 1.00016 0.000215008 0.000162797
1.32886 1.77778 1.00014 0.000193955 0.00014364
1.34899 1.77778 1.00013 0.000174536 0.00012646
1.36913 1.77778 1.00011 0.000156684 0.000111093
1.38926 1.77778 1.0001 0.000140323 9.73855e-05
1.4094 1.77778 1.00009 0.000125377 8.51901e-05
1.42953 1.77778 1.00008 0.000111763 7.43676e-05
1.44966 1.77778 1.00007 9.94015e-05 6.47878e-05
1.4698 1.77778 1.00006 8.82085e-05 5.63288e-05
1.48993 1.77778 1.00005 7.81028e-05 4.88777e-05
1.51007 1.77778 1.00004 6.90041e-05 4.23299e-05
1.5302 1.77778 1.00004 6.08343e-05 3.65892e-05
1.55034 1.77778 1.00003 5.35183e-05 3.15676e-05
1.57047 1.77778 1.00003 4.69838e-05 2.71849e-05
1.5906 1.77778 1.00003 4.11623e-05 2.33681e-05
1.61074 1.77778 1.00002 3.59891e-05 2.00512e-05
1.63087 1.77778 1.00002 3.14031e-05 1.71749e-05
1.65101 1.77778 1.00002 2.73476e-05 1.46857e-05
1.67114 1.77778 1.00001 2.37696e-05 1.25359e-05
1.69128 1.77778 1.00001 2.06202e-05 1.06828e-05
1.71141 1.77778 1.00001 1.78544e-05 9.08858e-06
1.73154 1.77778 1.00001 1.54308e-05 7.71972e-06
1.75168 1.77778 1.00001 1.33117e-05 6.54652e-06
1.77181 1.77778 1.00001 1.14629e-05 5.54286e-06
1.79195 1.77778 1.00001 9.85328e-06 4.68577e-06
1.81208 1.77778 1 8.45478e-06 3.95514e-06
1.83221 1.77778 1 7.24218e-06 3.33339e-06
1.85235 1.77778 1 6.19287e-06 2.80519e-06
1.87248 1.77778 1 5.28665e-06 2.35722e-06
1.89262 1.77778 1 4.50552e-06 1.97791e-06
1.91275 1.77778 1 3.83349e-06 1.65726e-06
1.93289 1.77778 1 3.2564e-06 1.38663e-06
1.95302 1.77778 1 2.76174e-06 1.15858e-06
1.97315 1.77778 1 2.33852e-06 9.66698e-07
1.99329 1.77778 1 1.97706e-06 8.05497e-07
2.01342 1.77778 1 1.66888e-06 6.70274e-07
2.03356 1.77778 1 1.40659e-06 5.57009e-07
2.05369 1.77778 1 1.18374e-06 4.62276e-07
2.07383 1.77778 1 9.94712e-07 3.83155e-07
2.09396 1.77778 1 8.34638e-07 3.17168e-07
2.11409 1.77778 1 6.99304e-07 2.62212e-07
2.13423 1.77778 1 5.85071e-07 2.16505e-07
2.15436 1.77778 1 4.88802e-07 1.78542e-07
2.1745 1.77778 1 4.07799e-07 1.47055e-07
2.19463 1.77778 1 3.39747e-07 1.20973e-07
2.21477 1.77778 1 2.82661e-07 9.9397e-08
2.2349 1.77778 1 2.34848e-07 8.15715e-08
2.25503 1.77778 1 1.94859e-07 6.68636e-08
2.27517 1.77778 1 1.61465e-07 5.47434e-08
2.2953 1.77778 1 1.33617e-07 4.47682e-08
2.31544 1.77778 1 1.10428e-07 3.65687e-08
2.33557 1.77778 1 9.11456e-08 2.9837e-08
2.3557 1.77778 1 7.51343e-08 2.43171e-08
2.37584 1.77778 1 6.18574e-08 1.97963e-08
2.39597 1.77778 1 5.08629e-08 1.60982e-08
2.41611 1.77778 1 4.17709e-08 1.30766e-08
2.43624 1.77778 1 3.4262e-08 1.06107e-08
2.45638 1.77778 1 2.80689e-08 8.60055e-09
2.47651 1.77778 1 2.29676e-08 6.96382e-09
2.49664 1.77778 1 1.8771e-08 5.63265e-09
2.51678 1.77778 1 1.53232e-08 4.5512e-09
2.53691 1.77778 1 1.2494e-08 3.6736e-09
2.55705 1.77778 1 1.01754e-08 2.9622e-09
2.57718 1.77778 1 8.27747e-09 2.38616e-09
2.59732 1.77778 1 6.72586e-09 1.92022e-09
2.61745 1.77778 1 5.45885e-09 1.54374e-09
2.63758 1.77778 1 4.42544e-09 1.23987e-09
2.65772 1.77778 1 3.58352e-09 9.94863e-10
2.67785 1.77778 1 2.89835e-09 7.97518e-10
2.69799 1.77778 1 2.34133e-09 6.38727e-10
2.71812 1.77778 1 1.88893e-09 5.11087e-10
2.73826 1.77778 1 1.52179e-09 4.08586e-10
2.75839 1.77778 1 1.22405e-09 3.26347e-10
2.77852 1.77778 1 9.82684e-10 2.60414e-10
2.79866 1.77778 1 7.87001e-10 2.0758e-10
2.81879 1.77778 1 6.28246e-10 1.65242e-10
2.83893 1.77778 1 4.99229e-10 1.31282e-10
2.85906 1.77778 1 3.9404e-10 1.03968e-10
2.87919 1.77778 1 3.07802e-10 8.18695e-11
2.89933 1.77778 1 2.36465e-10 6.37875e-11
2.91946 1.77778 1 1.76641e-10 4.86887e-11
2.9396 1.77778 1 1.25449e-10 3.56476e-11
2.95973 1.77778 1 8.03952e-11 2.37886e-11
2.97987 1.77778 1 3.92593e-11 1.22262e-11
3 1.77778 1 0 0

0 1.79798 1.00093 0 0
0.0201342 1.79798 1.00105 -0.000119867 0.000298921
0.0402685 1.79798 1.00116 -0.000215645 0.000578057
0.0604027 1.79798 1.00128 -0.000289062 0.000838528
0.0805369 1.79798 1.00139 -0.000341718 0.00108134
0.100671 1.79798 1.0015 -0.000375159 0.00130736
0.120805 1.79798 1.0016 -0.000390898 0.0015173
0.14094 1.79798 1.00171 -0.000390425 0.00171173
0.161074 1.79798 1.0018 -0.000375214 0.00189108
0.181208 1.79798 1.0019 -0.000346728 0.00205562
0.201342 1.79798 1.00198 -0.000306418 0.00220558
0.221477 1.79798 1.00206 -0.000255728 0.00234106
0.241611 1.79798 1.00214 -0.000196087 0.00246216
0.261745 1.79798 1.0022 -0.000128909 0.00256893
0.281879 1.79798 1.00226 -5.55866e-05 0.00266145
0.302013 1.79798 1.00231 2.25162e-05 0.00273981
0.322148 1.79798 1.00235 0.000104072 0.00280415
0.342282 1.79798 1.00238 0.000187801 0.00285468
0.362416 1.79798 1.00241 0.000272478 0.00289166
0.38255 1.79798 1.00242 0.000356945 0.00291542
0.402685 1.79798 1.00243 0.000440119 0.00292637
0.422819 1.79798 1.00243 0.000521002 0.002925
0.442953 1.79798 1.00242 0.000598687 0.00291187
0.463087 1.79798 1.0024 0.000672367 0.0028876
0.483221 1.79798 1.00237 0.000741338 0.00285288
0.503356 1.79798 1.00234 0.000804999 0.00280843
0.52349 1.79798 1.0023 0.000862859 0.00275504
0.543624 1.79798 1.00225 0.000914533 0.00269352
0.563758 1.79798 1.0022 0.000959742 0.0026247
0.583893 1.79798 1.00214 0.000998306 0.00254942
0.604027 1.79798 1.00208 0.00103014 0.00246854
0.624161 1.79798 1.00202 0.00105526 0.00238289
0.644295 1.79798 1.00195 0.00107376 0.00229331
0.66443 1.79798 1.00187 0.00108579 0.00220059
0.684564 1.79798 1.0018 0.00109159 0.00210551
0.704698 1.79798 1.00172 0.00109146 0.0020088
0.724832 1.79798 1.00164 0.00108573 0.00191117
0.744966 1.79798 1.00157 0.00107478 0.00181327
0.765101 1.79798 1.00149 0.00105904 0.0017157
0.785235 1.79798 1.00141 0.00103892 0.001619
0.805369 1.79798 1.00133 0.00101488 0.00152369
0.825503 1.79798 1.00125 0.000987377 0.00143022
0.845638 1.79798 1.00118 0.000956869 0.00133897
0.865772 1.79798 1.00111 0.000923807 0.00125029
0.885906 1.79798 1.00103 0.000888632 0.00116449
0.90604 1.79798 1.00096 0.00085177 0.0010818
0.926174 1.79798 1.0009 0.000813626 0.00100242
0.946309 1.79798 1.00083 0.000774584 0.000926528
0.966443 1.79798 1.00077 0.000735003 0.000854223
0.986577 1.79798 1.00071 0.000695214 0.000785588
1.00671 1.79798 1.00066 0.00065552 0.000720665
1.02685 1.79798 1.0006 0.000616196 0.000659465
1.04698 1.79798 1.00055 0.000577487 0.00060197
1.06711 1.79798 1.00051 0.000539609 0.000548135
1.08725 1.79798 1.00046 0.000502747 0.000497891
1.10738 1.79798 1.00042 0.000467062 0.000451151
1.12752 1.79798 1.00038 0.000432686 0.000407808
1.14765 1.79798 1.00035 0.000399725 0.000367741
1.16779 1.79798 1.00031 0.000368263 0.000330817
1.18792 1.79798 1.00028 0.000338359 0.000296895
1.20805 1.79798 1.00025 0.000310055 0.000265823
1.22819 1.79798 1.00023 0.00028337 0.000237449
1.24832 1.79798 1.0002 0.000258308 0.000211612
1.26846 1.79798 1.00018 0.00023486 0.000188156
1.28859 1.79798 1.00016 0.000212999 0.000166921
1.30872 1.79798 1.00015 0.00019269 0.000147752
1.32886 1.79798 1.00013 0.000173888 0.000130495
1.34899 1.79798 1.00011 0.000156539 0.000115003
1.36913 1.79798 1.0001 0.000140583 0.000101132
1.38926 1.79798 1.00009 0.000125954 8.87447e-05
1.4094 1.79798 1.00008 0.000112584 7.77121e-05
1.42953 1.79798 1.00007 0.000100401 6.79107e-05
1.44966 1.79798 1.00006 8.93326e-05 5.9225e-05
1.4698 1.79798 1.00005 7.93066e-05 5.15469e-05
1.48993 1.79798 1.00005 7.02502e-05 4.47758e-05
1.51007 1.79798 1.00004 6.20924e-05 3.88187e-05
1.5302 1.79798 1.00004 5.47641e-05 3.35899e-05
1.55034 1.79798 1.00003 4.81984e-05 2.90108e-05
1.57047 1.79798 1.00003 4.23313e-05 2.50095e-05
1.5906 1.79798 1.00002 3.71019e-05 2.15209e-05
1.61074 1.79798 1.00002 3.24525e-05 1.84857e-05
1.63087 1.79798 1.00002 2.83289e-05 1.58506e-05
1.65101 1.79798 1.00001 2.46806e-05 1.35675e-05
1.67114 1.79798 1.00001 2.14603e-05 1.15934e-05
1.69128 1.79798 1.00001 1.86244e-05 9.88984e-06
1.71141 1.79798 1.00001 1.61327e-05 8.42261e-06
1.73154 1.79798 1.00001 1.39483e-05 7.16134e-06
1.75168 1.79798 1.00001 1.20375e-05 6.07914e-06
1.77181 1.79798 1.00001 1.03697e-05 5.15229e-06
1.79195 1.79798 1.00001 8.91694e-06 4.35992e-06
1.81208 1.79798 1 7.65418e-06 3.68372e-06
1.83221 1.79798 1 6.55881e-06 3.10767e-06
1.85235 1.79798 1 5.61055e-06 2.61776e-06
1.87248 1.79798 1 4.79124e-06 2.20182e-06
1.89262 1.79798 1 4.08473e-06 1.84927e-06
1.91275 1.79798 1 3.47665e-06 1.55093e-06
1.93289 1.79798 1 2.95427e-06 1.29887e-06
1.95302 1.79798 1 2.50634e-06 1.08625e-06
1.97315 1.79798 1 2.12294e-06 9.07167e-07
1.99329 1.79798 1 1.79537e-06 7.56572e-07
2.01342 1.79798 1 1.51599e-06 6.30121e-07
2.03356 1.79798 1 1.27812e-06 5.24102e-07
2.05369 1.79798 1 1.07594e-06 4.35343e-07
2.07383 1.79798 1 9.04393e-07 3.61143e-07
2.09396 1.79798 1 7.59071e-07 2.99201e-07
2.11409 1.79798 1 6.36169e-07 2.47565e-07
2.13423 1.79798 1 5.32396e-07 2.04581e-07
2.15436 1.79798 1 4.44914e-07 1.68848e-07
2.1745 1.79798 1 3.71282e-07 1.39184e-07
2.19463 1.79798 1 3.09404e-07 1.1459e-07
2.21477 1.79798 1 2.57482e-07 9.42267e-08
2.2349 1.79798 1 2.1398e-07 7.73891e-08
2.25503 1.79798 1 1.77588e-07 6.34845e-08
2.27517 1.79798 1 1.47189e-07 5.20167e-08
2.2953 1.79798 1 1.21831e-07 4.25706e-08
2.31544 1.79798 1 1.00711e-07 3.47996e-08
2.33557 1.79798 1 8.31437e-08 2.84145e-08
2.3557 1.79798 1 6.85531e-08 2.31747e-08
2.37584 1.79798 1 5.64512e-08 1.88799e-08
2.39597 1.79798 1 4.64274e-08 1.53639e-08
2.41611 1.79798 1 3.8136e-08 1.24889e-08
2.43624 1.79798 1 3.12869e-08 1.01408e-08
2.45638 1.79798 1 2.56365e-08 8.22529e-09
2.47651 1.79798 1 2.09813e-08 6.66446e-09
2.49664 1.79798 1 1.71509e-08 5.39409e-09
2.51678 1.79798 1 1.40032e-08 4.36129e-09
2.53691 1.79798 1 1.14198e-08 3.52258e-09
2.55705 1.79798 1 9.30216e-09 2.84223e-09
2.57718 1.79798 1 7.56844e-09 2.29095e-09
2.59732 1.79798 1 6.15077e-09 1.84474e-09
2.61745 1.79798 1 4.99291e-09 1.48396e-09
2.63758 1.79798 1 4.04836e-09 1.19257e-09
2.65772 1.79798 1 3.27869e-09 9.57471e-10
2.67785 1.79798 1 2.65222e-09 7.67988e-10
2.69799 1.79798 1 2.14283e-09 6.15429e-10
2.71812 1.79798 1 1.72904e-09 4.92724e-10
2.73826 1.79798 1 1.39319e-09 3.94128e-10
2.75839 1.79798 1 1.12077e-09 3.14976e-10
2.77852 1.79798 1 8.99901e-10 2.51484e-10
2.79866 1.79798 1 7.2081e-10 2.00579e-10
2.81879 1.79798 1 5.75497e-10 1.59767e-10
2.83893 1.79798 1 4.57388e-10 1.27016e-10
2.85906 1.79798 1 3.6108e-10 1.00662e-10
2.87919 1.79798 1 2.82111e-10 7.93316e-11
2.89933 1.79798 1 2.16778e-10 6.18693e-11
2.91946 1.79798 1 1.61977e-10 4.72778e-11
2.9396 1.79798 1 1.1507e-10 3.46603e-11
2.95973 1.79798 1 7.37696e-11 2.31648e-11
2.97987 1.79798 1 3.60385e-11 1.19256e-11
3 1.79798 1 0 0

0 1.81818 1.00085 0 0
0.0201342 1.81818 1.00095 -0.000111961 0.000265002
0.0402685 1.81818 1.00106 -0.000201476 0.000511861
0.0604027 1.81818 1.00117 -0.000270175 0.000741619
0.0805369 1.81818 1.00127 -0.000319588 0.000955266
0.100671 1.81818 1.00137 -0.000351211 0.00115369
0.120805 1.81818 1.00147 -0.000366507 0.00133765
0.14094 1.81818 1.00157 -0.000366917 0.00150775
0.161074 1.81818 1.00166 -0.000353855 0.00166444
0.181208 1.81818 1.00175 -0.000328709 0.00180808
0.201342 1.81818 1.00183 -0.000292843 0.0019389
0.221477 1.81818 1.00191 -0.000247598 0.00205705
0.241611 1.81818 1.00197 -0.000194288 0.00216263
0.261745 1.81818 1.00204 -0.000134204 0.00225574
0.281879 1.81818 1.00209 -6.86075e-05 0.00233645
0.302013 1.81818 1.00214 1.27366e-06 0.00240486
0.322148 1.81818 1.00217 7.42496e-05 0.00246111
0.342282 1.81818 1.0022 0.000149176 0.00250535
0.362416 1.81818 1.00223 0.000224961 0.00253784
0.38255 1.81818 1.00224 0.000300575 0.00255884
0.402685 1.81818 1.00225 0.000375055 0.00256872
0.422819 1.81818 1.00224 0.000447514 0.00256789
0.442953 1.81818 1.00223 0.000517147 0.00255683
0.463087 1.81818 1.00222 0.000583236 0.00253606
0.483221 1.81818 1.00219 0.000645154 0.00250618
0.503356 1.81818 1.00216 0.000702366 0.00246781
0.52349 1.81818 1.00212 0.000754434 0.00242161
0.543624 1.81818 1.00208 0.000801014 0.0023683
0.563758 1.81818 1.00203 0.000841853 0.00230857
0.583893 1.81818 1.00198 0.000876789 0.00224317
0.604027 1.81818 1.00192 0.000905746 0.00217282
0.624161 1.81818 1.00186 0.000928726 0.00209825
0.644295 1.81818 1.00179 0.000945806 0.00202019
0.66443 1.81818 1.00173 0.000957132 0.00193932
0.684564 1.81818 1.00166 0.000962905 0.00185632
0.704698 1.81818 1.00158 0.000963383 0.00177185
0.724832 1.81818 1.00151 0.000958865 0.00168649
0.744966 1.81818 1.00144 0.000949687 0.00160084
0.765101 1.81818 1.00137 0.000936212 0.00151541
0.785235 1.81818 1.00129 0.000918826 0.00143069
0.805369 1.81818 1.00122 0.000897927 0.00134713
0.825503 1.81818 1.00115 0.00087392 0.00126511
0.845638 1.81818 1.00108 0.000847212 0.00118501
0.865772 1.81818 1.00101 0.000818205 0.00110711
0.885906 1.81818 1.00095 0.000787292 0.00103169
0.90604 1.81818 1.00088 0.000754852 0.000958956
0.926174 1.81818 1.00082 0.000721247 0.000889102
0.946309 1.81818 1.00076 0.000686819 0.000822266
0.966443 1.81818 1.00071 0.000651888 0.000758553
0.986577 1.81818 1.00065 0.000616751 0.000698038
1.00671 1.81818 1.0006 0.000581678 0.00064076
1.02685 1.81818 1.00055 0.000546915 0.000586734
1.04698 1.81818 1.00051 0.000512679 0.000535945
1.06711 1.81818 1.00046 0.000479165 0.000488359
1.08725 1.81818 1.00042 0.000446539 0.000443917
1.10738 1.81818 1.00039 0.000414945 0.000402545
1.12752 1.81818 1.00035 0.000384499 0.000364153
1.14765 1.81818 1.00032 0.000355299 0.000328636
1.16779 1.81818 1.00029 0.000327418 0.000295881
1.18792 1.81818 1.00026 0.000300911 0.000265764
1.20805 1.81818 1.00023 0.000275814 0.000238156
1.22819 1.81818 1.00021 0.000252147 0.000212922
1.24832 1.81818 1.00019 0.000229914 0.000189925
1.26846 1.81818 1.00017 0.000209105 0.000169028
1.28859 1.81818 1.00015 0.000189699 0.000150093
1.30872 1.81818 1.00013 0.000171666 0.000132983
1.32886 1.81818 1.00012 0.000154965 0.000117565
1.34899 1.81818 1.00011 0.00013955 0.000103709
1.36913 1.81818 1.00009 0.000125367 9.12903e-05
1.38926 1.81818 1.00008 0.00011236 8.01891e-05
1.4094 1.81818 1.00007 0.000100467 7.02911e-05
1.42953 1.81818 1.00006 8.96265e-05 6.14882e-05
1.44966 1.81818 1.00006 7.97744e-05 5.36789e-05
1.4698 1.81818 1.00005 7.08464e-05 4.67678e-05
1.48993 1.81818 1.00004 6.27787e-05 4.06664e-05
1.51007 1.81818 1.00004 5.55085e-05 3.52925e-05
1.5302 1.81818 1.00003 4.8975e-05 3.05703e-05
1.55034 1.81818 1.00003 4.31189e-05 2.64301e-05
1.57047 1.81818 1.00002 3.78839e-05 2.28084e-05
1.5906 1.81818 1.00002 3.32158e-05 1.96471e-05
1.61074 1.81818 1.00002 2.90639e-05 1.68935e-05
1.63087 1.81818 1.00002 2.538e-05 1.45002e-05
1.65101 1.81818 1.00001 2.21193e-05 1.24243e-05
1.67114 1.81818 1.00001 1.924e-05 1.06273e-05
1.69128 1.81818 1.00001 1.67033e-05 9.07484e-06
1.71141 1.81818 1.00001 1.44736e-05 7.73628e-06
1.73154 1.81818 1.00001 1.25182e-05 6.58433e-06
1.75168 1.81818 1.00001 1.08069e-05 5.59485e-06
1.77181 1.81818 1.00001 9.31269e-06 4.74649e-06
1.79195 1.81818 1 8.01065e-06 4.02043e-06
1.81208 1.81818 1 6.87845e-06 3.40016e-06
1.83221 1.81818 1 5.89597e-06 2.87119e-06
1.85235 1.81818 1 5.04511e-06 2.42086e-06
1.87248 1.81818 1 4.3097e-06 2.03811e-06
1.89262 1.81818 1 3.67531e-06 1.71336e-06
1.91275 1.81818 1 3.12911e-06 1.43827e-06
1.93289 1.81818 1 2.65972e-06 1.20561e-06
1.95302 1.81818 1 2.25709e-06 1.00916e-06
1.97315 1.81818 1 1.91236e-06 8.43543e-07
1.99329 1.81818 1 1.61772e-06 7.04129e-07
2.01342 1.81818 1 1.36635e-06 5.86955e-07
2.03356 1.81818 1 1.15227e-06 4.88619e-07
2.05369 1.81818 1 9.70249e-07 4.06215e-07
2.07383 1.81818 1 8.15757e-07 3.37263e-07
2.09396 1.81818 1 6.84847e-07 2.7965e-07
2.11409 1.81818 1 5.74101e-07 2.31579e-07
2.13423 1.81818 1 4.80567e-07 1.91526e-07
2.15436 1.81818 1 4.01695e-07 1.58201e-07
2.1745 1.81818 1 3.35292e-07 1.30511e-07
2.19463 1.81818 1 2.79474e-07 1.07534e-07
2.21477 1.81818 1 2.32625e-07 8.84934e-08
2.2349 1.81818 1 1.93364e-07 7.27361e-08
2.25503 1.81818 1 1.60512e-07 5.97127e-08
2.27517 1.81818 1 1.33063e-07 4.89629e-08
2.2953 1.81818 1 1.10161e-07 4.01011e-08
2.31544 1.81818 1 9.10813e-08 3.28048e-08
2.33557 1.81818 1 7.52083e-08 2.68051e-08
2.3557 1.81818 1 6.20218e-08 2.18777e-08
2.37584 1.81818 1 5.10823e-08 1.78358e-08
2.39597 1.81818 1 4.20193e-08 1.45243e-08
2.41611 1.81818 1 3.45212e-08 1.18145e-08
2.43624 1.81818 1 2.83261e-08 9.5997e-09
2.45638 1.81818 1 2.32144e-08 7.7916e-09
2.47651 1.81818 1 1.90021e-08 6.31722e-09
2.49664 1.81818 1 1.55355e-08 5.11635e-09
2.51678 1.81818 1 1.26863e-08 4.13938e-09
2.53691 1.81818 1 1.03474e-08 3.34545e-09
2.55705 1.81818 1 8.42989e-09 2.70098e-09
2.57718 1.81818 1 6.85975e-09 2.17843e-09
2.59732 1.81818 1 5.57562e-09 1.75519e-09
2.61745 1.81818 1 4.52667e-09 1.41276e-09
2.63758 1.81818 1 3.67082e-09 1.13602e-09
2.65772 1.81818 1 2.97333e-09 9.12591e-10
2.67785 1.81818 1 2.40552e-09 7.32406e-10
2.69799 1.81818 1 1.94376e-09 5.87245e-10
2.71812 1.81818 1 1.56861e-09 4.70421e-10
2.73826 1.81818 1 1.26408e-09 3.76497e-10
2.75839 1.81818 1 1.01704e-09 3.01053e-10
2.77852 1.81818 1 8.16714e-10 2.40504e-10
2.79866 1.81818 1 6.54266e-10 1.91934e-10
2.81879 1.81818 1 5.22442e-10 1.52976e-10
2.83893 1.81818 1 4.15287e-10 1.21699e-10
2.85906 1.81818 1 3.27902e-10 9.65232e-11
2.87919 1.81818 1 2.56242e-10 7.61387e-11
2.89933 1.81818 1 1.96949e-10 5.94439e-11
2.91946 1.81818 1 1.47204e-10 4.54845e-11
2.9396 1.81818 1 1.04612e-10 3.33991e-11
2.95973 1.81818 1 6.70941e-11 2.23642e-11
2.97987 1.81818 1 3.27936e-11 1.15385e-11
3 1.81818 1 0 0

0 1.83838 1.00077 0 0
0.0201342 1.83838 1.00087 -0.00010443 0.000232949
0.0402685 1.83838 1.00097 -0.000187916 0.000449195
0.0604027 1.83838 1.00107 -0.00025199 0.000649752
0.0805369 1.83838 1.00117 -0.000298125 0.000835644
0.100671 1.83838 1.00127 -0.000327782 0.00100781
0.120805 1.83838 1.00136 -0.000342397 0.00116707
0.14094 1.83838 1.00145 -0.000343376 0.00131408
0.161074 1.83838 1.00154 -0.000332085 0.00144933
0.181208 1.83838 1.00162 -0.000309848 0.0015732
0.201342 1.83838 1.0017 -0.000277947 0.00168595
0.221477 1.83838 1.00177 -0.000237627 0.00178775
0.241611 1.83838 1.00183 -0.000190095 0.00187872
0.261745 1.83838 1.00189 -0.000136523 0.00195897
0.281879 1.83838 1.00194 -7.80497e-05 0.00202857
0.302013 1.83838 1.00199 -1.57745e-05 0.00208762
0.322148 1.83838 1.00202 4.92416e-05 0.00213623
0.342282 1.83838 1.00205 0.000115982 0.00217456
0.362416 1.83838 1.00207 0.000183481 0.00220279
0.38255 1.83838 1.00208 0.000250826 0.00222118
0.402685 1.83838 1.00209 0.000317168 0.00223001
0.422819 1.83838 1.00208 0.000381724 0.00222964
0.442953 1.83838 1.00207 0.000443785 0.00222047
0.463087 1.83838 1.00206 0.000502716 0.00220294
0.483221 1.83838 1.00203 0.000557964 0.00217756
0.503356 1.83838 1.002 0.000609057 0.00214485
0.52349 1.83838 1.00197 0.000655607 0.00210537
0.543624 1.83838 1.00193 0.000697309 0.00205972
0.563758 1.83838 1.00188 0.000733938 0.00200851
0.583893 1.83838 1.00183 0.00076535 0.00195236
0.604027 1.83838 1.00178 0.000791473 0.00189189
0.624161 1.83838 1.00172 0.000812309 0.00182773
0.644295 1.83838 1.00166 0.000827924 0.00176049
0.66443 1.83838 1.0016 0.000838442 0.00169078
0.684564 1.83838 1.00153 0.000844042 0.00161916
0.704698 1.83838 1.00146 0.000844947 0.00154621
0.724832 1.83838 1.0014 0.00084142 0.00147243
0.744966 1.83838 1.00133 0.000833757 0.00139834
0.765101 1.83838 1.00126 0.000822278 0.00132438
0.785235 1.83838 1.00119 0.000807321 0.00125098
0.805369 1.83838 1.00113 0.00078924 0.00117853
0.825503 1.83838 1.00106 0.000768391 0.00110737
0.845638 1.83838 1.001 0.000745134 0.00103782
0.865772 1.83838 1.00093 0.000719825 0.000970136
0.885906 1.83838 1.00087 0.00069281 0.000904557
0.90604 1.83838 1.00081 0.000664426 0.000841278
0.926174 1.83838 1.00076 0.000634994 0.00078046
0.946309 1.83838 1.0007 0.000604816 0.00072223
0.966443 1.83838 1.00065 0.000574177 0.000666685
0.986577 1.83838 1.0006 0.000543339 0.000613891
1.00671 1.83838 1.00055 0.000512541 0.00056389
1.02685 1.83838 1.00051 0.000482003 0.000516694
1.04698 1.83838 1.00046 0.000451917 0.000472296
1.06711 1.83838 1.00042 0.000422455 0.000430668
1.08725 1.83838 1.00039 0.000393766 0.000391764
1.10738 1.83838 1.00035 0.000365976 0.00035552
1.12752 1.83838 1.00032 0.00033919 0.000321862
1.14765 1.83838 1.00029 0.000313493 0.000290701
1.16779 1.83838 1.00026 0.000288952 0.00026194
1.18792 1.83838 1.00024 0.000265615 0.000235474
1.20805 1.83838 1.00021 0.000243516 0.000211192
1.22819 1.83838 1.00019 0.00022267 0.00018898
1.24832 1.83838 1.00017 0.000203083 0.000168719
1.26846 1.83838 1.00015 0.000184746 0.000150291
1.28859 1.83838 1.00014 0.000167642 0.000133577
1.30872 1.83838 1.00012 0.000151744 0.000118461
1.32886 1.83838 1.00011 0.000137017 0.000104826
1.34899 1.83838 1.0001 0.00012342 9.256e-05
1.36913 1.83838 1.00008 0.000110906 8.15555e-05
1.38926 1.83838 1.00008 9.94269e-05 7.17083e-05
1.4094 1.83838 1.00007 8.89282e-05 6.29192e-05
1.42953 1.83838 1.00006 7.93555e-05 5.50944e-05
1.44966 1.83838 1.00005 7.06529e-05 4.81452e-05
1.4698 1.83838 1.00004 6.2764e-05 4.19888e-05
1.48993 1.83838 1.00004 5.56331e-05 3.65477e-05
1.51007 1.83838 1.00003 4.92051e-05 3.17501e-05
1.5302 1.83838 1.00003 4.34264e-05 2.75297e-05
1.55034 1.83838 1.00003 3.82453e-05 2.38254e-05
1.57047 1.83838 1.00002 3.3612e-05 2.05814e-05
1.5906 1.83838 1.00002 2.94791e-05 1.77466e-05
1.61074 1.83838 1.00002 2.5802e-05 1.52748e-05
1.63087 1.83838 1.00001 2.25382e-05 1.31239e-05
1.65101 1.83838 1.00001 1.96484e-05 1.12563e-05
1.67114 1.83838 1.00001 1.70957e-05 9.63777e-06
1.69128 1.83838 1.00001 1.48461e-05 8.23801e-06
1.71141 1.83838 1.00001 1.2868e-05 7.02978e-06
1.73154 1.83838 1.00001 1.11326e-05 5.98887e-06
1.75168 1.83838 1.00001 9.61349e-06 5.0938e-06
1.77181 1.83838 1 8.28654e-06 4.32557e-06
1.79195 1.83838 1 7.12991e-06 3.6674e-06
1.81208 1.83838 1 6.12384e-06 3.10453e-06
1.83221 1.83838 1 5.25053e-06 2.624e-06
1.85235 1.83838 1 4.49398e-06 2.21449e-06
1.87248 1.83838 1 3.83989e-06 1.86609e-06
1.89262 1.83838 1 3.27548e-06 1.57018e-06
1.91275 1.83838 1 2.78938e-06 1.31926e-06
1.93289 1.83838 1 2.37153e-06 1.10684e-06
1.95302 1.83838 1 2.013e-06 9.27306e-07
1.97315 1.83838 1 1.70595e-06 7.75797e-07
1.99329 1.83838 1 1.44344e-06 6.48139e-07
2.01342 1.83838 1 1.21942e-06 5.40744e-07
2.03356 1.83838 1 1.02858e-06 4.5053e-07
2.05369 1.83838 1 8.66287e-07 3.74863e-07
2.07383 1.83838 1 7.285e-07 3.1149e-07
2.09396 1.83838 1 6.11718e-07 2.5849e-07
2.11409 1.83838 1 5.12901e-07 2.14229e-07
2.13423 1.83838 1 4.29421e-07 1.77319e-07
2.15436 1.83838 1 3.59012e-07 1.46581e-07
2.1745 1.83838 1 2.99721e-07 1.21018e-07
2.19463 1.83838 1 2.4987e-07 9.97894e-08
2.21477 1.83838 1 2.08021e-07 8.21828e-08
2.2349 1.83838 1 1.72943e-07 6.75999e-08
2.25503 1.83838 1 1.43585e-07 5.55373e-08
2.27517 1.83838 1 1.1905e-07 4.55725e-08
2.2953 1.83838 1 9.85761e-08 3.73513e-08
2.31544 1.83838 1 8.15159e-08 3.05772e-08
2.33557 1.83838 1 6.73205e-08 2.50025e-08
2.3557 1.83838 1 5.55254e-08 2.04206e-08
2.37584 1.83838 1 4.57385e-08 1.66594e-08
2.39597 1.83838 1 3.76291e-08 1.35755e-08
2.41611 1.83838 1 3.09188e-08 1.10501e-08
2.43624 1.83838 1 2.53737e-08 8.98452e-09
2.45638 1.83838 1 2.07976e-08 7.29703e-09
2.47651 1.83838 1 1.70261e-08 5.92003e-09
2.49664 1.83838 1 1.39218e-08 4.7977e-09
2.51678 1.83838 1 1.137e-08 3.88399e-09
2.53691 1.83838 1 9.27491e-09 3.14097e-09
2.55705 1.83838 1 7.55704e-09 2.53743e-09
2.57718 1.83838 1 6.15019e-09 2.04774e-09
2.59732 1.83838 1 4.99947e-09 1.65086e-09
2.61745 1.83838 1 4.05936e-09 1.32955e-09
2.63758 1.83838 1 3.29222e-09 1.06971e-09
2.65772 1.83838 1 2.66695e-09 8.59812e-10
2.67785 1.83838 1 2.15788e-09 6.9043e-10
2.69799 1.83838 1 1.74384e-09 5.53892e-10
2.71812 1.83838 1 1.40741e-09 4.43945e-10
2.73826 1.83838 1 1.13429e-09 3.555e-10
2.75839 1.83838 1 9.12714e-10 2.8442e-10
2.77852 1.83838 1 7.33019e-10 2.27343e-10
2.79866 1.83838 1 5.87287e-10 1.81537e-10
2.81879 1.83838 1 4.69019e-10 1.44781e-10
2.83893 1.83838 1 3.72877e-10 1.15261e-10
2.85906 1.83838 1 2.94468e-10 9.14923e-11
2.87919 1.83838 1 2.30166e-10 7.22423e-11
2.89933 1.83838 1 1.76956e-10 5.64721e-11
2.91946 1.83838 1 1.32307e-10 4.32784e-11
2.9396 1.83838 1 9.40668e-11 3.18416e-11
2.95973 1.83838 1 6.03629e-11 2.13725e-11
2.97987 1.83838 1 2.95224e-11 1.1058e-11
3 1.83838 1 0 0

0 1.85859 1.0007 0 0
0.0201342 1.85859 1.00079 -9.71565e-05 0.000202626
0.0402685 1.85859 1.00089 -0.000174728 0.000389741
0.0604027 1.85859 1.00098 -0.000234151 0.000562417
0.0805369 1.85859 1.00108 -0.000276868 0.000721778
0.100671 1.85859 1.00117 -0.000304339 0.000868871
0.120805 1.85859 1.00126 -0.000317996 0.00100458
0.14094 1.85859 1.00135 -0.00031923 0.00112961
0.161074 1.85859 1.00143 -0.000309367 0.0012445
0.181208 1.85859 1.00151 -0.000289671 0.00134964
0.201342 1.85859 1.00158 -0.000261347 0.0014453
0.221477 1.85859 1.00165 -0.000225544 0.00153166
0.241611 1.85859 1.00171 -0.000183363 0.00160886
0.261745 1.85859 1.00177 -0.000135861 0.00167698
0.281879 1.85859 1.00182 -8.40554e-05 0.00173612
0.302013 1.85859 1.00186 -2.89232e-05 0.00178634
0.322148 1.85859 1.00189 2.85987e-05 0.00182775
0.342282 1.85859 1.00192 8.76162e-05 0.00186048
0.362416 1.85859 1.00193 0.000147281 0.00188469
0.38255 1.85859 1.00195 0.000206796 0.00190058
0.402685 1.85859 1.00195 0.000265417 0.00190839
0.422819 1.85859 1.00195 0.000322462 0.00190841
0.442953 1.85859 1.00194 0.000377309 0.00190097
0.463087 1.85859 1.00192 0.000429407 0.00188645
0.483221 1.85859 1.0019 0.00047827 0.00186525
0.503356 1.85859 1.00187 0.000523488 0.00183782
0.52349 1.85859 1.00184 0.00056472 0.00180463
0.543624 1.85859 1.0018 0.0006017 0.00176616
0.563758 1.85859 1.00175 0.000634231 0.00172293
0.583893 1.85859 1.0017 0.000662185 0.00167547
0.604027 1.85859 1.00165 0.0006855 0.00162428
0.624161 1.85859 1.0016 0.000704175 0.00156991
0.644295 1.85859 1.00154 0.000718268 0.00151287
0.66443 1.85859 1.00148 0.000727886 0.00145367
0.684564 1.85859 1.00142 0.000733184 0.00139279
0.704698 1.85859 1.00136 0.000734358 0.00133071
0.724832 1.85859 1.0013 0.000731637 0.00126788
0.744966 1.85859 1.00123 0.000725279 0.00120472
0.765101 1.85859 1.00117 0.000715564 0.00114163
0.785235 1.85859 1.00111 0.000702788 0.00107895
0.805369 1.85859 1.00104 0.000687259 0.00101704
0.825503 1.85859 1.00098 0.000669291 0.000956181
0.845638 1.85859 1.00092 0.000649199 0.000896645
0.865772 1.85859 1.00086 0.000627295 0.000838667
0.885906 1.85859 1.00081 0.000603882 0.000782448
0.90604 1.85859 1.00075 0.000579256 0.000728159
0.926174 1.85859 1.0007 0.000553698 0.000675943
0.946309 1.85859 1.00065 0.000527475 0.000625913
0.966443 1.85859 1.0006 0.000500835 0.000578154
0.986577 1.85859 1.00055 0.000474009 0.000532727
1.00671 1.85859 1.00051 0.000447207 0.000489671
1.02685 1.85859 1.00047 0.000420622 0.000449001
1.04698 1.85859 1.00043 0.000394423 0.000410714
1.06711 1.85859 1.00039 0.000368761 0.000374788
1.08725 1.85859 1.00036 0.000343766 0.000341187
1.10738 1.85859 1.00032 0.000319549 0.00030986
1.12752 1.85859 1.00029 0.000296203 0.000280745
1.14765 1.85859 1.00027 0.000273803 0.000253768
1.16779 1.85859 1.00024 0.000252407 0.000228848
1.18792 1.85859 1.00022 0.000232058 0.000205898
1.20805 1.85859 1.0002 0.000212784 0.000184823
1.22819 1.85859 1.00018 0.000194601 0.000165528
1.24832 1.85859 1.00016 0.000177514 0.000147912
1.26846 1.85859 1.00014 0.000161514 0.000131875
1.28859 1.85859 1.00013 0.000146588 0.000117316
1.30872 1.85859 1.00011 0.000132712 0.000104136
1.32886 1.85859 1.0001 0.000119855 9.2236e-05
1.34899 1.85859 1.00009 0.000107983 8.15206e-05
1.36913 1.85859 1.00008 9.70545e-05 7.18973e-05
1.38926 1.85859 1.00007 8.70271e-05 6.32773e-05
1.4094 1.85859 1.00006 7.78544e-05 5.55755e-05
1.42953 1.85859 1.00005 6.9489e-05 4.87116e-05
1.44966 1.85859 1.00005 6.18822e-05 4.26093e-05
1.4698 1.85859 1.00004 5.49851e-05 3.71975e-05
1.48993 1.85859 1.00004 4.87491e-05 3.24093e-05
1.51007 1.85859 1.00003 4.31264e-05 2.81829e-05
1.5302 1.85859 1.00003 3.80704e-05 2.44609e-05
1.55034 1.85859 1.00002 3.35361e-05 2.11906e-05
1.57047 1.85859 1.00002 2.94801e-05 1.83235e-05
1.5906 1.85859 1.00002 2.58613e-05 1.58153e-05
1.61074 1.85859 1.00002 2.26407e-05 1.36259e-05
1.63087 1.85859 1.00001 1.97814e-05 1.17188e-05
1.65101 1.85859 1.00001 1.7249e-05 1.00609e-05
1.67114 1.85859 1.00001 1.50115e-05 8.62272e-06
1.69128 1.85859 1.00001 1.30391e-05 7.37753e-06
1.71141 1.85859 1.00001 1.13043e-05 6.30157e-06
1.73154 1.85859 1.00001 9.78197e-06 5.37363e-06
1.75168 1.85859 1.00001 8.449e-06 4.57486e-06
1.77181 1.85859 1 7.28436e-06 3.88855e-06
1.79195 1.85859 1 6.26895e-06 3.29996e-06
1.81208 1.85859 1 5.3855e-06 2.79608e-06
1.83221 1.85859 1 4.61843e-06 2.36547e-06
1.85235 1.85859 1 3.95377e-06 1.99813e-06
1.87248 1.85859 1 3.37897e-06 1.68528e-06
1.89262 1.85859 1 2.88287e-06 1.41931e-06
1.91275 1.85859 1 2.45551e-06 1.19356e-06
1.93289 1.85859 1 2.08807e-06 1.00226e-06
1.95302 1.85859 1 1.77272e-06 8.40409e-07
1.97315 1.85859 1 1.50258e-06 7.037e-07
1.99329 1.85859 1 1.2716e-06 5.88404e-07
2.01342 1.85859 1 1.07443e-06 4.91317e-07
2.03356 1.85859 1 9.06437e-07 4.09689e-07
2.05369 1.85859 1 7.6354e-07 3.4116e-07
2.07383 1.85859 1 6.42199e-07 2.83713e-07
2.09396 1.85859 1 5.39336e-07 2.35628e-07
2.11409 1.85859 1 4.52281e-07 1.95436e-07
2.13423 1.85859 1 3.78725e-07 1.61889e-07
2.15436 1.85859 1 3.16674e-07 1.33929e-07
2.1745 1.85859 1 2.64413e-07 1.10657e-07
2.19463 1.85859 1 2.20466e-07 9.13144e-08
2.21477 1.85859 1 1.83566e-07 7.52588e-08
2.2349 1.85859 1 1.52632e-07 6.19499e-08
2.25503 1.85859 1 1.26738e-07 5.09324e-08
2.27517 1.85859 1 1.05095e-07 4.18237e-08
2.2953 1.85859 1 8.70322e-08 3.43029e-08
2.31544 1.85859 1 7.19785e-08 2.81012e-08
2.33557 1.85859 1 5.94509e-08 2.29937e-08
2.3557 1.85859 1 4.90403e-08 1.87927e-08
2.37584 1.85859 1 4.0401e-08 1.53415e-08
2.39597 1.85859 1 3.32415e-08 1.25098e-08
2.41611 1.85859 1 2.73165e-08 1.01893e-08
2.43624 1.85859 1 2.24198e-08 8.28993e-09
2.45638 1.85859 1 1.83783e-08 6.73715e-09
2.47651 1.85859 1 1.5047e-08 5.46921e-09
2.49664 1.85859 1 1.23047e-08 4.43506e-09
2.51678 1.85859 1 1.00502e-08 3.59259e-09
2.53691 1.85859 1 8.19908e-09 2.90704e-09
2.55705 1.85859 1 6.68106e-09 2.34983e-09
2.57718 1.85859 1 5.43776e-09 1.89744e-09
2.59732 1.85859 1 4.4207e-09 1.53056e-09
2.61745 1.85859 1 3.58972e-09 1.23336e-09
2.63758 1.85859 1 2.91157e-09 9.92872e-10
2.65772 1.85859 1 2.35878e-09 7.98483e-10
2.67785 1.85859 1 1.90867e-09 6.41528e-10
2.69799 1.85859 1 1.54256e-09 5.14935e-10
2.71812 1.85859 1 1.24507e-09 4.1294e-10
2.73826 1.85859 1 1.00353e-09 3.30847e-10
2.75839 1.85859 1 8.07557e-10 2.64838e-10
2.77852 1.85859 1 6.48621e-10 2.11808e-10
2.79866 1.85859 1 5.19719e-10 1.69231e-10
2.81879 1.85859 1 4.15106e-10 1.35053e-10
2.83893 1.85859 1 3.30063e-10 1.07595e-10
2.85906 1.85859 1 2.60705e-10 8.54826e-11
2.87919 1.85859 1 2.03826e-10 6.75717e-11
2.89933 1.85859 1 1.56755e-10 5.28966e-11
2.91946 1.85859 1 1.17254e-10 4.06142e-11
2.9396 1.85859 1 8.34108e-11 2.99541e-11
2.95973 1.85859 1 5.35625e-11 2.01674e-11
2.97987 1.85859 1 2.62187e-11 1.04732e-11
3 1.85859 1 0 0

0 1.87879 1.00063 0 0
0.0201342 1.87879 1.00072 -8.99593e-05 0.000173869
0.0402685 1.87879 1.00081 -0.000161539 0.000333119
0.0604027 1.87879 1.0009 -0.000216099 0.000479015
0.0805369 1.87879 1.00099 -0.000255109 0.000612884
0.100671 1.87879 1.00109 -0.000280069 0.000735923
0.120805 1.87879 1.00117 -0.000292442 0.000849107
0.14094 1.87879 1.00126 -0.000293614 0.000953187
0.161074 1.87879 1.00134 -0.000284878 0.00104872
0.181208 1.87879 1.00142 -0.000267435 0.00113609
0.201342 1.87879 1.00149 -0.000242406 0.00121556
0.221477 1.87879 1.00155 -0.000210841 0.00128733
0.241611 1.87879 1.00161 -0.00017373 0.00135151
0.261745 1.87879 1.00166 -0.000132013 0.00140819
0.281879 1.87879 1.00171 -8.65862e-05 0.00145744
0.302013 1.87879 1.00175 -3.83045e-05 0.00149934
0.322148 1.87879 1.00178 1.20169e-05 0.00153395
0.342282 1.87879 1.0018 6.36027e-05 0.00156138
0.362416 1.87879 1.00182 0.00011572 0.00158177
0.38255 1.87879 1.00183 0.00016768 0.00159526
0.402685 1.87879 1.00184 0.000218843 0.00160207
0.422819 1.87879 1.00183 0.00026862 0.00160242
0.442953 1.87879 1.00182 0.000316477 0.00159657
0.463087 1.87879 1.00181 0.000361939 0.00158483
0.483221 1.87879 1.00178 0.000404591 0.00156753
0.503356 1.87879 1.00176 0.000444076 0.00154503
0.52349 1.87879 1.00172 0.000480104 0.00151771
0.543624 1.87879 1.00169 0.000512444 0.00148598
0.563758 1.87879 1.00164 0.000540927 0.00145025
0.583893 1.87879 1.0016 0.000565444 0.00141095
0.604027 1.87879 1.00155 0.000585941 0.00136851
0.624161 1.87879 1.0015 0.000602417 0.00132336
0.644295 1.87879 1.00144 0.000614921 0.00127594
0.66443 1.87879 1.00139 0.000623548 0.00122666
0.684564 1.87879 1.00133 0.000628431 0.00117593
0.704698 1.87879 1.00127 0.000629737 0.00112415
0.724832 1.87879 1.00121 0.000627666 0.00107169
0.744966 1.87879 1.00115 0.000622441 0.0010189
0.765101 1.87879 1.00109 0.000614302 0.000966103
0.785235 1.87879 1.00103 0.000603508 0.000913618
0.805369 1.87879 1.00097 0.000590324 0.000861719
0.825503 1.87879 1.00091 0.000575021 0.000810659
0.845638 1.87879 1.00086 0.000557872 0.000760665
0.865772 1.87879 1.0008 0.000539147 0.000711936
0.885906 1.87879 1.00075 0.000519108 0.000664644
0.90604 1.87879 1.0007 0.000498012 0.000618938
0.926174 1.87879 1.00065 0.000476102 0.00057494
0.946309 1.87879 1.0006 0.000453608 0.000532749
0.966443 1.87879 1.00055 0.000430747 0.00049244
0.986577 1.87879 1.00051 0.000407717 0.000454069
1.00671 1.87879 1.00047 0.000384701 0.00041767
1.02685 1.87879 1.00043 0.000361864 0.00038326
1.04698 1.87879 1.00039 0.000339355 0.00035084
1.06711 1.87879 1.00036 0.000317303 0.000320395
1.08725 1.87879 1.00033 0.000295821 0.000291896
1.10738 1.87879 1.0003 0.000275005 0.000265304
1.12752 1.87879 1.00027 0.000254936 0.000240568
1.14765 1.87879 1.00024 0.000235678 0.00021763
1.16779 1.87879 1.00022 0.000217281 0.000196422
1.18792 1.87879 1.0002 0.000199783 0.000176873
1.20805 1.87879 1.00018 0.000183208 0.000158906
1.22819 1.87879 1.00016 0.00016757 0.000142441
1.24832 1.87879 1.00014 0.000152872 0.000127395
1.26846 1.87879 1.00013 0.00013911 0.000113684
1.28859 1.87879 1.00011 0.000126269 0.000101226
1.30872 1.87879 1.0001 0.00011433 8.99364e-05
1.32886 1.87879 1.00009 0.000103268 7.97333e-05
1.34899 1.87879 1.00008 9.30507e-05 7.05367e-05
1.36913 1.87879 1.00007 8.36451e-05 6.22691e-05
1.38926 1.87879 1.00006 7.50138e-05 5.48558e-05
1.4094 1.87879 1.00006 6.71172e-05 4.82254e-05
1.42953 1.87879 1.00005 5.99144e-05 4.23101e-05
1.44966 1.87879 1.00004 5.33638e-05 3.70458e-05
1.4698 1.87879 1.00004 4.74235e-05 3.23721e-05
1.48993 1.87879 1.00003 4.20517e-05 2.82326e-05
1.51007 1.87879 1.00003 3.72075e-05 2.45749e-05
1.5302 1.87879 1.00002 3.28507e-05 2.13503e-05
1.55034 1.87879 1.00002 2.89427e-05 1.85139e-05
1.57047 1.87879 1.00002 2.54465e-05 1.60246e-05
1.5906 1.87879 1.00002 2.23265e-05 1.38446e-05
1.61074 1.87879 1.00001 1.95492e-05 1.19396e-05
1.63087 1.87879 1.00001 1.70831e-05 1.02784e-05
1.65101 1.87879 1.00001 1.48986e-05 8.83283e-06
1.67114 1.87879 1.00001 1.29681e-05 7.57743e-06
1.69128 1.87879 1.00001 1.12659e-05 6.48937e-06
1.71141 1.87879 1.00001 9.76862e-06 5.54819e-06
1.73154 1.87879 1.00001 8.45442e-06 4.73564e-06
1.75168 1.87879 1 7.30348e-06 4.03547e-06
1.77181 1.87879 1 6.2977e-06 3.43326e-06
1.79195 1.87879 1 5.42064e-06 2.91626e-06
1.81208 1.87879 1 4.65742e-06 2.47321e-06
1.83221 1.87879 1 3.99464e-06 2.09422e-06
1.85235 1.87879 1 3.42023e-06 1.77058e-06
1.87248 1.87879 1 2.92341e-06 1.49468e-06
1.89262 1.87879 1 2.49454e-06 1.25989e-06
1.91275 1.87879 1 2.12503e-06 1.06041e-06
1.93289 1.87879 1 1.80727e-06 8.91216e-07
1.95302 1.87879 1 1.53453e-06 7.47933e-07
1.97315 1.87879 1 1.30085e-06 6.26792e-07
1.99329 1.87879 1 1.10101e-06 5.24531e-07
2.01342 1.87879 1 9.30406e-07 4.38342e-07
2.03356 1.87879 1 7.8502e-07 3.6581e-07
2.05369 1.87879 1 6.61339e-07 3.04865e-07
2.07383 1.87879 1 5.56301e-07 2.5373e-07
2.09396 1.87879 1 4.67246e-07 2.10891e-07
2.11409 1.87879 1 3.91868e-07 1.75053e-07
2.13423 1.87879 1 3.2817e-07 1.45115e-07
2.15436 1.87879 1 2.7443e-07 1.20142e-07
2.1745 1.87879 1 2.29162e-07 9.93397e-08
2.19463 1.87879 1 1.91091e-07 8.20351e-08
2.21477 1.87879 1 1.59123e-07 6.76599e-08
2.2349 1.87879 1 1.3232e-07 5.57345e-08
2.25503 1.87879 1 1.09881e-07 4.58546e-08
2.27517 1.87879 1 9.11245e-08 3.76801e-08
2.2953 1.87879 1 7.54687e-08 3.09256e-08
2.31544 1.87879 1 6.242e-08 2.53516e-08
2.33557 1.87879 1 5.15599e-08 2.07577e-08
2.3557 1.87879 1 4.25342e-08 1.69763e-08
2.37584 1.87879 1 3.50436e-08 1.38677e-08
2.39597 1.87879 1 2.88355e-08 1.13153e-08
2.41611 1.87879 1 2.36975e-08 9.22211e-09
2.43624 1.87879 1 1.94508e-08 7.5077e-09
2.45638 1.87879 1 1.59455e-08 6.10516e-09
2.47651 1.87879 1 1.30559e-08 4.95915e-09
2.49664 1.87879 1 1.06772e-08 4.02384e-09
2.51678 1.87879 1 8.72137e-09 3.26138e-09
2.53691 1.87879 1 7.11539e-09 2.64056e-09
2.55705 1.87879 1 5.79833e-09 2.13564e-09
2.57718 1.87879 1 4.71954e-09 1.72545e-09
2.59732 1.87879 1 3.83701e-09 1.39259e-09
2.61745 1.87879 1 3.1159e-09 1.12279e-09
2.63758 1.87879 1 2.52738e-09 9.04343e-10
2.65772 1.87879 1 2.04763e-09 7.27669e-10
2.67785 1.87879 1 1.65697e-09 5.84938e-10
2.69799 1.87879 1 1.3392e-09 4.69754e-10
2.71812 1.87879 1 1.08098e-09 3.76901e-10
2.73826 1.87879 1 8.71314e-10 3.02128e-10
2.75839 1.87879 1 7.012e-10 2.41976e-10
2.77852 1.87879 1 5.63232e-10 1.93628e-10
2.79866 1.87879 1 4.51335e-10 1.54796e-10
2.81879 1.87879 1 3.60524e-10 1.23612e-10
2.83893 1.87879 1 2.86703e-10 9.85559e-11
2.85906 1.87879 1 2.26501e-10 7.83745e-11
2.87919 1.87879 1 1.77133e-10 6.20289e-11
2.89933 1.87879 1 1.3628e-10 4.86377e-11
2.91946 1.87879 1 1.01994e-10 3.74282e-11
2.9396 1.87879 1 7.2609e-11 2.76881e-11
2.95973 1.87879 1 4.6671e-11 1.87159e-11
2.97987 1.87879 1 2.28728e-11 9.76776e-12
3 1.87879 1 0 0

0 1.89899 1.00057 0 0
0.0201342 1.89899 1.00065 -8.25558e-05 0.000146462
0.0402685 1.89899 1.00074 -0.000147764 0.000278836
0.0604027 1.89899 1.00083 -0.000196976 0.00039881
0.0805369 1.89899 1.00092 -0.000231777 0.000508047
0.100671 1.89899 1.00101 -0.000253772 0.000607934
0.120805 1.89899 1.0011 -0.000264481 0.000699534
0.14094 1.89899 1.00118 -0.000265289 0.00078362
0.161074 1.89899 1.00126 -0.000257444 0.000860733
0.181208 1.89899 1.00134 -0.000242071 0.000931244
0.201342 1.89899 1.00141 -0.00022019 0.000995402
0.221477 1.89899 1.00147 -0.00019274 0.00105337
0.241611 1.89899 1.00153 -0.00016059 0.00110525
0.261745 1.89899 1.00158 -0.000124557 0.00115112
0.281879 1.89899 1.00162 -8.54099e-05 0.00119103
0.302013 1.89899 1.00166 -4.38803e-05 0.00122504
0.322148 1.89899 1.00169 -6.61028e-07 0.0012532
0.342282 1.89899 1.00172 4.35911e-05 0.00127561
0.362416 1.89899 1.00173 8.82564e-05 0.00129235
0.38255 1.89899 1.00174 0.000132754 0.00130355
0.402685 1.89899 1.00174 0.000176544 0.00130936
0.422819 1.89899 1.00174 0.000219132 0.00130996
0.442953 1.89899 1.00173 0.000260067 0.00130556
0.463087 1.89899 1.00171 0.00029895 0.00129639
0.483221 1.89899 1.00169 0.00033543 0.00128271
0.503356 1.89899 1.00166 0.00036921 0.00126482
0.52349 1.89899 1.00163 0.000400044 0.001243
0.543624 1.89899 1.0016 0.000427738 0.00121758
0.563758 1.89899 1.00155 0.000452152 0.00118889
0.583893 1.89899 1.00151 0.000473193 0.00115727
0.604027 1.89899 1.00146 0.000490817 0.00112306
0.624161 1.89899 1.00141 0.000505025 0.00108662
0.644295 1.89899 1.00136 0.000515858 0.00104829
0.66443 1.89899 1.0013 0.000523396 0.0010084
0.684564 1.89899 1.00125 0.000527754 0.000967289
0.704698 1.89899 1.00119 0.000529075 0.000925269
0.724832 1.89899 1.00113 0.000527526 0.000882646
0.744966 1.89899 1.00108 0.000523297 0.000839706
0.765101 1.89899 1.00102 0.000516594 0.00079672
0.785235 1.89899 1.00096 0.000507635 0.000753937
0.805369 1.89899 1.00091 0.000496644 0.000711588
0.825503 1.89899 1.00085 0.000483853 0.00066988
0.845638 1.89899 1.0008 0.000469492 0.000629002
0.865772 1.89899 1.00075 0.000453791 0.000589118
0.885906 1.89899 1.0007 0.000436972 0.000550374
0.90604 1.89899 1.00065 0.000419252 0.000512892
0.926174 1.89899 1.0006 0.000400839 0.000476778
0.946309 1.89899 1.00056 0.000381926 0.000442114
0.966443 1.89899 1.00051 0.000362698 0.000408966
0.986577 1.89899 1.00047 0.000343323 0.000377382
1.00671 1.89899 1.00043 0.000323955 0.000347395
1.02685 1.89899 1.0004 0.000304736 0.000319022
1.04698 1.89899 1.00036 0.00028579 0.000292264
1.06711 1.89899 1.00033 0.000267227 0.000267114
1.08725 1.89899 1.0003 0.000249142 0.000243551
1.10738 1.89899 1.00028 0.000231618 0.000221544
1.12752 1.89899 1.00025 0.000214721 0.000201055
1.14765 1.89899 1.00023 0.000198506 0.000182037
1.16779 1.89899 1.0002 0.000183017 0.000164438
1.18792 1.89899 1.00018 0.000168284 0.000148201
1.20805 1.89899 1.00016 0.000154328 0.000133263
1.22819 1.89899 1.00015 0.000141161 0.000119561
1.24832 1.89899 1.00013 0.000128785 0.000107027
1.26846 1.89899 1.00012 0.000117197 9.55959e-05
1.28859 1.89899 1.00011 0.000106385 8.51979e-05
1.30872 1.89899 1.00009 9.63314e-05 7.57659e-05
1.32886 1.89899 1.00008 8.70156e-05 6.72331e-05
1.34899 1.89899 1.00007 7.84116e-05 5.95343e-05
1.36913 1.89899 1.00006 7.04906e-05 5.26061e-05
1.38926 1.89899 1.00006 6.32212e-05 4.63873e-05
1.4094 1.89899 1.00005 5.65702e-05 4.08196e-05
1.42953 1.89899 1.00004 5.05033e-05 3.58472e-05
1.44966 1.89899 1.00004 4.49853e-05 3.14172e-05
1.4698 1.89899 1.00003 3.9981e-05 2.74801e-05
1.48993 1.89899 1.00003 3.54552e-05 2.39894e-05
1.51007 1.89899 1.00003 3.13736e-05 2.09016e-05
1.5302 1.89899 1.00002 2.77024e-05 1.81766e-05
1.55034 1.89899 1.00002 2.44091e-05 1.5777e-05
1.57047 1.89899 1.00002 2.14624e-05 1.36689e-05
1.5906 1.89899 1.00001 1.88326e-05 1.18207e-05
1.61074 1.89899 1.00001 1.64915e-05 1.0204e-05
1.63087 1.89899 1.00001 1.44125e-05 8.79263e-06
1.65101 1.89899 1.00001 1.25706e-05 7.56318e-06
1.67114 1.89899 1.00001 1.09427e-05 6.49435e-06
1.69128 1.89899 1.00001 9.50726e-06 5.56703e-06
1.71141 1.89899 1.00001 8.24442e-06 4.76405e-06
1.73154 1.89899 1.00001 7.1359e-06 4.07009e-06
1.75168 1.89899 1 6.16499e-06 3.4715e-06
1.77181 1.89899 1 5.31645e-06 2.95614e-06
1.79195 1.89899 1 4.57642e-06 2.51325e-06
1.81208 1.89899 1 3.93239e-06 2.13333e-06
1.83221 1.89899 1 3.37306e-06 1.80802e-06
1.85235 1.89899 1 2.88826e-06 1.52994e-06
1.87248 1.89899 1 2.4689e-06 1.29267e-06
1.89262 1.89899 1 2.10686e-06 1.09054e-06
1.91275 1.89899 1 1.79491e-06 9.18655e-07
1.93289 1.89899 1 1.52662e-06 7.72722e-07
1.95302 1.89899 1 1.29632e-06 6.49027e-07
1.97315 1.89899 1 1.09899e-06 5.4435e-07
1.99329 1.89899 1 9.30218e-07 4.55908e-07
2.01342 1.89899 1 7.86128e-07 3.81299e-07
2.03356 1.89899 1 6.63327e-07 3.18457e-07
2.05369 1.89899 1 5.58851e-07 2.65607e-07
2.07383 1.89899 1 4.70117e-07 2.21227e-07
2.09396 1.89899 1 3.9488e-07 1.84015e-07
2.11409 1.89899 1 3.31194e-07 1.52859e-07
2.13423 1.89899 1 2.77372e-07 1.2681e-07
2.15436 1.89899 1 2.31962e-07 1.05064e-07
2.1745 1.89899 1 1.93708e-07 8.69348e-08
2.19463 1.89899 1 1.61534e-07 7.1842e-08
2.21477 1.89899 1 1.34516e-07 5.92945e-08
2.2349 1.89899 1 1.11863e-07 4.88772e-08
2.25503 1.89899 1 9.28967e-08 4.02402e-08
2.27517 1.89899 1 7.70422e-08 3.30888e-08
2.2953 1.89899 1 6.3808e-08 2.71753e-08
2.31544 1.89899 1 5.27773e-08 2.22918e-08
2.33557 1.89899 1 4.35963e-08 1.82641e-08
2.3557 1.89899 1 3.59658e-08 1.49464e-08
2.37584 1.89899 1 2.96328e-08 1.22171e-08
2.39597 1.89899 1 2.43839e-08 9.97464e-09
2.41611 1.89899 1 2.00396e-08 8.13443e-09
2.43624 1.89899 1 1.64488e-08 6.62617e-09
2.45638 1.89899 1 1.34848e-08 5.39149e-09
2.47651 1.89899 1 1.10415e-08 4.38198e-09
2.49664 1.89899 1 9.02992e-09 3.55756e-09
2.51678 1.89899 1 7.376e-09 2.88508e-09
2.53691 1.89899 1 6.01788e-09 2.33718e-09
2.55705 1.89899 1 4.90405e-09 1.8913e-09
2.57718 1.89899 1 3.99171e-09 1.52886e-09
2.59732 1.89899 1 3.24533e-09 1.23458e-09
2.61745 1.89899 1 2.63546e-09 9.9591e-10
2.63758 1.89899 1 2.13771e-09 8.02559e-10
2.65772 1.89899 1 1.73195e-09 6.46097e-10
2.67785 1.89899 1 1.40154e-09 5.19626e-10
2.69799 1.89899 1 1.13277e-09 4.17509e-10
2.71812 1.89899 1 9.14363e-10 3.35148e-10
2.73826 1.89899 1 7.37031e-10 2.68792e-10
2.75839 1.89899 1 5.9315e-10 2.15386e-10
2.77852 1.89899 1 4.7646e-10 1.72442e-10
2.79866 1.89899 1 3.81824e-10 1.37937e-10
2.81879 1.89899 1 3.05026e-10 1.10222e-10
2.83893 1.89899 1 2.42602e-10 8.79482e-11
2.85906 1.89899 1 1.91701e-10 7.00092e-11
2.87919 1.89899 1 1.49967e-10 5.54834e-11
2.89933 1.89899 1 1.15436e-10 4.3588e-11
2.91946 1.89899 1 8.6456e-11 3.3633e-11
2.9396 1.89899 1 6.16103e-11 2.49754e-11
2.95973 1.89899 1 3.96562e-11 1.69705e-11
2.97987 1.89899 1 1.94695e-11 8.91722e-12
3 1.89899 1 0 0

0 1.91919 1.00051 0 0
0.0201342 1.91919 1.00059 -7.44943e-05 0.000120074
0.0402685 1.91919 1.00068 -0.000132477 0.000226199
0.0604027 1.91919 1.00077 -0.000175452 0.000320856
0.0805369 1.91919 1.00086 -0.00020527 0.000406178
0.100671 1.91919 1.00095 -0.000223708 0.000483754
0.120805 1.91919 1.00104 -0.000232344 0.000554686
0.14094 1.91919 1.00112 -0.000232537 0.00061972
0.161074 1.91919 1.0012 -0.000225458 0.000679349
0.181208 1.91919 1.00128 -0.000212119 0.000733893
0.201342 1.91919 1.00135 -0.000193417 0.00078356
0.221477 1.91919 1.00141 -0.000170153 0.000828481
0.241611 1.91919 1.00147 -0.000143064 0.000868736
0.261745 1.91919 1.00152 -0.000112829 0.00090438
0.281879 1.91919 1.00156 -8.00846e-05 0.000935453
0.302013 1.91919 1.0016 -4.54326e-05 0.000961992
0.322148 1.91919 1.00163 -9.4406e-06 0.00098404
0.342282 1.91919 1.00165 2.73548e-05 0.00100165
0.362416 1.91919 1.00166 6.44481e-05 0.0010149
0.38255 1.91919 1.00167 0.000101366 0.00102386
0.402685 1.91919 1.00167 0.000137669 0.00102867
0.422819 1.91919 1.00167 0.000172954 0.00102944
0.442953 1.91919 1.00166 0.000206856 0.00102633
0.463087 1.91919 1.00164 0.000239049 0.00101951
0.483221 1.91919 1.00162 0.000269249 0.00100919
0.503356 1.91919 1.00159 0.000297214 0.000995575
0.52349 1.91919 1.00156 0.000322744 0.000978891
0.543624 1.91919 1.00152 0.000345683 0.000959383
0.563758 1.91919 1.00148 0.000365918 0.000937303
0.583893 1.91919 1.00144 0.000383373 0.000912911
0.604027 1.91919 1.00139 0.000398014 0.000886471
0.624161 1.91919 1.00134 0.000409842 0.000858249
0.644295 1.91919 1.00129 0.000418895 0.00082851
0.66443 1.91919 1.00124 0.000425237 0.000797517
0.684564 1.91919 1.00119 0.000428963 0.000765524
0.704698 1.91919 1.00113 0.000430193 0.000732778
0.724832 1.91919 1.00107 0.000429064 0.000699516
0.744966 1.91919 1.00102 0.000425732 0.000665963
0.765101 1.91919 1.00096 0.000420368 0.000632331
0.785235 1.91919 1.00091 0.000413149 0.000598817
0.805369 1.91919 1.00086 0.000404261 0.000565602
0.825503 1.91919 1.0008 0.000393894 0.000532851
0.845638 1.91919 1.00075 0.000382238 0.000500714
0.865772 1.91919 1.0007 0.00036948 0.000469324
0.885906 1.91919 1.00065 0.000355805 0.000438797
0.90604 1.91919 1.00061 0.000341389 0.000409233
0.926174 1.91919 1.00056 0.000326402 0.000380717
0.946309 1.91919 1.00052 0.000311005 0.000353317
0.966443 1.91919 1.00048 0.000295348 0.000327088
0.986577 1.91919 1.00044 0.000279568 0.000302071
1.00671 1.91919 1.00041 0.000263794 0.000278295
1.02685 1.91919 1.00037 0.000248139 0.000255775
1.04698 1.91919 1.00034 0.000232706 0.000234517
1.06711 1.91919 1.00031 0.000217585 0.000214516
1.08725 1.91919 1.00028 0.000202855 0.000195759
1.10738 1.91919 1.00026 0.00018858 0.000178223
1.12752 1.91919 1.00023 0.000174818 0.00016188
1.14765 1.91919 1.00021 0.000161612 0.000146696
1.16779 1.91919 1.00019 0.000148997 0.00013263
1.18792 1.91919 1.00017 0.000136999 0.00011964
1.20805 1.91919 1.00015 0.000125634 0.000107678
1.22819 1.91919 1.00014 0.000114913 9.66941e-05
1.24832 1.91919 1.00012 0.000104836 8.66372e-05
1.26846 1.91919 1.00011 9.54011e-05 7.74549e-05
1.28859 1.91919 1.0001 8.65983e-05 6.90943e-05
1.30872 1.91919 1.00009 7.84139e-05 6.15026e-05
1.32886 1.91919 1.00008 7.08302e-05 5.46276e-05
1.34899 1.91919 1.00007 6.38263e-05 4.8418e-05
1.36913 1.91919 1.00006 5.73785e-05 4.28241e-05
1.38926 1.91919 1.00005 5.14613e-05 3.77978e-05
1.4094 1.91919 1.00005 4.60476e-05 3.32929e-05
1.42953 1.91919 1.00004 4.11094e-05 2.92654e-05
1.44966 1.91919 1.00004 3.6618e-05 2.56735e-05
1.4698 1.91919 1.00003 3.25448e-05 2.24778e-05
1.48993 1.91919 1.00003 2.88612e-05 1.96413e-05
1.51007 1.91919 1.00002 2.5539e-05 1.71296e-05
1.5302 1.91919 1.00002 2.25509e-05 1.49106e-05
1.55034 1.91919 1.00002 1.98703e-05 1.29546e-05
1.57047 1.91919 1.00002 1.74718e-05 1.12343e-05
1.5906 1.91919 1.00001 1.53313e-05 9.72454e-06
1.61074 1.91919 1.00001 1.34256e-05 8.40242e-06
1.63087 1.91919 1.00001 1.17333e-05 7.24707e-06
1.65101 1.91919 1.00001 1.0234e-05 6.23956e-06
1.67114 1.91919 1.00001 8.90887e-06 5.36276e-06
1.69128 1.91919 1.00001 7.74037e-06 4.60125e-06
1.71141 1.91919 1.00001 6.71234e-06 3.94118e-06
1.73154 1.91919 1 5.80992e-06 3.37014e-06
1.75168 1.91919 1 5.0195e-06 2.87708e-06
1.77181 1.91919 1 4.32869e-06 2.45214e-06
1.79195 1.91919 1 3.72621e-06 2.0866e-06
1.81208 1.91919 1 3.20188e-06 1.77273e-06
1.83221 1.91919 1 2.74648e-06 1.5037e-06
1.85235 1.91919 1 2.35177e-06 1.27352e-06
1.87248 1.91919 1 2.01033e-06 1.07692e-06
1.89262 1.91919 1 1.71555e-06 9.09289e-07
1.91275 1.91919 1 1.46155e-06 7.66603e-07
1.93289 1.91919 1 1.2431e-06 6.4535e-07
1.95302 1.91919 1 1.05558e-06 5.42482e-07
1.97315 1.91919 1 8.94898e-07 4.55351e-07
1.99329 1.91919 1 7.57472e-07 3.81668e-07
2.01342 1.91919 1 6.40142e-07 3.19456e-07
2.03356 1.91919 1 5.40147e-07 2.67011e-07
2.05369 1.91919 1 4.55072e-07 2.22867e-07
2.07383 1.91919 1 3.82816e-07 1.85767e-07
2.09396 1.91919 1 3.2155e-07 1.54633e-07
2.11409 1.91919 1 2.6969e-07 1.28544e-07
2.13423 1.91919 1 2.25862e-07 1.06716e-07
2.15436 1.91919 1 1.88884e-07 8.84777e-08
2.1745 1.91919 1 1.57734e-07 7.32613e-08
2.19463 1.91919 1 1.31534e-07 6.05838e-08
2.21477 1.91919 1 1.09533e-07 5.00363e-08
2.2349 1.91919 1 9.10859e-08 4.1273e-08
2.25503 1.91919 1 7.56419e-08 3.4002e-08
2.27517 1.91919 1 6.27316e-08 2.79774e-08
2.2953 1.91919 1 5.19551e-08 2.2992e-08
2.31544 1.91919 1 4.29729e-08 1.8872e-08
2.33557 1.91919 1 3.5497e-08 1.54718e-08
2.3557 1.91919 1 2.92837e-08 1.2669e-08
2.37584 1.91919 1 2.41269e-08 1.03618e-08
2.39597 1.91919 1 1.9853e-08 8.46486e-09
2.41611 1.91919 1 1.63157e-08 6.9072e-09
2.43624 1.91919 1 1.3392e-08 5.62971e-09
2.45638 1.91919 1 1.09786e-08 4.58329e-09
2.47651 1.91919 1 8.98919e-09 3.72717e-09
2.49664 1.91919 1 7.35139e-09 3.0276e-09
2.51678 1.91919 1 6.0048e-09 2.45662e-09
2.53691 1.91919 1 4.89905e-09 1.99114e-09
2.55705 1.91919 1 3.99222e-09 1.61212e-09
2.57718 1.91919 1 3.24945e-09 1.30384e-09
2.59732 1.91919 1 2.6418e-09 1.05341e-09
2.61745 1.91919 1 2.1453e-09 8.50183e-10
2.63758 1.91919 1 1.74009e-09 6.8546e-10
2.65772 1.91919 1 1.40977e-09 5.52093e-10
2.67785 1.91919 1 1.1408e-09 4.44234e-10
2.69799 1.91919 1 9.22015e-10 3.57103e-10
2.71812 1.91919 1 7.4423e-10 2.86793e-10
2.73826 1.91919 1 5.99887e-10 2.3012e-10
2.75839 1.91919 1 4.82778e-10 1.84487e-10
2.77852 1.91919 1 3.87806e-10 1.47779e-10
2.79866 1.91919 1 3.1079e-10 1.18276e-10
2.81879 1.91919 1 2.48297e-10 9.45719e-11
2.83893 1.91919 1 1.9751e-10 7.55214e-11
2.85906 1.91919 1 1.56107e-10 6.01809e-11
2.87919 1.91919 1 1.22169e-10 4.77654e-11
2.89933 1.91919 1 9.40978e-11 3.76066e-11
2.91946 1.91919 1 7.05431e-11 2.91119e-11
2.9396 1.91919 1 5.03436e-11 2.17223e-11
2.95973 1.91919 1 3.24719e-11 1.4863e-11
2.97987 1.91919 1 1.59872e-11 7.88499e-12
3 1.91919 1 0 0

0 1.93939 1.00044 0 0
0.0201342 1.93939 1.00052 -6.50072e-05 9.41414e-05
0.0402685 1.93939 1.00061 -0.000114134 0.000174165
0.0604027 1.93939 1.00071 -0.000149431 0.000243883
0.0805369 1.93939 1.00081 -0.000173199 0.000305971
0.100671 1.93939 1.0009 -0.000187395 0.000362116
0.120805 1.93939 1.00099 -0.000193592 0.000413357
0.14094 1.93939 1.00108 -0.00019305 0.000460332
0.161074 1.93939 1.00116 -0.000186791 0.000503437
0.181208 1.93939 1.00123 -0.000175664 0.000542913
0.201342 1.93939 1.0013 -0.000160401 0.000578912
0.221477 1.93939 1.00137 -0.000141641 0.000611522
0.241611 1.93939 1.00142 -0.000119964 0.000640798
0.261745 1.93939 1.00147 -9.58988e-05 0.000666774
0.281879 1.93939 1.00152 -6.99402e-05 0.000689472
0.302013 1.93939 1.00155 -4.25515e-05 0.000708914
0.322148 1.93939 1.00158 -1.41704e-05 0.000725126
0.342282 1.93939 1.0016 1.47906e-05 0.000738142
0.362416 1.93939 1.00162 4.39429e-05 0.000748008
0.38255 1.93939 1.00162 7.29229e-05 0.000754783
0.402685 1.93939 1.00163 0.000101393 0.000758542
0.422819 1.93939 1.00162 0.000129045 0.000759375
0.442953 1.93939 1.00161 0.000155596 0.000757388
0.463087 1.93939 1.00159 0.000180798 0.000752703
0.483221 1.93939 1.00157 0.000204432 0.000745456
0.503356 1.93939 1.00154 0.000226313 0.000735797
0.52349 1.93939 1.00151 0.000246289 0.000723887
0.543624 1.93939 1.00147 0.00026424 0.000709897
0.563758 1.93939 1.00143 0.000280079 0.000694006
0.583893 1.93939 1.00139 0.000293751 0.0006764
0.604027 1.93939 1.00134 0.000305229 0.000657268
0.624161 1.93939 1.00129 0.000314518 0.0006368
0.644295 1.93939 1.00124 0.000321646 0.000615188
0.66443 1.93939 1.00119 0.000326665 0.000592622
0.684564 1.93939 1.00114 0.000329651 0.000569287
0.704698 1.93939 1.00108 0.000330695 0.000545362
0.724832 1.93939 1.00103 0.000329908 0.000521021
0.744966 1.93939 1.00097 0.000327409 0.00049643
0.765101 1.93939 1.00092 0.000323332 0.000471743
0.785235 1.93939 1.00087 0.000317815 0.000447108
0.805369 1.93939 1.00081 0.000311004 0.000422657
0.825503 1.93939 1.00076 0.000303046 0.000398516
0.845638 1.93939 1.00071 0.000294088 0.000374796
0.865772 1.93939 1.00066 0.000284276 0.000351597
0.885906 1.93939 1.00062 0.000273752 0.000329007
0.90604 1.93939 1.00057 0.000262656 0.000307102
0.926174 1.93939 1.00053 0.000251117 0.000285948
0.946309 1.93939 1.00049 0.000239261 0.000265597
0.966443 1.93939 1.00045 0.000227203 0.000246093
0.986577 1.93939 1.00041 0.000215051 0.00022747
1.00671 1.93939 1.00038 0.000202903 0.000209749
1.02685 1.93939 1.00035 0.000190847 0.000192946
1.04698 1.93939 1.00032 0.000178963 0.000177066
1.06711 1.93939 1.00029 0.000167321 0.000162109
1.08725 1.93939 1.00026 0.00015598 0.000148067
1.10738 1.93939 1.00024 0.000144991 0.000134925
1.12752 1.93939 1.00022 0.000134398 0.000122663
1.14765 1.93939 1.00019 0.000124234 0.000111259
1.16779 1.93939 1.00017 0.000114527 0.000100684
1.18792 1.93939 1.00016 0.000105295 9.09065e-05
1.20805 1.93939 1.00014 9.65518e-05 8.18932e-05
1.22819 1.93939 1.00013 8.83044e-05 7.36083e-05
1.24832 1.93939 1.00011 8.05543e-05 6.60145e-05
1.26846 1.93939 1.0001 7.32985e-05 5.90736e-05
1.28859 1.93939 1.00009 6.65297e-05 5.27471e-05
1.30872 1.93939 1.00008 6.02372e-05 4.69962e-05
1.32886 1.93939 1.00007 5.44072e-05 4.17826e-05
1.34899 1.93939 1.00006 4.90236e-05 3.70686e-05
1.36913 1.93939 1.00005 4.40679e-05 3.28174e-05
1.38926 1.93939 1.00005 3.95205e-05 2.89934e-05
1.4094 1.93939 1.00004 3.53605e-05 2.55624e-05
1.42953 1.93939 1.00004 3.15663e-05 2.24917e-05
1.44966 1.93939 1.00003 2.81157e-05 1.97501e-05
1.4698 1.93939 1.00003 2.49866e-05 1.73083e-05
1.48993 1.93939 1.00002 2.21571e-05 1.51387e-05
1.51007 1.93939 1.00002 1.96054e-05 1.32154e-05
1.5302 1.93939 1.00002 1.73104e-05 1.15144e-05
1.55034 1.93939 1.00002 1.52519e-05 1.00134e-05
1.57047 1.93939 1.00001 1.34101e-05 8.69183e-06
1.5906 1.93939 1.00001 1.17665e-05 7.53081e-06
1.61074 1.93939 1.00001 1.03034e-05 6.51301e-06
1.63087 1.93939 1.00001 9.00409e-06 5.62267e-06
1.65101 1.93939 1.00001 7.8531e-06 4.84544e-06
1.67114 1.93939 1.00001 6.83586e-06 4.16835e-06
1.69128 1.93939 1.00001 5.93893e-06 3.57968e-06
1.71141 1.93939 1 5.14987e-06 3.06891e-06
1.73154 1.93939 1 4.45727e-06 2.62659e-06
1.75168 1.93939 1 3.85066e-06 2.24428e-06
1.77181 1.93939 1 3.32053e-06 1.91447e-06
1.79195 1.93939 1 2.85822e-06 1.63049e-06
1.81208 1.93939 1 2.45588e-06 1.3864e-06
1.83221 1.93939 1 2.10647e-06 1.177e-06
1.85235 1.93939 1 1.80364e-06 9.97655e-07
1.87248 1.93939 1 1.54169e-06 8.44336e-07
1.89262 1.93939 1 1.31556e-06 7.13489e-07
1.91275 1.93939 1 1.12072e-06 6.0201e-07
1.93289 1.93939 1 9.53156e-07 5.07193e-07
1.95302 1.93939 1 8.09325e-07 4.2668e-07
1.97315 1.93939 1 6.86093e-07 3.58425e-07
1.99329 1.93939 1 5.80699e-07 3.00654e-07
2.01342 1.93939 1 4.90722e-07 2.51836e-07
2.03356 1.93939 1 4.14044e-07 2.10648e-07
2.05369 1.93939 1 3.48811e-07 1.7595e-07
2.07383 1.93939 1 2.9341e-07 1.46766e-07
2.09396 1.93939 1 2.46438e-07 1.22255e-07
2.11409 1.93939 1 2.0668e-07 1.017e-07
2.13423 1.93939 1 1.73082e-07 8.44877e-08
2.15436 1.93939 1 1.44736e-07 7.00959e-08
2.1745 1.93939 1 1.2086e-07 5.80795e-08
2.19463 1.93939 1 1.00779e-07 4.80607e-08
2.21477 1.93939 1 8.39173e-08 3.97191e-08
2.2349 1.93939 1 6.97802e-08 3.27837e-08
2.25503 1.93939 1 5.79452e-08 2.70252e-08
2.27517 1.93939 1 4.80524e-08 2.22504e-08
2.2953 1.93939 1 3.97953e-08 1.82967e-08
2.31544 1.93939 1 3.29134e-08 1.50271e-08
2.33557 1.93939 1 2.71859e-08 1.23268e-08
2.3557 1.93939 1 2.2426e-08 1.00997e-08
2.37584 1.93939 1 1.84758e-08 8.26508e-09
2.39597 1.93939 1 1.5202e-08 6.75578e-09
2.41611 1.93939 1 1.24926e-08 5.51567e-09
2.43624 1.93939 1 1.02534e-08 4.49799e-09
2.45638 1.93939 1 8.40512e-09 3.66389e-09
2.47651 1.93939 1 6.88164e-09 2.98108e-09
2.49664 1.93939 1 5.62749e-09 2.4228e-09
2.51678 1.93939 1 4.5964e-09 1.96688e-09
2.53691 1.93939 1 3.74978e-09 1.595e-09
2.55705 1.93939 1 3.0555e-09 1.29202e-09
2.57718 1.93939 1 2.48686e-09 1.04547e-09
2.59732 1.93939 1 2.0217e-09 8.4506e-10
2.61745 1.93939 1 1.64164e-09 6.82351e-10
2.63758 1.93939 1 1.33149e-09 5.504e-10
2.65772 1.93939 1 1.07867e-09 4.43514e-10
2.67785 1.93939 1 8.72823e-10 3.57029e-10
2.69799 1.93939 1 7.05394e-10 2.8713e-10
2.71812 1.93939 1 5.6935e-10 2.307e-10
2.73826 1.93939 1 4.58905e-10 1.85195e-10
2.75839 1.93939 1 3.69306e-10 1.4854e-10
2.77852 1.93939 1 2.96651e-10 1.19043e-10
2.79866 1.93939 1 2.37741e-10 9.53282e-11
2.81879 1.93939 1 1.89948e-10 7.62722e-11
2.83893 1.93939 1 1.51116e-10 6.09574e-11
2.85906 1.93939 1 1.1947e-10 4.86291e-11
2.87919 1.93939 1 9.35412e-11 3.86593e-11
2.89933 1.93939 1 7.21058e-11 3.05124e-11
2.91946 1.93939 1 5.4128e-11 2.37116e-11
2.9396 1.93939 1 3.87112e-11 1.78006e-11
2.95973 1.93939 1 2.50512e-11 1.22947e-11
2.97987 1.93939 1 1.23931e-11 6.61468e-12
3 1.93939 1 0 0

0 1.9596 1.00036 0 0
0.0201342 1.9596 1.00045 -5.26488e-05 6.75713e-05
0.0402685 1.9596 1.00055 -9.00365e-05 0.000121077
0.0604027 1.9596 1.00066 -0.000115566 0.00016619
0.0805369 1.9596 1.00076 -0.000132023 0.000205896
0.100671 1.9596 1.00086 -0.000141359 0.000241696
0.120805 1.9596 1.00096 -0.000144952 0.000274387
0.14094 1.9596 1.00105 -0.000143811 0.000304408
0.161074 1.9596 1.00113 -0.00013871 0.000332014
0.181208 1.9596 1.00121 -0.00013027 0.000357353
0.201342 1.9596 1.00128 -0.000119007 0.000380511
0.221477 1.9596 1.00134 -0.00010537 0.000401537
0.241611 1.9596 1.0014 -8.97606e-05 0.000420458
0.261745 1.9596 1.00145 -7.25431e-05 0.00043729
0.281879 1.9596 1.00149 -5.4057e-05 0.000452041
0.302013 1.9596 1.00153 -3.46205e-05 0.000464721
0.322148 1.9596 1.00156 -1.45335e-05 0.000475342
0.342282 1.9596 1.00158 5.92063e-06 0.000483922
0.362416 1.9596 1.00159 2.64753e-05 0.000490486
0.38255 1.9596 1.0016 4.68809e-05 0.000495068
0.402685 1.9596 1.0016 6.69055e-05 0.000497711
0.422819 1.9596 1.00159 8.63365e-05 0.000498469
0.442953 1.9596 1.00158 0.000104981 0.000497407
0.463087 1.9596 1.00156 0.000122667 0.000494598
0.483221 1.9596 1.00154 0.000139246 0.000490126
0.503356 1.9596 1.00151 0.00015459 0.000484084
0.52349 1.9596 1.00148 0.000168594 0.000476571
0.543624 1.9596 1.00144 0.000181178 0.000467694
0.563758 1.9596 1.0014 0.000192283 0.000457566
0.583893 1.9596 1.00135 0.00020187 0.000446303
0.604027 1.9596 1.00131 0.000209924 0.000434027
0.624161 1.9596 1.00126 0.000216449 0.000420857
0.644295 1.9596 1.00121 0.000221464 0.000406917
0.66443 1.9596 1.00115 0.000225009 0.000392328
0.684564 1.9596 1.0011 0.000227136 0.00037721
0.704698 1.9596 1.00105 0.00022791 0.000361678
0.724832 1.9596 1.00099 0.000227408 0.000345846
0.744966 1.9596 1.00094 0.000225716 0.000329822
0.765101 1.9596 1.00089 0.000222925 0.000313708
0.785235 1.9596 1.00083 0.000219133 0.000297599
0.805369 1.9596 1.00078 0.000214443 0.000281586
0.825503 1.9596 1.00073 0.000208955 0.000265749
0.845638 1.9596 1.00068 0.000202773 0.000250165
0.865772 1.9596 1.00064 0.000195999 0.0002349
0.885906 1.9596 1.00059 0.000188732 0.000220014
0.90604 1.9596 1.00055 0.000181068 0.000205559
0.926174 1.9596 1.0005 0.000173098 0.000191579
0.946309 1.9596 1.00047 0.000164909 0.000178113
0.966443 1.9596 1.00043 0.000156582 0.000165189
0.986577 1.9596 1.00039 0.00014819 0.000152832
1.00671 1.9596 1.00036 0.000139801 0.000141059
1.02685 1.9596 1.00033 0.000131478 0.000129882
1.04698 1.9596 1.0003 0.000123275 0.000119306
1.06711 1.9596 1.00027 0.000115239 0.000109332
1.08725 1.9596 1.00025 0.000107413 9.99562e-05
1.10738 1.9596 1.00022 9.98314e-05 9.11712e-05
1.12752 1.9596 1.0002 9.25242e-05 8.29653e-05
1.14765 1.9596 1.00018 8.55146e-05 7.5324e-05
1.16779 1.9596 1.00016 7.8821e-05 6.82299e-05
1.18792 1.9596 1.00015 7.24566e-05 6.16634e-05
1.20805 1.9596 1.00013 6.64304e-05 5.56032e-05
1.22819 1.9596 1.00012 6.07469e-05 5.00263e-05
1.24832 1.9596 1.0001 5.54072e-05 4.49087e-05
1.26846 1.9596 1.00009 5.0409e-05 4.02259e-05
1.28859 1.9596 1.00008 4.57472e-05 3.59528e-05
1.30872 1.9596 1.00007 4.14143e-05 3.2064e-05
1.32886 1.9596 1.00006 3.74007e-05 2.85347e-05
1.34899 1.9596 1.00006 3.3695e-05 2.53399e-05
1.36913 1.9596 1.00005 3.02845e-05 2.24556e-05
1.38926 1.9596 1.00004 2.71556e-05 1.98582e-05
1.4094 1.9596 1.00004 2.42937e-05 1.75252e-05
1.42953 1.9596 1.00003 2.16839e-05 1.54348e-05
1.44966 1.9596 1.00003 1.93109e-05 1.35665e-05
1.4698 1.9596 1.00003 1.71594e-05 1.19006e-05
1.48993 1.9596 1.00002 1.52141e-05 1.04188e-05
1.51007 1.9596 1.00002 1.34602e-05 9.10377e-06
1.5302 1.9596 1.00002 1.1883e-05 7.93949e-06
1.55034 1.9596 1.00001 1.04684e-05 6.911e-06
1.57047 1.9596 1.00001 9.20308e-06 6.00449e-06
1.5906 1.9596 1.00001 8.07403e-06 5.20726e-06
1.61074 1.9596 1.00001 7.06912e-06 4.50763e-06
1.63087 1.9596 1.00001 6.17688e-06 3.89498e-06
1.65101 1.9596 1.00001 5.38659e-06 3.35961e-06
1.67114 1.9596 1.00001 4.68825e-06 2.89273e-06
1.69128 1.9596 1.00001 4.07258e-06 2.48641e-06
1.71141 1.9596 1 3.53104e-06 2.13351e-06
1.73154 1.9596 1 3.05576e-06 1.82759e-06
1.75168 1.9596 1 2.63956e-06 1.56292e-06
1.77181 1.9596 1 2.27588e-06 1.33438e-06
1.79195 1.9596 1 1.95876e-06 1.13739e-06
1.81208 1.9596 1 1.68283e-06 9.67927e-07
1.83221 1.9596 1 1.44323e-06 8.22399e-07
1.85235 1.9596 1 1.23559e-06 6.97652e-07
1.87248 1.9596 1 1.05602e-06 5.90908e-07
1.89262 1.9596 1 9.0101e-07 4.99727e-07
1.91275 1.9596 1 7.67472e-07 4.21974e-07
1.93289 1.9596 1 6.52647e-07 3.55784e-07
1.95302 1.9596 1 5.54097e-07 2.99532e-07
1.97315 1.9596 1 4.69671e-07 2.51803e-07
1.99329 1.9596 1 3.97476e-07 2.11372e-07
2.01342 1.9596 1 3.35849e-07 1.77179e-07
2.03356 1.9596 1 2.83338e-07 1.48306e-07
2.05369 1.9596 1 2.3867e-07 1.23964e-07
2.07383 1.9596 1 2.00739e-07 1.03473e-07
2.09396 1.9596 1 1.68584e-07 8.62508e-08
2.11409 1.9596 1 1.4137e-07 7.17971e-08
2.13423 1.9596 1 1.18375e-07 5.96851e-08
2.15436 1.9596 1 9.89777e-08 4.95502e-08
2.1745 1.9596 1 8.26404e-08 4.10821e-08
2.19463 1.9596 1 6.89022e-08 3.40166e-08
2.21477 1.9596 1 5.73675e-08 2.81299e-08
2.2349 1.9596 1 4.76978e-08 2.32321e-08
2.25503 1.9596 1 3.96038e-08 1.91628e-08
2.27517 1.9596 1 3.28388e-08 1.57864e-08
2.2953 1.9596 1 2.7193e-08 1.29888e-08
2.31544 1.9596 1 2.2488e-08 1.06737e-08
2.33557 1.9596 1 1.85728e-08 8.76065e-09
2.3557 1.9596 1 1.53193e-08 7.18176e-09
2.37584 1.9596 1 1.26196e-08 5.88038e-09
2.39597 1.9596 1 1.03824e-08 4.80911e-09
2.41611 1.9596 1 8.53111e-09 3.92838e-09
2.43624 1.9596 1 7.00122e-09 3.20522e-09
2.45638 1.9596 1 5.73861e-09 2.61217e-09
2.47651 1.9596 1 4.69797e-09 2.12641e-09
2.49664 1.9596 1 3.8414e-09 1.72903e-09
2.51678 1.9596 1 3.13725e-09 1.40434e-09
2.53691 1.9596 1 2.55914e-09 1.13936e-09
2.55705 1.9596 1 2.08511e-09 9.2336e-10
2.57718 1.9596 1 1.6969e-09 7.47498e-10
2.59732 1.9596 1 1.37936e-09 6.04481e-10
2.61745 1.9596 1 1.11995e-09 4.8831e-10
2.63758 1.9596 1 9.08272e-10 3.94054e-10
2.65772 1.9596 1 7.35745e-10 3.17666e-10
2.67785 1.9596 1 5.95284e-10 2.55829e-10
2.69799 1.9596 1 4.81052e-10 2.0583e-10
2.71812 1.9596 1 3.88242e-10 1.65448e-10
2.73826 1.9596 1 3.12905e-10 1.3287e-10
2.75839 1.9596 1 2.51796e-10 1.06618e-10
2.77852 1.9596 1 2.0225e-10 8.54858e-11
2.79866 1.9596 1 1.62084e-10 6.84918e-11
2.81879 1.9596 1 1.29506e-10 5.48347e-11
2.83893 1.9596 1 1.03044e-10 4.38598e-11
2.85906 1.9596 1 8.1489e-11 3.50293e-11
2.87919 1.9596 1 6.38393e-11 2.78956e-11
2.89933 1.9596 1 4.92606e-11 2.20774e-11
2.91946 1.9596 1 3.70459e-11 1.72344e-11
2.9396 1.9596 1 2.65784e-11 1.30368e-11
2.95973 1.9596 1 1.7293e-11 9.1212e-12
2.97987 1.9596 1 8.63257e-12 5.01444e-12
3 1.9596 1 0 0

0 1.9798 1.00025 0 0
0.0201342 1.9798 1.00038 -3.41675e-05 3.8184e-05
0.0402685 1.9798 1.00049 -5.51367e-05 6.42721e-05
0.0604027 1.9798 1.00061 -6.84951e-05 8.55924e-05
0.0805369 1.9798 1.00073 -7.66247e-05 0.000104309
0.100671 1.9798 1.00083 -8.09044e-05 0.000121246
0.120805 1.9798 1.00093 -8.21756e-05 0.000136779
0.14094 1.9798 1.00103 -8.10072e-05 0.000151102
0.161074 1.9798 1.00112 -7.78147e-05 0.00016432
0.181208 1.9798 1.0012 -7.29225e-05 0.000176492
0.201342 1.9798 1.00127 -6.65979e-05 0.000187649
0.221477 1.9798 1.00134 -5.90711e-05 0.000197808
0.241611 1.9798 1.0014 -5.05469e-05 0.000206977
0.261745 1.9798 1.00145 -4.12125e-05 0.00021516
0.281879 1.9798 1.00149 -3.1242e-05 0.000222357
0.302013 1.9798 1.00153 -2.07988e-05 0.00022857
0.322148 1.9798 1.00155 -1.00377e-05 0.000233803
0.342282 1.9798 1.00157 8.95067e-07 0.000238062
0.362416 1.9798 1.00159 1.18616e-05 0.000241356
0.38255 1.9798 1.00159 2.27326e-05 0.000243699
0.402685 1.9798 1.00159 3.33878e-05 0.00024511
0.422819 1.9798 1.00159 4.37166e-05 0.000245612
0.442953 1.9798 1.00157 5.36192e-05 0.000245233
0.463087 1.9798 1.00155 6.30063e-05 0.000244007
0.483221 1.9798 1.00153 7.18003e-05 0.000241972
0.503356 1.9798 1.0015 7.99354e-05 0.00023917
0.52349 1.9798 1.00146 8.73576e-05 0.000235646
0.543624 1.9798 1.00143 9.40251e-05 0.00023145
0.563758 1.9798 1.00138 9.99077e-05 0.000226636
0.583893 1.9798 1.00134 0.000104987 0.000221258
0.604027 1.9798 1.00129 0.000109254 0.000215371
0.624161 1.9798 1.00124 0.000112713 0.000209036
0.644295 1.9798 1.00119 0.000115374 0.000202308
0.66443 1.9798 1.00113 0.00011726 0.000195248
0.684564 1.9798 1.00108 0.000118397 0.000187913
0.704698 1.9798 1.00102 0.000118822 0.000180358
0.724832 1.9798 1.00097 0.000118574 0.00017264
0.744966 1.9798 1.00092 0.000117701 0.000164811
0.765101 1.9798 1.00086 0.000116249 0.000156921
0.785235 1.9798 1.00081 0.000114272 0.000149019
0.805369 1.9798 1.00076 0.000111822 0.000141147
0.825503 1.9798 1.00071 0.000108954 0.000133348
0.845638 1.9798 1.00066 0.000105723 0.000125659
0.865772 1.9798 1.00061 0.000102181 0.000118115
0.885906 1.9798 1.00057 9.83813e-05 0.000110745
0.90604 1.9798 1.00053 9.43742e-05 0.000103576
0.926174 1.9798 1.00048 9.02079e-05 9.66324e-05
0.946309 1.9798 1.00045 8.59274e-05 8.99328e-05
0.966443 1.9798 1.00041 8.15752e-05 8.34935e-05
0.986577 1.9798 1.00037 7.71903e-05 7.73274e-05
1.00671 1.9798 1.00034 7.28083e-05 7.1444e-05
1.02685 1.9798 1.00031 6.84613e-05 6.58503e-05
1.04698 1.9798 1.00028 6.41778e-05 6.055e-05
1.06711 1.9798 1.00026 5.99831e-05 5.55446e-05
1.08725 1.9798 1.00023 5.58987e-05 5.08331e-05
1.10738 1.9798 1.00021 5.19431e-05 4.64126e-05
1.12752 1.9798 1.00019 4.81315e-05 4.2278e-05
1.14765 1.9798 1.00017 4.44762e-05 3.84229e-05
1.16779 1.9798 1.00015 4.09865e-05 3.48394e-05
1.18792 1.9798 1.00014 3.76693e-05 3.15181e-05
1.20805 1.9798 1.00012 3.45292e-05 2.84492e-05
1.22819 1.9798 1.00011 3.15685e-05 2.56215e-05
1.24832 1.9798 1.0001 2.87876e-05 2.30235e-05
1.26846 1.9798 1.00009 2.61853e-05 2.06434e-05
1.28859 1.9798 1.00008 2.37587e-05 1.84689e-05
1.30872 1.9798 1.00007 2.15039e-05 1.64876e-05
1.32886 1.9798 1.00006 1.94158e-05 1.46873e-05
1.34899 1.9798 1.00005 1.74884e-05 1.30558e-05
1.36913 1.9798 1.00005 1.5715e-05 1.15811e-05
1.38926 1.9798 1.00004 1.40884e-05 1.02516e-05
1.4094 1.9798 1.00004 1.2601e-05 9.05605e-06
1.42953 1.9798 1.00003 1.12449e-05 7.98361e-06
1.44966 1.9798 1.00003 1.00122e-05 7.02398e-06
1.4698 1.9798 1.00002 8.89486e-06 6.16739e-06
1.48993 1.9798 1.00002 7.88486e-06 5.40459e-06
1.51007 1.9798 1.00002 6.97441e-06 4.72692e-06
1.5302 1.9798 1.00002 6.1559e-06 4.12626e-06
1.55034 1.9798 1.00001 5.42199e-06 3.59509e-06
1.57047 1.9798 1.00001 4.76563e-06 3.12641e-06
1.5906 1.9798 1.00001 4.18012e-06 2.71378e-06
1.61074 1.9798 1.00001 3.65911e-06 2.35129e-06
1.63087 1.9798 1.00001 3.19662e-06 2.03354e-06
1.65101 1.9798 1.00001 2.78707e-06 1.75558e-06
1.67114 1.9798 1.00001 2.42525e-06 1.51293e-06
1.69128 1.9798 1 2.10634e-06 1.30155e-06
1.71141 1.9798 1 1.82589e-06 1.11777e-06
1.73154 1.9798 1 1.57982e-06 9.58309e-07
1.75168 1.9798 1 1.36437e-06 8.20212e-07
1.77181 1.9798 1 1.17616e-06 7.00849e-07
1.79195 1.9798 1 1.01208e-06 5.97874e-07
1.81208 1.9798 1 8.69341e-07 5.09201e-07
1.83221 1.9798 1 7.45422e-07 4.32984e-07
1.85235 1.9798 1 6.38057e-07 3.67592e-07
1.87248 1.9798 1 5.45222e-07 3.11587e-07
1.89262 1.9798 1 4.65106e-07 2.63707e-07
1.91275 1.9798 1 3.96099e-07 2.22842e-07
1.93289 1.9798 1 3.36775e-07 1.88025e-07
1.95302 1.9798 1 2.8587e-07 1.58411e-07
1.97315 1.9798 1 2.42269e-07 1.33263e-07
1.99329 1.9798 1 2.04992e-07 1.11944e-07
2.01342 1.9798 1 1.73179e-07 9.38996e-08
2.03356 1.9798 1 1.46076e-07 7.8651e-08
2.05369 1.9798 1 1.23026e-07 6.57854e-08
2.07383 1.9798 1 1.03456e-07 5.49473e-08
2.09396 1.9798 1 8.68689e-08 4.58311e-08
2.11409 1.9798 1 7.28336e-08 3.8175e-08
2.13423 1.9798 1 6.09767e-08 3.17547e-08
2.15436 1.9798 1 5.09762e-08 2.63787e-08
2.1745 1.9798 1 4.25551e-08 2.18837e-08
2.19463 1.9798 1 3.54749e-08 1.81308e-08
2.21477 1.9798 1 2.95314e-08 1.50019e-08
2.2349 1.9798 1 2.45498e-08 1.2397e-08
2.25503 1.9798 1 2.03806e-08 1.02313e-08
2.27517 1.9798 1 1.68966e-08 8.43321e-09
2.2953 1.9798 1 1.39895e-08 6.94245e-09
2.31544 1.9798 1 1.15672e-08 5.70813e-09
2.33557 1.9798 1 9.55186e-09 4.68749e-09
2.3557 1.9798 1 7.87743e-09 3.84467e-09
2.37584 1.9798 1 6.48821e-09 3.14958e-09
2.39597 1.9798 1 5.33721e-09 2.57709e-09
2.41611 1.9798 1 4.38489e-09 2.10616e-09
2.43624 1.9798 1 3.59802e-09 1.71927e-09
2.45638 1.9798 1 2.94872e-09 1.40182e-09
2.47651 1.9798 1 2.41366e-09 1.14167e-09
2.49664 1.9798 1 1.9733e-09 9.2874e-10
2.51678 1.9798 1 1.61136e-09 7.54672e-10
2.53691 1.9798 1 1.31425e-09 6.12544e-10
2.55705 1.9798 1 1.07066e-09 4.96633e-10
2.57718 1.9798 1 8.71204e-10 4.02216e-10
2.59732 1.9798 1 7.08083e-10 3.25398e-10
2.61745 1.9798 1 5.7484e-10 2.6297e-10
2.63758 1.9798 1 4.6613e-10 2.12296e-10
2.65772 1.9798 1 3.77539e-10 1.7121e-10
2.67785 1.9798 1 3.05425e-10 1.37937e-10
2.69799 1.9798 1 2.46785e-10 1.11022e-10
2.71812 1.9798 1 1.99149e-10 8.92754e-11
2.73826 1.9798 1 1.60487e-10 7.17249e-11
2.75839 1.9798 1 1.29132e-10 5.75773e-11
2.77852 1.9798 1 1.03715e-10 4.61856e-11
2.79866 1.9798 1 8.31139e-11 3.70226e-11
2.81879 1.9798 1 6.64097e-11 2.96582e-11
2.83893 1.9798 1 5.28471e-11 2.37412e-11
2.85906 1.9798 1 4.18054e-11 1.8983e-11
2.87919 1.9798 1 3.2772e-11 1.5144e-11
2.89933 1.9798 1 2.53199e-11 1.20207e-11
2.91946 1.9798 1 1.90876e-11 9.43185e-12
2.9396 1.9798 1 1.37581e-11 7.20111e-12
2.95973 1.9798 1 9.03397e-12 5.12821e-12
2.97987 1.9798 1 4.5965e-12 2.92232e-12
3 1.9798 1 0 0

0 2 1 0 0
0.0201342 2 1.00027 0 0
0.0402685 2 1.00044 0 0
0.0604027 2 1.00058 0 0
0.0805369 2 1.00071 0 0
0.100671 2 1.00082 0 0
0.120805 2 1.00093 0 0
0.14094 2 1.00103 0 0
0.161074 2 1.00112 0 0
0.181208 2 1.00121 0 0
0.201342 2 1.00128 0 0
0.221477 2 1.00135 0 0
0.241611 2 1.00141 0 0
0.261745 2 1.00147 0 0
0.281879 2 1.00151 0 0
0.302013 2 1.00155 0 0
0.322148 2 1.00157 0 0
0.342282 2 1.0016 0 0
0.362416 2 1.00161 0 0
0.38255 2 1.00161 0 0
0.402685 2 1.00161 0 0
0.422819 2 1.0016 0 0
0.442953 2 1.00159 0 0
0.463087 2 1.00157 0 0
0.483221 2 1.00154 0 0
0.503356 2 1.00151 0 0
0.52349 2 1.00147 0 0
0.543624 2 1.00143 0 0
0.563758 2 1.00139 0 0
0.583893 2 1.00134 0 0
0.604027 2 1.00129 0 0
0.624161 2 1.00124 0 0
0.644295 2 1.00118 0 0
0.66443 2 1.00113 0 0
0.684564 2 1.00107 0 0
0.704698 2 1.00102 0 0
0.724832 2 1.00096 0 0
0.744966 2 1.0009 0 0
0.765101 2 1.00085 0 0
0.785235 2 1.0008 0 0
0.805369 2 1.00074 0 0
0.825503 2 1.00069 0 0
0.845638 2 1.00065 0 0
0.865772 2 1.0006 0 0
0.885906 2 1.00055 0 0
0.90604 2 1.00051 0 0
0.926174 2 1.00047 0 0
0.946309 2 1.00043 0 0
0.966443 2 1.00039 0 0
0.986577 2 1.00036 0 0
1.00671 2 1.00033 0 0
1.02685 2 1.0003 0 0
1.04698 2 1.00027 0 0
1.06711 2 1.00025 0 0
1.08725 2 1.00022 0 0
1.10738 2 1.0002 0 0
1.12752 2 1.00018 0 0
1.14765 2 1.00016 0 0
1.16779 2 1.00014 0 0
1.18792 2 1.00013 0 0
1.20805 2 1.00011 0 0
1.22819 2 1.0001 0 0
1.24832 2 1.00009 0 0
1.26846 2 1.00008 0 0
1.28859 2 1.00007 0 0
1.30872 2 1.00006 0 0
1.32886 2 1.00005 0 0
1.34899 2 1.00005 0 0
1.36913 2 1.00004 0 0
1.38926 2 1.00004 0 0
1.4094 2 1.00003 0 0
1.42953 2 1.00003 0 0
1.44966 2 1.00002 0 0
1.4698 2 1.00002 0 0
1.48993 2 1.00002 0 0
1.51007 2 1.00002 0 0
1.5302 2 1.00001 0 0
1.55034 2 1.00001 0 0
1.57047 2 1.00001 0 0
1.5906 2 1.00001 0 0
1.61074 2 1.00001 0 0
1.63087 2 1.00001 0 0
1.65101 2 1.00001 0 0
1.67114 2 1 0 0
1.69128 2 1 0 0
1.71141 2 1 0 0
1.73154 2 1 0 0
1.75168 2 1 0 0
1.77181 2 1 0 0
1.79195 2 1 0 0
1.81208 2 1 0 0
1.83221 2 1 0 0
1.85235 2 1 0 0
1.87248 2 1 0 0
1.89262 2 1 0 0
1.91275 2 1 0 0
1.93289 2 1 0 0
1.95302 2 1 0 0
1.97315 2 1 0 0
1.99329 2 1 0 0
2.01342 2 1 0 0
2.03356 2 1 0 0
2.05369 2 1 0 0
2.07383 2 1 0 0
2.09396 2 1 0 0
2.11409 2 1 0 0
2.13423 2 1 0 0
2.15436 2 1 0 0
2.1745 2 1 0 0
2.19463 2 1 0 0
2.21477 2 1 0 0
2.2349 2 1 0 0
2.25503 2 1 0 0
2.27517 2 1 0 0
2.2953 2 1 0 0
2.31544 2 1 0 0
2.33557 2 1 0 0
2.3557 2 1 0 0
2.37584 2 1 0 0
2.39597 2 1 0 0
2.41611 2 1 0 0
2.43624 2 1 0 0
2.45638 2 1 0 0
2.47651 2 1 0 0
2.49664 2 1 0 0
2.51678 2 1 0 0
2.53691 2 1 0 0
2.55705 2 1 0 0
2.57718 2 1 0 0
2.59732 2 1 0 0
2.61745 2 1 0 0
2.63758 2 1 0 0
2.65772 2 1 0 0
2.67785 2 1 0 0
2.69799 2 1 0 0
2.71812 2 1 0 0
2.73826 2 1 0 0
2.75839 2 1 0 0
2.77852 2 1 0 0
2.79866 2 1 0 0
2.81879 2 1 0 0
2.83893 2 1 0 0
2.85906 2 1 0 0
2.87919 2 1 0 0
2.89933 2 1 0 0
2.91946 2 1 0 0
2.9396 2 1 0 0
2.95973 2 1 0 0
2.97987 2 1 0 0
3 2 1 0 0

