0.000000 0.000000 1.000000 1.000000 0.000000
0.050847 0.000000 2.129185 0.000000 0.000000
0.101695 0.000000 3.602972 0.000000 0.000000
0.152542 0.000000 3.462954 0.000000 0.000000
0.203390 0.000000 3.564724 0.000000 0.000000
0.254237 0.000000 3.617071 0.000000 0.000000
0.305085 0.000000 3.679414 0.000000 0.000000
0.355932 0.000000 3.741682 0.000000 0.000000
0.406780 0.000000 3.807384 0.000000 0.000000
0.457627 0.000000 3.870118 0.000000 0.000000
0.508475 0.000000 3.926590 0.000000 0.000000
0.559322 0.000000 3.974368 0.000000 0.000000
0.610169 0.000000 4.011129 0.000000 0.000000
0.661017 0.000000 4.029688 0.000000 0.000000
0.711864 0.000000 4.023086 0.000000 0.000000
0.762712 0.000000 3.972637 0.000000 0.000000
0.813559 0.000000 3.864527 0.000000 0.000000
0.864407 0.000000 3.662205 0.000000 0.000000
0.915254 0.000000 3.313766 0.000000 0.000000
0.966102 0.000000 1.000000 0.000000 0.000000
1.016949 0.000000
1.067797 0.000000
1.118644 0.000000
1.169492 0.000000
1.220339 0.000000
1.271186 0.000000
1.322034 0.000000
1.372881 0.000000
1.423729 0.000000
1.474576 0.000000
1.525424 0.000000
1.576271 0.000000
1.627119 0.000000
1.677966 0.000000
1.728814 0.000000
1.779661 0.000000
1.830508 0.000000
1.881356 0.000000
1.932203 0.000000
1.983051 0.000000
2.033898 0.000000 1.000260 0.000000 0.000000
2.084746 0.000000 1.000276 -0.000056 -0.000844
2.135593 0.000000 1.000260 -0.000085 -0.001605
2.186441 0.000000 1.000231 -0.000090 -0.002272
2.237288 0.000000 1.000202 -0.000072 -0.002839
2.288136 0.000000 1.000180 -0.000036 -0.003301
2.338983 0.000000 1.000168 0.000015 -0.003657
2.389831 0.000000 1.000168 0.000074 -0.003907
2.440678 0.000000 1.000179 0.000137 -0.004055
2.491525 0.000000 1.000200 0.000199 -0.004104
2.542373 0.000000 1.000231 0.000254 -0.004059
2.593220 0.000000 1.000268 0.000299 -0.003927
2.644068 0.000000 1.000310 0.000330 -0.003711
2.694915 0.000000 1.000354 0.000345 -0.003416
2.745763 0.000000 1.000400 0.000341 -0.003045
2.796610 0.000000 1.000444 0.000317 -0.002596
2.847458 0.000000 1.000485 0.000273 -0.002069
2.898305 0.000000 1.000517 0.000205 -0.001461
2.949153 0.000000 1.000535 0.000115 -0.000770
3.000000 0.000000 1.000517 0.000000 0.000000

0.000000 0.050847 1.000000 1.000000 0.000000
0.050847 0.050847 2.886201 0.263309 0.004604
0.101695 0.050847 4.173169 0.102622 -0.010612
0.152542 0.050847 3.710969 0.104171 -0.024825
0.203390 0.050847 3.806851 0.071258 -0.030875
0.254237 0.050847 3.782053 0.056967 -0.040421
0.305085 0.050847 3.814127 0.045957 -0.047657
0.355932 0.050847 3.843645 0.040643 -0.053199
0.406780 0.050847 3.880576 0.038433 -0.057600
0.457627 0.050847 3.917153 0.038720 -0.061740
0.508475 0.050847 3.951930 0.040727 -0.066232
0.559322 0.050847 3.980473 0.043791 -0.071683
0.610169 0.050847 4.003059 0.047629 -0.078532
0.661017 0.050847 4.009785 0.051819 -0.087421
0.711864 0.050847 4.006346 0.056875 -0.098218
0.762712 0.050847 3.968453 0.062690 -0.110586
0.813559 0.050847 3.910553 0.069923 -0.121021
0.864407 0.050847 3.776799 0.074673 -0.122966
0.915254 0.050847 3.599381 0.066270 -0.098501
0.966102 0.050847 3.237310 0.000000 0.000000
1.016949 0.050847
1.067797 0.050847
1.118644 0.050847
1.169492 0.050847
1.220339 0.050847
1.271186 0.050847
1.322034 0.050847
1.372881 0.050847
1.423729 0.050847
1.474576 0.050847
1.525424 0.050847
1.576271 0.050847
1.627119 0.050847
1.677966 0.050847
1.728814 0.050847
1.779661 0.050847
1.830508 0.050847
1.881356 0.050847
1.932203 0.050847
1.983051 0.050847
2.033898 0.050847 1.000260 0.000000 0.000000
2.084746 0.050847 1.000276 -0.000056 -0.000844
2.135593 0.050847 1.000260 -0.000085 -0.001605
2.186441 0.050847 1.000231 -0.000090 -0.002272
2.237288 0.050847 1.000202 -0.000072 -0.002839
2.288136 0.050847 1.000180 -0.000036 -0.003301
2.338983 0.050847 1.000168 0.000015 -0.003657
2.389831 0.050847 1.000168 0.000074 -0.003907
2.440678 0.050847 1.000179 0.000137 -0.004055
2.491525 0.050847 1.000200 0.000199 -0.004104
2.542373 0.050847 1.000231 0.000254 -0.004059
2.593220 0.050847 1.000268 0.000299 -0.003927
2.644068 0.050847 1.000310 0.000330 -0.003711
2.694915 0.050847 1.000354 0.000345 -0.003416
2.745763 0.050847 1.000400 0.000341 -0.003045
2.796610 0.050847 1.000444 0.000317 -0.002596
2.847458 0.050847 1.000485 0.000273 -0.002069
2.898305 0.050847 1.000517 0.000205 -0.001461
2.949153 0.050847 1.000535 0.000115 -0.000770
3.000000 0.050847 1.000517 0.000000 0.000000

0.000000 0.101695 1.000000 1.000000 0.000000
0.050847 0.101695 2.302584 0.364010 0.040626
0.101695 0.101695 3.725058 0.150723 0.006003
0.152542 0.101695 3.564972 0.150684 -0.037599
0.203390 0.101695 3.584487 0.122288 -0.054777
0.254237 0.101695 3.647416 0.101123 -0.077982
0.305085 0.101695 3.700092 0.089275 -0.094527
0.355932 0.101695 3.749510 0.082972 -0.107116
0.406780 0.101695 3.797277 0.080245 -0.117423
0.457627 0.101695 3.843493 0.080143 -0.126927
0.508475 0.101695 3.886089 0.081669 -0.136625
0.559322 0.101695 3.924441 0.083805 -0.147687
0.610169 0.101695 3.956167 0.085668 -0.161040
0.661017 0.101695 3.982668 0.086827 -0.177567
0.711864 0.101695 3.998393 0.087401 -0.196982
0.762712 0.101695 4.006247 0.088158 -0.217180
0.813559 0.101695 3.992212 0.089704 -0.231030
0.864407 0.101695 3.952382 0.089488 -0.223318
0.915254 0.101695 3.840098 0.074989 -0.165163
0.966102 0.101695 3.578214 0.000000 0.000000
1.016949 0.101695
1.067797 0.101695
1.118644 0.101695
1.169492 0.101695
1.220339 0.101695
1.271186 0.101695
1.322034 0.101695
1.372881 0.101695
1.423729 0.101695
1.474576 0.101695
1.525424 0.101695
1.576271 0.101695
1.627119 0.101695
1.677966 0.101695
1.728814 0.101695
1.779661 0.101695
1.830508 0.101695
1.881356 0.101695
1.932203 0.101695
1.983051 0.101695
2.033898 0.101695 1.000447 0.000000 0.000000
2.084746 0.101695 1.000553 -0.000089 -0.000904
2.135593 0.101695 1.000624 -0.000133 -0.001705
2.186441 0.101695 1.000679 -0.000139 -0.002403
2.237288 0.101695 1.000723 -0.000114 -0.002995
2.288136 0.101695 1.000760 -0.000066 -0.003476
2.338983 0.101695 1.000792 -0.000000 -0.003846
2.389831 0.101695 1.000820 0.000075 -0.004106
2.440678 0.101695 1.000844 0.000154 -0.004258
2.491525 0.101695 1.000866 0.000231 -0.004307
2.542373 0.101695 1.000884 0.000299 -0.004259
2.593220 0.101695 1.000898 0.000354 -0.004120
2.644068 0.101695 1.000908 0.000393 -0.003895
2.694915 0.101695 1.000913 0.000413 -0.003588
2.745763 0.101695 1.000912 0.000411 -0.003202
2.796610 0.101695 1.000903 0.000387 -0.002737
2.847458 0.101695 1.000884 0.000337 -0.002189
2.898305 0.101695 1.000850 0.000259 -0.001555
2.949153 0.101695 1.000796 0.000150 -0.000828
3.000000 0.101695 1.000696 0.000000 0.000000

0.000000 0.152542 1.000000 1.000000 0.000000
0.050847 0.152542 2.272723 0.376558 0.008310
0.101695 0.152542 3.991666 0.160099 -0.029406
0.152542 0.152542 3.814993 0.180922 -0.069636
0.203390 0.152542 3.769026 0.162398 -0.093792
0.254237 0.152542 3.831208 0.142416 -0.122074
0.305085 0.152542 3.859314 0.133331 -0.144023
0.355932 0.152542 3.879406 0.127962 -0.160977
0.406780 0.152542 3.902711 0.124628 -0.175383
0.457627 0.152542 3.928253 0.122905 -0.188539
0.508475 0.152542 3.954748 0.121623 -0.201659
0.559322 0.152542 3.982732 0.119334 -0.216383
0.610169 0.152542 4.015745 0.115048 -0.234010
0.661017 0.152542 4.051124 0.108053 -0.255749
0.711864 0.152542 4.097796 0.099272 -0.281388
0.762712 0.152542 4.138470 0.090098 -0.307779
0.813559 0.152542 4.190360 0.083748 -0.324281
0.864407 0.152542 4.203233 0.078236 -0.306938
0.915254 0.152542 4.204516 0.067053 -0.221404
0.966102 0.152542 3.942312 0.000000 0.000000
1.016949 0.152542
1.067797 0.152542
1.118644 0.152542
1.169492 0.152542
1.220339 0.152542
1.271186 0.152542
1.322034 0.152542
1.372881 0.152542
1.423729 0.152542
1.474576 0.152542
1.525424 0.152542
1.576271 0.152542
1.627119 0.152542
1.677966 0.152542
1.728814 0.152542
1.779661 0.152542
1.830508 0.152542
1.881356 0.152542
1.932203 0.152542
1.983051 0.152542
2.033898 0.152542 1.000670 0.000000 0.000000
2.084746 0.152542 1.000821 -0.000131 -0.000987
2.135593 0.152542 1.000949 -0.000196 -0.001854
2.186441 0.152542 1.001059 -0.000205 -0.002605
2.237288 0.152542 1.001152 -0.000171 -0.003238
2.288136 0.152542 1.001231 -0.000104 -0.003752
2.338983 0.152542 1.001295 -0.000014 -0.004145
2.389831 0.152542 1.001345 0.000089 -0.004419
2.440678 0.152542 1.001381 0.000194 -0.004577
2.491525 0.152542 1.001405 0.000295 -0.004626
2.542373 0.152542 1.001416 0.000384 -0.004571
2.593220 0.152542 1.001416 0.000456 -0.004420
2.644068 0.152542 1.001404 0.000507 -0.004180
2.694915 0.152542 1.001382 0.000533 -0.003853
2.745763 0.152542 1.001349 0.000532 -0.003444
2.796610 0.152542 1.001304 0.000502 -0.002950
2.847458 0.152542 1.001244 0.000440 -0.002368
2.898305 0.152542 1.001167 0.000342 -0.001691
2.949153 0.152542 1.001069 0.000200 -0.000907
3.000000 0.152542 1.000931 0.000000 0.000000

0.000000 0.203390 1.000000 1.000000 0.000000
0.050847 0.203390 2.219812 0.378959 -0.019150
0.101695 0.203390 3.928903 0.159604 -0.061098
0.152542 0.203390 3.786210 0.191159 -0.102696
0.203390 0.203390 3.698725 0.182295 -0.133862
0.254237 0.203390 3.793264 0.166861 -0.167004
0.305085 0.203390 3.824606 0.164301 -0.192252
0.355932 0.203390 3.843000 0.162726 -0.211816
0.406780 0.203390 3.868160 0.160699 -0.228266
0.457627 0.203390 3.896297 0.158419 -0.242921
0.508475 0.203390 3.925491 0.154389 -0.257424
0.559322 0.203390 3.963264 0.147050 -0.273786
0.610169 0.203390 4.010931 0.135154 -0.293607
0.661017 0.203390 4.078001 0.118208 -0.318450
0.711864 0.203390 4.162440 0.097311 -0.348740
0.762712 0.203390 4.272259 0.076368 -0.381117
0.813559 0.203390 4.392906 0.062452 -0.402370
0.864407 0.203390 4.484129 0.054463 -0.378484
0.915254 0.203390 4.583991 0.051332 -0.269486
0.966102 0.203390 4.357237 0.000000 0.000000
1.016949 0.203390
1.067797 0.203390
1.118644 0.203390
1.169492 0.203390
1.220339 0.203390
1.271186 0.203390
1.322034 0.203390
1.372881 0.203390
1.423729 0.203390
1.474576 0.203390
1.525424 0.203390
1.576271 0.203390
1.627119 0.203390
1.677966 0.203390
1.728814 0.203390
1.779661 0.203390
1.830508 0.203390
1.881356 0.203390
1.932203 0.203390
1.983051 0.203390
2.033898 0.203390 1.000930 0.000000 0.000000
2.084746 0.203390 1.001136 -0.000179 -0.001103
2.135593 0.203390 1.001325 -0.000267 -0.002067
2.186441 0.203390 1.001494 -0.000279 -0.002898
2.237288 0.203390 1.001642 -0.000231 -0.003596
2.288136 0.203390 1.001765 -0.000138 -0.004159
2.338983 0.203390 1.001864 -0.000015 -0.004586
2.389831 0.203390 1.001937 0.000124 -0.004880
2.440678 0.203390 1.001986 0.000265 -0.005047
2.491525 0.203390 1.002012 0.000399 -0.005093
2.542373 0.203390 1.002016 0.000515 -0.005027
2.593220 0.203390 1.002000 0.000607 -0.004857
2.644068 0.203390 1.001966 0.000671 -0.004591
2.694915 0.203390 1.001915 0.000702 -0.004234
2.745763 0.203390 1.001849 0.000699 -0.003788
2.796610 0.203390 1.001766 0.000659 -0.003251
2.847458 0.203390 1.001666 0.000577 -0.002618
2.898305 0.203390 1.001547 0.000448 -0.001878
2.949153 0.203390 1.001405 0.000261 -0.001013
3.000000 0.203390 1.001225 0.000000 0.000000

0.000000 0.254237 1.000000 1.000000 0.000000
0.050847 0.254237 2.251597 0.360788 -0.052611
0.101695 0.254237 4.091646 0.140684 -0.117230
0.152542 0.254237 3.958524 0.187566 -0.158880
0.203390 0.254237 3.874898 0.189460 -0.192269
0.254237 0.254237 3.995402 0.183724 -0.223326
0.305085 0.254237 4.006427 0.191156 -0.245414
0.355932 0.254237 4.001936 0.195404 -0.261958
0.406780 0.254237 4.007584 0.196039 -0.275388
0.457627 0.254237 4.015537 0.193725 -0.287511
0.508475 0.254237 4.029291 0.186857 -0.300394
0.559322 0.254237 4.060025 0.173922 -0.315992
0.610169 0.254237 4.115127 0.153787 -0.335957
0.661017 0.254237 4.199058 0.125367 -0.362206
0.711864 0.254237 4.327793 0.090494 -0.396339
0.762712 0.254237 4.494531 0.055138 -0.435197
0.813559 0.254237 4.721915 0.034504 -0.463819
0.864407 0.254237 4.857915 0.026749 -0.436668
0.915254 0.254237 5.065546 0.032898 -0.307563
0.966102 0.254237 4.873962 0.000000 0.000000
1.016949 0.254237
1.067797 0.254237
1.118644 0.254237
1.169492 0.254237
1.220339 0.254237
1.271186 0.254237
1.322034 0.254237
1.372881 0.254237
1.423729 0.254237
1.474576 0.254237
1.525424 0.254237
1.576271 0.254237
1.627119 0.254237
1.677966 0.254237
1.728814 0.254237
1.779661 0.254237
1.830508 0.254237
1.881356 0.254237
1.932203 0.254237
1.983051 0.254237
2.033898 0.254237 1.001224 0.000000 0.000000
2.084746 0.254237 1.001491 -0.000231 -0.001254
2.135593 0.254237 1.001746 -0.000343 -0.002349
2.186441 0.254237 1.001977 -0.000354 -0.003290
2.237288 0.254237 1.002181 -0.000285 -0.004076
2.288136 0.254237 1.002352 -0.000157 -0.004706
2.338983 0.254237 1.002487 0.000008 -0.005180
2.389831 0.254237 1.002585 0.000193 -0.005501
2.440678 0.254237 1.002647 0.000378 -0.005677
2.491525 0.254237 1.002674 0.000550 -0.005717
2.542373 0.254237 1.002670 0.000698 -0.005632
2.593220 0.254237 1.002638 0.000813 -0.005434
2.644068 0.254237 1.002581 0.000889 -0.005131
2.694915 0.254237 1.002502 0.000924 -0.004731
2.745763 0.254237 1.002403 0.000914 -0.004234
2.796610 0.254237 1.002284 0.000856 -0.003639
2.847458 0.254237 1.002145 0.000746 -0.002937
2.898305 0.254237 1.001984 0.000576 -0.002114
2.949153 0.254237 1.001801 0.000334 -0.001145
3.000000 0.254237 1.001578 0.000000 0.000000

0.000000 0.305085 1.000000 1.000000 0.000000
0.050847 0.305085 2.322743 0.332838 -0.088815
0.101695 0.305085 4.297948 0.119281 -0.180731
0.152542 0.305085 4.106976 0.188015 -0.217727
0.203390 0.305085 4.001743 0.200129 -0.247650
0.254237 0.305085 4.103288 0.203840 -0.273383
0.305085 0.305085 4.076209 0.220008 -0.289384
0.355932 0.305085 4.044499 0.229372 -0.299546
0.406780 0.305085 4.026181 0.232013 -0.307222
0.457627 0.305085 4.015626 0.228725 -0.315249
0.508475 0.305085 4.020929 0.218270 -0.325683
0.559322 0.305085 4.056753 0.199529 -0.340019
0.610169 0.305085 4.126509 0.170790 -0.359751
0.661017 0.305085 4.243845 0.130098 -0.387343
0.711864 0.305085 4.422817 0.079161 -0.425819
0.762712 0.305085 4.679550 0.027464 -0.472913
0.813559 0.305085 5.036789 0.001058 -0.510539
0.864407 0.305085 5.243733 -0.001759 -0.482576
0.915254 0.305085 5.497641 0.015787 -0.336691
0.966102 0.305085 5.339517 0.000000 0.000000
1.016949 0.305085
1.067797 0.305085
1.118644 0.305085
1.169492 0.305085
1.220339 0.305085
1.271186 0.305085
1.322034 0.305085
1.372881 0.305085
1.423729 0.305085
1.474576 0.305085
1.525424 0.305085
1.576271 0.305085
1.627119 0.305085
1.677966 0.305085
1.728814 0.305085
1.779661 0.305085
1.830508 0.305085
1.881356 0.305085
1.932203 0.305085
1.983051 0.305085
2.033898 0.305085 1.001554 0.000000 0.000000
2.084746 0.305085 1.001892 -0.000287 -0.001445
2.135593 0.305085 1.002222 -0.000421 -0.002710
2.186441 0.305085 1.002526 -0.000425 -0.003794
2.237288 0.305085 1.002793 -0.000325 -0.004696
2.288136 0.305085 1.003017 -0.000151 -0.005413
2.338983 0.305085 1.003191 0.000069 -0.005945
2.389831 0.305085 1.003315 0.000310 -0.006298
2.440678 0.305085 1.003390 0.000548 -0.006482
2.491525 0.305085 1.003419 0.000765 -0.006511
2.542373 0.305085 1.003405 0.000947 -0.006399
2.593220 0.305085 1.003355 0.001085 -0.006161
2.644068 0.305085 1.003273 0.001172 -0.005808
2.694915 0.305085 1.003163 0.001205 -0.005349
2.745763 0.305085 1.003029 0.001181 -0.004786
2.796610 0.305085 1.002873 0.001097 -0.004116
2.847458 0.305085 1.002695 0.000949 -0.003327
2.898305 0.305085 1.002493 0.000727 -0.002400
2.949153 0.305085 1.002268 0.000419 -0.001304
3.000000 0.305085 1.001999 0.000000 0.000000

0.000000 0.355932 1.000000 1.000000 0.000000
0.050847 0.355932 2.453529 0.291345 -0.131931
0.101695 0.355932 4.713412 0.097831 -0.249553
0.152542 0.355932 4.354095 0.201914 -0.273963
0.203390 0.355932 4.205596 0.220244 -0.299234
0.254237 0.355932 4.291792 0.231392 -0.318850
0.305085 0.355932 4.229129 0.256099 -0.325196
0.355932 0.355932 4.159024 0.269896 -0.325046
0.406780 0.355932 4.106187 0.272775 -0.324523
0.457627 0.355932 4.075494 0.266811 -0.326843
0.508475 0.355932 4.076354 0.252008 -0.333483
0.559322 0.355932 4.118541 0.227279 -0.345469
0.610169 0.355932 4.208679 0.189941 -0.364105
0.661017 0.355932 4.359618 0.136009 -0.392125
0.711864 0.355932 4.609620 0.067321 -0.434421
0.762712 0.355932 4.970686 -0.002214 -0.490135
0.813559 0.355932 5.502686 -0.032342 -0.536059
0.864407 0.355932 5.758378 -0.027385 -0.507771
0.915254 0.355932 6.021387 0.001684 -0.351576
0.966102 0.355932 5.839617 0.000000 0.000000
1.016949 0.355932
1.067797 0.355932
1.118644 0.355932
1.169492 0.355932
1.220339 0.355932
1.271186 0.355932
1.322034 0.355932
1.372881 0.355932
1.423729 0.355932
1.474576 0.355932
1.525424 0.355932
1.576271 0.355932
1.627119 0.355932
1.677966 0.355932
1.728814 0.355932
1.779661 0.355932
1.830508 0.355932
1.881356 0.355932
1.932203 0.355932
1.983051 0.355932
2.033898 0.355932 1.001923 0.000000 0.000000
2.084746 0.355932 1.002345 -0.000344 -0.001684
2.135593 0.355932 1.002766 -0.000496 -0.003162
2.186441 0.355932 1.003154 -0.000483 -0.004429
2.237288 0.355932 1.003496 -0.000341 -0.005478
2.288136 0.355932 1.003779 -0.000105 -0.006302
2.338983 0.355932 1.003999 0.000185 -0.006905
2.389831 0.355932 1.004151 0.000495 -0.007293
2.440678 0.355932 1.004239 0.000796 -0.007482
2.491525 0.355932 1.004267 0.001064 -0.007491
2.542373 0.355932 1.004241 0.001283 -0.007339
2.593220 0.355932 1.004169 0.001443 -0.007046
2.644068 0.355932 1.004058 0.001536 -0.006627
2.694915 0.355932 1.003915 0.001559 -0.006093
2.745763 0.355932 1.003743 0.001511 -0.005447
2.796610 0.355932 1.003547 0.001390 -0.004684
2.847458 0.355932 1.003328 0.001191 -0.003789
2.898305 0.355932 1.003083 0.000905 -0.002737
2.949153 0.355932 1.002816 0.000517 -0.001491
3.000000 0.355932 1.002500 0.000000 0.000000

0.000000 0.406780 1.000000 1.000000 0.000000
0.050847 0.406780 2.704667 0.245063 -0.180355
0.101695 0.406780 5.306798 0.094713 -0.299853
0.152542 0.406780 4.524287 0.241237 -0.313834
0.203390 0.406780 4.335288 0.256233 -0.338336
0.254237 0.406780 4.404359 0.274578 -0.348938
0.305085 0.406780 4.273203 0.307158 -0.341591
0.355932 0.406780 4.136640 0.321743 -0.329417
0.406780 0.406780 4.046179 0.321011 -0.320169
0.457627 0.406780 4.002081 0.310188 -0.316319
0.508475 0.406780 4.000962 0.290005 -0.319280
0.559322 0.406780 4.049444 0.258922 -0.330155
0.610169 0.406780 4.153777 0.212757 -0.349476
0.661017 0.406780 4.337991 0.144866 -0.379651
0.711864 0.406780 4.657662 0.056032 -0.426783
0.762712 0.406780 5.157057 -0.031926 -0.493331
0.813559 0.406780 5.858627 -0.063817 -0.547785
0.864407 0.406780 6.143408 -0.051753 -0.520371
0.915254 0.406780 6.356097 -0.014313 -0.363002
0.966102 0.406780 6.125126 0.000000 0.000000
1.016949 0.406780
1.067797 0.406780
1.118644 0.406780
1.169492 0.406780
1.220339 0.406780
1.271186 0.406780
1.322034 0.406780
1.372881 0.406780
1.423729 0.406780
1.474576 0.406780
1.525424 0.406780
1.576271 0.406780
1.627119 0.406780
1.677966 0.406780
1.728814 0.406780
1.779661 0.406780
1.830508 0.406780
1.881356 0.406780
1.932203 0.406780
1.983051 0.406780
2.033898 0.406780 1.002335 0.000000 0.000000
2.084746 0.406780 1.002857 -0.000403 -0.001980
2.135593 0.406780 1.003390 -0.000566 -0.003724
2.186441 0.406780 1.003880 -0.000521 -0.005219
2.237288 0.406780 1.004311 -0.000315 -0.006448
2.288136 0.406780 1.004666 0.000002 -0.007403
2.338983 0.406780 1.004936 0.000380 -0.008086
2.389831 0.406780 1.005119 0.000775 -0.008511
2.440678 0.406780 1.005219 0.001149 -0.008698
2.491525 0.406780 1.005243 0.001475 -0.008674
2.542373 0.406780 1.005201 0.001731 -0.008466
2.593220 0.406780 1.005102 0.001908 -0.008099
2.644068 0.406780 1.004957 0.001999 -0.007595
2.694915 0.406780 1.004774 0.002003 -0.006967
2.745763 0.406780 1.004561 0.001918 -0.006219
2.796610 0.406780 1.004322 0.001746 -0.005344
2.847458 0.406780 1.004058 0.001481 -0.004323
2.898305 0.406780 1.003770 0.001115 -0.003126
2.949153 0.406780 1.003458 0.000632 -0.001706
3.000000 0.406780 1.003093 0.000000 0.000000

0.000000 0.457627 1.000000 1.000000 0.000000
0.050847 0.457627 3.171480 0.213485 -0.222446
0.101695 0.457627 5.798289 0.120618 -0.320255
0.152542 0.457627 4.559805 0.294024 -0.344452
0.203390 0.457627 4.437010 0.304596 -0.368024
0.254237 0.457627 4.477194 0.334098 -0.363148
0.305085 0.457627 4.252086 0.371230 -0.339953
0.355932 0.457627 4.066318 0.381797 -0.314833
0.406780 0.457627 3.967073 0.374996 -0.294851
0.457627 0.457627 3.925707 0.357922 -0.283095
0.508475 0.457627 3.932301 0.330848 -0.282559
0.559322 0.457627 3.998109 0.292351 -0.294108
0.610169 0.457627 4.134853 0.237545 -0.316078
0.661017 0.457627 4.371589 0.156263 -0.349006
0.711864 0.457627 4.796607 0.046429 -0.399114
0.762712 0.457627 5.502428 -0.059382 -0.474270
0.813559 0.457627 6.413958 -0.090185 -0.535978
0.864407 0.457627 6.664063 -0.078602 -0.511438
0.915254 0.457627 6.894774 -0.046341 -0.362785
0.966102 0.457627 6.798425 0.000000 0.000000
1.016949 0.457627
1.067797 0.457627
1.118644 0.457627
1.169492 0.457627
1.220339 0.457627
1.271186 0.457627
1.322034 0.457627
1.372881 0.457627
1.423729 0.457627
1.474576 0.457627
1.525424 0.457627
1.576271 0.457627
1.627119 0.457627
1.677966 0.457627
1.728814 0.457627
1.779661 0.457627
1.830508 0.457627
1.881356 0.457627
1.932203 0.457627
1.983051 0.457627
2.033898 0.457627 1.002790 0.000000 0.000000
2.084746 0.457627 1.003434 -0.000461 -0.002343
2.135593 0.457627 1.004108 -0.000622 -0.004419
2.186441 0.457627 1.004725 -0.000523 -0.006194
2.237288 0.457627 1.005266 -0.000227 -0.007643
2.288136 0.457627 1.005706 0.000200 -0.008752
2.338983 0.457627 1.006034 0.000691 -0.009525
2.389831 0.457627 1.006249 0.001189 -0.009981
2.440678 0.457627 1.006359 0.001648 -0.010153
2.491525 0.457627 1.006374 0.002034 -0.010077
2.542373 0.457627 1.006308 0.002326 -0.009791
2.593220 0.457627 1.006175 0.002513 -0.009329
2.644068 0.457627 1.005988 0.002590 -0.008717
2.694915 0.457627 1.005759 0.002558 -0.007973
2.745763 0.457627 1.005498 0.002420 -0.007101
2.796610 0.457627 1.005211 0.002177 -0.006094
2.847458 0.457627 1.004901 0.001827 -0.004929
2.898305 0.457627 1.004566 0.001362 -0.003567
2.949153 0.457627 1.004210 0.000765 -0.001950
3.000000 0.457627 1.003794 0.000000 0.000000

0.000000 0.508475 1.000000 1.000000 0.000000
0.050847 0.508475 3.793123 0.209907 -0.242634
0.101695 0.508475 5.877439 0.170308 -0.328053
0.152542 0.508475 4.532285 0.348841 -0.375329
0.203390 0.508475 4.486045 0.370559 -0.384801
0.254237 0.508475 4.413298 0.411077 -0.358607
0.305085 0.508475 4.104957 0.446530 -0.317695
0.355932 0.508475 3.895668 0.451286 -0.275694
0.406780 0.508475 3.781011 0.437784 -0.241464
0.457627 0.508475 3.717057 0.412263 -0.222110
0.508475 0.508475 3.708467 0.375716 -0.222159
0.559322 0.508475 3.775419 0.329192 -0.240170
0.610169 0.508475 3.924719 0.267595 -0.270104
0.661017 0.508475 4.190884 0.176166 -0.309572
0.711864 0.508475 4.681216 0.045730 -0.363143
0.762712 0.508475 5.597863 -0.078518 -0.446735
0.813559 0.508475 6.661312 -0.109519 -0.521362
0.864407 0.508475 6.781267 -0.108816 -0.507271
0.915254 0.508475 7.081366 -0.103314 -0.371584
0.966102 0.508475 7.536063 0.000000 0.000000
1.016949 0.508475
1.067797 0.508475
1.118644 0.508475
1.169492 0.508475
1.220339 0.508475
1.271186 0.508475
1.322034 0.508475
1.372881 0.508475
1.423729 0.508475
1.474576 0.508475
1.525424 0.508475
1.576271 0.508475
1.627119 0.508475
1.677966 0.508475
1.728814 0.508475
1.779661 0.508475
1.830508 0.508475
1.881356 0.508475
1.932203 0.508475
1.983051 0.508475
2.033898 0.508475 1.003283 0.000000 0.000000
2.084746 0.508475 1.004078 -0.000514 -0.002791
2.135593 0.508475 1.004936 -0.000652 -0.005277
2.186441 0.508475 1.005716 -0.000466 -0.007398
2.237288 0.508475 1.006393 -0.000041 -0.009111
2.288136 0.508475 1.006934 0.000532 -0.010395
2.338983 0.508475 1.007328 0.001167 -0.011261
2.389831 0.508475 1.007577 0.001789 -0.011738
2.440678 0.508475 1.007692 0.002343 -0.011874
2.491525 0.508475 1.007691 0.002791 -0.011720
2.542373 0.508475 1.007591 0.003111 -0.011327
2.593220 0.508475 1.007412 0.003294 -0.010740
2.644068 0.508475 1.007173 0.003339 -0.009993
2.694915 0.508475 1.006889 0.003251 -0.009108
2.745763 0.508475 1.006572 0.003035 -0.008091
2.796610 0.508475 1.006230 0.002698 -0.006933
2.847458 0.508475 1.005869 0.002240 -0.005604
2.898305 0.508475 1.005486 0.001653 -0.004056
2.949153 0.508475 1.005086 0.000919 -0.002220
3.000000 0.508475 1.004621 0.000000 0.000000

0.000000 0.559322 1.000000 1.000000 0.000000
0.050847 0.559322 4.232727 0.225597 -0.252049
0.101695 0.559322 5.744626 0.228000 -0.339939
0.152542 0.559322 4.548333 0.411567 -0.406761
0.203390 0.559322 4.426095 0.454578 -0.388008
0.254237 0.559322 4.244061 0.497015 -0.338530
0.305085 0.559322 3.918093 0.528074 -0.274023
0.355932 0.559322 3.685734 0.527073 -0.208921
0.406780 0.559322 3.528917 0.502887 -0.159975
0.457627 0.559322 3.436662 0.462980 -0.138334
0.508475 0.559322 3.436658 0.413185 -0.146324
0.559322 0.559322 3.545490 0.359054 -0.177020
0.610169 0.559322 3.751132 0.294854 -0.219065
0.661017 0.559322 4.093132 0.199981 -0.266037
0.711864 0.559322 4.692815 0.053080 -0.318759
0.762712 0.559322 5.925233 -0.092106 -0.399441
0.813559 0.559322 7.295245 -0.126456 -0.486064
0.864407 0.559322 7.291117 -0.143250 -0.488430
0.915254 0.559322 7.792001 -0.192542 -0.365312
0.966102 0.559322 9.639673 0.000000 0.000000
1.016949 0.559322
1.067797 0.559322
1.118644 0.559322
1.169492 0.559322
1.220339 0.559322
1.271186 0.559322
1.322034 0.559322
1.372881 0.559322
1.423729 0.559322
1.474576 0.559322
1.525424 0.559322
1.576271 0.559322
1.627119 0.559322
1.677966 0.559322
1.728814 0.559322
1.779661 0.559322
1.830508 0.559322
1.881356 0.559322
1.932203 0.559322
1.983051 0.559322
2.033898 0.559322 1.003801 0.000000 0.000000
2.084746 0.559322 1.004792 -0.000554 -0.003346
2.135593 0.559322 1.005895 -0.000636 -0.006344
2.186441 0.559322 1.006886 -0.000312 -0.008888
2.237288 0.559322 1.007734 0.000296 -0.010912
2.288136 0.559322 1.008396 0.001064 -0.012390
2.338983 0.559322 1.008864 0.001877 -0.013342
2.389831 0.559322 1.009144 0.002645 -0.013818
2.440678 0.559322 1.009257 0.003301 -0.013885
2.491525 0.559322 1.009225 0.003807 -0.013616
2.542373 0.559322 1.009077 0.004141 -0.013079
2.593220 0.559322 1.008839 0.004299 -0.012333
2.644068 0.559322 1.008533 0.004286 -0.011419
2.694915 0.559322 1.008181 0.004112 -0.010366
2.745763 0.559322 1.007798 0.003789 -0.009181
2.796610 0.559322 1.007395 0.003328 -0.007850
2.847458 0.559322 1.006978 0.002731 -0.006339
2.898305 0.559322 1.006545 0.001993 -0.004590
2.949153 0.559322 1.006101 0.001097 -0.002515
3.000000 0.559322 1.005590 0.000000 0.000000

0.000000 0.610169 1.000000 1.000000 0.000000
0.050847 0.610169 4.426236 0.262736 -0.286595
0.101695 0.610169 5.519138 0.297609 -0.361879
0.152542 0.610169 4.602339 0.484453 -0.434349
0.203390 0.610169 4.234984 0.549820 -0.381769
0.254237 0.610169 4.034275 0.588169 -0.303271
0.305085 0.610169 3.665552 0.616941 -0.206005
0.355932 0.610169 3.330161 0.605827 -0.116840
0.406780 0.610169 3.086908 0.562924 -0.061608
0.457627 0.610169 2.969825 0.503960 -0.047921
0.508475 0.610169 2.993155 0.442261 -0.071717
0.559322 0.610169 3.140486 0.386435 -0.120464
0.610169 0.610169 3.377008 0.328409 -0.178854
0.661017 0.610169 3.743798 0.241709 -0.235817
0.711864 0.610169 4.350256 0.088896 -0.287366
0.762712 0.610169 5.745506 -0.081144 -0.356039
0.813559 0.610169 7.375318 -0.130435 -0.458630
0.864407 0.610169 7.230538 -0.166768 -0.485996
0.915254 0.610169 7.807664 -0.291028 -0.378267
0.966102 0.610169 11.580717 0.000000 0.000000
1.016949 0.610169
1.067797 0.610169
1.118644 0.610169
1.169492 0.610169
1.220339 0.610169
1.271186 0.610169
1.322034 0.610169
1.372881 0.610169
1.423729 0.610169
1.474576 0.610169
1.525424 0.610169
1.576271 0.610169
1.627119 0.610169
1.677966 0.610169
1.728814 0.610169
1.779661 0.610169
1.830508 0.610169
1.881356 0.610169
1.932203 0.610169
1.983051 0.610169
2.033898 0.610169 1.004315 0.000000 0.000000
2.084746 0.610169 1.005573 -0.000569 -0.004044
2.135593 0.610169 1.007011 -0.000536 -0.007682
2.186441 0.610169 1.008279 0.000001 -0.010743
2.237288 0.610169 1.009342 0.000867 -0.013126
2.288136 0.610169 1.010148 0.001890 -0.014806
2.338983 0.610169 1.010695 0.002922 -0.015823
2.389831 0.610169 1.011001 0.003853 -0.016258
2.440678 0.610169 1.011096 0.004612 -0.016209
2.491525 0.610169 1.011016 0.005160 -0.015776
2.542373 0.610169 1.010799 0.005482 -0.015048
2.593220 0.610169 1.010480 0.005582 -0.014100
2.644068 0.610169 1.010090 0.005474 -0.012985
2.694915 0.610169 1.009654 0.005176 -0.011735
2.745763 0.610169 1.009192 0.004708 -0.010356
2.796610 0.610169 1.008718 0.004084 -0.008834
2.847458 0.610169 1.008240 0.003312 -0.007125
2.898305 0.610169 1.007756 0.002391 -0.005158
2.949153 0.610169 1.007271 0.001302 -0.002830
3.000000 0.610169 1.006720 0.000000 0.000000

0.000000 0.661017 1.000000 1.000000 0.000000
0.050847 0.661017 4.763816 0.319375 -0.363578
0.101695 0.661017 5.282075 0.392363 -0.397753
0.152542 0.661017 4.668461 0.564209 -0.458443
0.203390 0.661017 4.059646 0.647951 -0.365978
0.254237 0.661017 3.846276 0.681122 -0.249253
0.305085 0.661017 3.327670 0.702179 -0.115941
0.355932 0.661017 2.844928 0.668088 -0.016455
0.406780 0.661017 2.577904 0.598586 0.030352
0.457627 0.661017 2.515219 0.521759 0.028927
0.508475 0.661017 2.616525 0.453797 -0.014500
0.559322 0.661017 2.844788 0.403182 -0.084374
0.610169 0.661017 3.158094 0.360172 -0.162642
0.661017 0.661017 3.603195 0.294158 -0.229716
0.711864 0.661017 4.285914 0.150770 -0.276080
0.762712 0.661017 5.908005 -0.050984 -0.307576
0.813559 0.661017 8.252232 -0.129705 -0.398864
0.864407 0.661017 8.196515 -0.182046 -0.448311
0.915254 0.661017 8.939459 -0.374749 -0.362905
0.966102 0.661017 15.396098 0.000000 0.000000
1.016949 0.661017
1.067797 0.661017
1.118644 0.661017
1.169492 0.661017
1.220339 0.661017
1.271186 0.661017
1.322034 0.661017
1.372881 0.661017
1.423729 0.661017
1.474576 0.661017
1.525424 0.661017
1.576271 0.661017
1.627119 0.661017
1.677966 0.661017
1.728814 0.661017
1.779661 0.661017
1.830508 0.661017
1.881356 0.661017
1.932203 0.661017
1.983051 0.661017
2.033898 0.661017 1.004772 0.000000 0.000000
2.084746 0.661017 1.006416 -0.000535 -0.004941
2.135593 0.661017 1.008318 -0.000292 -0.009387
2.186441 0.661017 1.009958 0.000572 -0.013073
2.237288 0.661017 1.011291 0.001798 -0.015855
2.288136 0.661017 1.012265 0.003149 -0.017725
2.338983 0.661017 1.012891 0.004439 -0.018761
2.389831 0.661017 1.013206 0.005542 -0.019091
2.440678 0.661017 1.013260 0.006388 -0.018858
2.491525 0.661017 1.013104 0.006945 -0.018197
2.542373 0.661017 1.012790 0.007212 -0.017222
2.593220 0.661017 1.012363 0.007206 -0.016025
2.644068 0.661017 1.011864 0.006952 -0.014669
2.694915 0.661017 1.011324 0.006480 -0.013191
2.745763 0.661017 1.010768 0.005817 -0.011596
2.796610 0.661017 1.010212 0.004985 -0.009865
2.847458 0.661017 1.009667 0.003996 -0.007945
2.898305 0.661017 1.009129 0.002852 -0.005750
2.949153 0.661017 1.008608 0.001536 -0.003158
3.000000 0.661017 1.008027 0.000000 0.000000

0.000000 0.711864 1.000000 1.000000 0.000000
0.050847 0.711864 5.442461 0.384763 -0.485558
0.101695 0.711864 5.069265 0.504971 -0.436714
0.152542 0.711864 4.830215 0.643989 -0.481851
0.203390 0.711864 3.901516 0.747272 -0.343008
0.254237 0.711864 3.619768 0.766420 -0.173026
0.305085 0.711864 2.860206 0.765038 -0.012672
0.355932 0.711864 2.354869 0.697534 0.078039
0.406780 0.711864 2.165338 0.608284 0.113029
0.457627 0.711864 2.145795 0.523656 0.095545
0.508475 0.711864 2.272243 0.456739 0.023985
0.559322 0.711864 2.518528 0.418475 -0.077281
0.610169 0.711864 2.869434 0.402574 -0.182971
0.661017 0.711864 3.322401 0.376381 -0.259145
0.711864 0.711864 3.974549 0.274467 -0.296751
0.762712 0.711864 5.371391 0.053424 -0.276888
0.813559 0.711864 8.105950 -0.079780 -0.334830
0.864407 0.711864 8.165721 -0.159328 -0.421306
0.915254 0.711864 8.723188 -0.351957 -0.383788
0.966102 0.711864 15.031216 0.000000 0.000000
1.016949 0.711864
1.067797 0.711864
1.118644 0.711864
1.169492 0.711864
1.220339 0.711864
1.271186 0.711864
1.322034 0.711864
1.372881 0.711864
1.423729 0.711864
1.474576 0.711864
1.525424 0.711864
1.576271 0.711864
1.627119 0.711864
1.677966 0.711864
1.728814 0.711864
1.779661 0.711864
1.830508 0.711864
1.881356 0.711864
1.932203 0.711864
1.983051 0.711864
2.033898 0.711864 1.005071 0.000000 0.000000
2.084746 0.711864 1.007333 -0.000408 -0.006129
2.135593 0.711864 1.009874 0.000208 -0.011601
2.186441 0.711864 1.012024 0.001568 -0.016030
2.237288 0.711864 1.013686 0.003287 -0.019228
2.288136 0.711864 1.014846 0.005043 -0.021237
2.338983 0.711864 1.015539 0.006615 -0.022207
2.389831 0.711864 1.015834 0.007876 -0.022338
2.440678 0.711864 1.015807 0.008765 -0.021830
2.491525 0.711864 1.015534 0.009273 -0.020860
2.542373 0.711864 1.015083 0.009419 -0.019572
2.593220 0.711864 1.014513 0.009237 -0.018073
2.644068 0.711864 1.013874 0.008771 -0.016437
2.694915 0.711864 1.013205 0.008060 -0.014701
2.745763 0.711864 1.012535 0.007143 -0.012870
2.796610 0.711864 1.011884 0.006048 -0.010916
2.847458 0.711864 1.011265 0.004794 -0.008777
2.898305 0.711864 1.010674 0.003383 -0.006350
2.949153 0.711864 1.010122 0.001801 -0.003490
3.000000 0.711864 1.009523 0.000000 0.000000

0.000000 0.762712 1.000000 1.000000 0.000000
0.050847 0.762712 6.826351 0.434928 -0.613432
0.101695 0.762712 4.775883 0.611336 -0.445784
0.152542 0.762712 5.195402 0.694055 -0.515287
0.203390 0.762712 3.928956 0.846898 -0.303372
0.254237 0.762712 2.648750 0.839427 -0.181024
0.305085 0.762712 1.588229 0.787456 -0.049344
0.355932 0.762712 1.210665 0.687878 0.018094
0.406780 0.762712 1.233463 0.587850 0.076408
0.457627 0.762712 1.450260 0.492877 0.073426
0.508475 0.762712 1.831636 0.427485 -0.016788
0.559322 0.762712 2.316468 0.413309 -0.140170
0.610169 0.762712 2.912322 0.446768 -0.256483
0.661017 0.762712 3.466292 0.482895 -0.320721
0.711864 0.762712 4.194453 0.447190 -0.332026
0.762712 0.762712 5.348283 0.211295 -0.252688
0.813559 0.762712 9.015264 -0.021324 -0.202267
0.864407 0.762712 9.935528 -0.164541 -0.314252
0.915254 0.762712 11.080681 -0.312111 -0.315474
0.966102 0.762712 17.674271 0.000000 0.000000
1.016949 0.762712
1.067797 0.762712
1.118644 0.762712
1.169492 0.762712
1.220339 0.762712
1.271186 0.762712
1.322034 0.762712
1.372881 0.762712
1.423729 0.762712
1.474576 0.762712
1.525424 0.762712
1.576271 0.762712
1.627119 0.762712
1.677966 0.762712
1.728814 0.762712
1.779661 0.762712
1.830508 0.762712
1.881356 0.762712
1.932203 0.762712
1.983051 0.762712
2.033898 0.762712 1.005014 0.000000 0.000000
2.084746 0.762712 1.008343 -0.000104 -0.007779
2.135593 0.762712 1.011760 0.001167 -0.014548
2.186441 0.762712 1.014623 0.003266 -0.019827
2.237288 0.762712 1.016674 0.005636 -0.023399
2.288136 0.762712 1.018025 0.007858 -0.025430
2.338983 0.762712 1.018748 0.009702 -0.026193
2.389831 0.762712 1.018969 0.011058 -0.025989
2.440678 0.762712 1.018802 0.011905 -0.025089
2.491525 0.762712 1.018353 0.012267 -0.023717
2.542373 0.762712 1.017712 0.012193 -0.022044
2.593220 0.762712 1.016952 0.011743 -0.020192
2.644068 0.762712 1.016135 0.010978 -0.018238
2.694915 0.762712 1.015306 0.009951 -0.016220
2.745763 0.762712 1.014500 0.008709 -0.014137
2.796610 0.762712 1.013739 0.007289 -0.011953
2.847458 0.762712 1.013037 0.005713 -0.009593
2.898305 0.762712 1.012393 0.003986 -0.006936
2.949153 0.762712 1.011817 0.002098 -0.003815
3.000000 0.762712 1.011219 0.000000 0.000000

0.000000 0.813559 1.000000 1.000000 0.000000
0.050847 0.813559 9.355000 0.424639 -0.577154
0.101695 0.813559 4.051843 0.617210 -0.385963
0.152542 0.813559 6.815663 0.661545 -0.468094
0.203390 0.813559 3.239121 0.810085 -0.287009
0.254237 0.813559 4.670974 0.639245 0.046144
0.305085 0.813559 3.977268 0.687124 0.221905
0.355932 0.813559 3.770387 0.691169 0.284834
0.406780 0.813559 2.895575 0.654834 0.264535
0.457627 0.813559 2.377696 0.539416 0.169063
0.508475 0.813559 2.537181 0.456315 -0.011523
0.559322 0.813559 2.938536 0.470613 -0.177107
0.610169 0.813559 3.393460 0.562394 -0.308414
0.661017 0.813559 3.553710 0.659723 -0.372684
0.711864 0.813559 3.923236 0.691528 -0.365041
0.762712 0.813559 4.258813 0.494775 -0.264694
0.813559 0.813559 7.233093 0.140285 -0.070216
0.864407 0.813559 9.595105 -0.082513 -0.207848
0.915254 0.813559 9.217568 -0.137633 -0.425604
0.966102 0.813559 12.408136 0.000000 0.000000
1.016949 0.813559
1.067797 0.813559
1.118644 0.813559
1.169492 0.813559
1.220339 0.813559
1.271186 0.813559
1.322034 0.813559
1.372881 0.813559
1.423729 0.813559
1.474576 0.813559
1.525424 0.813559
1.576271 0.813559
1.627119 0.813559
1.677966 0.813559
1.728814 0.813559
1.779661 0.813559
1.830508 0.813559
1.881356 0.813559
1.932203 0.813559
1.983051 0.813559
2.033898 0.813559 1.004236 0.000000 0.000000
2.084746 0.813559 1.009773 0.000545 -0.010178
2.135593 0.813559 1.014201 0.002973 -0.018568
2.186441 0.813559 1.018051 0.006138 -0.024737
2.237288 0.813559 1.020492 0.009310 -0.028527
2.288136 0.813559 1.021992 0.011995 -0.030361
2.338983 0.813559 1.022661 0.014015 -0.030703
2.389831 0.813559 1.022713 0.015330 -0.029986
2.440678 0.813559 1.022315 0.015982 -0.028558
2.491525 0.813559 1.021607 0.016050 -0.026685
2.542373 0.813559 1.020705 0.015622 -0.024558
2.593220 0.813559 1.019698 0.014783 -0.022305
2.644068 0.813559 1.018655 0.013612 -0.020004
2.694915 0.813559 1.017630 0.012176 -0.017687
2.745763 0.813559 1.016661 0.010531 -0.015347
2.796610 0.813559 1.015772 0.008716 -0.012934
2.847458 0.813559 1.014980 0.006758 -0.010359
2.898305 0.813559 1.014283 0.004665 -0.007486
2.949153 0.813559 1.013691 0.002428 -0.004120
3.000000 0.813559 1.013114 0.000000 0.000000

0.000000 0.864407 1.000000 1.000000 0.000000
0.050847 0.864407 11.997162 0.332918 -0.206608
0.101695 0.864407 3.103419 0.390382 -0.290229
0.152542 0.864407 6.980055 0.448964 -0.489264
0.203390 0.864407 4.377418 0.928039 -0.265492
0.254237 0.864407 2.009035 0.951510 0.205027
0.305085 0.864407 1.161173 0.767065 0.475954
0.355932 0.864407 1.037911 0.577558 0.570658
0.406780 0.864407 1.417353 0.438414 0.493048
0.457627 0.864407 1.843284 0.353181 0.281627
0.508475 0.864407 2.507406 0.382693 -0.042266
0.559322 0.864407 2.653297 0.503507 -0.276286
0.610169 0.864407 2.698487 0.654805 -0.458327
0.661017 0.864407 2.661950 0.797970 -0.540258
0.711864 0.864407 2.734394 0.875538 -0.545656
0.762712 0.864407 2.896386 0.755143 -0.465615
0.813559 0.864407 4.942040 0.278145 -0.156532
0.864407 0.864407 11.694123 -0.254999 0.093600
0.915254 0.864407 17.185223 -0.135819 -0.132648
0.966102 0.864407 15.911557 0.000000 0.000000
1.016949 0.864407
1.067797 0.864407
1.118644 0.864407
1.169492 0.864407
1.220339 0.864407
1.271186 0.864407
1.322034 0.864407
1.372881 0.864407
1.423729 0.864407
1.474576 0.864407
1.525424 0.864407
1.576271 0.864407
1.627119 0.864407
1.677966 0.864407
1.728814 0.864407
1.779661 0.864407
1.830508 0.864407
1.881356 0.864407
1.932203 0.864407
1.983051 0.864407
2.033898 0.864407 1.001468 0.000000 0.000000
2.084746 0.864407 1.011446 0.001901 -0.013991
2.135593 0.864407 1.017146 0.006369 -0.024249
2.186441 0.864407 1.022554 0.010968 -0.031118
2.237288 0.864407 1.025386 0.014984 -0.034735
2.288136 0.864407 1.026958 0.017968 -0.036001
2.338983 0.864407 1.027431 0.019923 -0.035630
2.389831 0.864407 1.027171 0.020941 -0.034192
2.440678 0.864407 1.026410 0.021163 -0.032096
2.491525 0.864407 1.025334 0.020730 -0.029632
2.542373 0.864407 1.024082 0.019770 -0.026996
2.593220 0.864407 1.022756 0.018394 -0.024313
2.644068 0.864407 1.021433 0.016695 -0.021651
2.694915 0.864407 1.020171 0.014748 -0.019033
2.745763 0.864407 1.019009 0.012612 -0.016440
2.796610 0.864407 1.017974 0.010329 -0.013810
2.847458 0.864407 1.017082 0.007928 -0.011038
2.898305 0.864407 1.016332 0.005417 -0.007971
2.949153 0.864407 1.015735 0.002789 -0.004389
3.000000 0.864407 1.015202 0.000000 0.000000

0.000000 0.915254 1.000000 1.000000 0.000000
0.050847 0.915254 8.986353 0.197703 0.453237
0.101695 0.915254 1.879756 -0.622289 -0.501184
0.152542 0.915254 3.700452 0.134427 -1.341385
0.203390 0.915254 1.730549 0.740326 -0.703161
0.254237 0.915254 0.607158 0.794810 -0.072535
0.305085 0.915254 0.697763 0.666618 0.343714
0.355932 0.915254 0.815877 0.502835 0.515217
0.406780 0.915254 0.891256 0.374648 0.404028
0.457627 0.915254 0.916000 0.292818 0.033106
0.508475 0.915254 1.274444 0.362196 -0.462937
0.559322 0.915254 1.375069 0.495010 -0.642575
0.610169 0.915254 1.622429 0.684499 -0.811992
0.661017 0.915254 1.748683 0.882315 -0.853666
0.711864 0.915254 1.703420 1.025620 -0.902991
0.762712 0.915254 1.857369 1.090399 -0.838958
0.813559 0.915254 1.988548 0.963090 -0.617060
0.864407 0.915254 2.520546 0.535012 -0.159541
0.915254 0.915254 7.384064 0.067738 -0.565417
0.966102 0.915254 7.256328 0.000000 0.000000
1.016949 0.915254
1.067797 0.915254
1.118644 0.915254
1.169492 0.915254
1.220339 0.915254
1.271186 0.915254
1.322034 0.915254
1.372881 0.915254
1.423729 0.915254
1.474576 0.915254
1.525424 0.915254
1.576271 0.915254
1.627119 0.915254
1.677966 0.915254
1.728814 0.915254
1.779661 0.915254
1.830508 0.915254
1.881356 0.915254
1.932203 0.915254
1.983051 0.915254
2.033898 0.915254 0.991736 0.000000 0.000000
2.084746 0.915254 1.018137 0.004844 -0.020048
2.135593 0.915254 1.022605 0.013002 -0.032238
2.186441 0.915254 1.029630 0.019118 -0.039149
2.237288 0.915254 1.032193 0.023618 -0.041914
2.288136 0.915254 1.033394 0.026391 -0.042110
2.338983 0.915254 1.033312 0.027796 -0.040705
2.389831 0.915254 1.032471 0.028106 -0.038354
2.440678 0.915254 1.031149 0.027563 -0.035484
2.491525 0.915254 1.029557 0.026363 -0.032375
2.542373 0.915254 1.027843 0.024662 -0.029209
2.593220 0.915254 1.026116 0.022582 -0.026093
2.644068 0.915254 1.024452 0.020222 -0.023079
2.694915 0.915254 1.022909 0.017656 -0.020176
2.745763 0.915254 1.021524 0.014942 -0.017351
2.796610 0.915254 1.020323 0.012119 -0.014528
2.847458 0.915254 1.019322 0.009215 -0.011589
2.898305 0.915254 1.018521 0.006236 -0.008362
2.949153 0.915254 1.017928 0.003178 -0.004607
3.000000 0.915254 1.017466 0.000000 0.000000

0.000000 0.966102 1.000000 1.000000 0.000000
0.050847 0.966102 121.733748 -0.443376 0.847267
0.101695 0.966102 7.647486 -4.383258 -0.810808
0.152542 0.966102 33.379705 -1.047923 -0.287691
0.203390 0.966102 10.435132 0.778659 -0.093286
0.254237 0.966102 3.568163 1.262590 -0.276440
0.305085 0.966102 1.399843 0.934902 0.147707
0.355932 0.966102 1.380613 0.493367 0.449440
0.406780 0.966102 2.528302 0.137241 0.478851
0.457627 0.966102 4.811313 -0.155815 0.362137
0.508475 0.966102 11.466844 0.045439 0.182411
0.559322 0.966102 13.102443 0.246565 0.115383
0.610169 0.966102 18.165381 0.592989 0.063742
0.661017 0.966102 14.982310 0.896286 0.045101
0.711864 0.966102 15.434013 1.111236 0.035417
0.762712 0.966102 12.691355 1.342665 0.026323
0.813559 0.966102 11.718713 1.400988 0.044149
0.864407 0.966102 9.832205 1.706961 0.089880
0.915254 0.966102 28.230327 0.243760 0.098230
0.966102 0.966102 38.835740 0.000000 0.000000
1.016949 0.966102
1.067797 0.966102
1.118644 0.966102
1.169492 0.966102
1.220339 0.966102
1.271186 0.966102
1.322034 0.966102
1.372881 0.966102
1.423729 0.966102
1.474576 0.966102
1.525424 0.966102
1.576271 0.966102
1.627119 0.966102
1.677966 0.966102
1.728814 0.966102
1.779661 0.966102
1.830508 0.966102
1.881356 0.966102
1.932203 0.966102
1.983051 0.966102
2.033898 0.966102 0.922540 0.000000 0.000000
2.084746 0.966102 1.019581 0.012809 -0.032159
2.135593 0.966102 1.025084 0.025822 -0.044390
2.186441 0.966102 1.037452 0.032320 -0.049011
2.237288 0.966102 1.040341 0.036139 -0.049693
2.288136 0.966102 1.041139 0.037727 -0.048201
2.338983 0.966102 1.040267 0.037843 -0.045483
2.389831 0.966102 1.038599 0.036898 -0.042107
2.440678 0.966102 1.036511 0.035188 -0.038433
2.491525 0.966102 1.034246 0.032923 -0.034691
2.542373 0.966102 1.031956 0.030257 -0.031023
2.593220 0.966102 1.029744 0.027305 -0.027510
2.644068 0.966102 1.027678 0.024152 -0.024183
2.694915 0.966102 1.025810 0.020865 -0.021033
2.745763 0.966102 1.024173 0.017491 -0.018014
2.796610 0.966102 1.022788 0.014063 -0.015037
2.847458 0.966102 1.021670 0.010601 -0.011972
2.898305 0.966102 1.020819 0.007111 -0.008631
2.949153 0.966102 1.020241 0.003588 -0.004756
3.000000 0.966102 1.019874 0.000000 0.000000

0.000000 1.016949 0.550010 0.000000 0.000000
0.050847 1.016949 7.219877 -0.160943 -10.034073
0.101695 1.016949 2.191692 -1.031892 -5.240514
0.152542 1.016949 3.554384 -0.752242 -1.395885
0.203390 1.016949 2.318110 0.141421 -0.186636
0.254237 1.016949 5.577562 0.680430 0.110769
0.305085 1.016949 3.447405 0.896708 0.291664
0.355932 1.016949 2.179066 0.697549 0.513375
0.406780 1.016949 1.833172 0.412519 0.670797
0.457627 1.016949 1.662047 0.190602 0.758414
0.508475 1.016949 2.134095 0.223394 0.818967
0.559322 1.016949 2.060186 0.385342 0.885488
0.610169 1.016949 2.325846 0.630968 1.005356
0.661017 1.016949 2.157871 0.882171 1.035426
0.711864 1.016949 2.073837 1.068697 1.088748
0.762712 1.016949 2.118515 1.226348 1.042976
0.813559 1.016949 1.936716 1.201326 1.014271
0.864407 1.016949 2.869473 0.948235 0.849092
0.915254 1.016949 5.956320 -0.240134 1.125139
0.966102 1.016949 20.828561 0.222753 0.282253
1.016949 1.016949 0.000056 0.000000 0.000000
1.067797 1.016949 1.027470 0.000000 0.000000
1.118644 1.016949 1.288372 0.000000 0.000000
1.169492 1.016949 1.441412 0.000000 0.000000
1.220339 1.016949 1.572296 0.000000 0.000000
1.271186 1.016949 1.637430 0.000000 0.000000
1.322034 1.016949 1.642031 0.000000 0.000000
1.372881 1.016949 1.607465 0.000000 0.000000
1.423729 1.016949 1.554534 0.000000 0.000000
1.474576 1.016949 1.497394 0.000000 0.000000
1.525424 1.016949 1.443540 0.000000 0.000000
1.576271 1.016949 1.395901 0.000000 0.000000
1.627119 1.016949 1.354859 0.000000 0.000000
1.677966 1.016949 1.319657 0.000000 0.000000
1.728814 1.016949 1.289214 0.000000 0.000000
1.779661 1.016949 1.262569 0.000000 0.000000
1.830508 1.016949 1.238869 0.000000 0.000000
1.881356 1.016949 1.218743 0.000000 0.000000
1.932203 1.016949 1.203957 0.000000 0.000000
1.983051 1.016949 1.252584 0.000000 0.000000
2.033898 1.016949 1.034997 0.041205 -0.034813
2.084746 1.016949 1.073858 0.046280 -0.049622
2.135593 1.016949 1.059249 0.052154 -0.056520
2.186441 1.016949 1.058385 0.053624 -0.057694
2.237288 1.016949 1.055086 0.053589 -0.056170
2.288136 1.016949 1.052163 0.052246 -0.053095
2.338983 1.016949 1.048997 0.050033 -0.049212
2.389831 1.016949 1.045757 0.047187 -0.044954
2.440678 1.016949 1.042515 0.043889 -0.040604
2.491525 1.016949 1.039360 0.040272 -0.036337
2.542373 1.016949 1.036363 0.036437 -0.032261
2.593220 1.016949 1.033581 0.032463 -0.028431
2.644068 1.016949 1.031058 0.028406 -0.024860
2.694915 1.016949 1.028826 0.024311 -0.021525
2.745763 1.016949 1.026911 0.020210 -0.018366
2.796610 1.016949 1.025328 0.016123 -0.015288
2.847458 1.016949 1.024086 0.012061 -0.012148
2.898305 1.016949 1.023187 0.008027 -0.008750
2.949153 1.016949 1.022634 0.004014 -0.004822
3.000000 1.016949 1.022385 0.000000 0.000000

0.000000 1.067797 0.149512 0.000000 0.000000
0.050847 1.067797 16.259521 -0.073908 -4.947453
0.101695 1.067797 3.902223 0.085354 -4.282939
0.152542 1.067797 7.667384 -0.034540 -1.739568
0.203390 1.067797 3.182004 0.491626 -0.662604
0.254237 1.067797 3.227848 0.658040 0.175792
0.305085 1.067797 2.760761 0.778137 0.471574
0.355932 1.067797 2.121899 0.691083 0.636212
0.406780 1.067797 1.919888 0.517110 0.767366
0.457627 1.067797 1.668090 0.364015 0.877798
0.508475 1.067797 2.025406 0.352830 0.979244
0.559322 1.067797 1.878786 0.467476 1.044500
0.610169 1.067797 2.012465 0.637019 1.124344
0.661017 1.067797 1.989550 0.841245 1.133617
0.711864 1.067797 1.813960 0.979811 1.157263
0.762712 1.067797 2.136111 1.073598 1.097246
0.813559 1.067797 1.826528 0.869288 1.053295
0.864407 1.067797 4.277697 0.248389 0.838309
0.915254 1.067797 7.215173 -1.340739 1.045517
0.966102 1.067797 42.778458 0.213795 0.505917
1.016949 1.067797 0.499836 1.606667 0.284266
1.067797 1.067797 0.657579 0.818503 0.158994
1.118644 1.067797 0.948812 0.469639 0.098656
1.169492 1.067797 1.269307 0.313867 0.063261
1.220339 1.067797 1.492694 0.248523 0.038606
1.271186 1.067797 1.616205 0.221314 0.016183
1.322034 1.067797 1.668129 0.208564 -0.005309
1.372881 1.067797 1.668188 0.200214 -0.023979
1.423729 1.067797 1.632557 0.191618 -0.037742
1.474576 1.067797 1.577039 0.180799 -0.045691
1.525424 1.067797 1.515090 0.167514 -0.048287
1.576271 1.067797 1.455540 0.152572 -0.046887
1.627119 1.067797 1.402494 0.137163 -0.043090
1.677966 1.067797 1.356832 0.122380 -0.038264
1.728814 1.067797 1.317770 0.109006 -0.033357
1.779661 1.067797 1.284141 0.097534 -0.028943
1.830508 1.067797 1.253881 0.088205 -0.025325
1.881356 1.067797 1.227594 0.081552 -0.022817
1.932203 1.067797 1.195780 0.077607 -0.021754
1.983051 1.067797 1.176241 0.079648 -0.024825
2.033898 1.067797 1.111012 0.087156 -0.049703
2.084746 1.067797 1.098497 0.084618 -0.058346
2.135593 1.067797 1.083743 0.081718 -0.062545
2.186441 1.067797 1.075813 0.077563 -0.062277
2.237288 1.067797 1.068991 0.073093 -0.059717
2.288136 1.067797 1.063254 0.068341 -0.055827
2.338983 1.067797 1.058046 0.063417 -0.051284
2.389831 1.067797 1.053247 0.058374 -0.046495
2.440678 1.067797 1.048795 0.053263 -0.041720
2.491525 1.067797 1.044684 0.048124 -0.037117
2.542373 1.067797 1.040922 0.042993 -0.032780
2.593220 1.067797 1.037525 0.037899 -0.028749
2.644068 1.067797 1.034510 0.032864 -0.025029
2.694915 1.067797 1.031892 0.027905 -0.021587
2.745763 1.067797 1.029682 0.023032 -0.018359
2.796610 1.067797 1.027890 0.018251 -0.015241
2.847458 1.067797 1.026521 0.013563 -0.012088
2.898305 1.067797 1.025576 0.008963 -0.008698
2.949153 1.067797 1.025056 0.004447 -0.004793
3.000000 1.067797 1.024945 0.000000 0.000000

0.000000 1.118644 0.510315 0.000000 0.000000
0.050847 1.118644 12.376545 -0.092186 -1.970138
0.101695 1.118644 4.239510 0.394550 -2.057624
0.152542 1.118644 6.544978 0.363046 -0.991230
0.203390 1.118644 3.223505 0.726742 -0.413117
0.254237 1.118644 2.528753 0.756574 0.187412
0.305085 1.118644 2.007245 0.756568 0.517770
0.355932 1.118644 1.693754 0.668840 0.694633
0.406780 1.118644 1.677238 0.553934 0.823793
0.457627 1.118644 1.506691 0.453349 0.935747
0.508475 1.118644 1.791996 0.436317 1.050314
0.559322 1.118644 1.737924 0.520837 1.116794
0.610169 1.118644 1.770418 0.638128 1.185405
0.661017 1.118644 1.921032 0.799202 1.188354
0.711864 1.118644 1.630463 0.883501 1.199808
0.762712 1.118644 2.193033 0.907129 1.143184
0.813559 1.118644 1.774282 0.556758 1.100939
0.864407 1.118644 5.510017 -0.070120 0.939591
0.915254 1.118644 7.110007 -1.271166 1.127649
0.966102 1.118644 24.316672 0.199457 1.155248
1.016949 1.118644 2.056029 1.439022 0.703655
1.067797 1.118644 1.613510 1.153645 0.414429
1.118644 1.118644 1.540723 0.858071 0.251823
1.169492 1.118644 1.579415 0.655191 0.163219
1.220339 1.118644 1.644751 0.532540 0.105835
1.271186 1.118644 1.702974 0.460689 0.059523
1.322034 1.118644 1.738188 0.417097 0.018881
1.372881 1.118644 1.742323 0.387490 -0.015645
1.423729 1.118644 1.714532 0.363156 -0.042285
1.474576 1.118644 1.661195 0.339122 -0.059924
1.525424 1.118644 1.593433 0.313247 -0.068838
1.576271 1.118644 1.522608 0.285511 -0.070608
1.627119 1.118644 1.456607 0.257142 -0.067509
1.677966 1.118644 1.398970 0.229737 -0.061788
1.728814 1.118644 1.349984 0.204637 -0.055207
1.779661 1.118644 1.308691 0.182738 -0.048965
1.830508 1.118644 1.272656 0.164419 -0.043846
1.881356 1.118644 1.242739 0.150118 -0.040471
1.932203 1.118644 1.210042 0.139373 -0.039929
1.983051 1.118644 1.194045 0.133959 -0.043542
2.033898 1.118644 1.140294 0.128944 -0.056133
2.084746 1.118644 1.122145 0.119363 -0.062174
2.135593 1.118644 1.104176 0.110266 -0.064531
2.186441 1.118644 1.092142 0.101236 -0.063554
2.237288 1.118644 1.082292 0.092737 -0.060560
2.288136 1.118644 1.074124 0.084703 -0.056372
2.338983 1.118644 1.067028 0.077085 -0.051590
2.389831 1.118644 1.060736 0.069816 -0.046603
2.440678 1.118644 1.055095 0.062846 -0.041665
2.491525 1.118644 1.050026 0.056139 -0.036934
2.542373 1.118644 1.045488 0.049671 -0.032498
2.593220 1.118644 1.041464 0.043423 -0.028400
2.644068 1.118644 1.037946 0.037383 -0.024638
2.694915 1.118644 1.034932 0.031538 -0.021179
2.745763 1.118644 1.032421 0.025878 -0.017957
2.796610 1.118644 1.030417 0.020391 -0.014869
2.847458 1.118644 1.028919 0.015067 -0.011770
2.898305 1.118644 1.027931 0.009897 -0.008458
2.949153 1.118644 1.027451 0.004875 -0.004659
3.000000 1.118644 1.027490 0.000000 0.000000

0.000000 1.169492 1.198351 0.000000 0.000000
0.050847 1.169492 6.827022 -0.017656 -0.333514
0.101695 1.169492 3.263657 0.406515 -0.577374
0.152542 1.169492 4.544285 0.510375 -0.209191
0.203390 1.169492 2.736322 0.771233 0.005180
0.254237 1.169492 2.180894 0.788977 0.297661
0.305085 1.169492 1.662883 0.756990 0.527496
0.355932 1.169492 1.415327 0.665535 0.691941
0.406780 1.169492 1.449335 0.574610 0.824708
0.457627 1.169492 1.348792 0.504085 0.938740
0.508475 1.169492 1.551490 0.485569 1.058252
0.559322 1.169492 1.621431 0.548658 1.129456
0.610169 1.169492 1.569699 0.627283 1.197086
0.661017 1.169492 1.886766 0.749588 1.205809
0.711864 1.169492 1.509148 0.786585 1.214416
0.762712 1.169492 2.223593 0.752443 1.175882
0.813559 1.169492 1.753160 0.341465 1.151259
0.864407 1.169492 5.836944 -0.159233 1.091743
0.915254 1.169492 6.147495 -0.960500 1.272464
0.966102 1.169492 14.850066 0.190617 1.472520
1.016949 1.169492 2.847753 1.238490 1.034486
1.067797 1.169492 2.149256 1.225521 0.721963
1.118644 1.169492 1.901911 1.065512 0.495615
1.169492 1.169492 1.817878 0.897778 0.340863
1.220339 1.169492 1.806980 0.765305 0.231136
1.271186 1.169492 1.822494 0.670550 0.147103
1.322034 1.169492 1.835996 0.603931 0.079384
1.372881 1.169492 1.830718 0.554781 0.024761
1.423729 1.169492 1.799375 0.514504 -0.017381
1.474576 1.169492 1.743048 0.477188 -0.047184
1.525424 1.169492 1.669364 0.439560 -0.065417
1.576271 1.169492 1.589004 0.400685 -0.073849
1.627119 1.169492 1.511465 0.361354 -0.075029
1.677966 1.169492 1.442435 0.323208 -0.071686
1.728814 1.169492 1.383613 0.287894 -0.066178
1.779661 1.169492 1.334409 0.256605 -0.060241
1.830508 1.169492 1.292581 0.229888 -0.055084
1.881356 1.169492 1.257290 0.207941 -0.051507
1.932203 1.169492 1.223848 0.190215 -0.050534
1.983051 1.169492 1.196901 0.176438 -0.052273
2.033898 1.169492 1.162261 0.163491 -0.058952
2.084746 1.169492 1.139946 0.149300 -0.062487
2.135593 1.169492 1.121070 0.135746 -0.063556
2.186441 1.169492 1.106455 0.122956 -0.062165
2.237288 1.169492 1.094411 0.111156 -0.059085
2.288136 1.169492 1.084295 0.100289 -0.054938
2.338983 1.169492 1.075575 0.090250 -0.050228
2.389831 1.169492 1.067940 0.080919 -0.045315
2.440678 1.169492 1.061192 0.072190 -0.040444
2.491525 1.169492 1.055210 0.063976 -0.035775
2.542373 1.169492 1.049923 0.056209 -0.031400
2.593220 1.169492 1.045287 0.048834 -0.027364
2.644068 1.169492 1.041273 0.041808 -0.023668
2.694915 1.169492 1.037867 0.035093 -0.020284
2.745763 1.169492 1.035059 0.028659 -0.017147
2.796610 1.169492 1.032844 0.022478 -0.014160
2.847458 1.169492 1.031221 0.016531 -0.011184
2.898305 1.169492 1.030193 0.010803 -0.008024
2.949153 1.169492 1.029756 0.005289 -0.004416
3.000000 1.169492 1.029952 0.000000 0.000000

0.000000 1.220339 1.675789 0.000000 0.000000
0.050847 1.220339 4.802933 0.073967 0.184367
0.101695 1.220339 2.598944 0.394824 0.092774
0.152542 1.220339 3.528507 0.530313 0.233051
0.203390 1.220339 2.400288 0.734595 0.296983
0.254237 1.220339 2.083497 0.765422 0.415577
0.305085 1.220339 1.614985 0.748755 0.543859
0.355932 1.220339 1.345410 0.672466 0.671549
0.406780 1.220339 1.350843 0.595684 0.795178
0.457627 1.220339 1.278694 0.541026 0.905836
0.508475 1.220339 1.384346 0.517549 1.024399
0.559322 1.220339 1.550716 0.561844 1.100991
0.610169 1.220339 1.420545 0.609089 1.170776
0.661017 1.220339 1.865936 0.696264 1.192214
0.711864 1.220339 1.437990 0.697541 1.204424
0.762712 1.220339 2.232430 0.627421 1.189494
0.813559 1.220339 1.718262 0.221607 1.192159
0.864407 1.220339 5.569660 -0.156842 1.230081
0.915254 1.220339 5.267005 -0.659003 1.388480
0.966102 1.220339 10.793311 0.192075 1.625540
1.016949 1.220339 3.181282 1.091881 1.256203
1.067797 1.220339 2.441462 1.196666 0.967870
1.118644 1.220339 2.141529 1.142775 0.723479
1.169492 1.220339 2.004296 1.034369 0.529806
1.220339 1.220339 1.951814 0.923203 0.378973
1.271186 1.220339 1.938823 0.828739 0.259789
1.322034 1.220339 1.934382 0.753478 0.164182
1.372881 1.220339 1.918481 0.693063 0.087811
1.423729 1.220339 1.880783 0.641555 0.028583
1.474576 1.220339 1.819504 0.593847 -0.014827
1.525424 1.220339 1.739858 0.546622 -0.043943
1.576271 1.220339 1.651353 0.498594 -0.060926
1.627119 1.220339 1.563944 0.450247 -0.068550
1.677966 1.220339 1.484745 0.403159 -0.069799
1.728814 1.220339 1.416784 0.359142 -0.067382
1.779661 1.220339 1.360129 0.319613 -0.063413
1.830508 1.220339 1.312745 0.285266 -0.059416
1.881356 1.220339 1.273365 0.256222 -0.056381
1.932203 1.220339 1.237989 0.231828 -0.055146
1.983051 1.220339 1.209264 0.211345 -0.055759
2.033898 1.220339 1.178293 0.192753 -0.058707
2.084746 1.220339 1.154766 0.174669 -0.060388
2.135593 1.220339 1.134895 0.157732 -0.060460
2.186441 1.220339 1.118672 0.142016 -0.058798
2.237288 1.220339 1.105051 0.127602 -0.055790
2.288136 1.220339 1.093449 0.114415 -0.051866
2.338983 1.220339 1.083408 0.102329 -0.047424
2.389831 1.220339 1.074625 0.091204 -0.042775
2.440678 1.220339 1.066896 0.080907 -0.038149
2.491525 1.220339 1.060085 0.071325 -0.033700
2.542373 1.220339 1.054102 0.062362 -0.029522
2.593220 1.220339 1.048888 0.053938 -0.025664
2.644068 1.220339 1.044403 0.045987 -0.022136
2.694915 1.220339 1.040622 0.038453 -0.018911
2.745763 1.220339 1.037528 0.031287 -0.015935
2.796610 1.220339 1.035110 0.024450 -0.013118
2.847458 1.220339 1.033365 0.017912 -0.010331
2.898305 1.220339 1.032300 0.011656 -0.007396
2.949153 1.220339 1.031906 0.005677 -0.004064
3.000000 1.220339 1.032258 0.000000 0.000000

0.000000 1.271186 1.948243 0.000000 0.000000
0.050847 1.271186 4.081979 0.120530 0.307463
0.101695 1.271186 2.328287 0.376241 0.342992
0.152542 1.271186 3.097327 0.501735 0.440567
0.203390 1.271186 2.266871 0.673521 0.462334
0.254237 1.271186 2.093452 0.717067 0.509143
0.305085 1.271186 1.702130 0.725216 0.571347
0.355932 1.271186 1.409225 0.674670 0.657208
0.406780 1.271186 1.362654 0.612787 0.760101
0.457627 1.271186 1.303014 0.569345 0.858491
0.508475 1.271186 1.307405 0.540259 0.969381
0.559322 1.271186 1.540651 0.567933 1.047957
0.610169 1.271186 1.333877 0.589742 1.119062
0.661017 1.271186 1.861388 0.646061 1.154520
0.711864 1.271186 1.406641 0.623182 1.174176
0.762712 1.271186 2.243771 0.539452 1.182475
0.813559 1.271186 1.672591 0.180575 1.211803
0.864407 1.271186 4.893011 -0.116127 1.329209
0.915254 1.271186 4.602868 -0.414151 1.463615
0.966102 1.271186 8.524685 0.201497 1.718448
1.016949 1.271186 3.383271 0.976663 1.404174
1.067797 1.271186 2.632496 1.131136 1.144374
1.118644 1.271186 2.334906 1.145240 0.904719
1.169492 1.271186 2.181442 1.091683 0.695597
1.220339 1.271186 2.105789 1.013243 0.520257
1.271186 1.271186 2.071100 0.933508 0.375612
1.322034 1.271186 2.048932 0.861801 0.257245
1.372881 1.271186 2.018884 0.799044 0.161688
1.423729 1.271186 1.969444 0.742440 0.086562
1.474576 1.271186 1.897752 0.688470 0.029958
1.525424 1.271186 1.808177 0.634511 -0.010163
1.576271 1.271186 1.709717 0.579513 -0.036289
1.627119 1.271186 1.612362 0.524024 -0.051348
1.677966 1.271186 1.523751 0.469696 -0.058431
1.728814 1.271186 1.447576 0.418497 -0.060389
1.779661 1.271186 1.384214 0.372030 -0.059543
1.830508 1.271186 1.331866 0.331143 -0.057620
1.881356 1.271186 1.288603 0.295962 -0.055756
1.932203 1.271186 1.251477 0.265897 -0.054764
1.983051 1.271186 1.220234 0.240061 -0.054737
2.033898 1.271186 1.191135 0.217032 -0.055840
2.084746 1.271186 1.167022 0.195750 -0.056327
2.135593 1.271186 1.146472 0.176161 -0.055752
2.186441 1.271186 1.129131 0.158169 -0.053950
2.237288 1.271186 1.114318 0.141716 -0.051104
2.288136 1.271186 1.101543 0.126687 -0.047501
2.338983 1.271186 1.090417 0.112939 -0.043440
2.389831 1.271186 1.080662 0.100323 -0.039181
2.440678 1.271186 1.072079 0.088695 -0.034923
2.491525 1.271186 1.064530 0.077929 -0.030812
2.542373 1.271186 1.057918 0.067916 -0.026940
2.593220 1.271186 1.052176 0.058560 -0.023359
2.644068 1.271186 1.047256 0.049781 -0.020082
2.694915 1.271186 1.043124 0.041506 -0.017093
2.745763 1.271186 1.039761 0.033677 -0.014345
2.796610 1.271186 1.037151 0.026244 -0.011760
2.847458 1.271186 1.035291 0.019168 -0.009225
2.898305 1.271186 1.034190 0.012430 -0.006582
2.949153 1.271186 1.033836 0.006028 -0.003608
3.000000 1.271186 1.034337 0.000000 0.000000

0.000000 1.322034 2.179023 0.000000 0.000000
0.050847 1.322034 3.699815 0.131803 0.330260
0.101695 1.322034 2.261000 0.339485 0.423620
0.152542 1.322034 2.907697 0.450900 0.529010
0.203390 1.322034 2.249185 0.601907 0.548550
0.254237 1.322034 2.148631 0.654986 0.573294
0.305085 1.322034 1.841675 0.684898 0.601546
0.355932 1.322034 1.552901 0.662393 0.652711
0.406780 1.322034 1.451859 0.617975 0.730724
0.457627 1.322034 1.407535 0.586245 0.810663
0.508475 1.322034 1.310387 0.554354 0.908073
0.559322 1.322034 1.592475 0.569084 0.983774
0.610169 1.322034 1.310765 0.572037 1.053198
0.661017 1.322034 1.883373 0.603333 1.099919
0.711864 1.322034 1.409998 0.566499 1.127677
0.762712 1.322034 2.267284 0.485480 1.156420
0.813559 1.322034 1.650417 0.194867 1.203603
0.864407 1.322034 4.071782 -0.056597 1.368922
0.915254 1.322034 4.075631 -0.237910 1.495319
0.966102 1.322034 7.151936 0.216868 1.750843
1.016949 1.322034 3.535157 0.879803 1.491813
1.067797 1.322034 2.782539 1.052456 1.258102
1.118644 1.322034 2.497920 1.105980 1.033958
1.169492 1.322034 2.348708 1.094962 0.825507
1.220339 1.322034 2.263261 1.049846 0.640334
1.271186 1.322034 2.211473 0.991450 0.481120
1.322034 1.322034 2.170463 0.931143 0.347312
1.372881 1.322034 2.122591 0.872959 0.237246
1.423729 1.322034 2.057328 0.816670 0.149105
1.474576 1.322034 1.971919 0.760478 0.081003
1.525424 1.322034 1.870420 0.702799 0.030774
1.576271 1.322034 1.761403 0.643182 -0.004169
1.627119 1.322034 1.654595 0.582523 -0.026784
1.677966 1.322034 1.557653 0.522712 -0.040143
1.728814 1.322034 1.474449 0.465927 -0.047103
1.779661 1.322034 1.405447 0.413957 -0.050053
1.830508 1.322034 1.348875 0.367804 -0.050821
1.881356 1.322034 1.302490 0.327667 -0.050671
1.932203 1.322034 1.263532 0.293046 -0.050452
1.983051 1.322034 1.230828 0.263080 -0.050448
2.033898 1.322034 1.201875 0.236634 -0.050771
2.084746 1.322034 1.177250 0.212768 -0.050648
2.135593 1.322034 1.156089 0.191090 -0.049753
2.186441 1.322034 1.137922 0.171335 -0.047958
2.237288 1.322034 1.122206 0.153319 -0.045356
2.288136 1.322034 1.108515 0.136872 -0.042138
2.338983 1.322034 1.096514 0.121827 -0.038528
2.389831 1.322034 1.085951 0.108024 -0.034734
2.440678 1.322034 1.076641 0.095319 -0.030929
2.491525 1.322034 1.068451 0.083579 -0.027241
2.542373 1.322034 1.061285 0.072689 -0.023757
2.593220 1.322034 1.055071 0.062546 -0.020528
2.644068 1.322034 1.049758 0.053060 -0.017573
2.694915 1.322034 1.045308 0.044152 -0.014881
2.745763 1.322034 1.041697 0.035751 -0.012417
2.796610 1.322034 1.038910 0.027801 -0.010118
2.847458 1.322034 1.036942 0.020258 -0.007890
2.898305 1.322034 1.035804 0.013102 -0.005598
2.949153 1.322034 1.035485 0.006331 -0.003054
3.000000 1.322034 1.036119 0.000000 0.000000

0.000000 1.372881 2.360932 0.000000 0.000000
0.050847 1.372881 3.362795 0.120108 0.320526
0.101695 1.372881 2.288955 0.283272 0.435474
0.152542 1.372881 2.805245 0.386165 0.555116
0.203390 1.372881 2.281312 0.521529 0.585453
0.254237 1.372881 2.217952 0.581622 0.609440
0.305085 1.372881 1.986701 0.627422 0.625409
0.355932 1.372881 1.734950 0.630461 0.653609
0.406780 1.372881 1.588302 0.604762 0.708771
0.457627 1.372881 1.572805 0.586902 0.768682
0.508475 1.372881 1.378394 0.556811 0.848820
0.559322 1.372881 1.699305 0.563620 0.917508
0.610169 1.372881 1.346600 0.554835 0.981514
0.661017 1.372881 1.939227 0.568089 1.034960
0.711864 1.372881 1.449394 0.525964 1.068520
0.762712 1.372881 2.299075 0.455526 1.113613
0.813559 1.372881 1.680545 0.236826 1.166776
0.864407 1.372881 3.391088 0.018818 1.343451
0.915254 1.372881 3.544773 -0.117858 1.475977
0.966102 1.372881 6.285310 0.228787 1.712963
1.016949 1.372881 3.700259 0.796183 1.516558
1.067797 1.372881 2.926770 0.974769 1.312121
1.118644 1.372881 2.640376 1.046698 1.109789
1.169492 1.372881 2.498057 1.064010 0.913198
1.220339 1.372881 2.411145 1.047125 0.730302
1.271186 1.372881 2.348230 1.011143 0.566894
1.322034 1.372881 2.290557 0.966130 0.425541
1.372881 1.372881 2.224367 0.917046 0.306647
1.423729 1.372881 2.141516 0.865210 0.209474
1.474576 1.372881 2.040405 0.810229 0.132617
1.525424 1.372881 1.925506 0.751591 0.074114
1.576271 1.372881 1.805371 0.689606 0.031495
1.627119 1.372881 1.689492 0.625704 0.001932
1.677966 1.372881 1.585245 0.562150 -0.017499
1.728814 1.372881 1.496277 0.501394 -0.029536
1.779661 1.372881 1.422831 0.445422 -0.036514
1.830508 1.372881 1.362989 0.395382 -0.040285
1.881356 1.372881 1.314200 0.351564 -0.042192
1.932203 1.372881 1.273764 0.313559 -0.043165
1.983051 1.372881 1.239905 0.280568 -0.043666
2.033898 1.372881 1.210688 0.251601 -0.043915
2.084746 1.372881 1.185633 0.225776 -0.043655
2.135593 1.372881 1.163975 0.202531 -0.042733
2.186441 1.372881 1.145181 0.181469 -0.041096
2.237288 1.372881 1.128770 0.162308 -0.038815
2.288136 1.372881 1.114360 0.144821 -0.036031
2.338983 1.372881 1.101655 0.128816 -0.032917
2.389831 1.372881 1.090428 0.114125 -0.029638
2.440678 1.372881 1.080510 0.100599 -0.026339
2.491525 1.372881 1.071776 0.088106 -0.023130
2.542373 1.372881 1.064132 0.076529 -0.020092
2.593220 1.372881 1.057507 0.065763 -0.017271
2.644068 1.372881 1.051848 0.055714 -0.014689
2.694915 1.372881 1.047115 0.046296 -0.012343
2.745763 1.372881 1.043283 0.037435 -0.010208
2.796610 1.372881 1.040334 0.029067 -0.008237
2.847458 1.372881 1.038263 0.021146 -0.006358
2.898305 1.372881 1.037086 0.013648 -0.004467
2.949153 1.372881 1.036792 0.006578 -0.002416
3.000000 1.372881 1.037538 0.000000 0.000000

0.000000 1.423729 2.441682 0.000000 0.000000
0.050847 1.423729 3.044057 0.092935 0.291281
0.101695 1.423729 2.358885 0.215796 0.415228
0.152542 1.423729 2.730927 0.313813 0.543763
0.203390 1.423729 2.329073 0.434349 0.587726
0.254237 1.423729 2.286244 0.498888 0.619166
0.305085 1.423729 2.113930 0.554421 0.635355
0.355932 1.423729 1.921530 0.577905 0.652357
0.406780 1.423729 1.744482 0.569882 0.690296
0.457627 1.423729 1.773197 0.567347 0.732947
0.508475 1.423729 1.495557 0.543624 0.794584
0.559322 1.423729 1.848116 0.547992 0.853891
0.610169 1.423729 1.434260 0.534433 0.909085
0.661017 1.423729 2.028460 0.536794 0.964655
0.711864 1.423729 1.528634 0.496560 0.999949
0.762712 1.423729 2.334111 0.438539 1.056040
0.813559 1.423729 1.768228 0.284589 1.105816
0.864407 1.423729 2.958470 0.106474 1.267678
0.915254 1.423729 3.045391 -0.012842 1.402851
0.966102 1.423729 5.381456 0.230957 1.628063
1.016949 1.423729 3.893295 0.707484 1.485960
1.067797 1.423729 3.093354 0.900033 1.311488
1.118644 1.423729 2.777578 0.981304 1.133770
1.169492 1.423729 2.628981 1.014921 0.956024
1.220339 1.423729 2.538892 1.018592 0.784685
1.271186 1.423729 2.467489 1.002246 0.626314
1.322034 1.423729 2.395883 0.972992 0.485311
1.372881 1.423729 2.312956 0.935033 0.363814
1.423729 1.423729 2.213163 0.890137 0.262312
1.474576 1.423729 2.096667 0.838787 0.180157
1.525424 1.423729 1.968873 0.781368 0.115857
1.576271 1.423729 1.838586 0.718963 0.067280
1.627119 1.423729 1.715059 0.653605 0.031903
1.677966 1.423729 1.605177 0.587997 0.007093
1.728814 1.423729 1.512090 0.524882 -0.009649
1.779661 1.423729 1.435633 0.466435 -0.020513
1.830508 1.423729 1.373627 0.413927 -0.027300
1.881356 1.423729 1.323276 0.367728 -0.031392
1.932203 1.423729 1.281827 0.327508 -0.033791
1.983051 1.423729 1.247225 0.292530 -0.035117
2.033898 1.423729 1.217684 0.261892 -0.035726
2.084746 1.423729 1.192285 0.234744 -0.035666
2.135593 1.423729 1.170239 0.210443 -0.034948
2.186441 1.423729 1.150974 0.188510 -0.033603
2.237288 1.423729 1.134035 0.168591 -0.031716
2.288136 1.423729 1.119069 0.150416 -0.029408
2.338983 1.423729 1.105807 0.133770 -0.026820
2.389831 1.423729 1.094046 0.118477 -0.024085
2.440678 1.423729 1.083630 0.104386 -0.021325
2.491525 1.423729 1.074445 0.091367 -0.018632
2.542373 1.423729 1.066400 0.079304 -0.016075
2.593220 1.423729 1.059428 0.068094 -0.013700
2.644068 1.423729 1.053473 0.057641 -0.011527
2.694915 1.423729 1.048496 0.047856 -0.009559
2.745763 1.423729 1.044469 0.038662 -0.007784
2.796610 1.423729 1.041374 0.029991 -0.006170
2.847458 1.423729 1.039207 0.021794 -0.004672
2.898305 1.423729 1.037987 0.014047 -0.003219
2.949153 1.423729 1.037703 0.006757 -0.001710
3.000000 1.423729 1.038536 0.000000 0.000000

0.000000 1.474576 2.443419 0.000000 0.000000
0.050847 1.474576 2.783367 0.059395 0.250540
0.101695 1.474576 2.432506 0.148357 0.378994
0.152542 1.474576 2.666571 0.239774 0.508297
0.203390 1.474576 2.377422 0.344085 0.564016
0.254237 1.474576 2.347271 0.409882 0.604597
0.305085 1.474576 2.217774 0.469487 0.626613
0.355932 1.474576 2.090572 0.507200 0.641472
0.406780 1.474576 1.900419 0.513862 0.668697
0.457627 1.474576 1.980735 0.526180 0.699584
0.508475 1.474576 1.645803 0.511905 0.744120
0.559322 1.474576 2.021927 0.518658 0.793795
0.610169 1.474576 1.565889 0.506373 0.838004
0.661017 1.474576 2.145082 0.504302 0.892006
0.711864 1.474576 1.650635 0.471571 0.924826
0.762712 1.474576 2.376399 0.425650 0.985815
0.813559 1.474576 1.902124 0.324899 1.027899
0.864407 1.474576 2.742642 0.193779 1.163003
0.915254 1.474576 2.709124 0.098254 1.286164
0.966102 1.474576 4.381365 0.235994 1.499007
1.016949 1.474576 3.968772 0.609417 1.413340
1.067797 1.474576 3.280343 0.819613 1.267319
1.118644 1.474576 2.927122 0.913921 1.113102
1.169492 1.474576 2.752790 0.958510 0.956729
1.220339 1.474576 2.648253 0.975966 0.802555
1.271186 1.474576 2.564476 0.974601 0.656171
1.322034 1.474576 2.478927 0.958971 0.522373
1.372881 1.474576 2.380694 0.931810 0.404273
1.423729 1.474576 2.265756 0.894549 0.303345
1.474576 1.474576 2.135769 0.848007 0.219730
1.525424 1.474576 1.997096 0.793186 0.152545
1.576271 1.474576 1.858827 0.731825 0.100165
1.627119 1.474576 1.729903 0.666527 0.060533
1.677966 1.474576 1.616561 0.600410 0.031440
1.728814 1.474576 1.521286 0.536478 0.010732
1.779661 1.474576 1.443405 0.477049 -0.003551
1.830508 1.474576 1.380442 0.423472 -0.013099
1.881356 1.474576 1.329411 0.376171 -0.019283
1.932203 1.474576 1.287515 0.334873 -0.023158
1.983051 1.474576 1.252569 0.298898 -0.025458
2.033898 1.474576 1.222844 0.267403 -0.026664
2.084746 1.474576 1.197240 0.239572 -0.027019
2.135593 1.474576 1.174936 0.214731 -0.026668
2.186441 1.474576 1.155342 0.192360 -0.025719
2.237288 1.474576 1.138019 0.172062 -0.024285
2.288136 1.474576 1.122636 0.153539 -0.022485
2.338983 1.474576 1.108947 0.136561 -0.020441
2.389831 1.474576 1.096768 0.120947 -0.018267
2.440678 1.474576 1.085959 0.106546 -0.016061
2.491525 1.474576 1.076413 0.093233 -0.013902
2.542373 1.474576 1.068045 0.080895 -0.011848
2.593220 1.474576 1.060789 0.069431 -0.009938
2.644068 1.474576 1.054590 0.058746 -0.008193
2.694915 1.474576 1.049409 0.048752 -0.006623
2.745763 1.474576 1.045215 0.039369 -0.005224
2.796610 1.474576 1.041991 0.030526 -0.003984
2.847458 1.474576 1.039733 0.022172 -0.002883
2.898305 1.474576 1.038462 0.014281 -0.001889
2.949153 1.474576 1.038170 0.006862 -0.000954
3.000000 1.474576 1.039058 0.000000 0.000000

0.000000 1.525424 2.419398 0.000000 0.000000
0.050847 1.525424 2.609465 0.028386 0.207031
0.101695 1.525424 2.483363 0.089390 0.335512
0.152542 1.525424 2.610943 0.168601 0.458056
0.203390 1.525424 2.420532 0.255005 0.521336
0.254237 1.525424 2.399468 0.318330 0.569145
0.305085 1.525424 2.302181 0.377222 0.597836
0.355932 1.525424 2.232475 0.422935 0.615724
0.406780 1.525424 2.046378 0.440385 0.637553
0.457627 1.525424 2.172299 0.465155 0.662579
0.508475 1.525424 1.813948 0.461371 0.693343
0.559322 1.525424 2.201700 0.473755 0.734946
0.610169 1.525424 1.731507 0.467246 0.767784
0.661017 1.525424 2.278711 0.465959 0.817876
0.711864 1.525424 1.812383 0.444595 0.845331
0.762712 1.525424 2.433228 0.410687 0.905513
0.813559 1.525424 2.065192 0.351306 0.939570
0.864407 1.525424 2.666594 0.265981 1.046110
0.915254 1.525424 2.575432 0.203806 1.144926
0.966102 1.525424 3.570174 0.262746 1.325604
1.016949 1.525424 3.783808 0.522623 1.303574
1.067797 1.525424 3.399931 0.729741 1.191473
1.118644 1.525424 3.071463 0.841005 1.059753
1.169492 1.525424 2.872573 0.897917 0.924024
1.220339 1.525424 2.744270 0.926202 0.788757
1.271186 1.525424 2.641213 0.935841 0.658114
1.322034 1.525424 2.538742 0.930680 0.536213
1.372881 1.525424 2.425006 0.912424 0.426266
1.423729 1.525424 2.296323 0.881987 0.330220
1.474576 1.525424 2.155104 0.840226 0.248791
1.525424 1.525424 2.008258 0.788515 0.181669
1.576271 1.525424 1.864874 0.729093 0.127805
1.627119 1.525424 1.733337 0.665017 0.085706
1.677966 1.525424 1.619038 0.599723 0.053687
1.728814 1.525424 1.523667 0.536385 0.030018
1.779661 1.525424 1.446008 0.477377 0.013031
1.830508 1.525424 1.383310 0.424065 0.001198
1.881356 1.525424 1.332479 0.376885 -0.006799
1.932203 1.525424 1.290723 0.335594 -0.012032
1.983051 1.525424 1.255841 0.299560 -0.015307
2.033898 1.525424 1.226154 0.267993 -0.017200
2.084746 1.525424 1.200513 0.240114 -0.018078
2.135593 1.525424 1.178090 0.215255 -0.018186
2.186441 1.525424 1.158302 0.192882 -0.017698
2.237288 1.525424 1.140724 0.172585 -0.016755
2.288136 1.525424 1.125050 0.154053 -0.015482
2.338983 1.525424 1.111053 0.137052 -0.013990
2.389831 1.525424 1.098566 0.121399 -0.012379
2.440678 1.525424 1.087463 0.106948 -0.010729
2.491525 1.525424 1.077643 0.093580 -0.009107
2.542373 1.525424 1.069028 0.081186 -0.007559
2.593220 1.525424 1.061553 0.069670 -0.006119
2.644068 1.525424 1.055165 0.058940 -0.004809
2.694915 1.525424 1.049820 0.048908 -0.003639
2.745763 1.525424 1.045489 0.039494 -0.002619
2.796610 1.525424 1.042152 0.030624 -0.001753
2.847458 1.525424 1.039806 0.022245 -0.001051
2.898305 1.525424 1.038474 0.014328 -0.000520
2.949153 1.525424 1.038150 0.006882 -0.000170
3.000000 1.525424 1.039055 0.000000 0.000000

0.000000 1.576271 2.401730 0.000000 0.000000
0.050847 1.576271 2.514023 0.004213 0.167352
0.101695 1.576271 2.504540 0.041524 0.289781
0.152542 1.576271 2.567909 0.102990 0.400321
0.203390 1.576271 2.457666 0.170656 0.466149
0.254237 1.576271 2.444722 0.227788 0.517372
0.305085 1.576271 2.375350 0.282285 0.550730
0.355932 1.576271 2.348488 0.330524 0.573067
0.406780 1.576271 2.182732 0.354925 0.592726
0.457627 1.576271 2.337263 0.388630 0.616275
0.508475 1.576271 1.990161 0.394679 0.637297
0.559322 1.576271 2.373506 0.414072 0.673302
0.610169 1.576271 1.921212 0.415985 0.696154
0.661017 1.576271 2.420584 0.419206 0.741392
0.711864 1.576271 2.005819 0.411275 0.762632
0.762712 1.576271 2.511108 0.389975 0.817821
0.813559 1.576271 2.244635 0.362007 0.845272
0.864407 1.576271 2.668562 0.314797 0.926432
0.915254 1.576271 2.592663 0.286383 0.997825
0.966102 1.576271 3.095739 0.308977 1.132033
1.016949 1.576271 3.445812 0.469015 1.157798
1.067797 1.576271 3.364637 0.643764 1.088132
1.118644 1.576271 3.149000 0.762719 0.982916
1.169492 1.576271 2.962545 0.832292 0.867889
1.220339 1.576271 2.818817 0.871048 0.751391
1.271186 1.576271 2.696052 0.889569 0.637567
1.322034 1.576271 2.575279 0.892204 0.529803
1.372881 1.576271 2.445877 0.880543 0.430894
1.423729 1.576271 2.304671 0.855345 0.342769
1.474576 1.576271 2.154476 0.817545 0.266393
1.525424 1.576271 2.002316 0.768806 0.201867
1.576271 1.576271 1.856873 0.711738 0.148668
1.627119 1.576271 1.725632 0.649719 0.105888
1.677966 1.576271 1.612901 0.586362 0.072394
1.728814 1.576271 1.519478 0.524871 0.046912
1.779661 1.576271 1.443604 0.467572 0.028095
1.830508 1.576271 1.382317 0.415762 0.014607
1.881356 1.576271 1.332503 0.369843 0.005221
1.932203 1.576271 1.291444 0.329579 -0.001119
1.983051 1.576271 1.257012 0.294372 -0.005250
2.033898 1.576271 1.227609 0.263484 -0.007805
2.084746 1.576271 1.202109 0.236182 -0.009226
2.135593 1.576271 1.179713 0.211827 -0.009825
2.186441 1.576271 1.159859 0.189898 -0.009821
2.237288 1.576271 1.142150 0.169990 -0.009381
2.288136 1.576271 1.126301 0.151796 -0.008635
2.338983 1.576271 1.112106 0.135086 -0.007688
2.389831 1.576271 1.099416 0.119684 -0.006628
2.440678 1.576271 1.088113 0.105452 -0.005522
2.491525 1.576271 1.078107 0.092277 -0.004424
2.542373 1.576271 1.069322 0.080058 -0.003371
2.593220 1.576271 1.061695 0.068705 -0.002392
2.644068 1.576271 1.055171 0.058129 -0.001505
2.694915 1.576271 1.049705 0.048245 -0.000726
2.745763 1.576271 1.045266 0.038973 -0.000072
2.796610 1.576271 1.041832 0.030238 0.000434
2.847458 1.576271 1.039399 0.021980 0.000754
2.898305 1.576271 1.037991 0.014169 0.000838
2.949153 1.576271 1.037607 0.006811 0.000615
3.000000 1.576271 1.038486 0.000000 0.000000

0.000000 1.627119 2.400230 0.000000 0.000000
0.050847 1.627119 2.471323 -0.013328 0.134331
0.101695 1.627119 2.505969 0.003274 0.244881
0.152542 1.627119 2.540845 0.044279 0.340652
0.203390 1.627119 2.489858 0.093468 0.404080
0.254237 1.627119 2.486382 0.141344 0.454249
0.305085 1.627119 2.444338 0.188980 0.488919
0.355932 1.627119 2.445169 0.235471 0.514292
0.406780 1.627119 2.313854 0.263642 0.532989
0.457627 1.627119 2.475508 0.302585 0.557032
0.508475 1.627119 2.169242 0.316874 0.571884
0.559322 1.627119 2.529547 0.343133 0.604576
0.610169 1.627119 2.124397 0.354361 0.619946
0.661017 1.627119 2.562883 0.364351 0.660439
0.711864 1.627119 2.216834 0.370240 0.676433
0.762712 1.627119 2.608768 0.362195 0.724462
0.813559 1.627119 2.428802 0.358041 0.747109
0.864407 1.627119 2.712550 0.339854 0.807619
0.915254 1.627119 2.683019 0.338799 0.856585
0.966102 1.627119 2.899816 0.355726 0.945460
1.016949 1.627119 3.156892 0.449869 0.988812
1.067797 1.627119 3.215863 0.579097 0.958691
1.118644 1.627119 3.123551 0.688695 0.884968
1.169492 1.627119 2.986718 0.764068 0.793450
1.220339 1.627119 2.850204 0.810951 0.696504
1.271186 1.627119 2.718246 0.836529 0.599906
1.322034 1.627119 2.584031 0.844852 0.507124
1.372881 1.627119 2.441936 0.837704 0.420651
1.423729 1.627119 2.290905 0.816075 0.342215
1.474576 1.627119 2.134660 0.781173 0.272797
1.525424 1.627119 1.980326 0.734994 0.212746
1.576271 1.627119 1.835937 0.680462 0.161974
1.627119 1.627119 1.707806 0.621149 0.120107
1.677966 1.627119 1.598990 0.560690 0.086536
1.728814 1.627119 1.509342 0.502175 0.060418
1.779661 1.627119 1.436616 0.447756 0.040716
1.830508 1.627119 1.377722 0.398586 0.026293
1.881356 1.627119 1.329624 0.354982 0.016031
1.932203 1.627119 1.289750 0.316689 0.008927
1.983051 1.627119 1.256110 0.283141 0.004147
2.033898 1.627119 1.227224 0.253651 0.001041
2.084746 1.627119 1.202038 0.227541 -0.000872
2.135593 1.627119 1.179809 0.204214 -0.001938
2.186441 1.627119 1.160014 0.183183 -0.002403
2.237288 1.627119 1.142288 0.164064 -0.002448
2.288136 1.627119 1.126375 0.146569 -0.002207
2.338983 1.627119 1.112089 0.130479 -0.001779
2.389831 1.627119 1.099296 0.115632 -0.001241
2.440678 1.627119 1.087889 0.101900 -0.000650
2.491525 1.627119 1.077783 0.089181 -0.000047
2.542373 1.627119 1.068906 0.077382 0.000537
2.593220 1.627119 1.061194 0.066420 0.001082
2.644068 1.627119 1.054591 0.056214 0.001570
2.694915 1.627119 1.049050 0.046680 0.001985
2.745763 1.627119 1.044533 0.037738 0.002300
2.796610 1.627119 1.041017 0.029313 0.002476
2.847458 1.627119 1.038495 0.021341 0.002451
2.898305 1.627119 1.036993 0.013784 0.002128
2.949153 1.627119 1.036510 0.006638 0.001370
3.000000 1.627119 1.037312 0.000000 0.000000

0.000000 1.677966 2.412239 0.000000 0.000000
0.050847 1.677966 2.457757 -0.026471 0.108267
0.101695 1.677966 2.503069 -0.028059 0.203247
0.152542 1.677966 2.530748 -0.007068 0.283044
0.203390 1.677966 2.521263 0.024873 0.339671
0.254237 1.677966 2.529715 0.061714 0.384536
0.305085 1.677966 2.515591 0.101179 0.416903
0.355932 1.677966 2.533345 0.143044 0.442292
0.406780 1.677966 2.446519 0.172647 0.459776
0.457627 1.677966 2.596809 0.213592 0.483975
0.508475 1.677966 2.352707 0.234270 0.495103
0.559322 1.677966 2.672844 0.266353 0.525743
0.610169 1.677966 2.335735 0.286414 0.536244
0.661017 1.677966 2.705426 0.304185 0.572548
0.711864 1.677966 2.434310 0.322850 0.585118
0.762712 1.677966 2.724870 0.328073 0.625579
0.813559 1.677966 2.611138 0.341956 0.645045
0.864407 1.677966 2.786082 0.345290 0.689585
0.915254 1.677966 2.792252 0.363259 0.723724
0.966102 1.677966 2.870009 0.387450 0.777865
1.016949 1.677966 3.001715 0.448574 0.817145
1.067797 1.677966 3.067184 0.538762 0.811842
1.118644 1.677966 3.037168 0.628214 0.767898
1.169492 1.677966 2.947340 0.699153 0.701967
1.220339 1.677966 2.830658 0.748152 0.626297
1.271186 1.677966 2.700981 0.777212 0.547904
1.322034 1.677966 2.561249 0.788625 0.470837
1.372881 1.677966 2.411930 0.783905 0.397634
1.423729 1.677966 2.255330 0.764261 0.329913
1.474576 1.677966 2.096807 0.731262 0.268645
1.525424 1.677966 1.943807 0.687272 0.214370
1.576271 1.677966 1.803632 0.635473 0.167382
1.627119 1.677966 1.681263 0.579506 0.127781
1.677966 1.677966 1.578431 0.522872 0.095407
1.728814 1.677966 1.494091 0.468396 0.069786
1.779661 1.677966 1.425611 0.417951 0.050146
1.830508 1.677966 1.369890 0.372472 0.035537
1.881356 1.677966 1.324057 0.332157 0.024962
1.932203 1.677966 1.285759 0.296719 0.017490
1.983051 1.677966 1.253192 0.265615 0.012329
2.033898 1.677966 1.225027 0.238212 0.008841
2.084746 1.677966 1.200313 0.213897 0.006545
2.135593 1.677966 1.178381 0.192127 0.005084
2.186441 1.677966 1.158762 0.172461 0.004204
2.237288 1.677966 1.141132 0.154550 0.003722
2.288136 1.677966 1.125261 0.138133 0.003506
2.338983 1.677966 1.110989 0.123013 0.003464
2.389831 1.677966 1.098192 0.109043 0.003528
2.440678 1.677966 1.086775 0.096113 0.003653
2.491525 1.677966 1.076658 0.084130 0.003807
2.542373 1.677966 1.067769 0.073014 0.003968
2.593220 1.677966 1.060042 0.062690 0.004121
2.644068 1.677966 1.053419 0.053083 0.004252
2.694915 1.677966 1.047848 0.044116 0.004342
2.745763 1.677966 1.043286 0.035711 0.004361
2.796610 1.677966 1.039704 0.027791 0.004257
2.847458 1.677966 1.037089 0.020286 0.003943
2.898305 1.677966 1.035466 0.013145 0.003278
2.949153 1.677966 1.034837 0.006355 0.002058
3.000000 1.677966 1.035498 0.000000 0.000000

0.000000 1.728814 2.428835 0.000000 0.000000
0.050847 1.728814 2.457235 -0.037198 0.088673
0.101695 1.728814 2.502564 -0.054379 0.166649
0.152542 1.728814 2.535243 -0.050755 0.230014
0.203390 1.728814 2.554077 -0.033892 0.276226
0.254237 1.728814 2.578462 -0.008288 0.312419
0.305085 1.728814 2.591328 0.022753 0.339259
0.355932 1.728814 2.622004 0.058464 0.361275
0.406780 1.728814 2.583412 0.087891 0.376431
0.457627 1.728814 2.711522 0.128238 0.398813
0.508475 1.728814 2.541678 0.153540 0.407365
0.559322 1.728814 2.808633 0.189883 0.435764
0.610169 1.728814 2.551261 0.217302 0.443228
0.661017 1.728814 2.848699 0.242753 0.475640
0.711864 1.728814 2.649277 0.271975 0.486333
0.762712 1.728814 2.854951 0.289421 0.519833
0.813559 1.728814 2.786080 0.316541 0.537295
0.864407 1.728814 2.882242 0.335684 0.570100
0.915254 1.728814 2.897440 0.365528 0.595554
0.966102 1.728814 2.915760 0.398341 0.627854
1.016949 1.728814 2.957352 0.446526 0.656040
1.067797 1.728814 2.979714 0.511352 0.661048
1.118644 1.728814 2.953781 0.579943 0.638894
1.169492 1.728814 2.882100 0.639591 0.596542
1.220339 1.728814 2.778205 0.684034 0.542493
1.271186 1.728814 2.652680 0.711670 0.483098
1.322034 1.728814 2.511554 0.722757 0.422474
1.372881 1.728814 2.359201 0.718100 0.363190
1.423729 1.728814 2.200930 0.698902 0.306844
1.474576 1.728814 2.043780 0.667003 0.254474
1.525424 1.728814 1.895463 0.625060 0.206870
1.576271 1.728814 1.762355 0.576403 0.164713
1.627119 1.728814 1.647971 0.524575 0.128519
1.677966 1.728814 1.552724 0.472771 0.098488
1.728814 1.728814 1.474794 0.423412 0.074422
1.779661 1.728814 1.411309 0.378002 0.055757
1.830508 1.728814 1.359280 0.337215 0.041702
1.881356 1.728814 1.316085 0.301109 0.031384
1.932203 1.728814 1.279636 0.269359 0.023968
1.983051 1.728814 1.248349 0.241450 0.018729
2.033898 1.728814 1.221065 0.216808 0.015074
2.084746 1.728814 1.196956 0.194888 0.012545
2.135593 1.728814 1.175438 0.175214 0.010803
2.186441 1.728814 1.156104 0.157399 0.009600
2.237288 1.728814 1.138674 0.141138 0.008761
2.288136 1.728814 1.122952 0.126204 0.008165
2.338983 1.728814 1.108795 0.112428 0.007728
2.389831 1.728814 1.096096 0.099685 0.007393
2.440678 1.728814 1.084765 0.087881 0.007123
2.491525 1.728814 1.074726 0.076938 0.006898
2.542373 1.728814 1.065907 0.066788 0.006701
2.593220 1.728814 1.058239 0.057367 0.006523
2.644068 1.728814 1.051658 0.048609 0.006354
2.694915 1.728814 1.046106 0.040445 0.006177
2.745763 1.728814 1.041533 0.032800 0.005959
2.796610 1.728814 1.037901 0.025597 0.005640
2.847458 1.728814 1.035187 0.018760 0.005113
2.898305 1.728814 1.033410 0.012223 0.004202
2.949153 1.728814 1.032573 0.005947 0.002631
3.000000 1.728814 1.033011 0.000000 0.000000

0.000000 1.779661 2.437935 0.000000 0.000000
0.050847 1.779661 2.454203 -0.046487 0.074574
0.101695 1.779661 2.506035 -0.076029 0.135876
0.152542 1.779661 2.548165 -0.085613 0.182528
0.203390 1.779661 2.591693 -0.080700 0.216073
0.254237 1.779661 2.634518 -0.064958 0.241518
0.305085 1.779661 2.673819 -0.041835 0.260596
0.355932 1.779661 2.719294 -0.012719 0.276604
0.406780 1.779661 2.726787 0.015203 0.288070
0.457627 1.779661 2.832791 0.052800 0.306084
0.508475 1.779661 2.740375 0.080903 0.312208
0.559322 1.779661 2.949251 0.119368 0.336840
0.610169 1.779661 2.775589 0.151844 0.341969
0.661017 1.779661 3.002302 0.183658 0.369974
0.711864 1.779661 2.865841 0.220213 0.379296
0.762712 1.779661 3.003713 0.247588 0.406523
0.813559 1.779661 2.959978 0.283437 0.422410
0.864407 1.779661 3.002248 0.313438 0.446997
0.915254 1.779661 3.004313 0.349861 0.467409
0.966102 1.779661 2.992386 0.387877 0.488392
1.016949 1.779661 2.978884 0.431179 0.507554
1.067797 1.779661 2.954447 0.481224 0.515450
1.118644 1.779661 2.904491 0.533044 0.506907
1.169492 1.779661 2.824442 0.579413 0.483257
1.220339 1.779661 2.717448 0.614956 0.448782
1.271186 1.779661 2.588905 0.636923 0.407786
1.322034 1.779661 2.444271 0.644394 0.363544
1.372881 1.779661 2.289456 0.637582 0.318281
1.423729 1.779661 2.131574 0.617593 0.273506
1.474576 1.779661 1.978598 0.586421 0.230406
1.525424 1.779661 1.837836 0.546861 0.190094
1.576271 1.779661 1.714234 0.502183 0.153638
1.627119 1.779661 1.609608 0.455611 0.121880
1.677966 1.779661 1.523105 0.409845 0.095261
1.728814 1.779661 1.452302 0.366785 0.073751
1.779661 1.779661 1.394267 0.327507 0.056932
1.830508 1.779661 1.346239 0.292407 0.044149
1.881356 1.779661 1.305913 0.261411 0.034655
1.932203 1.779661 1.271494 0.234165 0.027732
1.983051 1.779661 1.241637 0.210190 0.022743
2.033898 1.779661 1.215362 0.188981 0.019167
2.084746 1.779661 1.191971 0.170068 0.016596
2.135593 1.779661 1.170973 0.153048 0.014723
2.186441 1.779661 1.152030 0.137594 0.013327
2.237288 1.779661 1.134906 0.123456 0.012249
2.288136 1.779661 1.119437 0.110443 0.011383
2.338983 1.779661 1.105501 0.098420 0.010657
2.389831 1.779661 1.093002 0.087284 0.010025
2.440678 1.779661 1.081857 0.076961 0.009462
2.491525 1.779661 1.071989 0.067389 0.008951
2.542373 1.779661 1.063325 0.058514 0.008486
2.593220 1.779661 1.055793 0.050284 0.008061
2.644068 1.779661 1.049322 0.042644 0.007670
2.694915 1.779661 1.043844 0.035535 0.007298
2.745763 1.779661 1.039299 0.028890 0.006915
2.796610 1.779661 1.035635 0.022636 0.006461
2.847458 1.779661 1.032815 0.016691 0.005820
2.898305 1.779661 1.030843 0.010971 0.004789
2.949153 1.779661 1.029712 0.005398 0.003026
3.000000 1.779661 1.029813 0.000000 0.000000

0.000000 1.830508 2.425198 0.000000 0.000000
0.050847 1.830508 2.442645 -0.053541 0.064875
0.101695 1.830508 2.501032 -0.090670 0.109569
0.152542 1.830508 2.563212 -0.108112 0.139885
0.203390 1.830508 2.627449 -0.110834 0.160078
0.254237 1.830508 2.692891 -0.102539 0.174519
0.305085 1.830508 2.756470 -0.086235 0.185111
0.355932 1.830508 2.820793 -0.063635 0.194055
0.406780 1.830508 2.867024 -0.038801 0.200823
0.457627 1.830508 2.959570 -0.006086 0.212560
0.508475 1.830508 2.938525 0.022316 0.215971
0.559322 1.830508 3.093562 0.059675 0.234630
0.610169 1.830508 3.001994 0.093786 0.237391
0.661017 1.830508 3.163954 0.128863 0.259557
0.711864 1.830508 3.082098 0.168266 0.266994
0.762712 1.830508 3.167887 0.201612 0.288074
0.813559 1.830508 3.135569 0.241188 0.301922
0.864407 1.830508 3.141707 0.276704 0.320686
0.915254 1.830508 3.120794 0.315149 0.337719
0.966102 1.830508 3.083924 0.353755 0.353775
1.016949 1.830508 3.033656 0.393036 0.368390
1.067797 1.830508 2.969995 0.433135 0.377531
1.118644 1.830508 2.888189 0.471918 0.377582
1.169492 1.830508 2.785360 0.505626 0.367749
1.220339 1.830508 2.662055 0.530705 0.349407
1.271186 1.830508 2.521366 0.544776 0.324658
1.322034 1.830508 2.368264 0.546749 0.295449
1.372881 1.830508 2.209439 0.536694 0.263351
1.423729 1.830508 2.052794 0.515736 0.229723
1.474576 1.830508 1.906064 0.485939 0.195936
1.525424 1.830508 1.775070 0.450024 0.163426
1.576271 1.830508 1.662645 0.410916 0.133531
1.627119 1.830508 1.568750 0.371260 0.107253
1.677966 1.830508 1.491425 0.333090 0.085111
1.728814 1.830508 1.427892 0.297711 0.067139
1.779661 1.830508 1.375343 0.265766 0.053012
1.830508 1.830508 1.331336 0.237404 0.042198
1.881356 1.830508 1.293911 0.212445 0.034090
1.932203 1.830508 1.261571 0.190535 0.028100
1.983051 1.830508 1.233206 0.171249 0.023710
2.033898 1.830508 1.208011 0.154162 0.020490
2.084746 1.830508 1.185415 0.138892 0.018101
2.135593 1.830508 1.165023 0.125114 0.016289
2.186441 1.830508 1.146562 0.112570 0.014867
2.237288 1.830508 1.129842 0.101065 0.013706
2.288136 1.830508 1.114729 0.090453 0.012717
2.338983 1.830508 1.101118 0.080630 0.011845
2.389831 1.830508 1.088922 0.071521 0.011056
2.440678 1.830508 1.078063 0.063070 0.010330
2.491525 1.830508 1.068463 0.055234 0.009661
2.542373 1.830508 1.060044 0.047972 0.009045
2.593220 1.830508 1.052729 0.041246 0.008481
2.644068 1.830508 1.046439 0.035014 0.007966
2.694915 1.830508 1.041096 0.029231 0.007490
2.745763 1.830508 1.036625 0.023843 0.007030
2.796610 1.830508 1.032956 0.018785 0.006531
2.847458 1.830508 1.030026 0.013977 0.005888
2.898305 1.830508 1.027807 0.009317 0.004892
2.949153 1.830508 1.026270 0.004677 0.003155
3.000000 1.830508 1.025843 0.000000 0.000000

0.000000 1.881356 2.363065 0.000000 0.000000
0.050847 1.881356 2.393116 -0.056672 0.055320
0.101695 1.881356 2.489595 -0.093169 0.084397
0.152542 1.881356 2.568867 -0.110743 0.099123
0.203390 1.881356 2.660009 -0.116121 0.107712
0.254237 1.881356 2.746279 -0.112203 0.112897
0.305085 1.881356 2.833865 -0.101630 0.116367
0.355932 1.881356 2.919052 -0.085592 0.119234
0.406780 1.881356 2.996322 -0.066121 0.121536
0.457627 1.881356 3.088803 -0.040823 0.126963
0.508475 1.881356 3.125373 -0.016113 0.127790
0.559322 1.881356 3.243183 0.015422 0.139038
0.610169 1.881356 3.223919 0.046016 0.139596
0.661017 1.881356 3.335759 0.078699 0.154243
0.711864 1.881356 3.299978 0.114665 0.158921
0.762712 1.881356 3.348907 0.147570 0.173189
0.813559 1.881356 3.319948 0.184407 0.183548
0.864407 1.881356 3.299986 0.218649 0.197016
0.915254 1.881356 3.253496 0.253649 0.210398
0.966102 1.881356 3.188867 0.287608 0.223483
1.016949 1.881356 3.105554 0.320157 0.235944
1.067797 1.881356 3.005526 0.350711 0.246067
1.118644 1.881356 2.888744 0.378052 0.251704
1.169492 1.881356 2.755301 0.400226 0.251557
1.220339 1.881356 2.606793 0.415195 0.245391
1.271186 1.881356 2.446937 0.421436 0.233624
1.322034 1.881356 2.281666 0.418282 0.216996
1.372881 1.881356 2.118508 0.406038 0.196480
1.423729 1.881356 1.965103 0.385952 0.173328
1.474576 1.881356 1.827402 0.359998 0.149038
1.525424 1.881356 1.708497 0.330495 0.125155
1.576271 1.881356 1.608617 0.299681 0.103003
1.627119 1.881356 1.525995 0.269388 0.083483
1.677966 1.881356 1.457926 0.240883 0.067023
1.728814 1.881356 1.401581 0.214892 0.053645
1.779661 1.881356 1.354433 0.191691 0.043096
1.830508 1.881356 1.314413 0.171248 0.034978
1.881356 1.881356 1.279906 0.153344 0.028843
1.932203 1.881356 1.249698 0.137665 0.024261
1.983051 1.881356 1.222898 0.123873 0.020854
2.033898 1.881356 1.198870 0.111645 0.018306
2.084746 1.881356 1.177168 0.100697 0.016368
2.135593 1.881356 1.157488 0.090795 0.014852
2.186441 1.881356 1.139621 0.081758 0.013620
2.237288 1.881356 1.123422 0.073446 0.012577
2.288136 1.881356 1.108782 0.065762 0.011658
2.338983 1.881356 1.095614 0.058637 0.010826
2.389831 1.881356 1.083837 0.052021 0.010058
2.440678 1.881356 1.073374 0.045879 0.009342
2.491525 1.881356 1.064146 0.040183 0.008676
2.542373 1.881356 1.056070 0.034908 0.008060
2.593220 1.881356 1.049062 0.030029 0.007495
2.644068 1.881356 1.043036 0.025519 0.006982
2.694915 1.881356 1.037902 0.021349 0.006514
2.745763 1.881356 1.033569 0.017484 0.006077
2.796610 1.881356 1.029938 0.013877 0.005633
2.847458 1.881356 1.026911 0.010463 0.005103
2.898305 1.881356 1.024392 0.007138 0.004315
2.949153 1.881356 1.022272 0.003725 0.002882
3.000000 1.881356 1.020927 0.000000 0.000000

0.000000 1.932203 2.170618 0.000000 0.000000
0.050847 1.932203 2.339596 -0.048223 0.041555
0.101695 1.932203 2.438288 -0.069860 0.051583
0.152542 1.932203 2.561226 -0.080936 0.054476
0.203390 1.932203 2.669894 -0.083940 0.055590
0.254237 1.932203 2.778741 -0.082144 0.055508
0.305085 1.932203 2.883714 -0.076485 0.055069
0.355932 1.932203 2.986090 -0.067695 0.054545
0.406780 1.932203 3.083199 -0.056422 0.054059
0.457627 1.932203 3.181551 -0.041809 0.055030
0.508475 1.932203 3.253833 -0.026496 0.054140
0.559322 1.932203 3.353765 -0.007089 0.058360
0.610169 1.932203 3.384230 0.012478 0.057502
0.661017 1.932203 3.467855 0.033982 0.063904
0.711864 1.932203 3.467770 0.057528 0.065575
0.762712 1.932203 3.498587 0.080045 0.072364
0.813559 1.932203 3.475809 0.104716 0.077784
0.864407 1.932203 3.443896 0.128107 0.085235
0.915254 1.932203 3.382194 0.151550 0.093462
0.966102 1.932203 3.296780 0.173878 0.102409
1.016949 1.932203 3.186514 0.194663 0.111798
1.067797 1.932203 3.053604 0.213247 0.120810
1.118644 1.932203 2.900469 0.228842 0.128170
1.169492 1.932203 2.730811 0.240423 0.132654
1.220339 1.932203 2.550281 0.246968 0.133416
1.271186 1.932203 2.366493 0.247793 0.130101
1.322034 1.932203 2.188011 0.242803 0.122874
1.372881 1.932203 2.022611 0.232571 0.112394
1.423729 1.932203 1.875692 0.218223 0.099701
1.474576 1.932203 1.749574 0.201181 0.086003
1.525424 1.932203 1.643868 0.182880 0.072431
1.576271 1.932203 1.556434 0.164537 0.059856
1.627119 1.932203 1.484374 0.147043 0.048814
1.677966 1.932203 1.424740 0.130949 0.039526
1.728814 1.932203 1.374897 0.116516 0.031983
1.779661 1.932203 1.332667 0.103789 0.026026
1.830508 1.932203 1.296324 0.092676 0.021425
1.881356 1.932203 1.264555 0.083003 0.017927
1.932203 1.932203 1.236387 0.074566 0.015293
1.983051 1.932203 1.211122 0.067158 0.013312
2.033898 1.932203 1.188272 0.060592 0.011807
2.084746 1.932203 1.167505 0.054708 0.010641
2.135593 1.932203 1.148599 0.049375 0.009707
2.186441 1.932203 1.131406 0.044495 0.008928
2.237288 1.932203 1.115817 0.039996 0.008252
2.288136 1.932203 1.101748 0.035827 0.007644
2.338983 1.932203 1.089122 0.031953 0.007084
2.389831 1.932203 1.077865 0.028352 0.006561
2.440678 1.932203 1.067896 0.025006 0.006070
2.491525 1.932203 1.059134 0.021902 0.005611
2.542373 1.932203 1.051491 0.019029 0.005184
2.593220 1.932203 1.044877 0.016376 0.004792
2.644068 1.932203 1.039198 0.013931 0.004436
2.694915 1.932203 1.034353 0.011681 0.004113
2.745763 1.932203 1.030231 0.009610 0.003817
2.796610 1.932203 1.026702 0.007699 0.003530
2.847458 1.932203 1.023613 0.005914 0.003215
2.898305 1.932203 1.020731 0.004186 0.002783
2.949153 1.932203 1.017993 0.002378 0.001994
3.000000 1.932203 1.014229 0.000000 0.000000

0.000000 1.983051 1.000000 0.000000 0.000000
0.050847 1.983051 2.156826 0.000000 0.000000
0.101695 1.983051 2.392758 0.000000 0.000000
0.152542 1.983051 2.539181 0.000000 0.000000
0.203390 1.983051 2.667837 0.000000 0.000000
0.254237 1.983051 2.789500 0.000000 0.000000
0.305085 1.983051 2.907218 0.000000 0.000000
0.355932 1.983051 3.021706 0.000000 0.000000
0.406780 1.983051 3.132120 0.000000 0.000000
0.457627 1.983051 3.240168 0.000000 0.000000
0.508475 1.983051 3.331888 0.000000 0.000000
0.559322 1.983051 3.435136 0.000000 0.000000
0.610169 1.983051 3.490039 0.000000 0.000000
0.661017 1.983051 3.575020 0.000000 0.000000
0.711864 1.983051 3.594467 0.000000 0.000000
0.762712 1.983051 3.627561 0.000000 0.000000
0.813559 1.983051 3.611461 0.000000 0.000000
0.864407 1.983051 3.575390 0.000000 0.000000
0.915254 1.983051 3.502031 0.000000 0.000000
0.966102 1.983051 3.393768 0.000000 0.000000
1.016949 1.983051 3.249992 0.000000 0.000000
1.067797 1.983051 3.074988 0.000000 0.000000
1.118644 1.983051 2.876411 0.000000 0.000000
1.169492 1.983051 2.665128 0.000000 0.000000
1.220339 1.983051 2.453482 0.000000 0.000000
1.271186 1.983051 2.252797 0.000000 0.000000
1.322034 1.983051 2.071307 0.000000 0.000000
1.372881 1.983051 1.913337 0.000000 0.000000
1.423729 1.983051 1.779687 0.000000 0.000000
1.474576 1.983051 1.668702 0.000000 0.000000
1.525424 1.983051 1.577424 0.000000 0.000000
1.576271 1.983051 1.502493 0.000000 0.000000
1.627119 1.983051 1.440687 0.000000 0.000000
1.677966 1.983051 1.389191 0.000000 0.000000
1.728814 1.983051 1.345680 0.000000 0.000000
1.779661 1.983051 1.308310 0.000000 0.000000
1.830508 1.983051 1.275668 0.000000 0.000000
1.881356 1.983051 1.246706 0.000000 0.000000
1.932203 1.983051 1.220674 0.000000 0.000000
1.983051 1.983051 1.197056 0.000000 0.000000
2.033898 1.983051 1.175508 0.000000 0.000000
2.084746 1.983051 1.155810 0.000000 0.000000
2.135593 1.983051 1.137823 0.000000 0.000000
2.186441 1.983051 1.121452 0.000000 0.000000
2.237288 1.983051 1.106627 0.000000 0.000000
2.288136 1.983051 1.093282 0.000000 0.000000
2.338983 1.983051 1.081350 0.000000 0.000000
2.389831 1.983051 1.070756 0.000000 0.000000
2.440678 1.983051 1.061419 0.000000 0.000000
2.491525 1.983051 1.053252 0.000000 0.000000
2.542373 1.983051 1.046165 0.000000 0.000000
2.593220 1.983051 1.040064 0.000000 0.000000
2.644068 1.983051 1.034851 0.000000 0.000000
2.694915 1.983051 1.030425 0.000000 0.000000
2.745763 1.983051 1.026670 0.000000 0.000000
2.796610 1.983051 1.023444 0.000000 0.000000
2.847458 1.983051 1.020534 0.000000 0.000000
2.898305 1.983051 1.017517 0.000000 0.000000
2.949153 1.983051 1.013070 0.000000 0.000000
3.000000 1.983051 1.000000 0.000000 0.000000

0.000000 2.033898
0.050847 2.033898
0.101695 2.033898
0.152542 2.033898
0.203390 2.033898
0.254237 2.033898
0.305085 2.033898
0.355932 2.033898
0.406780 2.033898
0.457627 2.033898
0.508475 2.033898
0.559322 2.033898
0.610169 2.033898
0.661017 2.033898
0.711864 2.033898
0.762712 2.033898
0.813559 2.033898
0.864407 2.033898
0.915254 2.033898
0.966102 2.033898
1.016949 2.033898
1.067797 2.033898
1.118644 2.033898
1.169492 2.033898
1.220339 2.033898
1.271186 2.033898
1.322034 2.033898
1.372881 2.033898
1.423729 2.033898
1.474576 2.033898
1.525424 2.033898
1.576271 2.033898
1.627119 2.033898
1.677966 2.033898
1.728814 2.033898
1.779661 2.033898
1.830508 2.033898
1.881356 2.033898
1.932203 2.033898
1.983051 2.033898
2.033898 2.033898
2.084746 2.033898
2.135593 2.033898
2.186441 2.033898
2.237288 2.033898
2.288136 2.033898
2.338983 2.033898
2.389831 2.033898
2.440678 2.033898
2.491525 2.033898
2.542373 2.033898
2.593220 2.033898
2.644068 2.033898
2.694915 2.033898
2.745763 2.033898
2.796610 2.033898
2.847458 2.033898
2.898305 2.033898
2.949153 2.033898
3.000000 2.033898

0.000000 2.084746
0.050847 2.084746
0.101695 2.084746
0.152542 2.084746
0.203390 2.084746
0.254237 2.084746
0.305085 2.084746
0.355932 2.084746
0.406780 2.084746
0.457627 2.084746
0.508475 2.084746
0.559322 2.084746
0.610169 2.084746
0.661017 2.084746
0.711864 2.084746
0.762712 2.084746
0.813559 2.084746
0.864407 2.084746
0.915254 2.084746
0.966102 2.084746
1.016949 2.084746
1.067797 2.084746
1.118644 2.084746
1.169492 2.084746
1.220339 2.084746
1.271186 2.084746
1.322034 2.084746
1.372881 2.084746
1.423729 2.084746
1.474576 2.084746
1.525424 2.084746
1.576271 2.084746
1.627119 2.084746
1.677966 2.084746
1.728814 2.084746
1.779661 2.084746
1.830508 2.084746
1.881356 2.084746
1.932203 2.084746
1.983051 2.084746
2.033898 2.084746
2.084746 2.084746
2.135593 2.084746
2.186441 2.084746
2.237288 2.084746
2.288136 2.084746
2.338983 2.084746
2.389831 2.084746
2.440678 2.084746
2.491525 2.084746
2.542373 2.084746
2.593220 2.084746
2.644068 2.084746
2.694915 2.084746
2.745763 2.084746
2.796610 2.084746
2.847458 2.084746
2.898305 2.084746
2.949153 2.084746
3.000000 2.084746

0.000000 2.135593
0.050847 2.135593
0.101695 2.135593
0.152542 2.135593
0.203390 2.135593
0.254237 2.135593
0.305085 2.135593
0.355932 2.135593
0.406780 2.135593
0.457627 2.135593
0.508475 2.135593
0.559322 2.135593
0.610169 2.135593
0.661017 2.135593
0.711864 2.135593
0.762712 2.135593
0.813559 2.135593
0.864407 2.135593
0.915254 2.135593
0.966102 2.135593
1.016949 2.135593
1.067797 2.135593
1.118644 2.135593
1.169492 2.135593
1.220339 2.135593
1.271186 2.135593
1.322034 2.135593
1.372881 2.135593
1.423729 2.135593
1.474576 2.135593
1.525424 2.135593
1.576271 2.135593
1.627119 2.135593
1.677966 2.135593
1.728814 2.135593
1.779661 2.135593
1.830508 2.135593
1.881356 2.135593
1.932203 2.135593
1.983051 2.135593
2.033898 2.135593
2.084746 2.135593
2.135593 2.135593
2.186441 2.135593
2.237288 2.135593
2.288136 2.135593
2.338983 2.135593
2.389831 2.135593
2.440678 2.135593
2.491525 2.135593
2.542373 2.135593
2.593220 2.135593
2.644068 2.135593
2.694915 2.135593
2.745763 2.135593
2.796610 2.135593
2.847458 2.135593
2.898305 2.135593
2.949153 2.135593
3.000000 2.135593

0.000000 2.186441
0.050847 2.186441
0.101695 2.186441
0.152542 2.186441
0.203390 2.186441
0.254237 2.186441
0.305085 2.186441
0.355932 2.186441
0.406780 2.186441
0.457627 2.186441
0.508475 2.186441
0.559322 2.186441
0.610169 2.186441
0.661017 2.186441
0.711864 2.186441
0.762712 2.186441
0.813559 2.186441
0.864407 2.186441
0.915254 2.186441
0.966102 2.186441
1.016949 2.186441
1.067797 2.186441
1.118644 2.186441
1.169492 2.186441
1.220339 2.186441
1.271186 2.186441
1.322034 2.186441
1.372881 2.186441
1.423729 2.186441
1.474576 2.186441
1.525424 2.186441
1.576271 2.186441
1.627119 2.186441
1.677966 2.186441
1.728814 2.186441
1.779661 2.186441
1.830508 2.186441
1.881356 2.186441
1.932203 2.186441
1.983051 2.186441
2.033898 2.186441
2.084746 2.186441
2.135593 2.186441
2.186441 2.186441
2.237288 2.186441
2.288136 2.186441
2.338983 2.186441
2.389831 2.186441
2.440678 2.186441
2.491525 2.186441
2.542373 2.186441
2.593220 2.186441
2.644068 2.186441
2.694915 2.186441
2.745763 2.186441
2.796610 2.186441
2.847458 2.186441
2.898305 2.186441
2.949153 2.186441
3.000000 2.186441

0.000000 2.237288
0.050847 2.237288
0.101695 2.237288
0.152542 2.237288
0.203390 2.237288
0.254237 2.237288
0.305085 2.237288
0.355932 2.237288
0.406780 2.237288
0.457627 2.237288
0.508475 2.237288
0.559322 2.237288
0.610169 2.237288
0.661017 2.237288
0.711864 2.237288
0.762712 2.237288
0.813559 2.237288
0.864407 2.237288
0.915254 2.237288
0.966102 2.237288
1.016949 2.237288
1.067797 2.237288
1.118644 2.237288
1.169492 2.237288
1.220339 2.237288
1.271186 2.237288
1.322034 2.237288
1.372881 2.237288
1.423729 2.237288
1.474576 2.237288
1.525424 2.237288
1.576271 2.237288
1.627119 2.237288
1.677966 2.237288
1.728814 2.237288
1.779661 2.237288
1.830508 2.237288
1.881356 2.237288
1.932203 2.237288
1.983051 2.237288
2.033898 2.237288
2.084746 2.237288
2.135593 2.237288
2.186441 2.237288
2.237288 2.237288
2.288136 2.237288
2.338983 2.237288
2.389831 2.237288
2.440678 2.237288
2.491525 2.237288
2.542373 2.237288
2.593220 2.237288
2.644068 2.237288
2.694915 2.237288
2.745763 2.237288
2.796610 2.237288
2.847458 2.237288
2.898305 2.237288
2.949153 2.237288
3.000000 2.237288

0.000000 2.288136
0.050847 2.288136
0.101695 2.288136
0.152542 2.288136
0.203390 2.288136
0.254237 2.288136
0.305085 2.288136
0.355932 2.288136
0.406780 2.288136
0.457627 2.288136
0.508475 2.288136
0.559322 2.288136
0.610169 2.288136
0.661017 2.288136
0.711864 2.288136
0.762712 2.288136
0.813559 2.288136
0.864407 2.288136
0.915254 2.288136
0.966102 2.288136
1.016949 2.288136
1.067797 2.288136
1.118644 2.288136
1.169492 2.288136
1.220339 2.288136
1.271186 2.288136
1.322034 2.288136
1.372881 2.288136
1.423729 2.288136
1.474576 2.288136
1.525424 2.288136
1.576271 2.288136
1.627119 2.288136
1.677966 2.288136
1.728814 2.288136
1.779661 2.288136
1.830508 2.288136
1.881356 2.288136
1.932203 2.288136
1.983051 2.288136
2.033898 2.288136
2.084746 2.288136
2.135593 2.288136
2.186441 2.288136
2.237288 2.288136
2.288136 2.288136
2.338983 2.288136
2.389831 2.288136
2.440678 2.288136
2.491525 2.288136
2.542373 2.288136
2.593220 2.288136
2.644068 2.288136
2.694915 2.288136
2.745763 2.288136
2.796610 2.288136
2.847458 2.288136
2.898305 2.288136
2.949153 2.288136
3.000000 2.288136

0.000000 2.338983
0.050847 2.338983
0.101695 2.338983
0.152542 2.338983
0.203390 2.338983
0.254237 2.338983
0.305085 2.338983
0.355932 2.338983
0.406780 2.338983
0.457627 2.338983
0.508475 2.338983
0.559322 2.338983
0.610169 2.338983
0.661017 2.338983
0.711864 2.338983
0.762712 2.338983
0.813559 2.338983
0.864407 2.338983
0.915254 2.338983
0.966102 2.338983
1.016949 2.338983
1.067797 2.338983
1.118644 2.338983
1.169492 2.338983
1.220339 2.338983
1.271186 2.338983
1.322034 2.338983
1.372881 2.338983
1.423729 2.338983
1.474576 2.338983
1.525424 2.338983
1.576271 2.338983
1.627119 2.338983
1.677966 2.338983
1.728814 2.338983
1.779661 2.338983
1.830508 2.338983
1.881356 2.338983
1.932203 2.338983
1.983051 2.338983
2.033898 2.338983
2.084746 2.338983
2.135593 2.338983
2.186441 2.338983
2.237288 2.338983
2.288136 2.338983
2.338983 2.338983
2.389831 2.338983
2.440678 2.338983
2.491525 2.338983
2.542373 2.338983
2.593220 2.338983
2.644068 2.338983
2.694915 2.338983
2.745763 2.338983
2.796610 2.338983
2.847458 2.338983
2.898305 2.338983
2.949153 2.338983
3.000000 2.338983

0.000000 2.389831
0.050847 2.389831
0.101695 2.389831
0.152542 2.389831
0.203390 2.389831
0.254237 2.389831
0.305085 2.389831
0.355932 2.389831
0.406780 2.389831
0.457627 2.389831
0.508475 2.389831
0.559322 2.389831
0.610169 2.389831
0.661017 2.389831
0.711864 2.389831
0.762712 2.389831
0.813559 2.389831
0.864407 2.389831
0.915254 2.389831
0.966102 2.389831
1.016949 2.389831
1.067797 2.389831
1.118644 2.389831
1.169492 2.389831
1.220339 2.389831
1.271186 2.389831
1.322034 2.389831
1.372881 2.389831
1.423729 2.389831
1.474576 2.389831
1.525424 2.389831
1.576271 2.389831
1.627119 2.389831
1.677966 2.389831
1.728814 2.389831
1.779661 2.389831
1.830508 2.389831
1.881356 2.389831
1.932203 2.389831
1.983051 2.389831
2.033898 2.389831
2.084746 2.389831
2.135593 2.389831
2.186441 2.389831
2.237288 2.389831
2.288136 2.389831
2.338983 2.389831
2.389831 2.389831
2.440678 2.389831
2.491525 2.389831
2.542373 2.389831
2.593220 2.389831
2.644068 2.389831
2.694915 2.389831
2.745763 2.389831
2.796610 2.389831
2.847458 2.389831
2.898305 2.389831
2.949153 2.389831
3.000000 2.389831

0.000000 2.440678
0.050847 2.440678
0.101695 2.440678
0.152542 2.440678
0.203390 2.440678
0.254237 2.440678
0.305085 2.440678
0.355932 2.440678
0.406780 2.440678
0.457627 2.440678
0.508475 2.440678
0.559322 2.440678
0.610169 2.440678
0.661017 2.440678
0.711864 2.440678
0.762712 2.440678
0.813559 2.440678
0.864407 2.440678
0.915254 2.440678
0.966102 2.440678
1.016949 2.440678
1.067797 2.440678
1.118644 2.440678
1.169492 2.440678
1.220339 2.440678
1.271186 2.440678
1.322034 2.440678
1.372881 2.440678
1.423729 2.440678
1.474576 2.440678
1.525424 2.440678
1.576271 2.440678
1.627119 2.440678
1.677966 2.440678
1.728814 2.440678
1.779661 2.440678
1.830508 2.440678
1.881356 2.440678
1.932203 2.440678
1.983051 2.440678
2.033898 2.440678
2.084746 2.440678
2.135593 2.440678
2.186441 2.440678
2.237288 2.440678
2.288136 2.440678
2.338983 2.440678
2.389831 2.440678
2.440678 2.440678
2.491525 2.440678
2.542373 2.440678
2.593220 2.440678
2.644068 2.440678
2.694915 2.440678
2.745763 2.440678
2.796610 2.440678
2.847458 2.440678
2.898305 2.440678
2.949153 2.440678
3.000000 2.440678

0.000000 2.491525
0.050847 2.491525
0.101695 2.491525
0.152542 2.491525
0.203390 2.491525
0.254237 2.491525
0.305085 2.491525
0.355932 2.491525
0.406780 2.491525
0.457627 2.491525
0.508475 2.491525
0.559322 2.491525
0.610169 2.491525
0.661017 2.491525
0.711864 2.491525
0.762712 2.491525
0.813559 2.491525
0.864407 2.491525
0.915254 2.491525
0.966102 2.491525
1.016949 2.491525
1.067797 2.491525
1.118644 2.491525
1.169492 2.491525
1.220339 2.491525
1.271186 2.491525
1.322034 2.491525
1.372881 2.491525
1.423729 2.491525
1.474576 2.491525
1.525424 2.491525
1.576271 2.491525
1.627119 2.491525
1.677966 2.491525
1.728814 2.491525
1.779661 2.491525
1.830508 2.491525
1.881356 2.491525
1.932203 2.491525
1.983051 2.491525
2.033898 2.491525
2.084746 2.491525
2.135593 2.491525
2.186441 2.491525
2.237288 2.491525
2.288136 2.491525
2.338983 2.491525
2.389831 2.491525
2.440678 2.491525
2.491525 2.491525
2.542373 2.491525
2.593220 2.491525
2.644068 2.491525
2.694915 2.491525
2.745763 2.491525
2.796610 2.491525
2.847458 2.491525
2.898305 2.491525
2.949153 2.491525
3.000000 2.491525

0.000000 2.542373
0.050847 2.542373
0.101695 2.542373
0.152542 2.542373
0.203390 2.542373
0.254237 2.542373
0.305085 2.542373
0.355932 2.542373
0.406780 2.542373
0.457627 2.542373
0.508475 2.542373
0.559322 2.542373
0.610169 2.542373
0.661017 2.542373
0.711864 2.542373
0.762712 2.542373
0.813559 2.542373
0.864407 2.542373
0.915254 2.542373
0.966102 2.542373
1.016949 2.542373
1.067797 2.542373
1.118644 2.542373
1.169492 2.542373
1.220339 2.542373
1.271186 2.542373
1.322034 2.542373
1.372881 2.542373
1.423729 2.542373
1.474576 2.542373
1.525424 2.542373
1.576271 2.542373
1.627119 2.542373
1.677966 2.542373
1.728814 2.542373
1.779661 2.542373
1.830508 2.542373
1.881356 2.542373
1.932203 2.542373
1.983051 2.542373
2.033898 2.542373
2.084746 2.542373
2.135593 2.542373
2.186441 2.542373
2.237288 2.542373
2.288136 2.542373
2.338983 2.542373
2.389831 2.542373
2.440678 2.542373
2.491525 2.542373
2.542373 2.542373
2.593220 2.542373
2.644068 2.542373
2.694915 2.542373
2.745763 2.542373
2.796610 2.542373
2.847458 2.542373
2.898305 2.542373
2.949153 2.542373
3.000000 2.542373

0.000000 2.593220
0.050847 2.593220
0.101695 2.593220
0.152542 2.593220
0.203390 2.593220
0.254237 2.593220
0.305085 2.593220
0.355932 2.593220
0.406780 2.593220
0.457627 2.593220
0.508475 2.593220
0.559322 2.593220
0.610169 2.593220
0.661017 2.593220
0.711864 2.593220
0.762712 2.593220
0.813559 2.593220
0.864407 2.593220
0.915254 2.593220
0.966102 2.593220
1.016949 2.593220
1.067797 2.593220
1.118644 2.593220
1.169492 2.593220
1.220339 2.593220
1.271186 2.593220
1.322034 2.593220
1.372881 2.593220
1.423729 2.593220
1.474576 2.593220
1.525424 2.593220
1.576271 2.593220
1.627119 2.593220
1.677966 2.593220
1.728814 2.593220
1.779661 2.593220
1.830508 2.593220
1.881356 2.593220
1.932203 2.593220
1.983051 2.593220
2.033898 2.593220
2.084746 2.593220
2.135593 2.593220
2.186441 2.593220
2.237288 2.593220
2.288136 2.593220
2.338983 2.593220
2.389831 2.593220
2.440678 2.593220
2.491525 2.593220
2.542373 2.593220
2.593220 2.593220
2.644068 2.593220
2.694915 2.593220
2.745763 2.593220
2.796610 2.593220
2.847458 2.593220
2.898305 2.593220
2.949153 2.593220
3.000000 2.593220

0.000000 2.644068
0.050847 2.644068
0.101695 2.644068
0.152542 2.644068
0.203390 2.644068
0.254237 2.644068
0.305085 2.644068
0.355932 2.644068
0.406780 2.644068
0.457627 2.644068
0.508475 2.644068
0.559322 2.644068
0.610169 2.644068
0.661017 2.644068
0.711864 2.644068
0.762712 2.644068
0.813559 2.644068
0.864407 2.644068
0.915254 2.644068
0.966102 2.644068
1.016949 2.644068
1.067797 2.644068
1.118644 2.644068
1.169492 2.644068
1.220339 2.644068
1.271186 2.644068
1.322034 2.644068
1.372881 2.644068
1.423729 2.644068
1.474576 2.644068
1.525424 2.644068
1.576271 2.644068
1.627119 2.644068
1.677966 2.644068
1.728814 2.644068
1.779661 2.644068
1.830508 2.644068
1.881356 2.644068
1.932203 2.644068
1.983051 2.644068
2.033898 2.644068
2.084746 2.644068
2.135593 2.644068
2.186441 2.644068
2.237288 2.644068
2.288136 2.644068
2.338983 2.644068
2.389831 2.644068
2.440678 2.644068
2.491525 2.644068
2.542373 2.644068
2.593220 2.644068
2.644068 2.644068
2.694915 2.644068
2.745763 2.644068
2.796610 2.644068
2.847458 2.644068
2.898305 2.644068
2.949153 2.644068
3.000000 2.644068

0.000000 2.694915
0.050847 2.694915
0.101695 2.694915
0.152542 2.694915
0.203390 2.694915
0.254237 2.694915
0.305085 2.694915
0.355932 2.694915
0.406780 2.694915
0.457627 2.694915
0.508475 2.694915
0.559322 2.694915
0.610169 2.694915
0.661017 2.694915
0.711864 2.694915
0.762712 2.694915
0.813559 2.694915
0.864407 2.694915
0.915254 2.694915
0.966102 2.694915
1.016949 2.694915
1.067797 2.694915
1.118644 2.694915
1.169492 2.694915
1.220339 2.694915
1.271186 2.694915
1.322034 2.694915
1.372881 2.694915
1.423729 2.694915
1.474576 2.694915
1.525424 2.694915
1.576271 2.694915
1.627119 2.694915
1.677966 2.694915
1.728814 2.694915
1.779661 2.694915
1.830508 2.694915
1.881356 2.694915
1.932203 2.694915
1.983051 2.694915
2.033898 2.694915
2.084746 2.694915
2.135593 2.694915
2.186441 2.694915
2.237288 2.694915
2.288136 2.694915
2.338983 2.694915
2.389831 2.694915
2.440678 2.694915
2.491525 2.694915
2.542373 2.694915
2.593220 2.694915
2.644068 2.694915
2.694915 2.694915
2.745763 2.694915
2.796610 2.694915
2.847458 2.694915
2.898305 2.694915
2.949153 2.694915
3.000000 2.694915

0.000000 2.745763
0.050847 2.745763
0.101695 2.745763
0.152542 2.745763
0.203390 2.745763
0.254237 2.745763
0.305085 2.745763
0.355932 2.745763
0.406780 2.745763
0.457627 2.745763
0.508475 2.745763
0.559322 2.745763
0.610169 2.745763
0.661017 2.745763
0.711864 2.745763
0.762712 2.745763
0.813559 2.745763
0.864407 2.745763
0.915254 2.745763
0.966102 2.745763
1.016949 2.745763
1.067797 2.745763
1.118644 2.745763
1.169492 2.745763
1.220339 2.745763
1.271186 2.745763
1.322034 2.745763
1.372881 2.745763
1.423729 2.745763
1.474576 2.745763
1.525424 2.745763
1.576271 2.745763
1.627119 2.745763
1.677966 2.745763
1.728814 2.745763
1.779661 2.745763
1.830508 2.745763
1.881356 2.745763
1.932203 2.745763
1.983051 2.745763
2.033898 2.745763
2.084746 2.745763
2.135593 2.745763
2.186441 2.745763
2.237288 2.745763
2.288136 2.745763
2.338983 2.745763
2.389831 2.745763
2.440678 2.745763
2.491525 2.745763
2.542373 2.745763
2.593220 2.745763
2.644068 2.745763
2.694915 2.745763
2.745763 2.745763
2.796610 2.745763
2.847458 2.745763
2.898305 2.745763
2.949153 2.745763
3.000000 2.745763

0.000000 2.796610
0.050847 2.796610
0.101695 2.796610
0.152542 2.796610
0.203390 2.796610
0.254237 2.796610
0.305085 2.796610
0.355932 2.796610
0.406780 2.796610
0.457627 2.796610
0.508475 2.796610
0.559322 2.796610
0.610169 2.796610
0.661017 2.796610
0.711864 2.796610
0.762712 2.796610
0.813559 2.796610
0.864407 2.796610
0.915254 2.796610
0.966102 2.796610
1.016949 2.796610
1.067797 2.796610
1.118644 2.796610
1.169492 2.796610
1.220339 2.796610
1.271186 2.796610
1.322034 2.796610
1.372881 2.796610
1.423729 2.796610
1.474576 2.796610
1.525424 2.796610
1.576271 2.796610
1.627119 2.796610
1.677966 2.796610
1.728814 2.796610
1.779661 2.796610
1.830508 2.796610
1.881356 2.796610
1.932203 2.796610
1.983051 2.796610
2.033898 2.796610
2.084746 2.796610
2.135593 2.796610
2.186441 2.796610
2.237288 2.796610
2.288136 2.796610
2.338983 2.796610
2.389831 2.796610
2.440678 2.796610
2.491525 2.796610
2.542373 2.796610
2.593220 2.796610
2.644068 2.796610
2.694915 2.796610
2.745763 2.796610
2.796610 2.796610
2.847458 2.796610
2.898305 2.796610
2.949153 2.796610
3.000000 2.796610

0.000000 2.847458
0.050847 2.847458
0.101695 2.847458
0.152542 2.847458
0.203390 2.847458
0.254237 2.847458
0.305085 2.847458
0.355932 2.847458
0.406780 2.847458
0.457627 2.847458
0.508475 2.847458
0.559322 2.847458
0.610169 2.847458
0.661017 2.847458
0.711864 2.847458
0.762712 2.847458
0.813559 2.847458
0.864407 2.847458
0.915254 2.847458
0.966102 2.847458
1.016949 2.847458
1.067797 2.847458
1.118644 2.847458
1.169492 2.847458
1.220339 2.847458
1.271186 2.847458
1.322034 2.847458
1.372881 2.847458
1.423729 2.847458
1.474576 2.847458
1.525424 2.847458
1.576271 2.847458
1.627119 2.847458
1.677966 2.847458
1.728814 2.847458
1.779661 2.847458
1.830508 2.847458
1.881356 2.847458
1.932203 2.847458
1.983051 2.847458
2.033898 2.847458
2.084746 2.847458
2.135593 2.847458
2.186441 2.847458
2.237288 2.847458
2.288136 2.847458
2.338983 2.847458
2.389831 2.847458
2.440678 2.847458
2.491525 2.847458
2.542373 2.847458
2.593220 2.847458
2.644068 2.847458
2.694915 2.847458
2.745763 2.847458
2.796610 2.847458
2.847458 2.847458
2.898305 2.847458
2.949153 2.847458
3.000000 2.847458

0.000000 2.898305
0.050847 2.898305
0.101695 2.898305
0.152542 2.898305
0.203390 2.898305
0.254237 2.898305
0.305085 2.898305
0.355932 2.898305
0.406780 2.898305
0.457627 2.898305
0.508475 2.898305
0.559322 2.898305
0.610169 2.898305
0.661017 2.898305
0.711864 2.898305
0.762712 2.898305
0.813559 2.898305
0.864407 2.898305
0.915254 2.898305
0.966102 2.898305
1.016949 2.898305
1.067797 2.898305
1.118644 2.898305
1.169492 2.898305
1.220339 2.898305
1.271186 2.898305
1.322034 2.898305
1.372881 2.898305
1.423729 2.898305
1.474576 2.898305
1.525424 2.898305
1.576271 2.898305
1.627119 2.898305
1.677966 2.898305
1.728814 2.898305
1.779661 2.898305
1.830508 2.898305
1.881356 2.898305
1.932203 2.898305
1.983051 2.898305
2.033898 2.898305
2.084746 2.898305
2.135593 2.898305
2.186441 2.898305
2.237288 2.898305
2.288136 2.898305
2.338983 2.898305
2.389831 2.898305
2.440678 2.898305
2.491525 2.898305
2.542373 2.898305
2.593220 2.898305
2.644068 2.898305
2.694915 2.898305
2.745763 2.898305
2.796610 2.898305
2.847458 2.898305
2.898305 2.898305
2.949153 2.898305
3.000000 2.898305

0.000000 2.949153
0.050847 2.949153
0.101695 2.949153
0.152542 2.949153
0.203390 2.949153
0.254237 2.949153
0.305085 2.949153
0.355932 2.949153
0.406780 2.949153
0.457627 2.949153
0.508475 2.949153
0.559322 2.949153
0.610169 2.949153
0.661017 2.949153
0.711864 2.949153
0.762712 2.949153
0.813559 2.949153
0.864407 2.949153
0.915254 2.949153
0.966102 2.949153
1.016949 2.949153
1.067797 2.949153
1.118644 2.949153
1.169492 2.949153
1.220339 2.949153
1.271186 2.949153
1.322034 2.949153
1.372881 2.949153
1.423729 2.949153
1.474576 2.949153
1.525424 2.949153
1.576271 2.949153
1.627119 2.949153
1.677966 2.949153
1.728814 2.949153
1.779661 2.949153
1.830508 2.949153
1.881356 2.949153
1.932203 2.949153
1.983051 2.949153
2.033898 2.949153
2.084746 2.949153
2.135593 2.949153
2.186441 2.949153
2.237288 2.949153
2.288136 2.949153
2.338983 2.949153
2.389831 2.949153
2.440678 2.949153
2.491525 2.949153
2.542373 2.949153
2.593220 2.949153
2.644068 2.949153
2.694915 2.949153
2.745763 2.949153
2.796610 2.949153
2.847458 2.949153
2.898305 2.949153
2.949153 2.949153
3.000000 2.949153

0.000000 3.000000
0.050847 3.000000
0.101695 3.000000
0.152542 3.000000
0.203390 3.000000
0.254237 3.000000
0.305085 3.000000
0.355932 3.000000
0.406780 3.000000
0.457627 3.000000
0.508475 3.000000
0.559322 3.000000
0.610169 3.000000
0.661017 3.000000
0.711864 3.000000
0.762712 3.000000
0.813559 3.000000
0.864407 3.000000
0.915254 3.000000
0.966102 3.000000
1.016949 3.000000
1.067797 3.000000
1.118644 3.000000
1.169492 3.000000
1.220339 3.000000
1.271186 3.000000
1.322034 3.000000
1.372881 3.000000
1.423729 3.000000
1.474576 3.000000
1.525424 3.000000
1.576271 3.000000
1.627119 3.000000
1.677966 3.000000
1.728814 3.000000
1.779661 3.000000
1.830508 3.000000
1.881356 3.000000
1.932203 3.000000
1.983051 3.000000
2.033898 3.000000
2.084746 3.000000
2.135593 3.000000
2.186441 3.000000
2.237288 3.000000
2.288136 3.000000
2.338983 3.000000
2.389831 3.000000
2.440678 3.000000
2.491525 3.000000
2.542373 3.000000
2.593220 3.000000
2.644068 3.000000
2.694915 3.000000
2.745763 3.000000
2.796610 3.000000
2.847458 3.000000
2.898305 3.000000
2.949153 3.000000
3.000000 3.000000

